Date,Open,High,Low,Close,Volume,Dividends,Stock Splits,Capital Gains
2021-01-03 00:00:00+02:00,5.089561462402344,5.128413142614704,4.964372943766136,5.089561462402344,10800,0.0,0.0,0.0
2021-01-04 00:00:00+02:00,5.089561925931612,5.111146240424984,4.878036549606992,4.92983865737915,32600,0.0,0.0,0.0
2021-01-05 00:00:00+02:00,4.929838258934496,5.283819505944341,4.878036155349143,5.154314041137695,298940,0.0,0.0,0.0
2021-01-06 00:00:00+02:00,5.154314584581297,5.503979335257386,5.093878996536306,5.339939117431641,364462,0.0,0.0,0.0
2021-01-10 00:00:00+02:00,5.3399388375045875,5.594632835732972,5.193165997055243,5.361523151397705,147252,0.0,0.0,0.0
2021-01-11 00:00:00+02:00,5.361522901724557,5.352889011894751,5.188849221993705,5.275186061859131,20200,0.0,0.0,0.0
2021-01-12 00:00:00+02:00,5.275186258967862,5.396057839295857,5.236334576655085,5.2967705726623535,55600,0.0,0.0,0.0
2021-01-13 00:00:00+02:00,5.296770345967449,5.525563073289329,5.253601720426026,5.3831071853637695,136502,0.0,0.0,0.0
2021-01-14 00:00:00+02:00,5.3831068686844565,5.460809813726747,5.197482366137458,5.27086877822876,159304,0.0,0.0,0.0
2021-01-17 00:00:00+02:00,5.270869165271577,5.460810214717039,5.249284852185688,5.352889060974121,71516,0.0,0.0,0.0
2021-01-18 00:00:00+02:00,5.352889541771772,5.452177226210293,5.223384474997323,5.339939117431641,44602,0.0,0.0,0.0
2021-01-19 00:00:00+02:00,5.33993804156376,5.352888463294696,5.197482167464012,5.262234687805176,39200,0.0,0.0,0.0
2021-01-20 00:00:00+02:00,5.262234911696459,5.348572158073364,5.063659986065281,5.162947654724121,29644,0.0,0.0,0.0
2021-01-21 00:00:00+02:00,5.162948134667436,5.180215503210677,5.011858351149176,5.149997711181641,24166,0.0,0.0,0.0
2021-01-24 00:00:00+02:00,5.149997849561869,5.184532587576298,5.07229448318613,5.145680904388428,59130,0.0,0.0,0.0
2021-01-25 00:00:00+02:00,5.145680904388428,5.145680904388428,5.145680904388428,5.145680904388428,0,0.0,0.0,0.0
2021-01-26 00:00:00+02:00,5.154313788639249,5.22338366838933,4.929838017432623,5.055026531219482,63294,0.0,0.0,0.0
2021-01-27 00:00:00+02:00,5.055026758755507,5.335621588315504,4.964372974919943,5.223383903503418,223614,0.0,0.0,0.0
2021-01-31 00:00:00+02:00,5.2233837611630145,5.309720597775934,5.072293988325522,5.253601551055908,147622,0.0,0.0,0.0
2021-02-01 00:00:00+02:00,5.253601852444763,5.478077640516091,5.197482802505298,5.391740798950195,436056,0.0,0.0,0.0
2021-02-02 00:00:00+02:00,5.391741186958295,5.5687318278268645,5.223384436710907,5.447860240936279,387410,0.0,0.0,0.0
2021-02-03 00:00:00+02:00,5.447860165638089,5.784574073165502,5.396058057686684,5.663702487945557,626080,0.0,0.0,0.0
2021-02-04 00:00:00+02:00,5.663701960860025,6.004732781900742,5.719821008839703,5.853643417358398,854596,0.0,0.0,0.0
2021-02-07 00:00:00+02:00,5.853644009422712,6.3025960269826715,5.879544857764435,6.104021072387695,420384,0.0,0.0,0.0
2021-02-08 00:00:00+02:00,6.104020631123439,6.086753262915041,5.611900019654295,5.741405487060547,105886,0.0,0.0,0.0
2021-02-09 00:00:00+02:00,5.74140565932819,5.801841244027653,5.39605787311173,5.629167556762695,172578,0.0,0.0,0.0
2021-02-10 00:00:00+02:00,5.629167329320014,5.905445629467653,5.607583016362358,5.715504169464111,175988,0.0,0.0,0.0
2021-02-11 00:00:00+02:00,5.715503797285621,5.668018641220107,5.400374248358436,5.53851318359375,118074,0.0,0.0,0.0
2021-02-14 00:00:00+02:00,5.538513674684512,5.676652622168375,5.020492209933486,5.257918834686279,285116,0.0,0.0,0.0
2021-02-15 00:00:00+02:00,5.2579190386874215,5.23201777918599,4.921204723601575,5.063660621643066,212492,0.0,0.0,0.0
2021-02-16 00:00:00+02:00,5.063660050278219,5.568731054230076,4.973006681468585,5.482394218444824,323898,0.0,0.0,0.0
2021-02-17 00:00:00+02:00,5.482394672638986,5.568731515576895,5.188849406650095,5.3356218338012695,116688,0.0,0.0,0.0
2021-02-18 00:00:00+02:00,5.33562183694832,5.5903158325302815,5.102512155035203,5.322671413421631,193854,0.0,0.0,0.0
2021-02-21 00:00:00+02:00,5.322671134848512,5.4003744953149635,5.240651241223439,5.344255447387695,145258,0.0,0.0,0.0
2021-02-22 00:00:00+02:00,5.3442557643846715,5.288136713128676,5.1284134495630935,5.2017998695373535,54800,0.0,0.0,0.0
2021-02-23 00:00:00+02:00,5.201799816811363,5.344255710214733,5.102512138922824,5.149997711181641,83818,0.0,0.0,0.0
2021-02-24 00:00:00+02:00,5.149997287254357,5.396057371662484,5.141363397850174,5.227700233459473,90822,0.0,0.0,0.0
2021-02-25 00:00:00+02:00,5.227700409109295,5.439226178067438,5.223383875948675,5.331305027008057,38220,0.0,0.0,0.0
2021-02-28 00:00:00+02:00,5.331305084442837,5.383107188107028,4.964373002213329,5.115462779998779,125846,0.0,0.0,0.0
2021-03-01 00:00:00+02:00,5.115462380585163,5.162947535648082,5.024808603329415,5.072293758392334,41040,0.0,0.0,0.0
2021-03-02 00:00:00+02:00,5.072294608178278,5.0463933481859184,4.878036599138549,4.981640815734863,42842,0.0,0.0,0.0
2021-03-03 00:00:00+02:00,4.9816405659063046,5.007541824599719,4.77443214310515,4.908254146575928,52258,0.0,0.0,0.0
2021-03-04 00:00:00+02:00,4.908254146575928,4.908254146575928,4.908254146575928,4.908254146575928,0,0.0,0.0,0.0
2021-03-07 00:00:00+02:00,4.947105600828323,5.137046646310928,4.921204343328343,4.994590759277344,49924,0.0,0.0,0.0
2021-03-08 00:00:00+02:00,4.994591015109164,5.240651533059803,4.925521540486719,5.042076587677002,43190,0.0,0.0,0.0
2021-03-09 00:00:00+02:00,5.042076587677002,5.175898591836353,4.92120459540118,5.042076587677002,41012,0.0,0.0,0.0
2021-03-10 00:00:00+02:00,5.042076251170184,5.145680456189335,4.852134796948559,5.024808883666992,28740,0.0,0.0,0.0
2021-03-11 00:00:00+02:00,5.0248092706999135,5.154314331105644,5.0032249567367755,5.093878746032715,64910,0.0,0.0,0.0
2021-03-14 00:00:00+02:00,5.093878327566986,5.180215164640356,4.964372866113674,5.132730007171631,126080,0.0,0.0,0.0
2021-03-15 00:00:00+02:00,5.1327305133364565,5.240651673242455,4.921204727038918,5.050710201263428,110460,0.0,0.0,0.0
2021-03-16 00:00:00+02:00,5.0507098365163,5.262235195851558,4.9471056292933,5.141363620758057,92168,0.0,0.0,0.0
2021-03-17 00:00:00+02:00,5.14136320287551,5.2665517126831265,5.063659847930614,5.193165302276611,59500,0.0,0.0,0.0
2021-03-18 00:00:00+02:00,5.193165302276611,5.219066557820407,4.99459038206248,5.193165302276611,8000,0.0,0.0,0.0
2021-03-21 00:00:00+02:00,5.193166245853313,5.214750560780508,4.847818442077892,5.033442974090576,27114,0.0,0.0,0.0
2021-03-22 00:00:00+02:00,5.033442745871678,4.964373270585552,4.532688638360722,4.679461479187012,93184,0.0,0.0,0.0
2021-03-23 00:00:00+02:00,4.679461341516477,4.649243549889446,4.260727145305388,4.45498514175415,116680,0.0,0.0,0.0
2021-03-24 00:00:00+02:00,4.454985185739187,4.899620644653809,4.338430551393775,4.761481285095215,98172,0.0,0.0,0.0
2021-03-25 00:00:00+02:00,4.761481729255371,5.2363350243905975,4.7442143591606305,5.016175746917725,182110,0.0,0.0,0.0
2021-03-28 00:00:00+02:00,5.016175746917725,5.050710487107206,4.985957952173573,5.016175746917725,12906,0.0,0.0,0.0
2021-03-29 00:00:00+02:00,5.0161754564376855,5.516929571873731,5.288136828445859,5.4780778884887695,132830,0.0,0.0,0.0
2021-03-30 00:00:00+02:00,5.478077471733045,6.000415861721301,5.28813642614028,5.503978729248047,273502,0.0,0.0,0.0
2021-03-31 00:00:00+02:00,5.503979283936169,5.430592860548762,5.15863148182247,5.288136959075928,255882,0.0,0.0,0.0
2021-04-01 00:00:00+02:00,5.2881368677123834,5.503979188843501,5.223384336047671,5.357206344604492,110690,0.0,0.0,0.0
2021-04-04 00:00:00+02:00,5.357205489556676,5.309720334693956,5.119778891870096,5.193165302276611,51048,0.0,0.0,0.0
2021-04-05 00:00:00+02:00,5.1931656710298,5.223383873257693,4.752847589011357,5.076611042022705,69446,0.0,0.0,0.0
2021-04-06 00:00:00+02:00,5.076611099329004,5.288136458879415,4.977323425207746,5.115462779998779,33502,0.0,0.0,0.0
2021-04-07 00:00:00+02:00,5.115463095519692,5.22338425439828,4.942788994302021,4.985957622528076,35044,0.0,0.0,0.0
2021-04-08 00:00:00+02:00,4.985957622528076,5.093878781406664,4.9557394180952175,4.985957622528076,6616,0.0,0.0,0.0
2021-04-11 00:00:00+02:00,4.985957040687169,5.180215021662201,5.115462498566025,5.162947654724121,62698,0.0,0.0,0.0
2021-04-12 00:00:00+02:00,5.1629478831482745,5.478077446632138,5.188849140544594,5.331305027008057,193570,0.0,0.0,0.0
2021-04-13 00:00:00+02:00,5.331304938357139,5.762989535416453,5.22338378909231,5.426275253295898,267486,0.0,0.0,0.0
2021-04-14 00:00:00+02:00,5.426275510290691,5.715504236953565,5.193165833305773,5.473761081695557,750756,0.0,0.0,0.0
2021-04-15 00:00:00+02:00,5.473761283023483,5.473761283023483,5.1802156005840265,5.279502868652344,228266,0.0,0.0,0.0
2021-04-18 00:00:00+02:00,5.279502837717543,5.391740940543985,5.352889257897406,5.374473571777344,26548,0.0,0.0,0.0
2021-04-19 00:00:00+02:00,5.374473571777344,5.270869359177495,5.232017676530916,5.374473571777344,5322,0.0,0.0,0.0
2021-04-20 00:00:00+02:00,5.3744737679129315,5.439226711915834,5.326988604993384,5.396058082580566,53544,0.0,0.0,0.0
2021-04-21 00:00:00+02:00,5.396057469748378,5.931346271942654,5.396057469748378,5.68096923828125,251332,0.0,0.0,0.0
2021-04-22 00:00:00+02:00,5.680969466222657,5.611899993708398,5.555780944368931,5.594632625579834,18388,0.0,0.0,0.0
2021-04-25 00:00:00+02:00,5.5946327033346845,5.866594063904225,5.6766526001636555,5.79320764541626,47460,0.0,0.0,0.0
2021-04-26 00:00:00+02:00,5.79320764541626,5.849326695535677,5.6766526001636555,5.79320764541626,4800,0.0,0.0,0.0
2021-04-27 00:00:00+02:00,5.793207614275947,6.108337188229671,5.61621698652807,5.901128768920898,134308,0.0,0.0,0.0
2021-04-28 00:00:00+02:00,5.901128775031201,5.935663511618422,5.616216992343363,5.646434783935547,28000,0.0,0.0,0.0
2021-05-04 00:00:00+02:00,5.6464350429419214,6.034951053212955,5.620534195156681,5.892495155334473,23418,0.0,0.0,0.0
2021-05-05 00:00:00+02:00,5.892494990177989,6.00041614686027,5.849326774517,5.978832244873047,21130,0.0,0.0,0.0
2021-05-06 00:00:00+02:00,5.978832105724519,5.952930847581507,5.6248504400981885,5.7543559074401855,88830,0.0,0.0,0.0
2021-05-09 00:00:00+02:00,5.754356088400787,6.255110193629921,5.827742508479527,6.043584823608398,73664,0.0,0.0,0.0
2021-05-10 00:00:00+02:00,6.043584823608398,6.043584823608398,6.043584823608398,6.043584823608398,4060,0.0,0.0,0.0
2021-05-11 00:00:00+02:00,6.043584678765266,6.4752692986770715,6.043584678765266,6.302595615386963,75696,0.0,0.0,0.0
2021-05-17 00:00:00+02:00,6.302595167738352,6.60045735317944,6.38893200325124,6.488219261169434,72974,0.0,0.0,0.0
2021-05-18 00:00:00+02:00,6.488219709659432,6.734280222487914,6.306912136706458,6.583190441131592,117070,0.0,0.0,0.0
2021-05-19 00:00:00+02:00,6.5831908942888155,7.239351758083218,6.587507839581649,6.837884902954102,84924,0.0,0.0,0.0
2021-05-20 00:00:00+02:00,6.837884285364592,6.911270701968334,6.734280077813377,6.855151653289795,17600,0.0,0.0,0.0
2021-05-23 00:00:00+02:00,6.855151933032671,7.122796352638521,6.583190568347724,6.8335676193237305,15582,0.0,0.0,0.0
2021-05-24 00:00:00+02:00,6.8335676193237305,6.738596886016318,6.475269411489564,6.8335676193237305,8450,0.0,0.0,0.0
2021-05-25 00:00:00+02:00,6.833566970328841,6.876735593646927,6.4752687965228315,6.678160667419434,46800,0.0,0.0,0.0
2021-05-26 00:00:00+02:00,6.678161407767692,6.522754675943222,6.4234674076656315,6.496853828430176,20546,0.0,0.0,0.0
2021-05-27 00:00:00+02:00,6.496853407753721,6.367347943514429,6.17308995299875,6.28101110458374,25204,0.0,0.0,0.0
2021-05-30 00:00:00+02:00,6.28101110458374,6.302595417238043,6.151505640344448,6.28101110458374,4408,0.0,0.0,0.0
2021-05-31 00:00:00+02:00,6.281010870710772,6.281010870710772,5.832058913301365,6.112653732299805,16624,0.0,0.0,0.0
2021-06-01 00:00:00+02:00,6.112654264735108,6.259427104079933,6.0435847901461415,6.151505947113037,55220,0.0,0.0,0.0
2021-06-02 00:00:00+02:00,6.151505638940955,6.380298364976707,5.870910809558607,6.026317119598389,19040,0.0,0.0,0.0
2021-06-03 00:00:00+02:00,6.026317774767545,6.21194230737179,5.6680195455685825,5.914079666137695,109546,0.0,0.0,0.0
2021-06-06 00:00:00+02:00,5.914079361857876,6.043584833484131,5.611900202520978,5.8018412590026855,58222,0.0,0.0,0.0
2021-06-07 00:00:00+02:00,5.801840635865189,6.289644265864161,6.043584184382552,6.1687726974487305,89914,0.0,0.0,0.0
2021-06-08 00:00:00+02:00,6.168773334284235,6.604774908544514,6.043584808294175,6.311229228973389,122994,0.0,0.0,0.0
2021-06-09 00:00:00+02:00,6.311228514370756,6.345763247858671,5.983148134549062,6.142871379852295,37486,0.0,0.0,0.0
2021-06-10 00:00:00+02:00,6.142871696373084,6.449367780635883,6.043584435401025,6.229208946228027,79556,0.0,0.0,0.0
2021-06-13 00:00:00+02:00,6.2292090295609555,6.46231870157745,6.009049780521342,6.173089981079102,38186,0.0,0.0,0.0
2021-06-14 00:00:00+02:00,6.173090088794613,6.423467133044672,6.155822720628627,6.276694297790527,59860,0.0,0.0,0.0
2021-06-15 00:00:00+02:00,6.276694040962544,6.401882557965145,5.8924946003817595,6.2162580490112305,57878,0.0,0.0,0.0
2021-06-16 00:00:00+02:00,6.216258139311491,6.837884200254552,6.216258139311491,6.656576633453369,305480,0.0,0.0,0.0
2021-06-17 00:00:00+02:00,6.656576375158209,6.906953403085124,6.281010833267835,6.596140384674072,91058,0.0,0.0,0.0
2021-06-20 00:00:00+02:00,6.596140755574095,6.712695798414551,6.4752691794957355,6.479586124420166,17070,0.0,0.0,0.0
2021-06-21 00:00:00+02:00,6.479585839982204,6.69111119175552,6.354397324474884,6.5400214195251465,67564,0.0,0.0,0.0
2021-06-22 00:00:00+02:00,6.5400215926313905,6.440734331219113,6.28532802182691,6.388932228088379,22200,0.0,0.0,0.0
2021-06-23 00:00:00+02:00,6.388932228088379,6.596140640611316,6.475269066639602,6.388932228088379,8130,0.0,0.0,0.0
2021-06-24 00:00:00+02:00,6.38893214240772,6.259426680474395,6.151505530811043,6.1774067878723145,16300,0.0,0.0,0.0
2021-06-27 00:00:00+02:00,6.177407172903384,6.384615595562567,6.216258443387076,6.259427070617676,96000,0.0,0.0,0.0
2021-06-28 00:00:00+02:00,6.259426624958112,6.462318499797943,6.3112287269346945,6.419149875640869,35640,0.0,0.0,0.0
2021-06-29 00:00:00+02:00,6.419150130537722,6.734280111350175,6.345763713568515,6.479586124420166,88324,0.0,0.0,0.0
2021-06-30 00:00:00+02:00,6.47958623465201,6.639309494394428,6.190357506779203,6.341446876525879,131852,0.0,0.0,0.0
2021-07-04 00:00:00+02:00,6.341446512924518,6.194674096591246,6.047901268571463,6.13855504989624,19038,0.0,0.0,0.0
2021-07-05 00:00:00+02:00,6.138555213448875,6.099703533033609,5.965881124012864,6.039267539978027,38220,0.0,0.0,0.0
2021-07-06 00:00:00+02:00,6.039267539978027,5.957247645968651,5.8493264944535905,6.039267539978027,8414,0.0,0.0,0.0
2021-07-07 00:00:00+02:00,6.039267539978027,6.000415859562763,5.853643439318958,6.039267539978027,8690,0.0,0.0,0.0
2021-07-08 00:00:00+02:00,6.039267833709453,5.8277424652567555,5.633484465418839,5.750039100646973,17520,0.0,0.0,0.0
2021-07-11 00:00:00+02:00,5.750039018651621,5.819108492125815,5.745722485324386,5.79320764541626,24276,0.0,0.0,0.0
2021-07-12 00:00:00+02:00,5.79320764541626,5.827742382153357,5.827742382153357,5.79320764541626,4414,0.0,0.0,0.0
2021-07-13 00:00:00+02:00,5.79320764541626,5.991782587497836,5.784573755388718,5.79320764541626,540,0.0,0.0,0.0
2021-07-14 00:00:00+02:00,5.79320764541626,5.991782587497836,5.991782587497836,5.79320764541626,380,0.0,0.0,0.0
2021-07-15 00:00:00+02:00,5.793207632151343,6.371665088703006,5.935663523787315,6.302595615386963,136544,0.0,0.0,0.0
2021-07-18 00:00:00+02:00,6.302595249115186,6.721329009680855,6.281010937036649,6.419149875640869,145910,0.0,0.0,0.0
2021-07-25 00:00:00+02:00,6.4191497508839195,6.8637847596396,6.4752687965228315,6.678160667419434,118864,0.0,0.0,0.0
2021-07-26 00:00:00+02:00,6.678161172603753,6.807666640668238,6.479586231354617,6.583190441131592,51140,0.0,0.0,0.0
2021-07-27 00:00:00+02:00,6.583190300377471,6.69542839774605,6.475269147912267,6.600457668304443,56420,0.0,0.0,0.0
2021-07-28 00:00:00+02:00,6.600457668304443,6.691111452842676,6.492536515839239,6.600457668304443,26082,0.0,0.0,0.0
2021-07-29 00:00:00+02:00,6.600457850237045,7.25661826123466,6.600457850237045,7.131430149078369,210578,0.0,0.0,0.0
2021-08-01 00:00:00+02:00,7.131429898432172,7.7703229185718845,7.122796008690894,7.567431449890137,143548,0.0,0.0,0.0
2021-08-02 00:00:00+02:00,7.567431741035132,7.554480905924953,7.079627655735055,7.278203010559082,37672,0.0,0.0,0.0
2021-08-03 00:00:00+02:00,7.278202590465603,8.003432847314237,7.295469546242794,7.904144763946533,245662,0.0,0.0,0.0
2021-08-04 00:00:00+02:00,7.904145506804904,8.439434360174529,7.770323499305774,8.12430477142334,168110,0.0,0.0,0.0
2021-08-05 00:00:00+02:00,8.124303837325082,8.845217134252465,7.770322605906788,8.32719612121582,198632,0.0,0.0,0.0
2021-08-08 00:00:00+02:00,8.32719612121582,8.32719612121582,8.32719612121582,8.32719612121582,0,0.0,0.0,0.0
2021-08-09 00:00:00+02:00,8.32719612121582,8.32719612121582,8.32719612121582,8.32719612121582,0,0.0,0.0,0.0
2021-08-10 00:00:00+02:00,8.219274695704087,8.603473703623456,8.072501874468443,8.3876314163208,184040,0.0,0.0,0.0
2021-08-11 00:00:00+02:00,8.38763219799353,9.039476065199908,8.48260251684304,8.75456428527832,168188,0.0,0.0,0.0
2021-08-15 00:00:00+02:00,8.754565149104598,9.453893833053028,8.633693148609732,8.996308326721191,314274,0.0,0.0,0.0
2021-08-16 00:00:00+02:00,8.996307753997508,9.376189866068067,8.849534913945156,9.091278076171875,134286,0.0,0.0,0.0
2021-08-17 00:00:00+02:00,9.091277892756388,9.924429343488036,9.065377046026486,9.484110832214355,320620,0.0,0.0,0.0
2021-08-18 00:00:00+02:00,9.484109989968239,9.756071738286112,8.849533949514868,9.255317687988281,57314,0.0,0.0,0.0
2021-08-19 00:00:00+02:00,9.255318293682794,9.39777418242864,8.633692223076809,9.04810905456543,98582,0.0,0.0,0.0
2021-08-22 00:00:00+02:00,9.048108841295894,9.086960521253825,9.065376620554101,9.069693565368652,9978,0.0,0.0,0.0
2021-08-23 00:00:00+02:00,9.0696943941264,9.97623230369276,9.440943448370982,9.846726417541504,179832,0.0,0.0,0.0
2021-08-24 00:00:00+02:00,9.846725683679505,10.830966886907946,10.36043059804362,10.818016052246094,141144,0.0,0.0,0.0
2021-08-25 00:00:00+02:00,10.818016659733917,11.897228240966797,11.871327393561673,11.897228240966797,102862,0.0,0.0,0.0
2021-08-26 00:00:00+02:00,11.897226938014592,13.084359547359197,11.07270944612145,12.566338539123535,141798,0.0,0.0,0.0
2021-08-29 00:00:00+02:00,12.566339694303302,13.749155467723112,12.078535607077963,13.028242111206055,128534,0.0,0.0,0.0
2021-08-30 00:00:00+02:00,13.028242234182446,14.202424951951171,12.121704348661911,12.851251602172852,88056,0.0,0.0,0.0
2021-08-31 00:00:00+02:00,12.851251764541844,12.946222087701768,11.74613850757661,12.138972282409668,21592,0.0,0.0,0.0
2021-09-01 00:00:00+02:00,12.13897116875462,13.352004649667574,11.698652684423903,12.838299751281738,63744,0.0,0.0,0.0
2021-09-02 00:00:00+02:00,12.8383004171305,13.92182890514164,12.518853899197133,12.898736000061035,15650,0.0,0.0,0.0
2021-09-05 00:00:00+02:00,12.898734896644834,13.598064278991364,12.035365736073954,12.28574275970459,19588,0.0,0.0,0.0
2021-09-06 00:00:00+02:00,12.285743882173113,12.303011662181213,10.407916445064963,10.986373901367188,25846,0.0,0.0,0.0
2021-09-07 00:00:00+02:00,10.986373509971964,12.406615430118526,10.80074899836321,11.452592849731445,16254,0.0,0.0,0.0
2021-09-08 00:00:00+02:00,11.452592618987483,12.432516025347661,11.13746223840007,11.577780723571777,33384,0.0,0.0,0.0
2021-09-09 00:00:00+02:00,11.577781258396792,11.867009983777331,10.360430774171348,10.399282455444336,32364,0.0,0.0,0.0
2021-09-12 00:00:00+02:00,10.39928175223105,11.180630623069497,10.360430073585263,10.809382438659668,11830,0.0,0.0,0.0
2021-09-13 00:00:00+02:00,10.809383002063193,10.921620275808786,9.712903700239334,9.721537590026855,48856,0.0,0.0,0.0
2021-09-14 00:00:00+02:00,9.7215377987358,11.219483127361823,9.17329813605387,10.183440208435059,8420,0.0,0.0,0.0
2021-09-15 00:00:00+02:00,10.183440525705372,10.54605568213316,9.324388207593115,9.410724639892578,13092,0.0,0.0,0.0
2021-09-16 00:00:00+02:00,9.410724239017782,11.13314657036517,9.17329803109169,10.360430717468262,42602,0.0,0.0,0.0
2021-09-19 00:00:00+02:00,10.360430717468262,10.792115330696106,9.497061491012573,10.360430717468262,20748,0.0,0.0,0.0
2021-09-20 00:00:00+02:00,10.36042989095052,9.928745312160915,9.065376154581706,9.712903022766113,148608,0.0,0.0,0.0
2021-09-21 00:00:00+02:00,9.712903022766113,9.592031044290747,9.065376154581706,9.712903022766113,19324,0.0,0.0,0.0
2021-09-22 00:00:00+02:00,9.712903918075497,11.655484701690597,9.50137855377551,11.573464393615723,158378,0.0,0.0,0.0
2021-09-23 00:00:00+02:00,11.57346389033099,12.907369369610198,11.223799595030265,11.681385040283203,134964,0.0,0.0,0.0
2021-09-26 00:00:00+02:00,11.681385040283203,11.858375660334993,11.223799595030265,11.681385040283203,11004,0.0,0.0,0.0
2021-09-27 00:00:00+02:00,11.681385373563776,12.385031752416783,11.254017706364584,11.711603164672852,109182,0.0,0.0,0.0
2021-09-28 00:00:00+02:00,11.711603164672852,11.711603164672852,11.711603164672852,11.711603164672852,0,0.0,0.0,0.0
2021-09-29 00:00:00+02:00,11.711603164672852,11.711603164672852,11.711603164672852,11.711603164672852,0,0.0,0.0,0.0
2021-09-30 00:00:00+02:00,10.835284233093262,11.223800230234454,10.7877986609475,10.835284233093262,7416,0.0,0.0,0.0
2021-10-03 00:00:00+02:00,10.835284233093262,12.471368530808054,10.101420042536393,10.835284233093262,13782,0.0,0.0,0.0
2021-10-04 00:00:00+02:00,10.835284233093262,10.943205389153208,10.576273293874774,10.835284233093262,16042,0.0,0.0,0.0
2021-10-05 00:00:00+02:00,10.835283894375108,12.082852155948896,10.4251831848181,10.83096694946289,67172,0.0,0.0,0.0
2021-10-06 00:00:00+02:00,10.830966195064052,11.223799097610582,10.49856887033299,10.528786659240723,40892,0.0,0.0,0.0
2021-10-10 00:00:00+02:00,10.528786659240723,11.007956807271919,10.433816347905989,10.528786659240723,7260,0.0,0.0,0.0
2021-10-11 00:00:00+02:00,10.528786659240723,11.007956807271919,10.369063825478989,10.528786659240723,19486,0.0,0.0,0.0
2021-10-12 00:00:00+02:00,10.528786659240723,10.364746880867456,10.360429936255922,10.528786659240723,3944,0.0,0.0,0.0
2021-10-13 00:00:00+02:00,10.528786659240723,10.377697714702053,9.764705577205325,10.528786659240723,9608,0.0,0.0,0.0
2021-10-14 00:00:00+02:00,10.528786320082826,10.528786320082826,9.85967557093585,10.524469375610352,39294,0.0,0.0,0.0
2021-10-17 00:00:00+02:00,10.524469375610352,10.662609128610594,10.369063491466152,10.524469375610352,676,0.0,0.0,0.0
2021-10-18 00:00:00+02:00,10.524469375610352,10.524469375610352,10.524469375610352,10.524469375610352,0,0.0,0.0,0.0
2021-10-19 00:00:00+02:00,10.37769889831543,10.390648910254027,9.630883862803268,10.37769889831543,16558,0.0,0.0,0.0
2021-10-20 00:00:00+02:00,10.377698447357389,9.06537683423065,8.34014655575251,9.04810905456543,96820,0.0,0.0,0.0
2021-10-24 00:00:00+02:00,9.048108340612105,10.770530527774143,9.173297263187582,9.902844429016113,39504,0.0,0.0,0.0
2021-10-25 00:00:00+02:00,9.902844429016113,10.084151984329328,9.367555652227807,9.902844429016113,24922,0.0,0.0,0.0
2021-10-26 00:00:00+02:00,9.902844740184726,10.44676742321559,9.065376403768349,9.117178916931152,66140,0.0,0.0,0.0
2021-10-27 00:00:00+02:00,9.117179297344011,8.789098895951865,7.942996634809369,8.728662490844727,97568,0.0,0.0,0.0
2021-10-28 00:00:00+02:00,8.728662490844727,9.691319793937007,8.638009118243591,8.728662490844727,28228,0.0,0.0,0.0
2021-10-31 00:00:00+02:00,8.728662490844727,9.065376782019758,8.63369217335215,8.728662490844727,12154,0.0,0.0,0.0
2021-11-01 00:00:00+02:00,8.72866212664267,9.64815076582806,8.85385105315185,9.117178916931152,124720,0.0,0.0,0.0
2021-11-02 00:00:00+02:00,9.117178916931152,9.117178916931152,8.849534108440531,9.117178916931152,19200,0.0,0.0,0.0
2021-11-03 00:00:00+02:00,9.117178916931152,9.281218699096167,8.435117296630168,9.117178916931152,23088,0.0,0.0,0.0
2021-11-04 00:00:00+02:00,9.117179672887232,8.633692528980186,8.202007902531177,8.223591804504395,33114,0.0,0.0,0.0
2021-11-07 00:00:00+02:00,8.223591804504395,8.223591804504395,8.223591804504395,8.223591804504395,0,0.0,0.0,0.0
2021-11-08 00:00:00+02:00,8.223591804504395,8.223591804504395,8.223591804504395,8.223591804504395,0,0.0,0.0,0.0
2021-11-09 00:00:00+02:00,8.223591804504395,8.223591804504395,8.223591804504395,8.223591804504395,0,0.0,0.0,0.0
2021-11-10 00:00:00+02:00,8.115670204162598,8.115670204162598,7.770322851234714,8.115670204162598,30998,0.0,0.0,0.0
2021-11-11 00:00:00+02:00,8.115669673230586,8.568938970589949,7.796223186827417,8.3876314163208,35946,0.0,0.0,0.0
2021-11-14 00:00:00+02:00,8.387631314915978,8.698443908459863,8.214957651836043,8.590522766113281,34592,0.0,0.0,0.0
2021-11-15 00:00:00+02:00,8.590523033888353,8.590523033888353,8.202007074004829,8.27539348602295,32152,0.0,0.0,0.0
2021-11-16 00:00:00+02:00,8.275394175246005,8.046601030870047,7.727154511766094,7.774640083312988,38630,0.0,0.0,0.0
2021-11-17 00:00:00+02:00,7.774640083312988,7.986165447718049,7.770323138320264,7.774640083312988,24300,0.0,0.0,0.0
2021-11-18 00:00:00+02:00,7.774640083312988,7.774640083312988,7.774640083312988,7.774640083312988,0,0.0,0.0,0.0
2021-11-21 00:00:00+02:00,7.774640421762708,8.15883948573654,7.770323476582057,7.778957366943359,42358,0.0,0.0,0.0
2021-11-22 00:00:00+02:00,7.778957366943359,7.778957366943359,7.778957366943359,7.778957366943359,0,0.0,0.0,0.0
2021-11-23 00:00:00+02:00,7.778957366943359,8.543039373083474,7.8566607334488765,7.778957366943359,18850,0.0,0.0,0.0
2021-11-24 00:00:00+02:00,7.7789563353297675,7.89982749086615,7.791906345781241,7.82212495803833,42000,0.0,0.0,0.0
2021-11-25 00:00:00+02:00,7.82212495803833,8.202007026453092,7.813491068822019,7.82212495803833,24802,0.0,0.0,0.0
2021-11-28 00:00:00+02:00,7.82212495803833,7.82212495803833,7.82212495803833,7.82212495803833,0,0.0,0.0,0.0
2021-11-29 00:00:00+02:00,7.822125481990698,8.158838950251102,7.5976492875683945,7.658084869384766,112300,0.0,0.0,0.0
2021-11-30 00:00:00+02:00,7.658085372004432,7.973214959834049,7.770323476582057,7.778957366943359,66040,0.0,0.0,0.0
2021-12-01 00:00:00+02:00,7.778957366943359,7.778957366943359,7.778957366943359,7.778957366943359,0,0.0,0.0,0.0
2021-12-02 00:00:00+02:00,8.202007074004829,8.417849365426008,7.869609747606692,8.27539348602295,62572,0.0,0.0,0.0
2021-12-05 00:00:00+02:00,8.27539348602295,8.698444179598942,8.292660441182685,8.27539348602295,29964,0.0,0.0,0.0
2021-12-06 00:00:00+02:00,8.275395089317263,8.633693329559035,7.968898547963874,8.01638412475586,37930,0.0,0.0,0.0
2021-12-07 00:00:00+02:00,8.0163829126587,8.137254897410719,7.4508763156230815,7.688302516937256,76200,0.0,0.0,0.0
2021-12-08 00:00:00+02:00,7.688302984178904,7.770323293937149,7.381807293914908,7.4897284507751465,135570,0.0,0.0,0.0
2021-12-09 00:00:00+02:00,7.4897284507751465,7.649451301839372,7.42497592133362,7.4897284507751465,8700,0.0,0.0,0.0
2021-12-12 00:00:00+02:00,7.4897284507751465,7.856660548774573,7.351589501733735,7.4897284507751465,29780,0.0,0.0,0.0
2021-12-13 00:00:00+02:00,7.4897284507751465,7.770323293937149,7.3386386664961964,7.4897284507751465,87000,0.0,0.0,0.0
2021-12-14 00:00:00+02:00,7.4897284507751465,7.722837721439257,7.468143725379249,7.4897284507751465,30814,0.0,0.0,0.0
2021-12-15 00:00:00+02:00,7.4897284507751465,7.472460670458428,7.468143725379249,7.4897284507751465,16950,0.0,0.0,0.0
2021-12-16 00:00:00+02:00,7.4897284507751465,7.4897284507751465,7.468143725379249,7.4897284507751465,34226,0.0,0.0,0.0
2021-12-19 00:00:00+02:00,7.4897284507751465,7.76168940377879,7.342955611575376,7.4897284507751465,9144,0.0,0.0,0.0
2021-12-20 00:00:00+02:00,7.4897284507751465,7.4897284507751465,7.4897284507751465,7.4897284507751465,0,0.0,0.0,0.0
2021-12-21 00:00:00+02:00,7.4897284507751465,7.770323293937149,7.558797925295852,7.4897284507751465,11300,0.0,0.0,0.0
2021-12-22 00:00:00+02:00,7.489728289975587,8.564622890421505,7.64513419262417,8.284028053283691,71278,0.0,0.0,0.0
2021-12-23 00:00:00+02:00,8.284028748130233,8.905654057611292,8.439434663813929,8.612109184265137,127208,0.0,0.0,0.0
2021-12-26 00:00:00+02:00,8.612108337321901,9.01789127970605,8.534404975435091,8.970406532287598,142520,0.0,0.0,0.0
2021-12-27 00:00:00+02:00,8.970406638138568,9.052426122544208,8.590523714069992,8.616424560546875,80652,0.0,0.0,0.0
2021-12-28 00:00:00+02:00,8.616424560546875,8.504187284689362,8.430800866860642,8.616424560546875,5644,0.0,0.0,0.0
2021-12-29 00:00:00+02:00,8.616423609732028,8.72866169657723,8.4826016237667,8.590522766113281,57840,0.0,0.0,0.0
2021-12-30 00:00:00+02:00,8.590522678351943,10.27409231708456,8.633691299524157,9.937378883361816,234862,0.0,0.0,0.0
2022-01-02 00:00:00+02:00,9.937378883361816,10.792114124405195,9.544545995103304,9.937378883361816,23246,0.0,0.0,0.0
2022-01-03 00:00:00+02:00,9.937379773316975,9.803556953361136,9.086960577194736,9.389140129089355,52930,0.0,0.0,0.0
2022-01-04 00:00:00+02:00,9.389139549321513,9.52727848221553,9.177614205405925,9.229415893554688,82504,0.0,0.0,0.0
2022-01-05 00:00:00+02:00,9.229417075325483,9.233734020452802,9.065377277352784,9.156030654907227,58100,0.0,0.0,0.0
2022-01-09 00:00:00+02:00,9.156030654907227,9.156030654907227,9.156030654907227,9.156030654907227,0,0.0,0.0,0.0
2022-01-10 00:00:00+02:00,9.156030159808658,9.475477494971969,9.065376787156161,9.212149620056152,106042,0.0,0.0,0.0
2022-01-11 00:00:00+02:00,9.212149865947556,9.27258544932904,8.473968736850125,8.603474617004395,60728,0.0,0.0,0.0
2022-01-12 00:00:00+02:00,8.603473944082761,8.827950126760943,7.770322560069014,7.925729274749756,102132,0.0,0.0,0.0
2022-01-13 00:00:00+02:00,7.925729528969169,8.633692010337471,7.899827860109573,8.27971076965332,105350,0.0,0.0,0.0
2022-01-16 00:00:00+02:00,8.279710967452724,8.54735496507821,7.770322994934028,7.8048577308654785,119402,0.0,0.0,0.0
2022-01-17 00:00:00+02:00,7.804857980897483,8.025017238278277,7.675352922849053,7.878244400024414,154498,0.0,0.0,0.0
2022-01-18 00:00:00+02:00,7.878244438732777,8.344463802720123,7.986165595427746,8.197690963745117,157638,0.0,0.0,0.0
2022-01-19 00:00:00+02:00,8.197691165734415,9.350289180571373,8.180424208391768,9.233734130859375,318212,0.0,0.0,0.0
2022-01-20 00:00:00+02:00,9.233733126468062,9.583398237569535,8.957455252052785,9.14307975769043,210014,0.0,0.0,0.0
2022-01-23 00:00:00+02:00,9.143079888695752,10.09710245206371,9.06969347433106,9.730171203613281,307860,0.0,0.0,0.0
2022-01-24 00:00:00+02:00,9.730172389260112,10.015084191893681,9.341655546238767,9.4797945022583,349962,0.0,0.0,0.0
2022-01-25 00:00:00+02:00,9.479793211290794,9.497060990128254,8.892702728158332,9.14307975769043,217622,0.0,0.0,0.0
2022-01-26 00:00:00+02:00,9.143080327019325,9.475477679981331,8.776148237604973,8.819316864013672,185516,0.0,0.0,0.0
2022-01-30 00:00:00+02:00,8.819317121588451,9.691320271694051,8.681178171744612,9.091278076171875,254990,0.0,0.0,0.0
2022-01-31 00:00:00+02:00,9.091277092871024,9.66973450030671,9.065376248419978,9.561813354492188,202092,0.0,0.0,0.0
2022-02-01 00:00:00+02:00,9.561814653784197,9.868311177699198,9.497062122171288,9.540230751037598,136714,0.0,0.0,0.0
2022-02-02 00:00:00+02:00,9.540229338142343,9.82945803832719,9.35028789328452,9.458209037780762,156558,0.0,0.0,0.0
2022-02-03 00:00:00+02:00,9.458211023617139,9.497062709662885,9.164665317215125,9.268269538879395,53968,0.0,0.0,0.0
2022-02-06 00:00:00+02:00,9.268269427283812,9.583399857346413,9.194883001566925,9.367557525634766,63952,0.0,0.0,0.0
2022-02-07 00:00:00+02:00,9.36755611663595,9.49706116683448,9.281218867588242,9.28553581237793,33500,0.0,0.0,0.0
2022-02-08 00:00:00+02:00,9.28553620579747,9.36323956855802,8.646643170568828,8.871118545532227,157956,0.0,0.0,0.0
2022-02-09 00:00:00+02:00,8.8711185504599,8.957455803213595,8.525771186191253,8.616424560546875,133388,0.0,0.0,0.0
2022-02-10 00:00:00+02:00,8.616424181735024,8.823633414559545,8.448067451977314,8.46965217590332,31920,0.0,0.0,0.0
2022-02-13 00:00:00+02:00,8.469652582894625,8.473968704514201,7.960264600985701,8.003433227539062,92882,0.0,0.0,0.0
2022-02-14 00:00:00+02:00,8.003433265924865,8.49123652521016,7.96026463916446,8.119987487792969,73482,0.0,0.0,0.0
2022-02-15 00:00:00+02:00,8.119986783702357,8.633691668523975,8.150204572802512,8.555988311767578,135196,0.0,0.0,0.0
2022-02-16 00:00:00+02:00,8.555989039405205,8.97903976953139,8.52145430272905,8.629375457763672,106020,0.0,0.0,0.0
2022-02-17 00:00:00+02:00,8.629375457763672,8.935871966215997,8.465335664395196,8.629375457763672,104432,0.0,0.0,0.0
2022-02-20 00:00:00+02:00,8.62937629369977,8.935872831842715,8.202008577167906,8.232226371765137,59360,0.0,0.0,0.0
2022-02-21 00:00:00+02:00,8.232224466836689,8.525770100780449,8.158838058350748,8.206323623657227,37978,0.0,0.0,0.0
2022-02-22 00:00:00+02:00,8.206324457131872,8.370364245093093,7.9602643635035175,8.154521942138672,43592,0.0,0.0,0.0
2022-02-23 00:00:00+02:00,8.154521942138672,8.374681189956947,8.12430415146474,8.154521942138672,8784,0.0,0.0,0.0
2022-02-24 00:00:00+02:00,8.15452203646903,7.817808566923826,7.338638385342664,7.550163745880127,51606,0.0,0.0,0.0
2022-02-27 00:00:00+02:00,7.550163745880128,7.895511928625966,7.489728163833153,7.550163745880127,25114,0.0,0.0,0.0
2022-02-28 00:00:00+02:00,7.550163870136604,7.766006179140074,7.338638506117972,7.3472723960876465,178152,0.0,0.0,0.0
2022-03-01 00:00:00+02:00,7.347272947710234,7.878244870113835,7.511312752584592,7.705571174621582,204882,0.0,0.0,0.0
2022-03-02 00:00:00+02:00,7.705570328401414,7.856660104129489,7.515628872532606,7.55448055267334,67860,0.0,0.0,0.0
2022-03-03 00:00:00+02:00,7.554480606687453,8.02933383806813,7.640817857255955,7.873927116394043,137750,0.0,0.0,0.0
2022-03-06 00:00:00+02:00,7.873927290604402,7.899828136998791,7.614916356541331,7.735788345336914,58104,0.0,0.0,0.0
2022-03-07 00:00:00+02:00,7.735788492550449,7.770323229524523,7.403391134566806,7.47677755355835,60356,0.0,0.0,0.0
2022-03-08 00:00:00+02:00,7.476777553558349,7.476777553558349,7.476777553558349,7.47677755355835,0,0.0,0.0,0.0
2022-03-09 00:00:00+02:00,7.338638230383524,7.554480531277157,7.338638230383524,7.355906009674072,91766,0.0,0.0,0.0
2022-03-10 00:00:00+02:00,7.355905925576168,7.506994875775927,7.252300897763439,7.424975395202637,53164,0.0,0.0,0.0
2022-03-13 00:00:00+02:00,7.424975662798526,7.550163772243391,7.122796104762413,7.213449478149414,89540,0.0,0.0,0.0
2022-03-14 00:00:00+02:00,7.213449478149414,7.213449478149414,7.213449478149414,7.213449478149414,29010,0.0,0.0,0.0
2022-03-15 00:00:00+02:00,7.213449084126616,7.338638010106298,7.083944036826885,7.144379615783691,76644,0.0,0.0,0.0
2022-03-16 00:00:00+02:00,7.144379855092704,7.5544805575669844,6.906953652632671,7.5285797119140625,80342,0.0,0.0,0.0
2022-03-17 00:00:00+02:00,7.528579707037196,7.640817802624536,7.468143302722144,7.55448055267334,67120,0.0,0.0,0.0
2022-03-20 00:00:00+02:00,7.5544813518618215,7.878244838370185,7.6624025140312755,7.787591457366943,124260,0.0,0.0,0.0
2022-03-21 00:00:00+02:00,7.787590966977682,8.115670554745106,7.8825612872921385,8.068185806274414,35440,0.0,0.0,0.0
2022-03-22 00:00:00+02:00,8.068185571838521,8.318562612095176,7.925729683819616,7.9386796951293945,64014,0.0,0.0,0.0
2022-03-23 00:00:00+02:00,7.9386796951293945,8.107037252513955,7.576064557740716,7.9386796951293945,11680,0.0,0.0,0.0
2022-03-24 00:00:00+02:00,7.9386796951293945,7.8609763337785274,7.66671875377441,7.9386796951293945,31530,0.0,0.0,0.0
2022-03-27 00:00:00+02:00,7.938680542496411,7.98616611802896,7.675353462822702,7.8609771728515625,58640,0.0,0.0,0.0
2022-03-28 00:00:00+02:00,7.860976333619666,8.24517619547196,7.770322960960853,8.193373680114746,155028,0.0,0.0,0.0
2022-03-29 00:00:00+02:00,8.193373680114746,8.288344821040797,8.033650835895013,8.193373680114746,31560,0.0,0.0,0.0
2022-03-30 00:00:00+02:00,8.193373680114746,8.284027876146608,7.856660212098527,8.193373680114746,27080,0.0,0.0,0.0
2022-03-31 00:00:00+02:00,8.193374299475881,8.189057354255361,7.770323548342343,7.9645819664001465,67800,0.0,0.0,0.0
2022-04-03 00:00:00+02:00,7.964581451567063,8.202007659736529,7.770323046066185,7.86961030960083,116396,0.0,0.0,0.0
2022-04-04 00:00:00+02:00,7.869610223408044,8.202007569903122,8.072502516569662,8.193373680114746,52900,0.0,0.0,0.0
2022-04-05 00:00:00+02:00,8.193373680114746,8.072502516569662,7.986165265431988,8.193373680114746,7000,0.0,0.0,0.0
2022-04-06 00:00:00+02:00,8.193373680114746,7.925729683659446,7.8911949478789865,8.193373680114746,2400,0.0,0.0,0.0
2022-04-07 00:00:00+02:00,8.193373680114746,8.154521999440098,7.662401808725286,8.193373680114746,27384,0.0,0.0,0.0
2022-04-10 00:00:00+02:00,8.193373680114746,7.986165265431988,7.770322960960853,8.193373680114746,14310,0.0,0.0,0.0
2022-04-11 00:00:00+02:00,8.193373680114746,7.770322960960853,7.6192331831564495,8.193373680114746,6224,0.0,0.0,0.0
2022-04-12 00:00:00+02:00,8.193373680114746,7.986165265431988,7.783273795643419,8.193373680114746,5000,0.0,0.0,0.0
2022-04-13 00:00:00+02:00,8.193373680114746,7.770322960960853,7.770322960960853,8.193373680114746,7922,0.0,0.0,0.0
2022-04-14 00:00:00+02:00,8.193373680114746,7.981848320537799,7.64945097404272,8.193373680114746,9600,0.0,0.0,0.0
2022-04-17 00:00:00+02:00,8.193373680114746,7.938679694968963,7.174598562904663,8.193373680114746,12136,0.0,0.0,0.0
2022-04-18 00:00:00+02:00,8.193373533283385,8.163155742938638,7.554480521107796,7.688302516937256,55500,0.0,0.0,0.0
2022-04-19 00:00:00+02:00,7.688302516937256,8.08976932779867,7.688302516937256,7.688302516937256,10100,0.0,0.0,0.0
2022-04-20 00:00:00+02:00,7.688302516937256,7.986165122313955,7.98184817749713,7.688302516937256,7000,0.0,0.0,0.0
2022-04-21 00:00:00+02:00,7.68830303976188,9.22510091739065,7.770323350113094,8.836584091186523,63574,0.0,0.0,0.0
2022-04-26 00:00:00+02:00,8.836584091186523,9.061060296688222,8.318563028536172,8.836584091186523,13900,0.0,0.0,0.0
2022-04-27 00:00:00+02:00,8.83658372183666,8.633692250367329,8.08976953978942,8.180423736572266,167624,0.0,0.0,0.0
2022-04-28 00:00:00+02:00,8.180423621520267,8.456701506166986,8.029333844589202,8.102720260620117,110802,0.0,0.0,0.0
2022-05-08 00:00:00+02:00,8.102720260620117,8.30561172923592,7.95163048368905,8.102720260620117,29000,0.0,0.0,0.0
2022-05-09 00:00:00+02:00,8.102721302527534,8.288345838908407,8.055235726232944,8.232226371765137,83238,0.0,0.0,0.0
2022-05-10 00:00:00+02:00,8.2322260407577,8.581890372338181,8.158839618240995,8.202008247375488,135718,0.0,0.0,0.0
2022-05-11 00:00:00+02:00,8.202008247375488,8.374681940540349,8.11998793435726,8.202008247375488,20258,0.0,0.0,0.0
2022-05-12 00:00:00+02:00,8.20200767802128,8.417849985337629,8.163155996834492,8.296977996826172,48546,0.0,0.0,0.0
2022-05-15 00:00:00+02:00,8.296977996826172,8.327196611483831,8.08976957941201,8.296977996826172,16190,0.0,0.0,0.0
2022-05-16 00:00:00+02:00,8.296977996826172,8.20200767802128,8.076818744558729,8.296977996826172,8440,0.0,0.0,0.0
2022-05-17 00:00:00+02:00,8.296978565338824,8.417850562132484,8.197691294779629,8.227909088134766,89524,0.0,0.0,0.0
2022-05-18 00:00:00+02:00,8.227908307894644,8.625058175843415,8.322879447574092,8.344463348388672,162754,0.0,0.0,0.0
2022-05-19 00:00:00+02:00,8.34446373951113,8.461018785468337,8.14588920791566,8.18474006652832,182940,0.0,0.0,0.0
2022-05-22 00:00:00+02:00,8.184739790326368,8.366047359017044,8.072502516569662,8.193373680114746,57700,0.0,0.0,0.0
2022-05-23 00:00:00+02:00,8.19337329408066,8.417849477763886,8.037967402077127,8.072502136230469,105140,0.0,0.0,0.0
2022-05-24 00:00:00+02:00,8.07250245817968,8.193373620850478,7.848026265543846,7.89982795715332,42586,0.0,0.0,0.0
2022-05-25 00:00:00+02:00,7.899827630126959,7.9861648770660665,7.554480289116549,7.817808151245117,72080,0.0,0.0,0.0
2022-05-26 00:00:00+02:00,7.8178081995440865,7.981847981694229,7.4897278118707895,7.60196590423584,153854,0.0,0.0,0.0
2022-05-29 00:00:00+02:00,7.60196671952946,7.727154836080417,7.429292206065503,7.606283664703369,117082,0.0,0.0,0.0
2022-05-30 00:00:00+02:00,7.606283072245866,7.701253388555271,7.459510241257578,7.5285797119140625,79994,0.0,0.0,0.0
2022-05-31 00:00:00+02:00,7.5285800619778644,7.7703232205161274,7.554480908835124,7.731471538543701,125462,0.0,0.0,0.0
2022-06-01 00:00:00+02:00,7.731471520572533,7.852343511247246,7.5544808912753565,7.558797836303711,123412,0.0,0.0,0.0
2022-06-02 00:00:00+02:00,7.558797434652405,7.692619429928218,7.511311865236814,7.541529655456543,119158,0.0,0.0,0.0
2022-06-05 00:00:00+02:00,7.541529655456543,7.541529655456543,7.541529655456543,7.541529655456543,0,0.0,0.0,0.0
2022-06-06 00:00:00+02:00,7.770322141144014,7.852342438733852,7.589014591582401,7.627866268157959,378062,0.0,0.0,0.0
2022-06-07 00:00:00+02:00,7.627867140649562,7.714204392553563,7.554480723543079,7.6710357666015625,87614,0.0,0.0,0.0
2022-06-08 00:00:00+02:00,7.67103587360682,7.895512072990052,7.727154511766094,7.774640083312988,185822,0.0,0.0,0.0
2022-06-09 00:00:00+02:00,7.774640493562862,8.050918400691195,7.727154919510264,7.9645819664001465,230332,0.0,0.0,0.0
2022-06-12 00:00:00+02:00,7.964581364495049,8.072502516732797,7.796223807110488,7.9386796951293945,139434,0.0,0.0,0.0
2022-06-13 00:00:00+02:00,7.9386793849626045,7.97753106412009,7.735787923096971,7.800540447235107,97176,0.0,0.0,0.0
2022-06-14 00:00:00+02:00,7.800540929750181,8.055234920704644,7.852343446288829,8.003433227539062,131052,0.0,0.0,0.0
2022-06-15 00:00:00+02:00,8.003433497531915,8.202008033653925,7.977531826702275,8.020700454711914,118576,0.0,0.0,0.0
2022-06-16 00:00:00+02:00,8.020699718262955,8.11567003246565,7.899827735608872,7.973214149475098,98856,0.0,0.0,0.0
2022-06-19 00:00:00+02:00,7.973213841121953,8.029333297223264,7.692619030734366,7.783273220062256,76108,0.0,0.0,0.0
2022-06-20 00:00:00+02:00,7.783274188293552,7.9429970405709724,7.653768305053737,7.753055572509766,68676,0.0,0.0,0.0
2022-06-21 00:00:00+02:00,7.7530557118478285,8.417850450323213,7.930047171127112,8.150205612182617,176818,0.0,0.0,0.0
2022-06-22 00:00:00+02:00,8.150205374989632,8.568939989085882,8.037968096820064,8.478285789489746,334682,0.0,0.0,0.0
2022-06-23 00:00:00+02:00,8.478285579370475,8.46101862291581,8.102720425221131,8.245176315307617,72960,0.0,0.0,0.0
2022-06-26 00:00:00+02:00,8.245176821874143,8.374681885046357,7.986165872156603,8.163156509399414,251094,0.0,0.0,0.0
2022-06-27 00:00:00+02:00,8.163156794664674,8.353098274211543,7.999116987355882,8.128622055053711,100758,0.0,0.0,0.0
2022-06-28 00:00:00+02:00,8.128621271589658,8.344463579197852,8.016383172828629,8.245176315307617,97864,0.0,0.0,0.0
2022-06-29 00:00:00+02:00,8.245176680164187,9.065377320695337,8.309929210637392,8.594841003417969,292220,0.0,0.0,0.0
2022-07-03 00:00:00+02:00,8.594839530120293,8.77614707839001,8.288343887511436,8.422165870666504,236982,0.0,0.0,0.0
2022-07-04 00:00:00+02:00,8.422167064160114,8.547355176239485,8.0638688612547,8.068185806274414,103398,0.0,0.0,0.0
2022-07-05 00:00:00+02:00,8.06818540464652,8.202007400103764,7.848026159838971,8.050917625427246,95978,0.0,0.0,0.0
2022-07-06 00:00:00+02:00,8.050916737824151,8.20200649584322,7.856659183262154,8.03796672821045,79084,0.0,0.0,0.0
2022-07-07 00:00:00+02:00,8.037968852103653,8.202008663081084,7.986166329842108,8.01638412475586,98026,0.0,0.0,0.0
2022-07-17 00:00:00+02:00,8.016383283482478,8.176106955601426,7.986165491739909,8.094086647033691,34248,0.0,0.0,0.0
2022-07-18 00:00:00+02:00,8.094086417667555,8.284027876146608,7.81349158652969,8.193373680114746,107272,0.0,0.0,0.0
2022-07-19 00:00:00+02:00,8.19337473835589,8.504188223897172,8.158839998114988,8.271078109741211,65180,0.0,0.0,0.0
2022-07-20 00:00:00+02:00,8.27107737299644,8.603474732815116,7.878244428982764,7.99911642074585,521722,0.0,0.0,0.0
2022-07-21 00:00:00+02:00,7.9991164306454525,8.417850222207624,8.08545286197758,8.197690963745117,172944,0.0,0.0,0.0
2022-07-24 00:00:00+02:00,8.197691294779629,8.560306461787494,8.202008240026522,8.227909088134766,104880,0.0,0.0,0.0
2022-07-25 00:00:00+02:00,8.227907522411284,8.322878653024242,8.016382185804272,8.206323623657227,35610,0.0,0.0,0.0
2022-07-26 00:00:00+02:00,8.206324175346856,8.309928378402699,8.07681830399729,8.189056396484375,126270,0.0,0.0,0.0
2022-07-27 00:00:00+02:00,8.189056854240572,8.53872198539445,8.21495852398216,8.245176315307617,108410,0.0,0.0,0.0
2022-07-28 00:00:00+02:00,8.24517663992159,8.806366332447801,8.288345267817398,8.50418758392334,114360,0.0,0.0,0.0
2022-07-31 00:00:00+02:00,8.504186959691815,9.065376611025108,8.4178497102376,8.840900421142578,287430,0.0,0.0,0.0
2022-08-01 00:00:00+02:00,8.840901049602712,9.00062472543514,8.504187564216492,8.581890106201172,204432,0.0,0.0,0.0
2022-08-02 00:00:00+02:00,8.5818896014137,8.763197168792942,8.41784981348631,8.689810752868652,137822,0.0,0.0,0.0
2022-08-03 00:00:00+02:00,8.689811365547655,9.28121967950244,8.63369272511855,8.888386726379395,240418,0.0,0.0,0.0
2022-08-04 00:00:00+02:00,8.88838556695554,9.389139613822923,8.849533888890571,9.242366790771484,165556,0.0,0.0,0.0
2022-08-07 00:00:00+02:00,9.242367353204719,9.281219033633962,9.061059785659273,9.173297882080078,237600,0.0,0.0,0.0
2022-08-08 00:00:00+02:00,9.173297831312041,9.173297831312041,8.75456406201468,8.827950477600098,188832,0.0,0.0,0.0
2022-08-09 00:00:00+02:00,8.827951655950546,9.151715152036168,8.681178805188546,8.780466079711914,186122,0.0,0.0,0.0
2022-08-10 00:00:00+02:00,8.780465182583148,9.03084222770593,8.577573708847243,8.819316864013672,150220,0.0,0.0,0.0
2022-08-11 00:00:00+02:00,8.81931642339092,9.367556057632706,8.720029163972557,9.246684074401855,280220,0.0,0.0,0.0
2022-08-14 00:00:00+02:00,9.24668419076178,9.216466400417064,8.944504640568551,9.043792724609375,127556,0.0,0.0,0.0
2022-08-15 00:00:00+02:00,9.04379249138179,9.583398228973234,9.065376391536244,9.194881439208984,139168,0.0,0.0,0.0
2022-08-16 00:00:00+02:00,9.194881160331184,9.497060693566588,9.104227794384354,9.229415893554688,208586,0.0,0.0,0.0
2022-08-17 00:00:00+02:00,9.229416101292221,9.928745494025065,9.13444578863322,9.829458236694336,420526,0.0,0.0,0.0
2022-08-18 00:00:00+02:00,9.829458236694336,9.829458236694336,9.829458236694336,9.829458236694336,0,0.0,0.0,0.0
2022-08-21 00:00:00+02:00,9.609300761285466,10.360431981111253,9.62656771976661,9.75175666809082,138896,0.0,0.0,0.0
2022-08-22 00:00:00+02:00,9.751755601648718,9.799241173181914,9.298487081393349,9.445259094238281,173556,0.0,0.0,0.0
2022-08-23 00:00:00+02:00,9.445259094238281,9.445259094238281,9.445259094238281,9.445259094238281,0,0.0,0.0,0.0
2022-08-24 00:00:00+02:00,9.61361637587819,10.101419618508446,9.570447750591688,9.708586692810059,105942,0.0,0.0,0.0
2022-08-25 00:00:00+02:00,9.708587292843408,10.274093931265554,9.712904237976169,10.161856651306152,58044,0.0,0.0,0.0
2022-08-28 00:00:00+02:00,10.161856193306374,10.36043072022495,9.928746106882246,10.10573673248291,87122,0.0,0.0,0.0
2022-08-29 00:00:00+02:00,10.105735883834692,10.360429850188327,9.717219929127227,9.902844429016113,99280,0.0,0.0,0.0
2022-08-30 00:00:00+02:00,9.902845153387386,10.252509455863978,9.777656221654615,10.002132415771484,65478,0.0,0.0,0.0
2022-08-31 00:00:00+02:00,10.002132358948822,11.426691230110864,9.842408692364936,11.007957458496094,454418,0.0,0.0,0.0
2022-09-01 00:00:00+02:00,11.007957785183256,11.655484713723448,10.792115475669858,11.292869567871094,260952,0.0,0.0,0.0
2022-09-04 00:00:00+02:00,11.29286939692529,11.599365899948719,10.800749202163596,11.176314353942871,148748,0.0,0.0,0.0
2022-09-05 00:00:00+02:00,11.176314796884476,11.482811312055027,10.986374152688763,11.284235954284668,78738,0.0,0.0,0.0
2022-09-06 00:00:00+02:00,11.284235859202546,11.418058686079803,10.856868178303602,10.92593765258789,174556,0.0,0.0,0.0
2022-09-07 00:00:00+02:00,10.925938175064656,11.046810172528785,10.42518405087103,10.792116165161133,66764,0.0,0.0,0.0
2022-09-08 00:00:00+02:00,10.792116165161133,10.999324597922676,10.597857744838983,10.792116165161133,9256,0.0,0.0,0.0
2022-09-11 00:00:00+02:00,10.792116165161133,10.792116165161133,10.580590787128749,10.792116165161133,19326,0.0,0.0,0.0
2022-09-12 00:00:00+02:00,10.792116165161133,10.662611100528446,10.403600147889955,10.792116165161133,17094,0.0,0.0,0.0
2022-09-13 00:00:00+02:00,10.792116165161133,10.671244167697004,10.27409425988415,10.792116165161133,14638,0.0,0.0,0.0
2022-09-14 00:00:00+02:00,10.792116165161133,10.364748463825526,10.261144247444754,10.792116165161133,3710,0.0,0.0,0.0
2022-09-15 00:00:00+02:00,10.792116165161133,10.662611100528446,10.360431518554687,10.792116165161133,6010,0.0,0.0,0.0
2022-09-18 00:00:00+02:00,10.792116165161133,10.770532262180058,9.207833479180554,10.792116165161133,14370,0.0,0.0,0.0
2022-09-19 00:00:00+02:00,10.792114614770853,11.11587805321398,10.028032702435556,11.025224685668945,92288,0.0,0.0,0.0
2022-09-20 00:00:00+02:00,11.025225499839502,12.82103343848105,10.684194257609855,11.534612655639648,59186,0.0,0.0,0.0
2022-09-21 00:00:00+02:00,11.53461242394623,13.295885590826837,11.443959051527727,12.933270454406738,332676,0.0,0.0,0.0
2022-09-22 00:00:00+02:00,12.933270648130994,12.950538427920623,12.350497077573014,12.462735176086426,49208,0.0,0.0,0.0
2022-09-25 00:00:00+02:00,12.462735176086426,12.920320636661831,11.9576641444626,12.462735176086426,3894,0.0,0.0,0.0
2022-09-26 00:00:00+02:00,12.462735176086426,12.734696120788612,11.884277727102793,12.462735176086426,5730,0.0,0.0,0.0
2022-09-27 00:00:00+02:00,12.462735176086426,12.868518120666003,12.10443697918221,12.462735176086426,8976,0.0,0.0,0.0
2022-09-28 00:00:00+02:00,12.462735176086426,12.47568518755559,12.134654770441003,12.462735176086426,13954,0.0,0.0,0.0
2022-09-29 00:00:00+02:00,12.462735176086426,12.518853813656602,12.303011506524593,12.462735176086426,4632,0.0,0.0,0.0
2022-10-02 00:00:00+02:00,12.462735176086426,12.777864746889627,12.311645396419406,12.462735176086426,4756,0.0,0.0,0.0
2022-10-03 00:00:00+02:00,12.462735176086426,12.346180132625605,12.087169199392582,12.462735176086426,3800,0.0,0.0,0.0
2022-10-04 00:00:00+02:00,12.462735176086426,12.756280022152591,11.914495518361585,12.462735176086426,6134,0.0,0.0,0.0
2022-10-05 00:00:00+02:00,12.462735176086426,12.462735176086426,11.828158266159557,12.462735176086426,21444,0.0,0.0,0.0
2022-10-09 00:00:00+02:00,12.462734366214429,12.471367432175178,12.026732835335903,12.121703147888184,37606,0.0,0.0,0.0
2022-10-10 00:00:00+02:00,12.121703147888184,12.492952155509563,11.879960010154102,12.121703147888184,13590,0.0,0.0,0.0
2022-10-11 00:00:00+02:00,12.121704100698146,12.691527667548042,12.173506617399532,12.350497245788574,72368,0.0,0.0,0.0
2022-10-12 00:00:00+02:00,12.615056037902832,11.420130709511596,10.794007670220466,12.615056037902832,10462,0.3,0.0,0.0
2022-10-13 00:00:00+02:00,12.615056037902832,11.023292353005491,10.630863414361844,12.615056037902832,22538,0.0,0.0,0.0
2022-10-16 00:00:00+02:00,12.615056037902832,11.243758200065601,11.010064099418118,12.615056037902832,17966,0.0,0.0,0.0
2022-10-17 00:00:00+02:00,12.615056037902832,11.420130709511596,11.02770177086795,12.615056037902832,10900,0.0,0.0,0.0
2022-10-18 00:00:00+02:00,12.615056037902832,11.243758200065601,11.036520606592864,12.615056037902832,17530,0.0,0.0,0.0
2022-10-19 00:00:00+02:00,12.615056926544012,11.221712742253752,11.023293129518215,11.195256233215332,28790,0.0,0.0,0.0
2022-10-20 00:00:00+02:00,11.195256233215332,11.283442914655687,11.045339379373042,11.195256233215332,19764,0.0,0.0,0.0
2022-10-23 00:00:00+02:00,11.195256233215332,11.23494015576244,11.027702547691286,11.195256233215332,6746,0.0,0.0,0.0
2022-10-24 00:00:00+02:00,11.195256233215332,11.199665651388402,11.032111965864354,11.195256233215332,13904,0.0,0.0,0.0
2022-10-25 00:00:00+02:00,11.195256233215332,11.027702547691286,10.891013948368206,11.195256233215332,13824,0.0,0.0,0.0
2022-10-26 00:00:00+02:00,11.195256233215332,11.195256233215332,11.195256233215332,11.195256233215332,0,0.0,0.0,0.0
2022-10-27 00:00:00+02:00,11.42894990107316,11.816969433935213,11.420131065073674,11.587685585021973,30352,0.0,0.0,0.0
2022-10-30 00:00:00+02:00,11.587686293271483,12.787020309159931,11.684690972163384,12.60623836517334,118952,0.0,0.0,0.0
2022-10-31 00:00:00+02:00,12.606238361804998,13.007486173083684,12.34608857106248,12.3593168258667,100414,0.0,0.0,0.0
2022-11-01 00:00:00+02:00,12.359316461570357,12.787019928840191,12.346088207156047,12.531279563903809,28030,0.0,0.0,0.0
2022-11-02 00:00:00+02:00,12.531279563903809,12.518051309489497,12.412227797206565,12.531279563903809,19526,0.0,0.0,0.0
2022-11-03 00:00:00+02:00,12.531279563903809,12.63710307618674,12.346088207156047,12.531279563903809,9220,0.0,0.0,0.0
2022-11-06 00:00:00+02:00,12.531279563903809,12.522460727627601,12.346088207156047,12.531279563903809,4006,0.0,0.0,0.0
2022-11-07 00:00:00+02:00,12.531278823186595,12.566553325195848,12.346087477385394,12.557734489440918,29618,0.0,0.0,0.0
2022-11-08 00:00:00+02:00,12.557734645752932,13.421961217252786,12.434274307689007,12.50041389465332,42842,0.0,0.0,0.0
2022-11-09 00:00:00+02:00,12.500413720851538,13.00307558400404,12.354906295148947,12.381361961364746,26166,0.0,0.0,0.0
2022-11-10 00:00:00+02:00,12.381361961364746,12.787019154385675,12.421045881193677,12.381361961364746,13164,0.0,0.0,0.0
2022-11-13 00:00:00+02:00,12.381362042756408,14.727119381912864,12.742925900454184,14.224455833435059,78140,0.0,0.0,0.0
2022-11-14 00:00:00+02:00,14.224456199167593,16.09400738632592,13.735022573826734,15.507567405700684,47044,0.0,0.0,0.0
2022-11-15 00:00:00+02:00,15.507566831360585,16.711311833112344,15.432609250940347,16.02786636352539,42316,0.0,0.0,0.0
2022-11-16 00:00:00+02:00,16.02786741629169,17.191928574862658,15.547251772198772,15.710397720336914,35468,0.0,0.0,0.0
2022-11-17 00:00:00+02:00,15.710397720336916,15.864723150174582,15.123957722911712,15.710397720336914,12816,0.0,0.0,0.0
2022-11-20 00:00:00+02:00,15.710398350840972,16.085189656643077,14.991679144421896,15.61339282989502,18972,0.0,0.0,0.0
2022-11-21 00:00:00+02:00,15.61339282989502,15.829450122359795,14.991679144421896,15.61339282989502,8186,0.0,0.0,0.0
2022-11-22 00:00:00+02:00,15.61339282989502,15.604573993261651,14.991679144421896,15.61339282989502,8038,0.0,0.0,0.0
2022-11-23 00:00:00+02:00,15.61339282989502,15.432610883963717,14.991679144421896,15.61339282989502,868,0.0,0.0,0.0
2022-11-24 00:00:00+02:00,15.61339282989502,15.013725394994767,15.000497981055265,15.61339282989502,1784,0.0,0.0,0.0
2022-11-27 00:00:00+02:00,15.61339282989502,15.586936319994914,15.009316817688633,15.61339282989502,2564,0.0,0.0,0.0
2022-11-28 00:00:00+02:00,15.613391650111113,15.653075570952113,15.101910938172109,15.410563468933105,22176,0.0,0.0,0.0
2022-11-29 00:00:00+02:00,15.410562588758154,16.746585044063192,15.225370408070425,16.314472198486328,20362,0.0,0.0,0.0
2022-11-30 00:00:00+02:00,16.314473370804638,17.143425461692484,16.318881947842645,16.446752548217773,21214,0.0,0.0,0.0
2022-12-01 00:00:00+02:00,16.446752829490435,16.79949786929845,16.32329248606289,16.6010799407959,20878,0.0,0.0,0.0
2022-12-04 00:00:00+02:00,16.6010799407959,17.14783433199306,16.534939509947694,16.6010799407959,11332,0.0,0.0,0.0
2022-12-05 00:00:00+02:00,16.601078476924926,17.416801414677415,16.31447221121682,17.134605407714844,104484,0.0,0.0,0.0
2022-12-06 00:00:00+02:00,17.134605870029898,18.739596964450033,16.975870191325324,18.430944442749023,134340,0.0,0.0,0.0
2022-12-07 00:00:00+02:00,18.43094435012331,19.31280773225381,18.073790756853843,18.475038528442383,38258,0.0,0.0,0.0
2022-12-08 00:00:00+02:00,18.475039282618614,18.907152155659485,18.100246320701043,18.624956130981445,24310,0.0,0.0,0.0
2022-12-11 00:00:00+02:00,18.624955489861478,22.346418380737305,18.563223639819768,22.346418380737305,109768,0.0,0.0,0.0
2022-12-12 00:00:00+02:00,22.346418774698396,26.81305738348165,24.251243591308594,25.90473747253418,107714,0.0,0.0,0.0
2022-12-13 00:00:00+02:00,25.90473707354521,26.808646711622178,24.251243217787007,25.17279052734375,35088,0.0,0.0,0.0
2022-12-14 00:00:00+02:00,25.172792074704514,25.794505735405235,24.251244708500646,24.299747467041016,13128,0.0,0.0,0.0
2022-12-15 00:00:00+02:00,24.299746329099257,26.2663013133201,24.317384000837254,24.590761184692383,36114,0.0,0.0,0.0
2022-12-18 00:00:00+02:00,24.590761184692383,25.970877880802952,22.994588896864695,24.590761184692383,6020,0.0,0.0,0.0
2022-12-19 00:00:00+02:00,24.590761184692383,25.08019564228558,23.21946332445081,24.590761184692383,2552,0.0,0.0,0.0
2022-12-20 00:00:00+02:00,24.59076159740289,25.97087831667617,23.417883319476797,23.810312271118164,30322,0.0,0.0,0.0
2022-12-21 00:00:00+02:00,23.810312271118164,24.91264154292919,23.369380562393754,23.810312271118164,5886,0.0,0.0,0.0
2022-12-22 00:00:00+02:00,23.810312271118164,23.810312271118164,22.928448853669344,23.810312271118164,2630,0.0,0.0,0.0
2022-12-25 00:00:00+02:00,23.810312271118164,22.928448853669344,22.068631685252548,23.810312271118164,3830,0.0,0.0,0.0
2022-12-26 00:00:00+02:00,23.810312271118164,23.805903694120154,20.7326091460643,23.810312271118164,1062,0.0,0.0,0.0
2022-12-27 00:00:00+02:00,23.810312271118164,24.251243979842574,22.71239157630515,23.810312271118164,5074,0.0,0.0,0.0
2022-12-28 00:00:00+02:00,23.810312271118164,23.98668562741632,23.148914708031548,23.810312271118164,308,0.0,0.0,0.0
2022-12-29 00:00:00+02:00,23.810311149679254,23.94259031966218,22.090676893838502,22.941675186157227,18352,0.0,0.0,0.0
2023-01-02 00:00:00+02:00,22.941675186157227,23.801492314077603,22.937266609366855,22.941675186157227,3198,0.0,0.0,0.0
2023-01-03 00:00:00+02:00,22.94167517174319,26.01496957311941,22.954904266147803,24.850910186767578,33620,0.0,0.0,0.0
2023-01-04 00:00:00+02:00,24.85091242210711,25.525537426693326,24.09691957203769,25.01846694946289,22306,0.0,0.0,0.0
2023-01-05 00:00:00+02:00,25.01846694946289,25.133108458482493,24.8068182401603,25.01846694946289,3688,0.0,0.0,0.0
2023-01-09 00:00:00+02:00,25.018466175402747,27.33335767232548,25.353573537725175,26.111976623535156,31754,0.0,0.0,0.0
2023-01-10 00:00:00+02:00,26.111976623535156,27.11730039252345,25.600495902924497,26.111976623535156,7366,0.0,0.0,0.0
2023-01-11 00:00:00+02:00,26.111976941312687,30.73293947325683,26.02379026109536,28.991260528564453,48346,0.0,0.0,0.0
2023-01-12 00:00:00+02:00,28.991261033545793,32.09542079352229,27.390678394492124,28.576784133911133,18634,0.0,0.0,0.0
2023-01-15 00:00:00+02:00,28.576783710691252,30.42428869488883,28.074121818768628,29.568880081176758,9810,0.0,0.0,0.0
2023-01-16 00:00:00+02:00,29.568880081176758,33.0125591036106,29.98335697467305,29.568880081176758,6506,0.0,0.0,0.0
2023-01-17 00:00:00+02:00,29.568878161234892,29.987765286666285,28.660559953062005,29.01771354675293,10594,0.0,0.0,0.0
2023-01-18 00:00:00+02:00,29.01771354675293,29.978944768971143,28.219628261476437,29.01771354675293,3356,0.0,0.0,0.0
2023-01-19 00:00:00+02:00,29.01771354675293,29.76288918202593,28.660559953062005,29.01771354675293,3158,0.0,0.0,0.0
2023-01-22 00:00:00+02:00,29.01771354675293,29.101491644647577,28.501824274967856,29.01771354675293,1192,0.0,0.0,0.0
2023-01-23 00:00:00+02:00,29.017713555920487,30.42428672901622,28.66055996211673,29.978944778442383,11110,0.0,0.0,0.0
2023-01-24 00:00:00+02:00,29.97894549256969,30.816716399611824,28.94716692409561,29.08385467529297,9238,0.0,0.0,0.0
2023-01-25 00:00:00+02:00,29.083856405571947,29.939265035278865,28.72670278201239,29.73643684387207,9972,0.0,0.0,0.0
2023-01-29 00:00:00+02:00,29.73643684387207,30.860810733021168,28.947168646242655,29.73643684387207,4980,0.0,0.0,0.0
2023-01-30 00:00:00+02:00,29.73643684387207,30.81671823298354,28.947168646242655,29.73643684387207,3050,0.0,0.0,0.0
2023-01-31 00:00:00+02:00,29.73643543842809,29.54242441058159,28.219629287719727,28.219629287719727,20826,0.0,0.0,0.0
2023-02-01 00:00:00+02:00,28.219629287719727,29.98335611820221,27.80074382907594,28.219629287719727,3318,0.0,0.0,0.0
2023-02-02 00:00:00+02:00,28.219629287719727,28.32986221462488,28.22403954672768,28.219629287719727,2300,0.0,0.0,0.0
2023-02-05 00:00:00+02:00,28.219629287719727,28.660560995340347,27.34217444946546,28.219629287719727,6074,0.0,0.0,0.0
2023-02-06 00:00:00+02:00,28.219630558782217,28.219630558782217,26.464722485250476,26.910062789916992,16328,0.0,0.0,0.0
2023-02-07 00:00:00+02:00,26.910062789916992,28.594421854332623,27.346585940212417,26.910062789916992,798,0.0,0.0,0.0
2023-02-08 00:00:00+02:00,26.910062789916992,28.56796702717724,26.910062789916992,26.910062789916992,1376,0.0,0.0,0.0
2023-02-09 00:00:00+02:00,26.910062789916992,29.052991254597885,27.43918119929837,26.910062789916992,6900,0.0,0.0,0.0
2023-02-12 00:00:00+02:00,26.910062789916992,28.969213149883025,28.043257194981408,26.910062789916992,4846,0.0,0.0,0.0
2023-02-13 00:00:00+02:00,26.91006274738282,28.435686118370523,26.469131020598788,27.108482360839844,14548,0.0,0.0,0.0
2023-02-14 00:00:00+02:00,27.108482360839844,28.21522193699956,26.96297576565206,27.108482360839844,1440,0.0,0.0,0.0
2023-02-15 00:00:00+02:00,27.108482360839844,27.999164650786117,26.985022015587052,27.108482360839844,1636,0.0,0.0,0.0
2023-02-16 00:00:00+02:00,27.108482360839844,28.21522193699956,28.21522193699956,27.108482360839844,1196,0.0,0.0,0.0
2023-02-19 00:00:00+02:00,27.108482360839844,28.17112775510852,27.165803956287665,27.108482360839844,948,0.0,0.0,0.0
2023-02-20 00:00:00+02:00,27.108482360839844,27.33776706061007,27.11730119721805,27.108482360839844,1414,0.0,0.0,0.0
2023-02-21 00:00:00+02:00,27.108482360839844,27.659647019319888,26.455903607042004,27.108482360839844,2158,0.0,0.0,0.0
2023-02-22 00:00:00+02:00,27.108482360839844,28.082941073347506,26.455903607042004,27.108482360839844,654,0.0,0.0,0.0
2023-02-23 00:00:00+02:00,27.108482360839844,27.11730119721805,26.345670675345993,27.108482360839844,820,0.0,0.0,0.0
2023-02-26 00:00:00+02:00,27.108482360839844,28.219630514178135,26.328033002589578,27.108482360839844,4386,0.0,0.0,0.0
2023-02-27 00:00:00+02:00,27.10848124249506,27.778697641399926,24.251243972650727,25.053739547729492,30706,0.0,0.0,0.0
2023-02-28 00:00:00+02:00,25.053739888373133,26.447084039192855,24.251244302383224,24.52903175354004,13248,0.0,0.0,0.0
2023-03-01 00:00:00+02:00,24.52903175354004,26.010562583681722,24.762725024025375,24.52903175354004,2678,0.0,0.0,0.0
2023-03-02 00:00:00+02:00,24.52903175354004,25.57403944614958,24.956734372916877,24.52903175354004,1564,0.0,0.0,0.0
2023-03-05 00:00:00+02:00,24.52903175354004,25.684272374796777,24.745087351756784,24.52903175354004,1452,0.0,0.0,0.0
2023-03-06 00:00:00+02:00,24.52903175354004,25.65781586639389,24.736268515622484,24.52903175354004,580,0.0,0.0,0.0
2023-03-07 00:00:00+02:00,24.529030231270024,25.00082700203867,24.326200376810824,24.639263153076172,12378,0.0,0.0,0.0
2023-03-08 00:00:00+02:00,24.639263153076172,25.353572015414162,24.387932225919826,24.639263153076172,610,0.0,0.0,0.0
2023-03-09 00:00:00+02:00,24.639263153076172,25.133106171801867,24.718630991338273,24.639263153076172,2240,0.0,0.0,0.0
2023-03-12 00:00:00+02:00,24.639265081657964,25.684272791209974,25.128699561909965,25.133108139038086,20248,0.0,0.0,0.0
2023-03-13 00:00:00+02:00,25.133108139038086,25.39766649927218,21.605654365138005,25.133108139038086,4590,0.0,0.0,0.0
2023-03-14 00:00:00+02:00,25.133108139038086,24.20715219619773,22.487517808613024,25.133108139038086,986,0.0,0.0,0.0
2023-03-15 00:00:00+02:00,25.133108139038086,25.08901563967275,21.605654365138005,25.133108139038086,8396,0.0,0.0,0.0
2023-03-16 00:00:00+02:00,25.133106933378002,23.801492995767042,21.16472162810779,23.06513786315918,18786,0.0,0.0,0.0
2023-03-19 00:00:00+02:00,23.06513786315918,24.229197283581758,22.60215823192756,23.06513786315918,2504,0.0,0.0,0.0
2023-03-20 00:00:00+02:00,23.06513786315918,24.251243532206846,23.60307339409934,23.06513786315918,1164,0.0,0.0,0.0
2023-03-21 00:00:00+02:00,23.06513786315918,24.246834955290208,23.369380131035687,23.06513786315918,218,0.0,0.0,0.0
2023-03-22 00:00:00+02:00,23.06513786315918,25.133106933378002,23.832358080246355,23.06513786315918,350,0.0,0.0,0.0
2023-03-23 00:00:00+02:00,23.06513786315918,23.06513786315918,23.06513786315918,23.06513786315918,0,0.0,0.0,0.0
2023-03-26 00:00:00+02:00,23.06513786315918,24.251243532206846,23.378198966889915,23.06513786315918,6336,0.0,0.0,0.0
2023-03-27 00:00:00+02:00,23.06513786315918,24.10573526364355,23.369380131035687,23.06513786315918,5258,0.0,0.0,0.0
2023-03-28 00:00:00+02:00,23.06513786315918,24.687766655875787,23.589845981328477,23.06513786315918,510,0.0,0.0,0.0
2023-03-29 00:00:00+02:00,23.06513786315918,23.810311831621267,23.810311831621267,23.06513786315918,1020,0.0,0.0,0.0
2023-03-30 00:00:00+02:00,23.06513786315918,23.810311831621267,23.417882887223453,23.06513786315918,1980,0.0,0.0,0.0
2023-04-02 00:00:00+02:00,23.06513786315918,23.810311831621267,23.5457534840783,23.06513786315918,706,0.0,0.0,0.0
2023-04-03 00:00:00+02:00,23.06513786315918,23.616302488891154,23.60307339409934,23.06513786315918,202,0.0,0.0,0.0
2023-04-04 00:00:00+02:00,23.06513786315918,25.574038633963582,23.70007890647487,23.06513786315918,2798,0.0,0.0,0.0
2023-04-05 00:00:00+02:00,23.06513786315918,25.970877837298985,23.72653541403755,23.06513786315918,1408,0.0,0.0,0.0
2023-04-06 00:00:00+02:00,23.06513786315918,24.251243532206846,22.090677526529127,23.06513786315918,6872,0.0,0.0,0.0
2023-04-09 00:00:00+02:00,23.06513786315918,27.337765436305897,24.912641083085216,23.06513786315918,754,0.0,0.0,0.0
2023-04-10 00:00:00+02:00,23.06513786315918,24.908232506168577,23.016635106971414,23.06513786315918,830,0.0,0.0,0.0
2023-04-11 00:00:00+02:00,23.06513786315918,23.413472628285863,22.976951186637876,23.06513786315918,1336,0.0,0.0,0.0
2023-04-12 00:00:00+02:00,23.06513786315918,23.810311831621267,23.219463285555754,23.06513786315918,1038,0.0,0.0,0.0
2023-04-13 00:00:00+02:00,23.06513786315918,23.06513786315918,23.06513786315918,23.06513786315918,0,0.0,0.0,0.0
2023-04-18 00:00:00+02:00,23.06513786315918,25.111060684752914,22.937267266304335,23.06513786315918,5596,0.0,0.0,0.0
2023-04-19 00:00:00+02:00,23.06513786315918,24.251243532206846,23.50165930480717,23.06513786315918,1046,0.0,0.0,0.0
2023-04-26 00:00:00+02:00,23.06513786315918,25.133106933378002,23.378198966889915,23.06513786315918,2484,0.0,0.0,0.0
2023-04-27 00:00:00+02:00,23.065138857460337,27.677284240722656,24.36588608464416,27.677284240722656,12940,0.0,0.0,0.0
2023-04-30 00:00:00+03:00,27.677284240722656,30.860810112412985,26.032609128481653,27.677284240722656,8044,0.0,0.0,0.0
2023-05-01 00:00:00+03:00,27.677284240722656,27.677284240722656,27.677284240722656,27.677284240722656,0,0.0,0.0,0.0
2023-05-02 00:00:00+03:00,27.677284240722656,27.963888849245777,27.677284240722656,27.677284240722656,1600,0.0,0.0,0.0
2023-05-03 00:00:00+03:00,27.677284240722656,28.88102763337022,27.346585451027575,27.677284240722656,576,0.0,0.0,0.0
2023-05-07 00:00:00+03:00,27.677284240722656,29.097083234039232,27.778698334386622,27.677284240722656,4680,0.0,0.0,0.0
2023-05-08 00:00:00+03:00,27.677284240722656,29.45424021445851,28.22844720819343,27.677284240722656,5790,0.0,0.0,0.0
2023-05-09 00:00:00+03:00,27.677282493734698,32.62894519037792,29.32195750216394,31.76030921936035,84586,0.0,0.0,0.0
2023-05-10 00:00:00+03:00,31.760311401124067,37.47919637437898,31.531028385835786,34.07520294189453,103022,0.0,0.0,0.0
2023-05-11 00:00:00+03:00,34.07520396318402,36.15640229189083,33.95174361555602,34.37944793701172,29252,0.0,0.0,0.0
2023-05-14 00:00:00+03:00,34.3794462070809,35.26571989230312,33.11397097948668,33.31679916381836,23114,0.0,0.0,0.0
2023-05-15 00:00:00+03:00,33.31679824793775,34.348580177482646,30.865219067101393,31.403156280517578,16930,0.0,0.0,0.0
2023-05-16 00:00:00+03:00,31.40315570544588,32.364386930494696,29.63060841618873,32.05573272705078,28004,0.0,0.0,0.0
2023-05-17 00:00:00+03:00,32.05573551197959,32.077783444156005,28.660562527424613,29.22495460510254,21036,0.0,0.0,0.0
2023-05-18 00:00:00+03:00,29.22495263568955,30.71971083457531,28.334272078883213,30.172956466674805,10184,0.0,0.0,0.0
2023-05-21 00:00:00+03:00,30.172956466674805,30.86521910343298,29.11912996926666,30.172956466674805,3200,0.0,0.0,0.0
2023-05-22 00:00:00+03:00,30.172956466674805,29.54242399900014,28.66056059604491,30.172956466674805,5444,0.0,0.0,0.0
2023-05-23 00:00:00+03:00,30.172956466674805,30.424287401955368,28.501824914389616,30.172956466674805,476,0.0,0.0,0.0
2023-05-24 00:00:00+03:00,30.172956466674805,30.424287401955368,29.49833150166076,30.172956466674805,5722,0.0,0.0,0.0
2023-05-25 00:00:00+03:00,30.172956466674805,31.61480165032816,29.987765959424266,30.172956466674805,4290,0.0,0.0,0.0
2023-05-28 00:00:00+03:00,30.172956466674805,30.86521910343298,29.851074844417703,30.172956466674805,852,0.0,0.0,0.0
2023-05-29 00:00:00+03:00,30.172956466674805,31.71180716289994,29.983355700477752,30.172956466674805,7020,0.0,0.0,0.0
2023-05-30 00:00:00+03:00,30.172956466674805,31.967548357127015,31.65889751170945,30.172956466674805,4084,0.0,0.0,0.0
2023-05-31 00:00:00+03:00,30.172960930941485,35.27454133728457,30.909316173987122,35.265724182128906,294372,0.0,0.0,0.0
2023-06-01 00:00:00+03:00,35.26571979615737,40.56571749274892,33.510810102705626,39.39283752441406,72474,0.0,0.0,0.0
2023-06-04 00:00:00+03:00,39.39283611830688,40.52162354797087,37.50124210222796,38.4448356628418,15520,0.0,0.0,0.0
2023-06-05 00:00:00+03:00,38.444836979925654,40.323203647718174,37.924537426095135,38.54624938964844,28518,0.0,0.0,0.0
2023-06-06 00:00:00+03:00,38.54625000954382,39.02245707271655,37.17054520132309,38.03477096557617,8366,0.0,0.0,0.0
2023-06-07 00:00:00+03:00,38.0347696768943,39.02245575057022,37.92453675104523,38.07004165649414,9390,0.0,0.0,0.0
2023-06-08 00:00:00+03:00,38.07004063406572,39.0136375489106,37.96862822887164,38.193504333496094,9150,0.0,0.0,0.0
2023-06-11 00:00:00+03:00,38.19350520885782,45.81280447529862,38.21114288060926,44.093170166015625,51536,0.0,0.0,0.0
2023-06-12 00:00:00+03:00,44.09316978092158,48.502486759013735,41.888511291875496,47.96895980834961,46122,0.0,0.0,0.0
2023-06-13 00:00:00+03:00,47.968963323221054,50.11189180071785,45.85689993227083,46.897499084472656,16832,0.0,0.0,0.0
2023-06-14 00:00:00+03:00,46.89749800558434,49.820874097958466,42.77037683750202,43.51555252075195,21206,0.0,0.0,0.0
2023-06-15 00:00:00+03:00,43.51554992170781,47.15764328905427,43.51554992170781,45.37187194824219,12176,0.0,0.0,0.0
2023-06-18 00:00:00+03:00,45.37187110649853,46.249324218629454,44.53410023131883,44.587013244628906,8942,0.0,0.0,0.0
2023-06-19 00:00:00+03:00,44.587013244628906,45.41596360223603,44.13726104159773,44.587013244628906,5708,0.0,0.0,0.0
2023-06-20 00:00:00+03:00,44.587013244628906,44.97503191677743,43.65223686040163,44.587013244628906,1650,0.0,0.0,0.0
2023-06-21 00:00:00+03:00,44.587013244628906,44.970621657991146,43.65223686040163,44.587013244628906,2948,0.0,0.0,0.0
2023-06-22 00:00:00+03:00,44.587013244628906,44.96180450446036,43.65223686040163,44.587013244628906,1682,0.0,0.0,0.0
2023-06-25 00:00:00+03:00,44.58701557469685,48.49367078114088,43.65223914161919,45.95390319824219,6172,0.0,0.0,0.0
2023-06-26 00:00:00+03:00,45.95390319824219,48.00864321055598,45.415965975624005,45.95390319824219,2324,0.0,0.0,0.0
2023-07-04 00:00:00+03:00,45.95390319824219,46.738761101127615,45.415965975624005,45.95390319824219,908,0.0,0.0,0.0
2023-07-05 00:00:00+03:00,45.95390319824219,46.73435084211086,41.88851230761438,45.95390319824219,4114,0.0,0.0,0.0
2023-07-06 00:00:00+03:00,45.95390319824219,45.415965975624005,43.32154036024329,45.95390319824219,4524,0.0,0.0,0.0
2023-07-09 00:00:00+03:00,45.95390319824219,44.97062400810604,42.83651615370036,45.95390319824219,1994,0.0,0.0,0.0
2023-07-10 00:00:00+03:00,45.95390319824219,44.093170850120394,42.32944401611558,45.95390319824219,4244,0.0,0.0,0.0
2023-07-11 00:00:00+03:00,45.95390319824219,44.5341025586216,42.35149194715743,45.95390319824219,4934,0.0,0.0,0.0
2023-07-12 00:00:00+03:00,45.953904271986985,43.65224016158401,41.89733044056607,42.77919387817383,6922,0.0,0.0,0.0
2023-07-13 00:00:00+03:00,42.77919387817383,43.21130844278013,41.97669828451245,42.77919387817383,4148,0.0,0.0,0.0
2023-07-16 00:00:00+03:00,42.77919284068233,42.81446818470122,42.32944397858829,42.761558532714844,6892,0.0,0.0,0.0
2023-07-17 00:00:00+03:00,42.761558532714844,43.872704956974324,42.770375686698586,42.761558532714844,2040,0.0,0.0,0.0
2023-07-18 00:00:00+03:00,42.761558532714844,43.64342194893543,42.36912621757808,42.761558532714844,2028,0.0,0.0,0.0
2023-07-19 00:00:00+03:00,42.761558532714844,42.761558532714844,42.761558532714844,42.761558532714844,0,0.0,0.0,0.0
2023-07-24 00:00:00+03:00,43.95648193359375,44.09316968311801,43.42736187897121,43.95648193359375,1592,0.0,0.0,0.0
2023-07-25 00:00:00+03:00,43.95648193359375,44.5341013799492,41.90173861162035,43.95648193359375,2584,0.0,0.0,0.0
2023-07-26 00:00:00+03:00,43.95648232130289,52.7442512512207,43.65223837131246,52.7442512512207,63630,0.0,0.0,0.0
2023-07-27 00:00:00+03:00,52.7442512512207,61.069040549765404,52.691338236079176,52.7442512512207,22644,0.0,0.0,0.0
2023-07-30 00:00:00+03:00,52.7442512512207,61.28950640012557,52.91180408643934,52.7442512512207,16314,0.0,0.0,0.0
2023-07-31 00:00:00+03:00,52.74425127666877,57.1006552708324,52.911804111968245,53.02644729614258,32074,0.0,0.0,0.0
2023-08-01 00:00:00+03:00,53.02644957755582,55.11646498796779,52.91180638844908,54.111141204833984,32338,0.0,0.0,0.0
2023-08-02 00:00:00+03:00,54.11114094833117,56.214383762123525,53.39683035441801,54.45065689086914,14810,0.0,0.0,0.0
2023-08-03 00:00:00+03:00,54.45065689086914,55.84400273390028,54.43301921847155,54.45065689086914,4590,0.0,0.0,0.0
2023-08-06 00:00:00+03:00,54.45065401650785,59.084847068029006,54.82103838922114,56.50980758666992,15494,0.0,0.0,0.0
2023-08-07 00:00:00+03:00,56.509808748504064,60.4076433936147,57.832603859313146,58.225032806396484,9930,0.0,0.0,0.0
2023-08-08 00:00:00+03:00,58.22503269773203,59.70214986519514,58.20298476697626,59.01429748535156,7508,0.0,0.0,0.0
2023-08-09 00:00:00+03:00,59.01430003371779,60.71629674906835,58.864384863039,60.04167175292969,9258,0.0,0.0,0.0
2023-08-10 00:00:00+03:00,60.041668363046185,60.40764247886484,58.20298399423473,58.79824447631836,11700,0.0,0.0,0.0
2023-08-13 00:00:00+03:00,58.79824738533135,59.96671374876107,57.32112343631574,59.0848503112793,49440,0.0,0.0,0.0
2023-08-14 00:00:00+03:00,59.0848478495433,60.354733299594926,58.754149074266,59.75506591796875,12404,0.0,0.0,0.0
2023-08-15 00:00:00+03:00,59.755068201853334,61.06904283531277,58.24708253632256,60.412052154541016,10182,0.0,0.0,0.0
2023-08-16 00:00:00+03:00,60.41205215454102,61.245412830968135,59.966713542256585,60.412052154541016,1636,0.0,0.0,0.0
2023-08-17 00:00:00+03:00,60.41204952339364,61.59374997268657,60.01080679154054,61.311553955078125,7046,0.0,0.0,0.0
2023-08-20 00:00:00+03:00,61.311553955078125,61.73043772257888,60.40764262852361,61.311553955078125,3580,0.0,0.0,0.0
2023-08-21 00:00:00+03:00,61.311553955078125,62.60789422374569,60.40764262852361,61.311553955078125,1934,0.0,0.0,0.0
2023-08-22 00:00:00+03:00,61.311553955078125,61.28950602456045,59.52577923248677,61.311553955078125,2144,0.0,0.0,0.0
2023-08-23 00:00:00+03:00,61.311553955078125,62.60789422374569,60.40764262852361,61.311553955078125,2180,0.0,0.0,0.0
2023-08-24 00:00:00+03:00,61.311553955078125,62.59907370592186,59.6139642264737,61.311553955078125,1554,0.0,0.0,0.0
2023-08-27 00:00:00+03:00,61.311553955078125,61.73043772257888,59.993165755892896,61.311553955078125,180,0.0,0.0,0.0
2023-08-28 00:00:00+03:00,61.311553955078125,61.72603082770885,59.993165755892896,61.311553955078125,1176,0.0,0.0,0.0
2023-08-29 00:00:00+03:00,61.311553955078125,61.069040175551244,59.08484753446835,61.311553955078125,1472,0.0,0.0,0.0
2023-08-30 00:00:00+03:00,61.311553955078125,60.848574326542035,59.128943395503704,61.311553955078125,570,0.0,0.0,0.0
2023-08-31 00:00:00+03:00,61.311553955078125,61.311553955078125,61.311553955078125,61.311553955078125,0,0.0,0.0,0.0
2023-09-03 00:00:00+03:00,61.31155547168548,63.93509779417447,59.530187599900096,61.465877532958984,7488,0.0,0.0,0.0
2023-09-04 00:00:00+03:00,61.465877532958984,61.72603235456873,60.80447996957097,61.465877532958984,1560,0.0,0.0,0.0
2023-09-05 00:00:00+03:00,61.465877532958984,61.72603235456873,59.52578070492106,61.465877532958984,3862,0.0,0.0,0.0
2023-09-06 00:00:00+03:00,61.465874671165565,62.17136806383258,58.2029828682688,61.7436637878418,9308,0.0,0.0,0.0
2023-09-07 00:00:00+03:00,61.74366378784179,62.16696116905872,59.68010671562877,61.7436637878418,532,0.0,0.0,0.0
2023-09-10 00:00:00+03:00,61.74366378784179,61.74366378784179,61.74366378784179,61.7436637878418,0,0.0,0.0,0.0
2023-09-11 00:00:00+03:00,61.74366378784179,62.7886697363535,60.40764131024868,61.7436637878418,2764,0.0,0.0,0.0
2023-09-12 00:00:00+03:00,61.74366378784179,61.730436375436604,60.848572998644656,61.7436637878418,438,0.0,0.0,0.0
2023-09-13 00:00:00+03:00,61.74366378784179,62.39183390803057,60.40764131024868,61.7436637878418,1532,0.0,0.0,0.0
2023-09-14 00:00:00+03:00,61.74366378784179,61.74366378784179,60.51787423234767,61.7436637878418,442,0.0,0.0,0.0
2023-09-17 00:00:00+03:00,61.74366378784179,61.726029480662746,60.40764131024868,61.7436637878418,1626,0.0,0.0,0.0
2023-09-18 00:00:00+03:00,61.74366378784179,60.848572998644656,60.40764131024868,61.7436637878418,2206,0.0,0.0,0.0
2023-09-19 00:00:00+03:00,61.743667186308286,66.11770896858032,60.40764463517843,64.40689849853516,22134,0.0,0.0,0.0
2023-09-20 00:00:00+03:00,64.40689849853516,64.40689849853516,64.40689849853516,64.40689849853516,0,0.0,0.0,0.0
2023-09-21 00:00:00+03:00,64.40689849853516,64.40689849853516,64.40689849853516,64.40689849853516,0,0.0,0.0,0.0
2023-09-24 00:00:00+03:00,64.40689849853516,64.40689849853516,64.40689849853516,64.40689849853516,0,0.0,0.0,0.0
2023-09-25 00:00:00+03:00,64.40689849853516,72.68759552414721,69.6672106011547,64.40689849853516,1218,0.0,0.0,0.0
2023-09-26 00:00:00+03:00,64.40689849853516,71.70431296068259,69.6672106011547,64.40689849853516,1236,0.0,0.0,0.0
2023-09-27 00:00:00+03:00,64.40689849853516,64.40689849853516,64.40689849853516,64.40689849853516,0,0.0,0.0,0.0
2023-10-01 00:00:00+03:00,64.40689849853516,64.40689849853516,64.40689849853516,64.40689849853516,0,0.0,0.0,0.0
2023-10-02 00:00:00+03:00,64.40689849853516,70.54907402648575,63.93509833650272,64.40689849853516,9648,0.0,0.0,0.0
2023-10-03 00:00:00+03:00,64.40689737131005,75.61538050373126,68.34441426702004,71.25015258789062,14372,0.0,0.0,0.0
2023-10-04 00:00:00+03:00,71.25015659023978,77.15864580529896,71.25897710869772,76.3649673461914,23104,0.0,0.0,0.0
2023-10-08 00:00:00+03:00,76.36496644201878,81.57236903182738,71.65140523065918,74.13825988769531,12230,0.0,0.0,0.0
2023-10-09 00:00:00+03:00,74.13825988769531,78.47702644199933,75.00248902806521,74.13825988769531,1344,0.0,0.0,0.0
2023-10-10 00:00:00+03:00,74.13825988769531,77.16305178686373,74.95839316438192,74.13825988769531,7740,0.0,0.0,0.0
2023-10-11 00:00:00+03:00,74.13826046529671,77.16305238803089,74.95839374837287,75.15240478515625,9762,0.0,0.0,0.0
2023-10-12 00:00:00+03:00,75.15240740624738,76.7221233359374,74.12503563696497,75.07303619384766,5526,0.0,0.0,0.0
2023-10-15 00:00:00+03:00,75.07302973798775,77.10572516896974,73.67969066229173,74.5835952758789,8222,0.0,0.0,0.0
2023-10-16 00:00:00+03:00,74.58359472581705,76.71770927752036,73.6355942574487,74.9892578125,20612,0.0,0.0,0.0
2023-10-17 00:00:00+03:00,74.98925656362854,74.95838811551255,72.79782550224009,73.52536010742188,6254,0.0,0.0,0.0
2023-10-18 00:00:00+03:00,73.5253583874918,74.5174546775779,70.10813783275081,73.84723663330078,17024,0.0,0.0,0.0
2023-10-19 00:00:00+03:00,73.84723663330078,73.84723663330078,73.84723663330078,73.84723663330078,0,0.0,0.0,0.0
2023-10-22 00:00:00+03:00,73.76346438685674,75.39932402638263,72.59499802154117,73.60472869873047,4124,0.0,0.0,0.0
2023-10-23 00:00:00+03:00,73.60472869873047,74.73351955211959,72.75373370966746,73.60472869873047,2554,0.0,0.0,0.0
2023-10-24 00:00:00+03:00,73.60472869873047,74.95839230693011,72.75373370966746,73.60472869873047,1642,0.0,0.0,0.0
2023-10-25 00:00:00+03:00,73.60472653985819,77.16304864095268,73.64000188374985,76.02544403076172,7132,0.0,0.0,0.0
2023-10-26 00:00:00+03:00,76.02544420069636,79.36330045599188,76.50165125217217,78.28301239013672,5020,0.0,0.0,0.0
2023-10-29 00:00:00+02:00,78.28301628145618,78.92677956677127,77.16305264907807,77.46288299560547,11136,0.0,0.0,0.0
2023-10-30 00:00:00+02:00,78.3548970156034,77.15513792262435,71.36147566691486,72.23565673828125,3884,1.0,0.0,0.0
2023-10-31 00:00:00+02:00,72.23565491028236,75.14809451779115,66.90583938683771,71.24551391601562,5164,0.0,0.0,0.0
2023-11-01 00:00:00+02:00,71.24551391601562,73.41311895676708,67.34739095635466,71.24551391601562,1970,0.0,0.0,0.0
2023-11-02 00:00:00+02:00,71.24551391601562,70.91100700729201,67.79340016798614,71.24551391601562,2224,0.0,0.0,0.0
2023-11-05 00:00:00+02:00,71.24551133444946,71.09386303576373,66.90137932056571,67.04410552978516,7678,0.0,0.0,0.0
2023-11-06 00:00:00+02:00,67.04410552978516,68.90842070018267,67.0396410822719,67.04410552978516,2948,0.0,0.0,0.0
2023-11-07 00:00:00+02:00,67.04411018576606,68.46241625918958,58.025803082618836,66.55349731445312,8890,0.0,0.0,0.0
2023-11-08 00:00:00+02:00,66.55349586381817,68.68541937530821,58.427207390684266,65.1218032836914,5300,0.0,0.0,0.0
2023-11-09 00:00:00+02:00,65.1218032836914,66.9013825084171,65.16194928542248,65.1218032836914,1522,0.0,0.0,0.0
2023-11-12 00:00:00+02:00,65.1218032836914,66.67837790005571,65.20654612375841,65.1218032836914,996,0.0,0.0,0.0
2023-11-13 00:00:00+02:00,65.1218032836914,66.45537329169431,65.11734564152597,65.1218032836914,2220,0.0,0.0,0.0
2023-11-14 00:00:00+02:00,65.1218032836914,66.45537329169431,57.98119817396149,65.1218032836914,2370,0.0,0.0,0.0
2023-11-15 00:00:00+02:00,65.12180196814438,75.23282989032634,64.67579276043159,71.37931060791016,16838,0.0,0.0,0.0
2023-11-16 00:00:00+02:00,71.37930931119837,85.65160369873047,69.37673236050637,85.65160369873047,32312,0.0,0.0,0.0
2023-11-19 00:00:00+02:00,85.65160154229528,102.77835845947266,86.97179173435033,102.77835845947266,45226,0.0,0.0,0.0
2023-11-20 00:00:00+02:00,102.77836636125555,119.5304716758985,82.51170619418366,98.14878845214844,36626,0.0,0.0,0.0
2023-11-21 00:00:00+02:00,98.14878727920681,116.85441494338491,98.12202781505603,113.37554168701172,42566,0.0,0.0,0.0
2023-11-22 00:00:00+02:00,113.37554315389784,115.96239800905819,110.61028733171705,113.5628662109375,10510,0.0,0.0,0.0
2023-11-23 00:00:00+02:00,113.56286400258945,117.73751732751815,107.04221146527577,112.95629119873047,9500,0.0,0.0,0.0
2023-11-26 00:00:00+02:00,112.95628718642091,115.77952623020082,109.27671129800392,111.53352355957031,5742,0.0,0.0,0.0
2023-11-27 00:00:00+02:00,111.53352448698894,113.28633738537718,109.27225456463547,110.84220886230469,7176,0.0,0.0,0.0
2023-11-28 00:00:00+02:00,110.84220938418626,112.84032871436193,100.35207099103334,104.16545104980469,5108,0.0,0.0,0.0
2023-11-29 00:00:00+02:00,104.16545325151165,111.4131029762772,102.6267228249043,109.47742462158203,5218,0.0,0.0,0.0
2023-11-30 00:00:00+02:00,109.47742462158203,109.40606151403443,105.25817446428728,109.47742462158203,1096,0.0,0.0,0.0
2023-12-03 00:00:00+02:00,109.47742462158203,111.94831267176316,105.25817446428728,109.47742462158203,708,0.0,0.0,0.0
2023-12-04 00:00:00+02:00,109.47742049550281,111.27483701505726,106.37765113175068,109.54431915283203,2710,0.0,0.0,0.0
2023-12-05 00:00:00+02:00,109.54431988112441,112.84032759680878,108.8262447969223,110.498779296875,8318,0.0,0.0,0.0
2023-12-06 00:00:00+02:00,110.4987811425448,112.84032948158963,104.8121637477216,110.8957290649414,5892,0.0,0.0,0.0
2023-12-07 00:00:00+02:00,110.8957290649414,111.72530646299685,106.18587292329516,110.8957290649414,848,0.0,0.0,0.0
2023-12-10 00:00:00+02:00,110.8957259404648,112.39431710745325,89.20183897416925,104.15206909179688,4288,0.0,0.0,0.0
2023-12-11 00:00:00+02:00,104.15206909179688,108.57201504074119,95.89197689723194,104.15206909179688,568,0.0,0.0,0.0
2023-12-12 00:00:00+02:00,104.15206909179688,108.82178590653945,100.79807804081125,104.15206909179688,1160,0.0,0.0,0.0
2023-12-13 00:00:00+02:00,104.15206909179688,106.14126628980712,100.46357114465812,104.15206909179688,500,0.0,0.0,0.0
2023-12-14 00:00:00+02:00,104.15206909179688,107.93422515874478,104.81216079464886,104.15206909179688,1418,0.0,0.0,0.0
2023-12-17 00:00:00+02:00,104.1520720184623,112.84032947312892,107.93422819168853,111.48892211914062,9382,0.0,0.0,0.0
2023-12-18 00:00:00+02:00,111.48892821693696,113.73235410843495,103.03705463548111,109.38822174072266,2754,0.0,0.0,0.0
2023-12-19 00:00:00+02:00,109.38822174072266,111.49785030712994,107.93423409506376,109.38822174072266,1556,0.0,0.0,0.0
2023-12-20 00:00:00+02:00,109.38821450572794,112.39431897922154,106.8192039504903,111.4354019165039,15224,0.0,0.0,0.0
2023-12-21 00:00:00+02:00,111.43540766269498,132.8661454937702,110.82437039625674,116.23892211914062,6720,0.0,2.0,0.0
2023-12-24 00:00:00+02:00,116.23892211914062,116.23892211914062,116.23892211914062,116.23892211914062,0,0.0,0.0,0.0
2023-12-25 00:00:00+02:00,112.96521759033203,115.90888123994709,108.02343448949968,112.96521759033203,1777,0.0,0.0,0.0
2023-12-26 00:00:00+02:00,112.96521871742371,112.96521871742371,107.05113869975199,108.75489044189453,3937,0.0,0.0,0.0
2023-12-27 00:00:00+02:00,108.75488398753227,115.07037602601552,107.14033282727216,112.90277099609375,5371,0.0,0.0,0.0
2023-12-28 00:00:00+02:00,112.90277238933892,113.28634058638137,109.72718895698036,110.6994857788086,2547,0.0,0.0,0.0
2023-12-31 00:00:00+02:00,110.6994857788086,112.39432215656734,107.93423000749722,110.6994857788086,1541,0.0,0.0,0.0
2024-01-02 00:00:00+02:00,110.69948305577418,111.19901799196342,108.82624576035555,109.92343139648438,4102,0.0,0.0,0.0
2024-01-03 00:00:00+02:00,109.92343139648438,109.71826416822731,107.93422735248379,109.92343139648438,2262,0.0,0.0,0.0
2024-01-04 00:00:00+02:00,109.92343772847148,109.71827048839604,108.06803769988598,109.10277557373047,3259,0.0,0.0,0.0
2024-01-08 00:00:00+02:00,109.10277557373047,109.66475155862017,104.36615973286453,109.10277557373047,1909,0.0,0.0,0.0
2024-01-09 00:00:00+02:00,109.10276804062283,108.3802353162935,94.31310817956349,104.05394744873047,2804,0.0,0.0,0.0
2024-01-10 00:00:00+02:00,104.05394855301655,107.04220885579544,99.60277860698662,103.4384536743164,4517,0.0,0.0,0.0
2024-01-11 00:00:00+02:00,103.43845793230693,105.25817637443046,102.58212104287715,103.33141326904297,3473,0.0,0.0,0.0
2024-01-14 00:00:00+02:00,103.33141326904297,105.70418559635601,103.0281302648027,103.33141326904297,1460,0.0,0.0,0.0
2024-01-15 00:00:00+02:00,103.33140949682112,110.8243655127443,104.36615412058306,107.81826782226562,4579,0.0,0.0,0.0
2024-01-16 00:00:00+02:00,107.81826782226562,110.42295994988928,106.7746011088339,107.81826782226562,2776,0.0,0.0,0.0
2024-01-17 00:00:00+02:00,107.81826760424376,109.71826436644137,103.47413550005852,107.03328704833984,5817,0.0,0.0,0.0
2024-01-18 00:00:00+02:00,107.03328704833984,108.81732386730637,105.25817231902505,107.03328704833984,1989,0.0,0.0,0.0
2024-01-21 00:00:00+02:00,107.03328652496316,107.04220861457128,105.25817180432841,106.21263122558594,7569,0.0,0.0,0.0
2024-01-22 00:00:00+02:00,106.2126368671347,107.04221430018356,104.36615894267896,105.08869171142578,4728,0.0,0.0,0.0
2024-01-23 00:00:00+02:00,105.08869171142578,104.81216816892973,103.47414049017745,105.08869171142578,1952,0.0,0.0,0.0
2024-01-24 00:00:00+02:00,105.08869171142578,107.04221430018356,103.47414049017745,105.08869171142578,1826,0.0,0.0,0.0
2024-01-28 00:00:00+02:00,105.08869249363178,107.0422150969302,103.47414126036587,104.97273254394531,4127,0.0,0.0,0.0
2024-01-29 00:00:00+02:00,104.97273039484305,107.04221290545952,103.4741391419442,106.1055908203125,6825,0.0,0.0,0.0
2024-01-30 00:00:00+02:00,106.10558770728393,107.93422817965936,103.47413610611972,105.06192779541016,8953,0.0,0.0,0.0
2024-01-31 00:00:00+02:00,105.06192779541016,107.93422817965936,103.51873974907927,105.06192779541016,2396,0.0,0.0,0.0
2024-02-01 00:00:00+02:00,105.06193082758023,107.93423129472627,84.05490063826532,107.29197692871094,8402,0.0,0.0,0.0
2024-02-04 00:00:00+02:00,107.29197692871094,106.86381188840778,102.62672429625944,107.29197692871094,1314,0.0,0.0,0.0
2024-02-05 00:00:00+02:00,107.29197692871094,105.25817597336943,103.47413909246487,107.29197692871094,2388,0.0,0.0,0.0
2024-02-06 00:00:00+02:00,107.29197692871094,105.24925388340793,102.58212065201258,107.29197692871094,2499,0.0,0.0,0.0
2024-02-07 00:00:00+02:00,107.29197692871094,105.23141650904556,98.12202844975116,107.29197692871094,1290,0.0,0.0,0.0
2024-02-08 00:00:00+02:00,107.29197692871094,104.9905677190095,92.06522242241289,107.29197692871094,2080,0.0,0.0,0.0
2024-02-11 00:00:00+02:00,107.29197692871094,105.16005340047482,100.53047551674808,107.29197692871094,2058,0.0,0.0,0.0
2024-02-12 00:00:00+02:00,107.29197340680926,105.34737299823314,92.08306357967271,101.44925689697266,2899,0.0,0.0,0.0
2024-02-13 00:00:00+02:00,101.44925689697266,110.61028298525662,82.06569382777104,101.44925689697266,2609,0.0,0.0,0.0
2024-02-14 00:00:00+02:00,101.44925689697266,103.45629832210837,98.65723491444746,101.44925689697266,1583,0.0,0.0,0.0
2024-02-15 00:00:00+02:00,101.44925689697266,102.57319519504517,99.95066569398224,101.44925689697266,1278,0.0,0.0,0.0
2024-02-18 00:00:00+02:00,101.44925689697266,101.44925689697266,101.44925689697266,101.44925689697266,0,0.0,0.0,0.0
2024-02-19 00:00:00+02:00,101.44926236907774,105.25817819578351,100.22719462985364,104.3215560913086,31448,0.0,0.0,0.0
2024-02-20 00:00:00+02:00,104.32154921782642,109.53986230527848,101.06568750040049,107.11357116699219,18213,0.0,0.0,0.0
2024-02-21 00:00:00+02:00,107.11357535344979,115.51638738137014,106.96193385277017,111.65394592285156,9958,0.0,0.0,0.0
2024-02-22 00:00:00+02:00,111.65394566777658,120.41357321650906,111.05629495077362,116.16755676269531,14956,0.0,0.0,0.0
2024-02-25 00:00:00+02:00,116.16755682509046,119.53047013170074,109.7271894495906,111.5201416015625,5600,0.0,0.0,0.0
2024-02-26 00:00:00+02:00,111.5201416015625,111.50230422733277,102.71592401533107,111.5201416015625,1562,0.0,0.0,0.0
2024-02-27 00:00:00+02:00,111.52014143700744,106.9084077743044,90.99480220513007,104.46427917480469,10154,0.0,0.0,0.0
2024-02-28 00:00:00+02:00,104.46427917480469,104.46427917480469,99.46897731390318,104.46427917480469,4144,0.0,0.0,0.0
2024-02-29 00:00:00+02:00,104.46428519267829,111.50231048611712,100.79808867944988,103.49198150634766,7363,0.0,0.0,0.0
2024-03-03 00:00:00+02:00,103.49197632165126,106.56944402023102,101.24409284931146,103.04596710205078,3846,0.0,0.0,0.0
2024-03-04 00:00:00+02:00,103.04596427261332,105.57037801957127,101.86850023742127,105.06192779541016,6261,0.0,0.0,0.0
2024-03-05 00:00:00+02:00,105.06193515634106,105.59714488155203,103.53658437698745,104.37508392333984,2575,0.0,0.0,0.0
2024-03-06 00:00:00+02:00,104.37507899331577,106.15019377355182,101.77930208058757,105.15113067626953,3232,0.0,0.0,0.0
2024-03-07 00:00:00+02:00,105.15112675058828,111.50230022118892,102.05582861311873,107.13140869140625,4413,0.0,0.0,0.0
2024-03-10 00:00:00+02:00,107.13140869140625,110.6102818194194,104.04502583795097,107.13140869140625,2482,0.0,0.0,0.0
2024-03-11 00:00:00+02:00,107.13140869140625,107.84502613504598,104.42859402293428,107.13140869140625,1456,0.0,0.0,0.0
2024-03-12 00:00:00+02:00,107.13140915183214,107.0422086723839,93.8403335472324,103.95582580566406,2720,0.0,0.0,0.0
2024-03-13 00:00:00+02:00,103.95582580566406,106.14126817716776,98.12202461635191,103.95582580566406,231,0.0,0.0,0.0
2024-03-14 00:00:00+02:00,103.95582580566406,105.9717893078842,102.1361074415663,103.95582580566406,730,0.0,0.0,0.0
2024-03-17 00:00:00+02:00,103.95582580566406,105.2135682186732,98.21122509580016,103.95582580566406,1811,0.0,0.0,0.0
2024-03-18 00:00:00+02:00,103.95582580566406,102.4037156854714,94.1079417911375,103.95582580566406,869,0.0,0.0,0.0
2024-03-19 00:00:00+02:00,103.95582270022109,94.77695276409473,87.41780113770619,88.73799133300781,8732,0.0,0.0,0.0
2024-03-20 00:00:00+02:00,88.73799133300781,102.58211357996134,87.43563851083886,88.73799133300781,2453,0.0,0.0,0.0
2024-03-21 00:00:00+02:00,88.73799425291648,100.79808013879273,89.64785003494397,97.73845672607422,2749,0.0,0.0,0.0
2024-03-24 00:00:00+02:00,97.73845672607422,105.25817218033222,98.16662855650857,97.73845672607422,1870,0.0,0.0,0.0
2024-03-25 00:00:00+02:00,97.73845672607422,104.36615377202433,100.08446268992226,97.73845672607422,941,0.0,0.0,0.0
2024-03-26 00:00:00+02:00,97.73846143950455,106.15019570772574,99.01404809712234,104.419677734375,6487,0.0,0.0,0.0
2024-03-27 00:00:00+02:00,104.419677734375,106.15019570772574,101.73470709588916,104.419677734375,959,0.0,0.0,0.0
2024-03-28 00:00:00+02:00,104.419677734375,104.419677734375,101.69010345109862,104.419677734375,3064,0.0,0.0,0.0
2024-03-31 00:00:00+02:00,104.419677734375,106.15019570772574,101.38682044431711,104.419677734375,2264,0.0,0.0,0.0
2024-04-01 00:00:00+02:00,104.419677734375,105.25817725640032,102.08259374746123,104.419677734375,960,0.0,0.0,0.0
2024-04-02 00:00:00+02:00,104.419677734375,104.419677734375,102.58212190242405,104.419677734375,1802,0.0,0.0,0.0
2024-04-03 00:00:00+02:00,104.419677734375,105.25817725640032,102.68916656658494,104.419677734375,48,0.0,0.0,0.0
2024-04-04 00:00:00+02:00,104.41968059746758,107.93423556983507,103.39386479476495,106.0966796875,6259,0.0,0.0,0.0
2024-04-07 00:00:00+02:00,106.0966796875,107.43470740117564,104.49996579917976,106.0966796875,2102,0.0,0.0,0.0
2024-04-08 00:00:00+02:00,106.0966796875,107.3009032686959,99.01405081199746,106.0966796875,2528,0.0,0.0,0.0
2024-04-15 00:00:00+02:00,106.09667198999077,120.41357020982711,103.11732695813832,115.90887451171875,18096,0.0,0.0,0.0
2024-04-16 00:00:00+02:00,115.90887852288242,118.59384913310473,114.35676153391094,116.85441589355469,6119,0.0,0.0,0.0
2024-04-17 00:00:00+02:00,116.8544133000133,115.9623948778758,107.04221065650074,107.33657836914062,7142,0.0,0.0,0.0
2024-04-18 00:00:00+02:00,107.33657836914062,112.34080226177687,99.10324533836484,107.33657836914062,1971,0.0,0.0,0.0
2024-04-21 00:00:00+02:00,107.33657836914062,107.04221065650074,101.99338312053342,107.33657836914062,790,0.0,0.0,0.0
2024-04-22 00:00:00+02:00,107.33657836914062,106.94408808562078,103.5276558954996,107.33657836914062,646,0.0,0.0,0.0
2024-04-23 00:00:00+02:00,107.33657836914062,106.15019223436323,94.55395274657565,107.33657836914062,1925,0.0,0.0,0.0
2024-04-24 00:00:00+02:00,107.33657836914062,106.15019223436323,96.39150851839956,107.33657836914062,2024,0.0,0.0,0.0
2024-04-28 00:00:00+03:00,107.33657836914062,107.33657836914062,107.33657836914062,107.33657836914062,0,0.0,0.0,0.0
2024-04-29 00:00:00+03:00,107.33657836914062,102.5821185458132,99.01404485726319,107.33657836914062,950,0.0,0.0,0.0
2024-04-30 00:00:00+03:00,107.33657836914062,103.47413696795071,98.25583055955839,107.33657836914062,831,0.0,0.0,0.0
2024-05-02 00:00:00+03:00,107.33657836914062,102.5731964560349,98.16663007845673,107.33657836914062,528,0.0,0.0,0.0
2024-05-07 00:00:00+03:00,107.33657836914062,105.9539470926033,101.20840935905419,107.33657836914062,1346,0.0,0.0,0.0
2024-05-08 00:00:00+03:00,107.33657836914062,105.70418302329448,101.72578167722845,107.33657836914062,1006,0.0,0.0,0.0
2024-05-09 00:00:00+03:00,107.33657836914062,105.0530065806875,101.24409091260695,107.33657836914062,1265,0.0,0.0,0.0
2024-05-12 00:00:00+03:00,107.33657836914062,103.36709230729244,99.90606327940068,107.33657836914062,1045,0.0,0.0,0.0
2024-05-13 00:00:00+03:00,107.3365813815959,99.9060660833148,96.33799229462498,97.63141632080078,3576,0.0,0.0,0.0
2024-05-14 00:00:00+03:00,97.63141632080078,98.74643937976634,96.33799229462498,97.63141632080078,1763,0.0,0.0,0.0
2024-05-15 00:00:00+03:00,97.63141632080078,97.63141632080078,96.33799229462498,97.63141632080078,2722,0.0,0.0,0.0
2024-05-16 00:00:00+03:00,97.63141632080078,100.79808453048726,96.33799229462498,97.63141632080078,1586,0.0,0.0,0.0
2024-05-19 00:00:00+03:00,97.63141928247536,102.51076142541451,97.67602292841131,98.12203216552734,1089,0.0,0.0,0.0
2024-05-20 00:00:00+03:00,97.63141632080078,101.63658404860878,98.13095127899861,97.63141632080078,515,0.0,0.0,0.0
2024-05-21 00:00:00+03:00,97.63141632080078,100.79808453048726,97.67601996538367,97.63141632080078,644,0.0,0.0,0.0
2024-05-22 00:00:00+03:00,97.6314206217728,117.15770474612737,97.80982840240313,110.94925689697266,38291,0.0,0.0,0.0
2024-05-23 00:00:00+03:00,110.94925235912187,116.76520965857681,106.2572402122049,109.71826934814453,8028,0.0,0.0,0.0
2024-05-26 00:00:00+03:00,109.71826934814453,109.71826934814453,109.71826934814453,109.71826934814453,0,0.0,0.0,0.0
2024-05-27 00:00:00+03:00,109.71826934814453,110.61028779812945,106.15019554820486,109.71826934814453,1290,0.0,0.0,0.0
2024-05-28 00:00:00+03:00,109.71826934814453,109.62906886425817,101.82390742689017,109.71826934814453,974,0.0,0.0,0.0
2024-05-29 00:00:00+03:00,109.71826587539307,108.82624745364191,103.61686313728414,107.22061157226562,2648,0.0,0.0,0.0
2024-05-30 00:00:00+03:00,107.22061157226562,109.62906539433006,105.70418297751284,107.22061157226562,386,0.0,0.0,0.0
2024-06-02 00:00:00+03:00,107.22061157226562,110.60136220736979,105.25817376663726,107.22061157226562,1879,0.0,0.0,0.0
2024-06-03 00:00:00+03:00,107.22061672798313,110.69949010120683,105.52578708960819,110.05723571777344,6718,0.0,0.0,0.0
2024-06-04 00:00:00+03:00,110.05723354457513,114.6243704433712,110.62812480622955,112.49244689941406,8609,0.0,0.0,0.0
2024-06-05 00:00:00+03:00,112.49244842218424,112.39432584723782,109.85207459990055,112.14456176757812,5341,0.0,0.0,0.0
2024-06-06 00:00:00+03:00,112.14455737351899,112.38539935359393,108.82624774677677,109.74502563476562,2607,0.0,0.0,0.0
2024-06-09 00:00:00+03:00,109.74502563476562,111.94831223131546,107.04221089846895,109.74502563476562,2430,0.0,0.0,0.0
2024-06-10 00:00:00+03:00,109.74502099155734,113.28633507450837,107.49713765224193,113.02764892578125,7857,0.0,0.0,0.0
2024-06-11 00:00:00+03:00,113.02764892578125,113.28633507450837,110.84220660129238,113.02764892578125,1037,0.0,0.0,0.0
2024-06-12 00:00:00+03:00,113.02764892578125,113.28633507450837,111.50229830168148,113.02764892578125,104,0.0,0.0,0.0
2024-06-13 00:00:00+03:00,113.02765008096858,115.94454723990593,111.95723072855641,113.71450805664062,5231,0.0,0.0,0.0
2024-06-23 00:00:00+03:00,113.71450805664062,115.07037302340005,112.39431783680935,113.71450805664062,768,0.0,0.0,0.0
2024-06-24 00:00:00+03:00,113.71450805664062,113.2863362323396,110.84220773414363,113.71450805664062,859,0.0,0.0,0.0
2024-06-25 00:00:00+03:00,113.71450805664062,114.08915414942885,111.50229944127912,113.71450805664062,237,0.0,0.0,0.0
2024-06-26 00:00:00+03:00,113.71450805664062,113.19713575389862,109.4952580513361,113.71450805664062,1227,0.0,0.0,0.0
2024-06-27 00:00:00+03:00,113.71450805664062,113.27741414282741,109.52201751431237,113.71450805664062,1896,0.0,0.0,0.0
2024-07-02 00:00:00+03:00,113.71450805664062,112.30511735836839,107.93422585915819,113.71450805664062,1735,0.0,0.0,0.0
2024-07-03 00:00:00+03:00,113.71450805664062,111.05629024351401,108.34455350443487,113.71450805664062,1741,0.0,0.0,0.0
2024-07-04 00:00:00+03:00,113.71450805664062,112.1713132379268,108.15723045804074,113.71450805664062,1926,0.0,0.0,0.0
2024-07-07 00:00:00+03:00,113.71451270904616,111.84126855734436,107.05113393292665,108.46051788330078,3918,0.0,0.0,0.0
2024-07-08 00:00:00+03:00,108.46051788330078,110.26239892710602,108.38023949108755,108.46051788330078,2334,0.0,0.0,0.0
2024-07-09 00:00:00+03:00,108.46052342586385,109.71827274596241,108.43376396042532,109.17414093017578,4868,0.0,0.0,0.0
2024-07-10 00:00:00+03:00,109.17413740006678,110.61028764702544,108.83517283953742,109.70043182373047,3581,0.0,0.0,0.0
2024-07-14 00:00:00+03:00,109.70042826396003,115.97130986084736,108.82624721808943,110.11075592041016,6093,0.0,0.0,0.0
2024-07-15 00:00:00+03:00,110.11075592041016,111.55582140496053,107.97883244148423,110.11075592041016,726,0.0,0.0,0.0
2024-07-16 00:00:00+03:00,110.11075592041016,110.60136196797511,109.71826563790984,110.11075592041016,692,0.0,0.0,0.0
2024-07-17 00:00:00+03:00,110.11075592041016,110.52108357686029,108.00559190518916,110.11075592041016,473,0.0,0.0,0.0
2024-07-18 00:00:00+03:00,110.11075592041016,111.49338038779551,108.82624721808943,110.11075592041016,1915,0.0,0.0,0.0
2024-07-21 00:00:00+03:00,110.11075592041016,111.32390151581075,108.82624721808943,110.11075592041016,1096,0.0,0.0,0.0
2024-07-22 00:00:00+03:00,110.11075817166088,110.08399870740884,108.82624944307794,108.87976837158203,3342,0.0,0.0,0.0
2024-07-23 00:00:00+03:00,108.87976837158203,110.61028631919397,109.08493560678204,108.87976837158203,990,0.0,0.0,0.0
2024-07-24 00:00:00+03:00,108.87976837158203,110.15535501022742,107.94315309495748,108.87976837158203,695,0.0,0.0,0.0
2024-07-28 00:00:00+03:00,108.87976837158203,110.06615452753374,108.38024022404893,108.87976837158203,775,0.0,0.0,0.0
2024-07-29 00:00:00+03:00,108.87976837158203,109.70934579119842,108.38024022404893,108.87976837158203,587,0.0,0.0,0.0
2024-07-30 00:00:00+03:00,108.87976837158203,111.0027766097189,108.60324483356344,108.87976837158203,774,0.0,0.0,0.0
2024-07-31 00:00:00+03:00,108.87976247305734,111.49337662719809,108.38023435258602,111.0384521484375,4872,0.0,0.0,0.0
2024-08-01 00:00:00+03:00,111.03846195920451,112.75113578548057,110.73517214100683,111.64503479003906,6761,0.0,0.0,0.0
2024-08-04 00:00:00+03:00,22.329004287719727,22.65726708711842,21.67604650392166,22.329004287719727,6700,0.0,0.0,0.0
2024-08-05 00:00:00+03:00,22.329004287719727,22.300460066335077,21.40844166368167,22.329004287719727,7670,0.0,0.0,0.0
2024-08-06 00:00:00+03:00,22.32900461395803,23.174638031195236,21.94365336615985,22.667972564697266,37135,0.0,0.0,0.0
2024-08-07 00:00:00+03:00,22.667972364158413,23.370882964778524,22.543088630121886,22.981962203979492,20165,0.0,0.0,0.0
2024-08-08 00:00:00+03:00,22.98196312475428,24.6143568083651,23.012292105723574,23.92928695678711,71745,0.0,0.0,0.0
2024-08-11 00:00:00+03:00,23.92928695678711,24.08449797540625,23.410131569316754,23.92928695678711,6305,0.0,0.0,0.0
2024-08-12 00:00:00+03:00,23.92928695678711,24.08449797540625,23.445813123725372,23.92928695678711,7740,0.0,0.0,0.0
2024-08-13 00:00:00+03:00,23.92928739259227,26.65351082959053,22.345061736912648,23.121118545532227,80119,0.0,5.0,0.0
2024-08-14 00:00:00+03:00,23.121118423838784,24.039898045076004,22.041775208463974,22.318302154541016,22686,0.0,0.0,0.0
2024-08-15 00:00:00+03:00,22.318301105392376,23.10327656035434,20.516423502492056,21.158676147460938,31431,0.0,0.0,0.0
2024-08-18 00:00:00+03:00,21.158676746077283,22.202338387047558,20.971353690682946,21.50656509399414,16059,0.0,0.0,0.0
2024-08-19 00:00:00+03:00,21.50656518108617,22.006095032217424,21.14083775597702,21.381681442260742,26695,0.0,0.0,0.0
2024-08-20 00:00:00+03:00,21.38168042998101,23.638487593898958,21.140836755099627,21.738489151000977,59357,0.0,0.0,0.0
2024-08-21 00:00:00+03:00,21.738488446095808,22.30045927111633,21.453041138257902,21.78308868408203,26760,0.0,0.0,0.0
2024-08-22 00:00:00+03:00,21.7830894659898,22.300460071595204,21.63144626944735,21.747407913208008,23394,0.0,0.0,0.0
2024-08-25 00:00:00+03:00,21.747407913208008,22.2469394438126,21.50656423749124,21.747407913208008,9678,0.0,0.0,0.0
2024-08-26 00:00:00+03:00,21.747408927643683,22.032856259042823,21.408442667355555,21.444124221801758,64831,0.0,0.0,0.0
2024-08-27 00:00:00+03:00,21.44412380505163,21.809851224066772,21.158676479199936,21.363842010498047,21443,0.0,0.0,0.0
2024-08-28 00:00:00+03:00,21.363842010498047,21.845531076429406,21.37276069754611,21.363842010498047,5014,0.0,0.0,0.0
2024-08-29 00:00:00+03:00,21.363842010498047,21.774169670314013,21.185437644514504,21.363842010498047,11584,0.0,0.0,0.0
2024-09-01 00:00:00+03:00,21.363842010498047,21.765249281875825,21.185437644514504,21.363842010498047,7302,0.0,0.0,0.0
2024-09-02 00:00:00+03:00,21.363842010498047,21.756328893437633,21.40844225129887,21.363842010498047,2392,0.0,0.0,0.0
2024-09-03 00:00:00+03:00,21.363842010498047,21.586846617282408,21.328160456745287,21.363842010498047,5870,0.0,0.0,0.0
2024-09-04 00:00:00+03:00,21.363842096009037,21.586846703686,21.19435811778531,21.23895835876465,17190,0.0,0.0,0.0
2024-09-05 00:00:00+03:00,21.23895835876465,21.408442336988376,21.23895835876465,21.23895835876465,4408,0.0,0.0,0.0
2024-09-08 00:00:00+03:00,21.23895835876465,21.533324372842632,21.185437729311413,21.23895835876465,8177,0.0,0.0,0.0
2024-09-09 00:00:00+03:00,21.23895835876465,21.488724131863293,20.96243312163445,21.23895835876465,7558,0.0,0.0,0.0
2024-09-10 00:00:00+03:00,21.238958264019907,22.06853567309997,21.14083739402504,21.497644424438477,26172,0.0,0.0,0.0
2024-09-11 00:00:00+03:00,21.497644742885434,23.62956826990248,21.40844255861318,23.299522399902344,39235,0.0,0.0,0.0
2024-09-12 00:00:00+03:00,23.29952118184109,22.924873388595735,21.408441439414513,22.20233726501465,69935,0.0,0.0,0.0
2024-09-16 00:00:00+03:00,22.202337963458984,22.7286289681786,21.40844211288436,22.291540145874023,22672,0.0,0.0,0.0
2024-09-17 00:00:00+03:00,22.291540145874023,22.291540145874023,21.435203278025906,22.291540145874023,10622,0.0,0.0,0.0
2024-09-18 00:00:00+03:00,22.291540145874023,22.291540145874023,21.444123666406423,22.291540145874023,10928,0.0,0.0,0.0
2024-09-19 00:00:00+03:00,22.291540145874023,22.28261975749351,21.577926089333925,22.291540145874023,1790,0.0,0.0,0.0
2024-09-22 00:00:00+03:00,22.291540145874023,22.648347174144075,21.515485072060432,22.291540145874023,5290,0.0,0.0,0.0
2024-09-23 00:00:00+03:00,22.29154086807237,22.211259071436885,21.85445203160705,22.11313819885254,12246,0.0,0.0,0.0
2024-09-24 00:00:00+03:00,22.113138301626478,22.148818155080203,21.676047761739547,21.85445213317871,20074,0.0,0.0,0.0
2024-09-25 00:00:00+03:00,22.11313819885254,22.300461256741887,21.85445203160705,22.11313819885254,3442,0.0,0.0,0.0
2024-09-26 00:00:00+03:00,22.113136946959884,22.148816798227838,21.67604643384943,21.738489151000977,20074,0.0,0.0,0.0
2024-09-29 00:00:00+03:00,21.738490629748654,22.407504475085247,21.319240864448002,21.792011260986328,17575,0.0,0.0,0.0
2024-09-30 00:00:00+03:00,21.79200907195728,22.12205491639139,21.497643077634145,21.78308868408203,15742,0.0,0.0,0.0
2024-10-01 00:00:00+03:00,21.783090038909744,22.08637643997142,21.444123785517938,21.631446838378906,14651,0.0,0.0,0.0
2024-10-02 00:00:00+03:00,21.631447802412765,21.863372807760097,21.00703419560147,21.26572036743164,25497,0.0,0.0,0.0
2024-10-03 00:00:00+03:00,21.26571939784919,21.7652492396887,20.9624329970991,21.033794403076172,21818,0.0,0.0,0.0
2024-10-07 00:00:00+03:00,21.033793519147693,21.586845668271025,17.01971077349821,20.141775131225586,60431,0.0,0.0,0.0
2024-10-08 00:00:00+03:00,21.272277769576803,21.187489981639573,20.58455619798318,20.772972106933594,14730,1.2,0.0,0.0
2024-10-09 00:00:00+03:00,20.772972106933594,21.83752909019688,20.59397726296336,20.772972106933594,5500,0.0,0.0,0.0
2024-10-10 00:00:00+03:00,20.772973130520185,21.63969138567593,19.783784618356176,20.075830459594727,23583,0.0,0.0,0.0
2024-10-13 00:00:00+03:00,20.07583075440053,22.789036548158503,20.46208545887063,21.884634017944336,54483,0.0,0.0,0.0
2024-10-14 00:00:00+03:00,21.884634130859002,24.023167513294787,21.21575464299341,21.48895835876465,137218,0.0,0.0,0.0
2024-10-15 00:00:00+03:00,21.48895842444279,22.365097765106988,21.244016107932456,21.72447967529297,20159,0.0,0.0,0.0
2024-10-16 00:00:00+03:00,21.72447967529297,22.61004008161732,21.667955078216597,21.72447967529297,10945,0.0,0.0,0.0
2024-10-17 00:00:00+03:00,21.72447967529297,22.51583122190034,21.715058609632816,21.72447967529297,9239,0.0,0.0,0.0
2024-10-20 00:00:00+03:00,21.724478908488816,22.610039283555736,21.90347555594462,22.49698829650879,14138,0.0,0.0,0.0
2024-10-21 00:00:00+03:00,22.496988862523047,22.97745242501299,22.007106031352976,22.515830993652344,15164,0.0,0.0,0.0
2024-10-22 00:00:00+03:00,22.515831002692465,27.01899792198477,22.393360744071906,24.880464553833008,245524,0.0,0.0,0.0
2024-10-23 00:00:00+03:00,24.880463533255448,28.26254866755722,25.57760618476239,26.208803176879883,253871,0.0,0.0,0.0
2024-10-24 00:00:00+03:00,26.208803919336134,27.2922012895733,25.90733701251026,26.06749153137207,30210,0.0,0.0,0.0
2024-10-27 00:00:00+03:00,26.06749115588248,31.2772216796875,26.06749115588248,31.2772216796875,802205,0.0,0.0,0.0
2024-10-28 00:00:00+03:00,31.277222451365212,36.36447925161287,31.286641720026296,32.002628326416016,1128748,0.0,0.0,0.0
2024-10-29 00:00:00+03:00,32.0026274655131,33.44401631440977,30.73081060433756,31.40911293029785,635719,0.0,0.0,0.0
2024-10-30 00:00:00+03:00,31.409113272223347,33.41575527918792,29.769885628115166,30.325714111328125,488155,0.0,0.0,0.0
2024-10-31 00:00:00+03:00,30.32571304379734,31.55984561379507,30.146718198252007,30.156137466430664,184707,0.0,0.0,0.0
2024-11-03 00:00:00+02:00,30.156137505867104,31.04169965411091,29.110424438879125,29.28942108154297,168210,0.0,0.0,0.0
2024-11-04 00:00:00+02:00,29.289421579297635,30.467027780469508,29.289421579297635,29.440155029296875,115801,0.0,0.0,0.0
2024-11-05 00:00:00+02:00,29.44015566509407,33.82085226556767,29.458997795972014,30.796756744384766,463147,0.0,0.0,0.0
2024-11-06 00:00:00+02:00,30.79675685245579,31.5033205908975,29.958301791174673,30.033668518066406,170405,0.0,0.0,0.0
2024-11-07 00:00:00+02:00,30.033668269261085,30.740233798733964,29.53436438157137,29.59088897705078,106720,0.0,0.0,0.0
2024-11-10 00:00:00+02:00,29.590889647760843,30.269191996426237,29.53436505100024,29.58146858215332,35208,0.0,0.0,0.0
2024-11-11 00:00:00+02:00,29.581467951495124,31.04170074560836,29.204634319650726,30.090194702148438,147905,0.0,0.0,0.0
2024-11-12 00:00:00+02:00,30.090193644108126,30.561234319687387,27.518300378824215,29.28942108154297,168616,0.0,0.0,0.0
2024-11-13 00:00:00+02:00,29.289421356357707,30.043088600617295,28.733591089884595,29.101003646850586,53592,0.0,0.0,0.0
2024-11-14 00:00:00+02:00,29.10100399339362,29.675676397037694,28.620540445624968,28.78069496154785,34223,0.0,0.0,0.0
2024-11-17 00:00:00+02:00,28.780694162077463,30.749651827953823,28.75243276391901,29.713359832763672,123207,0.0,0.0,0.0
2024-11-18 00:00:00+02:00,29.713361244526617,31.079385189467228,29.23289768727615,29.93004035949707,157359,0.0,0.0,0.0
2024-11-19 00:00:00+02:00,29.93003905595941,31.07938383587236,29.68509675527115,30.052509307861328,133308,0.0,0.0,0.0
2024-11-20 00:00:00+02:00,30.05250929313277,30.853281853281853,29.515521163645857,29.685096740722656,39273,0.0,0.0,0.0
2024-11-21 00:00:00+02:00,29.685097842628796,31.606950261441032,29.685097842628796,30.353979110717773,79827,0.0,0.0,0.0
2024-11-24 00:00:00+02:00,30.353979676688958,30.6554465874661,29.732201927105454,29.977144241333008,34780,0.0,0.0,0.0
2024-11-25 00:00:00+02:00,29.977144360564978,30.146719947772723,28.92201016864827,29.21405601501465,28838,0.0,0.0,0.0
2024-11-26 00:00:00+02:00,29.214055734530067,29.760464956461984,28.43212526526742,28.63938331604004,30544,0.0,0.0,0.0
2024-11-27 00:00:00+02:00,28.63938224024531,29.864093758491403,27.659614822532888,28.102394104003906,110948,0.0,0.0,0.0
2024-11-28 00:00:00+02:00,28.102395340669936,28.53575537293024,27.320464866369903,28.11181640625,26778,0.0,0.0,0.0
2024-12-01 00:00:00+02:00,28.111815010366087,29.204633407006543,27.424093429130778,27.631351470947266,36201,0.0,0.0,0.0
2024-12-02 00:00:00+02:00,27.63135295339543,28.72417140866663,27.555986225338263,27.716140747070312,30556,0.0,0.0,0.0
2024-12-03 00:00:00+02:00,27.716139024156654,29.20463315842011,27.810347877592957,27.923397064208984,77219,0.0,0.0,0.0
2024-12-04 00:00:00+02:00,27.923397527451723,28.81837895461752,27.885715063582712,27.970502853393555,47204,0.0,0.0,0.0
2024-12-05 00:00:00+02:00,27.970502559756934,28.5451731551387,27.725560258084197,27.763242721557617,34815,0.0,0.0,0.0
2024-12-08 00:00:00+02:00,27.76324259636485,28.479227367975536,27.782084726458812,28.05529022216797,17670,0.0,0.0,0.0
2024-12-09 00:00:00+02:00,28.055290754930184,28.526333234917622,27.386409498968103,28.30965232849121,47177,0.0,0.0,0.0
2024-12-10 00:00:00+02:00,28.309652751131104,28.54517399464096,27.54656442528682,28.224864959716797,40378,0.0,0.0,0.0
2024-12-11 00:00:00+02:00,28.224864393429005,29.666255021668498,27.57482706814061,29.23289680480957,58179,0.0,0.0,0.0
2024-12-12 00:00:00+02:00,29.232896999060607,31.37142849580204,28.856061576993806,30.17498016357422,235104,0.0,0.0,0.0
2024-12-15 00:00:00+02:00,30.174980407579838,30.853282735277503,27.800927651291452,29.8829345703125,127829,0.0,0.0,0.0
2024-12-16 00:00:00+02:00,29.882934227354976,29.911197422979505,28.733591225224405,28.837221145629883,27124,0.0,0.0,0.0
2024-12-17 00:00:00+02:00,28.83722217191271,29.39305246078522,28.262549751953284,28.507492065429688,20864,0.0,0.0,0.0
2024-12-18 00:00:00+02:00,28.507492214085556,28.827801256695412,27.838610932088077,27.848031997680664,43706,0.0,0.0,0.0
2024-12-19 00:00:00+02:00,27.848031997680664,28.686488866575658,27.734982804338674,27.848031997680664,3459,0.0,0.0,0.0
2024-12-22 00:00:00+02:00,27.848031997680664,28.611122138719487,27.848031997680664,27.848031997680664,4454,0.0,0.0,0.0
2024-12-23 00:00:00+02:00,27.848030917706346,28.498070043309486,26.94363021850586,26.94363021850586,49813,0.0,0.0,0.0
2024-12-24 00:00:00+02:00,26.943630462393944,28.00818568632454,26.378379121834875,26.65158462524414,16003,0.0,0.0,0.0
2024-12-25 00:00:00+02:00,26.65158462524414,27.73498197979975,26.642163559931635,26.65158462524414,7364,0.0,0.0,0.0
2024-12-26 00:00:00+02:00,26.651584976780722,27.555985696096773,26.472588327251064,26.698688507080078,12455,0.0,0.0,0.0
2024-12-29 00:00:00+02:00,26.698687186896432,27.546563268550994,26.37837816542269,26.453744888305664,11498,0.0,0.0,0.0
2024-12-30 00:00:00+02:00,26.45374530873267,27.311042468983104,26.114594151926983,26.36895751953125,25687,0.0,0.0,0.0
2024-12-31 00:00:00+02:00,26.36895875621485,27.32046481541225,26.171121770056093,26.378379821777344,23331,0.0,0.0,0.0
2025-01-02 00:00:00+02:00,26.378379821777344,27.25451915335933,26.11459537668114,26.378379821777344,6822,0.0,0.0,0.0
2025-01-05 00:00:00+02:00,26.378379469306957,27.320464450353633,26.7175306374868,27.06610107421875,19253,0.0,0.0,0.0
2025-01-06 00:00:00+02:00,27.06610107421875,27.574827826488516,26.68926744117698,27.06610107421875,2733,0.0,0.0,0.0
2025-01-08 00:00:00+02:00,27.06609987603561,29.129266396321636,26.482008219899015,27.81976890563965,63630,0.0,0.0,0.0
2025-01-09 00:00:00+02:00,27.819769001062856,30.146718162340086,27.895135724593327,28.42270278930664,120859,0.0,0.0,0.0
2025-01-12 00:00:00+02:00,28.42270427710328,29.204634748494026,27.942240715614812,28.140079498291016,38070,0.0,0.0,0.0
2025-01-13 00:00:00+02:00,28.14007784924561,29.006796062866123,26.887104955337264,26.95305061340332,31831,0.0,0.0,0.0
2025-01-14 00:00:00+02:00,26.95305078286981,27.69729695314614,26.37837839287907,26.792896270751953,11389,0.0,0.0,0.0
2025-01-15 00:00:00+02:00,26.79289696764544,28.62996157537304,26.896525092145747,28.281391143798828,33761,0.0,0.0,0.0
2025-01-16 00:00:00+02:00,28.281390852598395,29.176370484003993,27.697297388377145,28.07413101196289,19947,0.0,0.0,0.0
2025-01-19 00:00:00+02:00,28.281390852598395,29.176370484003993,27.697297388377145,28.07413101196289,29016,0.0,0.0,0.0
2025-01-20 00:00:00+02:00,28.092973709106445,28.337916018599724,27.669036547851707,28.092973709106445,5938,0.0,0.0,0.0
2025-01-21 00:00:00+02:00,28.092973709106445,28.20602469690507,27.424094238358432,28.092973709106445,7261,0.0,0.0,0.0
2025-01-22 00:00:00+02:00,28.092974342162872,28.71475029685539,27.508882649880587,28.34733772277832,10404,0.0,0.0,0.0
2025-01-23 00:00:00+02:00,28.347336088154442,28.526332730512284,27.565405657076845,28.158918380737305,19924,0.0,0.0,0.0
2025-01-26 00:00:00+02:00,28.158918380737305,28.262548299505173,27.791505827846755,28.158918380737305,9202,0.0,0.0,0.0
2025-01-27 00:00:00+02:00,28.158919474478886,27.791506907317387,27.132046702627246,27.329885482788086,16313,0.0,0.0,0.0
2025-01-28 00:00:00+02:00,27.329885482788086,27.36756794760451,27.037839642143936,27.329885482788086,10260,0.0,0.0,0.0
2025-01-29 00:00:00+02:00,27.32988516020795,27.79150657928864,26.849421610499196,27.018997192382812,11060,0.0,0.0,0.0
2025-01-30 00:00:00+02:00,27.01899702602665,28.366178810602467,27.358148187705726,27.54656410217285,58976,0.0,0.0,0.0
2025-02-02 00:00:00+02:00,27.5465646026849,30.146719363404696,27.367567953337026,29.195213317871094,252925,0.0,0.0,0.0
2025-02-03 00:00:00+02:00,29.195212223182942,29.769884614503273,27.99876391205693,28.29081153869629,92553,0.0,0.0,0.0
2025-02-04 00:00:00+02:00,28.290813064682716,28.309653398962432,27.60308965226402,27.744403839111328,22987,0.0,0.0,0.0
2025-02-05 00:00:00+02:00,27.744402696612504,28.16833984904334,27.226254892239986,27.339305877685547,17054,0.0,0.0,0.0
2025-02-06 00:00:00+02:00,27.339305877685547,28.13065738515112,27.037838979009987,27.339305877685547,8859,0.0,0.0,0.0
2025-02-09 00:00:00+02:00,27.339306760331024,28.02702836974819,27.17915224062851,27.669036865234375,35964,0.0,0.0,0.0
2025-02-10 00:00:00+02:00,27.669036241600104,27.320464013556595,26.378379047571883,26.41606330871582,167424,0.0,0.0,0.0
2025-02-11 00:00:00+02:00,26.416062775873275,26.802317460385044,25.436293568507708,25.502239227294922,114296,0.0,0.0,0.0
2025-02-12 00:00:00+02:00,25.502240605084303,26.058070897583704,25.059461302959583,25.615291595458984,17588,0.0,0.0,0.0
2025-02-13 00:00:00+02:00,25.61529152777813,25.897916307641278,24.98409450899154,25.379770278930664,30149,0.0,0.0,0.0
2025-02-16 00:00:00+02:00,25.37976953862884,26.378379101486015,25.37976953862884,25.521081924438477,104697,0.0,0.0,0.0
2025-02-17 00:00:00+02:00,25.521082452741673,26.09575487006603,25.370348998506515,25.408031463623047,51004,0.0,0.0,0.0
2025-02-18 00:00:00+02:00,25.40803173236004,26.61390117588012,25.5305037882743,26.350116729736328,291010,0.0,0.0,0.0
2025-02-19 00:00:00+02:00,26.350116201977908,26.463167190027992,25.690657795153317,26.095754623413086,925320,0.0,0.0,0.0
2025-02-20 00:00:00+02:00,26.095755042440683,27.03784003607559,25.96386192145032,26.378379821777344,79133,0.0,0.0,0.0
2025-02-23 00:00:00+02:00,26.37837900658582,26.37837900658582,25.67181528319513,26.284170150756836,35104,0.0,0.0,0.0
2025-02-24 00:00:00+02:00,26.284171067421514,26.94363128433873,26.152279742791883,26.350116729736328,152802,0.0,0.0,0.0
2025-02-25 00:00:00+02:00,26.350115976534614,28.262549113421194,26.058070138823584,27.88571548461914,214394,0.0,0.0,0.0
2025-02-26 00:00:00+02:00,27.885715661174206,30.099615715119473,27.895136726564466,28.092973709106445,178669,0.0,0.0,0.0
2025-02-27 00:00:00+02:00,28.09297289236513,29.204633419713808,27.471196969760687,27.998764038085938,12415,0.0,0.0,0.0
2025-03-02 00:00:00+02:00,27.998765353457316,28.686488764185285,27.047259294616534,27.508882522583008,624208,0.0,0.0,0.0
2025-03-03 00:00:00+02:00,27.508882522583008,28.16834093974957,26.425483342801293,27.508882522583008,673589,0.0,0.0,0.0
2025-03-04 00:00:00+02:00,27.50888209224843,27.499461026836848,26.538533917469344,26.83057975769043,12009,0.0,0.0,0.0
2025-03-05 00:00:00+02:00,26.830579724752297,27.782085767540114,26.368958301458413,26.726951599121094,49907,0.0,0.0,0.0
2025-03-06 00:00:00+02:00,26.726951599121094,27.169730891614943,26.491430354774142,26.726951599121094,2138,0.0,0.0,0.0
2025-03-09 00:00:00+02:00,26.726951631417514,27.320464377259842,26.37837939873364,26.463167190551758,17214,0.0,0.0,0.0
2025-03-10 00:00:00+02:00,26.46316761495525,27.03784003607559,26.378379821777344,26.378379821777344,29540,0.0,0.0,0.0
2025-03-11 00:00:00+02:00,26.378379470241608,26.661004245811824,25.945021241449343,26.331275939941406,12831,0.0,0.0,0.0
2025-03-12 00:00:00+02:00,26.33127597328696,26.661004279574943,25.813128154906053,26.06749153137207,54031,0.0,0.0,0.0
2025-03-13 00:00:00+02:00,26.067491918747468,26.84942239377862,26.189962177633756,26.246488571166992,19245,0.0,0.0,0.0
2025-03-16 00:00:00+02:00,26.24648750621968,26.83057917395413,25.82254855634431,26.07691192626953,20016,0.0,0.0,0.0
2025-03-17 00:00:00+02:00,26.07691160933469,26.80231744946743,26.02980628387413,26.13343620300293,17151,0.0,0.0,0.0
2025-03-18 00:00:00+02:00,26.133437088173448,26.472588255439206,26.095754623413086,26.095754623413086,21945,0.0,0.0,0.0
2025-03-19 00:00:00+02:00,26.095754623413086,26.736370899415245,26.095754623413086,26.095754623413086,9479,0.0,0.0,0.0
2025-03-20 00:00:00+02:00,26.095753842716988,26.651584107158655,26.095753842716988,26.105173110961914,17011,0.0,0.0,0.0
2025-03-23 00:00:00+02:00,26.105173996283053,26.661004279574943,26.001545870114473,26.06749153137207,19960,0.0,0.0,0.0
2025-03-24 00:00:00+02:00,26.06749153137207,26.585637552868473,26.029807269576583,26.06749153137207,2228,0.0,0.0,0.0
2025-03-25 00:00:00+02:00,26.06749153137207,26.557376153406363,26.029807269576583,26.06749153137207,2713,0.0,0.0,0.0
2025-03-26 00:00:00+02:00,26.06749153137207,26.378379503646812,25.97328267376786,26.06749153137207,3658,0.0,0.0,0.0
2025-03-27 00:00:00+02:00,26.06749044137901,26.491429384429008,25.963860522659136,26.161699295043945,14380,0.0,0.0,0.0
2025-04-03 00:00:00+02:00,26.161700459555096,27.273361029137902,26.095754798119593,26.30301284790039,24317,0.0,0.0,0.0
2025-04-06 00:00:00+02:00,26.30301324403938,26.189962253529824,25.624712691635647,25.71891975402832,51706,0.0,0.0,0.0
2025-04-07 00:00:00+02:00,25.71891975402832,26.331276440887905,25.634131960367288,25.71891975402832,6423,0.0,0.0,0.0
2025-04-08 00:00:00+02:00,25.71891975402832,26.368958906468066,25.813128613305526,25.71891975402832,5992,0.0,0.0,0.0
2025-04-09 00:00:00+02:00,25.71891975402832,26.161700853565836,25.624712691635647,25.71891975402832,6012,0.0,0.0,0.0
2025-04-10 00:00:00+02:00,25.71891975402832,27.122627983801195,25.71891975402832,25.71891975402832,6710,0.0,0.0,0.0
2025-04-13 00:00:00+02:00,25.71891975402832,26.368958906468066,25.775446147725365,25.71891975402832,4428,0.0,0.0,0.0
2025-04-14 00:00:00+02:00,25.718918852628796,26.84942153056424,25.954440094124976,26.41606330871582,20395,0.0,0.0,0.0
2025-04-15 00:00:00+02:00,26.41606330871582,26.755212674588872,26.076912145958293,26.41606330871582,2229,0.0,0.0,0.0
2025-04-16 00:00:00+02:00,26.41606257853885,26.7081084067939,25.624711085235,25.926177978515625,12515,0.0,0.0,0.0
2025-04-17 00:00:00+02:00,25.926178264157233,27.78208496941629,26.01096605343711,26.105173110961914,40280,0.0,0.0,0.0
2025-04-22 00:00:00+02:00,26.105173110961914,27.075521256673603,26.246487291018006,26.105173110961914,9174,0.0,0.0,0.0
2025-04-23 00:00:00+02:00,26.105173110961914,26.84000001909271,26.29359081978041,26.105173110961914,5258,0.0,0.0,0.0
2025-04-27 00:00:00+03:00,26.10517288266922,30.26919019544447,27.320463320463322,28.05529022216797,99859,0.0,0.0,0.0
2025-04-28 00:00:00+03:00,28.055290510432048,28.027027315000705,26.905945719273035,27.235675811767578,15838,0.0,0.0,0.0
2025-04-29 00:00:00+03:00,27.235675811767578,27.31104253603338,26.576215626778488,27.235675811767578,10286,0.0,0.0,0.0
2025-04-30 00:00:00+03:00,27.235675860002406,29.741621692383905,26.613899934487264,28.733591079711914,290421,0.0,0.0,0.0
2025-05-04 00:00:00+03:00,28.733592126787844,33.77374537381515,29.195213555165836,31.135908126831055,635087,0.0,0.0,0.0
2025-05-05 00:00:00+03:00,31.135907846468942,31.964943634491163,30.240926397398606,30.589500427246094,224311,0.0,0.0,0.0
2025-05-06 00:00:00+03:00,30.58950013890429,31.55984650841055,30.240926112342525,30.382240295410156,161311,0.0,0.0,0.0
2025-05-07 00:00:00+03:00,30.382241120587846,30.82502221870794,28.498071128613407,29.345947265625,77947,0.0,0.0,0.0
2025-05-08 00:00:00+03:00,29.34594575323819,30.052509463814797,28.319073016782767,28.52633285522461,62401,0.0,0.0,0.0
2025-05-11 00:00:00+03:00,28.526332879035785,29.148108801111448,27.885714826743424,28.262548446655273,61024,0.0,0.0,0.0
2025-05-12 00:00:00+03:00,28.2625500222911,28.601701197561646,26.387801086438603,27.084943771362305,37104,0.0,0.0,0.0
2025-05-13 00:00:00+03:00,27.084942021255337,29.958300369104307,27.320463256222773,28.18718147277832,70797,0.0,0.0,0.0
2025-05-14 00:00:00+03:00,28.187182066504192,28.88432472106607,27.659614992192264,27.94223976135254,11853,0.0,0.0,0.0
2025-05-15 00:00:00+03:00,27.94223976135254,28.262548791405898,27.697297456200886,27.94223976135254,9226,0.0,0.0,0.0
2025-05-18 00:00:00+03:00,27.9422403993774,29.110425560470038,27.037839679906135,27.829191207885742,71395,0.0,0.0,0.0
2025-05-19 00:00:00+03:00,27.8291912782538,28.215445977781886,26.43490413688329,26.566797256469727,122992,0.0,0.0,0.0
2025-05-20 00:00:00+03:00,26.566797465605937,27.32046473967063,26.387800814183876,26.510271072387695,109058,0.0,0.0,0.0
2025-05-21 00:00:00+03:00,26.510271040826055,26.924788939510396,26.378379717242886,26.40664291381836,15895,0.0,0.0,0.0
2025-05-22 00:00:00+03:00,26.406642594967845,26.830579757173936,26.37837939873364,26.463167190551758,19960,0.0,0.0,0.0
2025-05-25 00:00:00+03:00,26.46316782269315,27.17915263910236,26.4725888883296,26.717531204223633,13135,0.0,0.0,0.0
2025-05-26 00:00:00+03:00,26.717530888610483,26.84942221219365,26.378379717242886,26.40664291381836,21452,0.0,0.0,0.0
2025-05-27 00:00:00+03:00,26.40664301846482,26.830580187469813,26.255909563234,26.378379821777344,66367,0.0,0.0,0.0
2025-05-28 00:00:00+03:00,26.378378268111078,26.736369753977726,26.255908016781135,26.42548179626465,17621,0.0,0.0,0.0
2025-05-29 00:00:00+03:00,26.42548335270528,26.65158533243604,26.33127629084941,26.378379821777344,39925,0.0,0.0,0.0
2025-06-01 00:00:00+03:00,26.378379852783176,27.292201650804735,26.189962135080915,26.877685546875,323065,0.0,0.0,0.0
2025-06-02 00:00:00+03:00,26.877685370417502,27.30162253713757,26.199383028650175,26.274749755859375,60452,0.0,0.0,0.0
2025-06-03 00:00:00+03:00,26.27474940557214,27.160309786137613,26.378379327934923,26.59505844116211,19495,0.0,0.0,0.0
2025-06-04 00:00:00+03:00,26.59505816386572,27.961082083573142,26.491430039467918,26.783475875854492,92311,0.0,0.0,0.0
2025-06-10 00:00:00+03:00,26.783476850676525,27.88571637309411,26.943631372630687,27.452356338500977,58591,0.0,0.0,0.0
2025-06-11 00:00:00+03:00,27.452355197945547,27.603088648006448,26.849421397701935,27.047258377075195,52500,0.0,0.0,0.0
2025-06-12 00:00:00+03:00,27.047258943818118,27.442934707740015,26.58563751872332,26.698688507080078,39328,0.0,0.0,0.0
2025-06-15 00:00:00+03:00,26.698687925333996,26.566796605862017,25.907336414733205,25.94502067565918,62140,0.0,0.0,0.0
2025-06-16 00:00:00+03:00,25.94502137823398,26.661004386371197,25.926179247260762,26.039228439331055,13910,0.0,0.0,0.0
2025-06-17 00:00:00+03:00,26.039228833921158,26.312434346519368,25.813128649469814,25.850812911987305,38499,0.0,0.0,0.0
2025-06-18 00:00:00+03:00,25.8508125549439,26.943630996474003,25.25729800668259,26.53853416442871,44450,0.0,0.0,0.0
2025-06-19 00:00:00+03:00,26.538532658158104,27.273359553431966,25.473977473547645,26.086332321166992,14153,0.0,0.0,0.0
2025-06-22 00:00:00+03:00,26.08633401933291,26.237067474809045,25.43629486953924,25.747182846069336,11342,0.0,0.0,0.0
2025-06-23 00:00:00+03:00,25.747182834430483,27.27336131654213,26.237067462948744,26.877685546875,29747,0.0,0.0,0.0
2025-06-24 00:00:00+03:00,26.877685614128435,27.245098187994206,26.661004699163293,27.11320686340332,40551,0.0,0.0,0.0
2025-06-25 00:00:00+03:00,27.113206473611644,27.273360992691494,26.387800605021468,26.9342098236084,56869,0.0,0.0,0.0
2025-06-29 00:00:00+03:00,26.93420999562473,28.498070934564097,27.084943450205547,27.904558181762695,838590,0.0,0.0,0.0
2025-06-30 00:00:00+03:00,27.904556819975685,28.027027072014164,27.320463364316325,27.527721405029297,37257,0.0,0.0,0.0
2025-07-01 00:00:00+03:00,27.527721495333786,27.782084862191706,26.849420980597095,27.13204574584961,10902,0.0,0.0,0.0
2025-07-02 00:00:00+03:00,27.13204572269315,27.782084838480458,26.953050876732064,27.395830154418945,14983,0.0,0.0,0.0
2025-07-06 00:00:00+03:00,27.395831248474554,27.555985767545927,26.99073441806552,27.30162239074707,18650,0.0,0.0,0.0
2025-07-07 00:00:00+03:00,27.301622109566573,27.584248679838247,27.000155205451044,27.12262725830078,82113,0.0,0.0,0.0
2025-07-09 00:00:00+03:00,27.122627215407647,27.226255340480673,26.49143021208228,26.623321533203125,47724,0.0,0.0,0.0
2025-07-10 00:00:00+03:00,26.623322135748563,27.32046481541225,26.378379821777344,26.378379821777344,116792,0.0,0.0,0.0
2025-07-13 00:00:00+03:00,26.378379962838256,26.84942246217465,26.434904559630954,26.482009887695312,38900,0.0,0.0,0.0
2025-07-14 00:00:00+03:00,26.482009392687836,27.084943205565203,26.538533988423964,26.698688507080078,100243,0.0,0.0,0.0
2025-07-15 00:00:00+03:00,26.698688507080078,26.84942196029942,26.56679718473428,26.698688507080078,10487,0.0,0.0,0.0
2025-07-16 00:00:00+03:00,26.69868896939475,27.037840143453263,26.18996220830698,26.350116729736328,45885,0.0,0.0,0.0
2025-07-17 00:00:00+03:00,26.350116378387323,26.566797290526917,26.18996185909345,26.30301284790039,28333,0.0,0.0,0.0
2025-07-20 00:00:00+03:00,26.30301177068321,26.924787691445818,26.293590705594752,26.764633178710938,25126,0.0,0.0,0.0
2025-07-21 00:00:00+03:00,26.764633739874856,26.802318001018794,26.378379047571883,26.41606330871582,44442,0.0,0.0,0.0
2025-07-22 00:00:00+03:00,26.41606373198937,26.57621645376386,26.095754694671392,26.331275939941406,61610,0.0,0.0,0.0
2025-07-23 00:00:00+03:00,26.331275939941406,26.331275939941406,26.331275939941406,26.331275939941406,0,0.0,0.0,0.0
2025-07-27 00:00:00+03:00,26.171120360098882,26.708108490039262,26.09575363654382,26.161699295043945,17570,0.0,0.0,0.0
2025-07-28 00:00:00+03:00,26.161700392173767,28.54517424760994,26.199382857089354,27.197994232177734,689896,0.0,0.0,0.0
2025-07-29 00:00:00+03:00,27.197993588987668,27.753822062318513,26.755212507730196,26.94363021850586,247772,0.0,0.0,0.0
2025-07-30 00:00:00+03:00,26.943630266686647,27.791506372924395,25.813127593780003,26.048648834228516,825313,0.0,0.0,0.0
2025-07-31 00:00:00+03:00,26.048649052582963,26.84942163619732,26.378379151351755,26.387800216674805,210673,0.0,0.0,0.0
2025-08-03 00:00:00+03:00,26.387800216674805,26.387800216674805,26.387800216674805,26.387800216674805,0,0.0,0.0,0.0
2025-08-04 00:00:00+03:00,26.387800216674805,26.387800216674805,26.387800216674805,26.387800216674805,0,0.0,0.0,0.0
2025-08-05 00:00:00+03:00,26.387800216674805,26.387800216674805,26.387800216674805,26.387800216674805,0,0.0,0.0,0.0
2025-08-06 00:00:00+03:00,26.387800216674805,26.387800216674805,26.387800216674805,26.387800216674805,0,0.0,0.0,0.0
2025-08-07 00:00:00+03:00,26.387800216674805,26.387800216674805,26.387800216674805,26.387800216674805,0,0.0,0.0,0.0
2025-08-10 00:00:00+03:00,24.60726096458778,26.105174459868792,24.58841883335543,25.71891975402832,581216,0.0,0.0,0.0
2025-08-11 00:00:00+03:00,25.71891915358917,26.28417049917141,24.588418259309186,25.229036331176758,457612,0.0,0.0,0.0
2025-08-12 00:00:00+03:00,25.229036435036498,26.237067077084237,25.41745235308323,25.568185806274414,621762,0.0,0.0,0.0
2025-08-13 00:00:00+03:00,25.568186276047406,25.624712669696052,24.79567686502788,24.852201461791992,322210,0.0,0.0,0.0
2025-08-14 00:00:00+03:00,24.852200894197942,25.238457387770612,24.24926708412557,24.465946197509766,571238,0.0,0.0,0.0
2025-08-17 00:00:00+03:00,24.465945845075517,24.918147993000275,24.362317721014907,24.418842315673828,94244,0.0,0.0,0.0
2025-08-18 00:00:00+03:00,24.418841748607175,24.68262617903051,24.343475025184,24.399999618530273,107243,0.0,0.0,0.0
2025-08-19 00:00:00+03:00,24.399999581457593,24.64494188143187,24.26810826488853,24.296371459960938,97752,0.0,0.0,0.0
2025-08-20 00:00:00+03:00,24.296372061098758,24.92756726137304,24.221003539040908,24.418842315673828,221220,0.0,0.0,0.0
2025-08-21 00:00:00+03:00,24.418842246823754,25.05946030743348,24.494208971784634,24.55073356628418,116685,0.0,0.0,0.0
2025-08-24 00:00:00+03:00,24.550734697911622,25.05946146250988,24.49421010080666,24.58841896057129,146491,0.0,0.0,0.0
2025-08-25 00:00:00+03:00,24.58841814619518,24.692046271307984,24.475367158845003,24.49420928955078,45357,0.0,0.0,0.0
2025-08-26 00:00:00+03:00,24.494209360493898,24.692046342824103,24.334054842799905,24.36231803894043,124630,0.0,0.0,0.0
2025-08-27 00:00:00+03:00,24.362317155260897,24.644941918876707,24.334053960145546,24.399999618530273,58453,0.0,0.0,0.0
2025-08-28 00:00:00+03:00,24.4000004026916,25.29498184437841,24.447105729397713,24.757993698120117,265177,0.0,0.0,0.0
2025-08-31 00:00:00+03:00,24.757993064156,25.558763831925695,24.833359788071423,24.871042251586914,161261,0.0,0.0,0.0
2025-09-01 00:00:00+03:00,24.871043169317602,25.24787680279971,24.729730781372375,24.936988830566406,77313,0.0,0.0,0.0
2025-09-02 00:00:00+03:00,24.936988478418872,25.342085302523255,24.823939288412916,24.88988494873047,75058,0.0,0.0,0.0
2025-09-03 00:00:00+03:00,24.88988458932244,26.274748826647183,24.880463524143902,25.84139060974121,462702,0.0,0.0,0.0
2025-09-07 00:00:00+03:00,25.841390520339004,26.378378655466637,24.96525122749521,25.23845672607422,674854,0.0,0.0,0.0
2025-09-08 00:00:00+03:00,25.238457500876393,25.492819080087788,25.031197655071814,25.200773239135742,189446,0.0,0.0,0.0
2025-09-09 00:00:00+03:00,25.20077255935149,25.48339732724464,24.776833610627307,24.84278106689453,286263,0.0,0.0,0.0
2025-09-10 00:00:00+03:00,24.84278173743239,25.106564382083302,24.795676410255798,24.83336067199707,80813,0.0,0.0,0.0
2025-09-11 00:00:00+03:00,24.833360383561846,25.106564090474865,24.588418075742034,24.626100540161133,186744,0.0,0.0,0.0
2025-09-14 00:00:00+03:00,24.626101179772323,24.871043493953998,24.31521320348107,24.513051986694336,187675,0.0,0.0,0.0
2025-09-15 00:00:00+03:00,24.51305057434603,25.813127001144608,24.68262615107724,25.294981002807617,730492,0.0,0.0,0.0
2025-09-16 00:00:00+03:00,25.294981114848877,25.436293497122673,24.50362961785431,24.635520935058594,365756,0.0,0.0,0.0
2025-09-17 00:00:00+03:00,24.635521069687993,24.918147632664525,24.352896303595898,24.37173843383789,412937,0.0,0.0,0.0
2025-09-18 00:00:00+03:00,24.3717390337322,24.68262700283958,24.315212641614867,24.49420928955078,233234,0.0,0.0,0.0
2025-09-21 00:00:00+03:00,24.494209749268112,24.965252244446347,24.11737611250243,24.14563751220703,111686,0.0,0.0,0.0
2025-09-22 00:00:00+03:00,24.14563676564476,24.494208991928286,23.80648740148411,23.919536590576172,268350,0.0,0.0,0.0
2025-09-23 00:00:00+03:00,23.9195370135624,24.117375793298727,23.71227896530555,23.834749221801758,212709,0.0,0.0,0.0
2025-09-24 00:00:00+03:00,23.834749787687933,24.192743094040026,23.797067322057707,23.853591918945312,92546,0.0,0.0,0.0
2025-09-25 00:00:00+03:00,23.853591984760147,24.3340555518418,23.938379778767764,24.089113235473633,133006,0.0,0.0,0.0
2025-09-28 00:00:00+03:00,24.089111659799112,24.616678723761357,24.089111659799112,24.399999618530273,289369,0.0,0.0,0.0
2025-09-29 00:00:00+03:00,25.899999618530273,24.979999542236328,24.5,24.729999542236328,199098,1.5,0.0,0.0
2025-09-30 00:00:00+03:00,24.729999542236328,25.389999389648438,24.600000381469727,24.65999984741211,71848,0.0,0.0,0.0
2025-10-01 00:00:00+03:00,24.65999984741211,24.959999084472656,24.549999237060547,24.559999465942383,108751,0.0,0.0,0.0
2025-10-02 00:00:00+03:00,24.559999465942383,24.700000762939453,24.5,24.56999969482422,75427,0.0,0.0,0.0
2025-10-05 00:00:00+03:00,24.56999969482422,24.799999237060547,24.510000228881836,24.540000915527344,113267,0.0,0.0,0.0
2025-10-06 00:00:00+03:00,24.540000915527344,24.649999618530273,24.299999237060547,24.40999984741211,125609,0.0,0.0,0.0
2025-10-07 00:00:00+03:00,24.40999984741211,24.540000915527344,24.309999465942383,24.360000610351562,43073,0.0,0.0,0.0
2025-10-08 00:00:00+03:00,24.360000610351562,24.489999771118164,24.200000762939453,24.260000228881836,61757,0.0,0.0,0.0
2025-10-12 00:00:00+03:00,24.260000228881836,24.579999923706055,24.25,24.299999237060547,70773,0.0,0.0,0.0
2025-10-13 00:00:00+03:00,24.299999237060547,24.549999237060547,24.299999237060547,24.34000015258789,67995,0.0,0.0,0.0
2025-10-14 00:00:00+03:00,24.34000015258789,25.649999618530273,24.299999237060547,25.0,289964,0.0,0.0,0.0
2025-10-15 00:00:00+03:00,25.0,25.459999084472656,24.809999465942383,25.200000762939453,74803,0.0,0.0,0.0
2025-10-16 00:00:00+03:00,25.200000762939453,25.299999237060547,24.90999984741211,25.149999618530273,247530,0.0,0.0,0.0
2025-10-19 00:00:00+03:00,25.149999618530273,25.479999542236328,25.209999084472656,25.450000762939453,93269,0.0,0.0,0.0
2025-10-20 00:00:00+03:00,25.450000762939453,25.600000381469727,25.260000228881836,25.459999084472656,168469,0.0,0.0,0.0
2025-10-21 00:00:00+03:00,25.459999084472656,26.0,25.489999771118164,25.6200008392334,179272,0.0,0.0,0.0
2025-10-22 00:00:00+03:00,25.6200008392334,25.899999618530273,25.0,25.1299991607666,106058,0.0,0.0,0.0
2025-10-23 00:00:00+03:00,25.1299991607666,25.690000534057617,25.350000381469727,25.3700008392334,90179,0.0,0.0,0.0
2025-10-26 00:00:00+03:00,25.3700008392334,26.489999771118164,25.40999984741211,26.030000686645508,438337,0.0,0.0,0.0
2025-10-27 00:00:00+03:00,26.030000686645508,26.399999618530273,25.899999618530273,25.959999084472656,106675,0.0,0.0,0.0
2025-10-28 00:00:00+03:00,25.959999084472656,26.170000076293945,25.510000228881836,25.559999465942383,39905,0.0,0.0,0.0
2025-10-29 00:00:00+03:00,25.559999465942383,26.1299991607666,25.559999465942383,26.049999237060547,137374,0.0,0.0,0.0
2025-10-30 00:00:00+03:00,26.049999237060547,26.399999618530273,26.0,26.200000762939453,158800,0.0,0.0,0.0
2025-11-02 00:00:00+02:00,26.200000762939453,26.5,25.899999618530273,26.0,70614,0.0,0.0,0.0
2025-11-03 00:00:00+02:00,26.0,27.200000762939453,26.020000457763672,26.270000457763672,257734,0.0,0.0,0.0
2025-11-04 00:00:00+02:00,26.270000457763672,26.790000915527344,26.100000381469727,26.360000610351562,171424,0.0,0.0,0.0
2025-11-05 00:00:00+02:00,26.360000610351562,26.790000915527344,25.989999771118164,26.020000457763672,165677,0.0,0.0,0.0
2025-11-06 00:00:00+02:00,26.020000457763672,26.3700008392334,25.700000762939453,25.959999084472656,65331,0.0,0.0,0.0
2025-11-09 00:00:00+02:00,25.959999084472656,26.280000686645508,25.90999984741211,25.989999771118164,71088,0.0,0.0,0.0
2025-11-10 00:00:00+02:00,25.989999771118164,26.190000534057617,25.399999618530273,25.899999618530273,77475,0.0,0.0,0.0
2025-11-11 00:00:00+02:00,25.899999618530273,26.139999389648438,25.5,25.56999969482422,78224,0.0,0.0,0.0
2025-11-12 00:00:00+02:00,25.56999969482422,25.93000030517578,25.469999313354492,25.520000457763672,44200,0.0,0.0,0.0
2025-11-13 00:00:00+02:00,25.520000457763672,25.829999923706055,25.299999237060547,25.549999237060547,53552,0.0,0.0,0.0
2025-11-16 00:00:00+02:00,25.549999237060547,25.75,25.299999237060547,25.670000076293945,70514,0.0,0.0,0.0
2025-11-17 00:00:00+02:00,25.670000076293945,25.75,25.15999984741211,25.209999084472656,222273,0.0,0.0,0.0
2025-11-18 00:00:00+02:00,25.209999084472656,25.479999542236328,25.200000762939453,25.329999923706055,28474,0.0,0.0,0.0
2025-11-19 00:00:00+02:00,25.329999923706055,25.540000915527344,25.229999542236328,25.290000915527344,32364,0.0,0.0,0.0
2025-11-20 00:00:00+02:00,25.290000915527344,25.600000381469727,25.15999984741211,25.43000030517578,70469,0.0,0.0,0.0
2025-11-23 00:00:00+02:00,25.43000030517578,25.719999313354492,25.350000381469727,25.489999771118164,55006,0.0,0.0,0.0
2025-11-24 00:00:00+02:00,25.489999771118164,25.68000030517578,25.110000610351562,25.18000030517578,50839,0.0,0.0,0.0
2025-11-25 00:00:00+02:00,25.18000030517578,25.68000030517578,25.030000686645508,25.149999618530273,55315,0.0,0.0,0.0
2025-11-26 00:00:00+02:00,25.149999618530273,25.440000534057617,25.040000915527344,25.299999237060547,39169,0.0,0.0,0.0
2025-11-27 00:00:00+02:00,25.299999237060547,25.579999923706055,25.149999618530273,25.200000762939453,30333,0.0,0.0,0.0
2025-11-30 00:00:00+02:00,25.200000762939453,25.5,25.040000915527344,25.06999969482422,135071,0.0,0.0,0.0
2025-12-01 00:00:00+02:00,25.06999969482422,25.389999389648438,24.889999389648438,24.989999771118164,40762,0.0,0.0,0.0
2025-12-02 00:00:00+02:00,24.989999771118164,25.15999984741211,24.799999237060547,24.799999237060547,59754,0.0,0.0,0.0
2025-12-03 00:00:00+02:00,24.799999237060547,25.0,24.65999984741211,24.739999771118164,51959,0.0,0.0,0.0
2025-12-04 00:00:00+02:00,24.739999771118164,25.0,24.700000762939453,24.799999237060547,43829,0.0,0.0,0.0
2025-12-07 00:00:00+02:00,24.799999237060547,24.969999313354492,24.719999313354492,24.809999465942383,25660,0.0,0.0,0.0
2025-12-08 00:00:00+02:00,24.809999465942383,24.969999313354492,24.700000762939453,24.829999923706055,36161,0.0,0.0,0.0
2025-12-09 00:00:00+02:00,24.829999923706055,26.5,25.700000762939453,25.719999313354492,399082,0.0,0.0,0.0
2025-12-10 00:00:00+02:00,25.719999313354492,26.0,25.5,25.540000915527344,78082,0.0,0.0,0.0
2025-12-11 00:00:00+02:00,25.540000915527344,25.799999237060547,25.270000457763672,25.3799991607666,65527,0.0,0.0,0.0
2025-12-14 00:00:00+02:00,25.3799991607666,25.59000015258789,25.25,25.3799991607666,55091,0.0,0.0,0.0
2025-12-15 00:00:00+02:00,25.3799991607666,26.0,25.200000762939453,25.530000686645508,134050,0.0,0.0,0.0
2025-12-16 00:00:00+02:00,25.530000686645508,27.700000762939453,26.049999237060547,27.0,929049,0.0,0.0,0.0
2025-12-17 00:00:00+02:00,27.0,27.34000015258789,26.3799991607666,26.43000030517578,126129,0.0,0.0,0.0
2025-12-18 00:00:00+02:00,26.43000030517578,26.700000762939453,26.0,26.030000686645508,99276,0.0,0.0,0.0
2025-12-21 00:00:00+02:00,26.030000686645508,26.559999465942383,25.799999237060547,25.920000076293945,112631,0.0,0.0,0.0
2025-12-22 00:00:00+02:00,25.920000076293945,26.350000381469727,25.459999084472656,25.5,127476,0.0,0.0,0.0
2025-12-23 00:00:00+02:00,25.5,26.049999237060547,25.450000762939453,26.0,96919,0.0,0.0,0.0
2025-12-24 00:00:00+02:00,26.0,26.25,25.600000381469727,25.799999237060547,103035,0.0,0.0,0.0
2025-12-25 00:00:00+02:00,25.799999237060547,26.079999923706055,25.700000762939453,25.809999465942383,53140,0.0,0.0,0.0
2025-12-28 00:00:00+02:00,25.809999465942383,26.190000534057617,25.75,26.040000915527344,73278,0.0,0.0,0.0
2025-12-29 00:00:00+02:00,26.040000915527344,26.200000762939453,26.0,26.030000686645508,49669,0.0,0.0,0.0
2025-12-30 00:00:00+02:00,26.030000686645508,26.139999389648438,25.700000762939453,25.81999969482422,41304,0.0,0.0,0.0
2025-12-31 00:00:00+02:00,25.81999969482422,26.0,25.540000915527344,25.739999771118164,17170,0.0,0.0,0.0
2026-01-04 00:00:00+02:00,25.739999771118164,26.0,25.610000610351562,25.81999969482422,20856,0.0,0.0,0.0
2026-01-05 00:00:00+02:00,25.81999969482422,25.969999313354492,25.40999984741211,25.479999542236328,51077,0.0,0.0,0.0
2026-01-06 00:00:00+02:00,25.479999542236328,25.700000762939453,25.170000076293945,25.299999237060547,92650,0.0,0.0,0.0
2026-01-08 00:00:00+02:00,25.299999237060547,25.75,25.25,25.299999237060547,63985,0.0,0.0,0.0
2026-01-11 00:00:00+02:00,25.299999237060547,26.170000076293945,25.420000076293945,25.5,176442,0.0,0.0,0.0
2026-01-12 00:00:00+02:00,25.5,25.719999313354492,25.200000762939453,25.229999542236328,38402,0.0,0.0,0.0
2026-01-13 00:00:00+02:00,25.229999542236328,25.399999618530273,24.81999969482422,24.950000762939453,39150,0.0,0.0,0.0
2026-01-14 00:00:00+02:00,24.950000762939453,25.31999969482422,24.0,24.290000915527344,99498,0.0,0.0,0.0
2026-01-15 00:00:00+02:00,24.290000915527344,24.8700008392334,24.40999984741211,24.6299991607666,26455,0.0,0.0,0.0
2026-01-18 00:00:00+02:00,24.6299991607666,24.969999313354492,24.610000610351562,24.6299991607666,9459,0.0,0.0,0.0
2026-01-19 00:00:00+02:00,24.6299991607666,25.149999618530273,24.670000076293945,25.0,18347,0.0,0.0,0.0
2026-01-20 00:00:00+02:00,25.0,25.350000381469727,24.850000381469727,24.950000762939453,47016,0.0,0.0,0.0
2026-01-21 00:00:00+02:00,24.950000762939453,25.239999771118164,24.850000381469727,25.010000228881836,59808,0.0,0.0,0.0
2026-01-22 00:00:00+02:00,25.010000228881836,25.299999237060547,25.049999237060547,25.100000381469727,35306,0.0,0.0,0.0
2026-01-25 00:00:00+02:00,25.100000381469727,25.469999313354492,24.950000762939453,25.0,80122,0.0,0.0,0.0
2026-01-26 00:00:00+02:00,25.0,25.239999771118164,24.700000762939453,24.709999084472656,103877,0.0,0.0,0.0
2026-01-27 00:00:00+02:00,24.709999084472656,24.969999313354492,24.520000457763672,24.579999923706055,52631,0.0,0.0,0.0
2026-01-28 00:00:00+02:00,24.579999923706055,24.84000015258789,24.299999237060547,24.389999389648438,73824,0.0,0.0,0.0
2026-02-01 00:00:00+02:00,24.389999389648438,24.889999389648438,24.209999084472656,24.450000762939453,70623,0.0,0.0,0.0
2026-02-02 00:00:00+02:00,24.450000762939453,24.770000457763672,24.15999984741211,24.25,186014,0.0,0.0,0.0
2026-02-03 00:00:00+02:00,24.25,24.649999618530273,24.260000228881836,24.31999969482422,105068,0.0,0.0,0.0
2026-02-04 00:00:00+02:00,24.31999969482422,24.709999084472656,24.389999389648438,24.43000030517578,107034,0.0,0.0,0.0
