Date,Open,High,Low,Close,Volume,Dividends,Stock Splits,Capital Gains
2021-01-03 00:00:00+02:00,0.10594099760055542,0.10594099760055542,0.10594099760055542,0.10594099760055542,0,0.0,0.0,0.0
2021-01-04 00:00:00+02:00,0.10594099760055542,0.10594099760055542,0.10594099760055542,0.10594099760055542,0,0.0,0.0,0.0
2021-01-05 00:00:00+02:00,0.10594099760055542,0.10798700153827667,0.10099799931049347,0.10594099760055542,460573,0.0,0.0,0.0
2021-01-06 00:00:00+02:00,0.10594099760055542,0.11122599989175797,0.1018500030040741,0.10943599790334702,3019238,0.0,0.0,0.0
2021-01-10 00:00:00+02:00,0.10943599790334702,0.11079899966716766,0.10824300348758698,0.11011800169944763,1151379,0.0,0.0,0.0
2021-01-11 00:00:00+02:00,0.11011800169944763,0.1155719980597496,0.10577099770307541,0.1084979996085167,1703375,0.0,0.0,0.0
2021-01-12 00:00:00+02:00,0.1084979996085167,0.11378300189971924,0.10866899788379669,0.11113999783992767,1092445,0.0,0.0,0.0
2021-01-13 00:00:00+02:00,0.11113999783992767,0.11668000370264053,0.10653799772262573,0.11113999783992767,387852,0.0,0.0,0.0
2021-01-14 00:00:00+02:00,0.11113999783992767,0.11327099800109863,0.10653799772262573,0.11028800159692764,1717407,0.0,0.0,0.0
2021-01-17 00:00:00+02:00,0.11028800159692764,0.11250399798154831,0.10577099770307541,0.10696399956941605,1846985,0.0,0.0,0.0
2021-01-18 00:00:00+02:00,0.10696399956941605,0.10986199975013733,0.10483299940824509,0.10696399956941605,137274,0.0,0.0,0.0
2021-01-19 00:00:00+02:00,0.10696399956941605,0.10935100167989731,0.10679399967193604,0.10696399956941605,29332,0.0,0.0,0.0
2021-01-20 00:00:00+02:00,0.10696399956941605,0.10696399956941605,0.10696399956941605,0.10696399956941605,0,0.0,0.0,0.0
2021-01-21 00:00:00+02:00,0.10696399956941605,0.10960599780082703,0.10312899947166443,0.10696399956941605,100550,0.0,0.0,0.0
2021-01-24 00:00:00+02:00,0.10696399956941605,0.10977700352668762,0.10312899947166443,0.10696399956941605,8212,0.0,0.0,0.0
2021-01-25 00:00:00+02:00,0.10696399956941605,0.10696399956941605,0.10696399956941605,0.10696399956941605,0,0.0,0.0,0.0
2021-01-26 00:00:00+02:00,0.10696399956941605,0.10696399956941605,0.10696399956941605,0.10696399956941605,0,0.0,0.0,0.0
2021-01-27 00:00:00+02:00,0.10696399956941605,0.10696399956941605,0.10696399956941605,0.10696399956941605,0,0.0,0.0,0.0
2021-01-31 00:00:00+02:00,0.10696399956941605,0.10935100167989731,0.10406599938869476,0.10696399956941605,233953,0.0,0.0,0.0
2021-02-01 00:00:00+02:00,0.10696399956941605,0.109094999730587,0.10500399768352509,0.10696399956941605,110875,0.0,0.0,0.0
2021-02-02 00:00:00+02:00,0.10696399956941605,0.109094999730587,0.10440699756145477,0.10696399956941605,119393,0.0,0.0,0.0
2021-02-03 00:00:00+02:00,0.10696399956941605,0.109094999730587,0.1051739975810051,0.10696399956941605,96138,0.0,0.0,0.0
2021-02-04 00:00:00+02:00,0.10696399956941605,0.1088389977812767,0.10653799772262573,0.10696399956941605,117915,0.0,0.0,0.0
2021-02-07 00:00:00+02:00,0.10696399956941605,0.109094999730587,0.10466299951076508,0.10696399956941605,187725,0.0,0.0,0.0
2021-02-08 00:00:00+02:00,0.10696399956941605,0.108583003282547,0.10312899947166443,0.10696399956941605,59250,0.0,0.0,0.0
2021-02-09 00:00:00+02:00,0.10696399956941605,0.10739000141620636,0.1018500030040741,0.10696399956941605,205324,0.0,0.0,0.0
2021-02-10 00:00:00+02:00,0.10696399956941605,0.108583003282547,0.10312899947166443,0.10696399956941605,724867,0.0,0.0,0.0
2021-02-11 00:00:00+02:00,0.10696399956941605,0.10662300139665604,0.10483299940824509,0.10696399956941605,348078,0.0,0.0,0.0
2021-02-14 00:00:00+02:00,0.10696399956941605,0.1122480034828186,0.109094999730587,0.1121629998087883,11138231,0.0,0.0,0.0
2021-02-15 00:00:00+02:00,0.1121629998087883,0.11770299822092056,0.11310099810361862,0.11770299822092056,29373652,0.0,0.0,0.0
2021-02-16 00:00:00+02:00,0.11770299822092056,0.12332800030708313,0.11258900165557861,0.1188960000872612,10148916,0.0,0.0,0.0
2021-02-17 00:00:00+02:00,0.1188960000872612,0.12324299663305283,0.11702100187540054,0.11983399838209152,15882926,0.0,0.0,0.0
2021-02-18 00:00:00+02:00,0.11983399838209152,0.12145300209522247,0.11650999635457993,0.11829999834299088,1345417,0.0,0.0,0.0
2021-02-21 00:00:00+02:00,0.11829999834299088,0.12418100237846375,0.12017499655485153,0.12392500042915344,11084834,0.0,0.0,0.0
2021-02-22 00:00:00+02:00,0.12392500042915344,0.1295499950647354,0.12102700024843216,0.1254590004682541,3315703,0.0,0.0,0.0
2021-02-23 00:00:00+02:00,0.1254590004682541,0.1254590004682541,0.1254590004682541,0.1254590004682541,0,0.0,0.0,0.0
2021-02-24 00:00:00+02:00,0.12119799852371216,0.12358400225639343,0.11531700193881989,0.12119799852371216,680505,0.0,0.0,0.0
2021-02-25 00:00:00+02:00,0.12119799852371216,0.12503300607204437,0.1193230003118515,0.12068600207567215,3114415,0.0,0.0,0.0
2021-02-28 00:00:00+02:00,0.12068600207567215,0.12230599671602249,0.11472000181674957,0.12068600207567215,343092,0.0,0.0,0.0
2021-03-01 00:00:00+02:00,0.12068600207567215,0.12102700024843216,0.11489100009202957,0.11957799643278122,1024993,0.0,0.0,0.0
2021-03-02 00:00:00+02:00,0.11957799643278122,0.12537400424480438,0.11761800199747086,0.11821500211954117,1092305,0.0,0.0,0.0
2021-03-03 00:00:00+02:00,0.11821500211954117,0.12136799842119217,0.11591300368309021,0.11949300020933151,2098960,0.0,0.0,0.0
2021-03-04 00:00:00+02:00,0.11949300020933151,0.12136799842119217,0.11633899807929993,0.11949300020933151,42695,0.0,0.0,0.0
2021-03-07 00:00:00+02:00,0.11949300020933151,0.12187899649143219,0.1193230003118515,0.11949300020933151,60635,0.0,0.0,0.0
2021-03-08 00:00:00+02:00,0.11949300020933151,0.12315800040960312,0.11591300368309021,0.11608400195837021,900437,0.0,0.0,0.0
2021-03-09 00:00:00+02:00,0.11608400195837021,0.11846999824047089,0.11079899966716766,0.11608400195837021,835156,0.0,0.0,0.0
2021-03-10 00:00:00+02:00,0.11608400195837021,0.11088500171899796,0.11028800159692764,0.11079899966716766,1495938,0.0,0.0,0.0
2021-03-11 00:00:00+02:00,0.11079899966716766,0.1158280000090599,0.11079899966716766,0.11079899966716766,583310,0.0,0.0,0.0
2021-03-14 00:00:00+02:00,0.11079899966716766,0.11591300368309021,0.10653799772262573,0.11079899966716766,306954,0.0,0.0,0.0
2021-03-15 00:00:00+02:00,0.11079899966716766,0.10739000141620636,0.10653799772262573,0.11079899966716766,183208,0.0,0.0,0.0
2021-03-16 00:00:00+02:00,0.11079899966716766,0.11079899966716766,0.11079899966716766,0.11079899966716766,0,0.0,0.0,0.0
2021-03-17 00:00:00+02:00,0.11079899966716766,0.11079899966716766,0.11079899966716766,0.11079899966716766,0,0.0,0.0,0.0
2021-03-18 00:00:00+02:00,0.11079899966716766,0.1052590012550354,0.1052590012550354,0.1052590012550354,1163441,0.0,0.0,0.0
2021-03-21 00:00:00+02:00,0.1052590012550354,0.11045899987220764,0.10653799772262573,0.11037299782037735,7380327,0.0,0.0,0.0
2021-03-22 00:00:00+02:00,0.11037299782037735,0.1156580001115799,0.10491900146007538,0.10986199975013733,4774519,0.0,0.0,0.0
2021-03-23 00:00:00+02:00,0.10986199975013733,0.10986199975013733,0.10440699756145477,0.10449200123548508,1835158,0.0,0.0,0.0
2021-03-24 00:00:00+02:00,0.10449200123548508,0.10969100147485733,0.09971900284290314,0.10679399967193604,1654332,0.0,0.0,0.0
2021-03-25 00:00:00+02:00,0.10679399967193604,0.11071400344371796,0.10398100316524506,0.10679399967193604,606001,0.0,0.0,0.0
2021-03-28 00:00:00+02:00,0.10679399967193604,0.111906997859478,0.11156699806451797,0.10679399967193604,76263,0.0,0.0,0.0
2021-03-29 00:00:00+02:00,0.10679399967193604,0.11079899966716766,0.10457800328731537,0.10679399967193604,431405,0.0,0.0,0.0
2021-03-30 00:00:00+02:00,0.10679399967193604,0.11071400344371796,0.1056860014796257,0.10679399967193604,141498,0.0,0.0,0.0
2021-03-31 00:00:00+02:00,0.10679399967193604,0.11079899966716766,0.10994700342416763,0.10679399967193604,180979,0.0,0.0,0.0
2021-04-01 00:00:00+02:00,0.10679399967193604,0.11207800358533859,0.10739000141620636,0.11131100356578827,2137479,0.0,0.0,0.0
2021-04-04 00:00:00+02:00,0.11131100356578827,0.11685100197792053,0.10653799772262573,0.11472000181674957,2439635,0.0,0.0,0.0
2021-04-05 00:00:00+02:00,0.11472000181674957,0.11591300368309021,0.109094999730587,0.11088500171899796,959993,0.0,0.0,0.0
2021-04-06 00:00:00+02:00,0.11088500171899796,0.11642500013113022,0.10952100157737732,0.11446399986743927,4076485,0.0,0.0,0.0
2021-04-07 00:00:00+02:00,0.11446399986743927,0.1191520020365715,0.11088500171899796,0.11301500350236893,1612351,0.0,0.0,0.0
2021-04-08 00:00:00+02:00,0.11301500350236893,0.11378300189971924,0.10994700342416763,0.11301500350236893,312938,0.0,0.0,0.0
2021-04-11 00:00:00+02:00,0.11301500350236893,0.11676599830389023,0.11079899966716766,0.11258900165557861,1022705,0.0,0.0,0.0
2021-04-12 00:00:00+02:00,0.11258900165557861,0.11506099998950958,0.1090100035071373,0.11258900165557861,824350,0.0,0.0,0.0
2021-04-13 00:00:00+02:00,0.11258900165557861,0.11071400344371796,0.10696399956941605,0.11258900165557861,471484,0.0,0.0,0.0
2021-04-14 00:00:00+02:00,0.11258900165557861,0.109094999730587,0.10696399956941605,0.11258900165557861,2018,0.0,0.0,0.0
2021-04-15 00:00:00+02:00,0.11258900165557861,0.11258900165557861,0.11258900165557861,0.11258900165557861,0,0.0,0.0,0.0
2021-04-18 00:00:00+02:00,0.11258900165557861,0.10696399956941605,0.10696399956941605,0.11258900165557861,12026,0.0,0.0,0.0
2021-04-19 00:00:00+02:00,0.11258900165557861,0.11062899976968765,0.10696399956941605,0.11258900165557861,75090,0.0,0.0,0.0
2021-04-20 00:00:00+02:00,0.11258900165557861,0.11744700372219086,0.108583003282547,0.11139599978923798,941092,0.0,0.0,0.0
2021-04-21 00:00:00+02:00,0.11139599978923798,0.11668000370264053,0.10670799762010574,0.11139599978923798,88137,0.0,0.0,0.0
2021-04-22 00:00:00+02:00,0.11139599978923798,0.11369699984788895,0.10628200322389603,0.11139599978923798,852098,0.0,0.0,0.0
2021-04-25 00:00:00+02:00,0.11139599978923798,0.11071400344371796,0.10585600137710571,0.11139599978923798,717463,0.0,0.0,0.0
2021-04-26 00:00:00+02:00,0.11139599978923798,0.10994700342416763,0.10653799772262573,0.10713499784469604,1316543,0.0,0.0,0.0
2021-04-27 00:00:00+02:00,0.10717900097370148,0.11216799914836884,0.1036280021071434,0.10717900097370148,258116,0.0,1.125799,0.0
2021-04-28 00:00:00+02:00,0.10717900097370148,0.10986500233411789,0.1036280021071434,0.10717900097370148,647568,0.0,0.0,0.0
2021-05-04 00:00:00+02:00,0.10717900097370148,0.11111299693584442,0.10266900062561035,0.10679499804973602,1075519,0.0,0.0,0.0
2021-05-05 00:00:00+02:00,0.10679499804973602,0.10266900062561035,0.10151699930429459,0.10161300003528595,1945364,0.0,0.0,0.0
2021-05-06 00:00:00+02:00,0.10161300003528595,0.1006539985537529,0.09662400186061859,0.09681600332260132,2705353,0.0,0.0,0.0
2021-05-09 00:00:00+02:00,0.09681600332260132,0.09969399869441986,0.0920180007815361,0.09317000210285187,1809130,0.0,0.0,0.0
2021-05-10 00:00:00+02:00,0.09317000210285187,0.09777499735355377,0.09576000273227692,0.09767899662256241,1117446,0.0,0.0,0.0
2021-05-11 00:00:00+02:00,0.09767899662256241,0.10247699916362762,0.10036599636077881,0.10247699916362762,6802194,0.0,0.0,0.0
2021-05-17 00:00:00+02:00,0.10247699916362762,0.10602699965238571,0.09748700261116028,0.10276500135660172,5750978,0.0,0.0,0.0
2021-05-18 00:00:00+02:00,0.10276500135660172,0.1036280021071434,0.09825500100851059,0.10027000308036804,2624042,0.0,0.0,0.0
2021-05-19 00:00:00+02:00,0.10027000308036804,0.10410799831151962,0.09854300320148468,0.10027000308036804,834077,0.0,0.0,0.0
2021-05-20 00:00:00+02:00,0.10027000308036804,0.10161300003528595,0.09691199660301208,0.10027000308036804,932688,0.0,0.0,0.0
2021-05-23 00:00:00+02:00,0.10027000308036804,0.10103800147771835,0.09729599952697754,0.09758300334215164,2933028,0.0,0.0,0.0
2021-05-24 00:00:00+02:00,0.09758300334215164,0.09950199723243713,0.09278599917888641,0.0936489999294281,4220349,0.0,0.0,0.0
2021-05-25 00:00:00+02:00,0.0936489999294281,0.09499300271272659,0.0903870016336441,0.09192200005054474,1412695,0.0,0.0,0.0
2021-05-26 00:00:00+02:00,0.09192200005054474,0.09211400151252747,0.08750800043344498,0.0887560024857521,6271151,0.0,0.0,0.0
2021-05-27 00:00:00+02:00,0.0887560024857521,0.09317000210285187,0.0893310010433197,0.09297800064086914,4110441,0.0,0.0,0.0
2021-05-30 00:00:00+02:00,0.09297800064086914,0.0930740013718605,0.08952300250530243,0.09153799712657928,1918007,0.0,0.0,0.0
2021-05-31 00:00:00+02:00,0.09153799712657928,0.09499300271272659,0.0887560024857521,0.09153799712657928,564267,0.0,0.0,0.0
2021-06-01 00:00:00+02:00,0.09153799712657928,0.09604799747467041,0.08712500333786011,0.09172999858856201,2069310,0.0,0.0,0.0
2021-06-02 00:00:00+02:00,0.09172999858856201,0.09460899978876114,0.0893310010433197,0.09172999858856201,764126,0.0,0.0,0.0
2021-06-03 00:00:00+02:00,0.09172999858856201,0.09393700212240219,0.09019500017166138,0.09172999858856201,72160,0.0,0.0,0.0
2021-06-06 00:00:00+02:00,0.09172999858856201,0.09288199990987778,0.08827599883079529,0.09172999858856201,606621,0.0,0.0,0.0
2021-06-07 00:00:00+02:00,0.09172999858856201,0.09345699846744537,0.08837199956178665,0.09172999858856201,502924,0.0,0.0,0.0
2021-06-08 00:00:00+02:00,0.09172999858856201,0.09288199990987778,0.08837199956178665,0.09172999858856201,438028,0.0,0.0,0.0
2021-06-09 00:00:00+02:00,0.09172999858856201,0.09623999893665314,0.09115500003099442,0.09518499672412872,4539923,0.0,0.0,0.0
2021-06-10 00:00:00+02:00,0.09518499672412872,0.09835100173950195,0.09355299919843674,0.09518499672412872,264630,0.0,0.0,0.0
2021-06-13 00:00:00+02:00,0.09518499672412872,0.09873499721288681,0.09077099710702896,0.09518499672412872,236699,0.0,0.0,0.0
2021-06-14 00:00:00+02:00,0.09518499672412872,0.09508900344371796,0.09057900309562683,0.09144199639558792,1279098,0.0,0.0,0.0
2021-06-15 00:00:00+02:00,0.09144199639558792,0.09595199674367905,0.0906749963760376,0.09278599917888641,2033970,0.0,0.0,0.0
2021-06-16 00:00:00+02:00,0.09278599917888641,0.09460899978876114,0.08942700177431107,0.09144199639558792,2851331,0.0,0.0,0.0
2021-06-17 00:00:00+02:00,0.09144199639558792,0.09547200053930283,0.09019500017166138,0.09144199639558792,1060511,0.0,0.0,0.0
2021-06-20 00:00:00+02:00,0.09144199639558792,0.09211400151252747,0.08971499651670456,0.09144199639558792,1050350,0.0,0.0,0.0
2021-06-21 00:00:00+02:00,0.09144199639558792,0.0930740013718605,0.08923599869012833,0.09144199639558792,580494,0.0,0.0,0.0
2021-06-22 00:00:00+02:00,0.09144199639558792,0.09297800064086914,0.08923599869012833,0.08971499651670456,1284987,0.0,0.0,0.0
2021-06-23 00:00:00+02:00,0.08971499651670456,0.09393700212240219,0.09048300236463547,0.09153799712657928,1096133,0.0,0.0,0.0
2021-06-24 00:00:00+02:00,0.09153799712657928,0.0930740013718605,0.08952300250530243,0.09029100090265274,1183468,0.0,0.0,0.0
2021-06-27 00:00:00+02:00,0.09029100090265274,0.09480100125074387,0.09115500003099442,0.09355299919843674,1487097,0.0,0.0,0.0
2021-06-28 00:00:00+02:00,0.09355299919843674,0.09815900027751923,0.09815900027751923,0.09815900027751923,3795807,0.0,0.0,0.0
2021-06-29 00:00:00+02:00,0.09815900027751923,0.1030530035495758,0.10286100208759308,0.1030530035495758,1033717,0.0,0.0,0.0
2021-06-30 00:00:00+02:00,0.1030530035495758,0.10813800245523453,0.10084600001573563,0.10785000026226044,10581274,0.0,0.0,0.0
2021-07-04 00:00:00+02:00,0.10785000026226044,0.11072900146245956,0.10247699916362762,0.1049719974398613,12199925,0.0,0.0,0.0
2021-07-05 00:00:00+02:00,0.1049719974398613,0.10832999646663666,0.09998200088739395,0.10247699916362762,5654535,0.0,0.0,0.0
2021-07-06 00:00:00+02:00,0.10247699916362762,0.10017400234937668,0.0973920002579689,0.09787099808454514,2983240,0.0,0.0,0.0
2021-07-07 00:00:00+02:00,0.09787099808454514,0.09883099794387817,0.09499300271272659,0.09825500100851059,1744953,0.0,0.0,0.0
2021-07-08 00:00:00+02:00,0.09825500100851059,0.10314899682998657,0.10238099843263626,0.10314899682998657,3137545,0.0,0.0,0.0
2021-07-11 00:00:00+02:00,0.10314899682998657,0.10823400318622589,0.10823400318622589,0.10823400318622589,6826247,0.0,0.0,0.0
2021-07-12 00:00:00+02:00,0.10823400318622589,0.11360800266265869,0.11360800266265869,0.11360800266265869,2320465,0.0,0.0,0.0
2021-07-13 00:00:00+02:00,0.11360800266265869,0.119268998503685,0.119268998503685,0.119268998503685,882799,0.0,0.0,0.0
2021-07-14 00:00:00+02:00,0.119268998503685,0.125218003988266,0.11418300122022629,0.1249300017952919,75951347,0.0,0.0,0.0
2021-07-15 00:00:00+02:00,0.1249300017952919,0.1311669945716858,0.125218003988266,0.12963199615478516,56260690,0.0,0.0,0.0
2021-07-18 00:00:00+02:00,0.12963199615478516,0.13529300689697266,0.12588900327682495,0.12838399410247803,28043563,0.0,0.0,0.0
2021-07-25 00:00:00+02:00,0.12838399410247803,0.13471700251102448,0.1276170015335083,0.13183900713920593,30999644,0.0,0.0,0.0
2021-07-26 00:00:00+02:00,0.13145500421524048,0.13721199333667755,0.13721199333667755,0.13721199333667755,4182799,0.0,10.0,0.0
2021-07-27 00:00:00+02:00,0.13721199333667755,0.14392900466918945,0.13721199333667755,0.14104999601840973,31010391,0.0,0.0,0.0
2021-07-28 00:00:00+02:00,0.14104999601840973,0.13913099467754364,0.13433299958705902,0.13433299958705902,21089055,0.0,0.0,0.0
2021-07-29 00:00:00+02:00,0.13433299958705902,0.13433299958705902,0.1276170015335083,0.12857599556446075,19474125,0.0,0.0,0.0
2021-08-01 00:00:00+02:00,0.12857599556446075,0.13433299958705902,0.12281899899244308,0.1295360028743744,41381065,0.0,0.0,0.0
2021-08-02 00:00:00+02:00,0.1295360028743744,0.13529300689697266,0.13529300689697266,0.13529300689697266,3496605,0.0,0.0,0.0
2021-08-03 00:00:00+02:00,0.13529300689697266,0.14201000332832336,0.13433299958705902,0.1400900036096573,64851346,0.0,0.0,0.0
2021-08-04 00:00:00+02:00,0.1400900036096573,0.146807000041008,0.1381710022687912,0.1448879987001419,34329578,0.0,0.0,0.0
2021-08-05 00:00:00+02:00,0.1448879987001419,0.15160499513149261,0.15160499513149261,0.15160499513149261,6246784,0.0,0.0,0.0
2021-08-08 00:00:00+02:00,0.15160499513149261,0.15160499513149261,0.15160499513149261,0.15160499513149261,0,0.0,0.0,0.0
2021-08-09 00:00:00+02:00,0.15160499513149261,0.15160499513149261,0.15160499513149261,0.15160499513149261,0,0.0,0.0,0.0
2021-08-10 00:00:00+02:00,0.16599799692630768,0.17367400228977203,0.16599799692630768,0.1727139949798584,25761314,0.0,0.0,0.0
2021-08-11 00:00:00+02:00,0.1727139949798584,0.17655199766159058,0.16599799692630768,0.16983599960803986,27993853,0.0,0.0,0.0
2021-08-15 00:00:00+02:00,0.16983599960803986,0.16887600719928741,0.1621599942445755,0.1640789955854416,17085213,0.0,0.0,0.0
2021-08-16 00:00:00+02:00,0.1640789955854416,0.17175500094890594,0.15640200674533844,0.1640789955854416,18825132,0.0,0.0,0.0
2021-08-17 00:00:00+02:00,0.1640789955854416,0.17175500094890594,0.16503800451755524,0.1707949936389923,14823395,0.0,0.0,0.0
2021-08-18 00:00:00+02:00,0.1707949936389923,0.17847199738025665,0.1727139949798584,0.1775120049715042,15279038,0.0,0.0,0.0
2021-08-19 00:00:00+02:00,0.1775120049715042,0.18231000006198883,0.16887600719928741,0.17367400228977203,15201227,0.0,0.0,0.0
2021-08-22 00:00:00+02:00,0.17367400228977203,0.17175500094890594,0.16599799692630768,0.16791699826717377,7517613,0.0,0.0,0.0
2021-08-23 00:00:00+02:00,0.16791699826717377,0.17559300363063812,0.16503800451755524,0.1746329963207245,13583150,0.0,0.0,0.0
2021-08-24 00:00:00+02:00,0.1746329963207245,0.1813499927520752,0.16791699826717377,0.1727139949798584,13094020,0.0,0.0,0.0
2021-08-25 00:00:00+02:00,0.1727139949798584,0.17559300363063812,0.16503800451755524,0.16887600719928741,8418125,0.0,0.0,0.0
2021-08-26 00:00:00+02:00,0.16887600719928741,0.1746329963207245,0.1621599942445755,0.16983599960803986,7724730,0.0,0.0,0.0
2021-08-29 00:00:00+02:00,0.16983599960803986,0.1775120049715042,0.17175500094890594,0.17655199766159058,16419635,0.0,0.0,0.0
2021-08-30 00:00:00+02:00,0.17655199766159058,0.18422900140285492,0.1727139949798584,0.18039099872112274,13941461,0.0,0.0,0.0
2021-08-31 00:00:00+02:00,0.18039099872112274,0.18902599811553955,0.1727139949798584,0.18710699677467346,39736717,0.0,0.0,0.0
2021-09-01 00:00:00+02:00,0.18710699677467346,0.19574299454689026,0.19382399320602417,0.19574299454689026,19030320,0.0,0.0,0.0
2021-09-02 00:00:00+02:00,0.19574299454689026,0.2053380012512207,0.1967030018568039,0.20437900722026825,11363306,0.0,0.0,0.0
2021-09-05 00:00:00+02:00,0.20437900722026825,0.22452899813652039,0.2072570025920868,0.22452899813652039,32491196,0.0,0.0,0.0
2021-09-06 00:00:00+02:00,0.22452899813652039,0.2465980052947998,0.20246000587940216,0.23412400484085083,42512774,0.0,0.0,0.0
2021-09-07 00:00:00+02:00,0.23412400484085083,0.24371899664402008,0.21685299277305603,0.23220500349998474,18691047,0.0,0.0,0.0
2021-09-08 00:00:00+02:00,0.23220500349998474,0.24371899664402008,0.2139739990234375,0.21973100304603577,10112254,0.0,0.0,0.0
2021-09-09 00:00:00+02:00,0.21973100304603577,0.22836700081825256,0.20054100453853607,0.20341899991035461,17470322,0.0,0.0,0.0
2021-09-12 00:00:00+02:00,0.20341899991035461,0.22356900572776794,0.19574299454689026,0.21973100304603577,19443255,0.0,0.0,0.0
2021-09-13 00:00:00+02:00,0.21973100304603577,0.23028600215911865,0.21493400633335114,0.22836700081825256,11255487,0.0,0.0,0.0
2021-09-14 00:00:00+02:00,0.22836700081825256,0.23028600215911865,0.21013599634170532,0.21301500499248505,18601050,0.0,0.0,0.0
2021-09-15 00:00:00+02:00,0.21301500499248505,0.2206909954547882,0.20054100453853607,0.20246000587940216,14977739,0.0,0.0,0.0
2021-09-16 00:00:00+02:00,0.20246000587940216,0.2226099967956543,0.20149999856948853,0.2226099967956543,25110715,0.0,0.0,0.0
2021-09-19 00:00:00+02:00,0.2226099967956543,0.23700299859046936,0.21301500499248505,0.21781200170516968,31833970,0.0,0.0,0.0
2021-09-20 00:00:00+02:00,0.21781200170516968,0.22836700081825256,0.2053380012512207,0.2158930003643036,17622768,0.0,0.0,0.0
2021-09-21 00:00:00+02:00,0.2158930003643036,0.22932599484920502,0.19862200319766998,0.22356900572776794,36178080,0.0,0.0,0.0
2021-09-22 00:00:00+02:00,0.22356900572776794,0.22740699350833893,0.21685299277305603,0.21973100304603577,9477056,0.0,0.0,0.0
2021-09-23 00:00:00+02:00,0.21973100304603577,0.23412400484085083,0.2158930003643036,0.22452899813652039,26799027,0.0,0.0,0.0
2021-09-26 00:00:00+02:00,0.22452899813652039,0.23508399724960327,0.2206909954547882,0.22165000438690186,11584180,0.0,0.0,0.0
2021-09-27 00:00:00+02:00,0.22165000438690186,0.22356900572776794,0.2158930003643036,0.21685299277305603,9408026,0.0,0.0,0.0
2021-09-28 00:00:00+02:00,0.21685299277305603,0.22356900572776794,0.2139739990234375,0.21877199411392212,3632567,0.0,0.0,0.0
2021-09-29 00:00:00+02:00,0.21877199411392212,0.21877199411392212,0.21877199411392212,0.21877199411392212,0,0.0,0.0,0.0
2021-09-30 00:00:00+02:00,0.21493400633335114,0.2206909954547882,0.2139739990234375,0.21973100304603577,2832795,0.0,0.0,0.0
2021-10-03 00:00:00+02:00,0.21973100304603577,0.22356900572776794,0.2120549976825714,0.2139739990234375,5758085,0.0,0.0,0.0
2021-10-04 00:00:00+02:00,0.2139739990234375,0.21877199411392212,0.21013599634170532,0.21109500527381897,5273762,0.0,0.0,0.0
2021-10-05 00:00:00+02:00,0.21109500527381897,0.21973100304603577,0.19862200319766998,0.20246000587940216,22957087,0.0,0.0,0.0
2021-10-06 00:00:00+02:00,0.20246000587940216,0.21013599634170532,0.20054100453853607,0.2072570025920868,5885715,0.0,0.0,0.0
2021-10-10 00:00:00+02:00,0.2072570025920868,0.21109500527381897,0.20149999856948853,0.20246000587940216,5160047,0.0,0.0,0.0
2021-10-11 00:00:00+02:00,0.20246000587940216,0.20917600393295288,0.19958099722862244,0.20341899991035461,5879825,0.0,0.0,0.0
2021-10-12 00:00:00+02:00,0.20341899991035461,0.20917600393295288,0.20149999856948853,0.20246000587940216,7945722,0.0,0.0,0.0
2021-10-13 00:00:00+02:00,0.20246000587940216,0.20341899991035461,0.19862200319766998,0.19958099722862244,6858067,0.0,0.0,0.0
2021-10-14 00:00:00+02:00,0.19958099722862244,0.21013599634170532,0.19862200319766998,0.20149999856948853,13689078,0.0,0.0,0.0
2021-10-17 00:00:00+02:00,0.20149999856948853,0.20341899991035461,0.19862200319766998,0.20054100453853607,2500445,0.0,0.0,0.0
2021-10-18 00:00:00+02:00,0.20054100453853607,0.20054100453853607,0.20054100453853607,0.20054100453853607,0,0.0,0.0,0.0
2021-10-19 00:00:00+02:00,0.20054100453853607,0.20054100453853607,0.1813499927520752,0.1813499927520752,16137198,0.0,0.0,0.0
2021-10-20 00:00:00+02:00,0.1813499927520752,0.1813499927520752,0.1640789955854416,0.1640789955854416,13559189,0.0,0.0,0.0
2021-10-24 00:00:00+02:00,0.1640789955854416,0.17847199738025665,0.1640789955854416,0.16503800451755524,7039017,0.0,0.0,0.0
2021-10-25 00:00:00+02:00,0.16503800451755524,0.1727139949798584,0.14872600138187408,0.14968599379062653,20437091,0.0,0.0,0.0
2021-10-26 00:00:00+02:00,0.14968599379062653,0.15928100049495697,0.1362520009279251,0.1381710022687912,11303455,0.0,0.0,0.0
2021-10-27 00:00:00+02:00,0.1381710022687912,0.15064500272274017,0.1295360028743744,0.14968599379062653,5150324,0.0,0.0,0.0
2021-10-28 00:00:00+02:00,0.14968599379062653,0.1640789955854416,0.14392900466918945,0.15928100049495697,11864385,0.0,0.0,0.0
2021-10-31 00:00:00+02:00,0.15928100049495697,0.16503800451755524,0.14968599379062653,0.1602409929037094,5925796,0.0,0.0,0.0
2021-11-01 00:00:00+02:00,0.1602409929037094,0.17559300363063812,0.15928100049495697,0.1727139949798584,25631313,0.0,0.0,0.0
2021-11-02 00:00:00+02:00,0.1727139949798584,0.1746329963207245,0.16791699826717377,0.16983599960803986,9669204,0.0,0.0,0.0
2021-11-03 00:00:00+02:00,0.16983599960803986,0.1707949936389923,0.1535239964723587,0.15640200674533844,10254974,0.0,0.0,0.0
2021-11-04 00:00:00+02:00,0.15640200674533844,0.1640789955854416,0.14392900466918945,0.15640200674533844,11321454,0.0,0.0,0.0
2021-11-07 00:00:00+02:00,0.15640200674533844,0.15640200674533844,0.15640200674533844,0.15640200674533844,0,0.0,0.0,0.0
2021-11-08 00:00:00+02:00,0.15640200674533844,0.15640200674533844,0.15640200674533844,0.15640200674533844,0,0.0,0.0,0.0
2021-11-09 00:00:00+02:00,0.15640200674533844,0.15640200674533844,0.15640200674533844,0.15640200674533844,0,0.0,0.0,0.0
2021-11-10 00:00:00+02:00,0.16120000183582306,0.16503800451755524,0.14872600138187408,0.15256400406360626,14234143,0.0,0.0,0.0
2021-11-11 00:00:00+02:00,0.15256400406360626,0.15832099318504333,0.15256400406360626,0.1554429978132248,3971935,0.0,0.0,0.0
2021-11-14 00:00:00+02:00,0.1554429978132248,0.15832099318504333,0.15256400406360626,0.1535239964723587,4991215,0.0,0.0,0.0
2021-11-15 00:00:00+02:00,0.1535239964723587,0.15640200674533844,0.14296899735927582,0.14584800601005554,9746879,0.0,0.0,0.0
2021-11-16 00:00:00+02:00,0.14584800601005554,0.14584800601005554,0.14584800601005554,0.14584800601005554,0,0.0,0.0,0.0
2021-11-17 00:00:00+02:00,0.13913099467754364,0.146807000041008,0.13433299958705902,0.13721199333667755,12030677,0.0,0.0,0.0
2021-11-18 00:00:00+02:00,0.13721199333667755,0.14104999601840973,0.13433299958705902,0.13721199333667755,3106419,0.0,0.0,0.0
2021-11-21 00:00:00+02:00,0.13721199333667755,0.13721199333667755,0.1295360028743744,0.13145500421524048,2663823,0.0,0.0,0.0
2021-11-22 00:00:00+02:00,0.13145500421524048,0.1362520009279251,0.1276170015335083,0.13433299958705902,4626936,0.0,0.0,0.0
2021-11-23 00:00:00+02:00,0.13433299958705902,0.13913099467754364,0.13337400555610657,0.13529300689697266,4818097,0.0,0.0,0.0
2021-11-24 00:00:00+02:00,0.13529300689697266,0.1381710022687912,0.13337400555610657,0.13529300689697266,3959269,0.0,0.0,0.0
2021-11-25 00:00:00+02:00,0.13529300689697266,0.14201000332832336,0.13529300689697266,0.13913099467754364,5323631,0.0,0.0,0.0
2021-11-28 00:00:00+02:00,0.13913099467754364,0.13913099467754364,0.13913099467754364,0.13913099467754364,0,0.0,0.0,0.0
2021-11-29 00:00:00+02:00,0.1381710022687912,0.14392900466918945,0.13529300689697266,0.13913099467754364,7553790,0.0,0.0,0.0
2021-11-30 00:00:00+02:00,0.13913099467754364,0.1448879987001419,0.13721199333667755,0.14392900466918945,5583829,0.0,0.0,0.0
2021-12-01 00:00:00+02:00,0.14392900466918945,0.146807000041008,0.14201000332832336,0.1448879987001419,7642618,0.0,0.0,0.0
2021-12-02 00:00:00+02:00,0.1448879987001419,0.14968599379062653,0.14296899735927582,0.14392900466918945,5999237,0.0,0.0,0.0
2021-12-05 00:00:00+02:00,0.14392900466918945,0.146807000041008,0.14296899735927582,0.1448879987001419,5939113,0.0,0.0,0.0
2021-12-06 00:00:00+02:00,0.1448879987001419,0.15064500272274017,0.14392900466918945,0.14392900466918945,9161727,0.0,0.0,0.0
2021-12-07 00:00:00+02:00,0.14392900466918945,0.1448879987001419,0.13913099467754364,0.1400900036096573,7202380,0.0,0.0,0.0
2021-12-08 00:00:00+02:00,0.1400900036096573,0.14201000332832336,0.13721199333667755,0.13913099467754364,3471787,0.0,0.0,0.0
2021-12-09 00:00:00+02:00,0.13913099467754364,0.14104999601840973,0.13529300689697266,0.1400900036096573,5838773,0.0,0.0,0.0
2021-12-12 00:00:00+02:00,0.1400900036096573,0.14201000332832336,0.1381710022687912,0.13913099467754364,1256347,0.0,0.0,0.0
2021-12-13 00:00:00+02:00,0.13913099467754364,0.14104999601840973,0.1381710022687912,0.13913099467754364,2392884,0.0,0.0,0.0
2021-12-14 00:00:00+02:00,0.13913099467754364,0.13913099467754364,0.13913099467754364,0.13913099467754364,0,0.0,0.0,0.0
2021-12-15 00:00:00+02:00,0.13721199333667755,0.13721199333667755,0.13433299958705902,0.13529300689697266,1662077,0.0,0.0,0.0
2021-12-16 00:00:00+02:00,0.13529300689697266,0.1400900036096573,0.13433299958705902,0.13529300689697266,3215461,0.0,0.0,0.0
2021-12-19 00:00:00+02:00,0.13529300689697266,0.13721199333667755,0.13433299958705902,0.13433299958705902,2106736,0.0,0.0,0.0
2021-12-20 00:00:00+02:00,0.13433299958705902,0.13433299958705902,0.13433299958705902,0.13433299958705902,0,0.0,0.0,0.0
2021-12-21 00:00:00+02:00,0.1362520009279251,0.13721199333667755,0.13433299958705902,0.13433299958705902,2698330,0.0,0.0,0.0
2021-12-22 00:00:00+02:00,0.13433299958705902,0.13913099467754364,0.1362520009279251,0.13721199333667755,5085213,0.0,0.0,0.0
2021-12-23 00:00:00+02:00,0.13721199333667755,0.14201000332832336,0.13721199333667755,0.1381710022687912,4266086,0.0,0.0,0.0
2021-12-26 00:00:00+02:00,0.1381710022687912,0.1448879987001419,0.13913099467754364,0.14104999601840973,7497131,0.0,0.0,0.0
2021-12-27 00:00:00+02:00,0.14104999601840973,0.14296899735927582,0.1381710022687912,0.13913099467754364,4381910,0.0,0.0,0.0
2021-12-28 00:00:00+02:00,0.13913099467754364,0.14296899735927582,0.13529300689697266,0.1381710022687912,5237814,0.0,0.0,0.0
2021-12-29 00:00:00+02:00,0.1381710022687912,0.14201000332832336,0.13913099467754364,0.1400900036096573,1899552,0.0,0.0,0.0
2021-12-30 00:00:00+02:00,0.1400900036096573,0.14296899735927582,0.13913099467754364,0.14201000332832336,3298796,0.0,0.0,0.0
2022-01-02 00:00:00+02:00,0.14201000332832336,0.15160499513149261,0.14104999601840973,0.14968599379062653,6156720,0.0,0.0,0.0
2022-01-03 00:00:00+02:00,0.14968599379062653,0.1640789955854416,0.15160499513149261,0.1640789955854416,13453173,0.0,0.0,0.0
2022-01-04 00:00:00+02:00,0.1640789955854416,0.18039099872112274,0.15928100049495697,0.1640789955854416,27401049,0.0,0.0,0.0
2022-01-05 00:00:00+02:00,0.1640789955854416,0.16695700585842133,0.1602409929037094,0.16311900317668915,5230671,0.0,0.0,0.0
2022-01-09 00:00:00+02:00,0.16311900317668915,0.16311900317668915,0.16311900317668915,0.16311900317668915,0,0.0,0.0,0.0
2022-01-10 00:00:00+02:00,0.1602409929037094,0.1621599942445755,0.15640200674533844,0.15832099318504333,3282245,0.0,0.0,0.0
2022-01-11 00:00:00+02:00,0.15832099318504333,0.15832099318504333,0.15256400406360626,0.1535239964723587,7347405,0.0,0.0,0.0
2022-01-12 00:00:00+02:00,0.1535239964723587,0.15736199915409088,0.15256400406360626,0.1535239964723587,3082455,0.0,0.0,0.0
2022-01-13 00:00:00+02:00,0.1535239964723587,0.1554429978132248,0.15160499513149261,0.15256400406360626,4862139,0.0,0.0,0.0
2022-01-16 00:00:00+02:00,0.15256400406360626,0.16503800451755524,0.14776700735092163,0.16311900317668915,13506987,0.0,0.0,0.0
2022-01-17 00:00:00+02:00,0.16311900317668915,0.16983599960803986,0.1621599942445755,0.16791699826717377,15184229,0.0,0.0,0.0
2022-01-18 00:00:00+02:00,0.16791699826717377,0.16791699826717377,0.1621599942445755,0.16311900317668915,7912436,0.0,0.0,0.0
2022-01-19 00:00:00+02:00,0.16311900317668915,0.16983599960803986,0.15928100049495697,0.16695700585842133,10788921,0.0,0.0,0.0
2022-01-20 00:00:00+02:00,0.16695700585842133,0.16983599960803986,0.16311900317668915,0.1640789955854416,8483641,0.0,0.0,0.0
2022-01-23 00:00:00+02:00,0.1640789955854416,0.17847199738025665,0.1621599942445755,0.17367400228977203,20883774,0.0,0.0,0.0
2022-01-24 00:00:00+02:00,0.17367400228977203,0.18998600542545319,0.1746329963207245,0.1813499927520752,39038527,0.0,0.0,0.0
2022-01-25 00:00:00+02:00,0.1813499927520752,0.18326899409294128,0.16791699826717377,0.1707949936389923,13743783,0.0,0.0,0.0
2022-01-26 00:00:00+02:00,0.1707949936389923,0.18231000006198883,0.1727139949798584,0.17559300363063812,16145034,0.0,0.0,0.0
2022-01-30 00:00:00+02:00,0.17559300363063812,0.1794310063123703,0.16983599960803986,0.1727139949798584,10663548,0.0,0.0,0.0
2022-01-31 00:00:00+02:00,0.1727139949798584,0.18518799543380737,0.17175500094890594,0.1813499927520752,13466565,0.0,0.0,0.0
2022-02-01 00:00:00+02:00,0.1813499927520752,0.18231000006198883,0.17367400228977203,0.17655199766159058,8478022,0.0,0.0,0.0
2022-02-02 00:00:00+02:00,0.17655199766159058,0.17655199766159058,0.1727139949798584,0.17367400228977203,8149672,0.0,0.0,0.0
2022-02-03 00:00:00+02:00,0.17367400228977203,0.1775120049715042,0.17175500094890594,0.1727139949798584,2951655,0.0,0.0,0.0
2022-02-06 00:00:00+02:00,0.1727139949798584,0.17847199738025665,0.1727139949798584,0.17559300363063812,6291367,0.0,0.0,0.0
2022-02-07 00:00:00+02:00,0.17559300363063812,0.17655199766159058,0.17175500094890594,0.1727139949798584,2860528,0.0,0.0,0.0
2022-02-08 00:00:00+02:00,0.1727139949798584,0.1746329963207245,0.17175500094890594,0.1727139949798584,3039517,0.0,0.0,0.0
2022-02-09 00:00:00+02:00,0.1727139949798584,0.1746329963207245,0.1707949936389923,0.1707949936389923,2489593,0.0,0.0,0.0
2022-02-10 00:00:00+02:00,0.1707949936389923,0.1707949936389923,0.1640789955854416,0.16503800451755524,5511333,0.0,0.0,0.0
2022-02-13 00:00:00+02:00,0.16503800451755524,0.16599799692630768,0.14872600138187408,0.14872600138187408,10043604,0.0,0.0,0.0
2022-02-14 00:00:00+02:00,0.14872600138187408,0.1535239964723587,0.13721199333667755,0.14776700735092163,14866424,0.0,0.0,0.0
2022-02-15 00:00:00+02:00,0.14776700735092163,0.15640200674533844,0.14872600138187408,0.15160499513149261,9520486,0.0,0.0,0.0
2022-02-16 00:00:00+02:00,0.15160499513149261,0.1602409929037094,0.1535239964723587,0.1554429978132248,9878013,0.0,0.0,0.0
2022-02-17 00:00:00+02:00,0.1554429978132248,0.15928100049495697,0.15256400406360626,0.1554429978132248,3859106,0.0,0.0,0.0
2022-02-20 00:00:00+02:00,0.1554429978132248,0.1554429978132248,0.15160499513149261,0.15256400406360626,5495160,0.0,0.0,0.0
2022-02-21 00:00:00+02:00,0.15256400406360626,0.15736199915409088,0.15160499513149261,0.1535239964723587,3918924,0.0,0.0,0.0
2022-02-22 00:00:00+02:00,0.1535239964723587,0.15448300540447235,0.14776700735092163,0.15256400406360626,7443587,0.0,0.0,0.0
2022-02-23 00:00:00+02:00,0.15256400406360626,0.16695700585842133,0.146807000041008,0.16695700585842133,29090500,0.0,0.0,0.0
2022-02-24 00:00:00+02:00,0.16695700585842133,0.17175500094890594,0.15064500272274017,0.15832099318504333,30207908,0.0,0.0,0.0
2022-02-27 00:00:00+02:00,0.15832099318504333,0.16983599960803986,0.15832099318504333,0.16503800451755524,27128529,0.0,0.0,0.0
2022-02-28 00:00:00+02:00,0.16503800451755524,0.16887600719928741,0.1602409929037094,0.16599799692630768,26222240,0.0,0.0,0.0
2022-03-01 00:00:00+02:00,0.16599799692630768,0.17367400228977203,0.16695700585842133,0.1727139949798584,18574984,0.0,0.0,0.0
2022-03-02 00:00:00+02:00,0.1727139949798584,0.1746329963207245,0.16887600719928741,0.1727139949798584,12383171,0.0,0.0,0.0
2022-03-03 00:00:00+02:00,0.1727139949798584,0.18039099872112274,0.1746329963207245,0.17559300363063812,10939029,0.0,0.0,0.0
2022-03-06 00:00:00+02:00,0.17559300363063812,0.17847199738025665,0.16983599960803986,0.17175500094890594,14517300,0.0,0.0,0.0
2022-03-07 00:00:00+02:00,0.17175500094890594,0.1727139949798584,0.16503800451755524,0.16695700585842133,6115029,0.0,0.0,0.0
2022-03-08 00:00:00+02:00,0.16695700585842133,0.16695700585842133,0.16695700585842133,0.16695700585842133,0,0.0,0.0,0.0
2022-03-09 00:00:00+02:00,0.17559300363063812,0.18326899409294128,0.1775120049715042,0.1794310063123703,15646401,0.0,0.0,0.0
2022-03-10 00:00:00+02:00,0.1794310063123703,0.1794310063123703,0.16983599960803986,0.1707949936389923,28049451,0.0,0.0,0.0
2022-03-13 00:00:00+02:00,0.1707949936389923,0.17367400228977203,0.16695700585842133,0.16983599960803986,10101474,0.0,0.0,0.0
2022-03-14 00:00:00+02:00,0.16983599960803986,0.16983599960803986,0.16791699826717377,0.16791699826717377,11947504,0.0,0.0,0.0
2022-03-15 00:00:00+02:00,0.16791699826717377,0.16887600719928741,0.1602409929037094,0.1621599942445755,13907236,0.0,0.0,0.0
2022-03-16 00:00:00+02:00,0.1621599942445755,0.16599799692630768,0.15928100049495697,0.1621599942445755,15299970,0.0,0.0,0.0
2022-03-17 00:00:00+02:00,0.1621599942445755,0.16503800451755524,0.1621599942445755,0.1640789955854416,4645107,0.0,0.0,0.0
2022-03-20 00:00:00+02:00,0.1640789955854416,0.16599799692630768,0.16311900317668915,0.1640789955854416,3447550,0.0,0.0,0.0
2022-03-21 00:00:00+02:00,0.1640789955854416,0.16983599960803986,0.1640789955854416,0.16791699826717377,9353272,0.0,0.0,0.0
2022-03-22 00:00:00+02:00,0.16791699826717377,0.1746329963207245,0.16599799692630768,0.17175500094890594,15936595,0.0,0.0,0.0
2022-03-23 00:00:00+02:00,0.17175500094890594,0.1727139949798584,0.16695700585842133,0.16791699826717377,7120930,0.0,0.0,0.0
2022-03-24 00:00:00+02:00,0.16791699826717377,0.16887600719928741,0.16311900317668915,0.16503800451755524,7931599,0.0,0.0,0.0
2022-03-27 00:00:00+02:00,0.16503800451755524,0.16695700585842133,0.1621599942445755,0.1640789955854416,4119322,0.0,0.0,0.0
2022-03-28 00:00:00+02:00,0.1640789955854416,0.16311900317668915,0.15448300540447235,0.15736199915409088,6999139,0.0,0.0,0.0
2022-03-29 00:00:00+02:00,0.15736199915409088,0.1621599942445755,0.15736199915409088,0.1602409929037094,2876258,0.0,0.0,0.0
2022-03-30 00:00:00+02:00,0.1602409929037094,0.1621599942445755,0.1554429978132248,0.15640200674533844,5716641,0.0,0.0,0.0
2022-03-31 00:00:00+02:00,0.15640200674533844,0.16120000183582306,0.1554429978132248,0.15928100049495697,3758113,0.0,0.0,0.0
2022-04-03 00:00:00+02:00,0.15928100049495697,0.1621599942445755,0.1554429978132248,0.15832099318504333,1892427,0.0,0.0,0.0
2022-04-04 00:00:00+02:00,0.15832099318504333,0.16311900317668915,0.15736199915409088,0.15928100049495697,3103441,0.0,0.0,0.0
2022-04-05 00:00:00+02:00,0.15928100049495697,0.16120000183582306,0.15640200674533844,0.15640200674533844,1571485,0.0,0.0,0.0
2022-04-06 00:00:00+02:00,0.15640200674533844,0.15928100049495697,0.15448300540447235,0.1554429978132248,2331300,0.0,0.0,0.0
2022-04-07 00:00:00+02:00,0.1554429978132248,0.15640200674533844,0.15256400406360626,0.15448300540447235,5308578,0.0,0.0,0.0
2022-04-10 00:00:00+02:00,0.15448300540447235,0.15448300540447235,0.14968599379062653,0.15160499513149261,2272213,0.0,0.0,0.0
2022-04-11 00:00:00+02:00,0.15160499513149261,0.1535239964723587,0.14872600138187408,0.15064500272274017,2753088,0.0,0.0,0.0
2022-04-12 00:00:00+02:00,0.15064500272274017,0.15064500272274017,0.14872600138187408,0.14968599379062653,1525400,0.0,0.0,0.0
2022-04-13 00:00:00+02:00,0.14968599379062653,0.15256400406360626,0.146807000041008,0.14872600138187408,3511917,0.0,0.0,0.0
2022-04-14 00:00:00+02:00,0.14872600138187408,0.14968599379062653,0.14584800601005554,0.14776700735092163,2844863,0.0,0.0,0.0
2022-04-17 00:00:00+02:00,0.14776700735092163,0.14872600138187408,0.1362520009279251,0.13721199333667755,4435412,0.0,0.0,0.0
2022-04-18 00:00:00+02:00,0.13721199333667755,0.13913099467754364,0.1295360028743744,0.13433299958705902,3228200,0.0,0.0,0.0
2022-04-19 00:00:00+02:00,0.13433299958705902,0.14201000332832336,0.1362520009279251,0.14104999601840973,2997542,0.0,0.0,0.0
2022-04-20 00:00:00+02:00,0.14104999601840973,0.14296899735927582,0.13913099467754364,0.1400900036096573,1348490,0.0,0.0,0.0
2022-04-21 00:00:00+02:00,0.1400900036096573,0.1535239964723587,0.1381710022687912,0.15064500272274017,6072067,0.0,0.0,0.0
2022-04-26 00:00:00+02:00,0.15064500272274017,0.15064500272274017,0.14392900466918945,0.14584800601005554,4356264,0.0,0.0,0.0
2022-04-27 00:00:00+02:00,0.14584800601005554,0.14872600138187408,0.14584800601005554,0.14584800601005554,192612,0.0,0.0,0.0
2022-04-28 00:00:00+02:00,0.14584800601005554,0.1602409929037094,0.146807000041008,0.1602409929037094,10366432,0.0,0.0,0.0
2022-05-08 00:00:00+02:00,0.1602409929037094,0.16311900317668915,0.15448300540447235,0.16120000183582306,4536640,0.0,0.0,0.0
2022-05-09 00:00:00+02:00,0.16120000183582306,0.16599799692630768,0.1602409929037094,0.1621599942445755,3701398,0.0,0.0,0.0
2022-05-10 00:00:00+02:00,0.1621599942445755,0.16120000183582306,0.15640200674533844,0.15832099318504333,4187677,0.0,0.0,0.0
2022-05-11 00:00:00+02:00,0.15832099318504333,0.16120000183582306,0.15832099318504333,0.16120000183582306,2481687,0.0,0.0,0.0
2022-05-12 00:00:00+02:00,0.16120000183582306,0.16120000183582306,0.1535239964723587,0.15448300540447235,4464168,0.0,0.0,0.0
2022-05-15 00:00:00+02:00,0.15448300540447235,0.1602409929037094,0.15160499513149261,0.15640200674533844,5368528,0.0,0.0,0.0
2022-05-16 00:00:00+02:00,0.15600000321865082,0.1589999943971634,0.14900000393390656,0.1550000011920929,8151414,0.0,1.04218,0.0
2022-05-17 00:00:00+02:00,0.1550000011920929,0.15700000524520874,0.15000000596046448,0.15199999511241913,3001412,0.0,0.0,0.0
2022-05-18 00:00:00+02:00,0.15199999511241913,0.15600000321865082,0.1509999930858612,0.1550000011920929,2273662,0.0,0.0,0.0
2022-05-19 00:00:00+02:00,0.1550000011920929,0.15399999916553497,0.14800000190734863,0.15000000596046448,6473864,0.0,0.0,0.0
2022-05-22 00:00:00+02:00,0.15000000596046448,0.16500000655651093,0.15600000321865082,0.16500000655651093,11659485,0.0,0.0,0.0
2022-05-23 00:00:00+02:00,0.16500000655651093,0.17499999701976776,0.16599999368190765,0.16699999570846558,23256343,0.0,0.0,0.0
2022-05-24 00:00:00+02:00,0.16699999570846558,0.1679999977350235,0.1599999964237213,0.16200000047683716,11951212,0.0,0.0,0.0
2022-05-25 00:00:00+02:00,0.16200000047683716,0.16200000047683716,0.1509999930858612,0.15600000321865082,12415366,0.0,0.0,0.0
2022-05-26 00:00:00+02:00,0.15600000321865082,0.16599999368190765,0.15600000321865082,0.15800000727176666,11862534,0.0,0.0,0.0
2022-05-29 00:00:00+02:00,0.15800000727176666,0.1599999964237213,0.15000000596046448,0.15399999916553497,19193911,0.0,0.0,0.0
2022-05-30 00:00:00+02:00,0.15399999916553497,0.164000004529953,0.15299999713897705,0.16099999845027924,11422060,0.0,0.0,0.0
2022-05-31 00:00:00+02:00,0.16099999845027924,0.1679999977350235,0.16099999845027924,0.16200000047683716,13582065,0.0,0.0,0.0
2022-06-01 00:00:00+02:00,0.16200000047683716,0.164000004529953,0.15700000524520874,0.15800000727176666,7220174,0.0,0.0,0.0
2022-06-02 00:00:00+02:00,0.15800000727176666,0.16300000250339508,0.15800000727176666,0.16099999845027924,7306275,0.0,0.0,0.0
2022-06-05 00:00:00+02:00,0.16099999845027924,0.16099999845027924,0.16099999845027924,0.16099999845027924,0,0.0,0.0,0.0
2022-06-06 00:00:00+02:00,0.164000004529953,0.16599999368190765,0.16200000047683716,0.164000004529953,7017231,0.0,0.0,0.0
2022-06-07 00:00:00+02:00,0.164000004529953,0.17100000381469727,0.164000004529953,0.16899999976158142,15705300,0.0,0.0,0.0
2022-06-08 00:00:00+02:00,0.16899999976158142,0.18000000715255737,0.17000000178813934,0.17900000512599945,29938529,0.0,0.0,0.0
2022-06-09 00:00:00+02:00,0.17900000512599945,0.18199999630451202,0.17299999296665192,0.17399999499320984,14399291,0.0,0.0,0.0
2022-06-12 00:00:00+02:00,0.17399999499320984,0.1770000010728836,0.17000000178813934,0.1720000058412552,21145275,0.0,0.0,0.0
2022-06-13 00:00:00+02:00,0.1720000058412552,0.17299999296665192,0.16599999368190765,0.16599999368190765,14981317,0.0,0.0,0.0
2022-06-14 00:00:00+02:00,0.16599999368190765,0.17000000178813934,0.16300000250339508,0.1679999977350235,11271366,0.0,0.0,0.0
2022-06-15 00:00:00+02:00,0.1679999977350235,0.17100000381469727,0.16500000655651093,0.16599999368190765,5591858,0.0,0.0,0.0
2022-06-16 00:00:00+02:00,0.16599999368190765,0.16699999570846558,0.164000004529953,0.164000004529953,7919600,0.0,0.0,0.0
2022-06-19 00:00:00+02:00,0.164000004529953,0.16500000655651093,0.15299999713897705,0.15600000321865082,14895983,0.0,0.0,0.0
2022-06-20 00:00:00+02:00,0.15600000321865082,0.16099999845027924,0.15299999713897705,0.15600000321865082,11867544,0.0,0.0,0.0
2022-06-21 00:00:00+02:00,0.15600000321865082,0.16099999845027924,0.1550000011920929,0.1589999943971634,7141034,0.0,0.0,0.0
2022-06-22 00:00:00+02:00,0.1589999943971634,0.1599999964237213,0.15600000321865082,0.1589999943971634,4949095,0.0,0.0,0.0
2022-06-23 00:00:00+02:00,0.1589999943971634,0.15800000727176666,0.15299999713897705,0.1550000011920929,12522098,0.0,0.0,0.0
2022-06-26 00:00:00+02:00,0.1550000011920929,0.15700000524520874,0.1509999930858612,0.15199999511241913,16036627,0.0,0.0,0.0
2022-06-27 00:00:00+02:00,0.15199999511241913,0.15199999511241913,0.1469999998807907,0.14800000190734863,9961554,0.0,0.0,0.0
2022-06-28 00:00:00+02:00,0.14800000190734863,0.1509999930858612,0.14399999380111694,0.1469999998807907,8270128,0.0,0.0,0.0
2022-06-29 00:00:00+02:00,0.1469999998807907,0.1509999930858612,0.14499999582767487,0.1469999998807907,7621967,0.0,0.0,0.0
2022-07-03 00:00:00+02:00,0.1469999998807907,0.14900000393390656,0.14399999380111694,0.14499999582767487,4237133,0.0,0.0,0.0
2022-07-04 00:00:00+02:00,0.14499999582767487,0.14399999380111694,0.13500000536441803,0.13600000739097595,8278840,0.0,0.0,0.0
2022-07-05 00:00:00+02:00,0.13600000739097595,0.1379999965429306,0.1340000033378601,0.13600000739097595,5264285,0.0,0.0,0.0
2022-07-06 00:00:00+02:00,0.13600000739097595,0.1379999965429306,0.1340000033378601,0.13500000536441803,5276394,0.0,0.0,0.0
2022-07-07 00:00:00+02:00,0.13500000536441803,0.14000000059604645,0.13500000536441803,0.1379999965429306,11040957,0.0,0.0,0.0
2022-07-17 00:00:00+02:00,0.1379999965429306,0.1420000046491623,0.1379999965429306,0.14000000059604645,3800001,0.0,0.0,0.0
2022-07-18 00:00:00+02:00,0.14000000059604645,0.1420000046491623,0.14000000059604645,0.14100000262260437,4354425,0.0,0.0,0.0
2022-07-19 00:00:00+02:00,0.14100000262260437,0.1420000046491623,0.1379999965429306,0.14100000262260437,3023141,0.0,0.0,0.0
2022-07-20 00:00:00+02:00,0.14100000262260437,0.14300000667572021,0.14100000262260437,0.14100000262260437,5699238,0.0,0.0,0.0
2022-07-21 00:00:00+02:00,0.14100000262260437,0.14900000393390656,0.14100000262260437,0.1459999978542328,10633249,0.0,0.0,0.0
2022-07-24 00:00:00+02:00,0.1459999978542328,0.15399999916553497,0.1469999998807907,0.14800000190734863,36350837,0.0,0.0,0.0
2022-07-25 00:00:00+02:00,0.14800000190734863,0.14900000393390656,0.14399999380111694,0.1459999978542328,14201668,0.0,0.0,0.0
2022-07-26 00:00:00+02:00,0.1459999978542328,0.1459999978542328,0.14399999380111694,0.14499999582767487,11418575,0.0,0.0,0.0
2022-07-27 00:00:00+02:00,0.14499999582767487,0.1459999978542328,0.14000000059604645,0.14100000262260437,12541085,0.0,0.0,0.0
2022-07-28 00:00:00+02:00,0.14100000262260437,0.14399999380111694,0.14000000059604645,0.1420000046491623,4478972,0.0,0.0,0.0
2022-07-31 00:00:00+02:00,0.1420000046491623,0.1459999978542328,0.1420000046491623,0.14300000667572021,6450453,0.0,0.0,0.0
2022-08-01 00:00:00+02:00,0.14300000667572021,0.14399999380111694,0.14000000059604645,0.14100000262260437,6788168,0.0,0.0,0.0
2022-08-02 00:00:00+02:00,0.14100000262260437,0.14300000667572021,0.14000000059604645,0.14100000262260437,8678474,0.0,0.0,0.0
2022-08-03 00:00:00+02:00,0.14100000262260437,0.14399999380111694,0.14000000059604645,0.14100000262260437,6123520,0.0,0.0,0.0
2022-08-04 00:00:00+02:00,0.14100000262260437,0.14399999380111694,0.14100000262260437,0.14300000667572021,5380798,0.0,0.0,0.0
2022-08-07 00:00:00+02:00,0.14300000667572021,0.15000000596046448,0.14399999380111694,0.14900000393390656,16718377,0.0,0.0,0.0
2022-08-08 00:00:00+02:00,0.14900000393390656,0.15199999511241913,0.1469999998807907,0.14800000190734863,16928754,0.0,0.0,0.0
2022-08-09 00:00:00+02:00,0.14800000190734863,0.14800000190734863,0.14399999380111694,0.14399999380111694,15985772,0.0,0.0,0.0
2022-08-10 00:00:00+02:00,0.14399999380111694,0.1469999998807907,0.1420000046491623,0.14300000667572021,5325205,0.0,0.0,0.0
2022-08-11 00:00:00+02:00,0.14300000667572021,0.1459999978542328,0.14300000667572021,0.14499999582767487,6678915,0.0,0.0,0.0
2022-08-14 00:00:00+02:00,0.14499999582767487,0.1599999964237213,0.14499999582767487,0.15800000727176666,45714778,0.0,0.0,0.0
2022-08-15 00:00:00+02:00,0.15800000727176666,0.16699999570846558,0.15800000727176666,0.15800000727176666,40611244,0.0,0.0,0.0
2022-08-16 00:00:00+02:00,0.15800000727176666,0.16200000047683716,0.15399999916553497,0.15600000321865082,19782102,0.0,0.0,0.0
2022-08-17 00:00:00+02:00,0.15600000321865082,0.1599999964237213,0.1550000011920929,0.15700000524520874,15557773,0.0,0.0,0.0
2022-08-18 00:00:00+02:00,0.15700000524520874,0.15700000524520874,0.15700000524520874,0.15700000524520874,0,0.0,0.0,0.0
2022-08-21 00:00:00+02:00,0.15700000524520874,0.1589999943971634,0.15600000321865082,0.15700000524520874,5967937,0.0,0.0,0.0
2022-08-22 00:00:00+02:00,0.15700000524520874,0.15800000727176666,0.15199999511241913,0.15299999713897705,13495485,0.0,0.0,0.0
2022-08-23 00:00:00+02:00,0.15299999713897705,0.15299999713897705,0.15299999713897705,0.15299999713897705,0,0.0,0.0,0.0
2022-08-24 00:00:00+02:00,0.14900000393390656,0.1509999930858612,0.14399999380111694,0.14499999582767487,12012115,0.0,0.0,0.0
2022-08-25 00:00:00+02:00,0.14499999582767487,0.14900000393390656,0.14499999582767487,0.14800000190734863,4596111,0.0,0.0,0.0
2022-08-28 00:00:00+02:00,0.14800000190734863,0.1550000011920929,0.1459999978542328,0.15000000596046448,10163813,0.0,0.0,0.0
2022-08-29 00:00:00+02:00,0.15000000596046448,0.15399999916553497,0.14499999582767487,0.1469999998807907,18629968,0.0,0.0,0.0
2022-08-30 00:00:00+02:00,0.1469999998807907,0.1509999930858612,0.1459999978542328,0.15000000596046448,5254309,0.0,0.0,0.0
2022-08-31 00:00:00+02:00,0.15000000596046448,0.15600000321865082,0.1469999998807907,0.15299999713897705,33067143,0.0,0.0,0.0
2022-09-01 00:00:00+02:00,0.15299999713897705,0.16300000250339508,0.15000000596046448,0.1550000011920929,23796315,0.0,0.0,0.0
2022-09-04 00:00:00+02:00,0.1550000011920929,0.15600000321865082,0.1509999930858612,0.15299999713897705,7626821,0.0,0.0,0.0
2022-09-05 00:00:00+02:00,0.15299999713897705,0.15700000524520874,0.15199999511241913,0.15399999916553497,9452926,0.0,0.0,0.0
2022-09-06 00:00:00+02:00,0.15399999916553497,0.15800000727176666,0.15199999511241913,0.15299999713897705,20135020,0.0,0.0,0.0
2022-09-07 00:00:00+02:00,0.15299999713897705,0.15700000524520874,0.15199999511241913,0.15299999713897705,17973365,0.0,0.0,0.0
2022-09-08 00:00:00+02:00,0.15299999713897705,0.1550000011920929,0.15000000596046448,0.15199999511241913,10291545,0.0,0.0,0.0
2022-09-11 00:00:00+02:00,0.15199999511241913,0.1550000011920929,0.15000000596046448,0.1509999930858612,7698632,0.0,0.0,0.0
2022-09-12 00:00:00+02:00,0.1509999930858612,0.15299999713897705,0.14900000393390656,0.15000000596046448,8454188,0.0,0.0,0.0
2022-09-13 00:00:00+02:00,0.15000000596046448,0.1509999930858612,0.1469999998807907,0.14800000190734863,20193196,0.0,0.0,0.0
2022-09-14 00:00:00+02:00,0.14800000190734863,0.14800000190734863,0.14300000667572021,0.14399999380111694,16672174,0.0,0.0,0.0
2022-09-15 00:00:00+02:00,0.14399999380111694,0.1469999998807907,0.1420000046491623,0.14399999380111694,10254499,0.0,0.0,0.0
2022-09-18 00:00:00+02:00,0.14399999380111694,0.14499999582767487,0.13099999725818634,0.1379999965429306,20948857,0.0,0.0,0.0
2022-09-19 00:00:00+02:00,0.1379999965429306,0.14100000262260437,0.13300000131130219,0.13899999856948853,9390654,0.0,0.0,0.0
2022-09-20 00:00:00+02:00,0.13899999856948853,0.1420000046491623,0.13199999928474426,0.14000000059604645,18068126,0.0,0.0,0.0
2022-09-21 00:00:00+02:00,0.14000000059604645,0.14100000262260437,0.13500000536441803,0.13600000739097595,11136232,0.0,0.0,0.0
2022-09-22 00:00:00+02:00,0.13600000739097595,0.15600000321865082,0.13300000131130219,0.14900000393390656,53897722,0.0,0.0,0.0
2022-09-25 00:00:00+02:00,0.14900000393390656,0.15800000727176666,0.14900000393390656,0.15299999713897705,38648433,0.0,0.0,0.0
2022-09-26 00:00:00+02:00,0.15299999713897705,0.1550000011920929,0.1469999998807907,0.14900000393390656,25529322,0.0,0.0,0.0
2022-09-27 00:00:00+02:00,0.14900000393390656,0.1509999930858612,0.1469999998807907,0.14800000190734863,13657864,0.0,0.0,0.0
2022-09-28 00:00:00+02:00,0.14800000190734863,0.14900000393390656,0.14499999582767487,0.1459999978542328,8816476,0.0,0.0,0.0
2022-09-29 00:00:00+02:00,0.1459999978542328,0.1509999930858612,0.14399999380111694,0.1469999998807907,28782107,0.0,0.0,0.0
2022-10-02 00:00:00+02:00,0.1469999998807907,0.15000000596046448,0.14499999582767487,0.14499999582767487,12625599,0.0,0.0,0.0
2022-10-03 00:00:00+02:00,0.14499999582767487,0.1469999998807907,0.1420000046491623,0.14300000667572021,4663140,0.0,0.0,0.0
2022-10-04 00:00:00+02:00,0.14300000667572021,0.1469999998807907,0.14300000667572021,0.14399999380111694,5301279,0.0,0.0,0.0
2022-10-05 00:00:00+02:00,0.14399999380111694,0.14499999582767487,0.14300000667572021,0.14300000667572021,3121465,0.0,0.0,0.0
2022-10-09 00:00:00+02:00,0.14300000667572021,0.14300000667572021,0.14100000262260437,0.1420000046491623,4120311,0.0,0.0,0.0
2022-10-10 00:00:00+02:00,0.1420000046491623,0.14300000667572021,0.1379999965429306,0.14100000262260437,11851803,0.0,0.0,0.0
2022-10-11 00:00:00+02:00,0.14100000262260437,0.14300000667572021,0.13899999856948853,0.13899999856948853,10969447,0.0,0.0,0.0
2022-10-12 00:00:00+02:00,0.13899999856948853,0.14100000262260437,0.13500000536441803,0.13699999451637268,11042150,0.0,0.0,0.0
2022-10-13 00:00:00+02:00,0.13699999451637268,0.1420000046491623,0.13699999451637268,0.14100000262260437,9351929,0.0,0.0,0.0
2022-10-16 00:00:00+02:00,0.14100000262260437,0.14399999380111694,0.13899999856948853,0.14000000059604645,9575310,0.0,0.0,0.0
2022-10-17 00:00:00+02:00,0.14000000059604645,0.1420000046491623,0.13899999856948853,0.14000000059604645,5191372,0.0,0.0,0.0
2022-10-18 00:00:00+02:00,0.14000000059604645,0.14100000262260437,0.1379999965429306,0.13899999856948853,12006701,0.0,0.0,0.0
2022-10-19 00:00:00+02:00,0.13899999856948853,0.14000000059604645,0.1379999965429306,0.14000000059604645,5115249,0.0,0.0,0.0
2022-10-20 00:00:00+02:00,0.14000000059604645,0.1420000046491623,0.1379999965429306,0.13899999856948853,7709601,0.0,0.0,0.0
2022-10-23 00:00:00+02:00,0.13899999856948853,0.14000000059604645,0.1379999965429306,0.13899999856948853,4963220,0.0,0.0,0.0
2022-10-24 00:00:00+02:00,0.13899999856948853,0.14000000059604645,0.1379999965429306,0.14000000059604645,6088659,0.0,0.0,0.0
2022-10-25 00:00:00+02:00,0.14000000059604645,0.13899999856948853,0.13600000739097595,0.1379999965429306,5512330,0.0,0.0,0.0
2022-10-26 00:00:00+02:00,0.1379999965429306,0.1379999965429306,0.1379999965429306,0.1379999965429306,0,0.0,0.0,0.0
2022-10-27 00:00:00+02:00,0.1379999965429306,0.14300000667572021,0.13899999856948853,0.1420000046491623,11344559,0.0,0.0,0.0
2022-10-30 00:00:00+02:00,0.1420000046491623,0.1420000046491623,0.1379999965429306,0.1379999965429306,4027311,0.0,0.0,0.0
2022-10-31 00:00:00+02:00,0.1379999965429306,0.14000000059604645,0.1379999965429306,0.1379999965429306,1760709,0.0,0.0,0.0
2022-11-01 00:00:00+02:00,0.1379999965429306,0.14100000262260437,0.1379999965429306,0.13899999856948853,6508762,0.0,0.0,0.0
2022-11-02 00:00:00+02:00,0.13899999856948853,0.14000000059604645,0.13699999451637268,0.13699999451637268,4200977,0.0,0.0,0.0
2022-11-03 00:00:00+02:00,0.13699999451637268,0.1379999965429306,0.13500000536441803,0.13600000739097595,11511186,0.0,0.0,0.0
2022-11-06 00:00:00+02:00,0.13600000739097595,0.13699999451637268,0.1340000033378601,0.13500000536441803,5458144,0.0,0.0,0.0
2022-11-07 00:00:00+02:00,0.13500000536441803,0.13600000739097595,0.1340000033378601,0.13500000536441803,5762458,0.0,0.0,0.0
2022-11-08 00:00:00+02:00,0.13500000536441803,0.13699999451637268,0.13500000536441803,0.13500000536441803,2443187,0.0,0.0,0.0
2022-11-09 00:00:00+02:00,0.13500000536441803,0.13600000739097595,0.13300000131130219,0.1340000033378601,2911679,0.0,0.0,0.0
2022-11-10 00:00:00+02:00,0.1340000033378601,0.13500000536441803,0.1340000033378601,0.1340000033378601,5074726,0.0,0.0,0.0
2022-11-13 00:00:00+02:00,0.1340000033378601,0.13699999451637268,0.13500000536441803,0.13600000739097595,3925676,0.0,0.0,0.0
2022-11-14 00:00:00+02:00,0.13600000739097595,0.13699999451637268,0.13500000536441803,0.13500000536441803,3762314,0.0,0.0,0.0
2022-11-15 00:00:00+02:00,0.13500000536441803,0.1379999965429306,0.13500000536441803,0.13600000739097595,2394349,0.0,0.0,0.0
2022-11-16 00:00:00+02:00,0.13600000739097595,0.1379999965429306,0.13600000739097595,0.13699999451637268,2451555,0.0,0.0,0.0
2022-11-17 00:00:00+02:00,0.13699999451637268,0.14399999380111694,0.13699999451637268,0.14000000059604645,12607832,0.0,0.0,0.0
2022-11-20 00:00:00+02:00,0.14000000059604645,0.1420000046491623,0.1379999965429306,0.13899999856948853,11513321,0.0,0.0,0.0
2022-11-21 00:00:00+02:00,0.13899999856948853,0.14000000059604645,0.1379999965429306,0.13899999856948853,5178218,0.0,0.0,0.0
2022-11-22 00:00:00+02:00,0.13899999856948853,0.14000000059604645,0.13699999451637268,0.1379999965429306,2905248,0.0,0.0,0.0
2022-11-23 00:00:00+02:00,0.1379999965429306,0.14000000059604645,0.13699999451637268,0.1379999965429306,6691267,0.0,0.0,0.0
2022-11-24 00:00:00+02:00,0.1379999965429306,0.13899999856948853,0.13699999451637268,0.13699999451637268,5121387,0.0,0.0,0.0
2022-11-27 00:00:00+02:00,0.13699999451637268,0.13899999856948853,0.13699999451637268,0.13699999451637268,2618606,0.0,0.0,0.0
2022-11-28 00:00:00+02:00,0.13699999451637268,0.14000000059604645,0.13699999451637268,0.13699999451637268,4492513,0.0,0.0,0.0
2022-11-29 00:00:00+02:00,0.13699999451637268,0.14399999380111694,0.13699999451637268,0.1420000046491623,14353773,0.0,0.0,0.0
2022-11-30 00:00:00+02:00,0.1420000046491623,0.14399999380111694,0.1379999965429306,0.13899999856948853,9544518,0.0,0.0,0.0
2022-12-01 00:00:00+02:00,0.13899999856948853,0.14100000262260437,0.1379999965429306,0.14000000059604645,4901238,0.0,0.0,0.0
2022-12-04 00:00:00+02:00,0.14000000059604645,0.14300000667572021,0.14000000059604645,0.1420000046491623,7289091,0.0,0.0,0.0
2022-12-05 00:00:00+02:00,0.1420000046491623,0.14900000393390656,0.14300000667572021,0.1469999998807907,23727675,0.0,0.0,0.0
2022-12-06 00:00:00+02:00,0.1469999998807907,0.15199999511241913,0.1459999978542328,0.1469999998807907,13308119,0.0,0.0,0.0
2022-12-07 00:00:00+02:00,0.1469999998807907,0.14900000393390656,0.14499999582767487,0.1459999978542328,10498436,0.0,0.0,0.0
2022-12-08 00:00:00+02:00,0.1459999978542328,0.1469999998807907,0.14399999380111694,0.14499999582767487,6591700,0.0,0.0,0.0
2022-12-11 00:00:00+02:00,0.14499999582767487,0.14800000190734863,0.14300000667572021,0.14399999380111694,9796988,0.0,0.0,0.0
2022-12-12 00:00:00+02:00,0.14399999380111694,0.1459999978542328,0.14100000262260437,0.14300000667572021,7661675,0.0,0.0,0.0
2022-12-13 00:00:00+02:00,0.14300000667572021,0.1459999978542328,0.1420000046491623,0.14499999582767487,11146964,0.0,0.0,0.0
2022-12-14 00:00:00+02:00,0.14499999582767487,0.14800000190734863,0.14399999380111694,0.1469999998807907,11790900,0.0,0.0,0.0
2022-12-15 00:00:00+02:00,0.1469999998807907,0.16500000655651093,0.1469999998807907,0.1550000011920929,77170464,0.0,0.0,0.0
2022-12-18 00:00:00+02:00,0.1550000011920929,0.17499999701976776,0.1599999964237213,0.16699999570846558,69478012,0.0,0.0,0.0
2022-12-19 00:00:00+02:00,0.16699999570846558,0.17399999499320984,0.16300000250339508,0.16699999570846558,37573433,0.0,0.0,0.0
2022-12-20 00:00:00+02:00,0.16699999570846558,0.17000000178813934,0.15800000727176666,0.1589999943971634,38854557,0.0,0.0,0.0
2022-12-21 00:00:00+02:00,0.1589999943971634,0.16099999845027924,0.15399999916553497,0.15800000727176666,24374880,0.0,0.0,0.0
2022-12-22 00:00:00+02:00,0.15800000727176666,0.1589999943971634,0.14900000393390656,0.15199999511241913,36045673,0.0,0.0,0.0
2022-12-25 00:00:00+02:00,0.15199999511241913,0.15199999511241913,0.1459999978542328,0.14800000190734863,7834924,0.0,0.0,0.0
2022-12-26 00:00:00+02:00,0.14800000190734863,0.1509999930858612,0.1469999998807907,0.15000000596046448,3411542,0.0,0.0,0.0
2022-12-27 00:00:00+02:00,0.15000000596046448,0.1589999943971634,0.15000000596046448,0.15000000596046448,9933788,0.0,0.0,0.0
2022-12-28 00:00:00+02:00,0.15000000596046448,0.15399999916553497,0.14900000393390656,0.15000000596046448,8051951,0.0,0.0,0.0
2022-12-29 00:00:00+02:00,0.15000000596046448,0.15399999916553497,0.15000000596046448,0.15199999511241913,6364703,0.0,0.0,0.0
2023-01-02 00:00:00+02:00,0.15199999511241913,0.16200000047683716,0.15399999916553497,0.1599999964237213,17399463,0.0,0.0,0.0
2023-01-03 00:00:00+02:00,0.1599999964237213,0.16500000655651093,0.1589999943971634,0.16300000250339508,22886385,0.0,0.0,0.0
2023-01-04 00:00:00+02:00,0.16300000250339508,0.164000004529953,0.15299999713897705,0.15800000727176666,31490870,0.0,0.0,0.0
2023-01-05 00:00:00+02:00,0.15800000727176666,0.16099999845027924,0.15600000321865082,0.15700000524520874,14840650,0.0,0.0,0.0
2023-01-09 00:00:00+02:00,0.15700000524520874,0.16200000047683716,0.1550000011920929,0.15700000524520874,19259827,0.0,0.0,0.0
2023-01-10 00:00:00+02:00,0.15700000524520874,0.15800000727176666,0.15299999713897705,0.15399999916553497,11606337,0.0,0.0,0.0
2023-01-11 00:00:00+02:00,0.15399999916553497,0.15700000524520874,0.1509999930858612,0.15199999511241913,6733305,0.0,0.0,0.0
2023-01-12 00:00:00+02:00,0.15199999511241913,0.1550000011920929,0.1469999998807907,0.15000000596046448,8612147,0.0,0.0,0.0
2023-01-15 00:00:00+02:00,0.15000000596046448,0.15399999916553497,0.14800000190734863,0.15000000596046448,6246098,0.0,0.0,0.0
2023-01-16 00:00:00+02:00,0.15000000596046448,0.1509999930858612,0.14800000190734863,0.14800000190734863,7326558,0.0,0.0,0.0
2023-01-17 00:00:00+02:00,0.14800000190734863,0.15000000596046448,0.14800000190734863,0.14900000393390656,6292250,0.0,0.0,0.0
2023-01-18 00:00:00+02:00,0.14900000393390656,0.15000000596046448,0.14800000190734863,0.14900000393390656,6134491,0.0,0.0,0.0
2023-01-19 00:00:00+02:00,0.14900000393390656,0.1550000011920929,0.15000000596046448,0.1509999930858612,12819726,0.0,0.0,0.0
2023-01-22 00:00:00+02:00,0.1509999930858612,0.1550000011920929,0.1509999930858612,0.15399999916553497,10839973,0.0,0.0,0.0
2023-01-23 00:00:00+02:00,0.15399999916553497,0.1550000011920929,0.1509999930858612,0.1509999930858612,4419184,0.0,0.0,0.0
2023-01-24 00:00:00+02:00,0.1509999930858612,0.15299999713897705,0.14900000393390656,0.15000000596046448,7043722,0.0,0.0,0.0
2023-01-25 00:00:00+02:00,0.15000000596046448,0.15199999511241913,0.14900000393390656,0.1509999930858612,5825640,0.0,0.0,0.0
2023-01-29 00:00:00+02:00,0.1509999930858612,0.15299999713897705,0.15000000596046448,0.15299999713897705,7630523,0.0,0.0,0.0
2023-01-30 00:00:00+02:00,0.15299999713897705,0.15399999916553497,0.1469999998807907,0.14800000190734863,10182474,0.0,0.0,0.0
2023-01-31 00:00:00+02:00,0.14800000190734863,0.14900000393390656,0.14300000667572021,0.14300000667572021,6356943,0.0,0.0,0.0
2023-02-01 00:00:00+02:00,0.14300000667572021,0.14900000393390656,0.13600000739097595,0.14399999380111694,13760273,0.0,0.0,0.0
2023-02-02 00:00:00+02:00,0.14399999380111694,0.1459999978542328,0.13600000739097595,0.13699999451637268,17933144,0.0,0.0,0.0
2023-02-05 00:00:00+02:00,0.13699999451637268,0.14000000059604645,0.13199999928474426,0.13500000536441803,6858902,0.0,0.0,0.0
2023-02-06 00:00:00+02:00,0.13500000536441803,0.13899999856948853,0.13500000536441803,0.13500000536441803,6374015,0.0,0.0,0.0
2023-02-07 00:00:00+02:00,0.13500000536441803,0.1420000046491623,0.13600000739097595,0.14000000059604645,13405703,0.0,0.0,0.0
2023-02-08 00:00:00+02:00,0.14000000059604645,0.1420000046491623,0.1379999965429306,0.1379999965429306,4010086,0.0,0.0,0.0
2023-02-09 00:00:00+02:00,0.1379999965429306,0.14000000059604645,0.13699999451637268,0.14000000059604645,7510345,0.0,0.0,0.0
2023-02-12 00:00:00+02:00,0.14000000059604645,0.14300000667572021,0.13899999856948853,0.14100000262260437,13212025,0.0,0.0,0.0
2023-02-13 00:00:00+02:00,0.14100000262260437,0.14399999380111694,0.14000000059604645,0.14100000262260437,4415836,0.0,0.0,0.0
2023-02-14 00:00:00+02:00,0.14100000262260437,0.14499999582767487,0.14000000059604645,0.1420000046491623,4717644,0.0,0.0,0.0
2023-02-15 00:00:00+02:00,0.1420000046491623,0.14499999582767487,0.14100000262260437,0.14100000262260437,2862101,0.0,0.0,0.0
2023-02-16 00:00:00+02:00,0.14100000262260437,0.14399999380111694,0.1379999965429306,0.14000000059604645,11100747,0.0,0.0,0.0
2023-02-19 00:00:00+02:00,0.14000000059604645,0.14000000059604645,0.13600000739097595,0.1379999965429306,19365498,0.0,0.0,0.0
2023-02-20 00:00:00+02:00,0.1379999965429306,0.14000000059604645,0.13699999451637268,0.13699999451637268,4791586,0.0,0.0,0.0
2023-02-21 00:00:00+02:00,0.13699999451637268,0.1379999965429306,0.13600000739097595,0.1379999965429306,2246764,0.0,0.0,0.0
2023-02-22 00:00:00+02:00,0.1379999965429306,0.13899999856948853,0.13600000739097595,0.13600000739097595,5381934,0.0,0.0,0.0
2023-02-23 00:00:00+02:00,0.13600000739097595,0.13699999451637268,0.13500000536441803,0.13600000739097595,3592126,0.0,0.0,0.0
2023-02-26 00:00:00+02:00,0.13600000739097595,0.14000000059604645,0.13600000739097595,0.13699999451637268,2476443,0.0,0.0,0.0
2023-02-27 00:00:00+02:00,0.13699999451637268,0.14000000059604645,0.13600000739097595,0.13600000739097595,8399691,0.0,0.0,0.0
2023-02-28 00:00:00+02:00,0.13600000739097595,0.1379999965429306,0.13600000739097595,0.13699999451637268,3299158,0.0,0.0,0.0
2023-03-01 00:00:00+02:00,0.13699999451637268,0.14000000059604645,0.13699999451637268,0.13899999856948853,4532286,0.0,0.0,0.0
2023-03-02 00:00:00+02:00,0.13899999856948853,0.14100000262260437,0.13899999856948853,0.13899999856948853,3594144,0.0,0.0,0.0
2023-03-05 00:00:00+02:00,0.13899999856948853,0.14100000262260437,0.1379999965429306,0.1379999965429306,3766733,0.0,0.0,0.0
2023-03-06 00:00:00+02:00,0.1379999965429306,0.14100000262260437,0.1379999965429306,0.14000000059604645,12662382,0.0,0.0,0.0
2023-03-07 00:00:00+02:00,0.14000000059604645,0.1420000046491623,0.13699999451637268,0.1379999965429306,4557981,0.0,0.0,0.0
2023-03-08 00:00:00+02:00,0.1379999965429306,0.13899999856948853,0.13600000739097595,0.13699999451637268,3598093,0.0,0.0,0.0
2023-03-09 00:00:00+02:00,0.13699999451637268,0.13899999856948853,0.13600000739097595,0.13699999451637268,2490813,0.0,0.0,0.0
2023-03-12 00:00:00+02:00,0.13699999451637268,0.13699999451637268,0.13199999928474426,0.13300000131130219,7075215,0.0,0.0,0.0
2023-03-13 00:00:00+02:00,0.13300000131130219,0.13600000739097595,0.11800000071525574,0.12399999797344208,15097336,0.0,0.0,0.0
2023-03-14 00:00:00+02:00,0.12399999797344208,0.12700000405311584,0.11400000005960464,0.12399999797344208,7804808,0.0,0.0,0.0
2023-03-15 00:00:00+02:00,0.12399999797344208,0.12700000405311584,0.10199999809265137,0.11100000143051147,17626453,0.0,0.0,0.0
2023-03-16 00:00:00+02:00,0.11100000143051147,0.11500000208616257,0.10000000149011612,0.10999999940395355,12082872,0.0,0.0,0.0
2023-03-19 00:00:00+02:00,0.10999999940395355,0.11400000005960464,0.1080000028014183,0.1120000034570694,4761169,0.0,0.0,0.0
2023-03-20 00:00:00+02:00,0.1120000034570694,0.11599999666213989,0.11100000143051147,0.11400000005960464,9691589,0.0,0.0,0.0
2023-03-21 00:00:00+02:00,0.11400000005960464,0.12099999934434891,0.11599999666213989,0.11999999731779099,11155204,0.0,0.0,0.0
2023-03-22 00:00:00+02:00,0.11999999731779099,0.12099999934434891,0.11599999666213989,0.11699999868869781,6907203,0.0,0.0,0.0
2023-03-23 00:00:00+02:00,0.11699999868869781,0.11800000071525574,0.11400000005960464,0.11699999868869781,3652768,0.0,0.0,0.0
2023-03-26 00:00:00+02:00,0.11699999868869781,0.12099999934434891,0.11699999868869781,0.11800000071525574,6690846,0.0,0.0,0.0
2023-03-27 00:00:00+02:00,0.11800000071525574,0.11999999731779099,0.11599999666213989,0.11599999666213989,4148225,0.0,0.0,0.0
2023-03-28 00:00:00+02:00,0.11599999666213989,0.11800000071525574,0.11500000208616257,0.11599999666213989,2154807,0.0,0.0,0.0
2023-03-29 00:00:00+02:00,0.11599999666213989,0.11900000274181366,0.11500000208616257,0.11699999868869781,2602206,0.0,0.0,0.0
2023-03-30 00:00:00+02:00,0.11699999868869781,0.11800000071525574,0.11400000005960464,0.11500000208616257,4352633,0.0,0.0,0.0
2023-04-02 00:00:00+02:00,0.11500000208616257,0.11800000071525574,0.11500000208616257,0.11500000208616257,944135,0.0,0.0,0.0
2023-04-03 00:00:00+02:00,0.11500000208616257,0.11900000274181366,0.11599999666213989,0.11800000071525574,5873338,0.0,0.0,0.0
2023-04-04 00:00:00+02:00,0.11800000071525574,0.12200000137090683,0.11800000071525574,0.12099999934434891,7445859,0.0,0.0,0.0
2023-04-05 00:00:00+02:00,0.12099999934434891,0.12600000202655792,0.11900000274181366,0.12200000137090683,4891761,0.0,0.0,0.0
2023-04-06 00:00:00+02:00,0.12200000137090683,0.125,0.12200000137090683,0.12200000137090683,2245046,0.0,0.0,0.0
2023-04-09 00:00:00+02:00,0.12200000137090683,0.125,0.11999999731779099,0.11999999731779099,6288066,0.0,0.0,0.0
2023-04-10 00:00:00+02:00,0.11999999731779099,0.12399999797344208,0.11999999731779099,0.12099999934434891,14802361,0.0,0.0,0.0
2023-04-11 00:00:00+02:00,0.12099999934434891,0.12200000137090683,0.11800000071525574,0.11800000071525574,4679349,0.0,0.0,0.0
2023-04-12 00:00:00+02:00,0.11800000071525574,0.11999999731779099,0.11699999868869781,0.11800000071525574,3441717,0.0,0.0,0.0
2023-04-13 00:00:00+02:00,0.11800000071525574,0.11900000274181366,0.11599999666213989,0.11800000071525574,1527318,0.0,0.0,0.0
2023-04-18 00:00:00+02:00,0.11800000071525574,0.11699999868869781,0.11599999666213989,0.11699999868869781,4924226,0.0,0.0,0.0
2023-04-19 00:00:00+02:00,0.11699999868869781,0.11800000071525574,0.11599999666213989,0.11699999868869781,10421551,0.0,0.0,0.0
2023-04-26 00:00:00+02:00,0.11699999868869781,0.11900000274181366,0.11500000208616257,0.11699999868869781,2470561,0.0,0.0,0.0
2023-04-27 00:00:00+02:00,0.11699999868869781,0.11900000274181366,0.11599999666213989,0.11800000071525574,16865659,0.0,0.0,0.0
2023-04-30 00:00:00+03:00,0.11800000071525574,0.125,0.11699999868869781,0.12399999797344208,15041841,0.0,0.0,0.0
2023-05-01 00:00:00+03:00,0.12399999797344208,0.12399999797344208,0.12399999797344208,0.12399999797344208,0,0.0,0.0,0.0
2023-05-02 00:00:00+03:00,0.11999999731779099,0.12300000339746475,0.11900000274181366,0.11999999731779099,8619062,0.0,0.0,0.0
2023-05-03 00:00:00+03:00,0.11999999731779099,0.12200000137090683,0.11800000071525574,0.11800000071525574,11960033,0.0,0.0,0.0
2023-05-07 00:00:00+03:00,0.11800000071525574,0.11999999731779099,0.11699999868869781,0.11800000071525574,3696342,0.0,0.0,0.0
2023-05-08 00:00:00+03:00,0.11800000071525574,0.12099999934434891,0.11599999666213989,0.11800000071525574,14473244,0.0,0.0,0.0
2023-05-09 00:00:00+03:00,0.11800000071525574,0.11999999731779099,0.11800000071525574,0.11900000274181366,5921595,0.0,0.0,0.0
2023-05-10 00:00:00+03:00,0.11900000274181366,0.11999999731779099,0.11699999868869781,0.11900000274181366,7289437,0.0,0.0,0.0
2023-05-11 00:00:00+03:00,0.11900000274181366,0.12999999523162842,0.11800000071525574,0.12800000607967377,38397797,0.0,0.0,0.0
2023-05-14 00:00:00+03:00,0.12800000607967377,0.13199999928474426,0.12600000202655792,0.12600000202655792,19887181,0.0,0.0,0.0
2023-05-15 00:00:00+03:00,0.12600000202655792,0.1289999932050705,0.12399999797344208,0.12399999797344208,19867477,0.0,0.0,0.0
2023-05-16 00:00:00+03:00,0.12399999797344208,0.12700000405311584,0.12200000137090683,0.125,8016290,0.0,0.0,0.0
2023-05-17 00:00:00+03:00,0.125,0.12700000405311584,0.11900000274181366,0.11999999731779099,11439593,0.0,0.0,0.0
2023-05-18 00:00:00+03:00,0.11999999731779099,0.12300000339746475,0.11900000274181366,0.12099999934434891,5781063,0.0,0.0,0.0
2023-05-21 00:00:00+03:00,0.12099999934434891,0.125,0.12099999934434891,0.12300000339746475,3398460,0.0,0.0,0.0
2023-05-22 00:00:00+03:00,0.12300000339746475,0.12600000202655792,0.12099999934434891,0.12200000137090683,21996690,0.0,0.0,0.0
2023-05-23 00:00:00+03:00,0.12200000137090683,0.12800000607967377,0.12200000137090683,0.12700000405311584,16139720,0.0,0.0,0.0
2023-05-24 00:00:00+03:00,0.12700000405311584,0.12800000607967377,0.125,0.12600000202655792,10081210,0.0,0.0,0.0
2023-05-25 00:00:00+03:00,0.12600000202655792,0.13600000739097595,0.12700000405311584,0.13099999725818634,55585973,0.0,0.0,0.0
2023-05-28 00:00:00+03:00,0.13099999725818634,0.14800000190734863,0.13300000131130219,0.14399999380111694,81968117,0.0,0.0,0.0
2023-05-29 00:00:00+03:00,0.14399999380111694,0.15000000596046448,0.14000000059604645,0.14399999380111694,63784720,0.0,0.0,0.0
2023-05-30 00:00:00+03:00,0.14399999380111694,0.15000000596046448,0.1420000046491623,0.14399999380111694,54777182,0.0,0.0,0.0
2023-05-31 00:00:00+03:00,0.14399999380111694,0.1469999998807907,0.13899999856948853,0.14100000262260437,28621504,0.0,0.0,0.0
2023-06-01 00:00:00+03:00,0.14100000262260437,0.14499999582767487,0.14000000059604645,0.1420000046491623,28058671,0.0,0.0,0.0
2023-06-04 00:00:00+03:00,0.1420000046491623,0.17000000178813934,0.1420000046491623,0.17000000178813934,161313983,0.0,0.0,0.0
2023-06-05 00:00:00+03:00,0.17000000178813934,0.17000000178813934,0.17000000178813934,0.17000000178813934,0,0.0,0.0,0.0
2023-06-06 00:00:00+03:00,0.17000000178813934,0.1850000023841858,0.16200000047683716,0.17000000178813934,164049810,0.0,0.0,0.0
2023-06-07 00:00:00+03:00,0.17000000178813934,0.17399999499320984,0.15700000524520874,0.1599999964237213,73018650,0.0,0.0,0.0
2023-06-08 00:00:00+03:00,0.1599999964237213,0.16599999368190765,0.15700000524520874,0.16599999368190765,47601044,0.0,0.0,0.0
2023-06-11 00:00:00+03:00,0.16599999368190765,0.17000000178813934,0.15600000321865082,0.15700000524520874,66132287,0.0,0.0,0.0
2023-06-12 00:00:00+03:00,0.15700000524520874,0.1770000010728836,0.15600000321865082,0.16599999368190765,77857478,0.0,0.0,0.0
2023-06-13 00:00:00+03:00,0.16599999368190765,0.17499999701976776,0.16300000250339508,0.164000004529953,80011949,0.0,0.0,0.0
2023-06-14 00:00:00+03:00,0.164000004529953,0.16699999570846558,0.1589999943971634,0.16200000047683716,35231177,0.0,0.0,0.0
2023-06-15 00:00:00+03:00,0.16200000047683716,0.16300000250339508,0.15700000524520874,0.1589999943971634,36693883,0.0,0.0,0.0
2023-06-18 00:00:00+03:00,0.1589999943971634,0.16899999976158142,0.1589999943971634,0.16200000047683716,55274338,0.0,0.0,0.0
2023-06-19 00:00:00+03:00,0.16200000047683716,0.16599999368190765,0.1599999964237213,0.16200000047683716,36097800,0.0,0.0,0.0
2023-06-20 00:00:00+03:00,0.16200000047683716,0.16300000250339508,0.1589999943971634,0.1599999964237213,50579083,0.0,0.0,0.0
2023-06-21 00:00:00+03:00,0.1599999964237213,0.17599999904632568,0.15800000727176666,0.1720000058412552,176427702,0.0,0.0,0.0
2023-06-22 00:00:00+03:00,0.1720000058412552,0.18400000035762787,0.17299999296665192,0.17499999701976776,133541051,0.0,0.0,0.0
2023-06-25 00:00:00+03:00,0.17499999701976776,0.1809999942779541,0.16599999368190765,0.16699999570846558,55662704,0.0,0.0,0.0
2023-06-26 00:00:00+03:00,0.16699999570846558,0.17800000309944153,0.16500000655651093,0.17399999499320984,53864030,0.0,0.0,0.0
2023-07-04 00:00:00+03:00,0.17399999499320984,0.17900000512599945,0.16899999976158142,0.1720000058412552,45165579,0.0,0.0,0.0
2023-07-05 00:00:00+03:00,0.1720000058412552,0.17599999904632568,0.1679999977350235,0.16899999976158142,30524602,0.0,0.0,0.0
2023-07-06 00:00:00+03:00,0.16899999976158142,0.1720000058412552,0.16599999368190765,0.16599999368190765,35018863,0.0,0.0,0.0
2023-07-09 00:00:00+03:00,0.16599999368190765,0.1679999977350235,0.1459999978542328,0.15000000596046448,43312453,0.0,0.0,0.0
2023-07-10 00:00:00+03:00,0.15000000596046448,0.15800000727176666,0.14499999582767487,0.15700000524520874,34812143,0.0,0.0,0.0
2023-07-11 00:00:00+03:00,0.15700000524520874,0.16300000250339508,0.15299999713897705,0.1589999943971634,38158839,0.0,0.0,0.0
2023-07-12 00:00:00+03:00,0.1589999943971634,0.16200000047683716,0.1550000011920929,0.15600000321865082,25093105,0.0,0.0,0.0
2023-07-13 00:00:00+03:00,0.15600000321865082,0.15700000524520874,0.14900000393390656,0.15199999511241913,40084785,0.0,0.0,0.0
2023-07-16 00:00:00+03:00,0.15199999511241913,0.15399999916553497,0.14900000393390656,0.1509999930858612,30959547,0.0,0.0,0.0
2023-07-17 00:00:00+03:00,0.1509999930858612,0.15299999713897705,0.14900000393390656,0.15000000596046448,20938128,0.0,0.0,0.0
2023-07-18 00:00:00+03:00,0.15000000596046448,0.15600000321865082,0.15000000596046448,0.15399999916553497,25294798,0.0,0.0,0.0
2023-07-19 00:00:00+03:00,0.15399999916553497,0.15399999916553497,0.15399999916553497,0.15399999916553497,0,0.0,0.0,0.0
2023-07-24 00:00:00+03:00,0.15199999511241913,0.1550000011920929,0.1509999930858612,0.15199999511241913,16369501,0.0,0.0,0.0
2023-07-25 00:00:00+03:00,0.15199999511241913,0.1550000011920929,0.1509999930858612,0.1509999930858612,18020994,0.0,0.0,0.0
2023-07-26 00:00:00+03:00,0.1509999930858612,0.15199999511241913,0.14900000393390656,0.15000000596046448,21944789,0.0,0.0,0.0
2023-07-27 00:00:00+03:00,0.15000000596046448,0.15800000727176666,0.14900000393390656,0.15399999916553497,46161524,0.0,0.0,0.0
2023-07-30 00:00:00+03:00,0.15399999916553497,0.16099999845027924,0.15600000321865082,0.15700000524520874,49990669,0.0,0.0,0.0
2023-07-31 00:00:00+03:00,0.15700000524520874,0.1589999943971634,0.1550000011920929,0.15600000321865082,18703820,0.0,0.0,0.0
2023-08-01 00:00:00+03:00,0.15600000321865082,0.1589999943971634,0.1550000011920929,0.1550000011920929,22400758,0.0,0.0,0.0
2023-08-02 00:00:00+03:00,0.1550000011920929,0.15700000524520874,0.15199999511241913,0.15199999511241913,22811572,0.0,0.0,0.0
2023-08-03 00:00:00+03:00,0.15199999511241913,0.15399999916553497,0.1509999930858612,0.15199999511241913,11188814,0.0,0.0,0.0
2023-08-06 00:00:00+03:00,0.15199999511241913,0.15600000321865082,0.15199999511241913,0.15399999916553497,11923424,0.0,0.0,0.0
2023-08-07 00:00:00+03:00,0.15399999916553497,0.164000004529953,0.1550000011920929,0.164000004529953,49564240,0.0,0.0,0.0
2023-08-08 00:00:00+03:00,0.164000004529953,0.16699999570846558,0.16099999845027924,0.164000004529953,31492561,0.0,0.0,0.0
2023-08-09 00:00:00+03:00,0.164000004529953,0.164000004529953,0.1589999943971634,0.1599999964237213,28296862,0.0,0.0,0.0
2023-08-10 00:00:00+03:00,0.1599999964237213,0.16099999845027924,0.15600000321865082,0.15700000524520874,24046653,0.0,0.0,0.0
2023-08-13 00:00:00+03:00,0.15700000524520874,0.1589999943971634,0.15600000321865082,0.15700000524520874,9762144,0.0,0.0,0.0
2023-08-14 00:00:00+03:00,0.15700000524520874,0.1589999943971634,0.15600000321865082,0.15800000727176666,16446880,0.0,0.0,0.0
2023-08-15 00:00:00+03:00,0.15800000727176666,0.1589999943971634,0.1550000011920929,0.15600000321865082,15352364,0.0,0.0,0.0
2023-08-16 00:00:00+03:00,0.15600000321865082,0.16500000655651093,0.15399999916553497,0.1599999964237213,63275993,0.0,0.0,0.0
2023-08-17 00:00:00+03:00,0.1599999964237213,0.16300000250339508,0.15700000524520874,0.15800000727176666,26651206,0.0,0.0,0.0
2023-08-20 00:00:00+03:00,0.15800000727176666,0.1599999964237213,0.15600000321865082,0.15700000524520874,7840139,0.0,0.0,0.0
2023-08-21 00:00:00+03:00,0.15700000524520874,0.1589999943971634,0.15600000321865082,0.15600000321865082,11320340,0.0,0.0,0.0
2023-08-22 00:00:00+03:00,0.15600000321865082,0.1589999943971634,0.15600000321865082,0.15700000524520874,15239715,0.0,0.0,0.0
2023-08-23 00:00:00+03:00,0.15700000524520874,0.1589999943971634,0.1550000011920929,0.15600000321865082,15386198,0.0,0.0,0.0
2023-08-24 00:00:00+03:00,0.15600000321865082,0.15700000524520874,0.15199999511241913,0.15299999713897705,18712301,0.0,0.0,0.0
2023-08-27 00:00:00+03:00,0.15299999713897705,0.15600000321865082,0.15299999713897705,0.15399999916553497,10990645,0.0,0.0,0.0
2023-08-28 00:00:00+03:00,0.15399999916553497,0.15600000321865082,0.15199999511241913,0.15299999713897705,13112831,0.0,0.0,0.0
2023-08-29 00:00:00+03:00,0.15299999713897705,0.1550000011920929,0.15299999713897705,0.15299999713897705,17106798,0.0,0.0,0.0
2023-08-30 00:00:00+03:00,0.15299999713897705,0.15600000321865082,0.15299999713897705,0.15299999713897705,16472621,0.0,0.0,0.0
2023-08-31 00:00:00+03:00,0.15299999713897705,0.15299999713897705,0.15299999713897705,0.15299999713897705,0,0.0,0.0,0.0
2023-09-03 00:00:00+03:00,0.1589999943971634,0.16699999570846558,0.1589999943971634,0.16099999845027924,48150777,0.0,0.0,0.0
2023-09-04 00:00:00+03:00,0.16099999845027924,0.16200000047683716,0.15600000321865082,0.15700000524520874,29765701,0.0,0.0,0.0
2023-09-05 00:00:00+03:00,0.15700000524520874,0.1589999943971634,0.15600000321865082,0.15600000321865082,16999088,0.0,0.0,0.0
2023-09-06 00:00:00+03:00,0.15600000321865082,0.16300000250339508,0.15600000321865082,0.15700000524520874,35415964,0.0,0.0,0.0
2023-09-07 00:00:00+03:00,0.15700000524520874,0.16300000250339508,0.15600000321865082,0.15600000321865082,8775118,0.0,0.0,0.0
2023-09-10 00:00:00+03:00,0.15600000321865082,0.15600000321865082,0.15600000321865082,0.15600000321865082,0,0.0,0.0,0.0
2023-09-11 00:00:00+03:00,0.15700000524520874,0.15800000727176666,0.15299999713897705,0.15399999916553497,20056699,0.0,0.0,0.0
2023-09-12 00:00:00+03:00,0.15399999916553497,0.1550000011920929,0.15199999511241913,0.15299999713897705,11422079,0.0,0.0,0.0
2023-09-13 00:00:00+03:00,0.15299999713897705,0.1550000011920929,0.15199999511241913,0.15199999511241913,15465279,0.0,0.0,0.0
2023-09-14 00:00:00+03:00,0.15199999511241913,0.15399999916553497,0.15199999511241913,0.15199999511241913,17034828,0.0,0.0,0.0
2023-09-17 00:00:00+03:00,0.15199999511241913,0.164000004529953,0.15399999916553497,0.15800000727176666,77119201,0.0,0.0,0.0
2023-09-18 00:00:00+03:00,0.15800000727176666,0.1889999955892563,0.1599999964237213,0.1889999955892563,253424657,0.0,0.0,0.0
2023-09-19 00:00:00+03:00,0.1889999955892563,0.2029999941587448,0.18400000035762787,0.18400000035762787,145860703,0.0,0.0,0.0
2023-09-20 00:00:00+03:00,0.18400000035762787,0.18400000035762787,0.18400000035762787,0.18400000035762787,0,0.0,0.0,0.0
2023-09-21 00:00:00+03:00,0.18400000035762787,0.18400000035762787,0.18400000035762787,0.18400000035762787,0,0.0,0.0,0.0
2023-09-24 00:00:00+03:00,0.18400000035762787,0.18400000035762787,0.18400000035762787,0.18400000035762787,0,0.0,0.0,0.0
2023-09-25 00:00:00+03:00,0.20800000429153442,0.20999999344348907,0.19499999284744263,0.19599999487400055,77999998,0.0,0.0,0.0
2023-09-26 00:00:00+03:00,0.19599999487400055,0.20200000703334808,0.1889999955892563,0.19300000369548798,65298339,0.0,0.0,0.0
2023-09-27 00:00:00+03:00,0.19300000369548798,0.19300000369548798,0.19300000369548798,0.19300000369548798,0,0.0,0.0,0.0
2023-10-01 00:00:00+03:00,0.19300000369548798,0.19300000369548798,0.19300000369548798,0.19300000369548798,0,0.0,0.0,0.0
2023-10-02 00:00:00+03:00,0.21299999952316284,0.2160000056028366,0.20200000703334808,0.20600000023841858,55001947,0.0,0.0,0.0
2023-10-03 00:00:00+03:00,0.20600000023841858,0.23100000619888306,0.20499999821186066,0.21899999678134918,117202868,0.0,0.0,0.0
2023-10-04 00:00:00+03:00,0.21899999678134918,0.22300000488758087,0.2160000056028366,0.2199999988079071,63449384,0.0,0.0,0.0
2023-10-08 00:00:00+03:00,0.2199999988079071,0.22699999809265137,0.1899999976158142,0.20600000023841858,102598084,0.0,0.0,0.0
2023-10-09 00:00:00+03:00,0.20600000023841858,0.22499999403953552,0.20399999618530273,0.21799999475479126,119872910,0.0,0.0,0.0
2023-10-10 00:00:00+03:00,0.21799999475479126,0.25999999046325684,0.21199999749660492,0.21199999749660492,110401074,0.0,0.0,0.0
2023-10-11 00:00:00+03:00,0.21199999749660492,0.21400000154972076,0.20600000023841858,0.20900000631809235,57275234,0.0,0.0,0.0
2023-10-12 00:00:00+03:00,0.20900000631809235,0.20900000631809235,0.2029999941587448,0.20399999618530273,40436029,0.0,0.0,0.0
2023-10-15 00:00:00+03:00,0.20399999618530273,0.20399999618530273,0.19599999487400055,0.20000000298023224,46594567,0.0,0.0,0.0
2023-10-16 00:00:00+03:00,0.20000000298023224,0.20000000298023224,0.1889999955892563,0.19200000166893005,72925532,0.0,0.0,0.0
2023-10-17 00:00:00+03:00,0.19200000166893005,0.20800000429153442,0.1899999976158142,0.19699999690055847,78080151,0.0,0.0,0.0
2023-10-18 00:00:00+03:00,0.19699999690055847,0.1979999989271164,0.19099999964237213,0.19200000166893005,39384143,0.0,0.0,0.0
2023-10-19 00:00:00+03:00,0.19200000166893005,0.19200000166893005,0.19200000166893005,0.19200000166893005,0,0.0,0.0,0.0
2023-10-22 00:00:00+03:00,0.18799999356269836,0.19699999690055847,0.18799999356269836,0.19300000369548798,47876661,0.0,0.0,0.0
2023-10-23 00:00:00+03:00,0.19300000369548798,0.20800000429153442,0.19300000369548798,0.19900000095367432,73456223,0.0,0.0,0.0
2023-10-24 00:00:00+03:00,0.19900000095367432,0.2029999941587448,0.19300000369548798,0.19499999284744263,48241510,0.0,0.0,0.0
2023-10-25 00:00:00+03:00,0.19499999284744263,0.20800000429153442,0.1940000057220459,0.20200000703334808,70081544,0.0,0.0,0.0
2023-10-26 00:00:00+03:00,0.20200000703334808,0.20399999618530273,0.1899999976158142,0.19900000095367432,50639059,0.0,0.0,0.0
2023-10-29 00:00:00+02:00,0.19900000095367432,0.2160000056028366,0.1979999989271164,0.21199999749660492,102836481,0.0,0.0,0.0
2023-10-30 00:00:00+02:00,0.21199999749660492,0.2199999988079071,0.20600000023841858,0.2070000022649765,64961200,0.0,0.0,0.0
2023-10-31 00:00:00+02:00,0.2070000022649765,0.20999999344348907,0.20100000500679016,0.20100000500679016,39402418,0.0,0.0,0.0
2023-11-01 00:00:00+02:00,0.20100000500679016,0.20399999618530273,0.1979999989271164,0.20000000298023224,34333554,0.0,0.0,0.0
2023-11-02 00:00:00+02:00,0.20000000298023224,0.20999999344348907,0.20000000298023224,0.20499999821186066,42839361,0.0,0.0,0.0
2023-11-05 00:00:00+02:00,0.20499999821186066,0.23999999463558197,0.20600000023841858,0.2370000034570694,101717650,0.0,0.0,0.0
2023-11-06 00:00:00+02:00,0.2370000034570694,0.23999999463558197,0.22499999403953552,0.22499999403953552,98036469,0.0,0.0,0.0
2023-11-07 00:00:00+02:00,0.22499999403953552,0.2329999953508377,0.22200000286102295,0.22599999606609344,35448349,0.0,0.0,0.0
2023-11-08 00:00:00+02:00,0.22599999606609344,0.2280000001192093,0.21799999475479126,0.21899999678134918,49173358,0.0,0.0,0.0
2023-11-09 00:00:00+02:00,0.21899999678134918,0.22200000286102295,0.21400000154972076,0.2160000056028366,44276441,0.0,0.0,0.0
2023-11-12 00:00:00+02:00,0.2160000056028366,0.21799999475479126,0.21199999749660492,0.21299999952316284,27806752,0.0,0.0,0.0
2023-11-13 00:00:00+02:00,0.21299999952316284,0.2290000021457672,0.21199999749660492,0.21799999475479126,61605615,0.0,0.0,0.0
2023-11-14 00:00:00+02:00,0.21799999475479126,0.22200000286102295,0.2160000056028366,0.21699999272823334,24300273,0.0,0.0,0.0
2023-11-15 00:00:00+02:00,0.21699999272823334,0.2199999988079071,0.2150000035762787,0.2160000056028366,21669636,0.0,0.0,0.0
2023-11-16 00:00:00+02:00,0.2160000056028366,0.2199999988079071,0.2160000056028366,0.21699999272823334,16307753,0.0,0.0,0.0
2023-11-19 00:00:00+02:00,0.21699999272823334,0.22300000488758087,0.2160000056028366,0.2160000056028366,28705628,0.0,0.0,0.0
2023-11-20 00:00:00+02:00,0.2160000056028366,0.21799999475479126,0.20600000023841858,0.20800000429153442,65685566,0.0,0.0,0.0
2023-11-21 00:00:00+02:00,0.20800000429153442,0.21199999749660492,0.20499999821186066,0.20900000631809235,19975785,0.0,0.0,0.0
2023-11-22 00:00:00+02:00,0.20900000631809235,0.21400000154972076,0.20800000429153442,0.210999995470047,26382918,0.0,0.0,0.0
2023-11-23 00:00:00+02:00,0.210999995470047,0.21400000154972076,0.210999995470047,0.21299999952316284,15810674,0.0,0.0,0.0
2023-11-26 00:00:00+02:00,0.21299999952316284,0.21699999272823334,0.210999995470047,0.210999995470047,19987394,0.0,0.0,0.0
2023-11-27 00:00:00+02:00,0.210999995470047,0.21400000154972076,0.20900000631809235,0.20999999344348907,23582357,0.0,0.0,0.0
2023-11-28 00:00:00+02:00,0.20999999344348907,0.210999995470047,0.2070000022649765,0.20800000429153442,24325566,0.0,0.0,0.0
2023-11-29 00:00:00+02:00,0.20800000429153442,0.20900000631809235,0.20200000703334808,0.2029999941587448,26347867,0.0,0.0,0.0
2023-11-30 00:00:00+02:00,0.2029999941587448,0.2150000035762787,0.2029999941587448,0.20900000631809235,34029001,0.0,0.0,0.0
2023-12-03 00:00:00+02:00,0.20900000631809235,0.21299999952316284,0.2070000022649765,0.20800000429153442,18997464,0.0,0.0,0.0
2023-12-04 00:00:00+02:00,0.20800000429153442,0.21199999749660492,0.20499999821186066,0.20800000429153442,22781151,0.0,0.0,0.0
2023-12-05 00:00:00+02:00,0.20800000429153442,0.21799999475479126,0.20900000631809235,0.210999995470047,40707350,0.0,0.0,0.0
2023-12-06 00:00:00+02:00,0.210999995470047,0.21899999678134918,0.20800000429153442,0.20900000631809235,22825940,0.0,0.0,0.0
2023-12-07 00:00:00+02:00,0.20900000631809235,0.20900000631809235,0.19900000095367432,0.20800000429153442,26882471,0.0,0.0,0.0
2023-12-10 00:00:00+02:00,0.20800000429153442,0.2240000069141388,0.2029999941587448,0.20900000631809235,68367047,0.0,0.0,0.0
2023-12-11 00:00:00+02:00,0.20900000631809235,0.25,0.20900000631809235,0.25,278143555,0.0,0.0,0.0
2023-12-12 00:00:00+02:00,0.25,0.30000001192092896,0.23800000548362732,0.30000001192092896,374624028,0.0,0.0,0.0
2023-12-13 00:00:00+02:00,0.30000001192092896,0.33899998664855957,0.28299999237060547,0.2980000078678131,215923725,0.0,0.0,0.0
2023-12-14 00:00:00+02:00,0.2980000078678131,0.3569999933242798,0.2409999966621399,0.34599998593330383,241753235,0.0,0.0,0.0
2023-12-17 00:00:00+02:00,0.34599998593330383,0.375,0.32199999690055847,0.335999995470047,188020864,0.0,0.0,0.0
2023-12-18 00:00:00+02:00,0.335999995470047,0.33399999141693115,0.296999990940094,0.3140000104904175,173337084,0.0,0.0,0.0
2023-12-19 00:00:00+02:00,0.3140000104904175,0.33000001311302185,0.3059999942779541,0.3149999976158142,113217273,0.0,0.0,0.0
2023-12-20 00:00:00+02:00,0.3149999976158142,0.3199999928474426,0.3050000071525574,0.3089999854564667,56808468,0.0,0.0,0.0
2023-12-21 00:00:00+02:00,0.3089999854564667,0.31700000166893005,0.30000001192092896,0.3100000023841858,79093825,0.0,0.0,0.0
2023-12-24 00:00:00+02:00,0.3100000023841858,0.3100000023841858,0.3100000023841858,0.3100000023841858,0,0.0,0.0,0.0
2023-12-25 00:00:00+02:00,0.3490000069141388,0.4180000126361847,0.33799999952316284,0.4180000126361847,235811283,0.0,0.0,0.0
2023-12-26 00:00:00+02:00,0.4180000126361847,0.4959999918937683,0.421999990940094,0.44200000166893005,228121752,0.0,0.0,0.0
2023-12-27 00:00:00+02:00,0.44200000166893005,0.4690000116825104,0.4059999883174896,0.4659999907016754,133042284,0.0,0.0,0.0
2023-12-28 00:00:00+02:00,0.4659999907016754,0.49300000071525574,0.4320000112056732,0.44699999690055847,88247730,0.0,0.0,0.0
2023-12-31 00:00:00+02:00,0.44699999690055847,0.4699999988079071,0.4399999976158142,0.4449999928474426,113330701,0.0,0.0,0.0
2024-01-02 00:00:00+02:00,0.4449999928474426,0.4569999873638153,0.4300000071525574,0.4300000071525574,75311029,0.0,0.0,0.0
2024-01-03 00:00:00+02:00,0.4300000071525574,0.45899999141693115,0.42500001192092896,0.43799999356269836,107190782,0.0,0.0,0.0
2024-01-04 00:00:00+02:00,0.43799999356269836,0.4399999976158142,0.4269999861717224,0.42800000309944153,40947476,0.0,0.0,0.0
2024-01-08 00:00:00+02:00,0.42800000309944153,0.45500001311302185,0.41999998688697815,0.421999990940094,86576023,0.0,0.0,0.0
2024-01-09 00:00:00+02:00,0.421999990940094,0.4650000035762787,0.4259999990463257,0.4399999976158142,87208065,0.0,0.0,0.0
2024-01-10 00:00:00+02:00,0.4399999976158142,0.46000000834465027,0.4399999976158142,0.4449999928474426,53666183,0.0,0.0,0.0
2024-01-11 00:00:00+02:00,0.4449999928474426,0.46299999952316284,0.4449999928474426,0.4449999928474426,44367961,0.0,0.0,0.0
2024-01-14 00:00:00+02:00,0.4449999928474426,0.4560000002384186,0.4480000138282776,0.44999998807907104,56130581,0.0,0.0,0.0
2024-01-15 00:00:00+02:00,0.44999998807907104,0.5080000162124634,0.45100000500679016,0.47999998927116394,100708983,0.0,0.0,0.0
2024-01-16 00:00:00+02:00,0.47999998927116394,0.5370000004768372,0.4740000069141388,0.4959999918937683,86527871,0.0,0.0,0.0
2024-01-17 00:00:00+02:00,0.4959999918937683,0.4959999918937683,0.4959999918937683,0.4959999918937683,0,0.0,0.0,0.0
2024-01-18 00:00:00+02:00,0.4959999918937683,0.5109999775886536,0.4790000021457672,0.47999998927116394,65752456,0.0,0.0,0.0
2024-01-21 00:00:00+02:00,0.47999998927116394,0.4959999918937683,0.48100000619888306,0.48399999737739563,27688368,0.0,0.0,0.0
2024-01-22 00:00:00+02:00,0.48399999737739563,0.4970000088214874,0.4819999933242798,0.48500001430511475,21346905,0.0,0.0,0.0
2024-01-23 00:00:00+02:00,0.48500001430511475,0.5109999775886536,0.4819999933242798,0.49000000953674316,64632717,0.0,0.0,0.0
2024-01-24 00:00:00+02:00,0.49000000953674316,0.5879999995231628,0.4830000102519989,0.5619999766349792,71358758,0.0,0.0,0.0
2024-01-28 00:00:00+02:00,0.5619999766349792,0.5870000123977661,0.5350000262260437,0.5410000085830688,55418214,0.0,0.0,0.0
2024-01-29 00:00:00+02:00,0.5410000085830688,0.5479999780654907,0.5130000114440918,0.5189999938011169,21974697,0.0,0.0,0.0
2024-01-30 00:00:00+02:00,0.5189999938011169,0.5600000023841858,0.5210000276565552,0.5239999890327454,16973656,0.0,0.0,0.0
2024-01-31 00:00:00+02:00,0.5239999890327454,0.5400000214576721,0.43700000643730164,0.453000009059906,32661191,0.0,0.0,0.0
2024-02-01 00:00:00+02:00,0.453000009059906,0.4830000102519989,0.4059999883174896,0.47999998927116394,14307288,0.0,0.0,0.0
2024-02-04 00:00:00+02:00,0.47999998927116394,0.4880000054836273,0.44999998807907104,0.46000000834465027,19628688,0.0,0.0,0.0
2024-02-05 00:00:00+02:00,0.46000000834465027,0.4659999907016754,0.4449999928474426,0.4480000138282776,18542868,0.0,0.0,0.0
2024-02-06 00:00:00+02:00,0.4480000138282776,0.4560000002384186,0.40400001406669617,0.4230000078678131,17073855,0.0,0.0,0.0
2024-02-07 00:00:00+02:00,0.4230000078678131,0.46000000834465027,0.42100000381469727,0.4259999990463257,15312182,0.0,0.0,0.0
2024-02-08 00:00:00+02:00,0.4259999990463257,0.45899999141693115,0.4300000071525574,0.4390000104904175,39797315,0.0,0.0,0.0
2024-02-11 00:00:00+02:00,0.4390000104904175,0.45899999141693115,0.4269999861717224,0.4300000071525574,30360158,0.0,0.0,0.0
2024-02-12 00:00:00+02:00,0.4300000071525574,0.43700000643730164,0.4000000059604645,0.41999998688697815,22722060,0.0,0.0,0.0
2024-02-13 00:00:00+02:00,0.41999998688697815,0.4269999861717224,0.41600000858306885,0.41999998688697815,17989719,0.0,0.0,0.0
2024-02-14 00:00:00+02:00,0.41999998688697815,0.43799999356269836,0.42100000381469727,0.42399999499320984,25204596,0.0,0.0,0.0
2024-02-15 00:00:00+02:00,0.42399999499320984,0.4399999976158142,0.4189999997615814,0.42399999499320984,43305659,0.0,0.0,0.0
2024-02-18 00:00:00+02:00,0.42399999499320984,0.42399999499320984,0.42399999499320984,0.42399999499320984,0,0.0,0.0,0.0
2024-02-19 00:00:00+02:00,0.42500001192092896,0.43299999833106995,0.41999998688697815,0.42500001192092896,30107079,0.0,0.0,0.0
2024-02-20 00:00:00+02:00,0.42500001192092896,0.4300000071525574,0.42399999499320984,0.42399999499320984,17103480,0.0,0.0,0.0
2024-02-21 00:00:00+02:00,0.42399999499320984,0.42800000309944153,0.41999998688697815,0.4230000078678131,16582408,0.0,0.0,0.0
2024-02-22 00:00:00+02:00,0.4230000078678131,0.4259999990463257,0.4129999876022339,0.4180000126361847,55783974,0.0,0.0,0.0
2024-02-25 00:00:00+02:00,0.4180000126361847,0.41600000858306885,0.38499999046325684,0.38999998569488525,29936128,0.0,0.0,0.0
2024-02-26 00:00:00+02:00,0.38999998569488525,0.4059999883174896,0.382999986410141,0.38499999046325684,24668726,0.0,0.0,0.0
2024-02-27 00:00:00+02:00,0.38499999046325684,0.39500001072883606,0.37599998712539673,0.38100001215934753,27990073,0.0,0.0,0.0
2024-02-28 00:00:00+02:00,0.38100001215934753,0.3880000114440918,0.3659999966621399,0.36899998784065247,16743733,0.0,0.0,0.0
2024-02-29 00:00:00+02:00,0.36899998784065247,0.38199999928474426,0.3499999940395355,0.3659999966621399,14813778,0.0,0.0,0.0
2024-03-03 00:00:00+02:00,0.3659999966621399,0.4050000011920929,0.3630000054836273,0.3799999952316284,37695418,0.0,0.0,0.0
2024-03-04 00:00:00+02:00,0.3799999952316284,0.4000000059604645,0.375,0.3779999911785126,12663434,0.0,0.0,0.0
2024-03-05 00:00:00+02:00,0.3779999911785126,0.39100000262260437,0.3709999918937683,0.37400001287460327,15752798,0.0,0.0,0.0
2024-03-06 00:00:00+02:00,0.37400001287460327,0.38499999046325684,0.3540000021457672,0.3630000054836273,18007254,0.0,0.0,0.0
2024-03-07 00:00:00+02:00,0.3630000054836273,0.3720000088214874,0.35499998927116394,0.3569999933242798,6739230,0.0,0.0,0.0
2024-03-10 00:00:00+02:00,0.3569999933242798,0.38199999928474426,0.35499998927116394,0.3700000047683716,27246357,0.0,0.0,0.0
2024-03-11 00:00:00+02:00,0.3700000047683716,0.382999986410141,0.3619999885559082,0.3659999966621399,9135500,0.0,0.0,0.0
2024-03-12 00:00:00+02:00,0.3659999966621399,0.37599998712539673,0.3449999988079071,0.3490000069141388,7343702,0.0,0.0,0.0
2024-03-13 00:00:00+02:00,0.3490000069141388,0.35899999737739563,0.32600000500679016,0.32899999618530273,6119499,0.0,0.0,0.0
2024-03-14 00:00:00+02:00,0.32899999618530273,0.3400000035762787,0.32499998807907104,0.335999995470047,3323401,0.0,0.0,0.0
2024-03-17 00:00:00+02:00,0.335999995470047,0.36000001430511475,0.33500000834465027,0.335999995470047,18917039,0.0,0.0,0.0
2024-03-18 00:00:00+02:00,0.335999995470047,0.3440000116825104,0.30300000309944153,0.3070000112056732,11563077,0.0,0.0,0.0
2024-03-19 00:00:00+02:00,0.3070000112056732,0.3009999990463257,0.2619999945163727,0.2809999883174896,10425056,0.0,0.0,0.0
2024-03-20 00:00:00+02:00,0.2809999883174896,0.30000001192092896,0.2849999964237213,0.2939999997615814,12439447,0.0,0.0,0.0
2024-03-21 00:00:00+02:00,0.2939999997615814,0.3160000145435333,0.2980000078678131,0.3059999942779541,15421886,0.0,0.0,0.0
2024-03-24 00:00:00+02:00,0.3059999942779541,0.32100000977516174,0.3100000023841858,0.31299999356269836,11897829,0.0,0.0,0.0
2024-03-25 00:00:00+02:00,0.31299999356269836,0.3370000123977661,0.31299999356269836,0.32899999618530273,9972789,0.0,0.0,0.0
2024-03-26 00:00:00+02:00,0.32899999618530273,0.3400000035762787,0.32499998807907104,0.328000009059906,12586614,0.0,0.0,0.0
2024-03-27 00:00:00+02:00,0.328000009059906,0.33000001311302185,0.30000001192092896,0.30399999022483826,17072516,0.0,0.0,0.0
2024-03-28 00:00:00+02:00,0.30399999022483826,0.30799999833106995,0.2879999876022339,0.29100000858306885,27031034,0.0,0.0,0.0
2024-03-31 00:00:00+02:00,0.29100000858306885,0.29899999499320984,0.2800000011920929,0.2840000092983246,12530690,0.0,0.0,0.0
2024-04-01 00:00:00+02:00,0.2840000092983246,0.2930000126361847,0.2840000092983246,0.2919999957084656,7522945,0.0,0.0,0.0
2024-04-02 00:00:00+02:00,0.2919999957084656,0.29600000381469727,0.28600001335144043,0.28999999165534973,10153701,0.0,0.0,0.0
2024-04-03 00:00:00+02:00,0.28999999165534973,0.29100000858306885,0.2800000011920929,0.289000004529953,6111022,0.0,0.0,0.0
2024-04-04 00:00:00+02:00,0.289000004529953,0.2930000126361847,0.2849999964237213,0.28999999165534973,7394253,0.0,0.0,0.0
2024-04-07 00:00:00+02:00,0.28999999165534973,0.2939999997615814,0.2800000011920929,0.28600001335144043,7712983,0.0,0.0,0.0
2024-04-08 00:00:00+02:00,0.28600001335144043,0.289000004529953,0.28200000524520874,0.2879999876022339,55986610,0.0,0.0,0.0
2024-04-15 00:00:00+02:00,0.2879999876022339,0.3190000057220459,0.2919999957084656,0.3089999854564667,39581458,0.0,0.0,0.0
2024-04-16 00:00:00+02:00,0.3089999854564667,0.3400000035762787,0.31299999356269836,0.3330000042915344,138752699,0.0,0.0,0.0
2024-04-17 00:00:00+02:00,0.3330000042915344,0.3330000042915344,0.3330000042915344,0.3330000042915344,0,0.0,0.0,0.0
2024-04-18 00:00:00+02:00,0.3330000042915344,0.3330000042915344,0.3330000042915344,0.3330000042915344,0,0.0,0.0,0.0
2024-04-21 00:00:00+02:00,0.3330000042915344,0.3330000042915344,0.3330000042915344,0.3330000042915344,0,0.0,0.0,0.0
2024-04-22 00:00:00+02:00,0.3330000042915344,0.36399999260902405,0.3009999990463257,0.34700000286102295,79933210,0.0,0.0,0.0
2024-04-23 00:00:00+02:00,0.34700000286102295,0.3569999933242798,0.3149999976158142,0.3160000145435333,60074902,0.0,0.0,0.0
2024-04-24 00:00:00+02:00,0.3160000145435333,0.3199999928474426,0.28700000047683716,0.2879999876022339,31305670,0.0,0.0,0.0
2024-04-28 00:00:00+03:00,0.2879999876022339,0.2879999876022339,0.2879999876022339,0.2879999876022339,0,0.0,0.0,0.0
2024-04-29 00:00:00+03:00,0.2750000059604645,0.289000004529953,0.2669999897480011,0.28600001335144043,17943971,0.0,0.0,0.0
2024-04-30 00:00:00+03:00,0.28600001335144043,0.2879999876022339,0.2529999911785126,0.25600001215934753,13442313,0.0,0.0,0.0
2024-05-02 00:00:00+03:00,0.2639999985694885,0.27300000190734863,0.25600001215934753,0.2639999985694885,11378040,0.0,0.0,0.0
2024-05-07 00:00:00+03:00,0.2639999985694885,0.289000004529953,0.2549999952316284,0.2809999883174896,37462535,0.0,0.0,0.0
2024-05-08 00:00:00+03:00,0.2809999883174896,0.2939999997615814,0.27000001072883606,0.2720000147819519,22448810,0.0,0.0,0.0
2024-05-09 00:00:00+03:00,0.2720000147819519,0.2770000100135803,0.2630000114440918,0.27000001072883606,10679098,0.0,0.0,0.0
2024-05-12 00:00:00+03:00,0.27000001072883606,0.27799999713897705,0.25200000405311584,0.2549999952316284,33604955,0.0,0.0,0.0
2024-05-13 00:00:00+03:00,0.2549999952316284,0.25600001215934753,0.24300000071525574,0.24899999797344208,17676533,0.0,0.0,0.0
2024-05-14 00:00:00+03:00,0.24899999797344208,0.2630000114440918,0.23899999260902405,0.25,33732505,0.0,0.0,0.0
2024-05-15 00:00:00+03:00,0.25,0.289000004529953,0.25,0.2709999978542328,52854277,0.0,0.0,0.0
2024-05-16 00:00:00+03:00,0.2709999978542328,0.28200000524520874,0.2680000066757202,0.2770000100135803,29990588,0.0,0.0,0.0
2024-05-19 00:00:00+03:00,0.2770000100135803,0.28299999237060547,0.27300000190734863,0.2809999883174896,27880027,0.0,0.0,0.0
2024-05-20 00:00:00+03:00,0.2809999883174896,0.2849999964237213,0.2680000066757202,0.2709999978542328,36254123,0.0,0.0,0.0
2024-05-21 00:00:00+03:00,0.2709999978542328,0.2750000059604645,0.26499998569488525,0.26600000262260437,19540004,0.0,0.0,0.0
2024-05-22 00:00:00+03:00,0.26600000262260437,0.27000001072883606,0.2619999945163727,0.2639999985694885,11534361,0.0,0.0,0.0
2024-05-23 00:00:00+03:00,0.2639999985694885,0.26899999380111694,0.2619999945163727,0.2639999985694885,9123577,0.0,0.0,0.0
2024-05-26 00:00:00+03:00,0.2639999985694885,0.2639999985694885,0.2639999985694885,0.2639999985694885,0,0.0,0.0,0.0
2024-05-27 00:00:00+03:00,0.26600000262260437,0.27399998903274536,0.2630000114440918,0.26899999380111694,31287603,0.0,0.0,0.0
2024-05-28 00:00:00+03:00,0.26899999380111694,0.26899999380111694,0.2549999952316284,0.26100000739097595,19604560,0.0,0.0,0.0
2024-05-29 00:00:00+03:00,0.26100000739097595,0.2669999897480011,0.2590000033378601,0.26100000739097595,22238556,0.0,0.0,0.0
2024-05-30 00:00:00+03:00,0.26100000739097595,0.2630000114440918,0.25200000405311584,0.2549999952316284,8762015,0.0,0.0,0.0
2024-06-02 00:00:00+03:00,0.2549999952316284,0.26100000739097595,0.24500000476837158,0.2460000067949295,16980340,0.0,0.0,0.0
2024-06-03 00:00:00+03:00,0.2460000067949295,0.25,0.23199999332427979,0.23399999737739563,12288327,0.0,0.0,0.0
2024-06-04 00:00:00+03:00,0.23399999737739563,0.2409999966621399,0.23600000143051147,0.2370000034570694,13737570,0.0,0.0,0.0
2024-06-05 00:00:00+03:00,0.2370000034570694,0.23999999463558197,0.22300000488758087,0.2290000021457672,15796635,0.0,0.0,0.0
2024-06-06 00:00:00+03:00,0.2290000021457672,0.23600000143051147,0.22200000286102295,0.22300000488758087,13036796,0.0,0.0,0.0
2024-06-09 00:00:00+03:00,0.22300000488758087,0.23199999332427979,0.21699999272823334,0.2199999988079071,13458745,0.0,0.0,0.0
2024-06-10 00:00:00+03:00,0.2199999988079071,0.22200000286102295,0.21199999749660492,0.21400000154972076,8984413,0.0,0.0,0.0
2024-06-11 00:00:00+03:00,0.21400000154972076,0.2290000021457672,0.20499999821186066,0.22100000083446503,17110501,0.0,0.0,0.0
2024-06-12 00:00:00+03:00,0.22100000083446503,0.22699999809265137,0.22100000083446503,0.22300000488758087,10656302,0.0,0.0,0.0
2024-06-13 00:00:00+03:00,0.22300000488758087,0.23199999332427979,0.22300000488758087,0.22699999809265137,26829734,0.0,0.0,0.0
2024-06-23 00:00:00+03:00,0.22699999809265137,0.2370000034570694,0.2280000001192093,0.23399999737739563,17353505,0.0,0.0,0.0
2024-06-24 00:00:00+03:00,0.23399999737739563,0.2409999966621399,0.23199999332427979,0.2329999953508377,20950482,0.0,0.0,0.0
2024-06-25 00:00:00+03:00,0.2329999953508377,0.23499999940395355,0.22699999809265137,0.23000000417232513,7426756,0.0,0.0,0.0
2024-06-26 00:00:00+03:00,0.23000000417232513,0.2370000034570694,0.23100000619888306,0.2329999953508377,12078253,0.0,0.0,0.0
2024-06-27 00:00:00+03:00,0.2329999953508377,0.2370000034570694,0.23000000417232513,0.23199999332427979,19956496,0.0,0.0,0.0
2024-07-02 00:00:00+03:00,0.23999999463558197,0.24400000274181366,0.23600000143051147,0.2370000034570694,11828012,0.0,0.0,0.0
2024-07-03 00:00:00+03:00,0.2370000034570694,0.2750000059604645,0.2370000034570694,0.26499998569488525,102845123,0.0,0.0,0.0
2024-07-04 00:00:00+03:00,0.26499998569488525,0.2669999897480011,0.25200000405311584,0.2590000033378601,47320409,0.0,0.0,0.0
2024-07-07 00:00:00+03:00,0.2590000033378601,0.2720000147819519,0.257999986410141,0.25999999046325684,33811424,0.0,0.0,0.0
2024-07-08 00:00:00+03:00,0.25999999046325684,0.26600000262260437,0.2529999911785126,0.25600001215934753,20810587,0.0,0.0,0.0
2024-07-09 00:00:00+03:00,0.25600001215934753,0.25999999046325684,0.25,0.2549999952316284,10878261,0.0,0.0,0.0
2024-07-10 00:00:00+03:00,0.2549999952316284,0.257999986410141,0.2460000067949295,0.24699999392032623,11522294,0.0,0.0,0.0
2024-07-14 00:00:00+03:00,0.24699999392032623,0.25999999046325684,0.24699999392032623,0.25999999046325684,16053979,0.0,0.0,0.0
2024-07-15 00:00:00+03:00,0.25999999046325684,0.28299999237060547,0.25999999046325684,0.27799999713897705,77781371,0.0,0.0,0.0
2024-07-16 00:00:00+03:00,0.27799999713897705,0.2919999957084656,0.2750000059604645,0.2759999930858612,54406141,0.0,0.0,0.0
2024-07-17 00:00:00+03:00,0.2759999930858612,0.2849999964237213,0.27000001072883606,0.2709999978542328,23910770,0.0,0.0,0.0
2024-07-18 00:00:00+03:00,0.2709999978542328,0.2800000011920929,0.27399998903274536,0.2759999930858612,11775775,0.0,0.0,0.0
2024-07-21 00:00:00+03:00,0.2759999930858612,0.28200000524520874,0.2770000100135803,0.2800000011920929,11512184,0.0,0.0,0.0
2024-07-22 00:00:00+03:00,0.2800000011920929,0.3149999976158142,0.2800000011920929,0.29899999499320984,60152293,0.0,0.0,0.0
2024-07-23 00:00:00+03:00,0.29899999499320984,0.31200000643730164,0.296999990940094,0.2980000078678131,28019516,0.0,0.0,0.0
2024-07-24 00:00:00+03:00,0.2980000078678131,0.3059999942779541,0.2930000126361847,0.29499998688697815,14914521,0.0,0.0,0.0
2024-07-28 00:00:00+03:00,0.29499998688697815,0.3149999976158142,0.2930000126361847,0.3009999990463257,26890523,0.0,0.0,0.0
2024-07-29 00:00:00+03:00,0.3009999990463257,0.3070000112056732,0.29499998688697815,0.30000001192092896,16631044,0.0,0.0,0.0
2024-07-30 00:00:00+03:00,0.30000001192092896,0.3059999942779541,0.29499998688697815,0.3009999990463257,12675710,0.0,0.0,0.0
2024-07-31 00:00:00+03:00,0.3009999990463257,0.3050000071525574,0.2980000078678131,0.29899999499320984,9659068,0.0,0.0,0.0
2024-08-01 00:00:00+03:00,0.29899999499320984,0.32100000977516174,0.30399999022483826,0.30799999833106995,34722560,0.0,0.0,0.0
2024-08-04 00:00:00+03:00,0.30799999833106995,0.30799999833106995,0.2930000126361847,0.29499998688697815,19877378,0.0,0.0,0.0
2024-08-05 00:00:00+03:00,0.29499998688697815,0.29100000858306885,0.2549999952316284,0.27900001406669617,26015244,0.0,0.0,0.0
2024-08-06 00:00:00+03:00,0.27900001406669617,0.2930000126361847,0.27900001406669617,0.289000004529953,16385473,0.0,0.0,0.0
2024-08-07 00:00:00+03:00,0.289000004529953,0.30799999833106995,0.28999999165534973,0.30000001192092896,34206907,0.0,0.0,0.0
2024-08-08 00:00:00+03:00,0.30000001192092896,0.3230000138282776,0.30300000309944153,0.3199999928474426,69796213,0.0,0.0,0.0
2024-08-11 00:00:00+03:00,0.3199999928474426,0.34200000762939453,0.3269999921321869,0.3330000042915344,127508154,0.0,0.0,0.0
2024-08-12 00:00:00+03:00,0.3330000042915344,0.33799999952316284,0.32100000977516174,0.33000001311302185,31999416,0.0,0.0,0.0
2024-08-13 00:00:00+03:00,0.33000001311302185,0.3310000002384186,0.3230000138282776,0.33000001311302185,48465572,0.0,0.0,0.0
2024-08-14 00:00:00+03:00,0.33000001311302185,0.3330000042915344,0.32499998807907104,0.32600000500679016,12662126,0.0,0.0,0.0
2024-08-15 00:00:00+03:00,0.32600000500679016,0.335999995470047,0.32899999618530273,0.32899999618530273,19992803,0.0,0.0,0.0
2024-08-18 00:00:00+03:00,0.32899999618530273,0.3310000002384186,0.3269999921321869,0.328000009059906,6365173,0.0,0.0,0.0
2024-08-19 00:00:00+03:00,0.328000009059906,0.3310000002384186,0.32499998807907104,0.33000001311302185,8050941,0.0,0.0,0.0
2024-08-20 00:00:00+03:00,0.33000001311302185,0.3540000021457672,0.33000001311302185,0.34299999475479126,46078436,0.0,0.0,0.0
2024-08-21 00:00:00+03:00,0.34299999475479126,0.35199999809265137,0.33899998664855957,0.3409999907016754,15672082,0.0,0.0,0.0
2024-08-22 00:00:00+03:00,0.3409999907016754,0.34700000286102295,0.3370000123977661,0.33899998664855957,11762629,0.0,0.0,0.0
2024-08-25 00:00:00+03:00,0.33899998664855957,0.35100001096725464,0.33799999952316284,0.34200000762939453,24669226,0.0,0.0,0.0
2024-08-26 00:00:00+03:00,0.34200000762939453,0.3499999940395355,0.3400000035762787,0.3449999988079071,11254822,0.0,0.0,0.0
2024-08-27 00:00:00+03:00,0.3449999988079071,0.35199999809265137,0.3409999907016754,0.34299999475479126,9576305,0.0,0.0,0.0
2024-08-28 00:00:00+03:00,0.34299999475479126,0.3490000069141388,0.34200000762939453,0.34299999475479126,4568638,0.0,0.0,0.0
2024-08-29 00:00:00+03:00,0.34299999475479126,0.35199999809265137,0.3409999907016754,0.34299999475479126,15484736,0.0,0.0,0.0
2024-09-01 00:00:00+03:00,0.34299999475479126,0.3490000069141388,0.3449999988079071,0.34599998593330383,6835063,0.0,0.0,0.0
2024-09-02 00:00:00+03:00,0.34599998593330383,0.35199999809265137,0.34200000762939453,0.34299999475479126,7832648,0.0,0.0,0.0
2024-09-03 00:00:00+03:00,0.34299999475479126,0.3499999940395355,0.3400000035762787,0.34299999475479126,5799027,0.0,0.0,0.0
2024-09-04 00:00:00+03:00,0.34299999475479126,0.37700000405311584,0.3400000035762787,0.35499998927116394,28351105,0.0,0.0,0.0
2024-09-05 00:00:00+03:00,0.35499998927116394,0.36500000953674316,0.34599998593330383,0.3499999940395355,12211644,0.0,0.0,0.0
2024-09-08 00:00:00+03:00,0.3499999940395355,0.3569999933242798,0.34299999475479126,0.3440000116825104,4997760,0.0,0.0,0.0
2024-09-09 00:00:00+03:00,0.3440000116825104,0.3479999899864197,0.34299999475479126,0.3440000116825104,3079381,0.0,0.0,0.0
2024-09-10 00:00:00+03:00,0.3440000116825104,0.35899999737739563,0.3400000035762787,0.3490000069141388,12071862,0.0,0.0,0.0
2024-09-11 00:00:00+03:00,0.3490000069141388,0.35199999809265137,0.3440000116825104,0.3449999988079071,5479974,0.0,0.0,0.0
2024-09-12 00:00:00+03:00,0.3449999988079071,0.3499999940395355,0.34299999475479126,0.3440000116825104,5626185,0.0,0.0,0.0
2024-09-16 00:00:00+03:00,0.3440000116825104,0.3529999852180481,0.3440000116825104,0.3449999988079071,4594434,0.0,0.0,0.0
2024-09-17 00:00:00+03:00,0.3449999988079071,0.35100001096725464,0.34299999475479126,0.3490000069141388,5354638,0.0,0.0,0.0
2024-09-18 00:00:00+03:00,0.3490000069141388,0.35199999809265137,0.3449999988079071,0.3449999988079071,4773177,0.0,0.0,0.0
2024-09-19 00:00:00+03:00,0.3449999988079071,0.35600000619888306,0.34599998593330383,0.3479999899864197,4149250,0.0,0.0,0.0
2024-09-22 00:00:00+03:00,0.3479999899864197,0.35499998927116394,0.3479999899864197,0.35100001096725464,4614828,0.0,0.0,0.0
2024-09-23 00:00:00+03:00,0.35100001096725464,0.35899999737739563,0.35100001096725464,0.35199999809265137,3743597,0.0,0.0,0.0
2024-09-24 00:00:00+03:00,0.36399999260902405,0.37299999594688416,0.3569999933242798,0.3619999885559082,21200471,0.0,0.0,0.0
2024-09-25 00:00:00+03:00,0.35600000619888306,0.36899998784065247,0.3569999933242798,0.36399999260902405,8688360,0.0,0.0,0.0
2024-09-26 00:00:00+03:00,0.36399999260902405,0.37299999594688416,0.3569999933242798,0.3619999885559082,21200471,0.0,0.0,0.0
2024-09-29 00:00:00+03:00,0.3619999885559082,0.3659999966621399,0.36000001430511475,0.36000001430511475,4654842,0.0,0.0,0.0
2024-09-30 00:00:00+03:00,0.36000001430511475,0.36500000953674316,0.3569999933242798,0.3580000102519989,4066483,0.0,0.0,0.0
2024-10-01 00:00:00+03:00,0.3580000102519989,0.36800000071525574,0.3569999933242798,0.3580000102519989,2644039,0.0,0.0,0.0
2024-10-02 00:00:00+03:00,0.3580000102519989,0.35899999737739563,0.3499999940395355,0.35600000619888306,8941802,0.0,0.0,0.0
2024-10-03 00:00:00+03:00,0.35600000619888306,0.35899999737739563,0.35199999809265137,0.35600000619888306,3730690,0.0,0.0,0.0
2024-10-07 00:00:00+03:00,0.35600000619888306,0.36000001430511475,0.35199999809265137,0.3529999852180481,6147586,0.0,0.0,0.0
2024-10-08 00:00:00+03:00,0.3529999852180481,0.3529999852180481,0.3400000035762787,0.3400000035762787,7799907,0.0,0.0,0.0
2024-10-09 00:00:00+03:00,0.3400000035762787,0.36399999260902405,0.33899998664855957,0.3610000014305115,11957943,0.0,0.0,0.0
2024-10-10 00:00:00+03:00,0.3610000014305115,0.36399999260902405,0.3540000021457672,0.36000001430511475,7155731,0.0,0.0,0.0
2024-10-13 00:00:00+03:00,0.36000001430511475,0.3619999885559082,0.3529999852180481,0.36000001430511475,5732265,0.0,0.0,0.0
2024-10-14 00:00:00+03:00,0.36000001430511475,0.3630000054836273,0.3569999933242798,0.3610000014305115,1603783,0.0,0.0,0.0
2024-10-15 00:00:00+03:00,0.3610000014305115,0.3659999966621399,0.36000001430511475,0.36000001430511475,1771321,0.0,0.0,0.0
2024-10-16 00:00:00+03:00,0.36000001430511475,0.36399999260902405,0.36000001430511475,0.3610000014305115,3113763,0.0,0.0,0.0
2024-10-17 00:00:00+03:00,0.3610000014305115,0.36500000953674316,0.36000001430511475,0.3610000014305115,3073033,0.0,0.0,0.0
2024-10-20 00:00:00+03:00,0.3610000014305115,0.36399999260902405,0.35100001096725464,0.3580000102519989,4518506,0.0,0.0,0.0
2024-10-21 00:00:00+03:00,0.3580000102519989,0.3619999885559082,0.3499999940395355,0.36000001430511475,3238077,0.0,0.0,0.0
2024-10-22 00:00:00+03:00,0.36000001430511475,0.4099999964237213,0.36000001430511475,0.3880000114440918,40692977,0.0,0.0,0.0
2024-10-23 00:00:00+03:00,0.3880000114440918,0.3919999897480011,0.3709999918937683,0.3709999918937683,11401433,0.0,0.0,0.0
2024-10-24 00:00:00+03:00,0.3709999918937683,0.375,0.3659999966621399,0.3700000047683716,23785317,0.0,0.0,0.0
2024-10-27 00:00:00+03:00,0.3700000047683716,0.375,0.36500000953674316,0.3659999966621399,7662155,0.0,0.0,0.0
2024-10-28 00:00:00+03:00,0.3659999966621399,0.36800000071525574,0.35899999737739563,0.35899999737739563,6087171,0.0,0.0,0.0
2024-10-29 00:00:00+03:00,0.35899999737739563,0.3630000054836273,0.35600000619888306,0.36000001430511475,3270368,0.0,0.0,0.0
2024-10-30 00:00:00+03:00,0.36000001430511475,0.3610000014305115,0.35600000619888306,0.3569999933242798,1899556,0.0,0.0,0.0
2024-10-31 00:00:00+03:00,0.3569999933242798,0.35899999737739563,0.35199999809265137,0.3529999852180481,3529034,0.0,0.0,0.0
2024-11-03 00:00:00+02:00,0.3529999852180481,0.3659999966621399,0.3529999852180481,0.36000001430511475,3956618,0.0,0.0,0.0
2024-11-04 00:00:00+02:00,0.36000001430511475,0.3659999966621399,0.35600000619888306,0.3569999933242798,2956290,0.0,0.0,0.0
2024-11-05 00:00:00+02:00,0.3569999933242798,0.36000001430511475,0.3569999933242798,0.3580000102519989,1714256,0.0,0.0,0.0
2024-11-06 00:00:00+02:00,0.3580000102519989,0.36000001430511475,0.35499998927116394,0.3569999933242798,3886162,0.0,0.0,0.0
2024-11-07 00:00:00+02:00,0.3569999933242798,0.3630000054836273,0.3540000021457672,0.36000001430511475,3714542,0.0,0.0,0.0
2024-11-10 00:00:00+02:00,0.36000001430511475,0.36399999260902405,0.35600000619888306,0.35899999737739563,5980986,0.0,0.0,0.0
2024-11-11 00:00:00+02:00,0.35899999737739563,0.382999986410141,0.35899999737739563,0.3630000054836273,15913893,0.0,0.0,0.0
2024-11-12 00:00:00+02:00,0.3630000054836273,0.367000013589859,0.3580000102519989,0.35899999737739563,5457926,0.0,0.0,0.0
2024-11-13 00:00:00+02:00,0.35899999737739563,0.3619999885559082,0.35600000619888306,0.3569999933242798,3264397,0.0,0.0,0.0
2024-11-14 00:00:00+02:00,0.3569999933242798,0.3619999885559082,0.3580000102519989,0.36000001430511475,3036761,0.0,0.0,0.0
2024-11-17 00:00:00+02:00,0.36000001430511475,0.36399999260902405,0.35899999737739563,0.36000001430511475,2273022,0.0,0.0,0.0
2024-11-18 00:00:00+02:00,0.36000001430511475,0.3630000054836273,0.3540000021457672,0.35600000619888306,2374938,0.0,0.0,0.0
2024-11-19 00:00:00+02:00,0.35600000619888306,0.3610000014305115,0.3540000021457672,0.3569999933242798,2331258,0.0,0.0,0.0
2024-11-20 00:00:00+02:00,0.3569999933242798,0.35899999737739563,0.28999999165534973,0.3540000021457672,2138702,0.0,0.0,0.0
2024-11-21 00:00:00+02:00,0.3540000021457672,0.36000001430511475,0.35199999809265137,0.3529999852180481,1760798,0.0,0.0,0.0
2024-11-24 00:00:00+02:00,0.3529999852180481,0.35600000619888306,0.35100001096725464,0.35199999809265137,1583130,0.0,0.0,0.0
2024-11-25 00:00:00+02:00,0.35199999809265137,0.3540000021457672,0.3400000035762787,0.34200000762939453,3268650,0.0,0.0,0.0
2024-11-26 00:00:00+02:00,0.34200000762939453,0.34700000286102295,0.3409999907016754,0.34200000762939453,482014,0.0,0.0,0.0
2024-11-27 00:00:00+02:00,0.34200000762939453,0.3449999988079071,0.33899998664855957,0.3409999907016754,2686609,0.0,0.0,0.0
2024-11-28 00:00:00+02:00,0.3409999907016754,0.34200000762939453,0.33799999952316284,0.33899998664855957,1291313,0.0,0.0,0.0
2024-12-01 00:00:00+02:00,0.33899998664855957,0.3449999988079071,0.33799999952316284,0.33799999952316284,1898013,0.0,0.0,0.0
2024-12-02 00:00:00+02:00,0.33799999952316284,0.3440000116825104,0.33799999952316284,0.3400000035762787,1301790,0.0,0.0,0.0
2024-12-03 00:00:00+02:00,0.3400000035762787,0.3440000116825104,0.33899998664855957,0.3400000035762787,1446830,0.0,0.0,0.0
2024-12-04 00:00:00+02:00,0.3400000035762787,0.3409999907016754,0.32499998807907104,0.3319999873638153,2077448,0.0,0.0,0.0
2024-12-05 00:00:00+02:00,0.3319999873638153,0.35499998927116394,0.33000001311302185,0.34299999475479126,5305440,0.0,0.0,0.0
2024-12-08 00:00:00+02:00,0.34299999475479126,0.3479999899864197,0.3400000035762787,0.34200000762939453,1677255,0.0,0.0,0.0
2024-12-09 00:00:00+02:00,0.34200000762939453,0.34599998593330383,0.33899998664855957,0.3400000035762787,2637890,0.0,0.0,0.0
2024-12-10 00:00:00+02:00,0.3400000035762787,0.34200000762939453,0.33500000834465027,0.335999995470047,2671125,0.0,0.0,0.0
2024-12-11 00:00:00+02:00,0.335999995470047,0.3400000035762787,0.328000009059906,0.33500000834465027,5487365,0.0,0.0,0.0
2024-12-12 00:00:00+02:00,0.33500000834465027,0.3529999852180481,0.33500000834465027,0.3490000069141388,7374666,0.0,0.0,0.0
2024-12-15 00:00:00+02:00,0.3490000069141388,0.38199999928474426,0.35499998927116394,0.36399999260902405,33027625,0.0,0.0,0.0
2024-12-16 00:00:00+02:00,0.36399999260902405,0.3700000047683716,0.35499998927116394,0.3659999966621399,11126170,0.0,0.0,0.0
2024-12-17 00:00:00+02:00,0.3659999966621399,0.37400001287460327,0.35499998927116394,0.3610000014305115,5216223,0.0,0.0,0.0
2024-12-18 00:00:00+02:00,0.3610000014305115,0.3630000054836273,0.3449999988079071,0.3479999899864197,4530051,0.0,0.0,0.0
2024-12-19 00:00:00+02:00,0.3479999899864197,0.3499999940395355,0.3230000138282776,0.34200000762939453,4635928,0.0,0.0,0.0
2024-12-22 00:00:00+02:00,0.34200000762939453,0.3490000069141388,0.3400000035762787,0.3409999907016754,2347126,0.0,0.0,0.0
2024-12-23 00:00:00+02:00,0.3409999907016754,0.34599998593330383,0.3319999873638153,0.335999995470047,1612578,0.0,0.0,0.0
2024-12-24 00:00:00+02:00,0.335999995470047,0.34200000762939453,0.32600000500679016,0.33899998664855957,2675212,0.0,0.0,0.0
2024-12-25 00:00:00+02:00,0.33899998664855957,0.34599998593330383,0.33500000834465027,0.3370000123977661,2302451,0.0,0.0,0.0
2024-12-26 00:00:00+02:00,0.3370000123977661,0.3529999852180481,0.3310000002384186,0.35100001096725464,5989024,0.0,0.0,0.0
2024-12-29 00:00:00+02:00,0.35100001096725464,0.3529999852180481,0.3449999988079071,0.34599998593330383,2518496,0.0,0.0,0.0
2024-12-30 00:00:00+02:00,0.34599998593330383,0.34700000286102295,0.3269999921321869,0.335999995470047,2078785,0.0,0.0,0.0
2024-12-31 00:00:00+02:00,0.335999995470047,0.34700000286102295,0.3319999873638153,0.33799999952316284,2027282,0.0,0.0,0.0
2025-01-02 00:00:00+02:00,0.33799999952316284,0.3490000069141388,0.34299999475479126,0.3440000116825104,1172548,0.0,0.0,0.0
2025-01-05 00:00:00+02:00,0.3440000116825104,0.3569999933242798,0.3449999988079071,0.3540000021457672,3459103,0.0,0.0,0.0
2025-01-06 00:00:00+02:00,0.3540000021457672,0.3569999933242798,0.3479999899864197,0.35100001096725464,2238201,0.0,0.0,0.0
2025-01-08 00:00:00+02:00,0.35100001096725464,0.3700000047683716,0.3540000021457672,0.3569999933242798,8322482,0.0,0.0,0.0
2025-01-09 00:00:00+02:00,0.3569999933242798,0.36000001430511475,0.3529999852180481,0.3569999933242798,2481286,0.0,0.0,0.0
2025-01-12 00:00:00+02:00,0.3569999933242798,0.3619999885559082,0.34700000286102295,0.3569999933242798,3449945,0.0,0.0,0.0
2025-01-13 00:00:00+02:00,0.3569999933242798,0.36399999260902405,0.3449999988079071,0.35499998927116394,4558418,0.0,0.0,0.0
2025-01-14 00:00:00+02:00,0.35499998927116394,0.36000001430511475,0.3330000042915344,0.3580000102519989,4498165,0.0,0.0,0.0
2025-01-15 00:00:00+02:00,0.3580000102519989,0.3580000102519989,0.3479999899864197,0.35199999809265137,3261286,0.0,0.0,0.0
2025-01-16 00:00:00+02:00,0.35199999809265137,0.41999998688697815,0.3479999899864197,0.40700000524520874,78687857,0.0,0.0,0.0
2025-01-19 00:00:00+02:00,0.35199999809265137,0.4690000116825104,0.3479999899864197,0.45399999618530273,160146758,0.0,0.0,0.0
2025-01-20 00:00:00+02:00,0.44699999690055847,0.46700000762939453,0.421999990940094,0.4269999861717224,54336237,0.0,0.0,0.0
2025-01-21 00:00:00+02:00,0.4269999861717224,0.4350000023841858,0.41600000858306885,0.4300000071525574,23485715,0.0,0.0,0.0
2025-01-22 00:00:00+02:00,0.4300000071525574,0.4350000023841858,0.41499999165534973,0.41999998688697815,17202886,0.0,0.0,0.0
2025-01-23 00:00:00+02:00,0.41999998688697815,0.4490000009536743,0.41999998688697815,0.42500001192092896,37672397,0.0,0.0,0.0
2025-01-26 00:00:00+02:00,0.42500001192092896,0.4440000057220459,0.421999990940094,0.4230000078678131,14646733,0.0,0.0,0.0
2025-01-27 00:00:00+02:00,0.4230000078678131,0.42399999499320984,0.4020000100135803,0.4050000011920929,13249857,0.0,0.0,0.0
2025-01-28 00:00:00+02:00,0.4050000011920929,0.40799999237060547,0.38999998569488525,0.39800000190734863,12709480,0.0,0.0,0.0
2025-01-29 00:00:00+02:00,0.39800000190734863,0.4050000011920929,0.39500001072883606,0.3970000147819519,5951284,0.0,0.0,0.0
2025-01-30 00:00:00+02:00,0.3970000147819519,0.4050000011920929,0.39500001072883606,0.39800000190734863,5170759,0.0,0.0,0.0
2025-02-02 00:00:00+02:00,0.39800000190734863,0.4259999990463257,0.3869999945163727,0.41200000047683716,32981838,0.0,0.0,0.0
2025-02-03 00:00:00+02:00,0.41200000047683716,0.4180000126361847,0.39899998903274536,0.40400001406669617,10200035,0.0,0.0,0.0
2025-02-04 00:00:00+02:00,0.40400001406669617,0.4169999957084656,0.4050000011920929,0.40700000524520874,11425042,0.0,0.0,0.0
2025-02-05 00:00:00+02:00,0.40700000524520874,0.4099999964237213,0.4020000100135803,0.40299999713897705,4750007,0.0,0.0,0.0
2025-02-06 00:00:00+02:00,0.40299999713897705,0.43299999833106995,0.40299999713897705,0.4129999876022339,22446605,0.0,0.0,0.0
2025-02-09 00:00:00+02:00,0.4129999876022339,0.43799999356269836,0.414000004529953,0.4300000071525574,32023132,0.0,0.0,0.0
2025-02-10 00:00:00+02:00,0.4300000071525574,0.46700000762939453,0.4399999976158142,0.4490000009536743,49139417,0.0,0.0,0.0
2025-02-11 00:00:00+02:00,0.4490000009536743,0.4560000002384186,0.414000004529953,0.414000004529953,16722754,0.0,0.0,0.0
2025-02-12 00:00:00+02:00,0.414000004529953,0.4399999976158142,0.40400001406669617,0.4399999976158142,204185878,0.0,0.0,0.0
2025-02-13 00:00:00+02:00,0.4399999976158142,0.4490000009536743,0.421999990940094,0.42500001192092896,25330046,0.0,0.0,0.0
2025-02-16 00:00:00+02:00,0.42500001192092896,0.4449999928474426,0.4269999861717224,0.4339999854564667,55100748,0.0,0.0,0.0
2025-02-17 00:00:00+02:00,0.4339999854564667,0.4390000104904175,0.42500001192092896,0.4269999861717224,7272207,0.0,0.0,0.0
2025-02-18 00:00:00+02:00,0.4269999861717224,0.4300000071525574,0.4180000126361847,0.4189999997615814,5825047,0.0,0.0,0.0
2025-02-19 00:00:00+02:00,0.4189999997615814,0.42800000309944153,0.41499999165534973,0.42100000381469727,38111833,0.0,0.0,0.0
2025-02-20 00:00:00+02:00,0.42100000381469727,0.42800000309944153,0.41100001335144043,0.4129999876022339,6910552,0.0,0.0,0.0
2025-02-23 00:00:00+02:00,0.4129999876022339,0.4230000078678131,0.41100001335144043,0.42100000381469727,9170246,0.0,0.0,0.0
2025-02-24 00:00:00+02:00,0.42100000381469727,0.421999990940094,0.4169999957084656,0.4180000126361847,8232833,0.0,0.0,0.0
2025-02-25 00:00:00+02:00,0.4180000126361847,0.4180000126361847,0.4000000059604645,0.4050000011920929,14761488,0.0,0.0,0.0
2025-02-26 00:00:00+02:00,0.4050000011920929,0.40799999237060547,0.39800000190734863,0.39899998903274536,5103388,0.0,0.0,0.0
2025-02-27 00:00:00+02:00,0.39899998903274536,0.40299999713897705,0.39500001072883606,0.3959999978542328,5220582,0.0,0.0,0.0
2025-03-02 00:00:00+02:00,0.3959999978542328,0.39800000190734863,0.38999998569488525,0.39399999380111694,2972487,0.0,0.0,0.0
2025-03-03 00:00:00+02:00,0.39399999380111694,0.4000000059604645,0.3930000066757202,0.3959999978542328,4056537,0.0,0.0,0.0
2025-03-04 00:00:00+02:00,0.3959999978542328,0.41999998688697815,0.39899998903274536,0.4000000059604645,46352870,0.0,0.0,0.0
2025-03-05 00:00:00+02:00,0.4000000059604645,0.40400001406669617,0.39800000190734863,0.39800000190734863,2407090,0.0,0.0,0.0
2025-03-06 00:00:00+02:00,0.39800000190734863,0.4000000059604645,0.38999998569488525,0.3930000066757202,5687316,0.0,0.0,0.0
2025-03-09 00:00:00+02:00,0.3930000066757202,0.3959999978542328,0.3779999911785126,0.3790000081062317,9572609,0.0,0.0,0.0
2025-03-10 00:00:00+02:00,0.3790000081062317,0.3799999952316284,0.367000013589859,0.36800000071525574,9394216,0.0,0.0,0.0
2025-03-11 00:00:00+02:00,0.36800000071525574,0.3709999918937683,0.3659999966621399,0.3700000047683716,4309529,0.0,0.0,0.0
2025-03-12 00:00:00+02:00,0.3700000047683716,0.375,0.3700000047683716,0.3720000088214874,6083609,0.0,0.0,0.0
2025-03-13 00:00:00+02:00,0.3720000088214874,0.3840000033378601,0.375,0.38199999928474426,4716231,0.0,0.0,0.0
2025-03-16 00:00:00+02:00,0.38199999928474426,0.3889999985694885,0.37599998712539673,0.37700000405311584,2246530,0.0,0.0,0.0
2025-03-17 00:00:00+02:00,0.37700000405311584,0.37700000405311584,0.36500000953674316,0.36800000071525574,6279246,0.0,0.0,0.0
2025-03-18 00:00:00+02:00,0.36800000071525574,0.3700000047683716,0.35499998927116394,0.35899999737739563,7481205,0.0,0.0,0.0
2025-03-19 00:00:00+02:00,0.35899999737739563,0.36500000953674316,0.35199999809265137,0.3540000021457672,8532852,0.0,0.0,0.0
2025-03-20 00:00:00+02:00,0.3540000021457672,0.3569999933242798,0.3449999988079071,0.3499999940395355,19509493,0.0,0.0,0.0
2025-03-23 00:00:00+02:00,0.3499999940395355,0.35899999737739563,0.3479999899864197,0.3499999940395355,6530198,0.0,0.0,0.0
2025-03-24 00:00:00+02:00,0.3499999940395355,0.3779999911785126,0.33899998664855957,0.34299999475479126,23097704,0.0,0.0,0.0
2025-03-25 00:00:00+02:00,0.34299999475479126,0.35199999809265137,0.3409999907016754,0.3449999988079071,6162985,0.0,0.0,0.0
2025-03-26 00:00:00+02:00,0.3449999988079071,0.3499999940395355,0.34299999475479126,0.3449999988079071,5136155,0.0,0.0,0.0
2025-03-27 00:00:00+02:00,0.3449999988079071,0.3490000069141388,0.34299999475479126,0.3449999988079071,4843376,0.0,0.0,0.0
2025-04-03 00:00:00+02:00,0.3449999988079071,0.3779999911785126,0.34299999475479126,0.36000001430511475,23288137,0.0,0.0,0.0
2025-04-06 00:00:00+02:00,0.36000001430511475,0.3569999933242798,0.34299999475479126,0.3490000069141388,5926262,0.0,0.0,0.0
2025-04-07 00:00:00+02:00,0.3490000069141388,0.35100001096725464,0.3409999907016754,0.3449999988079071,5539203,0.0,0.0,0.0
2025-04-08 00:00:00+02:00,0.3449999988079071,0.35499998927116394,0.34599998593330383,0.3529999852180481,7370921,0.0,0.0,0.0
2025-04-09 00:00:00+02:00,0.3529999852180481,0.3790000081062317,0.34599998593330383,0.34700000286102295,32759615,0.0,0.0,0.0
2025-04-10 00:00:00+02:00,0.34700000286102295,0.36500000953674316,0.3529999852180481,0.35499998927116394,8115881,0.0,0.0,0.0
2025-04-13 00:00:00+02:00,0.35499998927116394,0.3659999966621399,0.36000001430511475,0.3619999885559082,7375316,0.0,0.0,0.0
2025-04-14 00:00:00+02:00,0.3619999885559082,0.38499999046325684,0.36000001430511475,0.382999986410141,35813887,0.0,0.0,0.0
2025-04-15 00:00:00+02:00,0.382999986410141,0.3930000066757202,0.37599998712539673,0.37700000405311584,27917084,0.0,0.0,0.0
2025-04-16 00:00:00+02:00,0.37700000405311584,0.382999986410141,0.37400001287460327,0.38100001215934753,15423923,0.0,0.0,0.0
2025-04-17 00:00:00+02:00,0.38100001215934753,0.4050000011920929,0.3799999952316284,0.3959999978542328,82915982,0.0,0.0,0.0
2025-04-22 00:00:00+02:00,0.3959999978542328,0.421999990940094,0.3959999978542328,0.41200000047683716,84670781,0.0,0.0,0.0
2025-04-23 00:00:00+02:00,0.41200000047683716,0.41600000858306885,0.4020000100135803,0.4050000011920929,11741730,0.0,0.0,0.0
2025-04-27 00:00:00+03:00,0.4050000011920929,0.414000004529953,0.40299999713897705,0.40799999237060547,13911350,0.0,0.0,0.0
2025-04-28 00:00:00+03:00,0.40799999237060547,0.4269999861717224,0.4050000011920929,0.4050000011920929,22838869,0.0,0.0,0.0
2025-04-29 00:00:00+03:00,0.4050000011920929,0.4090000092983246,0.3970000147819519,0.4000000059604645,6965777,0.0,0.0,0.0
2025-04-30 00:00:00+03:00,0.4000000059604645,0.4059999883174896,0.3930000066757202,0.3959999978542328,12238531,0.0,0.0,0.0
2025-05-04 00:00:00+03:00,0.3959999978542328,0.40400001406669617,0.3970000147819519,0.4000000059604645,6195281,0.0,0.0,0.0
2025-05-05 00:00:00+03:00,0.4000000059604645,0.40700000524520874,0.4000000059604645,0.4020000100135803,8773426,0.0,0.0,0.0
2025-05-06 00:00:00+03:00,0.4020000100135803,0.4059999883174896,0.39800000190734863,0.39899998903274536,8448078,0.0,0.0,0.0
2025-05-07 00:00:00+03:00,0.39899998903274536,0.41200000047683716,0.39500001072883606,0.3970000147819519,15366305,0.0,0.0,0.0
2025-05-08 00:00:00+03:00,0.3970000147819519,0.4009999930858612,0.39500001072883606,0.3959999978542328,9378482,0.0,0.0,0.0
2025-05-11 00:00:00+03:00,0.3959999978542328,0.41999998688697815,0.4000000059604645,0.4059999883174896,22260436,0.0,0.0,0.0
2025-05-12 00:00:00+03:00,0.4059999883174896,0.43799999356269836,0.4059999883174896,0.42800000309944153,73043502,0.0,0.0,0.0
2025-05-13 00:00:00+03:00,0.42800000309944153,0.44200000166893005,0.41200000047683716,0.41499999165534973,39406984,0.0,0.0,0.0
2025-05-14 00:00:00+03:00,0.41499999165534973,0.42399999499320984,0.40799999237060547,0.4090000092983246,22273653,0.0,0.0,0.0
2025-05-15 00:00:00+03:00,0.4090000092983246,0.41200000047683716,0.4050000011920929,0.4059999883174896,8928018,0.0,0.0,0.0
2025-05-18 00:00:00+03:00,0.4059999883174896,0.41499999165534973,0.3779999911785126,0.3799999952316284,20025313,0.0,0.0,0.0
2025-05-19 00:00:00+03:00,0.3799999952316284,0.4099999964237213,0.3799999952316284,0.39899998903274536,16314032,0.0,0.0,0.0
2025-05-20 00:00:00+03:00,0.39899998903274536,0.44699999690055847,0.40700000524520874,0.4410000145435333,95935104,0.0,0.0,0.0
2025-05-21 00:00:00+03:00,0.4410000145435333,0.453000009059906,0.4309999942779541,0.4399999976158142,53501986,0.0,0.0,0.0
2025-05-22 00:00:00+03:00,0.4399999976158142,0.44999998807907104,0.4300000071525574,0.44600000977516174,28599127,0.0,0.0,0.0
2025-05-25 00:00:00+03:00,0.44600000977516174,0.46000000834465027,0.4390000104904175,0.4410000145435333,20743790,0.0,0.0,0.0
2025-05-26 00:00:00+03:00,0.4410000145435333,0.4429999887943268,0.4269999861717224,0.4300000071525574,8198680,0.0,0.0,0.0
2025-05-27 00:00:00+03:00,0.4300000071525574,0.4490000009536743,0.41999998688697815,0.43700000643730164,10937403,0.0,0.0,0.0
2025-05-28 00:00:00+03:00,0.43700000643730164,0.4830000102519989,0.4440000057220459,0.46799999475479126,74527927,0.0,0.0,0.0
2025-05-29 00:00:00+03:00,0.46799999475479126,0.4909999966621399,0.46299999952316284,0.47699999809265137,34691711,0.0,0.0,0.0
2025-06-01 00:00:00+03:00,0.47699999809265137,0.503000020980835,0.47600001096725464,0.48399999737739563,25560025,0.0,0.0,0.0
2025-06-02 00:00:00+03:00,0.48399999737739563,0.49000000953674316,0.460999995470047,0.4729999899864197,15239664,0.0,0.0,0.0
2025-06-03 00:00:00+03:00,0.4729999899864197,0.49799999594688416,0.47099998593330383,0.4869999885559082,13603287,0.0,0.0,0.0
2025-06-04 00:00:00+03:00,0.4869999885559082,0.5199999809265137,0.48500001430511475,0.5059999823570251,51707087,0.0,0.0,0.0
2025-06-10 00:00:00+03:00,0.5059999823570251,0.5260000228881836,0.5080000162124634,0.5220000147819519,32320631,0.0,0.0,0.0
2025-06-11 00:00:00+03:00,0.5220000147819519,0.546999990940094,0.5220000147819519,0.5419999957084656,24459488,0.0,0.0,0.0
2025-06-12 00:00:00+03:00,0.5419999957084656,0.5419999957084656,0.5149999856948853,0.5289999842643738,33556311,0.0,0.0,0.0
2025-06-15 00:00:00+03:00,0.5289999842643738,0.5099999904632568,0.4699999988079071,0.5009999871253967,13918675,0.0,0.0,0.0
2025-06-16 00:00:00+03:00,0.5009999871253967,0.5139999985694885,0.49000000953674316,0.49399998784065247,7231532,0.0,0.0,0.0
2025-06-17 00:00:00+03:00,0.49399998784065247,0.5040000081062317,0.4699999988079071,0.4699999988079071,14446375,0.0,0.0,0.0
2025-06-18 00:00:00+03:00,0.4699999988079071,0.5,0.4650000035762787,0.4880000054836273,8754811,0.0,0.0,0.0
2025-06-19 00:00:00+03:00,0.4880000054836273,0.4950000047683716,0.4519999921321869,0.46000000834465027,15771968,0.0,0.0,0.0
2025-06-22 00:00:00+03:00,0.46000000834465027,0.4740000069141388,0.44200000166893005,0.46799999475479126,12645291,0.0,0.0,0.0
2025-06-23 00:00:00+03:00,0.46799999475479126,0.48899999260902405,0.4690000116825104,0.48100000619888306,10478056,0.0,0.0,0.0
2025-06-24 00:00:00+03:00,0.48100000619888306,0.5090000033378601,0.4860000014305115,0.4869999885559082,21956425,0.0,0.0,0.0
2025-06-25 00:00:00+03:00,0.4869999885559082,0.4959999918937683,0.48100000619888306,0.49300000071525574,12786309,0.0,0.0,0.0
2025-06-29 00:00:00+03:00,0.49300000071525574,0.5040000081062317,0.4880000054836273,0.49300000071525574,21794473,0.0,0.0,0.0
2025-06-30 00:00:00+03:00,0.49300000071525574,0.5099999904632568,0.48500001430511475,0.49000000953674316,23300725,0.0,0.0,0.0
2025-07-01 00:00:00+03:00,0.49000000953674316,0.49799999594688416,0.4690000116825104,0.4729999899864197,27158568,0.0,0.0,0.0
2025-07-02 00:00:00+03:00,0.4729999899864197,0.4819999933242798,0.47099998593330383,0.47600001096725464,6188108,0.0,0.0,0.0
2025-07-06 00:00:00+03:00,0.47600001096725464,0.48500001430511475,0.47699999809265137,0.47699999809265137,10719237,0.0,0.0,0.0
2025-07-07 00:00:00+03:00,0.47699999809265137,0.492000013589859,0.4749999940395355,0.4779999852180481,14703509,0.0,0.0,0.0
2025-07-09 00:00:00+03:00,0.4779999852180481,0.4830000102519989,0.4749999940395355,0.47600001096725464,3013272,0.0,0.0,0.0
2025-07-10 00:00:00+03:00,0.47600001096725464,0.47999998927116394,0.47200000286102295,0.4740000069141388,6019685,0.0,0.0,0.0
2025-07-13 00:00:00+03:00,0.4740000069141388,0.47600001096725464,0.46399998664855957,0.4650000035762787,12313354,0.0,0.0,0.0
2025-07-14 00:00:00+03:00,0.4650000035762787,0.46799999475479126,0.45500001311302185,0.4569999873638153,6888083,0.0,0.0,0.0
2025-07-15 00:00:00+03:00,0.4569999873638153,0.49000000953674316,0.4569999873638153,0.4699999988079071,19276376,0.0,0.0,0.0
2025-07-16 00:00:00+03:00,0.4699999988079071,0.4749999940395355,0.46000000834465027,0.46299999952316284,4305407,0.0,0.0,0.0
2025-07-17 00:00:00+03:00,0.46299999952316284,0.46799999475479126,0.460999995470047,0.460999995470047,2120432,0.0,0.0,0.0
2025-07-20 00:00:00+03:00,0.460999995470047,0.46799999475479126,0.4580000042915344,0.4620000123977661,15423859,0.0,0.0,0.0
2025-07-21 00:00:00+03:00,0.4620000123977661,0.4659999907016754,0.46000000834465027,0.46000000834465027,14148105,0.0,0.0,0.0
2025-07-22 00:00:00+03:00,0.46000000834465027,0.46299999952316284,0.4560000002384186,0.4560000002384186,5203332,0.0,0.0,0.0
2025-07-23 00:00:00+03:00,0.4560000002384186,0.4560000002384186,0.4560000002384186,0.4560000002384186,0,0.0,0.0,0.0
2025-07-27 00:00:00+03:00,0.44999998807907104,0.45500001311302185,0.4309999942779541,0.4410000145435333,13176311,0.0,0.0,0.0
2025-07-28 00:00:00+03:00,0.4410000145435333,0.45100000500679016,0.4399999976158142,0.4399999976158142,6924291,0.0,0.0,0.0
2025-07-29 00:00:00+03:00,0.4399999976158142,0.4749999940395355,0.43799999356269836,0.47200000286102295,40579198,0.0,0.0,0.0
2025-07-30 00:00:00+03:00,0.47200000286102295,0.47999998927116394,0.44999998807907104,0.4659999907016754,25110585,0.0,0.0,0.0
2025-07-31 00:00:00+03:00,0.4659999907016754,0.4729999899864197,0.4480000138282776,0.44999998807907104,21074521,0.0,0.0,0.0
2025-08-03 00:00:00+03:00,0.44999998807907104,0.44999998807907104,0.44999998807907104,0.44999998807907104,0,0.0,0.0,0.0
2025-08-04 00:00:00+03:00,0.44999998807907104,0.44999998807907104,0.44999998807907104,0.44999998807907104,0,0.0,0.0,0.0
2025-08-05 00:00:00+03:00,0.44999998807907104,0.44999998807907104,0.44999998807907104,0.44999998807907104,0,0.0,0.0,0.0
2025-08-06 00:00:00+03:00,0.44999998807907104,0.44999998807907104,0.44999998807907104,0.44999998807907104,0,0.0,0.0,0.0
2025-08-07 00:00:00+03:00,0.44999998807907104,0.44999998807907104,0.44999998807907104,0.44999998807907104,0,0.0,0.0,0.0
2025-08-10 00:00:00+03:00,0.4410000145435333,0.44699999690055847,0.4350000023841858,0.4429999887943268,11056396,0.0,0.0,0.0
2025-08-11 00:00:00+03:00,0.4429999887943268,0.45500001311302185,0.4350000023841858,0.4350000023841858,9407312,0.0,0.0,0.0
2025-08-12 00:00:00+03:00,0.4350000023841858,0.4399999976158142,0.4309999942779541,0.43700000643730164,8293345,0.0,0.0,0.0
2025-08-13 00:00:00+03:00,0.43700000643730164,0.4410000145435333,0.4339999854564667,0.4359999895095825,3072804,0.0,0.0,0.0
2025-08-14 00:00:00+03:00,0.4359999895095825,0.4399999976158142,0.43299999833106995,0.43299999833106995,3448128,0.0,0.0,0.0
2025-08-17 00:00:00+03:00,0.43299999833106995,0.43799999356269836,0.4320000112056732,0.4339999854564667,6289584,0.0,0.0,0.0
2025-08-18 00:00:00+03:00,0.4339999854564667,0.43799999356269836,0.4259999990463257,0.4269999861717224,8080184,0.0,0.0,0.0
2025-08-19 00:00:00+03:00,0.4269999861717224,0.4339999854564667,0.42500001192092896,0.43299999833106995,12528042,0.0,0.0,0.0
2025-08-20 00:00:00+03:00,0.43299999833106995,0.4699999988079071,0.4339999854564667,0.45899999141693115,68003371,0.0,0.0,0.0
2025-08-21 00:00:00+03:00,0.45899999141693115,0.46399998664855957,0.45100000500679016,0.45899999141693115,12352079,0.0,0.0,0.0
2025-08-24 00:00:00+03:00,0.45899999141693115,0.4650000035762787,0.4519999921321869,0.453000009059906,16441637,0.0,0.0,0.0
2025-08-25 00:00:00+03:00,0.453000009059906,0.4580000042915344,0.4390000104904175,0.4399999976158142,16510104,0.0,0.0,0.0
2025-08-26 00:00:00+03:00,0.4399999976158142,0.4449999928474426,0.4350000023841858,0.43700000643730164,14718565,0.0,0.0,0.0
2025-08-27 00:00:00+03:00,0.43700000643730164,0.4480000138282776,0.4359999895095825,0.4440000057220459,21790804,0.0,0.0,0.0
2025-08-28 00:00:00+03:00,0.4440000057220459,0.47099998593330383,0.44999998807907104,0.46399998664855957,59284163,0.0,0.0,0.0
2025-08-31 00:00:00+03:00,0.46399998664855957,0.5049999952316284,0.46700000762939453,0.49000000953674316,109042230,0.0,0.0,0.0
2025-09-01 00:00:00+03:00,0.49000000953674316,0.4959999918937683,0.47600001096725464,0.48899999260902405,23504754,0.0,0.0,0.0
2025-09-02 00:00:00+03:00,0.48899999260902405,0.5130000114440918,0.48500001430511475,0.5049999952316284,58486423,0.0,0.0,0.0
2025-09-03 00:00:00+03:00,0.5049999952316284,0.5410000085830688,0.5099999904632568,0.5400000214576721,57947505,0.0,0.0,0.0
2025-09-07 00:00:00+03:00,0.5400000214576721,0.5699999928474426,0.5350000262260437,0.5699999928474426,55597166,0.0,0.0,0.0
2025-09-08 00:00:00+03:00,0.5699999928474426,0.5839999914169312,0.5550000071525574,0.5720000267028809,54725665,0.0,0.0,0.0
2025-09-09 00:00:00+03:00,0.5720000267028809,0.574999988079071,0.5519999861717224,0.5649999976158142,28906503,0.0,0.0,0.0
2025-09-10 00:00:00+03:00,0.5649999976158142,0.5699999928474426,0.5569999814033508,0.5600000023841858,23988809,0.0,0.0,0.0
2025-09-11 00:00:00+03:00,0.5600000023841858,0.5649999976158142,0.5490000247955322,0.550000011920929,22676313,0.0,0.0,0.0
2025-09-14 00:00:00+03:00,0.550000011920929,0.5590000152587891,0.5389999747276306,0.5400000214576721,14179872,0.0,0.0,0.0
2025-09-15 00:00:00+03:00,0.5400000214576721,0.5450000166893005,0.4399999976158142,0.5210000276565552,30322623,0.0,0.0,0.0
2025-09-16 00:00:00+03:00,0.5210000276565552,0.5239999890327454,0.4950000047683716,0.5049999952316284,19660420,0.0,0.0,0.0
2025-09-17 00:00:00+03:00,0.5049999952316284,0.5299999713897705,0.49799999594688416,0.5199999809265137,36842854,0.0,0.0,0.0
2025-09-18 00:00:00+03:00,0.5199999809265137,0.6200000047683716,0.5,0.503000020980835,20160945,0.0,0.0,0.0
2025-09-21 00:00:00+03:00,0.503000020980835,0.5099999904632568,0.48399999737739563,0.4950000047683716,28066029,0.0,0.0,0.0
2025-09-22 00:00:00+03:00,0.4950000047683716,0.49900001287460327,0.4779999852180481,0.492000013589859,16983746,0.0,0.0,0.0
2025-09-23 00:00:00+03:00,0.492000013589859,0.5049999952316284,0.4869999885559082,0.4909999966621399,11409251,0.0,0.0,0.0
2025-09-24 00:00:00+03:00,0.4909999966621399,0.5080000162124634,0.49000000953674316,0.5019999742507935,6772945,0.0,0.0,0.0
2025-09-25 00:00:00+03:00,0.5019999742507935,0.5170000195503235,0.5009999871253967,0.5090000033378601,24474948,0.0,0.0,0.0
2025-09-28 00:00:00+03:00,0.5090000033378601,0.5180000066757202,0.503000020980835,0.5180000066757202,8283335,0.0,0.0,0.0
2025-09-29 00:00:00+03:00,0.5180000066757202,0.5350000262260437,0.5149999856948853,0.5189999938011169,21569391,0.0,0.0,0.0
2025-09-30 00:00:00+03:00,0.5189999938011169,0.5450000166893005,0.5189999938011169,0.5400000214576721,99267851,0.0,0.0,0.0
2025-10-01 00:00:00+03:00,0.5400000214576721,0.5559999942779541,0.5350000262260437,0.5490000247955322,77259002,0.0,0.0,0.0
2025-10-02 00:00:00+03:00,0.5490000247955322,0.5490000247955322,0.5329999923706055,0.5440000295639038,33888306,0.0,0.0,0.0
2025-10-05 00:00:00+03:00,0.5440000295639038,0.546999990940094,0.5350000262260437,0.5440000295639038,26317942,0.0,0.0,0.0
2025-10-06 00:00:00+03:00,0.5440000295639038,0.5509999990463257,0.5370000004768372,0.5450000166893005,20744130,0.0,0.0,0.0
2025-10-07 00:00:00+03:00,0.5450000166893005,0.5450000166893005,0.5149999856948853,0.5320000052452087,23650006,0.0,0.0,0.0
2025-10-08 00:00:00+03:00,0.5320000052452087,0.5339999794960022,0.5189999938011169,0.5299999713897705,20600308,0.0,0.0,0.0
2025-10-12 00:00:00+03:00,0.5299999713897705,0.5490000247955322,0.5220000147819519,0.5220000147819519,97639088,0.0,0.0,0.0
2025-10-13 00:00:00+03:00,0.5220000147819519,0.5400000214576721,0.5239999890327454,0.5320000052452087,45339664,0.0,0.0,0.0
2025-10-14 00:00:00+03:00,0.5320000052452087,0.597000002861023,0.5339999794960022,0.5799999833106995,140638612,0.0,0.0,0.0
2025-10-15 00:00:00+03:00,0.5799999833106995,0.593999981880188,0.5720000267028809,0.593999981880188,88740714,0.0,0.0,0.0
2025-10-16 00:00:00+03:00,0.593999981880188,0.6039999723434448,0.5770000219345093,0.5799999833106995,101429120,0.0,0.0,0.0
2025-10-19 00:00:00+03:00,0.5799999833106995,0.5860000252723694,0.5659999847412109,0.5799999833106995,152194099,0.0,0.0,0.0
2025-10-20 00:00:00+03:00,0.5799999833106995,0.5879999995231628,0.5730000138282776,0.578000009059906,23300671,0.0,0.0,0.0
2025-10-21 00:00:00+03:00,0.578000009059906,0.6069999933242798,0.5770000219345093,0.593999981880188,132027749,0.0,0.0,0.0
2025-10-22 00:00:00+03:00,0.593999981880188,0.5989999771118164,0.5879999995231628,0.5889999866485596,38283730,0.0,0.0,0.0
2025-10-23 00:00:00+03:00,0.5889999866485596,0.6150000095367432,0.5889999866485596,0.6050000190734863,70846571,0.0,0.0,0.0
2025-10-26 00:00:00+03:00,0.6050000190734863,0.625,0.6069999933242798,0.625,47148453,0.0,0.0,0.0
2025-10-27 00:00:00+03:00,0.625,0.6399999856948853,0.609000027179718,0.6150000095367432,52407352,0.0,0.0,0.0
2025-10-28 00:00:00+03:00,0.6150000095367432,0.6179999709129333,0.6060000061988831,0.6100000143051147,23902432,0.0,0.0,0.0
2025-10-29 00:00:00+03:00,0.6100000143051147,0.621999979019165,0.6039999723434448,0.6200000047683716,26350470,0.0,0.0,0.0
2025-10-30 00:00:00+03:00,0.6200000047683716,0.6370000243186951,0.6010000109672546,0.6359999775886536,99472261,0.0,0.0,0.0
2025-11-02 00:00:00+02:00,0.6359999775886536,0.6399999856948853,0.621999979019165,0.6370000243186951,32916704,0.0,0.0,0.0
2025-11-03 00:00:00+02:00,0.6370000243186951,0.6899999976158142,0.6269999742507935,0.6790000200271606,111077405,0.0,0.0,0.0
2025-11-04 00:00:00+02:00,0.6790000200271606,0.6800000071525574,0.6610000133514404,0.6679999828338623,36454560,0.0,0.0,0.0
2025-11-05 00:00:00+02:00,0.6679999828338623,0.6850000023841858,0.6660000085830688,0.6800000071525574,33791801,0.0,0.0,0.0
2025-11-06 00:00:00+02:00,0.6800000071525574,0.6919999718666077,0.6710000038146973,0.6779999732971191,42176406,0.0,0.0,0.0
2025-11-09 00:00:00+02:00,0.6779999732971191,0.7099999785423279,0.6779999732971191,0.6980000138282776,45128268,0.0,0.0,0.0
2025-11-10 00:00:00+02:00,0.6980000138282776,0.7009999752044678,0.6880000233650208,0.6970000267028809,31770763,0.0,0.0,0.0
2025-11-11 00:00:00+02:00,0.6970000267028809,0.703000009059906,0.6850000023841858,0.6859999895095825,28170351,0.0,0.0,0.0
2025-11-12 00:00:00+02:00,0.6859999895095825,0.6890000104904175,0.6809999942779541,0.6840000152587891,12199661,0.0,0.0,0.0
2025-11-13 00:00:00+02:00,0.6840000152587891,0.699999988079071,0.6809999942779541,0.6949999928474426,20487123,0.0,0.0,0.0
2025-11-16 00:00:00+02:00,0.6949999928474426,0.765999972820282,0.6899999976158142,0.765999972820282,83546196,0.0,0.0,0.0
2025-11-17 00:00:00+02:00,0.765999972820282,0.75,0.7009999752044678,0.7429999709129333,36591396,0.0,0.0,0.0
2025-11-18 00:00:00+02:00,0.7429999709129333,0.7590000033378601,0.7289999723434448,0.7400000095367432,16804149,0.0,0.0,0.0
2025-11-19 00:00:00+02:00,0.7400000095367432,0.7590000033378601,0.7319999933242798,0.7490000128746033,74197052,0.0,0.0,0.0
2025-11-20 00:00:00+02:00,0.7490000128746033,0.7590000033378601,0.734000027179718,0.7409999966621399,22358546,0.0,0.0,0.0
2025-11-23 00:00:00+02:00,0.7409999966621399,0.7490000128746033,0.7379999756813049,0.7440000176429749,26258278,0.0,0.0,0.0
2025-11-24 00:00:00+02:00,0.7440000176429749,0.7710000276565552,0.7459999918937683,0.7540000081062317,79985770,0.0,0.0,0.0
2025-11-25 00:00:00+02:00,0.7540000081062317,0.7620000243186951,0.7369999885559082,0.7390000224113464,44606204,0.0,0.0,0.0
2025-11-26 00:00:00+02:00,0.7390000224113464,0.75,0.7260000109672546,0.7350000143051147,19658793,0.0,0.0,0.0
2025-11-27 00:00:00+02:00,0.7350000143051147,0.7649999856948853,0.7300000190734863,0.7400000095367432,34190966,0.0,0.0,0.0
2025-11-30 00:00:00+02:00,0.7400000095367432,0.7450000047683716,0.7289999723434448,0.7400000095367432,30371154,0.0,0.0,0.0
2025-12-01 00:00:00+02:00,0.7400000095367432,0.796999990940094,0.7419999837875366,0.7960000038146973,121231358,0.0,0.0,0.0
2025-12-02 00:00:00+02:00,0.7960000038146973,0.8270000219345093,0.7860000133514404,0.824999988079071,91390758,0.0,0.0,0.0
2025-12-03 00:00:00+02:00,0.824999988079071,0.8479999899864197,0.8059999942779541,0.8289999961853027,40455331,0.0,0.0,0.0
2025-12-04 00:00:00+02:00,0.8289999961853027,0.875,0.8100000023841858,0.8709999918937683,45719942,0.0,0.0,0.0
2025-12-07 00:00:00+02:00,0.8709999918937683,0.8650000095367432,0.8360000252723694,0.8450000286102295,81616187,0.0,0.0,0.0
2025-12-08 00:00:00+02:00,0.8450000286102295,0.843999981880188,0.8220000267028809,0.8299999833106995,13818357,0.0,0.0,0.0
2025-12-09 00:00:00+02:00,0.8299999833106995,0.8569999933242798,0.824999988079071,0.8550000190734863,25136695,0.0,0.0,0.0
2025-12-10 00:00:00+02:00,0.8550000190734863,0.8759999871253967,0.8460000157356262,0.8640000224113464,36563661,0.0,0.0,0.0
2025-12-11 00:00:00+02:00,0.8640000224113464,0.8799999952316284,0.8569999933242798,0.8799999952316284,43550349,0.0,0.0,0.0
2025-12-14 00:00:00+02:00,0.8799999952316284,0.9100000262260437,0.875,0.906000018119812,99974454,0.0,0.0,0.0
2025-12-15 00:00:00+02:00,0.906000018119812,0.9190000295639038,0.8930000066757202,0.9169999957084656,84821984,0.0,0.0,0.0
2025-12-16 00:00:00+02:00,0.9169999957084656,0.9259999990463257,0.8980000019073486,0.9020000100135803,30850329,0.0,0.0,0.0
2025-12-17 00:00:00+02:00,0.9020000100135803,0.9089999794960022,0.8859999775886536,0.8899999856948853,30848773,0.0,0.0,0.0
2025-12-18 00:00:00+02:00,0.8899999856948853,0.9089999794960022,0.890999972820282,0.8970000147819519,21635625,0.0,0.0,0.0
2025-12-21 00:00:00+02:00,0.8970000147819519,0.9890000224113464,0.8930000066757202,0.9890000224113464,32515221,0.0,0.0,0.0
2025-12-22 00:00:00+02:00,0.9890000224113464,0.9620000123977661,0.9279999732971191,0.9480000138282776,34111688,0.0,0.0,0.0
2025-12-23 00:00:00+02:00,0.9480000138282776,0.9470000267028809,0.8420000076293945,0.843999981880188,88274774,0.0,0.0,0.0
2025-12-24 00:00:00+02:00,0.843999981880188,0.843999981880188,0.8019999861717224,0.8330000042915344,31808052,0.0,0.0,0.0
2025-12-25 00:00:00+02:00,0.8330000042915344,0.847000002861023,0.8199999928474426,0.8320000171661377,40457906,0.0,0.0,0.0
2025-12-28 00:00:00+02:00,0.8320000171661377,0.8500000238418579,0.8309999704360962,0.8399999737739563,21258694,0.0,0.0,0.0
2025-12-29 00:00:00+02:00,0.8399999737739563,0.8629999756813049,0.8330000042915344,0.847000002861023,10489620,0.0,0.0,0.0
2025-12-30 00:00:00+02:00,0.847000002861023,0.8569999933242798,0.8360000252723694,0.8500000238418579,21071700,0.0,0.0,0.0
2025-12-31 00:00:00+02:00,0.8500000238418579,0.8539999723434448,0.8309999704360962,0.8519999980926514,6626280,0.0,0.0,0.0
2026-01-04 00:00:00+02:00,0.8519999980926514,0.8510000109672546,0.8349999785423279,0.8379999995231628,2088978,0.0,0.0,0.0
2026-01-05 00:00:00+02:00,0.8379999995231628,0.8519999980926514,0.824999988079071,0.8500000238418579,7650602,0.0,0.0,0.0
2026-01-06 00:00:00+02:00,0.8500000238418579,0.8629999756813049,0.8370000123977661,0.8619999885559082,13655523,0.0,0.0,0.0
2026-01-08 00:00:00+02:00,0.8619999885559082,0.8690000176429749,0.8550000190734863,0.8659999966621399,6104044,0.0,0.0,0.0
2026-01-11 00:00:00+02:00,0.8659999966621399,0.8769999742507935,0.8550000190734863,0.8690000176429749,5445149,0.0,0.0,0.0
2026-01-12 00:00:00+02:00,0.8690000176429749,0.8859999775886536,0.8610000014305115,0.8730000257492065,17511619,0.0,0.0,0.0
2026-01-13 00:00:00+02:00,0.8730000257492065,0.8790000081062317,0.8339999914169312,0.8370000123977661,5406273,0.0,0.0,0.0
2026-01-14 00:00:00+02:00,0.8370000123977661,0.8880000114440918,0.8339999914169312,0.8510000109672546,6468231,0.0,0.0,0.0
2026-01-15 00:00:00+02:00,0.8510000109672546,0.8690000176429749,0.8009999990463257,0.8309999704360962,18813289,0.0,0.0,0.0
2026-01-18 00:00:00+02:00,0.8309999704360962,0.8550000190734863,0.8320000171661377,0.8500000238418579,6884652,0.0,0.0,0.0
2026-01-19 00:00:00+02:00,0.8500000238418579,0.8769999742507935,0.8429999947547913,0.8690000176429749,8556940,0.0,0.0,0.0
2026-01-20 00:00:00+02:00,0.8690000176429749,0.9190000295639038,0.8690000176429749,0.9079999923706055,41708754,0.0,0.0,0.0
2026-01-21 00:00:00+02:00,0.9079999923706055,0.9290000200271606,0.8949999809265137,0.9279999732971191,15200998,0.0,0.0,0.0
2026-01-22 00:00:00+02:00,0.9279999732971191,0.9449999928474426,0.9179999828338623,0.9190000295639038,16697001,0.0,0.0,0.0
2026-01-25 00:00:00+02:00,0.9190000295639038,0.9380000233650208,0.9100000262260437,0.9350000023841858,12586762,0.0,0.0,0.0
2026-01-26 00:00:00+02:00,0.9350000023841858,0.9700000286102295,0.921999990940094,0.9440000057220459,21313618,0.0,0.0,0.0
2026-01-27 00:00:00+02:00,0.9440000057220459,0.9649999737739563,0.9240000247955322,0.949999988079071,24054974,0.0,0.0,0.0
2026-01-28 00:00:00+02:00,0.949999988079071,0.9819999933242798,0.9300000071525574,0.9750000238418579,13527618,0.0,0.0,0.0
2026-02-01 00:00:00+02:00,0.9750000238418579,0.9800000190734863,0.949999988079071,0.9610000252723694,1334992,0.0,0.0,0.0
2026-02-02 00:00:00+02:00,0.9610000252723694,0.9789999723434448,0.953000009059906,0.9639999866485596,11040922,0.0,0.0,0.0
2026-02-03 00:00:00+02:00,0.9639999866485596,0.9710000157356262,0.949999988079071,0.9700000286102295,42124200,0.0,0.0,0.0
2026-02-04 00:00:00+02:00,0.9700000286102295,0.9789999723434448,0.9409999847412109,0.953000009059906,12926143,0.0,0.0,0.0
