Date,Open,High,Low,Close,Volume,Dividends,Stock Splits,Capital Gains
2021-01-03 00:00:00+02:00,0.1452299952507019,0.14601300656795502,0.14366300404071808,0.14470699429512024,133156522,0.0,0.0,0.0
2021-01-04 00:00:00+02:00,0.14470699429512024,0.14496900141239166,0.14105099439620972,0.1423570066690445,139901129,0.0,0.0,0.0
2021-01-05 00:00:00+02:00,0.1423570066690445,0.14444600045681,0.14000600576400757,0.14209499955177307,134614707,0.0,0.0,0.0
2021-01-06 00:00:00+02:00,0.14209499955177307,0.14444600045681,0.14209499955177307,0.14340099692344666,132116736,0.0,0.0,0.0
2021-01-10 00:00:00+02:00,0.14340099692344666,0.14549100399017334,0.1431400030851364,0.14392399787902832,151520976,0.0,0.0,0.0
2021-01-11 00:00:00+02:00,0.14392399787902832,0.1452299952507019,0.1431400030851364,0.14418500661849976,93640591,0.0,0.0,0.0
2021-01-12 00:00:00+02:00,0.14418500661849976,0.14575199782848358,0.1423570066690445,0.14418500661849976,124188992,0.0,0.0,0.0
2021-01-13 00:00:00+02:00,0.14418500661849976,0.1481029987335205,0.14418500661849976,0.14627499878406525,375704920,0.0,0.0,0.0
2021-01-14 00:00:00+02:00,0.14627499878406525,0.14627499878406525,0.14418500661849976,0.14496900141239166,114984151,0.0,0.0,0.0
2021-01-17 00:00:00+02:00,0.14496900141239166,0.14549100399017334,0.14340099692344666,0.14392399787902832,81327846,0.0,0.0,0.0
2021-01-18 00:00:00+02:00,0.14392399787902832,0.14444600045681,0.1407890021800995,0.1423570066690445,102071456,0.0,0.0,0.0
2021-01-19 00:00:00+02:00,0.1423570066690445,0.14287899434566498,0.1407890021800995,0.14209499955177307,78148155,0.0,0.0,0.0
2021-01-20 00:00:00+02:00,0.14209499955177307,0.14967000484466553,0.14366300404071808,0.14758099615573883,444913385,0.0,0.0,0.0
2021-01-21 00:00:00+02:00,0.14758099615573883,0.15123799443244934,0.1465359926223755,0.14888699352741241,272249920,0.0,0.0,0.0
2021-01-24 00:00:00+02:00,0.14888699352741241,0.14888699352741241,0.14627499878406525,0.14758099615573883,209579202,0.0,0.0,0.0
2021-01-25 00:00:00+02:00,0.14758099615573883,0.14758099615573883,0.14758099615573883,0.14758099615573883,0,0.0,0.0,0.0
2021-01-26 00:00:00+02:00,0.15071499347686768,0.15254400670528412,0.14862500131130219,0.1509760022163391,284405281,0.0,0.0,0.0
2021-01-27 00:00:00+02:00,0.1509760022163391,0.15254400670528412,0.14993199706077576,0.1509760022163391,127856165,0.0,0.0,0.0
2021-01-31 00:00:00+02:00,0.1509760022163391,0.1501930058002472,0.14705799520015717,0.14836399257183075,124958712,0.0,0.0,0.0
2021-02-01 00:00:00+02:00,0.14836399257183075,0.14993199706077576,0.14627499878406525,0.14758099615573883,196973040,0.0,0.0,0.0
2021-02-02 00:00:00+02:00,0.14758099615573883,0.14888699352741241,0.14679700136184692,0.14784200489521027,137061577,0.0,0.0,0.0
2021-02-03 00:00:00+02:00,0.14784200489521027,0.1501930058002472,0.1465359926223755,0.1481029987335205,137422373,0.0,0.0,0.0
2021-02-04 00:00:00+02:00,0.1481029987335205,0.14784200489521027,0.14549100399017334,0.14679700136184692,131558222,0.0,0.0,0.0
2021-02-07 00:00:00+02:00,0.14679700136184692,0.16273100674152374,0.1501930058002472,0.15776799619197845,745629232,0.0,0.0,0.0
2021-02-08 00:00:00+02:00,0.15776799619197845,0.1773580014705658,0.16325299441814423,0.16978299617767334,1245910181,0.0,0.0,0.0
2021-02-09 00:00:00+02:00,0.16978299617767334,0.1695220023393631,0.164559006690979,0.16717100143432617,549840497,0.0,0.0,0.0
2021-02-10 00:00:00+02:00,0.16717100143432617,0.17135000228881836,0.1666489988565445,0.16899999976158142,630250947,0.0,0.0,0.0
2021-02-11 00:00:00+02:00,0.16899999976158142,0.16899999976158142,0.16899999976158142,0.16899999976158142,0,0.0,0.0,0.0
2021-02-14 00:00:00+02:00,0.16899999976158142,0.16899999976158142,0.16899999976158142,0.16899999976158142,0,0.0,0.0,0.0
2021-02-15 00:00:00+02:00,0.16899999976158142,0.16899999976158142,0.16899999976158142,0.16899999976158142,0,0.0,0.0,0.0
2021-02-16 00:00:00+02:00,0.16899999976158142,0.16899999976158142,0.16899999976158142,0.16899999976158142,0,0.0,0.0,0.0
2021-02-17 00:00:00+02:00,0.16899999976158142,0.27300000190734863,0.22599999606609344,0.25600001215934753,468214785,0.0,0.0,0.0
2021-02-18 00:00:00+02:00,0.25600001215934753,0.2750000059604645,0.25699999928474426,0.2669999897480011,211602930,0.0,0.0,0.0
2021-02-21 00:00:00+02:00,0.2669999897480011,0.27000001072883606,0.2540000081062317,0.26100000739097595,110680835,0.0,0.0,0.0
2021-02-22 00:00:00+02:00,0.26100000739097595,0.2590000033378601,0.25099998712539673,0.2540000081062317,97537203,0.0,0.0,0.0
2021-02-23 00:00:00+02:00,0.2540000081062317,0.25600001215934753,0.23499999940395355,0.24400000274181366,75160985,0.0,0.0,0.0
2021-02-24 00:00:00+02:00,0.24400000274181366,0.24300000071525574,0.23199999332427979,0.23899999260902405,66529715,0.0,0.0,0.0
2021-02-25 00:00:00+02:00,0.23899999260902405,0.2549999952316284,0.24199999868869781,0.24699999392032623,124763755,0.0,0.0,0.0
2021-02-28 00:00:00+02:00,0.24699999392032623,0.2709999978542328,0.24799999594688416,0.26499998569488525,255617317,0.0,0.0,0.0
2021-03-01 00:00:00+02:00,0.26499998569488525,0.2709999978542328,0.25999999046325684,0.2639999985694885,72112368,0.0,0.0,0.0
2021-03-02 00:00:00+02:00,0.2639999985694885,0.27000001072883606,0.25600001215934753,0.2630000114440918,76821792,0.0,0.0,0.0
2021-03-03 00:00:00+02:00,0.2630000114440918,0.27000001072883606,0.24300000071525574,0.2590000033378601,117012871,0.0,0.0,0.0
2021-03-04 00:00:00+02:00,0.2590000033378601,0.2590000033378601,0.2590000033378601,0.2590000033378601,0,0.0,0.0,0.0
2021-03-07 00:00:00+02:00,0.26600000262260437,0.28999999165534973,0.26600000262260437,0.28299999237060547,97647398,0.0,0.0,0.0
2021-03-08 00:00:00+02:00,0.28299999237060547,0.28999999165534973,0.2759999930858612,0.28299999237060547,46992299,0.0,0.0,0.0
2021-03-09 00:00:00+02:00,0.28299999237060547,0.28999999165534973,0.27900001406669617,0.2849999964237213,46924244,0.0,0.0,0.0
2021-03-10 00:00:00+02:00,0.2849999964237213,0.31299999356269836,0.27399998903274536,0.29899999499320984,170052083,0.0,0.0,0.0
2021-03-11 00:00:00+02:00,0.29899999499320984,0.328000009059906,0.30399999022483826,0.3149999976158142,196494115,0.0,0.0,0.0
2021-03-14 00:00:00+02:00,0.3149999976158142,0.3140000104904175,0.296999990940094,0.3070000112056732,121747004,0.0,0.0,0.0
2021-03-15 00:00:00+02:00,0.3070000112056732,0.3179999887943268,0.2939999997615814,0.3050000071525574,73257541,0.0,0.0,0.0
2021-03-16 00:00:00+02:00,0.3050000071525574,0.3140000104904175,0.29100000858306885,0.3019999861717224,62378690,0.0,0.0,0.0
2021-03-17 00:00:00+02:00,0.3019999861717224,0.31700000166893005,0.3009999990463257,0.3100000023841858,49365435,0.0,0.0,0.0
2021-03-18 00:00:00+02:00,0.3100000023841858,0.3190000057220459,0.3009999990463257,0.3100000023841858,95819674,0.0,0.0,0.0
2021-03-21 00:00:00+02:00,0.3100000023841858,0.3240000009536743,0.3059999942779541,0.3149999976158142,68243460,0.0,0.0,0.0
2021-03-22 00:00:00+02:00,0.3149999976158142,0.3100000023841858,0.2849999964237213,0.2980000078678131,52173465,0.0,0.0,0.0
2021-03-23 00:00:00+02:00,0.2980000078678131,0.29899999499320984,0.2709999978542328,0.2849999964237213,95246629,0.0,0.0,0.0
2021-03-24 00:00:00+02:00,0.2849999964237213,0.2980000078678131,0.2849999964237213,0.28999999165534973,47294458,0.0,0.0,0.0
2021-03-25 00:00:00+02:00,0.28999999165534973,0.2930000126361847,0.28299999237060547,0.2879999876022339,34881784,0.0,0.0,0.0
2021-03-28 00:00:00+02:00,0.2879999876022339,0.2930000126361847,0.2840000092983246,0.2879999876022339,50309332,0.0,0.0,0.0
2021-03-29 00:00:00+02:00,0.2879999876022339,0.29499998688697815,0.28700000047683716,0.29100000858306885,62152549,0.0,0.0,0.0
2021-03-30 00:00:00+02:00,0.29100000858306885,0.3140000104904175,0.28999999165534973,0.2980000078678131,87897762,0.0,0.0,0.0
2021-03-31 00:00:00+02:00,0.2980000078678131,0.29899999499320984,0.2879999876022339,0.2919999957084656,57009575,0.0,0.0,0.0
2021-04-01 00:00:00+02:00,0.2919999957084656,0.29499998688697815,0.2849999964237213,0.28999999165534973,28951210,0.0,0.0,0.0
2021-04-04 00:00:00+02:00,0.28999999165534973,0.2879999876022339,0.2759999930858612,0.2809999883174896,28480553,0.0,0.0,0.0
2021-04-05 00:00:00+02:00,0.2809999883174896,0.2800000011920929,0.2590000033378601,0.2680000066757202,46528601,0.0,0.0,0.0
2021-04-06 00:00:00+02:00,0.2680000066757202,0.27000001072883606,0.2529999911785126,0.2630000114440918,35193237,0.0,0.0,0.0
2021-04-07 00:00:00+02:00,0.2630000114440918,0.2669999897480011,0.257999986410141,0.2639999985694885,22507766,0.0,0.0,0.0
2021-04-08 00:00:00+02:00,0.2639999985694885,0.2750000059604645,0.2619999945163727,0.26899999380111694,38482114,0.0,0.0,0.0
2021-04-11 00:00:00+02:00,0.26899999380111694,0.28200000524520874,0.2680000066757202,0.2759999930858612,60321667,0.0,0.0,0.0
2021-04-12 00:00:00+02:00,0.2759999930858612,0.2849999964237213,0.2759999930858612,0.2809999883174896,61216155,0.0,0.0,0.0
2021-04-13 00:00:00+02:00,0.2809999883174896,0.28299999237060547,0.26600000262260437,0.27300000190734863,60683840,0.0,0.0,0.0
2021-04-14 00:00:00+02:00,0.27300000190734863,0.2750000059604645,0.25,0.25999999046325684,59665701,0.0,0.0,0.0
2021-04-15 00:00:00+02:00,0.25999999046325684,0.2709999978542328,0.2540000081062317,0.26100000739097595,49674412,0.0,0.0,0.0
2021-04-18 00:00:00+02:00,0.26100000739097595,0.2669999897480011,0.25999999046325684,0.2630000114440918,17471829,0.0,0.0,0.0
2021-04-19 00:00:00+02:00,0.2630000114440918,0.2669999897480011,0.2619999945163727,0.26600000262260437,20801772,0.0,0.0,0.0
2021-04-20 00:00:00+02:00,0.26600000262260437,0.2750000059604645,0.2680000066757202,0.2709999978542328,44691460,0.0,0.0,0.0
2021-04-21 00:00:00+02:00,0.2709999978542328,0.27399998903274536,0.26600000262260437,0.27000001072883606,36637753,0.0,0.0,0.0
2021-04-22 00:00:00+02:00,0.27000001072883606,0.27399998903274536,0.2669999897480011,0.2720000147819519,26055797,0.0,0.0,0.0
2021-04-25 00:00:00+02:00,0.2720000147819519,0.2759999930858612,0.27000001072883606,0.27300000190734863,17049019,0.0,0.0,0.0
2021-04-26 00:00:00+02:00,0.27300000190734863,0.27399998903274536,0.2669999897480011,0.27000001072883606,19499162,0.0,0.0,0.0
2021-04-27 00:00:00+02:00,0.27000001072883606,0.2759999930858612,0.2680000066757202,0.27300000190734863,47883787,0.0,0.0,0.0
2021-04-28 00:00:00+02:00,0.27300000190734863,0.2750000059604645,0.26899999380111694,0.2720000147819519,19873783,0.0,0.0,0.0
2021-05-04 00:00:00+02:00,0.2720000147819519,0.2750000059604645,0.2709999978542328,0.27300000190734863,12737220,0.0,0.0,0.0
2021-05-05 00:00:00+02:00,0.27300000190734863,0.27900001406669617,0.2720000147819519,0.2759999930858612,47077371,0.0,0.0,0.0
2021-05-06 00:00:00+02:00,0.2759999930858612,0.27799999713897705,0.27000001072883606,0.27399998903274536,26595248,0.0,0.0,0.0
2021-05-09 00:00:00+02:00,0.27399998903274536,0.2750000059604645,0.26600000262260437,0.26899999380111694,14609320,0.0,0.0,0.0
2021-05-10 00:00:00+02:00,0.26899999380111694,0.2709999978542328,0.26600000262260437,0.26899999380111694,8796095,0.0,0.0,0.0
2021-05-11 00:00:00+02:00,0.26899999380111694,0.27300000190734863,0.26600000262260437,0.26899999380111694,17604166,0.0,0.0,0.0
2021-05-17 00:00:00+02:00,0.26899999380111694,0.27399998903274536,0.26899999380111694,0.2709999978542328,22888744,0.0,0.0,0.0
2021-05-18 00:00:00+02:00,0.2709999978542328,0.27799999713897705,0.27000001072883606,0.27399998903274536,19983200,0.0,0.0,0.0
2021-05-19 00:00:00+02:00,0.27399998903274536,0.2750000059604645,0.2709999978542328,0.27300000190734863,17091266,0.0,0.0,0.0
2021-05-20 00:00:00+02:00,0.27300000190734863,0.27399998903274536,0.27000001072883606,0.2709999978542328,30137455,0.0,0.0,0.0
2021-05-23 00:00:00+02:00,0.2709999978542328,0.2750000059604645,0.2709999978542328,0.2720000147819519,12228374,0.0,0.0,0.0
2021-05-24 00:00:00+02:00,0.2720000147819519,0.27399998903274536,0.2619999945163727,0.26899999380111694,25481317,0.0,0.0,0.0
2021-05-25 00:00:00+02:00,0.26899999380111694,0.27000001072883606,0.25600001215934753,0.26499998569488525,20508739,0.0,0.0,0.0
2021-05-26 00:00:00+02:00,0.26499998569488525,0.27399998903274536,0.2639999985694885,0.2680000066757202,32521989,0.0,0.0,0.0
2021-05-27 00:00:00+02:00,0.2680000066757202,0.2800000011920929,0.2630000114440918,0.27300000190734863,100416337,0.0,0.0,0.0
2021-05-30 00:00:00+02:00,0.27300000190734863,0.28700000047683716,0.27300000190734863,0.27900001406669617,44982556,0.0,0.0,0.0
2021-05-31 00:00:00+02:00,0.27900001406669617,0.2800000011920929,0.2720000147819519,0.2759999930858612,58094855,0.0,0.0,0.0
2021-06-01 00:00:00+02:00,0.2759999930858612,0.2750000059604645,0.2680000066757202,0.2709999978542328,25927173,0.0,0.0,0.0
2021-06-02 00:00:00+02:00,0.2709999978542328,0.2750000059604645,0.2630000114440918,0.26899999380111694,18109487,0.0,0.0,0.0
2021-06-03 00:00:00+02:00,0.26899999380111694,0.27000001072883606,0.26100000739097595,0.26600000262260437,14069585,0.0,0.0,0.0
2021-06-06 00:00:00+02:00,0.26600000262260437,0.2759999930858612,0.2669999897480011,0.2709999978542328,18127759,0.0,0.0,0.0
2021-06-07 00:00:00+02:00,0.2709999978542328,0.2720000147819519,0.25999999046325684,0.2669999897480011,35689678,0.0,0.0,0.0
2021-06-08 00:00:00+02:00,0.2669999897480011,0.27000001072883606,0.2639999985694885,0.26600000262260437,22297881,0.0,0.0,0.0
2021-06-09 00:00:00+02:00,0.26600000262260437,0.27399998903274536,0.26499998569488525,0.27000001072883606,29284861,0.0,0.0,0.0
2021-06-10 00:00:00+02:00,0.27000001072883606,0.2720000147819519,0.26499998569488525,0.2680000066757202,29090960,0.0,0.0,0.0
2021-06-13 00:00:00+02:00,0.2680000066757202,0.27000001072883606,0.25699999928474426,0.2619999945163727,40005474,0.0,0.0,0.0
2021-06-14 00:00:00+02:00,0.2619999945163727,0.2630000114440918,0.25699999928474426,0.25999999046325684,11416482,0.0,0.0,0.0
2021-06-15 00:00:00+02:00,0.25999999046325684,0.25999999046325684,0.24799999594688416,0.25200000405311584,12723884,0.0,0.0,0.0
2021-06-16 00:00:00+02:00,0.25200000405311584,0.25600001215934753,0.24699999392032623,0.25200000405311584,22374471,0.0,0.0,0.0
2021-06-17 00:00:00+02:00,0.25200000405311584,0.2549999952316284,0.24799999594688416,0.25,8632717,0.0,0.0,0.0
2021-06-20 00:00:00+02:00,0.25,0.25200000405311584,0.2370000034570694,0.24400000274181366,49158674,0.0,0.0,0.0
2021-06-21 00:00:00+02:00,0.24400000274181366,0.24400000274181366,0.23800000548362732,0.23999999463558197,78788476,0.0,0.0,0.0
2021-06-22 00:00:00+02:00,0.23999999463558197,0.24500000476837158,0.23100000619888306,0.23800000548362732,97839896,0.0,0.0,0.0
2021-06-23 00:00:00+02:00,0.23800000548362732,0.23899999260902405,0.2240000069141388,0.23000000417232513,106357481,0.0,0.0,0.0
2021-06-24 00:00:00+02:00,0.23000000417232513,0.2280000001192093,0.22300000488758087,0.22499999403953552,32374233,0.0,0.0,0.0
2021-06-27 00:00:00+02:00,0.22499999403953552,0.22599999606609344,0.22100000083446503,0.22300000488758087,15070933,0.0,0.0,0.0
2021-06-28 00:00:00+02:00,0.22300000488758087,0.22599999606609344,0.2029999941587448,0.210999995470047,133100048,0.0,0.0,0.0
2021-06-29 00:00:00+02:00,0.210999995470047,0.21199999749660492,0.1979999989271164,0.20600000023841858,74082796,0.0,0.0,0.0
2021-06-30 00:00:00+02:00,0.20600000023841858,0.21199999749660492,0.2070000022649765,0.20900000631809235,41650547,0.0,0.0,0.0
2021-07-04 00:00:00+02:00,0.20900000631809235,0.21400000154972076,0.20399999618530273,0.20900000631809235,70485869,0.0,0.0,0.0
2021-07-05 00:00:00+02:00,0.20900000631809235,0.210999995470047,0.20600000023841858,0.20800000429153442,36519166,0.0,0.0,0.0
2021-07-06 00:00:00+02:00,0.20800000429153442,0.20499999821186066,0.19900000095367432,0.20100000500679016,27231452,0.0,0.0,0.0
2021-07-07 00:00:00+02:00,0.20100000500679016,0.2029999941587448,0.20000000298023224,0.20100000500679016,50406337,0.0,0.0,0.0
2021-07-08 00:00:00+02:00,0.20100000500679016,0.20200000703334808,0.1940000057220459,0.19699999690055847,23752900,0.0,0.0,0.0
2021-07-11 00:00:00+02:00,0.19699999690055847,0.19699999690055847,0.19200000166893005,0.1940000057220459,17933237,0.0,0.0,0.0
2021-07-12 00:00:00+02:00,0.1940000057220459,0.2029999941587448,0.19300000369548798,0.1979999989271164,32188987,0.0,0.0,0.0
2021-07-13 00:00:00+02:00,0.1979999989271164,0.20200000703334808,0.19900000095367432,0.20100000500679016,21040155,0.0,0.0,0.0
2021-07-14 00:00:00+02:00,0.20100000500679016,0.20499999821186066,0.1979999989271164,0.20100000500679016,74596968,0.0,0.0,0.0
2021-07-15 00:00:00+02:00,0.20100000500679016,0.20200000703334808,0.20000000298023224,0.20100000500679016,24139029,0.0,0.0,0.0
2021-07-18 00:00:00+02:00,0.20100000500679016,0.20399999618530273,0.20000000298023224,0.20100000500679016,34212446,0.0,0.0,0.0
2021-07-25 00:00:00+02:00,0.20100000500679016,0.21299999952316284,0.20200000703334808,0.2070000022649765,133453321,0.0,0.0,0.0
2021-07-26 00:00:00+02:00,0.2070000022649765,0.21199999749660492,0.20499999821186066,0.2070000022649765,27361680,0.0,0.0,0.0
2021-07-27 00:00:00+02:00,0.2070000022649765,0.20900000631809235,0.20499999821186066,0.20600000023841858,47071405,0.0,0.0,0.0
2021-07-28 00:00:00+02:00,0.20600000023841858,0.21299999952316284,0.20499999821186066,0.20900000631809235,64405014,0.0,0.0,0.0
2021-07-29 00:00:00+02:00,0.20900000631809235,0.21199999749660492,0.2070000022649765,0.20900000631809235,46936475,0.0,0.0,0.0
2021-08-01 00:00:00+02:00,0.20900000631809235,0.2150000035762787,0.2070000022649765,0.210999995470047,32389811,0.0,0.0,0.0
2021-08-02 00:00:00+02:00,0.210999995470047,0.21400000154972076,0.20499999821186066,0.20900000631809235,42440388,0.0,0.0,0.0
2021-08-03 00:00:00+02:00,0.20900000631809235,0.20999999344348907,0.2029999941587448,0.20600000023841858,26470503,0.0,0.0,0.0
2021-08-04 00:00:00+02:00,0.20600000023841858,0.20800000429153442,0.20200000703334808,0.20499999821186066,23250865,0.0,0.0,0.0
2021-08-05 00:00:00+02:00,0.20499999821186066,0.21799999475479126,0.20600000023841858,0.21299999952316284,75662000,0.0,0.0,0.0
2021-08-08 00:00:00+02:00,0.21299999952316284,0.21299999952316284,0.21299999952316284,0.21299999952316284,0,0.0,0.0,0.0
2021-08-09 00:00:00+02:00,0.21299999952316284,0.21299999952316284,0.21299999952316284,0.21299999952316284,0,0.0,0.0,0.0
2021-08-10 00:00:00+02:00,0.21699999272823334,0.21699999272823334,0.21199999749660492,0.21400000154972076,19458363,0.0,0.0,0.0
2021-08-11 00:00:00+02:00,0.21400000154972076,0.23499999940395355,0.21400000154972076,0.23000000417232513,223141811,0.0,0.0,0.0
2021-08-15 00:00:00+02:00,0.23000000417232513,0.24400000274181366,0.23000000417232513,0.23499999940395355,65933121,0.0,0.0,0.0
2021-08-16 00:00:00+02:00,0.23499999940395355,0.23999999463558197,0.23000000417232513,0.23399999737739563,67180630,0.0,0.0,0.0
2021-08-17 00:00:00+02:00,0.23399999737739563,0.25200000405311584,0.23499999940395355,0.24699999392032623,154593872,0.0,0.0,0.0
2021-08-18 00:00:00+02:00,0.24699999392032623,0.25,0.23999999463558197,0.24300000071525574,70363773,0.0,0.0,0.0
2021-08-19 00:00:00+02:00,0.24300000071525574,0.24400000274181366,0.23899999260902405,0.23999999463558197,37586516,0.0,0.0,0.0
2021-08-22 00:00:00+02:00,0.23999999463558197,0.2460000067949295,0.23999999463558197,0.24199999868869781,43804205,0.0,0.0,0.0
2021-08-23 00:00:00+02:00,0.24199999868869781,0.24400000274181366,0.23399999737739563,0.23800000548362732,40737051,0.0,0.0,0.0
2021-08-24 00:00:00+02:00,0.23800000548362732,0.24199999868869781,0.23399999737739563,0.2370000034570694,22127943,0.0,0.0,0.0
2021-08-25 00:00:00+02:00,0.2370000034570694,0.25,0.23800000548362732,0.2460000067949295,58399368,0.0,0.0,0.0
2021-08-26 00:00:00+02:00,0.2460000067949295,0.25099998712539673,0.24199999868869781,0.2460000067949295,52193832,0.0,0.0,0.0
2021-08-29 00:00:00+02:00,0.2460000067949295,0.2460000067949295,0.2409999966621399,0.24300000071525574,29194470,0.0,0.0,0.0
2021-08-30 00:00:00+02:00,0.24300000071525574,0.25,0.23899999260902405,0.24400000274181366,40967580,0.0,0.0,0.0
2021-08-31 00:00:00+02:00,0.24400000274181366,0.24300000071525574,0.23600000143051147,0.23899999260902405,26178025,0.0,0.0,0.0
2021-09-01 00:00:00+02:00,0.23899999260902405,0.24400000274181366,0.23800000548362732,0.23999999463558197,11796191,0.0,0.0,0.0
2021-09-02 00:00:00+02:00,0.23999999463558197,0.24199999868869781,0.23600000143051147,0.23899999260902405,19202616,0.0,0.0,0.0
2021-09-05 00:00:00+02:00,0.23899999260902405,0.23899999260902405,0.2290000021457672,0.23000000417232513,30735942,0.0,0.0,0.0
2021-09-06 00:00:00+02:00,0.23000000417232513,0.2329999953508377,0.2150000035762787,0.2199999988079071,27657670,0.0,0.0,0.0
2021-09-07 00:00:00+02:00,0.2199999988079071,0.22599999606609344,0.2199999988079071,0.22200000286102295,12338572,0.0,0.0,0.0
2021-09-08 00:00:00+02:00,0.22200000286102295,0.23000000417232513,0.22100000083446503,0.22300000488758087,19932745,0.0,0.0,0.0
2021-09-09 00:00:00+02:00,0.22300000488758087,0.22699999809265137,0.22100000083446503,0.22300000488758087,19562519,0.0,0.0,0.0
2021-09-12 00:00:00+02:00,0.22300000488758087,0.22699999809265137,0.22300000488758087,0.2240000069141388,10576466,0.0,0.0,0.0
2021-09-13 00:00:00+02:00,0.2240000069141388,0.23499999940395355,0.22499999403953552,0.2329999953508377,32612185,0.0,0.0,0.0
2021-09-14 00:00:00+02:00,0.2329999953508377,0.2669999897480011,0.23399999737739563,0.2669999897480011,185151295,0.0,0.0,0.0
2021-09-15 00:00:00+02:00,0.2669999897480011,0.2800000011920929,0.26100000739097595,0.2639999985694885,125236849,0.0,0.0,0.0
2021-09-16 00:00:00+02:00,0.2639999985694885,0.2720000147819519,0.2619999945163727,0.26499998569488525,37986433,0.0,0.0,0.0
2021-09-19 00:00:00+02:00,0.26499998569488525,0.2630000114440918,0.24799999594688416,0.24899999797344208,50909195,0.0,0.0,0.0
2021-09-20 00:00:00+02:00,0.24899999797344208,0.2590000033378601,0.24799999594688416,0.25099998712539673,46110582,0.0,0.0,0.0
2021-09-21 00:00:00+02:00,0.25099998712539673,0.2540000081062317,0.2460000067949295,0.24799999594688416,34334987,0.0,0.0,0.0
2021-09-22 00:00:00+02:00,0.24799999594688416,0.25699999928474426,0.24899999797344208,0.25099998712539673,18395442,0.0,0.0,0.0
2021-09-23 00:00:00+02:00,0.25099998712539673,0.257999986410141,0.24799999594688416,0.25600001215934753,30441076,0.0,0.0,0.0
2021-09-26 00:00:00+02:00,0.25600001215934753,0.27000001072883606,0.2590000033378601,0.2669999897480011,60580927,0.0,0.0,0.0
2021-09-27 00:00:00+02:00,0.2669999897480011,0.26899999380111694,0.25999999046325684,0.2619999945163727,50421579,0.0,0.0,0.0
2021-09-28 00:00:00+02:00,0.2619999945163727,0.26600000262260437,0.2549999952316284,0.257999986410141,27680516,0.0,0.0,0.0
2021-09-29 00:00:00+02:00,0.257999986410141,0.257999986410141,0.257999986410141,0.257999986410141,0,0.0,0.0,0.0
2021-09-30 00:00:00+02:00,0.25699999928474426,0.2630000114440918,0.25600001215934753,0.25699999928474426,23213820,0.0,0.0,0.0
2021-10-03 00:00:00+02:00,0.25699999928474426,0.26100000739097595,0.24899999797344208,0.25,16415976,0.0,0.0,0.0
2021-10-04 00:00:00+02:00,0.25,0.25,0.25,0.25,0,0.0,0.0,0.0
2021-10-05 00:00:00+02:00,0.25,0.2540000081062317,0.24500000476837158,0.2460000067949295,8851689,0.0,0.0,0.0
2021-10-06 00:00:00+02:00,0.2460000067949295,0.25,0.24500000476837158,0.2460000067949295,4448546,0.0,0.0,0.0
2021-10-10 00:00:00+02:00,0.2460000067949295,0.2529999911785126,0.24400000274181366,0.24500000476837158,6983408,0.0,0.0,0.0
2021-10-11 00:00:00+02:00,0.24500000476837158,0.2750000059604645,0.2590000033378601,0.2709999978542328,112128942,0.0,0.0,0.0
2021-10-12 00:00:00+02:00,0.2709999978542328,0.27300000190734863,0.2630000114440918,0.2669999897480011,34864880,0.0,0.0,0.0
2021-10-13 00:00:00+02:00,0.2669999897480011,0.27000001072883606,0.2619999945163727,0.2630000114440918,23562998,0.0,0.0,0.0
2021-10-14 00:00:00+02:00,0.2630000114440918,0.2669999897480011,0.25999999046325684,0.25999999046325684,31521071,0.0,0.0,0.0
2021-10-17 00:00:00+02:00,0.25999999046325684,0.26499998569488525,0.25600001215934753,0.25999999046325684,66613598,0.0,0.0,0.0
2021-10-18 00:00:00+02:00,0.25999999046325684,0.25999999046325684,0.25999999046325684,0.25999999046325684,0,0.0,0.0,0.0
2021-10-19 00:00:00+02:00,0.25999999046325684,0.26499998569488525,0.24799999594688416,0.25,49565435,0.0,0.0,0.0
2021-10-20 00:00:00+02:00,0.25,0.2540000081062317,0.2409999966621399,0.25200000405311584,28361794,0.0,0.0,0.0
2021-10-24 00:00:00+02:00,0.25200000405311584,0.25999999046325684,0.25200000405311584,0.2549999952316284,21688341,0.0,0.0,0.0
2021-10-25 00:00:00+02:00,0.2549999952316284,0.25699999928474426,0.23800000548362732,0.23999999463558197,47639483,0.0,0.0,0.0
2021-10-26 00:00:00+02:00,0.23999999463558197,0.24500000476837158,0.23800000548362732,0.23999999463558197,19522546,0.0,0.0,0.0
2021-10-27 00:00:00+02:00,0.23999999463558197,0.23999999463558197,0.2280000001192093,0.23199999332427979,17015644,0.0,0.0,0.0
2021-10-28 00:00:00+02:00,0.23199999332427979,0.24199999868869781,0.23000000417232513,0.2370000034570694,17635669,0.0,0.0,0.0
2021-10-31 00:00:00+02:00,0.2370000034570694,0.23999999463558197,0.23199999332427979,0.2329999953508377,14591465,0.0,0.0,0.0
2021-11-01 00:00:00+02:00,0.2329999953508377,0.2529999911785126,0.23499999940395355,0.24699999392032623,55158512,0.0,0.0,0.0
2021-11-02 00:00:00+02:00,0.24699999392032623,0.2529999911785126,0.2460000067949295,0.24899999797344208,37488683,0.0,0.0,0.0
2021-11-03 00:00:00+02:00,0.24899999797344208,0.2619999945163727,0.24199999868869781,0.2540000081062317,110110222,0.0,0.0,0.0
2021-11-04 00:00:00+02:00,0.2540000081062317,0.2590000033378601,0.2409999966621399,0.24799999594688416,48450976,0.0,0.0,0.0
2021-11-07 00:00:00+02:00,0.24799999594688416,0.24799999594688416,0.24799999594688416,0.24799999594688416,0,0.0,0.0,0.0
2021-11-08 00:00:00+02:00,0.24799999594688416,0.24799999594688416,0.24799999594688416,0.24799999594688416,0,0.0,0.0,0.0
2021-11-09 00:00:00+02:00,0.24799999594688416,0.24799999594688416,0.24799999594688416,0.24799999594688416,0,0.0,0.0,0.0
2021-11-10 00:00:00+02:00,0.23999999463558197,0.24400000274181366,0.2280000001192093,0.23000000417232513,30206095,0.0,0.0,0.0
2021-11-11 00:00:00+02:00,0.23000000417232513,0.25,0.23000000417232513,0.24699999392032623,46188000,0.0,0.0,0.0
2021-11-14 00:00:00+02:00,0.24699999392032623,0.2540000081062317,0.24400000274181366,0.24500000476837158,14033921,0.0,0.0,0.0
2021-11-15 00:00:00+02:00,0.24500000476837158,0.24799999594688416,0.23899999260902405,0.23999999463558197,17676879,0.0,0.0,0.0
2021-11-16 00:00:00+02:00,0.23999999463558197,0.24300000071525574,0.22300000488758087,0.22499999403953552,46860635,0.0,0.0,0.0
2021-11-17 00:00:00+02:00,0.22499999403953552,0.23399999737739563,0.22200000286102295,0.22499999403953552,37581812,0.0,0.0,0.0
2021-11-18 00:00:00+02:00,0.22499999403953552,0.2290000021457672,0.2240000069141388,0.22599999606609344,21324509,0.0,0.0,0.0
2021-11-21 00:00:00+02:00,0.22599999606609344,0.23000000417232513,0.20200000703334808,0.20800000429153442,35196305,0.0,0.0,0.0
2021-11-22 00:00:00+02:00,0.20800000429153442,0.210999995470047,0.20000000298023224,0.20999999344348907,55821791,0.0,0.0,0.0
2021-11-23 00:00:00+02:00,0.20999999344348907,0.21799999475479126,0.210999995470047,0.21400000154972076,31242989,0.0,0.0,0.0
2021-11-24 00:00:00+02:00,0.21400000154972076,0.21799999475479126,0.20999999344348907,0.21299999952316284,29564177,0.0,0.0,0.0
2021-11-25 00:00:00+02:00,0.21299999952316284,0.2280000001192093,0.21400000154972076,0.22599999606609344,44493310,0.0,0.0,0.0
2021-11-28 00:00:00+02:00,0.22599999606609344,0.22599999606609344,0.22599999606609344,0.22599999606609344,0,0.0,0.0,0.0
2021-11-29 00:00:00+02:00,0.21899999678134918,0.2240000069141388,0.21899999678134918,0.22100000083446503,15809083,0.0,0.0,0.0
2021-11-30 00:00:00+02:00,0.22100000083446503,0.22300000488758087,0.21799999475479126,0.22100000083446503,11577184,0.0,0.0,0.0
2021-12-01 00:00:00+02:00,0.22100000083446503,0.22100000083446503,0.22100000083446503,0.22100000083446503,0,0.0,0.0,0.0
2021-12-02 00:00:00+02:00,0.22200000286102295,0.2329999953508377,0.22100000083446503,0.22599999606609344,37424338,0.0,0.0,0.0
2021-12-05 00:00:00+02:00,0.22599999606609344,0.23600000143051147,0.22699999809265137,0.23499999940395355,47285316,0.0,0.0,0.0
2021-12-06 00:00:00+02:00,0.23499999940395355,0.24400000274181366,0.23199999332427979,0.23999999463558197,44812019,0.0,0.0,0.0
2021-12-07 00:00:00+02:00,0.23999999463558197,0.25200000405311584,0.23800000548362732,0.2409999966621399,91338502,0.0,0.0,0.0
2021-12-08 00:00:00+02:00,0.2409999966621399,0.24400000274181366,0.23600000143051147,0.23899999260902405,17067993,0.0,0.0,0.0
2021-12-09 00:00:00+02:00,0.23899999260902405,0.2409999966621399,0.23100000619888306,0.23499999940395355,31883849,0.0,0.0,0.0
2021-12-12 00:00:00+02:00,0.23499999940395355,0.24199999868869781,0.23600000143051147,0.23800000548362732,12018231,0.0,0.0,0.0
2021-12-13 00:00:00+02:00,0.23800000548362732,0.23999999463558197,0.23499999940395355,0.23600000143051147,12264346,0.0,0.0,0.0
2021-12-14 00:00:00+02:00,0.23600000143051147,0.23999999463558197,0.23199999332427979,0.23499999940395355,12820511,0.0,0.0,0.0
2021-12-15 00:00:00+02:00,0.23499999940395355,0.24500000476837158,0.23499999940395355,0.2409999966621399,45767741,0.0,0.0,0.0
2021-12-16 00:00:00+02:00,0.2409999966621399,0.24799999594688416,0.24199999868869781,0.24300000071525574,39185403,0.0,0.0,0.0
2021-12-19 00:00:00+02:00,0.24300000071525574,0.24500000476837158,0.23600000143051147,0.2370000034570694,31184227,0.0,0.0,0.0
2021-12-20 00:00:00+02:00,0.2370000034570694,0.2370000034570694,0.2370000034570694,0.2370000034570694,0,0.0,0.0,0.0
2021-12-21 00:00:00+02:00,0.23499999940395355,0.23899999260902405,0.2329999953508377,0.23399999737739563,17889892,0.0,0.0,0.0
2021-12-22 00:00:00+02:00,0.23399999737739563,0.23600000143051147,0.2329999953508377,0.2329999953508377,13880796,0.0,0.0,0.0
2021-12-23 00:00:00+02:00,0.2329999953508377,0.2370000034570694,0.2329999953508377,0.23499999940395355,22748533,0.0,0.0,0.0
2021-12-26 00:00:00+02:00,0.23499999940395355,0.24199999868869781,0.23499999940395355,0.23999999463558197,45826599,0.0,0.0,0.0
2021-12-27 00:00:00+02:00,0.23999999463558197,0.24199999868869781,0.23499999940395355,0.2370000034570694,34104751,0.0,0.0,0.0
2021-12-28 00:00:00+02:00,0.2370000034570694,0.23899999260902405,0.23399999737739563,0.2370000034570694,29016703,0.0,0.0,0.0
2021-12-29 00:00:00+02:00,0.2370000034570694,0.23899999260902405,0.23399999737739563,0.23499999940395355,21528860,0.0,0.0,0.0
2021-12-30 00:00:00+02:00,0.23499999940395355,0.23600000143051147,0.2329999953508377,0.23399999737739563,22316781,0.0,0.0,0.0
2022-01-02 00:00:00+02:00,0.23399999737739563,0.23800000548362732,0.2329999953508377,0.23499999940395355,18125686,0.0,0.0,0.0
2022-01-03 00:00:00+02:00,0.23499999940395355,0.23800000548362732,0.23399999737739563,0.2370000034570694,24790437,0.0,0.0,0.0
2022-01-04 00:00:00+02:00,0.2370000034570694,0.24300000071525574,0.2370000034570694,0.23899999260902405,65381696,0.0,0.0,0.0
2022-01-05 00:00:00+02:00,0.23899999260902405,0.2409999966621399,0.23800000548362732,0.23800000548362732,12417926,0.0,0.0,0.0
2022-01-09 00:00:00+02:00,0.23800000548362732,0.23800000548362732,0.23800000548362732,0.23800000548362732,0,0.0,0.0,0.0
2022-01-10 00:00:00+02:00,0.23600000143051147,0.23899999260902405,0.23399999737739563,0.2370000034570694,25505187,0.0,0.0,0.0
2022-01-11 00:00:00+02:00,0.2370000034570694,0.23800000548362732,0.23199999332427979,0.2329999953508377,12695558,0.0,0.0,0.0
2022-01-12 00:00:00+02:00,0.2329999953508377,0.23399999737739563,0.22599999606609344,0.22699999809265137,17669265,0.0,0.0,0.0
2022-01-13 00:00:00+02:00,0.22699999809265137,0.2290000021457672,0.22599999606609344,0.22599999606609344,10849131,0.0,0.0,0.0
2022-01-16 00:00:00+02:00,0.22599999606609344,0.2280000001192093,0.2160000056028366,0.2199999988079071,27953452,0.0,0.0,0.0
2022-01-17 00:00:00+02:00,0.2199999988079071,0.22100000083446503,0.2160000056028366,0.21899999678134918,13052313,0.0,0.0,0.0
2022-01-18 00:00:00+02:00,0.21899999678134918,0.22300000488758087,0.21699999272823334,0.22200000286102295,12843345,0.0,0.0,0.0
2022-01-19 00:00:00+02:00,0.22200000286102295,0.22499999403953552,0.2199999988079071,0.22200000286102295,12729111,0.0,0.0,0.0
2022-01-20 00:00:00+02:00,0.22200000286102295,0.22499999403953552,0.22100000083446503,0.22200000286102295,12317056,0.0,0.0,0.0
2022-01-23 00:00:00+02:00,0.22200000286102295,0.22200000286102295,0.2150000035762787,0.2160000056028366,12434917,0.0,0.0,0.0
2022-01-24 00:00:00+02:00,0.2160000056028366,0.21699999272823334,0.21299999952316284,0.2160000056028366,12027187,0.0,0.0,0.0
2022-01-25 00:00:00+02:00,0.2160000056028366,0.21699999272823334,0.21400000154972076,0.21400000154972076,7516201,0.0,0.0,0.0
2022-01-26 00:00:00+02:00,0.21400000154972076,0.23600000143051147,0.21799999475479126,0.23000000417232513,101993749,0.0,0.0,0.0
2022-01-30 00:00:00+02:00,0.23000000417232513,0.23399999737739563,0.22300000488758087,0.2240000069141388,64700248,0.0,0.0,0.0
2022-01-31 00:00:00+02:00,0.2240000069141388,0.22699999809265137,0.22300000488758087,0.22499999403953552,22259279,0.0,0.0,0.0
2022-02-01 00:00:00+02:00,0.22499999403953552,0.23000000417232513,0.22599999606609344,0.2290000021457672,28596736,0.0,0.0,0.0
2022-02-02 00:00:00+02:00,0.2290000021457672,0.23600000143051147,0.23000000417232513,0.23199999332427979,64747114,0.0,0.0,0.0
2022-02-03 00:00:00+02:00,0.23199999332427979,0.23499999940395355,0.23000000417232513,0.23100000619888306,43905472,0.0,0.0,0.0
2022-02-06 00:00:00+02:00,0.23100000619888306,0.23199999332427979,0.2280000001192093,0.23000000417232513,26895274,0.0,0.0,0.0
2022-02-07 00:00:00+02:00,0.23000000417232513,0.2329999953508377,0.2280000001192093,0.2290000021457672,29536254,0.0,0.0,0.0
2022-02-08 00:00:00+02:00,0.2290000021457672,0.24400000274181366,0.2290000021457672,0.23600000143051147,130658138,0.0,0.0,0.0
2022-02-09 00:00:00+02:00,0.23600000143051147,0.23999999463558197,0.23499999940395355,0.23600000143051147,55516196,0.0,0.0,0.0
2022-02-10 00:00:00+02:00,0.23600000143051147,0.23800000548362732,0.23199999332427979,0.2329999953508377,23321013,0.0,0.0,0.0
2022-02-13 00:00:00+02:00,0.2329999953508377,0.2329999953508377,0.21899999678134918,0.2199999988079071,38851943,0.0,0.0,0.0
2022-02-14 00:00:00+02:00,0.2199999988079071,0.22200000286102295,0.2160000056028366,0.2199999988079071,11385177,0.0,0.0,0.0
2022-02-15 00:00:00+02:00,0.2199999988079071,0.22699999809265137,0.22100000083446503,0.22200000286102295,12390520,0.0,0.0,0.0
2022-02-16 00:00:00+02:00,0.22200000286102295,0.2280000001192093,0.22100000083446503,0.22200000286102295,9933509,0.0,0.0,0.0
2022-02-17 00:00:00+02:00,0.22200000286102295,0.22599999606609344,0.2199999988079071,0.22200000286102295,11126124,0.0,0.0,0.0
2022-02-20 00:00:00+02:00,0.22200000286102295,0.22300000488758087,0.21400000154972076,0.2160000056028366,7892619,0.0,0.0,0.0
2022-02-21 00:00:00+02:00,0.2160000056028366,0.21699999272823334,0.21299999952316284,0.2160000056028366,18380766,0.0,0.0,0.0
2022-02-22 00:00:00+02:00,0.2160000056028366,0.2150000035762787,0.20900000631809235,0.21199999749660492,12113452,0.0,0.0,0.0
2022-02-23 00:00:00+02:00,0.21199999749660492,0.21699999272823334,0.21199999749660492,0.21400000154972076,10224790,0.0,0.0,0.0
2022-02-24 00:00:00+02:00,0.21400000154972076,0.20399999618530273,0.1899999976158142,0.1940000057220459,34908552,0.0,0.0,0.0
2022-02-27 00:00:00+02:00,0.1940000057220459,0.2150000035762787,0.2029999941587448,0.20499999821186066,28092156,0.0,0.0,0.0
2022-02-28 00:00:00+02:00,0.20499999821186066,0.2029999941587448,0.19900000095367432,0.20000000298023224,10335460,0.0,0.0,0.0
2022-03-01 00:00:00+02:00,0.20000000298023224,0.20399999618530273,0.20000000298023224,0.2029999941587448,7072609,0.0,0.0,0.0
2022-03-02 00:00:00+02:00,0.2029999941587448,0.2070000022649765,0.20000000298023224,0.20399999618530273,19846496,0.0,0.0,0.0
2022-03-03 00:00:00+02:00,0.20399999618530273,0.2070000022649765,0.20399999618530273,0.20600000023841858,9339438,0.0,0.0,0.0
2022-03-06 00:00:00+02:00,0.20600000023841858,0.2070000022649765,0.2029999941587448,0.20399999618530273,5326523,0.0,0.0,0.0
2022-03-07 00:00:00+02:00,0.20399999618530273,0.20399999618530273,0.19900000095367432,0.20000000298023224,14649392,0.0,0.0,0.0
2022-03-08 00:00:00+02:00,0.20000000298023224,0.20000000298023224,0.20000000298023224,0.20000000298023224,0,0.0,0.0,0.0
2022-03-09 00:00:00+02:00,0.19900000095367432,0.20399999618530273,0.19900000095367432,0.20000000298023224,24215854,0.0,0.0,0.0
2022-03-10 00:00:00+02:00,0.20000000298023224,0.20100000500679016,0.19699999690055847,0.19900000095367432,10102212,0.0,0.0,0.0
2022-03-13 00:00:00+02:00,0.19900000095367432,0.20000000298023224,0.19300000369548798,0.1940000057220459,12157289,0.0,0.0,0.0
2022-03-14 00:00:00+02:00,0.1940000057220459,0.1940000057220459,0.19300000369548798,0.19300000369548798,10791950,0.0,0.0,0.0
2022-03-15 00:00:00+02:00,0.19300000369548798,0.19599999487400055,0.1889999955892563,0.19099999964237213,20066252,0.0,0.0,0.0
2022-03-16 00:00:00+02:00,0.19099999964237213,0.20000000298023224,0.19099999964237213,0.19900000095367432,31194050,0.0,0.0,0.0
2022-03-17 00:00:00+02:00,0.19900000095367432,0.2029999941587448,0.19900000095367432,0.19900000095367432,18572909,0.0,0.0,0.0
2022-03-20 00:00:00+02:00,0.19900000095367432,0.2280000001192093,0.2029999941587448,0.22100000083446503,160330443,0.0,0.0,0.0
2022-03-21 00:00:00+02:00,0.22100000083446503,0.23499999940395355,0.22100000083446503,0.23199999332427979,102570154,0.0,0.0,0.0
2022-03-22 00:00:00+02:00,0.23199999332427979,0.23800000548362732,0.2240000069141388,0.22599999606609344,64184257,0.0,0.0,0.0
2022-03-23 00:00:00+02:00,0.22599999606609344,0.23399999737739563,0.22599999606609344,0.23399999737739563,47451476,0.0,0.0,0.0
2022-03-24 00:00:00+02:00,0.23399999737739563,0.2370000034570694,0.23199999332427979,0.2329999953508377,29712255,0.0,0.0,0.0
2022-03-27 00:00:00+02:00,0.2329999953508377,0.2329999953508377,0.2280000001192093,0.2280000001192093,22056003,0.0,0.0,0.0
2022-03-28 00:00:00+02:00,0.2280000001192093,0.23000000417232513,0.2240000069141388,0.22499999403953552,13472239,0.0,0.0,0.0
2022-03-29 00:00:00+02:00,0.22499999403953552,0.22699999809265137,0.22300000488758087,0.22599999606609344,12632615,0.0,0.0,0.0
2022-03-30 00:00:00+02:00,0.22599999606609344,0.2329999953508377,0.22599999606609344,0.2280000001192093,29621880,0.0,0.0,0.0
2022-03-31 00:00:00+02:00,0.2280000001192093,0.2370000034570694,0.21699999272823334,0.2199999988079071,80930965,0.0,0.0,0.0
2022-04-03 00:00:00+02:00,0.2199999988079071,0.22499999403953552,0.22100000083446503,0.2240000069141388,21606035,0.0,0.0,0.0
2022-04-04 00:00:00+02:00,0.2240000069141388,0.22699999809265137,0.2199999988079071,0.22100000083446503,12222151,0.0,0.0,0.0
2022-04-05 00:00:00+02:00,0.22100000083446503,0.2290000021457672,0.2199999988079071,0.2240000069141388,16059064,0.0,0.0,0.0
2022-04-06 00:00:00+02:00,0.2240000069141388,0.22699999809265137,0.21899999678134918,0.22100000083446503,29686117,0.0,0.0,0.0
2022-04-07 00:00:00+02:00,0.22100000083446503,0.22200000286102295,0.21400000154972076,0.2150000035762787,22714830,0.0,0.0,0.0
2022-04-10 00:00:00+02:00,0.2150000035762787,0.21699999272823334,0.20499999821186066,0.20600000023841858,11119127,0.0,0.0,0.0
2022-04-11 00:00:00+02:00,0.20600000023841858,0.20900000631809235,0.1979999989271164,0.20000000298023224,14868682,0.0,0.0,0.0
2022-04-12 00:00:00+02:00,0.20000000298023224,0.2070000022649765,0.20000000298023224,0.20499999821186066,18807620,0.0,0.0,0.0
2022-04-13 00:00:00+02:00,0.20499999821186066,0.2070000022649765,0.20100000500679016,0.20399999618530273,5748705,0.0,0.0,0.0
2022-04-14 00:00:00+02:00,0.20399999618530273,0.20600000023841858,0.19900000095367432,0.20100000500679016,12066910,0.0,0.0,0.0
2022-04-17 00:00:00+02:00,0.20100000500679016,0.20399999618530273,0.19200000166893005,0.19200000166893005,13382198,0.0,0.0,0.0
2022-04-18 00:00:00+02:00,0.19200000166893005,0.1979999989271164,0.18700000643730164,0.19599999487400055,23010098,0.0,0.0,0.0
2022-04-19 00:00:00+02:00,0.19599999487400055,0.19900000095367432,0.1940000057220459,0.19699999690055847,13108758,0.0,0.0,0.0
2022-04-20 00:00:00+02:00,0.19699999690055847,0.1979999989271164,0.1940000057220459,0.19499999284744263,9119134,0.0,0.0,0.0
2022-04-21 00:00:00+02:00,0.19499999284744263,0.20399999618530273,0.19699999690055847,0.2029999941587448,24357660,0.0,0.0,0.0
2022-04-26 00:00:00+02:00,0.2029999941587448,0.20499999821186066,0.19900000095367432,0.20000000298023224,8657776,0.0,0.0,0.0
2022-04-27 00:00:00+02:00,0.20000000298023224,0.20499999821186066,0.19900000095367432,0.20499999821186066,11541724,0.0,0.0,0.0
2022-04-28 00:00:00+02:00,0.20499999821186066,0.210999995470047,0.2029999941587448,0.20999999344348907,17354819,0.0,0.0,0.0
2022-05-08 00:00:00+02:00,0.20999999344348907,0.21299999952316284,0.20600000023841858,0.21199999749660492,20450835,0.0,0.0,0.0
2022-05-09 00:00:00+02:00,0.21199999749660492,0.21400000154972076,0.20800000429153442,0.20800000429153442,10578620,0.0,0.0,0.0
2022-05-10 00:00:00+02:00,0.20800000429153442,0.20900000631809235,0.20600000023841858,0.20600000023841858,9207268,0.0,0.0,0.0
2022-05-11 00:00:00+02:00,0.20600000023841858,0.20999999344348907,0.2070000022649765,0.20999999344348907,16951251,0.0,0.0,0.0
2022-05-12 00:00:00+02:00,0.20999999344348907,0.20900000631809235,0.19900000095367432,0.20100000500679016,20595162,0.0,0.0,0.0
2022-05-15 00:00:00+02:00,0.20100000500679016,0.20600000023841858,0.20000000298023224,0.20000000298023224,12855385,0.0,0.0,0.0
2022-05-16 00:00:00+02:00,0.20000000298023224,0.20399999618530273,0.19900000095367432,0.20000000298023224,15510989,0.0,0.0,0.0
2022-05-17 00:00:00+02:00,0.20000000298023224,0.20399999618530273,0.19900000095367432,0.20000000298023224,12788699,0.0,0.0,0.0
2022-05-18 00:00:00+02:00,0.20000000298023224,0.20499999821186066,0.20000000298023224,0.20100000500679016,22433550,0.0,0.0,0.0
2022-05-19 00:00:00+02:00,0.20100000500679016,0.20100000500679016,0.19699999690055847,0.20000000298023224,24326626,0.0,0.0,0.0
2022-05-22 00:00:00+02:00,0.20000000298023224,0.2070000022649765,0.20200000703334808,0.20200000703334808,16476156,0.0,0.0,0.0
2022-05-23 00:00:00+02:00,0.20200000703334808,0.20499999821186066,0.20100000500679016,0.20100000500679016,13238567,0.0,0.0,0.0
2022-05-24 00:00:00+02:00,0.20100000500679016,0.2029999941587448,0.19699999690055847,0.20000000298023224,16005756,0.0,0.0,0.0
2022-05-25 00:00:00+02:00,0.20000000298023224,0.20000000298023224,0.19200000166893005,0.19499999284744263,14047566,0.0,0.0,0.0
2022-05-26 00:00:00+02:00,0.19499999284744263,0.20000000298023224,0.19099999964237213,0.19599999487400055,19220253,0.0,0.0,0.0
2022-05-29 00:00:00+02:00,0.19599999487400055,0.19699999690055847,0.1899999976158142,0.19099999964237213,4221926,0.0,0.0,0.0
2022-05-30 00:00:00+02:00,0.19099999964237213,0.1940000057220459,0.1899999976158142,0.19200000166893005,7621925,0.0,0.0,0.0
2022-05-31 00:00:00+02:00,0.19200000166893005,0.19699999690055847,0.19200000166893005,0.19599999487400055,15808502,0.0,0.0,0.0
2022-06-01 00:00:00+02:00,0.19599999487400055,0.19599999487400055,0.19200000166893005,0.19300000369548798,9763784,0.0,0.0,0.0
2022-06-02 00:00:00+02:00,0.19300000369548798,0.1940000057220459,0.19099999964237213,0.19300000369548798,5934655,0.0,0.0,0.0
2022-06-05 00:00:00+02:00,0.19300000369548798,0.19300000369548798,0.19300000369548798,0.19300000369548798,0,0.0,0.0,0.0
2022-06-06 00:00:00+02:00,0.19499999284744263,0.19499999284744263,0.19300000369548798,0.1940000057220459,6869682,0.0,0.0,0.0
2022-06-07 00:00:00+02:00,0.1940000057220459,0.19599999487400055,0.19300000369548798,0.1940000057220459,15971018,0.0,0.0,0.0
2022-06-08 00:00:00+02:00,0.1940000057220459,0.20600000023841858,0.19499999284744263,0.20600000023841858,57139060,0.0,0.0,0.0
2022-06-09 00:00:00+02:00,0.20600000023841858,0.2160000056028366,0.2029999941587448,0.2150000035762787,124628573,0.0,0.0,0.0
2022-06-12 00:00:00+02:00,0.2150000035762787,0.21400000154972076,0.20900000631809235,0.20999999344348907,51299254,0.0,0.0,0.0
2022-06-13 00:00:00+02:00,0.20999999344348907,0.2150000035762787,0.20499999821186066,0.20600000023841858,33080267,0.0,0.0,0.0
2022-06-14 00:00:00+02:00,0.20600000023841858,0.2070000022649765,0.20399999618530273,0.20600000023841858,16721905,0.0,0.0,0.0
2022-06-15 00:00:00+02:00,0.20600000023841858,0.2070000022649765,0.20399999618530273,0.20600000023841858,18583706,0.0,0.0,0.0
2022-06-16 00:00:00+02:00,0.20600000023841858,0.21199999749660492,0.2029999941587448,0.2029999941587448,44297738,0.0,0.0,0.0
2022-06-19 00:00:00+02:00,0.2029999941587448,0.20399999618530273,0.1979999989271164,0.19900000095367432,13357538,0.0,0.0,0.0
2022-06-20 00:00:00+02:00,0.19900000095367432,0.20000000298023224,0.1940000057220459,0.19599999487400055,10708464,0.0,0.0,0.0
2022-06-21 00:00:00+02:00,0.19599999487400055,0.2070000022649765,0.19599999487400055,0.20600000023841858,49083949,0.0,0.0,0.0
2022-06-22 00:00:00+02:00,0.20600000023841858,0.20600000023841858,0.19900000095367432,0.20000000298023224,20252243,0.0,0.0,0.0
2022-06-23 00:00:00+02:00,0.20000000298023224,0.20100000500679016,0.19499999284744263,0.20000000298023224,31630933,0.0,0.0,0.0
2022-06-26 00:00:00+02:00,0.20000000298023224,0.20200000703334808,0.19699999690055847,0.20000000298023224,37860575,0.0,0.0,0.0
2022-06-27 00:00:00+02:00,0.20000000298023224,0.20000000298023224,0.19300000369548798,0.19499999284744263,10365625,0.0,0.0,0.0
2022-06-28 00:00:00+02:00,0.19499999284744263,0.19599999487400055,0.18400000035762787,0.18700000643730164,36158629,0.0,0.0,0.0
2022-06-29 00:00:00+02:00,0.18700000643730164,0.19200000166893005,0.18700000643730164,0.18799999356269836,21436378,0.0,0.0,0.0
2022-07-03 00:00:00+02:00,0.18799999356269836,0.1899999976158142,0.18199999630451202,0.18299999833106995,25208816,0.0,0.0,0.0
2022-07-04 00:00:00+02:00,0.18299999833106995,0.18299999833106995,0.17000000178813934,0.1720000058412552,29043147,0.0,0.0,0.0
2022-07-05 00:00:00+02:00,0.1720000058412552,0.17599999904632568,0.16899999976158142,0.17000000178813934,16476603,0.0,0.0,0.0
2022-07-06 00:00:00+02:00,0.17000000178813934,0.18199999630451202,0.17100000381469727,0.1720000058412552,36773225,0.0,0.0,0.0
2022-07-07 00:00:00+02:00,0.1720000058412552,0.17800000309944153,0.1720000058412552,0.17299999296665192,35385624,0.0,0.0,0.0
2022-07-17 00:00:00+02:00,0.17299999296665192,0.17599999904632568,0.17100000381469727,0.17399999499320984,21209060,0.0,0.0,0.0
2022-07-18 00:00:00+02:00,0.17399999499320984,0.1770000010728836,0.17399999499320984,0.17599999904632568,39539318,0.0,0.0,0.0
2022-07-19 00:00:00+02:00,0.17599999904632568,0.17900000512599945,0.1720000058412552,0.17900000512599945,28164890,0.0,0.0,0.0
2022-07-20 00:00:00+02:00,0.17900000512599945,0.18400000035762787,0.17800000309944153,0.18400000035762787,66799561,0.0,0.0,0.0
2022-07-21 00:00:00+02:00,0.18400000035762787,0.18700000643730164,0.18199999630451202,0.1850000023841858,35016421,0.0,0.0,0.0
2022-07-24 00:00:00+02:00,0.1850000023841858,0.1899999976158142,0.1850000023841858,0.1889999955892563,36817567,0.0,0.0,0.0
2022-07-25 00:00:00+02:00,0.1889999955892563,0.1899999976158142,0.18400000035762787,0.1860000044107437,23582407,0.0,0.0,0.0
2022-07-26 00:00:00+02:00,0.1860000044107437,0.19300000369548798,0.18700000643730164,0.19099999964237213,67260595,0.0,0.0,0.0
2022-07-27 00:00:00+02:00,0.19099999964237213,0.19499999284744263,0.1860000044107437,0.18799999356269836,52035126,0.0,0.0,0.0
2022-07-28 00:00:00+02:00,0.18799999356269836,0.1889999955892563,0.1860000044107437,0.18700000643730164,13322713,0.0,0.0,0.0
2022-07-31 00:00:00+02:00,0.18700000643730164,0.1899999976158142,0.18700000643730164,0.1889999955892563,13919903,0.0,0.0,0.0
2022-08-01 00:00:00+02:00,0.1889999955892563,0.1899999976158142,0.18199999630451202,0.18299999833106995,25094371,0.0,0.0,0.0
2022-08-02 00:00:00+02:00,0.18299999833106995,0.18400000035762787,0.18000000715255737,0.18199999630451202,19425464,0.0,0.0,0.0
2022-08-03 00:00:00+02:00,0.18199999630451202,0.1850000023841858,0.18000000715255737,0.1809999942779541,27304456,0.0,0.0,0.0
2022-08-04 00:00:00+02:00,0.1809999942779541,0.1899999976158142,0.18000000715255737,0.1899999976158142,66090552,0.0,0.0,0.0
2022-08-07 00:00:00+02:00,0.1899999976158142,0.19300000369548798,0.18799999356269836,0.19200000166893005,73726282,0.0,0.0,0.0
2022-08-08 00:00:00+02:00,0.19200000166893005,0.1940000057220459,0.1899999976158142,0.1899999976158142,59502940,0.0,0.0,0.0
2022-08-09 00:00:00+02:00,0.1899999976158142,0.19200000166893005,0.18700000643730164,0.18700000643730164,30889766,0.0,0.0,0.0
2022-08-10 00:00:00+02:00,0.18700000643730164,0.1889999955892563,0.18400000035762787,0.1850000023841858,36830695,0.0,0.0,0.0
2022-08-11 00:00:00+02:00,0.1850000023841858,0.1860000044107437,0.18299999833106995,0.18400000035762787,25092055,0.0,0.0,0.0
2022-08-14 00:00:00+02:00,0.18400000035762787,0.19200000166893005,0.1850000023841858,0.1899999976158142,90716521,0.0,0.0,0.0
2022-08-15 00:00:00+02:00,0.1899999976158142,0.19300000369548798,0.18700000643730164,0.18700000643730164,59523611,0.0,0.0,0.0
2022-08-16 00:00:00+02:00,0.18700000643730164,0.1889999955892563,0.1850000023841858,0.1860000044107437,15604868,0.0,0.0,0.0
2022-08-17 00:00:00+02:00,0.1860000044107437,0.1979999989271164,0.1850000023841858,0.19699999690055847,96351063,0.0,0.0,0.0
2022-08-18 00:00:00+02:00,0.19699999690055847,0.19699999690055847,0.19699999690055847,0.19699999690055847,0,0.0,0.0,0.0
2022-08-21 00:00:00+02:00,0.2029999941587448,0.20600000023841858,0.20000000298023224,0.20000000298023224,51015642,0.0,0.0,0.0
2022-08-22 00:00:00+02:00,0.20000000298023224,0.2029999941587448,0.1940000057220459,0.1979999989271164,61615441,0.0,0.0,0.0
2022-08-23 00:00:00+02:00,0.1979999989271164,0.1979999989271164,0.1979999989271164,0.1979999989271164,0,0.0,0.0,0.0
2022-08-24 00:00:00+02:00,0.19499999284744263,0.19599999487400055,0.19099999964237213,0.19200000166893005,29161261,0.0,0.0,0.0
2022-08-25 00:00:00+02:00,0.19200000166893005,0.20000000298023224,0.19300000369548798,0.19599999487400055,49765124,0.0,0.0,0.0
2022-08-28 00:00:00+02:00,0.19599999487400055,0.20399999618530273,0.1940000057220459,0.1979999989271164,86383936,0.0,0.0,0.0
2022-08-29 00:00:00+02:00,0.1979999989271164,0.20000000298023224,0.19200000166893005,0.19300000369548798,49427588,0.0,0.0,0.0
2022-08-30 00:00:00+02:00,0.19300000369548798,0.20600000023841858,0.1940000057220459,0.20100000500679016,143154227,0.0,0.0,0.0
2022-08-31 00:00:00+02:00,0.20100000500679016,0.21199999749660492,0.20200000703334808,0.20499999821186066,186966328,0.0,0.0,0.0
2022-09-01 00:00:00+02:00,0.20499999821186066,0.21400000154972076,0.20499999821186066,0.20900000631809235,167408650,0.0,0.0,0.0
2022-09-04 00:00:00+02:00,0.20900000631809235,0.21299999952316284,0.20900000631809235,0.20999999344348907,89011101,0.0,0.0,0.0
2022-09-05 00:00:00+02:00,0.20999999344348907,0.21400000154972076,0.20600000023841858,0.20999999344348907,87363811,0.0,0.0,0.0
2022-09-06 00:00:00+02:00,0.20999999344348907,0.21199999749660492,0.20800000429153442,0.20999999344348907,64497250,0.0,0.0,0.0
2022-09-07 00:00:00+02:00,0.20999999344348907,0.21199999749660492,0.20600000023841858,0.20600000023841858,60566466,0.0,0.0,0.0
2022-09-08 00:00:00+02:00,0.20600000023841858,0.20800000429153442,0.20499999821186066,0.20499999821186066,22395503,0.0,0.0,0.0
2022-09-11 00:00:00+02:00,0.20499999821186066,0.2070000022649765,0.20200000703334808,0.2029999941587448,43247801,0.0,0.0,0.0
2022-09-12 00:00:00+02:00,0.2029999941587448,0.2070000022649765,0.20200000703334808,0.2029999941587448,70548310,0.0,0.0,0.0
2022-09-13 00:00:00+02:00,0.2029999941587448,0.20800000429153442,0.2029999941587448,0.2070000022649765,110716493,0.0,0.0,0.0
2022-09-14 00:00:00+02:00,0.2070000022649765,0.20600000023841858,0.2029999941587448,0.2029999941587448,53568204,0.0,0.0,0.0
2022-09-15 00:00:00+02:00,0.2029999941587448,0.20600000023841858,0.20200000703334808,0.2029999941587448,23328042,0.0,0.0,0.0
2022-09-18 00:00:00+02:00,0.2029999941587448,0.20399999618530273,0.1899999976158142,0.19300000369548798,49721906,0.0,0.0,0.0
2022-09-19 00:00:00+02:00,0.19300000369548798,0.1940000057220459,0.1860000044107437,0.19300000369548798,33578648,0.0,0.0,0.0
2022-09-20 00:00:00+02:00,0.19300000369548798,0.19499999284744263,0.19099999964237213,0.1940000057220459,22626041,0.0,0.0,0.0
2022-09-21 00:00:00+02:00,0.1940000057220459,0.19499999284744263,0.19099999964237213,0.1940000057220459,22567890,0.0,0.0,0.0
2022-09-22 00:00:00+02:00,0.1940000057220459,0.19300000369548798,0.1899999976158142,0.19300000369548798,20134420,0.0,0.0,0.0
2022-09-25 00:00:00+02:00,0.19300000369548798,0.1940000057220459,0.1889999955892563,0.19099999964237213,12979229,0.0,0.0,0.0
2022-09-26 00:00:00+02:00,0.19099999964237213,0.1940000057220459,0.1899999976158142,0.19099999964237213,32566191,0.0,0.0,0.0
2022-09-27 00:00:00+02:00,0.19099999964237213,0.1940000057220459,0.1899999976158142,0.19200000166893005,9378229,0.0,0.0,0.0
2022-09-28 00:00:00+02:00,0.19200000166893005,0.19300000369548798,0.1889999955892563,0.1899999976158142,12488475,0.0,0.0,0.0
2022-09-29 00:00:00+02:00,0.1899999976158142,0.1940000057220459,0.1899999976158142,0.1940000057220459,23409383,0.0,0.0,0.0
2022-10-02 00:00:00+02:00,0.1940000057220459,0.1940000057220459,0.18799999356269836,0.1889999955892563,25460542,0.0,0.0,0.0
2022-10-03 00:00:00+02:00,0.1889999955892563,0.19099999964237213,0.18400000035762787,0.18400000035762787,30909008,0.0,0.0,0.0
2022-10-04 00:00:00+02:00,0.18400000035762787,0.1940000057220459,0.18700000643730164,0.19099999964237213,56143706,0.0,0.0,0.0
2022-10-05 00:00:00+02:00,0.19099999964237213,0.1940000057220459,0.1889999955892563,0.19099999964237213,33746064,0.0,0.0,0.0
2022-10-09 00:00:00+02:00,0.19099999964237213,0.20000000298023224,0.19200000166893005,0.19499999284744263,61899418,0.0,0.0,0.0
2022-10-10 00:00:00+02:00,0.19499999284744263,0.1979999989271164,0.1940000057220459,0.19599999487400055,27132847,0.0,0.0,0.0
2022-10-11 00:00:00+02:00,0.19599999487400055,0.19699999690055847,0.19099999964237213,0.19499999284744263,30325236,0.0,0.0,0.0
2022-10-12 00:00:00+02:00,0.19499999284744263,0.19699999690055847,0.1889999955892563,0.1899999976158142,36279474,0.0,0.0,0.0
2022-10-13 00:00:00+02:00,0.1899999976158142,0.19499999284744263,0.1899999976158142,0.19300000369548798,18114927,0.0,0.0,0.0
2022-10-16 00:00:00+02:00,0.19300000369548798,0.20499999821186066,0.1940000057220459,0.20200000703334808,77824199,0.0,0.0,0.0
2022-10-17 00:00:00+02:00,0.20200000703334808,0.20800000429153442,0.20100000500679016,0.20499999821186066,61453426,0.0,0.0,0.0
2022-10-18 00:00:00+02:00,0.20499999821186066,0.2150000035762787,0.20900000631809235,0.21299999952316284,110414641,0.0,0.0,0.0
2022-10-19 00:00:00+02:00,0.21299999952316284,0.2150000035762787,0.20800000429153442,0.20999999344348907,75628374,0.0,0.0,0.0
2022-10-20 00:00:00+02:00,0.20999999344348907,0.22300000488758087,0.20999999344348907,0.21699999272823334,151824756,0.0,0.0,0.0
2022-10-23 00:00:00+02:00,0.21699999272823334,0.22200000286102295,0.2160000056028366,0.21899999678134918,72064304,0.0,0.0,0.0
2022-10-24 00:00:00+02:00,0.21899999678134918,0.2199999988079071,0.2070000022649765,0.20900000631809235,189748733,0.0,0.0,0.0
2022-10-25 00:00:00+02:00,0.20900000631809235,0.21199999749660492,0.20399999618530273,0.20900000631809235,51897179,0.0,0.0,0.0
2022-10-26 00:00:00+02:00,0.20900000631809235,0.20900000631809235,0.20900000631809235,0.20900000631809235,0,0.0,0.0,0.0
2022-10-27 00:00:00+02:00,0.210999995470047,0.2199999988079071,0.21199999749660492,0.21799999475479126,88732245,0.0,0.0,0.0
2022-10-30 00:00:00+02:00,0.21799999475479126,0.22200000286102295,0.210999995470047,0.21400000154972076,74516252,0.0,0.0,0.0
2022-10-31 00:00:00+02:00,0.21400000154972076,0.2199999988079071,0.21299999952316284,0.21899999678134918,79008494,0.0,0.0,0.0
2022-11-01 00:00:00+02:00,0.21899999678134918,0.22300000488758087,0.2160000056028366,0.21899999678134918,33061152,0.0,0.0,0.0
2022-11-02 00:00:00+02:00,0.21899999678134918,0.2199999988079071,0.21400000154972076,0.2150000035762787,36355945,0.0,0.0,0.0
2022-11-03 00:00:00+02:00,0.2150000035762787,0.21799999475479126,0.21199999749660492,0.21400000154972076,31649724,0.0,0.0,0.0
2022-11-06 00:00:00+02:00,0.21400000154972076,0.2160000056028366,0.21199999749660492,0.21400000154972076,12128371,0.0,0.0,0.0
2022-11-07 00:00:00+02:00,0.21400000154972076,0.2160000056028366,0.21199999749660492,0.21199999749660492,33589486,0.0,0.0,0.0
2022-11-08 00:00:00+02:00,0.21199999749660492,0.2150000035762787,0.20800000429153442,0.21199999749660492,40025571,0.0,0.0,0.0
2022-11-09 00:00:00+02:00,0.21199999749660492,0.21199999749660492,0.20900000631809235,0.210999995470047,15755825,0.0,0.0,0.0
2022-11-10 00:00:00+02:00,0.210999995470047,0.21299999952316284,0.20800000429153442,0.21199999749660492,11315953,0.0,0.0,0.0
2022-11-13 00:00:00+02:00,0.21199999749660492,0.21799999475479126,0.21299999952316284,0.2160000056028366,59149027,0.0,0.0,0.0
2022-11-14 00:00:00+02:00,0.2160000056028366,0.21799999475479126,0.21199999749660492,0.2150000035762787,25659520,0.0,0.0,0.0
2022-11-15 00:00:00+02:00,0.2150000035762787,0.2160000056028366,0.20999999344348907,0.21199999749660492,23656154,0.0,0.0,0.0
2022-11-16 00:00:00+02:00,0.21199999749660492,0.2150000035762787,0.20999999344348907,0.21299999952316284,34171656,0.0,0.0,0.0
2022-11-17 00:00:00+02:00,0.21299999952316284,0.2160000056028366,0.21299999952316284,0.21299999952316284,15844238,0.0,0.0,0.0
2022-11-20 00:00:00+02:00,0.21299999952316284,0.21699999272823334,0.21299999952316284,0.2150000035762787,21183352,0.0,0.0,0.0
2022-11-21 00:00:00+02:00,0.2150000035762787,0.2160000056028366,0.21299999952316284,0.21299999952316284,21520203,0.0,0.0,0.0
2022-11-22 00:00:00+02:00,0.21299999952316284,0.2150000035762787,0.21199999749660492,0.21400000154972076,8486018,0.0,0.0,0.0
2022-11-23 00:00:00+02:00,0.21400000154972076,0.2160000056028366,0.21299999952316284,0.21299999952316284,10674243,0.0,0.0,0.0
2022-11-24 00:00:00+02:00,0.21299999952316284,0.2150000035762787,0.21199999749660492,0.21299999952316284,13327084,0.0,0.0,0.0
2022-11-27 00:00:00+02:00,0.21299999952316284,0.22499999403953552,0.21299999952316284,0.2199999988079071,72453638,0.0,0.0,0.0
2022-11-28 00:00:00+02:00,0.2199999988079071,0.22300000488758087,0.21699999272823334,0.21799999475479126,40458045,0.0,0.0,0.0
2022-11-29 00:00:00+02:00,0.21799999475479126,0.22100000083446503,0.21699999272823334,0.21799999475479126,20151580,0.0,0.0,0.0
2022-11-30 00:00:00+02:00,0.21799999475479126,0.24300000071525574,0.2199999988079071,0.23800000548362732,252199793,0.0,0.0,0.0
2022-12-01 00:00:00+02:00,0.23800000548362732,0.23899999260902405,0.23399999737739563,0.23600000143051147,87293569,0.0,0.0,0.0
2022-12-04 00:00:00+02:00,0.23600000143051147,0.24500000476837158,0.2370000034570694,0.24199999868869781,83634050,0.0,0.0,0.0
2022-12-05 00:00:00+02:00,0.24199999868869781,0.25999999046325684,0.2370000034570694,0.23999999463558197,187087710,0.0,0.0,0.0
2022-12-06 00:00:00+02:00,0.23999999463558197,0.24500000476837158,0.23399999737739563,0.24199999868869781,50343746,0.0,0.0,0.0
2022-12-07 00:00:00+02:00,0.24199999868869781,0.25600001215934753,0.2409999966621399,0.24899999797344208,121344148,0.0,0.0,0.0
2022-12-08 00:00:00+02:00,0.24899999797344208,0.2529999911785126,0.24699999392032623,0.24899999797344208,59060118,0.0,0.0,0.0
2022-12-11 00:00:00+02:00,0.24899999797344208,0.2540000081062317,0.23999999463558197,0.24400000274181366,68072839,0.0,0.0,0.0
2022-12-12 00:00:00+02:00,0.24400000274181366,0.24899999797344208,0.23899999260902405,0.24300000071525574,62195644,0.0,0.0,0.0
2022-12-13 00:00:00+02:00,0.24300000071525574,0.25999999046325684,0.2460000067949295,0.25699999928474426,126800781,0.0,0.0,0.0
2022-12-14 00:00:00+02:00,0.25699999928474426,0.26600000262260437,0.2529999911785126,0.2549999952316284,131446121,0.0,0.0,0.0
2022-12-15 00:00:00+02:00,0.2549999952316284,0.29899999499320984,0.257999986410141,0.27399998903274536,366955168,0.0,0.0,0.0
2022-12-18 00:00:00+02:00,0.27399998903274536,0.2919999957084656,0.2709999978542328,0.2770000100135803,112161755,0.0,0.0,0.0
2022-12-19 00:00:00+02:00,0.2770000100135803,0.28200000524520874,0.2669999897480011,0.2720000147819519,69070338,0.0,0.0,0.0
2022-12-20 00:00:00+02:00,0.2720000147819519,0.2800000011920929,0.2680000066757202,0.27000001072883606,66128421,0.0,0.0,0.0
2022-12-21 00:00:00+02:00,0.27000001072883606,0.27300000190734863,0.2639999985694885,0.2680000066757202,24303322,0.0,0.0,0.0
2022-12-22 00:00:00+02:00,0.2680000066757202,0.2720000147819519,0.2619999945163727,0.2619999945163727,44310601,0.0,0.0,0.0
2022-12-25 00:00:00+02:00,0.2619999945163727,0.2619999945163727,0.2549999952316284,0.25999999046325684,27306215,0.0,0.0,0.0
2022-12-26 00:00:00+02:00,0.25999999046325684,0.26499998569488525,0.25699999928474426,0.26499998569488525,26046071,0.0,0.0,0.0
2022-12-27 00:00:00+02:00,0.26499998569488525,0.2680000066757202,0.25999999046325684,0.26100000739097595,30472187,0.0,0.0,0.0
2022-12-28 00:00:00+02:00,0.26100000739097595,0.2709999978542328,0.2630000114440918,0.27000001072883606,74010523,0.0,0.0,0.0
2022-12-29 00:00:00+02:00,0.27000001072883606,0.2770000100135803,0.26899999380111694,0.2750000059604645,56216626,0.0,0.0,0.0
2023-01-02 00:00:00+02:00,0.2750000059604645,0.27900001406669617,0.2720000147819519,0.27900001406669617,41353902,0.0,0.0,0.0
2023-01-03 00:00:00+02:00,0.27900001406669617,0.28700000047683716,0.27799999713897705,0.2809999883174896,119750952,0.0,0.0,0.0
2023-01-04 00:00:00+02:00,0.2809999883174896,0.2840000092983246,0.2669999897480011,0.27799999713897705,108505341,0.0,0.0,0.0
2023-01-05 00:00:00+02:00,0.27799999713897705,0.28600001335144043,0.27900001406669617,0.2800000011920929,68881202,0.0,0.0,0.0
2023-01-09 00:00:00+02:00,0.2800000011920929,0.29499998688697815,0.2800000011920929,0.28600001335144043,103498371,0.0,0.0,0.0
2023-01-10 00:00:00+02:00,0.28600001335144043,0.2879999876022339,0.27000001072883606,0.2709999978542328,50002413,0.0,0.0,0.0
2023-01-11 00:00:00+02:00,0.2709999978542328,0.28299999237060547,0.2680000066757202,0.27000001072883606,90153521,0.0,0.0,0.0
2023-01-12 00:00:00+02:00,0.27000001072883606,0.2770000100135803,0.25999999046325684,0.2639999985694885,62527323,0.0,0.0,0.0
2023-01-15 00:00:00+02:00,0.2639999985694885,0.26899999380111694,0.2590000033378601,0.2619999945163727,36628144,0.0,0.0,0.0
2023-01-16 00:00:00+02:00,0.2619999945163727,0.27000001072883606,0.2619999945163727,0.2639999985694885,29378921,0.0,0.0,0.0
2023-01-17 00:00:00+02:00,0.2639999985694885,0.27000001072883606,0.26499998569488525,0.26600000262260437,34297235,0.0,0.0,0.0
2023-01-18 00:00:00+02:00,0.26600000262260437,0.27000001072883606,0.25999999046325684,0.2619999945163727,52626098,0.0,0.0,0.0
2023-01-19 00:00:00+02:00,0.2619999945163727,0.2669999897480011,0.257999986410141,0.26100000739097595,52998505,0.0,0.0,0.0
2023-01-22 00:00:00+02:00,0.26100000739097595,0.26499998569488525,0.25999999046325684,0.2619999945163727,18850609,0.0,0.0,0.0
2023-01-23 00:00:00+02:00,0.2619999945163727,0.2639999985694885,0.257999986410141,0.2590000033378601,24865441,0.0,0.0,0.0
2023-01-24 00:00:00+02:00,0.2590000033378601,0.2619999945163727,0.25699999928474426,0.257999986410141,31131872,0.0,0.0,0.0
2023-01-25 00:00:00+02:00,0.257999986410141,0.26899999380111694,0.2590000033378601,0.2619999945163727,43801201,0.0,0.0,0.0
2023-01-29 00:00:00+02:00,0.2619999945163727,0.2680000066757202,0.26100000739097595,0.2639999985694885,32367368,0.0,0.0,0.0
2023-01-30 00:00:00+02:00,0.2639999985694885,0.27000001072883606,0.257999986410141,0.2590000033378601,53969685,0.0,0.0,0.0
2023-01-31 00:00:00+02:00,0.2590000033378601,0.2619999945163727,0.2549999952316284,0.25600001215934753,25538478,0.0,0.0,0.0
2023-02-01 00:00:00+02:00,0.25600001215934753,0.25600001215934753,0.24899999797344208,0.25099998712539673,42136417,0.0,0.0,0.0
2023-02-02 00:00:00+02:00,0.25099998712539673,0.2540000081062317,0.23399999737739563,0.23800000548362732,19372076,0.0,0.0,0.0
2023-02-05 00:00:00+02:00,0.23800000548362732,0.24199999868869781,0.21899999678134918,0.23199999332427979,37704680,0.0,0.0,0.0
2023-02-06 00:00:00+02:00,0.23199999332427979,0.23499999940395355,0.22100000083446503,0.22599999606609344,15142770,0.0,0.0,0.0
2023-02-07 00:00:00+02:00,0.22599999606609344,0.23399999737739563,0.22499999403953552,0.23100000619888306,32924965,0.0,0.0,0.0
2023-02-08 00:00:00+02:00,0.23100000619888306,0.23800000548362732,0.2280000001192093,0.23499999940395355,18900005,0.0,0.0,0.0
2023-02-09 00:00:00+02:00,0.23499999940395355,0.24199999868869781,0.23499999940395355,0.23999999463558197,13709682,0.0,0.0,0.0
2023-02-12 00:00:00+02:00,0.23999999463558197,0.24500000476837158,0.23800000548362732,0.24300000071525574,13115610,0.0,0.0,0.0
2023-02-13 00:00:00+02:00,0.24300000071525574,0.2460000067949295,0.23899999260902405,0.24500000476837158,16182989,0.0,0.0,0.0
2023-02-14 00:00:00+02:00,0.24500000476837158,0.25099998712539673,0.24500000476837158,0.24899999797344208,21424398,0.0,0.0,0.0
2023-02-15 00:00:00+02:00,0.24899999797344208,0.2529999911785126,0.24500000476837158,0.24699999392032623,26853853,0.0,0.0,0.0
2023-02-16 00:00:00+02:00,0.24699999392032623,0.25,0.23999999463558197,0.24199999868869781,21789482,0.0,0.0,0.0
2023-02-19 00:00:00+02:00,0.24199999868869781,0.24500000476837158,0.23999999463558197,0.23999999463558197,7206285,0.0,0.0,0.0
2023-02-20 00:00:00+02:00,0.23999999463558197,0.24799999594688416,0.23899999260902405,0.23999999463558197,16398312,0.0,0.0,0.0
2023-02-21 00:00:00+02:00,0.23999999463558197,0.24400000274181366,0.23499999940395355,0.24199999868869781,19075805,0.0,0.0,0.0
2023-02-22 00:00:00+02:00,0.24199999868869781,0.2460000067949295,0.23499999940395355,0.23600000143051147,26103093,0.0,0.0,0.0
2023-02-23 00:00:00+02:00,0.23600000143051147,0.2409999966621399,0.23499999940395355,0.23999999463558197,12648797,0.0,0.0,0.0
2023-02-26 00:00:00+02:00,0.23999999463558197,0.24199999868869781,0.2370000034570694,0.23800000548362732,7310538,0.0,0.0,0.0
2023-02-27 00:00:00+02:00,0.23800000548362732,0.24400000274181366,0.23600000143051147,0.2370000034570694,28578011,0.0,0.0,0.0
2023-02-28 00:00:00+02:00,0.2370000034570694,0.23899999260902405,0.23499999940395355,0.23800000548362732,15144616,0.0,0.0,0.0
2023-03-01 00:00:00+02:00,0.23800000548362732,0.24300000071525574,0.23600000143051147,0.23800000548362732,28212402,0.0,0.0,0.0
2023-03-02 00:00:00+02:00,0.23800000548362732,0.23999999463558197,0.23800000548362732,0.23800000548362732,9500849,0.0,0.0,0.0
2023-03-05 00:00:00+02:00,0.23800000548362732,0.2409999966621399,0.23499999940395355,0.23600000143051147,14490125,0.0,0.0,0.0
2023-03-06 00:00:00+02:00,0.23600000143051147,0.23999999463558197,0.23499999940395355,0.23499999940395355,15327200,0.0,0.0,0.0
2023-03-07 00:00:00+02:00,0.23499999940395355,0.23800000548362732,0.22599999606609344,0.23100000619888306,17629252,0.0,0.0,0.0
2023-03-08 00:00:00+02:00,0.23100000619888306,0.2329999953508377,0.22699999809265137,0.22699999809265137,4522816,0.0,0.0,0.0
2023-03-09 00:00:00+02:00,0.22699999809265137,0.23899999260902405,0.22699999809265137,0.23800000548362732,10958652,0.0,0.0,0.0
2023-03-12 00:00:00+02:00,0.23800000548362732,0.2370000034570694,0.2240000069141388,0.22499999403953552,16571195,0.0,0.0,0.0
2023-03-13 00:00:00+02:00,0.22499999403953552,0.22699999809265137,0.20100000500679016,0.2029999941587448,23262280,0.0,0.0,0.0
2023-03-14 00:00:00+02:00,0.2029999941587448,0.20999999344348907,0.20000000298023224,0.20900000631809235,10347116,0.0,0.0,0.0
2023-03-15 00:00:00+02:00,0.20900000631809235,0.21299999952316284,0.1679999977350235,0.17000000178813934,61667899,0.0,0.0,0.0
2023-03-16 00:00:00+02:00,0.17000000178813934,0.18000000715255737,0.1599999964237213,0.17100000381469727,169271869,0.0,0.0,0.0
2023-03-19 00:00:00+02:00,0.17100000381469727,0.18799999356269836,0.17100000381469727,0.1850000023841858,72268540,0.0,0.0,0.0
2023-03-20 00:00:00+02:00,0.1850000023841858,0.19099999964237213,0.1809999942779541,0.18799999356269836,60894696,0.0,0.0,0.0
2023-03-21 00:00:00+02:00,0.18799999356269836,0.19499999284744263,0.1889999955892563,0.1940000057220459,61442812,0.0,0.0,0.0
2023-03-22 00:00:00+02:00,0.1940000057220459,0.19599999487400055,0.1899999976158142,0.19099999964237213,38389778,0.0,0.0,0.0
2023-03-23 00:00:00+02:00,0.19099999964237213,0.19200000166893005,0.1860000044107437,0.19099999964237213,29872647,0.0,0.0,0.0
2023-03-26 00:00:00+02:00,0.19099999964237213,0.19900000095367432,0.19099999964237213,0.19599999487400055,40814560,0.0,0.0,0.0
2023-03-27 00:00:00+02:00,0.19599999487400055,0.19900000095367432,0.18700000643730164,0.1889999955892563,39130377,0.0,0.0,0.0
2023-03-28 00:00:00+02:00,0.1889999955892563,0.19200000166893005,0.18400000035762787,0.1899999976158142,26634331,0.0,0.0,0.0
2023-03-29 00:00:00+02:00,0.1899999976158142,0.20200000703334808,0.19099999964237213,0.19499999284744263,41678493,0.0,0.0,0.0
2023-03-30 00:00:00+02:00,0.19499999284744263,0.19900000095367432,0.1899999976158142,0.1940000057220459,34653839,0.0,0.0,0.0
2023-04-02 00:00:00+02:00,0.1940000057220459,0.19900000095367432,0.19300000369548798,0.19699999690055847,18866901,0.0,0.0,0.0
2023-04-03 00:00:00+02:00,0.19699999690055847,0.2029999941587448,0.19699999690055847,0.20100000500679016,36085462,0.0,0.0,0.0
2023-04-04 00:00:00+02:00,0.20100000500679016,0.21299999952316284,0.20399999618530273,0.21299999952316284,49805340,0.0,0.0,0.0
2023-04-05 00:00:00+02:00,0.21299999952316284,0.2199999988079071,0.21299999952316284,0.2150000035762787,52115903,0.0,0.0,0.0
2023-04-06 00:00:00+02:00,0.2150000035762787,0.22200000286102295,0.21400000154972076,0.21899999678134918,41422887,0.0,0.0,0.0
2023-04-09 00:00:00+02:00,0.21899999678134918,0.23000000417232513,0.21799999475479126,0.2290000021457672,60394508,0.0,0.0,0.0
2023-04-10 00:00:00+02:00,0.2290000021457672,0.23499999940395355,0.2280000001192093,0.2290000021457672,53012537,0.0,0.0,0.0
2023-04-11 00:00:00+02:00,0.2290000021457672,0.23199999332427979,0.22499999403953552,0.23000000417232513,28589051,0.0,0.0,0.0
2023-04-12 00:00:00+02:00,0.23000000417232513,0.23100000619888306,0.22499999403953552,0.22599999606609344,21721521,0.0,0.0,0.0
2023-04-13 00:00:00+02:00,0.22599999606609344,0.2290000021457672,0.22499999403953552,0.22699999809265137,22562429,0.0,0.0,0.0
2023-04-18 00:00:00+02:00,0.22699999809265137,0.23100000619888306,0.22499999403953552,0.2290000021457672,29010675,0.0,0.0,0.0
2023-04-19 00:00:00+02:00,0.2290000021457672,0.23100000619888306,0.2280000001192093,0.23000000417232513,22388852,0.0,0.0,0.0
2023-04-26 00:00:00+02:00,0.23000000417232513,0.23199999332427979,0.2280000001192093,0.2290000021457672,27973245,0.0,0.0,0.0
2023-04-27 00:00:00+02:00,0.2290000021457672,0.23199999332427979,0.2280000001192093,0.23100000619888306,33810168,0.0,0.0,0.0
2023-04-30 00:00:00+03:00,0.23100000619888306,0.23999999463558197,0.23100000619888306,0.23499999940395355,73475467,0.0,0.0,0.0
2023-05-01 00:00:00+03:00,0.23499999940395355,0.23499999940395355,0.23499999940395355,0.23499999940395355,0,0.0,0.0,0.0
2023-05-02 00:00:00+03:00,0.23100000619888306,0.23399999737739563,0.22699999809265137,0.2280000001192093,17674966,0.0,0.0,0.0
2023-05-03 00:00:00+03:00,0.2280000001192093,0.23000000417232513,0.22200000286102295,0.22599999606609344,19646791,0.0,0.0,0.0
2023-05-07 00:00:00+03:00,0.22599999606609344,0.22699999809265137,0.21899999678134918,0.2240000069141388,15290122,0.0,0.0,0.0
2023-05-08 00:00:00+03:00,0.2240000069141388,0.24199999868869781,0.22599999606609344,0.2409999966621399,77360816,0.0,0.0,0.0
2023-05-09 00:00:00+03:00,0.2409999966621399,0.24500000476837158,0.23499999940395355,0.23600000143051147,42044589,0.0,0.0,0.0
2023-05-10 00:00:00+03:00,0.23600000143051147,0.2409999966621399,0.23199999332427979,0.23899999260902405,32950647,0.0,0.0,0.0
2023-05-11 00:00:00+03:00,0.23899999260902405,0.25200000405311584,0.23800000548362732,0.25,110106969,0.0,0.0,0.0
2023-05-14 00:00:00+03:00,0.25,0.2529999911785126,0.2460000067949295,0.24799999594688416,42088862,0.0,0.0,0.0
2023-05-15 00:00:00+03:00,0.24799999594688416,0.25,0.23499999940395355,0.23800000548362732,53134761,0.0,0.0,0.0
2023-05-16 00:00:00+03:00,0.23800000548362732,0.23899999260902405,0.23100000619888306,0.23399999737739563,38218785,0.0,0.0,0.0
2023-05-17 00:00:00+03:00,0.23399999737739563,0.23800000548362732,0.2290000021457672,0.23000000417232513,16247342,0.0,0.0,0.0
2023-05-18 00:00:00+03:00,0.23000000417232513,0.23100000619888306,0.22499999403953552,0.2280000001192093,18944975,0.0,0.0,0.0
2023-05-21 00:00:00+03:00,0.2280000001192093,0.23100000619888306,0.22599999606609344,0.2290000021457672,21806565,0.0,0.0,0.0
2023-05-22 00:00:00+03:00,0.2290000021457672,0.23600000143051147,0.2290000021457672,0.2329999953508377,66869417,0.0,0.0,0.0
2023-05-23 00:00:00+03:00,0.2329999953508377,0.23399999737739563,0.2290000021457672,0.23399999737739563,47474677,0.0,0.0,0.0
2023-05-24 00:00:00+03:00,0.23399999737739563,0.23999999463558197,0.23399999737739563,0.2370000034570694,61287279,0.0,0.0,0.0
2023-05-25 00:00:00+03:00,0.2370000034570694,0.23899999260902405,0.23499999940395355,0.23499999940395355,21692888,0.0,0.0,0.0
2023-05-28 00:00:00+03:00,0.23499999940395355,0.2409999966621399,0.23399999737739563,0.23800000548362732,36853101,0.0,0.0,0.0
2023-05-29 00:00:00+03:00,0.23800000548362732,0.23899999260902405,0.23499999940395355,0.23800000548362732,48632921,0.0,0.0,0.0
2023-05-30 00:00:00+03:00,0.23800000548362732,0.2460000067949295,0.2370000034570694,0.23999999463558197,100717352,0.0,0.0,0.0
2023-05-31 00:00:00+03:00,0.23999999463558197,0.24400000274181366,0.2370000034570694,0.2370000034570694,62295435,0.0,0.0,0.0
2023-06-01 00:00:00+03:00,0.2370000034570694,0.24199999868869781,0.23800000548362732,0.2409999966621399,47725453,0.0,0.0,0.0
2023-06-04 00:00:00+03:00,0.2409999966621399,0.24699999392032623,0.24199999868869781,0.24500000476837158,65844262,0.0,0.0,0.0
2023-06-05 00:00:00+03:00,0.24500000476837158,0.2619999945163727,0.24799999594688416,0.2549999952316284,198801660,0.0,0.0,0.0
2023-06-06 00:00:00+03:00,0.2549999952316284,0.2630000114440918,0.2540000081062317,0.2549999952316284,75105843,0.0,0.0,0.0
2023-06-07 00:00:00+03:00,0.2549999952316284,0.257999986410141,0.24799999594688416,0.25,68881830,0.0,0.0,0.0
2023-06-08 00:00:00+03:00,0.25,0.25200000405311584,0.24699999392032623,0.24699999392032623,37026877,0.0,0.0,0.0
2023-06-11 00:00:00+03:00,0.24699999392032623,0.25099998712539673,0.2460000067949295,0.24799999594688416,45310399,0.0,0.0,0.0
2023-06-12 00:00:00+03:00,0.24799999594688416,0.25,0.2460000067949295,0.24699999392032623,12269506,0.0,0.0,0.0
2023-06-13 00:00:00+03:00,0.24699999392032623,0.24899999797344208,0.24300000071525574,0.24400000274181366,33193742,0.0,0.0,0.0
2023-06-14 00:00:00+03:00,0.24400000274181366,0.24699999392032623,0.23999999463558197,0.2409999966621399,30202817,0.0,0.0,0.0
2023-06-15 00:00:00+03:00,0.2409999966621399,0.24400000274181366,0.2409999966621399,0.2409999966621399,16394341,0.0,0.0,0.0
2023-06-18 00:00:00+03:00,0.2409999966621399,0.2750000059604645,0.2540000081062317,0.27399998903274536,312544087,0.0,0.0,0.0
2023-06-19 00:00:00+03:00,0.27399998903274536,0.2759999930858612,0.25600001215934753,0.25999999046325684,142799270,0.0,0.0,0.0
2023-06-20 00:00:00+03:00,0.25999999046325684,0.2619999945163727,0.2540000081062317,0.25600001215934753,61243105,0.0,0.0,0.0
2023-06-21 00:00:00+03:00,0.25600001215934753,0.2590000033378601,0.2460000067949295,0.24799999594688416,54400715,0.0,0.0,0.0
2023-06-22 00:00:00+03:00,0.24799999594688416,0.25,0.24500000476837158,0.24799999594688416,21027469,0.0,0.0,0.0
2023-06-25 00:00:00+03:00,0.24799999594688416,0.25099998712539673,0.24500000476837158,0.2460000067949295,31538834,0.0,0.0,0.0
2023-06-26 00:00:00+03:00,0.2460000067949295,0.24799999594688416,0.24500000476837158,0.24699999392032623,20141058,0.0,0.0,0.0
2023-07-04 00:00:00+03:00,0.24699999392032623,0.25200000405311584,0.2460000067949295,0.2460000067949295,42190246,0.0,0.0,0.0
2023-07-05 00:00:00+03:00,0.2460000067949295,0.24799999594688416,0.23999999463558197,0.24300000071525574,39023775,0.0,0.0,0.0
2023-07-06 00:00:00+03:00,0.24300000071525574,0.24400000274181366,0.23499999940395355,0.23600000143051147,31346040,0.0,0.0,0.0
2023-07-09 00:00:00+03:00,0.23600000143051147,0.23800000548362732,0.22100000083446503,0.22300000488758087,30955287,0.0,0.0,0.0
2023-07-10 00:00:00+03:00,0.22300000488758087,0.23000000417232513,0.22200000286102295,0.23000000417232513,26071165,0.0,0.0,0.0
2023-07-11 00:00:00+03:00,0.23000000417232513,0.23399999737739563,0.2290000021457672,0.23199999332427979,17390195,0.0,0.0,0.0
2023-07-12 00:00:00+03:00,0.23199999332427979,0.2329999953508377,0.22699999809265137,0.2290000021457672,16403015,0.0,0.0,0.0
2023-07-13 00:00:00+03:00,0.2290000021457672,0.23100000619888306,0.2280000001192093,0.23000000417232513,15663782,0.0,0.0,0.0
2023-07-16 00:00:00+03:00,0.23000000417232513,0.23600000143051147,0.23100000619888306,0.2329999953508377,18397333,0.0,0.0,0.0
2023-07-17 00:00:00+03:00,0.2329999953508377,0.23600000143051147,0.23199999332427979,0.23199999332427979,16359946,0.0,0.0,0.0
2023-07-18 00:00:00+03:00,0.23199999332427979,0.23499999940395355,0.23000000417232513,0.23100000619888306,14109625,0.0,0.0,0.0
2023-07-19 00:00:00+03:00,0.23100000619888306,0.23100000619888306,0.23100000619888306,0.23100000619888306,0,0.0,0.0,0.0
2023-07-24 00:00:00+03:00,0.24400000274181366,0.2460000067949295,0.23899999260902405,0.24199999868869781,26425674,0.0,0.0,0.0
2023-07-25 00:00:00+03:00,0.24199999868869781,0.24300000071525574,0.23800000548362732,0.23800000548362732,27542109,0.0,0.0,0.0
2023-07-26 00:00:00+03:00,0.23800000548362732,0.23999999463558197,0.23499999940395355,0.23600000143051147,15460734,0.0,0.0,0.0
2023-07-27 00:00:00+03:00,0.23600000143051147,0.23899999260902405,0.23600000143051147,0.23800000548362732,14934055,0.0,0.0,0.0
2023-07-30 00:00:00+03:00,0.23800000548362732,0.23999999463558197,0.23499999940395355,0.23600000143051147,22316433,0.0,0.0,0.0
2023-07-31 00:00:00+03:00,0.23600000143051147,0.23800000548362732,0.2329999953508377,0.23399999737739563,27298476,0.0,0.0,0.0
2023-08-01 00:00:00+03:00,0.23399999737739563,0.24199999868869781,0.23499999940395355,0.23999999463558197,59486196,0.0,0.0,0.0
2023-08-02 00:00:00+03:00,0.23999999463558197,0.25600001215934753,0.2409999966621399,0.24799999594688416,189763680,0.0,0.0,0.0
2023-08-03 00:00:00+03:00,0.24799999594688416,0.25200000405311584,0.2409999966621399,0.24799999594688416,82278469,0.0,0.0,0.0
2023-08-06 00:00:00+03:00,0.24799999594688416,0.24899999797344208,0.24400000274181366,0.24500000476837158,33269590,0.0,0.0,0.0
2023-08-07 00:00:00+03:00,0.24500000476837158,0.24699999392032623,0.24300000071525574,0.24400000274181366,28218615,0.0,0.0,0.0
2023-08-08 00:00:00+03:00,0.24400000274181366,0.2460000067949295,0.24199999868869781,0.24300000071525574,30472236,0.0,0.0,0.0
2023-08-09 00:00:00+03:00,0.24300000071525574,0.24500000476837158,0.24199999868869781,0.24400000274181366,20959187,0.0,0.0,0.0
2023-08-10 00:00:00+03:00,0.24400000274181366,0.24500000476837158,0.2409999966621399,0.24199999868869781,20725906,0.0,0.0,0.0
2023-08-13 00:00:00+03:00,0.24199999868869781,0.2460000067949295,0.2409999966621399,0.24199999868869781,20228652,0.0,0.0,0.0
2023-08-14 00:00:00+03:00,0.24199999868869781,0.24500000476837158,0.2409999966621399,0.24199999868869781,39173066,0.0,0.0,0.0
2023-08-15 00:00:00+03:00,0.24199999868869781,0.24300000071525574,0.23999999463558197,0.23999999463558197,20254189,0.0,0.0,0.0
2023-08-16 00:00:00+03:00,0.23999999463558197,0.24199999868869781,0.2370000034570694,0.23800000548362732,22587366,0.0,0.0,0.0
2023-08-17 00:00:00+03:00,0.23800000548362732,0.2409999966621399,0.23600000143051147,0.2370000034570694,14297708,0.0,0.0,0.0
2023-08-20 00:00:00+03:00,0.2370000034570694,0.24199999868869781,0.2370000034570694,0.23899999260902405,24728114,0.0,0.0,0.0
2023-08-21 00:00:00+03:00,0.23899999260902405,0.2409999966621399,0.2370000034570694,0.23800000548362732,26433471,0.0,0.0,0.0
2023-08-22 00:00:00+03:00,0.23800000548362732,0.24300000071525574,0.2370000034570694,0.2409999966621399,51471853,0.0,0.0,0.0
2023-08-23 00:00:00+03:00,0.2409999966621399,0.24199999868869781,0.2370000034570694,0.23800000548362732,27446907,0.0,0.0,0.0
2023-08-24 00:00:00+03:00,0.23800000548362732,0.23999999463558197,0.23600000143051147,0.2370000034570694,19925646,0.0,0.0,0.0
2023-08-27 00:00:00+03:00,0.2370000034570694,0.24199999868869781,0.2370000034570694,0.23800000548362732,19710240,0.0,0.0,0.0
2023-08-28 00:00:00+03:00,0.23800000548362732,0.24300000071525574,0.23800000548362732,0.23999999463558197,39013716,0.0,0.0,0.0
2023-08-29 00:00:00+03:00,0.23999999463558197,0.24199999868869781,0.23800000548362732,0.23899999260902405,16520188,0.0,0.0,0.0
2023-08-30 00:00:00+03:00,0.23899999260902405,0.24199999868869781,0.23899999260902405,0.23999999463558197,28044702,0.0,0.0,0.0
2023-08-31 00:00:00+03:00,0.23999999463558197,0.23999999463558197,0.23999999463558197,0.23999999463558197,0,0.0,0.0,0.0
2023-09-03 00:00:00+03:00,0.24300000071525574,0.25200000405311584,0.24400000274181366,0.24500000476837158,96598437,0.0,0.0,0.0
2023-09-04 00:00:00+03:00,0.24500000476837158,0.2460000067949295,0.2409999966621399,0.2409999966621399,29055295,0.0,0.0,0.0
2023-09-05 00:00:00+03:00,0.2409999966621399,0.24500000476837158,0.24199999868869781,0.24300000071525574,30925067,0.0,0.0,0.0
2023-09-06 00:00:00+03:00,0.24300000071525574,0.2460000067949295,0.2409999966621399,0.2409999966621399,25734400,0.0,0.0,0.0
2023-09-07 00:00:00+03:00,0.2409999966621399,0.24300000071525574,0.23800000548362732,0.23899999260902405,27797561,0.0,0.0,0.0
2023-09-10 00:00:00+03:00,0.23899999260902405,0.23899999260902405,0.23899999260902405,0.23899999260902405,0,0.0,0.0,0.0
2023-09-11 00:00:00+03:00,0.23899999260902405,0.2409999966621399,0.2370000034570694,0.2370000034570694,23479124,0.0,0.0,0.0
2023-09-12 00:00:00+03:00,0.2370000034570694,0.23999999463558197,0.23499999940395355,0.23499999940395355,19405413,0.0,0.0,0.0
2023-09-13 00:00:00+03:00,0.23499999940395355,0.2370000034570694,0.2329999953508377,0.23499999940395355,19829076,0.0,0.0,0.0
2023-09-14 00:00:00+03:00,0.23499999940395355,0.23800000548362732,0.23499999940395355,0.2370000034570694,14118011,0.0,0.0,0.0
2023-09-17 00:00:00+03:00,0.2370000034570694,0.23800000548362732,0.23600000143051147,0.23600000143051147,20607015,0.0,0.0,0.0
2023-09-18 00:00:00+03:00,0.23600000143051147,0.2370000034570694,0.23499999940395355,0.23600000143051147,16532296,0.0,0.0,0.0
2023-09-19 00:00:00+03:00,0.23600000143051147,0.23800000548362732,0.23600000143051147,0.2370000034570694,13860553,0.0,0.0,0.0
2023-09-20 00:00:00+03:00,0.2370000034570694,0.2370000034570694,0.2370000034570694,0.2370000034570694,0,0.0,0.0,0.0
2023-09-21 00:00:00+03:00,0.2370000034570694,0.2370000034570694,0.2370000034570694,0.2370000034570694,0,0.0,0.0,0.0
2023-09-24 00:00:00+03:00,0.2370000034570694,0.2370000034570694,0.2370000034570694,0.2370000034570694,0,0.0,0.0,0.0
2023-09-25 00:00:00+03:00,0.23499999940395355,0.23600000143051147,0.2329999953508377,0.23399999737739563,11782220,0.0,0.0,0.0
2023-09-26 00:00:00+03:00,0.23399999737739563,0.23499999940395355,0.2329999953508377,0.2329999953508377,10208063,0.0,0.0,0.0
2023-09-27 00:00:00+03:00,0.2329999953508377,0.2329999953508377,0.2329999953508377,0.2329999953508377,0,0.0,0.0,0.0
2023-10-01 00:00:00+03:00,0.2329999953508377,0.2329999953508377,0.2329999953508377,0.2329999953508377,0,0.0,0.0,0.0
2023-10-02 00:00:00+03:00,0.22599999606609344,0.23399999737739563,0.2240000069141388,0.2280000001192093,23369566,0.0,0.0,0.0
2023-10-03 00:00:00+03:00,0.2280000001192093,0.23000000417232513,0.2240000069141388,0.2240000069141388,12229445,0.0,0.0,0.0
2023-10-04 00:00:00+03:00,0.2240000069141388,0.2280000001192093,0.2240000069141388,0.22699999809265137,11351724,0.0,0.0,0.0
2023-10-08 00:00:00+03:00,0.22699999809265137,0.22699999809265137,0.20999999344348907,0.21699999272823334,23086581,0.0,0.0,0.0
2023-10-09 00:00:00+03:00,0.21699999272823334,0.2199999988079071,0.21299999952316284,0.2160000056028366,10675494,0.0,0.0,0.0
2023-10-10 00:00:00+03:00,0.2160000056028366,0.21899999678134918,0.2160000056028366,0.21699999272823334,6065736,0.0,0.0,0.0
2023-10-11 00:00:00+03:00,0.21699999272823334,0.22499999403953552,0.21699999272823334,0.22100000083446503,25119027,0.0,0.0,0.0
2023-10-12 00:00:00+03:00,0.22100000083446503,0.2240000069141388,0.21799999475479126,0.21899999678134918,8562233,0.0,0.0,0.0
2023-10-15 00:00:00+03:00,0.21899999678134918,0.22300000488758087,0.21799999475479126,0.21899999678134918,16835105,0.0,0.0,0.0
2023-10-16 00:00:00+03:00,0.21899999678134918,0.22300000488758087,0.21899999678134918,0.22200000286102295,14237138,0.0,0.0,0.0
2023-10-17 00:00:00+03:00,0.22200000286102295,0.22499999403953552,0.22100000083446503,0.22300000488758087,14677403,0.0,0.0,0.0
2023-10-18 00:00:00+03:00,0.22300000488758087,0.22599999606609344,0.2199999988079071,0.22100000083446503,14310577,0.0,0.0,0.0
2023-10-19 00:00:00+03:00,0.22100000083446503,0.22100000083446503,0.22100000083446503,0.22100000083446503,0,0.0,0.0,0.0
2023-10-22 00:00:00+03:00,0.2199999988079071,0.23000000417232513,0.21799999475479126,0.22699999809265137,28085068,0.0,0.0,0.0
2023-10-23 00:00:00+03:00,0.22699999809265137,0.23100000619888306,0.22499999403953552,0.22499999403953552,19018889,0.0,0.0,0.0
2023-10-24 00:00:00+03:00,0.22499999403953552,0.23100000619888306,0.2240000069141388,0.22599999606609344,45562523,0.0,0.0,0.0
2023-10-25 00:00:00+03:00,0.22599999606609344,0.23399999737739563,0.22599999606609344,0.23000000417232513,35071352,0.0,0.0,0.0
2023-10-26 00:00:00+03:00,0.23000000417232513,0.23600000143051147,0.23000000417232513,0.23499999940395355,47672180,0.0,0.0,0.0
2023-10-29 00:00:00+02:00,0.23499999940395355,0.2370000034570694,0.23199999332427979,0.23499999940395355,40315275,0.0,0.0,0.0
2023-10-30 00:00:00+02:00,0.23499999940395355,0.26899999380111694,0.23499999940395355,0.26100000739097595,211645644,0.0,0.0,0.0
2023-10-31 00:00:00+02:00,0.26100000739097595,0.26600000262260437,0.2460000067949295,0.2529999911785126,101312990,0.0,0.0,0.0
2023-11-01 00:00:00+02:00,0.2529999911785126,0.2549999952316284,0.2409999966621399,0.24500000476837158,47869374,0.0,0.0,0.0
2023-11-02 00:00:00+02:00,0.24500000476837158,0.257999986410141,0.2460000067949295,0.2540000081062317,96485567,0.0,0.0,0.0
2023-11-05 00:00:00+02:00,0.2540000081062317,0.27399998903274536,0.257999986410141,0.27399998903274536,235566667,0.0,0.0,0.0
2023-11-06 00:00:00+02:00,0.27399998903274536,0.2849999964237213,0.2709999978542328,0.2759999930858612,126538675,0.0,0.0,0.0
2023-11-07 00:00:00+02:00,0.2759999930858612,0.2939999997615814,0.27000001072883606,0.2759999930858612,227890829,0.0,0.0,0.0
2023-11-08 00:00:00+02:00,0.2759999930858612,0.27900001406669617,0.2680000066757202,0.26899999380111694,102213799,0.0,0.0,0.0
2023-11-09 00:00:00+02:00,0.26899999380111694,0.29600000381469727,0.2669999897480011,0.2930000126361847,259530839,0.0,0.0,0.0
2023-11-12 00:00:00+02:00,0.2930000126361847,0.3240000009536743,0.2939999997615814,0.32199999690055847,311587628,0.0,0.0,0.0
2023-11-13 00:00:00+02:00,0.32199999690055847,0.3319999873638153,0.3109999895095825,0.3199999928474426,130353310,0.0,0.0,0.0
2023-11-14 00:00:00+02:00,0.3199999928474426,0.35499998927116394,0.31700000166893005,0.3479999899864197,287432265,0.0,0.0,0.0
2023-11-15 00:00:00+02:00,0.3479999899864197,0.38100001215934753,0.32899999618530273,0.3630000054836273,356273514,0.0,0.0,0.0
2023-11-16 00:00:00+02:00,0.3630000054836273,0.3700000047683716,0.3479999899864197,0.36899998784065247,191507160,0.0,0.0,0.0
2023-11-19 00:00:00+02:00,0.36899998784065247,0.3869999945163727,0.3720000088214874,0.3720000088214874,133937802,0.0,0.0,0.0
2023-11-20 00:00:00+02:00,0.3720000088214874,0.37599998712539673,0.3499999940395355,0.36000001430511475,115464842,0.0,0.0,0.0
2023-11-21 00:00:00+02:00,0.36000001430511475,0.4320000112056732,0.35499998927116394,0.4320000112056732,404563912,0.0,0.0,0.0
2023-11-22 00:00:00+02:00,0.4320000112056732,0.4779999852180481,0.42399999499320984,0.4350000023841858,298196758,0.0,0.0,0.0
2023-11-23 00:00:00+02:00,0.4350000023841858,0.4659999907016754,0.4320000112056732,0.4650000035762787,171909936,0.0,0.0,0.0
2023-11-26 00:00:00+02:00,0.4650000035762787,0.5180000066757202,0.4440000057220459,0.5040000081062317,607129062,0.0,0.0,0.0
2023-11-27 00:00:00+02:00,0.5040000081062317,0.5210000276565552,0.47600001096725464,0.4869999885559082,431687100,0.0,0.0,0.0
2023-11-28 00:00:00+02:00,0.4869999885559082,0.4909999966621399,0.46000000834465027,0.4880000054836273,334068498,0.0,0.0,0.0
2023-11-29 00:00:00+02:00,0.4880000054836273,0.49399998784065247,0.460999995470047,0.4620000123977661,164808347,0.0,0.0,0.0
2023-11-30 00:00:00+02:00,0.4620000123977661,0.4659999907016754,0.4410000145435333,0.4429999887943268,172413416,0.0,0.0,0.0
2023-12-03 00:00:00+02:00,0.4429999887943268,0.4519999921321869,0.4269999861717224,0.4269999861717224,151147053,0.0,0.0,0.0
2023-12-04 00:00:00+02:00,0.4269999861717224,0.46299999952316284,0.4259999990463257,0.45899999141693115,196972439,0.0,0.0,0.0
2023-12-05 00:00:00+02:00,0.45899999141693115,0.4749999940395355,0.44699999690055847,0.46399998664855957,253069461,0.0,0.0,0.0
2023-12-06 00:00:00+02:00,0.46399998664855957,0.4659999907016754,0.42800000309944153,0.42800000309944153,165801092,0.0,0.0,0.0
2023-12-07 00:00:00+02:00,0.42800000309944153,0.4350000023841858,0.40700000524520874,0.43299999833106995,141871095,0.0,0.0,0.0
2023-12-10 00:00:00+02:00,0.43299999833106995,0.4390000104904175,0.4009999930858612,0.40400001406669617,126569939,0.0,0.0,0.0
2023-12-11 00:00:00+02:00,0.40400001406669617,0.414000004529953,0.3930000066757202,0.3959999978542328,95918343,0.0,0.0,0.0
2023-12-12 00:00:00+02:00,0.3959999978542328,0.4050000011920929,0.3869999945163727,0.3869999945163727,65059364,0.0,0.0,0.0
2023-12-13 00:00:00+02:00,0.3869999945163727,0.414000004529953,0.3889999985694885,0.39500001072883606,105645180,0.0,0.0,0.0
2023-12-14 00:00:00+02:00,0.39500001072883606,0.41100001335144043,0.39899998903274536,0.4050000011920929,87801124,0.0,0.0,0.0
2023-12-17 00:00:00+02:00,0.4050000011920929,0.414000004529953,0.40400001406669617,0.4059999883174896,69101952,0.0,0.0,0.0
2023-12-18 00:00:00+02:00,0.4059999883174896,0.42899999022483826,0.40700000524520874,0.42899999022483826,193328202,0.0,0.0,0.0
2023-12-19 00:00:00+02:00,0.42899999022483826,0.43799999356269836,0.4169999957084656,0.4169999957084656,172313588,0.0,0.0,0.0
2023-12-20 00:00:00+02:00,0.4169999957084656,0.42399999499320984,0.4059999883174896,0.40700000524520874,55003860,0.0,0.0,0.0
2023-12-21 00:00:00+02:00,0.40700000524520874,0.4169999957084656,0.3970000147819519,0.4009999930858612,65143147,0.0,0.0,0.0
2023-12-24 00:00:00+02:00,0.4009999930858612,0.4009999930858612,0.4009999930858612,0.4009999930858612,0,0.0,0.0,0.0
2023-12-25 00:00:00+02:00,0.3790000081062317,0.4099999964237213,0.3779999911785126,0.3970000147819519,92727851,0.0,0.0,0.0
2023-12-26 00:00:00+02:00,0.3970000147819519,0.40400001406669617,0.3869999945163727,0.3930000066757202,52494338,0.0,0.0,0.0
2023-12-27 00:00:00+02:00,0.3930000066757202,0.3970000147819519,0.3840000033378601,0.39100000262260437,58301874,0.0,0.0,0.0
2023-12-28 00:00:00+02:00,0.39100000262260437,0.3959999978542328,0.38499999046325684,0.3880000114440918,48469622,0.0,0.0,0.0
2023-12-31 00:00:00+02:00,0.3880000114440918,0.3959999978542328,0.38499999046325684,0.3869999945163727,38625520,0.0,0.0,0.0
2024-01-02 00:00:00+02:00,0.3869999945163727,0.42500001192092896,0.38999998569488525,0.42500001192092896,170275157,0.0,0.0,0.0
2024-01-03 00:00:00+02:00,0.42500001192092896,0.42899999022483826,0.4099999964237213,0.414000004529953,111580937,0.0,0.0,0.0
2024-01-04 00:00:00+02:00,0.414000004529953,0.42500001192092896,0.4050000011920929,0.4180000126361847,114294901,0.0,0.0,0.0
2024-01-08 00:00:00+02:00,0.4180000126361847,0.4440000057220459,0.4189999997615814,0.4399999976158142,173457219,0.0,0.0,0.0
2024-01-09 00:00:00+02:00,0.4399999976158142,0.45399999618530273,0.43700000643730164,0.4410000145435333,241457951,0.0,0.0,0.0
2024-01-10 00:00:00+02:00,0.4410000145435333,0.44600000977516174,0.4350000023841858,0.43799999356269836,95429537,0.0,0.0,0.0
2024-01-11 00:00:00+02:00,0.43799999356269836,0.4519999921321869,0.4259999990463257,0.4320000112056732,191757302,0.0,0.0,0.0
2024-01-14 00:00:00+02:00,0.4320000112056732,0.4359999895095825,0.4259999990463257,0.4309999942779541,84787692,0.0,0.0,0.0
2024-01-15 00:00:00+02:00,0.4309999942779541,0.4429999887943268,0.42899999022483826,0.4399999976158142,187037112,0.0,0.0,0.0
2024-01-16 00:00:00+02:00,0.4399999976158142,0.453000009059906,0.4390000104904175,0.4399999976158142,228254305,0.0,0.0,0.0
2024-01-17 00:00:00+02:00,0.4399999976158142,0.45100000500679016,0.4350000023841858,0.4350000023841858,134077341,0.0,0.0,0.0
2024-01-18 00:00:00+02:00,0.4350000023841858,0.44200000166893005,0.43299999833106995,0.4339999854564667,51869026,0.0,0.0,0.0
2024-01-21 00:00:00+02:00,0.4339999854564667,0.4429999887943268,0.43299999833106995,0.4359999895095825,69470113,0.0,0.0,0.0
2024-01-22 00:00:00+02:00,0.4359999895095825,0.44200000166893005,0.4309999942779541,0.4339999854564667,69856343,0.0,0.0,0.0
2024-01-23 00:00:00+02:00,0.4339999854564667,0.43799999356269836,0.4320000112056732,0.4320000112056732,45812543,0.0,0.0,0.0
2024-01-24 00:00:00+02:00,0.4320000112056732,0.4339999854564667,0.4269999861717224,0.42800000309944153,34724437,0.0,0.0,0.0
2024-01-28 00:00:00+02:00,0.42800000309944153,0.4339999854564667,0.42800000309944153,0.4300000071525574,47646095,0.0,0.0,0.0
2024-01-29 00:00:00+02:00,0.4300000071525574,0.4449999928474426,0.4300000071525574,0.43299999833106995,77984774,0.0,0.0,0.0
2024-01-30 00:00:00+02:00,0.43299999833106995,0.4399999976158142,0.4339999854564667,0.4350000023841858,97901107,0.0,0.0,0.0
2024-01-31 00:00:00+02:00,0.4350000023841858,0.4410000145435333,0.38100001215934753,0.3889999985694885,105107421,0.0,0.0,0.0
2024-02-01 00:00:00+02:00,0.3889999985694885,0.4020000100135803,0.3700000047683716,0.4000000059604645,49361610,0.0,0.0,0.0
2024-02-04 00:00:00+02:00,0.4000000059604645,0.40400001406669617,0.38499999046325684,0.4000000059604645,30151781,0.0,0.0,0.0
2024-02-05 00:00:00+02:00,0.4000000059604645,0.41100001335144043,0.39899998903274536,0.4050000011920929,29494107,0.0,0.0,0.0
2024-02-06 00:00:00+02:00,0.4050000011920929,0.41499999165534973,0.39899998903274536,0.4020000100135803,44401791,0.0,0.0,0.0
2024-02-07 00:00:00+02:00,0.4020000100135803,0.4099999964237213,0.39899998903274536,0.4000000059604645,59115894,0.0,0.0,0.0
2024-02-08 00:00:00+02:00,0.4000000059604645,0.40700000524520874,0.3970000147819519,0.39899998903274536,59742296,0.0,0.0,0.0
2024-02-11 00:00:00+02:00,0.39899998903274536,0.4020000100135803,0.38999998569488525,0.3919999897480011,49531873,0.0,0.0,0.0
2024-02-12 00:00:00+02:00,0.3919999897480011,0.3970000147819519,0.3880000114440918,0.38999998569488525,34224006,0.0,0.0,0.0
2024-02-13 00:00:00+02:00,0.38999998569488525,0.39899998903274536,0.3919999897480011,0.39399999380111694,33362150,0.0,0.0,0.0
2024-02-14 00:00:00+02:00,0.39399999380111694,0.4410000145435333,0.3970000147819519,0.4410000145435333,189858461,0.0,0.0,0.0
2024-02-15 00:00:00+02:00,0.4410000145435333,0.4740000069141388,0.4440000057220459,0.47099998593330383,396142416,0.0,0.0,0.0
2024-02-18 00:00:00+02:00,0.47099998593330383,0.47099998593330383,0.47099998593330383,0.47099998593330383,0,0.0,0.0,0.0
2024-02-19 00:00:00+02:00,0.46399998664855957,0.48100000619888306,0.45899999141693115,0.47200000286102295,190654645,0.0,0.0,0.0
2024-02-20 00:00:00+02:00,0.47200000286102295,0.48500001430511475,0.47099998593330383,0.4729999899864197,114836479,0.0,0.0,0.0
2024-02-21 00:00:00+02:00,0.4729999899864197,0.4970000088214874,0.460999995470047,0.4959999918937683,261604251,0.0,0.0,0.0
2024-02-22 00:00:00+02:00,0.4959999918937683,0.5059999823570251,0.4860000014305115,0.4860000014305115,182719917,0.0,0.0,0.0
2024-02-25 00:00:00+02:00,0.4860000014305115,0.4880000054836273,0.45100000500679016,0.460999995470047,231442879,0.0,0.0,0.0
2024-02-26 00:00:00+02:00,0.460999995470047,0.4740000069141388,0.4580000042915344,0.4620000123977661,100952673,0.0,0.0,0.0
2024-02-27 00:00:00+02:00,0.4620000123977661,0.4740000069141388,0.45399999618530273,0.4569999873638153,116250526,0.0,0.0,0.0
2024-02-28 00:00:00+02:00,0.4569999873638153,0.46000000834465027,0.44200000166893005,0.44200000166893005,105423663,0.0,0.0,0.0
2024-02-29 00:00:00+02:00,0.44200000166893005,0.4490000009536743,0.4350000023841858,0.4429999887943268,51935261,0.0,0.0,0.0
2024-03-03 00:00:00+02:00,0.4429999887943268,0.4429999887943268,0.421999990940094,0.42500001192092896,82455136,0.0,0.0,0.0
2024-03-04 00:00:00+02:00,0.42500001192092896,0.43700000643730164,0.42399999499320984,0.4339999854564667,53882027,0.0,0.0,0.0
2024-03-05 00:00:00+02:00,0.4339999854564667,0.44600000977516174,0.4300000071525574,0.43299999833106995,67990920,0.0,0.0,0.0
2024-03-06 00:00:00+02:00,0.43299999833106995,0.47999998927116394,0.42100000381469727,0.44999998807907104,228999271,0.0,0.0,0.0
2024-03-07 00:00:00+02:00,0.44999998807907104,0.46000000834465027,0.4320000112056732,0.4480000138282776,72095162,0.0,0.0,0.0
2024-03-10 00:00:00+02:00,0.4480000138282776,0.49000000953674316,0.44999998807907104,0.48399999737739563,255337609,0.0,0.0,0.0
2024-03-11 00:00:00+02:00,0.48399999737739563,0.49000000953674316,0.46299999952316284,0.46299999952316284,110879837,0.0,0.0,0.0
2024-03-12 00:00:00+02:00,0.46299999952316284,0.46299999952316284,0.4440000057220459,0.44600000977516174,66533888,0.0,0.0,0.0
2024-03-13 00:00:00+02:00,0.44600000977516174,0.44999998807907104,0.43299999833106995,0.43799999356269836,54323072,0.0,0.0,0.0
2024-03-14 00:00:00+02:00,0.43799999356269836,0.45399999618530273,0.4339999854564667,0.45399999618530273,28504169,0.0,0.0,0.0
2024-03-17 00:00:00+02:00,0.45399999618530273,0.46000000834465027,0.4440000057220459,0.4449999928474426,32796110,0.0,0.0,0.0
2024-03-18 00:00:00+02:00,0.4449999928474426,0.4440000057220459,0.3799999952316284,0.38499999046325684,65982189,0.0,0.0,0.0
2024-03-19 00:00:00+02:00,0.38499999046325684,0.4009999930858612,0.3799999952316284,0.39100000262260437,39864649,0.0,0.0,0.0
2024-03-20 00:00:00+02:00,0.39100000262260437,0.4000000059604645,0.3880000114440918,0.3919999897480011,22299721,0.0,0.0,0.0
2024-03-21 00:00:00+02:00,0.3919999897480011,0.41600000858306885,0.38999998569488525,0.41600000858306885,41213811,0.0,0.0,0.0
2024-03-24 00:00:00+02:00,0.41600000858306885,0.4440000057220459,0.4129999876022339,0.43700000643730164,72964396,0.0,0.0,0.0
2024-03-25 00:00:00+02:00,0.43700000643730164,0.4440000057220459,0.4350000023841858,0.4390000104904175,38468758,0.0,0.0,0.0
2024-03-26 00:00:00+02:00,0.4390000104904175,0.4449999928474426,0.4350000023841858,0.43799999356269836,27911481,0.0,0.0,0.0
2024-03-27 00:00:00+02:00,0.43799999356269836,0.4480000138282776,0.42500001192092896,0.4300000071525574,47596367,0.0,0.0,0.0
2024-03-28 00:00:00+02:00,0.4300000071525574,0.43299999833106995,0.41499999165534973,0.41600000858306885,33332078,0.0,0.0,0.0
2024-03-31 00:00:00+02:00,0.41600000858306885,0.41999998688697815,0.38999998569488525,0.3959999978542328,31523055,0.0,0.0,0.0
2024-04-01 00:00:00+02:00,0.3959999978542328,0.414000004529953,0.38999998569488525,0.414000004529953,36489507,0.0,0.0,0.0
2024-04-02 00:00:00+02:00,0.414000004529953,0.42399999499320984,0.40799999237060547,0.4090000092983246,30199092,0.0,0.0,0.0
2024-04-03 00:00:00+02:00,0.4090000092983246,0.4129999876022339,0.40299999713897705,0.4090000092983246,10528025,0.0,0.0,0.0
2024-04-04 00:00:00+02:00,0.4090000092983246,0.4180000126361847,0.4099999964237213,0.4169999957084656,15460863,0.0,0.0,0.0
2024-04-07 00:00:00+02:00,0.4169999957084656,0.42500001192092896,0.41499999165534973,0.4169999957084656,32193477,0.0,0.0,0.0
2024-04-08 00:00:00+02:00,0.4169999957084656,0.4309999942779541,0.4189999997615814,0.42100000381469727,58346691,0.0,0.0,0.0
2024-04-15 00:00:00+02:00,0.42100000381469727,0.43700000643730164,0.42100000381469727,0.4339999854564667,47326271,0.0,0.0,0.0
2024-04-16 00:00:00+02:00,0.4339999854564667,0.4519999921321869,0.4359999895095825,0.4519999921321869,90000273,0.0,0.0,0.0
2024-04-17 00:00:00+02:00,0.4519999921321869,0.46700000762939453,0.44699999690055847,0.4490000009536743,142162790,0.0,0.0,0.0
2024-04-18 00:00:00+02:00,0.4490000009536743,0.453000009059906,0.4099999964237213,0.4180000126361847,106446183,0.0,0.0,0.0
2024-04-21 00:00:00+02:00,0.4180000126361847,0.43299999833106995,0.4230000078678131,0.4269999861717224,48626345,0.0,0.0,0.0
2024-04-22 00:00:00+02:00,0.4269999861717224,0.4429999887943268,0.421999990940094,0.4269999861717224,38119682,0.0,0.0,0.0
2024-04-23 00:00:00+02:00,0.4269999861717224,0.4300000071525574,0.41100001335144043,0.41200000047683716,52123289,0.0,0.0,0.0
2024-04-24 00:00:00+02:00,0.41200000047683716,0.41100001335144043,0.38100001215934753,0.3869999945163727,46995166,0.0,0.0,0.0
2024-04-28 00:00:00+03:00,0.3869999945163727,0.3869999945163727,0.3869999945163727,0.3869999945163727,0,0.0,0.0,0.0
2024-04-29 00:00:00+03:00,0.3370000123977661,0.3540000021457672,0.33500000834465027,0.3529999852180481,39963381,0.0,0.0,0.0
2024-04-30 00:00:00+03:00,0.3529999852180481,0.3580000102519989,0.33000001311302185,0.33500000834465027,37290719,0.0,0.0,0.0
2024-05-02 00:00:00+03:00,0.34200000762939453,0.35499998927116394,0.3400000035762787,0.34599998593330383,24724830,0.0,0.0,0.0
2024-05-07 00:00:00+03:00,0.34599998593330383,0.3490000069141388,0.3400000035762787,0.3440000116825104,20942125,0.0,0.0,0.0
2024-05-08 00:00:00+03:00,0.3440000116825104,0.34599998593330383,0.33399999141693115,0.33500000834465027,16670189,0.0,0.0,0.0
2024-05-09 00:00:00+03:00,0.33500000834465027,0.33899998664855957,0.3319999873638153,0.33500000834465027,9554646,0.0,0.0,0.0
2024-05-12 00:00:00+03:00,0.33500000834465027,0.3449999988079071,0.31700000166893005,0.3190000057220459,17821804,0.0,0.0,0.0
2024-05-13 00:00:00+03:00,0.3190000057220459,0.3240000009536743,0.3059999942779541,0.3140000104904175,23920128,0.0,0.0,0.0
2024-05-14 00:00:00+03:00,0.3140000104904175,0.3179999887943268,0.30799999833106995,0.31200000643730164,12513359,0.0,0.0,0.0
2024-05-15 00:00:00+03:00,0.31200000643730164,0.33000001311302185,0.3109999895095825,0.32600000500679016,38866486,0.0,0.0,0.0
2024-05-16 00:00:00+03:00,0.32600000500679016,0.3319999873638153,0.3240000009536743,0.3310000002384186,16471982,0.0,0.0,0.0
2024-05-19 00:00:00+03:00,0.3310000002384186,0.34299999475479126,0.3319999873638153,0.34299999475479126,29350436,0.0,0.0,0.0
2024-05-20 00:00:00+03:00,0.34299999475479126,0.35600000619888306,0.3400000035762787,0.3449999988079071,29050360,0.0,0.0,0.0
2024-05-21 00:00:00+03:00,0.3449999988079071,0.35199999809265137,0.335999995470047,0.33799999952316284,21127895,0.0,0.0,0.0
2024-05-22 00:00:00+03:00,0.33799999952316284,0.3400000035762787,0.3330000042915344,0.3370000123977661,13832331,0.0,0.0,0.0
2024-05-23 00:00:00+03:00,0.3370000123977661,0.35199999809265137,0.3370000123977661,0.3499999940395355,28597819,0.0,0.0,0.0
2024-05-26 00:00:00+03:00,0.3499999940395355,0.3499999940395355,0.3499999940395355,0.3499999940395355,0,0.0,0.0,0.0
2024-05-27 00:00:00+03:00,0.3499999940395355,0.3709999918937683,0.3490000069141388,0.35600000619888306,60503879,0.0,0.0,0.0
2024-05-28 00:00:00+03:00,0.35600000619888306,0.3610000014305115,0.34200000762939453,0.35899999737739563,26295174,0.0,0.0,0.0
2024-05-29 00:00:00+03:00,0.35899999737739563,0.37299999594688416,0.3610000014305115,0.3610000014305115,64849355,0.0,0.0,0.0
2024-05-30 00:00:00+03:00,0.3610000014305115,0.36899998784065247,0.35499998927116394,0.3580000102519989,17370761,0.0,0.0,0.0
2024-06-02 00:00:00+03:00,0.3580000102519989,0.36500000953674316,0.35600000619888306,0.36000001430511475,16371447,0.0,0.0,0.0
2024-06-03 00:00:00+03:00,0.36000001430511475,0.3619999885559082,0.3440000116825104,0.35100001096725464,15668108,0.0,0.0,0.0
2024-06-04 00:00:00+03:00,0.35100001096725464,0.36399999260902405,0.35499998927116394,0.35600000619888306,24783790,0.0,0.0,0.0
2024-06-05 00:00:00+03:00,0.35600000619888306,0.3580000102519989,0.34299999475479126,0.3449999988079071,25862399,0.0,0.0,0.0
2024-06-06 00:00:00+03:00,0.3449999988079071,0.3479999899864197,0.3400000035762787,0.3400000035762787,12697013,0.0,0.0,0.0
2024-06-09 00:00:00+03:00,0.3400000035762787,0.33899998664855957,0.3240000009536743,0.32499998807907104,17979504,0.0,0.0,0.0
2024-06-10 00:00:00+03:00,0.32499998807907104,0.3269999921321869,0.32100000977516174,0.32600000500679016,12297638,0.0,0.0,0.0
2024-06-11 00:00:00+03:00,0.32600000500679016,0.3370000123977661,0.33000001311302185,0.3330000042915344,19301795,0.0,0.0,0.0
2024-06-12 00:00:00+03:00,0.3330000042915344,0.3490000069141388,0.335999995470047,0.34200000762939453,27420543,0.0,0.0,0.0
2024-06-13 00:00:00+03:00,0.34200000762939453,0.35100001096725464,0.3400000035762787,0.3499999940395355,19350951,0.0,0.0,0.0
2024-06-23 00:00:00+03:00,0.3499999940395355,0.41999998688697815,0.3580000102519989,0.41999998688697815,147377616,0.0,0.0,0.0
2024-06-24 00:00:00+03:00,0.41999998688697815,0.43799999356269836,0.40700000524520874,0.41100001335144043,90893912,0.0,0.0,0.0
2024-06-25 00:00:00+03:00,0.41100001335144043,0.41499999165534973,0.3919999897480011,0.3919999897480011,71558719,0.0,0.0,0.0
2024-06-26 00:00:00+03:00,0.3919999897480011,0.4350000023841858,0.39500001072883606,0.4009999930858612,165315184,0.0,0.0,0.0
2024-06-27 00:00:00+03:00,0.4009999930858612,0.4090000092983246,0.3919999897480011,0.39500001072883606,77185496,0.0,0.0,0.0
2024-07-02 00:00:00+03:00,0.3959999978542328,0.40400001406669617,0.3919999897480011,0.39399999380111694,51722314,0.0,0.0,0.0
2024-07-03 00:00:00+03:00,0.39399999380111694,0.4020000100135803,0.39500001072883606,0.3959999978542328,36754217,0.0,0.0,0.0
2024-07-04 00:00:00+03:00,0.3959999978542328,0.42500001192092896,0.4000000059604645,0.40700000524520874,184211598,0.0,0.0,0.0
2024-07-07 00:00:00+03:00,0.40700000524520874,0.41499999165534973,0.4009999930858612,0.4059999883174896,49055361,0.0,0.0,0.0
2024-07-08 00:00:00+03:00,0.4059999883174896,0.4129999876022339,0.4020000100135803,0.4050000011920929,68527493,0.0,0.0,0.0
2024-07-09 00:00:00+03:00,0.4050000011920929,0.4090000092983246,0.39800000190734863,0.39800000190734863,36957348,0.0,0.0,0.0
2024-07-10 00:00:00+03:00,0.39800000190734863,0.4050000011920929,0.39800000190734863,0.4020000100135803,36998742,0.0,0.0,0.0
2024-07-14 00:00:00+03:00,0.4020000100135803,0.4230000078678131,0.40400001406669617,0.40799999237060547,75180923,0.0,0.0,0.0
2024-07-15 00:00:00+03:00,0.40799999237060547,0.41600000858306885,0.4059999883174896,0.40700000524520874,36643505,0.0,0.0,0.0
2024-07-16 00:00:00+03:00,0.40700000524520874,0.41200000047683716,0.40299999713897705,0.40700000524520874,44956175,0.0,0.0,0.0
2024-07-17 00:00:00+03:00,0.40700000524520874,0.4269999861717224,0.40700000524520874,0.4180000126361847,137166494,0.0,0.0,0.0
2024-07-18 00:00:00+03:00,0.4180000126361847,0.42500001192092896,0.414000004529953,0.41499999165534973,68526720,0.0,0.0,0.0
2024-07-21 00:00:00+03:00,0.41499999165534973,0.44600000977516174,0.4169999957084656,0.44200000166893005,254775493,0.0,0.0,0.0
2024-07-22 00:00:00+03:00,0.44200000166893005,0.4449999928474426,0.4259999990463257,0.4259999990463257,108463644,0.0,0.0,0.0
2024-07-23 00:00:00+03:00,0.4259999990463257,0.4399999976158142,0.42399999499320984,0.4320000112056732,91913848,0.0,0.0,0.0
2024-07-24 00:00:00+03:00,0.4320000112056732,0.4399999976158142,0.42800000309944153,0.4300000071525574,65305850,0.0,0.0,0.0
2024-07-28 00:00:00+03:00,0.4300000071525574,0.4410000145435333,0.42399999499320984,0.4300000071525574,72286386,0.0,0.0,0.0
2024-07-29 00:00:00+03:00,0.4300000071525574,0.4339999854564667,0.4230000078678131,0.4230000078678131,38689535,0.0,0.0,0.0
2024-07-30 00:00:00+03:00,0.4230000078678131,0.4359999895095825,0.4169999957084656,0.4350000023841858,61121301,0.0,0.0,0.0
2024-07-31 00:00:00+03:00,0.4350000023841858,0.4560000002384186,0.4300000071525574,0.44699999690055847,193915962,0.0,0.0,0.0
2024-08-01 00:00:00+03:00,0.44699999690055847,0.45500001311302185,0.43299999833106995,0.4359999895095825,135591536,0.0,0.0,0.0
2024-08-04 00:00:00+03:00,0.4359999895095825,0.42500001192092896,0.4090000092983246,0.4090000092983246,85982660,0.0,0.0,0.0
2024-08-05 00:00:00+03:00,0.4090000092983246,0.4090000092983246,0.3799999952316284,0.3889999985694885,90055250,0.0,0.0,0.0
2024-08-06 00:00:00+03:00,0.3889999985694885,0.4050000011920929,0.3930000066757202,0.4000000059604645,81542499,0.0,0.0,0.0
2024-08-07 00:00:00+03:00,0.4000000059604645,0.40700000524520874,0.3970000147819519,0.40299999713897705,79054830,0.0,0.0,0.0
2024-08-08 00:00:00+03:00,0.40299999713897705,0.40700000524520874,0.39800000190734863,0.39800000190734863,52084242,0.0,0.0,0.0
2024-08-11 00:00:00+03:00,0.39800000190734863,0.414000004529953,0.4020000100135803,0.41100001335144043,93069195,0.0,0.0,0.0
2024-08-12 00:00:00+03:00,0.41100001335144043,0.41600000858306885,0.40299999713897705,0.4059999883174896,55150588,0.0,0.0,0.0
2024-08-13 00:00:00+03:00,0.4059999883174896,0.40799999237060547,0.39800000190734863,0.4009999930858612,44651372,0.0,0.0,0.0
2024-08-14 00:00:00+03:00,0.4009999930858612,0.4090000092983246,0.39800000190734863,0.4000000059604645,37226065,0.0,0.0,0.0
2024-08-15 00:00:00+03:00,0.4000000059604645,0.4059999883174896,0.3970000147819519,0.39800000190734863,35774394,0.0,0.0,0.0
2024-08-18 00:00:00+03:00,0.39800000190734863,0.40400001406669617,0.39899998903274536,0.39899998903274536,32283495,0.0,0.0,0.0
2024-08-19 00:00:00+03:00,0.39899998903274536,0.4129999876022339,0.4009999930858612,0.4059999883174896,79326422,0.0,0.0,0.0
2024-08-20 00:00:00+03:00,0.4059999883174896,0.4180000126361847,0.40700000524520874,0.414000004529953,86722807,0.0,0.0,0.0
2024-08-21 00:00:00+03:00,0.414000004529953,0.4189999997615814,0.41100001335144043,0.41200000047683716,47527277,0.0,0.0,0.0
2024-08-22 00:00:00+03:00,0.41200000047683716,0.421999990940094,0.40799999237060547,0.4129999876022339,66192038,0.0,0.0,0.0
2024-08-25 00:00:00+03:00,0.4129999876022339,0.42399999499320984,0.41600000858306885,0.4180000126361847,77317423,0.0,0.0,0.0
2024-08-26 00:00:00+03:00,0.4180000126361847,0.42100000381469727,0.4129999876022339,0.4129999876022339,39550545,0.0,0.0,0.0
2024-08-27 00:00:00+03:00,0.4129999876022339,0.421999990940094,0.4129999876022339,0.4189999997615814,80868301,0.0,0.0,0.0
2024-08-28 00:00:00+03:00,0.4189999997615814,0.42500001192092896,0.4180000126361847,0.42399999499320984,68127120,0.0,0.0,0.0
2024-08-29 00:00:00+03:00,0.42399999499320984,0.42899999022483826,0.4189999997615814,0.41999998688697815,52940110,0.0,0.0,0.0
2024-09-01 00:00:00+03:00,0.41999998688697815,0.42399999499320984,0.4189999997615814,0.41999998688697815,31939965,0.0,0.0,0.0
2024-09-02 00:00:00+03:00,0.41999998688697815,0.42399999499320984,0.4180000126361847,0.4180000126361847,40351899,0.0,0.0,0.0
2024-09-03 00:00:00+03:00,0.4180000126361847,0.42100000381469727,0.41499999165534973,0.41600000858306885,26273440,0.0,0.0,0.0
2024-09-04 00:00:00+03:00,0.41600000858306885,0.42100000381469727,0.414000004529953,0.4180000126361847,35275290,0.0,0.0,0.0
2024-09-05 00:00:00+03:00,0.4180000126361847,0.4339999854564667,0.4189999997615814,0.4230000078678131,124895160,0.0,0.0,0.0
2024-09-08 00:00:00+03:00,0.4230000078678131,0.4320000112056732,0.4180000126361847,0.4189999997615814,61930444,0.0,0.0,0.0
2024-09-09 00:00:00+03:00,0.4189999997615814,0.4230000078678131,0.4169999957084656,0.4180000126361847,31543673,0.0,0.0,0.0
2024-09-10 00:00:00+03:00,0.4180000126361847,0.421999990940094,0.41200000047683716,0.4129999876022339,21416370,0.0,0.0,0.0
2024-09-11 00:00:00+03:00,0.4129999876022339,0.41600000858306885,0.4050000011920929,0.41499999165534973,20615884,0.0,0.0,0.0
2024-09-12 00:00:00+03:00,0.41499999165534973,0.4180000126361847,0.4099999964237213,0.41100001335144043,31261700,0.0,0.0,0.0
2024-09-16 00:00:00+03:00,0.41100001335144043,0.41499999165534973,0.4099999964237213,0.4099999964237213,16794175,0.0,0.0,0.0
2024-09-17 00:00:00+03:00,0.4099999964237213,0.4129999876022339,0.40400001406669617,0.40700000524520874,17807464,0.0,0.0,0.0
2024-09-18 00:00:00+03:00,0.40700000524520874,0.41200000047683716,0.4050000011920929,0.4090000092983246,17764380,0.0,0.0,0.0
2024-09-19 00:00:00+03:00,0.4090000092983246,0.4129999876022339,0.4090000092983246,0.4099999964237213,32271536,0.0,0.0,0.0
2024-09-22 00:00:00+03:00,0.4099999964237213,0.4189999997615814,0.41100001335144043,0.41600000858306885,36546629,0.0,0.0,0.0
2024-09-23 00:00:00+03:00,0.41600000858306885,0.42100000381469727,0.414000004529953,0.41499999165534973,39412170,0.0,0.0,0.0
2024-09-24 00:00:00+03:00,0.42800000309944153,0.4359999895095825,0.42399999499320984,0.4259999990463257,67185935,0.0,0.0,0.0
2024-09-25 00:00:00+03:00,0.4169999957084656,0.4309999942779541,0.4189999997615814,0.42800000309944153,149040751,0.0,0.0,0.0
2024-09-26 00:00:00+03:00,0.42800000309944153,0.4359999895095825,0.42399999499320984,0.4259999990463257,67185935,0.0,0.0,0.0
2024-09-29 00:00:00+03:00,0.4259999990463257,0.42800000309944153,0.42399999499320984,0.42500001192092896,41273675,0.0,0.0,0.0
2024-09-30 00:00:00+03:00,0.42500001192092896,0.4269999861717224,0.4230000078678131,0.4230000078678131,23319477,0.0,0.0,0.0
2024-10-01 00:00:00+03:00,0.4230000078678131,0.42500001192092896,0.4189999997615814,0.42100000381469727,48072555,0.0,0.0,0.0
2024-10-02 00:00:00+03:00,0.42100000381469727,0.41999998688697815,0.4099999964237213,0.41100001335144043,41119032,0.0,0.0,0.0
2024-10-03 00:00:00+03:00,0.41100001335144043,0.41499999165534973,0.4090000092983246,0.41200000047683716,34932941,0.0,0.0,0.0
2024-10-07 00:00:00+03:00,0.41200000047683716,0.41499999165534973,0.4090000092983246,0.4090000092983246,44516659,0.0,0.0,0.0
2024-10-08 00:00:00+03:00,0.4090000092983246,0.41100001335144043,0.38999998569488525,0.39399999380111694,39552598,0.0,0.0,0.0
2024-10-09 00:00:00+03:00,0.39399999380111694,0.40299999713897705,0.3970000147819519,0.39899998903274536,36210937,0.0,0.0,0.0
2024-10-10 00:00:00+03:00,0.39899998903274536,0.4020000100135803,0.3919999897480011,0.3919999897480011,34257520,0.0,0.0,0.0
2024-10-13 00:00:00+03:00,0.3919999897480011,0.3959999978542328,0.3840000033378601,0.3840000033378601,48053003,0.0,0.0,0.0
2024-10-14 00:00:00+03:00,0.3840000033378601,0.38999998569488525,0.3790000081062317,0.3799999952316284,28352132,0.0,0.0,0.0
2024-10-15 00:00:00+03:00,0.3799999952316284,0.3919999897480011,0.3799999952316284,0.382999986410141,54246494,0.0,0.0,0.0
2024-10-16 00:00:00+03:00,0.382999986410141,0.3889999985694885,0.3799999952316284,0.3799999952316284,40776866,0.0,0.0,0.0
2024-10-17 00:00:00+03:00,0.3799999952316284,0.382999986410141,0.3720000088214874,0.3720000088214874,29846212,0.0,0.0,0.0
2024-10-20 00:00:00+03:00,0.3720000088214874,0.38199999928474426,0.3580000102519989,0.36000001430511475,53544984,0.0,0.0,0.0
2024-10-21 00:00:00+03:00,0.36000001430511475,0.37599998712539673,0.35899999737739563,0.37599998712539673,58912849,0.0,0.0,0.0
2024-10-22 00:00:00+03:00,0.37599998712539673,0.38600000739097595,0.3709999918937683,0.3840000033378601,68819147,0.0,0.0,0.0
2024-10-23 00:00:00+03:00,0.3840000033378601,0.3869999945163727,0.3790000081062317,0.3799999952316284,46790088,0.0,0.0,0.0
2024-10-24 00:00:00+03:00,0.3799999952316284,0.38199999928474426,0.37700000405311584,0.38100001215934753,27503160,0.0,0.0,0.0
2024-10-27 00:00:00+03:00,0.38100001215934753,0.4129999876022339,0.3840000033378601,0.4050000011920929,186528334,0.0,0.0,0.0
2024-10-28 00:00:00+03:00,0.4050000011920929,0.41200000047683716,0.39899998903274536,0.40799999237060547,136283783,0.0,0.0,0.0
2024-10-29 00:00:00+03:00,0.40799999237060547,0.4259999990463257,0.4020000100135803,0.4259999990463257,144509252,0.0,0.0,0.0
2024-10-30 00:00:00+03:00,0.4259999990463257,0.42899999022483826,0.4169999957084656,0.4180000126361847,86205582,0.0,0.0,0.0
2024-10-31 00:00:00+03:00,0.4180000126361847,0.4320000112056732,0.4180000126361847,0.4230000078678131,93668003,0.0,0.0,0.0
2024-11-03 00:00:00+02:00,0.4230000078678131,0.42399999499320984,0.4169999957084656,0.4180000126361847,66880349,0.0,0.0,0.0
2024-11-04 00:00:00+02:00,0.4180000126361847,0.421999990940094,0.41499999165534973,0.41600000858306885,41643615,0.0,0.0,0.0
2024-11-05 00:00:00+02:00,0.41600000858306885,0.4189999997615814,0.414000004529953,0.41499999165534973,25058178,0.0,0.0,0.0
2024-11-06 00:00:00+02:00,0.41499999165534973,0.4359999895095825,0.4169999957084656,0.4269999861717224,307339802,0.0,0.0,0.0
2024-11-07 00:00:00+02:00,0.4269999861717224,0.4339999854564667,0.41999998688697815,0.42100000381469727,79057506,0.0,0.0,0.0
2024-11-10 00:00:00+02:00,0.42100000381469727,0.4359999895095825,0.42100000381469727,0.4309999942779541,128395155,0.0,0.0,0.0
2024-11-11 00:00:00+02:00,0.4309999942779541,0.4390000104904175,0.43299999833106995,0.4390000104904175,95677241,0.0,0.0,0.0
2024-11-12 00:00:00+02:00,0.4390000104904175,0.4569999873638153,0.4410000145435333,0.45399999618530273,311751276,0.0,0.0,0.0
2024-11-13 00:00:00+02:00,0.45399999618530273,0.4569999873638153,0.44699999690055847,0.44999998807907104,108417981,0.0,0.0,0.0
2024-11-14 00:00:00+02:00,0.44999998807907104,0.4519999921321869,0.44699999690055847,0.45100000500679016,60752481,0.0,0.0,0.0
2024-11-17 00:00:00+02:00,0.45100000500679016,0.45100000500679016,0.4410000145435333,0.4440000057220459,60495414,0.0,0.0,0.0
2024-11-18 00:00:00+02:00,0.4440000057220459,0.44600000977516174,0.4410000145435333,0.4449999928474426,88822373,0.0,0.0,0.0
2024-11-19 00:00:00+02:00,0.4449999928474426,0.4699999988079071,0.43700000643730164,0.4699999988079071,273849652,0.0,0.0,0.0
2024-11-20 00:00:00+02:00,0.4699999988079071,0.4729999899864197,0.45899999141693115,0.46000000834465027,146714590,0.0,0.0,0.0
2024-11-21 00:00:00+02:00,0.46000000834465027,0.46799999475479126,0.45399999618530273,0.45399999618530273,64603550,0.0,0.0,0.0
2024-11-24 00:00:00+02:00,0.45399999618530273,0.46700000762939453,0.4490000009536743,0.46399998664855957,105140855,0.0,0.0,0.0
2024-11-25 00:00:00+02:00,0.46399998664855957,0.46700000762939453,0.4519999921321869,0.45399999618530273,113333075,0.0,0.0,0.0
2024-11-26 00:00:00+02:00,0.45399999618530273,0.4580000042915344,0.4490000009536743,0.4490000009536743,70169650,0.0,0.0,0.0
2024-11-27 00:00:00+02:00,0.4490000009536743,0.4519999921321869,0.4300000071525574,0.4359999895095825,107358120,0.0,0.0,0.0
2024-11-28 00:00:00+02:00,0.4359999895095825,0.4390000104904175,0.421999990940094,0.4269999861717224,66627320,0.0,0.0,0.0
2024-12-01 00:00:00+02:00,0.4269999861717224,0.4399999976158142,0.4269999861717224,0.4309999942779541,60648061,0.0,0.0,0.0
2024-12-02 00:00:00+02:00,0.4309999942779541,0.43700000643730164,0.4189999997615814,0.42100000381469727,77386992,0.0,0.0,0.0
2024-12-03 00:00:00+02:00,0.42100000381469727,0.4399999976158142,0.41999998688697815,0.4390000104904175,121075353,0.0,0.0,0.0
2024-12-04 00:00:00+02:00,0.4390000104904175,0.4429999887943268,0.4300000071525574,0.4320000112056732,85640068,0.0,0.0,0.0
2024-12-05 00:00:00+02:00,0.4320000112056732,0.4359999895095825,0.42899999022483826,0.4339999854564667,73055883,0.0,0.0,0.0
2024-12-08 00:00:00+02:00,0.4339999854564667,0.44699999690055847,0.4339999854564667,0.44600000977516174,87196447,0.0,0.0,0.0
2024-12-09 00:00:00+02:00,0.44600000977516174,0.4790000021457672,0.44600000977516174,0.4699999988079071,363009665,0.0,0.0,0.0
2024-12-10 00:00:00+02:00,0.4699999988079071,0.5059999823570251,0.4699999988079071,0.5040000081062317,542133168,0.0,0.0,0.0
2024-12-11 00:00:00+02:00,0.5040000081062317,0.515999972820282,0.5,0.5059999823570251,249761377,0.0,0.0,0.0
2024-12-12 00:00:00+02:00,0.5059999823570251,0.5559999942779541,0.49799999594688416,0.5360000133514404,388989922,0.0,0.0,0.0
2024-12-15 00:00:00+02:00,0.5360000133514404,0.5879999995231628,0.5370000004768372,0.5709999799728394,312925005,0.0,0.0,0.0
2024-12-16 00:00:00+02:00,0.5709999799728394,0.5770000219345093,0.546999990940094,0.5569999814033508,132270882,0.0,0.0,0.0
2024-12-17 00:00:00+02:00,0.5569999814033508,0.6000000238418579,0.5509999990463257,0.5860000252723694,296812043,0.0,0.0,0.0
2024-12-18 00:00:00+02:00,0.5860000252723694,0.5929999947547913,0.5649999976158142,0.5649999976158142,122621191,0.0,0.0,0.0
2024-12-19 00:00:00+02:00,0.5649999976158142,0.5730000138282776,0.5540000200271606,0.5580000281333923,115134876,0.0,0.0,0.0
2024-12-22 00:00:00+02:00,0.5580000281333923,0.5830000042915344,0.5540000200271606,0.5590000152587891,150185975,0.0,0.0,0.0
2024-12-23 00:00:00+02:00,0.5590000152587891,0.5699999928474426,0.527999997138977,0.5400000214576721,126189002,0.0,0.0,0.0
2024-12-24 00:00:00+02:00,0.5400000214576721,0.5529999732971191,0.5199999809265137,0.5509999990463257,102578232,0.0,0.0,0.0
2024-12-25 00:00:00+02:00,0.5509999990463257,0.5559999942779541,0.5289999842643738,0.5339999794960022,53801334,0.0,0.0,0.0
2024-12-26 00:00:00+02:00,0.5339999794960022,0.5389999747276306,0.5230000019073486,0.5239999890327454,57206420,0.0,0.0,0.0
2024-12-29 00:00:00+02:00,0.5239999890327454,0.5529999732971191,0.5249999761581421,0.5379999876022339,123944115,0.0,0.0,0.0
2024-12-30 00:00:00+02:00,0.5379999876022339,0.5759999752044678,0.5450000166893005,0.5559999942779541,337463207,0.0,0.0,0.0
2024-12-31 00:00:00+02:00,0.5559999942779541,0.5649999976158142,0.5450000166893005,0.546999990940094,110086992,0.0,0.0,0.0
2025-01-02 00:00:00+02:00,0.546999990940094,0.5659999847412109,0.5519999861717224,0.5590000152587891,80016142,0.0,0.0,0.0
2025-01-05 00:00:00+02:00,0.5590000152587891,0.5699999928474426,0.5559999942779541,0.5559999942779541,42771723,0.0,0.0,0.0
2025-01-06 00:00:00+02:00,0.5559999942779541,0.5640000104904175,0.5389999747276306,0.5519999861717224,101122433,0.0,0.0,0.0
2025-01-08 00:00:00+02:00,0.5519999861717224,0.5590000152587891,0.5400000214576721,0.5460000038146973,90775863,0.0,0.0,0.0
2025-01-09 00:00:00+02:00,0.5460000038146973,0.5519999861717224,0.5360000133514404,0.5370000004768372,64424780,0.0,0.0,0.0
2025-01-12 00:00:00+02:00,0.5370000004768372,0.5379999876022339,0.5180000066757202,0.5210000276565552,63106770,0.0,0.0,0.0
2025-01-13 00:00:00+02:00,0.5210000276565552,0.531000018119812,0.4950000047683716,0.49799999594688416,87879325,0.0,0.0,0.0
2025-01-14 00:00:00+02:00,0.49799999594688416,0.5070000290870667,0.47699999809265137,0.5049999952316284,103800394,0.0,0.0,0.0
2025-01-15 00:00:00+02:00,0.5049999952316284,0.5270000100135803,0.5019999742507935,0.515999972820282,107018857,0.0,0.0,0.0
2025-01-16 00:00:00+02:00,0.515999972820282,0.5400000214576721,0.5170000195503235,0.5199999809265137,106964385,0.0,0.0,0.0
2025-01-19 00:00:00+02:00,0.515999972820282,0.5410000085830688,0.5170000195503235,0.5400000214576721,225557930,0.0,0.0,0.0
2025-01-20 00:00:00+02:00,0.5339999794960022,0.5450000166893005,0.5270000100135803,0.5370000004768372,100860774,0.0,0.0,0.0
2025-01-21 00:00:00+02:00,0.5370000004768372,0.546999990940094,0.5299999713897705,0.5370000004768372,69716677,0.0,0.0,0.0
2025-01-22 00:00:00+02:00,0.5370000004768372,0.5569999814033508,0.5379999876022339,0.5450000166893005,156592827,0.0,0.0,0.0
2025-01-23 00:00:00+02:00,0.5450000166893005,0.5490000247955322,0.5329999923706055,0.5400000214576721,49559559,0.0,0.0,0.0
2025-01-26 00:00:00+02:00,0.5400000214576721,0.5720000267028809,0.5400000214576721,0.5640000104904175,153194076,0.0,0.0,0.0
2025-01-27 00:00:00+02:00,0.5640000104904175,0.5680000185966492,0.5410000085830688,0.5410000085830688,66679640,0.0,0.0,0.0
2025-01-28 00:00:00+02:00,0.5410000085830688,0.5540000200271606,0.5419999957084656,0.5440000295639038,43265799,0.0,0.0,0.0
2025-01-29 00:00:00+02:00,0.5440000295639038,0.5569999814033508,0.5410000085830688,0.5450000166893005,67954382,0.0,0.0,0.0
2025-01-30 00:00:00+02:00,0.5450000166893005,0.550000011920929,0.5339999794960022,0.5370000004768372,29084507,0.0,0.0,0.0
2025-02-02 00:00:00+02:00,0.5370000004768372,0.5400000214576721,0.5210000276565552,0.5210000276565552,41392775,0.0,0.0,0.0
2025-02-03 00:00:00+02:00,0.5210000276565552,0.5249999761581421,0.5130000114440918,0.5199999809265137,38370163,0.0,0.0,0.0
2025-02-04 00:00:00+02:00,0.5199999809265137,0.5350000262260437,0.5210000276565552,0.5329999923706055,37794752,0.0,0.0,0.0
2025-02-05 00:00:00+02:00,0.5329999923706055,0.5379999876022339,0.5249999761581421,0.5270000100135803,14004250,0.0,0.0,0.0
2025-02-06 00:00:00+02:00,0.5270000100135803,0.5400000214576721,0.5289999842643738,0.5400000214576721,46636459,0.0,0.0,0.0
2025-02-09 00:00:00+02:00,0.5400000214576721,0.5509999990463257,0.5389999747276306,0.5389999747276306,46546932,0.0,0.0,0.0
2025-02-10 00:00:00+02:00,0.5389999747276306,0.5910000205039978,0.5350000262260437,0.5899999737739563,242379938,0.0,0.0,0.0
2025-02-11 00:00:00+02:00,0.5899999737739563,0.5950000286102295,0.5329999923706055,0.5440000295639038,425628445,0.0,0.0,0.0
2025-02-12 00:00:00+02:00,0.5440000295639038,0.550000011920929,0.5320000052452087,0.5410000085830688,143242201,0.0,0.0,0.0
2025-02-13 00:00:00+02:00,0.5410000085830688,0.5479999780654907,0.5350000262260437,0.5389999747276306,89961835,0.0,0.0,0.0
2025-02-16 00:00:00+02:00,0.5389999747276306,0.5479999780654907,0.5389999747276306,0.5440000295639038,64653378,0.0,0.0,0.0
2025-02-17 00:00:00+02:00,0.5440000295639038,0.5580000281333923,0.5400000214576721,0.550000011920929,127723538,0.0,0.0,0.0
2025-02-18 00:00:00+02:00,0.550000011920929,0.5649999976158142,0.550000011920929,0.5529999732971191,91754233,0.0,0.0,0.0
2025-02-19 00:00:00+02:00,0.5529999732971191,0.5609999895095825,0.5529999732971191,0.5529999732971191,53676828,0.0,0.0,0.0
2025-02-20 00:00:00+02:00,0.5529999732971191,0.5600000023841858,0.5509999990463257,0.5509999990463257,44169757,0.0,0.0,0.0
2025-02-23 00:00:00+02:00,0.5509999990463257,0.5559999942779541,0.5479999780654907,0.550000011920929,68376847,0.0,0.0,0.0
2025-02-24 00:00:00+02:00,0.550000011920929,0.5550000071525574,0.5429999828338623,0.5429999828338623,50945025,0.0,0.0,0.0
2025-02-25 00:00:00+02:00,0.5429999828338623,0.5450000166893005,0.527999997138977,0.5299999713897705,54724256,0.0,0.0,0.0
2025-02-26 00:00:00+02:00,0.5299999713897705,0.5350000262260437,0.5199999809265137,0.5230000019073486,64062050,0.0,0.0,0.0
2025-02-27 00:00:00+02:00,0.5230000019073486,0.5289999842643738,0.5220000147819519,0.5239999890327454,40159225,0.0,0.0,0.0
2025-03-02 00:00:00+02:00,0.5239999890327454,0.5270000100135803,0.515999972820282,0.5170000195503235,22160472,0.0,0.0,0.0
2025-03-03 00:00:00+02:00,0.5170000195503235,0.5239999890327454,0.5180000066757202,0.5220000147819519,19845590,0.0,0.0,0.0
2025-03-04 00:00:00+02:00,0.5220000147819519,0.531000018119812,0.5199999809265137,0.5270000100135803,30454985,0.0,0.0,0.0
2025-03-05 00:00:00+02:00,0.5270000100135803,0.5289999842643738,0.5149999856948853,0.5249999761581421,36256915,0.0,0.0,0.0
2025-03-06 00:00:00+02:00,0.5249999761581421,0.5360000133514404,0.5220000147819519,0.5329999923706055,47113899,0.0,0.0,0.0
2025-03-09 00:00:00+02:00,0.5329999923706055,0.5450000166893005,0.5370000004768372,0.5400000214576721,51199767,0.0,0.0,0.0
2025-03-10 00:00:00+02:00,0.5400000214576721,0.550000011920929,0.5299999713897705,0.531000018119812,74719918,0.0,0.0,0.0
2025-03-11 00:00:00+02:00,0.531000018119812,0.531000018119812,0.5249999761581421,0.5270000100135803,28226301,0.0,0.0,0.0
2025-03-12 00:00:00+02:00,0.5270000100135803,0.5320000052452087,0.5260000228881836,0.5260000228881836,17713581,0.0,0.0,0.0
2025-03-13 00:00:00+02:00,0.5260000228881836,0.5379999876022339,0.5249999761581421,0.5270000100135803,76783323,0.0,0.0,0.0
2025-03-16 00:00:00+02:00,0.5270000100135803,0.5350000262260437,0.5260000228881836,0.5260000228881836,23748371,0.0,0.0,0.0
2025-03-17 00:00:00+02:00,0.5260000228881836,0.5289999842643738,0.5210000276565552,0.5220000147819519,22438693,0.0,0.0,0.0
2025-03-18 00:00:00+02:00,0.5220000147819519,0.5299999713897705,0.5180000066757202,0.5230000019073486,48062981,0.0,0.0,0.0
2025-03-19 00:00:00+02:00,0.5230000019073486,0.578000009059906,0.5230000019073486,0.5699999928474426,204158436,0.0,0.0,0.0
2025-03-20 00:00:00+02:00,0.5699999928474426,0.6000000238418579,0.5640000104904175,0.5879999995231628,185819529,0.0,0.0,0.0
2025-03-23 00:00:00+02:00,0.5879999995231628,0.6399999856948853,0.5899999737739563,0.6159999966621399,256176496,0.0,0.0,0.0
2025-03-24 00:00:00+02:00,0.6159999966621399,0.6389999985694885,0.6129999756813049,0.6340000033378601,169262754,0.0,0.0,0.0
2025-03-25 00:00:00+02:00,0.6340000033378601,0.6629999876022339,0.6330000162124634,0.6600000262260437,127408163,0.0,0.0,0.0
2025-03-26 00:00:00+02:00,0.6600000262260437,0.6700000166893005,0.6420000195503235,0.6629999876022339,71696494,0.0,0.0,0.0
2025-03-27 00:00:00+02:00,0.6629999876022339,0.6700000166893005,0.652999997138977,0.6549999713897705,69249908,0.0,0.0,0.0
2025-04-03 00:00:00+02:00,0.6549999713897705,0.6759999990463257,0.6399999856948853,0.6639999747276306,37194837,0.0,0.0,0.0
2025-04-06 00:00:00+02:00,0.6639999747276306,0.6349999904632568,0.6050000190734863,0.6150000095367432,109374357,0.0,0.0,0.0
2025-04-07 00:00:00+02:00,0.6150000095367432,0.6349999904632568,0.5929999947547913,0.6330000162124634,125767815,0.0,0.0,0.0
2025-04-08 00:00:00+02:00,0.6330000162124634,0.6520000100135803,0.6340000033378601,0.640999972820282,108601113,0.0,0.0,0.0
2025-04-09 00:00:00+02:00,0.640999972820282,0.640999972820282,0.6060000061988831,0.6079999804496765,82977741,0.0,0.0,0.0
2025-04-10 00:00:00+02:00,0.6079999804496765,0.6610000133514404,0.6200000047683716,0.6610000133514404,162278255,0.0,0.0,0.0
2025-04-13 00:00:00+02:00,0.6610000133514404,0.6700000166893005,0.6499999761581421,0.652999997138977,107060173,0.0,0.0,0.0
2025-04-14 00:00:00+02:00,0.652999997138977,0.6639999747276306,0.6439999938011169,0.6439999938011169,88627094,0.0,0.0,0.0
2025-04-15 00:00:00+02:00,0.6439999938011169,0.652999997138977,0.6359999775886536,0.6499999761581421,84047596,0.0,0.0,0.0
2025-04-16 00:00:00+02:00,0.6499999761581421,0.6850000023841858,0.6510000228881836,0.6830000281333923,282617155,0.0,0.0,0.0
2025-04-17 00:00:00+02:00,0.6830000281333923,0.6800000071525574,0.6620000004768372,0.6620000004768372,77611667,0.0,0.0,0.0
2025-04-22 00:00:00+02:00,0.6620000004768372,0.6869999766349792,0.6629999876022339,0.6700000166893005,157732761,0.0,0.0,0.0
2025-04-23 00:00:00+02:00,0.6700000166893005,0.6800000071525574,0.6690000295639038,0.675000011920929,58132690,0.0,0.0,0.0
2025-04-27 00:00:00+03:00,0.675000011920929,0.6790000200271606,0.6690000295639038,0.6710000038146973,33557850,0.0,0.0,0.0
2025-04-28 00:00:00+03:00,0.6710000038146973,0.7089999914169312,0.6759999990463257,0.6899999976158142,305838395,0.0,0.0,0.0
2025-04-29 00:00:00+03:00,0.6899999976158142,0.6959999799728394,0.6809999942779541,0.6809999942779541,34461981,0.0,0.0,0.0
2025-04-30 00:00:00+03:00,0.6809999942779541,0.6899999976158142,0.6700000166893005,0.6729999780654907,93576871,0.0,0.0,0.0
2025-05-04 00:00:00+03:00,0.6729999780654907,0.6850000023841858,0.6729999780654907,0.6740000247955322,32388358,0.0,0.0,0.0
2025-05-05 00:00:00+03:00,0.6740000247955322,0.699999988079071,0.6729999780654907,0.6880000233650208,162732769,0.0,0.0,0.0
2025-05-06 00:00:00+03:00,0.6880000233650208,0.6899999976158142,0.6819999814033508,0.6850000023841858,68969215,0.0,0.0,0.0
2025-05-07 00:00:00+03:00,0.6850000023841858,0.7200000286102295,0.6850000023841858,0.699999988079071,294896933,0.0,0.0,0.0
2025-05-08 00:00:00+03:00,0.699999988079071,0.718999981880188,0.6949999928474426,0.7170000076293945,104521887,0.0,0.0,0.0
2025-05-11 00:00:00+03:00,0.7170000076293945,0.7229999899864197,0.6949999928474426,0.699999988079071,158666893,0.0,0.0,0.0
2025-05-12 00:00:00+03:00,0.699999988079071,0.7360000014305115,0.6980000138282776,0.7360000014305115,155390572,0.0,0.0,0.0
2025-05-13 00:00:00+03:00,0.7360000014305115,0.746999979019165,0.7360000014305115,0.746999979019165,105037075,0.0,0.0,0.0
2025-05-14 00:00:00+03:00,0.746999979019165,0.7689999938011169,0.7480000257492065,0.7509999871253967,108614878,0.0,0.0,0.0
2025-05-15 00:00:00+03:00,0.7509999871253967,0.7620000243186951,0.7450000047683716,0.75,51989076,0.0,0.0,0.0
2025-05-18 00:00:00+03:00,0.75,0.7649999856948853,0.7480000257492065,0.7570000290870667,85818156,0.0,0.0,0.0
2025-05-19 00:00:00+03:00,0.7570000290870667,0.7620000243186951,0.7390000224113464,0.7450000047683716,78645157,0.0,0.0,0.0
2025-05-20 00:00:00+03:00,0.7450000047683716,0.7599999904632568,0.7450000047683716,0.7580000162124634,55515061,0.0,0.0,0.0
2025-05-21 00:00:00+03:00,0.7580000162124634,0.7609999775886536,0.75,0.7519999742507935,81183130,0.0,0.0,0.0
2025-05-22 00:00:00+03:00,0.7519999742507935,0.7699999809265137,0.753000020980835,0.7620000243186951,91028581,0.0,0.0,0.0
2025-05-25 00:00:00+03:00,0.7620000243186951,0.800000011920929,0.7649999856948853,0.800000011920929,166114486,0.0,0.0,0.0
2025-05-26 00:00:00+03:00,0.800000011920929,0.8199999928474426,0.7839999794960022,0.7850000262260437,108435270,0.0,0.0,0.0
2025-05-27 00:00:00+03:00,0.7850000262260437,0.8100000023841858,0.7820000052452087,0.8100000023841858,93425575,0.0,0.0,0.0
2025-05-28 00:00:00+03:00,0.8100000023841858,0.8349999785423279,0.8080000281333923,0.8330000042915344,108203306,0.0,0.0,0.0
2025-05-29 00:00:00+03:00,0.8330000042915344,0.8450000286102295,0.8220000267028809,0.8429999947547913,117694211,0.0,0.0,0.0
2025-06-01 00:00:00+03:00,0.8429999947547913,0.8999999761581421,0.8429999947547913,0.8700000047683716,69830029,0.0,0.0,0.0
2025-06-02 00:00:00+03:00,0.8700000047683716,0.8759999871253967,0.8460000157356262,0.8510000109672546,47079706,0.0,0.0,0.0
2025-06-03 00:00:00+03:00,0.8510000109672546,0.8560000061988831,0.8320000171661377,0.8349999785423279,46582842,0.0,0.0,0.0
2025-06-04 00:00:00+03:00,0.8349999785423279,0.8799999952316284,0.8360000252723694,0.8650000095367432,89264749,0.0,0.0,0.0
2025-06-10 00:00:00+03:00,0.8650000095367432,0.9179999828338623,0.8709999918937683,0.9100000262260437,128119967,0.0,0.0,0.0
2025-06-11 00:00:00+03:00,0.9100000262260437,0.9390000104904175,0.902999997138977,0.9300000071525574,119531298,0.0,0.0,0.0
2025-06-12 00:00:00+03:00,0.9300000071525574,0.9350000023841858,0.902999997138977,0.902999997138977,93729401,0.0,0.0,0.0
2025-06-15 00:00:00+03:00,0.902999997138977,0.8740000128746033,0.8119999766349792,0.8700000047683716,65781063,0.0,0.0,0.0
2025-06-16 00:00:00+03:00,0.8700000047683716,0.8820000290870667,0.8550000190734863,0.8550000190734863,36862198,0.0,0.0,0.0
2025-06-17 00:00:00+03:00,0.8550000190734863,0.8610000014305115,0.8029999732971191,0.8119999766349792,53071187,0.0,0.0,0.0
2025-06-18 00:00:00+03:00,0.8119999766349792,0.8149999976158142,0.7730000019073486,0.8009999990463257,65665261,0.0,0.0,0.0
2025-06-19 00:00:00+03:00,0.8009999990463257,0.8899999856948853,0.8029999732971191,0.8579999804496765,165260249,0.0,0.0,0.0
2025-06-22 00:00:00+03:00,0.8579999804496765,0.9459999799728394,0.8339999914169312,0.9190000295639038,186407648,0.0,0.0,0.0
2025-06-23 00:00:00+03:00,0.9190000295639038,0.9610000252723694,0.9269999861717224,0.9340000152587891,167427612,0.0,0.0,0.0
2025-06-24 00:00:00+03:00,0.9340000152587891,0.9940000176429749,0.9409999847412109,0.9940000176429749,248578762,0.0,0.0,0.0
2025-06-25 00:00:00+03:00,0.9940000176429749,1.0490000247955322,0.9900000095367432,1.0490000247955322,227427017,0.0,0.0,0.0
2025-06-29 00:00:00+03:00,1.0490000247955322,1.100000023841858,1.0,1.0099999904632568,188338600,0.0,0.0,0.0
2025-06-30 00:00:00+03:00,1.0099999904632568,1.0199999809265137,0.9700000286102295,0.9700000286102295,136382097,0.0,0.0,0.0
2025-07-01 00:00:00+03:00,0.9700000286102295,1.0499999523162842,0.9800000190734863,1.0299999713897705,96556948,0.0,0.0,0.0
2025-07-02 00:00:00+03:00,1.0299999713897705,1.2100000381469727,1.0399999618530273,1.1200000047683716,334413810,0.0,0.0,0.0
2025-07-06 00:00:00+03:00,1.1200000047683716,1.149999976158142,1.0800000429153442,1.1100000143051147,195247668,0.0,0.0,0.0
2025-07-07 00:00:00+03:00,1.1100000143051147,1.190000057220459,1.090000033378601,1.159999966621399,305686941,0.0,0.0,0.0
2025-07-09 00:00:00+03:00,1.159999966621399,1.2300000190734863,1.1299999952316284,1.1399999856948853,219239103,0.0,0.0,0.0
2025-07-10 00:00:00+03:00,1.1399999856948853,1.1799999475479126,1.1299999952316284,1.149999976158142,111199517,0.0,0.0,0.0
2025-07-13 00:00:00+03:00,1.149999976158142,1.190000057220459,1.1399999856948853,1.1399999856948853,97063754,0.0,0.0,0.0
2025-07-14 00:00:00+03:00,1.1399999856948853,1.159999966621399,1.1200000047683716,1.1299999952316284,100097073,0.0,0.0,0.0
2025-07-15 00:00:00+03:00,1.1299999952316284,1.1399999856948853,1.0800000429153442,1.090000033378601,131665800,0.0,0.0,0.0
2025-07-16 00:00:00+03:00,1.090000033378601,1.1699999570846558,1.090000033378601,1.1200000047683716,188010254,0.0,0.0,0.0
2025-07-17 00:00:00+03:00,1.1200000047683716,1.1699999570846558,1.1299999952316284,1.1399999856948853,138686448,0.0,0.0,0.0
2025-07-20 00:00:00+03:00,1.1399999856948853,1.2200000286102295,1.1399999856948853,1.2200000286102295,246876673,0.0,0.0,0.0
2025-07-21 00:00:00+03:00,1.2200000286102295,1.2599999904632568,1.190000057220459,1.2000000476837158,209941988,0.0,0.0,0.0
2025-07-22 00:00:00+03:00,1.2000000476837158,1.2300000190734863,1.190000057220459,1.2200000286102295,150161153,0.0,0.0,0.0
2025-07-23 00:00:00+03:00,1.2200000286102295,1.2200000286102295,1.2200000286102295,1.2200000286102295,0,0.0,0.0,0.0
2025-07-27 00:00:00+03:00,1.350000023841858,1.3600000143051147,1.2999999523162842,1.340000033378601,235852960,0.0,0.0,0.0
2025-07-28 00:00:00+03:00,1.340000033378601,1.350000023841858,1.2599999904632568,1.2699999809265137,198024583,0.0,0.0,0.0
2025-07-29 00:00:00+03:00,1.2699999809265137,1.2899999618530273,1.2300000190734863,1.2599999904632568,223352722,0.0,0.0,0.0
2025-07-30 00:00:00+03:00,1.2599999904632568,1.2699999809265137,1.0700000524520874,1.1299999952316284,326385865,0.0,0.0,0.0
2025-07-31 00:00:00+03:00,1.1299999952316284,1.190000057220459,1.100000023841858,1.159999966621399,250990265,0.0,0.0,0.0
2025-08-03 00:00:00+03:00,1.159999966621399,1.159999966621399,1.159999966621399,1.159999966621399,0,0.0,0.0,0.0
2025-08-04 00:00:00+03:00,1.159999966621399,1.159999966621399,1.159999966621399,1.159999966621399,0,0.0,0.0,0.0
2025-08-05 00:00:00+03:00,1.159999966621399,1.159999966621399,1.159999966621399,1.159999966621399,0,0.0,0.0,0.0
2025-08-06 00:00:00+03:00,1.159999966621399,1.159999966621399,1.159999966621399,1.159999966621399,0,0.0,0.0,0.0
2025-08-07 00:00:00+03:00,1.159999966621399,1.159999966621399,1.159999966621399,1.159999966621399,0,0.0,0.0,0.0
2025-08-10 00:00:00+03:00,1.190000057220459,1.2300000190734863,1.190000057220459,1.2100000381469727,231774571,0.0,0.0,0.0
2025-08-11 00:00:00+03:00,1.2100000381469727,1.2699999809265137,1.1399999856948853,1.159999966621399,252714232,0.0,0.0,0.0
2025-08-12 00:00:00+03:00,1.159999966621399,1.159999966621399,1.1200000047683716,1.149999976158142,60479782,0.0,0.0,0.0
2025-08-13 00:00:00+03:00,1.149999976158142,1.1799999475479126,1.1200000047683716,1.1299999952316284,78787293,0.0,0.0,0.0
2025-08-14 00:00:00+03:00,1.1299999952316284,1.1399999856948853,1.100000023841858,1.1399999856948853,47454732,0.0,0.0,0.0
2025-08-17 00:00:00+03:00,1.1399999856948853,1.2000000476837158,1.149999976158142,1.190000057220459,215352410,0.0,0.0,0.0
2025-08-18 00:00:00+03:00,1.190000057220459,1.2300000190734863,1.190000057220459,1.190000057220459,142545165,0.0,0.0,0.0
2025-08-19 00:00:00+03:00,1.190000057220459,1.2599999904632568,1.1799999475479126,1.25,256887664,0.0,0.0,0.0
2025-08-20 00:00:00+03:00,1.25,1.2699999809265137,1.2100000381469727,1.2300000190734863,253876961,0.0,0.0,0.0
2025-08-21 00:00:00+03:00,1.2300000190734863,1.2400000095367432,1.190000057220459,1.190000057220459,133500864,0.0,0.0,0.0
2025-08-24 00:00:00+03:00,1.190000057220459,1.2000000476837158,1.1799999475479126,1.1799999475479126,94722428,0.0,0.0,0.0
2025-08-25 00:00:00+03:00,1.1799999475479126,1.2000000476837158,1.149999976158142,1.149999976158142,141401828,0.0,0.0,0.0
2025-08-26 00:00:00+03:00,1.149999976158142,1.1699999570846558,1.1399999856948853,1.149999976158142,146985118,0.0,0.0,0.0
2025-08-27 00:00:00+03:00,1.149999976158142,1.1799999475479126,1.1299999952316284,1.1699999570846558,176520998,0.0,0.0,0.0
2025-08-28 00:00:00+03:00,1.1699999570846558,1.1799999475479126,1.149999976158142,1.159999966621399,56402995,0.0,0.0,0.0
2025-08-31 00:00:00+03:00,1.159999966621399,1.1799999475479126,1.1200000047683716,1.1299999952316284,125582690,0.0,0.0,0.0
2025-09-01 00:00:00+03:00,1.1299999952316284,1.159999966621399,1.1200000047683716,1.1399999856948853,43749742,0.0,0.0,0.0
2025-09-02 00:00:00+03:00,1.1399999856948853,1.149999976158142,1.1200000047683716,1.1399999856948853,82715212,0.0,0.0,0.0
2025-09-03 00:00:00+03:00,1.1399999856948853,1.159999966621399,1.1299999952316284,1.1399999856948853,45228432,0.0,0.0,0.0
2025-09-07 00:00:00+03:00,1.1399999856948853,1.1699999570846558,1.1299999952316284,1.1699999570846558,81387248,0.0,0.0,0.0
2025-09-08 00:00:00+03:00,1.1699999570846558,1.2699999809265137,1.159999966621399,1.2599999904632568,425616971,0.0,0.0,0.0
2025-09-09 00:00:00+03:00,1.2599999904632568,1.2799999713897705,1.2000000476837158,1.2000000476837158,247182324,0.0,0.0,0.0
2025-09-10 00:00:00+03:00,1.2000000476837158,1.2300000190734863,1.1699999570846558,1.1699999570846558,107429727,0.0,0.0,0.0
2025-09-11 00:00:00+03:00,1.1699999570846558,1.2300000190734863,1.1699999570846558,1.190000057220459,123281544,0.0,0.0,0.0
2025-09-14 00:00:00+03:00,1.190000057220459,1.2799999713897705,1.190000057220459,1.2799999713897705,230031047,0.0,0.0,0.0
2025-09-15 00:00:00+03:00,1.2799999713897705,1.2899999618530273,1.2300000190734863,1.2300000190734863,216531582,0.0,0.0,0.0
2025-09-16 00:00:00+03:00,1.2300000190734863,1.25,1.1799999475479126,1.2000000476837158,143607247,0.0,0.0,0.0
2025-09-17 00:00:00+03:00,1.2000000476837158,1.2200000286102295,1.149999976158142,1.1799999475479126,211783078,0.0,0.0,0.0
2025-09-18 00:00:00+03:00,1.1799999475479126,1.2000000476837158,1.1399999856948853,1.159999966621399,111236080,0.0,0.0,0.0
2025-09-21 00:00:00+03:00,1.159999966621399,1.1699999570846558,1.1299999952316284,1.1299999952316284,101495182,0.0,0.0,0.0
2025-09-22 00:00:00+03:00,1.1299999952316284,1.1699999570846558,1.1299999952316284,1.1399999856948853,99690087,0.0,0.0,0.0
2025-09-23 00:00:00+03:00,1.1399999856948853,1.149999976158142,1.100000023841858,1.100000023841858,163523977,0.0,0.0,0.0
2025-09-24 00:00:00+03:00,1.100000023841858,1.1299999952316284,1.090000033378601,1.1299999952316284,85200624,0.0,0.0,0.0
2025-09-25 00:00:00+03:00,1.1299999952316284,1.1399999856948853,1.100000023841858,1.1100000143051147,69013774,0.0,0.0,0.0
2025-09-28 00:00:00+03:00,1.1100000143051147,1.1799999475479126,1.100000023841858,1.149999976158142,117977004,0.0,0.0,0.0
2025-09-29 00:00:00+03:00,1.149999976158142,1.159999966621399,1.1299999952316284,1.1299999952316284,62810463,0.0,0.0,0.0
2025-09-30 00:00:00+03:00,1.1299999952316284,1.1399999856948853,1.1100000143051147,1.1200000047683716,94772812,0.0,0.0,0.0
2025-10-01 00:00:00+03:00,1.1200000047683716,1.149999976158142,1.1100000143051147,1.1299999952316284,147817966,0.0,0.0,0.0
2025-10-02 00:00:00+03:00,1.1299999952316284,1.159999966621399,1.1200000047683716,1.1200000047683716,94954657,0.0,0.0,0.0
2025-10-05 00:00:00+03:00,1.1200000047683716,1.1399999856948853,1.1100000143051147,1.1100000143051147,52281476,0.0,0.0,0.0
2025-10-06 00:00:00+03:00,1.1100000143051147,1.1200000047683716,1.0800000429153442,1.0800000429153442,132257181,0.0,0.0,0.0
2025-10-07 00:00:00+03:00,1.0800000429153442,1.100000023841858,1.059999942779541,1.059999942779541,147445493,0.0,0.0,0.0
2025-10-08 00:00:00+03:00,1.059999942779541,1.0700000524520874,1.0,1.0199999809265137,140292478,0.0,0.0,0.0
2025-10-12 00:00:00+03:00,1.0199999809265137,1.0499999523162842,1.0099999904632568,1.0399999618530273,73330436,0.0,0.0,0.0
2025-10-13 00:00:00+03:00,1.0399999618530273,1.059999942779541,1.0299999713897705,1.0399999618530273,81295450,0.0,0.0,0.0
2025-10-14 00:00:00+03:00,1.0399999618530273,1.0499999523162842,1.0199999809265137,1.0199999809265137,71528971,0.0,0.0,0.0
2025-10-15 00:00:00+03:00,1.0199999809265137,1.0499999523162842,1.0099999904632568,1.0299999713897705,104921537,0.0,0.0,0.0
2025-10-16 00:00:00+03:00,1.0299999713897705,1.090000033378601,1.0299999713897705,1.0700000524520874,209627674,0.0,0.0,0.0
2025-10-19 00:00:00+03:00,1.0700000524520874,1.1100000143051147,1.0700000524520874,1.1100000143051147,138244834,0.0,0.0,0.0
2025-10-20 00:00:00+03:00,1.1100000143051147,1.1299999952316284,1.090000033378601,1.090000033378601,165708949,0.0,0.0,0.0
2025-10-21 00:00:00+03:00,1.090000033378601,1.100000023841858,1.059999942779541,1.0800000429153442,85165511,0.0,0.0,0.0
2025-10-22 00:00:00+03:00,1.0800000429153442,1.0800000429153442,1.0499999523162842,1.0499999523162842,59500899,0.0,0.0,0.0
2025-10-23 00:00:00+03:00,1.0499999523162842,1.100000023841858,1.0499999523162842,1.100000023841858,152634480,0.0,0.0,0.0
2025-10-26 00:00:00+03:00,1.100000023841858,1.159999966621399,1.1100000143051147,1.1200000047683716,245047173,0.0,0.0,0.0
2025-10-27 00:00:00+03:00,1.1200000047683716,1.1399999856948853,1.100000023841858,1.1100000143051147,85085713,0.0,0.0,0.0
2025-10-28 00:00:00+03:00,1.1100000143051147,1.1299999952316284,1.090000033378601,1.1299999952316284,101264137,0.0,0.0,0.0
2025-10-29 00:00:00+03:00,1.1299999952316284,1.159999966621399,1.1299999952316284,1.1299999952316284,159358723,0.0,0.0,0.0
2025-10-30 00:00:00+03:00,1.1299999952316284,1.1399999856948853,1.1200000047683716,1.1299999952316284,138473316,0.0,0.0,0.0
2025-11-02 00:00:00+02:00,1.1299999952316284,1.1299999952316284,1.0800000429153442,1.090000033378601,69320378,0.0,0.0,0.0
2025-11-03 00:00:00+02:00,1.090000033378601,1.100000023841858,1.0499999523162842,1.100000023841858,65283108,0.0,0.0,0.0
2025-11-04 00:00:00+02:00,1.100000023841858,1.100000023841858,1.059999942779541,1.0700000524520874,69844162,0.0,0.0,0.0
2025-11-05 00:00:00+02:00,1.0700000524520874,1.100000023841858,1.059999942779541,1.0700000524520874,61712547,0.0,0.0,0.0
2025-11-06 00:00:00+02:00,1.0700000524520874,1.090000033378601,1.0499999523162842,1.0499999523162842,107175681,0.0,0.0,0.0
2025-11-09 00:00:00+02:00,1.0499999523162842,1.0700000524520874,1.0499999523162842,1.0499999523162842,39382200,0.0,0.0,0.0
2025-11-10 00:00:00+02:00,1.0499999523162842,1.059999942779541,1.0299999713897705,1.0399999618530273,36137259,0.0,0.0,0.0
2025-11-11 00:00:00+02:00,1.0399999618530273,1.059999942779541,1.0299999713897705,1.0399999618530273,46973641,0.0,0.0,0.0
2025-11-12 00:00:00+02:00,1.0399999618530273,1.059999942779541,1.0299999713897705,1.0299999713897705,39979143,0.0,0.0,0.0
2025-11-13 00:00:00+02:00,1.0299999713897705,1.0499999523162842,1.0299999713897705,1.0299999713897705,37326188,0.0,0.0,0.0
2025-11-16 00:00:00+02:00,1.0299999713897705,1.0499999523162842,1.0199999809265137,1.0299999713897705,30209862,0.0,0.0,0.0
2025-11-17 00:00:00+02:00,1.0299999713897705,1.0499999523162842,1.0199999809265137,1.0399999618530273,34687271,0.0,0.0,0.0
2025-11-18 00:00:00+02:00,1.0399999618530273,1.0700000524520874,1.0399999618530273,1.0399999618530273,85194849,0.0,0.0,0.0
2025-11-19 00:00:00+02:00,1.0399999618530273,1.0499999523162842,1.0299999713897705,1.0299999713897705,19378640,0.0,0.0,0.0
2025-11-20 00:00:00+02:00,1.0299999713897705,1.0499999523162842,1.0299999713897705,1.0399999618530273,54182561,0.0,0.0,0.0
2025-11-23 00:00:00+02:00,1.0399999618530273,1.0399999618530273,1.0199999809265137,1.0399999618530273,49968431,0.0,0.0,0.0
2025-11-24 00:00:00+02:00,1.0399999618530273,1.0499999523162842,1.0199999809265137,1.0299999713897705,36725933,0.0,0.0,0.0
2025-11-25 00:00:00+02:00,1.0299999713897705,1.0399999618530273,0.9800000190734863,0.9900000095367432,39480486,0.0,0.0,0.0
2025-11-26 00:00:00+02:00,0.9900000095367432,1.0199999809265137,0.9800000190734863,1.0,59350132,0.0,0.0,0.0
2025-11-27 00:00:00+02:00,1.0,1.0399999618530273,0.9900000095367432,1.0399999618530273,47150629,0.0,0.0,0.0
2025-11-30 00:00:00+02:00,1.0399999618530273,1.0700000524520874,1.0199999809265137,1.0499999523162842,136083584,0.0,0.0,0.0
2025-12-01 00:00:00+02:00,1.0499999523162842,1.0700000524520874,1.0499999523162842,1.0499999523162842,105450525,0.0,0.0,0.0
2025-12-02 00:00:00+02:00,1.0499999523162842,1.059999942779541,1.0299999713897705,1.0399999618530273,57079695,0.0,0.0,0.0
2025-12-03 00:00:00+02:00,1.0399999618530273,1.059999942779541,1.0299999713897705,1.0299999713897705,49155660,0.0,0.0,0.0
2025-12-04 00:00:00+02:00,1.0299999713897705,1.0800000429153442,1.0299999713897705,1.0700000524520874,158480154,0.0,0.0,0.0
2025-12-07 00:00:00+02:00,1.0700000524520874,1.100000023841858,1.0700000524520874,1.0800000429153442,147168014,0.0,0.0,0.0
2025-12-08 00:00:00+02:00,1.0800000429153442,1.090000033378601,1.0499999523162842,1.0499999523162842,73737031,0.0,0.0,0.0
2025-12-09 00:00:00+02:00,1.0499999523162842,1.0800000429153442,1.0399999618530273,1.059999942779541,73781836,0.0,0.0,0.0
2025-12-10 00:00:00+02:00,1.059999942779541,1.0700000524520874,1.0399999618530273,1.0499999523162842,38411710,0.0,0.0,0.0
2025-12-11 00:00:00+02:00,1.0499999523162842,1.059999942779541,1.0099999904632568,1.0299999713897705,86560037,0.0,0.0,0.0
2025-12-14 00:00:00+02:00,1.0299999713897705,1.1100000143051147,1.0299999713897705,1.0800000429153442,393661688,0.0,0.0,0.0
2025-12-15 00:00:00+02:00,1.0800000429153442,1.149999976158142,1.090000033378601,1.1299999952316284,307464312,0.0,0.0,0.0
2025-12-16 00:00:00+02:00,1.1299999952316284,1.1399999856948853,1.1100000143051147,1.1200000047683716,171692360,0.0,0.0,0.0
2025-12-17 00:00:00+02:00,1.1200000047683716,1.149999976158142,1.1100000143051147,1.1200000047683716,109816083,0.0,0.0,0.0
2025-12-18 00:00:00+02:00,1.1200000047683716,1.1399999856948853,1.1200000047683716,1.1399999856948853,99679673,0.0,0.0,0.0
2025-12-21 00:00:00+02:00,1.1399999856948853,1.1799999475479126,1.149999976158142,1.149999976158142,350424103,0.0,0.0,0.0
2025-12-22 00:00:00+02:00,1.149999976158142,1.1699999570846558,1.1399999856948853,1.149999976158142,180018310,0.0,0.0,0.0
2025-12-23 00:00:00+02:00,1.149999976158142,1.149999976158142,1.1200000047683716,1.149999976158142,111067102,0.0,0.0,0.0
2025-12-24 00:00:00+02:00,1.149999976158142,1.2000000476837158,1.159999966621399,1.1699999570846558,323177539,0.0,0.0,0.0
2025-12-25 00:00:00+02:00,1.1699999570846558,1.1799999475479126,1.149999976158142,1.159999966621399,87005292,0.0,0.0,0.0
2025-12-28 00:00:00+02:00,1.159999966621399,1.1799999475479126,1.149999976158142,1.159999966621399,39931784,0.0,0.0,0.0
2025-12-29 00:00:00+02:00,1.159999966621399,1.1699999570846558,1.1399999856948853,1.1399999856948853,82629602,0.0,0.0,0.0
2025-12-30 00:00:00+02:00,1.1399999856948853,1.159999966621399,1.1399999856948853,1.1399999856948853,75800183,0.0,0.0,0.0
2025-12-31 00:00:00+02:00,1.1399999856948853,1.1799999475479126,1.149999976158142,1.1799999475479126,130912547,0.0,0.0,0.0
2026-01-04 00:00:00+02:00,1.1799999475479126,1.1799999475479126,1.159999966621399,1.159999966621399,61776840,0.0,0.0,0.0
2026-01-05 00:00:00+02:00,1.159999966621399,1.1699999570846558,1.1399999856948853,1.149999976158142,43908476,0.0,0.0,0.0
2026-01-06 00:00:00+02:00,1.149999976158142,1.1699999570846558,1.1399999856948853,1.1399999856948853,70751529,0.0,0.0,0.0
2026-01-08 00:00:00+02:00,1.1399999856948853,1.1699999570846558,1.1399999856948853,1.1699999570846558,104106246,0.0,0.0,0.0
2026-01-11 00:00:00+02:00,1.1699999570846558,1.1799999475479126,1.159999966621399,1.1699999570846558,49461555,0.0,0.0,0.0
2026-01-12 00:00:00+02:00,1.1699999570846558,1.190000057220459,1.159999966621399,1.1699999570846558,117211930,0.0,0.0,0.0
2026-01-13 00:00:00+02:00,1.1699999570846558,1.1799999475479126,1.159999966621399,1.1699999570846558,59137913,0.0,0.0,0.0
2026-01-14 00:00:00+02:00,1.1699999570846558,1.1699999570846558,1.1299999952316284,1.159999966621399,84421981,0.0,0.0,0.0
2026-01-15 00:00:00+02:00,1.159999966621399,1.159999966621399,1.1399999856948853,1.1399999856948853,76593540,0.0,0.0,0.0
2026-01-18 00:00:00+02:00,1.1399999856948853,1.159999966621399,1.1299999952316284,1.1399999856948853,32946907,0.0,0.0,0.0
2026-01-19 00:00:00+02:00,1.1399999856948853,1.159999966621399,1.1399999856948853,1.149999976158142,64192739,0.0,0.0,0.0
2026-01-20 00:00:00+02:00,1.149999976158142,1.159999966621399,1.1399999856948853,1.159999966621399,96623005,0.0,0.0,0.0
2026-01-21 00:00:00+02:00,1.159999966621399,1.1799999475479126,1.149999976158142,1.1699999570846558,98375727,0.0,0.0,0.0
2026-01-22 00:00:00+02:00,1.1699999570846558,1.1799999475479126,1.159999966621399,1.159999966621399,45957657,0.0,0.0,0.0
2026-01-25 00:00:00+02:00,1.159999966621399,1.2200000286102295,1.1699999570846558,1.2100000381469727,323571985,0.0,0.0,0.0
2026-01-26 00:00:00+02:00,1.2100000381469727,1.2699999809265137,1.2200000286102295,1.2400000095367432,307887328,0.0,0.0,0.0
2026-01-27 00:00:00+02:00,1.2400000095367432,1.2699999809265137,1.2200000286102295,1.2200000286102295,122398976,0.0,0.0,0.0
2026-01-28 00:00:00+02:00,1.2200000286102295,1.2400000095367432,1.190000057220459,1.190000057220459,190016931,0.0,0.0,0.0
2026-02-01 00:00:00+02:00,1.190000057220459,1.2400000095367432,1.190000057220459,1.2400000095367432,117336086,0.0,0.0,0.0
2026-02-02 00:00:00+02:00,1.2400000095367432,1.340000033378601,1.2200000286102295,1.2899999618530273,336017775,0.0,0.0,0.0
2026-02-03 00:00:00+02:00,1.2899999618530273,1.309999942779541,1.2699999809265137,1.2799999713897705,76428656,0.0,0.0,0.0
2026-02-04 00:00:00+02:00,1.2799999713897705,1.3300000429153442,1.2799999713897705,1.309999942779541,127641266,0.0,0.0,0.0
