Date,Open,High,Low,Close,Volume,Dividends,Stock Splits,Capital Gains
2021-01-03 00:00:00+02:00,1.2344310283660889,1.2562860250473022,1.2253869771957397,1.2404600381851196,4170147,0.0,0.0,0.0
2021-01-04 00:00:00+02:00,1.2404600381851196,1.2562860250473022,1.2072999477386475,1.2253869771957397,3495540,0.0,0.0,0.0
2021-01-05 00:00:00+02:00,1.2253869771957397,1.2449820041656494,1.205793023109436,1.2336770296096802,7808207,0.0,0.0,0.0
2021-01-06 00:00:00+02:00,1.2336770296096802,1.2510099411010742,1.2223730087280273,1.2344310283660889,3670095,0.0,0.0,0.0
2021-01-10 00:00:00+02:00,1.2344310283660889,1.243474006652832,1.2133289575576782,1.2201119661331177,5331412,0.0,0.0,0.0
2021-01-11 00:00:00+02:00,1.2201119661331177,1.2577929496765137,1.2133289575576782,1.2404600381851196,16312293,0.0,0.0,0.0
2021-01-12 00:00:00+02:00,1.2404600381851196,1.2464890480041504,1.224634051322937,1.2306629419326782,5076626,0.0,0.0,0.0
2021-01-13 00:00:00+02:00,1.2306629419326782,1.2886919975280762,1.2291549444198608,1.262315034866333,16492085,0.0,0.0,0.0
2021-01-14 00:00:00+02:00,1.262315034866333,1.414546012878418,1.2864309549331665,1.380632996559143,35418415,0.0,0.0,0.0
2021-01-17 00:00:00+02:00,1.380632996559143,1.4688069820404053,1.35651695728302,1.3896770477294922,68041415,0.0,0.0,0.0
2021-01-18 00:00:00+02:00,1.3896770477294922,1.4997049570083618,1.452226996421814,1.476343035697937,29839433,0.0,0.0,0.0
2021-01-19 00:00:00+02:00,1.476343035697937,1.6232990026474,1.4770970344543457,1.5494439601898193,35299612,0.0,0.0,0.0
2021-01-20 00:00:00+02:00,1.5494439601898193,1.6805740594863892,1.6052119731903076,1.6383719444274902,14668476,0.0,0.0,0.0
2021-01-21 00:00:00+02:00,1.6383719444274902,1.6948930025100708,1.5939079523086548,1.651183009147644,11338297,0.0,0.0,0.0
2021-01-24 00:00:00+02:00,1.651183009147644,1.7483999729156494,1.6052119731903076,1.6881109476089478,13439049,0.0,0.0,0.0
2021-01-25 00:00:00+02:00,1.6881109476089478,1.6881109476089478,1.6881109476089478,1.6881109476089478,0,0.0,0.0,0.0
2021-01-26 00:00:00+02:00,1.5901399850845337,1.6202850341796875,1.5223139524459839,1.5675309896469116,14218769,0.0,0.0,0.0
2021-01-27 00:00:00+02:00,1.5675309896469116,1.5675309896469116,1.5675309896469116,1.5675309896469116,0,0.0,0.0,0.0
2021-01-31 00:00:00+02:00,1.5750679969787598,1.7257920503616333,1.5599950551986694,1.6730380058288574,20278074,0.0,0.0,0.0
2021-02-01 00:00:00+02:00,1.6730380058288574,1.8011540174484253,1.6956470012664795,1.7559369802474976,7672720,0.0,0.0,0.0
2021-02-02 00:00:00+02:00,1.7559369802474976,1.7559369802474976,1.6579660177230835,1.6956470012664795,6326790,0.0,0.0,0.0
2021-02-03 00:00:00+02:00,1.6956470012664795,1.8614439964294434,1.6805740594863892,1.823762059211731,35878901,0.0,0.0,0.0
2021-02-04 00:00:00+02:00,1.823762059211731,1.959414005279541,1.7936179637908936,1.8765159845352173,20173002,0.0,0.0,0.0
2021-02-07 00:00:00+02:00,1.8765159845352173,2.004631996154785,1.884052038192749,1.944342017173767,19848390,0.0,0.0,0.0
2021-02-08 00:00:00+02:00,1.944342017173767,2.1402831077575684,1.9895590543746948,2.057384967803955,56151947,0.0,0.0,0.0
2021-02-09 00:00:00+02:00,2.057384967803955,2.1628921031951904,2.004631996154785,2.0649209022521973,10962672,0.0,0.0,0.0
2021-02-10 00:00:00+02:00,2.0649209022521973,2.2683990001678467,2.155355930328369,2.223181962966919,18813174,0.0,0.0,0.0
2021-02-11 00:00:00+02:00,2.223181962966919,2.4115869998931885,2.2910079956054688,2.3663699626922607,24583284,0.0,0.0,0.0
2021-02-14 00:00:00+02:00,2.3663699626922607,2.4869489669799805,2.2457900047302246,2.3211519718170166,67228312,0.0,0.0,0.0
2021-02-15 00:00:00+02:00,2.3211519718170166,2.456804037094116,2.2608630657196045,2.3437609672546387,23896862,0.0,0.0,0.0
2021-02-16 00:00:00+02:00,2.3437609672546387,2.3437609672546387,2.253326892852783,2.298543930053711,27135771,0.0,0.0,0.0
2021-02-17 00:00:00+02:00,2.298543930053711,2.4417319297790527,2.0875298976898193,2.2608630657196045,56743795,0.0,0.0,0.0
2021-02-18 00:00:00+02:00,2.2608630657196045,2.3060801029205322,2.132746934890747,2.230717897415161,23493448,0.0,0.0,0.0
2021-02-21 00:00:00+02:00,2.230717897415161,2.449268102645874,2.2910079956054688,2.4417319297790527,54699615,0.0,0.0,0.0
2021-02-22 00:00:00+02:00,2.4417319297790527,2.6075279712677,2.426659107208252,2.502021074295044,45234698,0.0,0.0,0.0
2021-02-23 00:00:00+02:00,2.502021074295044,2.502021074295044,2.502021074295044,2.502021074295044,0,0.0,0.0,0.0
2021-02-24 00:00:00+02:00,2.396514892578125,2.6301369667053223,2.3362250328063965,2.532166004180908,52604546,0.0,0.0,0.0
2021-02-25 00:00:00+02:00,2.532166004180908,3.0069479942321777,2.5095579624176025,2.5849199295043945,78109116,0.0,0.0,0.0
2021-02-28 00:00:00+02:00,2.5849199295043945,2.532166004180908,2.275934934616089,2.351296901702881,49103957,0.0,0.0,0.0
2021-03-01 00:00:00+02:00,2.351296901702881,2.381442070007324,2.1704280376434326,2.28347110748291,30737445,0.0,0.0,0.0
2021-03-02 00:00:00+02:00,2.28347110748291,2.4040510654449463,2.2156450748443604,2.3286890983581543,22482359,0.0,0.0,0.0
2021-03-03 00:00:00+02:00,2.3286890983581543,2.3136160373687744,2.1930370330810547,2.2683990001678467,16590613,0.0,0.0,0.0
2021-03-04 00:00:00+02:00,2.2683990001678467,2.3060801029205322,2.2156450748443604,2.2608630657196045,9267641,0.0,0.0,0.0
2021-03-07 00:00:00+02:00,2.2608630657196045,2.2910079956054688,2.1101388931274414,2.223181962966919,15840720,0.0,0.0,0.0
2021-03-08 00:00:00+02:00,2.223181962966919,2.208108901977539,2.079993963241577,2.1402831077575684,26703904,0.0,0.0,0.0
2021-03-09 00:00:00+02:00,2.1402831077575684,2.253326892852783,2.0423130989074707,2.1628921031951904,18584033,0.0,0.0,0.0
2021-03-10 00:00:00+02:00,2.1628921031951904,2.1101388931274414,1.982023000717163,2.049849033355713,14664190,0.0,0.0,0.0
2021-03-11 00:00:00+02:00,2.049849033355713,2.0724570751190186,2.0121679306030273,2.0423130989074707,7762032,0.0,0.0,0.0
2021-03-14 00:00:00+02:00,2.0423130989074707,2.0875298976898193,2.0121679306030273,2.049849033355713,5552442,0.0,0.0,0.0
2021-03-15 00:00:00+02:00,2.049849033355713,2.253326892852783,2.057384967803955,2.1855010986328125,25416113,0.0,0.0,0.0
2021-03-16 00:00:00+02:00,2.1855010986328125,2.2910079956054688,2.1704280376434326,2.2382540702819824,15560706,0.0,0.0,0.0
2021-03-17 00:00:00+02:00,2.2382540702819824,2.3136160373687744,2.1176750659942627,2.200572967529297,8630479,0.0,0.0,0.0
2021-03-18 00:00:00+02:00,2.200572967529297,2.177963972091675,2.0724570751190186,2.125211000442505,6584619,0.0,0.0,0.0
2021-03-21 00:00:00+02:00,2.125211000442505,2.1402831077575684,2.0121679306030273,2.0875298976898193,6504138,0.0,0.0,0.0
2021-03-22 00:00:00+02:00,2.0875298976898193,2.1628921031951904,2.0121679306030273,2.0950660705566406,10102802,0.0,0.0,0.0
2021-03-23 00:00:00+02:00,2.0950660705566406,2.1402831077575684,1.8915879726409912,2.0423130989074707,10730384,0.0,0.0,0.0
2021-03-24 00:00:00+02:00,2.0423130989074707,2.1855010986328125,2.079993963241577,2.125211000442505,6022285,0.0,0.0,0.0
2021-03-25 00:00:00+02:00,2.125211000442505,2.1855010986328125,2.004631996154785,2.1101388931274414,12341898,0.0,0.0,0.0
2021-03-28 00:00:00+02:00,2.1101388931274414,2.1855010986328125,2.1101388931274414,2.1402831077575684,18169469,0.0,0.0,0.0
2021-03-29 00:00:00+02:00,2.1402831077575684,2.1855010986328125,2.1101388931274414,2.155355930328369,8807454,0.0,0.0,0.0
2021-03-30 00:00:00+02:00,2.155355930328369,2.2608630657196045,2.147819995880127,2.208108901977539,16217171,0.0,0.0,0.0
2021-03-31 00:00:00+02:00,2.208108901977539,2.2156450748443604,2.125211000442505,2.155355930328369,5982379,0.0,0.0,0.0
2021-04-01 00:00:00+02:00,2.155355930328369,2.1704280376434326,1.959414005279541,2.0649209022521973,15649470,0.0,0.0,0.0
2021-04-04 00:00:00+02:00,2.0649209022521973,1.9895590543746948,1.7559369802474976,1.8162260055541992,31263309,0.0,0.0,0.0
2021-04-05 00:00:00+02:00,2.155355930328369,1.944342017173767,1.944342017173767,1.944342017173767,233386,0.0,0.0,0.0
2021-04-06 00:00:00+02:00,1.944342017173767,1.8539069890975952,1.7559369802474976,1.7710089683532715,37372491,0.0,0.0,0.0
2021-04-07 00:00:00+02:00,1.7710089683532715,1.884052038192749,1.7860809564590454,1.823762059211731,8777533,0.0,0.0,0.0
2021-04-08 00:00:00+02:00,1.823762059211731,2.004631996154785,1.846371054649353,1.9368059635162354,7645850,0.0,0.0,0.0
2021-04-11 00:00:00+02:00,1.9368059635162354,2.0724570751190186,1.982023000717163,2.034775972366333,13594809,0.0,0.0,0.0
2021-04-12 00:00:00+02:00,2.034775972366333,2.0875298976898193,1.921733021736145,2.0121679306030273,6508972,0.0,0.0,0.0
2021-04-13 00:00:00+02:00,2.0121679306030273,1.959414005279541,1.8162260055541992,1.8312989473342896,9945993,0.0,0.0,0.0
2021-04-14 00:00:00+02:00,1.8312989473342896,1.8388350009918213,1.6504299640655518,1.6805740594863892,18656539,0.0,0.0,0.0
2021-04-15 00:00:00+02:00,1.6805740594863892,1.7408640384674072,1.5223139524459839,1.6052119731903076,17314973,0.0,0.0,0.0
2021-04-18 00:00:00+02:00,1.6052119731903076,1.6956470012664795,1.5524590015411377,1.6052119731903076,8698983,0.0,0.0,0.0
2021-04-19 00:00:00+02:00,1.6052119731903076,1.6956470012664795,1.5901399850845337,1.6579660177230835,7936114,0.0,0.0,0.0
2021-04-20 00:00:00+02:00,1.6579660177230835,1.7785450220108032,1.6881109476089478,1.7483999729156494,17187781,0.0,0.0,0.0
2021-04-21 00:00:00+02:00,1.7483999729156494,1.8539069890975952,1.7710089683532715,1.8312989473342896,35432870,0.0,0.0,0.0
2021-04-22 00:00:00+02:00,1.8312989473342896,2.049849033355713,1.8765159845352173,1.959414005279541,42378925,0.0,0.0,0.0
2021-04-25 00:00:00+02:00,1.959414005279541,2.027240037918091,1.8539069890975952,1.9518779516220093,21545144,0.0,0.0,0.0
2021-04-26 00:00:00+02:00,1.9518779516220093,1.9895590543746948,1.8086899518966675,1.8614439964294434,24655196,0.0,0.0,0.0
2021-04-27 00:00:00+02:00,1.8614439964294434,1.9141969680786133,1.7936179637908936,1.846371054649353,23048027,0.0,0.0,0.0
2021-04-28 00:00:00+02:00,1.846371054649353,1.906661033630371,1.7860809564590454,1.8388350009918213,14292648,0.0,0.0,0.0
2021-05-04 00:00:00+02:00,1.8388350009918213,1.9292689561843872,1.8765159845352173,1.8991249799728394,10336613,0.0,0.0,0.0
2021-05-05 00:00:00+02:00,1.8991249799728394,1.9292689561843872,1.8539069890975952,1.884052038192749,8439716,0.0,0.0,0.0
2021-05-06 00:00:00+02:00,1.884052038192749,1.8915879726409912,1.823762059211731,1.8539069890975952,6775821,0.0,0.0,0.0
2021-05-09 00:00:00+02:00,1.8539069890975952,1.8539069890975952,1.8162260055541992,1.8388350009918213,5428947,0.0,0.0,0.0
2021-05-10 00:00:00+02:00,1.8388350009918213,1.8765159845352173,1.8312989473342896,1.8539069890975952,4248946,0.0,0.0,0.0
2021-05-11 00:00:00+02:00,1.8539069890975952,1.8614439964294434,1.7408640384674072,1.8162260055541992,5433953,0.0,0.0,0.0
2021-05-17 00:00:00+02:00,1.8162260055541992,1.8539069890975952,1.7333279848098755,1.7860809564590454,12301120,0.0,0.0,0.0
2021-05-18 00:00:00+02:00,1.7860809564590454,1.8915879726409912,1.8312989473342896,1.868980050086975,16186440,0.0,0.0,0.0
2021-05-19 00:00:00+02:00,1.868980050086975,1.8991249799728394,1.7634730339050293,1.8162260055541992,16287807,0.0,0.0,0.0
2021-05-20 00:00:00+02:00,1.8162260055541992,1.846371054649353,1.7785450220108032,1.8086899518966675,13066335,0.0,0.0,0.0
2021-05-23 00:00:00+02:00,1.8086899518966675,1.8915879726409912,1.8162260055541992,1.8539069890975952,11829057,0.0,0.0,0.0
2021-05-24 00:00:00+02:00,1.8539069890975952,1.8614439964294434,1.7483999729156494,1.7860809564590454,9139985,0.0,0.0,0.0
2021-05-25 00:00:00+02:00,1.7860809564590454,1.8086899518966675,1.7634730339050293,1.7785450220108032,11053155,0.0,0.0,0.0
2021-05-26 00:00:00+02:00,1.7785450220108032,1.7936179637908936,1.7257920503616333,1.7483999729156494,6866417,0.0,0.0,0.0
2021-05-27 00:00:00+02:00,1.7483999729156494,1.8011540174484253,1.7333279848098755,1.7559369802474976,5354137,0.0,0.0,0.0
2021-05-30 00:00:00+02:00,1.7559369802474976,1.7710089683532715,1.6278209686279297,1.6805740594863892,12017836,0.0,0.0,0.0
2021-05-31 00:00:00+02:00,1.6805740594863892,1.6881109476089478,1.5675309896469116,1.6127489805221558,11012113,0.0,0.0,0.0
2021-06-01 00:00:00+02:00,1.6127489805221558,1.6278209686279297,1.4620239734649658,1.5373859405517578,15256082,0.0,0.0,0.0
2021-06-02 00:00:00+02:00,1.5373859405517578,1.6655019521713257,1.5901399850845337,1.6202850341796875,15312327,0.0,0.0,0.0
2021-06-03 00:00:00+02:00,1.6202850341796875,1.6428929567337036,1.5147780179977417,1.5826040506362915,10883019,0.0,0.0,0.0
2021-06-06 00:00:00+02:00,1.5826040506362915,1.6730380058288574,1.5901399850845337,1.6428929567337036,10840681,0.0,0.0,0.0
2021-06-07 00:00:00+02:00,1.6428929567337036,1.8011540174484253,1.6579660177230835,1.7333279848098755,16096727,0.0,0.0,0.0
2021-06-08 00:00:00+02:00,1.7333279848098755,1.906661033630371,1.7408640384674072,1.8086899518966675,33404466,0.0,0.0,0.0
2021-06-09 00:00:00+02:00,1.8086899518966675,1.8539069890975952,1.7182559967041016,1.7936179637908936,38189862,0.0,0.0,0.0
2021-06-10 00:00:00+02:00,1.7936179637908936,1.8162260055541992,1.6881109476089478,1.7333279848098755,18411126,0.0,0.0,0.0
2021-06-13 00:00:00+02:00,1.7333279848098755,1.7559369802474976,1.6052119731903076,1.6730380058288574,16168945,0.0,0.0,0.0
2021-06-14 00:00:00+02:00,1.6730380058288574,1.7182559967041016,1.6052119731903076,1.6655019521713257,10866358,0.0,0.0,0.0
2021-06-15 00:00:00+02:00,1.6655019521713257,1.7257920503616333,1.6127489805221558,1.6730380058288574,16211799,0.0,0.0,0.0
2021-06-16 00:00:00+02:00,1.6730380058288574,1.7107189893722534,1.6504299640655518,1.6805740594863892,6316000,0.0,0.0,0.0
2021-06-17 00:00:00+02:00,1.6805740594863892,1.6956470012664795,1.6202850341796875,1.6428929567337036,12982381,0.0,0.0,0.0
2021-06-20 00:00:00+02:00,1.6428929567337036,1.7559369802474976,1.6052119731903076,1.6730380058288574,20757117,0.0,0.0,0.0
2021-06-21 00:00:00+02:00,1.6730380058288574,1.8388350009918213,1.7634730339050293,1.8162260055541992,46878450,0.0,0.0,0.0
2021-06-22 00:00:00+02:00,1.8162260055541992,1.868980050086975,1.7408640384674072,1.8011540174484253,26044193,0.0,0.0,0.0
2021-06-23 00:00:00+02:00,1.8011540174484253,1.8539069890975952,1.7559369802474976,1.8011540174484253,31060893,0.0,0.0,0.0
2021-06-24 00:00:00+02:00,1.8011540174484253,1.944342017173767,1.8011540174484253,1.8614439964294434,73249386,0.0,0.0,0.0
2021-06-27 00:00:00+02:00,1.8614439964294434,2.0121679306030273,1.884052038192749,1.9368059635162354,38688132,0.0,0.0,0.0
2021-06-28 00:00:00+02:00,1.9368059635162354,1.921733021736145,1.8162260055541992,1.8765159845352173,32229711,0.0,0.0,0.0
2021-06-29 00:00:00+02:00,1.8765159845352173,1.8614439964294434,1.7710089683532715,1.8162260055541992,26638066,0.0,0.0,0.0
2021-06-30 00:00:00+02:00,1.8162260055541992,1.868980050086975,1.7710089683532715,1.823762059211731,28800755,0.0,0.0,0.0
2021-07-04 00:00:00+02:00,1.823762059211731,1.8915879726409912,1.8011540174484253,1.846371054649353,20458518,0.0,0.0,0.0
2021-07-05 00:00:00+02:00,1.846371054649353,1.9368059635162354,1.7785450220108032,1.8388350009918213,20985702,0.0,0.0,0.0
2021-07-06 00:00:00+02:00,1.8388350009918213,1.7936179637908936,1.6579660177230835,1.7333279848098755,17505733,0.0,0.0,0.0
2021-07-07 00:00:00+02:00,1.7333279848098755,1.846371054649353,1.6956470012664795,1.7559369802474976,21483149,0.0,0.0,0.0
2021-07-08 00:00:00+02:00,1.7559369802474976,1.8162260055541992,1.6730380058288574,1.7408640384674072,20105352,0.0,0.0,0.0
2021-07-11 00:00:00+02:00,1.7408640384674072,1.7333279848098755,1.6202850341796875,1.6655019521713257,9438585,0.0,0.0,0.0
2021-07-12 00:00:00+02:00,1.6655019521713257,1.6881109476089478,1.6278209686279297,1.6655019521713257,9987703,0.0,0.0,0.0
2021-07-13 00:00:00+02:00,1.6655019521713257,1.6881109476089478,1.6428929567337036,1.6655019521713257,9344186,0.0,0.0,0.0
2021-07-14 00:00:00+02:00,1.6655019521713257,1.7182559967041016,1.6428929567337036,1.6805740594863892,10247477,0.0,0.0,0.0
2021-07-15 00:00:00+02:00,1.6805740594863892,1.6956470012664795,1.6428929567337036,1.6655019521713257,11082142,0.0,0.0,0.0
2021-07-18 00:00:00+02:00,1.6655019521713257,1.6655019521713257,1.6127489805221558,1.6353570222854614,8371149,0.0,0.0,0.0
2021-07-25 00:00:00+02:00,1.6353570222854614,1.7107189893722534,1.6353570222854614,1.6730380058288574,10331226,0.0,0.0,0.0
2021-07-26 00:00:00+02:00,1.6730380058288574,1.7257920503616333,1.6805740594863892,1.6956470012664795,8122286,0.0,0.0,0.0
2021-07-27 00:00:00+02:00,1.6956470012664795,1.7182559967041016,1.6730380058288574,1.6956470012664795,13770943,0.0,0.0,0.0
2021-07-28 00:00:00+02:00,1.6956470012664795,1.7483999729156494,1.6881109476089478,1.7257920503616333,14320895,0.0,0.0,0.0
2021-07-29 00:00:00+02:00,1.7257920503616333,1.7559369802474976,1.6881109476089478,1.7107189893722534,12485384,0.0,0.0,0.0
2021-08-01 00:00:00+02:00,1.7107189893722534,1.7107189893722534,1.6579660177230835,1.6805740594863892,16697266,0.0,0.0,0.0
2021-08-02 00:00:00+02:00,1.6805740594863892,1.6805740594863892,1.5147780179977417,1.6052119731903076,26045350,0.0,0.0,0.0
2021-08-03 00:00:00+02:00,1.6052119731903076,1.6353570222854614,1.5147780179977417,1.5826040506362915,30748509,0.0,0.0,0.0
2021-08-04 00:00:00+02:00,1.5826040506362915,1.6881109476089478,1.5901399850845337,1.6504299640655518,22020938,0.0,0.0,0.0
2021-08-05 00:00:00+02:00,1.6504299640655518,1.6956470012664795,1.6278209686279297,1.6579660177230835,18032035,0.0,0.0,0.0
2021-08-08 00:00:00+02:00,1.6579660177230835,1.6579660177230835,1.6579660177230835,1.6579660177230835,0,0.0,0.0,0.0
2021-08-09 00:00:00+02:00,1.6579660177230835,1.6579660177230835,1.6579660177230835,1.6579660177230835,0,0.0,0.0,0.0
2021-08-10 00:00:00+02:00,1.6052119731903076,1.6202850341796875,1.5826040506362915,1.6052119731903076,12553911,0.0,0.0,0.0
2021-08-11 00:00:00+02:00,1.6052119731903076,1.6504299640655518,1.6052119731903076,1.6278209686279297,13969513,0.0,0.0,0.0
2021-08-15 00:00:00+02:00,1.6278209686279297,1.7408640384674072,1.6428929567337036,1.7031830549240112,30015593,0.0,0.0,0.0
2021-08-16 00:00:00+02:00,1.7031830549240112,1.7860809564590454,1.6881109476089478,1.7257920503616333,36352120,0.0,0.0,0.0
2021-08-17 00:00:00+02:00,1.7257920503616333,1.8086899518966675,1.7107189893722534,1.7483999729156494,30823063,0.0,0.0,0.0
2021-08-18 00:00:00+02:00,1.7483999729156494,1.7634730339050293,1.7107189893722534,1.7333279848098755,18531764,0.0,0.0,0.0
2021-08-19 00:00:00+02:00,1.7333279848098755,1.7333279848098755,1.6579660177230835,1.6881109476089478,14395509,0.0,0.0,0.0
2021-08-22 00:00:00+02:00,1.6881109476089478,1.6956470012664795,1.6353570222854614,1.6579660177230835,8444879,0.0,0.0,0.0
2021-08-23 00:00:00+02:00,1.6579660177230835,1.7408640384674072,1.6579660177230835,1.7107189893722534,12227768,0.0,0.0,0.0
2021-08-24 00:00:00+02:00,1.7107189893722534,1.7860809564590454,1.7182559967041016,1.7483999729156494,25973591,0.0,0.0,0.0
2021-08-25 00:00:00+02:00,1.7483999729156494,1.7483999729156494,1.7483999729156494,1.7483999729156494,0,0.0,0.0,0.0
2021-08-26 00:00:00+02:00,1.7483999729156494,1.846371054649353,1.7182559967041016,1.7860809564590454,50252093,0.0,0.0,0.0
2021-08-29 00:00:00+02:00,1.7860809564590454,1.7559369802474976,1.6504299640655518,1.6956470012664795,28536391,0.0,0.0,0.0
2021-08-30 00:00:00+02:00,1.6956470012664795,1.6956470012664795,1.6278209686279297,1.6579660177230835,12536784,0.0,0.0,0.0
2021-08-31 00:00:00+02:00,1.6579660177230835,1.6127489805221558,1.4921690225601196,1.5223139524459839,65872803,0.0,0.0,0.0
2021-09-01 00:00:00+02:00,1.5223139524459839,1.6127489805221558,1.5298500061035156,1.5599950551986694,33115033,0.0,0.0,0.0
2021-09-02 00:00:00+02:00,1.5599950551986694,1.5750679969787598,1.5298500061035156,1.544922947883606,24074123,0.0,0.0,0.0
2021-09-05 00:00:00+02:00,1.544922947883606,1.5826040506362915,1.431879997253418,1.50724196434021,30728702,0.0,0.0,0.0
2021-09-06 00:00:00+02:00,1.50724196434021,1.5223139524459839,1.228402018547058,1.30376398563385,51999369,0.0,0.0,0.0
2021-09-07 00:00:00+02:00,1.30376398563385,1.4394160509109497,1.318835973739624,1.431879997253418,47478263,0.0,0.0,0.0
2021-09-08 00:00:00+02:00,1.431879997253418,1.4770970344543457,1.4168070554733276,1.469560980796814,23530971,0.0,0.0,0.0
2021-09-09 00:00:00+02:00,1.469560980796814,1.484632968902588,1.4017349481582642,1.4620239734649658,17577857,0.0,0.0,0.0
2021-09-12 00:00:00+02:00,1.4620239734649658,1.4770970344543457,1.433387041091919,1.4673000574111938,7145248,0.0,0.0,0.0
2021-09-13 00:00:00+02:00,1.4673000574111938,1.4740819931030273,1.433387041091919,1.4620239734649658,12529124,0.0,0.0,0.0
2021-09-14 00:00:00+02:00,1.4620239734649658,1.461271047592163,1.431879997253418,1.4446909427642822,12031919,0.0,0.0,0.0
2021-09-15 00:00:00+02:00,1.4446909427642822,1.4544880390167236,1.395706057548523,1.407763957977295,7802945,0.0,0.0,0.0
2021-09-16 00:00:00+02:00,1.407763957977295,1.544922947883606,1.4243429899215698,1.4884010553359985,50812428,0.0,0.0,0.0
2021-09-19 00:00:00+02:00,1.4884010553359985,1.4997049570083618,1.4620239734649658,1.4620239734649658,12994806,0.0,0.0,0.0
2021-09-20 00:00:00+02:00,1.4620239734649658,1.4650390148162842,1.4137929677963257,1.4288649559020996,18413033,0.0,0.0,0.0
2021-09-21 00:00:00+02:00,1.4288649559020996,1.431879997253418,1.3128069639205933,1.3550100326538086,21083615,0.0,0.0,0.0
2021-09-22 00:00:00+02:00,1.3550100326538086,1.4122849702835083,1.3437060117721558,1.4039959907531738,6237430,0.0,0.0,0.0
2021-09-23 00:00:00+02:00,1.4039959907531738,1.4394160509109497,1.37385094165802,1.4394160509109497,8543533,0.0,0.0,0.0
2021-09-26 00:00:00+02:00,1.4394160509109497,1.4461979866027832,1.390429973602295,1.4047490358352661,13070652,0.0,0.0,0.0
2021-09-27 00:00:00+02:00,1.4047490358352661,1.4047490358352661,1.3158220052719116,1.3331550359725952,19778863,0.0,0.0,0.0
2021-09-28 00:00:00+02:00,1.3331550359725952,1.3331550359725952,1.3331550359725952,1.3331550359725952,0,0.0,0.0,0.0
2021-09-29 00:00:00+02:00,1.3331550359725952,1.3331550359725952,1.3331550359725952,1.3331550359725952,0,0.0,0.0,0.0
2021-09-30 00:00:00+02:00,1.3226039409637451,1.35651695728302,1.318835973739624,1.3308939933776855,7204503,0.0,0.0,0.0
2021-10-03 00:00:00+02:00,1.3308939933776855,1.35651695728302,1.318835973739624,1.3331550359725952,10333142,0.0,0.0,0.0
2021-10-04 00:00:00+02:00,1.3331550359725952,1.35651695728302,1.3286329507827759,1.3452130556106567,14770420,0.0,0.0,0.0
2021-10-05 00:00:00+02:00,1.3452130556106567,1.3693289756774902,1.3354159593582153,1.3467199802398682,11442032,0.0,0.0,0.0
2021-10-06 00:00:00+02:00,1.3467199802398682,1.3557640314102173,1.333909034729004,1.3421989679336548,10548769,0.0,0.0,0.0
2021-10-10 00:00:00+02:00,1.3421989679336548,1.3557640314102173,1.3233580589294434,1.339184045791626,4452885,0.0,0.0,0.0
2021-10-11 00:00:00+02:00,1.339184045791626,1.3489810228347778,1.3203439712524414,1.3263729810714722,3287435,0.0,0.0,0.0
2021-10-12 00:00:00+02:00,1.3263729810714722,1.3406909704208374,1.3180830478668213,1.3195899724960327,3610622,0.0,0.0,0.0
2021-10-13 00:00:00+02:00,1.3195899724960327,1.3226039409637451,1.2819089889526367,1.3030099868774414,6223497,0.0,0.0,0.0
2021-10-14 00:00:00+02:00,1.3030099868774414,1.3550100326538086,1.296228051185608,1.3316479921340942,7396162,0.0,0.0,0.0
2021-10-17 00:00:00+02:00,1.3316479921340942,1.3896770477294922,1.3489810228347778,1.3685749769210815,15577721,0.0,0.0,0.0
2021-10-18 00:00:00+02:00,1.3685749769210815,1.3685749769210815,1.3685749769210815,1.3685749769210815,0,0.0,0.0,0.0
2021-10-19 00:00:00+02:00,1.375357985496521,1.390429973602295,1.2826629877090454,1.2924599647521973,10222268,0.0,0.0,0.0
2021-10-20 00:00:00+02:00,1.2924599647521973,1.35651695728302,1.1311850547790527,1.35651695728302,19063272,0.0,0.0,0.0
2021-10-24 00:00:00+02:00,1.35651695728302,1.35651695728302,1.2819089889526367,1.324112057685852,11070337,0.0,0.0,0.0
2021-10-25 00:00:00+02:00,1.324112057685852,1.3399380445480347,1.2668370008468628,1.30376398563385,8431152,0.0,0.0,0.0
2021-10-26 00:00:00+02:00,1.30376398563385,1.318835973739624,1.2547789812088013,1.2819089889526367,10843449,0.0,0.0,0.0
2021-10-27 00:00:00+02:00,1.2819089889526367,1.281154990196228,1.1914739608764648,1.2804019451141357,6881860,0.0,0.0,0.0
2021-10-28 00:00:00+02:00,1.2804019451141357,1.3090389966964722,1.2510099411010742,1.3060250282287598,13999370,0.0,0.0,0.0
2021-10-31 00:00:00+02:00,1.3060250282287598,1.379125952720642,1.281154990196228,1.3610390424728394,13537956,0.0,0.0,0.0
2021-11-01 00:00:00+02:00,1.3610390424728394,1.3866620063781738,1.3489810228347778,1.3595319986343384,9212600,0.0,0.0,0.0
2021-11-02 00:00:00+02:00,1.3595319986343384,1.3859089612960815,1.318835973739624,1.3595319986343384,30950610,0.0,0.0,0.0
2021-11-03 00:00:00+02:00,1.3595319986343384,1.379125952720642,1.3421989679336548,1.3640539646148682,8793570,0.0,0.0,0.0
2021-11-04 00:00:00+02:00,1.3640539646148682,1.370082974433899,1.3354159593582153,1.3595319986343384,8722918,0.0,0.0,0.0
2021-11-07 00:00:00+02:00,1.3595319986343384,1.3595319986343384,1.3595319986343384,1.3595319986343384,0,0.0,0.0,0.0
2021-11-08 00:00:00+02:00,1.3595319986343384,1.3595319986343384,1.3595319986343384,1.3595319986343384,0,0.0,0.0,0.0
2021-11-09 00:00:00+02:00,1.3595319986343384,1.3595319986343384,1.3595319986343384,1.3595319986343384,0,0.0,0.0,0.0
2021-11-10 00:00:00+02:00,1.4220819473266602,1.435647964477539,1.379125952720642,1.4311259984970093,10573184,0.0,0.0,0.0
2021-11-11 00:00:00+02:00,1.4311259984970093,1.4311259984970093,1.35651695728302,1.394197940826416,55215926,0.0,0.0,0.0
2021-11-14 00:00:00+02:00,1.394197940826416,1.469560980796814,1.3715900182724,1.465791940689087,11351236,0.0,0.0,0.0
2021-11-15 00:00:00+02:00,1.465791940689087,1.4959369897842407,1.442430019378662,1.4778499603271484,22065671,0.0,0.0,0.0
2021-11-16 00:00:00+02:00,1.4778499603271484,1.4884010553359985,1.446951985359192,1.4770970344543457,7262262,0.0,0.0,0.0
2021-11-17 00:00:00+02:00,1.4770970344543457,1.4921690225601196,1.4544880390167236,1.469560980796814,9149695,0.0,0.0,0.0
2021-11-18 00:00:00+02:00,1.469560980796814,1.5441689491271973,1.4620239734649658,1.4718209505081177,33675966,0.0,0.0,0.0
2021-11-21 00:00:00+02:00,1.4718209505081177,1.476343035697937,1.3648070096969604,1.3723429441452026,8863592,0.0,0.0,0.0
2021-11-22 00:00:00+02:00,1.3723429441452026,1.414546012878418,1.35651695728302,1.3964589834213257,6543658,0.0,0.0,0.0
2021-11-23 00:00:00+02:00,1.3964589834213257,1.4168070554733276,1.3859089612960815,1.409271001815796,4847957,0.0,0.0,0.0
2021-11-24 00:00:00+02:00,1.409271001815796,1.428110957145691,1.4002269506454468,1.4062559604644775,4340279,0.0,0.0,0.0
2021-11-25 00:00:00+02:00,1.4062559604644775,1.4085170030593872,1.3836480379104614,1.3874160051345825,19385056,0.0,0.0,0.0
2021-11-28 00:00:00+02:00,1.3874160051345825,1.3874160051345825,1.3874160051345825,1.3874160051345825,0,0.0,0.0,0.0
2021-11-29 00:00:00+02:00,1.3987200260162354,1.409271001815796,1.3203439712524414,1.3572709560394287,17613136,0.0,0.0,0.0
2021-11-30 00:00:00+02:00,1.3572709560394287,1.3715900182724,1.333909034729004,1.352748990058899,9801442,0.0,0.0,0.0
2021-12-01 00:00:00+02:00,1.352748990058899,1.3715900182724,1.352748990058899,1.3670680522918701,5047579,0.0,0.0,0.0
2021-12-02 00:00:00+02:00,1.3670680522918701,1.394197940826416,1.35651695728302,1.3836480379104614,20413238,0.0,0.0,0.0
2021-12-05 00:00:00+02:00,1.3836480379104614,1.3934450149536133,1.342952013015747,1.3685749769210815,15889170,0.0,0.0,0.0
2021-12-06 00:00:00+02:00,1.3685749769210815,1.3715900182724,1.339184045791626,1.3421989679336548,17026883,0.0,0.0,0.0
2021-12-07 00:00:00+02:00,1.3421989679336548,1.3519959449768066,1.0776779651641846,1.130431056022644,86147803,0.0,0.0,0.0
2021-12-08 00:00:00+02:00,1.130431056022644,1.130431056022644,0.9043449759483337,0.9043449759483337,44369056,0.0,0.0,0.0
2021-12-09 00:00:00+02:00,0.9043449759483337,0.9480550289154053,0.723475992679596,0.9307219982147217,368369881,0.0,0.0,0.0
2021-12-12 00:00:00+02:00,0.9307219982147217,0.9782000184059143,0.8772140145301819,0.8900259733200073,93416065,0.0,0.0,0.0
2021-12-13 00:00:00+02:00,0.8900259733200073,0.9164029955863953,0.85309898853302,0.911126971244812,43598658,0.0,0.0,0.0
2021-12-14 00:00:00+02:00,0.911126971244812,0.911126971244812,0.911126971244812,0.911126971244812,0,0.0,0.0,0.0
2021-12-15 00:00:00+02:00,0.865909993648529,0.8651559948921204,0.8086349964141846,0.8289830088615417,45533241,0.0,0.0,0.0
2021-12-16 00:00:00+02:00,0.8289830088615417,0.8478230237960815,0.7913020253181458,0.8402870297431946,49518903,0.0,0.0,0.0
2021-12-19 00:00:00+02:00,0.8402870297431946,0.9156489968299866,0.8289830088615417,0.8968089818954468,61773982,0.0,0.0,0.0
2021-12-20 00:00:00+02:00,0.8968089818954468,0.8968089818954468,0.8968089818954468,0.8968089818954468,0,0.0,0.0,0.0
2021-12-21 00:00:00+02:00,0.8877649903297424,0.9359970092773438,0.8809829950332642,0.9201710224151611,60915959,0.0,0.0,0.0
2021-12-22 00:00:00+02:00,0.9201710224151611,0.9412720203399658,0.8900259733200073,0.9066060185432434,44009921,0.0,0.0,0.0
2021-12-23 00:00:00+02:00,0.9066060185432434,0.9148949980735779,0.9013299942016602,0.9073590040206909,19028438,0.0,0.0,0.0
2021-12-26 00:00:00+02:00,0.9073590040206909,0.9148949980735779,0.8870120048522949,0.890779972076416,23392834,0.0,0.0,0.0
2021-12-27 00:00:00+02:00,0.890779972076416,0.9118810296058655,0.8839970231056213,0.9043449759483337,19367908,0.0,0.0,0.0
2021-12-28 00:00:00+02:00,0.9043449759483337,0.9164029955863953,0.8983160257339478,0.9126350283622742,24491600,0.0,0.0,0.0
2021-12-29 00:00:00+02:00,0.9126350283622742,0.9646340012550354,0.9058520197868347,0.9638810157775879,45726955,0.0,0.0,0.0
2021-12-30 00:00:00+02:00,0.9638810157775879,0.9910110235214233,0.9570980072021484,0.960112988948822,35543379,0.0,0.0,0.0
2022-01-02 00:00:00+02:00,0.960112988948822,0.9759389758110046,0.9525769948959351,0.9638810157775879,22683724,0.0,0.0,0.0
2022-01-03 00:00:00+02:00,0.9638810157775879,0.9721710085868835,0.9457939863204956,0.9495620131492615,15081226,0.0,0.0,0.0
2022-01-04 00:00:00+02:00,0.9495620131492615,0.9646340012550354,0.9420260190963745,0.9473009705543518,15990356,0.0,0.0,0.0
2022-01-05 00:00:00+02:00,0.9473009705543518,0.9684029817581177,0.9495620131492615,0.9540839791297913,20892408,0.0,0.0,0.0
2022-01-09 00:00:00+02:00,0.9540839791297913,0.9540839791297913,0.9540839791297913,0.9540839791297913,0,0.0,0.0,0.0
2022-01-10 00:00:00+02:00,0.9390109777450562,0.9570980072021484,0.9359970092773438,0.9390109777450562,15470593,0.0,0.0,0.0
2022-01-11 00:00:00+02:00,0.9390109777450562,0.9420260190963745,0.9058520197868347,0.9096199870109558,23692186,0.0,0.0,0.0
2022-01-12 00:00:00+02:00,0.9096199870109558,0.9156489968299866,0.8749539852142334,0.8832430243492126,16983529,0.0,0.0,0.0
2022-01-13 00:00:00+02:00,0.8832430243492126,0.8892719745635986,0.8553590178489685,0.8553590178489685,21334128,0.0,0.0,0.0
2022-01-16 00:00:00+02:00,0.8553590178489685,0.8613880276679993,0.8176779747009277,0.830489993095398,25568507,0.0,0.0,0.0
2022-01-17 00:00:00+02:00,0.830489993095398,0.8613880276679993,0.8259680271148682,0.8576200008392334,18530758,0.0,0.0,0.0
2022-01-18 00:00:00+02:00,0.8576200008392334,0.865909993648529,0.8493300080299377,0.8591279983520508,10596371,0.0,0.0,0.0
2022-01-19 00:00:00+02:00,0.8591279983520508,0.8644030094146729,0.8470699787139893,0.8523449897766113,9096951,0.0,0.0,0.0
2022-01-20 00:00:00+02:00,0.8523449897766113,0.8613880276679993,0.8365190029144287,0.8440549969673157,8085856,0.0,0.0,0.0
2022-01-23 00:00:00+02:00,0.8440549969673157,0.8448089957237244,0.822953999042511,0.8289830088615417,8509500,0.0,0.0,0.0
2022-01-24 00:00:00+02:00,0.8289830088615417,0.8327509760856628,0.7988380193710327,0.8018519878387451,12148540,0.0,0.0,0.0
2022-01-25 00:00:00+02:00,0.8018519878387451,0.8365190029144287,0.8026059865951538,0.8191859722137451,7174740,0.0,0.0,0.0
2022-01-26 00:00:00+02:00,0.8191859722137451,0.8282290101051331,0.8086349964141846,0.8116490244865417,3296815,0.0,0.0,0.0
2022-01-30 00:00:00+02:00,0.8116490244865417,0.8244609832763672,0.8033599853515625,0.8071280121803284,3961460,0.0,0.0,0.0
2022-01-31 00:00:00+02:00,0.8071280121803284,0.8176779747009277,0.7950699925422668,0.8124030232429504,5658161,0.0,0.0,0.0
2022-02-01 00:00:00+02:00,0.8124030232429504,0.8244609832763672,0.8063740134239197,0.822953999042511,17922951,0.0,0.0,0.0
2022-02-02 00:00:00+02:00,0.822953999042511,0.8289830088615417,0.8139100074768066,0.8161709904670715,12751047,0.0,0.0,0.0
2022-02-03 00:00:00+02:00,0.8161709904670715,0.8214460015296936,0.8048670291900635,0.8078809976577759,9129929,0.0,0.0,0.0
2022-02-06 00:00:00+02:00,0.8078809976577759,0.8568670153617859,0.8086349964141846,0.8523449897766113,22584547,0.0,0.0,0.0
2022-02-07 00:00:00+02:00,0.8523449897766113,0.8719390034675598,0.8380259871482849,0.8410410284996033,14672990,0.0,0.0,0.0
2022-02-08 00:00:00+02:00,0.8410410284996033,0.8515909910202026,0.8365190029144287,0.8387799859046936,5221612,0.0,0.0,0.0
2022-02-09 00:00:00+02:00,0.8387799859046936,0.8779680132865906,0.8365190029144287,0.8696780204772949,27328467,0.0,0.0,0.0
2022-02-10 00:00:00+02:00,0.8696780204772949,0.8794749975204468,0.8561130166053772,0.8666639924049377,11846482,0.0,0.0,0.0
2022-02-13 00:00:00+02:00,0.8666639924049377,0.8591279983520508,0.8289830088615417,0.8335040211677551,9421218,0.0,0.0,0.0
2022-02-14 00:00:00+02:00,0.8335040211677551,0.8402870297431946,0.7913020253181458,0.830489993095398,11852184,0.0,0.0,0.0
2022-02-15 00:00:00+02:00,0.830489993095398,0.8892719745635986,0.8289830088615417,0.8749539852142334,20763912,0.0,0.0,0.0
2022-02-16 00:00:00+02:00,0.8749539852142334,0.890779972076416,0.8636490106582642,0.8689249753952026,11584601,0.0,0.0,0.0
2022-02-17 00:00:00+02:00,0.8689249753952026,0.8711850047111511,0.8515909910202026,0.8561130166053772,6312383,0.0,0.0,0.0
2022-02-20 00:00:00+02:00,0.8561130166053772,0.8561130166053772,0.8327509760856628,0.8372730016708374,8920096,0.0,0.0,0.0
2022-02-21 00:00:00+02:00,0.8372730016708374,0.8470699787139893,0.8259680271148682,0.8380259871482849,8324255,0.0,0.0,0.0
2022-02-22 00:00:00+02:00,0.8380259871482849,0.8372730016708374,0.8139100074768066,0.8319969773292542,8764363,0.0,0.0,0.0
2022-02-23 00:00:00+02:00,0.8319969773292542,0.8440549969673157,0.822953999042511,0.8365190029144287,6825361,0.0,0.0,0.0
2022-02-24 00:00:00+02:00,0.8365190029144287,0.8026059865951538,0.753620982170105,0.7747219800949097,19978558,0.0,0.0,0.0
2022-02-27 00:00:00+02:00,0.7747219800949097,0.8124030232429504,0.7913020253181458,0.8048670291900635,6443141,0.0,0.0,0.0
2022-02-28 00:00:00+02:00,0.8048670291900635,0.8010990023612976,0.7777360081672668,0.7837650179862976,4001090,0.0,0.0,0.0
2022-03-01 00:00:00+02:00,0.7837650179862976,0.8116490244865417,0.7867799997329712,0.792809009552002,11213983,0.0,0.0,0.0
2022-03-02 00:00:00+02:00,0.792809009552002,0.798084020614624,0.7837650179862976,0.7860260009765625,4432600,0.0,0.0,0.0
2022-03-03 00:00:00+02:00,0.7860260009765625,0.798084020614624,0.7762290239334106,0.7830119729042053,8036266,0.0,0.0,0.0
2022-03-06 00:00:00+02:00,0.7830119729042053,0.7807509899139404,0.753620982170105,0.7581419944763184,13514738,0.0,0.0,0.0
2022-03-07 00:00:00+02:00,0.7581419944763184,0.755128026008606,0.6835340261459351,0.6925770044326782,44177165,0.0,0.0,0.0
2022-03-08 00:00:00+02:00,0.6925770044326782,0.6925770044326782,0.6925770044326782,0.6925770044326782,0,0.0,0.0,0.0
2022-03-09 00:00:00+02:00,0.6616790294647217,0.6820269823074341,0.6616790294647217,0.6692150235176086,12261102,0.0,0.0,0.0
2022-03-10 00:00:00+02:00,0.6692150235176086,0.6827800273895264,0.6511279940605164,0.6571570038795471,10378430,0.0,0.0,0.0
2022-03-13 00:00:00+02:00,0.6571570038795471,0.6654469966888428,0.6194760203361511,0.6247509717941284,10754806,0.0,0.0,0.0
2022-03-14 00:00:00+02:00,0.6247509717941284,0.6247509717941284,0.58405601978302,0.58405601978302,44352025,0.0,0.0,0.0
2022-03-15 00:00:00+02:00,0.58405601978302,0.5930989980697632,0.527534008026123,0.5478820204734802,47161349,0.0,0.0,0.0
2022-03-16 00:00:00+02:00,0.5478820204734802,0.5878239870071411,0.5501430034637451,0.5810409784317017,19305351,0.0,0.0,0.0
2022-03-17 00:00:00+02:00,0.5810409784317017,0.5878239870071411,0.5674759745597839,0.5697370171546936,12610980,0.0,0.0,0.0
2022-03-20 00:00:00+02:00,0.5697370171546936,0.5870699882507324,0.5644620060920715,0.5667229890823364,16291984,0.0,0.0,0.0
2022-03-21 00:00:00+02:00,0.5667229890823364,0.6013889908790588,0.5622010231018066,0.5848090052604675,28710333,0.0,0.0,0.0
2022-03-22 00:00:00+02:00,0.5848090052604675,0.629272997379303,0.58405601978302,0.6119400262832642,56274227,0.0,0.0,0.0
2022-03-23 00:00:00+02:00,0.6119400262832642,0.629272997379303,0.602895975112915,0.6187220215797424,25727885,0.0,0.0,0.0
2022-03-24 00:00:00+02:00,0.6187220215797424,0.6255049705505371,0.6051570177078247,0.6089249849319458,10055609,0.0,0.0,0.0
2022-03-27 00:00:00+02:00,0.6089249849319458,0.6081719994544983,0.5750120282173157,0.5893309712409973,18245755,0.0,0.0,0.0
2022-03-28 00:00:00+02:00,0.5893309712409973,0.599128007888794,0.5508970022201538,0.559939980506897,4755314,0.0,0.0,0.0
2022-03-29 00:00:00+02:00,0.559939980506897,0.5727519989013672,0.5373309850692749,0.5569249987602234,6602339,0.0,0.0,0.0
2022-03-30 00:00:00+02:00,0.5569249987602234,0.5878239870071411,0.5576789975166321,0.5765200257301331,16239186,0.0,0.0,0.0
2022-03-31 00:00:00+02:00,0.5765200257301331,0.5878239870071411,0.5622010231018066,0.565214991569519,7649251,0.0,0.0,0.0
2022-04-03 00:00:00+02:00,0.565214991569519,0.5765200257301331,0.5644620060920715,0.5659689903259277,2083772,0.0,0.0,0.0
2022-04-04 00:00:00+02:00,0.5659689903259277,0.5780270099639893,0.5644620060920715,0.5659689903259277,4168435,0.0,0.0,0.0
2022-04-05 00:00:00+02:00,0.5659689903259277,0.5772730112075806,0.5644620060920715,0.5689830183982849,11964584,0.0,0.0,0.0
2022-04-06 00:00:00+02:00,0.5689830183982849,0.5735049843788147,0.5591859817504883,0.5606939792633057,9835300,0.0,0.0,0.0
2022-04-07 00:00:00+02:00,0.5606939792633057,0.5606939792633057,0.5433599948883057,0.5456209778785706,7500895,0.0,0.0,0.0
2022-04-10 00:00:00+02:00,0.5456209778785706,0.5501430034637451,0.5019109845161438,0.5071859955787659,7156060,0.0,0.0,0.0
2022-04-11 00:00:00+02:00,0.5071859955787659,0.5117080211639404,0.47553399205207825,0.4800559878349304,6644571,0.0,0.0,0.0
2022-04-12 00:00:00+02:00,0.4800559878349304,0.4958820044994354,0.461216002702713,0.4853309988975525,3461524,0.0,0.0,0.0
2022-04-13 00:00:00+02:00,0.4853309988975525,0.4973889887332916,0.47704198956489563,0.4830709993839264,5650666,0.0,0.0,0.0
2022-04-14 00:00:00+02:00,0.4830709993839264,0.4823170006275177,0.4506649971008301,0.4604620039463043,9584438,0.0,0.0,0.0
2022-04-17 00:00:00+02:00,0.4604620039463043,0.4672450125217438,0.4092159867286682,0.41976600885391235,10214516,0.0,0.0,0.0
2022-04-18 00:00:00+02:00,0.41976600885391235,0.4250420033931732,0.4069550037384033,0.42127400636672974,10289627,0.0,0.0,0.0
2022-04-19 00:00:00+02:00,0.42127400636672974,0.45217201113700867,0.4144909977912903,0.43483901023864746,12304080,0.0,0.0,0.0
2022-04-20 00:00:00+02:00,0.43483901023864746,0.4461430013179779,0.41976600885391235,0.44086799025535583,4883902,0.0,0.0,0.0
2022-04-21 00:00:00+02:00,0.44086799025535583,0.48985299468040466,0.445389986038208,0.47251999378204346,22637120,0.0,0.0,0.0
2022-04-26 00:00:00+02:00,0.47251999378204346,0.4823170006275177,0.45518699288368225,0.4634760022163391,7065678,0.0,0.0,0.0
2022-04-27 00:00:00+02:00,0.4634760022163391,0.4695050120353699,0.45820099115371704,0.4672450125217438,3794209,0.0,0.0,0.0
2022-04-28 00:00:00+02:00,0.4672450125217438,0.48759201169013977,0.4679979979991913,0.4838240146636963,9437981,0.0,0.0,0.0
2022-05-08 00:00:00+02:00,0.4838240146636963,0.4823170006275177,0.4619689881801605,0.47553399205207825,8538239,0.0,0.0,0.0
2022-05-09 00:00:00+02:00,0.47553399205207825,0.4823170006275177,0.4679979979991913,0.47251999378204346,7842903,0.0,0.0,0.0
2022-05-10 00:00:00+02:00,0.47251999378204346,0.4785490036010742,0.4619689881801605,0.4649839997291565,6182845,0.0,0.0,0.0
2022-05-11 00:00:00+02:00,0.4649839997291565,0.5011579990386963,0.45518699288368225,0.4966360032558441,34045039,0.0,0.0,0.0
2022-05-12 00:00:00+02:00,0.4966360032558441,0.4981429874897003,0.47478100657463074,0.4777950048446655,22211653,0.0,0.0,0.0
2022-05-15 00:00:00+02:00,0.4777950048446655,0.49211400747299194,0.47101300954818726,0.47402700781822205,10902295,0.0,0.0,0.0
2022-05-16 00:00:00+02:00,0.47402700781822205,0.47704198956489563,0.45970800518989563,0.4627229869365692,13201791,0.0,0.0,0.0
2022-05-17 00:00:00+02:00,0.4627229869365692,0.47101300954818726,0.45669400691986084,0.45970800518989563,11216972,0.0,0.0,0.0
2022-05-18 00:00:00+02:00,0.45970800518989563,0.47478100657463074,0.45970800518989563,0.47025901079177856,10997678,0.0,0.0,0.0
2022-05-19 00:00:00+02:00,0.47025901079177856,0.4793030023574829,0.45292600989341736,0.47327399253845215,23805159,0.0,0.0,0.0
2022-05-22 00:00:00+02:00,0.47327399253845215,0.4838240146636963,0.47101300954818726,0.47478100657463074,13889327,0.0,0.0,0.0
2022-05-23 00:00:00+02:00,0.47478100657463074,0.48834601044654846,0.47251999378204346,0.47478100657463074,8437490,0.0,0.0,0.0
2022-05-24 00:00:00+02:00,0.47478100657463074,0.4808099865913391,0.4634760022163391,0.4672450125217438,14803669,0.0,0.0,0.0
2022-05-25 00:00:00+02:00,0.4672450125217438,0.4672450125217438,0.43709999322891235,0.44011399149894714,10394120,0.0,0.0,0.0
2022-05-26 00:00:00+02:00,0.44011399149894714,0.4423750042915344,0.4257949888706207,0.4303170144557953,7448398,0.0,0.0,0.0
2022-05-29 00:00:00+02:00,0.4303170144557953,0.43408501148223877,0.4114769995212555,0.41675201058387756,11482168,0.0,0.0,0.0
2022-05-30 00:00:00+02:00,0.41675201058387756,0.42353498935699463,0.407709002494812,0.4107230007648468,7923232,0.0,0.0,0.0
2022-05-31 00:00:00+02:00,0.4107230007648468,0.43709999322891235,0.4137369990348816,0.4303170144557953,17164953,0.0,0.0,0.0
2022-06-01 00:00:00+02:00,0.4303170144557953,0.4325779974460602,0.42052000761032104,0.4242880046367645,8429599,0.0,0.0,0.0
2022-06-02 00:00:00+02:00,0.4242880046367645,0.43559199571609497,0.41976600885391235,0.4295639991760254,4976187,0.0,0.0,0.0
2022-06-05 00:00:00+02:00,0.4295639991760254,0.4295639991760254,0.4295639991760254,0.4295639991760254,0,0.0,0.0,0.0
2022-06-06 00:00:00+02:00,0.428056001663208,0.43483901023864746,0.4257949888706207,0.4318239986896515,4059437,0.0,0.0,0.0
2022-06-07 00:00:00+02:00,0.4318239986896515,0.45594000816345215,0.4318239986896515,0.4476499855518341,16396072,0.0,0.0,0.0
2022-06-08 00:00:00+02:00,0.4476499855518341,0.4649839997291565,0.4491580128669739,0.461216002702713,9056250,0.0,0.0,0.0
2022-06-09 00:00:00+02:00,0.461216002702713,0.465736985206604,0.45443299412727356,0.4604620039463043,9056311,0.0,0.0,0.0
2022-06-12 00:00:00+02:00,0.4604620039463043,0.4634760022163391,0.4461430013179779,0.45820099115371704,8953837,0.0,0.0,0.0
2022-06-13 00:00:00+02:00,0.45820099115371704,0.45970800518989563,0.4431290030479431,0.445389986038208,4445512,0.0,0.0,0.0
2022-06-14 00:00:00+02:00,0.445389986038208,0.45594000816345215,0.43860700726509094,0.4484040141105652,8176357,0.0,0.0,0.0
2022-06-15 00:00:00+02:00,0.4484040141105652,0.4642300009727478,0.45217201113700867,0.45744699239730835,15382568,0.0,0.0,0.0
2022-06-16 00:00:00+02:00,0.45744699239730835,0.4808099865913391,0.45367899537086487,0.4672450125217438,24442372,0.0,0.0,0.0
2022-06-19 00:00:00+02:00,0.4672450125217438,0.47025901079177856,0.44086799025535583,0.4491580128669739,14626185,0.0,0.0,0.0
2022-06-20 00:00:00+02:00,0.4491580128669739,0.4499109983444214,0.431071013212204,0.4325779974460602,7604346,0.0,0.0,0.0
2022-06-21 00:00:00+02:00,0.4325779974460602,0.45141899585723877,0.43709999322891235,0.44086799025535583,14270207,0.0,0.0,0.0
2022-06-22 00:00:00+02:00,0.44086799025535583,0.4484040141105652,0.4325779974460602,0.43634599447250366,8152509,0.0,0.0,0.0
2022-06-23 00:00:00+02:00,0.43634599447250366,0.44011399149894714,0.428056001663208,0.4295639991760254,7062907,0.0,0.0,0.0
2022-06-26 00:00:00+02:00,0.4295639991760254,0.44011399149894714,0.4295639991760254,0.4295639991760254,3130915,0.0,0.0,0.0
2022-06-27 00:00:00+02:00,0.4295639991760254,0.431071013212204,0.415244996547699,0.41750600934028625,3082697,0.0,0.0,0.0
2022-06-28 00:00:00+02:00,0.41750600934028625,0.4144909977912903,0.38811400532722473,0.40092599391937256,16455743,0.0,0.0,0.0
2022-06-29 00:00:00+02:00,0.40092599391937256,0.40544798970222473,0.3941429853439331,0.3971579968929291,8204044,0.0,0.0,0.0
2022-07-03 00:00:00+02:00,0.3971579968929291,0.39941900968551636,0.33008599281311035,0.3421429991722107,45862314,0.0,0.0,0.0
2022-07-04 00:00:00+02:00,0.3421429991722107,0.3753030002117157,0.33159300684928894,0.36701300740242004,265831163,0.0,0.0,0.0
2022-07-05 00:00:00+02:00,0.36701300740242004,0.3964039981365204,0.36625900864601135,0.3707810044288635,59446331,0.0,0.0,0.0
2022-07-06 00:00:00+02:00,0.3707810044288635,0.3768100142478943,0.34817200899124146,0.36851999163627625,51155401,0.0,0.0,0.0
2022-07-07 00:00:00+02:00,0.36851999163627625,0.374549001455307,0.344404011964798,0.34968000650405884,37600624,0.0,0.0,0.0
2022-07-17 00:00:00+02:00,0.34968000650405884,0.3549549877643585,0.3436509966850281,0.34591200947761536,10641642,0.0,0.0,0.0
2022-07-18 00:00:00+02:00,0.34591200947761536,0.3549549877643585,0.34666499495506287,0.34741899371147156,27036287,0.0,0.0,0.0
2022-07-19 00:00:00+02:00,0.34741899371147156,0.3753030002117157,0.344404011964798,0.3715350031852722,44987878,0.0,0.0,0.0
2022-07-20 00:00:00+02:00,0.3715350031852722,0.3768100142478943,0.36550599336624146,0.3707810044288635,18307780,0.0,0.0,0.0
2022-07-21 00:00:00+02:00,0.3707810044288635,0.4092159867286682,0.36927399039268494,0.39941900968551636,88265667,0.0,0.0,0.0
2022-07-24 00:00:00+02:00,0.39941900968551636,0.4144909977912903,0.39941900968551636,0.40620100498199463,16355269,0.0,0.0,0.0
2022-07-25 00:00:00+02:00,0.40620100498199463,0.45970800518989563,0.407709002494812,0.45970800518989563,52320453,0.0,0.0,0.0
2022-07-26 00:00:00+02:00,0.45970800518989563,0.4634760022163391,0.44011399149894714,0.44162100553512573,19850308,0.0,0.0,0.0
2022-07-27 00:00:00+02:00,0.44162100553512573,0.47478100657463074,0.43408501148223877,0.445389986038208,50651996,0.0,0.0,0.0
2022-07-28 00:00:00+02:00,0.445389986038208,0.45217201113700867,0.4318239986896515,0.43634599447250366,21245730,0.0,0.0,0.0
2022-07-31 00:00:00+02:00,0.43634599447250366,0.48834601044654846,0.4438819885253906,0.4868389964103699,56672353,0.0,0.0,0.0
2022-08-01 00:00:00+02:00,0.4868389964103699,0.5071859955787659,0.4484040141105652,0.45820099115371704,113319630,0.0,0.0,0.0
2022-08-02 00:00:00+02:00,0.45820099115371704,0.4838240146636963,0.45292600989341736,0.4808099865913391,67056302,0.0,0.0,0.0
2022-08-03 00:00:00+02:00,0.4808099865913391,0.48910000920295715,0.4446359872817993,0.45367899537086487,117414986,0.0,0.0,0.0
2022-08-04 00:00:00+02:00,0.45367899537086487,0.4634760022163391,0.4476499855518341,0.45970800518989563,58622192,0.0,0.0,0.0
2022-08-07 00:00:00+02:00,0.45970800518989563,0.4860849976539612,0.461216002702713,0.4800559878349304,91054904,0.0,0.0,0.0
2022-08-08 00:00:00+02:00,0.4800559878349304,0.4951289892196655,0.4695050120353699,0.47327399253845215,87389732,0.0,0.0,0.0
2022-08-09 00:00:00+02:00,0.47327399253845215,0.4777950048446655,0.4476499855518341,0.4506649971008301,86082117,0.0,0.0,0.0
2022-08-10 00:00:00+02:00,0.4506649971008301,0.4672450125217438,0.4491580128669739,0.45217201113700867,71793070,0.0,0.0,0.0
2022-08-11 00:00:00+02:00,0.45217201113700867,0.45895498991012573,0.415244996547699,0.4242880046367645,130667971,0.0,0.0,0.0
2022-08-14 00:00:00+02:00,0.4242880046367645,0.4250420033931732,0.3964039981365204,0.40167999267578125,76990169,0.0,0.0,0.0
2022-08-15 00:00:00+02:00,0.40167999267578125,0.4250420033931732,0.40167999267578125,0.4069550037384033,78948563,0.0,0.0,0.0
2022-08-16 00:00:00+02:00,0.4069550037384033,0.41901299357414246,0.3948970139026642,0.39941900968551636,53645576,0.0,0.0,0.0
2022-08-17 00:00:00+02:00,0.39941900968551636,0.4069550037384033,0.38811400532722473,0.3926360011100769,55574966,0.0,0.0,0.0
2022-08-18 00:00:00+02:00,0.3926360011100769,0.3926360011100769,0.3926360011100769,0.3926360011100769,0,0.0,0.0,0.0
2022-08-21 00:00:00+02:00,0.40092599391937256,0.4107230007648468,0.40318700671195984,0.4084619879722595,25448281,0.0,0.0,0.0
2022-08-22 00:00:00+02:00,0.4084619879722595,0.43333199620246887,0.4084619879722595,0.41675201058387756,72579075,0.0,0.0,0.0
2022-08-23 00:00:00+02:00,0.41675201058387756,0.41675201058387756,0.41675201058387756,0.41675201058387756,0,0.0,0.0,0.0
2022-08-24 00:00:00+02:00,0.4092159867286682,0.4114769995212555,0.39866501092910767,0.40017199516296387,20329359,0.0,0.0,0.0
2022-08-25 00:00:00+02:00,0.40017199516296387,0.407709002494812,0.40092599391937256,0.40544798970222473,16756145,0.0,0.0,0.0
2022-08-28 00:00:00+02:00,0.40544798970222473,0.4069550037384033,0.3941429853439331,0.3971579968929291,34409175,0.0,0.0,0.0
2022-08-29 00:00:00+02:00,0.3971579968929291,0.40318700671195984,0.3722879886627197,0.3737959861755371,105580379,0.0,0.0,0.0
2022-08-30 00:00:00+02:00,0.3737959861755371,0.38283899426460266,0.3707810044288635,0.374549001455307,25117200,0.0,0.0,0.0
2022-08-31 00:00:00+02:00,0.374549001455307,0.38434600830078125,0.36927399039268494,0.3715350031852722,35678694,0.0,0.0,0.0
2022-09-01 00:00:00+02:00,0.3715350031852722,0.374549001455307,0.3564620018005371,0.3594770133495331,22409389,0.0,0.0,0.0
2022-09-04 00:00:00+02:00,0.3594770133495331,0.36625900864601135,0.35043299198150635,0.36475199460983276,22045275,0.0,0.0,0.0
2022-09-05 00:00:00+02:00,0.36475199460983276,0.38811400532722473,0.36324501037597656,0.38736099004745483,54033353,0.0,0.0,0.0
2022-09-06 00:00:00+02:00,0.38736099004745483,0.40167999267578125,0.38133201003074646,0.3941429853439331,79725039,0.0,0.0,0.0
2022-09-07 00:00:00+02:00,0.3941429853439331,0.40017199516296387,0.3790709972381592,0.38133201003074646,46725698,0.0,0.0,0.0
2022-09-08 00:00:00+02:00,0.38133201003074646,0.38736099004745483,0.38057801127433777,0.38133201003074646,26195549,0.0,0.0,0.0
2022-09-11 00:00:00+02:00,0.38133201003074646,0.38660699129104614,0.3753030002117157,0.3768100142478943,25195975,0.0,0.0,0.0
2022-09-12 00:00:00+02:00,0.3768100142478943,0.38434600830078125,0.3760559856891632,0.3768100142478943,25408952,0.0,0.0,0.0
2022-09-13 00:00:00+02:00,0.3768100142478943,0.3783169984817505,0.36851999163627625,0.3715350031852722,20803009,0.0,0.0,0.0
2022-09-14 00:00:00+02:00,0.3715350031852722,0.36927399039268494,0.3564620018005371,0.3594770133495331,27171957,0.0,0.0,0.0
2022-09-15 00:00:00+02:00,0.3594770133495331,0.36475199460983276,0.35269400477409363,0.3564620018005371,15149926,0.0,0.0,0.0
2022-09-18 00:00:00+02:00,0.3564620018005371,0.361737996339798,0.3263170123100281,0.32933199405670166,22934072,0.0,0.0,0.0
2022-09-19 00:00:00+02:00,0.32933199405670166,0.344404011964798,0.31049099564552307,0.3421429991722107,35205124,0.0,0.0,0.0
2022-09-20 00:00:00+02:00,0.3421429991722107,0.34666499495506287,0.324057012796402,0.3353610038757324,15347422,0.0,0.0,0.0
2022-09-21 00:00:00+02:00,0.3353610038757324,0.3391290009021759,0.32782500982284546,0.32857799530029297,17012573,0.0,0.0,0.0
2022-09-22 00:00:00+02:00,0.32857799530029297,0.33460700511932373,0.31652000546455383,0.33159300684928894,23884074,0.0,0.0,0.0
2022-09-25 00:00:00+02:00,0.33159300684928894,0.3587230145931244,0.32857799530029297,0.35420098900794983,50762566,0.0,0.0,0.0
2022-09-26 00:00:00+02:00,0.35420098900794983,0.3639979958534241,0.3572160005569458,0.3579699993133545,36706907,0.0,0.0,0.0
2022-09-27 00:00:00+02:00,0.3579699993133545,0.36324501037597656,0.35194098949432373,0.3549549877643585,30500297,0.0,0.0,0.0
2022-09-28 00:00:00+02:00,0.3549549877643585,0.3572160005569458,0.344404011964798,0.34741899371147156,18096711,0.0,0.0,0.0
2022-09-29 00:00:00+02:00,0.34741899371147156,0.3579699993133545,0.34666499495506287,0.34968000650405884,16385093,0.0,0.0,0.0
2022-10-02 00:00:00+02:00,0.34968000650405884,0.3707810044288635,0.35043299198150635,0.3594770133495331,48522466,0.0,0.0,0.0
2022-10-03 00:00:00+02:00,0.3594770133495331,0.36851999163627625,0.35420098900794983,0.3572160005569458,36366674,0.0,0.0,0.0
2022-10-04 00:00:00+02:00,0.3572160005569458,0.36550599336624146,0.3572160005569458,0.3579699993133545,20616623,0.0,0.0,0.0
2022-10-05 00:00:00+02:00,0.3579699993133545,0.3602299988269806,0.34968000650405884,0.35118699073791504,18298911,0.0,0.0,0.0
2022-10-09 00:00:00+02:00,0.35118699073791504,0.35118699073791504,0.33008599281311035,0.33159300684928894,27996281,0.0,0.0,0.0
2022-10-10 00:00:00+02:00,0.33159300684928894,0.34515801072120667,0.33083900809288025,0.33385398983955383,19793234,0.0,0.0,0.0
2022-10-11 00:00:00+02:00,0.33385398983955383,0.3413900136947632,0.324057012796402,0.32933199405670166,16250032,0.0,0.0,0.0
2022-10-12 00:00:00+02:00,0.32933199405670166,0.3368679881095886,0.3202880024909973,0.3217960000038147,14087632,0.0,0.0,0.0
2022-10-13 00:00:00+02:00,0.3217960000038147,0.33159300684928894,0.3195349872112274,0.32933199405670166,12878582,0.0,0.0,0.0
2022-10-16 00:00:00+02:00,0.32933199405670166,0.3436509966850281,0.32857799530029297,0.3398829996585846,40735845,0.0,0.0,0.0
2022-10-17 00:00:00+02:00,0.3398829996585846,0.34817200899124146,0.3368679881095886,0.3391290009021759,37147525,0.0,0.0,0.0
2022-10-18 00:00:00+02:00,0.3391290009021759,0.3421429991722107,0.33460700511932373,0.3376219868659973,14418330,0.0,0.0,0.0
2022-10-19 00:00:00+02:00,0.3376219868659973,0.3391290009021759,0.32707101106643677,0.32857799530029297,14870617,0.0,0.0,0.0
2022-10-20 00:00:00+02:00,0.32857799530029297,0.33309999108314514,0.3255639970302582,0.32933199405670166,11496898,0.0,0.0,0.0
2022-10-23 00:00:00+02:00,0.32933199405670166,0.33309999108314514,0.32707101106643677,0.32782500982284546,11899659,0.0,0.0,0.0
2022-10-24 00:00:00+02:00,0.32782500982284546,0.33159300684928894,0.3255639970302582,0.3263170123100281,11703998,0.0,0.0,0.0
2022-10-25 00:00:00+02:00,0.3263170123100281,0.32857799530029297,0.31652000546455383,0.321042001247406,16239910,0.0,0.0,0.0
2022-10-26 00:00:00+02:00,0.321042001247406,0.321042001247406,0.321042001247406,0.321042001247406,0,0.0,0.0,0.0
2022-10-27 00:00:00+02:00,0.321042001247406,0.33083900809288025,0.321042001247406,0.3248099982738495,22492835,0.0,0.0,0.0
2022-10-30 00:00:00+02:00,0.3248099982738495,0.33083900809288025,0.321042001247406,0.3233030140399933,17597167,0.0,0.0,0.0
2022-10-31 00:00:00+02:00,0.3233030140399933,0.3263170123100281,0.321042001247406,0.324057012796402,8256559,0.0,0.0,0.0
2022-11-01 00:00:00+02:00,0.324057012796402,0.33083900809288025,0.3248099982738495,0.3255639970302582,11987452,0.0,0.0,0.0
2022-11-02 00:00:00+02:00,0.3255639970302582,0.344404011964798,0.32707101106643677,0.33008599281311035,42140870,0.0,0.0,0.0
2022-11-03 00:00:00+02:00,0.33008599281311035,0.33309999108314514,0.3248099982738495,0.3255639970302582,6579870,0.0,0.0,0.0
2022-11-06 00:00:00+02:00,0.3255639970302582,0.33083900809288025,0.3180280029773712,0.3202880024909973,14519994,0.0,0.0,0.0
2022-11-07 00:00:00+02:00,0.3202880024909973,0.324057012796402,0.3180280029773712,0.3217960000038147,9540351,0.0,0.0,0.0
2022-11-08 00:00:00+02:00,0.3217960000038147,0.3263170123100281,0.3172740042209625,0.3187809884548187,8230897,0.0,0.0,0.0
2022-11-09 00:00:00+02:00,0.3187809884548187,0.3217960000038147,0.3074769973754883,0.30898401141166687,15492206,0.0,0.0,0.0
2022-11-10 00:00:00+02:00,0.30898401141166687,0.3225489854812622,0.3029550015926361,0.31576699018478394,24098462,0.0,0.0,0.0
2022-11-13 00:00:00+02:00,0.31576699018478394,0.32782500982284546,0.3195349872112274,0.324057012796402,16085824,0.0,0.0,0.0
2022-11-14 00:00:00+02:00,0.324057012796402,0.3263170123100281,0.3172740042209625,0.324057012796402,14567924,0.0,0.0,0.0
2022-11-15 00:00:00+02:00,0.324057012796402,0.33385398983955383,0.3255639970302582,0.33083900809288025,17339424,0.0,0.0,0.0
2022-11-16 00:00:00+02:00,0.33083900809288025,0.34741899371147156,0.32857799530029297,0.34591200947761536,36750624,0.0,0.0,0.0
2022-11-17 00:00:00+02:00,0.34591200947761536,0.35043299198150635,0.3376219868659973,0.3391290009021759,21415935,0.0,0.0,0.0
2022-11-20 00:00:00+02:00,0.3391290009021759,0.3436509966850281,0.33460700511932373,0.33611398935317993,11543245,0.0,0.0,0.0
2022-11-21 00:00:00+02:00,0.33611398935317993,0.3436509966850281,0.3353610038757324,0.3376219868659973,13180540,0.0,0.0,0.0
2022-11-22 00:00:00+02:00,0.3376219868659973,0.3391290009021759,0.33611398935317993,0.3376219868659973,5916481,0.0,0.0,0.0
2022-11-23 00:00:00+02:00,0.3376219868659973,0.3398829996585846,0.32857799530029297,0.33159300684928894,13338736,0.0,0.0,0.0
2022-11-24 00:00:00+02:00,0.33159300684928894,0.33159300684928894,0.32782500982284546,0.32857799530029297,8269011,0.0,0.0,0.0
2022-11-27 00:00:00+02:00,0.32857799530029297,0.33159300684928894,0.324057012796402,0.3263170123100281,21908143,0.0,0.0,0.0
2022-11-28 00:00:00+02:00,0.3263170123100281,0.32933199405670166,0.3233030140399933,0.324057012796402,9039276,0.0,0.0,0.0
2022-11-29 00:00:00+02:00,0.324057012796402,0.32782500982284546,0.3225489854812622,0.324057012796402,14426938,0.0,0.0,0.0
2022-11-30 00:00:00+02:00,0.324057012796402,0.32857799530029297,0.3225489854812622,0.324057012796402,12057239,0.0,0.0,0.0
2022-12-01 00:00:00+02:00,0.324057012796402,0.33611398935317993,0.324057012796402,0.33309999108314514,25145777,0.0,0.0,0.0
2022-12-04 00:00:00+02:00,0.33309999108314514,0.344404011964798,0.33385398983955383,0.3353610038757324,22905927,0.0,0.0,0.0
2022-12-05 00:00:00+02:00,0.3353610038757324,0.3398829996585846,0.324057012796402,0.32857799530029297,131889290,0.0,0.0,0.0
2022-12-06 00:00:00+02:00,0.32857799530029297,0.33385398983955383,0.3263170123100281,0.32782500982284546,15202828,0.0,0.0,0.0
2022-12-07 00:00:00+02:00,0.32782500982284546,0.3383750021457672,0.321042001247406,0.32707101106643677,55878436,0.0,0.0,0.0
2022-12-08 00:00:00+02:00,0.32707101106643677,0.33159300684928894,0.324057012796402,0.3263170123100281,31850453,0.0,0.0,0.0
2022-12-11 00:00:00+02:00,0.3263170123100281,0.33159300684928894,0.3225489854812622,0.3225489854812622,40398553,0.0,0.0,0.0
2022-12-12 00:00:00+02:00,0.3225489854812622,0.3263170123100281,0.31652000546455383,0.321042001247406,21018535,0.0,0.0,0.0
2022-12-13 00:00:00+02:00,0.321042001247406,0.3255639970302582,0.321042001247406,0.3255639970302582,29004961,0.0,0.0,0.0
2022-12-14 00:00:00+02:00,0.3255639970302582,0.35043299198150635,0.324057012796402,0.344404011964798,94512611,0.0,0.0,0.0
2022-12-15 00:00:00+02:00,0.344404011964798,0.3609839975833893,0.3353610038757324,0.3398829996585846,128004546,0.0,0.0,0.0
2022-12-18 00:00:00+02:00,0.3398829996585846,0.35118699073791504,0.3383750021457672,0.3398829996585846,32895555,0.0,0.0,0.0
2022-12-19 00:00:00+02:00,0.3398829996585846,0.34741899371147156,0.3353610038757324,0.3368679881095886,23295451,0.0,0.0,0.0
2022-12-20 00:00:00+02:00,0.3368679881095886,0.3428969979286194,0.33385398983955383,0.3368679881095886,31979864,0.0,0.0,0.0
2022-12-21 00:00:00+02:00,0.3368679881095886,0.3391290009021759,0.32857799530029297,0.33083900809288025,24931111,0.0,0.0,0.0
2022-12-22 00:00:00+02:00,0.33083900809288025,0.33309999108314514,0.3233030140399933,0.3248099982738495,21058933,0.0,0.0,0.0
2022-12-25 00:00:00+02:00,0.3248099982738495,0.3248099982738495,0.3172740042209625,0.3187809884548187,14425636,0.0,0.0,0.0
2022-12-26 00:00:00+02:00,0.3187809884548187,0.32782500982284546,0.3180280029773712,0.3263170123100281,8579107,0.0,0.0,0.0
2022-12-27 00:00:00+02:00,0.3263170123100281,0.32933199405670166,0.321042001247406,0.3225489854812622,19929148,0.0,0.0,0.0
2022-12-28 00:00:00+02:00,0.3225489854812622,0.32782500982284546,0.3202880024909973,0.3263170123100281,8449650,0.0,0.0,0.0
2022-12-29 00:00:00+02:00,0.3263170123100281,0.33385398983955383,0.3255639970302582,0.32782500982284546,21300102,0.0,0.0,0.0
2023-01-02 00:00:00+02:00,0.32782500982284546,0.34666499495506287,0.32707101106643677,0.3413900136947632,40618602,0.0,0.0,0.0
2023-01-03 00:00:00+02:00,0.3413900136947632,0.37982499599456787,0.3436509966850281,0.3707810044288635,124272744,0.0,0.0,0.0
2023-01-04 00:00:00+02:00,0.3707810044288635,0.3783169984817505,0.35043299198150635,0.3602299988269806,87536761,0.0,0.0,0.0
2023-01-05 00:00:00+02:00,0.3602299988269806,0.36701300740242004,0.34968000650405884,0.35118699073791504,71417529,0.0,0.0,0.0
2023-01-09 00:00:00+02:00,0.35118699073791504,0.3564620018005371,0.3376219868659973,0.3398829996585846,75249750,0.0,0.0,0.0
2023-01-10 00:00:00+02:00,0.3398829996585846,0.3436509966850281,0.33234599232673645,0.33385398983955383,24297625,0.0,0.0,0.0
2023-01-11 00:00:00+02:00,0.33385398983955383,0.3421429991722107,0.324057012796402,0.32707101106643677,23222212,0.0,0.0,0.0
2023-01-12 00:00:00+02:00,0.32707101106643677,0.33083900809288025,0.3187809884548187,0.3217960000038147,23317697,0.0,0.0,0.0
2023-01-15 00:00:00+02:00,0.3217960000038147,0.3263170123100281,0.3217960000038147,0.3233030140399933,10471247,0.0,0.0,0.0
2023-01-16 00:00:00+02:00,0.3233030140399933,0.32933199405670166,0.3225489854812622,0.32707101106643677,12245124,0.0,0.0,0.0
2023-01-17 00:00:00+02:00,0.32707101106643677,0.3353610038757324,0.32782500982284546,0.33159300684928894,16421093,0.0,0.0,0.0
2023-01-18 00:00:00+02:00,0.33159300684928894,0.3383750021457672,0.32933199405670166,0.33083900809288025,26327445,0.0,0.0,0.0
2023-01-19 00:00:00+02:00,0.33083900809288025,0.33611398935317993,0.32933199405670166,0.33008599281311035,16165369,0.0,0.0,0.0
2023-01-22 00:00:00+02:00,0.33008599281311035,0.33385398983955383,0.3248099982738495,0.3263170123100281,17540778,0.0,0.0,0.0
2023-01-23 00:00:00+02:00,0.3263170123100281,0.33309999108314514,0.3263170123100281,0.32933199405670166,16533644,0.0,0.0,0.0
2023-01-24 00:00:00+02:00,0.32933199405670166,0.33159300684928894,0.3248099982738495,0.3255639970302582,12066280,0.0,0.0,0.0
2023-01-25 00:00:00+02:00,0.3255639970302582,0.32933199405670166,0.3255639970302582,0.32782500982284546,6221614,0.0,0.0,0.0
2023-01-29 00:00:00+02:00,0.32782500982284546,0.33008599281311035,0.3248099982738495,0.3255639970302582,11264008,0.0,0.0,0.0
2023-01-30 00:00:00+02:00,0.3255639970302582,0.33008599281311035,0.3187809884548187,0.3195349872112274,21737968,0.0,0.0,0.0
2023-01-31 00:00:00+02:00,0.3195349872112274,0.3217960000038147,0.30973801016807556,0.31124499440193176,18238721,0.0,0.0,0.0
2023-02-01 00:00:00+02:00,0.31124499440193176,0.31350600719451904,0.3067229986190796,0.30898401141166687,6788284,0.0,0.0,0.0
2023-02-02 00:00:00+02:00,0.30898401141166687,0.31199899315834045,0.29843300580978394,0.2991870045661926,19119405,0.0,0.0,0.0
2023-02-05 00:00:00+02:00,0.2991870045661926,0.30069398880004883,0.2728100121021271,0.2848680019378662,14926204,0.0,0.0,0.0
2023-02-06 00:00:00+02:00,0.2848680019378662,0.2886359989643097,0.27507099509239197,0.27657800912857056,8999006,0.0,0.0,0.0
2023-02-07 00:00:00+02:00,0.27657800912857056,0.2856220006942749,0.27582499384880066,0.28110000491142273,12184975,0.0,0.0,0.0
2023-02-08 00:00:00+02:00,0.28110000491142273,0.2856220006942749,0.27657800912857056,0.27959299087524414,19272470,0.0,0.0,0.0
2023-02-09 00:00:00+02:00,0.27959299087524414,0.28260698914527893,0.27883899211883545,0.2818540036678314,8705195,0.0,0.0,0.0
2023-02-12 00:00:00+02:00,0.2818540036678314,0.2901439964771271,0.27883899211883545,0.2863759994506836,11322026,0.0,0.0,0.0
2023-02-13 00:00:00+02:00,0.2863759994506836,0.290897011756897,0.2863759994506836,0.2886359989643097,12118242,0.0,0.0,0.0
2023-02-14 00:00:00+02:00,0.2886359989643097,0.29617300629615784,0.2886359989643097,0.290897011756897,12732539,0.0,0.0,0.0
2023-02-15 00:00:00+02:00,0.290897011756897,0.29466500878334045,0.290897011756897,0.2924039959907532,8805143,0.0,0.0,0.0
2023-02-16 00:00:00+02:00,0.2924039959907532,0.29541900753974915,0.2893899977207184,0.29165101051330566,10552297,0.0,0.0,0.0
2023-02-19 00:00:00+02:00,0.29165101051330566,0.29391199350357056,0.2871290147304535,0.2886359989643097,13893082,0.0,0.0,0.0
2023-02-20 00:00:00+02:00,0.2886359989643097,0.2901439964771271,0.27507099509239197,0.27959299087524414,11877061,0.0,0.0,0.0
2023-02-21 00:00:00+02:00,0.27959299087524414,0.28034698963165283,0.27431800961494446,0.27657800912857056,10724713,0.0,0.0,0.0
2023-02-22 00:00:00+02:00,0.27657800912857056,0.27883899211883545,0.27507099509239197,0.27582499384880066,7601221,0.0,0.0,0.0
2023-02-23 00:00:00+02:00,0.27582499384880066,0.27657800912857056,0.27431800961494446,0.27582499384880066,4242402,0.0,0.0,0.0
2023-02-26 00:00:00+02:00,0.27582499384880066,0.2818540036678314,0.27657800912857056,0.27808600664138794,7720574,0.0,0.0,0.0
2023-02-27 00:00:00+02:00,0.27808600664138794,0.2833609879016876,0.27733200788497925,0.27808600664138794,9983287,0.0,0.0,0.0
2023-02-28 00:00:00+02:00,0.27808600664138794,0.28260698914527893,0.27733200788497925,0.28110000491142273,5488637,0.0,0.0,0.0
2023-03-01 00:00:00+02:00,0.28110000491142273,0.2878830134868622,0.28034698963165283,0.2848680019378662,9263939,0.0,0.0,0.0
2023-03-02 00:00:00+02:00,0.2848680019378662,0.2871290147304535,0.27883899211883545,0.28260698914527893,9861770,0.0,0.0,0.0
2023-03-05 00:00:00+02:00,0.28260698914527893,0.2841149866580963,0.27959299087524414,0.28034698963165283,2579540,0.0,0.0,0.0
2023-03-06 00:00:00+02:00,0.28034698963165283,0.28260698914527893,0.27959299087524414,0.28034698963165283,3246042,0.0,0.0,0.0
2023-03-07 00:00:00+02:00,0.28034698963165283,0.2818540036678314,0.27356401085853577,0.27507099509239197,7958859,0.0,0.0,0.0
2023-03-08 00:00:00+02:00,0.27507099509239197,0.27582499384880066,0.2637670040130615,0.2690419852733612,5828520,0.0,0.0,0.0
2023-03-09 00:00:00+02:00,0.2690419852733612,0.2720569968223572,0.267535001039505,0.2705489993095398,3560391,0.0,0.0,0.0
2023-03-12 00:00:00+02:00,0.2705489993095398,0.2705489993095398,0.25623100996017456,0.25773799419403076,8259581,0.0,0.0,0.0
2023-03-13 00:00:00+02:00,0.25773799419403076,0.25924500823020935,0.22759300470352173,0.2313610017299652,26106938,0.0,0.0,0.0
2023-03-14 00:00:00+02:00,0.2313610017299652,0.24869400262832642,0.22231799364089966,0.24040499329566956,10755734,0.0,0.0,0.0
2023-03-15 00:00:00+02:00,0.24040499329566956,0.24417300522327423,0.21101300418376923,0.22156399488449097,11206188,0.0,0.0,0.0
2023-03-16 00:00:00+02:00,0.22156399488449097,0.21854999661445618,0.20121599733829498,0.21026000380516052,18979924,0.0,0.0,0.0
2023-03-19 00:00:00+02:00,0.21026000380516052,0.2162889987230301,0.18840500712394714,0.214028000831604,6455005,0.0,0.0,0.0
2023-03-20 00:00:00+02:00,0.214028000831604,0.22985400259494781,0.2170419991016388,0.22608600556850433,12405715,0.0,0.0,0.0
2023-03-21 00:00:00+02:00,0.22608600556850433,0.24492600560188293,0.22683900594711304,0.24115799367427826,12247790,0.0,0.0,0.0
2023-03-22 00:00:00+02:00,0.24115799367427826,0.24568000435829163,0.2328680008649826,0.2343759983778,20610673,0.0,0.0,0.0
2023-03-23 00:00:00+02:00,0.2343759983778,0.23814399540424347,0.22985400259494781,0.2351289987564087,11567676,0.0,0.0,0.0
2023-03-26 00:00:00+02:00,0.2351289987564087,0.24115799367427826,0.2351289987564087,0.24040499329566956,7756984,0.0,0.0,0.0
2023-03-27 00:00:00+02:00,0.24040499329566956,0.25547701120376587,0.23738999664783478,0.2494480013847351,25610499,0.0,0.0,0.0
2023-03-28 00:00:00+02:00,0.2494480013847351,0.2532159984111786,0.2336219996213913,0.23889699578285217,33866499,0.0,0.0,0.0
2023-03-29 00:00:00+02:00,0.2724120020866394,0.2801460027694702,0.2646780014038086,0.2724120020866394,16276605,0.0,0.0,0.0
2023-03-30 00:00:00+02:00,0.2724120020866394,0.2767089903354645,0.2663959860801697,0.2672559916973114,10426416,0.0,0.0,0.0
2023-04-02 00:00:00+02:00,0.2672559916973114,0.27413100004196167,0.2646780014038086,0.2672559916973114,9373542,0.0,0.0,0.0
2023-04-03 00:00:00+02:00,0.2672559916973114,0.2801460027694702,0.26811501383781433,0.27842700481414795,10282742,0.0,0.0,0.0
2023-04-04 00:00:00+02:00,0.27842700481414795,0.28100499510765076,0.27413100004196167,0.2792870104312897,7179118,0.0,0.0,0.0
2023-04-05 00:00:00+02:00,0.2792870104312897,0.28616100549697876,0.2792870104312897,0.2844429910182953,7638692,0.0,0.0,0.0
2023-04-06 00:00:00+02:00,0.2844429910182953,0.30077001452445984,0.2853020131587982,0.29303601384162903,25117534,0.0,0.0,0.0
2023-04-09 00:00:00+02:00,0.29303601384162903,0.3016299903392792,0.2921769917011261,0.2947550117969513,10199912,0.0,0.0,0.0
2023-04-10 00:00:00+02:00,0.2947550117969513,0.29561400413513184,0.29045799374580383,0.2913169860839844,7508667,0.0,0.0,0.0
2023-04-11 00:00:00+02:00,0.2913169860839844,0.31108200550079346,0.2913169860839844,0.3050670027732849,20584779,0.0,0.0,0.0
2023-04-12 00:00:00+02:00,0.3050670027732849,0.3076449930667877,0.2947550117969513,0.30077001452445984,5779103,0.0,0.0,0.0
2023-04-13 00:00:00+02:00,0.30077001452445984,0.30077001452445984,0.2913169860839844,0.29303601384162903,6640628,0.0,0.0,0.0
2023-04-18 00:00:00+02:00,0.29303601384162903,0.2999109923839569,0.2913169860839844,0.29303601384162903,5315613,0.0,0.0,0.0
2023-04-19 00:00:00+02:00,0.29303601384162903,0.2964729964733124,0.2913169860839844,0.2921769917011261,9162026,0.0,0.0,0.0
2023-04-26 00:00:00+02:00,0.2921769917011261,0.30077001452445984,0.2921769917011261,0.2973330020904541,23312608,0.0,0.0,0.0
2023-04-27 00:00:00+02:00,0.296999990940094,0.3140000104904175,0.2840000092983246,0.3059999942779541,23185281,0.0,0.0,0.0
2023-04-30 00:00:00+03:00,0.3059999942779541,0.3149999976158142,0.3070000112056732,0.3109999895095825,13001193,0.0,0.0,0.0
2023-05-01 00:00:00+03:00,0.3109999895095825,0.3109999895095825,0.3109999895095825,0.3109999895095825,0,0.0,0.0,0.0
2023-05-02 00:00:00+03:00,0.3089999854564667,0.3109999895095825,0.29499998688697815,0.29600000381469727,16457766,0.0,0.0,0.0
2023-05-03 00:00:00+03:00,0.29600000381469727,0.29899999499320984,0.289000004529953,0.29100000858306885,12869816,0.0,0.0,0.0
2023-05-07 00:00:00+03:00,0.29100000858306885,0.2930000126361847,0.2849999964237213,0.29100000858306885,14472558,0.0,0.0,0.0
2023-05-08 00:00:00+03:00,0.29100000858306885,0.31299999356269836,0.28700000047683716,0.3070000112056732,41293443,0.0,0.0,0.0
2023-05-09 00:00:00+03:00,0.3070000112056732,0.3100000023841858,0.2980000078678131,0.30000001192092896,21235875,0.0,0.0,0.0
2023-05-10 00:00:00+03:00,0.30000001192092896,0.3109999895095825,0.2930000126361847,0.3100000023841858,33961240,0.0,0.0,0.0
2023-05-11 00:00:00+03:00,0.3100000023841858,0.31299999356269836,0.3059999942779541,0.31200000643730164,22427538,0.0,0.0,0.0
2023-05-14 00:00:00+03:00,0.31200000643730164,0.3240000009536743,0.3089999854564667,0.32199999690055847,29115354,0.0,0.0,0.0
2023-05-15 00:00:00+03:00,0.32199999690055847,0.328000009059906,0.31200000643730164,0.3140000104904175,19870993,0.0,0.0,0.0
2023-05-16 00:00:00+03:00,0.3140000104904175,0.31700000166893005,0.3059999942779541,0.31700000166893005,17972756,0.0,0.0,0.0
2023-05-17 00:00:00+03:00,0.31700000166893005,0.328000009059906,0.3149999976158142,0.3190000057220459,27271532,0.0,0.0,0.0
2023-05-18 00:00:00+03:00,0.3190000057220459,0.3230000138282776,0.3140000104904175,0.3199999928474426,19886021,0.0,0.0,0.0
2023-05-21 00:00:00+03:00,0.3199999928474426,0.3569999933242798,0.32199999690055847,0.35100001096725464,57870247,0.0,0.0,0.0
2023-05-22 00:00:00+03:00,0.35100001096725464,0.35499998927116394,0.33500000834465027,0.3409999907016754,19364428,0.0,0.0,0.0
2023-05-23 00:00:00+03:00,0.3409999907016754,0.3540000021457672,0.33799999952316284,0.3449999988079071,20175157,0.0,0.0,0.0
2023-05-24 00:00:00+03:00,0.3449999988079071,0.36800000071525574,0.3440000116825104,0.35199999809265137,57206049,0.0,0.0,0.0
2023-05-25 00:00:00+03:00,0.35199999809265137,0.36500000953674316,0.35199999809265137,0.3540000021457672,46554747,0.0,0.0,0.0
2023-05-28 00:00:00+03:00,0.3540000021457672,0.375,0.3529999852180481,0.3709999918937683,44026057,0.0,0.0,0.0
2023-05-29 00:00:00+03:00,0.3709999918937683,0.3930000066757202,0.367000013589859,0.3840000033378601,65872138,0.0,0.0,0.0
2023-05-30 00:00:00+03:00,0.3840000033378601,0.38999998569488525,0.3720000088214874,0.38999998569488525,27940510,0.0,0.0,0.0
2023-05-31 00:00:00+03:00,0.38999998569488525,0.4269999861717224,0.38999998569488525,0.41200000047683716,64377884,0.0,0.0,0.0
2023-06-01 00:00:00+03:00,0.41200000047683716,0.4269999861717224,0.41100001335144043,0.41600000858306885,11753002,0.0,0.0,0.0
2023-06-04 00:00:00+03:00,0.41600000858306885,0.4650000035762787,0.4090000092983246,0.4480000138282776,66667050,0.0,0.0,0.0
2023-06-05 00:00:00+03:00,0.4480000138282776,0.5,0.4480000138282776,0.5,96497201,0.0,0.0,0.0
2023-06-06 00:00:00+03:00,0.5,0.5199999809265137,0.49000000953674316,0.4959999918937683,41093772,0.0,0.0,0.0
2023-06-07 00:00:00+03:00,0.4959999918937683,0.5080000162124634,0.46000000834465027,0.46299999952316284,49724301,0.0,0.0,0.0
2023-06-08 00:00:00+03:00,0.46299999952316284,0.4729999899864197,0.45100000500679016,0.46000000834465027,19580879,0.0,0.0,0.0
2023-06-11 00:00:00+03:00,0.46000000834465027,0.4740000069141388,0.43299999833106995,0.4350000023841858,54585924,0.0,0.0,0.0
2023-06-12 00:00:00+03:00,0.4350000023841858,0.46799999475479126,0.4339999854564667,0.45500001311302185,28021058,0.0,0.0,0.0
2023-06-13 00:00:00+03:00,0.45500001311302185,0.47600001096725464,0.4399999976158142,0.4410000145435333,25928783,0.0,0.0,0.0
2023-06-14 00:00:00+03:00,0.4410000145435333,0.4569999873638153,0.4350000023841858,0.44200000166893005,19225271,0.0,0.0,0.0
2023-06-15 00:00:00+03:00,0.44200000166893005,0.44999998807907104,0.43700000643730164,0.4390000104904175,8016846,0.0,0.0,0.0
2023-06-18 00:00:00+03:00,0.4390000104904175,0.45399999618530273,0.43700000643730164,0.44600000977516174,14063338,0.0,0.0,0.0
2023-06-19 00:00:00+03:00,0.44600000977516174,0.4740000069141388,0.44999998807907104,0.4659999907016754,56886091,0.0,0.0,0.0
2023-06-20 00:00:00+03:00,0.4659999907016754,0.4880000054836273,0.46799999475479126,0.47999998927116394,81635670,0.0,0.0,0.0
2023-06-21 00:00:00+03:00,0.47999998927116394,0.49000000953674316,0.46700000762939453,0.46799999475479126,28729762,0.0,0.0,0.0
2023-06-22 00:00:00+03:00,0.46799999475479126,0.5059999823570251,0.46799999475479126,0.4970000088214874,69775058,0.0,0.0,0.0
2023-06-25 00:00:00+03:00,0.4970000088214874,0.5130000114440918,0.49000000953674316,0.492000013589859,45771827,0.0,0.0,0.0
2023-06-26 00:00:00+03:00,0.492000013589859,0.4970000088214874,0.4830000102519989,0.4909999966621399,22081217,0.0,0.0,0.0
2023-07-04 00:00:00+03:00,0.4909999966621399,0.5040000081062317,0.47999998927116394,0.48100000619888306,13005907,0.0,0.0,0.0
2023-07-05 00:00:00+03:00,0.48100000619888306,0.49000000953674316,0.4749999940395355,0.4830000102519989,8037345,0.0,0.0,0.0
2023-07-06 00:00:00+03:00,0.4830000102519989,0.5090000033378601,0.4790000021457672,0.5040000081062317,52438010,0.0,0.0,0.0
2023-07-09 00:00:00+03:00,0.5040000081062317,0.5429999828338623,0.4699999988079071,0.4740000069141388,76929995,0.0,0.0,0.0
2023-07-10 00:00:00+03:00,0.4740000069141388,0.5019999742507935,0.4749999940395355,0.49900001287460327,34155281,0.0,0.0,0.0
2023-07-11 00:00:00+03:00,0.49900001287460327,0.5099999904632568,0.49000000953674316,0.4959999918937683,31664304,0.0,0.0,0.0
2023-07-12 00:00:00+03:00,0.4959999918937683,0.503000020980835,0.4869999885559082,0.49000000953674316,15483417,0.0,0.0,0.0
2023-07-13 00:00:00+03:00,0.49000000953674316,0.4659999907016754,0.4659999907016754,0.4659999907016754,1799782,0.0,0.0,0.0
2023-07-16 00:00:00+03:00,0.4659999907016754,0.4429999887943268,0.4429999887943268,0.4429999887943268,760211,0.0,0.0,0.0
2023-07-17 00:00:00+03:00,0.4429999887943268,0.4650000035762787,0.42100000381469727,0.4399999976158142,70028105,0.0,0.0,0.0
2023-07-18 00:00:00+03:00,0.4399999976158142,0.4399999976158142,0.4180000126361847,0.41999998688697815,25066643,0.0,0.0,0.0
2023-07-19 00:00:00+03:00,0.41999998688697815,0.41999998688697815,0.41999998688697815,0.41999998688697815,0,0.0,0.0,0.0
2023-07-24 00:00:00+03:00,0.4410000145435333,0.46000000834465027,0.4230000078678131,0.4269999861717224,8243487,0.0,0.0,0.0
2023-07-25 00:00:00+03:00,0.4269999861717224,0.43799999356269836,0.421999990940094,0.42399999499320984,5618740,0.0,0.0,0.0
2023-07-26 00:00:00+03:00,0.42399999499320984,0.43799999356269836,0.4059999883174896,0.42500001192092896,7190299,0.0,0.0,0.0
2023-07-27 00:00:00+03:00,0.42500001192092896,0.4269999861717224,0.40400001406669617,0.40400001406669617,18393251,0.0,0.0,0.0
2023-07-30 00:00:00+03:00,0.40400001406669617,0.40799999237060547,0.38600000739097595,0.3869999945163727,8512800,0.0,0.0,0.0
2023-07-31 00:00:00+03:00,0.3869999945163727,0.4059999883174896,0.38600000739097595,0.3970000147819519,6207945,0.0,0.0,0.0
2023-08-01 00:00:00+03:00,0.3970000147819519,0.414000004529953,0.4000000059604645,0.4129999876022339,6333093,0.0,0.0,0.0
2023-08-02 00:00:00+03:00,0.4129999876022339,0.41600000858306885,0.39800000190734863,0.4000000059604645,5475843,0.0,0.0,0.0
2023-08-03 00:00:00+03:00,0.4000000059604645,0.4059999883174896,0.3970000147819519,0.39899998903274536,4158551,0.0,0.0,0.0
2023-08-06 00:00:00+03:00,0.39899998903274536,0.4099999964237213,0.39500001072883606,0.4020000100135803,5507384,0.0,0.0,0.0
2023-08-07 00:00:00+03:00,0.4020000100135803,0.421999990940094,0.4020000100135803,0.421999990940094,13329278,0.0,0.0,0.0
2023-08-08 00:00:00+03:00,0.421999990940094,0.4309999942779541,0.414000004529953,0.41999998688697815,3993936,0.0,0.0,0.0
2023-08-09 00:00:00+03:00,0.41999998688697815,0.4410000145435333,0.414000004529953,0.4410000145435333,18536408,0.0,0.0,0.0
2023-08-10 00:00:00+03:00,0.4410000145435333,0.48899999260902405,0.45399999618530273,0.4569999873638153,43886043,0.0,0.0,0.0
2023-08-13 00:00:00+03:00,0.4569999873638153,0.460999995470047,0.44200000166893005,0.44699999690055847,17379118,0.0,0.0,0.0
2023-08-14 00:00:00+03:00,0.44699999690055847,0.45100000500679016,0.4399999976158142,0.44600000977516174,20747636,0.0,0.0,0.0
2023-08-15 00:00:00+03:00,0.44600000977516174,0.5049999952316284,0.43299999833106995,0.5049999952316284,143566286,0.0,0.0,0.0
2023-08-16 00:00:00+03:00,0.5049999952316284,0.5099999904632568,0.47600001096725464,0.47999998927116394,62939815,0.0,0.0,0.0
2023-08-17 00:00:00+03:00,0.47999998927116394,0.49799999594688416,0.4699999988079071,0.4790000021457672,25866456,0.0,0.0,0.0
2023-08-20 00:00:00+03:00,0.4790000021457672,0.49399998784065247,0.47099998593330383,0.47099998593330383,16032569,0.0,0.0,0.0
2023-08-21 00:00:00+03:00,0.47099998593330383,0.48500001430511475,0.47200000286102295,0.4779999852180481,25993172,0.0,0.0,0.0
2023-08-22 00:00:00+03:00,0.4779999852180481,0.4880000054836273,0.4749999940395355,0.48100000619888306,12251765,0.0,0.0,0.0
2023-08-23 00:00:00+03:00,0.48100000619888306,0.4869999885559082,0.4699999988079071,0.47099998593330383,18673779,0.0,0.0,0.0
2023-08-24 00:00:00+03:00,0.47099998593330383,0.4790000021457672,0.46700000762939453,0.4699999988079071,13626920,0.0,0.0,0.0
2023-08-27 00:00:00+03:00,0.4699999988079071,0.4779999852180481,0.4690000116825104,0.4729999899864197,14168345,0.0,0.0,0.0
2023-08-28 00:00:00+03:00,0.4729999899864197,0.4779999852180481,0.46000000834465027,0.4650000035762787,17098492,0.0,0.0,0.0
2023-08-29 00:00:00+03:00,0.4650000035762787,0.4699999988079071,0.46000000834465027,0.4650000035762787,13812614,0.0,0.0,0.0
2023-08-30 00:00:00+03:00,0.4650000035762787,0.47699999809265137,0.460999995470047,0.4729999899864197,12539566,0.0,0.0,0.0
2023-08-31 00:00:00+03:00,0.4729999899864197,0.4729999899864197,0.4729999899864197,0.4729999899864197,0,0.0,0.0,0.0
2023-09-03 00:00:00+03:00,0.4729999899864197,0.47699999809265137,0.4699999988079071,0.47099998593330383,10532345,0.0,0.0,0.0
2023-09-04 00:00:00+03:00,0.47099998593330383,0.4749999940395355,0.46799999475479126,0.4740000069141388,9491002,0.0,0.0,0.0
2023-09-05 00:00:00+03:00,0.4740000069141388,0.48399999737739563,0.47200000286102295,0.4740000069141388,10996245,0.0,0.0,0.0
2023-09-06 00:00:00+03:00,0.4740000069141388,0.47699999809265137,0.4699999988079071,0.47099998593330383,6757849,0.0,0.0,0.0
2023-09-07 00:00:00+03:00,0.47099998593330383,0.492000013589859,0.47200000286102295,0.49000000953674316,21717027,0.0,0.0,0.0
2023-09-10 00:00:00+03:00,0.49000000953674316,0.49000000953674316,0.49000000953674316,0.49000000953674316,0,0.0,0.0,0.0
2023-09-11 00:00:00+03:00,0.49900001287460327,0.5090000033378601,0.492000013589859,0.49300000071525574,19215436,0.0,0.0,0.0
2023-09-12 00:00:00+03:00,0.49300000071525574,0.49900001287460327,0.48500001430511475,0.4869999885559082,11669587,0.0,0.0,0.0
2023-09-13 00:00:00+03:00,0.4869999885559082,0.492000013589859,0.48399999737739563,0.48899999260902405,8358590,0.0,0.0,0.0
2023-09-14 00:00:00+03:00,0.48899999260902405,0.5009999871253967,0.4869999885559082,0.4880000054836273,14992078,0.0,0.0,0.0
2023-09-17 00:00:00+03:00,0.4880000054836273,0.503000020980835,0.49000000953674316,0.49300000071525574,20159664,0.0,0.0,0.0
2023-09-18 00:00:00+03:00,0.49300000071525574,0.5,0.4880000054836273,0.4909999966621399,12293831,0.0,0.0,0.0
2023-09-19 00:00:00+03:00,0.4909999966621399,0.49900001287460327,0.48399999737739563,0.48500001430511475,29065837,0.0,0.0,0.0
2023-09-20 00:00:00+03:00,0.48500001430511475,0.48500001430511475,0.48500001430511475,0.48500001430511475,0,0.0,0.0,0.0
2023-09-21 00:00:00+03:00,0.48500001430511475,0.48500001430511475,0.48500001430511475,0.48500001430511475,0,0.0,0.0,0.0
2023-09-24 00:00:00+03:00,0.48500001430511475,0.48500001430511475,0.48500001430511475,0.48500001430511475,0,0.0,0.0,0.0
2023-09-25 00:00:00+03:00,0.46399998664855957,0.4690000116825104,0.44200000166893005,0.44600000977516174,11453778,0.0,0.0,0.0
2023-09-26 00:00:00+03:00,0.44600000977516174,0.453000009059906,0.43700000643730164,0.43799999356269836,9116148,0.0,0.0,0.0
2023-09-27 00:00:00+03:00,0.43799999356269836,0.43799999356269836,0.43799999356269836,0.43799999356269836,0,0.0,0.0,0.0
2023-10-01 00:00:00+03:00,0.43799999356269836,0.43799999356269836,0.43799999356269836,0.43799999356269836,0,0.0,0.0,0.0
2023-10-02 00:00:00+03:00,0.4259999990463257,0.4339999854564667,0.40700000524520874,0.41100001335144043,10443863,0.0,0.0,0.0
2023-10-03 00:00:00+03:00,0.41100001335144043,0.41999998688697815,0.39800000190734863,0.4000000059604645,13669537,0.0,0.0,0.0
2023-10-04 00:00:00+03:00,0.4000000059604645,0.41999998688697815,0.4009999930858612,0.4099999964237213,9229327,0.0,0.0,0.0
2023-10-08 00:00:00+03:00,0.4099999964237213,0.41100001335144043,0.3630000054836273,0.39500001072883606,18066470,0.0,0.0,0.0
2023-10-09 00:00:00+03:00,0.39500001072883606,0.40400001406669617,0.3799999952316284,0.4020000100135803,10785673,0.0,0.0,0.0
2023-10-10 00:00:00+03:00,0.4020000100135803,0.4309999942779541,0.4000000059604645,0.42899999022483826,17481539,0.0,0.0,0.0
2023-10-11 00:00:00+03:00,0.42899999022483826,0.43299999833106995,0.41999998688697815,0.42399999499320984,11537940,0.0,0.0,0.0
2023-10-12 00:00:00+03:00,0.42399999499320984,0.43799999356269836,0.41999998688697815,0.4339999854564667,6377483,0.0,0.0,0.0
2023-10-15 00:00:00+03:00,0.4339999854564667,0.4399999976158142,0.4300000071525574,0.4300000071525574,2877464,0.0,0.0,0.0
2023-10-16 00:00:00+03:00,0.4300000071525574,0.4339999854564667,0.4230000078678131,0.42500001192092896,4138965,0.0,0.0,0.0
2023-10-17 00:00:00+03:00,0.42500001192092896,0.4320000112056732,0.42100000381469727,0.4259999990463257,6183833,0.0,0.0,0.0
2023-10-18 00:00:00+03:00,0.4259999990463257,0.4300000071525574,0.41999998688697815,0.42100000381469727,5077763,0.0,0.0,0.0
2023-10-19 00:00:00+03:00,0.42100000381469727,0.42100000381469727,0.42100000381469727,0.42100000381469727,0,0.0,0.0,0.0
2023-10-22 00:00:00+03:00,0.41200000047683716,0.4690000116825104,0.4129999876022339,0.44600000977516174,24064806,0.0,0.0,0.0
2023-10-23 00:00:00+03:00,0.44600000977516174,0.45500001311302185,0.4339999854564667,0.4399999976158142,12741597,0.0,0.0,0.0
2023-10-24 00:00:00+03:00,0.4399999976158142,0.4449999928474426,0.41999998688697815,0.4300000071525574,9610816,0.0,0.0,0.0
2023-10-25 00:00:00+03:00,0.4300000071525574,0.44699999690055847,0.4300000071525574,0.43799999356269836,8532441,0.0,0.0,0.0
2023-10-26 00:00:00+03:00,0.43799999356269836,0.4449999928474426,0.4309999942779541,0.4339999854564667,7340935,0.0,0.0,0.0
2023-10-29 00:00:00+02:00,0.4339999854564667,0.44200000166893005,0.43299999833106995,0.43700000643730164,10275005,0.0,0.0,0.0
2023-10-30 00:00:00+02:00,0.43700000643730164,0.45500001311302185,0.4449999928474426,0.4480000138282776,12969064,0.0,0.0,0.0
2023-10-31 00:00:00+02:00,0.4480000138282776,0.44999998807907104,0.43700000643730164,0.4410000145435333,11268866,0.0,0.0,0.0
2023-11-01 00:00:00+02:00,0.4410000145435333,0.4449999928474426,0.4320000112056732,0.4359999895095825,5784254,0.0,0.0,0.0
2023-11-02 00:00:00+02:00,0.4359999895095825,0.453000009059906,0.4350000023841858,0.4519999921321869,12388130,0.0,0.0,0.0
2023-11-05 00:00:00+02:00,0.4519999921321869,0.4729999899864197,0.460999995470047,0.46700000762939453,24687227,0.0,0.0,0.0
2023-11-06 00:00:00+02:00,0.46700000762939453,0.47200000286102295,0.42800000309944153,0.4300000071525574,82281505,0.0,0.0,0.0
2023-11-07 00:00:00+02:00,0.4300000071525574,0.4440000057220459,0.4180000126361847,0.42500001192092896,116405604,0.0,0.0,0.0
2023-11-08 00:00:00+02:00,0.42500001192092896,0.4350000023841858,0.4059999883174896,0.4189999997615814,257459360,0.0,0.0,0.0
2023-11-09 00:00:00+02:00,0.4189999997615814,0.42500001192092896,0.3930000066757202,0.4000000059604645,121232295,0.0,0.0,0.0
2023-11-12 00:00:00+02:00,0.4000000059604645,0.4000000059604645,0.3880000114440918,0.38999998569488525,94097191,0.0,0.0,0.0
2023-11-13 00:00:00+02:00,0.38999998569488525,0.4129999876022339,0.3889999985694885,0.4099999964237213,116175945,0.0,0.0,0.0
2023-11-14 00:00:00+02:00,0.4099999964237213,0.41499999165534973,0.39800000190734863,0.39800000190734863,51056659,0.0,0.0,0.0
2023-11-15 00:00:00+02:00,0.39800000190734863,0.40299999713897705,0.3930000066757202,0.3959999978542328,29655836,0.0,0.0,0.0
2023-11-16 00:00:00+02:00,0.3959999978542328,0.40299999713897705,0.3959999978542328,0.4000000059604645,35450390,0.0,0.0,0.0
2023-11-19 00:00:00+02:00,0.4000000059604645,0.40799999237060547,0.39800000190734863,0.39899998903274536,38865839,0.0,0.0,0.0
2023-11-20 00:00:00+02:00,0.39899998903274536,0.40299999713897705,0.38999998569488525,0.3919999897480011,40316853,0.0,0.0,0.0
2023-11-21 00:00:00+02:00,0.3919999897480011,0.40299999713897705,0.3880000114440918,0.40299999713897705,28384653,0.0,0.0,0.0
2023-11-22 00:00:00+02:00,0.40299999713897705,0.4129999876022339,0.4009999930858612,0.4050000011920929,67059565,0.0,0.0,0.0
2023-11-23 00:00:00+02:00,0.4050000011920929,0.42800000309944153,0.40700000524520874,0.42399999499320984,139743936,0.0,0.0,0.0
2023-11-26 00:00:00+02:00,0.42399999499320984,0.4359999895095825,0.42100000381469727,0.421999990940094,105891118,0.0,0.0,0.0
2023-11-27 00:00:00+02:00,0.421999990940094,0.42800000309944153,0.4169999957084656,0.4180000126361847,52703408,0.0,0.0,0.0
2023-11-28 00:00:00+02:00,0.4180000126361847,0.42899999022483826,0.4169999957084656,0.421999990940094,64878007,0.0,0.0,0.0
2023-11-29 00:00:00+02:00,0.421999990940094,0.42899999022483826,0.4129999876022339,0.41499999165534973,103959354,0.0,0.0,0.0
2023-11-30 00:00:00+02:00,0.41499999165534973,0.41999998688697815,0.4099999964237213,0.41499999165534973,50701975,0.0,0.0,0.0
2023-12-03 00:00:00+02:00,0.41499999165534973,0.44999998807907104,0.414000004529953,0.44200000166893005,209125178,0.0,0.0,0.0
2023-12-04 00:00:00+02:00,0.44200000166893005,0.44699999690055847,0.4320000112056732,0.43700000643730164,86402174,0.0,0.0,0.0
2023-12-05 00:00:00+02:00,0.43700000643730164,0.46799999475479126,0.4390000104904175,0.4580000042915344,254672012,0.0,0.0,0.0
2023-12-06 00:00:00+02:00,0.4580000042915344,0.47699999809265137,0.45500001311302185,0.45899999141693115,199559755,0.0,0.0,0.0
2023-12-07 00:00:00+02:00,0.45899999141693115,0.46000000834465027,0.4390000104904175,0.46000000834465027,87421469,0.0,0.0,0.0
2023-12-10 00:00:00+02:00,0.46000000834465027,0.492000013589859,0.4620000123977661,0.46700000762939453,180705934,0.0,0.0,0.0
2023-12-11 00:00:00+02:00,0.46700000762939453,0.47099998593330383,0.44999998807907104,0.46299999952316284,88538649,0.0,0.0,0.0
2023-12-12 00:00:00+02:00,0.46299999952316284,0.49900001287460327,0.4699999988079071,0.4950000047683716,207262228,0.0,0.0,0.0
2023-12-13 00:00:00+02:00,0.4950000047683716,0.5090000033378601,0.4779999852180481,0.49000000953674316,129247199,0.0,0.0,0.0
2023-12-14 00:00:00+02:00,0.49000000953674316,0.4970000088214874,0.48399999737739563,0.49000000953674316,61189078,0.0,0.0,0.0
2023-12-17 00:00:00+02:00,0.49000000953674316,0.5120000243186951,0.4950000047683716,0.5099999904632568,114117507,0.0,0.0,0.0
2023-12-18 00:00:00+02:00,0.5099999904632568,0.515999972820282,0.4959999918937683,0.4970000088214874,68148817,0.0,0.0,0.0
2023-12-19 00:00:00+02:00,0.4970000088214874,0.5,0.4729999899864197,0.47699999809265137,63459626,0.0,0.0,0.0
2023-12-20 00:00:00+02:00,0.47699999809265137,0.49300000071525574,0.47699999809265137,0.48500001430511475,69555510,0.0,0.0,0.0
2023-12-21 00:00:00+02:00,0.48500001430511475,0.4909999966621399,0.47099998593330383,0.4790000021457672,40208724,0.0,0.0,0.0
2023-12-24 00:00:00+02:00,0.4790000021457672,0.4790000021457672,0.4790000021457672,0.4790000021457672,0,0.0,0.0,0.0
2023-12-25 00:00:00+02:00,0.460999995470047,0.4740000069141388,0.45500001311302185,0.46399998664855957,37468197,0.0,0.0,0.0
2023-12-26 00:00:00+02:00,0.46399998664855957,0.47699999809265137,0.4580000042915344,0.4620000123977661,44406087,0.0,0.0,0.0
2023-12-27 00:00:00+02:00,0.4620000123977661,0.49399998784065247,0.46399998664855957,0.49399998784065247,54641951,0.0,0.0,0.0
2023-12-28 00:00:00+02:00,0.49399998784065247,0.5059999823570251,0.4880000054836273,0.49000000953674316,85803931,0.0,0.0,0.0
2023-12-31 00:00:00+02:00,0.49000000953674316,0.5360000133514404,0.4880000054836273,0.5299999713897705,210455921,0.0,0.0,0.0
2024-01-02 00:00:00+02:00,0.5299999713897705,0.5640000104904175,0.531000018119812,0.5540000200271606,157020483,0.0,0.0,0.0
2024-01-03 00:00:00+02:00,0.5540000200271606,0.5630000233650208,0.5460000038146973,0.546999990940094,76750210,0.0,0.0,0.0
2024-01-04 00:00:00+02:00,0.546999990940094,0.5559999942779541,0.5350000262260437,0.5559999942779541,70121150,0.0,0.0,0.0
2024-01-08 00:00:00+02:00,0.5559999942779541,0.5600000023841858,0.5379999876022339,0.5389999747276306,57520255,0.0,0.0,0.0
2024-01-09 00:00:00+02:00,0.5389999747276306,0.5460000038146973,0.5339999794960022,0.5339999794960022,50475758,0.0,0.0,0.0
2024-01-10 00:00:00+02:00,0.5339999794960022,0.5410000085830688,0.527999997138977,0.5289999842643738,50812129,0.0,0.0,0.0
2024-01-11 00:00:00+02:00,0.5289999842643738,0.5400000214576721,0.5170000195503235,0.5230000019073486,103050311,0.0,0.0,0.0
2024-01-14 00:00:00+02:00,0.5230000019073486,0.5370000004768372,0.5249999761581421,0.5299999713897705,51808371,0.0,0.0,0.0
2024-01-15 00:00:00+02:00,0.5299999713897705,0.5540000200271606,0.5350000262260437,0.5429999828338623,82066590,0.0,0.0,0.0
2024-01-16 00:00:00+02:00,0.5429999828338623,0.5709999799728394,0.5440000295639038,0.5569999814033508,127171940,0.0,0.0,0.0
2024-01-17 00:00:00+02:00,0.5569999814033508,0.5659999847412109,0.5339999794960022,0.5339999794960022,72829632,0.0,0.0,0.0
2024-01-18 00:00:00+02:00,0.5339999794960022,0.5789999961853027,0.5270000100135803,0.574999988079071,162535829,0.0,0.0,0.0
2024-01-21 00:00:00+02:00,0.574999988079071,0.6050000190734863,0.5799999833106995,0.5879999995231628,178178996,0.0,0.0,0.0
2024-01-22 00:00:00+02:00,0.5879999995231628,0.5950000286102295,0.5759999752044678,0.5799999833106995,75575474,0.0,0.0,0.0
2024-01-23 00:00:00+02:00,0.5799999833106995,0.5849999785423279,0.5569999814033508,0.5690000057220459,67994334,0.0,0.0,0.0
2024-01-24 00:00:00+02:00,0.5690000057220459,0.5759999752044678,0.5580000281333923,0.5590000152587891,50216542,0.0,0.0,0.0
2024-01-28 00:00:00+02:00,0.5590000152587891,0.5799999833106995,0.5659999847412109,0.5699999928474426,36925146,0.0,0.0,0.0
2024-01-29 00:00:00+02:00,0.5699999928474426,0.578000009059906,0.5580000281333923,0.5659999847412109,62938164,0.0,0.0,0.0
2024-01-30 00:00:00+02:00,0.5659999847412109,0.593999981880188,0.5619999766349792,0.5709999799728394,89221157,0.0,0.0,0.0
2024-01-31 00:00:00+02:00,0.5709999799728394,0.5820000171661377,0.49300000071525574,0.503000020980835,108536315,0.0,0.0,0.0
2024-02-01 00:00:00+02:00,0.503000020980835,0.5199999809265137,0.4699999988079071,0.5199999809265137,66922369,0.0,0.0,0.0
2024-02-04 00:00:00+02:00,0.5199999809265137,0.5370000004768372,0.5,0.5339999794960022,71712096,0.0,0.0,0.0
2024-02-05 00:00:00+02:00,0.5339999794960022,0.5419999957084656,0.5299999713897705,0.5339999794960022,50202953,0.0,0.0,0.0
2024-02-06 00:00:00+02:00,0.5339999794960022,0.5440000295639038,0.5120000243186951,0.5180000066757202,65279361,0.0,0.0,0.0
2024-02-07 00:00:00+02:00,0.5180000066757202,0.5260000228881836,0.5099999904632568,0.5149999856948853,32145718,0.0,0.0,0.0
2024-02-08 00:00:00+02:00,0.5149999856948853,0.5260000228881836,0.5120000243186951,0.5199999809265137,28786402,0.0,0.0,0.0
2024-02-11 00:00:00+02:00,0.5199999809265137,0.527999997138977,0.5049999952316284,0.515999972820282,32126825,0.0,0.0,0.0
2024-02-12 00:00:00+02:00,0.515999972820282,0.5180000066757202,0.5049999952316284,0.5080000162124634,34947814,0.0,0.0,0.0
2024-02-13 00:00:00+02:00,0.5080000162124634,0.5460000038146973,0.5090000033378601,0.5289999842643738,97997237,0.0,0.0,0.0
2024-02-14 00:00:00+02:00,0.5289999842643738,0.5429999828338623,0.5289999842643738,0.5400000214576721,51285600,0.0,0.0,0.0
2024-02-15 00:00:00+02:00,0.5400000214576721,0.546999990940094,0.5289999842643738,0.5429999828338623,51535051,0.0,0.0,0.0
2024-02-18 00:00:00+02:00,0.5429999828338623,0.5429999828338623,0.5429999828338623,0.5429999828338623,0,0.0,0.0,0.0
2024-02-19 00:00:00+02:00,0.5640000104904175,0.5759999752044678,0.5519999861717224,0.5619999766349792,69823175,0.0,0.0,0.0
2024-02-20 00:00:00+02:00,0.5619999766349792,0.5709999799728394,0.5519999861717224,0.5529999732971191,48972448,0.0,0.0,0.0
2024-02-21 00:00:00+02:00,0.5529999732971191,0.5619999766349792,0.546999990940094,0.5529999732971191,54952519,0.0,0.0,0.0
2024-02-22 00:00:00+02:00,0.5529999732971191,0.5600000023841858,0.5490000247955322,0.5509999990463257,52293983,0.0,0.0,0.0
2024-02-25 00:00:00+02:00,0.5509999990463257,0.5450000166893005,0.5130000114440918,0.5170000195503235,49173002,0.0,0.0,0.0
2024-02-26 00:00:00+02:00,0.5170000195503235,0.5270000100135803,0.5099999904632568,0.5199999809265137,33248241,0.0,0.0,0.0
2024-02-27 00:00:00+02:00,0.5199999809265137,0.5329999923706055,0.5139999985694885,0.515999972820282,39444834,0.0,0.0,0.0
2024-02-28 00:00:00+02:00,0.515999972820282,0.5289999842643738,0.5019999742507935,0.5019999742507935,42517130,0.0,0.0,0.0
2024-02-29 00:00:00+02:00,0.5019999742507935,0.5070000290870667,0.49300000071525574,0.4950000047683716,33877861,0.0,0.0,0.0
2024-03-03 00:00:00+02:00,0.4950000047683716,0.5070000290870667,0.4970000088214874,0.5,19305211,0.0,0.0,0.0
2024-03-04 00:00:00+02:00,0.5,0.515999972820282,0.5019999742507935,0.515999972820282,29343076,0.0,0.0,0.0
2024-03-05 00:00:00+02:00,0.515999972820282,0.5220000147819519,0.5019999742507935,0.5040000081062317,20449903,0.0,0.0,0.0
2024-03-06 00:00:00+02:00,0.5040000081062317,0.5080000162124634,0.48100000619888306,0.4819999933242798,43090491,0.0,0.0,0.0
2024-03-07 00:00:00+02:00,0.4819999933242798,0.48899999260902405,0.47200000286102295,0.47999998927116394,18220825,0.0,0.0,0.0
2024-03-10 00:00:00+02:00,0.47999998927116394,0.503000020980835,0.48500001430511475,0.49300000071525574,28529021,0.0,0.0,0.0
2024-03-11 00:00:00+02:00,0.49300000071525574,0.503000020980835,0.4869999885559082,0.48899999260902405,19068944,0.0,0.0,0.0
2024-03-12 00:00:00+02:00,0.48899999260902405,0.4950000047683716,0.47099998593330383,0.47999998927116394,17852637,0.0,0.0,0.0
2024-03-13 00:00:00+02:00,0.47999998927116394,0.4819999933242798,0.46000000834465027,0.46000000834465027,15087460,0.0,0.0,0.0
2024-03-14 00:00:00+02:00,0.46000000834465027,0.47600001096725464,0.4580000042915344,0.4729999899864197,15296240,0.0,0.0,0.0
2024-03-17 00:00:00+02:00,0.4729999899864197,0.4860000014305115,0.4699999988079071,0.4699999988079071,16401778,0.0,0.0,0.0
2024-03-18 00:00:00+02:00,0.4699999988079071,0.47099998593330383,0.4309999942779541,0.4350000023841858,20351390,0.0,0.0,0.0
2024-03-19 00:00:00+02:00,0.4350000023841858,0.4399999976158142,0.41999998688697815,0.4350000023841858,16466940,0.0,0.0,0.0
2024-03-20 00:00:00+02:00,0.4350000023841858,0.4480000138282776,0.4230000078678131,0.4320000112056732,21313853,0.0,0.0,0.0
2024-03-21 00:00:00+02:00,0.4320000112056732,0.4429999887943268,0.42500001192092896,0.4399999976158142,16054479,0.0,0.0,0.0
2024-03-24 00:00:00+02:00,0.4399999976158142,0.45100000500679016,0.43700000643730164,0.4449999928474426,12179234,0.0,0.0,0.0
2024-03-25 00:00:00+02:00,0.4449999928474426,0.4490000009536743,0.4399999976158142,0.4440000057220459,7773275,0.0,0.0,0.0
2024-03-26 00:00:00+02:00,0.4440000057220459,0.44999998807907104,0.4350000023841858,0.43700000643730164,8779850,0.0,0.0,0.0
2024-03-27 00:00:00+02:00,0.43700000643730164,0.44200000166893005,0.4300000071525574,0.4350000023841858,8276801,0.0,0.0,0.0
2024-03-28 00:00:00+02:00,0.4350000023841858,0.4390000104904175,0.4259999990463257,0.42800000309944153,5085827,0.0,0.0,0.0
2024-03-31 00:00:00+02:00,0.42800000309944153,0.4320000112056732,0.41200000047683716,0.41499999165534973,6655181,0.0,0.0,0.0
2024-04-01 00:00:00+02:00,0.41499999165534973,0.42500001192092896,0.41200000047683716,0.4230000078678131,10454734,0.0,0.0,0.0
2024-04-02 00:00:00+02:00,0.4230000078678131,0.4300000071525574,0.4230000078678131,0.4259999990463257,6628337,0.0,0.0,0.0
2024-04-03 00:00:00+02:00,0.4259999990463257,0.4320000112056732,0.41100001335144043,0.4230000078678131,9499947,0.0,0.0,0.0
2024-04-04 00:00:00+02:00,0.4230000078678131,0.4300000071525574,0.41999998688697815,0.42800000309944153,9968440,0.0,0.0,0.0
2024-04-07 00:00:00+02:00,0.42800000309944153,0.4350000023841858,0.42399999499320984,0.42500001192092896,19612692,0.0,0.0,0.0
2024-04-08 00:00:00+02:00,0.42500001192092896,0.4300000071525574,0.4259999990463257,0.42800000309944153,7623097,0.0,0.0,0.0
2024-04-15 00:00:00+02:00,0.42800000309944153,0.4480000138282776,0.4269999861717224,0.44200000166893005,18024348,0.0,0.0,0.0
2024-04-16 00:00:00+02:00,0.44200000166893005,0.46000000834465027,0.4399999976158142,0.4569999873638153,33131638,0.0,0.0,0.0
2024-04-17 00:00:00+02:00,0.4569999873638153,0.4650000035762787,0.453000009059906,0.4580000042915344,22139186,0.0,0.0,0.0
2024-04-18 00:00:00+02:00,0.4580000042915344,0.460999995470047,0.4259999990463257,0.4350000023841858,29474743,0.0,0.0,0.0
2024-04-21 00:00:00+02:00,0.4350000023841858,0.44600000977516174,0.4300000071525574,0.43799999356269836,10205433,0.0,0.0,0.0
2024-04-22 00:00:00+02:00,0.43799999356269836,0.44600000977516174,0.4350000023841858,0.4399999976158142,9435584,0.0,0.0,0.0
2024-04-23 00:00:00+02:00,0.4399999976158142,0.4399999976158142,0.41600000858306885,0.41600000858306885,16379487,0.0,0.0,0.0
2024-04-24 00:00:00+02:00,0.41600000858306885,0.42100000381469727,0.4000000059604645,0.40299999713897705,12707261,0.0,0.0,0.0
2024-04-28 00:00:00+03:00,0.40299999713897705,0.40299999713897705,0.40299999713897705,0.40299999713897705,0,0.0,0.0,0.0
2024-04-29 00:00:00+03:00,0.37599998712539673,0.38499999046325684,0.3700000047683716,0.38100001215934753,11667010,0.0,0.0,0.0
2024-04-30 00:00:00+03:00,0.38100001215934753,0.3880000114440918,0.3479999899864197,0.35100001096725464,9708145,0.0,0.0,0.0
2024-05-02 00:00:00+03:00,0.36800000071525574,0.3700000047683716,0.36000001430511475,0.3659999966621399,8158006,0.0,0.0,0.0
2024-05-07 00:00:00+03:00,0.3659999966621399,0.3700000047683716,0.36000001430511475,0.36500000953674316,5761677,0.0,0.0,0.0
2024-05-08 00:00:00+03:00,0.36500000953674316,0.3700000047683716,0.3230000138282776,0.3449999988079071,13503856,0.0,0.0,0.0
2024-05-09 00:00:00+03:00,0.3449999988079071,0.35199999809265137,0.3400000035762787,0.34599998593330383,4818876,0.0,0.0,0.0
2024-05-12 00:00:00+03:00,0.34599998593330383,0.35100001096725464,0.328000009059906,0.33000001311302185,8732603,0.0,0.0,0.0
2024-05-13 00:00:00+03:00,0.33000001311302185,0.32899999618530273,0.3009999990463257,0.3190000057220459,13683426,0.0,0.0,0.0
2024-05-14 00:00:00+03:00,0.3190000057220459,0.33000001311302185,0.3140000104904175,0.3190000057220459,20586972,0.0,0.0,0.0
2024-05-15 00:00:00+03:00,0.3190000057220459,0.3190000057220459,0.3190000057220459,0.3190000057220459,0,0.0,0.0,0.0
2024-05-16 00:00:00+03:00,0.3190000057220459,0.34599998593330383,0.3230000138282776,0.3409999907016754,20031275,0.0,0.0,0.0
2024-05-19 00:00:00+03:00,0.3409999907016754,0.36000001430511475,0.3449999988079071,0.35899999737739563,11639007,0.0,0.0,0.0
2024-05-20 00:00:00+03:00,0.35899999737739563,0.36500000953674316,0.35100001096725464,0.35600000619888306,15233550,0.0,0.0,0.0
2024-05-21 00:00:00+03:00,0.35600000619888306,0.3610000014305115,0.3479999899864197,0.35199999809265137,7766555,0.0,0.0,0.0
2024-05-22 00:00:00+03:00,0.35199999809265137,0.35499998927116394,0.34700000286102295,0.3499999940395355,4548133,0.0,0.0,0.0
2024-05-23 00:00:00+03:00,0.3499999940395355,0.3529999852180481,0.3449999988079071,0.34599998593330383,7932941,0.0,0.0,0.0
2024-05-26 00:00:00+03:00,0.34599998593330383,0.34599998593330383,0.34599998593330383,0.34599998593330383,0,0.0,0.0,0.0
2024-05-27 00:00:00+03:00,0.3529999852180481,0.3630000054836273,0.3499999940395355,0.35499998927116394,17220916,0.0,0.0,0.0
2024-05-28 00:00:00+03:00,0.35499998927116394,0.3499999940395355,0.33799999952316284,0.34700000286102295,7907097,0.0,0.0,0.0
2024-05-29 00:00:00+03:00,0.34700000286102295,0.3580000102519989,0.34599998593330383,0.3490000069141388,10806615,0.0,0.0,0.0
2024-05-30 00:00:00+03:00,0.3490000069141388,0.3490000069141388,0.3409999907016754,0.34299999475479126,6600784,0.0,0.0,0.0
2024-06-02 00:00:00+03:00,0.34299999475479126,0.3499999940395355,0.33899998664855957,0.3400000035762787,3226734,0.0,0.0,0.0
2024-06-03 00:00:00+03:00,0.3400000035762787,0.34299999475479126,0.33500000834465027,0.33500000834465027,6426977,0.0,0.0,0.0
2024-06-04 00:00:00+03:00,0.33500000834465027,0.34200000762939453,0.33399999141693115,0.33500000834465027,11648020,0.0,0.0,0.0
2024-06-05 00:00:00+03:00,0.33500000834465027,0.3370000123977661,0.3230000138282776,0.32499998807907104,9031126,0.0,0.0,0.0
2024-06-06 00:00:00+03:00,0.32499998807907104,0.3319999873638153,0.3240000009536743,0.32499998807907104,7815473,0.0,0.0,0.0
2024-06-09 00:00:00+03:00,0.32499998807907104,0.32899999618530273,0.3149999976158142,0.3160000145435333,7720604,0.0,0.0,0.0
2024-06-10 00:00:00+03:00,0.3160000145435333,0.34700000286102295,0.3089999854564667,0.3409999907016754,18570212,0.0,0.0,0.0
2024-06-11 00:00:00+03:00,0.3409999907016754,0.35199999809265137,0.3310000002384186,0.3330000042915344,29933476,0.0,0.0,0.0
2024-06-12 00:00:00+03:00,0.3330000042915344,0.34299999475479126,0.33399999141693115,0.335999995470047,9929656,0.0,0.0,0.0
2024-06-13 00:00:00+03:00,0.335999995470047,0.34200000762939453,0.33500000834465027,0.33799999952316284,7632125,0.0,0.0,0.0
2024-06-23 00:00:00+03:00,0.33799999952316284,0.3529999852180481,0.3400000035762787,0.3529999852180481,14829959,0.0,0.0,0.0
2024-06-24 00:00:00+03:00,0.3529999852180481,0.36000001430511475,0.3449999988079071,0.34599998593330383,21317008,0.0,0.0,0.0
2024-06-25 00:00:00+03:00,0.34599998593330383,0.3499999940395355,0.3449999988079071,0.3479999899864197,8905403,0.0,0.0,0.0
2024-06-26 00:00:00+03:00,0.3479999899864197,0.3540000021457672,0.34599998593330383,0.34700000286102295,11957262,0.0,0.0,0.0
2024-06-27 00:00:00+03:00,0.34700000286102295,0.35600000619888306,0.3479999899864197,0.3479999899864197,23226275,0.0,0.0,0.0
2024-07-02 00:00:00+03:00,0.3499999940395355,0.35499998927116394,0.34700000286102295,0.3490000069141388,15131786,0.0,0.0,0.0
2024-07-03 00:00:00+03:00,0.3490000069141388,0.3529999852180481,0.3479999899864197,0.3499999940395355,13302067,0.0,0.0,0.0
2024-07-04 00:00:00+03:00,0.3499999940395355,0.3540000021457672,0.3479999899864197,0.3490000069141388,13257058,0.0,0.0,0.0
2024-07-07 00:00:00+03:00,0.3490000069141388,0.367000013589859,0.3499999940395355,0.36000001430511475,42217279,0.0,0.0,0.0
2024-07-08 00:00:00+03:00,0.36000001430511475,0.3659999966621399,0.3540000021457672,0.35499998927116394,35917024,0.0,0.0,0.0
2024-07-09 00:00:00+03:00,0.35499998927116394,0.3580000102519989,0.35199999809265137,0.3529999852180481,12643269,0.0,0.0,0.0
2024-07-10 00:00:00+03:00,0.3529999852180481,0.3569999933242798,0.3449999988079071,0.34599998593330383,9220828,0.0,0.0,0.0
2024-07-14 00:00:00+03:00,0.34599998593330383,0.3479999899864197,0.3400000035762787,0.3400000035762787,10424452,0.0,0.0,0.0
2024-07-15 00:00:00+03:00,0.3400000035762787,0.3449999988079071,0.3370000123977661,0.33799999952316284,11157447,0.0,0.0,0.0
2024-07-16 00:00:00+03:00,0.33799999952316284,0.3400000035762787,0.3310000002384186,0.335999995470047,16558906,0.0,0.0,0.0
2024-07-17 00:00:00+03:00,0.335999995470047,0.3440000116825104,0.335999995470047,0.3400000035762787,8608820,0.0,0.0,0.0
2024-07-18 00:00:00+03:00,0.3400000035762787,0.3499999940395355,0.34200000762939453,0.3499999940395355,16586726,0.0,0.0,0.0
2024-07-21 00:00:00+03:00,0.3499999940395355,0.35499998927116394,0.3499999940395355,0.3529999852180481,12364608,0.0,0.0,0.0
2024-07-22 00:00:00+03:00,0.3529999852180481,0.3619999885559082,0.3540000021457672,0.35499998927116394,23814882,0.0,0.0,0.0
2024-07-23 00:00:00+03:00,0.35499998927116394,0.36500000953674316,0.3529999852180481,0.3610000014305115,22673681,0.0,0.0,0.0
2024-07-24 00:00:00+03:00,0.3610000014305115,0.3880000114440918,0.3720000088214874,0.3720000088214874,78300944,0.0,0.0,0.0
2024-07-28 00:00:00+03:00,0.3720000088214874,0.37599998712539673,0.3659999966621399,0.36800000071525574,22548368,0.0,0.0,0.0
2024-07-29 00:00:00+03:00,0.36800000071525574,0.37400001287460327,0.3659999966621399,0.36800000071525574,14446165,0.0,0.0,0.0
2024-07-30 00:00:00+03:00,0.36800000071525574,0.37400001287460327,0.3619999885559082,0.37400001287460327,15995717,0.0,0.0,0.0
2024-07-31 00:00:00+03:00,0.37400001287460327,0.38600000739097595,0.3720000088214874,0.3779999911785126,31543165,0.0,0.0,0.0
2024-08-01 00:00:00+03:00,0.3779999911785126,0.3799999952316284,0.367000013589859,0.36800000071525574,22080151,0.0,0.0,0.0
2024-08-04 00:00:00+03:00,0.36800000071525574,0.36500000953674316,0.3400000035762787,0.3499999940395355,22826909,0.0,0.0,0.0
2024-08-05 00:00:00+03:00,0.3499999940395355,0.3449999988079071,0.32499998807907104,0.33500000834465027,19136385,0.0,0.0,0.0
2024-08-06 00:00:00+03:00,0.33500000834465027,0.34299999475479126,0.33399999141693115,0.33899998664855957,20825231,0.0,0.0,0.0
2024-08-07 00:00:00+03:00,0.33899998664855957,0.34700000286102295,0.33799999952316284,0.3440000116825104,19605975,0.0,0.0,0.0
2024-08-08 00:00:00+03:00,0.3440000116825104,0.3490000069141388,0.3400000035762787,0.3449999988079071,34223699,0.0,0.0,0.0
2024-08-11 00:00:00+03:00,0.3449999988079071,0.35199999809265137,0.3449999988079071,0.3479999899864197,15696156,0.0,0.0,0.0
2024-08-12 00:00:00+03:00,0.3479999899864197,0.3540000021457672,0.3449999988079071,0.3449999988079071,11918801,0.0,0.0,0.0
2024-08-13 00:00:00+03:00,0.3449999988079071,0.3479999899864197,0.3400000035762787,0.3409999907016754,8773055,0.0,0.0,0.0
2024-08-14 00:00:00+03:00,0.3409999907016754,0.34700000286102295,0.33799999952316284,0.33799999952316284,16945367,0.0,0.0,0.0
2024-08-15 00:00:00+03:00,0.33799999952316284,0.3440000116825104,0.33799999952316284,0.3409999907016754,11268942,0.0,0.0,0.0
2024-08-18 00:00:00+03:00,0.3409999907016754,0.3529999852180481,0.3440000116825104,0.3449999988079071,20551690,0.0,0.0,0.0
2024-08-19 00:00:00+03:00,0.3449999988079071,0.3490000069141388,0.34299999475479126,0.3440000116825104,9822096,0.0,0.0,0.0
2024-08-20 00:00:00+03:00,0.3440000116825104,0.3499999940395355,0.3449999988079071,0.34599998593330383,16450540,0.0,0.0,0.0
2024-08-21 00:00:00+03:00,0.34599998593330383,0.3529999852180481,0.3440000116825104,0.35199999809265137,23693762,0.0,0.0,0.0
2024-08-22 00:00:00+03:00,0.35199999809265137,0.367000013589859,0.3569999933242798,0.36000001430511475,41498709,0.0,0.0,0.0
2024-08-25 00:00:00+03:00,0.36000001430511475,0.367000013589859,0.36000001430511475,0.36000001430511475,15998380,0.0,0.0,0.0
2024-08-26 00:00:00+03:00,0.36000001430511475,0.36399999260902405,0.35100001096725464,0.35199999809265137,13840372,0.0,0.0,0.0
2024-08-27 00:00:00+03:00,0.35199999809265137,0.3580000102519989,0.35199999809265137,0.3540000021457672,9137460,0.0,0.0,0.0
2024-08-28 00:00:00+03:00,0.3540000021457672,0.36500000953674316,0.35499998927116394,0.35499998927116394,9467591,0.0,0.0,0.0
2024-08-29 00:00:00+03:00,0.35499998927116394,0.3580000102519989,0.3499999940395355,0.35499998927116394,21798123,0.0,0.0,0.0
2024-09-01 00:00:00+03:00,0.35499998927116394,0.35899999737739563,0.3540000021457672,0.35499998927116394,6347466,0.0,0.0,0.0
2024-09-02 00:00:00+03:00,0.35499998927116394,0.4009999930858612,0.35600000619888306,0.3779999911785126,251603772,0.0,0.0,0.0
2024-09-03 00:00:00+03:00,0.3779999911785126,0.38999998569488525,0.37599998712539673,0.3799999952316284,44297702,0.0,0.0,0.0
2024-09-04 00:00:00+03:00,0.3799999952316284,0.3799999952316284,0.3720000088214874,0.37599998712539673,20747564,0.0,0.0,0.0
2024-09-05 00:00:00+03:00,0.37599998712539673,0.38199999928474426,0.37299999594688416,0.37400001287460327,26674183,0.0,0.0,0.0
2024-09-08 00:00:00+03:00,0.37400001287460327,0.38100001215934753,0.3700000047683716,0.37299999594688416,25350725,0.0,0.0,0.0
2024-09-09 00:00:00+03:00,0.37299999594688416,0.3779999911785126,0.3709999918937683,0.3709999918937683,12410788,0.0,0.0,0.0
2024-09-10 00:00:00+03:00,0.3709999918937683,0.37400001287460327,0.36500000953674316,0.36500000953674316,11302796,0.0,0.0,0.0
2024-09-11 00:00:00+03:00,0.36500000953674316,0.375,0.3619999885559082,0.3709999918937683,25473217,0.0,0.0,0.0
2024-09-12 00:00:00+03:00,0.3709999918937683,0.375,0.36800000071525574,0.3709999918937683,18163495,0.0,0.0,0.0
2024-09-16 00:00:00+03:00,0.3709999918937683,0.3799999952316284,0.37299999594688416,0.37400001287460327,16866014,0.0,0.0,0.0
2024-09-17 00:00:00+03:00,0.37400001287460327,0.37599998712539673,0.36500000953674316,0.3659999966621399,10787567,0.0,0.0,0.0
2024-09-18 00:00:00+03:00,0.3659999966621399,0.3709999918937683,0.3630000054836273,0.3700000047683716,7000266,0.0,0.0,0.0
2024-09-19 00:00:00+03:00,0.3700000047683716,0.375,0.367000013589859,0.36800000071525574,6630710,0.0,0.0,0.0
2024-09-22 00:00:00+03:00,0.36800000071525574,0.3779999911785126,0.36899998784065247,0.37299999594688416,32380523,0.0,0.0,0.0
2024-09-23 00:00:00+03:00,0.37299999594688416,0.39100000262260437,0.37599998712539673,0.3799999952316284,43524674,0.0,0.0,0.0
2024-09-24 00:00:00+03:00,0.38499999046325684,0.3880000114440918,0.3790000081062317,0.3799999952316284,31328589,0.0,0.0,0.0
2024-09-25 00:00:00+03:00,0.3790000081062317,0.38499999046325684,0.3779999911785126,0.38499999046325684,17002140,0.0,0.0,0.0
2024-09-26 00:00:00+03:00,0.38499999046325684,0.3880000114440918,0.3790000081062317,0.3799999952316284,31328589,0.0,0.0,0.0
2024-09-29 00:00:00+03:00,0.3799999952316284,0.3840000033378601,0.375,0.3779999911785126,15053588,0.0,0.0,0.0
2024-09-30 00:00:00+03:00,0.3779999911785126,0.3869999945163727,0.3790000081062317,0.38100001215934753,27006526,0.0,0.0,0.0
2024-10-01 00:00:00+03:00,0.38100001215934753,0.382999986410141,0.3790000081062317,0.3799999952316284,11505008,0.0,0.0,0.0
2024-10-02 00:00:00+03:00,0.3799999952316284,0.3790000081062317,0.367000013589859,0.36899998784065247,26555355,0.0,0.0,0.0
2024-10-03 00:00:00+03:00,0.36899998784065247,0.37299999594688416,0.367000013589859,0.367000013589859,13293818,0.0,0.0,0.0
2024-10-07 00:00:00+03:00,0.367000013589859,0.37599998712539673,0.3630000054836273,0.36399999260902405,16599974,0.0,0.0,0.0
2024-10-08 00:00:00+03:00,0.36399999260902405,0.367000013589859,0.3400000035762787,0.3499999940395355,22267226,0.0,0.0,0.0
2024-10-09 00:00:00+03:00,0.3499999940395355,0.35899999737739563,0.3449999988079071,0.3540000021457672,10962182,0.0,0.0,0.0
2024-10-10 00:00:00+03:00,0.3540000021457672,0.36000001430511475,0.34599998593330383,0.34700000286102295,8801864,0.0,0.0,0.0
2024-10-13 00:00:00+03:00,0.34700000286102295,0.35199999809265137,0.33399999141693115,0.33799999952316284,11179775,0.0,0.0,0.0
2024-10-14 00:00:00+03:00,0.33799999952316284,0.34200000762939453,0.3330000042915344,0.33799999952316284,6965211,0.0,0.0,0.0
2024-10-15 00:00:00+03:00,0.33799999952316284,0.34599998593330383,0.3370000123977661,0.33899998664855957,9823337,0.0,0.0,0.0
2024-10-16 00:00:00+03:00,0.33899998664855957,0.3440000116825104,0.33799999952316284,0.34299999475479126,15013472,0.0,0.0,0.0
2024-10-17 00:00:00+03:00,0.34299999475479126,0.34700000286102295,0.335999995470047,0.335999995470047,10860790,0.0,0.0,0.0
2024-10-20 00:00:00+03:00,0.335999995470047,0.3370000123977661,0.33000001311302185,0.33000001311302185,11478541,0.0,0.0,0.0
2024-10-21 00:00:00+03:00,0.33000001311302185,0.33500000834465027,0.32600000500679016,0.3319999873638153,9480258,0.0,0.0,0.0
2024-10-22 00:00:00+03:00,0.3319999873638153,0.34700000286102295,0.3319999873638153,0.34599998593330383,18439644,0.0,0.0,0.0
2024-10-23 00:00:00+03:00,0.34599998593330383,0.36800000071525574,0.34599998593330383,0.3580000102519989,35353859,0.0,0.0,0.0
2024-10-24 00:00:00+03:00,0.3580000102519989,0.3610000014305115,0.3540000021457672,0.35499998927116394,9331149,0.0,0.0,0.0
2024-10-27 00:00:00+03:00,0.35499998927116394,0.3610000014305115,0.3529999852180481,0.36000001430511475,10275779,0.0,0.0,0.0
2024-10-28 00:00:00+03:00,0.36000001430511475,0.3619999885559082,0.35499998927116394,0.35600000619888306,7808597,0.0,0.0,0.0
2024-10-29 00:00:00+03:00,0.35600000619888306,0.3580000102519989,0.35100001096725464,0.35199999809265137,11491360,0.0,0.0,0.0
2024-10-30 00:00:00+03:00,0.35199999809265137,0.36500000953674316,0.3529999852180481,0.3610000014305115,15075082,0.0,0.0,0.0
2024-10-31 00:00:00+03:00,0.3610000014305115,0.375,0.36399999260902405,0.36500000953674316,27452853,0.0,0.0,0.0
2024-11-03 00:00:00+02:00,0.36500000953674316,0.37299999594688416,0.3619999885559082,0.3630000054836273,13995030,0.0,0.0,0.0
2024-11-04 00:00:00+02:00,0.3630000054836273,0.36500000953674316,0.36000001430511475,0.3610000014305115,17135822,0.0,0.0,0.0
2024-11-05 00:00:00+02:00,0.3610000014305115,0.3799999952316284,0.36000001430511475,0.3630000054836273,32488310,0.0,0.0,0.0
2024-11-06 00:00:00+02:00,0.3630000054836273,0.3700000047683716,0.36399999260902405,0.36800000071525574,11634142,0.0,0.0,0.0
2024-11-07 00:00:00+02:00,0.36800000071525574,0.3709999918937683,0.36500000953674316,0.3659999966621399,9164562,0.0,0.0,0.0
2024-11-10 00:00:00+02:00,0.3659999966621399,0.375,0.3659999966621399,0.375,11985542,0.0,0.0,0.0
2024-11-11 00:00:00+02:00,0.375,0.38999998569488525,0.37400001287460327,0.3840000033378601,76871147,0.0,0.0,0.0
2024-11-12 00:00:00+02:00,0.3840000033378601,0.3930000066757202,0.38100001215934753,0.3840000033378601,61517569,0.0,0.0,0.0
2024-11-13 00:00:00+02:00,0.3840000033378601,0.3880000114440918,0.3779999911785126,0.3790000081062317,33390366,0.0,0.0,0.0
2024-11-14 00:00:00+02:00,0.3790000081062317,0.3930000066757202,0.37599998712539673,0.39100000262260437,45758274,0.0,0.0,0.0
2024-11-17 00:00:00+02:00,0.39100000262260437,0.4050000011920929,0.3930000066757202,0.3959999978542328,91791159,0.0,0.0,0.0
2024-11-18 00:00:00+02:00,0.3959999978542328,0.39800000190734863,0.38199999928474426,0.382999986410141,42489065,0.0,0.0,0.0
2024-11-19 00:00:00+02:00,0.382999986410141,0.3840000033378601,0.375,0.37599998712539673,22896029,0.0,0.0,0.0
2024-11-20 00:00:00+02:00,0.37599998712539673,0.38100001215934753,0.375,0.3779999911785126,12013078,0.0,0.0,0.0
2024-11-21 00:00:00+02:00,0.3779999911785126,0.382999986410141,0.375,0.37599998712539673,15036293,0.0,0.0,0.0
2024-11-24 00:00:00+02:00,0.37599998712539673,0.3799999952316284,0.37299999594688416,0.37299999594688416,9018962,0.0,0.0,0.0
2024-11-25 00:00:00+02:00,0.37299999594688416,0.37700000405311584,0.36899998784065247,0.3700000047683716,14232944,0.0,0.0,0.0
2024-11-26 00:00:00+02:00,0.3700000047683716,0.375,0.36899998784065247,0.3700000047683716,8067263,0.0,0.0,0.0
2024-11-27 00:00:00+02:00,0.3700000047683716,0.375,0.3569999933242798,0.3580000102519989,16703214,0.0,0.0,0.0
2024-11-28 00:00:00+02:00,0.3580000102519989,0.36000001430511475,0.3499999940395355,0.35199999809265137,24792789,0.0,0.0,0.0
2024-12-01 00:00:00+02:00,0.35199999809265137,0.36000001430511475,0.3540000021457672,0.35499998927116394,9072080,0.0,0.0,0.0
2024-12-02 00:00:00+02:00,0.35499998927116394,0.3610000014305115,0.35199999809265137,0.3540000021457672,11308855,0.0,0.0,0.0
2024-12-03 00:00:00+02:00,0.3540000021457672,0.35899999737739563,0.35199999809265137,0.35499998927116394,9039750,0.0,0.0,0.0
2024-12-04 00:00:00+02:00,0.35499998927116394,0.367000013589859,0.35600000619888306,0.3630000054836273,27999720,0.0,0.0,0.0
2024-12-05 00:00:00+02:00,0.3630000054836273,0.3700000047683716,0.3630000054836273,0.3659999966621399,11189903,0.0,0.0,0.0
2024-12-08 00:00:00+02:00,0.3659999966621399,0.37299999594688416,0.36500000953674316,0.36500000953674316,9880982,0.0,0.0,0.0
2024-12-09 00:00:00+02:00,0.36500000953674316,0.3709999918937683,0.36500000953674316,0.3709999918937683,16264168,0.0,0.0,0.0
2024-12-10 00:00:00+02:00,0.3709999918937683,0.3709999918937683,0.3630000054836273,0.36399999260902405,8154724,0.0,0.0,0.0
2024-12-11 00:00:00+02:00,0.36399999260902405,0.367000013589859,0.3619999885559082,0.36399999260902405,6268322,0.0,0.0,0.0
2024-12-12 00:00:00+02:00,0.36399999260902405,0.3889999985694885,0.367000013589859,0.382999986410141,70654085,0.0,0.0,0.0
2024-12-15 00:00:00+02:00,0.382999986410141,0.382999986410141,0.382999986410141,0.382999986410141,0,0.0,0.0,0.0
2024-12-16 00:00:00+02:00,0.382999986410141,0.39100000262260437,0.37700000405311584,0.3799999952316284,45778197,0.0,0.0,0.0
2024-12-17 00:00:00+02:00,0.3799999952316284,0.38600000739097595,0.37599998712539673,0.3779999911785126,16584399,0.0,0.0,0.0
2024-12-18 00:00:00+02:00,0.3779999911785126,0.38100001215934753,0.36800000071525574,0.36899998784065247,13998109,0.0,0.0,0.0
2024-12-19 00:00:00+02:00,0.36899998784065247,0.3720000088214874,0.36000001430511475,0.36899998784065247,19995168,0.0,0.0,0.0
2024-12-22 00:00:00+02:00,0.36899998784065247,0.37700000405311584,0.3700000047683716,0.3700000047683716,12214545,0.0,0.0,0.0
2024-12-23 00:00:00+02:00,0.3700000047683716,0.37400001287460327,0.35600000619888306,0.3569999933242798,14768569,0.0,0.0,0.0
2024-12-24 00:00:00+02:00,0.3569999933242798,0.36000001430511475,0.35100001096725464,0.35600000619888306,10667430,0.0,0.0,0.0
2024-12-25 00:00:00+02:00,0.35600000619888306,0.3610000014305115,0.35499998927116394,0.35600000619888306,7726125,0.0,0.0,0.0
2024-12-26 00:00:00+02:00,0.35600000619888306,0.36000001430511475,0.3529999852180481,0.3569999933242798,7675692,0.0,0.0,0.0
2024-12-29 00:00:00+02:00,0.3569999933242798,0.3580000102519989,0.35199999809265137,0.3540000021457672,9623505,0.0,0.0,0.0
2024-12-30 00:00:00+02:00,0.3540000021457672,0.3569999933242798,0.3479999899864197,0.3479999899864197,9888663,0.0,0.0,0.0
2024-12-31 00:00:00+02:00,0.3479999899864197,0.35600000619888306,0.34599998593330383,0.3499999940395355,16449100,0.0,0.0,0.0
2025-01-02 00:00:00+02:00,0.3499999940395355,0.3580000102519989,0.35100001096725464,0.3569999933242798,12503781,0.0,0.0,0.0
2025-01-05 00:00:00+02:00,0.3569999933242798,0.3630000054836273,0.35499998927116394,0.3610000014305115,17950163,0.0,0.0,0.0
2025-01-06 00:00:00+02:00,0.3610000014305115,0.36500000953674316,0.36000001430511475,0.3619999885559082,12232299,0.0,0.0,0.0
2025-01-08 00:00:00+02:00,0.3619999885559082,0.36399999260902405,0.3569999933242798,0.35899999737739563,9122419,0.0,0.0,0.0
2025-01-09 00:00:00+02:00,0.35899999737739563,0.3610000014305115,0.3569999933242798,0.3580000102519989,9710531,0.0,0.0,0.0
2025-01-12 00:00:00+02:00,0.3580000102519989,0.3580000102519989,0.35100001096725464,0.3540000021457672,9485347,0.0,0.0,0.0
2025-01-13 00:00:00+02:00,0.3540000021457672,0.3569999933242798,0.34299999475479126,0.3449999988079071,10200978,0.0,0.0,0.0
2025-01-14 00:00:00+02:00,0.3449999988079071,0.3490000069141388,0.33799999952316284,0.3449999988079071,12596282,0.0,0.0,0.0
2025-01-15 00:00:00+02:00,0.3449999988079071,0.3499999940395355,0.34599998593330383,0.3479999899864197,6867858,0.0,0.0,0.0
2025-01-16 00:00:00+02:00,0.3479999899864197,0.3580000102519989,0.3499999940395355,0.3529999852180481,10100059,0.0,0.0,0.0
2025-01-19 00:00:00+02:00,0.3479999899864197,0.375,0.3499999940395355,0.36399999260902405,41684189,0.0,0.0,0.0
2025-01-20 00:00:00+02:00,0.3720000088214874,0.3869999945163727,0.3720000088214874,0.38499999046325684,74906197,0.0,0.0,0.0
2025-01-21 00:00:00+02:00,0.38499999046325684,0.3889999985694885,0.3779999911785126,0.3799999952316284,37307346,0.0,0.0,0.0
2025-01-22 00:00:00+02:00,0.3799999952316284,0.3869999945163727,0.3790000081062317,0.3799999952316284,28132578,0.0,0.0,0.0
2025-01-23 00:00:00+02:00,0.3799999952316284,0.4350000023841858,0.38199999928474426,0.4269999861717224,302710900,0.0,0.0,0.0
2025-01-26 00:00:00+02:00,0.4269999861717224,0.45899999141693115,0.43299999833106995,0.44200000166893005,248293946,0.0,0.0,0.0
2025-01-27 00:00:00+02:00,0.44200000166893005,0.4429999887943268,0.41499999165534973,0.4169999957084656,170533948,0.0,0.0,0.0
2025-01-28 00:00:00+02:00,0.4169999957084656,0.42899999022483826,0.4169999957084656,0.421999990940094,110511720,0.0,0.0,0.0
2025-01-29 00:00:00+02:00,0.421999990940094,0.4300000071525574,0.4189999997615814,0.4230000078678131,56100576,0.0,0.0,0.0
2025-01-30 00:00:00+02:00,0.4230000078678131,0.4259999990463257,0.4099999964237213,0.41200000047683716,76804508,0.0,0.0,0.0
2025-02-02 00:00:00+02:00,0.41200000047683716,0.4129999876022339,0.4009999930858612,0.4020000100135803,55323971,0.0,0.0,0.0
2025-02-03 00:00:00+02:00,0.4020000100135803,0.42800000309944153,0.4020000100135803,0.4059999883174896,90501075,0.0,0.0,0.0
2025-02-04 00:00:00+02:00,0.4059999883174896,0.42100000381469727,0.4099999964237213,0.414000004529953,54597440,0.0,0.0,0.0
2025-02-05 00:00:00+02:00,0.414000004529953,0.4309999942779541,0.41600000858306885,0.4180000126361847,91461070,0.0,0.0,0.0
2025-02-06 00:00:00+02:00,0.4180000126361847,0.4300000071525574,0.421999990940094,0.421999990940094,40118858,0.0,0.0,0.0
2025-02-09 00:00:00+02:00,0.421999990940094,0.4480000138282776,0.42800000309944153,0.4309999942779541,112596912,0.0,0.0,0.0
2025-02-10 00:00:00+02:00,0.4309999942779541,0.43700000643730164,0.4230000078678131,0.42399999499320984,33104048,0.0,0.0,0.0
2025-02-11 00:00:00+02:00,0.42399999499320984,0.4359999895095825,0.4169999957084656,0.4169999957084656,62805878,0.0,0.0,0.0
2025-02-12 00:00:00+02:00,0.4169999957084656,0.4169999957084656,0.4000000059604645,0.40799999237060547,49943608,0.0,0.0,0.0
2025-02-13 00:00:00+02:00,0.40799999237060547,0.42399999499320984,0.40799999237060547,0.42100000381469727,52510918,0.0,0.0,0.0
2025-02-16 00:00:00+02:00,0.42100000381469727,0.4350000023841858,0.421999990940094,0.4259999990463257,58459315,0.0,0.0,0.0
2025-02-17 00:00:00+02:00,0.4259999990463257,0.4309999942779541,0.4099999964237213,0.41499999165534973,38768133,0.0,0.0,0.0
2025-02-18 00:00:00+02:00,0.41499999165534973,0.421999990940094,0.41100001335144043,0.42100000381469727,36816552,0.0,0.0,0.0
2025-02-19 00:00:00+02:00,0.42100000381469727,0.4259999990463257,0.4169999957084656,0.4169999957084656,38284367,0.0,0.0,0.0
2025-02-20 00:00:00+02:00,0.4169999957084656,0.42100000381469727,0.4129999876022339,0.41499999165534973,34481315,0.0,0.0,0.0
2025-02-23 00:00:00+02:00,0.41499999165534973,0.4169999957084656,0.41200000047683716,0.414000004529953,15975506,0.0,0.0,0.0
2025-02-24 00:00:00+02:00,0.414000004529953,0.4180000126361847,0.414000004529953,0.41499999165534973,15123874,0.0,0.0,0.0
2025-02-25 00:00:00+02:00,0.41499999165534973,0.4180000126361847,0.4099999964237213,0.41100001335144043,18478367,0.0,0.0,0.0
2025-02-26 00:00:00+02:00,0.41100001335144043,0.414000004529953,0.40400001406669617,0.40400001406669617,14143491,0.0,0.0,0.0
2025-02-27 00:00:00+02:00,0.40400001406669617,0.4099999964237213,0.40400001406669617,0.40400001406669617,18475137,0.0,0.0,0.0
2025-03-02 00:00:00+02:00,0.40400001406669617,0.4059999883174896,0.4009999930858612,0.4009999930858612,13651742,0.0,0.0,0.0
2025-03-03 00:00:00+02:00,0.4009999930858612,0.40799999237060547,0.4020000100135803,0.4050000011920929,16618527,0.0,0.0,0.0
2025-03-04 00:00:00+02:00,0.4050000011920929,0.4090000092983246,0.4009999930858612,0.4009999930858612,14223359,0.0,0.0,0.0
2025-03-05 00:00:00+02:00,0.4009999930858612,0.40299999713897705,0.3919999897480011,0.39399999380111694,19298992,0.0,0.0,0.0
2025-03-06 00:00:00+02:00,0.39399999380111694,0.39800000190734863,0.3880000114440918,0.3880000114440918,18108389,0.0,0.0,0.0
2025-03-09 00:00:00+02:00,0.3880000114440918,0.3880000114440918,0.3880000114440918,0.3880000114440918,62990,0.0,0.0,0.0
2025-03-10 00:00:00+02:00,0.3880000114440918,0.39399999380111694,0.38600000739097595,0.38600000739097595,20001135,0.0,0.0,0.0
2025-03-11 00:00:00+02:00,0.38600000739097595,0.3889999985694885,0.37599998712539673,0.37700000405311584,25369664,0.0,0.0,0.0
2025-03-12 00:00:00+02:00,0.37700000405311584,0.3889999985694885,0.3779999911785126,0.3799999952316284,22889366,0.0,0.0,0.0
2025-03-13 00:00:00+02:00,0.3799999952316284,0.39399999380111694,0.38199999928474426,0.3880000114440918,26576323,0.0,0.0,0.0
2025-03-16 00:00:00+02:00,0.3880000114440918,0.40400001406669617,0.3919999897480011,0.39500001072883606,31416448,0.0,0.0,0.0
2025-03-17 00:00:00+02:00,0.39500001072883606,0.39899998903274536,0.3889999985694885,0.38999998569488525,13450115,0.0,0.0,0.0
2025-03-18 00:00:00+02:00,0.38999998569488525,0.3919999897480011,0.38499999046325684,0.3889999985694885,15207090,0.0,0.0,0.0
2025-03-19 00:00:00+02:00,0.3889999985694885,0.39100000262260437,0.38600000739097595,0.38600000739097595,12069995,0.0,0.0,0.0
2025-03-20 00:00:00+02:00,0.38600000739097595,0.3889999985694885,0.38100001215934753,0.38199999928474426,16635585,0.0,0.0,0.0
2025-03-23 00:00:00+02:00,0.38199999928474426,0.38999998569488525,0.38199999928474426,0.38199999928474426,11357546,0.0,0.0,0.0
2025-03-24 00:00:00+02:00,0.38199999928474426,0.3880000114440918,0.37700000405311584,0.3779999911785126,14131160,0.0,0.0,0.0
2025-03-25 00:00:00+02:00,0.3779999911785126,0.382999986410141,0.375,0.375,8515396,0.0,0.0,0.0
2025-03-26 00:00:00+02:00,0.375,0.3889999985694885,0.375,0.38499999046325684,20491503,0.0,0.0,0.0
2025-03-27 00:00:00+02:00,0.38499999046325684,0.40400001406669617,0.38499999046325684,0.38600000739097595,41041365,0.0,0.0,0.0
2025-04-03 00:00:00+02:00,0.38600000739097595,0.38999998569488525,0.382999986410141,0.38499999046325684,13963049,0.0,0.0,0.0
2025-04-06 00:00:00+02:00,0.38499999046325684,0.37400001287460327,0.3449999988079071,0.3700000047683716,16122297,0.0,0.0,0.0
2025-04-07 00:00:00+02:00,0.3700000047683716,0.3720000088214874,0.3619999885559082,0.367000013589859,10705032,0.0,0.0,0.0
2025-04-08 00:00:00+02:00,0.367000013589859,0.3790000081062317,0.36899998784065247,0.3790000081062317,17367445,0.0,0.0,0.0
2025-04-09 00:00:00+02:00,0.3790000081062317,0.3790000081062317,0.3619999885559082,0.36500000953674316,16358311,0.0,0.0,0.0
2025-04-10 00:00:00+02:00,0.36500000953674316,0.37599998712539673,0.36899998784065247,0.37400001287460327,17560620,0.0,0.0,0.0
2025-04-13 00:00:00+02:00,0.37400001287460327,0.38100001215934753,0.37400001287460327,0.3790000081062317,13260290,0.0,0.0,0.0
2025-04-14 00:00:00+02:00,0.3790000081062317,0.3880000114440918,0.38100001215934753,0.38199999928474426,15228211,0.0,0.0,0.0
2025-04-15 00:00:00+02:00,0.38199999928474426,0.38600000739097595,0.3799999952316284,0.38100001215934753,15067883,0.0,0.0,0.0
2025-04-16 00:00:00+02:00,0.38100001215934753,0.3840000033378601,0.3779999911785126,0.38100001215934753,13591465,0.0,0.0,0.0
2025-04-17 00:00:00+02:00,0.38100001215934753,0.39500001072883606,0.3779999911785126,0.38600000739097595,68563489,0.0,0.0,0.0
2025-04-22 00:00:00+02:00,0.38600000739097595,0.4020000100135803,0.38999998569488525,0.39500001072883606,47561512,0.0,0.0,0.0
2025-04-23 00:00:00+02:00,0.39500001072883606,0.4050000011920929,0.39500001072883606,0.40400001406669617,33488968,0.0,0.0,0.0
2025-04-27 00:00:00+03:00,0.40400001406669617,0.4059999883174896,0.4000000059604645,0.4009999930858612,18722098,0.0,0.0,0.0
2025-04-28 00:00:00+03:00,0.4009999930858612,0.4050000011920929,0.39899998903274536,0.4009999930858612,24555228,0.0,0.0,0.0
2025-04-29 00:00:00+03:00,0.4009999930858612,0.41499999165534973,0.40299999713897705,0.4059999883174896,52416250,0.0,0.0,0.0
2025-04-30 00:00:00+03:00,0.4059999883174896,0.40700000524520874,0.4000000059604645,0.40299999713897705,27010160,0.0,0.0,0.0
2025-05-04 00:00:00+03:00,0.40299999713897705,0.40799999237060547,0.40400001406669617,0.4050000011920929,18551655,0.0,0.0,0.0
2025-05-05 00:00:00+03:00,0.4050000011920929,0.4129999876022339,0.4059999883174896,0.4090000092983246,50995391,0.0,0.0,0.0
2025-05-06 00:00:00+03:00,0.4090000092983246,0.4129999876022339,0.4059999883174896,0.40799999237060547,13837202,0.0,0.0,0.0
2025-05-07 00:00:00+03:00,0.40799999237060547,0.4189999997615814,0.40400001406669617,0.4090000092983246,70060072,0.0,0.0,0.0
2025-05-08 00:00:00+03:00,0.4090000092983246,0.4180000126361847,0.39399999380111694,0.39800000190734863,76180789,0.0,0.0,0.0
2025-05-11 00:00:00+03:00,0.39800000190734863,0.40400001406669617,0.3919999897480011,0.39399999380111694,85262860,0.0,0.0,0.0
2025-05-12 00:00:00+03:00,0.39399999380111694,0.39399999380111694,0.382999986410141,0.3840000033378601,52910561,0.0,0.0,0.0
2025-05-13 00:00:00+03:00,0.3840000033378601,0.3889999985694885,0.3720000088214874,0.3720000088214874,66249917,0.0,0.0,0.0
2025-05-14 00:00:00+03:00,0.3720000088214874,0.37599998712539673,0.36800000071525574,0.3700000047683716,27256930,0.0,0.0,0.0
2025-05-15 00:00:00+03:00,0.3700000047683716,0.37400001287460327,0.36899998784065247,0.37299999594688416,17249699,0.0,0.0,0.0
2025-05-18 00:00:00+03:00,0.37299999594688416,0.3779999911785126,0.3700000047683716,0.3700000047683716,20649338,0.0,0.0,0.0
2025-05-19 00:00:00+03:00,0.3700000047683716,0.375,0.367000013589859,0.36800000071525574,13176680,0.0,0.0,0.0
2025-05-20 00:00:00+03:00,0.36800000071525574,0.37299999594688416,0.3659999966621399,0.3709999918937683,8363351,0.0,0.0,0.0
2025-05-21 00:00:00+03:00,0.3709999918937683,0.37400001287460327,0.36899998784065247,0.3700000047683716,8886718,0.0,0.0,0.0
2025-05-22 00:00:00+03:00,0.3700000047683716,0.3720000088214874,0.3659999966621399,0.367000013589859,16117103,0.0,0.0,0.0
2025-05-25 00:00:00+03:00,0.367000013589859,0.3720000088214874,0.3659999966621399,0.3659999966621399,16036147,0.0,0.0,0.0
2025-05-26 00:00:00+03:00,0.3659999966621399,0.36899998784065247,0.3619999885559082,0.3619999885559082,25640364,0.0,0.0,0.0
2025-05-27 00:00:00+03:00,0.3619999885559082,0.3630000054836273,0.3569999933242798,0.3580000102519989,18375982,0.0,0.0,0.0
2025-05-28 00:00:00+03:00,0.3580000102519989,0.3630000054836273,0.3569999933242798,0.3580000102519989,17808431,0.0,0.0,0.0
2025-05-29 00:00:00+03:00,0.3580000102519989,0.3610000014305115,0.35100001096725464,0.3529999852180481,21760542,0.0,0.0,0.0
2025-06-01 00:00:00+03:00,0.3529999852180481,0.35600000619888306,0.3479999899864197,0.3479999899864197,16406651,0.0,0.0,0.0
2025-06-02 00:00:00+03:00,0.3479999899864197,0.35899999737739563,0.3479999899864197,0.3540000021457672,21011608,0.0,0.0,0.0
2025-06-03 00:00:00+03:00,0.3540000021457672,0.3580000102519989,0.35100001096725464,0.35199999809265137,9178131,0.0,0.0,0.0
2025-06-04 00:00:00+03:00,0.35199999809265137,0.3569999933242798,0.35100001096725464,0.3540000021457672,10182836,0.0,0.0,0.0
2025-06-10 00:00:00+03:00,0.3540000021457672,0.36399999260902405,0.3540000021457672,0.3630000054836273,27255647,0.0,0.0,0.0
2025-06-11 00:00:00+03:00,0.3630000054836273,0.3790000081062317,0.36000001430511475,0.375,40173429,0.0,0.0,0.0
2025-06-12 00:00:00+03:00,0.375,0.37700000405311584,0.36399999260902405,0.367000013589859,18419176,0.0,0.0,0.0
2025-06-15 00:00:00+03:00,0.367000013589859,0.36000001430511475,0.33899998664855957,0.34599998593330383,14222971,0.0,0.0,0.0
2025-06-16 00:00:00+03:00,0.34599998593330383,0.3540000021457672,0.3400000035762787,0.34299999475479126,15746283,0.0,0.0,0.0
2025-06-17 00:00:00+03:00,0.34299999475479126,0.3449999988079071,0.3319999873638153,0.3319999873638153,23133922,0.0,0.0,0.0
2025-06-18 00:00:00+03:00,0.3319999873638153,0.33799999952316284,0.32899999618530273,0.3310000002384186,9956644,0.0,0.0,0.0
2025-06-19 00:00:00+03:00,0.3310000002384186,0.33399999141693115,0.3230000138282776,0.3240000009536743,13166220,0.0,0.0,0.0
2025-06-22 00:00:00+03:00,0.3240000009536743,0.3269999921321869,0.3109999895095825,0.32499998807907104,10977770,0.0,0.0,0.0
2025-06-23 00:00:00+03:00,0.32499998807907104,0.33500000834465027,0.32499998807907104,0.3319999873638153,10240464,0.0,0.0,0.0
2025-06-24 00:00:00+03:00,0.3319999873638153,0.3449999988079071,0.335999995470047,0.3440000116825104,21603158,0.0,0.0,0.0
2025-06-25 00:00:00+03:00,0.3440000116825104,0.35100001096725464,0.3409999907016754,0.3490000069141388,13368856,0.0,0.0,0.0
2025-06-29 00:00:00+03:00,0.3490000069141388,0.3540000021457672,0.3490000069141388,0.3499999940395355,12939024,0.0,0.0,0.0
2025-06-30 00:00:00+03:00,0.3499999940395355,0.3540000021457672,0.34700000286102295,0.3499999940395355,13414270,0.0,0.0,0.0
2025-07-01 00:00:00+03:00,0.3499999940395355,0.3540000021457672,0.34599998593330383,0.34599998593330383,15981409,0.0,0.0,0.0
2025-07-02 00:00:00+03:00,0.34599998593330383,0.3490000069141388,0.3449999988079071,0.34599998593330383,16777440,0.0,0.0,0.0
2025-07-06 00:00:00+03:00,0.34599998593330383,0.3529999852180481,0.3479999899864197,0.3490000069141388,9815884,0.0,0.0,0.0
2025-07-07 00:00:00+03:00,0.3490000069141388,0.3580000102519989,0.34700000286102295,0.3499999940395355,21588452,0.0,0.0,0.0
2025-07-09 00:00:00+03:00,0.3499999940395355,0.35199999809265137,0.34700000286102295,0.3479999899864197,8436018,0.0,0.0,0.0
2025-07-10 00:00:00+03:00,0.3479999899864197,0.35199999809265137,0.34599998593330383,0.34700000286102295,10211087,0.0,0.0,0.0
2025-07-13 00:00:00+03:00,0.34700000286102295,0.3499999940395355,0.34599998593330383,0.34599998593330383,7570874,0.0,0.0,0.0
2025-07-14 00:00:00+03:00,0.34599998593330383,0.3490000069141388,0.3440000116825104,0.3449999988079071,15136962,0.0,0.0,0.0
2025-07-15 00:00:00+03:00,0.3449999988079071,0.35199999809265137,0.3440000116825104,0.3449999988079071,24802473,0.0,0.0,0.0
2025-07-16 00:00:00+03:00,0.3449999988079071,0.3490000069141388,0.3400000035762787,0.3400000035762787,16396812,0.0,0.0,0.0
2025-07-17 00:00:00+03:00,0.3400000035762787,0.3479999899864197,0.3409999907016754,0.3449999988079071,12349358,0.0,0.0,0.0
2025-07-20 00:00:00+03:00,0.3449999988079071,0.35100001096725464,0.3449999988079071,0.3449999988079071,11275762,0.0,0.0,0.0
2025-07-21 00:00:00+03:00,0.3449999988079071,0.3490000069141388,0.3400000035762787,0.3409999907016754,14692751,0.0,0.0,0.0
2025-07-22 00:00:00+03:00,0.3409999907016754,0.3440000116825104,0.3409999907016754,0.34200000762939453,5071458,0.0,0.0,0.0
2025-07-23 00:00:00+03:00,0.34200000762939453,0.34200000762939453,0.34200000762939453,0.34200000762939453,0,0.0,0.0,0.0
2025-07-27 00:00:00+03:00,0.3409999907016754,0.34599998593330383,0.34200000762939453,0.34200000762939453,6088888,0.0,0.0,0.0
2025-07-28 00:00:00+03:00,0.34200000762939453,0.3440000116825104,0.33899998664855957,0.3400000035762787,9497097,0.0,0.0,0.0
2025-07-29 00:00:00+03:00,0.3400000035762787,0.34200000762939453,0.33799999952316284,0.33799999952316284,8850510,0.0,0.0,0.0
2025-07-30 00:00:00+03:00,0.33799999952316284,0.3409999907016754,0.3330000042915344,0.33399999141693115,8532083,0.0,0.0,0.0
2025-07-31 00:00:00+03:00,0.33399999141693115,0.33899998664855957,0.33399999141693115,0.33500000834465027,6060590,0.0,0.0,0.0
2025-08-03 00:00:00+03:00,0.33500000834465027,0.33500000834465027,0.33500000834465027,0.33500000834465027,0,0.0,0.0,0.0
2025-08-04 00:00:00+03:00,0.33500000834465027,0.33500000834465027,0.33500000834465027,0.33500000834465027,0,0.0,0.0,0.0
2025-08-05 00:00:00+03:00,0.33500000834465027,0.33500000834465027,0.33500000834465027,0.33500000834465027,0,0.0,0.0,0.0
2025-08-06 00:00:00+03:00,0.33500000834465027,0.33500000834465027,0.33500000834465027,0.33500000834465027,0,0.0,0.0,0.0
2025-08-07 00:00:00+03:00,0.33500000834465027,0.33500000834465027,0.33500000834465027,0.33500000834465027,0,0.0,0.0,0.0
2025-08-10 00:00:00+03:00,0.33799999952316284,0.3409999907016754,0.335999995470047,0.3370000123977661,5493698,0.0,0.0,0.0
2025-08-11 00:00:00+03:00,0.3370000123977661,0.3400000035762787,0.33500000834465027,0.3370000123977661,9989970,0.0,0.0,0.0
2025-08-12 00:00:00+03:00,0.3370000123977661,0.33899998664855957,0.33500000834465027,0.335999995470047,4187253,0.0,0.0,0.0
2025-08-13 00:00:00+03:00,0.335999995470047,0.33899998664855957,0.33399999141693115,0.33399999141693115,7016768,0.0,0.0,0.0
2025-08-14 00:00:00+03:00,0.33399999141693115,0.33799999952316284,0.33000001311302185,0.3319999873638153,7797061,0.0,0.0,0.0
2025-08-17 00:00:00+03:00,0.3319999873638153,0.33899998664855957,0.33000001311302185,0.335999995470047,14095495,0.0,0.0,0.0
2025-08-18 00:00:00+03:00,0.335999995470047,0.34299999475479126,0.335999995470047,0.33799999952316284,11972138,0.0,0.0,0.0
2025-08-19 00:00:00+03:00,0.33799999952316284,0.33899998664855957,0.3330000042915344,0.3330000042915344,8862373,0.0,0.0,0.0
2025-08-20 00:00:00+03:00,0.3330000042915344,0.33899998664855957,0.3319999873638153,0.3319999873638153,7965799,0.0,0.0,0.0
2025-08-21 00:00:00+03:00,0.3319999873638153,0.33399999141693115,0.33000001311302185,0.3319999873638153,4938434,0.0,0.0,0.0
2025-08-24 00:00:00+03:00,0.3319999873638153,0.33399999141693115,0.33000001311302185,0.3310000002384186,5947227,0.0,0.0,0.0
2025-08-25 00:00:00+03:00,0.3310000002384186,0.3569999933242798,0.33000001311302185,0.35100001096725464,50936264,0.0,0.0,0.0
2025-08-26 00:00:00+03:00,0.35100001096725464,0.3540000021457672,0.335999995470047,0.335999995470047,46811687,0.0,0.0,0.0
2025-08-27 00:00:00+03:00,0.335999995470047,0.35100001096725464,0.3370000123977661,0.34200000762939453,29459384,0.0,0.0,0.0
2025-08-28 00:00:00+03:00,0.34200000762939453,0.38999998569488525,0.34200000762939453,0.3700000047683716,217200045,0.0,0.0,0.0
2025-08-31 00:00:00+03:00,0.3700000047683716,0.3779999911785126,0.35499998927116394,0.35499998927116394,62044467,0.0,0.0,0.0
2025-09-01 00:00:00+03:00,0.35499998927116394,0.36500000953674316,0.35600000619888306,0.3580000102519989,22526667,0.0,0.0,0.0
2025-09-02 00:00:00+03:00,0.3580000102519989,0.3619999885559082,0.35600000619888306,0.35600000619888306,15535879,0.0,0.0,0.0
2025-09-03 00:00:00+03:00,0.35600000619888306,0.3610000014305115,0.3529999852180481,0.35600000619888306,21732245,0.0,0.0,0.0
2025-09-07 00:00:00+03:00,0.35600000619888306,0.36000001430511475,0.35100001096725464,0.35199999809265137,19934337,0.0,0.0,0.0
2025-09-08 00:00:00+03:00,0.35199999809265137,0.3540000021457672,0.34200000762939453,0.34200000762939453,21844802,0.0,0.0,0.0
2025-09-09 00:00:00+03:00,0.34200000762939453,0.34599998593330383,0.3370000123977661,0.3400000035762787,13628446,0.0,0.0,0.0
2025-09-10 00:00:00+03:00,0.3400000035762787,0.34599998593330383,0.3370000123977661,0.34200000762939453,6677007,0.0,0.0,0.0
2025-09-11 00:00:00+03:00,0.34200000762939453,0.3499999940395355,0.3409999907016754,0.34299999475479126,7981856,0.0,0.0,0.0
2025-09-14 00:00:00+03:00,0.34299999475479126,0.34700000286102295,0.3370000123977661,0.33899998664855957,8354472,0.0,0.0,0.0
2025-09-15 00:00:00+03:00,0.33899998664855957,0.3440000116825104,0.3310000002384186,0.3400000035762787,12813464,0.0,0.0,0.0
2025-09-16 00:00:00+03:00,0.3400000035762787,0.3409999907016754,0.3319999873638153,0.33500000834465027,9096242,0.0,0.0,0.0
2025-09-17 00:00:00+03:00,0.33500000834465027,0.3370000123977661,0.3319999873638153,0.33500000834465027,5121166,0.0,0.0,0.0
2025-09-18 00:00:00+03:00,0.33500000834465027,0.33799999952316284,0.3319999873638153,0.3330000042915344,5313273,0.0,0.0,0.0
2025-09-21 00:00:00+03:00,0.3330000042915344,0.335999995470047,0.32600000500679016,0.3269999921321869,13337121,0.0,0.0,0.0
2025-09-22 00:00:00+03:00,0.3269999921321869,0.32899999618530273,0.3199999928474426,0.32499998807907104,5982658,0.0,0.0,0.0
2025-09-23 00:00:00+03:00,0.32499998807907104,0.3269999921321869,0.3199999928474426,0.32100000977516174,8177394,0.0,0.0,0.0
2025-09-24 00:00:00+03:00,0.32100000977516174,0.3240000009536743,0.3199999928474426,0.32199999690055847,6349097,0.0,0.0,0.0
2025-09-25 00:00:00+03:00,0.32199999690055847,0.32600000500679016,0.32100000977516174,0.32199999690055847,5679602,0.0,0.0,0.0
2025-09-28 00:00:00+03:00,0.32199999690055847,0.32499998807907104,0.3199999928474426,0.3230000138282776,11782522,0.0,0.0,0.0
2025-09-29 00:00:00+03:00,0.3230000138282776,0.32499998807907104,0.32100000977516174,0.32199999690055847,4419325,0.0,0.0,0.0
2025-09-30 00:00:00+03:00,0.32199999690055847,0.3240000009536743,0.3199999928474426,0.32100000977516174,12096028,0.0,0.0,0.0
2025-10-01 00:00:00+03:00,0.32100000977516174,0.3230000138282776,0.3199999928474426,0.32199999690055847,3709512,0.0,0.0,0.0
2025-10-02 00:00:00+03:00,0.32199999690055847,0.3230000138282776,0.3199999928474426,0.32199999690055847,6611965,0.0,0.0,0.0
2025-10-05 00:00:00+03:00,0.32199999690055847,0.3269999921321869,0.32100000977516174,0.3240000009536743,9304009,0.0,0.0,0.0
2025-10-06 00:00:00+03:00,0.3240000009536743,0.32600000500679016,0.32199999690055847,0.3230000138282776,6187399,0.0,0.0,0.0
2025-10-07 00:00:00+03:00,0.3230000138282776,0.32499998807907104,0.32199999690055847,0.32199999690055847,7744912,0.0,0.0,0.0
2025-10-08 00:00:00+03:00,0.32199999690055847,0.3240000009536743,0.32100000977516174,0.32199999690055847,10197928,0.0,0.0,0.0
2025-10-12 00:00:00+03:00,0.32199999690055847,0.3240000009536743,0.3199999928474426,0.3230000138282776,3560956,0.0,0.0,0.0
2025-10-13 00:00:00+03:00,0.3230000138282776,0.32499998807907104,0.32199999690055847,0.3240000009536743,5598475,0.0,0.0,0.0
2025-10-14 00:00:00+03:00,0.3240000009536743,0.33399999141693115,0.3240000009536743,0.32899999618530273,16702394,0.0,0.0,0.0
2025-10-15 00:00:00+03:00,0.32899999618530273,0.3479999899864197,0.32899999618530273,0.3449999988079071,43029674,0.0,0.0,0.0
2025-10-16 00:00:00+03:00,0.3449999988079071,0.3449999988079071,0.33799999952316284,0.3400000035762787,19752731,0.0,0.0,0.0
2025-10-19 00:00:00+03:00,0.3400000035762787,0.35199999809265137,0.335999995470047,0.3499999940395355,51024553,0.0,0.0,0.0
2025-10-20 00:00:00+03:00,0.3499999940395355,0.3540000021457672,0.34200000762939453,0.34299999475479126,19605266,0.0,0.0,0.0
2025-10-21 00:00:00+03:00,0.34299999475479126,0.34700000286102295,0.3409999907016754,0.34299999475479126,7777695,0.0,0.0,0.0
2025-10-22 00:00:00+03:00,0.34299999475479126,0.34599998593330383,0.3409999907016754,0.3449999988079071,5560599,0.0,0.0,0.0
2025-10-23 00:00:00+03:00,0.3449999988079071,0.34599998593330383,0.3409999907016754,0.34299999475479126,7034915,0.0,0.0,0.0
2025-10-26 00:00:00+03:00,0.34299999475479126,0.3490000069141388,0.33899998664855957,0.3409999907016754,14981889,0.0,0.0,0.0
2025-10-27 00:00:00+03:00,0.3409999907016754,0.34599998593330383,0.3400000035762787,0.34200000762939453,5869053,0.0,0.0,0.0
2025-10-28 00:00:00+03:00,0.34200000762939453,0.3449999988079071,0.33899998664855957,0.3400000035762787,9169859,0.0,0.0,0.0
2025-10-29 00:00:00+03:00,0.3400000035762787,0.3449999988079071,0.33500000834465027,0.34200000762939453,12875869,0.0,0.0,0.0
2025-10-30 00:00:00+03:00,0.34200000762939453,0.34599998593330383,0.3400000035762787,0.3409999907016754,12208557,0.0,0.0,0.0
2025-11-02 00:00:00+02:00,0.3409999907016754,0.3440000116825104,0.33799999952316284,0.33899998664855957,6453956,0.0,0.0,0.0
2025-11-03 00:00:00+02:00,0.33899998664855957,0.3409999907016754,0.335999995470047,0.3370000123977661,4761414,0.0,0.0,0.0
2025-11-04 00:00:00+02:00,0.3370000123977661,0.33899998664855957,0.3330000042915344,0.33399999141693115,11498345,0.0,0.0,0.0
2025-11-05 00:00:00+02:00,0.33399999141693115,0.3370000123977661,0.3319999873638153,0.3330000042915344,6723138,0.0,0.0,0.0
2025-11-06 00:00:00+02:00,0.3330000042915344,0.335999995470047,0.3330000042915344,0.3330000042915344,6122062,0.0,0.0,0.0
2025-11-09 00:00:00+02:00,0.3330000042915344,0.3449999988079071,0.3330000042915344,0.3449999988079071,13166594,0.0,0.0,0.0
2025-11-10 00:00:00+02:00,0.3449999988079071,0.34599998593330383,0.33799999952316284,0.3400000035762787,16053612,0.0,0.0,0.0
2025-11-11 00:00:00+02:00,0.3400000035762787,0.34299999475479126,0.33500000834465027,0.335999995470047,12680079,0.0,0.0,0.0
2025-11-12 00:00:00+02:00,0.335999995470047,0.33799999952316284,0.33399999141693115,0.33399999141693115,8651258,0.0,0.0,0.0
2025-11-13 00:00:00+02:00,0.33399999141693115,0.33799999952316284,0.3319999873638153,0.33399999141693115,25722074,0.0,0.0,0.0
2025-11-16 00:00:00+02:00,0.33399999141693115,0.3400000035762787,0.33399999141693115,0.335999995470047,13198186,0.0,0.0,0.0
2025-11-17 00:00:00+02:00,0.335999995470047,0.3400000035762787,0.33500000834465027,0.3370000123977661,9434865,0.0,0.0,0.0
2025-11-18 00:00:00+02:00,0.3370000123977661,0.34200000762939453,0.33399999141693115,0.33500000834465027,20886708,0.0,0.0,0.0
2025-11-19 00:00:00+02:00,0.33500000834465027,0.36000001430511475,0.33500000834465027,0.3490000069141388,89855285,0.0,0.0,0.0
2025-11-20 00:00:00+02:00,0.3490000069141388,0.3580000102519989,0.3490000069141388,0.3490000069141388,28130552,0.0,0.0,0.0
2025-11-23 00:00:00+02:00,0.3490000069141388,0.36500000953674316,0.35100001096725464,0.36000001430511475,47214702,0.0,0.0,0.0
2025-11-24 00:00:00+02:00,0.36000001430511475,0.367000013589859,0.35600000619888306,0.3569999933242798,25149033,0.0,0.0,0.0
2025-11-25 00:00:00+02:00,0.3569999933242798,0.35899999737739563,0.3400000035762787,0.3409999907016754,29996584,0.0,0.0,0.0
2025-11-26 00:00:00+02:00,0.3409999907016754,0.3490000069141388,0.3400000035762787,0.3409999907016754,10031323,0.0,0.0,0.0
2025-11-27 00:00:00+02:00,0.3409999907016754,0.34700000286102295,0.3400000035762787,0.3409999907016754,13026743,0.0,0.0,0.0
2025-11-30 00:00:00+02:00,0.3409999907016754,0.3449999988079071,0.3400000035762787,0.3409999907016754,8645776,0.0,0.0,0.0
2025-12-01 00:00:00+02:00,0.3409999907016754,0.34599998593330383,0.3400000035762787,0.3409999907016754,9498084,0.0,0.0,0.0
2025-12-02 00:00:00+02:00,0.3409999907016754,0.35499998927116394,0.34200000762939453,0.3490000069141388,25094488,0.0,0.0,0.0
2025-12-03 00:00:00+02:00,0.3490000069141388,0.3540000021457672,0.3479999899864197,0.3479999899864197,14741577,0.0,0.0,0.0
2025-12-04 00:00:00+02:00,0.3479999899864197,0.37599998712539673,0.3499999940395355,0.36500000953674316,83717869,0.0,0.0,0.0
2025-12-07 00:00:00+02:00,0.36500000953674316,0.3840000033378601,0.3659999966621399,0.3659999966621399,64085813,0.0,0.0,0.0
2025-12-08 00:00:00+02:00,0.3659999966621399,0.3700000047683716,0.36500000953674316,0.36800000071525574,17810588,0.0,0.0,0.0
2025-12-09 00:00:00+02:00,0.36800000071525574,0.3720000088214874,0.36000001430511475,0.3619999885559082,17596533,0.0,0.0,0.0
2025-12-10 00:00:00+02:00,0.3619999885559082,0.3700000047683716,0.3529999852180481,0.35899999737739563,21673538,0.0,0.0,0.0
2025-12-11 00:00:00+02:00,0.35899999737739563,0.36500000953674316,0.35499998927116394,0.35600000619888306,20176916,0.0,0.0,0.0
2025-12-14 00:00:00+02:00,0.35600000619888306,0.36399999260902405,0.3580000102519989,0.36000001430511475,8083435,0.0,0.0,0.0
2025-12-15 00:00:00+02:00,0.36000001430511475,0.367000013589859,0.3610000014305115,0.3619999885559082,8634625,0.0,0.0,0.0
2025-12-16 00:00:00+02:00,0.3619999885559082,0.3630000054836273,0.3580000102519989,0.3580000102519989,12457379,0.0,0.0,0.0
2025-12-17 00:00:00+02:00,0.3580000102519989,0.3610000014305115,0.3540000021457672,0.3540000021457672,7927343,0.0,0.0,0.0
2025-12-18 00:00:00+02:00,0.3540000021457672,0.3630000054836273,0.3540000021457672,0.35899999737739563,13222084,0.0,0.0,0.0
2025-12-21 00:00:00+02:00,0.35899999737739563,0.36500000953674316,0.3569999933242798,0.3580000102519989,8410506,0.0,0.0,0.0
2025-12-22 00:00:00+02:00,0.3580000102519989,0.36000001430511475,0.3569999933242798,0.3569999933242798,7230459,0.0,0.0,0.0
2025-12-23 00:00:00+02:00,0.3569999933242798,0.35899999737739563,0.3499999940395355,0.35100001096725464,15894010,0.0,0.0,0.0
2025-12-24 00:00:00+02:00,0.35100001096725464,0.3529999852180481,0.3449999988079071,0.3479999899864197,13863105,0.0,0.0,0.0
2025-12-25 00:00:00+02:00,0.3479999899864197,0.35199999809265137,0.34700000286102295,0.3479999899864197,6279801,0.0,0.0,0.0
2025-12-28 00:00:00+02:00,0.3479999899864197,0.3540000021457672,0.3479999899864197,0.35199999809265137,7216607,0.0,0.0,0.0
2025-12-29 00:00:00+02:00,0.35199999809265137,0.36899998784065247,0.3540000021457672,0.36899998784065247,25252242,0.0,0.0,0.0
2025-12-30 00:00:00+02:00,0.36899998784065247,0.3970000147819519,0.3659999966621399,0.3840000033378601,151567318,0.0,0.0,0.0
2025-12-31 00:00:00+02:00,0.3840000033378601,0.3889999985694885,0.3709999918937683,0.37299999594688416,45369511,0.0,0.0,0.0
2026-01-04 00:00:00+02:00,0.37299999594688416,0.37700000405311584,0.3659999966621399,0.3700000047683716,22631754,0.0,0.0,0.0
2026-01-05 00:00:00+02:00,0.3700000047683716,0.37400001287460327,0.3630000054836273,0.36500000953674316,15807393,0.0,0.0,0.0
2026-01-06 00:00:00+02:00,0.36500000953674316,0.36899998784065247,0.36399999260902405,0.3659999966621399,9057278,0.0,0.0,0.0
2026-01-08 00:00:00+02:00,0.3659999966621399,0.3840000033378601,0.3659999966621399,0.3709999918937683,42385808,0.0,0.0,0.0
2026-01-11 00:00:00+02:00,0.3709999918937683,0.3790000081062317,0.367000013589859,0.37400001287460327,17458755,0.0,0.0,0.0
2026-01-12 00:00:00+02:00,0.37400001287460327,0.3840000033378601,0.3659999966621399,0.367000013589859,20462891,0.0,0.0,0.0
2026-01-13 00:00:00+02:00,0.367000013589859,0.36800000071525574,0.3580000102519989,0.3580000102519989,13689114,0.0,0.0,0.0
2026-01-14 00:00:00+02:00,0.3580000102519989,0.3580000102519989,0.3409999907016754,0.3440000116825104,21532381,0.0,0.0,0.0
2026-01-15 00:00:00+02:00,0.3440000116825104,0.3490000069141388,0.3409999907016754,0.34299999475479126,10098134,0.0,0.0,0.0
2026-01-18 00:00:00+02:00,0.34299999475479126,0.35100001096725464,0.3449999988079071,0.3499999940395355,9316581,0.0,0.0,0.0
2026-01-19 00:00:00+02:00,0.3499999940395355,0.35499998927116394,0.3490000069141388,0.35199999809265137,8424649,0.0,0.0,0.0
2026-01-20 00:00:00+02:00,0.35199999809265137,0.35499998927116394,0.34599998593330383,0.34700000286102295,10588072,0.0,0.0,0.0
2026-01-21 00:00:00+02:00,0.34700000286102295,0.3659999966621399,0.34700000286102295,0.35600000619888306,52881027,0.0,0.0,0.0
2026-01-22 00:00:00+02:00,0.35600000619888306,0.367000013589859,0.3580000102519989,0.35899999737739563,18057575,0.0,0.0,0.0
2026-01-25 00:00:00+02:00,0.35899999737739563,0.36399999260902405,0.35100001096725464,0.3529999852180481,7844809,0.0,0.0,0.0
2026-01-26 00:00:00+02:00,0.3529999852180481,0.35499998927116394,0.34700000286102295,0.3479999899864197,12875696,0.0,0.0,0.0
2026-01-27 00:00:00+02:00,0.3479999899864197,0.3499999940395355,0.3449999988079071,0.34599998593330383,9718331,0.0,0.0,0.0
2026-01-28 00:00:00+02:00,0.34599998593330383,0.3479999899864197,0.3400000035762787,0.34299999475479126,12825734,0.0,0.0,0.0
2026-02-01 00:00:00+02:00,0.34299999475479126,0.3580000102519989,0.34200000762939453,0.3569999933242798,13798171,0.0,0.0,0.0
2026-02-02 00:00:00+02:00,0.3569999933242798,0.3619999885559082,0.35100001096725464,0.3580000102519989,10533268,0.0,0.0,0.0
2026-02-03 00:00:00+02:00,0.3580000102519989,0.36399999260902405,0.35499998927116394,0.36000001430511475,15591266,0.0,0.0,0.0
2026-02-04 00:00:00+02:00,0.36000001430511475,0.36899998784065247,0.36000001430511475,0.36399999260902405,17435928,0.0,0.0,0.0
