Date,Open,High,Low,Close,Volume,Dividends,Stock Splits,Capital Gains
2021-01-03 00:00:00+02:00,5.666417451243169,5.725365820607676,5.570626175345847,5.607469081878662,16690,0.0,0.0,0.0
2021-01-04 00:00:00+02:00,5.607468761865826,5.666417127866207,5.51167749143522,5.600100040435791,17500,0.0,0.0,0.0
2021-01-05 00:00:00+02:00,5.60010030427424,5.585363212079834,5.349569736969335,5.4453606605529785,30245,0.0,0.0,0.0
2021-01-06 00:00:00+02:00,5.44536073418845,5.6516803790601085,5.452729456065294,5.47483491897583,33063,0.0,0.0,0.0
2021-01-10 00:00:00+02:00,5.474834443599372,6.020107517540179,5.614836984863093,5.931684970855713,87773,0.0,0.0,0.0
2021-01-11 00:00:00+02:00,5.931685500917554,6.300113163052558,5.968528407675054,6.093793869018555,86655,0.0,0.0,0.0
2021-01-12 00:00:00+02:00,6.093793879298513,6.152742249121957,5.939054232831973,6.027476787567139,31905,0.0,0.0,0.0
2021-01-13 00:00:00+02:00,6.027475990220266,6.064318189446236,5.939053447182109,6.020107269287109,15523,0.0,0.0,0.0
2021-01-14 00:00:00+02:00,6.020107267796353,6.174846893754787,5.9906330867909325,6.086424350738525,39839,0.0,0.0,0.0
2021-01-17 00:00:00+02:00,6.086424691711982,6.690645787532707,6.138004335681084,6.609591960906982,316637,0.0,0.0,0.0
2021-01-18 00:00:00+02:00,6.609592510486636,7.265393304805508,6.786437621130826,7.022231101989746,335003,0.0,0.0,0.0
2021-01-19 00:00:00+02:00,7.022230803621014,7.6780322727954315,6.8159115166357935,7.420132637023926,432952,0.0,0.0,0.0
2021-01-20 00:00:00+02:00,7.420133057090143,7.655927243999074,7.184339572901225,7.346447944641113,141273,0.0,0.0,0.0
2021-01-21 00:00:00+02:00,7.346447498530837,8.07593407298251,7.221182041982168,7.68540096282959,323901,0.0,0.0,0.0
2021-01-24 00:00:00+02:00,7.685401150402986,8.451730648905299,8.031722642047693,8.400150299072266,486394,0.0,0.0,0.0
2021-01-25 00:00:00+02:00,8.400150299072266,8.400150299072266,8.400150299072266,8.400150299072266,0,0.0,0.0,0.0
2021-01-26 00:00:00+02:00,8.046459541983278,7.958036994597959,7.596978083761259,7.722242832183838,255462,0.0,0.0,0.0
2021-01-27 00:00:00+02:00,7.722243181998306,8.252779193063219,7.604346446810541,8.068565368652344,316347,0.0,0.0,0.0
2021-01-31 00:00:00+02:00,8.068565426571197,8.694892715152148,7.663294869414109,8.230673789978027,503979,0.0,0.0,0.0
2021-02-01 00:00:00+02:00,8.230673240580204,8.392781593166294,7.913825256598284,8.134881973266602,188628,0.0,0.0,0.0
2021-02-02 00:00:00+02:00,8.134882630945537,8.274884831279568,7.8106666022814695,8.016985893249512,216014,0.0,0.0,0.0
2021-02-03 00:00:00+02:00,8.016985361574802,8.061196283918814,7.70013737298964,7.810666084289551,55962,0.0,0.0,0.0
2021-02-04 00:00:00+02:00,7.810666170956831,7.876982555208697,7.560135265827733,7.70750617980957,51678,0.0,0.0,0.0
2021-02-07 00:00:00+02:00,7.707506225230728,8.238042221411797,7.574872050505472,7.980142593383789,158398,0.0,0.0,0.0
2021-02-08 00:00:00+02:00,7.980143250611994,8.57699638331129,7.899089416448884,8.245410919189453,349694,0.0,0.0,0.0
2021-02-09 00:00:00+02:00,8.245410633390541,9.321219417189914,8.370676092668003,9.07068920135498,809771,0.0,0.0,0.0
2021-02-10 00:00:00+02:00,9.070688862063776,9.498064870887841,8.849632136153408,9.173848152160645,455651,0.0,0.0,0.0
2021-02-11 00:00:00+02:00,9.173848283844722,9.173848283844722,8.739103547281868,8.849632263183594,100380,0.0,0.0,0.0
2021-02-14 00:00:00+02:00,8.849632300728828,9.505433066437476,8.76857776817969,9.122268676757812,240768,0.0,0.0,0.0
2021-02-15 00:00:00+02:00,9.122268791093557,9.06332042271169,8.739103693891446,8.908580780029297,19955,0.0,0.0,0.0
2021-02-16 00:00:00+02:00,8.90858030833897,9.01910831752275,8.694892308589033,8.842263221740723,55035,0.0,0.0,0.0
2021-02-17 00:00:00+02:00,8.842263339674895,8.72436660758109,8.326464785404518,8.495941162109375,41150,0.0,0.0,0.0
2021-02-18 00:00:00+02:00,8.495941504685437,8.547521854096281,8.348570583625841,8.392782211303711,56143,0.0,0.0,0.0
2021-02-21 00:00:00+02:00,8.392782188734765,8.635944383509207,8.333833820469446,8.503310203552246,30992,0.0,0.0,0.0
2021-02-22 00:00:00+02:00,8.503309408623956,8.62857485515737,8.267515957605726,8.4296236038208,19775,0.0,0.0,0.0
2021-02-23 00:00:00+02:00,8.429624028572109,8.363307644171622,8.120145459876655,8.223304748535156,18720,0.0,0.0,0.0
2021-02-24 00:00:00+02:00,8.223304885135526,8.621206711747892,8.215936163617528,8.414887428283691,43462,0.0,0.0,0.0
2021-02-25 00:00:00+02:00,8.414887200679587,8.562258113453671,8.238042105350685,8.326464653015137,46392,0.0,0.0,0.0
2021-02-28 00:00:00+02:00,8.326464673577865,8.260147586985767,7.795928683561025,8.061196327209473,30711,0.0,0.0,0.0
2021-03-01 00:00:00+02:00,8.061195941175963,8.156987205808427,7.810665752198647,7.913825035095215,41358,0.0,0.0,0.0
2021-03-02 00:00:00+02:00,7.9138252126564845,8.009616479438202,7.589609212004455,7.663294315338135,74455,0.0,0.0,0.0
2021-03-03 00:00:00+02:00,7.663294647889544,8.400149929521998,7.073810984759546,7.626452445983887,110900,0.0,0.0,0.0
2021-03-04 00:00:00+02:00,7.626452971134727,7.663295175577306,7.044337286669912,7.383290767669678,17890,0.0,0.0,0.0
2021-03-07 00:00:00+02:00,7.383289410892438,7.707505388360187,7.486448688726783,7.589608669281006,30351,0.0,0.0,0.0
2021-03-08 00:00:00+02:00,7.589609567466858,7.515923757962147,7.221181925383224,7.361184120178223,48170,0.0,0.0,0.0
2021-03-09 00:00:00+02:00,7.361184202313101,7.405395829053226,7.228550727532663,7.324341297149658,16490,0.0,0.0,0.0
2021-03-10 00:00:00+02:00,7.324341059478456,7.538029059228393,6.8895970413609575,7.3685526847839355,18374,0.0,0.0,0.0
2021-03-11 00:00:00+02:00,7.368553323716642,7.5527671568095585,7.294867509391474,7.383290767669678,14412,0.0,0.0,0.0
2021-03-14 00:00:00+02:00,7.383290767669678,7.368553323716642,7.368553323716642,7.383290767669678,500,0.0,0.0,0.0
2021-03-15 00:00:00+02:00,7.383290486993045,7.515923963928263,6.793806102961029,7.1327595710754395,17106,0.0,0.0,0.0
2021-03-16 00:00:00+02:00,7.13275909033183,7.405395450243118,6.815911105941987,7.199076175689697,32677,0.0,0.0,0.0
2021-03-17 00:00:00+02:00,7.199076175689698,7.088547465853274,7.081178744653527,7.199076175689697,2300,0.0,0.0,0.0
2021-03-18 00:00:00+02:00,7.19907654261099,7.51592384042992,7.294867112210223,7.412764549255371,24981,0.0,0.0,0.0
2021-03-21 00:00:00+02:00,7.412764819063063,7.368553190721935,6.948545883721182,7.169601917266846,11360,0.0,0.0,0.0
2021-03-22 00:00:00+02:00,7.169602000279288,7.036968519160206,6.454852838462012,6.749594688415527,12202,0.0,0.0,0.0
2021-03-23 00:00:00+02:00,6.7495941475825205,7.000125051328413,6.270638504105923,6.675909042358398,11540,0.0,0.0,0.0
2021-03-24 00:00:00+02:00,6.675909180016307,7.199076459591094,6.425378271104442,6.779068470001221,11554,0.0,0.0,0.0
2021-03-25 00:00:00+02:00,6.7790686284747315,6.631697708822667,6.101161695355261,6.255901336669922,45246,0.0,0.0,0.0
2021-03-28 00:00:00+02:00,6.255900828230032,6.874859343183659,6.594854267241784,6.830648422241211,31130,0.0,0.0,0.0
2021-03-29 00:00:00+02:00,6.830648422241211,7.14749569806182,6.911702245782312,6.830648422241211,2792,0.0,0.0,0.0
2021-03-30 00:00:00+02:00,6.830648866051622,7.258024877436258,6.705383410709231,6.985387802124023,19408,0.0,0.0,0.0
2021-03-31 00:00:00+02:00,6.985387802124023,7.4938183450360665,6.92643943522407,6.985387802124023,7070,0.0,0.0,0.0
2021-04-01 00:00:00+02:00,6.985387926504595,7.427501388846395,6.97801990755088,7.243287563323975,36900,0.0,0.0,0.0
2021-04-04 00:00:00+02:00,7.243287563323975,7.258025006671357,7.051705016127863,7.243287563323975,8961,0.0,0.0,0.0
2021-04-05 00:00:00+02:00,7.243287670798111,6.882228736069657,6.521169801341203,6.646435260772705,39910,0.0,0.0,0.0
2021-04-06 00:00:00+02:00,6.646434905271385,6.558011654044582,5.983264737390055,6.233795642852783,52110,0.0,0.0,0.0
2021-04-07 00:00:00+02:00,6.233795874402107,6.366430053448952,6.056950770819629,6.255901336669922,16918,0.0,0.0,0.0
2021-04-08 00:00:00+02:00,6.255901342316474,6.6169602714699165,6.049582054617362,6.278007507324219,34310,0.0,0.0,0.0
2021-04-11 00:00:00+02:00,6.278007507324219,6.543275162937364,6.292744247942739,6.278007507324219,3718,0.0,0.0,0.0
2021-04-12 00:00:00+02:00,6.2780078439160105,6.653803533836043,6.469589698548179,6.535906791687012,16300,0.0,0.0,0.0
2021-04-13 00:00:00+02:00,6.535906791687013,6.558012255159952,6.123268194165405,6.535906791687012,4751,0.0,0.0,0.0
2021-04-14 00:00:00+02:00,6.535906791687013,6.550644235815648,6.064319120370875,6.535906791687012,9550,0.0,0.0,0.0
2021-04-15 00:00:00+02:00,6.535906791687013,6.263270399787375,5.946422378221845,6.535906791687012,8000,0.0,0.0,0.0
2021-04-18 00:00:00+02:00,6.535906204614589,6.3295869243859295,6.042213114170335,6.101161479949951,24383,0.0,0.0,0.0
2021-04-19 00:00:00+02:00,6.101161301126672,6.535906013049068,6.219058029230387,6.351692199707031,22054,0.0,0.0,0.0
2021-04-20 00:00:00+02:00,6.351692995876944,6.484327182978975,6.307482068656279,6.3590617179870605,28050,0.0,0.0,0.0
2021-04-21 00:00:00+02:00,6.35906135923448,6.76433191706694,6.3295871751768455,6.594854831695557,32300,0.0,0.0,0.0
2021-04-22 00:00:00+02:00,6.594854496606751,6.889597024927018,6.720119948166875,6.786437034606934,12936,0.0,0.0,0.0
2021-04-25 00:00:00+02:00,6.786436954192037,7.000124950900192,6.808542415170139,6.823279857635498,12765,0.0,0.0,0.0
2021-04-26 00:00:00+02:00,6.823279857635498,6.801173693937461,6.46222094987343,6.823279857635498,6960,0.0,0.0,0.0
2021-04-27 00:00:00+02:00,6.823280251928738,7.022230817668185,6.631697705127807,6.860123157501221,55652,0.0,0.0,0.0
2021-04-28 00:00:00+02:00,6.860123090086067,6.852754368499989,6.6390663615434935,6.764331817626953,19360,0.0,0.0,0.0
2021-05-04 00:00:00+02:00,6.764332221425072,6.874860240934367,6.653803499195767,6.73485803604126,17853,0.0,0.0,0.0
2021-05-05 00:00:00+02:00,6.73485777630237,6.889597419279645,6.720120332818828,6.801174163818359,16280,0.0,0.0,0.0
2021-05-06 00:00:00+02:00,6.801174459856372,7.110653759281777,6.838017367448923,6.9411773681640625,36330,0.0,0.0,0.0
2021-05-09 00:00:00+02:00,6.941176487859968,7.147495760404107,6.9780193907799735,7.036967754364014,30890,0.0,0.0,0.0
2021-05-10 00:00:00+02:00,7.036967754364014,7.088547396820068,6.933807766731982,7.036967754364014,6265,0.0,0.0,0.0
2021-05-11 00:00:00+02:00,7.036967754364014,6.941176487859968,6.852753942483909,7.036967754364014,9145,0.0,0.0,0.0
2021-05-17 00:00:00+02:00,7.036968283512899,7.471713024676018,7.00012537782247,7.176970481872559,29232,0.0,0.0,0.0
2021-05-18 00:00:00+02:00,7.176970052866129,7.61908348928381,7.368552588828453,7.515923500061035,22860,0.0,0.0,0.0
2021-05-19 00:00:00+02:00,7.51592425600651,7.663295182061538,7.0001256634539075,7.294867515563965,40913,0.0,0.0,0.0
2021-05-20 00:00:00+02:00,7.294866725568713,7.611714709314079,7.036967808581496,7.309604167938232,48921,0.0,0.0,0.0
2021-05-23 00:00:00+02:00,7.309604273244642,8.039090815766935,7.38329008071394,7.788559913635254,126283,0.0,0.0,0.0
2021-05-24 00:00:00+02:00,7.788560185280078,8.400150019358117,7.884351457243139,8.171725273132324,181963,0.0,0.0,0.0
2021-05-25 00:00:00+02:00,8.17172515295742,8.17172515295742,7.55276660643398,7.869614601135254,65395,0.0,0.0,0.0
2021-05-26 00:00:00+02:00,7.869614369505325,8.282252919895607,7.221181659029238,7.692768573760986,206381,0.0,0.0,0.0
2021-05-27 00:00:00+02:00,7.692769101497104,8.459098593227544,7.82540328172429,8.370676040649414,396005,0.0,0.0,0.0
2021-05-30 00:00:00+02:00,8.37067557548739,8.5843635746898,8.127513393730165,8.326464653015137,202847,0.0,0.0,0.0
2021-05-31 00:00:00+02:00,8.326464415560745,8.451729863526378,8.105407701343749,8.215935707092285,87498,0.0,0.0,0.0
2021-06-01 00:00:00+02:00,8.215936005191793,8.658049449667025,8.134882178216646,8.48857307434082,187042,0.0,0.0,0.0
2021-06-02 00:00:00+02:00,8.488573293023306,8.879106400648034,8.105408204244352,8.554889678955078,289082,0.0,0.0,0.0
2021-06-03 00:00:00+02:00,8.554888832625478,8.319095387608378,7.744348514019251,8.120144844055176,134247,0.0,0.0,0.0
2021-06-06 00:00:00+02:00,8.120144599191002,8.215935156300699,7.751717001101826,8.009615898132324,71570,0.0,0.0,0.0
2021-06-07 00:00:00+02:00,8.009616838947702,8.355939018592347,8.031722300668012,8.142251014709473,69123,0.0,0.0,0.0
2021-06-08 00:00:00+02:00,8.142251124751821,8.105408219573402,7.82540312402538,7.928563117980957,37736,0.0,0.0,0.0
2021-06-09 00:00:00+02:00,7.928564178076749,8.385414436300792,7.884352545407298,8.098040580749512,43229,0.0,0.0,0.0
2021-06-10 00:00:00+02:00,8.098039014401381,8.098039014401381,7.818033935574483,7.862245559692383,16543,0.0,0.0,0.0
2021-06-13 00:00:00+02:00,7.862245975244349,8.039091075623087,7.552766698221575,7.700137615203857,38068,0.0,0.0,0.0
2021-06-14 00:00:00+02:00,7.700137615203857,7.626452508072698,7.331709971388171,7.700137615203857,7705,0.0,0.0,0.0
2021-06-15 00:00:00+02:00,7.700137552600703,7.810666266478774,7.118021908213396,7.538029193878174,22157,0.0,0.0,0.0
2021-06-16 00:00:00+02:00,7.538028412291505,7.58960875450777,7.294866250780158,7.442237854003906,50781,0.0,0.0,0.0
2021-06-17 00:00:00+02:00,7.442239373132008,8.024355075985063,7.633821231533246,7.744349956512451,33063,0.0,0.0,0.0
2021-06-20 00:00:00+02:00,7.744349956512451,7.744349956512451,7.560136117600471,7.744349956512451,4871,0.0,0.0,0.0
2021-06-21 00:00:00+02:00,7.744349998056513,8.09804023335925,7.759086739834111,7.884352207183838,17325,0.0,0.0,0.0
2021-06-22 00:00:00+02:00,7.884351543281987,7.994880259547045,7.3685529755383,7.552766799926758,58524,0.0,0.0,0.0
2021-06-23 00:00:00+02:00,7.552766777233655,8.075934065033762,7.62645258785563,7.751718044281006,23595,0.0,0.0,0.0
2021-06-24 00:00:00+02:00,7.751717485962864,7.736980043811946,7.58960913590237,7.633820056915283,11229,0.0,0.0,0.0
2021-06-27 00:00:00+02:00,7.633819648846687,8.392781013770314,7.958036331636556,8.282252311706543,107646,0.0,0.0,0.0
2021-06-28 00:00:00+02:00,8.28225239035275,8.842262518511236,8.260146930818042,8.576994895935059,117441,0.0,0.0,0.0
2021-06-29 00:00:00+02:00,8.57699517317094,9.431747131820158,7.958036664433256,9.1812162399292,367332,0.0,0.0,0.0
2021-06-30 00:00:00+02:00,9.181217394834427,10.013863997973022,9.520170873079165,9.785438537597656,296302,0.0,0.0,0.0
2021-07-04 00:00:00+02:00,9.785438929126121,10.058075326469782,9.431748695616514,9.822281837463379,280705,0.0,0.0,0.0
2021-07-05 00:00:00+02:00,9.822280762188495,9.888597849391621,9.026477121190894,9.520170211791992,178239,0.0,0.0,0.0
2021-07-06 00:00:00+02:00,9.520171430099046,9.358063052048431,8.893844084939882,9.092795372009277,68458,0.0,0.0,0.0
2021-07-07 00:00:00+02:00,9.092795052655369,9.32858853774205,8.9970037736589,9.085426330566406,98449,0.0,0.0,0.0
2021-07-08 00:00:00+02:00,9.085425470061786,9.991757822282619,8.842263285916674,9.630698204040527,698382,0.0,0.0,0.0
2021-07-11 00:00:00+02:00,9.630698709370456,10.581242034373417,9.461222324803412,9.991758346557617,435771,0.0,0.0,0.0
2021-07-12 00:00:00+02:00,9.99175891774478,9.837019265167315,9.358062863037057,9.54964542388916,117920,0.0,0.0,0.0
2021-07-13 00:00:00+02:00,9.549644906276157,9.910703841813328,9.085425973705512,9.3433256149292,320069,0.0,0.0,0.0
2021-07-14 00:00:00+02:00,9.343325736744568,9.866493045092378,9.313851551882156,9.512802124023438,209146,0.0,0.0,0.0
2021-07-15 00:00:00+02:00,9.512802490268223,10.094918190752427,9.232797371935057,9.682279586791992,500391,0.0,0.0,0.0
2021-07-18 00:00:00+02:00,9.682278749101675,10.286499861127819,9.704384211007032,9.984389305114746,177677,0.0,0.0,0.0
2021-07-25 00:00:00+02:00,9.984388959410431,10.559135868089129,9.918071873270593,10.220182418823242,151168,0.0,0.0,0.0
2021-07-26 00:00:00+02:00,10.220182808329337,9.947546434812718,9.461222054879292,9.741227149963379,136081,0.0,0.0,0.0
2021-07-27 00:00:00+02:00,9.741226857378443,9.763332318696927,9.29174469334295,9.49069595336914,164157,0.0,0.0,0.0
2021-07-28 00:00:00+02:00,9.490695943065178,9.822280673362219,9.439116299138067,9.623330116271973,183730,0.0,0.0,0.0
2021-07-29 00:00:00+02:00,9.62333124043844,9.800176356892676,9.409643215709563,9.54964542388916,80155,0.0,0.0,0.0
2021-08-01 00:00:00+02:00,9.549645398444696,10.021233077119504,9.284377724470131,9.682279586791992,155631,0.0,0.0,0.0
2021-08-02 00:00:00+02:00,9.682277995819184,9.925440166019948,9.232795854820269,9.534906387329102,102697,0.0,0.0,0.0
2021-08-03 00:00:00+02:00,9.5349069463717,9.225428377469205,8.621206574305408,8.871737480163574,107675,0.0,0.0,0.0
2021-08-04 00:00:00+02:00,8.871737704549309,9.350693364177912,8.7685777104927,8.960160255432129,46021,0.0,0.0,0.0
2021-08-05 00:00:00+02:00,8.960161321129243,9.284378082314344,8.989635508262431,9.15174388885498,42241,0.0,0.0,0.0
2021-08-08 00:00:00+02:00,9.15174388885498,9.15174388885498,9.15174388885498,9.15174388885498,0,0.0,0.0,0.0
2021-08-09 00:00:00+02:00,9.15174388885498,9.15174388885498,9.15174388885498,9.15174388885498,0,0.0,0.0,0.0
2021-08-10 00:00:00+02:00,10.07281106798682,9.859123079020776,9.431747101088686,9.667540550231934,84853,0.0,0.0,0.0
2021-08-11 00:00:00+02:00,9.667541450358765,10.315974198596972,9.660172728706973,10.04333782196045,192771,0.0,0.0,0.0
2021-08-15 00:00:00+02:00,10.043337037403441,11.045459914004958,10.610715208589914,10.993880271911621,368371,0.0,0.0,0.0
2021-08-16 00:00:00+02:00,10.993880743112156,11.568627660008595,10.684401471847929,11.060197830200195,317964,0.0,0.0,0.0
2021-08-17 00:00:00+02:00,11.060198609539436,11.200200812252595,10.397028394649745,10.72861385345459,101827,0.0,0.0,0.0
2021-08-18 00:00:00+02:00,10.728613259550453,10.610715823657404,10.094917264665163,10.338079452514648,163363,0.0,0.0,0.0
2021-08-19 00:00:00+02:00,10.338078819231283,10.684400978752421,10.10228536732919,10.345447540283203,116694,0.0,0.0,0.0
2021-08-22 00:00:00+02:00,10.345447722694766,10.308604819505469,9.8738601078556,10.028599739074707,81572,0.0,0.0,0.0
2021-08-23 00:00:00+02:00,10.028599656022958,10.279130552371498,9.89596618944779,10.131759643554688,68860,0.0,0.0,0.0
2021-08-24 00:00:00+02:00,10.13175998536181,10.094917081234687,9.726489445403349,9.873860359191895,90646,0.0,0.0,0.0
2021-08-25 00:00:00+02:00,9.873860548455253,9.932808915100601,9.542275810395182,9.711752891540527,78635,0.0,0.0,0.0
2021-08-26 00:00:00+02:00,9.711753743472975,10.07281269652846,9.321219901789267,9.792807579040527,78803,0.0,0.0,0.0
2021-08-29 00:00:00+02:00,9.79280723157635,9.697015955093512,9.358062477815775,9.512802124023438,23368,0.0,0.0,0.0
2021-08-30 00:00:00+02:00,9.512802461552594,10.021233046869112,9.579119555526054,9.792807579040527,95841,0.0,0.0,0.0
2021-08-31 00:00:00+02:00,9.792806627312991,10.76545537047547,9.792806627312991,10.441239356994629,198319,0.0,0.0,0.0
2021-09-01 00:00:00+02:00,10.441239639576947,11.155989476130959,10.315974182570987,10.691770553588867,107082,0.0,0.0,0.0
2021-09-02 00:00:00+02:00,10.69177101558278,10.654928108509042,10.242288814179174,10.35281753540039,96674,0.0,0.0,0.0
2021-09-05 00:00:00+02:00,10.352817001213419,10.713875925922052,8.481204586183404,9.608592987060547,58763,0.0,0.0,0.0
2021-09-06 00:00:00+02:00,9.608592871294874,9.579118688055809,8.554889590738348,8.658049583435059,38560,0.0,0.0,0.0
2021-09-07 00:00:00+02:00,8.658050127361168,9.866493121520993,8.893843608086987,9.159111976623535,26150,0.0,0.0,0.0
2021-09-08 00:00:00+02:00,9.1591109943335,9.763332075252322,9.232796097797786,9.380167007446289,10763,0.0,0.0,0.0
2021-09-09 00:00:00+02:00,9.380168527576588,10.139130065021952,9.328588876520705,9.365431785583496,108049,0.0,0.0,0.0
2021-09-12 00:00:00+02:00,9.36543081699128,9.726489742481085,9.210691177107082,9.498064994812012,34650,0.0,0.0,0.0
2021-09-13 00:00:00+02:00,9.498064685319555,9.571749790703416,9.269639242373708,9.358061790466309,40050,0.0,0.0,0.0
2021-09-14 00:00:00+02:00,9.35806242963672,9.682279164174052,9.06332058253005,9.37279987335205,25435,0.0,0.0,0.0
2021-09-15 00:00:00+02:00,9.37279987335205,9.571750444469055,8.901212215261383,9.37279987335205,7450,0.0,0.0,0.0
2021-09-16 00:00:00+02:00,9.37279987335205,9.431748242773384,8.820158382987048,9.37279987335205,7400,0.0,0.0,0.0
2021-09-19 00:00:00+02:00,9.37279987335205,9.173848599515052,8.584364202581718,9.37279987335205,21704,0.0,0.0,0.0
2021-09-20 00:00:00+02:00,9.372799650068009,8.842263635194731,7.759086143121783,8.230673789978027,32671,0.0,0.0,0.0
2021-09-21 00:00:00+02:00,8.230673789978027,8.584363998080228,7.73698068079539,8.230673789978027,21896,0.0,0.0,0.0
2021-09-22 00:00:00+02:00,8.230673789978027,8.42962435635552,8.105408332261836,8.230673789978027,4700,0.0,0.0,0.0
2021-09-23 00:00:00+02:00,8.230673737289319,9.08542577078458,8.105408280375016,8.606470108032227,32076,0.0,0.0,0.0
2021-09-26 00:00:00+02:00,8.606470108032227,8.989634497690114,8.58436394312737,8.606470108032227,16100,0.0,0.0,0.0
2021-09-27 00:00:00+02:00,8.606470233374191,9.188585899333713,8.716998248628284,8.775946617126465,42195,0.0,0.0,0.0
2021-09-28 00:00:00+02:00,8.775946617126465,8.775946617126465,8.775946617126465,8.775946617126465,0,0.0,0.0,0.0
2021-09-29 00:00:00+02:00,8.775946617126465,8.775946617126465,8.775946617126465,8.775946617126465,0,0.0,0.0,0.0
2021-09-30 00:00:00+02:00,8.775946617126465,8.827526263882378,8.473836052893292,8.775946617126465,776,0.0,0.0,0.0
2021-10-03 00:00:00+02:00,8.775946617126465,8.842263707366914,8.48857349637783,8.775946617126465,16269,0.0,0.0,0.0
2021-10-04 00:00:00+02:00,8.775946617126465,8.658049880130104,8.149620026153299,8.775946617126465,5607,0.0,0.0,0.0
2021-10-05 00:00:00+02:00,8.775946617126465,8.768577895384196,8.031722586436954,8.775946617126465,16928,0.0,0.0,0.0
2021-10-06 00:00:00+02:00,8.775946617126465,8.466467331151025,8.179094210402388,8.775946617126465,8000,0.0,0.0,0.0
2021-10-10 00:00:00+02:00,8.775946617126465,8.473836052893292,8.127513860926493,8.775946617126465,14185,0.0,0.0,0.0
2021-10-11 00:00:00+02:00,8.775946617126465,8.304359669141018,8.14225130441103,8.775946617126465,5126,0.0,0.0,0.0
2021-10-12 00:00:00+02:00,8.775946617126465,8.355939315896931,8.156988045175584,8.775946617126465,4234,0.0,0.0,0.0
2021-10-13 00:00:00+02:00,8.775946617126465,8.348570594154662,8.319096409905573,8.775946617126465,8005,0.0,0.0,0.0
2021-10-14 00:00:00+02:00,8.775946617126465,8.45173059038647,8.11277712016194,8.775946617126465,5706,0.0,0.0,0.0
2021-10-17 00:00:00+02:00,8.775946617126465,8.149620026153299,8.105408398419671,8.775946617126465,4081,0.0,0.0,0.0
2021-10-18 00:00:00+02:00,8.775946617126465,8.775946617126465,8.775946617126465,8.775946617126465,0,0.0,0.0,0.0
2021-10-19 00:00:00+02:00,8.444361686706543,8.37067587631142,7.022230746208436,8.444361686706543,17126,0.0,0.0,0.0
2021-10-20 00:00:00+02:00,8.444361686706543,7.8032976660608595,6.756963093681936,8.444361686706543,29691,0.0,0.0,0.0
2021-10-24 00:00:00+02:00,8.444361686706543,7.9506685841311375,7.442238741108687,8.444361686706543,18883,0.0,0.0,0.0
2021-10-25 00:00:00+02:00,8.444361686706543,7.530661291950854,7.036968189375448,8.444361686706543,5258,0.0,0.0,0.0
2021-10-26 00:00:00+02:00,8.444361686706543,7.589609659178965,7.036968189375448,8.444361686706543,25275,0.0,0.0,0.0
2021-10-27 00:00:00+02:00,8.444361686706543,7.501187108336798,6.764331815265442,8.444361686706543,22886,0.0,0.0,0.0
2021-10-28 00:00:00+02:00,8.444361686706543,7.64118930482357,7.081179113436547,8.444361686706543,19024,0.0,0.0,0.0
2021-10-31 00:00:00+02:00,8.444361686706543,7.368552930713564,7.118022018634108,8.444361686706543,3601,0.0,0.0,0.0
2021-11-01 00:00:00+02:00,8.444361686706543,7.368552930713564,7.073811094573009,8.444361686706543,2125,0.0,0.0,0.0
2021-11-02 00:00:00+02:00,8.444361686706543,7.442238741108687,7.199076550612737,8.444361686706543,11172,0.0,0.0,0.0
2021-11-03 00:00:00+02:00,8.444361686706543,8.444361686706543,6.9264394737827635,8.444361686706543,27214,0.0,0.0,0.0
2021-11-04 00:00:00+02:00,8.444361686706543,7.000125284177886,6.808542739326541,8.444361686706543,5122,0.0,0.0,0.0
2021-11-07 00:00:00+02:00,8.444361686706543,8.444361686706543,8.444361686706543,8.444361686706543,0,0.0,0.0,0.0
2021-11-08 00:00:00+02:00,8.444361686706543,8.444361686706543,8.444361686706543,8.444361686706543,0,0.0,0.0,0.0
2021-11-09 00:00:00+02:00,8.444361686706543,8.444361686706543,8.444361686706543,8.444361686706543,0,0.0,0.0,0.0
2021-11-10 00:00:00+02:00,8.444361686706543,8.444361686706543,6.8674911065546524,8.444361686706543,15636,0.0,0.0,0.0
2021-11-11 00:00:00+02:00,8.44436138575021,8.44436138575021,7.10328502502658,7.479080677032471,66710,0.0,0.0,0.0
2021-11-14 00:00:00+02:00,7.479080677032471,7.368552668098963,7.2211817552809725,7.479080677032471,10624,0.0,0.0,0.0
2021-11-15 00:00:00+02:00,7.479080677032471,7.479080677032471,6.720119948979861,7.479080677032471,17114,0.0,0.0,0.0
2021-11-16 00:00:00+02:00,7.479080677032471,6.734857391621632,6.042213047297161,7.479080677032471,15542,0.0,0.0,0.0
2021-11-17 00:00:00+02:00,7.479080677032471,7.000125034694015,6.115898855066128,7.479080677032471,19260,0.0,0.0,0.0
2021-11-18 00:00:00+02:00,7.479080677032471,6.705383209058033,6.300112671768602,7.479080677032471,5779,0.0,0.0,0.0
2021-11-21 00:00:00+02:00,7.479080677032471,6.572749036161871,6.160109777551554,7.479080677032471,28050,0.0,0.0,0.0
2021-11-22 00:00:00+02:00,7.479080677032471,6.263269767884119,6.049581768618046,7.479080677032471,17970,0.0,0.0,0.0
2021-11-23 00:00:00+02:00,7.479080410706368,6.992756064364781,6.535905899537231,6.742225170135498,72856,0.0,0.0,0.0
2021-11-24 00:00:00+02:00,6.742225170135498,6.978019324967721,6.639065886196323,6.742225170135498,11260,0.0,0.0,0.0
2021-11-25 00:00:00+02:00,6.742225945976338,7.132759774376715,6.712751761070649,6.882228851318359,36605,0.0,0.0,0.0
2021-11-28 00:00:00+02:00,6.882228851318359,6.882228851318359,6.882228851318359,6.882228851318359,0,0.0,0.0,0.0
2021-11-29 00:00:00+02:00,6.882227909168839,7.081178454366705,6.4401144933870675,6.705382823944092,54583,0.0,0.0,0.0
2021-11-30 00:00:00+02:00,6.705383389408463,6.867491046508388,6.418009574644113,6.6022233963012695,40366,0.0,0.0,0.0
2021-12-01 00:00:00+02:00,6.6022234563330695,6.867491108952178,6.594854734746991,6.764331817626953,69974,0.0,0.0,0.0
2021-12-02 00:00:00+02:00,6.764331685128303,6.852754234269332,6.4990633349852605,6.506432056427002,64590,0.0,0.0,0.0
2021-12-05 00:00:00+02:00,6.50643188421372,6.742225342348779,6.528537345233898,6.62432861328125,44797,0.0,0.0,0.0
2021-12-06 00:00:00+02:00,6.62432861328125,6.779068245862367,6.543274787727307,6.62432861328125,21297,0.0,0.0,0.0
2021-12-07 00:00:00+02:00,6.62432861328125,6.779068245862367,6.3516922516326035,6.62432861328125,24610,0.0,0.0,0.0
2021-12-08 00:00:00+02:00,6.62432861328125,6.5874857097676625,6.2632697048319566,6.62432861328125,5811,0.0,0.0,0.0
2021-12-09 00:00:00+02:00,6.624328788615041,6.698014597592542,6.189584061631681,6.506432056427002,51082,0.0,0.0,0.0
2021-12-12 00:00:00+02:00,6.506432056427002,6.698014597592542,6.322218236703202,6.506432056427002,17721,0.0,0.0,0.0
2021-12-13 00:00:00+02:00,6.506432056427002,6.631697510056782,6.4843265948217335,6.506432056427002,10617,0.0,0.0,0.0
2021-12-14 00:00:00+02:00,6.506432056427002,6.506432056427002,6.506432056427002,6.506432056427002,0,0.0,0.0,0.0
2021-12-15 00:00:00+02:00,6.506432056427002,6.521169499310484,6.292744053656192,6.506432056427002,5939,0.0,0.0,0.0
2021-12-16 00:00:00+02:00,6.506432056427002,6.639066231498523,6.403272064402491,6.506432056427002,4200,0.0,0.0,0.0
2021-12-19 00:00:00+02:00,6.506432056427002,6.624328788615041,6.440114968891241,6.506432056427002,8371,0.0,0.0,0.0
2021-12-20 00:00:00+02:00,6.506432056427002,6.506432056427002,6.506432056427002,6.506432056427002,0,0.0,0.0,0.0
2021-12-21 00:00:00+02:00,6.506432056427002,6.535906239474011,6.410640785844231,6.506432056427002,5800,0.0,0.0,0.0
2021-12-22 00:00:00+02:00,6.506432183873955,6.91170273574868,6.410640911414841,6.764331817626953,67801,0.0,0.0,0.0
2021-12-23 00:00:00+02:00,6.764331817626953,6.889597273710413,6.653803101995682,6.764331817626953,29479,0.0,0.0,0.0
2021-12-26 00:00:00+02:00,6.764331817626953,6.852754368499989,6.631697639957415,6.764331817626953,23462,0.0,0.0,0.0
2021-12-27 00:00:00+02:00,6.764331817626953,6.756963096040875,6.565380551122646,6.764331817626953,13690,0.0,0.0,0.0
2021-12-28 00:00:00+02:00,6.764331590259312,7.000125051328413,6.558011609103904,6.675909042358398,59679,0.0,0.0,0.0
2021-12-29 00:00:00+02:00,6.675909042358398,6.661171599681608,6.63169741704797,6.675909042358398,3705,0.0,0.0,0.0
2021-12-30 00:00:00+02:00,6.675909042358398,6.779068330216158,6.58011777311909,6.675909042358398,11242,0.0,0.0,0.0
2022-01-02 00:00:00+02:00,6.675909042358398,6.639066138386366,6.63169741704797,6.675909042358398,7790,0.0,0.0,0.0
2022-01-03 00:00:00+02:00,6.675909042358398,6.675909042358398,6.63169741704797,6.675909042358398,9610,0.0,0.0,0.0
2022-01-04 00:00:00+02:00,6.675908942509113,7.000124946629939,6.712751143210165,6.889596939086914,46332,0.0,0.0,0.0
2022-01-05 00:00:00+02:00,6.889597078329981,7.073810896438056,6.889597078329981,6.992756366729736,31845,0.0,0.0,0.0
2022-01-09 00:00:00+02:00,6.992756366729736,6.992756366729736,6.992756366729736,6.992756366729736,0,0.0,0.0,0.0
2022-01-10 00:00:00+02:00,6.992756366729736,6.889597078329981,6.749594183044673,6.992756366729736,15100,0.0,0.0,0.0
2022-01-11 00:00:00+02:00,6.992756366729736,6.749594183044673,6.491695259325337,6.992756366729736,16726,0.0,0.0,0.0
2022-01-12 00:00:00+02:00,6.992756366729736,6.852754174164376,6.535906182148104,6.992756366729736,31058,0.0,0.0,0.0
2022-01-13 00:00:00+02:00,6.992756366729736,6.594854547725093,6.558011643559488,6.992756366729736,501,0.0,0.0,0.0
2022-01-16 00:00:00+02:00,6.992756366729736,6.992756366729736,6.992756366729736,6.992756366729736,0,0.0,0.0,0.0
2022-01-17 00:00:00+02:00,6.992756366729736,6.756962904421783,6.528537460770994,6.992756366729736,2260,0.0,0.0,0.0
2022-01-18 00:00:00+02:00,6.992756366729736,6.779068365833167,6.425378172371238,6.992756366729736,5286,0.0,0.0,0.0
2022-01-19 00:00:00+02:00,6.992756366729736,6.764331625798894,6.5653803649365985,6.992756366729736,8900,0.0,0.0,0.0
2022-01-20 00:00:00+02:00,6.992756366729736,6.594854547725093,6.5653803649365985,6.992756366729736,2500,0.0,0.0,0.0
2022-01-23 00:00:00+02:00,6.992756366729736,6.992756366729736,6.992756366729736,6.992756366729736,0,0.0,0.0,0.0
2022-01-24 00:00:00+02:00,6.992756366729736,6.838016731410155,6.558011643559488,6.992756366729736,4700,0.0,0.0,0.0
2022-01-25 00:00:00+02:00,6.992756366729736,6.639066173267808,6.631697451890696,6.992756366729736,2000,0.0,0.0,0.0
2022-01-26 00:00:00+02:00,6.992756366729736,6.50643199935961,6.4401149124055115,6.992756366729736,3515,0.0,0.0,0.0
2022-01-30 00:00:00+02:00,6.992756366729736,6.484326537948227,6.484326537948227,6.992756366729736,1000,0.0,0.0,0.0
2022-01-31 00:00:00+02:00,6.992756366729736,6.992756366729736,6.992756366729736,6.992756366729736,0,0.0,0.0,0.0
2022-02-01 00:00:00+02:00,6.992756366729736,6.631697451890696,6.418009450994128,6.992756366729736,1700,0.0,0.0,0.0
2022-02-02 00:00:00+02:00,6.992756366729736,6.631697451890696,6.484326537948227,6.992756366729736,4210,0.0,0.0,0.0
2022-02-03 00:00:00+02:00,6.992756522627909,6.764331776604512,6.469589239428562,6.491695404052734,48389,0.0,0.0,0.0
2022-02-06 00:00:00+02:00,6.49169538439496,6.705383389408463,6.484326662875883,6.6022233963012695,39885,0.0,0.0,0.0
2022-02-07 00:00:00+02:00,6.6022233963012695,6.580117934464,6.484326662875883,6.6022233963012695,11482,0.0,0.0,0.0
2022-02-08 00:00:00+02:00,6.6022233963012695,6.624328858138539,6.484326662875883,6.6022233963012695,3300,0.0,0.0,0.0
2022-02-09 00:00:00+02:00,6.6022233963012695,6.462221201038614,6.373797948249613,6.6022233963012695,15645,0.0,0.0,0.0
2022-02-10 00:00:00+02:00,6.60222355338996,6.698014827257268,6.373798099903309,6.594854831695557,42065,0.0,0.0,0.0
2022-02-13 00:00:00+02:00,6.594854831695557,6.484326817159422,5.30535804941408,6.594854831695557,34358,0.0,0.0,0.0
2022-02-14 00:00:00+02:00,6.594854831695557,5.968528244790827,5.430623507339022,6.594854831695557,12500,0.0,0.0,0.0
2022-02-15 00:00:00+02:00,6.594854831695557,5.894842433286751,5.379043860918156,6.594854831695557,15785,0.0,0.0,0.0
2022-02-16 00:00:00+02:00,6.594854831695557,6.219058457920732,5.894842433286751,6.594854831695557,19343,0.0,0.0,0.0
2022-02-17 00:00:00+02:00,6.5948549279773125,5.83589415037277,5.526414861889366,5.592731952667236,83360,0.0,0.0,0.0
2022-02-20 00:00:00+02:00,5.5927317483429935,5.600100118515787,5.268515379460503,5.305357933044434,74310,0.0,0.0,0.0
2022-02-21 00:00:00+02:00,5.305357626178336,5.3790434318041145,5.1579867176467,5.187460899353027,56460,0.0,0.0,0.0
2022-02-22 00:00:00+02:00,5.187460899353027,5.290620535325172,5.084301263380882,5.187460899353027,14801,0.0,0.0,0.0
2022-02-23 00:00:00+02:00,5.187460899353027,5.305357626178336,5.010615809115064,5.187460899353027,8893,0.0,0.0,0.0
2022-02-24 00:00:00+02:00,5.187460899353027,5.084301263380882,4.575871101906798,5.187460899353027,19353,0.0,0.0,0.0
2022-02-27 00:00:00+02:00,5.187460899353027,5.342200528991225,4.686399458985505,5.187460899353027,32906,0.0,0.0,0.0
2022-02-28 00:00:00+02:00,5.187460899353027,5.297989256431734,4.900087452036357,5.187460899353027,22170,0.0,0.0,0.0
2022-03-01 00:00:00+02:00,5.187460899353027,5.128512535940373,4.833770367517141,5.187460899353027,11730,0.0,0.0,0.0
2022-03-02 00:00:00+02:00,5.187460899353027,5.0621954514211565,4.91482454288952,5.187460899353027,5880,0.0,0.0,0.0
2022-03-03 00:00:00+02:00,5.187460899353027,5.268515074725407,5.084301263380882,5.187460899353027,12550,0.0,0.0,0.0
2022-03-06 00:00:00+02:00,5.187460899353027,5.23904089301908,5.143249626793536,5.187460899353027,13565,0.0,0.0,0.0
2022-03-07 00:00:00+02:00,5.187460899353027,5.2611463536188445,4.944298724595848,5.187460899353027,18790,0.0,0.0,0.0
2022-03-08 00:00:00+02:00,5.187460899353027,5.187460899353027,5.187460899353027,5.187460899353027,0,0.0,0.0,0.0
2022-03-09 00:00:00+02:00,5.187460899353027,5.342200528991225,4.900087452036357,5.187460899353027,23100,0.0,0.0,0.0
2022-03-10 00:00:00+02:00,5.187460899353027,4.951667094342449,4.944298724595848,5.187460899353027,2981,0.0,0.0,0.0
2022-03-13 00:00:00+02:00,5.187460899353027,5.334831807884663,4.936930003489286,5.187460899353027,32248,0.0,0.0,0.0
2022-03-14 00:00:00+02:00,5.187460899353027,5.187460899353027,5.187460899353027,5.187460899353027,157,0.0,0.0,0.0
2022-03-15 00:00:00+02:00,5.187460899353027,5.084301263380882,4.936930003489286,5.187460899353027,4899,0.0,0.0,0.0
2022-03-16 00:00:00+02:00,5.187461127073151,5.673785497936266,5.157986944072961,5.600100040435791,122785,0.0,0.0,0.0
2022-03-17 00:00:00+02:00,5.600100417561228,5.887473896845553,5.415886585724608,5.489572048187256,47779,0.0,0.0,0.0
2022-03-20 00:00:00+02:00,5.489572048187256,5.577994954502433,5.202198568902929,5.489572048187256,26109,0.0,0.0,0.0
2022-03-21 00:00:00+02:00,5.489571955599439,5.747471596908938,5.504309047843411,5.592731952667236,66604,0.0,0.0,0.0
2022-03-22 00:00:00+02:00,5.592731724365046,6.558011753981276,5.460097548223595,6.064318656921387,178834,0.0,0.0,0.0
2022-03-23 00:00:00+02:00,6.0643184953695775,6.484326474388619,6.101161399174047,6.138004302978516,90044,0.0,0.0,0.0
2022-03-24 00:00:00+02:00,6.138004302978516,6.403271945474799,6.049581755479755,6.138004302978516,30869,0.0,0.0,0.0
2022-03-27 00:00:00+02:00,6.138004302978516,6.403271945474799,6.056950476784637,6.138004302978516,32706,0.0,0.0,0.0
2022-03-28 00:00:00+02:00,6.138004585437356,6.476958051140546,6.115899123225401,6.388535499572754,106007,0.0,0.0,0.0
2022-03-29 00:00:00+02:00,6.388535668545229,7.456975739982206,6.233796023528839,7.258025169372559,212900,0.0,0.0,0.0
2022-03-30 00:00:00+02:00,7.258024629648099,8.289621717898617,7.12539045729134,7.788559913635254,359285,0.0,0.0,0.0
2022-03-31 00:00:00+02:00,7.788560286571807,7.994880276277001,7.316973344891302,7.420132637023926,48338,0.0,0.0,0.0
2022-04-03 00:00:00+02:00,7.4201324866940075,7.501187017693181,7.243287387146653,7.361184120178223,34844,0.0,0.0,0.0
2022-04-04 00:00:00+02:00,7.361184120178223,7.442238651177396,7.0885477493627285,7.361184120178223,14845,0.0,0.0,0.0
2022-04-05 00:00:00+02:00,7.361184120178223,7.258024830135579,6.749594290536987,7.361184120178223,9386,0.0,0.0,0.0
2022-04-06 00:00:00+02:00,7.361184200948129,7.729611847074302,7.140127472728432,7.412764549255371,71228,0.0,0.0,0.0
2022-04-07 00:00:00+02:00,7.412764587611893,7.736980608683758,7.176970415021474,7.68540096282959,41898,0.0,0.0,0.0
2022-04-10 00:00:00+02:00,7.685400515721815,7.884351068670815,7.176969997492279,7.309604167938232,30232,0.0,0.0,0.0
2022-04-11 00:00:00+02:00,7.309604933826558,7.49381876642759,6.8527547133023985,7.022231101989746,53130,0.0,0.0,0.0
2022-04-12 00:00:00+02:00,7.022231101989746,7.265393304805508,6.889597620366605,7.022231101989746,13543,0.0,0.0,0.0
2022-04-13 00:00:00+02:00,7.022231101989746,7.37592202599813,6.4769583261434915,7.022231101989746,28764,0.0,0.0,0.0
2022-04-14 00:00:00+02:00,7.022231101989746,7.368553304041288,7.000125638839223,7.022231101989746,9714,0.0,0.0,0.0
2022-04-17 00:00:00+02:00,7.022231101989746,7.007494360796065,5.968528457361445,7.022231101989746,24242,0.0,0.0,0.0
2022-04-18 00:00:00+02:00,7.022231101989746,6.955914009818174,6.0422135687698555,7.022231101989746,19164,0.0,0.0,0.0
2022-04-19 00:00:00+02:00,7.022231101989746,7.036968545903431,6.668540880701366,7.022231101989746,21560,0.0,0.0,0.0
2022-04-20 00:00:00+02:00,7.0222307131560004,7.132759428228445,6.381166695527694,7.00749397277832,34028,0.0,0.0,0.0
2022-04-21 00:00:00+02:00,7.007493972778319,7.294867085982753,6.815911428828721,7.00749397277832,19405,0.0,0.0,0.0
2022-04-26 00:00:00+02:00,7.007494070583727,7.405395904414223,6.8748598917335695,7.35381555557251,30420,0.0,0.0,0.0
2022-04-27 00:00:00+02:00,7.35381555557251,7.405395904414223,7.140127546713909,7.35381555557251,6500,0.0,0.0,0.0
2022-04-28 00:00:00+02:00,7.353815824393709,8.105408595059359,7.368553268235781,8.075934410095215,51796,0.0,0.0,0.0
2022-05-08 00:00:00+02:00,8.075934126852847,8.473835961273409,7.93593192886338,8.341201782226562,44320,0.0,0.0,0.0
2022-05-09 00:00:00+02:00,8.34120153623015,8.473835711365384,7.73698043211622,7.803297519683838,51620,0.0,0.0,0.0
2022-05-10 00:00:00+02:00,7.803297519683838,8.024354244002577,7.626452421316827,7.803297519683838,13705,0.0,0.0,0.0
2022-05-11 00:00:00+02:00,7.8032980487109,8.4738362858518,7.736980956647295,8.348570823669434,92451,0.0,0.0,0.0
2022-05-12 00:00:00+02:00,8.348570072822081,8.407518437639188,7.88435117284741,7.921194076538086,32854,0.0,0.0,0.0
2022-05-15 00:00:00+02:00,7.921194076538086,8.230673343187867,7.810666068185996,7.921194076538086,9922,0.0,0.0,0.0
2022-05-16 00:00:00+02:00,7.921194076538086,8.098039170989408,7.736980260804643,7.921194076538086,12142,0.0,0.0,0.0
2022-05-17 00:00:00+02:00,7.921194076538086,7.847508269156733,7.685400617269659,7.921194076538086,1817,0.0,0.0,0.0
2022-05-18 00:00:00+02:00,7.921194076538086,7.876982451565286,7.611714809888305,7.921194076538086,8424,0.0,0.0,0.0
2022-05-19 00:00:00+02:00,7.921194076538086,8.031722084890177,7.611714809888305,7.921194076538086,13700,0.0,0.0,0.0
2022-05-22 00:00:00+02:00,7.921194076538086,8.10540789227153,7.825402808030303,7.921194076538086,16110,0.0,0.0,0.0
2022-05-23 00:00:00+02:00,7.921194076538086,8.090670449707284,7.538029002506952,7.921194076538086,26198,0.0,0.0,0.0
2022-05-24 00:00:00+02:00,7.921194076538086,7.8032973469038724,7.515923541380522,7.921194076538086,16947,0.0,0.0,0.0
2022-05-25 00:00:00+02:00,7.921194076538086,7.2948668219564015,7.036967901561543,7.921194076538086,11017,0.0,0.0,0.0
2022-05-26 00:00:00+02:00,7.921194076538086,7.2948668219564015,6.72011991362964,7.921194076538086,21696,0.0,0.0,0.0
2022-05-29 00:00:00+02:00,7.921194076538086,7.258024620985664,6.78643699972887,7.921194076538086,14461,0.0,0.0,0.0
2022-05-30 00:00:00+02:00,7.921194076538086,7.508554820098398,7.07381080525222,7.921194076538086,12236,0.0,0.0,0.0
2022-05-31 00:00:00+02:00,7.921194076538086,7.567503887635445,7.095916266378651,7.921194076538086,13813,0.0,0.0,0.0
2022-06-01 00:00:00+02:00,7.921194076538086,7.921194076538086,7.147495909913634,7.921194076538086,7925,0.0,0.0,0.0
2022-06-02 00:00:00+02:00,7.921194076538086,7.921194076538086,7.103284987660773,7.921194076538086,6916,0.0,0.0,0.0
2022-06-05 00:00:00+02:00,7.921194076538086,7.921194076538086,7.921194076538086,7.921194076538086,0,0.0,0.0,0.0
2022-06-06 00:00:00+02:00,7.921194076538086,7.722242818240396,7.081178823814404,7.921194076538086,19793,0.0,0.0,0.0
2022-06-07 00:00:00+02:00,7.921194076538086,7.921194076538086,7.368552629337755,7.921194076538086,17150,0.0,0.0,0.0
2022-06-08 00:00:00+02:00,7.921194076538086,7.714874799678212,7.5306609839447685,7.921194076538086,19322,0.0,0.0,0.0
2022-06-09 00:00:00+02:00,7.921194076538086,7.589609348761875,7.368552629337755,7.921194076538086,11379,0.0,0.0,0.0
2022-06-12 00:00:00+02:00,7.921194076538086,7.398026811746308,7.390658090464185,7.921194076538086,2543,0.0,0.0,0.0
2022-06-13 00:00:00+02:00,7.921194076538086,7.375921350619878,7.235918457139294,7.921194076538086,16368,0.0,0.0,0.0
2022-06-14 00:00:00+02:00,7.921194076538086,7.0222304589972975,7.0222304589972975,7.921194076538086,420,0.0,0.0,0.0
2022-06-15 00:00:00+02:00,7.921194076538086,7.258024620985664,7.16223335247788,7.921194076538086,1965,0.0,0.0,0.0
2022-06-16 00:00:00+02:00,7.921194076538086,7.361183908055631,7.088547545096527,7.921194076538086,9468,0.0,0.0,0.0
2022-06-19 00:00:00+02:00,7.921194076538086,7.147495909913634,6.889596989518776,7.921194076538086,8974,0.0,0.0,0.0
2022-06-20 00:00:00+02:00,7.921194889612464,6.911703160099882,6.631698047117411,6.668540954589844,33231,0.0,0.0,0.0
2022-06-21 00:00:00+02:00,6.668540393891651,7.368552766130012,6.631697489517011,7.331709861755371,45819,0.0,0.0,0.0
2022-06-22 00:00:00+02:00,7.331709861755372,7.294866957380731,7.073810936572793,7.331709861755371,1900,0.0,0.0,0.0
2022-06-23 00:00:00+02:00,7.331709861755372,7.331709861755372,6.92643931907423,7.331709861755371,5350,0.0,0.0,0.0
2022-06-26 00:00:00+02:00,7.331709861755372,6.941176761912067,6.896965136118508,7.331709861755371,906,0.0,0.0,0.0
2022-06-27 00:00:00+02:00,7.331709861755372,7.103285119528515,6.815911308670261,7.331709861755371,6549,0.0,0.0,0.0
2022-06-28 00:00:00+02:00,7.331709861755372,6.963282223448871,6.705383298266292,7.331709861755371,3000,0.0,0.0,0.0
2022-06-29 00:00:00+02:00,7.331709861755372,7.361184044711093,6.92643931907423,7.331709861755371,18200,0.0,0.0,0.0
2022-07-03 00:00:00+02:00,7.331709861755372,6.67590911531057,6.646434932354848,7.331709861755371,950,0.0,0.0,0.0
2022-07-04 00:00:00+02:00,7.331709861755372,7.331709861755372,6.359061121496595,7.331709861755371,14043,0.0,0.0,0.0
2022-07-05 00:00:00+02:00,7.331709861755372,6.705383298266292,6.543274940649845,7.331709861755371,2900,0.0,0.0,0.0
2022-07-06 00:00:00+02:00,7.331709861755372,7.331709861755372,6.37379786161448,7.331709861755371,8893,0.0,0.0,0.0
2022-07-07 00:00:00+02:00,7.331709861755372,6.845385491625983,6.631697489517011,7.331709861755371,5547,0.0,0.0,0.0
2022-07-17 00:00:00+02:00,7.331709861755372,6.646434932354848,6.631697489517011,7.331709861755371,2275,0.0,0.0,0.0
2022-07-18 00:00:00+02:00,7.331709861755372,7.0001251278235115,6.646434932354848,7.331709861755371,2733,0.0,0.0,0.0
2022-07-19 00:00:00+02:00,7.331709861755372,7.073810936572793,6.889597117419542,7.331709861755371,663,0.0,0.0,0.0
2022-07-20 00:00:00+02:00,7.331709861755372,7.479080776533982,7.014862570661348,7.331709861755371,22197,0.0,0.0,0.0
2022-07-21 00:00:00+02:00,7.331709590261659,7.943299390985642,7.368552493272005,7.729611396789551,31074,0.0,0.0,0.0
2022-07-24 00:00:00+02:00,7.729611396789551,7.77382302094595,7.508554681447405,7.729611396789551,2962,0.0,0.0,0.0
2022-07-25 00:00:00+02:00,7.729611396789551,7.655926293488786,7.294866687251314,7.729611396789551,2300,0.0,0.0,0.0
2022-07-26 00:00:00+02:00,7.729611396789551,8.024353918152388,7.552766305603805,7.729611396789551,10791,0.0,0.0,0.0
2022-07-27 00:00:00+02:00,7.729611396789551,7.51592340259346,7.398026675136296,7.729611396789551,6599,0.0,0.0,0.0
2022-07-28 00:00:00+02:00,7.729611396789551,7.70013721492526,7.368552493272005,7.729611396789551,13625,0.0,0.0,0.0
2022-07-31 00:00:00+02:00,7.729611396789551,7.626452111624495,7.368552493272005,7.729611396789551,16245,0.0,0.0,0.0
2022-08-01 00:00:00+02:00,7.729610846182797,8.083301706079599,7.368551968384716,7.52329158782959,49119,0.0,0.0,0.0
2022-08-02 00:00:00+02:00,7.52329158782959,7.700136666418053,7.479079966822536,7.52329158782959,16730,0.0,0.0,0.0
2022-08-03 00:00:00+02:00,7.52329158782959,7.700136666418053,7.442237769156513,7.52329158782959,17623,0.0,0.0,0.0
2022-08-04 00:00:00+02:00,7.523292367087509,7.663294559791413,7.405395635816864,7.641189098358154,31103,0.0,0.0,0.0
2022-08-07 00:00:00+02:00,7.641189098358154,8.00224801355449,7.700137463993476,7.641189098358154,22413,0.0,0.0,0.0
2022-08-08 00:00:00+02:00,7.641189098358154,8.00224801355449,7.692768742609074,7.641189098358154,20321,0.0,0.0,0.0
2022-08-09 00:00:00+02:00,7.641189343520672,7.921194440632207,7.493818424704067,7.619083881378174,34685,0.0,0.0,0.0
2022-08-10 00:00:00+02:00,7.619083499310361,8.451730027270115,7.53066095245445,8.296990394592285,159644,0.0,0.0,0.0
2022-08-11 00:00:00+02:00,8.296989824433716,9.173847214204933,8.473834905992971,8.820157051086426,143164,0.0,0.0,0.0
2022-08-14 00:00:00+02:00,8.82015760030846,9.107530700056701,8.599100883234478,8.915948867797852,69748,0.0,0.0,0.0
2022-08-15 00:00:00+02:00,8.915948867797852,8.84226306119988,8.348569984065291,8.915948867797852,21890,0.0,0.0,0.0
2022-08-16 00:00:00+02:00,8.915948867797852,8.790683418213257,8.400149627051913,8.915948867797852,16880,0.0,0.0,0.0
2022-08-17 00:00:00+02:00,8.915949405532874,9.137005433219166,8.687523953478406,8.98963451385498,81814,0.0,0.0,0.0
2022-08-18 00:00:00+02:00,8.98963451385498,8.98963451385498,8.98963451385498,8.98963451385498,0,0.0,0.0,0.0
2022-08-21 00:00:00+02:00,8.952792099227246,9.321219769199066,8.901212450301594,8.94542407989502,38308,0.0,0.0,0.0
2022-08-22 00:00:00+02:00,8.945424220685402,8.98963514825464,8.84226421849047,8.982266426086426,41351,0.0,0.0,0.0
2022-08-23 00:00:00+02:00,8.982266426086426,8.982266426086426,8.982266426086426,8.982266426086426,0,0.0,0.0,0.0
2022-08-24 00:00:00+02:00,8.982266426086426,8.915950034732568,8.621207472484205,8.982266426086426,12493,0.0,0.0,0.0
2022-08-25 00:00:00+02:00,8.982266426086426,8.915950034732568,8.621207472484205,8.982266426086426,9850,0.0,0.0,0.0
2022-08-28 00:00:00+02:00,8.982266426086426,8.982266426086426,8.48120526488825,8.982266426086426,22300,0.0,0.0,0.0
2022-08-29 00:00:00+02:00,8.982266426086426,8.915950034732568,8.547522358962132,8.982266426086426,21010,0.0,0.0,0.0
2022-08-30 00:00:00+02:00,8.982266426086426,8.798052588201209,8.473836542720035,8.982266426086426,18406,0.0,0.0,0.0
2022-08-31 00:00:00+02:00,8.982266426086426,8.6948932887263,8.1938314248081,8.982266426086426,14885,0.0,0.0,0.0
2022-09-01 00:00:00+02:00,8.982266426086426,8.473836542720035,8.179094683191694,8.982266426086426,7150,0.0,0.0,0.0
2022-09-04 00:00:00+02:00,8.982264691155798,8.84226251060136,8.10540730138458,8.820157051086426,32531,0.0,0.0,0.0
2022-09-05 00:00:00+02:00,8.820157051086426,9.21069011520975,8.938053772125928,8.820157051086426,8446,0.0,0.0,0.0
2022-09-06 00:00:00+02:00,8.820157051086426,9.055950493165431,8.694891609301981,8.820157051086426,13636,0.0,0.0,0.0
2022-09-07 00:00:00+02:00,8.820157051086426,8.989633411900739,8.694891609301981,8.820157051086426,20687,0.0,0.0,0.0
2022-09-08 00:00:00+02:00,8.820157051086426,9.04858177242049,8.658048708297166,8.820157051086426,14020,0.0,0.0,0.0
2022-09-11 00:00:00+02:00,8.82015839799544,9.21069152175631,8.842263860886057,8.857001304626465,32239,0.0,0.0,0.0
2022-09-12 00:00:00+02:00,8.857001304626465,9.122268967473849,8.193831093428013,8.857001304626465,19532,0.0,0.0,0.0
2022-09-13 00:00:00+02:00,8.857001304626465,8.768578047624008,8.422256552364367,8.857001304626465,11750,0.0,0.0,0.0
2022-09-14 00:00:00+02:00,8.85700081524969,8.621206647471489,8.179093900487285,8.252779006958008,27190,0.0,0.0,0.0
2022-09-15 00:00:00+02:00,8.252779006958008,8.40014992261941,8.193830640693447,8.252779006958008,16940,0.0,0.0,0.0
2022-09-18 00:00:00+02:00,8.252779006958008,8.473835731810087,8.105408091296606,8.252779006958008,15650,0.0,0.0,0.0
2022-09-19 00:00:00+02:00,8.252778799512129,8.031722080216637,7.589609344345594,7.987511157989502,28763,0.0,0.0,0.0
2022-09-20 00:00:00+02:00,7.987511157989502,8.326464606850605,7.810666063641085,7.987511157989502,16690,0.0,0.0,0.0
2022-09-21 00:00:00+02:00,7.987511157989502,8.046459522772308,7.744348977580444,7.987511157989502,17940,0.0,0.0,0.0
2022-09-22 00:00:00+02:00,7.987511157989502,8.105407887555113,7.958036975598099,7.987511157989502,1500,0.0,0.0,0.0
2022-09-25 00:00:00+02:00,7.987511157989502,8.311727164294934,7.965405696875934,7.987511157989502,15037,0.0,0.0,0.0
2022-09-26 00:00:00+02:00,7.987511157989502,8.31909588557277,8.105407887555113,7.987511157989502,5140,0.0,0.0,0.0
2022-09-27 00:00:00+02:00,7.9875119275930055,8.473836335268889,8.105408668518066,8.105408668518066,28300,0.0,0.0,0.0
2022-09-28 00:00:00+02:00,8.105408668518066,8.370676335599455,8.105408668518066,8.105408668518066,24300,0.0,0.0,0.0
2022-09-29 00:00:00+02:00,8.105408668518066,8.164357038980597,8.14225157573715,8.105408668518066,6900,0.0,0.0,0.0
2022-10-02 00:00:00+02:00,8.105408668518066,8.15698831699278,7.90645739116702,8.105408668518066,19930,0.0,0.0,0.0
2022-10-03 00:00:00+02:00,8.105408668518066,8.171725760968416,8.134882853749332,8.105408668518066,1000,0.0,0.0,0.0
2022-10-04 00:00:00+02:00,8.105408668518066,8.282253779905659,8.105408668518066,8.105408668518066,5000,0.0,0.0,0.0
2022-10-05 00:00:00+02:00,8.105408668518066,8.105408668518066,7.884351927923573,8.105408668518066,24690,0.0,0.0,0.0
2022-10-09 00:00:00+02:00,8.105408668518066,7.884351927923573,7.884351927923573,8.105408668518066,2000,0.0,0.0,0.0
2022-10-10 00:00:00+02:00,8.105408668518066,7.921194835142656,7.744349723755064,8.105408668518066,14838,0.0,0.0,0.0
2022-10-11 00:00:00+02:00,8.105408668518066,7.847509020704489,7.810666816205413,8.105408668518066,11434,0.0,0.0,0.0
2022-10-12 00:00:00+02:00,8.105408668518066,7.810666816205413,7.479081353953668,8.105408668518066,15529,0.0,0.0,0.0
2022-10-13 00:00:00+02:00,8.105408668518066,7.950669020373922,7.383290778992061,8.105408668518066,22621,0.0,0.0,0.0
2022-10-16 00:00:00+02:00,8.105408668518066,7.950669020373922,7.744349723755064,8.105408668518066,9527,0.0,0.0,0.0
2022-10-17 00:00:00+02:00,8.10540817089843,8.731735447010385,7.736980526766684,8.304359436035156,74522,0.0,0.0,0.0
2022-10-18 00:00:00+02:00,8.30435928400239,8.982265490291612,8.201199292554923,8.871737480163574,69980,0.0,0.0,0.0
2022-10-19 00:00:00+02:00,8.871737414692031,9.719120693340013,8.960159962685912,9.49069595336914,153511,0.0,0.0,0.0
2022-10-20 00:00:00+02:00,9.490696059017893,9.579118607996078,9.210690969226999,9.277008056640625,36691,0.0,0.0,0.0
2022-10-23 00:00:00+02:00,9.277008100562895,9.358061928496662,8.34857027781631,8.901211738586426,91882,0.0,0.0,0.0
2022-10-24 00:00:00+02:00,8.90121175764053,8.915949200598194,8.547521559296118,8.79068374633789,50963,0.0,0.0,0.0
2022-10-25 00:00:00+02:00,8.790684203898875,8.56962746706749,8.14225143712947,8.451730728149414,43521,0.0,0.0,0.0
2022-10-26 00:00:00+02:00,8.451730728149414,8.451730728149414,8.451730728149414,8.451730728149414,0,0.0,0.0,0.0
2022-10-27 00:00:00+02:00,8.554890027544227,8.879106762448156,8.584364212288222,8.834895133972168,29159,0.0,0.0,0.0
2022-10-30 00:00:00+02:00,8.834895133972168,9.137005703278106,8.488573638910236,8.834895133972168,10129,0.0,0.0,0.0
2022-10-31 00:00:00+02:00,8.834895133972168,8.901212225326153,8.687524210252198,8.834895133972168,3101,0.0,0.0,0.0
2022-11-01 00:00:00+02:00,8.834895567370133,9.06332103738155,8.709630100383231,9.011740684509277,36593,0.0,0.0,0.0
2022-11-02 00:00:00+02:00,9.011739502538566,9.28437656743598,8.879106033440294,8.923316955566406,34170,0.0,0.0,0.0
2022-11-03 00:00:00+02:00,8.923316955566406,9.210690760265878,8.59910095000182,8.923316955566406,20501,0.0,0.0,0.0
2022-11-06 00:00:00+02:00,8.923316955566406,8.842263129855244,8.842263129855244,8.923316955566406,10400,0.0,0.0,0.0
2022-11-07 00:00:00+02:00,8.923316955566406,8.930685676827403,8.842263129855244,8.923316955566406,11435,0.0,0.0,0.0
2022-11-08 00:00:00+02:00,8.923316955566406,8.923316955566406,8.606469671262817,8.923316955566406,6020,0.0,0.0,0.0
2022-11-09 00:00:00+02:00,8.923316955566406,8.834894408594247,8.584363507479823,8.923316955566406,4300,0.0,0.0,0.0
2022-11-10 00:00:00+02:00,8.923316955566406,9.063319848645612,8.621206411064875,8.923316955566406,9332,0.0,0.0,0.0
2022-11-13 00:00:00+02:00,8.923316955566406,9.431747479056247,8.842263129855244,8.923316955566406,23562,0.0,0.0,0.0
2022-11-14 00:00:00+02:00,8.923317636920311,9.652804934901667,9.210691463562663,9.615962028503418,42608,0.0,0.0,0.0
2022-11-15 00:00:00+02:00,9.615962028503418,9.719121323154527,9.306482739110114,9.615962028503418,13391,0.0,0.0,0.0
2022-11-16 00:00:00+02:00,9.615962028503418,9.689647138579925,9.358062386435668,9.615962028503418,15500,0.0,0.0,0.0
2022-11-17 00:00:00+02:00,9.615962028503418,9.652804934901667,9.394905292833917,9.615962028503418,8685,0.0,0.0,0.0
2022-11-20 00:00:00+02:00,9.615962028503418,9.837018764172921,9.358062386435668,9.615962028503418,13650,0.0,0.0,0.0
2022-11-21 00:00:00+02:00,9.615961470434778,9.947546203335298,9.652804374694824,9.652804374694824,37345,0.0,0.0,0.0
2022-11-22 00:00:00+02:00,9.652804374694824,9.954914924731296,9.652804374694824,9.652804374694824,9002,0.0,0.0,0.0
2022-11-23 00:00:00+02:00,9.652804374694824,9.9401774819393,9.726489480494967,9.652804374694824,3600,0.0,0.0,0.0
2022-11-24 00:00:00+02:00,9.652804374694824,9.873860394815205,9.660172393370875,9.652804374694824,2000,0.0,0.0,0.0
2022-11-27 00:00:00+02:00,9.65280439106487,10.293868396485035,9.932808777388201,10.16860294342041,25223,0.0,0.0,0.0
2022-11-28 00:00:00+02:00,10.16860294342041,10.492818955474764,10.16860294342041,10.16860294342041,9543,0.0,0.0,0.0
2022-11-29 00:00:00+02:00,10.16860294342041,10.463344772560731,9.962283663022184,10.16860294342041,21062,0.0,0.0,0.0
2022-11-30 00:00:00+02:00,10.16860294342041,10.389659666635627,10.242288049345515,10.16860294342041,5145,0.0,0.0,0.0
2022-12-01 00:00:00+02:00,10.168603315571024,10.315974235534668,10.242288424192857,10.315974235534668,21501,0.0,0.0,0.0
2022-12-04 00:00:00+02:00,10.315973536173502,11.347570608702881,10.315973536173502,11.052828788757324,50673,0.0,0.0,0.0
2022-12-05 00:00:00+02:00,11.052828788757324,11.347570608702881,10.839140793616812,11.052828788757324,58280,0.0,0.0,0.0
2022-12-06 00:00:00+02:00,11.052828788757324,11.200199698730103,11.052828788757324,11.052828788757324,15605,0.0,0.0,0.0
2022-12-07 00:00:00+02:00,11.052829433200342,12.688647683355615,11.200200351765686,12.099164009094238,39709,0.0,0.0,0.0
2022-12-08 00:00:00+02:00,12.099163701853442,13.26339498303564,12.158112067782671,13.233920097351074,89253,0.0,0.0,0.0
2022-12-11 00:00:00+02:00,13.233920593697984,13.631823132723804,12.894967828252248,13.21181583404541,52227,0.0,0.0,0.0
2022-12-12 00:00:00+02:00,13.21181583404541,13.410767103558321,12.718122723831868,13.21181583404541,13961,0.0,0.0,0.0
2022-12-13 00:00:00+02:00,13.211815953522319,13.550768722033268,12.909705388392135,13.359186172485352,26251,0.0,0.0,0.0
2022-12-14 00:00:00+02:00,13.359186172485352,13.550768722033268,13.26339560043138,13.359186172485352,2227,0.0,0.0,0.0
2022-12-15 00:00:00+02:00,13.359186172485352,13.174972344701583,12.961285035301195,13.359186172485352,2340,0.0,0.0,0.0
2022-12-18 00:00:00+02:00,13.359185266320608,13.978143798124794,12.98339031991938,13.02760124206543,16686,0.0,0.0,0.0
2022-12-19 00:00:00+02:00,13.02760124206543,13.337080507967523,12.600225246813956,13.02760124206543,8804,0.0,0.0,0.0
2022-12-20 00:00:00+02:00,13.02760124206543,12.644436168960006,10.500187471438318,13.02760124206543,13842,0.0,0.0,0.0
2022-12-21 00:00:00+02:00,13.02760124206543,12.379167825203961,11.546521998493976,13.02760124206543,4011,0.0,0.0,0.0
2022-12-22 00:00:00+02:00,13.02760124206543,12.15811180903384,11.28125435745787,13.02760124206543,10746,0.0,0.0,0.0
2022-12-25 00:00:00+02:00,13.02760124206543,11.494942355083607,11.494942355083607,13.02760124206543,403,0.0,0.0,0.0
2022-12-26 00:00:00+02:00,13.02760124206543,12.526539439610625,11.259148193664908,13.02760124206543,3126,0.0,0.0,0.0
2022-12-27 00:00:00+02:00,13.02760124206543,13.02760124206543,11.679156170371998,13.02760124206543,7013,0.0,0.0,0.0
2022-12-28 00:00:00+02:00,13.02760124206543,13.852878347511094,12.010740194627179,13.02760124206543,12598,0.0,0.0,0.0
2022-12-29 00:00:00+02:00,13.02760124206543,13.779193945747636,12.843387426777038,13.02760124206543,600,0.0,0.0,0.0
2023-01-02 00:00:00+02:00,13.02760124206543,13.263394700764191,12.526539439610625,13.02760124206543,2602,0.0,0.0,0.0
2023-01-03 00:00:00+02:00,13.027601283848039,12.894967111544627,12.541276922362117,12.673911094665527,18985,0.0,0.0,0.0
2023-01-04 00:00:00+02:00,12.673911094665527,12.894967111544627,12.541276922362117,12.673911094665527,8067,0.0,0.0,0.0
2023-01-05 00:00:00+02:00,12.673911094665527,12.80654386152906,12.5633816807861,12.673911094665527,6932,0.0,0.0,0.0
2023-01-09 00:00:00+02:00,12.673911094665527,13.631822375061462,12.570750402074053,12.673911094665527,11409,0.0,0.0,0.0
2023-01-10 00:00:00+02:00,12.673911799086763,13.263395480488025,12.710754002134358,13.21181583404541,31974,0.0,0.0,0.0
2023-01-11 00:00:00+02:00,13.21181583404541,13.447609306605916,12.52654017601647,13.21181583404541,3841,0.0,0.0,0.0
2023-01-12 00:00:00+02:00,13.211815939350123,13.263395586203854,12.474960629005464,12.61496353149414,21926,0.0,0.0,0.0
2023-01-15 00:00:00+02:00,12.61496353149414,12.600226087981655,12.460223185492978,12.61496353149414,15339,0.0,0.0,0.0
2023-01-16 00:00:00+02:00,12.61496353149414,13.263395586203854,12.58548864446917,12.61496353149414,5926,0.0,0.0,0.0
2023-01-17 00:00:00+02:00,12.61496353149414,13.263395586203854,12.607594809737899,12.61496353149414,5502,0.0,0.0,0.0
2023-01-18 00:00:00+02:00,12.614962800275054,14.073935892883346,13.263394817398776,13.462346076965332,35466,0.0,0.0,0.0
2023-01-19 00:00:00+02:00,13.462346076965332,13.970775199715565,13.263394817398776,13.462346076965332,3403,0.0,0.0,0.0
2023-01-22 00:00:00+02:00,13.462346076965332,13.263394817398776,12.894967183582144,13.462346076965332,710,0.0,0.0,0.0
2023-01-23 00:00:00+02:00,13.462346076965332,13.256026096069657,12.53390827109463,13.462346076965332,340,0.0,0.0,0.0
2023-01-24 00:00:00+02:00,13.462346076965332,13.256026096069657,13.174971566889234,13.462346076965332,1420,0.0,0.0,0.0
2023-01-25 00:00:00+02:00,13.462346076965332,13.513925720829278,12.54127699242375,13.462346076965332,31,0.0,0.0,0.0
2023-01-29 00:00:00+02:00,13.462346076965332,12.968652991433448,12.644436280151643,13.462346076965332,5130,0.0,0.0,0.0
2023-01-30 00:00:00+02:00,13.462344946114364,14.000248908996582,12.644435218005942,14.000248908996582,67500,0.0,0.0,0.0
2023-01-31 00:00:00+02:00,14.00025037121733,14.00025037121733,13.314974733439989,13.845511436462402,35863,0.0,0.0,0.0
2023-02-01 00:00:00+02:00,13.845511362551203,14.368677935861145,12.681278672884757,14.287623405456543,84850,0.0,0.0,0.0
2023-02-02 00:00:00+02:00,14.287623405456541,14.48657466802789,13.366554307003904,14.287623405456543,243,0.0,0.0,0.0
2023-02-05 00:00:00+02:00,14.287623405456541,13.852878678551704,12.931809580099067,14.287623405456543,8335,0.0,0.0,0.0
2023-02-06 00:00:00+02:00,14.287621989493154,14.000248908996582,12.968651902053209,14.000248908996582,86177,0.0,0.0,0.0
2023-02-07 00:00:00+02:00,14.000248908996582,14.000248908996582,13.285499865390337,14.000248908996582,573,0.0,0.0,0.0
2023-02-08 00:00:00+02:00,14.00025100708008,13.81603717803955,13.779194974407439,13.81603717803955,51000,0.0,0.0,0.0
2023-02-09 00:00:00+02:00,13.816035579869292,13.99288066663884,12.917072704097464,13.933932304382324,77439,0.0,0.0,0.0
2023-02-12 00:00:00+02:00,13.93393389208976,14.000250982864843,13.631823325421031,13.926565170288086,27299,0.0,0.0,0.0
2023-02-13 00:00:00+02:00,13.926564433378816,14.368677880005427,13.46971494936858,13.521294593811035,25372,0.0,0.0,0.0
2023-02-14 00:00:00+02:00,13.521294593811035,14.294992071327673,13.042338945565502,13.521294593811035,1678,0.0,0.0,0.0
2023-02-15 00:00:00+02:00,13.521294593811035,13.830773865905671,13.049706261537365,13.521294593811035,3687,0.0,0.0,0.0
2023-02-16 00:00:00+02:00,13.521294593811035,13.521294593811035,13.521294593811035,13.521294593811035,5000,0.0,0.0,0.0
2023-02-19 00:00:00+02:00,13.521294593811035,13.594980402488787,13.197077878892868,13.521294593811035,6616,0.0,0.0,0.0
2023-02-20 00:00:00+02:00,13.521294427069412,13.263394802597592,11.05282900216466,12.032846450805664,18022,0.0,0.0,0.0
2023-02-21 00:00:00+02:00,12.032846098680865,13.256025693357218,11.900211929665867,12.533907890319824,35996,0.0,0.0,0.0
2023-02-22 00:00:00+02:00,12.533907890319822,12.526539169214562,11.789683923966647,12.533907890319824,15160,0.0,0.0,0.0
2023-02-23 00:00:00+02:00,12.53390852402909,12.52653980255127,11.789684520048255,12.52653980255127,60292,0.0,0.0,0.0
2023-02-26 00:00:00+02:00,12.526539824202654,12.526539824202654,11.73810489543205,11.767579078674316,40246,0.0,0.0,0.0
2023-02-27 00:00:00+02:00,11.76757817522604,13.042338083705108,11.789683635280618,12.283376693725586,86463,0.0,0.0,0.0
2023-02-28 00:00:00+02:00,12.283376693725586,13.034969362780279,12.084425445074672,12.283376693725586,27208,0.0,0.0,0.0
2023-03-01 00:00:00+02:00,12.283378181975836,12.637068396581697,11.885475636464259,11.996005058288574,23975,0.0,0.0,0.0
2023-03-02 00:00:00+02:00,11.996005058288574,12.010741096483832,11.642314140962723,11.996005058288574,11313,0.0,0.0,0.0
2023-03-05 00:00:00+02:00,11.996005029166,12.489698146228138,11.4212573777468,12.084426879882812,170780,0.0,0.0,0.0
2023-03-06 00:00:00+02:00,12.084426276559318,12.526539724390494,11.804421889348854,11.8486328125,30007,0.0,0.0,0.0
2023-03-07 00:00:00+02:00,11.8486328125,12.158112085437832,11.421256807532508,11.8486328125,44327,0.0,0.0,0.0
2023-03-08 00:00:00+02:00,11.848633101871565,12.2170607498221,11.715998923738983,12.121270179748535,101134,0.0,0.0,0.0
2023-03-09 00:00:00+02:00,12.121270144183608,12.379168372640333,11.944423636899089,12.364432334899902,21195,0.0,0.0,0.0
2023-03-12 00:00:00+02:00,12.364431790145561,13.631822333579459,11.892843467230724,12.8728609085083,62755,0.0,0.0,0.0
2023-03-13 00:00:00+02:00,12.87286151730445,13.263395330207837,11.421257089901193,11.94442367553711,34349,0.0,0.0,0.0
2023-03-14 00:00:00+02:00,11.94442367553711,12.30548400742436,11.421257089901193,11.94442367553711,7674,0.0,0.0,0.0
2023-03-15 00:00:00+02:00,11.944424840212147,12.703386375181562,11.05283051957747,11.804423332214355,22420,0.0,0.0,0.0
2023-03-16 00:00:00+02:00,11.804423332214355,11.413889481230857,10.323343873938166,11.804423332214355,3304,0.0,0.0,0.0
2023-03-19 00:00:00+02:00,11.804423332214355,11.163358543685227,10.76545667308924,11.804423332214355,337,0.0,0.0,0.0
2023-03-20 00:00:00+02:00,11.804423332214355,11.273887270513026,10.618085740038882,11.804423332214355,4179,0.0,0.0,0.0
2023-03-21 00:00:00+02:00,11.804423332214355,12.416013231413373,11.67915786344154,11.804423332214355,6803,0.0,0.0,0.0
2023-03-22 00:00:00+02:00,11.804423332214355,11.797054609881828,11.67915786344154,11.804423332214355,4690,0.0,0.0,0.0
2023-03-23 00:00:00+02:00,11.804423332214355,11.060199241909997,10.861247955251983,11.804423332214355,950,0.0,0.0,0.0
2023-03-26 00:00:00+02:00,11.804423332214355,12.445486715303405,11.15599052407274,11.804423332214355,1765,0.0,0.0,0.0
2023-03-27 00:00:00+02:00,11.804423332214355,11.716000069664101,11.502312041061073,11.804423332214355,1000,0.0,0.0,0.0
2023-03-28 00:00:00+02:00,11.804421859730114,12.519170971546519,11.200200055514248,12.091794967651367,18468,0.0,0.0,0.0
2023-03-29 00:00:00+02:00,12.091794991489763,12.519170996227466,11.826526641845703,11.826526641845703,20711,0.0,0.0,0.0
2023-03-30 00:00:00+02:00,11.826526630058696,12.42338041616297,11.826526630058696,11.959160804748535,18510,0.0,0.0,0.0
2023-04-02 00:00:00+02:00,11.959160770526154,12.52653966932467,12.158112031991593,12.357063293457031,28771,0.0,0.0,0.0
2023-04-03 00:00:00+02:00,12.357063293457031,12.600225477879267,12.17284947479049,12.357063293457031,16269,0.0,0.0,0.0
2023-04-04 00:00:00+02:00,12.35706294373445,12.673910927744028,12.224428773177893,12.57075023651123,26719,0.0,0.0,0.0
2023-04-05 00:00:00+02:00,12.57075023651123,12.813912414051627,12.312850616589023,12.57075023651123,5031,0.0,0.0,0.0
2023-04-06 00:00:00+02:00,12.57075023651123,12.43074875020363,12.246534936750606,12.57075023651123,7533,0.0,0.0,0.0
2023-04-09 00:00:00+02:00,12.57075023651123,12.894966941711713,12.25390225250165,12.57075023651123,7741,0.0,0.0,0.0
2023-04-10 00:00:00+02:00,12.57075023651123,12.784438934727872,12.379167701867301,12.57075023651123,4857,0.0,0.0,0.0
2023-04-11 00:00:00+02:00,12.779085159301758,13.108675104839893,12.516911371458521,12.779085159301758,8316,0.278125,0.0,0.0
2023-04-12 00:00:00+02:00,12.779085159301758,13.483208679263889,12.41953327075045,12.779085159301758,15534,0.0,0.0,0.0
2023-04-13 00:00:00+02:00,12.779085159301758,12.883955531678374,12.883955531678374,12.779085159301758,50,0.0,0.0,0.0
2023-04-18 00:00:00+02:00,12.779085873919275,13.483209433256604,12.606800762945634,13.198564529418945,20078,0.0,0.0,0.0
2023-04-19 00:00:00+02:00,13.198564529418947,13.258489847528573,12.621782449656111,13.198564529418945,1803,0.0,0.0,0.0
2023-04-26 00:00:00+02:00,13.198564529418947,13.483209433256604,13.483209433256604,13.198564529418945,100,0.0,0.0,0.0
2023-04-27 00:00:00+02:00,13.198564529418947,13.445756645212693,12.861483722094619,13.198564529418945,2500,0.0,0.0,0.0
2023-04-30 00:00:00+03:00,13.198564529418947,13.483209433256604,12.966352671603396,13.198564529418945,432,0.0,0.0,0.0
2023-05-01 00:00:00+03:00,13.198564529418947,13.198564529418947,13.198564529418947,13.198564529418945,0,0.0,0.0,0.0
2023-05-02 00:00:00+03:00,13.198564529418947,12.644253550989545,12.636764136366589,13.198564529418945,800,0.0,0.0,0.0
2023-05-03 00:00:00+03:00,13.198564529418947,13.258489847528573,12.66672608105526,13.198564529418945,1150,0.0,0.0,0.0
2023-05-07 00:00:00+03:00,13.198564529418947,12.734142242520125,12.359608647151887,13.198564529418945,1257,0.0,0.0,0.0
2023-05-08 00:00:00+03:00,13.198564529418947,13.108675837888365,12.606800762945634,13.198564529418945,2005,0.0,0.0,0.0
2023-05-09 00:00:00+03:00,13.198564529418947,13.108675837888365,12.734142242520125,13.198564529418945,2260,0.0,0.0,0.0
2023-05-10 00:00:00+03:00,13.198564529418947,13.108675837888365,13.071223049844454,13.198564529418945,528,0.0,0.0,0.0
2023-05-11 00:00:00+03:00,13.198564529418947,12.734142242520125,12.359608647151887,13.198564529418945,2383,0.0,0.0,0.0
2023-05-14 00:00:00+03:00,13.198564529418947,13.198564529418947,13.198564529418947,13.198564529418945,0,0.0,0.0,0.0
2023-05-15 00:00:00+03:00,13.198564529418947,13.22103563075238,12.397061435195798,13.198564529418945,9975,0.0,0.0,0.0
2023-05-16 00:00:00+03:00,13.198564529418947,13.108675837888365,12.516912071415051,13.198564529418945,7170,0.0,0.0,0.0
2023-05-17 00:00:00+03:00,13.198564529418947,13.18358284270847,12.584328232879917,13.198564529418945,256,0.0,0.0,0.0
2023-05-18 00:00:00+03:00,13.198564529418947,13.445756645212693,10.569337804119893,13.198564529418945,4507,0.0,0.0,0.0
2023-05-21 00:00:00+03:00,13.198564529418947,13.108675837888365,12.734142242520125,13.198564529418945,2186,0.0,0.0,0.0
2023-05-22 00:00:00+03:00,13.198564529418947,13.483209433256604,12.614291606300872,13.198564529418945,9676,0.0,0.0,0.0
2023-05-23 00:00:00+03:00,13.198564529418947,13.842761341914365,13.4083024284365,13.198564529418945,2320,0.0,0.0,0.0
2023-05-24 00:00:00+03:00,13.198564529418947,13.483209433256604,13.18358284270847,13.198564529418945,13020,0.0,0.0,0.0
2023-05-25 00:00:00+03:00,13.198564529418947,13.7753451804495,13.198564529418947,13.198564529418945,145,0.0,0.0,0.0
2023-05-28 00:00:00+03:00,13.198564529418947,13.842761341914365,13.071223049844454,13.198564529418945,3727,0.0,0.0,0.0
2023-05-29 00:00:00+03:00,13.198564529418947,13.191073686063708,13.048750519778737,13.198564529418945,1306,0.0,0.0,0.0
2023-05-30 00:00:00+03:00,13.198564529418947,13.445756645212693,12.456986753305424,13.198564529418945,4148,0.0,0.0,0.0
2023-05-31 00:00:00+03:00,13.198564529418947,13.370849640392588,12.734142242520125,13.198564529418945,6940,0.0,0.0,0.0
2023-06-01 00:00:00+03:00,13.198564529418947,13.22103563075238,12.509422656792095,13.198564529418945,4131,0.0,0.0,0.0
2023-06-04 00:00:00+03:00,13.19856443963296,13.483209341534263,12.554366202787552,13.47571849822998,29621,0.0,0.0,0.0
2023-06-05 00:00:00+03:00,13.475717281467498,14.501939861776902,12.928898628219343,14.17234992980957,21352,0.0,0.0,0.0
2023-06-06 00:00:00+03:00,14.17234992980957,14.14987740192584,12.928898628219343,14.17234992980957,5328,0.0,0.0,0.0
2023-06-07 00:00:00+03:00,14.17234992980957,14.074971833111025,13.108674565092757,14.17234992980957,1320,0.0,0.0,0.0
2023-06-08 00:00:00+03:00,14.17234992980957,13.303432187221993,13.303432187221993,14.17234992980957,6,0.0,0.0,0.0
2023-06-11 00:00:00+03:00,14.17234992980957,13.565605964270278,13.483208124095409,14.17234992980957,4000,0.0,0.0,0.0
2023-06-12 00:00:00+03:00,14.17234992980957,14.037517619971473,14.037517619971473,14.17234992980957,100,0.0,0.0,0.0
2023-06-13 00:00:00+03:00,14.172350372916368,16.164868854809146,13.483208545655785,15.580595970153809,31131,0.0,0.0,0.0
2023-06-14 00:00:00+03:00,15.580595927038228,17.378358204469873,15.730409926401594,16.749141693115234,19147,0.0,0.0,0.0
2023-06-15 00:00:00+03:00,16.749142306543046,17.977612002878782,16.501950198652754,17.378358840942383,43176,0.0,0.0,0.0
2023-06-18 00:00:00+03:00,17.3783574943027,17.3783574943027,15.88771269062224,16.75663185119629,22326,0.0,0.0,0.0
2023-06-19 00:00:00+03:00,16.75663399842824,17.146147859050725,16.10494490167186,16.69670867919922,15659,0.0,0.0,0.0
2023-06-20 00:00:00+03:00,16.69670753814245,17.22854453136262,16.471986534841875,16.531911849975586,29718,0.0,0.0,0.0
2023-06-21 00:00:00+03:00,16.531912387033152,17.07873108398381,16.479477913179288,16.546894073486328,23145,0.0,0.0,0.0
2023-06-22 00:00:00+03:00,16.546893060355263,17.071240624253733,16.49445858971185,16.943899154663086,51389,0.0,0.0,0.0
2023-06-25 00:00:00+03:00,16.943899448867537,17.176109863776983,16.629291190812207,16.898954391479492,14767,0.0,0.0,0.0
2023-06-26 00:00:00+03:00,16.89895401112568,17.228543947558766,16.92891738204331,16.981351852416992,25645,0.0,0.0,0.0
2023-07-04 00:00:00+03:00,16.981353487031985,17.303452611740735,16.928919011610986,17.213563919067383,30659,0.0,0.0,0.0
2023-07-05 00:00:00+03:00,17.213563106200937,17.228544792394406,16.85401120995105,16.95138931274414,34753,0.0,0.0,0.0
2023-07-06 00:00:00+03:00,16.9513882633052,17.041276946168896,16.779103168942946,16.86899185180664,42345,0.0,0.0,0.0
2023-07-09 00:00:00+03:00,16.868992730998382,17.228544623728283,16.404570464673096,16.49445915222168,20629,0.0,0.0,0.0
2023-07-10 00:00:00+03:00,16.49445949595886,17.52817156628248,16.47947780959985,17.355886459350586,45002,0.0,0.0,0.0
2023-07-11 00:00:00+03:00,19.549630947303545,18.284009612629568,15.187456016087738,16.773700714111328,29946,2.6,0.0,0.0
2023-07-12 00:00:00+03:00,16.773701396670656,16.87495181566581,15.626205767543537,16.07339096069336,18593,0.0,0.0,0.0
2023-07-13 00:00:00+03:00,16.07339096069336,16.368702939331673,15.786516651081376,16.07339096069336,3499,0.0,0.0,0.0
2023-07-16 00:00:00+03:00,16.073389667971135,16.849637453433907,15.862452787240171,16.24213981628418,19129,0.0,0.0,0.0
2023-07-17 00:00:00+03:00,16.242138664832353,16.874949262163486,16.03963946680486,16.334951400756836,37560,0.0,0.0,0.0
2023-07-18 00:00:00+03:00,16.334951822137285,18.14057092478439,16.74838789660692,16.976200103759766,37956,0.0,0.0,0.0
2023-07-19 00:00:00+03:00,16.976200103759766,16.976200103759766,16.976200103759766,16.976200103759766,0,0.0,0.0,0.0
2023-07-24 00:00:00+03:00,16.976200734384932,17.035262803028807,16.081827208484146,16.36026382446289,19025,0.0,0.0,0.0
2023-07-25 00:00:00+03:00,16.36026382446289,16.87495032433781,16.26745269201709,16.36026382446289,8038,0.0,0.0,0.0
2023-07-26 00:00:00+03:00,16.36026382446289,16.74838851876941,16.073389540203497,16.36026382446289,7797,0.0,0.0,0.0
2023-07-27 00:00:00+03:00,16.36026382446289,16.427763561387415,15.356205438875675,16.36026382446289,11857,0.0,0.0,0.0
2023-07-30 00:00:00+03:00,16.36026382446289,16.427763561387415,16.03120280812092,16.36026382446289,5201,0.0,0.0,0.0
2023-07-31 00:00:00+03:00,16.36026382446289,16.03964047640157,15.693704123498296,16.36026382446289,13284,0.0,0.0,0.0
2023-08-01 00:00:00+03:00,16.36026382446289,16.453076566229363,16.03120280812092,16.36026382446289,14338,0.0,0.0,0.0
2023-08-02 00:00:00+03:00,16.36026382446289,16.571200703517114,16.03964047640157,16.36026382446289,13285,0.0,0.0,0.0
2023-08-03 00:00:00+03:00,16.36026382446289,16.36026382446289,16.03120280812092,16.36026382446289,6614,0.0,0.0,0.0
2023-08-06 00:00:00+03:00,16.36026261677086,16.453075351686024,16.0480769600353,16.216825485229492,16402,0.0,0.0,0.0
2023-08-07 00:00:00+03:00,16.216825485229492,16.537450418943397,16.225263152887287,16.216825485229492,2390,0.0,0.0,0.0
2023-08-08 00:00:00+03:00,16.216825485229492,16.537450418943397,16.259013823518455,16.216825485229492,9893,0.0,0.0,0.0
2023-08-09 00:00:00+03:00,16.216825485229492,16.46995068700161,16.157763420945496,16.216825485229492,4493,0.0,0.0,0.0
2023-08-10 00:00:00+03:00,16.216825485229492,16.453075351686024,16.073388353688127,16.216825485229492,10797,0.0,0.0,0.0
2023-08-13 00:00:00+03:00,16.216825485229492,16.453075351686024,16.0480769600353,16.216825485229492,8178,0.0,0.0,0.0
2023-08-14 00:00:00+03:00,16.216826550035847,16.57963823654059,16.199952822932875,16.436201095581055,19167,0.0,0.0,0.0
2023-08-15 00:00:00+03:00,16.436200205314858,17.46557314091109,16.19995194546306,17.052135467529297,43149,0.0,0.0,0.0
2023-08-16 00:00:00+03:00,17.052135394053792,17.7355719953617,16.554325873230823,17.364322662353516,39604,0.0,0.0,0.0
2023-08-17 00:00:00+03:00,17.364322662353516,17.423384727061975,16.706199064200906,17.364322662353516,11019,0.0,0.0,0.0
2023-08-20 00:00:00+03:00,17.364322662353516,17.38119799779038,16.79901179978309,17.364322662353516,14014,0.0,0.0,0.0
2023-08-21 00:00:00+03:00,17.364322662353516,17.549946524197328,16.874949199928416,17.364322662353516,13553,0.0,0.0,0.0
2023-08-22 00:00:00+03:00,17.364323906421852,17.136511689664257,16.799013003349682,16.874950408935547,32334,0.0,0.0,0.0
2023-08-23 00:00:00+03:00,16.874950408935547,17.212449095250122,16.71463792944087,16.874950408935547,6379,0.0,0.0,0.0
2023-08-24 00:00:00+03:00,16.874950408935547,17.026825220107277,16.495263381006225,16.874950408935547,7057,0.0,0.0,0.0
2023-08-27 00:00:00+03:00,16.874950324608015,17.32213708756557,16.571200703782456,17.27151107788086,17925,0.0,0.0,0.0
2023-08-28 00:00:00+03:00,17.27151107788086,17.549947693864066,16.95932539809519,17.27151107788086,10695,0.0,0.0,0.0
2023-08-29 00:00:00+03:00,17.27151107788086,17.094324871946398,16.571200703782456,17.27151107788086,7719,0.0,0.0,0.0
2023-08-30 00:00:00+03:00,17.271510449261132,17.254636722634373,17.001511511385683,17.06057357788086,27775,0.0,0.0,0.0
2023-08-31 00:00:00+03:00,17.06057357788086,17.06057357788086,17.06057357788086,17.06057357788086,0,0.0,0.0,0.0
2023-09-03 00:00:00+03:00,17.81151008605957,18.393694697317603,17.355885667523065,17.81151008605957,10411,0.0,0.0,0.0
2023-09-04 00:00:00+03:00,17.81151008605957,17.718697346879033,17.02682466034934,17.81151008605957,2140,0.0,0.0,0.0
2023-09-05 00:00:00+03:00,17.81151008605957,17.549947204609076,17.414947734521363,17.81151008605957,5306,0.0,0.0,0.0
2023-09-06 00:00:00+03:00,17.81151008605957,17.879009821103427,17.355885667523065,17.81151008605957,1867,0.0,0.0,0.0
2023-09-07 00:00:00+03:00,17.81151008605957,17.879009821103427,17.22932386548091,17.81151008605957,4010,0.0,0.0,0.0
2023-09-10 00:00:00+03:00,17.81151008605957,17.81151008605957,17.81151008605957,17.81151008605957,0,0.0,0.0,0.0
2023-09-11 00:00:00+03:00,17.81150970906029,18.562444446693956,17.296823234419367,18.123695373535156,24842,0.0,0.0,0.0
2023-09-12 00:00:00+03:00,18.123697411897624,19.73525514136598,18.089948345954603,19.431507110595703,123947,0.0,0.0,0.0
2023-09-13 00:00:00+03:00,19.431506408975363,20.96712667297377,19.70150536405367,20.76462745666504,51081,0.0,0.0,0.0
2023-09-14 00:00:00+03:00,20.764625420087878,21.093686413150444,19.490566567615122,19.574941635131836,27871,0.0,0.0,0.0
2023-09-17 00:00:00+03:00,19.574941635131836,19.828065228361417,19.07713050703584,19.574941635131836,10366,0.0,0.0,0.0
2023-09-18 00:00:00+03:00,19.574942658026625,19.693066793130303,18.984318763866952,19.558067321777344,17470,0.0,0.0,0.0
2023-09-19 00:00:00+03:00,19.558068791610303,21.625249357881156,19.153070347114884,20.97556495666504,62435,0.0,0.0,0.0
2023-09-20 00:00:00+03:00,20.97556495666504,20.97556495666504,20.97556495666504,20.97556495666504,0,0.0,0.0,0.0
2023-09-21 00:00:00+03:00,20.97556495666504,20.97556495666504,20.97556495666504,20.97556495666504,0,0.0,0.0,0.0
2023-09-24 00:00:00+03:00,20.97556495666504,20.97556495666504,20.97556495666504,20.97556495666504,0,0.0,0.0,0.0
2023-09-25 00:00:00+03:00,28.451166888867352,34.12958720934485,28.712726555397765,33.49677658081055,117246,0.0,0.0,0.0
2023-09-26 00:00:00+03:00,33.49677650251988,40.19613051556734,36.52583016610337,39.67300796508789,118380,0.0,0.0,0.0
2023-09-27 00:00:00+03:00,39.67300796508789,39.67300796508789,39.67300796508789,39.67300796508789,0,0.0,0.0,0.0
2023-10-01 00:00:00+03:00,39.67300796508789,39.67300796508789,39.67300796508789,39.67300796508789,0,0.0,0.0,0.0
2023-10-02 00:00:00+03:00,45.199554580184476,46.40611379638171,37.12489103710537,38.382076263427734,223200,0.0,0.0,0.0
2023-10-03 00:00:00+03:00,38.38207643668456,45.56236647847982,38.43269922839683,39.580196380615234,163595,0.0,0.0,0.0
2023-10-04 00:00:00+03:00,39.58019502866502,41.34362742939933,38.010824166362355,38.60144805908203,103961,0.0,0.0,0.0
2023-10-08 00:00:00+03:00,38.601449045936164,39.56332070390147,31.724905469422144,35.530208587646484,95029,0.0,0.0,0.0
2023-10-09 00:00:00+03:00,35.53020733281188,37.023640776934315,34.77927258140008,35.108333587646484,57937,0.0,0.0,0.0
2023-10-10 00:00:00+03:00,35.10833251053605,42.12831115722656,35.07458183948438,42.12831115722656,283081,0.0,0.0,0.0
2023-10-11 00:00:00+03:00,42.1283146177442,48.515483190757884,43.03112422136786,45.84080505371094,422533,0.0,0.0,0.0
2023-10-12 00:00:00+03:00,45.84080335325448,47.249860137404255,43.53736983915169,44.54143142700195,296730,0.0,0.0,0.0
2023-10-15 00:00:00+03:00,44.54143069127335,46.31329912970203,43.46143171729586,43.77362060546875,198208,0.0,0.0,0.0
2023-10-16 00:00:00+03:00,43.77362281204853,47.91642306075411,43.45299784903027,44.85361862182617,377861,0.0,0.0,0.0
2023-10-17 00:00:00+03:00,44.85361547605845,46.32173749332075,43.545807538382505,43.883304595947266,145056,0.0,0.0,0.0
2023-10-18 00:00:00+03:00,43.88330910625867,44.68486993065103,42.1873779296875,42.1873779296875,109641,0.0,0.0,0.0
2023-10-19 00:00:00+03:00,42.1873779296875,42.1873779296875,42.1873779296875,42.1873779296875,0,0.0,0.0,0.0
2023-10-22 00:00:00+03:00,40.491443447350115,45.309240841116164,40.609567580926814,42.59237289428711,116626,0.0,0.0,0.0
2023-10-23 00:00:00+03:00,42.59237474062428,44.71861889309917,42.195812373305145,43.140811920166016,169305,0.0,0.0,0.0
2023-10-24 00:00:00+03:00,43.14081058157581,44.63424404299818,41.34362750513312,42.246437072753906,129197,0.0,0.0,0.0
2023-10-25 00:00:00+03:00,42.246437951961184,43.87487091854463,42.19581194219044,42.221126556396484,62704,0.0,0.0,0.0
2023-10-26 00:00:00+03:00,42.22112431099372,43.4445587902706,41.33519010829019,41.3520622253418,50521,0.0,0.0,0.0
2023-10-29 00:00:00+02:00,41.35206561466408,42.17894103817748,39.90925809040712,40.30582046508789,46940,0.0,0.0,0.0
2023-10-30 00:00:00+02:00,40.30581859214315,41.04831729577421,39.65613262879613,39.67300796508789,47003,0.0,0.0,0.0
2023-10-31 00:00:00+02:00,39.67301008738957,41.05675555092438,37.20926557389666,37.90113830566406,42814,0.0,0.0,0.0
2023-11-01 00:00:00+02:00,37.901138221798,40.26363392553772,35.44583299165607,37.17551803588867,68137,0.0,0.0,0.0
2023-11-02 00:00:00+02:00,37.17551727279153,37.96020273196452,35.909895979756556,36.01958084106445,33714,0.0,0.0,0.0
2023-11-05 00:00:00+02:00,36.019580923102424,42.946750595591915,36.50051675805978,40.60956954956055,157917,0.0,0.0,0.0
2023-11-06 00:00:00+02:00,40.609568371025674,41.33519174127596,37.96863777563422,38.879886627197266,42924,0.0,0.0,0.0
2023-11-07 00:00:00+02:00,38.87988534116152,41.42799989297093,38.49175905501465,39.76581954956055,56906,0.0,0.0,0.0
2023-11-08 00:00:00+02:00,39.76582034874931,40.457693037300324,38.81238477798364,39.35238265991211,33300,0.0,0.0,0.0
2023-11-09 00:00:00+02:00,39.35238151489122,40.069568796105784,38.95581917373307,39.48738098144531,26941,0.0,0.0,0.0
2023-11-12 00:00:00+02:00,39.487384729329925,39.86707177087609,38.56769977031432,38.930511474609375,16544,0.0,0.0,0.0
2023-11-13 00:00:00+02:00,38.93051119420638,39.73207200533236,38.66895151530187,38.99801254272461,17812,0.0,0.0,0.0
2023-11-14 00:00:00+02:00,38.99801208517385,40.48300633009597,38.81238659756805,39.94300842285156,32244,0.0,0.0,0.0
2023-11-15 00:00:00+02:00,39.943009039314866,42.64300183584886,40.0358217845502,40.19613265991211,92322,0.0,0.0,0.0
2023-11-16 00:00:00+02:00,40.19613203136889,41.34362919335064,39.656134124234285,39.85863494873047,34232,0.0,0.0,0.0
2023-11-19 00:00:00+02:00,39.858632486344014,43.45299534530709,41.08206376095911,42.22956085205078,110540,0.0,0.0,0.0
2023-11-20 00:00:00+02:00,42.22956243329166,43.199873361878524,40.71081755177246,41.10737991333008,100518,0.0,0.0,0.0
2023-11-21 00:00:00+02:00,41.10737931156904,41.7655013329103,40.499880080397865,41.065189361572266,39905,0.0,0.0,0.0
2023-11-22 00:00:00+02:00,41.0651910882811,44.25455896739502,41.42800278674814,42.963623046875,142959,0.0,0.0,0.0
2023-11-23 00:00:00+02:00,42.963620897697695,43.874869737187076,42.187374747295266,42.44049835205078,49385,0.0,0.0,0.0
2023-11-26 00:00:00+02:00,42.440498605725104,43.832683268163684,42.18737499945662,42.20425033569336,82441,0.0,0.0,0.0
2023-11-27 00:00:00+02:00,42.20424933048138,42.76955859706187,41.419563916689654,41.588314056396484,43410,0.0,0.0,0.0
2023-11-28 00:00:00+02:00,41.588314940905896,42.170499555703216,40.75300350184418,41.60519027709961,38351,0.0,0.0,0.0
2023-11-29 00:00:00+02:00,41.60519371505613,42.18737837796104,40.5842567121419,40.85425567626953,32687,0.0,0.0,0.0
2023-11-30 00:00:00+02:00,40.854255337040044,41.3267551296608,39.740508814601085,40.40707015991211,29943,0.0,0.0,0.0
2023-12-03 00:00:00+02:00,40.40706583992297,42.17049818169332,40.51675391228758,40.795188903808594,33859,0.0,0.0,0.0
2023-12-04 00:00:00+02:00,40.7951880019682,41.343625133026,40.584251139044596,40.693939208984375,30575,0.0,0.0,0.0
2023-12-05 00:00:00+02:00,40.69393947446395,41.292999396601274,40.415504487281716,40.584251403808594,36175,0.0,0.0,0.0
2023-12-06 00:00:00+02:00,40.58425352614183,42.170499729847144,40.58425352614183,40.938629150390625,75381,0.0,0.0,0.0
2023-12-07 00:00:00+02:00,40.938630849519235,40.921755512555436,39.65613420804341,40.499881744384766,38760,0.0,0.0,0.0
2023-12-10 00:00:00+02:00,40.49987921481332,41.34362669845527,38.81238424752943,39.57175827026367,30608,0.0,0.0,0.0
2023-12-11 00:00:00+02:00,39.57176063493984,38.390512799797214,36.28114396464352,37.648014068603516,21413,0.0,0.0,0.0
2023-12-12 00:00:00+02:00,37.64801298611594,37.64801298611594,36.36551638498095,36.43301773071289,18206,0.0,0.0,0.0
2023-12-13 00:00:00+02:00,36.43301684942595,40.49987949080276,36.36551550532682,39.46207046508789,35086,0.0,0.0,0.0
2023-12-14 00:00:00+02:00,39.46206947347046,40.49987847310688,38.812383536727424,38.972694396972656,21720,0.0,0.0,0.0
2023-12-17 00:00:00+02:00,38.972699419323334,40.078009903802325,38.829263876194524,39.31019973754883,18823,0.0,0.0,0.0
2023-12-18 00:00:00+02:00,39.31019941246325,39.9851968246906,38.812388217450284,39.031761169433594,17082,0.0,0.0,0.0
2023-12-19 00:00:00+02:00,39.03175849603987,39.656133071235985,38.145824252006484,38.81238555908203,7206,0.0,0.0,0.0
2023-12-20 00:00:00+02:00,38.81238455521745,38.89675801679403,37.968637064886636,38.15426254272461,8899,0.0,0.0,0.0
2023-12-21 00:00:00+02:00,38.15426104549123,38.643632896985935,37.54676184632707,38.053009033203125,9641,0.0,0.0,0.0
2023-12-24 00:00:00+02:00,38.053009033203125,38.053009033203125,38.053009033203125,38.053009033203125,0,0.0,0.0,0.0
2023-12-25 00:00:00+02:00,37.52145440452374,37.93488889966792,36.382393286119296,37.21770477294922,7233,0.0,0.0,0.0
2023-12-26 00:00:00+02:00,37.21770477294922,37.968639573985406,37.302078240101494,37.21770477294922,6678,0.0,0.0,0.0
2023-12-27 00:00:00+02:00,37.217703266135544,39.369258777824186,37.96863803676903,38.72801208496094,13795,0.0,0.0,0.0
2023-12-28 00:00:00+02:00,38.728012090147686,38.981135700031786,38.39894785679291,38.770198822021484,11391,0.0,0.0,0.0
2023-12-31 00:00:00+02:00,38.77019578236385,38.93050663837212,37.977071123297165,38.35675811767578,8983,0.0,0.0,0.0
2024-01-02 00:00:00+02:00,38.35676281917631,38.812387268277874,38.05301318644194,38.41582489013672,12503,0.0,0.0,0.0
2024-01-03 00:00:00+02:00,38.41582610019842,39.20051160326524,38.64363833192507,38.79551315307617,12982,0.0,0.0,0.0
2024-01-04 00:00:00+02:00,38.795511330929685,41.51237942764737,38.90519941186289,40.45769500732422,62067,0.0,0.0,0.0
2024-01-08 00:00:00+02:00,40.45769429557631,43.71456024322073,40.710817908272524,41.5545654296875,82372,0.0,0.0,0.0
2024-01-09 00:00:00+02:00,41.55456302782251,42.18737363230712,40.930188481862245,41.30987548828125,32989,0.0,0.0,0.0
2024-01-10 00:00:00+02:00,41.30987878498023,45.56236715895681,41.09050584078748,44.03518295288086,262241,0.0,0.0,0.0
2024-01-11 00:00:00+02:00,44.03518105821929,44.667991685977434,42.94674922464266,43.23362350463867,91696,0.0,0.0,0.0
2024-01-14 00:00:00+02:00,43.23362214163925,43.85799347223733,42.17049851808288,42.33924865722656,47668,0.0,0.0,0.0
2024-01-15 00:00:00+02:00,42.3392509733579,43.69768500074676,41.76550240006768,42.15362548828125,35469,0.0,0.0,0.0
2024-01-16 00:00:00+02:00,42.15362343654922,42.44049770923137,41.39425263378437,42.14518737792969,29735,0.0,0.0,0.0
2024-01-17 00:00:00+02:00,42.145189661642995,44.887369127273075,42.4405000089466,43.69768524169922,118196,0.0,0.0,0.0
2024-01-18 00:00:00+02:00,43.69768689216184,43.87487310723633,42.60925176760451,42.702064514160156,20728,0.0,0.0,0.0
2024-01-21 00:00:00+02:00,42.7020625446555,48.5154824482551,42.651436534694255,45.11518096923828,150997,0.0,0.0,0.0
2024-01-22 00:00:00+02:00,45.115181252643914,47.038924582276714,43.99299549793053,45.089866638183594,61601,0.0,0.0,0.0
2024-01-23 00:00:00+02:00,45.089867991481306,45.562367779011616,43.87487267608526,44.07737350463867,29073,0.0,0.0,0.0
2024-01-24 00:00:00+02:00,44.077370437672016,51.46016099926967,43.54580861601743,48.05985641479492,275782,0.0,0.0,0.0
2024-01-28 00:00:00+02:00,48.05985565024096,50.59953736546746,46.99673524248556,47.16548538208008,146321,0.0,0.0,0.0
2024-01-29 00:00:00+02:00,47.16548595147664,48.262357044120954,44.549866802788095,45.55392837524414,71662,0.0,0.0,0.0
2024-01-30 00:00:00+02:00,45.5539313063514,47.24986245320157,44.56674500640346,45.53705596923828,54426,0.0,0.0,0.0
2024-01-31 00:00:00+02:00,45.53705283950534,46.743612001714865,43.874869262480786,44.566741943359375,82772,0.0,0.0,0.0
2024-02-01 00:00:00+02:00,44.566740788770666,46.406110517690415,38.01082260758001,45.96736145019531,60036,0.0,0.0,0.0
2024-02-04 00:00:00+02:00,45.967364188775996,46.82798703952311,43.89174607625484,44.75236892700195,24883,0.0,0.0,0.0
2024-02-05 00:00:00+02:00,44.752368660092166,45.98423925104062,40.49988044128348,44.90424346923828,21299,0.0,0.0,0.0
2024-02-06 00:00:00+02:00,44.90424577634331,50.11860590855497,46.4061153899059,47.05580139160156,106528,0.0,0.0,0.0
2024-02-07 00:00:00+02:00,47.05579987997019,48.093608950023196,46.40611389914519,46.743614196777344,39666,0.0,0.0,0.0
2024-02-08 00:00:00+02:00,46.74361385981866,49.61235349444668,46.40611356461943,46.507362365722656,23377,0.0,0.0,0.0
2024-02-11 00:00:00+02:00,46.507362462077126,48.009235238319796,44.72705467756337,45.24174118041992,34296,0.0,0.0,0.0
2024-02-12 00:00:00+02:00,45.24174109786463,46.61705045597544,42.18737597825831,44.727054595947266,20758,0.0,0.0,0.0
2024-02-13 00:00:00+02:00,44.727052429845756,45.66361264618872,43.87486889255782,44.1617431640625,53352,0.0,0.0,0.0
2024-02-14 00:00:00+02:00,44.161744581002075,44.63424434294687,43.87487030029297,43.87487030029297,48257,0.0,0.0,0.0
2024-02-15 00:00:00+02:00,43.874871188947445,44.38111841520952,43.85799585225319,43.93393325805664,16056,0.0,0.0,0.0
2024-02-18 00:00:00+02:00,43.93393325805664,43.93393325805664,43.93393325805664,43.93393325805664,0,0.0,0.0,0.0
2024-02-19 00:00:00+02:00,44.10268197541164,44.67643052983501,43.97611856363189,44.13643264770508,9378,0.0,0.0,0.0
2024-02-20 00:00:00+02:00,44.136434971298215,44.63424614858959,43.87487207521582,43.99299621582031,11243,0.0,0.0,0.0
2024-02-21 00:00:00+02:00,43.99299514091004,46.313300818963455,43.87487100319176,44.600494384765625,25247,0.0,0.0,0.0
2024-02-22 00:00:00+02:00,44.60049147796959,45.553927013850014,44.2967418758384,44.743927001953125,9149,0.0,0.0,0.0
2024-02-25 00:00:00+02:00,44.7439271474699,44.617366958597735,37.968636017057854,41.377376556396484,33809,0.0,0.0,0.0
2024-02-26 00:00:00+02:00,41.377376556396484,42.600811027341024,40.499878418195046,41.377376556396484,5439,0.0,0.0,0.0
2024-02-27 00:00:00+02:00,41.37737950047367,42.60925011753643,40.525192695683764,41.487064361572266,9485,0.0,0.0,0.0
2024-02-28 00:00:00+02:00,41.487064361572266,42.524876652284995,41.622067055800784,41.487064361572266,4816,0.0,0.0,0.0
2024-02-29 00:00:00+02:00,41.487063530888186,41.76550175419734,38.39051171345412,39.99363327026367,9382,0.0,0.0,0.0
2024-03-03 00:00:00+02:00,39.99363327026367,41.03987838045493,38.053011421923266,39.99363327026367,4259,0.0,0.0,0.0
2024-03-04 00:00:00+02:00,39.99363303920851,42.60924901821679,39.673008085970686,42.05237579345703,15035,0.0,0.0,0.0
2024-03-05 00:00:00+02:00,42.052374659846244,43.03112161087741,42.11987278475811,42.27174758911133,12712,0.0,0.0,0.0
2024-03-06 00:00:00+02:00,42.27175031226305,44.29674568832894,40.97238155157288,42.83706283569336,17764,0.0,0.0,0.0
2024-03-07 00:00:00+02:00,42.83706283569336,41.26769190203851,39.74050770150139,42.83706283569336,3067,0.0,0.0,0.0
2024-03-10 00:00:00+02:00,42.83706283569336,42.18737684602756,41.259255842871525,42.83706283569336,1588,0.0,0.0,0.0
2024-03-11 00:00:00+02:00,42.83706283569336,42.60081455532086,41.47019272710166,42.83706283569336,4623,0.0,0.0,0.0
2024-03-12 00:00:00+02:00,42.83706283569336,42.42362512640006,40.07800800372618,42.83706283569336,4358,0.0,0.0,0.0
2024-03-13 00:00:00+02:00,42.83706283569336,40.06957194455921,38.795511361369975,42.83706283569336,4385,0.0,0.0,0.0
2024-03-14 00:00:00+02:00,42.83706283569336,42.18737684602756,34.27302404849319,42.83706283569336,5556,0.0,0.0,0.0
2024-03-17 00:00:00+02:00,42.83706283569336,41.259255842871525,37.968639161424804,42.83706283569336,2406,0.0,0.0,0.0
2024-03-18 00:00:00+02:00,42.83706107322053,40.28894323032235,35.445831151459444,37.8927001953125,28043,0.0,0.0,0.0
2024-03-19 00:00:00+02:00,37.89270105918464,39.65613350774268,36.28957948098956,39.64769744873047,14541,0.0,0.0,0.0
2024-03-20 00:00:00+02:00,39.64769744873047,38.82926132296714,37.56364004080514,39.64769744873047,1494,0.0,0.0,0.0
2024-03-21 00:00:00+02:00,39.64769744873047,40.09488260512914,37.968638464860014,39.64769744873047,1572,0.0,0.0,0.0
2024-03-24 00:00:00+02:00,39.64769744873047,39.740506972430275,38.26394880990794,39.64769744873047,1420,0.0,0.0,0.0
2024-03-25 00:00:00+02:00,39.64769744873047,40.05269587278535,38.601449105941015,39.64769744873047,1262,0.0,0.0,0.0
2024-03-26 00:00:00+02:00,39.64769744873047,39.65613350774268,38.64363583828481,39.64769744873047,4900,0.0,0.0,0.0
2024-03-27 00:00:00+02:00,39.64769744873047,39.61394677539889,36.70301718269801,39.64769744873047,1566,0.0,0.0,0.0
2024-03-28 00:00:00+02:00,39.64769744873047,38.72801252161376,36.95614079540214,39.64769744873047,1541,0.0,0.0,0.0
2024-03-31 00:00:00+02:00,39.64769744873047,39.234259747022016,36.97301613206793,39.64769744873047,3662,0.0,0.0,0.0
2024-04-01 00:00:00+02:00,39.64769744873047,38.719573243960184,37.234579022425635,39.64769744873047,1232,0.0,0.0,0.0
2024-04-02 00:00:00+02:00,39.64769744873047,39.234259747022016,37.33582782377901,39.64769744873047,2859,0.0,0.0,0.0
2024-04-03 00:00:00+02:00,39.64769744873047,38.80394992728914,37.6733281198121,39.64769744873047,215,0.0,0.0,0.0
2024-04-04 00:00:00+02:00,39.64769847925599,41.34362962523163,38.010826185183646,40.82050704956055,7849,0.0,0.0,0.0
2024-04-07 00:00:00+02:00,40.82050704956055,41.34362962523163,38.86301300642865,40.82050704956055,5792,0.0,0.0,0.0
2024-04-08 00:00:00+02:00,40.82050704956055,41.75706733768618,39.65613453848748,40.82050704956055,612,0.0,0.0,0.0
2024-04-15 00:00:00+02:00,40.82050704956055,42.103003701723075,39.65613453848748,40.82050704956055,3239,0.0,0.0,0.0
2024-04-16 00:00:00+02:00,40.82050704956055,40.50831814109104,39.740508005368106,40.82050704956055,4820,0.0,0.0,0.0
2024-04-17 00:00:00+02:00,40.82050704956055,39.8670714243305,39.8670714243305,40.82050704956055,692,0.0,0.0,0.0
2024-04-18 00:00:00+02:00,40.82050704956055,39.8670714243305,38.390513223429366,40.82050704956055,3632,0.0,0.0,0.0
2024-04-21 00:00:00+02:00,40.82050704956055,40.651756897157846,38.474886690309994,40.82050704956055,2153,0.0,0.0,0.0
2024-04-22 00:00:00+02:00,40.82050704956055,39.217385429697025,38.51707664239176,40.82050704956055,1251,0.0,0.0,0.0
2024-04-23 00:00:00+02:00,40.82050704956055,39.099261288607565,38.09520287070572,40.82050704956055,1482,0.0,0.0,0.0
2024-04-24 00:00:00+02:00,40.82050704956055,37.96863945174333,32.91459025074237,40.82050704956055,3693,0.0,0.0,0.0
2024-04-28 00:00:00+03:00,40.82050704956055,40.82050704956055,40.82050704956055,40.82050704956055,0,0.0,0.0,0.0
2024-04-29 00:00:00+03:00,40.820507250823944,36.28114454388149,32.914590413026055,35.353023529052734,12291,0.0,0.0,0.0
2024-04-30 00:00:00+03:00,35.353023529052734,37.124892091413614,32.90615435375298,35.353023529052734,4554,0.0,0.0,0.0
2024-05-02 00:00:00+03:00,31.08365821838379,32.22271606287655,29.96991176908024,31.08365821838379,1551,0.0,0.0,0.0
2024-05-07 00:00:00+03:00,31.08365821838379,32.357715534954515,31.218657690461754,31.08365821838379,2077,0.0,0.0,0.0
2024-05-08 00:00:00+03:00,31.08365821838379,31.387407835219538,30.37491018531414,31.08365821838379,2247,0.0,0.0,0.0
2024-05-09 00:00:00+03:00,31.08365821838379,31.640531443035563,30.543660330071923,31.08365821838379,5275,0.0,0.0,0.0
2024-05-12 00:00:00+03:00,31.08365821838379,32.89771664190768,28.603041711960667,31.08365821838379,4338,0.0,0.0,0.0
2024-05-13 00:00:00+03:00,31.08365821838379,32.172093272498124,26.62023314367899,31.08365821838379,8308,0.0,0.0,0.0
2024-05-14 00:00:00+03:00,31.08365821838379,33.581150061146815,31.218657690461754,31.08365821838379,3501,0.0,0.0,0.0
2024-05-15 00:00:00+03:00,31.08365821838379,31.682718174564684,31.387407835219538,31.08365821838379,3025,0.0,0.0,0.0
2024-05-16 00:00:00+03:00,31.08366069473549,37.29364334233717,31.573032613014576,37.04051971435547,16808,0.0,0.0,0.0
2024-05-19 00:00:00+03:00,37.04051580094586,44.44861767367855,37.37801286305033,40.96393966674805,34212,0.0,0.0,0.0
2024-05-20 00:00:00+03:00,40.963942139397076,41.75706688143134,36.41614344529534,37.69020080566406,13348,0.0,0.0,0.0
2024-05-21 00:00:00+03:00,37.69019922140655,39.656132438295394,37.124889942233985,38.64363479614258,19036,0.0,0.0,0.0
2024-05-22 00:00:00+03:00,38.64363479614258,38.39051119026469,37.133326001018695,38.64363479614258,3788,0.0,0.0,0.0
2024-05-23 00:00:00+03:00,38.64363479614258,38.39051119026469,37.158640614655376,38.64363479614258,3133,0.0,0.0,0.0
2024-05-26 00:00:00+03:00,38.64363479614258,38.64363479614258,38.64363479614258,38.64363479614258,0,0.0,0.0,0.0
2024-05-27 00:00:00+03:00,37.2598876953125,37.951760354844026,36.762076565294336,37.2598876953125,5223,0.0,0.0,0.0
2024-05-28 00:00:00+03:00,37.259889825606045,37.96020180221402,36.804265398799025,37.698638916015625,8664,0.0,0.0,0.0
2024-05-29 00:00:00+03:00,37.69863812547207,38.81238455521745,37.37801317792682,38.15426254272461,7909,0.0,0.0,0.0
2024-05-30 00:00:00+03:00,38.15426254272461,39.06550815858844,38.15426254272461,38.15426254272461,3474,0.0,0.0,0.0
2024-06-02 00:00:00+03:00,38.15426254272461,39.057072099887286,36.80426462701056,38.15426254272461,7052,0.0,0.0,0.0
2024-06-03 00:00:00+03:00,38.15426270875138,38.89675818605174,37.12488973610331,37.487701416015625,11680,0.0,0.0,0.0
2024-06-04 00:00:00+03:00,37.48770135617896,38.89675812396599,37.54676342317355,38.71113586425781,11896,0.0,0.0,0.0
2024-06-05 00:00:00+03:00,38.711137453052416,39.64769772332132,37.749265786930216,39.53800964355469,34884,0.0,0.0,0.0
2024-06-06 00:00:00+03:00,42.54552001188652,41.24718228656818,36.31713141931804,38.686824798583984,23282,3.3125,0.0,0.0
2024-06-09 00:00:00+03:00,38.68682330885295,38.13298652187975,35.41827952889469,36.335289001464844,10833,0.0,0.0,0.0
2024-06-10 00:00:00+03:00,36.33529176287458,37.01623800251585,34.601148811127025,35.5726318359375,8059,0.0,0.0,0.0
2024-06-11 00:00:00+03:00,35.57263144360702,38.13298899934227,37.043474335238166,37.56099319458008,8702,0.0,0.0,0.0
2024-06-12 00:00:00+03:00,37.56099349936274,39.04091762564169,37.234138751132136,38.82301330566406,12233,0.0,0.0,0.0
2024-06-13 00:00:00+03:00,38.82301062597526,42.218663820637865,37.2250584224979,41.34705352783203,48310,0.0,0.0,0.0
2024-06-23 00:00:00+03:00,41.34705352783203,41.76469969353423,39.73093888018253,41.34705352783203,6400,0.0,0.0,0.0
2024-06-24 00:00:00+03:00,41.34705352783203,41.310735566430594,39.957920943734344,41.34705352783203,6630,0.0,0.0,0.0
2024-06-25 00:00:00+03:00,41.34705352783203,40.84769368071232,39.30421495586568,41.34705352783203,2014,0.0,0.0,0.0
2024-06-26 00:00:00+03:00,41.34705352783203,40.38464833152261,39.04091493091243,41.34705352783203,6130,0.0,0.0,0.0
2024-06-27 00:00:00+03:00,41.34705352783203,40.12134830656937,39.26789699446425,41.34705352783203,2502,0.0,0.0,0.0
2024-07-02 00:00:00+03:00,40.13950729370117,40.511757739446935,39.04091493716751,40.13950729370117,3000,0.0,0.0,0.0
2024-07-03 00:00:00+03:00,40.13950729370117,40.30293465656238,38.8684098156902,40.13950729370117,3562,0.0,0.0,0.0
2024-07-04 00:00:00+03:00,40.13950729370117,39.930684210816615,39.249738020052064,40.13950729370117,2398,0.0,0.0,0.0
2024-07-07 00:00:00+03:00,40.13950729370117,40.12134831299755,38.8684098156902,40.13950729370117,1922,0.0,0.0,0.0
2024-07-08 00:00:00+03:00,40.13950729370117,39.40408762429717,38.941042275033276,40.13950729370117,4104,0.0,0.0,0.0
2024-07-09 00:00:00+03:00,40.13950729370117,39.31329272077904,36.77109430128567,40.13950729370117,6983,0.0,0.0,0.0
2024-07-10 00:00:00+03:00,40.13950729370117,40.13950729370117,37.22505842846204,40.13950729370117,3666,0.0,0.0,0.0
2024-07-14 00:00:00+03:00,40.13950729370117,39.485801305727776,37.31584986850874,40.13950729370117,3011,0.0,0.0,0.0
2024-07-15 00:00:00+03:00,40.13950729370117,39.04091493716751,37.86968665781934,40.13950729370117,531,0.0,0.0,0.0
2024-07-16 00:00:00+03:00,40.13950729370117,39.485801305727776,38.01495503997692,40.13950729370117,294,0.0,0.0,0.0
2024-07-17 00:00:00+03:00,40.13950729370117,39.476720083640245,38.087590962791424,40.13950729370117,3774,0.0,0.0,0.0
2024-07-18 00:00:00+03:00,40.13950729370117,40.13950729370117,38.41444568851384,40.13950729370117,5184,0.0,0.0,0.0
2024-07-21 00:00:00+03:00,40.139510038501726,41.31073839794026,39.64015015715502,41.038360595703125,11783,0.0,0.0,0.0
2024-07-22 00:00:00+03:00,41.038360595703125,40.85677423972114,39.64922791639187,41.038360595703125,5904,0.0,0.0,0.0
2024-07-23 00:00:00+03:00,41.038360595703125,40.829537498538926,39.67646812104575,41.038360595703125,1226,0.0,0.0,0.0
2024-07-24 00:00:00+03:00,41.038357867062615,43.580556291364594,40.675185179246,42.127872467041016,14799,0.0,0.0,0.0
2024-07-28 00:00:00+03:00,42.127872467041016,43.56239731062662,41.038357867062615,42.127872467041016,1865,0.0,0.0,0.0
2024-07-29 00:00:00+03:00,42.127872467041016,41.99168184324193,41.310735651189354,42.127872467041016,1759,0.0,0.0,0.0
2024-07-30 00:00:00+03:00,42.127872467041016,42.66355027666123,41.310735651189354,42.127872467041016,3377,0.0,0.0,0.0
2024-07-31 00:00:00+03:00,42.127872467041016,41.99168184324193,40.85677152315431,42.127872467041016,3335,0.0,0.0,0.0
2024-08-01 00:00:00+03:00,42.127872467041016,42.43656821264371,41.310735651189354,42.127872467041016,2426,0.0,0.0,0.0
2024-08-04 00:00:00+03:00,42.127872467041016,41.71930405911519,40.13042961099252,42.127872467041016,2740,0.0,0.0,0.0
2024-08-05 00:00:00+03:00,42.12787374876495,40.17582655343541,36.68030404660422,38.78669738769531,7802,0.0,0.0,0.0
2024-08-06 00:00:00+03:00,38.78669738769531,41.492323257485225,38.32365202346759,38.78669738769531,5163,0.0,0.0,0.0
2024-08-07 00:00:00+03:00,38.78669690051294,41.37429109114906,39.9579217395279,41.301658630371094,6847,0.0,0.0,0.0
2024-08-08 00:00:00+03:00,41.301658630371094,41.58311417815904,39.94884398073246,41.301658630371094,5862,0.0,0.0,0.0
2024-08-11 00:00:00+03:00,41.301658630371094,42.218664661455904,40.86585001181727,41.301658630371094,4212,0.0,0.0,0.0
2024-08-12 00:00:00+03:00,41.301658630371094,43.85293485888248,42.218664661455904,41.301658630371094,5591,0.0,0.0,0.0
2024-08-13 00:00:00+03:00,41.301658630371094,43.56239808882759,41.79193726516902,41.301658630371094,3107,0.0,0.0,0.0
2024-08-14 00:00:00+03:00,41.301658630371094,42.67262879760059,41.87365094821392,41.301658630371094,1173,0.0,0.0,0.0
2024-08-15 00:00:00+03:00,41.301658630371094,43.88017506221178,41.90089115154322,41.301658630371094,3532,0.0,0.0,0.0
2024-08-18 00:00:00+03:00,41.30166097666401,49.55472957915923,43.489768098646024,47.23950958251953,99037,0.0,0.0,0.0
2024-08-19 00:00:00+03:00,47.239509187921556,49.55472916522191,46.39513557670013,47.185035705566406,37118,0.0,0.0,0.0
2024-08-20 00:00:00+03:00,47.1850359097225,48.556006149314904,45.97748958137429,46.6584358215332,35812,0.0,0.0,0.0
2024-08-21 00:00:00+03:00,46.658433869266986,47.9840083300789,45.67787312547171,47.14871597290039,27250,0.0,0.0,0.0
2024-08-22 00:00:00+03:00,47.14871691229658,47.4392536913188,45.59616034999569,46.67659378051758,12238,0.0,0.0,0.0
2024-08-25 00:00:00+03:00,46.67659474213261,47.194113606894646,44.079919195588104,45.096797943115234,9667,0.0,0.0,0.0
2024-08-26 00:00:00+03:00,45.09679554693335,54.1125235528079,44.806258777363034,52.559967041015625,67165,0.0,0.0,0.0
2024-08-27 00:00:00+03:00,52.559968387783414,56.27339524894328,49.926978413152206,50.88030242919922,123155,0.0,0.0,0.0
2024-08-28 00:00:00+03:00,50.8803032544679,51.74283584048972,48.75575087341709,49.72723388671875,27120,0.0,0.0,0.0
2024-08-29 00:00:00+03:00,49.72723364576383,50.8439850445179,48.619560006125916,48.9191780090332,26324,0.0,0.0,0.0
2024-09-01 00:00:00+03:00,48.91917729350673,56.48221815725114,48.71035420217345,54.33042907714844,128172,0.0,0.0,0.0
2024-09-02 00:00:00+03:00,54.33042922562647,58.78835700850472,52.65984102692315,56.119049072265625,105657,0.0,0.0,0.0
2024-09-03 00:00:00+03:00,56.11905046737609,61.276080116649354,56.51853767962727,58.9245491027832,75541,0.0,0.0,0.0
2024-09-04 00:00:00+03:00,58.92454912634154,59.46930473085383,54.49385797204174,56.155364990234375,43074,0.0,0.0,0.0
2024-09-05 00:00:00+03:00,56.1553617025009,59.90510986335931,56.29155232739124,56.509456634521484,52757,0.0,0.0,0.0
2024-09-08 00:00:00+03:00,56.50945962540317,57.83503412881256,55.57429110950145,56.00101852416992,20309,0.0,0.0,0.0
2024-09-09 00:00:00+03:00,56.00101743073895,56.282476448626895,53.567769326621466,54.13068389892578,33388,0.0,0.0,0.0
2024-09-10 00:00:00+03:00,54.13068225256199,55.55612935319417,51.7609889239971,52.63260269165039,10748,0.0,0.0,0.0
2024-09-11 00:00:00+03:00,52.632603944096786,53.46789630627979,50.84398410909108,52.31482696533203,8775,0.0,0.0,0.0
2024-09-12 00:00:00+03:00,52.314825892912744,54.10344569125293,51.03464717209052,52.9866943359375,31836,0.0,0.0,0.0
2024-09-16 00:00:00+03:00,52.98669474513445,55.48349750430498,53.57684604649185,54.4756965637207,26807,0.0,0.0,0.0
2024-09-17 00:00:00+03:00,54.475698371479666,54.67544370715268,52.78695116780834,54.18516159057617,13848,0.0,0.0,0.0
2024-09-18 00:00:00+03:00,54.18516119507485,59.832476326675675,55.837590423204134,57.60805130004883,61763,0.0,0.0,0.0
2024-09-19 00:00:00+03:00,57.60804915563901,58.49781844047454,56.9724986769075,57.19040298461914,22437,0.0,0.0,0.0
2024-09-22 00:00:00+03:00,57.190402559856565,59.74168221456406,57.008816215357456,57.2902717590332,10632,0.0,0.0,0.0
2024-09-23 00:00:00+03:00,57.29027428133297,58.470583840806576,57.19948283682189,57.934906005859375,12098,0.0,0.0,0.0
2024-09-24 00:00:00+03:00,57.51725462423351,58.098331627411575,57.47185890334484,57.57173156738281,19186,0.0,0.0,0.0
2024-09-25 00:00:00+03:00,57.52633509787488,58.46150009720339,57.199480370175586,57.51725387573242,11733,0.0,0.0,0.0
2024-09-26 00:00:00+03:00,57.51725462423351,58.098331627411575,57.47185890334484,57.57173156738281,19186,0.0,0.0,0.0
2024-09-29 00:00:00+03:00,57.57173255261583,60.37723109859307,57.199482093403965,59.31495666503906,41867,0.0,0.0,0.0
2024-09-30 00:00:00+03:00,59.314957017507275,60.22288531009936,58.56137487218949,59.14244842529297,21769,0.0,0.0,0.0
2024-10-01 00:00:00+03:00,59.14244844020024,63.27352494331275,59.178766403146255,62.238487243652344,45215,0.0,0.0,0.0
2024-10-02 00:00:00+03:00,68.55000305175781,62.9900016784668,55.560001373291016,59.75,51278,6.311515,0.0,0.0
2024-10-03 00:00:00+03:00,59.75,61.0,59.150001525878906,59.66999816894531,7494,0.0,0.0,0.0
2024-10-07 00:00:00+03:00,59.66999816894531,60.5,57.099998474121094,59.529998779296875,28532,0.0,0.0,0.0
2024-10-08 00:00:00+03:00,59.529998779296875,60.4900016784668,59.0,59.18000030517578,17137,0.0,0.0,0.0
2024-10-09 00:00:00+03:00,59.18000030517578,60.0,57.75,59.36000061035156,12740,0.0,0.0,0.0
2024-10-10 00:00:00+03:00,59.36000061035156,60.38999938964844,58.099998474121094,59.36000061035156,4993,0.0,0.0,0.0
2024-10-13 00:00:00+03:00,59.36000061035156,62.400001525878906,58.77000045776367,60.5,51199,0.0,0.0,0.0
2024-10-14 00:00:00+03:00,60.5,61.9900016784668,48.5,57.099998474121094,13559,0.0,0.0,0.0
2024-10-15 00:00:00+03:00,57.099998474121094,61.0,58.16999816894531,59.59000015258789,6363,0.0,0.0,0.0
2024-10-16 00:00:00+03:00,59.59000015258789,60.5,58.720001220703125,59.45000076293945,6736,0.0,0.0,0.0
2024-10-17 00:00:00+03:00,59.45000076293945,62.20000076293945,59.0,60.58000183105469,13856,0.0,0.0,0.0
2024-10-20 00:00:00+03:00,60.58000183105469,61.400001525878906,60.0,60.34000015258789,7649,0.0,0.0,0.0
2024-10-21 00:00:00+03:00,60.34000015258789,60.599998474121094,59.0099983215332,60.34000015258789,823,0.0,0.0,0.0
2024-10-22 00:00:00+03:00,60.34000015258789,61.400001525878906,59.0099983215332,60.279998779296875,11918,0.0,0.0,0.0
2024-10-23 00:00:00+03:00,60.279998779296875,70.0,59.79999923706055,66.26000213623047,62833,0.0,0.0,0.0
2024-10-24 00:00:00+03:00,66.26000213623047,69.0,64.0,65.33000183105469,23265,0.0,0.0,0.0
2024-10-27 00:00:00+03:00,65.33000183105469,67.0,64.16000366210938,65.80999755859375,6970,0.0,0.0,0.0
2024-10-28 00:00:00+03:00,65.80999755859375,65.98999786376953,56.15999984741211,62.5,41246,0.0,0.0,0.0
2024-10-29 00:00:00+03:00,62.5,65.0,62.5,62.91999816894531,14185,0.0,0.0,0.0
2024-10-30 00:00:00+03:00,62.91999816894531,64.5999984741211,62.20000076293945,62.91999816894531,2492,0.0,0.0,0.0
2024-10-31 00:00:00+03:00,62.91999816894531,63.939998626708984,61.27000045776367,62.91999816894531,3351,0.0,0.0,0.0
2024-11-03 00:00:00+02:00,62.91999816894531,63.63999938964844,62.16999816894531,62.91999816894531,2383,0.0,0.0,0.0
2024-11-04 00:00:00+02:00,62.91999816894531,65.0,61.0099983215332,62.27000045776367,17533,0.0,0.0,0.0
2024-11-05 00:00:00+02:00,62.27000045776367,63.0,61.0099983215332,62.27000045776367,3412,0.0,0.0,0.0
2024-11-06 00:00:00+02:00,62.27000045776367,63.59000015258789,61.650001525878906,62.27000045776367,4208,0.0,0.0,0.0
2024-11-07 00:00:00+02:00,62.27000045776367,64.0,62.02000045776367,63.439998626708984,9929,0.0,0.0,0.0
2024-11-10 00:00:00+02:00,63.439998626708984,64.48999786376953,63.02000045776367,63.720001220703125,6979,0.0,0.0,0.0
2024-11-11 00:00:00+02:00,63.720001220703125,63.709999084472656,63.150001525878906,63.720001220703125,3625,0.0,0.0,0.0
2024-11-12 00:00:00+02:00,63.720001220703125,65.0,62.54999923706055,65.0,13367,0.0,0.0,0.0
2024-11-13 00:00:00+02:00,65.0,65.0,63.5,65.0,2387,0.0,0.0,0.0
2024-11-14 00:00:00+02:00,65.0,78.0,63.70000076293945,78.0,151181,0.0,0.0,0.0
2024-11-17 00:00:00+02:00,78.0,93.5999984741211,85.0,93.5999984741211,239013,0.0,0.0,0.0
2024-11-18 00:00:00+02:00,93.5999984741211,96.19999694824219,85.0,85.19999694824219,149339,0.0,0.0,0.0
2024-11-19 00:00:00+02:00,85.19999694824219,100.0,85.0,88.88999938964844,162722,0.0,0.0,0.0
2024-11-20 00:00:00+02:00,88.88999938964844,90.0,85.02999877929688,87.05000305175781,49616,0.0,0.0,0.0
2024-11-21 00:00:00+02:00,87.05000305175781,91.30000305175781,85.19999694824219,85.5199966430664,32368,0.0,0.0,0.0
2024-11-24 00:00:00+02:00,85.5199966430664,87.4000015258789,82.11000061035156,82.94000244140625,19252,0.0,0.0,0.0
2024-11-25 00:00:00+02:00,82.94000244140625,89.9000015258789,82.55000305175781,83.97000122070312,40685,0.0,0.0,0.0
2024-11-26 00:00:00+02:00,83.97000122070312,87.16999816894531,82.22000122070312,82.58999633789062,17195,0.0,0.0,0.0
2024-11-27 00:00:00+02:00,82.58999633789062,84.98999786376953,78.0199966430664,80.37000274658203,15916,0.0,0.0,0.0
2024-11-28 00:00:00+02:00,80.37000274658203,88.9800033569336,80.37000274658203,82.51000213623047,80485,0.0,0.0,0.0
2024-12-01 00:00:00+02:00,82.51000213623047,85.26000213623047,81.72000122070312,82.9000015258789,21717,0.0,0.0,0.0
2024-12-02 00:00:00+02:00,82.9000015258789,83.9800033569336,81.05000305175781,81.7300033569336,11491,0.0,0.0,0.0
2024-12-03 00:00:00+02:00,81.7300033569336,86.0,81.0,82.3499984741211,57503,0.0,0.0,0.0
2024-12-04 00:00:00+02:00,82.3499984741211,88.0,83.19000244140625,84.08000183105469,54918,0.0,0.0,0.0
2024-12-05 00:00:00+02:00,84.08000183105469,94.9800033569336,84.0,89.3499984741211,139401,0.0,0.0,0.0
2024-12-08 00:00:00+02:00,89.3499984741211,91.0,86.5,87.3499984741211,38376,0.0,0.0,0.0
2024-12-09 00:00:00+02:00,87.3499984741211,89.0,85.98999786376953,86.18000030517578,16968,0.0,0.0,0.0
2024-12-10 00:00:00+02:00,86.18000030517578,87.0,84.19999694824219,84.88999938964844,9006,0.0,0.0,0.0
2024-12-11 00:00:00+02:00,84.88999938964844,89.69999694824219,85.05999755859375,86.0199966430664,29635,0.0,0.0,0.0
2024-12-12 00:00:00+02:00,86.0199966430664,87.94000244140625,85.4000015258789,85.77999877929688,6644,0.0,0.0,0.0
2024-12-15 00:00:00+02:00,85.77999877929688,86.5,84.55000305175781,85.63999938964844,5628,0.0,0.0,0.0
2024-12-16 00:00:00+02:00,85.63999938964844,86.4800033569336,84.80000305175781,85.5,5119,0.0,0.0,0.0
2024-12-17 00:00:00+02:00,85.5,86.0,83.31999969482422,84.06999969482422,3824,0.0,0.0,0.0
2024-12-18 00:00:00+02:00,84.06999969482422,85.5,80.0,83.70999908447266,7013,0.0,0.0,0.0
2024-12-19 00:00:00+02:00,83.70999908447266,91.5,83.12000274658203,87.91000366210938,47960,0.0,0.0,0.0
2024-12-22 00:00:00+02:00,87.91000366210938,89.94999694824219,85.0199966430664,86.08000183105469,14749,0.0,0.0,0.0
2024-12-23 00:00:00+02:00,86.08000183105469,88.0,85.0,85.93000030517578,6411,0.0,0.0,0.0
2024-12-24 00:00:00+02:00,85.93000030517578,87.48999786376953,84.0,86.86000061035156,17351,0.0,0.0,0.0
2024-12-25 00:00:00+02:00,86.86000061035156,89.88999938964844,86.51000213623047,89.16999816894531,16514,0.0,0.0,0.0
2024-12-26 00:00:00+02:00,89.16999816894531,90.87999725341797,87.5,88.47000122070312,7738,0.0,0.0,0.0
2024-12-29 00:00:00+02:00,88.47000122070312,90.19999694824219,85.5,88.47000122070312,2450,0.0,0.0,0.0
2024-12-30 00:00:00+02:00,88.47000122070312,88.47000122070312,85.51000213623047,86.69999694824219,14308,0.0,0.0,0.0
2024-12-31 00:00:00+02:00,86.69999694824219,87.80000305175781,85.05000305175781,87.06999969482422,6210,0.0,0.0,0.0
2025-01-02 00:00:00+02:00,87.06999969482422,91.4000015258789,86.0,90.06999969482422,9315,0.0,0.0,0.0
2025-01-05 00:00:00+02:00,90.06999969482422,94.0,89.0199966430664,91.83999633789062,17810,0.0,0.0,0.0
2025-01-06 00:00:00+02:00,91.83999633789062,93.69999694824219,91.69999694824219,92.69999694824219,9655,0.0,0.0,0.0
2025-01-08 00:00:00+02:00,92.69999694824219,108.0,92.25,101.97000122070312,266739,0.0,0.0,0.0
2025-01-09 00:00:00+02:00,101.97000122070312,103.5,94.0,95.05999755859375,95842,0.0,0.0,0.0
2025-01-12 00:00:00+02:00,95.05999755859375,103.0,93.0999984741211,99.55999755859375,127610,0.0,0.0,0.0
2025-01-13 00:00:00+02:00,99.55999755859375,103.0,100.55000305175781,101.18000030517578,98593,0.0,0.0,0.0
2025-01-14 00:00:00+02:00,101.18000030517578,102.0,95.05000305175781,97.30999755859375,20408,0.0,0.0,0.0
2025-01-15 00:00:00+02:00,97.30999755859375,99.97000122070312,95.0,95.08000183105469,30293,0.0,0.0,0.0
2025-01-16 00:00:00+02:00,95.08000183105469,97.0,94.98999786376953,95.47000122070312,21595,0.0,0.0,0.0
2025-01-19 00:00:00+02:00,95.08000183105469,97.0,93.1500015258789,94.52999877929688,35630,0.0,0.0,0.0
2025-01-20 00:00:00+02:00,94.43000030517578,99.9800033569336,95.0,95.6500015258789,18737,0.0,0.0,0.0
2025-01-21 00:00:00+02:00,95.6500015258789,97.5,95.0,95.63999938964844,10202,0.0,0.0,0.0
2025-01-22 00:00:00+02:00,95.63999938964844,97.5,95.12000274658203,95.55999755859375,10994,0.0,0.0,0.0
2025-01-23 00:00:00+02:00,95.55999755859375,96.0,95.01000213623047,95.23999786376953,6743,0.0,0.0,0.0
2025-01-26 00:00:00+02:00,95.23999786376953,95.69999694824219,94.30000305175781,94.63999938964844,8142,0.0,0.0,0.0
2025-01-27 00:00:00+02:00,94.63999938964844,94.8499984741211,94.1500015258789,94.19000244140625,7441,0.0,0.0,0.0
2025-01-28 00:00:00+02:00,94.19000244140625,96.18000030517578,94.0,95.55999755859375,11166,0.0,0.0,0.0
2025-01-29 00:00:00+02:00,95.55999755859375,95.97000122070312,94.0,94.06999969482422,11324,0.0,0.0,0.0
2025-01-30 00:00:00+02:00,94.06999969482422,95.94000244140625,93.0,93.52999877929688,5011,0.0,0.0,0.0
2025-02-02 00:00:00+02:00,93.52999877929688,94.69999694824219,93.02999877929688,93.43000030517578,6576,0.0,0.0,0.0
2025-02-03 00:00:00+02:00,93.43000030517578,94.69000244140625,90.02999877929688,92.22000122070312,5315,0.0,0.0,0.0
2025-02-04 00:00:00+02:00,92.22000122070312,93.98999786376953,91.5,92.58000183105469,3298,0.0,0.0,0.0
2025-02-05 00:00:00+02:00,92.58000183105469,95.0,92.58000183105469,94.2300033569336,12392,0.0,0.0,0.0
2025-02-06 00:00:00+02:00,94.2300033569336,94.9000015258789,93.11000061035156,94.2300033569336,1922,0.0,0.0,0.0
2025-02-09 00:00:00+02:00,94.2300033569336,95.0,93.30000305175781,94.44999694824219,4770,0.0,0.0,0.0
2025-02-10 00:00:00+02:00,94.44999694824219,95.0,93.5,94.54000091552734,7230,0.0,0.0,0.0
2025-02-11 00:00:00+02:00,94.54000091552734,93.69999694824219,93.48999786376953,94.54000091552734,1498,0.0,0.0,0.0
2025-02-12 00:00:00+02:00,94.54000091552734,95.5,93.52999877929688,95.0,17130,0.0,0.0,0.0
2025-02-13 00:00:00+02:00,95.0,96.0,95.0,95.97000122070312,8503,0.0,0.0,0.0
2025-02-16 00:00:00+02:00,95.97000122070312,95.5,93.69999694824219,95.97000122070312,2733,0.0,0.0,0.0
2025-02-17 00:00:00+02:00,95.97000122070312,98.0,93.81999969482422,97.83999633789062,10701,0.0,0.0,0.0
2025-02-18 00:00:00+02:00,97.83999633789062,97.98999786376953,94.51000213623047,97.83999633789062,697,0.0,0.0,0.0
2025-02-19 00:00:00+02:00,97.83999633789062,97.0,95.0,97.83999633789062,195,0.0,0.0,0.0
2025-02-20 00:00:00+02:00,97.83999633789062,97.0,95.05000305175781,97.83999633789062,2767,0.0,0.0,0.0
2025-02-23 00:00:00+02:00,97.83999633789062,97.0,94.70999908447266,97.83999633789062,663,0.0,0.0,0.0
2025-02-24 00:00:00+02:00,97.83999633789062,96.0,86.86000061035156,92.56999969482422,6088,0.0,0.0,0.0
2025-02-25 00:00:00+02:00,92.56999969482422,94.95999908447266,93.41000366210938,92.56999969482422,2643,0.0,0.0,0.0
2025-02-26 00:00:00+02:00,92.56999969482422,95.5999984741211,93.0,93.58999633789062,5521,0.0,0.0,0.0
2025-02-27 00:00:00+02:00,93.58999633789062,94.87999725341797,93.0,93.58999633789062,2922,0.0,0.0,0.0
2025-03-02 00:00:00+02:00,93.58999633789062,95.0,93.16000366210938,93.58999633789062,1486,0.0,0.0,0.0
2025-03-03 00:00:00+02:00,93.58999633789062,94.93000030517578,93.44999694824219,93.58999633789062,448,0.0,0.0,0.0
2025-03-04 00:00:00+02:00,93.58999633789062,95.0,93.61000061035156,93.58999633789062,488,0.0,0.0,0.0
2025-03-05 00:00:00+02:00,93.58999633789062,95.0,93.7300033569336,93.58999633789062,2592,0.0,0.0,0.0
2025-03-06 00:00:00+02:00,93.58999633789062,94.69999694824219,93.66000366210938,93.58999633789062,2368,0.0,0.0,0.0
2025-03-09 00:00:00+02:00,93.58999633789062,94.69999694824219,93.69999694824219,93.58999633789062,1245,0.0,0.0,0.0
2025-03-10 00:00:00+02:00,93.58999633789062,94.69999694824219,93.58999633789062,93.58999633789062,1277,0.0,0.0,0.0
2025-03-11 00:00:00+02:00,93.58999633789062,94.5,93.87000274658203,93.58999633789062,2769,0.0,0.0,0.0
2025-03-12 00:00:00+02:00,93.58999633789062,94.4000015258789,93.91000366210938,93.58999633789062,306,0.0,0.0,0.0
2025-03-13 00:00:00+02:00,93.58999633789062,94.75,93.79000091552734,93.58999633789062,1669,0.0,0.0,0.0
2025-03-16 00:00:00+02:00,93.58999633789062,94.19999694824219,93.80000305175781,93.58999633789062,2855,0.0,0.0,0.0
2025-03-17 00:00:00+02:00,93.58999633789062,94.0,93.70999908447266,93.58999633789062,1793,0.0,0.0,0.0
2025-03-18 00:00:00+02:00,93.58999633789062,93.80000305175781,93.61000061035156,93.58999633789062,551,0.0,0.0,0.0
2025-03-19 00:00:00+02:00,93.58999633789062,94.0,93.55000305175781,93.58999633789062,597,0.0,0.0,0.0
2025-03-20 00:00:00+02:00,93.58999633789062,94.0,93.33000183105469,93.58999633789062,2110,0.0,0.0,0.0
2025-03-23 00:00:00+02:00,93.58999633789062,94.5,93.47000122070312,93.58999633789062,1020,0.0,0.0,0.0
2025-03-24 00:00:00+02:00,93.58999633789062,94.5,93.3499984741211,93.58999633789062,3192,0.0,0.0,0.0
2025-03-25 00:00:00+02:00,93.58999633789062,94.5,93.5,93.58999633789062,2984,0.0,0.0,0.0
2025-03-26 00:00:00+02:00,93.58999633789062,93.51000213623047,93.51000213623047,93.58999633789062,11,0.0,0.0,0.0
2025-03-27 00:00:00+02:00,93.58999633789062,107.5,94.0,102.37999725341797,55094,0.0,0.0,0.0
2025-04-03 00:00:00+02:00,102.37999725341797,105.5,95.0,97.41999816894531,4956,0.0,0.0,0.0
2025-04-06 00:00:00+02:00,97.41999816894531,98.44999694824219,92.01000213623047,97.0999984741211,5590,0.0,0.0,0.0
2025-04-07 00:00:00+02:00,97.0999984741211,104.44000244140625,95.22000122070312,101.01000213623047,13316,0.0,0.0,0.0
2025-04-08 00:00:00+02:00,101.01000213623047,121.20999908447266,103.05999755859375,110.7699966430664,81380,0.0,0.0,0.0
2025-04-09 00:00:00+02:00,110.7699966430664,114.0,105.0,106.19000244140625,27664,0.0,0.0,0.0
2025-04-10 00:00:00+02:00,106.19000244140625,117.91000366210938,107.08999633789062,115.94999694824219,18904,0.0,0.0,0.0
2025-04-13 00:00:00+02:00,115.94999694824219,129.0,112.56999969482422,123.19000244140625,45358,0.0,0.0,0.0
2025-04-14 00:00:00+02:00,123.19000244140625,126.66000366210938,121.37000274658203,122.68000030517578,15335,0.0,0.0,0.0
2025-04-15 00:00:00+02:00,122.68000030517578,124.0,119.0,119.63999938964844,11386,0.0,0.0,0.0
2025-04-16 00:00:00+02:00,119.63999938964844,121.94000244140625,115.0999984741211,117.68000030517578,9125,0.0,0.0,0.0
2025-04-17 00:00:00+02:00,117.68000030517578,119.5199966430664,116.06999969482422,118.12999725341797,5677,0.0,0.0,0.0
2025-04-22 00:00:00+02:00,118.12999725341797,122.98999786376953,114.0,120.80999755859375,10332,0.0,0.0,0.0
2025-04-23 00:00:00+02:00,120.80999755859375,125.98999786376953,118.5,120.02999877929688,11611,0.0,0.0,0.0
2025-04-27 00:00:00+03:00,120.02999877929688,119.0,110.0,115.1500015258789,12577,0.0,0.0,0.0
2025-04-28 00:00:00+03:00,115.1500015258789,116.98999786376953,113.0,113.22000122070312,7199,0.0,0.0,0.0
2025-04-29 00:00:00+03:00,113.22000122070312,116.5,113.0,116.12000274658203,18347,0.0,0.0,0.0
2025-04-30 00:00:00+03:00,116.12000274658203,118.80000305175781,113.5,115.83000183105469,16719,0.0,0.0,0.0
2025-05-04 00:00:00+03:00,115.83000183105469,115.5,113.5,113.6500015258789,7351,0.0,0.0,0.0
2025-05-05 00:00:00+03:00,113.6500015258789,115.0,112.0,112.62999725341797,5050,0.0,0.0,0.0
2025-05-06 00:00:00+03:00,112.62999725341797,113.5999984741211,105.19999694824219,109.9800033569336,13276,0.0,0.0,0.0
2025-05-07 00:00:00+03:00,109.9800033569336,114.23999786376953,109.0999984741211,110.30000305175781,4370,0.0,0.0,0.0
2025-05-08 00:00:00+03:00,110.30000305175781,112.94999694824219,107.4000015258789,108.45999908447266,4882,0.0,0.0,0.0
2025-05-11 00:00:00+03:00,108.45999908447266,113.0,105.0,106.30999755859375,6211,0.0,0.0,0.0
2025-05-12 00:00:00+03:00,106.30999755859375,106.30999755859375,101.0,103.5,5741,0.0,0.0,0.0
2025-05-13 00:00:00+03:00,103.5,113.0,103.58999633789062,109.94000244140625,10758,0.0,0.0,0.0
2025-05-14 00:00:00+03:00,109.94000244140625,111.0,106.0,109.52999877929688,9845,0.0,0.0,0.0
2025-05-15 00:00:00+03:00,109.52999877929688,110.80000305175781,107.0,109.52999877929688,1673,0.0,0.0,0.0
2025-05-18 00:00:00+03:00,109.52999877929688,109.3499984741211,103.0,104.41999816894531,15768,0.0,0.0,0.0
2025-05-19 00:00:00+03:00,104.41999816894531,104.98999786376953,100.0,102.29000091552734,8644,0.0,0.0,0.0
2025-05-20 00:00:00+03:00,102.29000091552734,101.37000274658203,96.1500015258789,98.66000366210938,12927,0.0,0.0,0.0
2025-05-21 00:00:00+03:00,98.66000366210938,103.83999633789062,98.0,99.77999877929688,6923,0.0,0.0,0.0
2025-05-22 00:00:00+03:00,99.77999877929688,101.0,95.0,97.16999816894531,22420,0.0,0.0,0.0
2025-05-25 00:00:00+03:00,97.16999816894531,99.0,96.30999755859375,97.94999694824219,7731,0.0,0.0,0.0
2025-05-26 00:00:00+03:00,97.94999694824219,110.0,99.80999755859375,103.1500015258789,52075,0.0,0.0,0.0
2025-05-27 00:00:00+03:00,103.1500015258789,109.0,103.19999694824219,105.7300033569336,22082,0.0,0.0,0.0
2025-05-28 00:00:00+03:00,105.7300033569336,107.44999694824219,104.0,104.87000274658203,6754,0.0,0.0,0.0
2025-05-29 00:00:00+03:00,104.87000274658203,107.0,102.30000305175781,105.98999786376953,7136,0.0,0.0,0.0
2025-06-01 00:00:00+03:00,105.98999786376953,106.0,102.5,104.41999816894531,12906,0.0,0.0,0.0
2025-06-02 00:00:00+03:00,104.41999816894531,105.5,103.0,104.83000183105469,8367,0.0,0.0,0.0
2025-06-03 00:00:00+03:00,104.83000183105469,105.5,103.11000061035156,104.9800033569336,6131,0.0,0.0,0.0
2025-06-04 00:00:00+03:00,104.9800033569336,105.0,104.25,104.7699966430664,5114,0.0,0.0,0.0
2025-06-10 00:00:00+03:00,104.7699966430664,125.72000122070312,104.25,125.72000122070312,56479,0.0,0.0,0.0
2025-06-11 00:00:00+03:00,125.72000122070312,150.86000061035156,133.0,150.86000061035156,114790,0.0,0.0,0.0
2025-06-12 00:00:00+03:00,150.86000061035156,178.0,152.0,166.8000030517578,126014,0.0,0.0,0.0
2025-06-15 00:00:00+03:00,166.8000030517578,199.0,140.0,195.0,154440,0.0,0.0,0.0
2025-06-16 00:00:00+03:00,195.0,228.0,191.0500030517578,223.5399932861328,128393,0.0,0.0,0.0
2025-06-17 00:00:00+03:00,223.5399932861328,259.989990234375,223.5500030517578,240.02999877929688,133269,0.0,0.0,0.0
2025-06-18 00:00:00+03:00,240.02999877929688,257.94000244140625,212.0,212.8699951171875,125227,0.0,0.0,0.0
2025-06-19 00:00:00+03:00,212.8699951171875,218.89999389648438,181.22000122070312,215.02000427246094,181186,0.0,0.0,0.0
2025-06-22 00:00:00+03:00,215.02000427246094,244.0,201.0,230.25999450683594,152756,0.0,0.0,0.0
2025-06-23 00:00:00+03:00,230.25999450683594,237.89999389648438,215.83999633789062,223.32000732421875,53690,0.0,0.0,0.0
2025-06-24 00:00:00+03:00,223.32000732421875,234.83999633789062,213.0,230.27000427246094,85524,0.0,0.0,0.0
2025-06-25 00:00:00+03:00,230.27000427246094,234.0,220.0,221.69000244140625,41745,0.0,0.0,0.0
2025-06-29 00:00:00+03:00,221.69000244140625,227.89999389648438,213.0,213.94000244140625,20115,0.0,0.0,0.0
2025-06-30 00:00:00+03:00,213.94000244140625,235.0,210.0,216.50999450683594,99357,0.0,0.0,0.0
2025-07-01 00:00:00+03:00,216.50999450683594,221.9499969482422,212.5,213.3699951171875,17874,0.0,0.0,0.0
2025-07-02 00:00:00+03:00,213.3699951171875,218.0,206.0,207.17999267578125,31884,0.0,0.0,0.0
2025-07-06 00:00:00+03:00,207.17999267578125,214.97999572753906,198.0,206.50999450683594,12690,0.0,0.0,0.0
2025-07-07 00:00:00+03:00,206.50999450683594,214.0,186.0,197.00999450683594,29771,0.0,0.0,0.0
2025-07-09 00:00:00+03:00,197.00999450683594,205.0,190.5,197.4600067138672,15401,0.0,0.0,0.0
2025-07-10 00:00:00+03:00,197.4600067138672,203.7100067138672,195.07000732421875,196.5,9051,0.0,0.0,0.0
2025-07-13 00:00:00+03:00,196.5,199.0,191.25,194.33999633789062,5950,0.0,0.0,0.0
2025-07-14 00:00:00+03:00,194.33999633789062,194.0,186.0500030517578,191.17999267578125,12560,0.0,0.0,0.0
2025-07-15 00:00:00+03:00,191.17999267578125,192.97999572753906,186.60000610351562,186.7100067138672,14712,0.0,0.0,0.0
2025-07-16 00:00:00+03:00,186.7100067138672,208.0,186.72000122070312,207.61000061035156,38303,0.0,0.0,0.0
2025-07-17 00:00:00+03:00,207.61000061035156,209.0,200.00999450683594,201.82000732421875,26723,0.0,0.0,0.0
2025-07-20 00:00:00+03:00,201.82000732421875,204.5,196.66000366210938,198.10000610351562,12946,0.0,0.0,0.0
2025-07-21 00:00:00+03:00,198.10000610351562,203.0,197.0,197.41000366210938,9558,0.0,0.0,0.0
2025-07-22 00:00:00+03:00,197.41000366210938,202.75999450683594,195.0,195.89999389648438,14605,0.0,0.0,0.0
2025-07-23 00:00:00+03:00,195.89999389648438,195.89999389648438,195.89999389648438,195.89999389648438,0,0.0,0.0,0.0
2025-07-27 00:00:00+03:00,197.39999389648438,199.89999389648438,193.0,193.77999877929688,8964,0.0,0.0,0.0
2025-07-28 00:00:00+03:00,193.77999877929688,197.0,191.1199951171875,192.1999969482422,6124,0.0,0.0,0.0
2025-07-29 00:00:00+03:00,192.1999969482422,194.0,190.0500030517578,191.8800048828125,4055,0.0,0.0,0.0
2025-07-30 00:00:00+03:00,191.8800048828125,195.8000030517578,187.0,188.97999572753906,5834,0.0,0.0,0.0
2025-07-31 00:00:00+03:00,188.97999572753906,192.8000030517578,189.0,189.22999572753906,6036,0.0,0.0,0.0
2025-08-03 00:00:00+03:00,189.22999572753906,189.22999572753906,189.22999572753906,189.22999572753906,0,0.0,0.0,0.0
2025-08-04 00:00:00+03:00,189.22999572753906,189.22999572753906,189.22999572753906,189.22999572753906,0,0.0,0.0,0.0
2025-08-05 00:00:00+03:00,189.22999572753906,189.22999572753906,189.22999572753906,189.22999572753906,0,0.0,0.0,0.0
2025-08-06 00:00:00+03:00,189.22999572753906,189.22999572753906,189.22999572753906,189.22999572753906,0,0.0,0.0,0.0
2025-08-07 00:00:00+03:00,189.22999572753906,189.22999572753906,189.22999572753906,189.22999572753906,0,0.0,0.0,0.0
2025-08-10 00:00:00+03:00,186.1699981689453,187.10000610351562,182.0,184.55999755859375,7576,0.0,0.0,0.0
2025-08-11 00:00:00+03:00,184.55999755859375,187.0,176.22999572753906,178.0399932861328,8415,0.0,0.0,0.0
2025-08-12 00:00:00+03:00,178.0399932861328,182.17999267578125,178.6699981689453,179.66000366210938,6141,0.0,0.0,0.0
2025-08-13 00:00:00+03:00,179.66000366210938,180.3000030517578,167.60000610351562,173.8300018310547,7645,0.0,0.0,0.0
2025-08-14 00:00:00+03:00,173.8300018310547,208.58999633789062,167.5,208.58999633789062,120899,0.0,0.0,0.0
2025-08-17 00:00:00+03:00,208.58999633789062,225.0,209.50999450683594,213.97000122070312,94359,0.0,0.0,0.0
2025-08-18 00:00:00+03:00,213.97000122070312,214.99000549316406,201.2100067138672,208.7899932861328,20632,0.0,0.0,0.0
2025-08-19 00:00:00+03:00,208.7899932861328,211.5,201.0,205.1199951171875,24976,0.0,0.0,0.0
2025-08-20 00:00:00+03:00,205.1199951171875,208.97999572753906,182.0,193.5500030517578,26970,0.0,0.0,0.0
2025-08-21 00:00:00+03:00,193.5500030517578,196.0,183.77000427246094,184.72999572753906,10934,0.0,0.0,0.0
2025-08-24 00:00:00+03:00,184.72999572753906,211.0,185.39999389648438,197.5800018310547,33195,0.0,0.0,0.0
2025-08-25 00:00:00+03:00,197.5800018310547,218.1999969482422,197.0,208.27999877929688,120209,0.0,0.0,0.0
2025-08-26 00:00:00+03:00,208.27999877929688,213.33999633789062,198.02000427246094,198.02999877929688,25754,0.0,0.0,0.0
2025-08-27 00:00:00+03:00,198.02999877929688,202.0,190.66000366210938,191.55999755859375,27594,0.0,0.0,0.0
2025-08-28 00:00:00+03:00,191.55999755859375,207.89999389648438,190.10000610351562,196.08999633789062,36523,0.0,0.0,0.0
2025-08-31 00:00:00+03:00,196.08999633789062,217.0500030517578,200.0,201.8300018310547,51937,0.0,0.0,0.0
2025-09-01 00:00:00+03:00,201.8300018310547,204.99000549316406,198.0,199.0500030517578,13270,0.0,0.0,0.0
2025-09-02 00:00:00+03:00,199.0500030517578,207.0,195.86000061035156,199.27000427246094,10573,0.0,0.0,0.0
2025-09-03 00:00:00+03:00,199.27000427246094,201.7899932861328,195.0,197.9600067138672,14116,0.0,0.0,0.0
2025-09-07 00:00:00+03:00,197.9600067138672,198.0,191.0,191.9600067138672,5768,0.0,0.0,0.0
2025-09-08 00:00:00+03:00,191.9600067138672,196.88999938964844,191.0,193.1699981689453,6382,0.0,0.0,0.0
2025-09-09 00:00:00+03:00,193.1699981689453,195.0,190.07000732421875,191.22999572753906,12747,0.0,0.0,0.0
2025-09-10 00:00:00+03:00,191.22999572753906,210.0,193.0,202.60000610351562,41464,0.0,0.0,0.0
2025-09-11 00:00:00+03:00,202.60000610351562,208.0,196.10000610351562,198.75999450683594,9700,0.0,0.0,0.0
2025-09-14 00:00:00+03:00,198.75999450683594,237.8800048828125,198.75999450683594,229.6999969482422,154518,0.0,0.0,0.0
2025-09-15 00:00:00+03:00,229.6999969482422,246.99000549316406,210.0,214.02999877929688,171504,0.0,0.0,0.0
2025-09-16 00:00:00+03:00,214.02999877929688,224.89999389648438,205.0,205.8300018310547,47860,0.0,0.0,0.0
2025-09-17 00:00:00+03:00,205.8300018310547,211.99000549316406,202.0,202.89999389648438,12432,0.0,0.0,0.0
2025-09-18 00:00:00+03:00,202.89999389648438,223.1999969482422,203.02000427246094,203.5,38310,0.0,0.0,0.0
2025-09-21 00:00:00+03:00,203.5,209.35000610351562,201.0,201.4600067138672,19031,0.0,0.0,0.0
2025-09-22 00:00:00+03:00,201.4600067138672,206.0,200.11000061035156,200.6300048828125,10544,0.0,0.0,0.0
2025-09-23 00:00:00+03:00,200.6300048828125,211.97999572753906,201.0,203.1699981689453,16070,0.0,0.0,0.0
2025-09-24 00:00:00+03:00,203.1699981689453,214.99000549316406,201.0,203.3300018310547,23819,0.0,0.0,0.0
2025-09-25 00:00:00+03:00,203.3300018310547,207.39999389648438,202.0,202.05999755859375,8695,0.0,0.0,0.0
2025-09-28 00:00:00+03:00,202.05999755859375,204.99000549316406,201.0,201.75,5317,0.0,0.0,0.0
2025-09-29 00:00:00+03:00,201.75,204.97999572753906,200.05999755859375,200.8699951171875,7456,0.0,0.0,0.0
2025-09-30 00:00:00+03:00,200.8699951171875,203.99000549316406,200.30999755859375,203.0800018310547,8605,0.0,0.0,0.0
2025-10-01 00:00:00+03:00,203.0800018310547,217.0,203.8000030517578,206.99000549316406,34175,0.0,0.0,0.0
2025-10-02 00:00:00+03:00,206.99000549316406,211.5,203.0,203.50999450683594,15836,0.0,0.0,0.0
2025-10-05 00:00:00+03:00,203.50999450683594,207.25,200.0,201.4600067138672,13946,0.0,0.0,0.0
2025-10-06 00:00:00+03:00,201.4600067138672,210.0,202.0,203.6199951171875,21866,0.0,0.0,0.0
2025-10-07 00:00:00+03:00,203.6199951171875,205.0,202.5500030517578,203.02000427246094,6467,0.0,0.0,0.0
2025-10-08 00:00:00+03:00,203.02000427246094,204.97000122070312,202.5500030517578,202.63999938964844,4885,0.0,0.0,0.0
2025-10-12 00:00:00+03:00,202.63999938964844,205.0,201.2100067138672,201.86000061035156,5367,0.0,0.0,0.0
2025-10-13 00:00:00+03:00,201.86000061035156,203.89999389648438,201.25,201.97999572753906,3856,0.0,0.0,0.0
2025-10-14 00:00:00+03:00,201.97999572753906,203.2899932861328,201.0500030517578,201.17999267578125,3952,0.0,0.0,0.0
2025-10-15 00:00:00+03:00,201.17999267578125,202.5,200.0,200.57000732421875,8831,0.0,0.0,0.0
2025-10-16 00:00:00+03:00,200.57000732421875,202.0,200.00999450683594,200.13999938964844,3110,0.0,0.0,0.0
2025-10-19 00:00:00+03:00,200.13999938964844,201.5,195.10000610351562,200.11000061035156,6430,0.0,0.0,0.0
2025-10-20 00:00:00+03:00,200.11000061035156,200.5,197.44000244140625,198.11000061035156,6743,0.0,0.0,0.0
2025-10-21 00:00:00+03:00,198.11000061035156,199.8000030517578,197.0,197.2100067138672,9506,0.0,0.0,0.0
2025-10-22 00:00:00+03:00,197.2100067138672,198.0,196.0,196.4600067138672,6838,0.0,0.0,0.0
2025-10-23 00:00:00+03:00,196.4600067138672,197.4499969482422,195.1999969482422,195.9499969482422,5091,0.0,0.0,0.0
2025-10-26 00:00:00+03:00,195.9499969482422,197.89999389648438,195.60000610351562,196.41000366210938,8093,0.0,0.0,0.0
2025-10-27 00:00:00+03:00,196.41000366210938,197.75,195.5,195.77999877929688,4701,0.0,0.0,0.0
2025-10-28 00:00:00+03:00,195.77999877929688,196.0,192.0,193.25,5350,0.0,0.0,0.0
2025-10-29 00:00:00+03:00,193.25,194.8000030517578,192.1999969482422,193.22000122070312,3677,0.0,0.0,0.0
2025-10-30 00:00:00+03:00,193.22000122070312,194.5,192.6199951171875,193.7100067138672,2688,0.0,0.0,0.0
2025-11-02 00:00:00+02:00,193.7100067138672,194.1999969482422,190.0,191.8000030517578,3871,0.0,0.0,0.0
2025-11-03 00:00:00+02:00,191.8000030517578,209.99000549316406,186.0,200.3800048828125,59652,0.0,0.0,0.0
2025-11-04 00:00:00+02:00,200.3800048828125,205.66000366210938,198.3300018310547,199.58999633789062,17573,0.0,0.0,0.0
2025-11-05 00:00:00+02:00,199.58999633789062,203.74000549316406,195.0,196.61000061035156,11301,0.0,0.0,0.0
2025-11-06 00:00:00+02:00,196.61000061035156,202.97999572753906,196.61000061035156,199.33999633789062,11501,0.0,0.0,0.0
2025-11-09 00:00:00+02:00,199.33999633789062,223.0,196.0500030517578,205.47999572753906,162363,0.0,0.0,0.0
2025-11-10 00:00:00+02:00,205.47999572753906,208.89999389648438,198.02999877929688,198.94000244140625,50477,0.0,0.0,0.0
2025-11-11 00:00:00+02:00,198.94000244140625,205.0,199.0,199.02000427246094,21708,0.0,0.0,0.0
2025-11-12 00:00:00+02:00,199.02000427246094,203.99000549316406,198.0,198.5399932861328,11777,0.0,0.0,0.0
2025-11-13 00:00:00+02:00,198.5399932861328,202.89999389648438,197.5,198.5,14933,0.0,0.0,0.0
2025-11-16 00:00:00+02:00,198.5,200.27999877929688,197.02000427246094,197.91000366210938,4653,0.0,0.0,0.0
2025-11-17 00:00:00+02:00,197.91000366210938,199.89999389648438,197.00999450683594,197.41000366210938,17259,0.0,0.0,0.0
2025-11-18 00:00:00+02:00,197.41000366210938,199.0,194.0,195.2100067138672,7583,0.0,0.0,0.0
2025-11-19 00:00:00+02:00,195.2100067138672,195.0,192.3699951171875,193.19000244140625,4100,0.0,0.0,0.0
2025-11-20 00:00:00+02:00,193.19000244140625,196.0,192.0,194.05999755859375,3672,0.0,0.0,0.0
2025-11-23 00:00:00+02:00,194.05999755859375,195.99000549316406,192.0,192.1199951171875,3713,0.0,0.0,0.0
2025-11-24 00:00:00+02:00,192.1199951171875,195.0,192.0,192.6699981689453,2546,0.0,0.0,0.0
2025-11-25 00:00:00+02:00,192.6699981689453,195.0,191.44000244140625,192.17999267578125,2884,0.0,0.0,0.0
2025-11-26 00:00:00+02:00,192.17999267578125,195.0,189.5,190.02000427246094,6636,0.0,0.0,0.0
2025-11-27 00:00:00+02:00,190.02000427246094,192.19000244140625,189.64999389648438,190.00999450683594,1824,0.0,0.0,0.0
2025-11-30 00:00:00+02:00,190.00999450683594,191.89999389648438,190.02000427246094,190.19000244140625,2308,0.0,0.0,0.0
2025-12-01 00:00:00+02:00,190.19000244140625,208.99000549316406,190.07000732421875,197.4600067138672,61963,0.0,0.0,0.0
2025-12-02 00:00:00+02:00,197.4600067138672,204.0,194.0,195.14999389648438,8297,0.0,0.0,0.0
2025-12-03 00:00:00+02:00,195.14999389648438,199.5,191.1699981689453,191.3800048828125,14759,0.0,0.0,0.0
2025-12-04 00:00:00+02:00,191.3800048828125,194.0,190.0,190.2100067138672,11346,0.0,0.0,0.0
2025-12-07 00:00:00+02:00,190.2100067138672,195.0,190.22000122070312,190.75,5042,0.0,0.0,0.0
2025-12-08 00:00:00+02:00,190.75,200.0,190.39999389648438,192.0500030517578,16338,0.0,0.0,0.0
2025-12-09 00:00:00+02:00,192.0500030517578,198.97999572753906,192.64999389648438,193.64999389648438,3705,0.0,0.0,0.0
2025-12-10 00:00:00+02:00,193.64999389648438,195.8000030517578,193.05999755859375,193.39999389648438,2323,0.0,0.0,0.0
2025-12-11 00:00:00+02:00,193.39999389648438,195.6999969482422,193.00999450683594,193.39999389648438,1405,0.0,0.0,0.0
2025-12-14 00:00:00+02:00,193.39999389648438,195.49000549316406,193.0,193.49000549316406,1609,0.0,0.0,0.0
2025-12-15 00:00:00+02:00,193.49000549316406,194.2899932861328,192.1199951171875,192.61000061035156,1857,0.0,0.0,0.0
2025-12-16 00:00:00+02:00,192.61000061035156,193.85000610351562,191.5,191.75999450683594,2144,0.0,0.0,0.0
2025-12-17 00:00:00+02:00,191.75999450683594,193.75,190.1199951171875,190.5,6124,0.0,0.0,0.0
2025-12-18 00:00:00+02:00,190.5,205.0,191.99000549316406,192.13999938964844,50308,0.0,0.0,0.0
2025-12-21 00:00:00+02:00,192.13999938964844,197.0,191.5,192.00999450683594,4765,0.0,0.0,0.0
2025-12-22 00:00:00+02:00,192.00999450683594,193.39999389648438,190.25,190.99000549316406,4311,0.0,0.0,0.0
2025-12-23 00:00:00+02:00,190.99000549316406,192.00999450683594,190.39999389648438,191.02999877929688,4925,0.0,0.0,0.0
2025-12-24 00:00:00+02:00,191.02999877929688,193.0,190.55999755859375,191.25,3379,0.0,0.0,0.0
2025-12-25 00:00:00+02:00,191.25,193.0,191.14999389648438,192.22999572753906,3268,0.0,0.0,0.0
2025-12-28 00:00:00+02:00,192.22999572753906,192.99000549316406,191.0,191.10000610351562,3351,0.0,0.0,0.0
2025-12-29 00:00:00+02:00,191.10000610351562,192.99000549316406,191.0,191.52999877929688,3190,0.0,0.0,0.0
2025-12-30 00:00:00+02:00,191.52999877929688,192.89999389648438,191.02999877929688,191.58999633789062,2089,0.0,0.0,0.0
2025-12-31 00:00:00+02:00,191.58999633789062,192.83999633789062,191.0,191.25,1891,0.0,0.0,0.0
2026-01-04 00:00:00+02:00,191.25,191.89999389648438,190.6999969482422,191.0800018310547,4013,0.0,0.0,0.0
2026-01-05 00:00:00+02:00,191.0800018310547,191.0,190.0,190.11000061035156,3081,0.0,0.0,0.0
2026-01-06 00:00:00+02:00,190.11000061035156,191.6699981689453,186.64999389648438,190.88999938964844,2265,0.0,0.0,0.0
2026-01-08 00:00:00+02:00,190.88999938964844,191.85000610351562,188.25,191.72000122070312,4945,0.0,0.0,0.0
2026-01-11 00:00:00+02:00,191.72000122070312,192.05999755859375,190.22000122070312,191.72000122070312,1100,0.0,0.0,0.0
2026-01-12 00:00:00+02:00,191.72000122070312,191.9600067138672,190.0,190.0800018310547,1849,0.0,0.0,0.0
2026-01-13 00:00:00+02:00,190.0800018310547,190.8800048828125,187.55999755859375,190.0800018310547,1045,0.0,0.0,0.0
2026-01-14 00:00:00+02:00,190.0800018310547,190.0,173.10000610351562,178.02000427246094,4911,0.0,0.0,0.0
2026-01-15 00:00:00+02:00,178.02000427246094,188.0,175.6999969482422,177.42999267578125,3058,0.0,0.0,0.0
2026-01-18 00:00:00+02:00,177.42999267578125,186.0,177.2100067138672,177.42999267578125,902,0.0,0.0,0.0
2026-01-19 00:00:00+02:00,177.42999267578125,185.0,180.00999450683594,183.69000244140625,2667,0.0,0.0,0.0
2026-01-20 00:00:00+02:00,183.69000244140625,186.0,175.0,175.99000549316406,6762,0.0,0.0,0.0
2026-01-21 00:00:00+02:00,175.99000549316406,183.5,176.0,176.94000244140625,11855,0.0,0.0,0.0
2026-01-22 00:00:00+02:00,176.94000244140625,182.5,177.0,177.9600067138672,1842,0.0,0.0,0.0
2026-01-25 00:00:00+02:00,177.9600067138672,181.39999389648438,177.35000610351562,179.19000244140625,2471,0.0,0.0,0.0
2026-01-26 00:00:00+02:00,179.19000244140625,180.0,177.0,178.00999450683594,3246,0.0,0.0,0.0
2026-01-27 00:00:00+02:00,178.00999450683594,180.0,177.0500030517578,178.00999450683594,656,0.0,0.0,0.0
2026-01-28 00:00:00+02:00,178.00999450683594,179.6699981689453,176.0,176.5399932861328,2259,0.0,0.0,0.0
2026-02-01 00:00:00+02:00,176.5399932861328,177.99000549316406,174.0,175.24000549316406,2032,0.0,0.0,0.0
2026-02-02 00:00:00+02:00,175.24000549316406,178.0,174.0,176.80999755859375,3641,0.0,0.0,0.0
2026-02-03 00:00:00+02:00,176.80999755859375,179.0,175.60000610351562,178.00999450683594,4150,0.0,0.0,0.0
2026-02-04 00:00:00+02:00,178.00999450683594,178.89999389648438,176.00999450683594,178.00999450683594,1166,0.0,0.0,0.0
