Date,Open,High,Low,Close,Volume,Dividends,Stock Splits,Capital Gains
2021-01-03 00:00:00+02:00,1.7551644427872637,1.910533991532489,1.6902848442936647,1.857606053352356,213610,0.0,0.0,0.0
2021-01-04 00:00:00+02:00,1.8576059566859258,1.9122413302199952,1.8439470624191652,1.87809419631958,99000,0.0,0.0,0.0
2021-01-05 00:00:00+02:00,1.8780941963195803,1.8780941963195803,1.8763867582113702,1.87809419631958,82275,0.0,0.0,0.0
2021-01-06 00:00:00+02:00,1.8780941963195803,1.8951677632697876,1.8405321862027455,1.87809419631958,100315,0.0,0.0,0.0
2021-01-10 00:00:00+02:00,1.878094154601875,1.912241287743787,1.878094154601875,1.8815088272094727,115000,0.0,0.0,0.0
2021-01-11 00:00:00+02:00,1.8815088272094727,1.912241287743787,1.878094154601875,1.8815088272094727,121055,0.0,0.0,0.0
2021-01-12 00:00:00+02:00,1.8815089229793882,1.9122413850780031,1.8849235957607946,1.9071192741394043,155145,0.0,0.0,0.0
2021-01-13 00:00:00+02:00,1.907119365103385,1.9754136381208636,1.886631123904739,1.9344371557235718,263520,0.0,0.0,0.0
2021-01-14 00:00:00+02:00,1.9344371313848836,1.9634621563455275,1.9293150202664204,1.9600474834442139,184185,0.0,0.0,0.0
2021-01-17 00:00:00+02:00,1.9600474834442139,1.9634621563455275,1.8866311001675367,1.9600474834442139,20290,0.0,0.0,0.0
2021-01-18 00:00:00+02:00,1.9600474834442139,1.9037046682070902,1.87809431614776,1.9600474834442139,37825,0.0,0.0,0.0
2021-01-19 00:00:00+02:00,1.9600474108615227,1.9412664053003006,1.794433644184323,1.82516610622406,558800,0.0,0.0,0.0
2021-01-20 00:00:00+02:00,1.8251661868938853,2.0044388561271256,1.8780943296090595,1.946388602256775,350315,0.0,0.0,0.0
2021-01-21 00:00:00+02:00,1.946388288722627,1.9600471817585234,1.8610204616644674,1.8934601545333862,326785,0.0,0.0,0.0
2021-01-24 00:00:00+02:00,1.8934601545333862,1.9122411578993632,1.8746793547003637,1.8934601545333862,3185,0.0,0.0,0.0
2021-01-25 00:00:00+02:00,1.8934601545333862,1.8934601545333862,1.8934601545333862,1.8934601545333862,0,0.0,0.0,0.0
2021-01-26 00:00:00+02:00,1.866142749786377,1.8695574224874363,1.8388249611119538,1.866142749786377,17500,0.0,0.0,0.0
2021-01-27 00:00:00+02:00,1.866142767377922,1.8439470893123433,1.792726184181713,1.8046778440475464,200750,0.0,0.0,0.0
2021-01-31 00:00:00+02:00,1.8046778084650938,1.8439470529556274,1.8422396148561804,1.8439470529556274,125000,0.0,0.0,0.0
2021-02-01 00:00:00+02:00,1.8439470214599631,1.9105338496735043,1.8115071228553656,1.8815088272094727,59745,0.0,0.0,0.0
2021-02-02 00:00:00+02:00,1.8815088366291794,1.927607425894958,1.8524838140198352,1.8695573806762695,276965,0.0,0.0,0.0
2021-02-03 00:00:00+02:00,1.8695573482129417,1.862727799549176,1.8610205650329588,1.861020565032959,394665,0.0,0.0,0.0
2021-02-04 00:00:00+02:00,1.8610206591733942,1.8951677936206714,1.8285807593286953,1.8490689992904663,55750,0.0,0.0,0.0
2021-02-07 00:00:00+02:00,1.8490689992904663,1.8951677936206714,1.8422396538142014,1.8490689992904663,36800,0.0,0.0,0.0
2021-02-08 00:00:00+02:00,1.8490690276833368,1.861020687749785,1.799555763387688,1.8593132495880127,213735,0.0,0.0,0.0
2021-02-09 00:00:00+02:00,1.8593132495880127,1.8097997817593847,1.7807747577401085,1.8593132495880127,12005,0.0,0.0,0.0
2021-02-10 00:00:00+02:00,1.8593132271669568,2.0232195544673854,1.8490690053858139,1.9685841798782349,648530,0.0,0.0,0.0
2021-02-11 00:00:00+02:00,1.9685842099937356,2.0624888314698566,1.9634620990248057,2.023219585418701,330315,0.0,0.0,0.0
2021-02-14 00:00:00+02:00,2.0232197226988986,2.047122840998127,1.9719990166001147,2.0010242462158203,425395,0.0,0.0,0.0
2021-02-15 00:00:00+02:00,2.0010242462158203,2.026634599265212,1.949803336584043,2.0010242462158203,33395,0.0,0.0,0.0
2021-02-16 00:00:00+02:00,2.0010242462158203,2.0232197226988986,1.9259004218178082,2.0010242462158203,12255,0.0,0.0,0.0
2021-02-17 00:00:00+02:00,2.001024247533636,1.9651696718276772,1.9139489656951612,1.963462233543396,382550,0.0,0.0,0.0
2021-02-18 00:00:00+02:00,1.9634620334664805,1.9890723839230422,1.9139487706636507,1.9617547988891602,143780,0.0,0.0,0.0
2021-02-21 00:00:00+02:00,1.9617549987921084,1.963462233543396,1.963462233543396,1.963462233543396,87655,0.0,0.0,0.0
2021-02-22 00:00:00+02:00,1.9634620611790194,2.0488301007720926,1.9190707050145785,2.0180976390838623,178080,0.0,0.0,0.0
2021-02-23 00:00:00+02:00,2.0180975756337842,2.1376125423603054,2.0317564696805523,2.0932211875915527,352385,0.0,0.0,0.0
2021-02-24 00:00:00+02:00,2.093221183497595,2.052244704970404,2.048830032348633,2.048830032348633,52545,0.0,0.0,0.0
2021-02-25 00:00:00+02:00,2.0488301086528535,2.1341979450413153,2.0522447814017966,2.0983433723449707,213600,0.0,0.0,0.0
2021-02-28 00:00:00+02:00,2.0983433922756483,2.2195658025118608,2.0693183683344785,2.1581010818481445,307770,0.0,0.0,0.0
2021-03-01 00:00:00+02:00,2.1581010342600444,2.2161510808623275,2.048830082934664,2.1256611347198486,146840,0.0,0.0,0.0
2021-03-02 00:00:00+02:00,2.1256610863942473,2.202492136432725,2.069318275659436,2.0932211875915527,145905,0.0,0.0,0.0
2021-03-03 00:00:00+02:00,2.0932212136359185,2.1888332696199515,1.9139487613155857,1.9737062454223633,240795,0.0,0.0,0.0
2021-03-04 00:00:00+02:00,1.9737062454223633,1.9737062454223633,1.9737062454223633,1.9737062454223633,0,0.0,0.0,0.0
2021-03-07 00:00:00+02:00,1.9668768535915735,2.043708114253518,1.9719989647734348,2.016390323638916,59915,0.0,0.0,0.0
2021-03-08 00:00:00+02:00,2.016390133609385,2.217858464222477,1.9532179777412277,2.048830032348633,294600,0.0,0.0,0.0
2021-03-09 00:00:00+02:00,2.048829800389706,2.1085872768706295,1.9805353380214183,2.045414924621582,177305,0.0,0.0,0.0
2021-03-10 00:00:00+02:00,2.045415263441718,2.2195658151459874,2.0488301397755113,2.1068801879882812,1595810,0.0,0.0,0.0
2021-03-11 00:00:00+02:00,2.1068801659351744,2.134197955121702,2.0078534345502335,2.0863919258117676,496305,0.0,0.0,0.0
2021-03-14 00:00:00+02:00,2.086391778801356,2.0659035401215826,1.989072288889745,2.02834153175354,66470,0.0,0.0,0.0
2021-03-15 00:00:00+02:00,2.0283415080170384,2.134197779767528,1.9344368952617697,2.0078532695770264,297455,0.0,0.0,0.0
2021-03-16 00:00:00+02:00,2.0078532695770264,1.9634619166795333,1.9224854397995095,2.0078532695770264,15705,0.0,0.0,0.0
2021-03-17 00:00:00+02:00,2.007853297515902,1.9463883778076336,1.8780941130353193,1.8849234580993652,62500,0.0,0.0,0.0
2021-03-18 00:00:00+02:00,1.8849234765237246,1.9037044809328734,1.843946998672993,1.861020565032959,62530,0.0,0.0,0.0
2021-03-21 00:00:00+02:00,1.8610205574879684,2.0317564239283907,1.8763866857364535,1.9190706014633179,130625,0.0,0.0,0.0
2021-03-22 00:00:00+02:00,1.9190706320575153,1.8798013882561693,1.7346760724712145,1.835410237312317,88700,0.0,0.0,0.0
2021-03-23 00:00:00+02:00,1.8354102536337105,1.917363414571165,1.6578449359139125,1.820043921470642,186830,0.0,0.0,0.0
2021-03-24 00:00:00+02:00,1.8200441342525544,1.9805358022542348,1.920778311766299,1.963462233543396,472545,0.0,0.0,0.0
2021-03-25 00:00:00+02:00,1.9634619754066867,1.9634619754066867,1.879801377602655,1.9412662982940674,92675,0.0,0.0,0.0
2021-03-28 00:00:00+02:00,1.941266327146466,1.9907797927540525,1.8780941709893098,1.9515105485916138,86145,0.0,0.0,0.0
2021-03-29 00:00:00+02:00,1.9515105860892954,2.0488300810892515,1.9976091764122896,2.0420005321502686,55980,0.0,0.0,0.0
2021-03-30 00:00:00+02:00,2.0420004998961145,2.1307832099697164,1.9310223158370823,2.033463716506958,66000,0.0,0.0,0.0
2021-03-31 00:00:00+02:00,2.033463723242219,2.129075778930645,1.8951677504666327,1.9839502573013306,103060,0.0,0.0,0.0
2021-04-01 00:00:00+02:00,1.9839501463489921,2.0778549622220917,2.0146826056396296,2.0198047161102295,44500,0.0,0.0,0.0
2021-04-04 00:00:00+02:00,2.0198047161102295,2.108587421512729,1.9976090397596045,2.0198047161102295,41600,0.0,0.0,0.0
2021-04-05 00:00:00+02:00,2.0198047161102295,1.977120801410166,1.9276073382383165,2.0198047161102295,39530,0.0,0.0,0.0
2021-04-06 00:00:00+02:00,2.019805011846175,1.9207782745361328,1.9207782745361328,1.9207782745361328,85735,0.0,0.0,0.0
2021-04-07 00:00:00+02:00,1.9207782745361328,1.922485712787319,1.9207782745361328,1.9207782745361328,105000,0.0,0.0,0.0
2021-04-08 00:00:00+02:00,1.9207782745361328,1.9156561633155635,1.896875156684473,1.9207782745361328,26625,0.0,0.0,0.0
2021-04-11 00:00:00+02:00,1.9207782745361328,1.9805357638657974,1.9805357638657974,1.9207782745361328,165,0.0,0.0,0.0
2021-04-12 00:00:00+02:00,1.9207782745361328,1.922485712787319,1.8780943535863721,1.9207782745361328,26750,0.0,0.0,0.0
2021-04-13 00:00:00+02:00,1.9207782745361328,1.9207782745361328,1.9207782745361328,1.9207782745361328,0,0.0,0.0,0.0
2021-04-14 00:00:00+02:00,1.9207782745361328,1.9088268173767977,1.9088268173767977,1.9207782745361328,10000,0.0,0.0,0.0
2021-04-15 00:00:00+02:00,1.9207782745361328,1.9207782745361328,1.9207782745361328,1.9207782745361328,0,0.0,0.0,0.0
2021-04-18 00:00:00+02:00,1.9207780877891412,1.9634620045889724,1.7671157837767781,1.9515105485916138,89625,0.0,0.0,0.0
2021-04-19 00:00:00+02:00,1.9515107761524075,2.0146829396759123,1.963462233543396,1.963462233543396,320730,0.0,0.0,0.0
2021-04-20 00:00:00+02:00,1.963462233543396,2.030049273635463,1.963462233543396,1.963462233543396,4210,0.0,0.0,0.0
2021-04-21 00:00:00+02:00,1.963462233543396,1.963462233543396,1.963462233543396,1.963462233543396,12000,0.0,0.0,0.0
2021-04-22 00:00:00+02:00,1.9634620298766456,2.023219514166034,1.9634620298766456,2.0095608234405518,148750,0.0,0.0,0.0
2021-04-25 00:00:00+02:00,2.009560840623853,2.014682747923219,1.9207781289512236,1.9480959177017212,57840,0.0,0.0,0.0
2021-04-26 00:00:00+02:00,2.0851569175720215,2.0175399771364315,2.0102301436123344,2.0851569175720215,18375,0.15,0.0,0.0
2021-04-27 00:00:00+02:00,2.085157084455031,2.0650547138756647,1.9042364027992467,2.0504348278045654,85660,0.0,0.0,0.0
2021-04-28 00:00:00+02:00,2.050434826082804,2.0120576524099985,2.010230302810669,2.010230302810669,49250,0.0,0.0,0.0
2021-05-04 00:00:00+02:00,2.010230302810669,2.0741921136967867,1.9480958415238807,2.010230302810669,10300,0.0,0.0,0.0
2021-05-05 00:00:00+02:00,2.010230302810669,2.010230302810669,2.010230302810669,2.010230302810669,0,0.0,0.0,0.0
2021-05-06 00:00:00+02:00,2.010230302810669,1.9755080461893597,1.9645432950348705,2.010230302810669,22500,0.0,0.0,0.0
2021-05-09 00:00:00+02:00,2.010230331738415,1.9828181266784668,1.9828181266784668,1.9828181266784668,62500,0.0,0.0,0.0
2021-05-10 00:00:00+02:00,1.9828181266784668,2.072364576066494,2.072364576066494,1.9828181266784668,500,0.0,0.0,0.0
2021-05-11 00:00:00+02:00,1.9828181266784668,2.090639597292633,2.0120576813640403,1.9828181266784668,18000,0.0,0.0,0.0
2021-05-17 00:00:00+02:00,1.9828181266784668,2.101604348604908,2.017540165946598,1.9828181266784668,10250,0.0,0.0,0.0
2021-05-18 00:00:00+02:00,1.9828182053632186,2.101604432003488,2.0102304115109733,2.030332565307617,649230,0.0,0.0,0.0
2021-05-19 00:00:00+02:00,2.030332565307617,2.0796747106558544,1.9919556074124702,2.030332565307617,51250,0.0,0.0,0.0
2021-05-20 00:00:00+02:00,2.030332565307617,2.048607587258969,1.937130977264112,2.030332565307617,34230,0.0,0.0,0.0
2021-05-23 00:00:00+02:00,2.030332565307617,1.9572333489136051,1.9572333489136051,2.030332565307617,10000,0.0,0.0,0.0
2021-05-24 00:00:00+02:00,2.0303324749089833,2.0102303220073687,1.9572332617696448,1.9919555187225342,60750,0.0,0.0,0.0
2021-05-25 00:00:00+02:00,1.9919555187225342,2.0102303220073687,1.9444409430408283,1.9919555187225342,18415,0.0,0.0,0.0
2021-05-26 00:00:00+02:00,1.991955588592956,2.1911510820963978,2.010230392518803,2.1070868968963623,1932085,0.0,0.0,0.0
2021-05-27 00:00:00+02:00,2.107087006076938,2.3172474799666776,2.267905550380764,2.315419912338257,799285,0.0,0.0,0.0
2021-05-30 00:00:00+02:00,2.315419912338257,2.315419912338257,2.315419912338257,2.315419912338257,0,0.0,0.0,0.0
2021-05-31 00:00:00+02:00,2.3154197725990757,2.3757266686101812,2.1016043942094442,2.2642502784729004,595100,0.0,0.0,0.0
2021-06-01 00:00:00+02:00,2.2642501972288036,2.2843525677954895,2.161911212648502,2.21673583984375,51925,0.0,0.0,0.0
2021-06-02 00:00:00+02:00,2.216735779412998,2.3026273081373727,2.138153866741037,2.213080644607544,280285,0.0,0.0,0.0
2021-06-03 00:00:00+02:00,2.2130806137253205,2.330039479546975,2.1948058113643896,2.308109760284424,271050,0.0,0.0,0.0
2021-06-06 00:00:00+02:00,2.3081099892784467,2.366589319064757,2.266077896107619,2.277042865753174,304255,0.0,0.0,0.0
2021-06-07 00:00:00+02:00,2.277042725853591,2.364761824070094,2.1929785446767673,2.266077756881714,70150,0.0,0.0,0.0
2021-06-08 00:00:00+02:00,2.266077756881714,2.339176969086661,2.2021159462023854,2.266077756881714,49890,0.0,0.0,0.0
2021-06-09 00:00:00+02:00,2.266077756881714,2.266077756881714,2.2002883787561274,2.266077756881714,16600,0.0,0.0,0.0
2021-06-10 00:00:00+02:00,2.266077796595607,2.30628232044236,2.1984608498387486,2.269732713699341,259375,0.0,0.0,0.0
2021-06-13 00:00:00+02:00,2.269732670369784,2.284352556358464,2.1418090492112984,2.2075982093811035,172590,0.0,0.0,0.0
2021-06-14 00:00:00+02:00,2.207598154684689,2.426896003375796,2.2825249323622323,2.388519048690796,759535,0.0,0.0,0.0
2021-06-15 00:00:00+02:00,2.3885190069000717,2.6041617170219498,2.308109746287886,2.4744105339050293,750800,0.0,0.0,0.0
2021-06-16 00:00:00+02:00,2.4744107090014142,2.445171154043858,2.3026274249827954,2.3099374771118164,83395,0.0,0.0,0.0
2021-06-17 00:00:00+02:00,2.309937356838263,2.5401999566355506,2.3300395089774986,2.4287235736846924,747270,0.0,0.0,0.0
2021-06-20 00:00:00+02:00,2.4287236981890175,2.6699512790486075,2.5127878815616436,2.637056589126587,1098310,0.0,0.0,0.0
2021-06-21 00:00:00+02:00,2.6370565859609885,2.900214105021252,2.686398729711209,2.8837666511535645,1016810,0.0,0.0,0.0
2021-06-22 00:00:00+02:00,2.8837664849020985,3.1706812755507023,2.8362521292357625,3.0263102054595947,1289760,0.0,0.0,0.0
2021-06-23 00:00:00+02:00,3.0263103091502974,3.2620553995842063,3.015345340161618,3.1140294075012207,333225,0.0,0.0,0.0
2021-06-24 00:00:00+02:00,3.1140293585427825,3.1140293585427825,2.8417344483785465,2.9714858531951904,304915,0.0,0.0,0.0
2021-06-27 00:00:00+02:00,2.971486042631164,3.267538041016325,2.9477287539165364,3.2547457218170166,4038365,0.0,0.0,0.0
2021-06-28 00:00:00+02:00,3.2547454638815543,3.5544525735888852,2.9294537178031654,3.0171728134155273,3091910,0.0,0.0,0.0
2021-06-29 00:00:00+02:00,3.0171730069294425,2.938591307531401,2.715638310490429,2.7576704025268555,1688265,0.0,0.0,0.0
2021-06-30 00:00:00+02:00,2.7576702742256667,2.8325970529721314,2.521925186999632,2.6078169345855713,9535310,0.0,0.0,0.0
2021-07-04 00:00:00+02:00,2.6078170031458883,2.6681238976428183,2.487202996299189,2.584059715270996,1728905,0.0,0.0,0.0
2021-07-05 00:00:00+02:00,2.5840597260332707,2.6918811967290477,2.540200067192452,2.615126848220825,5181135,0.0,0.0,0.0
2021-07-06 00:00:00+02:00,2.6151266652500404,2.777772534727478,2.5036502852469975,2.668123722076416,2697190,0.0,0.0,0.0
2021-07-07 00:00:00+02:00,2.668123971689083,2.887421835360142,2.713810981234544,2.797875165939331,5247530,0.0,0.0,0.0
2021-07-08 00:00:00+02:00,2.7978750642328007,2.8508719062378907,2.600506928747591,2.7503604888916016,3415510,0.0,0.0,0.0
2021-07-11 00:00:00+02:00,2.7503604938676416,2.7357406077475264,2.5767496457389294,2.6425390243530273,1252440,0.0,0.0,0.0
2021-07-12 00:00:00+02:00,2.642539054408937,2.715638267988095,2.615126849316753,2.6553313732147217,747865,0.0,0.0,0.0
2021-07-13 00:00:00+02:00,2.655331443322197,2.7923926902547227,2.6151269183627273,2.690053701400757,2134600,0.0,0.0,0.0
2021-07-14 00:00:00+02:00,2.6900537112164016,2.808839936852225,2.6608139377649063,2.721120834350586,1918050,0.0,0.0,0.0
2021-07-15 00:00:00+02:00,2.7211207055379583,2.814322288381375,2.6498490606714658,2.7192933559417725,2625315,0.0,0.0,0.0
2021-07-18 00:00:00+02:00,2.7192934659505688,2.8764568659280934,2.702846011802495,2.797875165939331,5538190,0.0,0.0,0.0
2021-07-25 00:00:00+02:00,2.797875057871591,2.9239713300583112,2.7777726873069026,2.8179774284362793,1704390,0.0,0.0,0.0
2021-07-26 00:00:00+02:00,2.8179773940541426,2.827114795498818,2.704673441857901,2.7467055320739746,2054170,0.0,0.0,0.0
2021-07-27 00:00:00+02:00,2.7467055701835186,2.7649803733264258,2.677261274669905,2.710155963897705,2279075,0.0,0.0,0.0
2021-07-28 00:00:00+02:00,2.7101561126615237,2.7229484319931774,2.6498492154090436,2.693708658218384,1063625,0.0,0.0,0.0
2021-07-29 00:00:00+02:00,2.6937084503171604,2.7850826818478867,2.658986412260694,2.706500768661499,1691695,0.0,0.0,0.0
2021-08-01 00:00:00+02:00,2.7065009775500375,2.7229484319931774,2.6388842457802837,2.693708658218384,1084740,0.0,0.0,0.0
2021-08-02 00:00:00+02:00,2.69370858918142,2.796047576917505,2.6059894879580394,2.717465877532959,1900780,0.0,0.0,0.0
2021-08-03 00:00:00+02:00,2.7174658243376917,2.7028459381111767,2.4853756478922584,2.6242642402648926,834535,0.0,0.0,0.0
2021-08-04 00:00:00+02:00,2.624264268581589,2.646193989231571,2.5054780457202748,2.556647539138794,735405,0.0,0.0,0.0
2021-08-05 00:00:00+02:00,2.5566476277199577,2.662641535362265,2.558474977423278,2.595024585723877,1654805,0.0,0.0,0.0
2021-08-08 00:00:00+02:00,2.595024585723877,2.595024585723877,2.595024585723877,2.595024585723877,0,0.0,0.0,0.0
2021-08-09 00:00:00+02:00,2.595024585723877,2.595024585723877,2.595024585723877,2.595024585723877,0,0.0,0.0,0.0
2021-08-10 00:00:00+02:00,2.6809163010320427,2.947728742790714,2.6955361877130057,2.8874218463897705,5204395,0.0,0.0,0.0
2021-08-11 00:00:00+02:00,2.8874216446771594,3.176163787359592,2.978795657733816,3.106719493865967,4232770,0.0,0.0,0.0
2021-08-15 00:00:00+02:00,3.1067195991844754,3.150579039797383,2.923971349023123,3.028137683868408,1944760,0.0,0.0,0.0
2021-08-16 00:00:00+02:00,3.0281375778338266,3.01534525959074,2.8910765584018296,2.9404184818267822,2166780,0.0,0.0,0.0
2021-08-17 00:00:00+02:00,2.940418651252274,3.051895040621313,2.8782844060040897,2.9641759395599365,2914375,0.0,0.0,0.0
2021-08-18 00:00:00+02:00,2.9641759172945163,2.9605210001637556,2.7686353454911203,2.8837666511535645,686060,0.0,0.0,0.0
2021-08-19 00:00:00+02:00,2.883766700314229,2.8855942678371855,2.7594979907800052,2.797875165939331,696725,0.0,0.0,0.0
2021-08-22 00:00:00+02:00,2.797875011403771,2.9532110531314797,2.74122303555533,2.863664388656616,835455,0.0,0.0,0.0
2021-08-23 00:00:00+02:00,2.863664538528258,3.044585226515761,2.8874218269936285,2.9459011554718018,2126600,0.0,0.0,0.0
2021-08-24 00:00:00+02:00,2.945900982160095,2.9751407536053853,2.779600190539068,2.881939172744751,1020330,0.0,0.0,0.0
2021-08-25 00:00:00+02:00,2.8819391662020344,2.987933065134538,2.7594978141740825,2.931281089782715,1622355,0.0,0.0,0.0
2021-08-26 00:00:00+02:00,2.931281105927764,2.9495559086770293,2.7430505940397705,2.8728017807006836,373940,0.0,0.0,0.0
2021-08-29 00:00:00+02:00,2.872801875728747,2.8563544219986507,2.741223117299342,2.763152837753296,716005,0.0,0.0,0.0
2021-08-30 00:00:00+02:00,2.7631527634501154,2.81432225503525,2.6059893716928086,2.6882259845733643,1155110,0.0,0.0,0.0
2021-08-31 00:00:00+02:00,2.6882259997800637,2.8325970739209705,2.6498490442637483,2.7777726650238037,668390,0.0,0.0,0.0
2021-09-01 00:00:00+02:00,2.7777727240068786,2.9056965653360978,2.741223117299342,2.763152837753296,337735,0.0,0.0,0.0
2021-09-02 00:00:00+02:00,2.763152927467887,2.8508720299846244,2.759498010249033,2.8198049068450928,947825,0.0,0.0,0.0
2021-09-05 00:00:00+02:00,2.819804782755146,2.900214047295639,2.7046734793842653,2.710155963897705,480725,0.0,0.0,0.0
2021-09-06 00:00:00+02:00,2.710155792316815,2.777772516094165,2.604161679375074,2.686398506164551,845865,0.0,0.0,0.0
2021-09-07 00:00:00+02:00,2.686398515143987,2.7777725253790244,2.6681237130969797,2.6772611141204834,287600,0.0,0.0,0.0
2021-09-08 00:00:00+02:00,2.6772611141204834,2.774117608540188,2.6772611141204834,2.6772611141204834,270675,0.0,0.0,0.0
2021-09-09 00:00:00+02:00,2.6772613203621796,2.732085730726577,2.6041618886901414,2.605989456176758,110200,0.0,0.0,0.0
2021-09-12 00:00:00+02:00,2.6059892641957854,2.7046733262934364,2.6041616968438044,2.668123722076416,139785,0.0,0.0,0.0
2021-09-13 00:00:00+02:00,2.6681238204339834,2.733913197591007,2.6315742148696,2.657158851623535,301820,0.0,0.0,0.0
2021-09-14 00:00:00+02:00,2.6571589201086923,2.7266032160414326,2.6187817461358294,2.63340163230896,408850,0.0,0.0,0.0
2021-09-15 00:00:00+02:00,2.633401588735205,2.640711640627234,2.562129726515314,2.5712671279907227,188970,0.0,0.0,0.0
2021-09-16 00:00:00+02:00,2.5712670080853144,2.635229033283284,2.542027455439229,2.560302257537842,186755,0.0,0.0,0.0
2021-09-19 00:00:00+02:00,2.5603023221896546,2.558474754792514,2.4945129458322297,2.49634051322937,243060,0.0,0.0,0.0
2021-09-20 00:00:00+02:00,2.496340681145424,2.457963506046685,2.3738993214746116,2.4214138984680176,458640,0.0,0.0,0.0
2021-09-21 00:00:00+02:00,2.4214138984680176,2.4214138984680176,2.4214138984680176,2.4214138984680176,0,0.0,0.0,0.0
2021-09-22 00:00:00+02:00,2.4177587634278748,2.4652733404212803,2.375726671141838,2.4214138984680176,321645,0.0,0.0,0.0
2021-09-23 00:00:00+02:00,2.4214138984680176,2.5584749268880205,2.4214138984680176,2.4214138984680176,93055,0.0,0.0,0.0
2021-09-26 00:00:00+02:00,2.4214139842708455,2.6041620286398612,2.4872031495319793,2.5584750175476074,234990,0.0,0.0,0.0
2021-09-27 00:00:00+02:00,2.5584747463003517,2.5584747463003517,2.291662324814814,2.3976564407348633,155125,0.0,0.0,0.0
2021-09-28 00:00:00+02:00,2.3976564407348633,2.4762381350529483,2.3940013059527145,2.3976564407348633,90000,0.0,0.0,0.0
2021-09-29 00:00:00+02:00,2.3976564407348633,2.3976564407348633,2.3976564407348633,2.3976564407348633,0,0.0,0.0,0.0
2021-09-30 00:00:00+02:00,2.397656448693233,2.556647405248204,2.3757265113388706,2.49634051322937,134165,0.0,0.0,0.0
2021-10-03 00:00:00+02:00,2.49634051322937,2.4013113656346827,2.3848639126189113,2.49634051322937,9300,0.0,0.0,0.0
2021-10-04 00:00:00+02:00,2.496340485919376,2.494512918542229,2.375726485348395,2.415931224822998,369000,0.0,0.0,0.0
2021-10-05 00:00:00+02:00,2.415931521658403,2.503650627335391,2.439688811216129,2.441516160964966,185840,0.0,0.0,0.0
2021-10-06 00:00:00+02:00,2.4415161305306152,2.520097832925303,2.3830368000925404,2.468928337097168,112510,0.0,0.0,0.0
2021-10-10 00:00:00+02:00,2.4689282382214124,2.5584749067976933,2.4524810020813015,2.479893207550049,153160,0.0,0.0,0.0
2021-10-11 00:00:00+02:00,2.479893207550049,2.4671008885685355,2.4671008885685355,2.479893207550049,1000,0.0,0.0,0.0
2021-10-12 00:00:00+02:00,2.479893207550049,2.552992422133375,2.4177587444425157,2.479893207550049,33610,0.0,0.0,0.0
2021-10-13 00:00:00+02:00,2.479893207550049,2.536545185993264,2.4579634867456197,2.479893207550049,34795,0.0,0.0,0.0
2021-10-14 00:00:00+02:00,2.479893207550049,2.5200977320003095,2.394001456132366,2.479893207550049,11150,0.0,0.0,0.0
2021-10-17 00:00:00+02:00,2.479893207550049,2.412276477631041,2.3592794163464235,2.479893207550049,18515,0.0,0.0,0.0
2021-10-18 00:00:00+02:00,2.479893207550049,2.479893207550049,2.479893207550049,2.479893207550049,0,0.0,0.0,0.0
2021-10-19 00:00:00+02:00,2.4798930080960826,2.485375492319453,2.3227296222412024,2.3757264614105225,621355,0.0,0.0,0.0
2021-10-20 00:00:00+02:00,2.3757264614105225,2.3757264614105225,2.2386654450903922,2.3757264614105225,624070,0.0,0.0,0.0
2021-10-24 00:00:00+02:00,2.3757265405038686,2.445171052508092,2.286180094001309,2.3611068725585938,270700,0.0,0.0,0.0
2021-10-25 00:00:00+02:00,2.3611068178428205,2.3757264854493028,2.1929784618399935,2.308109760284424,351585,0.0,0.0,0.0
2021-10-26 00:00:00+02:00,2.3081098914062257,2.3921740741832553,2.304454974296972,2.3684167861938477,483320,0.0,0.0,0.0
2021-10-27 00:00:00+02:00,2.3684168048797716,2.394001442699239,2.012057700079958,2.3099374771118164,478645,0.0,0.0,0.0
2021-10-28 00:00:00+02:00,2.3099376428481437,2.3757268096126016,2.2843527853401393,2.373899459838867,333190,0.0,0.0,0.0
2021-10-31 00:00:00+02:00,2.373899459838867,2.4067941521475253,2.373899459838867,2.373899459838867,6922415,0.0,0.0,0.0
2021-11-01 00:00:00+02:00,2.373899283419805,2.4762382701406667,2.2953175848148057,2.457963466644287,550610,0.0,0.0,0.0
2021-11-02 00:00:00+02:00,2.457963466644287,2.4488260648960973,2.341004593555754,2.457963466644287,36250,0.0,0.0,0.0
2021-11-03 00:00:00+02:00,2.457963466644287,2.457963466644287,2.286180183066616,2.457963466644287,63805,0.0,0.0,0.0
2021-11-04 00:00:00+02:00,2.457963466644287,2.457963466644287,2.1929785980939442,2.457963466644287,83555,0.0,0.0,0.0
2021-11-07 00:00:00+02:00,2.457963466644287,2.457963466644287,2.457963466644287,2.457963466644287,0,0.0,0.0,0.0
2021-11-08 00:00:00+02:00,2.457963466644287,2.457963466644287,2.457963466644287,2.457963466644287,0,0.0,0.0,0.0
2021-11-09 00:00:00+02:00,2.457963466644287,2.457963466644287,2.457963466644287,2.457963466644287,0,0.0,0.0,0.0
2021-11-10 00:00:00+02:00,2.286180071593241,2.286180071593241,2.046779852469767,2.0650546550750732,911765,0.0,0.0,0.0
2021-11-11 00:00:00+02:00,2.0650547441467513,2.139981525201444,2.0285051373596503,2.0632271766662598,1511475,0.0,0.0,0.0
2021-11-14 00:00:00+02:00,2.0632270876734102,2.1728761211580783,2.037642451167114,2.0650546550750732,728830,0.0,0.0,0.0
2021-11-15 00:00:00+02:00,2.065054712141627,2.0741921136967867,1.9645432950348705,2.010230302810669,675850,0.0,0.0,0.0
2021-11-16 00:00:00+02:00,2.01023027024199,2.1107416857203143,1.92068360574051,1.9681981801986694,2224355,0.0,0.0,0.0
2021-11-17 00:00:00+02:00,1.9681982604651909,2.012057701866899,1.8914439112329378,2.0047478675842285,825685,0.0,0.0,0.0
2021-11-18 00:00:00+02:00,2.004747805244822,2.0120576393001866,1.9097186554080654,1.960888147354126,1339165,0.0,0.0,0.0
2021-11-21 00:00:00+02:00,1.9608881731774228,1.9188560821734577,1.7909324595500746,1.8640316724777222,704190,0.0,0.0,0.0
2021-11-22 00:00:00+02:00,1.8640317050312945,2.101604369047972,1.8092072943781017,1.9755080938339233,759145,0.0,0.0,0.0
2021-11-23 00:00:00+02:00,1.975508078002795,2.1016043522063463,2.0102303351832687,2.0815021991729736,382075,0.0,0.0,0.0
2021-11-24 00:00:00+02:00,2.0815021026311036,2.0833294521751062,1.9755079863770237,1.9956103563308716,531950,0.0,0.0,0.0
2021-11-25 00:00:00+02:00,1.995610534995038,2.0650548344995077,1.995610534995038,2.0394701957702637,1026150,0.0,0.0,0.0
2021-11-28 00:00:00+02:00,2.0394701957702637,2.0394701957702637,2.0394701957702637,2.0394701957702637,0,0.0,0.0,0.0
2021-11-29 00:00:00+02:00,1.9773357410826002,2.0285052366599823,1.960888286511557,1.971853256225586,427180,0.0,0.0,0.0
2021-11-30 00:00:00+02:00,1.971853256225586,1.971853256225586,1.971853256225586,1.971853256225586,0,0.0,0.0,0.0
2021-12-01 00:00:00+02:00,1.971853256225586,1.971853256225586,1.971853256225586,1.971853256225586,0,0.0,0.0,0.0
2021-12-02 00:00:00+02:00,2.070537208039045,2.1198791331378586,2.0211950650873924,2.041297435760498,173700,0.0,0.0,0.0
2021-12-05 00:00:00+02:00,2.0412975849920607,2.092467081293907,2.0102304608329287,2.0431251525878906,350995,0.0,0.0,0.0
2021-12-06 00:00:00+02:00,2.0431249823568236,2.092466906951721,2.008402725899054,2.0193676948547363,486145,0.0,0.0,0.0
2021-12-07 00:00:00+02:00,2.0193675630953782,2.0613996508792094,1.9663705070713056,1.999265193939209,227580,0.0,0.0,0.0
2021-12-08 00:00:00+02:00,1.999265193939209,2.0065752453836443,1.9517506220352572,1.999265193939209,126900,0.0,0.0,0.0
2021-12-09 00:00:00+02:00,1.999265193939209,2.0102301621794507,1.938958304323523,1.999265193939209,98190,0.0,0.0,0.0
2021-12-12 00:00:00+02:00,1.999265452464627,2.0924670410001327,1.973680813732804,1.9809906482696533,495865,0.0,0.0,0.0
2021-12-13 00:00:00+02:00,1.9809904707146941,2.046779847061078,1.9883005224491983,1.9956103563308716,194690,0.0,0.0,0.0
2021-12-14 00:00:00+02:00,1.9956103563308716,1.9956103563308716,1.9956103563308716,1.9956103563308716,0,0.0,0.0,0.0
2021-12-15 00:00:00+02:00,2.004747847155857,2.010230331738415,1.9791629917215348,1.9828181266784668,157805,0.0,0.0,0.0
2021-12-16 00:00:00+02:00,1.9828181363656903,2.0157128261689055,1.9718531671470045,1.9736807346343994,198585,0.0,0.0,0.0
2021-12-19 00:00:00+02:00,1.9736805719489683,1.9992652075465702,1.920683515564188,1.9407858848571777,383340,0.0,0.0,0.0
2021-12-20 00:00:00+02:00,1.9407858848571777,1.9864728897477693,1.9718530046122154,1.9407858848571777,40085,0.0,0.0,0.0
2021-12-21 00:00:00+02:00,1.9407860364460474,2.0687096601314274,1.980990560319456,2.0230226516723633,424540,0.0,0.0,0.0
2021-12-22 00:00:00+02:00,2.0230226214173253,2.065054712141627,2.0029202508548387,2.010230302810669,760260,0.0,0.0,0.0
2021-12-23 00:00:00+02:00,2.0102301532995175,2.0467797568017745,2.0029201018873737,2.0084025859832764,285080,0.0,0.0,0.0
2021-12-26 00:00:00+02:00,2.0084027449043376,2.0595722374270053,1.9919555091680123,2.0010929107666016,220100,0.0,0.0,0.0
2021-12-27 00:00:00+02:00,2.0010929311825807,2.0650547430252706,1.9864730449051118,2.0230226516723633,1425980,0.0,0.0,0.0
2021-12-28 00:00:00+02:00,2.023022650459465,2.023022650459465,1.9846454762357235,1.993782877922058,286400,0.0,0.0,0.0
2021-12-29 00:00:00+02:00,1.9937828876087187,2.0266775774099077,1.98281813624355,1.9846454858779907,300110,0.0,0.0,0.0
2021-12-30 00:00:00+02:00,1.9846453968814748,2.030332403486394,1.975507995560491,1.9864729642868042,502430,0.0,0.0,0.0
2022-01-02 00:00:00+02:00,1.9864731523814254,2.0303325957339657,1.995610554567609,2.002920389175415,406270,0.0,0.0,0.0
2022-01-03 00:00:00+02:00,2.0029203790793577,2.0248503184979385,2.0102304315031683,2.0120577812194824,312540,0.0,0.0,0.0
2022-01-04 00:00:00+02:00,2.0120576032221313,2.03581489025533,2.008402686259985,2.0157127380371094,410020,0.0,0.0,0.0
2022-01-05 00:00:00+02:00,2.015712817460049,2.0613998259191133,2.0175401670867075,2.0230226516723633,535040,0.0,0.0,0.0
2022-01-09 00:00:00+02:00,2.0230226516723633,2.0230226516723633,2.0230226516723633,2.0230226516723633,0,0.0,0.0,0.0
2022-01-10 00:00:00+02:00,2.0230226718694047,2.0815022175631155,2.026677589012051,2.044952392578125,1068450,0.0,0.0,0.0
2022-01-11 00:00:00+02:00,2.0449522968643103,2.1911509364029302,2.0796745527263845,2.0961217880249023,5597615,0.0,0.0,0.0
2022-01-12 00:00:00+02:00,2.096121845393144,2.130844102205523,2.032160034155057,2.041297435760498,2061340,0.0,0.0,0.0
2022-01-13 00:00:00+02:00,2.0412973627234074,2.065054649618092,1.9809904707146941,1.9956103563308716,599485,0.0,0.0,0.0
2022-01-16 00:00:00+02:00,1.9956104947876843,2.013885298612617,1.9407860833128865,1.9480959177017212,575630,0.0,0.0,0.0
2022-01-17 00:00:00+02:00,1.9480959078793934,2.0010929694161934,1.9480959078793934,1.9572333097457886,567205,0.0,0.0,0.0
2022-01-18 00:00:00+02:00,1.95723327117672,1.999265362504427,1.9371309003256478,1.993782877922058,755070,0.0,0.0,0.0
2022-01-19 00:00:00+02:00,1.9937829476550053,2.004747917203245,1.9115463296017525,1.9298211336135864,1192755,0.0,0.0,0.0
2022-01-20 00:00:00+02:00,1.9298209254679046,1.9462683780162826,1.90058115506156,1.9316484928131104,638620,0.0,0.0,0.0
2022-01-23 00:00:00+02:00,1.9316486812489433,1.935303598443074,1.8585492481020993,1.9078913927078247,810265,0.0,0.0,0.0
2022-01-24 00:00:00+02:00,1.9078912779972146,1.9078912779972146,1.8146895880334912,1.8293095827102661,474925,0.0,0.0,0.0
2022-01-25 00:00:00+02:00,1.8293096822881671,1.8823065259336467,1.827482114775077,1.8475844860076904,714620,0.0,0.0,0.0
2022-01-26 00:00:00+02:00,1.847584385756726,1.8786515068236271,1.829309583028804,1.8402743339538574,465180,0.0,0.0,0.0
2022-01-30 00:00:00+02:00,1.8402743832382964,1.8914438758174166,1.811034719875836,1.8238271474838257,317545,0.0,0.0,0.0
2022-01-31 00:00:00+02:00,1.8238271474838257,1.836619466165396,1.8055522353400661,1.8238271474838257,80825,0.0,0.0,0.0
2022-02-01 00:00:00+02:00,1.8238271079225497,1.8786515163853545,1.8165171650088923,1.83113694190979,674025,0.0,0.0,0.0
2022-02-02 00:00:00+02:00,1.8311369816544671,1.8640316710166935,1.8238271475085674,1.834791898727417,3322535,0.0,0.0,0.0
2022-02-03 00:00:00+02:00,1.834791881504992,1.8969263425732643,1.8366194489507315,1.882306456565857,4683340,0.0,0.0,0.0
2022-02-06 00:00:00+02:00,1.8823064676618042,1.9298210430027614,1.8823064676618042,1.9024088382720947,2041905,0.0,0.0,0.0
2022-02-07 00:00:00+02:00,1.9024088057661608,1.918856041182396,1.854894231237072,1.8603767156600952,1713180,0.0,0.0,0.0
2022-02-08 00:00:00+02:00,1.8603767381701977,1.929821033378804,1.8603767381701977,1.911546230316162,2201745,0.0,0.0,0.0
2022-02-09 00:00:00+02:00,1.911546188105168,1.948095793423359,1.873169015379935,1.87865149974823,2625355,0.0,0.0,0.0
2022-02-10 00:00:00+02:00,1.878651539527214,1.898753910019004,1.878651539527214,1.882306456565857,1374260,0.0,0.0,0.0
2022-02-13 00:00:00+02:00,1.882306522866265,1.8786516056988853,1.663008769662929,1.679456114768982,1336300,0.0,0.0,0.0
2022-02-14 00:00:00+02:00,1.6794561443327212,1.6922484635701576,1.6100117365922662,1.6429064273834229,984740,0.0,0.0,0.0
2022-02-15 00:00:00+02:00,1.6429064273834229,1.706868350349877,1.6264590819878446,1.6429064273834229,2236445,0.0,0.0,0.0
2022-02-16 00:00:00+02:00,1.6429063683991005,1.705040830518918,1.631941508171188,1.6575262546539307,3370640,0.0,0.0,0.0
2022-02-17 00:00:00+02:00,1.6575263041684323,1.6812835928106162,1.6319415569214086,1.6520438194274902,860160,0.0,0.0,0.0
2022-02-20 00:00:00+02:00,1.6520437781369097,1.6575262627408245,1.5606696519880479,1.5990468263626099,926080,0.0,0.0,0.0
2022-02-21 00:00:00+02:00,1.5990468364648098,1.6264590418047227,1.573462089695607,1.6100116968154907,495545,0.0,0.0,0.0
2022-02-22 00:00:00+02:00,1.6100116553794284,1.5935643108134936,1.5131551554339153,1.5771169662475586,1024250,0.0,0.0,0.0
2022-02-23 00:00:00+02:00,1.5771169156236087,1.5917368011965818,1.54604979493906,1.5624971389770508,766085,0.0,0.0,0.0
2022-02-24 00:00:00+02:00,1.5624973037400773,1.4546758268910132,1.2828925345367401,1.3084772825241089,2156995,0.0,0.0,0.0
2022-02-27 00:00:00+02:00,1.308477209181583,1.5186375572738269,1.3834039902861868,1.500362753868103,2182720,0.0,0.0,0.0
2022-02-28 00:00:00+02:00,1.5003628326668124,1.5807721025867776,1.4437109609190095,1.546049952507019,2214540,0.0,0.0,0.0
2022-03-01 00:00:00+02:00,1.546049883088123,1.6173216386987466,1.5551872848606025,1.5606696605682373,1334170,0.0,0.0,0.0
2022-03-02 00:00:00+02:00,1.5606695975144165,1.5698071078441453,1.4802604433799862,1.5058451890945435,968550,0.0,0.0,0.0
2022-03-03 00:00:00+02:00,1.505845268801325,1.547877361051953,1.5076727273934343,1.5222926139831543,1009440,0.0,0.0,0.0
2022-03-06 00:00:00+02:00,1.522292685062265,1.531430087375879,1.4619857862218397,1.4784331321716309,1477450,0.0,0.0,0.0
2022-03-07 00:00:00+02:00,1.478433072367355,1.5113277629363102,1.4309184951174367,1.4437109231948853,1669450,0.0,0.0,0.0
2022-03-08 00:00:00+02:00,1.4437109231948853,1.4437109231948853,1.4437109231948853,1.4437109231948853,0,0.0,0.0,0.0
2022-03-09 00:00:00+02:00,1.4491932392120361,1.4893978714626388,1.4327458946061724,1.4491932392120361,758785,0.0,0.0,0.0
2022-03-10 00:00:00+02:00,1.4491932990054288,1.4893979329148657,1.4382284384579183,1.4437109231948853,446935,0.0,0.0,0.0
2022-03-13 00:00:00+02:00,1.4437108437971977,1.4711230481216364,1.4108161550373044,1.4473657608032227,651075,0.0,0.0,0.0
2022-03-14 00:00:00+02:00,1.4473658503901223,1.4473658503901223,1.4345735311508179,1.4345735311508179,210600,0.0,0.0,0.0
2022-03-15 00:00:00+02:00,1.4345734811551973,1.449193258501121,1.403506250058072,1.4309184551239014,330960,0.0,0.0,0.0
2022-03-16 00:00:00+02:00,1.4309184679023594,1.5624972276756435,1.4254359832696655,1.540567398071289,3084635,0.0,0.0,0.0
2022-03-17 00:00:00+02:00,1.5405674680083339,1.6118393357631944,1.5040178592682574,1.5168101787567139,1847145,0.0,0.0,0.0
2022-03-20 00:00:00+02:00,1.5168100327839051,1.589909352155646,1.5076726314782394,1.5533597469329834,1607340,0.0,0.0,0.0
2022-03-21 00:00:00+02:00,1.553359826840038,1.6410789274573907,1.5350849143622032,1.5698071718215942,2782135,0.0,0.0,0.0
2022-03-22 00:00:00+02:00,1.5698070994951763,1.6228040491378073,1.5186374994117884,1.535084843635559,1210240,0.0,0.0,0.0
2022-03-23 00:00:00+02:00,1.5350848367706187,1.5899093535801494,1.5168100341429138,1.5734620094299316,585260,0.0,0.0,0.0
2022-03-24 00:00:00+02:00,1.5734620187538626,1.6136666501289052,1.5588421329944986,1.5643246173858643,1038935,0.0,0.0,0.0
2022-03-27 00:00:00+02:00,1.5643246548158118,1.5935643181077472,1.5058452193055218,1.5186375379562378,684115,0.0,0.0,0.0
2022-03-28 00:00:00+02:00,1.518637483240377,1.5168100247741771,1.4382283303898478,1.4546756744384766,742315,0.0,0.0,0.0
2022-03-29 00:00:00+02:00,1.4546757448271206,1.491225351625335,1.4272635397284597,1.4802604913711548,916850,0.0,0.0,0.0
2022-03-30 00:00:00+02:00,1.4802604212660748,1.5332573703988366,1.46381307720054,1.4747779369354248,904380,0.0,0.0,0.0
2022-03-31 00:00:00+02:00,1.4747780363271394,1.507672726675126,1.4656406344445234,1.4729505777359009,284005,0.0,0.0,0.0
2022-04-03 00:00:00+02:00,1.4729505777359009,1.520465154666642,1.471123119144662,1.4729505777359009,146750,0.0,0.0,0.0
2022-04-04 00:00:00+02:00,1.4729504877360846,1.494880316270266,1.460158169452624,1.4656405448913574,351215,0.0,0.0,0.0
2022-04-05 00:00:00+02:00,1.4656406147008036,1.4893979028461384,1.4619856975675618,1.4711230993270874,385690,0.0,0.0,0.0
2022-04-06 00:00:00+02:00,1.471123080134587,1.53508489161681,1.4674680541226082,1.4893978834152222,547085,0.0,0.0,0.0
2022-04-07 00:00:00+02:00,1.4893979137904165,1.5259475210970896,1.4711231101370799,1.5113277435302734,818110,0.0,0.0,0.0
2022-04-10 00:00:00+02:00,1.5113276735070975,1.5533597635329002,1.4912253032786773,1.5058451890945435,2322700,0.0,0.0,0.0
2022-04-11 00:00:00+02:00,1.5058452355061356,1.5350848991126456,1.3998512234638942,1.4108161926269531,1056025,0.0,0.0,0.0
2022-04-12 00:00:00+02:00,1.4108161539391302,1.494880334276441,1.4108161539391302,1.4272634983062744,1064825,0.0,0.0,0.0
2022-04-13 00:00:00+02:00,1.4272636092285564,1.460158300519313,1.2792374984201518,1.3176146745681763,7378695,0.0,0.0,0.0
2022-04-14 00:00:00+02:00,1.317614654453148,1.3340619998474372,1.2518252728759915,1.3066496849060059,2665480,0.0,0.0,0.0
2022-04-17 00:00:00+02:00,1.3066497266901353,1.35781922312502,1.2372054256608533,1.249997854232788,985190,0.0,0.0,0.0
2022-04-18 00:00:00+02:00,1.2499978340220042,1.306649705563367,1.1951733121988226,1.2682726383209229,1189195,0.0,0.0,0.0
2022-04-19 00:00:00+02:00,1.2682726376320415,1.352336824502547,1.2847199832774197,1.3176146745681763,690535,0.0,0.0,0.0
2022-04-20 00:00:00+02:00,1.3176145140879865,1.3395442329932548,1.2975121446773425,1.3048220872879028,843115,0.0,0.0,0.0
2022-04-21 00:00:00+02:00,1.3048222264789564,1.359646747443322,1.2993398506310168,1.335889458656311,882205,0.0,0.0,0.0
2022-04-26 00:00:00+02:00,1.3358894086509625,1.365129072191407,1.2993398019938023,1.3322343826293945,861960,0.0,0.0,0.0
2022-04-27 00:00:00+02:00,1.332234405367952,1.5259475200247499,1.3340619728731389,1.46198570728302,3833065,0.0,5.0,0.0
2022-04-28 00:00:00+02:00,1.4619856485884068,1.6538711880363528,1.4619856485884068,1.6447337865829468,4861657,0.0,0.0,0.0
2022-05-08 00:00:00+02:00,1.6447339065554143,1.7817951562070533,1.5990468959558182,1.6045293807983398,8597384,0.0,0.0,0.0
2022-05-09 00:00:00+02:00,1.6045292846553738,1.6337689479017974,1.5652384361087333,1.572548270225525,2134714,0.0,0.0,0.0
2022-05-10 00:00:00+02:00,1.5725483595287049,1.6666637317809172,1.5533598804928068,1.6090980768203735,4073870,0.0,0.0,0.0
2022-05-11 00:00:00+02:00,1.6090980569515403,1.6620950102120324,1.6136667579407824,1.6273728609085083,2404610,0.0,0.0,0.0
2022-05-12 00:00:00+02:00,1.627372793531027,1.6401651122006997,1.5442223953988963,1.5679795742034912,1198148,0.0,0.0,0.0
2022-05-15 00:00:00+02:00,1.5679796533559018,1.6630088090770792,1.572548354386618,1.6337690353393555,4394210,0.0,0.0,0.0
2022-05-16 00:00:00+02:00,1.6337689358502139,1.7361079198474159,1.6292002350977108,1.7187469005584717,11124614,0.0,0.0,0.0
2022-05-17 00:00:00+02:00,1.718746874027892,1.8813927490180988,1.718746874027892,1.8402743339538574,8501261,0.0,0.0,0.0
2022-05-18 00:00:00+02:00,1.8402744401831632,1.9919555730040654,1.8512394095939992,1.9618021249771118,10782379,0.0,0.0,0.0
2022-05-19 00:00:00+02:00,1.9618019882856412,1.9873866246578173,1.9188560063207554,1.9371308088302612,6084787,0.0,0.0,0.0
2022-05-22 00:00:00+02:00,1.937130925990175,2.01936776010956,1.7543827809158827,1.8274821043014526,16470372,0.0,0.0,0.0
2022-05-23 00:00:00+02:00,1.8274820660138984,1.900581278941546,1.7269705393119636,1.8640316724777222,12878895,0.0,0.0,0.0
2022-05-24 00:00:00+02:00,1.8640316169583255,2.0833294670624127,1.818344610239314,2.055917263031006,19123768,0.0,0.0,0.0
2022-05-25 00:00:00+02:00,2.0559173760420477,1.9371309341902532,1.6447338572630694,1.6995583772659302,13596535,0.0,0.0,0.0
2022-05-26 00:00:00+02:00,1.6995583388833384,1.8000698658466263,1.7086957405230538,1.7361079454421997,11020031,0.0,0.0,0.0
2022-05-29 00:00:00+02:00,1.7361079228739367,1.7635201274367418,1.6456475824608285,1.6849384307861328,4955810,0.0,0.0,0.0
2022-05-30 00:00:00+02:00,1.684938431961676,1.7141782039902027,1.5862543647550258,1.6109254360198975,7899738,0.0,0.0,0.0
2022-05-31 00:00:00+02:00,1.6109255110015093,1.6904209951304119,1.5716346608199734,1.6812835931777954,5894117,0.0,0.0,0.0
2022-06-01 00:00:00+02:00,1.6812835061456026,1.718746895782595,1.6292002305706574,1.640165090560913,3363742,0.0,0.0,0.0
2022-06-02 00:00:00+02:00,1.6401650906162117,1.7342804565711307,1.6127528861764397,1.7233155965805054,4806238,0.0,0.0,0.0
2022-06-05 00:00:00+02:00,1.7233155965805054,1.7233155965805054,1.7233155965805054,1.7233155965805054,0,0.0,0.0,0.0
2022-06-06 00:00:00+02:00,1.6630087838851746,1.6858522886927134,1.628286525866008,1.6365102529525757,1664058,0.0,0.0,0.0
2022-06-07 00:00:00+02:00,1.6365101438513632,1.644733761463264,1.5643246081160793,1.5734620094299316,7125383,0.0,0.0,0.0
2022-06-08 00:00:00+02:00,1.5734621190815803,1.678542350440145,1.5807720624273618,1.6520438194274902,7312531,0.0,0.0,0.0
2022-06-09 00:00:00+02:00,1.6520437786402271,1.6785423089986604,1.6081842285748087,1.619149088859558,3765682,0.0,0.0,0.0
2022-06-12 00:00:00+02:00,1.6191490634099361,1.6355964080417529,1.5780307562936038,1.60178804397583,2385639,0.0,0.0,0.0
2022-06-13 00:00:00+02:00,1.6017880632706443,1.6173216243608668,1.577116991562527,1.5835132598876953,2048573,0.0,0.0,0.0
2022-06-14 00:00:00+02:00,1.58351327002589,1.6036155320905514,1.5707208422200722,1.5944781303405762,1405845,0.0,0.0,0.0
2022-06-15 00:00:00+02:00,1.5944780897497517,1.6164079187472746,1.5771169615109106,1.5816856622695923,1787798,0.0,0.0,0.0
2022-06-16 00:00:00+02:00,1.5816855996596813,1.6812834465386997,1.5716345237442972,1.654784917831421,8450986,0.0,0.0,0.0
2022-06-19 00:00:00+02:00,1.65478491607026,1.6995582470412187,1.6027016423972658,1.6346826553344727,4002253,0.0,0.0,0.0
2022-06-20 00:00:00+02:00,1.6346826691027236,1.6666635733828787,1.6090979238933167,1.6209765672683716,2344950,0.0,0.0,0.0
2022-06-21 00:00:00+02:00,1.6209766174851747,1.663008707983214,1.6273727767540715,1.6355963945388794,1175121,0.0,0.0,0.0
2022-06-22 00:00:00+02:00,1.6355963983583508,1.653871201412971,1.6081841937764207,1.6109254360198975,990079,0.0,0.0,0.0
2022-06-23 00:00:00+02:00,1.6109254294559723,1.6355963916939007,1.5825994412661617,1.586254358291626,1252014,0.0,0.0,0.0
2022-06-26 00:00:00+02:00,1.586254422279715,1.6173216539550572,1.5350849283005767,1.5469635725021362,2296251,0.0,0.0,0.0
2022-06-27 00:00:00+02:00,1.5469635231199526,1.562497192924969,1.3815764022604669,1.4491932392120361,1939903,0.0,0.0,0.0
2022-06-28 00:00:00+02:00,1.4491931446357988,1.4784329148830728,1.34319924980546,1.4016786813735962,1173672,0.0,0.0,0.0
2022-06-29 00:00:00+02:00,1.4016787319196735,1.4592443818960588,1.4071611073439292,1.416298508644104,1098311,0.0,0.0,0.0
2022-07-03 00:00:00+02:00,1.41629858847999,1.4501070623375327,1.3980237848495005,1.4327459335327148,831011,0.0,0.0,0.0
2022-07-04 00:00:00+02:00,1.4327459068594364,1.438228391417085,1.3358894058504411,1.3861451148986816,752664,0.0,0.0,0.0
2022-07-05 00:00:00+02:00,1.3861450855871207,1.4245222588262947,1.3797489263560643,1.3934550285339355,1620496,0.0,0.0,0.0
2022-07-06 00:00:00+02:00,1.3934550484115809,1.4162985523672293,1.385231430558115,1.395282506942749,644060,0.0,0.0,0.0
2022-07-07 00:00:00+02:00,1.3952824820449954,1.4893978473745526,1.4162985270944604,1.4720367193222046,1954751,0.0,0.0,0.0
2022-07-17 00:00:00+02:00,1.472036773148034,1.5040177882110872,1.4300047904385986,1.4418833255767822,2243768,0.0,0.0,0.0
2022-07-18 00:00:00+02:00,1.4418832691852719,1.5067589715935938,1.4345734352096349,1.4857429265975952,6604404,0.0,0.0,0.0
2022-07-19 00:00:00+02:00,1.485742986122661,1.50675903196065,1.480260501494865,1.4912253618240356,3166375,0.0,0.0,0.0
2022-07-20 00:00:00+02:00,1.491225386496936,1.5049314893667771,1.4555895626059179,1.4683818817138672,4693158,0.0,0.0,0.0
2022-07-21 00:00:00+02:00,1.4683818719057409,1.4939666188771676,1.4619857123944895,1.4775192737579346,9112683,0.0,0.0,0.0
2022-07-24 00:00:00+02:00,1.4775192084639748,1.488484068416768,1.4628993225759723,1.467468023300171,5934481,0.0,0.0,0.0
2022-07-25 00:00:00+02:00,1.467467998739468,1.4839153428565908,1.4455382792009148,1.4702092409133911,4260002,0.0,0.0,0.0
2022-07-26 00:00:00+02:00,1.4702093933770937,1.5707209269768907,1.4893979816580352,1.5369125604629517,11898198,0.0,0.0,0.0
2022-07-27 00:00:00+02:00,1.5369124756420312,1.5524460368126187,1.5122414038062746,1.5250338315963745,5043421,0.0,0.0,0.0
2022-07-28 00:00:00+02:00,1.5250337461095886,1.5487910328691714,1.492139058123461,1.5131551027297974,3507858,0.0,0.0,0.0
2022-07-31 00:00:00+02:00,1.5131552170028213,1.5423948813506527,1.5076727322822927,1.5177239179611206,2471231,0.0,0.0,0.0
2022-08-01 00:00:00+02:00,1.5177238769751966,1.5497047828196524,1.4802604865582663,1.4848291873931885,5073513,0.0,0.0,0.0
2022-08-02 00:00:00+02:00,1.4848291172710189,1.506758945598845,1.471123015413533,1.4793466329574585,5091934,0.0,0.0,0.0
2022-08-03 00:00:00+02:00,1.479346742297139,1.5222926184325565,1.4857430107778509,1.4884841442108154,4148533,0.0,0.0,0.0
2022-08-04 00:00:00+02:00,1.4884840473205578,1.5241199778200913,1.4939665316824602,1.5195512771606445,2624079,0.0,0.0,0.0
2022-08-07 00:00:00+02:00,1.5195513561137592,1.7342805161175188,1.5259475155840343,1.7086957693099976,15312084,0.0,0.0,0.0
2022-08-08 00:00:00+02:00,1.7086957080664555,1.864031641917436,1.73702169618209,1.7680888175964355,12149621,0.0,0.0,0.0
2022-08-09 00:00:00+02:00,1.7680888504858618,1.8165172098690108,1.7013857967568888,1.7160056829452515,4346307,0.0,0.0,0.0
2022-08-10 00:00:00+02:00,1.7160056277980784,1.9188560247421265,1.7196605447645015,1.9188560247421265,13693064,0.0,0.0,0.0
2022-08-11 00:00:00+02:00,1.9188560816143334,2.193892240524292,1.9736807091469328,2.193892240524292,22578154,0.0,0.0,0.0
2022-08-14 00:00:00+02:00,2.1938921656974046,2.5127877543334924,2.2569403000346036,2.320902109146118,16880727,0.0,0.0,0.0
2022-08-15 00:00:00+02:00,2.320902259773837,2.6498491636875348,2.247803044616502,2.4214138984680176,19225445,0.0,0.0,0.0
2022-08-16 00:00:00+02:00,2.421413840672986,2.631574297086997,2.421413840672986,2.476238250732422,8722574,0.0,0.0,0.0
2022-08-17 00:00:00+02:00,2.476238309836019,2.5584749268880205,2.3026274559845032,2.4214138984680176,9548623,0.0,0.0,0.0
2022-08-18 00:00:00+02:00,2.4214138984680176,2.4214138984680176,2.4214138984680176,2.4214138984680176,0,0.0,0.0,0.0
2022-08-21 00:00:00+02:00,2.3574516864719,2.439688515066948,2.3117646805040004,2.3483142852783203,5152986,0.0,0.0,0.0
2022-08-22 00:00:00+02:00,2.3483144750472458,2.485375721879788,2.375726680843185,2.41227650642395,10255773,0.0,0.0,0.0
2022-08-23 00:00:00+02:00,2.41227650642395,2.41227650642395,2.41227650642395,2.41227650642395,0,0.0,0.0,0.0
2022-08-24 00:00:00+02:00,2.4305512435414607,2.4488260469035676,2.2112533853433374,2.2295281887054443,8341934,0.0,0.0,0.0
2022-08-25 00:00:00+02:00,2.229528141488082,2.3391769593385603,2.1929785355379225,2.2752151489257812,12318229,0.0,0.0,0.0
2022-08-28 00:00:00+02:00,2.275215247311746,2.311764854842401,2.165566206866935,2.1838412284851074,6897625,0.0,0.0,0.0
2022-08-29 00:00:00+02:00,2.1838410983667456,2.4579633563666605,2.192978499704982,2.311764717102051,16093888,0.0,0.0,0.0
2022-08-30 00:00:00+02:00,2.311764698659504,2.421413731696423,2.3209020999248446,2.3300395011901855,5786449,0.0,0.0,0.0
2022-08-31 00:00:00+02:00,2.330039519778523,2.3940013291461755,2.2478029077343984,2.311764717102051,5119818,0.0,0.0,0.0
2022-09-01 00:00:00+02:00,2.3117647548759406,2.3300395578510202,2.1838411340503825,2.2752151489257812,5097520,0.0,0.0,0.0
2022-09-04 00:00:00+02:00,2.2752150668993374,2.3574516773223877,2.229528061108754,2.3574516773223877,4000056,0.0,0.0,0.0
2022-09-05 00:00:00+02:00,2.357451876979226,2.448826114151869,2.3483144750472458,2.41227650642395,6764415,0.0,0.0,0.0
2022-09-06 00:00:00+02:00,2.4122764203665126,2.531062641244576,2.4305512235785223,2.4945130348205566,11649038,0.0,0.0,0.0
2022-09-07 00:00:00+02:00,2.4945131136253527,2.6315743598982007,2.375726671141838,2.4214138984680176,18397434,0.0,0.0,0.0
2022-09-08 00:00:00+02:00,2.421413907556977,2.457963515272836,2.3757266800593064,2.3940014839172363,4716150,0.0,0.0,0.0
2022-09-11 00:00:00+02:00,2.3940013195592775,2.448825945221978,2.302627306542828,2.320902109146118,4472993,0.0,0.0,0.0
2022-09-12 00:00:00+02:00,2.3209021278082185,2.3574517333086895,2.2752151209326303,2.3026273250579834,3474205,0.0,0.0,0.0
2022-09-13 00:00:00+02:00,2.302627315763815,2.3848639278079395,2.293489914425579,2.311764717102051,3496518,0.0,0.0,0.0
2022-09-14 00:00:00+02:00,2.3117647840125075,2.3300395872179154,2.2295281695881712,2.247802972793579,3105080,0.0,0.0,0.0
2022-09-15 00:00:00+02:00,2.2478029632736414,2.3209021757856823,2.2478029632736414,2.2569403648376465,2628795,0.0,0.0,0.0
2022-09-18 00:00:00+02:00,2.2569403322030324,2.2843525364986763,1.8366194306308223,1.9005812406539917,4537326,0.0,0.0,0.0
2022-09-19 00:00:00+02:00,1.9005812223335345,2.0833294670624127,1.8640316169583255,2.055917263031006,5124412,0.0,0.0,0.0
2022-09-20 00:00:00+02:00,2.0559174022641042,2.1564288238528744,1.9462685787127185,2.147291421890259,6855438,0.0,0.0,0.0
2022-09-21 00:00:00+02:00,2.1472914120137383,2.2660778548342253,2.138154010093151,2.156428813934326,7364119,0.0,0.0,0.0
2022-09-22 00:00:00+02:00,2.156428833856196,2.1838412577240516,2.0741922158111747,2.1381540298461914,3364183,0.0,0.0,0.0
2022-09-25 00:00:00+02:00,2.1381540601170843,2.174703886507396,2.092467049445259,2.1107418537139893,2611877,0.0,0.0,0.0
2022-09-26 00:00:00+02:00,2.110741704297228,2.3117647548759406,2.110741704297228,2.2752151489257812,6819981,0.0,0.0,0.0
2022-09-27 00:00:00+02:00,2.2752151301893297,2.3940013485491405,2.2752151301893297,2.293489933013916,7663846,0.0,0.0,0.0
2022-09-28 00:00:00+02:00,2.2934900204635906,2.3483144310277777,2.183841199335216,2.2112534046173096,5076639,0.0,0.0,0.0
2022-09-29 00:00:00+02:00,2.211253394940665,2.2934900104270715,2.1929785914992417,2.220390796661377,5288274,0.0,0.0,0.0
2022-10-02 00:00:00+02:00,2.220390865744061,2.2295282677490635,2.110741823831184,2.1381540298461914,3821131,0.0,0.0,0.0
2022-10-03 00:00:00+02:00,2.1381540703828654,2.1838412991268967,2.0285052442440348,2.101604461669922,3900161,0.0,0.0,0.0
2022-10-04 00:00:00+02:00,2.1016044031961743,2.2478030518330594,2.1472914128161866,2.17470383644104,6623789,0.0,0.0,0.0
2022-10-05 00:00:00+02:00,2.1747038168458355,2.2478030315791933,2.156428795309652,2.192978620529175,4785675,0.0,0.0,0.0
2022-10-09 00:00:00+02:00,2.1929785538896103,2.3300395773496874,2.183841152325605,2.2569403648376465,10696919,0.0,0.0,0.0
2022-10-10 00:00:00+02:00,2.256940403544224,2.3300396173099185,2.2021159932199534,2.220390796661377,6835964,0.0,0.0,0.0
2022-10-11 00:00:00+02:00,2.220390846061052,2.2660778556810643,2.138154010892184,2.17470383644104,2679365,0.0,0.0,0.0
2022-10-12 00:00:00+02:00,2.174703718203824,2.2021159224854476,2.0102302746612475,2.037642478942871,4315505,0.0,0.0,0.0
2022-10-13 00:00:00+02:00,2.0376426269402046,2.129016647848929,2.0102304206675874,2.1198792457580566,6530869,0.0,0.0,0.0
2022-10-16 00:00:00+02:00,2.1198792357543708,2.1655662459931366,2.110741833706618,2.129016637802124,3985821,0.0,0.0,0.0
2022-10-17 00:00:00+02:00,2.1290166579827194,2.1564288643858145,2.092467049445259,2.1107418537139893,3776940,0.0,0.0,0.0
2022-10-18 00:00:00+02:00,2.1107416615883388,2.1381538654962977,2.046779852469767,2.0650546550750732,4278638,0.0,0.0,0.0
2022-10-19 00:00:00+02:00,2.0650546458572743,2.165566059737804,2.055917244595408,2.0741920471191406,9162057,0.0,0.0,0.0
2022-10-20 00:00:00+02:00,2.0741920563777265,2.1198790628909916,2.046779852469767,2.0650546550750732,5165616,0.0,0.0,0.0
2022-10-23 00:00:00+02:00,2.0650546458572743,2.110741652166606,2.0741920471191406,2.0741920471191406,4416227,0.0,0.0,0.0
2022-10-24 00:00:00+02:00,2.074192196649036,2.2295282471518743,2.1016044024108,2.156428813934326,12649031,0.0,0.0,0.0
2022-10-25 00:00:00+02:00,2.156428874739337,2.174703896948661,2.092467059491686,2.101604461669922,5449396,0.0,0.0,0.0
2022-10-26 00:00:00+02:00,2.101604461669922,2.101604461669922,2.101604461669922,2.101604461669922,0,0.0,0.0,0.0
2022-10-27 00:00:00+02:00,2.0924668496428733,2.165566059737804,2.0650546458572743,2.0741920471191406,4855757,0.0,0.0,0.0
2022-10-30 00:00:00+02:00,2.074192123555316,2.1198791315482626,1.982818107569423,2.0010929107666016,4972449,0.0,0.0,0.0
2022-10-31 00:00:00+02:00,2.0010928732340396,2.055917281797287,1.9188560425363341,2.037642478942871,6261750,0.0,0.0,0.0
2022-11-01 00:00:00+02:00,2.037642517160959,2.0833295251539052,1.9919555091680123,2.0010929107666016,3072168,0.0,0.0,0.0
2022-11-02 00:00:00+02:00,2.001092837660842,2.028505041455162,1.9462684300722015,1.955405831336975,2646178,0.0,0.0,0.0
2022-11-03 00:00:00+02:00,1.9554058479648535,1.9828180519922745,1.8914438207147055,1.9188560247421265,3106425,0.0,0.0,0.0
2022-11-06 00:00:00+02:00,1.9188560626579572,1.946268485079869,1.873169055042832,1.882306456565857,2422311,0.0,0.0,0.0
2022-11-07 00:00:00+02:00,1.8823064368275024,2.0650546832244947,1.9005812396819182,2.037642478942871,12373048,0.0,0.0,0.0
2022-11-08 00:00:00+02:00,2.0376424427199353,2.083329449043802,1.9462684300722015,1.955405831336975,5818333,0.0,0.0,0.0
2022-11-09 00:00:00+02:00,1.9554058385342412,1.9828180424294575,1.9005812128909776,1.9279934167861938,2999347,0.0,0.0,0.0
2022-11-10 00:00:00+02:00,1.9279934006406676,2.0010928282685883,1.9279934006406676,1.9645432233810425,2877935,0.0,0.0,0.0
2022-11-13 00:00:00+02:00,1.9645433043722444,2.0285051155623695,1.9645433043722444,2.0010929107666016,7041948,0.0,0.0,0.0
2022-11-14 00:00:00+02:00,2.0010929107666016,2.0285051155623695,1.9736807059708337,2.0010929107666016,7269137,0.0,0.0,0.0
2022-11-15 00:00:00+02:00,2.001092882490381,2.074192094246175,2.001092882490381,2.0285050868988037,6507137,0.0,0.0,0.0
2022-11-16 00:00:00+02:00,2.0285052345047037,2.1381540601170843,2.0285052345047037,2.1107418537139893,12492129,0.0,0.0,0.0
2022-11-17 00:00:00+02:00,2.110741884383183,2.165566297985975,2.065054873047523,2.083329677581787,9030620,0.0,0.0,0.0
2022-11-20 00:00:00+02:00,2.0833295713071935,2.2203908161752737,2.101604374909225,2.202116012573242,12917125,0.0,0.0,0.0
2022-11-21 00:00:00+02:00,2.2021160223708445,2.2660778352625326,2.1655661971513216,2.192978620529175,15482425,0.0,0.0,0.0
2022-11-22 00:00:00+02:00,2.192978620529175,2.229528227895854,2.1747038168458355,2.192978620529175,8649994,0.0,0.0,0.0
2022-11-23 00:00:00+02:00,2.1929786107722262,2.247803021578321,2.1929786107722262,2.202116012573242,6869465,0.0,0.0,0.0
2022-11-24 00:00:00+02:00,2.202116032250435,2.220390836015763,2.174703826602444,2.1838412284851074,3739719,0.0,0.0,0.0
2022-11-27 00:00:00+02:00,2.1838412383650425,2.21125344413705,2.1655662166641916,2.17470383644104,6061357,0.0,0.0,0.0
2022-11-28 00:00:00+02:00,2.1747036970285096,2.339176921116759,2.1564286764992056,2.311764717102051,24557075,0.0,0.0,0.0
2022-11-29 00:00:00+02:00,2.3117647453191466,2.339176949668445,2.2660777380703165,2.2843525409698486,11963531,0.0,0.0,0.0
2022-11-30 00:00:00+02:00,2.2843526287823845,2.311764834185432,2.1838412089712107,2.202116012573242,14277971,0.0,0.0,0.0
2022-12-01 00:00:00+02:00,2.2021159741826364,2.2478029823912307,2.2112533758243553,2.2386655807495117,5670754,0.0,0.0,0.0
2022-12-04 00:00:00+02:00,2.2386654885367783,2.357451704986208,2.247802889802119,2.3300395011901855,12818887,0.0,0.0,0.0
2022-12-05 00:00:00+02:00,2.3300395773496874,2.3665891836057082,2.2478029632736414,2.2569403648376465,9526587,0.0,0.0,0.0
2022-12-06 00:00:00+02:00,2.2569403459507016,2.2843525504133213,2.2203907400005423,2.2752151489257812,4062506,0.0,0.0,0.0
2022-12-07 00:00:00+02:00,2.275215139520083,2.3574517525679766,2.2660777380703165,2.2843525409698486,10614493,0.0,0.0,0.0
2022-12-08 00:00:00+02:00,2.284352522307748,2.3757265360589246,2.284352522307748,2.3026273250579834,8900428,0.0,0.0,0.0
2022-12-11 00:00:00+02:00,2.3026273250579834,2.421413760787346,2.284352522307748,2.3026273250579834,11321511,0.0,0.0,0.0
2022-12-12 00:00:00+02:00,2.302627334426209,2.3300395386630885,2.238665524540157,2.293489933013916,8568148,0.0,0.0,0.0
2022-12-13 00:00:00+02:00,2.2934899904593102,2.4853756427764893,2.302627392100469,2.4853756427764893,19910108,0.0,0.0,0.0
2022-12-14 00:00:00+02:00,2.4853756237224096,2.5676122378623756,2.4305512142957655,2.503650426864624,12592011,0.0,0.0,0.0
2022-12-15 00:00:00+02:00,2.5036505053731615,2.5858871220918727,2.3757266615134327,2.430551290512085,12679743,0.0,0.0,0.0
2022-12-18 00:00:00+02:00,2.430551199108448,2.841734485091834,2.430551199108448,2.7686352729797363,34630923,0.0,0.0,0.0
2022-12-19 00:00:00+02:00,2.768635133673223,2.786909935781733,2.6498489199679054,2.668123722076416,9898502,0.0,0.0,0.0
2022-12-20 00:00:00+02:00,2.668123921719411,2.786910144312935,2.6589865199814477,2.7046735286712646,10093689,0.0,0.0,0.0
2022-12-21 00:00:00+02:00,2.704673453160915,2.8691468977052503,2.704673453160915,2.7777726650238037,12956635,0.0,0.0,0.0
2022-12-22 00:00:00+02:00,2.777772516094165,2.841734323044895,2.668123704178628,2.686398506164551,9691462,0.0,0.0,0.0
2022-12-25 00:00:00+02:00,2.6863986871952648,2.7777727032823805,2.576749650037887,2.741223096847534,8941883,0.0,0.0,0.0
2022-12-26 00:00:00+02:00,2.7412230684376997,2.8143222805497974,2.7229482654096753,2.7686352729797363,5568037,0.0,0.0,0.0
2022-12-27 00:00:00+02:00,2.7686353382564657,2.951383590698242,2.7686353382564657,2.951383590698242,11366466,0.0,0.0,0.0
2022-12-28 00:00:00+02:00,2.9513836200267813,2.9787958254875226,2.905696610925546,2.92397141456604,5767983,0.0,0.0,0.0
2022-12-29 00:00:00+02:00,2.923971474343953,2.9605210823721646,2.8417346384276287,2.8691470623016357,6407194,0.0,0.0,0.0
2023-01-02 00:00:00+02:00,2.8691470036445574,2.9513836200267813,2.8325971785107256,2.92397141456604,4433522,0.0,0.0,0.0
2023-01-03 00:00:00+02:00,2.9239714541657547,2.951383659997743,2.8782844444457742,2.8874218463897705,7377433,0.0,0.0,0.0
2023-01-04 00:00:00+02:00,2.8874216335371687,2.9331086398892317,2.741222995357737,2.8417344093322754,9628250,0.0,0.0,0.0
2023-01-05 00:00:00+02:00,2.8417344467185077,2.8874216715244683,2.786910038374755,2.805184841156006,5356505,0.0,0.0,0.0
2023-01-09 00:00:00+02:00,2.8051849179290693,2.8600095456261108,2.7046734998813657,2.732085704803467,7379392,0.0,0.0,0.0
2023-01-10 00:00:00+02:00,2.732085834703973,2.7594980409294223,2.567612379498428,2.595024585723877,3919712,0.0,0.0,0.0
2023-01-11 00:00:00+02:00,2.5950245757279915,2.7594980302999943,2.5676123696081325,2.6041619777679443,3847046,0.0,0.0,0.0
2023-01-12 00:00:00+02:00,2.604161997901,2.6772614326386126,2.512787976795048,2.5858871936798096,2860058,0.0,0.0,0.0
2023-01-15 00:00:00+02:00,2.5858871539748978,2.7138109994118795,2.604161957915488,2.622436761856079,4073296,0.0,0.0,0.0
2023-01-16 00:00:00+02:00,2.6224366130805796,2.841734465779357,2.6589864367410714,2.786910057067871,7408833,0.0,0.0,0.0
2023-01-17 00:00:00+02:00,2.786910057067871,2.887421690891763,2.7777726556159568,2.786910057067871,5550024,0.0,0.0,0.0
2023-01-18 00:00:00+02:00,2.7869100107873335,2.9056964455424388,2.8143222146878584,2.832597017288208,7250411,0.0,0.0,0.0
2023-01-19 00:00:00+02:00,2.832597035920632,2.8782842605748624,2.8051848318397936,2.8143222332000732,2012610,0.0,0.0,0.0
2023-01-22 00:00:00+02:00,2.8143222519542777,2.86914687833413,2.777772646269599,2.7960474491119385,2015189,0.0,0.0,0.0
2023-01-23 00:00:00+02:00,2.796047516288369,2.8325971228511704,2.7229483031627666,2.732085704803467,3348410,0.0,0.0,0.0
2023-01-24 00:00:00+02:00,2.7320855480358306,2.7594977513850134,2.640711536871887,2.6498489379882812,3700363,0.0,0.0,0.0
2023-01-25 00:00:00+02:00,2.6498489199679054,2.722948128401947,2.6407115189136503,2.668123722076416,2910709,0.0,0.0,0.0
2023-01-29 00:00:00+02:00,2.66812374022107,2.7046733446866473,2.640711536871887,2.6498489379882812,3284811,0.0,0.0,0.0
2023-01-30 00:00:00+02:00,2.6498492263068267,2.686398834749208,2.567612389458619,2.5858871936798096,2703140,0.0,0.0,0.0
2023-01-31 00:00:00+02:00,2.5858870708512933,2.6041618742044386,2.4671008490558495,2.476238250732422,2299947,0.0,0.0,0.0
2023-02-01 00:00:00+02:00,2.4762382701406667,2.5127878771334253,2.348314427813169,2.457963466644287,1340764,0.0,0.0,0.0
2023-02-02 00:00:00+02:00,2.4579635160838484,2.512787927675727,2.3940014847071445,2.41227650642395,915737,0.0,0.0,0.0
2023-02-05 00:00:00+02:00,2.41227634967548,2.448825955028424,2.2569403090726343,2.311764717102051,1610887,0.0,0.0,0.0
2023-02-06 00:00:00+02:00,2.311764698659504,2.4122763304310824,2.311764698659504,2.3300395011901855,1906820,0.0,0.0,0.0
2023-02-07 00:00:00+02:00,2.330039670414483,2.421413907556977,2.3483144742724122,2.3940014839172363,2641745,0.0,0.0,0.0
2023-02-08 00:00:00+02:00,2.3940012727352373,2.439688496202701,2.357451668243528,2.366589069366455,1605576,0.0,0.0,0.0
2023-02-09 00:00:00+02:00,2.3665892501362715,2.4671008880187917,2.3665892501362715,2.4396886825561523,2605307,0.0,0.0,0.0
2023-02-12 00:00:00+02:00,2.439688692369719,2.485375701657892,2.430551290512085,2.430551290512085,1933777,0.0,0.0,0.0
2023-02-13 00:00:00+02:00,2.4305512235785223,2.531062641244576,2.4122764203665126,2.4945130348205566,3981316,0.0,0.0,0.0
2023-02-14 00:00:00+02:00,2.4945132119740316,2.5858872345232125,2.5310628209937036,2.54933762550354,3238594,0.0,0.0,0.0
2023-02-15 00:00:00+02:00,2.5493373964749213,2.5767496007770045,2.521925192172838,2.5401999950408936,1783043,0.0,0.0,0.0
2023-02-16 00:00:00+02:00,2.540200042850581,2.5493374444565857,2.476238231608547,2.4945130348205566,1651562,0.0,0.0,0.0
2023-02-19 00:00:00+02:00,2.494513083522215,2.521925288875412,2.4396886728158207,2.4488260746002197,1648277,0.0,0.0,0.0
2023-02-20 00:00:00+02:00,2.4488260267905324,2.6315742767634682,2.4214138219725174,2.4945130348205566,7592596,0.0,0.0,0.0
2023-02-21 00:00:00+02:00,2.4945132020184517,2.6041620286398612,2.4762383975815503,2.5584750175476074,3339209,0.0,0.0,0.0
2023-02-22 00:00:00+02:00,2.558475007409432,2.6681240514492006,2.5310628008627027,2.567612409591675,4914779,0.0,0.0,0.0
2023-02-23 00:00:00+02:00,2.56761239948945,2.6041620080746184,2.5127879866116976,2.576749801635742,1896317,0.0,0.0,0.0
2023-02-26 00:00:00+02:00,2.5767497716480854,2.6772614119404174,2.585887173688038,2.6041619777679443,4088509,0.0,0.0,0.0
2023-02-27 00:00:00+02:00,2.6041619877990265,2.6498492160276252,2.5858871836487274,2.595024585723877,1773973,0.0,0.0,0.0
2023-02-28 00:00:00+02:00,2.5950246264214103,2.6498492575849686,2.531062810892255,2.5584750175476074,4161999,0.0,0.0,0.0
2023-03-01 00:00:00+02:00,2.558475027758458,2.6041620390330484,2.5310628209937036,2.54933762550354,1956627,0.0,0.0,0.0
2023-03-02 00:00:00+02:00,2.54933762550354,2.6041620390330484,2.5310628209937036,2.54933762550354,2303880,0.0,0.0,0.0
2023-03-05 00:00:00+02:00,2.549337575348128,2.622436791949326,2.521925369122679,2.595024585723877,4581543,0.0,0.0,0.0
2023-03-06 00:00:00+02:00,2.595024605928326,2.677261443097807,2.56761239948945,2.576749801635742,4494262,0.0,0.0,0.0
2023-03-07 00:00:00+02:00,2.5767496591880796,2.5950244624703975,2.4671008394941714,2.4853756427764893,2166794,0.0,0.0,0.0
2023-03-08 00:00:00+02:00,2.4853756621128515,2.5036504655373486,2.4214138501271116,2.4671008586883545,2168513,0.0,0.0,0.0
2023-03-09 00:00:00+02:00,2.4671008112263735,2.540200023518082,2.45796340968991,2.5127878189086914,1611534,0.0,0.0,0.0
2023-03-12 00:00:00+02:00,2.5127879268466247,2.5127879268466247,2.3848640819882716,2.3940014839172363,1483520,0.0,0.0,0.0
2023-03-13 00:00:00+02:00,2.3940015377321573,2.4214139619881037,2.074192245176529,2.1107418537139893,3577959,0.0,0.0,0.0
2023-03-14 00:00:00+02:00,2.110741833706618,2.192978669989245,2.055917421420099,2.129016637802124,2923871,0.0,0.0,0.0
2023-03-15 00:00:00+02:00,2.129016537193283,2.1929785663578136,1.7817950579341186,1.8640316724777222,4997568,0.0,0.0,0.0
2023-03-16 00:00:00+02:00,1.8640316535198067,1.9188560626579572,1.6264589960683185,1.882306456565857,2708724,0.0,0.0,0.0
2023-03-19 00:00:00+02:00,1.8823064013017436,1.9919554342116088,1.717833069789776,1.9371308088302612,3054419,0.0,0.0,0.0
2023-03-20 00:00:00+02:00,1.9371308910151908,2.0285051252922037,1.8914438828031042,1.9919555187225342,3103927,0.0,0.0,0.0
2023-03-21 00:00:00+02:00,1.9919554626750249,2.092466877913533,2.0010928640603436,2.0467798709869385,3531736,0.0,0.0,0.0
2023-03-22 00:00:00+02:00,2.046779909031308,2.0833295152519464,1.9919554997003495,2.010230302810669,1645829,0.0,0.0,0.0
2023-03-23 00:00:00+02:00,2.010230283959855,2.0467798898377523,1.9828180795514323,2.0285050868988037,868682,0.0,0.0,0.0
2023-03-26 00:00:00+02:00,2.028505040809809,2.0924668496428733,2.037642442071675,2.0741920471191406,1196201,0.0,0.0,0.0
2023-03-27 00:00:00+02:00,2.0741920657186106,2.1381538751252265,2.037642460343401,2.055917263031006,1727064,0.0,0.0,0.0
2023-03-28 00:00:00+02:00,2.055917263031006,2.0833294670624127,2.001092854968192,2.055917263031006,749655,0.0,0.0,0.0
2023-03-29 00:00:00+02:00,2.055917470780391,2.129016688917447,2.065054873047523,2.083329677581787,1945305,0.0,0.0,0.0
2023-03-30 00:00:00+02:00,2.0833294670624127,2.1290164737814243,2.028505058999599,2.055917263031006,945892,0.0,0.0,0.0
2023-04-02 00:00:00+02:00,2.055917460735895,2.1016044718483444,2.0467800585134053,2.0924670696258545,740228,0.0,0.0,0.0
2023-04-03 00:00:00+02:00,2.0924670198211794,2.156428833856196,2.0741922158111747,2.1381540298461914,1628102,0.0,0.0,0.0
2023-04-04 00:00:00+02:00,2.138153926652742,2.2660777664016516,2.147291328216747,2.2569403648376465,3153002,0.0,0.0,0.0
2023-04-05 00:00:00+02:00,2.256940433420863,2.284352638945872,2.183841218687505,2.192978620529175,2057170,0.0,0.0,0.0
2023-04-06 00:00:00+02:00,2.1929786303677714,2.2295282378984265,2.156428804984271,2.1838412284851074,1174749,0.0,0.0,0.0
2023-04-09 00:00:00+02:00,2.183841227589068,2.220390835104727,2.1381540003416495,2.1655662059783936,718166,0.0,0.0,0.0
2023-04-10 00:00:00+02:00,2.165566206866935,2.220390836015763,2.165566206866935,2.1838412284851074,1456388,0.0,0.0,0.0
2023-04-11 00:00:00+02:00,2.1838411615746507,2.2660777759989874,2.1838411615746507,2.247802972793579,2030492,0.0,0.0,0.0
2023-04-12 00:00:00+02:00,2.2478029168072773,2.3300395291833365,2.2203907126819242,2.3026273250579834,3448923,0.0,0.0,0.0
2023-04-13 00:00:00+02:00,2.3026273250579834,2.3483143319335715,2.284352522307748,2.3026273250579834,2961404,0.0,0.0,0.0
2023-04-18 00:00:00+02:00,2.302627315763815,2.3848639278079395,2.2660777104108707,2.311764717102051,2410537,0.0,0.0,0.0
2023-04-19 00:00:00+02:00,2.311764726433101,2.3483143319335715,2.2934899236828654,2.3026273250579834,1451635,0.0,0.0,0.0
2023-04-26 00:00:00+02:00,2.3026273250579834,2.3300395291833365,2.266077719557513,2.3026273250579834,1610478,0.0,0.0,0.0
2023-04-27 00:00:00+02:00,2.3026272973941633,2.357451704986208,2.3026272973941633,2.3300395011901855,3411150,0.0,0.0,0.0
2023-04-30 00:00:00+03:00,2.3300395291833365,2.3757265360589246,2.2934899236828654,2.3026273250579834,2578028,0.0,0.0,0.0
2023-05-01 00:00:00+03:00,2.3026273250579834,2.3026273250579834,2.3026273250579834,2.3026273250579834,0,0.0,0.0,0.0
2023-05-02 00:00:00+03:00,2.247802972793579,2.3026273824098036,2.211253366382763,2.247802972793579,1270624,0.0,0.0,0.0
2023-05-03 00:00:00+03:00,2.247803021578321,2.311764834185432,2.1929786107722262,2.202116012573242,1845669,0.0,0.0,0.0
2023-05-07 00:00:00+03:00,2.2021160028566116,2.247803011660101,2.183841199335216,2.2112534046173096,1363193,0.0,0.0,0.0
2023-05-08 00:00:00+03:00,2.2112533570176205,2.2752151679656567,2.2112533570176205,2.2569403648376465,1384281,0.0,0.0,0.0
2023-05-09 00:00:00+03:00,2.2569403840329496,2.293489990599825,2.2295281791077928,2.2386655807495117,1868570,0.0,0.0,0.0
2023-05-10 00:00:00+03:00,2.238665590386498,2.2569403937486046,2.1929785819812304,2.2295281887054443,1578537,0.0,0.0,0.0
2023-05-11 00:00:00+03:00,2.2295281791077928,2.266077785674668,2.2295281791077928,2.2386655807495117,1402397,0.0,0.0,0.0
2023-05-14 00:00:00+03:00,2.238665506396162,2.330039519778523,2.238665506396162,2.311764717102051,4720116,0.0,0.0,0.0
2023-05-15 00:00:00+03:00,2.436985238173429,2.504411643673393,2.359926489030613,2.408088207244873,10320328,0.13,0.0,0.0
2023-05-16 00:00:00+03:00,2.408088185409791,2.4273528725208147,2.3502941240767203,2.369558811187744,2647175,0.0,0.0,0.0
2023-05-17 00:00:00+03:00,2.3695589985673586,2.4080883758362255,2.263602981424771,2.282867670059204,1501844,0.0,0.0,0.0
2023-05-18 00:00:00+03:00,2.2828676361790676,2.311764898355056,2.1383824735651267,2.2154412269592285,3054808,0.0,0.0,0.0
2023-05-21 00:00:00+03:00,2.2154412269592285,2.273235292004805,2.1865441944364403,2.2154412269592285,2732447,0.0,0.0,0.0
2023-05-22 00:00:00+03:00,2.2154411241902197,2.4562499470294434,2.234705811645102,2.446617603302002,9045612,0.0,0.0,0.0
2023-05-23 00:00:00+03:00,2.4466176137930766,2.5622059686712046,2.4080882387180975,2.4658823013305664,8757004,0.0,0.0,0.0
2023-05-24 00:00:00+03:00,2.465882274580416,2.494779305573172,2.4080882125949032,2.4177205562591553,3158323,0.0,0.0,0.0
2023-05-25 00:00:00+03:00,2.4177205345124744,2.4466175652453104,2.3695588166244144,2.3791911602020264,1812544,0.0,0.0,0.0
2023-05-28 00:00:00+03:00,2.3791912826123056,2.6103677700222967,2.3791912826123056,2.6007354259490967,7316268,0.0,0.0,0.0
2023-05-29 00:00:00+03:00,2.6007354961644835,2.78375026814956,2.523676511845228,2.74522066116333,13668224,0.0,0.0,0.0
2023-05-30 00:00:00+03:00,2.7452206076048804,2.7452206076048804,2.6200001337155614,2.6392648220062256,6496503,0.0,0.0,0.0
2023-05-31 00:00:00+03:00,2.6392647870300237,2.6777941631007516,2.562206034888568,2.57183837890625,2780774,0.0,0.0,0.0
2023-06-01 00:00:00+03:00,2.5718383937294975,2.6488971463150954,2.5718383937294975,2.6007354259490967,2030568,0.0,0.0,0.0
2023-06-04 00:00:00+03:00,2.6007354502053204,2.7066912359987327,2.629632482694433,2.648897171020508,2438302,0.0,0.0,0.0
2023-06-05 00:00:00+03:00,2.6488971412638027,2.69705886153796,2.5718383888251517,2.5911030769348145,2241529,0.0,0.0,0.0
2023-06-06 00:00:00+03:00,2.5911030867805143,2.629632463146244,2.5911030867805143,2.610367774963379,1320463,0.0,0.0,0.0
2023-06-07 00:00:00+03:00,2.6103677447575167,2.658529464657376,2.5525736808776855,2.5525736808776855,1930938,0.0,0.0,0.0
2023-06-08 00:00:00+03:00,2.552573675824306,2.6103677395897207,2.533308987902501,2.5429413318634033,1008674,0.0,0.0,0.0
2023-06-11 00:00:00+03:00,2.542941326790809,2.5911030464992497,2.523676409254238,2.533308982849121,1071334,0.0,0.0,0.0
2023-06-12 00:00:00+03:00,2.53330893736497,2.571838312439949,2.4562499575618215,2.4658823013305664,803554,0.0,0.0,0.0
2023-06-13 00:00:00+03:00,2.465882306555693,2.5429412865221273,2.4466176189773825,2.4755146503448486,1844447,0.0,0.0,0.0
2023-06-14 00:00:00+03:00,2.4755146607144054,2.5333089533446205,2.4851470045439092,2.494779348373413,961643,0.0,0.0,0.0
2023-06-15 00:00:00+03:00,2.4947793431685388,2.523676374596762,2.475514655549723,2.485146999359131,632525,0.0,0.0,0.0
2023-06-18 00:00:00+03:00,2.4851470045439092,2.5236763798619246,2.4755146607144054,2.494779348373413,1108994,0.0,0.0,0.0
2023-06-19 00:00:00+03:00,2.4947793379231595,2.533308942732972,2.465882306555693,2.4755146503448486,885685,0.0,0.0,0.0
2023-06-20 00:00:00+03:00,2.4755146503448486,2.51404402550147,2.465882306555693,2.4755146503448486,819948,0.0,0.0,0.0
2023-06-21 00:00:00+03:00,2.475514623700849,2.494779311071814,2.4177205615879553,2.4273529052734375,563047,0.0,0.0,0.0
2023-06-22 00:00:00+03:00,2.427352889094431,2.427352889094431,2.379191170988031,2.398455858230591,337154,0.0,0.0,0.0
2023-06-25 00:00:00+03:00,2.3984558418542794,2.4273528725208147,2.3502941240767203,2.369558811187744,698252,0.0,0.0,0.0
2023-06-26 00:00:00+03:00,2.3695588166244144,2.3984558473572504,2.3310294423139664,2.3791911602020264,873952,0.0,0.0,0.0
2023-07-04 00:00:00+03:00,2.3791911972099125,2.50441166566665,2.4080882283922365,2.446617603302002,1497474,0.0,0.0,0.0
2023-07-05 00:00:00+03:00,2.446617581816281,2.485146956387689,2.388823519959169,2.408088207244873,825075,0.0,0.0,0.0
2023-07-06 00:00:00+03:00,2.408088233575414,2.571838306947563,2.3599265148345436,2.456249952316284,3324307,0.0,0.0,0.0
2023-07-09 00:00:00+03:00,2.45624990318735,2.5140439645204204,2.3502941240767203,2.369558811187744,1819196,0.0,0.0,0.0
2023-07-10 00:00:00+03:00,2.369558853482471,2.4658822907568845,2.350294166027588,2.446617603302002,419262,0.0,0.0,0.0
2023-07-11 00:00:00+03:00,2.4466176189773825,2.5236763692906257,2.417720587609916,2.4755146503448486,1216782,0.0,0.0,0.0
2023-07-12 00:00:00+03:00,2.475514623700849,2.5044116547572965,2.4177205615879553,2.4273529052734375,768220,0.0,0.0,0.0
2023-07-13 00:00:00+03:00,2.427352910581175,2.465882285407354,2.41772056687463,2.4369852542877197,601126,0.0,0.0,0.0
2023-07-16 00:00:00+03:00,2.4369852595745605,2.475514634484326,2.427352915847119,2.446617603302002,388456,0.0,0.0,0.0
2023-07-17 00:00:00+03:00,2.446617603302002,2.5140440093940915,2.417720572119678,2.446617603302002,2042636,0.0,0.0,0.0
2023-07-18 00:00:00+03:00,2.446617603302002,2.475514634484326,2.4369852595745605,2.446617603302002,567026,0.0,0.0,0.0
2023-07-19 00:00:00+03:00,2.446617603302002,2.446617603302002,2.446617603302002,2.446617603302002,0,0.0,0.0,0.0
2023-07-24 00:00:00+03:00,2.465882285407354,2.4755146291138987,2.4369852542877197,2.4369852542877197,532691,0.0,0.0,0.0
2023-07-25 00:00:00+03:00,2.43698524895892,2.5140439984427787,2.4177205615879553,2.4273529052734375,2393320,0.0,0.0,0.0
2023-07-26 00:00:00+03:00,2.427352894530577,2.436985238173429,2.388823519959169,2.408088207244873,581386,0.0,0.0,0.0
2023-07-27 00:00:00+03:00,2.408088207244873,2.427352894530577,2.388823519959169,2.408088207244873,956651,0.0,0.0,0.0
2023-07-30 00:00:00+03:00,2.4080882125949032,2.465882274580416,2.4080882125949032,2.4177205562591553,697995,0.0,0.0,0.0
2023-07-31 00:00:00+03:00,2.4177205508877253,2.446617581816281,2.3984558636020212,2.408088207244873,628971,0.0,0.0,0.0
2023-08-01 00:00:00+03:00,2.408088207244873,2.436985238173429,2.3984558636020212,2.408088207244873,325165,0.0,0.0,0.0
2023-08-02 00:00:00+03:00,2.4080881909348624,2.4273528780900864,2.3599264730468024,2.3791911602020264,1080406,0.0,0.0,0.0
2023-08-03 00:00:00+03:00,2.3791912074118633,2.4658823013305664,2.022794028661926,2.4658823013305664,2807928,0.0,0.0,0.0
2023-08-06 00:00:00+03:00,2.465882280015367,2.465882280015367,2.4177205615879553,2.4273529052734375,706462,0.0,0.0,0.0
2023-08-07 00:00:00+03:00,2.427352946592133,2.552573646288114,2.4369852904415783,2.5044116973876953,2306201,0.0,0.0,0.0
2023-08-08 00:00:00+03:00,2.5044116973876953,2.552573646288114,2.49477935353825,2.5044116973876953,1454642,0.0,0.0,0.0
2023-08-09 00:00:00+03:00,2.5044117411292794,2.629632443012342,2.5044117411292794,2.57183837890625,5162176,0.0,0.0,0.0
2023-08-10 00:00:00+03:00,2.571838323296993,2.600735354725216,2.475514655549723,2.485146999359131,3226260,0.0,0.0,0.0
2023-08-13 00:00:00+03:00,2.4851470045439092,2.552573641003628,2.4755146607144054,2.494779348373413,1767969,0.0,0.0,0.0
2023-08-14 00:00:00+03:00,2.494779377429174,2.5718383586158735,2.494779377429174,2.533308982849121,1413899,0.0,0.0,0.0
2023-08-15 00:00:00+03:00,2.5333089480593616,2.571838323296993,2.475514655549723,2.485146999359131,1185369,0.0,0.0,0.0
2023-08-16 00:00:00+03:00,2.4851469835608064,2.5140440148053287,2.436985264819936,2.456249952316284,1132504,0.0,0.0,0.0
2023-08-17 00:00:00+03:00,2.4562499470294434,2.4851469782117674,2.417720572119678,2.446617603302002,443416,0.0,0.0,0.0
2023-08-20 00:00:00+03:00,2.44661760856811,2.5044116710571545,2.436985264819936,2.456249952316284,259609,0.0,0.0,0.0
2023-08-21 00:00:00+03:00,2.4562499781404687,2.5044116973876953,2.4466176342910235,2.5044116973876953,1440842,0.0,0.0,0.0
2023-08-22 00:00:00+03:00,2.504411843769678,2.774117946624756,2.5236765325945822,2.774117946624756,12668270,0.0,0.0,0.0
2023-08-23 00:00:00+03:00,2.774117843629808,2.793382531739471,2.581470732879983,2.5911030769348145,7965357,0.0,0.0,0.0
2023-08-24 00:00:00+03:00,2.5911031293455844,2.735588293090586,2.5622060965965843,2.697058916091919,4661206,0.0,0.0,0.0
2023-08-27 00:00:00+03:00,2.697058735136684,2.8608088060476486,2.745220453153678,2.783750057220459,9443191,0.0,0.0,0.0
2023-08-28 00:00:00+03:00,2.783750258589019,2.822279635789719,2.7066912745344154,2.7259559631347656,3215277,0.0,0.0,0.0
2023-08-29 00:00:00+03:00,2.7259559391402997,2.7644853160018554,2.6681618738479655,2.6777942180633545,2821655,0.0,0.0,0.0
2023-08-30 00:00:00+03:00,2.6777941985875544,2.735588263459548,2.6296324778608935,2.6392648220062256,2342772,0.0,0.0,0.0
2023-08-31 00:00:00+03:00,2.6392648220062256,2.6392648220062256,2.6392648220062256,2.6392648220062256,0,0.0,0.0,0.0
2023-09-03 00:00:00+03:00,2.7452206226335885,2.8126472616732405,2.6585295248510077,2.6681618690490723,4252507,0.0,0.0,0.0
2023-09-04 00:00:00+03:00,2.6681618690490723,2.70669124584133,2.639264836454879,2.6681618690490723,1467088,0.0,0.0,0.0
2023-09-05 00:00:00+03:00,2.6681618738479655,2.7066912507095213,2.6585295296325766,2.6777942180633545,1252932,0.0,0.0,0.0
2023-09-06 00:00:00+03:00,2.6777941836034063,2.6970588717862714,2.6007354308719464,2.610367774963379,1237871,0.0,0.0,0.0
2023-09-07 00:00:00+03:00,2.610367774963379,2.648897151329109,2.571838398597649,2.610367774963379,1600634,0.0,0.0,0.0
2023-09-10 00:00:00+03:00,2.610367774963379,2.610367774963379,2.610367774963379,2.610367774963379,0,0.0,0.0,0.0
2023-09-11 00:00:00+03:00,2.629632443012342,2.6392647870300237,2.552573690870886,2.57183837890625,1133731,0.0,0.0,0.0
2023-09-12 00:00:00+03:00,2.5718383838842063,2.6296324481021625,2.5429413517752284,2.5814707279205322,1408496,0.0,0.0,0.0
2023-09-13 00:00:00+03:00,2.581470752354457,2.7066912260119214,2.6007354406094514,2.6296324729919434,1711545,0.0,0.0,0.0
2023-09-14 00:00:00+03:00,2.629632468087192,2.6488971563062544,2.600735435758599,2.620000123977661,1136059,0.0,0.0,0.0
2023-09-17 00:00:00+03:00,2.6200001190548114,2.6681618395119737,2.6007354308719464,2.610367774963379,1027354,0.0,0.0,0.0
2023-09-18 00:00:00+03:00,2.6103677700222967,2.639264802241896,2.591103081875897,2.6007354259490967,1048282,0.0,0.0,0.0
2023-09-19 00:00:00+03:00,2.6007354259490967,2.687426522607894,2.591103081875897,2.6007354259490967,2147902,0.0,0.0,0.0
2023-09-20 00:00:00+03:00,2.6007354259490967,2.6007354259490967,2.6007354259490967,2.6007354259490967,0,0.0,0.0,0.0
2023-09-21 00:00:00+03:00,2.6007354259490967,2.6007354259490967,2.6007354259490967,2.6007354259490967,0,0.0,0.0,0.0
2023-09-24 00:00:00+03:00,2.6007354259490967,2.6007354259490967,2.6007354259490967,2.6007354259490967,0,0.0,0.0,0.0
2023-09-25 00:00:00+03:00,2.5236763954162598,2.581470688402682,2.5140440515273883,2.5236763954162598,840648,0.0,0.0,0.0
2023-09-26 00:00:00+03:00,2.523676374596762,2.562205979487585,2.485146999359131,2.485146999359131,1152628,0.0,0.0,0.0
2023-09-27 00:00:00+03:00,2.485146999359131,2.485146999359131,2.485146999359131,2.485146999359131,0,0.0,0.0,0.0
2023-10-01 00:00:00+03:00,2.485146999359131,2.485146999359131,2.485146999359131,2.485146999359131,0,0.0,0.0,0.0
2023-10-02 00:00:00+03:00,2.408088179839617,2.4466175539725414,2.350294118640231,2.359926462173462,1258265,0.0,0.0,0.0
2023-10-03 00:00:00+03:00,2.3599266822611003,2.417720748850383,2.321397304534912,2.321397304534912,1333254,0.0,0.0,0.0
2023-10-04 00:00:00+03:00,2.3213970987363544,2.3984558473572504,2.3310294423139664,2.3791911602020264,1065572,0.0,0.0,0.0
2023-10-08 00:00:00+03:00,2.379191328010534,2.379191328010534,2.1961765574743692,2.2539706230163574,1430410,0.0,0.0,0.0
2023-10-09 00:00:00+03:00,2.2539706324502937,2.311764927887381,2.2539706324502937,2.273235321044922,602760,0.0,0.0,0.0
2023-10-10 00:00:00+03:00,2.2732353390912974,2.2925002574920654,2.2539706503437342,2.2925002574920654,737171,0.0,0.0,0.0
2023-10-11 00:00:00+03:00,2.2925002574920654,2.3213972906134104,2.2732353390912974,2.2925002574920654,1185649,0.0,0.0,0.0
2023-10-12 00:00:00+03:00,2.2925002345155674,2.321397267347293,2.2636029720306396,2.2636029720306396,1172470,0.0,0.0,0.0
2023-10-15 00:00:00+03:00,2.263602817879484,2.4177205454731507,2.273235161500764,2.398455858230591,4628624,0.0,0.0,0.0
2023-10-16 00:00:00+03:00,2.398456059987289,2.408088404418836,2.321397304534912,2.321397304534912,2357364,0.0,0.0,0.0
2023-10-17 00:00:00+03:00,2.3213971144592054,2.4177205508877253,2.331029458102057,2.408088207244873,2520588,0.0,0.0,0.0
2023-10-18 00:00:00+03:00,2.408088185409791,2.45624990318735,2.369558811187744,2.369558811187744,1862939,0.0,0.0,0.0
2023-10-19 00:00:00+03:00,2.369558811187744,2.369558811187744,2.369558811187744,2.369558811187744,0,0.0,0.0,0.0
2023-10-22 00:00:00+03:00,2.3599264730468024,2.4080881909348624,2.3406617858915784,2.3791911602020264,817759,0.0,0.0,0.0
2023-10-23 00:00:00+03:00,2.379191170988031,2.427352889094431,2.388823514609311,2.398455858230591,1044228,0.0,0.0,0.0
2023-10-24 00:00:00+03:00,2.39845598427881,2.6392648171194404,2.408088328406307,2.6296324729919434,9976551,0.0,0.0,0.0
2023-10-25 00:00:00+03:00,2.629632458168696,2.7066912107542938,2.5525737055830984,2.6007354259490967,5636572,0.0,0.0,0.0
2023-10-26 00:00:00+03:00,2.600735405887559,2.6103677498864566,2.504411736245385,2.5622060298919678,5393060,0.0,0.0,0.0
2023-10-29 00:00:00+02:00,2.5622060248576575,2.639264776697432,2.5525736808776855,2.5525736808776855,2516690,0.0,0.0,0.0
2023-10-30 00:00:00+02:00,2.5525736567360675,2.5911030322915534,2.504411707638517,2.5236763954162598,2051259,0.0,0.0,0.0
2023-10-31 00:00:00+02:00,2.5236763585535025,2.5525736194512145,2.456249952316284,2.456249952316284,1588532,0.0,0.0,0.0
2023-11-01 00:00:00+02:00,2.456249941700809,2.552573608419446,2.408088223168085,2.4369852542877197,2718640,0.0,0.0,0.0
2023-11-02 00:00:00+02:00,2.4369852904415783,2.5333089585892234,2.4562499781404687,2.5044116973876953,1527007,0.0,0.0,0.0
2023-11-05 00:00:00+02:00,2.504411731324631,2.5718383688376294,2.5140440753046027,2.5525736808776855,1832117,0.0,0.0,0.0
2023-11-06 00:00:00+02:00,2.5525737523469174,2.735588293090586,2.5525737523469174,2.697058916091919,9852734,0.0,0.0,0.0
2023-11-07 00:00:00+02:00,2.697058911310226,2.764485320938351,2.6296325016821007,2.6874265670776367,5872421,0.0,0.0,0.0
2023-11-08 00:00:00+02:00,2.687426552576633,2.7548529618409345,2.629632487492947,2.65852952003479,4072772,0.0,0.0,0.0
2023-11-09 00:00:00+02:00,2.658529557614856,2.7644853450993696,2.658529557614856,2.735588312149048,5533827,0.0,0.0,0.0
2023-11-12 00:00:00+02:00,2.7355881509426254,2.918602911829594,2.7548528384409177,2.860808849334717,12910871,0.0,0.0,0.0
2023-11-13 00:00:00+02:00,2.8608089422869187,3.0823530853687915,2.8608089422869187,3.0245590209960938,22095322,0.0,0.0,0.0
2023-11-14 00:00:00+02:00,3.0245589607917136,3.072720680143628,2.889705916953161,2.9282352924346924,11926615,0.0,0.0,0.0
2023-11-15 00:00:00+02:00,2.9282353127430745,3.014926637830949,2.9282353127430745,2.9667646884918213,5214555,0.0,0.0,0.0
2023-11-16 00:00:00+02:00,2.9667646731107187,3.005294048659711,2.8897059220127344,2.9378676414489746,5807379,0.0,0.0,0.0
2023-11-19 00:00:00+02:00,2.937867646559254,2.995661709983272,2.9186029587512476,2.947499990463257,7257638,0.0,0.0,0.0
2023-11-20 00:00:00+02:00,2.9474999321541073,3.0149265678014494,2.831911807592702,2.8415441513061523,9470344,0.0,0.0,0.0
2023-11-21 00:00:00+02:00,2.8415441243450257,2.8704411552111964,2.725955771227156,2.793382406234741,10123374,0.0,0.0,0.0
2023-11-22 00:00:00+02:00,2.7933825292638357,3.0149266719818115,2.8415442494953096,3.0149266719818115,15890512,0.0,0.0,0.0
2023-11-23 00:00:00+02:00,3.014926686744281,3.1208824717723314,3.0341913749311993,3.043823719024658,13507005,0.0,0.0,0.0
2023-11-26 00:00:00+02:00,3.0438236799932334,3.0823530558730017,2.9571323546105597,2.9860293865203857,5488474,0.0,0.0,0.0
2023-11-27 00:00:00+02:00,2.9860293865203857,3.0341913360232917,2.9186029787307914,2.9860293865203857,4327363,0.0,0.0,0.0
2023-11-28 00:00:00+02:00,2.986029381459721,3.22683820995335,2.957132349598869,2.9763970375061035,8523174,0.0,0.0,0.0
2023-11-29 00:00:00+02:00,2.9763970117866068,3.0245589607917136,2.8993382608235443,2.9282352924346924,5153207,0.0,0.0,0.0
2023-11-30 00:00:00+02:00,2.928235266285104,2.9571322976381973,2.870441203578917,2.8800735473632812,3957437,0.0,0.0,0.0
2023-12-03 00:00:00+02:00,2.8800735628971763,2.9571323135877146,2.899338250569811,2.908970594406128,3053201,0.0,0.0,0.0
2023-12-04 00:00:00+02:00,2.9089706198742946,2.995661715160135,2.9186029637949438,2.957132339477539,4823095,0.0,0.0,0.0
2023-12-05 00:00:00+02:00,2.957132359590021,3.0630883730909964,2.9763970475623442,2.995661735534668,7910916,0.0,0.0,0.0
2023-12-06 00:00:00+02:00,2.995661764045828,3.1690441871001003,2.9475000436566408,3.034191370010376,13504449,0.0,0.0,0.0
2023-12-07 00:00:00+02:00,3.0341912715802146,3.332794157959598,3.0341912715802146,3.2750000953674316,30331588,0.0,0.0,0.0
2023-12-10 00:00:00+02:00,3.275000238096277,3.3424266473923363,3.0919854689252,3.1016178131103516,12794027,0.0,0.0,0.0
2023-12-11 00:00:00+02:00,3.101617783585413,3.197941224520004,3.0052941129976234,3.043823719024658,7968213,0.0,0.0,0.0
2023-12-12 00:00:00+02:00,3.0438236851186726,3.140147124980291,2.957132359590021,2.995661735534668,5399235,0.0,0.0,0.0
2023-12-13 00:00:00+02:00,2.995661764045828,3.1305148107887506,2.9860294199679904,3.034191370010376,6416321,0.0,0.0,0.0
2023-12-14 00:00:00+02:00,3.0341914178559186,3.2268383024504774,3.0630884505451026,3.1305148601531982,11066551,0.0,0.0,0.0
2023-12-17 00:00:00+02:00,3.1305147241542275,3.3135294862215483,3.1401470679654975,3.3038971424102783,16013524,0.0,0.0,0.0
2023-12-18 00:00:00+02:00,3.3038971680515603,3.4676470141139992,3.3038971680515603,3.3520588874816895,16767400,0.0,0.0,0.0
2023-12-19 00:00:00+02:00,3.3520590223190285,3.3616913665925177,3.149779562922556,3.159411907196045,11070384,0.0,0.0,0.0
2023-12-20 00:00:00+02:00,3.159411711477431,3.255735377898485,3.101617649416712,3.2364704608917236,8271662,0.0,0.0,0.0
2023-12-21 00:00:00+02:00,3.236470656512684,3.3038972959788246,3.120882525404789,3.1497795581817627,7520453,0.0,0.0,0.0
2023-12-24 00:00:00+02:00,3.1497795581817627,3.1497795581817627,3.1497795581817627,3.1497795581817627,0,0.0,0.0,0.0
2023-12-25 00:00:00+02:00,3.0149266769339773,3.0727207413066755,2.899338318535384,3.0245590209960938,5533674,0.0,0.0,0.0
2023-12-26 00:00:00+02:00,3.024558997146349,3.072720717077158,2.9763970475623442,2.995661735534668,2652117,0.0,0.0,0.0
2023-12-27 00:00:00+02:00,2.99566177852917,3.0919854494264456,2.9763970902803547,3.0630884170532227,4544217,0.0,0.0,0.0
2023-12-28 00:00:00+02:00,3.0630884072115765,3.101617783585413,3.014926686744281,3.043823719024658,3202995,0.0,0.0,0.0
2023-12-31 00:00:00+02:00,3.0438237041206957,3.0534560481669906,3.0052940982823197,3.0149266719818115,2863648,0.0,0.0,0.0
2024-01-02 00:00:00+02:00,3.014926729396463,3.140147204382926,3.024559073626191,3.1305148601531982,4624123,0.0,0.0,0.0
2024-01-03 00:00:00+02:00,3.130514733957004,3.3424265281217074,3.130514733957004,3.3231618404388428,12223453,0.0,0.0,0.0
2024-01-04 00:00:00+02:00,3.3231618088524146,3.3713235276018025,3.246102829200204,3.2653677463531494,10789843,0.0,0.0,0.0
2024-01-08 00:00:00+02:00,3.2653677215752714,3.3038970962824177,3.1979410861845774,3.2364704608917236,6641076,0.0,0.0,0.0
2024-01-09 00:00:00+02:00,3.2364704555382953,3.2846324034957517,3.2268381118774414,3.2268381118774414,4645942,0.0,0.0,0.0
2024-01-10 00:00:00+02:00,3.226838167333814,3.3809558982093253,3.226838167333814,3.3135294914245605,13231417,0.0,0.0,0.0
2024-01-11 00:00:00+02:00,3.313529527015537,3.429117654173821,3.323161870945394,3.380955934524536,12228474,0.0,0.0,0.0
2024-01-14 00:00:00+02:00,3.3809559549024173,3.949264709495712,3.36169126692659,3.843308925628662,27502589,0.0,0.0,0.0
2024-01-15 00:00:00+02:00,3.84330899269348,4.064852908281381,3.77588258360151,3.958897352218628,33752755,0.0,0.0,0.0
2024-01-16 00:00:00+02:00,3.9588972779462743,4.064852832021209,3.7951472007132416,3.83367657661438,21970079,0.0,0.0,0.0
2024-01-17 00:00:00+02:00,3.8336765249256937,3.949264651070657,3.718088169127538,3.7373530864715576,13644256,0.0,0.0,0.0
2024-01-18 00:00:00+02:00,3.7373530864715576,3.82404418108028,3.718088169127538,3.7373530864715576,6509395,0.0,0.0,0.0
2024-01-21 00:00:00+02:00,3.7373531599696688,3.9300000406664997,3.7662501920741933,3.8625738620758057,10306320,0.0,0.0,0.0
2024-01-22 00:00:00+02:00,3.8625738297633974,4.4597796142340345,3.949264695698561,4.2382354736328125,31345897,0.0,0.0,0.0
2024-01-23 00:00:00+02:00,4.238235349247767,4.267132150609286,4.04558801651001,4.04558801651001,7609443,0.0,0.0,0.0
2024-01-24 00:00:00+02:00,4.045588115743858,4.267132255277369,4.074485377120571,4.199706077575684,8187714,0.0,0.0,0.0
2024-01-28 00:00:00+02:00,4.19970614684174,4.479044354429435,4.180441458708326,4.334558963775635,13946134,0.0,0.0,0.0
2024-01-29 00:00:00+02:00,4.334558851102091,4.960661888122559,4.334558851102091,4.960661888122559,18406420,0.0,0.0,0.0
2024-01-30 00:00:00+02:00,4.960661798785714,5.018455860642826,4.719852978061226,4.816176414489746,15345065,0.0,0.0,0.0
2024-01-31 00:00:00+02:00,4.816176511357485,4.835441199030659,3.9781619086148146,4.14191198348999,11217568,0.0,0.0,0.0
2024-02-01 00:00:00+02:00,4.141912114103918,4.411617750033447,3.8914707071486716,4.382720947265625,7897021,0.0,0.0,0.0
2024-02-04 00:00:00+02:00,4.382721062315938,4.642794590585487,4.238235666764765,4.604265213012695,9343028,0.0,0.0,0.0
2024-02-05 00:00:00+02:00,4.604265245230472,4.845074086398655,4.585000556309274,4.690956115722656,9054669,0.0,0.0,0.0
2024-02-06 00:00:00+02:00,4.690956000769208,4.739117951545185,4.440515050930772,4.459779739379883,6637385,0.0,0.0,0.0
2024-02-07 00:00:00+02:00,4.459779710264212,4.594632528527598,4.353823694832638,4.4019856452941895,2711223,0.0,0.0,0.0
2024-02-08 00:00:00+02:00,4.401985679528128,4.585000449676359,4.3345590402188625,4.48867654800415,3096227,0.0,0.0,0.0
2024-02-11 00:00:00+02:00,4.488676499179393,4.642794464594695,4.363456255119108,4.392353057861328,4353614,0.0,0.0,0.0
2024-02-12 00:00:00+02:00,4.392353057861328,4.459779696437173,4.218970863488812,4.392353057861328,3711274,0.0,0.0,0.0
2024-02-13 00:00:00+02:00,4.392352882924789,4.999191228019325,4.392352882924789,4.912499904632568,25255384,0.0,0.0,0.0
2024-02-14 00:00:00+02:00,4.912499817645846,4.9606617651870915,4.710220372862807,4.758382320404053,10846648,0.0,0.0,0.0
2024-02-15 00:00:00+02:00,4.758382295175437,4.806543783154963,4.662058859910018,4.729485034942627,7844585,0.0,0.0,0.0
2024-02-18 00:00:00+02:00,4.729485034942627,4.729485034942627,4.729485034942627,4.729485034942627,0,0.0,0.0,0.0
2024-02-19 00:00:00+02:00,4.671691357260996,4.69095604589543,4.5175738481855285,4.565735340118408,4324489,0.0,0.0,0.0
2024-02-20 00:00:00+02:00,4.565735390206335,4.816176804507819,4.575367964282428,4.652426719665527,6625133,0.0,0.0,0.0
2024-02-21 00:00:00+02:00,4.652426289961121,4.883602994065037,4.671690977027583,4.719852924346924,10604879,0.0,0.0,0.0
2024-02-22 00:00:00+02:00,4.719853373801293,4.806544244202442,4.63316204409373,4.662059307098389,5020022,0.0,0.0,0.0
2024-02-25 00:00:00+02:00,4.662059121350063,4.546470533243186,4.1419120824414986,4.334558963775635,5390829,0.0,0.0,0.0
2024-02-26 00:00:00+02:00,4.334558987227396,4.488676493128545,4.238235546039178,4.3634562492370605,2715991,0.0,0.0,0.0
2024-02-27 00:00:00+02:00,4.363456205528041,4.527205824254522,4.286396994042976,4.296029567718506,2980270,0.0,0.0,0.0
2024-02-28 00:00:00+02:00,4.296029481162833,4.4116176071019915,4.151544094085693,4.151544094085693,2617054,0.0,0.0,0.0
2024-02-29 00:00:00+02:00,4.151544051812896,4.209338114193991,3.93963248974888,4.0744853019714355,4016501,0.0,0.0,0.0
2024-03-03 00:00:00+02:00,4.0744854820905765,4.103382744211763,3.920367975594645,3.958897352218628,1352852,0.0,0.0,0.0
2024-03-04 00:00:00+02:00,3.9588971564764046,4.122647228685135,3.9781618438358803,4.035955905914307,3114964,0.0,0.0,0.0
2024-03-05 00:00:00+02:00,4.035956116703765,4.421250343322754,4.084117607964639,4.421250343322754,8178883,0.0,0.0,0.0
2024-03-06 00:00:00+02:00,4.421250238416986,4.469411728535102,4.151544148391259,4.2382354736328125,5432822,0.0,0.0,0.0
2024-03-07 00:00:00+02:00,4.2382354218558635,4.296029484875387,4.064852773490908,4.14191198348999,1091155,0.0,0.0,0.0
2024-03-10 00:00:00+02:00,4.1419120693088205,4.3441915237214985,4.1419120693088205,4.324926376342773,2211089,0.0,0.0,0.0
2024-03-11 00:00:00+02:00,4.324926339567976,4.421250238416986,4.190073524208307,4.2382354736328125,1242642,0.0,0.0,0.0
2024-03-12 00:00:00+02:00,4.238235326643979,4.286396815091776,3.9492645587317,4.007058620452881,1511123,0.0,0.0,0.0
2024-03-13 00:00:00+02:00,4.007058773423194,4.084117525326502,3.7566178297374395,3.843308925628662,1804396,0.0,0.0,0.0
2024-03-14 00:00:00+02:00,3.8433090113773956,4.016691436681402,3.756617913551993,3.997426748275757,1348498,0.0,0.0,0.0
2024-03-17 00:00:00+02:00,3.9974266785635875,4.093750118912003,3.8625738620758057,3.8625738620758057,883810,0.0,0.0,0.0
2024-03-18 00:00:00+02:00,3.8625738819311186,3.8625738819311186,3.4098530210067928,3.4869117736816406,1029609,0.0,0.0,0.0
2024-03-19 00:00:00+02:00,3.4869116911552487,3.438749971873335,3.197941145810574,3.332794189453125,1010966,0.0,0.0,0.0
2024-03-20 00:00:00+02:00,3.332794263606863,3.756617862024045,3.3713236398896615,3.4772794246673584,1020734,0.0,0.0,0.0
2024-03-21 00:00:00+02:00,3.477279508801137,3.6699266245294813,3.486911853104894,3.631397247314453,827560,0.0,0.0,0.0
2024-03-24 00:00:00+02:00,3.631397118695065,3.9396325848043956,3.7084558703958,3.8240442276000977,2457816,0.0,0.0,0.0
2024-03-25 00:00:00+02:00,3.824044196824839,3.8914706040203457,3.7469854457442597,3.7662501335144043,1502575,0.0,0.0,0.0
2024-03-26 00:00:00+02:00,3.7662501180077985,3.8336765249256937,3.718088169127538,3.7373530864715576,1598133,0.0,0.0,0.0
2024-03-27 00:00:00+02:00,3.737353239743341,3.737353239743341,3.563970813762155,3.583235502243042,1136197,0.0,0.0,0.0
2024-03-28 00:00:00+02:00,3.5832354829401294,3.6313972038828997,3.4965443852431424,3.544706106185913,535945,0.0,0.0,0.0
2024-03-31 00:00:00+02:00,3.5447060109853,3.554338354915157,3.323161870945394,3.380955934524536,449165,0.0,0.0,0.0
2024-04-01 00:00:00+02:00,3.3809560569454638,3.6121325492858887,3.361691368388195,3.6121325492858887,729631,0.0,0.0,0.0
2024-04-02 00:00:00+02:00,3.612132520409987,3.631397208813251,3.4772794719339393,3.5543384552001953,486900,0.0,0.0,0.0
2024-04-03 00:00:00+02:00,3.5543384258470065,3.5543384258470065,3.4387500667287987,3.496544361114502,386427,0.0,0.0,0.0
2024-04-04 00:00:00+02:00,3.4965443994081506,3.592867841683912,3.5061767436357267,3.5736031532287598,563011,0.0,0.0,0.0
2024-04-07 00:00:00+02:00,3.5736031484291164,3.64102955793159,3.5447061157851993,3.5639708042144775,816286,0.0,0.0,0.0
2024-04-08 00:00:00+02:00,3.56397066760092,3.7662501180077985,3.5350736360646793,3.7373530864715576,2746466,0.0,0.0,0.0
2024-04-15 00:00:00+02:00,3.7373531417616124,3.843308925628662,3.679558848180935,3.843308925628662,2447179,0.0,0.0,0.0
2024-04-16 00:00:00+02:00,3.843308884594984,3.9011031775586114,3.7469854457442597,3.7662501335144043,2511140,0.0,0.0,0.0
2024-04-17 00:00:00+02:00,3.766250168787388,3.862573838193429,3.746985480836819,3.83367657661438,2457480,0.0,0.0,0.0
2024-04-18 00:00:00+02:00,3.8336766145896424,3.8722059908724416,3.41948536024316,3.4772794246673584,2865780,0.0,0.0,0.0
2024-04-21 00:00:00+02:00,3.4772794147251114,3.612132460982533,3.458014726638794,3.458014726638794,2347554,0.0,0.0,0.0
2024-04-22 00:00:00+02:00,3.4580146859633922,3.602500074564442,3.313529527015537,3.380955934524536,2651852,0.0,0.0,0.0
2024-04-23 00:00:00+02:00,3.3809560601973025,3.3713237159094036,3.1208825347708333,3.169044256210327,1618091,0.0,0.0,0.0
2024-04-24 00:00:00+02:00,3.1690441767225273,3.2172058969540007,2.9667647220971407,3.0149266719818115,1675756,0.0,0.0,0.0
2024-04-28 00:00:00+03:00,3.0149266719818115,3.0149266719818115,3.0149266719818115,3.0149266719818115,0,0.0,0.0,0.0
2024-04-29 00:00:00+03:00,2.880073602851023,3.00529407446027,2.831911883001313,2.9860293865203857,783222,0.0,0.0,0.0
2024-04-30 00:00:00+03:00,2.98602948371052,3.0438237790644727,2.697058925553567,2.7163236141204834,2862724,0.0,0.0,0.0
2024-05-02 00:00:00+03:00,2.8030148122066376,2.9860293450966666,2.7548528633718594,2.908970594406128,1364340,0.0,0.0,0.0
2024-05-07 00:00:00+03:00,2.9089706198742946,2.976397027318837,2.8704412441916993,2.957132339477539,1141938,0.0,0.0,0.0
2024-05-08 00:00:00+03:00,2.9571323029901464,2.986029334395539,2.8704412087739684,2.8897058963775635,1252346,0.0,0.0,0.0
2024-05-09 00:00:00+03:00,2.8897058911476456,2.9378676100694685,2.8222794846570944,2.8800735473632812,532197,0.0,0.0,0.0
2024-05-12 00:00:00+03:00,2.8800735098762353,2.908970540853205,2.697058750702239,2.8126471042633057,2218117,0.0,0.0,0.0
2024-05-13 00:00:00+03:00,2.8126471096003205,2.85117648430939,2.6488970374335876,2.822279453277588,1828475,0.0,0.0,0.0
2024-05-14 00:00:00+03:00,2.8222796454825856,2.851176678482355,2.7066912838303043,2.74522066116333,2272830,0.0,0.0,0.0
2024-05-15 00:00:00+03:00,2.745220453153678,2.812647088030655,2.7163234223434816,2.783750057220459,1575874,0.0,0.0,0.0
2024-05-16 00:00:00+03:00,2.783750144095205,2.9571323343672598,2.783750144095205,2.947499990463257,1828321,0.0,0.0,0.0
2024-05-19 00:00:00+03:00,2.9475000990897446,3.1786765909587364,2.9860294761257093,3.1497795581817627,3343699,0.0,0.0,0.0
2024-05-20 00:00:00+03:00,3.149779553411885,3.226838307367121,3.063088455212245,3.1401472091674805,1683377,0.0,0.0,0.0
2024-05-21 00:00:00+03:00,3.1401472091674805,3.2653679139979404,3.130514864923076,3.1401472091674805,2252978,0.0,0.0,0.0
2024-05-22 00:00:00+03:00,3.1401472186490667,3.197941284290001,3.072720808734643,3.159411907196045,1107443,0.0,0.0,0.0
2024-05-23 00:00:00+03:00,3.159411907196045,3.2461030056574467,3.130514874375578,3.159411907196045,758597,0.0,0.0,0.0
2024-05-26 00:00:00+03:00,3.159411907196045,3.159411907196045,3.159411907196045,3.159411907196045,0,0.0,0.0,0.0
2024-05-27 00:00:00+03:00,3.1594118976562897,3.255735569753536,3.101617832189863,3.1401472091674805,1695791,0.0,0.0,0.0
2024-05-28 00:00:00+03:00,3.140147180011603,3.140147180011603,3.0149267059970017,3.082353115081787,460923,0.0,0.0,0.0
2024-05-29 00:00:00+03:00,3.082353115081787,3.1497795241665725,3.0630884267718486,3.082353115081787,483561,0.0,0.0,0.0
2024-05-30 00:00:00+03:00,3.0823530568340463,3.496544306977086,3.140147120671718,3.409852981567383,10628734,0.0,0.0,0.0
2024-06-02 00:00:00+03:00,3.4098530015074195,3.6313971438338966,3.438750033595239,3.4483823776245117,6967680,0.0,0.0,0.0
2024-06-03 00:00:00+03:00,3.448382357459164,3.5158089949229767,3.3327942297838202,3.409852981567383,1658441,0.0,0.0,0.0
2024-06-04 00:00:00+03:00,3.4098529364211103,3.7373530864715576,3.4194852802665237,3.7373530864715576,4996850,0.0,0.0,0.0
2024-06-05 00:00:00+03:00,3.737353035300139,3.7277204619334214,3.429117577160844,3.6602940559387207,2809654,0.0,0.0,0.0
2024-06-06 00:00:00+03:00,3.660294082098284,3.8144118122693875,3.5928676756216977,3.708455801010132,3551560,0.0,0.0,0.0
2024-06-09 00:00:00+03:00,3.7084559228318503,4.055220769694661,3.746985528880206,3.930000066757202,10216245,0.0,0.0,0.0
2024-06-10 00:00:00+03:00,3.9300000607317997,4.016691387141188,3.891470684395715,3.9011032581329346,1909009,0.0,0.0,0.0
2024-06-11 00:00:00+03:00,3.901103172232124,3.9685293496823757,3.737353096756281,3.756617784500122,1674109,0.0,0.0,0.0
2024-06-12 00:00:00+03:00,3.756617834638149,3.9492647146477395,3.7469854906376696,3.8529412746429443,4244692,0.0,0.0,0.0
2024-06-13 00:00:00+03:00,3.8529412337139433,3.910735297102886,3.746985450834215,3.7758824825286865,2945602,0.0,0.0,0.0
2024-06-23 00:00:00+03:00,3.7758825742888042,3.9781620307190186,3.7951472625532823,3.9396326541900635,3132279,0.0,0.0,0.0
2024-06-24 00:00:00+03:00,3.939632549368105,4.218970751423867,3.9492646635908626,4.190073490142822,9600461,0.0,0.0,0.0
2024-06-25 00:00:00+03:00,4.1900734482660225,4.257500084376989,4.045588061917599,4.1130146980285645,2528303,0.0,0.0,0.0
2024-06-26 00:00:00+03:00,4.113014673386244,4.2286027980499075,4.045588037679251,4.084117412567139,4678430,0.0,0.0,0.0
2024-06-27 00:00:00+03:00,4.084117405404922,4.14191192694178,4.045588030584603,4.055220603942871,2027290,0.0,0.0,0.0
2024-07-02 00:00:00+03:00,4.0744854780791675,4.103382740171905,3.949264774521306,3.968529462814331,2128406,0.0,0.0,0.0
2024-07-03 00:00:00+03:00,3.968529466721424,4.084117596593372,3.9396326639066364,3.958897352218628,1673358,0.0,0.0,0.0
2024-07-04 00:00:00+03:00,3.9588973226370614,4.007058813403969,3.8433089639756095,3.9011032581329346,2346476,0.0,0.0,0.0
2024-07-07 00:00:00+03:00,3.901103224298538,3.9685294026486986,3.843308930642465,3.8529412746429443,1104559,0.0,0.0,0.0
2024-07-08 00:00:00+03:00,3.8529412594878734,3.949264699113792,3.814411883637506,3.8240442276000977,1045828,0.0,0.0,0.0
2024-07-09 00:00:00+03:00,3.8240442123296328,3.901103193375845,3.756617804860742,3.795147180557251,1269012,0.0,0.0,0.0
2024-07-10 00:00:00+03:00,3.7951471754541437,3.852941238921195,3.7277205384227234,3.7855148315429688,1075886,0.0,0.0,0.0
2024-07-14 00:00:00+03:00,3.7855148056986256,3.843308868771107,3.7084558252821243,3.7373530864715576,614813,0.0,0.0,0.0
2024-07-15 00:00:00+03:00,3.7373531658981363,3.9011032444033917,3.7373531658981363,3.8914706707000732,1617106,0.0,0.0,0.0
2024-07-16 00:00:00+03:00,3.8914707229782897,4.074485492042417,3.9300000996963793,3.9781620502471924,3368746,0.0,0.0,0.0
2024-07-17 00:00:00+03:00,3.9781620598701117,4.055220813492691,3.9781620598701117,3.997426748275757,1905152,0.0,0.0,0.0
2024-07-18 00:00:00+03:00,3.997426738606237,4.045588229850649,3.9685294764144694,3.9781620502471924,965364,0.0,0.0,0.0
2024-07-21 00:00:00+03:00,3.9781618438358803,4.141911916044609,4.007058645221905,4.035955905914307,1597473,0.0,0.0,0.0
2024-07-22 00:00:00+03:00,4.035956101493118,4.113014854665217,3.958897348321018,3.968529462814331,1399696,0.0,0.0,0.0
2024-07-23 00:00:00+03:00,3.9685294860140883,4.055220813492691,3.9781620598701117,3.997426748275757,741584,0.0,0.0,0.0
2024-07-24 00:00:00+03:00,3.997426748275757,4.113014878709627,3.9877941744197334,3.997426748275757,1726785,0.0,0.0,0.0
2024-07-28 00:00:00+03:00,3.9974265205774375,4.074485269810657,3.978161833269133,4.016691207885742,1086458,0.0,0.0,0.0
2024-07-29 00:00:00+03:00,4.016691436681402,4.103382764160005,3.9781620598701117,3.997426748275757,2609132,0.0,0.0,0.0
2024-07-30 00:00:00+03:00,3.997426506485871,4.064852682174062,3.9781618192454773,4.007058620452881,1003153,0.0,0.0,0.0
2024-07-31 00:00:00+03:00,4.007058645221905,4.084117394659807,4.007058645221905,4.035955905914307,1752267,0.0,0.0,0.0
2024-08-01 00:00:00+03:00,4.0359559165327115,4.170808728403831,4.045588030584603,4.055220603942871,3310391,0.0,0.0,0.0
2024-08-04 00:00:00+03:00,4.0552207123554975,4.0070587628893435,3.804779539674914,3.8240442276000977,2103922,0.0,0.0,0.0
2024-08-05 00:00:00+03:00,3.8240441342452542,3.766250071880606,3.380955863476572,3.669926404953003,2584358,0.0,0.0,0.0
2024-08-06 00:00:00+03:00,3.66992644990047,3.795147149544039,3.6602941060550562,3.7373530864715576,1705806,0.0,0.0,0.0
2024-08-07 00:00:00+03:00,3.737353122012437,3.814411873508547,3.7084558605482014,3.804779529571533,1282746,0.0,0.0,0.0
2024-08-08 00:00:00+03:00,3.804779587639525,3.997426698973146,3.795147243555504,3.9011032581329346,3839851,0.0,0.0,0.0
2024-08-11 00:00:00+03:00,3.9011032872826537,4.016691417154602,3.9396326639066364,3.958897352218628,1897727,0.0,0.0,0.0
2024-08-12 00:00:00+03:00,3.958897312580797,4.035956065057224,3.8625738719852634,3.88183856010437,1677481,0.0,0.0,0.0
2024-08-13 00:00:00+03:00,3.8818385107208377,3.949264688626739,3.785514841697506,3.804779529571533,3172762,0.0,0.0,0.0
2024-08-14 00:00:00+03:00,3.804779529571533,3.901103198594865,3.775882497760492,3.804779529571533,1666533,0.0,0.0,0.0
2024-08-15 00:00:00+03:00,3.804779587639525,3.9300000607317997,3.8529413080596306,3.9011032581329346,2263081,0.0,0.0,0.0
2024-08-18 00:00:00+03:00,3.9011032872826537,4.016691417154602,3.9396326639066364,3.958897352218628,2571754,0.0,0.0,0.0
2024-08-19 00:00:00+03:00,3.9588971772092454,4.199706000116998,3.9974265521299754,4.0744853019714355,10529152,0.0,0.0,0.0
2024-08-20 00:00:00+03:00,4.074485291353032,4.14191192694178,4.045588030584603,4.055220603942871,2573742,0.0,0.0,0.0
2024-08-21 00:00:00+03:00,4.055220624979805,4.199706010958728,4.0744853124899025,4.09375,4740616,0.0,0.0,0.0
2024-08-22 00:00:00+03:00,4.093750054935154,4.257500130621582,4.103382628472656,4.180441379547119,5684376,0.0,0.0,0.0
2024-08-25 00:00:00+03:00,4.180441389760004,4.3056616309087286,4.1419120141286445,4.199706077575684,3417163,0.0,0.0,0.0
2024-08-26 00:00:00+03:00,4.199706063671965,4.276764814679571,4.170808802390921,4.190073490142822,2272197,0.0,0.0,0.0
2024-08-27 00:00:00+03:00,4.190073490142822,4.296029502431472,4.190073490142822,4.190073490142822,2495688,0.0,0.0,0.0
2024-08-28 00:00:00+03:00,4.190073659632026,4.498309135437012,4.199706233550809,4.498309135437012,9195292,0.0,0.0,0.0
2024-08-29 00:00:00+03:00,4.498309042562849,4.527205845109772,4.32492639005573,4.334558963775635,4817299,0.0,0.0,0.0
2024-09-01 00:00:00+03:00,4.334559044077904,4.662059207719616,4.324926470179546,4.479044437408447,7010971,0.0,0.0,0.0
2024-09-02 00:00:00+03:00,4.479044384700786,4.623529776331082,4.373088369597715,4.392353057861328,4364840,0.0,0.0,0.0
2024-09-03 00:00:00+03:00,4.39235308112111,4.507941211314886,4.382720966591496,4.421250343322754,1934220,0.0,0.0,0.0
2024-09-04 00:00:00+03:00,4.421250290029194,4.430882404442704,4.276764899375394,4.334558963775635,1638502,0.0,0.0,0.0
2024-09-05 00:00:00+03:00,4.334558953836309,4.4212502798910815,4.31529426574707,4.31529426574707,2124749,0.0,0.0,0.0
2024-09-08 00:00:00+03:00,4.315294136019314,4.334558823529412,4.0744853124899025,4.09375,3145452,0.0,0.0,0.0
2024-09-09 00:00:00+03:00,4.093749967992733,4.141911916044609,4.016691218554831,4.035955905914307,6846782,0.0,0.0,0.0
2024-09-10 00:00:00+03:00,4.035956125087047,4.132279567115272,3.9781620598701117,3.997426748275757,2183215,0.0,0.0,0.0
2024-09-11 00:00:00+03:00,3.9974265171966157,4.0552205790726505,3.949264569313399,4.026323318481445,1809519,0.0,0.0,0.0
2024-09-12 00:00:00+03:00,4.026323551231023,4.0937501903039815,3.9877941744197334,3.997426748275757,1307487,0.0,0.0,0.0
2024-09-16 00:00:00+03:00,3.997426506485871,4.045587994933668,3.9781618192454773,4.007058620452881,918306,0.0,0.0,0.0
2024-09-17 00:00:00+03:00,4.007058853132559,4.113014868760507,3.9588973618881473,3.9781620502471924,1822246,0.0,0.0,0.0
2024-09-18 00:00:00+03:00,3.978162046326067,4.045588225863065,3.9492647841627826,3.9877941608428955,500070,0.0,0.0,0.0
2024-09-19 00:00:00+03:00,3.9877939472700974,4.045588009195012,3.9974265205774375,4.016691207885742,607075,0.0,0.0,0.0
2024-09-22 00:00:00+03:00,4.016691229122552,4.093749978763191,4.0359559165327115,4.055220603942871,1110311,0.0,0.0,0.0
2024-09-23 00:00:00+03:00,4.055220635350471,4.199706021698896,4.064852749476962,4.1130146980285645,3063616,0.0,0.0,0.0
2024-09-24 00:00:00+03:00,4.132279399620627,4.199706035960566,4.035955961496702,4.122647285461426,8500853,0.0,0.0,0.0
2024-09-25 00:00:00+03:00,4.084117447383508,4.170808771273473,4.113014708448957,4.132279396057129,1270258,0.0,0.0,0.0
2024-09-26 00:00:00+03:00,4.132279399620627,4.199706035960566,4.035955961496702,4.122647285461426,8500853,0.0,0.0,0.0
2024-09-29 00:00:00+03:00,4.122647295816816,4.17080878534656,4.132279410000211,4.14191198348999,2015996,0.0,0.0,0.0
2024-09-30 00:00:00+03:00,4.141912030477252,4.257500157827571,4.151544144769917,4.247867584228516,5887228,0.0,0.0,0.0
2024-10-01 00:00:00+03:00,4.247867584228516,4.421250234560383,4.247867584228516,4.247867584228516,12841105,0.0,0.0,0.0
2024-10-02 00:00:00+03:00,4.247867525369337,4.25750009883492,4.093750024371057,4.122647285461426,4713406,0.0,0.0,0.0
2024-10-03 00:00:00+03:00,4.122647275008802,4.180441337736625,4.103382587432861,4.103382587432861,1491981,0.0,0.0,0.0
2024-10-07 00:00:00+03:00,4.103382548632512,4.161176610813851,4.045588027144794,4.064852714538574,3658004,0.0,0.0,0.0
2024-10-08 00:00:00+03:00,4.064852898255969,4.103382734091323,3.8818385893966307,3.9396326541900635,2220436,0.0,0.0,0.0
2024-10-09 00:00:00+03:00,3.93963244476469,4.007058620452881,3.9011030702839022,4.007058620452881,1375755,0.0,0.0,0.0
2024-10-10 00:00:00+03:00,4.007058819547517,4.045588195942674,3.901103264114033,3.930000066757202,1161830,0.0,0.0,0.0
2024-10-13 00:00:00+03:00,3.9300000507489394,3.968529426987153,3.8529412982725124,3.88183856010437,1735611,0.0,0.0,0.0
2024-10-14 00:00:00+03:00,3.881838536297579,3.920367912299497,3.756617834638149,3.8529412746429443,2110662,0.0,0.0,0.0
2024-10-15 00:00:00+03:00,3.852941284620661,3.9300000368240515,3.852941284620661,3.872205972671509,2468910,0.0,0.0,0.0
2024-10-16 00:00:00+03:00,3.8722059825998314,4.026323487401768,3.8914706707000732,3.8914706707000732,3848530,0.0,0.0,0.0
2024-10-17 00:00:00+03:00,3.891470709642231,4.064852904279456,3.891470709642231,3.968529462814331,7860410,0.0,0.0,0.0
2024-10-20 00:00:00+03:00,3.968529466721424,4.1419121208357454,3.9492647784094324,3.958897352218628,5756773,0.0,0.0,0.0
2024-10-21 00:00:00+03:00,3.958897187429316,4.09375,3.9011031248990227,4.09375,3637354,0.0,0.0,0.0
2024-10-22 00:00:00+03:00,4.093750020840785,4.190073458881645,4.093750020840785,4.132279396057129,4564405,0.0,0.0,0.0
2024-10-23 00:00:00+03:00,4.132279426887118,4.190073490142822,4.007058726846567,4.190073490142822,13424906,0.0,0.0,0.0
2024-10-24 00:00:00+03:00,4.190073473019734,4.373088235568085,4.103382608143641,4.14191198348999,11161113,0.0,0.0,0.0
2024-10-27 00:00:00+03:00,4.1419120141286445,4.276764828838403,4.19007350401465,4.199706077575684,3693583,0.0,0.0,0.0
2024-10-28 00:00:00+03:00,4.199706169563891,4.4019856257123475,4.1708089075542265,4.3634562492370605,11762416,0.0,0.0,0.0
2024-10-29 00:00:00+03:00,4.363456302581805,4.60426513814952,4.392353105638345,4.48867654800415,23379747,0.0,0.0,0.0
2024-10-30 00:00:00+03:00,4.488676217125892,4.854705730440857,4.4116174689135566,4.729485034942627,36969570,0.0,0.0,0.0
2024-10-31 00:00:00+03:00,4.729485112982416,4.8932351852888045,4.642794249466263,4.854705810546875,26602165,0.0,0.0,0.0
2024-11-03 00:00:00+02:00,4.854705893184266,5.05698534367581,4.787279256584957,5.008823394775391,24051404,0.0,0.0,0.0
2024-11-04 00:00:00+02:00,5.008823302019733,5.008823302019733,4.825809001922607,4.825809001922607,17274737,0.0,0.0,0.0
2024-11-05 00:00:00+02:00,4.825808932865651,4.883602994065037,4.681323550214,4.719852924346924,11880820,0.0,0.0,0.0
2024-11-06 00:00:00+02:00,4.719852978061226,4.912499850918266,4.729485092050891,4.816176414489746,8430590,0.0,0.0,0.0
2024-11-07 00:00:00+02:00,4.816176378507378,4.883603013156775,4.681323568514955,4.768014430999756,5562759,0.0,0.0,0.0
2024-11-10 00:00:00+02:00,4.768014412359895,4.825808932865651,4.681323550214,4.719852924346924,4135183,0.0,0.0,0.0
2024-11-11 00:00:00+02:00,4.719852921069269,4.931764478653193,4.719852921069269,4.729485034942627,13655946,0.0,0.0,0.0
2024-11-12 00:00:00+02:00,4.729485497820071,4.787279564635662,4.662059316188423,4.681324005126953,4515862,0.0,0.0,0.0
2024-11-13 00:00:00+02:00,4.6813239639534245,4.719853341491609,4.575367946070214,4.613897323608398,5745211,0.0,0.0,0.0
2024-11-14 00:00:00+02:00,4.613896933865559,4.825808951731451,4.623529507089631,4.768014430999756,11962958,0.0,0.0,0.0
2024-11-17 00:00:00+02:00,4.768014412359895,4.8354410467456965,4.710220351160507,4.719852924346924,3532829,0.0,0.0,0.0
2024-11-18 00:00:00+02:00,4.719853043123948,4.941397179616696,4.748749844797656,4.92213249206543,25293384,0.0,0.0,0.0
2024-11-19 00:00:00+02:00,4.9221324494896885,5.008823313067331,4.835441126605669,4.845073699951172,10872522,0.0,0.0,0.0
2024-11-20 00:00:00+02:00,4.845073638873226,4.912499814216251,4.748749743857981,4.768014430999756,5183893,0.0,0.0,0.0
2024-11-21 00:00:00+02:00,4.768014511890293,4.989558647432437,4.7583823978091795,4.883603096008301,12712732,0.0,0.0,0.0
2024-11-24 00:00:00+02:00,4.883603016566195,4.93176450480107,4.748749747173255,4.758382320404053,6704930,0.0,0.0,0.0
2024-11-25 00:00:00+02:00,4.758382298479848,4.796911672612772,4.681323550214,4.719852924346924,3650775,0.0,0.0,0.0
2024-11-26 00:00:00+02:00,4.719853383004013,4.825809401819136,4.671691431004481,4.681324005126953,3959368,0.0,0.0,0.0
2024-11-27 00:00:00+02:00,4.6813239639534245,4.7391180302607,4.575367946070214,4.613897323608398,4589075,0.0,0.0,0.0
2024-11-28 00:00:00+02:00,4.61389733282937,4.6813239733091505,4.556103266406592,4.633162021636963,2534862,0.0,0.0,0.0
2024-12-01 00:00:00+02:00,4.633162053127421,4.739118071942544,4.623529938311363,4.681324005126953,4913819,0.0,0.0,0.0
2024-12-02 00:00:00+02:00,4.681323950471459,5.5675005499103625,4.748750131315891,5.5000739097595215,53719006,0.0,0.0,0.0
2024-12-03 00:00:00+02:00,5.500073511306555,5.721617645116511,5.317058752132559,5.625294208526611,33957038,0.0,0.0,0.0
2024-12-04 00:00:00+02:00,5.625294611857117,5.625294611857117,5.336323822061999,5.509706020355225,27219747,0.0,0.0,0.0
2024-12-05 00:00:00+02:00,5.509705967273642,5.548235803607341,5.34595634456084,5.384485721588135,9153883,0.0,0.0,0.0
2024-12-08 00:00:00+02:00,5.384485659264305,5.490441215209761,5.26889707021392,5.278529644012451,11114104,0.0,0.0,0.0
2024-12-09 00:00:00+02:00,5.2785297144043,5.5771326165448185,5.259265025856731,5.403750419616699,21885325,0.0,0.0,0.0
2024-12-10 00:00:00+02:00,5.403750452980556,5.528970699659686,5.336323812994557,5.49044132232666,10753127,0.0,0.0,0.0
2024-12-11 00:00:00+02:00,5.490441331655978,5.615662037854289,5.47117664295673,5.509706020355225,16572750,0.0,0.0,0.0
2024-12-12 00:00:00+02:00,5.509705726743719,5.87573525183016,5.548235561395372,5.817941188812256,33058648,0.0,0.0,0.0
2024-12-15 00:00:00+02:00,5.817941100176166,5.962426485172888,5.634926340421168,5.673455715179443,13384152,0.0,0.0,0.0
2024-12-16 00:00:00+02:00,5.673456136708054,5.760147466008388,5.5289707409763,5.557868003845215,7588871,0.0,0.0,0.0
2024-12-17 00:00:00+02:00,5.55786799459506,5.8564709003136235,5.5193386170382395,5.53860330581665,7026571,0.0,0.0,0.0
2024-12-18 00:00:00+02:00,5.5386028613676785,5.644558870799628,5.365220676275159,5.5963969230651855,10911482,0.0,0.0,0.0
2024-12-19 00:00:00+02:00,5.5963973721518805,5.6156620609302905,5.451911976660599,5.53860330581665,3758360,0.0,0.0,0.0
2024-12-22 00:00:00+02:00,5.53860329240287,5.702353376275981,5.461544537475856,5.528970718383789,8695549,0.0,0.0,0.0
2024-12-23 00:00:00+02:00,5.5289706261585625,5.548235773875376,5.3170590536440345,5.326691627502441,3841480,0.0,0.0,0.0
2024-12-24 00:00:00+02:00,5.326691729254138,5.586765257415881,5.2303678260556765,5.53860330581665,6103853,0.0,0.0,0.0
2024-12-25 00:00:00+02:00,5.538603225582041,5.625294553482244,5.374853143684504,5.394117832183838,5963432,0.0,0.0,0.0
2024-12-26 00:00:00+02:00,5.3941178072856815,5.442279757964911,5.2785296768232115,5.326691627502441,5392290,0.0,0.0,0.0
2024-12-29 00:00:00+02:00,5.3266915134139845,5.345956201411781,5.10514737178614,5.1244120597839355,5072826,0.0,0.0,0.0
2024-12-30 00:00:00+02:00,5.124411881752249,5.134043995763314,4.768014477215358,4.8354411125183105,11051327,0.0,0.0,0.0
2024-12-31 00:00:00+02:00,4.8354412614369515,5.095514778034514,4.845073835051049,5.085882663726807,4231124,0.0,0.0,0.0
2025-01-02 00:00:00+02:00,5.085882670085433,5.134044160296964,4.99919134467573,5.114779472351074,4645574,0.0,0.0,0.0
2025-01-05 00:00:00+02:00,5.114779506006237,5.240000208131672,5.114779506006237,5.1629414558410645,3298221,0.0,0.0,0.0
2025-01-06 00:00:00+02:00,5.1629414458478635,5.259264886024684,5.105147381741772,5.1436767578125,3644365,0.0,0.0,0.0
2025-01-08 00:00:00+02:00,5.143676713489906,5.191838203510117,4.999191324816498,5.076250076293945,1772258,0.0,0.0,0.0
2025-01-09 00:00:00+02:00,5.076250035030749,5.134044098169046,4.989558710670112,4.9991912841796875,2002591,0.0,0.0,0.0
2025-01-12 00:00:00+02:00,4.999191209967219,4.951029261747072,4.816176449759589,4.864338397979736,2267798,0.0,0.0,0.0
2025-01-13 00:00:00+02:00,4.864338306998575,4.951029169144469,4.700588237280462,4.719852924346924,1887661,0.0,0.0,0.0
2025-01-14 00:00:00+02:00,4.719853029669087,4.922132478033933,4.53683826880059,4.912499904632568,2622121,0.0,0.0,0.0
2025-01-15 00:00:00+02:00,4.912499946110795,5.066617906689241,4.87397057079278,4.989558696746826,3134872,0.0,0.0,0.0
2025-01-16 00:00:00+02:00,4.9895587070765,5.085882604877337,4.9895587070765,5.008823394775391,1942327,0.0,0.0,0.0
2025-01-19 00:00:00+02:00,4.989558727499291,5.085882625694392,4.989558727499291,5.0473527908325195,3412482,0.0,0.0,0.0
2025-01-20 00:00:00+02:00,5.008823384405834,5.085882594348249,4.960661894911507,4.989558696746826,1654931,0.0,0.0,0.0
2025-01-21 00:00:00+02:00,4.989558751228622,5.105147337751182,4.989558751228622,5.076250076293945,2635729,0.0,0.0,0.0
2025-01-22 00:00:00+02:00,5.076250100162261,5.182206113595146,5.066617985835484,5.105147361755371,4676440,0.0,0.0,0.0
2025-01-23 00:00:00+02:00,5.105147468096062,5.3941177935144955,5.124412156457291,5.31705904006958,12798719,0.0,0.0,0.0
2025-01-26 00:00:00+02:00,5.317059030367091,5.490441225301765,5.268897079898704,5.297794342041016,4559039,0.0,0.0,0.0
2025-01-27 00:00:00+02:00,5.297794216444801,5.3363235921835255,5.028088126967346,5.076250076293945,5089277,0.0,0.0,0.0
2025-01-28 00:00:00+02:00,5.076250045465349,5.1533087964748105,4.960661918951156,5.018455982208252,4615615,0.0,0.0,0.0
2025-01-29 00:00:00+02:00,5.018456026347295,5.114779465956319,4.989558764811392,5.085882663726807,1854077,0.0,0.0,0.0
2025-01-30 00:00:00+02:00,5.085882604877337,5.1340440944713714,4.999191280579137,5.008823394775391,1576451,0.0,0.0,0.0
2025-02-02 00:00:00+02:00,5.008823384405834,5.105147282007256,4.931764633769803,4.989558696746826,3908015,0.0,0.0,0.0
2025-02-03 00:00:00+02:00,4.989558625682702,5.008823313067331,4.835441126605669,4.845073699951172,2359274,0.0,0.0,0.0
2025-02-04 00:00:00+02:00,4.845073772441109,5.066617910332181,4.864338460113968,4.979926586151123,5203019,0.0,0.0,0.0
2025-02-05 00:00:00+02:00,4.9799265405229765,5.028088029610657,4.902867790537584,4.912499904632568,2600600,0.0,0.0,0.0
2025-02-06 00:00:00+02:00,4.912499894058887,4.951029268968652,4.835441144239356,4.893235206604004,1670127,0.0,0.0,0.0
2025-02-09 00:00:00+02:00,4.8932351852888045,4.96066182074037,4.835441123175911,4.854705810546875,2696496,0.0,0.0,0.0
2025-02-10 00:00:00+02:00,4.854705799846815,4.912499861832328,4.8161764251898065,4.8354411125183105,3228259,0.0,0.0,0.0
2025-02-11 00:00:00+02:00,4.835441478449445,4.8547061672358405,4.604265213012695,4.604265213012695,4730140,0.0,0.0,0.0
2025-02-12 00:00:00+02:00,4.604265147909099,4.604265147909099,4.43088249197673,4.507941246032715,3105426,0.0,0.0,0.0
2025-02-13 00:00:00+02:00,4.507941278240412,4.594632606825976,4.507941278240412,4.556103229522705,1985574,0.0,0.0,0.0
2025-02-16 00:00:00+02:00,4.556103284392241,4.7102207954613755,4.575367973275882,4.671691417694092,4443896,0.0,0.0,0.0
2025-02-17 00:00:00+02:00,4.671691412711259,4.748750168163635,4.613897346121976,4.642794609069824,3068943,0.0,0.0,0.0
2025-02-18 00:00:00+02:00,4.642794609069824,4.671691412711259,4.613897346121976,4.642794609069824,2488029,0.0,0.0,0.0
2025-02-19 00:00:00+02:00,4.642794176081075,4.72948503822697,4.633161602894659,4.719852924346924,5121697,0.0,0.0,0.0
2025-02-20 00:00:00+02:00,4.719852931977963,4.758382306173181,4.652426297483146,4.748749732971191,4453911,0.0,0.0,0.0
2025-02-23 00:00:00+02:00,4.748749754657151,4.825808962705862,4.700588266346376,4.78727912902832,4392848,0.0,0.0,0.0
2025-02-24 00:00:00+02:00,4.787279573893339,4.8643387891028915,4.700588703155518,4.700588703155518,4410651,0.0,0.0,0.0
2025-02-25 00:00:00+02:00,4.700588684900325,4.748750177499538,4.642794618197421,4.662059307098389,2384258,0.0,0.0,0.0
2025-02-26 00:00:00+02:00,4.662059307098389,4.719853373801293,4.652426732994698,4.662059307098389,1634135,0.0,0.0,0.0
2025-02-27 00:00:00+02:00,4.6620588631475375,4.7487497252934325,4.652426289961121,4.719852924346924,2832670,0.0,0.0,0.0
2025-03-02 00:00:00+02:00,4.719852946093605,4.777647007559277,4.681323571783157,4.758382320404053,1110447,0.0,0.0,0.0
2025-03-03 00:00:00+02:00,4.758382295175437,4.796911669281605,4.729485034942627,4.729485034942627,1795552,0.0,0.0,0.0
2025-03-04 00:00:00+02:00,4.729485502709668,4.758382765800546,4.690956124792773,4.710220813751221,1066174,0.0,0.0,0.0
2025-03-05 00:00:00+02:00,4.710220790437448,4.7198533645222005,4.594632657258882,4.642794609069824,2280298,0.0,0.0,0.0
2025-03-06 00:00:00+02:00,4.642794577058709,4.719853331979781,4.565735362831227,4.594632625579834,3226272,0.0,0.0,0.0
2025-03-09 00:00:00+02:00,4.594632638966292,4.652426705325479,4.594632638966292,4.604265213012695,940940,0.0,0.0,0.0
2025-03-10 00:00:00+02:00,4.604265222216355,4.642794599866165,4.594632648150697,4.62352991104126,1157156,0.0,0.0,0.0
2025-03-11 00:00:00+02:00,4.62352991104126,4.62352991104126,4.536838581675982,4.62352991104126,1632135,0.0,0.0,0.0
2025-03-12 00:00:00+02:00,4.623529485803849,4.816176356334689,4.30566146046841,4.729485034942627,2571383,0.0,0.0,0.0
2025-03-13 00:00:00+02:00,4.729485056716206,4.845073638873226,4.73911762994028,4.768014430999756,6226261,0.0,0.0,0.0
2025-03-16 00:00:00+02:00,4.7680144451798965,4.825808966083474,4.758382331233549,4.777647018432617,1148897,0.0,0.0,0.0
2025-03-17 00:00:00+02:00,4.777646993270791,4.854705741661228,4.739117619075572,4.748749732971191,2338037,0.0,0.0,0.0
2025-03-18 00:00:00+02:00,4.74875018248625,4.7776474455212545,4.671691426801458,4.690956115722656,1438534,0.0,0.0,0.0
2025-03-19 00:00:00+02:00,4.690956110796634,4.719853373801293,4.652426732994698,4.662059307098389,1146042,0.0,0.0,0.0
2025-03-20 00:00:00+02:00,4.662059302905478,4.7102207954613755,4.633162039926808,4.671691417694092,1995416,0.0,0.0,0.0
2025-03-23 00:00:00+02:00,4.671691193697052,5.1147794760821474,4.68132376733022,5.105147361755371,18052219,0.0,0.0,0.0
2025-03-24 00:00:00+02:00,5.105147508487043,5.451911901732699,5.07625024606337,5.384485721588135,31193577,0.0,0.0,0.0
2025-03-25 00:00:00+02:00,5.38448564929455,5.538603155334506,5.259264945983887,5.259264945983887,12514998,0.0,0.0,0.0
2025-03-26 00:00:00+02:00,5.259265007269214,5.423015088998018,5.153308990978857,5.36522102355957,4892067,0.0,0.0,0.0
2025-03-27 00:00:00+02:00,5.365221084764074,5.663823989255612,5.32669170736558,5.509706020355225,16325878,0.0,0.0,0.0
2025-04-03 00:00:00+02:00,5.509705982508634,5.519338556445295,5.336323785406384,5.432647228240967,4169151,0.0,0.0,0.0
2025-04-06 00:00:00+02:00,5.432647174261427,5.394117797510426,4.979926767783975,5.307426929473877,8004206,0.0,0.0,0.0
2025-04-07 00:00:00+02:00,5.307426664904478,5.702352986568785,5.162941279637464,5.692720413208008,14940185,0.0,0.0,0.0
2025-04-08 00:00:00+02:00,5.69272045858282,5.981691231420138,5.731249833720279,5.7601470947265625,11441934,0.0,0.0,0.0
2025-04-09 00:00:00+02:00,5.7601469976665065,6.010587931839986,5.538602864706011,5.586764812469482,14634697,0.0,0.0,0.0
2025-04-10 00:00:00+02:00,5.586764844491571,6.010587966291334,5.625294219200641,5.644558906555176,8461779,0.0,0.0,0.0
2025-04-13 00:00:00+02:00,5.644559013264006,5.894999953607473,5.557867688876536,5.827573776245117,8725455,0.0,0.0,0.0
2025-04-14 00:00:00+02:00,5.827573852957781,6.232132300376577,5.866103228902428,5.991323471069336,13976595,0.0,0.0,0.0
2025-04-15 00:00:00+02:00,5.9913234095449255,6.029853244400305,5.8564705951234535,5.875735282897949,6113555,0.0,0.0,0.0
2025-04-16 00:00:00+02:00,5.875735176881314,6.029853135602899,5.654191041818764,5.683088302612305,7143771,0.0,0.0,0.0
2025-04-17 00:00:00+02:00,5.683088267041306,5.7794117035729125,5.606029517816021,5.6349263191223145,2614521,0.0,0.0,0.0
2025-04-22 00:00:00+02:00,5.634926564008666,6.116544226903533,5.68308851402071,6.078014850616455,12955685,0.0,0.0,0.0
2025-04-23 00:00:00+02:00,6.078014755259304,6.116544130941899,5.894999991113781,5.914264678955078,6546839,0.0,0.0,0.0
2025-04-27 00:00:00+03:00,5.914264662115164,6.020220674593803,5.808309108942912,5.866103172302246,4066163,0.0,0.0,0.0
2025-04-28 00:00:00+03:00,5.86610319907653,6.010588128481135,5.798676561863029,5.933529376983643,5795474,0.0,0.0,0.0
2025-04-29 00:00:00+03:00,5.933529397161004,6.000956034603793,5.8661032190246045,5.9720587730407715,4834109,0.0,0.0,0.0
2025-04-30 00:00:00+03:00,5.972058839935981,6.097279542601067,5.914264775468957,6.068382740020752,4750454,0.0,0.0,0.0
2025-05-04 00:00:00+03:00,6.068382835711837,6.366985736486605,6.106912212630749,6.2610297203063965,9172409,0.0,0.0,0.0
2025-05-05 00:00:00+03:00,6.261029617633272,6.453676499068661,6.078014850616455,6.078014850616455,14128461,0.0,0.0,0.0
2025-05-06 00:00:00+03:00,6.07801490311565,6.174338344665344,6.07801490311565,6.164706230163574,2406075,0.0,0.0,0.0
2025-05-07 00:00:00+03:00,6.164706180799127,6.328456259775561,5.991323528091656,6.068382740020752,4443745,0.0,0.0,0.0
2025-05-08 00:00:00+03:00,6.068382686056448,6.116544176364152,5.952794098843897,5.981691360473633,1735980,0.0,0.0,0.0
2025-05-11 00:00:00+03:00,5.981691419596393,6.357353068657629,6.068382746036061,6.0972795486450195,7870365,0.0,0.0,0.0
2025-05-12 00:00:00+03:00,6.097279601007973,6.28992694371652,6.097279601007973,6.183970928192139,3126811,0.0,0.0,0.0
2025-05-13 00:00:00+03:00,6.183971003814274,6.453676643875439,6.183971003814274,6.338088512420654,12270898,0.0,0.0,0.0
2025-05-14 00:00:00+03:00,6.338088521844776,6.45367665347143,6.174338439053814,6.357353210449219,7017100,0.0,0.0,0.0
2025-05-15 00:00:00+03:00,6.357353109241114,6.45367655072987,6.174338340759277,6.174338340759277,4478747,0.0,0.0,0.0
2025-05-18 00:00:00+03:00,6.17433822606275,6.261029551445424,5.9720587730407715,5.9720587730407715,3018810,0.0,0.0,0.0
2025-05-19 00:00:00+03:00,5.97205879308879,6.049118004413403,5.914264729075125,6.0105881690979,4101426,0.0,0.0,0.0
2025-05-20 00:00:00+03:00,6.01058815267164,6.13580885401223,5.933529400864012,5.962426662445068,4104341,0.0,0.0,0.0
2025-05-21 00:00:00+03:00,5.962426579692818,6.04911790392641,5.78904439053202,5.808309078216553,6741743,0.0,0.0,0.0
2025-05-22 00:00:00+03:00,5.808308989668236,5.8275736770590765,5.615661656453449,5.66382360458374,5858618,0.0,0.0,0.0
2025-05-25 00:00:00+03:00,5.663823572341568,5.7312497481724884,5.538602875360751,5.606029510498047,5721250,0.0,0.0,0.0
2025-05-26 00:00:00+03:00,5.606029542411218,5.808308989668236,5.606029542411218,5.66382360458374,7170848,0.0,0.0,0.0
2025-05-27 00:00:00+03:00,5.663823615185404,5.750514478953268,5.663823615185404,5.683088302612305,3101118,0.0,0.0,0.0
2025-05-28 00:00:00+03:00,5.683088408677828,5.894999974328719,5.683088408677828,5.866103172302246,10226659,0.0,0.0,0.0
2025-05-29 00:00:00+03:00,5.866103148054231,6.000955962001919,5.827573772640607,5.83720588684082,7423281,0.0,0.0,0.0
2025-06-01 00:00:00+03:00,5.837206041719981,6.1743383151875575,5.8757354181559105,6.106912136077881,14474293,0.0,0.0,0.0
2025-06-02 00:00:00+03:00,6.106912189976232,6.386250401255296,6.097279616129036,6.232132434844971,14138847,0.0,0.0,0.0
2025-06-03 00:00:00+03:00,6.232132157518377,6.646323628388474,6.2610294184676505,6.550000190734863,18955358,0.0,0.0,0.0
2025-06-04 00:00:00+03:00,6.55000014475369,6.77154427945494,6.463308821820825,6.482573509216309,14828530,0.0,0.0,0.0
2025-06-10 00:00:00+03:00,6.482573732337085,6.896764755249023,6.521103108454177,6.896764755249023,7839735,0.0,0.0,0.0
2025-06-11 00:00:00+03:00,6.896764673665789,6.906397247234313,6.646323731867207,6.742647171020508,14709748,0.0,0.0,0.0
2025-06-12 00:00:00+03:00,6.7426470040398465,6.7426470040398465,6.463308807759849,6.472940921783447,4366136,0.0,0.0,0.0
2025-06-15 00:00:00+03:00,6.472941243122594,6.328456310451253,5.827573955086447,6.164706230163574,3058534,0.0,0.0,0.0
2025-06-16 00:00:00+03:00,6.164706166857681,6.366985621688013,6.049118038185034,6.058750152587891,5901078,0.0,0.0,0.0
2025-06-17 00:00:00+03:00,6.058749981695054,6.145441305407525,5.7601470947265625,5.7601470947265625,5604893,0.0,0.0,0.0
2025-06-18 00:00:00+03:00,5.760147052319908,5.740882364893007,5.596396979538062,5.683088302612305,4447280,0.0,0.0,0.0
2025-06-19 00:00:00+03:00,5.683088701307931,5.7794121451999825,5.3941179103253685,5.53860330581665,4037535,0.0,0.0,0.0
2025-06-22 00:00:00+03:00,5.538602917257359,5.7216176774661065,5.394117531902412,5.683088302612305,2958991,0.0,0.0,0.0
2025-06-23 00:00:00+03:00,5.683088434616789,5.952794064858016,5.7023531224911626,5.933529376983643,4550726,0.0,0.0,0.0
2025-06-24 00:00:00+03:00,5.933529390803687,6.135808843608939,5.904632588578017,5.943161964416504,9073001,0.0,0.0,0.0
2025-06-25 00:00:00+03:00,5.943161994452384,6.164706136296532,5.914264732774281,6.000956058502197,11469704,0.0,0.0,0.0
2025-06-29 00:00:00+03:00,6.00095615550766,6.328456316390369,6.039485532163696,6.193603038787842,10075429,0.0,0.0,0.0
2025-06-30 00:00:00+03:00,6.19360300941209,6.280294336130202,6.087647453763729,6.135808944702148,4577074,0.0,0.0,0.0
2025-07-01 00:00:00+03:00,6.135808968045467,6.261029671713268,5.972058887757788,6.164706230163574,4355949,0.0,0.0,0.0
2025-07-02 00:00:00+03:00,6.1647059139292715,6.646323556278333,6.174338027936937,6.453676223754883,18882277,0.0,0.0,0.0
2025-07-06 00:00:00+03:00,6.453676279946319,6.578896978280888,6.424779478365345,6.540367603302002,3629745,0.0,0.0,0.0
2025-07-07 00:00:00+03:00,6.540367617316312,6.771544326991359,6.530735503204141,6.550000190734863,5466507,0.0,0.0,0.0
2025-07-09 00:00:00+03:00,6.550000373790513,6.906397332722441,6.482573735895394,6.88713264465332,15274122,0.0,0.0,0.0
2025-07-10 00:00:00+03:00,6.887132559403653,7.031617947786799,6.713749909621323,6.742647171020508,9123488,0.0,0.0,0.0
2025-07-13 00:00:00+03:00,6.742647066042085,6.829338389583525,6.453676293774872,6.550000190734863,2777937,0.0,0.0,0.0
2025-07-14 00:00:00+03:00,6.550000259193186,6.742647136513885,6.6270590101214655,6.694485187530518,3711342,0.0,0.0,0.0
2025-07-15 00:00:00+03:00,6.694485044929414,6.704117618243456,6.434411536433175,6.453676223754883,4346203,0.0,0.0,0.0
2025-07-16 00:00:00+03:00,6.453676310871332,6.723382396322302,6.453676310871332,6.598161697387695,6334949,0.0,0.0,0.0
2025-07-17 00:00:00+03:00,6.598161697387695,6.742647083904059,6.598161697387695,6.598161697387695,4657769,0.0,0.0,0.0
2025-07-20 00:00:00+03:00,6.598161732017331,6.694485170431655,6.598161732017331,6.6463236808776855,1781314,0.0,0.0,0.0
2025-07-21 00:00:00+03:00,6.646323697853536,6.790809085497253,6.646323697853536,6.694485187530518,3927016,0.0,0.0,0.0
2025-07-22 00:00:00+03:00,6.694485300981093,7.03161803096524,6.694485300981093,6.896764755249023,14713874,0.0,0.0,0.0
2025-07-23 00:00:00+03:00,6.896764755249023,6.896764755249023,6.896764755249023,6.896764755249023,0,0.0,0.0,0.0
2025-07-27 00:00:00+03:00,7.0508826777918445,7.108676741629516,6.742647211351203,6.819705963134766,5609236,0.0,0.0,0.0
2025-07-28 00:00:00+03:00,6.819705870023467,6.887132506566686,6.6463236808776855,6.6463236808776855,2130377,0.0,0.0,0.0
2025-07-29 00:00:00+03:00,6.646323701449827,6.704117764677309,6.5114708872523686,6.6848530769348145,1230318,0.0,0.0,0.0
2025-07-30 00:00:00+03:00,6.684853003449919,6.771544326991359,6.51147081567342,6.550000190734863,1778585,0.0,0.0,0.0
2025-07-31 00:00:00+03:00,6.550000190734863,6.684853003449919,6.550000190734863,6.550000190734863,901078,0.0,0.0,0.0
2025-08-03 00:00:00+03:00,6.550000190734863,6.550000190734863,6.550000190734863,6.550000190734863,0,0.0,0.0,0.0
2025-08-04 00:00:00+03:00,6.550000190734863,6.550000190734863,6.550000190734863,6.550000190734863,0,0.0,0.0,0.0
2025-08-05 00:00:00+03:00,6.800000190734863,6.800000190734863,6.800000190734863,6.800000190734863,0,0.25,0.0,0.0
2025-08-06 00:00:00+03:00,6.800000190734863,6.800000190734863,6.800000190734863,6.800000190734863,0,0.0,0.0,0.0
2025-08-07 00:00:00+03:00,6.800000190734863,6.800000190734863,6.800000190734863,6.800000190734863,0,0.0,0.0,0.0
2025-08-10 00:00:00+03:00,6.539999961853027,6.610000133514404,6.460000038146973,6.46999979019165,1317376,0.0,0.0,0.0
2025-08-11 00:00:00+03:00,6.46999979019165,6.619999885559082,6.28000020980835,6.28000020980835,5492360,0.0,0.0,0.0
2025-08-12 00:00:00+03:00,6.28000020980835,6.400000095367432,6.28000020980835,6.300000190734863,2347748,0.0,0.0,0.0
2025-08-13 00:00:00+03:00,6.300000190734863,6.369999885559082,6.239999771118164,6.300000190734863,2516477,0.0,0.0,0.0
2025-08-14 00:00:00+03:00,6.300000190734863,6.369999885559082,6.039999961853027,6.050000190734863,3485018,0.0,0.0,0.0
2025-08-17 00:00:00+03:00,6.050000190734863,6.130000114440918,6.039999961853027,6.119999885559082,1548740,0.0,0.0,0.0
2025-08-18 00:00:00+03:00,6.119999885559082,6.329999923706055,6.139999866485596,6.25,3654874,0.0,0.0,0.0
2025-08-19 00:00:00+03:00,6.25,6.309999942779541,6.21999979019165,6.21999979019165,924850,0.0,0.0,0.0
2025-08-20 00:00:00+03:00,6.21999979019165,6.300000190734863,6.0,6.190000057220459,4089336,0.0,0.0,0.0
2025-08-21 00:00:00+03:00,6.190000057220459,6.210000038146973,6.059999942779541,6.099999904632568,1438340,0.0,0.0,0.0
2025-08-24 00:00:00+03:00,6.099999904632568,6.150000095367432,6.059999942779541,6.070000171661377,1367124,0.0,0.0,0.0
2025-08-25 00:00:00+03:00,6.070000171661377,6.139999866485596,6.019999980926514,6.03000020980835,3902224,0.0,0.0,0.0
2025-08-26 00:00:00+03:00,6.03000020980835,6.090000152587891,5.860000133514404,5.869999885559082,2980486,0.0,0.0,0.0
2025-08-27 00:00:00+03:00,5.869999885559082,5.940000057220459,5.829999923706055,5.829999923706055,1944932,0.0,0.0,0.0
2025-08-28 00:00:00+03:00,5.829999923706055,5.940000057220459,5.840000152587891,5.900000095367432,1509108,0.0,0.0,0.0
2025-08-31 00:00:00+03:00,5.900000095367432,5.960000038146973,5.599999904632568,5.630000114440918,4312976,0.0,0.0,0.0
2025-09-01 00:00:00+03:00,5.630000114440918,5.96999979019165,5.650000095367432,5.920000076293945,4912894,0.0,0.0,0.0
2025-09-02 00:00:00+03:00,5.920000076293945,5.949999809265137,5.829999923706055,5.869999885559082,1971818,0.0,0.0,0.0
2025-09-03 00:00:00+03:00,5.869999885559082,5.929999828338623,5.78000020980835,5.78000020980835,1126233,0.0,0.0,0.0
2025-09-07 00:00:00+03:00,5.78000020980835,5.829999923706055,5.650000095367432,5.650000095367432,1950257,0.0,0.0,0.0
2025-09-08 00:00:00+03:00,5.650000095367432,5.960000038146973,5.670000076293945,5.940000057220459,4135758,0.0,0.0,0.0
2025-09-09 00:00:00+03:00,5.940000057220459,6.050000190734863,5.849999904632568,5.849999904632568,3317447,0.0,0.0,0.0
2025-09-10 00:00:00+03:00,5.849999904632568,6.130000114440918,5.800000190734863,6.050000190734863,4117852,0.0,0.0,0.0
2025-09-11 00:00:00+03:00,6.050000190734863,6.110000133514404,5.929999828338623,5.929999828338623,2571765,0.0,0.0,0.0
2025-09-14 00:00:00+03:00,5.929999828338623,6.239999771118164,6.010000228881836,6.099999904632568,11357496,0.0,0.0,0.0
2025-09-15 00:00:00+03:00,6.099999904632568,6.349999904632568,6.119999885559082,6.300000190734863,10330645,0.0,0.0,0.0
2025-09-16 00:00:00+03:00,6.300000190734863,6.429999828338623,6.119999885559082,6.130000114440918,5400074,0.0,0.0,0.0
2025-09-17 00:00:00+03:00,6.130000114440918,6.320000171661377,6.159999847412109,6.300000190734863,3692894,0.0,0.0,0.0
2025-09-18 00:00:00+03:00,6.300000190734863,6.539999961853027,6.199999809265137,6.5,7281717,0.0,0.0,0.0
2025-09-21 00:00:00+03:00,6.5,6.510000228881836,6.320000171661377,6.340000152587891,2514023,0.0,0.0,0.0
2025-09-22 00:00:00+03:00,6.340000152587891,6.409999847412109,6.179999828338623,6.400000095367432,2969827,0.0,0.0,0.0
2025-09-23 00:00:00+03:00,6.400000095367432,6.599999904632568,6.369999885559082,6.409999847412109,5587634,0.0,0.0,0.0
2025-09-24 00:00:00+03:00,6.409999847412109,6.78000020980835,6.389999866485596,6.75,11493594,0.0,0.0,0.0
2025-09-25 00:00:00+03:00,6.75,6.949999809265137,6.71999979019165,6.849999904632568,5366954,0.0,0.0,0.0
2025-09-28 00:00:00+03:00,6.849999904632568,6.900000095367432,6.760000228881836,6.78000020980835,946503,0.0,0.0,0.0
2025-09-29 00:00:00+03:00,6.78000020980835,7.0,6.78000020980835,6.900000095367432,4829647,0.0,0.0,0.0
2025-09-30 00:00:00+03:00,6.900000095367432,6.920000076293945,6.829999923706055,6.920000076293945,2190957,0.0,0.0,0.0
2025-10-01 00:00:00+03:00,6.920000076293945,7.099999904632568,6.71999979019165,6.849999904632568,7024184,0.0,0.0,0.0
2025-10-02 00:00:00+03:00,6.849999904632568,6.900000095367432,6.630000114440918,6.71999979019165,1931473,0.0,0.0,0.0
2025-10-05 00:00:00+03:00,6.71999979019165,7.130000114440918,6.730000019073486,6.909999847412109,8138797,0.0,0.0,0.0
2025-10-06 00:00:00+03:00,6.909999847412109,7.079999923706055,6.739999771118164,6.800000190734863,4917725,0.0,0.0,0.0
2025-10-07 00:00:00+03:00,6.800000190734863,6.829999923706055,6.639999866485596,6.679999828338623,2637899,0.0,0.0,0.0
2025-10-08 00:00:00+03:00,6.679999828338623,6.75,6.639999866485596,6.650000095367432,968736,0.0,0.0,0.0
2025-10-12 00:00:00+03:00,6.650000095367432,6.909999847412109,6.670000076293945,6.840000152587891,2843025,0.0,0.0,0.0
2025-10-13 00:00:00+03:00,6.840000152587891,6.889999866485596,6.75,6.760000228881836,1411831,0.0,0.0,0.0
2025-10-14 00:00:00+03:00,6.760000228881836,6.800000190734863,6.650000095367432,6.800000190734863,4285540,0.0,0.0,0.0
2025-10-15 00:00:00+03:00,6.800000190734863,6.869999885559082,6.730000019073486,6.730000019073486,2023972,0.0,0.0,0.0
2025-10-16 00:00:00+03:00,6.730000019073486,6.980000019073486,6.710000038146973,6.730000019073486,9068983,0.0,0.0,0.0
2025-10-19 00:00:00+03:00,6.730000019073486,7.25,6.760000228881836,7.099999904632568,12565700,0.0,0.0,0.0
2025-10-20 00:00:00+03:00,7.099999904632568,7.25,6.909999847412109,6.929999828338623,8937235,0.0,0.0,0.0
2025-10-21 00:00:00+03:00,6.929999828338623,7.050000190734863,6.800000190734863,6.809999942779541,6863228,0.0,0.0,0.0
2025-10-22 00:00:00+03:00,6.809999942779541,6.869999885559082,6.659999847412109,6.690000057220459,4602772,0.0,0.0,0.0
2025-10-23 00:00:00+03:00,6.690000057220459,6.869999885559082,6.619999885559082,6.840000152587891,4328615,0.0,0.0,0.0
2025-10-26 00:00:00+03:00,6.840000152587891,6.920000076293945,6.800000190734863,6.849999904632568,3246138,0.0,0.0,0.0
2025-10-27 00:00:00+03:00,6.849999904632568,6.989999771118164,6.829999923706055,6.849999904632568,3333925,0.0,0.0,0.0
2025-10-28 00:00:00+03:00,6.849999904632568,6.929999828338623,6.650000095367432,6.75,3617553,0.0,0.0,0.0
2025-10-29 00:00:00+03:00,6.75,6.789999961853027,6.690000057220459,6.710000038146973,754456,0.0,0.0,0.0
2025-10-30 00:00:00+03:00,6.710000038146973,6.78000020980835,6.690000057220459,6.699999809265137,1552418,0.0,0.0,0.0
2025-11-02 00:00:00+02:00,6.699999809265137,6.869999885559082,6.599999904632568,6.769999980926514,5745367,0.0,0.0,0.0
2025-11-03 00:00:00+02:00,6.769999980926514,6.860000133514404,6.730000019073486,6.809999942779541,2298922,0.0,0.0,0.0
2025-11-04 00:00:00+02:00,6.809999942779541,7.050000190734863,6.800000190734863,6.840000152587891,10465946,0.0,0.0,0.0
2025-11-05 00:00:00+02:00,6.840000152587891,6.909999847412109,6.670000076293945,6.699999809265137,2930676,0.0,0.0,0.0
2025-11-06 00:00:00+02:00,6.699999809265137,6.809999942779541,6.590000152587891,6.650000095367432,11880977,0.0,0.0,0.0
2025-11-09 00:00:00+02:00,6.650000095367432,6.760000228881836,6.389999866485596,6.449999809265137,14879203,0.0,0.0,0.0
2025-11-10 00:00:00+02:00,6.449999809265137,6.5,6.170000076293945,6.289999961853027,10638671,0.0,0.0,0.0
2025-11-11 00:00:00+02:00,6.289999961853027,6.380000114440918,6.25,6.269999980926514,2656905,0.0,0.0,0.0
2025-11-12 00:00:00+02:00,6.269999980926514,6.46999979019165,6.28000020980835,6.460000038146973,7198208,0.0,0.0,0.0
2025-11-13 00:00:00+02:00,6.460000038146973,6.519999980926514,6.380000114440918,6.389999866485596,2617806,0.0,0.0,0.0
2025-11-16 00:00:00+02:00,6.389999866485596,6.510000228881836,6.400000095367432,6.429999828338623,2648416,0.0,0.0,0.0
2025-11-17 00:00:00+02:00,6.429999828338623,6.46999979019165,6.309999942779541,6.329999923706055,2575554,0.0,0.0,0.0
2025-11-18 00:00:00+02:00,6.329999923706055,6.429999828338623,6.25,6.260000228881836,3139786,0.0,0.0,0.0
2025-11-19 00:00:00+02:00,6.260000228881836,6.349999904632568,6.230000019073486,6.25,2030299,0.0,0.0,0.0
2025-11-20 00:00:00+02:00,6.25,6.590000152587891,6.260000228881836,6.510000228881836,6896982,0.0,0.0,0.0
2025-11-23 00:00:00+02:00,6.510000228881836,6.670000076293945,6.510000228881836,6.510000228881836,6765798,0.0,0.0,0.0
2025-11-24 00:00:00+02:00,6.510000228881836,6.610000133514404,6.289999961853027,6.289999961853027,2478894,0.0,0.0,0.0
2025-11-25 00:00:00+02:00,6.289999961853027,6.400000095367432,6.260000228881836,6.269999980926514,1694387,0.0,0.0,0.0
2025-11-26 00:00:00+02:00,6.269999980926514,6.369999885559082,6.199999809265137,6.21999979019165,1509966,0.0,0.0,0.0
2025-11-27 00:00:00+02:00,6.21999979019165,6.300000190734863,6.150000095367432,6.170000076293945,740722,0.0,0.0,0.0
2025-11-30 00:00:00+02:00,6.170000076293945,6.239999771118164,6.119999885559082,6.130000114440918,1262675,0.0,0.0,0.0
2025-12-01 00:00:00+02:00,6.130000114440918,6.389999866485596,6.130000114440918,6.349999904632568,3201647,0.0,0.0,0.0
2025-12-02 00:00:00+02:00,6.349999904632568,6.429999828338623,6.300000190734863,6.349999904632568,1469409,0.0,0.0,0.0
2025-12-03 00:00:00+02:00,6.349999904632568,6.400000095367432,6.28000020980835,6.300000190734863,295744,0.0,0.0,0.0
2025-12-04 00:00:00+02:00,6.300000190734863,6.380000114440918,6.239999771118164,6.269999980926514,1399747,0.0,0.0,0.0
2025-12-07 00:00:00+02:00,6.269999980926514,6.53000020980835,6.369999885559082,6.53000020980835,3232610,0.0,0.0,0.0
2025-12-08 00:00:00+02:00,6.53000020980835,6.610000133514404,6.5,6.53000020980835,2541391,0.0,0.0,0.0
2025-12-09 00:00:00+02:00,6.53000020980835,6.75,6.5,6.739999771118164,8105548,0.0,0.0,0.0
2025-12-10 00:00:00+02:00,6.739999771118164,6.789999961853027,6.659999847412109,6.699999809265137,2665207,0.0,0.0,0.0
2025-12-11 00:00:00+02:00,6.699999809265137,6.760000228881836,6.610000133514404,6.690000057220459,1166144,0.0,0.0,0.0
2025-12-14 00:00:00+02:00,6.690000057220459,6.860000133514404,6.670000076293945,6.730000019073486,3358491,0.0,0.0,0.0
2025-12-15 00:00:00+02:00,6.730000019073486,7.070000171661377,6.760000228881836,7.050000190734863,17549477,0.0,0.0,0.0
2025-12-16 00:00:00+02:00,7.050000190734863,7.900000095367432,7.070000171661377,7.610000133514404,38386028,0.0,0.0,0.0
2025-12-17 00:00:00+02:00,7.610000133514404,8.029999732971191,7.53000020980835,7.650000095367432,20061345,0.0,0.0,0.0
2025-12-18 00:00:00+02:00,7.650000095367432,8.289999961853027,7.53000020980835,8.199999809265137,19094672,0.0,0.0,0.0
2025-12-21 00:00:00+02:00,8.199999809265137,8.449999809265137,8.010000228881836,8.210000038146973,11573146,0.0,0.0,0.0
2025-12-22 00:00:00+02:00,8.210000038146973,8.279999732971191,7.800000190734863,7.900000095367432,10252673,0.0,0.0,0.0
2025-12-23 00:00:00+02:00,7.900000095367432,8.180000305175781,7.710000038146973,8.100000381469727,9104509,0.0,0.0,0.0
2025-12-24 00:00:00+02:00,8.100000381469727,8.270000457763672,7.960000038146973,8.229999542236328,6506054,0.0,0.0,0.0
2025-12-25 00:00:00+02:00,8.229999542236328,8.3100004196167,8.050000190734863,8.300000190734863,4901161,0.0,0.0,0.0
2025-12-28 00:00:00+02:00,8.300000190734863,8.34000015258789,8.119999885559082,8.170000076293945,1525225,0.0,0.0,0.0
2025-12-29 00:00:00+02:00,8.170000076293945,8.239999771118164,8.0,8.0,1427281,0.0,0.0,0.0
2025-12-30 00:00:00+02:00,8.0,8.40999984741211,7.900000095367432,8.079999923706055,9212090,0.0,0.0,0.0
2025-12-31 00:00:00+02:00,8.079999923706055,8.149999618530273,7.769999980926514,8.050000190734863,5359541,0.0,0.0,0.0
2026-01-04 00:00:00+02:00,8.050000190734863,8.180000305175781,7.840000152587891,7.900000095367432,1979427,0.0,0.0,0.0
2026-01-05 00:00:00+02:00,7.900000095367432,7.980000019073486,7.460000038146973,7.599999904632568,3512972,0.0,0.0,0.0
2026-01-06 00:00:00+02:00,7.599999904632568,7.739999771118164,7.510000228881836,7.590000152587891,1229230,0.0,0.0,0.0
2026-01-08 00:00:00+02:00,7.590000152587891,7.699999809265137,7.550000190734863,7.579999923706055,1528339,0.0,0.0,0.0
2026-01-11 00:00:00+02:00,7.579999923706055,7.800000190734863,7.389999866485596,7.5,956910,0.0,0.0,0.0
2026-01-12 00:00:00+02:00,7.5,7.570000171661377,7.199999809265137,7.289999961853027,1289907,0.0,0.0,0.0
2026-01-13 00:00:00+02:00,7.289999961853027,7.800000190734863,7.090000152587891,7.46999979019165,8066346,0.0,0.0,0.0
2026-01-14 00:00:00+02:00,7.46999979019165,7.659999847412109,7.199999809265137,7.46999979019165,4249558,0.0,0.0,0.0
2026-01-15 00:00:00+02:00,7.46999979019165,7.550000190734863,7.199999809265137,7.21999979019165,802253,0.0,0.0,0.0
2026-01-18 00:00:00+02:00,7.21999979019165,7.5,7.269999980926514,7.5,687201,0.0,0.0,0.0
2026-01-19 00:00:00+02:00,7.5,7.679999828338623,7.420000076293945,7.460000038146973,2282683,0.0,0.0,0.0
2026-01-20 00:00:00+02:00,7.460000038146973,7.539999961853027,7.369999885559082,7.400000095367432,686293,0.0,0.0,0.0
2026-01-21 00:00:00+02:00,7.400000095367432,7.630000114440918,7.360000133514404,7.53000020980835,2784382,0.0,0.0,0.0
2026-01-22 00:00:00+02:00,7.53000020980835,7.889999866485596,7.510000228881836,7.679999828338623,6984468,0.0,0.0,0.0
2026-01-25 00:00:00+02:00,7.679999828338623,7.929999828338623,7.659999847412109,7.789999961853027,5297001,0.0,0.0,0.0
2026-01-26 00:00:00+02:00,7.789999961853027,7.920000076293945,7.670000076293945,7.909999847412109,3871811,0.0,0.0,0.0
2026-01-27 00:00:00+02:00,7.909999847412109,8.130000114440918,7.599999904632568,7.829999923706055,9730251,0.0,0.0,0.0
2026-01-28 00:00:00+02:00,7.829999923706055,8.0,7.5,7.53000020980835,1962385,0.0,0.0,0.0
2026-02-01 00:00:00+02:00,7.53000020980835,7.690000057220459,7.449999809265137,7.599999904632568,1000276,0.0,0.0,0.0
2026-02-02 00:00:00+02:00,7.599999904632568,7.849999904632568,7.519999980926514,7.840000152587891,1584674,0.0,0.0,0.0
2026-02-03 00:00:00+02:00,7.840000152587891,8.0,7.71999979019165,7.800000190734863,3112052,0.0,0.0,0.0
2026-02-04 00:00:00+02:00,7.800000190734863,8.039999961853027,7.820000171661377,7.840000152587891,4794390,0.0,0.0,0.0
