Date,Open,High,Low,Close,Volume,Dividends,Stock Splits,Capital Gains
2021-01-03 00:00:00+02:00,1.816349983215332,1.8255800008773804,1.7332760095596313,1.7773770093917847,437799,0.0,0.0,0.0
2021-01-04 00:00:00+02:00,1.7773770093917847,1.7742999792099,1.6686619520187378,1.694301962852478,246195,0.0,0.0,0.0
2021-01-05 00:00:00+02:00,1.694301962852478,1.7035330533981323,1.6368680000305176,1.6676369905471802,458148,0.0,0.0,0.0
2021-01-06 00:00:00+02:00,1.6676369905471802,1.7425060272216797,1.6553289890289307,1.7127629518508911,339008,0.0,0.0,0.0
2021-01-10 00:00:00+02:00,1.7127629518508911,1.723019003868103,1.6737899780273438,1.6912260055541992,139117,0.0,0.0,0.0
2021-01-11 00:00:00+02:00,1.6912260055541992,1.6871229410171509,1.6563550233840942,1.6748160123825073,146644,0.0,0.0,0.0
2021-01-12 00:00:00+02:00,1.6748160123825073,1.7414799928665161,1.6409709453582764,1.6696879863739014,344537,0.0,0.0,0.0
2021-01-13 00:00:00+02:00,1.6696879863739014,1.6696879863739014,1.6512269973754883,1.6676369905471802,1130471,0.0,0.0,0.0
2021-01-14 00:00:00+02:00,1.6676369905471802,1.7025070190429688,1.6409709453582764,1.6522530317306519,755601,0.0,0.0,0.0
2021-01-17 00:00:00+02:00,1.6522530317306519,1.6984050273895264,1.6532779932022095,1.6912260055541992,117978,0.0,0.0,0.0
2021-01-18 00:00:00+02:00,1.6912260055541992,1.6717389822006226,1.595844030380249,1.6419960260391235,383675,0.0,0.0,0.0
2021-01-19 00:00:00+02:00,1.6419960260391235,1.6614830493927002,1.6102030277252197,1.6348170042037964,192247,0.0,0.0,0.0
2021-01-20 00:00:00+02:00,1.6348170042037964,1.6666109561920166,1.6214840412139893,1.63584303855896,241271,0.0,0.0,0.0
2021-01-21 00:00:00+02:00,1.63584303855896,1.6655850410461426,1.6153310537338257,1.6317399740219116,340022,0.0,0.0,0.0
2021-01-24 00:00:00+02:00,1.6317399740219116,1.6696879863739014,1.5999469757080078,1.654304027557373,498251,0.0,0.0,0.0
2021-01-25 00:00:00+02:00,1.654304027557373,1.654304027557373,1.654304027557373,1.654304027557373,0,0.0,0.0,0.0
2021-01-26 00:00:00+02:00,1.6768670082092285,1.8440409898757935,1.6512269973754883,1.8081450462341309,2306068,0.0,0.0,0.0
2021-01-27 00:00:00+02:00,1.8081450462341309,1.988651990890503,1.8563480377197266,1.9691649675369263,2977563,0.0,0.0,0.0
2021-01-31 00:00:00+02:00,1.9691649675369263,2.0512139797210693,1.9230129718780518,1.983523964881897,620695,0.0,0.0,0.0
2021-02-01 00:00:00+02:00,1.983523964881897,2.0512139797210693,1.948652982711792,2.006087064743042,678359,0.0,0.0,0.0
2021-02-02 00:00:00+02:00,2.006087064743042,2.005060911178589,1.9178849458694458,1.9496790170669556,147922,0.0,0.0,0.0
2021-02-03 00:00:00+02:00,1.9496790170669556,1.9845490455627441,1.9096800088882446,1.948652982711792,548738,0.0,0.0,0.0
2021-02-04 00:00:00+02:00,1.948652982711792,1.9650629758834839,1.9004490375518799,1.9322429895401,113932,0.0,0.0,0.0
2021-02-07 00:00:00+02:00,1.9322429895401,1.9896769523620605,1.9291659593582153,1.9578830003738403,351713,0.0,0.0,0.0
2021-02-08 00:00:00+02:00,1.9578830003738403,1.919935941696167,1.8512200117111206,1.8799370527267456,432953,0.0,0.0,0.0
2021-02-09 00:00:00+02:00,1.8799370527267456,1.9168590307235718,1.8460919857025146,1.8717319965362549,123819,0.0,0.0,0.0
2021-02-10 00:00:00+02:00,1.8717319965362549,1.937371015548706,1.8932700157165527,1.9178849458694458,163990,0.0,0.0,0.0
2021-02-11 00:00:00+02:00,1.9178849458694458,1.9794210195541382,1.8983980417251587,1.9342939853668213,455271,0.0,0.0,0.0
2021-02-14 00:00:00+02:00,1.9342939853668213,1.9989080429077148,1.8532719612121582,1.9507039785385132,584629,0.0,0.0,0.0
2021-02-15 00:00:00+02:00,1.9507039785385132,1.8871170282363892,1.8460919857025146,1.8573739528656006,352025,0.0,0.0,0.0
2021-02-16 00:00:00+02:00,1.8573739528656006,1.8871170282363892,1.8542970418930054,1.8573739528656006,17989,0.0,0.0,0.0
2021-02-17 00:00:00+02:00,1.8573739528656006,1.9999330043792725,1.8707070350646973,1.9466019868850708,148107,0.0,0.0,0.0
2021-02-18 00:00:00+02:00,1.9466019868850708,1.9004490375518799,1.8625019788742065,1.8768600225448608,59077,0.0,0.0,0.0
2021-02-21 00:00:00+02:00,1.8768600225448608,1.9455759525299072,1.8430149555206299,1.8768600225448608,52924,0.0,0.0,0.0
2021-02-22 00:00:00+02:00,1.8768600225448608,1.8778860569000244,1.8204519748687744,1.8440409898757935,177631,0.0,0.0,0.0
2021-02-23 00:00:00+02:00,1.8440409898757935,1.8460919857025146,1.757889986038208,1.7989139556884766,298057,0.0,0.0,0.0
2021-02-24 00:00:00+02:00,1.7989139556884766,1.8081450462341309,1.6225099563598633,1.7312239408493042,271487,0.0,0.0,0.0
2021-02-25 00:00:00+02:00,1.7312239408493042,1.903525948524475,1.7332760095596313,1.8758349418640137,623318,0.0,0.0,0.0
2021-02-28 00:00:00+02:00,1.8758349418640137,2.0307021141052246,1.913782000541687,1.977370023727417,1255334,0.0,0.0,0.0
2021-03-01 00:00:00+02:00,1.977370023727417,2.024548053741455,1.924038052558899,1.9896769523620605,367938,0.0,0.0,0.0
2021-03-02 00:00:00+02:00,1.9896769523620605,2.1435179710388184,1.948652982711792,2.062494993209839,2577370,0.0,0.0,0.0
2021-03-03 00:00:00+02:00,2.062494993209839,2.1742870807647705,1.948652982711792,2.0901870727539062,2118277,0.0,0.0,0.0
2021-03-04 00:00:00+02:00,2.0901870727539062,2.0901870727539062,2.0901870727539062,2.0901870727539062,0,0.0,0.0,0.0
2021-03-07 00:00:00+02:00,2.146595001220703,2.337357997894287,2.195823907852173,2.262489080429077,1144580,0.0,0.0,0.0
2021-03-08 00:00:00+02:00,2.262489080429077,2.179414987564087,2.063520908355713,2.1332619190216064,522441,0.0,0.0,0.0
2021-03-09 00:00:00+02:00,2.1332619190216064,2.164030075073242,1.9742929935455322,2.0399320125579834,463013,0.0,0.0,0.0
2021-03-10 00:00:00+02:00,2.0399320125579834,2.1230061054229736,1.8460919857025146,2.014292001724243,1004380,0.0,0.0,0.0
2021-03-11 00:00:00+02:00,2.014292001724243,2.1999270915985107,2.0512139797210693,2.1250569820404053,898492,0.0,0.0,0.0
2021-03-14 00:00:00+02:00,2.1250569820404053,2.0614700317382812,1.9701910018920898,1.9968570470809937,330048,0.0,0.0,0.0
2021-03-15 00:00:00+02:00,1.9968570470809937,2.0399320125579834,1.805068016052246,1.9712159633636475,1642510,0.0,0.0,0.0
2021-03-16 00:00:00+02:00,1.9712159633636475,2.015316963195801,1.8286570310592651,1.9496790170669556,208149,0.0,0.0,0.0
2021-03-17 00:00:00+02:00,1.9496790170669556,2.049161911010742,1.9025009870529175,1.9558320045471191,297531,0.0,0.0,0.0
2021-03-18 00:00:00+02:00,1.9558320045471191,2.0204451084136963,1.769171953201294,1.9291659593582153,599586,0.0,0.0,0.0
2021-03-21 00:00:00+02:00,1.9291659593582153,2.0194199085235596,1.8460919857025146,1.9219870567321777,1091636,0.0,0.0,0.0
2021-03-22 00:00:00+02:00,1.9219870567321777,1.9999330043792725,1.811221957206726,1.9045519828796387,1084928,0.0,0.0,0.0
2021-03-23 00:00:00+02:00,1.9045519828796387,1.9999330043792725,1.7148150205612183,1.9096800088882446,873599,0.0,0.0,0.0
2021-03-24 00:00:00+02:00,1.9096800088882446,2.0286500453948975,1.8512200117111206,1.9496790170669556,731361,0.0,0.0,0.0
2021-03-25 00:00:00+02:00,1.9496790170669556,2.1445438861846924,1.948652982711792,2.064547061920166,2022012,0.0,0.0,0.0
2021-03-28 00:00:00+02:00,2.064547061920166,2.2460789680480957,2.12813401222229,2.1947989463806152,1666320,0.0,0.0,0.0
2021-03-29 00:00:00+02:00,2.1947989463806152,2.2871029376983643,2.146595001220703,2.207106113433838,971229,0.0,0.0,0.0
2021-03-30 00:00:00+02:00,2.207106113433838,2.1701838970184326,2.103519916534424,2.110698938369751,192178,0.0,0.0,0.0
2021-03-31 00:00:00+02:00,2.110698938369751,2.1517229080200195,2.0204451084136963,2.091212034225464,622558,0.0,0.0,0.0
2021-04-01 00:00:00+02:00,2.091212034225464,2.251207113265991,2.0573670864105225,2.164030075073242,496876,0.0,0.0,0.0
2021-04-04 00:00:00+02:00,2.164030075073242,2.380434036254883,2.233772039413452,2.3496649265289307,2604330,0.0,0.0,0.0
2021-04-05 00:00:00+02:00,2.3496649265289307,2.5435049533843994,2.297358989715576,2.3814589977264404,3242518,0.0,0.0,0.0
2021-04-06 00:00:00+02:00,2.3814589977264404,2.451200008392334,2.1547999382019043,2.3712029457092285,2076087,0.0,0.0,0.0
2021-04-07 00:00:00+02:00,2.3712029457092285,2.5896570682525635,2.4183809757232666,2.5404279232025146,2603258,0.0,0.0,0.0
2021-04-08 00:00:00+02:00,2.5404279232025146,2.767086982727051,2.5404279232025146,2.6583731174468994,3203760,0.0,0.0,0.0
2021-04-11 00:00:00+02:00,2.6583731174468994,2.8655459880828857,2.769139051437378,2.812213897705078,1197573,0.0,0.0,0.0
2021-04-12 00:00:00+02:00,2.812213897705078,3.005028009414673,2.8204190731048584,2.8819549083709717,846142,0.0,0.0,0.0
2021-04-13 00:00:00+02:00,2.8819549083709717,2.830674886703491,2.67273211479187,2.775291919708252,1160337,0.0,0.0,0.0
2021-04-14 00:00:00+02:00,2.775291919708252,2.8101630210876465,2.574273109436035,2.6983718872070312,1827190,0.0,0.0,0.0
2021-04-15 00:00:00+02:00,2.6983718872070312,2.8091371059417725,2.538377046585083,2.7147810459136963,2274096,0.0,0.0,0.0
2021-04-18 00:00:00+02:00,2.7147810459136963,2.9691319465637207,2.769139051437378,2.912724018096924,3397821,0.0,0.0,0.0
2021-04-19 00:00:00+02:00,2.912724018096924,3.041949987411499,2.8932371139526367,2.9342610836029053,2274789,0.0,0.0,0.0
2021-04-20 00:00:00+02:00,2.9342610836029053,3.0768210887908936,2.902467966079712,2.9978489875793457,916471,0.0,0.0,0.0
2021-04-21 00:00:00+02:00,2.9978489875793457,3.1424601078033447,2.9240050315856934,3.0398991107940674,510088,0.0,0.0,0.0
2021-04-22 00:00:00+02:00,3.0398991107940674,3.102461099624634,2.8942630290985107,3.0440011024475098,1691953,0.0,0.0,0.0
2021-04-25 00:00:00+02:00,3.0440011024475098,3.0563089847564697,2.9291329383850098,3.0122079849243164,1051864,0.0,0.0,0.0
2021-04-26 00:00:00+02:00,3.0122079849243164,3.02451491355896,2.871699094772339,2.9609270095825195,578935,0.0,0.0,0.0
2021-04-27 00:00:00+02:00,2.9609270095825195,3.0665650367736816,2.9332358837127686,2.9722089767456055,792710,0.0,0.0,0.0
2021-04-28 00:00:00+02:00,2.9722089767456055,3.2193799018859863,2.871699094772339,3.0696420669555664,2270226,0.0,0.0,0.0
2021-05-04 00:00:00+02:00,3.0696420669555664,3.376297950744629,3.1896378993988037,3.326042890548706,1016617,0.0,0.0,0.0
2021-05-05 00:00:00+02:00,3.326042890548706,3.5793681144714355,3.3721959590911865,3.490139961242676,609980,0.0,0.0,0.0
2021-05-06 00:00:00+02:00,3.490139961242676,3.4870638847351074,3.1486129760742188,3.3968100547790527,994289,0.0,0.0,0.0
2021-05-09 00:00:00+02:00,3.3968100547790527,3.5485999584198,3.078871965408325,3.393733024597168,4569069,0.0,0.0,0.0
2021-05-10 00:00:00+02:00,3.393733024597168,3.3639910221099854,3.231687068939209,3.2860450744628906,934139,0.0,0.0,0.0
2021-05-11 00:00:00+02:00,3.2860450744628906,3.423475980758667,3.240917921066284,3.375272035598755,2298443,0.0,0.0,0.0
2021-05-17 00:00:00+02:00,3.375272035598755,3.4870638847351074,3.38450288772583,3.451167106628418,800394,0.0,0.0,0.0
2021-05-18 00:00:00+02:00,3.451167106628418,3.5065500736236572,3.30963397026062,3.34655499458313,3931398,0.0,0.0,0.0
2021-05-19 00:00:00+02:00,3.34655499458313,3.38450288772583,3.2665579319000244,3.311685085296631,395687,0.0,0.0,0.0
2021-05-20 00:00:00+02:00,3.311685085296631,3.3445041179656982,3.251173973083496,3.308608055114746,352201,0.0,0.0,0.0
2021-05-23 00:00:00+02:00,3.308608055114746,3.4552700519561768,3.117845058441162,3.251173973083496,382768,0.0,0.0,0.0
2021-05-24 00:00:00+02:00,3.251173973083496,3.3434789180755615,3.102461099624634,3.2173290252685547,461902,0.0,0.0,0.0
2021-05-25 00:00:00+02:00,3.2173290252685547,3.279891014099121,3.10758900642395,3.2193799018859863,380457,0.0,0.0,0.0
2021-05-26 00:00:00+02:00,3.2193799018859863,3.2819418907165527,3.1445109844207764,3.2173290252685547,128704,0.0,0.0,0.0
2021-05-27 00:00:00+02:00,3.2173290252685547,3.4357829093933105,3.251173973083496,3.3639910221099854,730113,0.0,0.0,0.0
2021-05-30 00:00:00+02:00,3.3639910221099854,3.434757947921753,3.1906630992889404,3.3239920139312744,512008,0.0,0.0,0.0
2021-05-31 00:00:00+02:00,3.3239920139312744,3.6562891006469727,3.322967052459717,3.5896239280700684,1553635,0.0,0.0,0.0
2021-06-01 00:00:00+02:00,3.5896239280700684,3.8357698917388916,3.4460389614105225,3.6080849170684814,1363241,0.0,0.0,0.0
2021-06-02 00:00:00+02:00,3.6080849170684814,3.7896180152893066,3.2480969429016113,3.406040906906128,795411,0.0,0.0,0.0
2021-06-03 00:00:00+02:00,3.406040906906128,3.294250011444092,3.093230962753296,3.233738899230957,167091,0.0,0.0,0.0
2021-06-06 00:00:00+02:00,3.233738899230957,3.3814260959625244,3.0870769023895264,3.299377918243408,302542,0.0,0.0,0.0
2021-06-07 00:00:00+02:00,3.299377918243408,3.4768080711364746,3.3434789180755615,3.412194013595581,179571,0.0,0.0,0.0
2021-06-08 00:00:00+02:00,3.412194013595581,3.556804895401001,3.28912091255188,3.4778330326080322,299208,0.0,0.0,0.0
2021-06-09 00:00:00+02:00,3.4778330326080322,3.4870638847351074,3.2019450664520264,3.326042890548706,1001104,0.0,0.0,0.0
2021-06-10 00:00:00+02:00,3.326042890548706,3.481935977935791,3.3393759727478027,3.4378349781036377,370219,0.0,0.0,0.0
2021-06-13 00:00:00+02:00,3.4378349781036377,3.585521936416626,3.146562099456787,3.34655499458313,833993,0.0,0.0,0.0
2021-06-14 00:00:00+02:00,3.34655499458313,3.357836961746216,3.179382085800171,3.272711992263794,356081,0.0,0.0,0.0
2021-06-15 00:00:00+02:00,3.272711992263794,3.2870700359344482,2.974260091781616,3.1414339542388916,464125,0.0,0.0,0.0
2021-06-16 00:00:00+02:00,3.1414339542388916,3.3321969509124756,3.13938307762146,3.2480969429016113,314418,0.0,0.0,0.0
2021-06-17 00:00:00+02:00,3.2480969429016113,3.5721890926361084,3.3537349700927734,3.481935977935791,1114627,0.0,0.0,0.0
2021-06-20 00:00:00+02:00,3.481935977935791,3.6911590099334717,3.4870638847351074,3.546549081802368,1838540,0.0,0.0,0.0
2021-06-21 00:00:00+02:00,3.546549081802368,3.753720998764038,3.38450288772583,3.5916759967803955,814112,0.0,0.0,0.0
2021-06-22 00:00:00+02:00,3.5916759967803955,3.6870570182800293,3.4870638847351074,3.621417999267578,510897,0.0,0.0,0.0
2021-06-23 00:00:00+02:00,3.621417999267578,3.6203930377960205,3.4357829093933105,3.5598819255828857,270317,0.0,0.0,0.0
2021-06-24 00:00:00+02:00,3.5598819255828857,3.641930103302002,3.4111690521240234,3.5803940296173096,1788550,0.0,0.0,0.0
2021-06-27 00:00:00+02:00,3.5803940296173096,3.6203930377960205,3.4275779724121094,3.5332159996032715,194206,0.0,0.0,0.0
2021-06-28 00:00:00+02:00,3.5332159996032715,3.6911590099334717,3.3127100467681885,3.5260369777679443,162216,0.0,0.0,0.0
2021-06-29 00:00:00+02:00,3.5260369777679443,3.5485999584198,3.3332231044769287,3.4296300411224365,298652,0.0,0.0,0.0
2021-06-30 00:00:00+02:00,3.4296300411224365,3.664494037628174,3.4870638847351074,3.6009058952331543,274812,0.0,0.0,0.0
2021-07-04 00:00:00+02:00,3.6009058952331543,3.897305965423584,3.578342914581299,3.7157740592956543,1074787,0.0,0.0,0.0
2021-07-05 00:00:00+02:00,3.7157740592956543,4.081915855407715,3.5896239280700684,3.8942298889160156,1278706,0.0,0.0,0.0
2021-07-06 00:00:00+02:00,3.8942298889160156,4.081915855407715,3.611161947250366,3.860384941101074,1485734,0.0,0.0,0.0
2021-07-07 00:00:00+02:00,3.860384941101074,3.9937140941619873,3.794745922088623,3.889101982116699,521154,0.0,0.0,0.0
2021-07-08 00:00:00+02:00,3.889101982116699,4.051147937774658,3.8060269355773926,4.0008931159973145,817837,0.0,0.0,0.0
2021-07-11 00:00:00+02:00,4.0008931159973145,4.1414008140563965,3.9998669624328613,4.063455104827881,1325634,0.0,0.0,0.0
2021-07-12 00:00:00+02:00,4.063455104827881,4.394725799560547,4.052173137664795,4.267550945281982,801388,0.0,0.0,0.0
2021-07-13 00:00:00+02:00,4.267550945281982,4.562924861907959,4.2378082275390625,4.390624046325684,1828107,0.0,0.0,0.0
2021-07-14 00:00:00+02:00,4.390624046325684,4.8100972175598145,4.480876922607422,4.63471794128418,760261,0.0,0.0,0.0
2021-07-15 00:00:00+02:00,4.63471794128418,4.969066143035889,4.615231037139893,4.867530822753906,899272,0.0,0.0,0.0
2021-07-18 00:00:00+02:00,4.867530822753906,5.311618804931641,4.922914028167725,5.134189128875732,937396,0.0,0.0,0.0
2021-07-25 00:00:00+02:00,5.134189128875732,5.224442005157471,4.871633052825928,5.1229071617126465,540011,0.0,0.0,0.0
2021-07-26 00:00:00+02:00,5.1229071617126465,5.128035068511963,4.617282867431641,5.0654730796813965,1358561,0.0,0.0,0.0
2021-07-27 00:00:00+02:00,5.0654730796813965,4.912658214569092,4.625487804412842,4.7413811683654785,484795,0.0,0.0,0.0
2021-07-28 00:00:00+02:00,4.7413811683654785,5.014193058013916,4.676767826080322,4.8244547843933105,190765,0.0,0.0,0.0
2021-07-29 00:00:00+02:00,4.8244547843933105,5.306490898132324,4.9608612060546875,5.265466213226318,814571,0.0,0.0,0.0
2021-08-01 00:00:00+02:00,5.265466213226318,5.791603088378906,5.488022804260254,5.689042091369629,752500,0.0,0.0,0.0
2021-08-02 00:00:00+02:00,5.689042091369629,6.153642177581787,5.728014945983887,6.0151848793029785,1032442,0.0,0.0,0.0
2021-08-03 00:00:00+02:00,6.0151848793029785,6.040824890136719,5.414178848266602,5.664428234100342,592839,0.0,0.0,0.0
2021-08-04 00:00:00+02:00,5.664428234100342,6.146462917327881,5.4357171058654785,6.0151848793029785,878377,0.0,0.0,0.0
2021-08-05 00:00:00+02:00,6.0151848793029785,6.153642177581787,5.538278102874756,6.062363147735596,2842872,0.0,0.0,0.0
2021-08-08 00:00:00+02:00,6.062363147735596,6.062363147735596,6.062363147735596,6.062363147735596,0,0.0,0.0,0.0
2021-08-09 00:00:00+02:00,6.062363147735596,6.062363147735596,6.062363147735596,6.062363147735596,0,0.0,0.0,0.0
2021-08-10 00:00:00+02:00,5.458280086517334,5.803909778594971,5.293158054351807,5.6264801025390625,1122008,0.0,0.0,0.0
2021-08-11 00:00:00+02:00,5.6264801025390625,5.948521137237549,5.333156108856201,5.695196151733398,1542189,0.0,0.0,0.0
2021-08-15 00:00:00+02:00,5.695196151733398,5.46956205368042,5.125984191894531,5.14752197265625,641805,0.0,0.0,0.0
2021-08-16 00:00:00+02:00,5.14752197265625,5.445972919464111,4.71779203414917,5.2049560546875,396428,0.0,0.0,0.0
2021-08-17 00:00:00+02:00,5.2049560546875,5.374180793762207,4.923939228057861,5.253159046173096,1005394,0.0,0.0,0.0
2021-08-18 00:00:00+02:00,5.253159046173096,5.215211868286133,4.728047847747803,4.927015781402588,773025,0.0,0.0,0.0
2021-08-19 00:00:00+02:00,4.927015781402588,5.125984191894531,4.616257190704346,4.947527885437012,282525,0.0,0.0,0.0
2021-08-22 00:00:00+02:00,4.947527885437012,5.441871166229248,5.075728893280029,5.279825210571289,1983751,0.0,0.0,0.0
2021-08-23 00:00:00+02:00,5.279825210571289,5.441871166229248,5.441871166229248,5.441871166229248,63864,0.0,0.0,0.0
2021-08-24 00:00:00+02:00,5.441871166229248,5.793653964996338,4.948554039001465,5.452126979827881,2122664,0.0,0.0,0.0
2021-08-25 00:00:00+02:00,5.452126979827881,5.210083961486816,5.0254740715026855,5.12700891494751,460975,0.0,0.0,0.0
2021-08-26 00:00:00+02:00,5.12700891494751,5.179315090179443,4.615231037139893,4.908555030822754,455349,0.0,0.0,0.0
2021-08-29 00:00:00+02:00,4.908555030822754,4.907528877258301,4.524978160858154,4.612154960632324,365247,0.0,0.0,0.0
2021-08-30 00:00:00+02:00,4.612154960632324,5.0254740715026855,4.441904067993164,4.827531814575195,524801,0.0,0.0,0.0
2021-08-31 00:00:00+02:00,4.827531814575195,5.0152177810668945,4.410109996795654,4.644974231719971,838449,0.0,0.0,0.0
2021-09-01 00:00:00+02:00,4.644974231719971,4.789585113525391,4.412160873413086,4.654204845428467,562515,0.0,0.0,0.0
2021-09-02 00:00:00+02:00,4.654204845428467,4.583437919616699,4.413187026977539,4.444981098175049,175847,0.0,0.0,0.0
2021-09-05 00:00:00+02:00,4.444981098175049,4.456262111663818,3.693211078643799,3.9301259517669678,181677,0.0,0.0,0.0
2021-09-06 00:00:00+02:00,3.9301259517669678,4.456262111663818,3.794745922088623,4.024481773376465,219518,0.0,0.0,0.0
2021-09-07 00:00:00+02:00,4.024481773376465,4.286012172698975,3.897305965423584,4.0849928855896,269528,0.0,0.0,0.0
2021-09-08 00:00:00+02:00,4.0849928855896,4.21934700012207,3.897305965423584,3.9014089107513428,195172,0.0,0.0,0.0
2021-09-09 00:00:00+02:00,3.9014089107513428,4.096273899078369,3.4870638847351074,3.7803869247436523,291778,0.0,0.0,0.0
2021-09-12 00:00:00+02:00,3.7803869247436523,3.9988420009613037,3.5906500816345215,3.905510902404785,492820,0.0,0.0,0.0
2021-09-13 00:00:00+02:00,3.905510902404785,4.14242696762085,3.897305965423584,4.066532135009766,1718660,0.0,0.0,0.0
2021-09-14 00:00:00+02:00,4.066532135009766,4.3998541831970215,3.9998669624328613,4.060378074645996,817077,0.0,0.0,0.0
2021-09-15 00:00:00+02:00,4.060378074645996,4.25114107131958,3.8716659545898438,4.077813148498535,1292395,0.0,0.0,0.0
2021-09-16 00:00:00+02:00,4.077813148498535,4.103454113006592,3.9701249599456787,4.038839817047119,734150,0.0,0.0,0.0
2021-09-19 00:00:00+02:00,4.038839817047119,4.204988956451416,3.5896239280700684,3.8562819957733154,1761064,0.0,0.0,0.0
2021-09-20 00:00:00+02:00,3.8562819957733154,4.051147937774658,3.385529041290283,3.902435064315796,543200,0.0,0.0,0.0
2021-09-21 00:00:00+02:00,3.902435064315796,3.902435064315796,3.902435064315796,3.902435064315796,0,0.0,0.0,0.0
2021-09-22 00:00:00+02:00,3.9783289432525635,4.1014018058776855,3.8357698917388916,3.9526889324188232,624449,0.0,0.0,0.0
2021-09-23 00:00:00+02:00,3.9526889324188232,4.050121784210205,3.8378210067749023,3.947561025619507,1716661,0.0,0.0,0.0
2021-09-26 00:00:00+02:00,3.947561025619507,3.984483003616333,3.794745922088623,3.8962810039520264,382212,0.0,0.0,0.0
2021-09-27 00:00:00+02:00,3.8962810039520264,3.994739055633545,3.6921849250793457,3.8378210067749023,922331,0.0,0.0,0.0
2021-09-28 00:00:00+02:00,3.8378210067749023,3.7844901084899902,3.6203930377960205,3.737312078475952,176373,0.0,0.0,0.0
2021-09-29 00:00:00+02:00,3.737312078475952,3.737312078475952,3.737312078475952,3.737312078475952,0,0.0,0.0,0.0
2021-09-30 00:00:00+02:00,3.8091039657592773,3.890126943588257,3.5896239280700684,3.7598750591278076,602326,0.0,0.0,0.0
2021-10-03 00:00:00+02:00,3.7598750591278076,3.9896109104156494,3.6921849250793457,3.7742340564727783,759121,0.0,0.0,0.0
2021-10-04 00:00:00+02:00,3.7742340564727783,3.7742340564727783,3.7742340564727783,3.7742340564727783,0,0.0,0.0,0.0
2021-10-05 00:00:00+02:00,3.5537281036376953,3.743464946746826,3.500396966934204,3.699363946914673,848599,0.0,0.0,0.0
2021-10-06 00:00:00+02:00,3.6993329524993896,4.119999885559082,3.546665906906128,3.9573330879211426,273142,0.0,0.0,0.0
2021-10-10 00:00:00+02:00,3.9573330879211426,3.978666067123413,3.733333110809326,3.8933329582214355,443295,0.0,0.0,0.0
2021-10-11 00:00:00+02:00,3.8933329582214355,3.866666078567505,3.3333330154418945,3.7186660766601562,762105,0.0,0.0,0.0
2021-10-12 00:00:00+02:00,3.7186660766601562,3.6653330326080322,3.4666659832000732,3.619999885559082,310327,0.0,0.0,0.0
2021-10-13 00:00:00+02:00,3.619999885559082,3.666666030883789,3.440000057220459,3.546665906906128,349005,0.0,0.0,0.0
2021-10-14 00:00:00+02:00,3.546665906906128,3.546665906906128,3.3333330154418945,3.447999954223633,448792,0.0,0.0,0.0
2021-10-17 00:00:00+02:00,3.447999954223633,3.5999999046325684,3.1333329677581787,3.25333309173584,638595,0.0,0.0,0.0
2021-10-18 00:00:00+02:00,3.25333309173584,3.25333309173584,3.25333309173584,3.25333309173584,0,0.0,0.0,0.0
2021-10-19 00:00:00+02:00,2.9693329334259033,3.0666658878326416,2.4053330421447754,2.474666118621826,392220,0.0,0.0,0.0
2021-10-20 00:00:00+02:00,2.474666118621826,2.5999999046325684,2.233333110809326,2.4586660861968994,675292,0.0,0.0,0.0
2021-10-24 00:00:00+02:00,2.4586660861968994,2.5999999046325684,2.4800000190734863,2.5093328952789307,421657,0.0,0.0,0.0
2021-10-25 00:00:00+02:00,2.5093328952789307,2.606666088104248,2.2279999256134033,2.353332996368408,497677,0.0,0.0,0.0
2021-10-26 00:00:00+02:00,2.353332996368408,2.5199999809265137,2.242666006088257,2.2613329887390137,499350,0.0,0.0,0.0
2021-10-27 00:00:00+02:00,2.2613329887390137,2.4000000953674316,2.0933330059051514,2.2786660194396973,191745,0.0,0.0,0.0
2021-10-28 00:00:00+02:00,2.2786660194396973,2.5333330631256104,2.3373329639434814,2.5266659259796143,519667,0.0,0.0,0.0
2021-10-31 00:00:00+02:00,2.5266659259796143,2.930665969848633,2.5293331146240234,2.853332996368408,477180,0.0,0.0,0.0
2021-11-01 00:00:00+02:00,2.853332996368408,3.128000020980835,2.866666078567505,3.0439999103546143,1156522,0.0,0.0,0.0
2021-11-02 00:00:00+02:00,3.0439999103546143,3.319999933242798,2.866666078567505,3.2173330783843994,1051155,0.0,0.0,0.0
2021-11-03 00:00:00+02:00,3.2173330783843994,3.2639999389648438,2.9506659507751465,3.1373329162597656,327660,0.0,0.0,0.0
2021-11-04 00:00:00+02:00,3.1373329162597656,3.1600000858306885,2.866666078567505,3.0626659393310547,318255,0.0,0.0,0.0
2021-11-07 00:00:00+02:00,3.0626659393310547,3.0626659393310547,3.0626659393310547,3.0626659393310547,0,0.0,0.0,0.0
2021-11-08 00:00:00+02:00,3.0626659393310547,3.0626659393310547,3.0626659393310547,3.0626659393310547,0,0.0,0.0,0.0
2021-11-09 00:00:00+02:00,3.0626659393310547,3.0626659393310547,3.0626659393310547,3.0626659393310547,0,0.0,0.0,0.0
2021-11-10 00:00:00+02:00,3.109333038330078,3.1333329677581787,2.866666078567505,3.046665906906128,194782,0.0,0.0,0.0
2021-11-11 00:00:00+02:00,3.046665906906128,3.173332929611206,3.0146660804748535,3.1573328971862793,309217,0.0,0.0,0.0
2021-11-14 00:00:00+02:00,3.1573328971862793,3.3866660594940186,3.173332929611206,3.2160000801086426,347775,0.0,0.0,0.0
2021-11-15 00:00:00+02:00,3.2160000801086426,3.2239999771118164,2.933332920074463,3.0706660747528076,190275,0.0,0.0,0.0
2021-11-16 00:00:00+02:00,3.0706660747528076,3.680000066757202,2.4666659832000732,3.0706660747528076,44842,0.0,0.0,0.0
2021-11-17 00:00:00+02:00,3.0706660747528076,3.0706660747528076,2.534666061401367,3.0706660747528076,86355,0.0,0.0,0.0
2021-11-18 00:00:00+02:00,3.0706660747528076,3.0706660747528076,3.0706660747528076,3.0706660747528076,0,0.0,0.0,0.0
2021-11-21 00:00:00+02:00,3.0706660747528076,3.0706660747528076,2.4573330879211426,3.0706660747528076,36585,0.0,0.0,0.0
2021-11-22 00:00:00+02:00,3.0706660747528076,3.200000047683716,2.6573328971862793,3.1373329162597656,435945,0.0,0.0,0.0
2021-11-23 00:00:00+02:00,3.1373329162597656,3.200000047683716,2.9733328819274902,3.1653330326080322,260242,0.0,0.0,0.0
2021-11-24 00:00:00+02:00,3.1653330326080322,3.1653330326080322,2.828000068664551,3.1653330326080322,94957,0.0,0.0,0.0
2021-11-25 00:00:00+02:00,3.1653330326080322,3.1653330326080322,2.933332920074463,3.1653330326080322,71392,0.0,0.0,0.0
2021-11-28 00:00:00+02:00,3.1653330326080322,3.1653330326080322,3.1653330326080322,3.1653330326080322,0,0.0,0.0,0.0
2021-11-29 00:00:00+02:00,3.1653330326080322,3.1653330326080322,2.799999952316284,3.1653330326080322,53872,0.0,0.0,0.0
2021-11-30 00:00:00+02:00,3.1653330326080322,3.1653330326080322,2.7039999961853027,3.1653330326080322,57142,0.0,0.0,0.0
2021-12-01 00:00:00+02:00,3.1653330326080322,3.1653330326080322,3.1653330326080322,3.1653330326080322,0,0.0,0.0,0.0
2021-12-02 00:00:00+02:00,3.1653330326080322,3.1653330326080322,2.7679998874664307,3.1653330326080322,46350,0.0,0.0,0.0
2021-12-05 00:00:00+02:00,3.1653330326080322,3.1653330326080322,2.8746659755706787,3.1653330326080322,97432,0.0,0.0,0.0
2021-12-06 00:00:00+02:00,3.1653330326080322,3.166666030883789,2.799999952316284,3.0933330059051514,622050,0.0,0.0,0.0
2021-12-07 00:00:00+02:00,3.0933330059051514,3.158665895462036,2.7679998874664307,2.799999952316284,308940,0.0,0.0,0.0
2021-12-08 00:00:00+02:00,2.799999952316284,3.063999891281128,2.6080000400543213,2.799999952316284,177900,0.0,0.0,0.0
2021-12-09 00:00:00+02:00,2.799999952316284,2.7573330402374268,2.5999999046325684,2.6760001182556152,933997,0.0,0.0,0.0
2021-12-12 00:00:00+02:00,2.6760001182556152,2.7066659927368164,2.5333330631256104,2.598665952682495,124320,0.0,0.0,0.0
2021-12-13 00:00:00+02:00,2.598665952682495,2.666666030883789,2.4800000190734863,2.598665952682495,104520,0.0,0.0,0.0
2021-12-14 00:00:00+02:00,2.598665952682495,2.598665952682495,2.4000000953674316,2.598665952682495,101415,0.0,0.0,0.0
2021-12-15 00:00:00+02:00,2.598665952682495,2.6653330326080322,2.4000000953674316,2.4626660346984863,213697,0.0,0.0,0.0
2021-12-16 00:00:00+02:00,2.4626660346984863,2.4666659832000732,2.3333330154418945,2.3559999465942383,397260,0.0,0.0,0.0
2021-12-19 00:00:00+02:00,2.3559999465942383,2.4200000762939453,2.2079999446868896,2.240000009536743,341797,0.0,0.0,0.0
2021-12-20 00:00:00+02:00,2.240000009536743,2.240000009536743,2.240000009536743,2.240000009536743,0,0.0,0.0,0.0
2021-12-21 00:00:00+02:00,2.200000047683716,2.5320000648498535,2.173332929611206,2.3346660137176514,687330,0.0,0.0,0.0
2021-12-22 00:00:00+02:00,2.3346660137176514,2.4386661052703857,2.2853329181671143,2.310666084289551,504165,0.0,0.0,0.0
2021-12-23 00:00:00+02:00,2.310666084289551,2.373332977294922,2.2666659355163574,2.2893331050872803,397485,0.0,0.0,0.0
2021-12-26 00:00:00+02:00,2.2893331050872803,2.380000114440918,2.2666659355163574,2.305332899093628,328867,0.0,0.0,0.0
2021-12-27 00:00:00+02:00,2.305332899093628,2.3333330154418945,2.2679998874664307,2.2733330726623535,187372,0.0,0.0,0.0
2021-12-28 00:00:00+02:00,2.2733330726623535,2.319999933242798,2.2133328914642334,2.23866605758667,150577,0.0,0.0,0.0
2021-12-29 00:00:00+02:00,2.23866605758667,2.2760000228881836,2.234666109085083,2.242666006088257,135007,0.0,0.0,0.0
2021-12-30 00:00:00+02:00,2.242666006088257,2.2666659355163574,2.2466659545898438,2.242666006088257,52815,0.0,0.0,0.0
2022-01-02 00:00:00+02:00,2.242666006088257,2.366666078567505,2.2666659355163574,2.3320000171661377,269310,0.0,0.0,0.0
2022-01-03 00:00:00+02:00,2.3320000171661377,2.3826661109924316,2.3146660327911377,2.3493330478668213,232800,0.0,0.0,0.0
2022-01-04 00:00:00+02:00,2.3493330478668213,2.4533329010009766,2.357332944869995,2.414665937423706,398632,0.0,0.0,0.0
2022-01-05 00:00:00+02:00,2.414665937423706,2.4600000381469727,2.3959999084472656,2.4079999923706055,265357,0.0,0.0,0.0
2022-01-09 00:00:00+02:00,2.4079999923706055,2.4079999923706055,2.4079999923706055,2.4079999923706055,0,0.0,0.0,0.0
2022-01-10 00:00:00+02:00,2.4079999923706055,2.3959999084472656,2.3346660137176514,2.3440001010894775,204427,0.0,0.0,0.0
2022-01-11 00:00:00+02:00,2.3440001010894775,2.358665943145752,2.2893331050872803,2.3440001010894775,96735,0.0,0.0,0.0
2022-01-12 00:00:00+02:00,2.3440001010894775,2.3333330154418945,2.2666659355163574,2.3440001010894775,73155,0.0,0.0,0.0
2022-01-13 00:00:00+02:00,2.3440001010894775,2.2666659355163574,2.234666109085083,2.3440001010894775,59227,0.0,0.0,0.0
2022-01-16 00:00:00+02:00,2.3440001010894775,2.299999952316284,2.2133328914642334,2.3440001010894775,100110,0.0,0.0,0.0
2022-01-17 00:00:00+02:00,2.3440001010894775,2.3440001010894775,2.2146658897399902,2.3440001010894775,25680,0.0,0.0,0.0
2022-01-18 00:00:00+02:00,2.3440001010894775,2.3440001010894775,2.2279999256134033,2.3440001010894775,86025,0.0,0.0,0.0
2022-01-19 00:00:00+02:00,2.3440001010894775,2.294666051864624,2.237333059310913,2.2573330402374268,277882,0.0,0.0,0.0
2022-01-20 00:00:00+02:00,2.2573330402374268,2.2733330726623535,2.25333309173584,2.2573330402374268,131100,0.0,0.0,0.0
2022-01-23 00:00:00+02:00,2.2573330402374268,2.2653329372406006,2.135999917984009,2.2573330402374268,94965,0.0,0.0,0.0
2022-01-24 00:00:00+02:00,2.2573330402374268,2.2573330402374268,2.101332902908325,2.2573330402374268,60660,0.0,0.0,0.0
2022-01-25 00:00:00+02:00,2.2573330402374268,2.200000047683716,2.1333329677581787,2.2573330402374268,60757,0.0,0.0,0.0
2022-01-26 00:00:00+02:00,2.2573330402374268,2.2573330402374268,2.1333329677581787,2.2573330402374268,41377,0.0,0.0,0.0
2022-01-30 00:00:00+02:00,2.2573330402374268,2.2573330402374268,2.068000078201294,2.2573330402374268,39517,0.0,0.0,0.0
2022-01-31 00:00:00+02:00,2.2573330402374268,2.2573330402374268,2.069333076477051,2.2573330402374268,118912,0.0,0.0,0.0
2022-02-01 00:00:00+02:00,2.2573330402374268,2.2573330402374268,2.0933330059051514,2.2573330402374268,57352,0.0,0.0,0.0
2022-02-02 00:00:00+02:00,2.2573330402374268,2.2573330402374268,2.1080000400543213,2.2573330402374268,77827,0.0,0.0,0.0
2022-02-03 00:00:00+02:00,2.2573330402374268,2.1600000858306885,2.0826659202575684,2.0880000591278076,236887,0.0,0.0,0.0
2022-02-06 00:00:00+02:00,2.0880000591278076,2.240000009536743,2.0933330059051514,2.1866660118103027,490830,0.0,0.0,0.0
2022-02-07 00:00:00+02:00,2.1866660118103027,2.2200000286102295,2.114665985107422,2.1413331031799316,184927,0.0,0.0,0.0
2022-02-08 00:00:00+02:00,2.1413331031799316,2.180000066757202,2.1080000400543213,2.128000020980835,146962,0.0,0.0,0.0
2022-02-09 00:00:00+02:00,2.128000020980835,2.114665985107422,2.0799999237060547,2.128000020980835,74812,0.0,0.0,0.0
2022-02-10 00:00:00+02:00,2.128000020980835,2.129333019256592,2.0280001163482666,2.128000020980835,30592,0.0,0.0,0.0
2022-02-13 00:00:00+02:00,2.128000020980835,2.111999988555908,1.8146660327911377,2.128000020980835,17805,0.0,0.0,0.0
2022-02-14 00:00:00+02:00,2.128000020980835,1.8760000467300415,1.7026660442352295,1.7093329429626465,832417,0.0,0.0,0.0
2022-02-15 00:00:00+02:00,1.7093329429626465,1.7333329916000366,1.600000023841858,1.6746660470962524,650317,0.0,0.0,0.0
2022-02-16 00:00:00+02:00,1.6746660470962524,1.7066659927368164,1.613332986831665,1.6653330326080322,277725,0.0,0.0,0.0
2022-02-17 00:00:00+02:00,1.6653330326080322,1.7906659841537476,1.656000018119812,1.7506660223007202,1077022,0.0,0.0,0.0
2022-02-20 00:00:00+02:00,1.7506660223007202,1.8253329992294312,1.7333329916000366,1.745332956314087,778222,0.0,0.0,0.0
2022-02-21 00:00:00+02:00,1.745332956314087,1.773332953453064,1.7026660442352295,1.7400000095367432,573712,0.0,0.0,0.0
2022-02-22 00:00:00+02:00,1.7400000095367432,1.745332956314087,1.7039999961853027,1.7400000095367432,136065,0.0,0.0,0.0
2022-02-23 00:00:00+02:00,1.7400000095367432,1.798666000366211,1.7053329944610596,1.7519999742507935,466777,0.0,0.0,0.0
2022-02-24 00:00:00+02:00,1.7519999742507935,1.7000000476837158,1.5479999780654907,1.553333044052124,575580,0.0,0.0,0.0
2022-02-27 00:00:00+02:00,1.553333044052124,1.6533329486846924,1.5933330059051514,1.553333044052124,165067,0.0,0.0,0.0
2022-02-28 00:00:00+02:00,1.553333044052124,1.613332986831665,1.559999942779541,1.5733330249786377,372247,0.0,0.0,0.0
2022-03-01 00:00:00+02:00,1.5733330249786377,1.6399999856948853,1.5866659879684448,1.5933330059051514,1506495,0.0,0.0,0.0
2022-03-02 00:00:00+02:00,1.5933330059051514,1.613332986831665,1.559999942779541,1.5866659879684448,615975,0.0,0.0,0.0
2022-03-03 00:00:00+02:00,1.5866659879684448,1.6399999856948853,1.6026660203933716,1.613332986831665,239700,0.0,0.0,0.0
2022-03-06 00:00:00+02:00,1.613332986831665,1.6399999856948853,1.582666039466858,1.613332986831665,171067,0.0,0.0,0.0
2022-03-07 00:00:00+02:00,1.613332986831665,1.5493329763412476,1.4666659832000732,1.4800000190734863,370327,0.0,0.0,0.0
2022-03-08 00:00:00+02:00,1.4800000190734863,1.4800000190734863,1.4800000190734863,1.4800000190734863,0,0.0,0.0,0.0
2022-03-09 00:00:00+02:00,1.3906660079956055,1.4533330202102661,1.3559999465942383,1.3666659593582153,830295,0.0,0.0,0.0
2022-03-10 00:00:00+02:00,1.3666659593582153,1.3866660594940186,1.3146660327911377,1.322666049003601,762120,0.0,0.0,0.0
2022-03-13 00:00:00+02:00,1.322666049003601,1.397333025932312,1.3200000524520874,1.3746659755706787,1809465,0.0,0.0,0.0
2022-03-14 00:00:00+02:00,1.3746659755706787,1.3893330097198486,1.3746659755706787,1.3893330097198486,1198492,0.0,0.0,0.0
2022-03-15 00:00:00+02:00,1.3893330097198486,1.525333046913147,1.3600000143051147,1.4586659669876099,1126530,0.0,0.0,0.0
2022-03-16 00:00:00+02:00,1.4586659669876099,1.5693329572677612,1.3853329420089722,1.5466660261154175,1491300,0.0,0.0,0.0
2022-03-17 00:00:00+02:00,1.5466660261154175,1.6440000534057617,1.525333046913147,1.6093330383300781,1304760,0.0,0.0,0.0
2022-03-20 00:00:00+02:00,1.6093330383300781,1.8386659622192383,1.6013330221176147,1.801332950592041,1387710,0.0,0.0,0.0
2022-03-21 00:00:00+02:00,1.801332950592041,1.9186660051345825,1.8079999685287476,1.8893330097198486,1242892,0.0,0.0,0.0
2022-03-22 00:00:00+02:00,1.8893330097198486,2.0933330059051514,1.8359999656677246,2.001332998275757,1549042,0.0,0.0,0.0
2022-03-23 00:00:00+02:00,2.001332998275757,2.185333013534546,1.9333330392837524,2.1373329162597656,1537530,0.0,0.0,0.0
2022-03-24 00:00:00+02:00,2.1373329162597656,2.22666597366333,2.0840001106262207,2.0959999561309814,1255590,0.0,0.0,0.0
2022-03-27 00:00:00+02:00,2.0959999561309814,2.22666597366333,2.0266659259796143,2.196000099182129,1385100,0.0,0.0,0.0
2022-03-28 00:00:00+02:00,2.196000099182129,2.3173329830169678,2.0733330249786377,2.1040000915527344,1425405,0.0,0.0,0.0
2022-03-29 00:00:00+02:00,2.1040000915527344,2.2133328914642334,2.0733330249786377,2.1653330326080322,1385145,0.0,0.0,0.0
2022-03-30 00:00:00+02:00,2.1653330326080322,2.245332956314087,2.1480000019073486,2.184000015258789,1213627,0.0,0.0,0.0
2022-03-31 00:00:00+02:00,2.184000015258789,2.2106659412384033,2.102665901184082,2.1613330841064453,438630,0.0,0.0,0.0
2022-04-03 00:00:00+02:00,2.1613330841064453,2.2200000286102295,2.1453330516815186,2.1506659984588623,629572,0.0,0.0,0.0
2022-04-04 00:00:00+02:00,2.1506659984588623,2.22666597366333,2.140000104904175,2.1533329486846924,916575,0.0,0.0,0.0
2022-04-05 00:00:00+02:00,2.1533329486846924,2.1906659603118896,1.9746659994125366,2.0173330307006836,901972,0.0,0.0,0.0
2022-04-06 00:00:00+02:00,2.0173330307006836,2.1519999504089355,1.9359999895095825,2.1080000400543213,1097257,0.0,0.0,0.0
2022-04-07 00:00:00+02:00,2.1080000400543213,2.2119998931884766,2.0399999618530273,2.0786659717559814,841057,0.0,0.0,0.0
2022-04-10 00:00:00+02:00,2.0786659717559814,2.0399999618530273,1.687999963760376,1.7893329858779907,613740,0.0,0.0,0.0
2022-04-11 00:00:00+02:00,1.7893329858779907,1.986665964126587,1.7933330535888672,1.8573329448699951,668872,0.0,0.0,0.0
2022-04-12 00:00:00+02:00,1.8573329448699951,2.059999942779541,1.8666659593582153,2.0093328952789307,479827,0.0,0.0,0.0
2022-04-13 00:00:00+02:00,2.0093328952789307,2.140000104904175,2.0333330631256104,2.1266660690307617,674670,0.0,0.0,0.0
2022-04-14 00:00:00+02:00,2.1266660690307617,2.1333329677581787,2.007999897003174,2.117332935333252,780232,0.0,0.0,0.0
2022-04-17 00:00:00+02:00,2.117332935333252,2.3333330154418945,2.094666004180908,2.184000015258789,1072125,0.0,0.0,0.0
2022-04-18 00:00:00+02:00,2.184000015258789,2.252000093460083,2.1333329677581787,2.135999917984009,237322,0.0,0.0,0.0
2022-04-19 00:00:00+02:00,2.135999917984009,2.2279999256134033,2.101332902908325,2.1413331031799316,228367,0.0,0.0,0.0
2022-04-20 00:00:00+02:00,2.1413331031799316,2.1986660957336426,2.0333330631256104,2.106666088104248,355770,0.0,0.0,0.0
2022-04-21 00:00:00+02:00,2.106666088104248,2.2239999771118164,2.041332960128784,2.187999963760376,1308487,0.0,0.0,0.0
2022-04-26 00:00:00+02:00,2.187999963760376,2.173332929611206,1.8666659593582153,2.052000045776367,424957,0.0,0.0,0.0
2022-04-27 00:00:00+02:00,2.052000045776367,2.0706660747528076,1.9813330173492432,1.9946659803390503,678727,0.0,0.0,0.0
2022-04-28 00:00:00+02:00,1.9946659803390503,2.0439999103546143,1.9479999542236328,1.996000051498413,464272,0.0,0.0,0.0
2022-05-08 00:00:00+02:00,1.996000051498413,2.0333330631256104,1.9693330526351929,1.9800000190734863,365452,0.0,0.0,0.0
2022-05-09 00:00:00+02:00,1.9800000190734863,2.131999969482422,1.9533330202102661,2.054666042327881,1175460,0.0,0.0,0.0
2022-05-10 00:00:00+02:00,2.054666042327881,2.1040000915527344,1.9600000381469727,1.9746659994125366,794317,0.0,0.0,0.0
2022-05-11 00:00:00+02:00,1.9746659994125366,2.052000045776367,1.9746659994125366,2.0053329467773438,1209075,0.0,0.0,0.0
2022-05-12 00:00:00+02:00,2.0053329467773438,2.0066659450531006,1.954666018486023,1.996000051498413,509827,0.0,0.0,0.0
2022-05-15 00:00:00+02:00,1.996000051498413,2.0266659259796143,1.957332968711853,1.9746659994125366,404212,0.0,0.0,0.0
2022-05-16 00:00:00+02:00,1.9746659994125366,1.9746659994125366,1.9333330392837524,1.9746659994125366,140197,0.0,0.0,0.0
2022-05-17 00:00:00+02:00,1.9746659994125366,1.9933329820632935,1.940000057220459,1.9506659507751465,289605,0.0,0.0,0.0
2022-05-18 00:00:00+02:00,1.9506659507751465,1.9613330364227295,1.869333028793335,1.9040000438690186,327270,0.0,0.0,0.0
2022-05-19 00:00:00+02:00,1.9040000438690186,1.9066660404205322,1.8480000495910645,1.8746659755706787,554767,0.0,0.0,0.0
2022-05-22 00:00:00+02:00,1.8746659755706787,1.8986660242080688,1.8333330154418945,1.8600000143051147,248430,0.0,0.0,0.0
2022-05-23 00:00:00+02:00,1.8600000143051147,1.9800000190734863,1.8919999599456787,1.9373329877853394,934845,0.0,0.0,0.0
2022-05-24 00:00:00+02:00,1.9373329877853394,2.0320000648498535,1.940000057220459,2.01200008392334,2377987,0.0,0.0,0.0
2022-05-25 00:00:00+02:00,2.01200008392334,2.0066659450531006,1.7359999418258667,1.7906659841537476,1916737,0.0,0.0,0.0
2022-05-26 00:00:00+02:00,1.7906659841537476,1.8426660299301147,1.7599999904632568,1.826665997505188,698250,0.0,0.0,0.0
2022-05-29 00:00:00+02:00,1.826665997505188,1.8533329963684082,1.7613329887390137,1.826665997505188,149625,0.0,0.0,0.0
2022-05-30 00:00:00+02:00,1.826665997505188,1.925333023071289,1.826665997505188,1.8853329420089722,977917,0.0,0.0,0.0
2022-05-31 00:00:00+02:00,1.8853329420089722,1.9479999542236328,1.8866660594940186,1.9279999732971191,486105,0.0,0.0,0.0
2022-06-01 00:00:00+02:00,1.9279999732971191,1.9373329877853394,1.843999981880188,1.8600000143051147,223425,0.0,0.0,0.0
2022-06-02 00:00:00+02:00,1.8600000143051147,1.899999976158142,1.8533329963684082,1.8600000143051147,130815,0.0,0.0,0.0
2022-06-05 00:00:00+02:00,1.8600000143051147,1.8600000143051147,1.8600000143051147,1.8600000143051147,0,0.0,0.0,0.0
2022-06-06 00:00:00+02:00,1.8600000143051147,1.899999976158142,1.8480000495910645,1.8600000143051147,30300,0.0,0.0,0.0
2022-06-07 00:00:00+02:00,1.8600000143051147,1.9066660404205322,1.8493330478668213,1.8600000143051147,134512,0.0,0.0,0.0
2022-06-08 00:00:00+02:00,1.8600000143051147,1.9693330526351929,1.8666659593582153,1.944000005722046,356527,0.0,0.0,0.0
2022-06-09 00:00:00+02:00,1.944000005722046,2.0,1.9466660022735596,1.9506659507751465,512692,0.0,0.0,0.0
2022-06-12 00:00:00+02:00,1.9506659507751465,1.9279999732971191,1.8933329582214355,1.901332974433899,179325,0.0,0.0,0.0
2022-06-13 00:00:00+02:00,1.901332974433899,1.901332974433899,1.8466659784317017,1.901332974433899,144172,0.0,0.0,0.0
2022-06-14 00:00:00+02:00,1.901332974433899,1.9066660404205322,1.840000033378601,1.8733329772949219,286425,0.0,0.0,0.0
2022-06-15 00:00:00+02:00,1.8733329772949219,1.9333330392837524,1.8733329772949219,1.8773330450057983,214320,0.0,0.0,0.0
2022-06-16 00:00:00+02:00,1.8773330450057983,1.8799999952316284,1.8279999494552612,1.8466659784317017,302865,0.0,0.0,0.0
2022-06-19 00:00:00+02:00,1.8466659784317017,1.8626660108566284,1.7626659870147705,1.7760000228881836,256867,0.0,0.0,0.0
2022-06-20 00:00:00+02:00,1.7760000228881836,1.7866660356521606,1.7053329944610596,1.7173329591751099,325057,0.0,0.0,0.0
2022-06-21 00:00:00+02:00,1.7173329591751099,1.7773330211639404,1.7173329591751099,1.7173329591751099,88537,0.0,0.0,0.0
2022-06-22 00:00:00+02:00,1.7173329591751099,1.7586660385131836,1.666666030883789,1.7173329591751099,117645,0.0,0.0,0.0
2022-06-23 00:00:00+02:00,1.7173329591751099,1.7306660413742065,1.6533329486846924,1.7000000476837158,214837,0.0,0.0,0.0
2022-06-26 00:00:00+02:00,1.7000000476837158,1.7333329916000366,1.6466660499572754,1.7000000476837158,101122,0.0,0.0,0.0
2022-06-27 00:00:00+02:00,1.7000000476837158,1.7000000476837158,1.628000020980835,1.7000000476837158,92122,0.0,0.0,0.0
2022-06-28 00:00:00+02:00,1.7000000476837158,1.7000000476837158,1.5333329439163208,1.7000000476837158,188310,0.0,0.0,0.0
2022-06-29 00:00:00+02:00,1.7000000476837158,1.7000000476837158,1.486665964126587,1.7000000476837158,179895,0.0,0.0,0.0
2022-07-03 00:00:00+02:00,1.7000000476837158,1.7000000476837158,1.4693330526351929,1.7000000476837158,110175,0.0,0.0,0.0
2022-07-04 00:00:00+02:00,1.7000000476837158,1.7000000476837158,1.4919999837875366,1.7000000476837158,158062,0.0,0.0,0.0
2022-07-05 00:00:00+02:00,1.7000000476837158,1.600000023841858,1.4933329820632935,1.5479999780654907,1065675,0.0,0.0,0.0
2022-07-06 00:00:00+02:00,1.5479999780654907,1.557332992553711,1.5066659450531006,1.5479999780654907,297577,0.0,0.0,0.0
2022-07-07 00:00:00+02:00,1.5479999780654907,1.5800000429153442,1.5466660261154175,1.5520000457763672,527025,0.0,0.0,0.0
2022-07-17 00:00:00+02:00,1.5520000457763672,1.5586659908294678,1.503999948501587,1.5520000457763672,127890,0.0,0.0,0.0
2022-07-18 00:00:00+02:00,1.5520000457763672,1.6333329677581787,1.5360000133514404,1.5946660041809082,365805,0.0,0.0,0.0
2022-07-19 00:00:00+02:00,1.5946660041809082,1.7000000476837158,1.5866659879684448,1.6720000505447388,662940,0.0,0.0,0.0
2022-07-20 00:00:00+02:00,1.6720000505447388,1.7120000123977661,1.6493330001831055,1.6533329486846924,730297,0.0,0.0,0.0
2022-07-21 00:00:00+02:00,1.6533329486846924,1.6893329620361328,1.6506659984588623,1.6653330326080322,316440,0.0,0.0,0.0
2022-07-24 00:00:00+02:00,1.6653330326080322,1.7173329591751099,1.6679999828338623,1.6773329973220825,465937,0.0,0.0,0.0
2022-07-25 00:00:00+02:00,1.6773329973220825,1.684000015258789,1.6453330516815186,1.6573330163955688,262357,0.0,0.0,0.0
2022-07-26 00:00:00+02:00,1.6573330163955688,1.7573330402374268,1.6493330001831055,1.698665976524353,1188262,0.0,0.0,0.0
2022-07-27 00:00:00+02:00,1.698665976524353,1.773332953453064,1.6799999475479126,1.7106659412384033,2471467,0.0,0.0,0.0
2022-07-28 00:00:00+02:00,1.7106659412384033,1.7906659841537476,1.7319999933242798,1.7719999551773071,1915252,0.0,0.0,0.0
2022-07-31 00:00:00+02:00,1.7719999551773071,1.8866660594940186,1.7999999523162842,1.8493330478668213,1856925,0.0,0.0,0.0
2022-08-01 00:00:00+02:00,1.8493330478668213,1.8919999599456787,1.7893329858779907,1.801332950592041,1650090,0.0,0.0,0.0
2022-08-02 00:00:00+02:00,1.801332950592041,1.8613330125808716,1.7866660356521606,1.8480000495910645,753847,0.0,0.0,0.0
2022-08-03 00:00:00+02:00,1.8480000495910645,1.8933329582214355,1.8320000171661377,1.8613330125808716,1022932,0.0,0.0,0.0
2022-08-04 00:00:00+02:00,1.8613330125808716,1.940000057220459,1.8533329963684082,1.9306659698486328,1654485,0.0,0.0,0.0
2022-08-07 00:00:00+02:00,1.9306659698486328,2.0586659908294678,1.9333330392837524,1.9933329820632935,2420842,0.0,0.0,0.0
2022-08-08 00:00:00+02:00,1.9933329820632935,2.0480000972747803,1.9199999570846558,1.9666659832000732,2000175,0.0,0.0,0.0
2022-08-09 00:00:00+02:00,1.9666659832000732,2.0666658878326416,1.9506659507751465,1.9653329849243164,1464892,0.0,0.0,0.0
2022-08-10 00:00:00+02:00,1.9653329849243164,1.986665964126587,1.8680000305175781,1.9146660566329956,759570,0.0,0.0,0.0
2022-08-11 00:00:00+02:00,1.9146660566329956,1.9466660022735596,1.8746659755706787,1.9240000247955322,816187,0.0,0.0,0.0
2022-08-14 00:00:00+02:00,1.9240000247955322,2.0266659259796143,1.940000057220459,1.9893330335617065,1077517,0.0,0.0,0.0
2022-08-15 00:00:00+02:00,1.9893330335617065,2.053333044052124,1.9613330364227295,1.9706660509109497,983422,0.0,0.0,0.0
2022-08-16 00:00:00+02:00,1.9706660509109497,2.050666093826294,1.968000054359436,1.9813330173492432,867180,0.0,0.0,0.0
2022-08-17 00:00:00+02:00,1.9813330173492432,2.0,1.9466660022735596,1.9653329849243164,558082,0.0,0.0,0.0
2022-08-18 00:00:00+02:00,1.9653329849243164,1.9653329849243164,1.9653329849243164,1.9653329849243164,0,0.0,0.0,0.0
2022-08-21 00:00:00+02:00,1.98533296585083,2.0933330059051514,1.9933329820632935,2.0306661128997803,1997475,0.0,0.0,0.0
2022-08-22 00:00:00+02:00,2.0306661128997803,2.106666088104248,2.0146660804748535,2.0226659774780273,1052692,0.0,0.0,0.0
2022-08-23 00:00:00+02:00,2.0226659774780273,2.0226659774780273,2.0226659774780273,2.0226659774780273,0,0.0,0.0,0.0
2022-08-24 00:00:00+02:00,1.9666659832000732,2.0266659259796143,1.954666018486023,1.957332968711853,487972,0.0,0.0,0.0
2022-08-25 00:00:00+02:00,1.957332968711853,1.9906660318374634,1.9493329524993896,1.9600000381469727,409200,0.0,0.0,0.0
2022-08-28 00:00:00+02:00,1.9600000381469727,1.9600000381469727,1.9333330392837524,1.9359999895095825,271095,0.0,0.0,0.0
2022-08-29 00:00:00+02:00,1.9359999895095825,1.9466660022735596,1.8426660299301147,1.8559999465942383,469522,0.0,0.0,0.0
2022-08-30 00:00:00+02:00,1.8559999465942383,1.9186660051345825,1.8680000305175781,1.9026659727096558,257617,0.0,0.0,0.0
2022-08-31 00:00:00+02:00,1.9026659727096558,1.9133330583572388,1.8386659622192383,1.8426660299301147,230572,0.0,0.0,0.0
2022-09-01 00:00:00+02:00,1.8426660299301147,1.899999976158142,1.8133330345153809,1.8426660299301147,144442,0.0,0.0,0.0
2022-09-04 00:00:00+02:00,1.8426660299301147,1.8240000009536743,1.7426660060882568,1.8146660327911377,360427,0.0,0.0,0.0
2022-09-05 00:00:00+02:00,1.8146660327911377,1.8666659593582153,1.8146660327911377,1.830665946006775,196192,0.0,0.0,0.0
2022-09-06 00:00:00+02:00,1.830665946006775,1.9333330392837524,1.8653329610824585,1.8799999952316284,458227,0.0,0.0,0.0
2022-09-07 00:00:00+02:00,1.8799999952316284,1.9320000410079956,1.8373329639434814,1.8480000495910645,208290,0.0,0.0,0.0
2022-09-08 00:00:00+02:00,1.8480000495910645,1.8933329582214355,1.8333330154418945,1.8519999980926514,233032,0.0,0.0,0.0
2022-09-11 00:00:00+02:00,1.8519999980926514,1.926666021347046,1.8666659593582153,1.8746659755706787,553470,0.0,0.0,0.0
2022-09-12 00:00:00+02:00,1.8746659755706787,1.8746659755706787,1.8506660461425781,1.8559999465942383,227872,0.0,0.0,0.0
2022-09-13 00:00:00+02:00,1.8559999465942383,1.9160000085830688,1.8559999465942383,1.8680000305175781,1221495,0.0,0.0,0.0
2022-09-14 00:00:00+02:00,1.8680000305175781,1.882665991783142,1.826665997505188,1.8426660299301147,520777,0.0,0.0,0.0
2022-09-15 00:00:00+02:00,1.8426660299301147,1.8666659593582153,1.8426660299301147,1.8426660299301147,116647,0.0,0.0,0.0
2022-09-18 00:00:00+02:00,1.8426660299301147,1.8493330478668213,1.6013330221176147,1.6946660280227661,371812,0.0,0.0,0.0
2022-09-19 00:00:00+02:00,1.6946660280227661,1.7186659574508667,1.5333329439163208,1.6946660280227661,65220,0.0,0.0,0.0
2022-09-20 00:00:00+02:00,1.6946660280227661,1.7319999933242798,1.6293330192565918,1.6946660280227661,133170,0.0,0.0,0.0
2022-09-21 00:00:00+02:00,1.6946660280227661,1.773332953453064,1.6399999856948853,1.6946660280227661,174675,0.0,0.0,0.0
2022-09-22 00:00:00+02:00,1.6946660280227661,1.769333004951477,1.666666030883789,1.7213330268859863,258982,0.0,0.0,0.0
2022-09-25 00:00:00+02:00,1.7213330268859863,1.7319999933242798,1.666666030883789,1.7213330268859863,171735,0.0,0.0,0.0
2022-09-26 00:00:00+02:00,1.7213330268859863,1.7506660223007202,1.6733330488204956,1.7039999961853027,175260,0.0,0.0,0.0
2022-09-27 00:00:00+02:00,1.7039999961853027,1.7960000038146973,1.7226660251617432,1.7039999961853027,153750,0.0,0.0,0.0
2022-09-28 00:00:00+02:00,1.7039999961853027,1.7466659545898438,1.6973329782485962,1.7146660089492798,293685,0.0,0.0,0.0
2022-09-29 00:00:00+02:00,1.7146660089492798,1.7333329916000366,1.6959999799728394,1.7066659927368164,217500,0.0,0.0,0.0
2022-10-02 00:00:00+02:00,1.7066659927368164,1.7333329916000366,1.7173329591751099,1.7066659927368164,24000,0.0,0.0,0.0
2022-10-03 00:00:00+02:00,1.7066659927368164,1.6959999799728394,1.6160000562667847,1.7066659927368164,51187,0.0,0.0,0.0
2022-10-04 00:00:00+02:00,1.7066659927368164,1.7613329887390137,1.666666030883789,1.7293330430984497,532770,0.0,0.0,0.0
2022-10-05 00:00:00+02:00,1.7293330430984497,1.794666051864624,1.7066659927368164,1.713333010673523,349132,0.0,0.0,0.0
2022-10-09 00:00:00+02:00,1.713333010673523,1.7200000286102295,1.656000018119812,1.713333010673523,154387,0.0,0.0,0.0
2022-10-10 00:00:00+02:00,1.713333010673523,1.713333010673523,1.6573330163955688,1.713333010673523,100635,0.0,0.0,0.0
2022-10-11 00:00:00+02:00,1.713333010673523,1.6799999475479126,1.6333329677581787,1.713333010673523,121410,0.0,0.0,0.0
2022-10-12 00:00:00+02:00,1.713333010673523,1.6866660118103027,1.6213330030441284,1.6226660013198853,347145,0.0,0.0,0.0
2022-10-13 00:00:00+02:00,1.6226660013198853,1.6626659631729126,1.6146659851074219,1.6319999694824219,307837,0.0,0.0,0.0
2022-10-16 00:00:00+02:00,1.6319999694824219,1.7200000286102295,1.6306660175323486,1.666666030883789,267765,0.0,0.0,0.0
2022-10-17 00:00:00+02:00,1.666666030883789,1.7066659927368164,1.641332983970642,1.6626659631729126,320775,0.0,0.0,0.0
2022-10-18 00:00:00+02:00,1.6626659631729126,1.7066659927368164,1.6506659984588623,1.6679999828338623,423090,0.0,0.0,0.0
2022-10-19 00:00:00+02:00,1.6679999828338623,2.001332998275757,1.642665982246399,2.001332998275757,4101120,0.0,0.0,0.0
2022-10-20 00:00:00+02:00,2.001332998275757,2.1333329677581787,1.9333330392837524,1.9359999895095825,1856677,0.0,0.0,0.0
2022-10-23 00:00:00+02:00,1.9359999895095825,2.01200008392334,1.899999976158142,1.9040000438690186,714217,0.0,0.0,0.0
2022-10-24 00:00:00+02:00,1.9040000438690186,1.98533296585083,1.9146660566329956,1.9199999570846558,355815,0.0,0.0,0.0
2022-10-25 00:00:00+02:00,1.9199999570846558,1.9386659860610962,1.840000033378601,1.9173330068588257,356700,0.0,0.0,0.0
2022-10-26 00:00:00+02:00,1.9173330068588257,1.9173330068588257,1.9173330068588257,1.9173330068588257,0,0.0,0.0,0.0
2022-10-27 00:00:00+02:00,1.8933329582214355,1.968000054359436,1.8746659755706787,1.901332974433899,692272,0.0,0.0,0.0
2022-10-30 00:00:00+02:00,1.901332974433899,2.191999912261963,1.8960000276565552,2.1559998989105225,5387152,0.0,0.0,0.0
2022-10-31 00:00:00+02:00,2.1559998989105225,2.2213330268859863,2.0146660804748535,2.0706660747528076,2098072,0.0,0.0,0.0
2022-11-01 00:00:00+02:00,2.0706660747528076,2.128000020980835,2.0,2.0306661128997803,1350427,0.0,0.0,0.0
2022-11-02 00:00:00+02:00,2.0306661128997803,2.049333095550537,1.9479999542236328,1.9559999704360962,716130,0.0,0.0,0.0
2022-11-03 00:00:00+02:00,1.9559999704360962,2.0399999618530273,1.9666659832000732,1.9986660480499268,984645,0.0,0.0,0.0
2022-11-06 00:00:00+02:00,1.9986660480499268,2.185333013534546,2.01200008392334,2.0853331089019775,983220,0.0,0.0,0.0
2022-11-07 00:00:00+02:00,2.0853331089019775,2.2799999713897705,2.0920000076293945,2.1973330974578857,2764995,0.0,0.0,0.0
2022-11-08 00:00:00+02:00,2.1973330974578857,2.3746659755706787,2.173332929611206,2.3146660327911377,4074135,0.0,0.0,0.0
2022-11-09 00:00:00+02:00,2.3146660327911377,2.4000000953674316,2.22933292388916,2.286665916442871,1928805,0.0,0.0,0.0
2022-11-10 00:00:00+02:00,2.286665916442871,2.3906660079956055,2.2799999713897705,2.312000036239624,1023240,0.0,0.0,0.0
2022-11-13 00:00:00+02:00,2.312000036239624,2.4386661052703857,2.286665916442871,2.410665988922119,1749202,0.0,0.0,0.0
2022-11-14 00:00:00+02:00,2.410665988922119,2.4533329010009766,2.319999933242798,2.353332996368408,1717410,0.0,0.0,0.0
2022-11-15 00:00:00+02:00,2.353332996368408,2.359999895095825,2.22666597366333,2.2573330402374268,522817,0.0,0.0,0.0
2022-11-16 00:00:00+02:00,2.2573330402374268,2.3173329830169678,2.22933292388916,2.2853329181671143,510712,0.0,0.0,0.0
2022-11-17 00:00:00+02:00,2.2853329181671143,2.3853330612182617,2.259999990463257,2.2773330211639404,618967,0.0,0.0,0.0
2022-11-20 00:00:00+02:00,2.2773330211639404,2.359999895095825,2.2360000610351562,2.245332956314087,664492,0.0,0.0,0.0
2022-11-21 00:00:00+02:00,2.245332956314087,2.2653329372406006,2.178666114807129,2.1933329105377197,334515,0.0,0.0,0.0
2022-11-22 00:00:00+02:00,2.1933329105377197,2.2639999389648438,2.173332929611206,2.2466659545898438,793657,0.0,0.0,0.0
2022-11-23 00:00:00+02:00,2.2466659545898438,2.297333002090454,2.2026660442352295,2.2173330783843994,610027,0.0,0.0,0.0
2022-11-24 00:00:00+02:00,2.2173330783843994,2.2466659545898438,2.200000047683716,2.2106659412384033,360997,0.0,0.0,0.0
2022-11-27 00:00:00+02:00,2.2106659412384033,2.2639999389648438,2.1946659088134766,2.2053329944610596,483382,0.0,0.0,0.0
2022-11-28 00:00:00+02:00,2.2053329944610596,2.249332904815674,2.200000047683716,2.2279999256134033,831532,0.0,0.0,0.0
2022-11-29 00:00:00+02:00,2.2279999256134033,2.3519999980926514,2.2133328914642334,2.3306660652160645,1636897,0.0,0.0,0.0
2022-11-30 00:00:00+02:00,2.3306660652160645,2.384000062942505,2.2666659355163574,2.2893331050872803,947625,0.0,0.0,0.0
2022-12-01 00:00:00+02:00,2.2893331050872803,2.6333329677581787,2.2760000228881836,2.5626659393310547,2637525,0.0,0.0,0.0
2022-12-04 00:00:00+02:00,2.5626659393310547,2.666666030883789,2.5066659450531006,2.6333329677581787,1629967,0.0,0.0,0.0
2022-12-05 00:00:00+02:00,2.6333329677581787,2.7066659927368164,2.5333330631256104,2.6266660690307617,1379820,0.0,0.0,0.0
2022-12-06 00:00:00+02:00,2.6266660690307617,2.759999990463257,2.5933330059051514,2.6946659088134766,747795,0.0,0.0,0.0
2022-12-07 00:00:00+02:00,2.6946659088134766,2.8493330478668213,2.601332902908325,2.684000015258789,1818465,0.0,0.0,0.0
2022-12-08 00:00:00+02:00,2.684000015258789,2.794666051864624,2.654665946960449,2.7360000610351562,1746922,0.0,0.0,0.0
2022-12-11 00:00:00+02:00,2.7360000610351562,2.880000114440918,2.6533329486846924,2.7026660442352295,1591897,0.0,0.0,0.0
2022-12-12 00:00:00+02:00,2.7026660442352295,2.666666030883789,2.559999942779541,2.7026660442352295,94942,0.0,0.0,0.0
2022-12-13 00:00:00+02:00,2.7026660442352295,2.700000047683716,2.559999942779541,2.5773329734802246,1109595,0.0,0.0,0.0
2022-12-14 00:00:00+02:00,2.5773329734802246,2.5973329544067383,2.4666659832000732,2.501332998275757,1699432,0.0,0.0,0.0
2022-12-15 00:00:00+02:00,2.501332998275757,2.5320000648498535,2.4533329010009766,2.4546658992767334,200107,0.0,0.0,0.0
2022-12-18 00:00:00+02:00,2.4546658992767334,2.5893330574035645,2.3746659755706787,2.3986659049987793,374842,0.0,0.0,0.0
2022-12-19 00:00:00+02:00,2.3986659049987793,2.4000000953674316,2.2799999713897705,2.303999900817871,332430,0.0,0.0,0.0
2022-12-20 00:00:00+02:00,2.303999900817871,2.4119999408721924,2.305332899093628,2.3440001010894775,263422,0.0,0.0,0.0
2022-12-21 00:00:00+02:00,2.3440001010894775,2.4533329010009766,2.293333053588867,2.297333002090454,370807,0.0,0.0,0.0
2022-12-22 00:00:00+02:00,2.297333002090454,2.426666021347046,2.2679998874664307,2.2706658840179443,317212,0.0,0.0,0.0
2022-12-25 00:00:00+02:00,2.2706658840179443,2.2666659355163574,2.200000047683716,2.2706658840179443,130972,0.0,0.0,0.0
2022-12-26 00:00:00+02:00,2.2706658840179443,2.303999900817871,2.200000047683716,2.259999990463257,276982,0.0,0.0,0.0
2022-12-27 00:00:00+02:00,2.259999990463257,2.3066658973693848,2.2546660900115967,2.2893331050872803,276930,0.0,0.0,0.0
2022-12-28 00:00:00+02:00,2.2893331050872803,2.3066658973693848,2.245332956314087,2.2893331050872803,74385,0.0,0.0,0.0
2022-12-29 00:00:00+02:00,2.2893331050872803,2.346666097640991,2.259999990463257,2.2760000228881836,577305,0.0,0.0,0.0
2023-01-02 00:00:00+02:00,2.2760000228881836,2.3320000171661377,2.2666659355163574,2.312000036239624,351585,0.0,0.0,0.0
2023-01-03 00:00:00+02:00,2.312000036239624,2.4466660022735596,2.3066658973693848,2.3853330612182617,622552,0.0,0.0,0.0
2023-01-04 00:00:00+02:00,2.3853330612182617,2.429332971572876,2.313333034515381,2.3786659240722656,570862,0.0,0.0,0.0
2023-01-05 00:00:00+02:00,2.3786659240722656,2.4000000953674316,2.308000087738037,2.3253331184387207,354982,0.0,0.0,0.0
2023-01-09 00:00:00+02:00,2.3253331184387207,2.362665891647339,2.2813329696655273,2.3146660327911377,317415,0.0,0.0,0.0
2023-01-10 00:00:00+02:00,2.3146660327911377,2.3320000171661377,2.1440000534057617,2.222666025161743,164355,0.0,0.0,0.0
2023-01-11 00:00:00+02:00,2.222666025161743,2.3266661167144775,2.0093328952789307,2.222666025161743,267135,0.0,0.0,0.0
2023-01-12 00:00:00+02:00,2.222666025161743,2.2666659355163574,2.1333329677581787,2.222666025161743,135390,0.0,0.0,0.0
2023-01-15 00:00:00+02:00,2.222666025161743,2.2666659355163574,2.182666063308716,2.1866660118103027,145350,0.0,0.0,0.0
2023-01-16 00:00:00+02:00,2.1866660118103027,2.25333309173584,2.1600000858306885,2.196000099182129,209985,0.0,0.0,0.0
2023-01-17 00:00:00+02:00,2.196000099182129,2.4240000247955322,2.249332904815674,2.3893330097198486,1115325,0.0,0.0,0.0
2023-01-18 00:00:00+02:00,2.3893330097198486,2.7186660766601562,2.5066659450531006,2.6426661014556885,2879595,0.0,0.0,0.0
2023-01-19 00:00:00+02:00,2.6426661014556885,2.8266661167144775,2.619999885559082,2.6640000343322754,802440,0.0,0.0,0.0
2023-01-22 00:00:00+02:00,2.6640000343322754,2.9666659832000732,2.730665922164917,2.8253331184387207,1059307,0.0,0.0,0.0
2023-01-23 00:00:00+02:00,2.8253331184387207,2.926666021347046,2.635999917984009,2.6493330001831055,788662,0.0,0.0,0.0
2023-01-24 00:00:00+02:00,2.6493330001831055,2.7733330726623535,2.433332920074463,2.4800000190734863,1277062,0.0,0.0,0.0
2023-01-25 00:00:00+02:00,2.4800000190734863,2.4800000190734863,2.3906660079956055,2.4066660404205322,1022415,0.0,0.0,0.0
2023-01-29 00:00:00+02:00,2.4066660404205322,2.4119999408721924,2.2799999713897705,2.3253331184387207,1002697,0.0,0.0,0.0
2023-01-30 00:00:00+02:00,2.3253331184387207,2.3866660594940186,2.2173330783843994,2.242666006088257,1180732,0.0,0.0,0.0
2023-01-31 00:00:00+02:00,2.242666006088257,2.4013330936431885,2.22933292388916,2.2746660709381104,749505,0.0,0.0,0.0
2023-02-01 00:00:00+02:00,2.2746660709381104,2.3306660652160645,2.2413330078125,2.259999990463257,272422,0.0,0.0,0.0
2023-02-02 00:00:00+02:00,2.259999990463257,2.3320000171661377,2.106666088104248,2.1306660175323486,406582,0.0,0.0,0.0
2023-02-05 00:00:00+02:00,2.1306660175323486,2.173332929611206,1.9359999895095825,1.9933329820632935,480607,0.0,0.0,0.0
2023-02-06 00:00:00+02:00,1.9933329820632935,2.1600000858306885,2.0,2.0880000591278076,499125,0.0,0.0,0.0
2023-02-07 00:00:00+02:00,2.0880000591278076,2.200000047683716,2.072000026702881,2.1600000858306885,238440,0.0,0.0,0.0
2023-02-08 00:00:00+02:00,2.1600000858306885,2.302665948867798,2.0786659717559814,2.259999990463257,727650,0.0,0.0,0.0
2023-02-09 00:00:00+02:00,2.259999990463257,2.5066659450531006,2.2666659355163574,2.5066659450531006,4295347,0.0,0.0,0.0
2023-02-12 00:00:00+02:00,2.5066659450531006,3.007999897003174,2.5066659450531006,2.9066660404205322,2700802,0.0,0.0,0.0
2023-02-13 00:00:00+02:00,2.9066660404205322,2.9733328819274902,2.7200000286102295,2.7666659355163574,1743315,0.0,0.0,0.0
2023-02-14 00:00:00+02:00,2.7666659355163574,2.858665943145752,2.7160000801086426,2.7960000038146973,1137660,0.0,0.0,0.0
2023-02-15 00:00:00+02:00,2.7960000038146973,3.131999969482422,2.866666078567505,3.0333330631256104,2856600,0.0,0.0,0.0
2023-02-16 00:00:00+02:00,3.0333330631256104,3.1306660175323486,2.933332920074463,2.992000102996826,1351867,0.0,0.0,0.0
2023-02-19 00:00:00+02:00,2.992000102996826,3.290666103363037,3.0399999618530273,3.166666030883789,1787122,0.0,0.0,0.0
2023-02-20 00:00:00+02:00,3.166666030883789,3.3320000171661377,3.0280001163482666,3.0480000972747803,1095217,0.0,0.0,0.0
2023-02-21 00:00:00+02:00,3.0480000972747803,3.0933330059051514,2.937333106994629,2.9466660022735596,1327087,0.0,0.0,0.0
2023-02-22 00:00:00+02:00,2.9466660022735596,3.0666658878326416,2.846666097640991,2.864000082015991,746085,0.0,0.0,0.0
2023-02-23 00:00:00+02:00,2.864000082015991,3.0133330821990967,2.8453330993652344,2.974666118621826,1104277,0.0,0.0,0.0
2023-02-26 00:00:00+02:00,2.974666118621826,3.1653330326080322,2.986665964126587,3.0920000076293945,1282020,0.0,0.0,0.0
2023-02-27 00:00:00+02:00,3.0920000076293945,3.129333019256592,3.0106658935546875,3.0280001163482666,488347,0.0,0.0,0.0
2023-02-28 00:00:00+02:00,3.0280001163482666,3.0933330059051514,3.0146660804748535,3.057332992553711,567022,0.0,0.0,0.0
2023-03-01 00:00:00+02:00,3.057332992553711,3.240000009536743,3.0666658878326416,3.1226658821105957,2201235,0.0,0.0,0.0
2023-03-02 00:00:00+02:00,3.1226658821105957,3.2093329429626465,3.0666658878326416,3.128000020980835,588397,0.0,0.0,0.0
2023-03-05 00:00:00+02:00,3.128000020980835,3.259999990463257,3.0666658878326416,3.2186660766601562,1754347,0.0,0.0,0.0
2023-03-06 00:00:00+02:00,3.2186660766601562,3.559999942779541,3.25333309173584,3.4679999351501465,3097387,0.0,0.0,0.0
2023-03-07 00:00:00+02:00,3.4679999351501465,3.5333330631256104,3.245332956314087,3.2573330402374268,1434645,0.0,0.0,0.0
2023-03-08 00:00:00+02:00,3.2573330402374268,3.5999999046325684,3.2173330783843994,3.554666042327881,4104757,0.0,0.0,0.0
2023-03-09 00:00:00+02:00,3.554666042327881,3.6266660690307617,3.4000000953674316,3.4800000190734863,1875727,0.0,0.0,0.0
2023-03-12 00:00:00+02:00,3.4800000190734863,3.4653329849243164,3.319999933242798,3.3413329124450684,1208317,0.0,0.0,0.0
2023-03-13 00:00:00+02:00,3.3413329124450684,3.431999921798706,3.0173330307006836,3.063999891281128,1034407,0.0,0.0,0.0
2023-03-14 00:00:00+02:00,3.063999891281128,3.3066658973693848,2.947999954223633,3.3066658973693848,1460302,0.0,0.0,0.0
2023-03-15 00:00:00+02:00,3.3066658973693848,3.3866660594940186,2.6466660499572754,2.8480000495910645,1925790,0.0,0.0,0.0
2023-03-16 00:00:00+02:00,2.8480000495910645,2.933332920074463,2.429332971572876,2.869333028793335,1545270,0.0,0.0,0.0
2023-03-19 00:00:00+02:00,2.869333028793335,2.930665969848633,2.7066659927368164,2.8986659049987793,1213207,0.0,0.0,0.0
2023-03-20 00:00:00+02:00,2.8986659049987793,3.1986660957336426,2.866666078567505,3.1226658821105957,1629682,0.0,0.0,0.0
2023-03-21 00:00:00+02:00,3.1226658821105957,3.366666078567505,3.1466660499572754,3.3186659812927246,1825380,0.0,0.0,0.0
2023-03-22 00:00:00+02:00,3.3186659812927246,3.4000000953674316,3.1333329677581787,3.170665979385376,1889272,0.0,0.0,0.0
2023-03-23 00:00:00+02:00,3.170665979385376,3.3333330154418945,3.1226658821105957,3.2733330726623535,1706715,0.0,0.0,0.0
2023-03-26 00:00:00+02:00,3.2733330726623535,3.3519999980926514,3.233333110809326,3.2679998874664307,870412,0.0,0.0,0.0
2023-03-27 00:00:00+02:00,3.2679998874664307,3.3186659812927246,3.0999999046325684,3.1506659984588623,439710,0.0,0.0,0.0
2023-03-28 00:00:00+02:00,3.1506659984588623,3.22666597366333,3.0199999809265137,3.1373329162597656,548167,0.0,0.0,0.0
2023-03-29 00:00:00+02:00,3.1373329162597656,3.298666000366211,3.1679999828338623,3.2546660900115967,1171477,0.0,0.0,0.0
2023-03-30 00:00:00+02:00,3.2546660900115967,3.3266661167144775,3.1333329677581787,3.162666082382202,702360,0.0,0.0,0.0
2023-04-02 00:00:00+02:00,3.162666082382202,3.1933329105377197,3.0866661071777344,3.154665946960449,849150,0.0,0.0,0.0
2023-04-03 00:00:00+02:00,3.154665946960449,3.259999990463257,3.1559998989105225,3.233333110809326,1055790,0.0,0.0,0.0
2023-04-04 00:00:00+02:00,3.233333110809326,3.358665943145752,3.249332904815674,3.2880001068115234,993675,0.0,0.0,0.0
2023-04-05 00:00:00+02:00,3.2880001068115234,3.3320000171661377,3.0999999046325684,3.1440000534057617,573172,0.0,0.0,0.0
2023-04-06 00:00:00+02:00,3.1440000534057617,3.2186660766601562,3.0799999237060547,3.0959999561309814,495450,0.0,0.0,0.0
2023-04-09 00:00:00+02:00,3.0959999561309814,3.200000047683716,3.068000078201294,3.0813329219818115,547732,0.0,0.0,0.0
2023-04-10 00:00:00+02:00,3.0813329219818115,3.173332929611206,3.0480000972747803,3.0866661071777344,1138125,0.0,0.0,0.0
2023-04-11 00:00:00+02:00,3.0866661071777344,3.158665895462036,3.054666042327881,3.072000026702881,629880,0.0,0.0,0.0
2023-04-12 00:00:00+02:00,3.072000026702881,3.140000104904175,3.0706660747528076,3.0826659202575684,285675,0.0,0.0,0.0
2023-04-13 00:00:00+02:00,3.0826659202575684,3.2253329753875732,3.0813329219818115,3.0959999561309814,1201620,0.0,0.0,0.0
2023-04-18 00:00:00+02:00,3.0959999561309814,3.170665979385376,3.0026659965515137,3.054666042327881,664177,0.0,0.0,0.0
2023-04-19 00:00:00+02:00,3.054666042327881,3.0666658878326416,3.0,3.0146660804748535,570000,0.0,0.0,0.0
2023-04-26 00:00:00+02:00,3.0146660804748535,3.110666036605835,2.9733328819274902,2.986665964126587,241477,0.0,0.0,0.0
2023-04-27 00:00:00+02:00,2.986665964126587,3.0666658878326416,2.974666118621826,3.0066659450531006,333562,0.0,0.0,0.0
2023-04-30 00:00:00+03:00,3.0066659450531006,3.049333095550537,2.9600000381469727,2.9760000705718994,355357,0.0,0.0,0.0
2023-05-01 00:00:00+03:00,2.9760000705718994,2.9760000705718994,2.9760000705718994,2.9760000705718994,0,0.0,0.0,0.0
2023-05-02 00:00:00+03:00,2.846666097640991,2.933332920074463,2.799999952316284,2.850666046142578,319807,0.0,0.0,0.0
2023-05-03 00:00:00+03:00,2.850666046142578,2.866666078567505,2.7666659355163574,2.786665916442871,245025,0.0,0.0,0.0
2023-05-07 00:00:00+03:00,2.786665916442871,2.786665916442871,2.666666030883789,2.7213330268859863,174105,0.0,0.0,0.0
2023-05-08 00:00:00+03:00,2.7213330268859863,2.9200000762939453,2.7200000286102295,2.850666046142578,621667,0.0,0.0,0.0
2023-05-09 00:00:00+03:00,2.850666046142578,2.9466660022735596,2.6946659088134766,2.7586660385131836,419595,0.0,0.0,0.0
2023-05-10 00:00:00+03:00,2.7586660385131836,2.799999952316284,2.6946659088134766,2.7666659355163574,449580,0.0,0.0,0.0
2023-05-11 00:00:00+03:00,2.7666659355163574,3.1333329677581787,2.7839999198913574,3.1333329677581787,2443215,0.0,0.0,0.0
2023-05-14 00:00:00+03:00,3.1333329677581787,3.2146658897399902,3.0973329544067383,3.1466660499572754,1707660,0.0,0.0,0.0
2023-05-15 00:00:00+03:00,3.1466660499572754,3.185333013534546,2.9466660022735596,2.97066593170166,1320375,0.0,0.0,0.0
2023-05-16 00:00:00+03:00,2.97066593170166,3.0,2.8933329582214355,2.9426660537719727,942990,0.0,0.0,0.0
2023-05-17 00:00:00+03:00,2.9426660537719727,2.990665912628174,2.815999984741211,2.815999984741211,917302,0.0,0.0,0.0
2023-05-18 00:00:00+03:00,2.815999984741211,2.880000114440918,2.7746660709381104,2.805332899093628,451042,0.0,0.0,0.0
2023-05-21 00:00:00+03:00,2.805332899093628,3.0653328895568848,2.749332904815674,2.933332920074463,1307370,0.0,0.0,0.0
2023-05-22 00:00:00+03:00,2.933332920074463,3.0333330631256104,2.8933329582214355,2.8973329067230225,1120147,0.0,0.0,0.0
2023-05-23 00:00:00+03:00,2.8973329067230225,2.978666067123413,2.813333034515381,2.922666072845459,577575,0.0,0.0,0.0
2023-05-24 00:00:00+03:00,2.922666072845459,3.0399999618530273,2.9079999923706055,2.947999954223633,1050465,0.0,0.0,0.0
2023-05-25 00:00:00+03:00,2.947999954223633,3.0,2.9079999923706055,2.9506659507751465,916155,0.0,0.0,0.0
2023-05-28 00:00:00+03:00,2.9506659507751465,3.131999969482422,2.9506659507751465,3.038666009902954,1749015,0.0,0.0,0.0
2023-05-29 00:00:00+03:00,3.038666009902954,3.22666597366333,3.007999897003174,3.1493330001831055,2114197,0.0,0.0,0.0
2023-05-30 00:00:00+03:00,3.1493330001831055,3.1933329105377197,3.0799999237060547,3.1640000343322754,1271835,0.0,0.0,0.0
2023-05-31 00:00:00+03:00,3.1640000343322754,3.196000099182129,3.068000078201294,3.125333070755005,936697,0.0,0.0,0.0
2023-06-01 00:00:00+03:00,3.125333070755005,3.240000009536743,3.0799999237060547,3.2239999771118164,2187262,0.0,0.0,0.0
2023-06-04 00:00:00+03:00,3.2239999771118164,3.359999895095825,3.2133328914642334,3.2760000228881836,1350187,0.0,0.0,0.0
2023-06-05 00:00:00+03:00,3.2760000228881836,3.293333053588867,3.068000078201294,3.114665985107422,405525,0.0,0.0,0.0
2023-06-06 00:00:00+03:00,3.114665985107422,3.1866660118103027,3.0199999809265137,3.0333330631256104,1179960,0.0,0.0,0.0
2023-06-07 00:00:00+03:00,3.0333330631256104,3.1226658821105957,2.9733328819274902,2.981333017349243,554250,0.0,0.0,0.0
2023-06-08 00:00:00+03:00,2.981333017349243,3.050666093826294,2.944000005722046,2.9560000896453857,399157,0.0,0.0,0.0
2023-06-11 00:00:00+03:00,2.9560000896453857,3.0333330631256104,2.941333055496216,2.99466609954834,333622,0.0,0.0,0.0
2023-06-12 00:00:00+03:00,2.99466609954834,3.0653328895568848,2.986665964126587,2.993333101272583,210262,0.0,0.0,0.0
2023-06-13 00:00:00+03:00,2.993333101272583,3.129333019256592,2.9626660346984863,3.117332935333252,871942,0.0,0.0,0.0
2023-06-14 00:00:00+03:00,3.117332935333252,3.1466660499572754,3.0266659259796143,3.114665985107422,437205,0.0,0.0,0.0
2023-06-15 00:00:00+03:00,3.114665985107422,3.25333309173584,3.068000078201294,3.1613330841064453,1896990,0.0,0.0,0.0
2023-06-18 00:00:00+03:00,3.1613330841064453,3.1986660957336426,3.0973329544067383,3.114665985107422,355267,0.0,0.0,0.0
2023-06-19 00:00:00+03:00,3.114665985107422,3.196000099182129,3.0333330631256104,3.057332992553711,765465,0.0,0.0,0.0
2023-06-20 00:00:00+03:00,3.057332992553711,3.1573328971862793,3.0266659259796143,3.1226658821105957,1010557,0.0,0.0,0.0
2023-06-21 00:00:00+03:00,3.1226658821105957,3.1533329486846924,3.0133330821990967,3.0146660804748535,935632,0.0,0.0,0.0
2023-06-22 00:00:00+03:00,3.0146660804748535,3.113332986831665,3.001332998275757,3.0933330059051514,818160,0.0,0.0,0.0
2023-06-25 00:00:00+03:00,3.0933330059051514,3.2133328914642334,3.0666658878326416,3.1559998989105225,1416802,0.0,0.0,0.0
2023-06-26 00:00:00+03:00,3.1559998989105225,3.3333330154418945,3.0133330821990967,3.053333044052124,863347,0.0,5.0,0.0
2023-07-04 00:00:00+03:00,3.053333044052124,3.1266660690307617,2.9066660404205322,2.933332920074463,704440,0.0,0.0,0.0
2023-07-05 00:00:00+03:00,2.933332920074463,2.9600000381469727,2.786665916442871,2.813333034515381,508680,0.0,0.0,0.0
2023-07-06 00:00:00+03:00,2.813333034515381,3.0666658878326416,2.666666030883789,2.673332929611206,2034778,0.0,0.0,0.0
2023-07-09 00:00:00+03:00,2.673332929611206,2.733333110809326,2.5199999809265137,2.5399999618530273,1037379,0.0,0.0,0.0
2023-07-10 00:00:00+03:00,2.5399999618530273,2.559999942779541,2.440000057220459,2.5133330821990967,735936,0.0,0.0,0.0
2023-07-11 00:00:00+03:00,2.5133330821990967,2.5999999046325684,2.5,2.5266659259796143,421105,0.0,0.0,0.0
2023-07-12 00:00:00+03:00,2.5266659259796143,2.5666658878326416,2.440000057220459,2.4666659832000732,590028,0.0,0.0,0.0
2023-07-13 00:00:00+03:00,2.4666659832000732,2.5133330821990967,2.4533329010009766,2.4733328819274902,389676,0.0,0.0,0.0
2023-07-16 00:00:00+03:00,2.4733328819274902,2.740000009536743,2.4666659832000732,2.640000104904175,2187249,0.0,0.0,0.0
2023-07-17 00:00:00+03:00,2.640000104904175,2.7666659355163574,2.666666030883789,2.700000047683716,1701511,0.0,0.0,0.0
2023-07-18 00:00:00+03:00,2.700000047683716,2.7799999713897705,2.7200000286102295,2.733333110809326,760344,0.0,0.0,0.0
2023-07-19 00:00:00+03:00,2.733333110809326,2.733333110809326,2.733333110809326,2.733333110809326,0,0.0,0.0,0.0
2023-07-24 00:00:00+03:00,2.6866660118103027,2.733333110809326,2.606666088104248,2.6266660690307617,487726,0.0,0.0,0.0
2023-07-25 00:00:00+03:00,2.6266660690307617,2.680000066757202,2.5866661071777344,2.5999999046325684,370255,0.0,0.0,0.0
2023-07-26 00:00:00+03:00,2.5999999046325684,2.6466660499572754,2.546665906906128,2.5866661071777344,169897,0.0,0.0,0.0
2023-07-27 00:00:00+03:00,2.5866661071777344,2.5999999046325684,2.546665906906128,2.5733330249786377,200371,0.0,0.0,0.0
2023-07-30 00:00:00+03:00,2.5733330249786377,2.6466660499572754,2.5666658878326416,2.5799999237060547,300597,0.0,0.0,0.0
2023-07-31 00:00:00+03:00,2.5799999237060547,2.733333110809326,2.559999942779541,2.6600000858306885,1000915,0.0,0.0,0.0
2023-08-01 00:00:00+03:00,2.6600000858306885,2.700000047683716,2.613332986831665,2.640000104904175,275491,0.0,0.0,0.0
2023-08-02 00:00:00+03:00,2.640000104904175,2.6600000858306885,2.5333330631256104,2.559999942779541,274297,0.0,0.0,0.0
2023-08-03 00:00:00+03:00,2.559999942779541,2.733333110809326,2.493333101272583,2.7200000286102295,953367,0.0,0.0,0.0
2023-08-06 00:00:00+03:00,2.7200000286102295,2.733333110809326,2.666666030883789,2.7066659927368164,379555,0.0,0.0,0.0
2023-08-07 00:00:00+03:00,2.7066659927368164,2.7200000286102295,2.6600000858306885,2.680000066757202,355312,0.0,0.0,0.0
2023-08-08 00:00:00+03:00,2.680000066757202,2.740000009536743,2.640000104904175,2.673332929611206,817444,0.0,0.0,0.0
2023-08-09 00:00:00+03:00,2.673332929611206,2.866666078567505,2.673332929611206,2.740000009536743,1775029,0.0,0.0,0.0
2023-08-10 00:00:00+03:00,2.740000009536743,2.8266661167144775,2.7466659545898438,2.75333309173584,896128,0.0,0.0,0.0
2023-08-13 00:00:00+03:00,2.75333309173584,2.786665916442871,2.673332929611206,2.700000047683716,517333,0.0,0.0,0.0
2023-08-14 00:00:00+03:00,2.700000047683716,2.853332996368408,2.7066659927368164,2.799999952316284,1292334,0.0,0.0,0.0
2023-08-15 00:00:00+03:00,2.799999952316284,3.0266659259796143,2.75333309173584,2.933332920074463,2340936,0.0,0.0,0.0
2023-08-16 00:00:00+03:00,2.933332920074463,3.0733330249786377,2.813333034515381,2.8399999141693115,1068832,0.0,0.0,0.0
2023-08-17 00:00:00+03:00,2.8399999141693115,3.046665906906128,2.813333034515381,2.9466660022735596,1108422,0.0,0.0,0.0
2023-08-20 00:00:00+03:00,2.9466660022735596,3.1466660499572754,2.9466660022735596,3.0733330249786377,1780548,0.0,0.0,0.0
2023-08-21 00:00:00+03:00,3.0733330249786377,3.1866660118103027,3.0066659450531006,3.0666658878326416,1207846,0.0,0.0,0.0
2023-08-22 00:00:00+03:00,3.0666658878326416,3.166666030883789,3.0,3.0399999618530273,555022,0.0,0.0,0.0
2023-08-23 00:00:00+03:00,3.0399999618530273,3.0999999046325684,2.9600000381469727,2.993333101272583,272095,0.0,0.0,0.0
2023-08-24 00:00:00+03:00,2.993333101272583,3.0,2.933332920074463,2.9466660022735596,147220,0.0,0.0,0.0
2023-08-27 00:00:00+03:00,2.9466660022735596,3.166666030883789,2.9666659832000732,3.0066659450531006,939883,0.0,0.0,0.0
2023-08-28 00:00:00+03:00,3.0066659450531006,3.0999999046325684,2.9800000190734863,3.0,542085,0.0,0.0,0.0
2023-08-29 00:00:00+03:00,3.0,3.0933330059051514,2.9666659832000732,3.0066659450531006,680152,0.0,0.0,0.0
2023-08-30 00:00:00+03:00,3.0066659450531006,3.240000009536743,3.0066659450531006,3.0733330249786377,2523709,0.0,0.0,0.0
2023-08-31 00:00:00+03:00,3.0733330249786377,3.0733330249786377,3.0733330249786377,3.0733330249786377,0,0.0,0.0,0.0
2023-09-03 00:00:00+03:00,3.059999942779541,3.380000114440918,3.0733330249786377,3.2666659355163574,5832043,0.0,0.0,0.0
2023-09-04 00:00:00+03:00,3.2666659355163574,3.5199999809265137,3.2799999713897705,3.353332996368408,10697335,0.0,0.0,0.0
2023-09-05 00:00:00+03:00,3.353332996368408,3.3866660594940186,3.233333110809326,3.313333034515381,3983334,0.0,0.0,0.0
2023-09-06 00:00:00+03:00,3.313333034515381,3.3399999141693115,3.140000104904175,3.1866660118103027,2275432,0.0,0.0,0.0
2023-09-07 00:00:00+03:00,3.1866660118103027,3.413332939147949,3.200000047683716,3.299999952316284,8042803,0.0,0.0,0.0
2023-09-10 00:00:00+03:00,3.299999952316284,3.299999952316284,3.299999952316284,3.299999952316284,0,0.0,0.0,0.0
2023-09-11 00:00:00+03:00,3.25333309173584,3.293333053588867,3.1333329677581787,3.1933329105377197,2328951,0.0,0.0,0.0
2023-09-12 00:00:00+03:00,3.1933329105377197,3.2200000286102295,3.1533329486846924,3.166666030883789,1074801,0.0,0.0,0.0
2023-09-13 00:00:00+03:00,3.166666030883789,3.2200000286102295,3.140000104904175,3.1933329105377197,432561,0.0,0.0,0.0
2023-09-14 00:00:00+03:00,3.1933329105377197,3.3266661167144775,3.180000066757202,3.2799999713897705,1875705,0.0,0.0,0.0
2023-09-17 00:00:00+03:00,3.2799999713897705,3.319999933242798,3.1866660118103027,3.200000047683716,1441732,0.0,0.0,0.0
2023-09-18 00:00:00+03:00,3.200000047683716,3.240000009536743,3.1866660118103027,3.2066659927368164,705552,0.0,0.0,0.0
2023-09-19 00:00:00+03:00,3.2066659927368164,3.240000009536743,3.1333329677581787,3.1466660499572754,1038369,0.0,0.0,0.0
2023-09-20 00:00:00+03:00,3.1466660499572754,3.1466660499572754,3.1466660499572754,3.1466660499572754,0,0.0,0.0,0.0
2023-09-21 00:00:00+03:00,3.1466660499572754,3.1466660499572754,3.1466660499572754,3.1466660499572754,0,0.0,0.0,0.0
2023-09-24 00:00:00+03:00,3.1466660499572754,3.1466660499572754,3.1466660499572754,3.1466660499572754,0,0.0,0.0,0.0
2023-09-25 00:00:00+03:00,3.2466659545898438,3.313333034515381,3.233333110809326,3.240000009536743,1223719,0.0,0.0,0.0
2023-09-26 00:00:00+03:00,3.240000009536743,3.319999933242798,3.200000047683716,3.2133328914642334,986698,0.0,0.0,0.0
2023-09-27 00:00:00+03:00,3.2133328914642334,3.2133328914642334,3.2133328914642334,3.2133328914642334,0,0.0,0.0,0.0
2023-10-01 00:00:00+03:00,3.2133328914642334,3.2133328914642334,3.2133328914642334,3.2133328914642334,0,0.0,0.0,0.0
2023-10-02 00:00:00+03:00,3.200000047683716,3.240000009536743,3.0999999046325684,3.166666030883789,878782,0.0,0.0,0.0
2023-10-03 00:00:00+03:00,3.166666030883789,3.180000066757202,3.0999999046325684,3.119999885559082,481402,0.0,0.0,0.0
2023-10-04 00:00:00+03:00,3.119999885559082,3.25333309173584,3.0999999046325684,3.106666088104248,1118778,0.0,0.0,0.0
2023-10-08 00:00:00+03:00,3.106666088104248,3.166666030883789,2.8066658973693848,2.9066660404205322,605025,0.0,0.0,0.0
2023-10-09 00:00:00+03:00,2.9066660404205322,2.993333101272583,2.866666078567505,2.9200000762939453,427879,0.0,0.0,0.0
2023-10-10 00:00:00+03:00,2.9200000762939453,3.0866661071777344,2.913332939147949,2.986665964126587,694863,0.0,0.0,0.0
2023-10-11 00:00:00+03:00,2.986665964126587,3.0199999809265137,2.8866660594940186,2.926666021347046,1033669,0.0,0.0,0.0
2023-10-12 00:00:00+03:00,2.926666021347046,2.9600000381469727,2.8866660594940186,2.9000000953674316,443011,0.0,0.0,0.0
2023-10-15 00:00:00+03:00,2.9000000953674316,2.933332920074463,2.8866660594940186,2.9066660404205322,126310,0.0,0.0,0.0
2023-10-16 00:00:00+03:00,2.9066660404205322,2.940000057220459,2.8066658973693848,2.933332920074463,1395157,0.0,0.0,0.0
2023-10-17 00:00:00+03:00,2.933332920074463,2.926666021347046,2.8399999141693115,2.873332977294922,1306774,0.0,0.0,0.0
2023-10-18 00:00:00+03:00,2.873332977294922,2.9533329010009766,2.853332996368408,2.859999895095825,1224739,0.0,0.0,0.0
2023-10-19 00:00:00+03:00,2.859999895095825,2.859999895095825,2.859999895095825,2.859999895095825,0,0.0,0.0,0.0
2023-10-22 00:00:00+03:00,2.846666097640991,2.933332920074463,2.8399999141693115,2.913332939147949,653428,0.0,0.0,0.0
2023-10-23 00:00:00+03:00,2.913332939147949,2.993333101272583,2.8866660594940186,2.8933329582214355,783978,0.0,0.0,0.0
2023-10-24 00:00:00+03:00,2.8933329582214355,2.9466660022735596,2.853332996368408,2.873332977294922,806241,0.0,0.0,0.0
2023-10-25 00:00:00+03:00,2.873332977294922,2.9733328819274902,2.8866660594940186,2.926666021347046,1285632,0.0,0.0,0.0
2023-10-26 00:00:00+03:00,2.926666021347046,3.0333330631256104,2.8866660594940186,2.9533329010009766,1611655,0.0,0.0,0.0
2023-10-29 00:00:00+02:00,2.9533329010009766,3.0,2.9466660022735596,2.9600000381469727,1091371,0.0,0.0,0.0
2023-10-30 00:00:00+02:00,2.9600000381469727,3.1333329677581787,2.986665964126587,3.0333330631256104,2508172,0.0,0.0,0.0
2023-10-31 00:00:00+02:00,3.0333330631256104,3.140000104904175,2.993333101272583,3.0,2975611,0.0,0.0,0.0
2023-11-01 00:00:00+02:00,3.0,3.046665906906128,2.940000057220459,2.9533329010009766,837352,0.0,0.0,0.0
2023-11-02 00:00:00+02:00,2.9533329010009766,3.0333330631256104,2.9666659832000732,3.0066659450531006,831798,0.0,0.0,0.0
2023-11-05 00:00:00+02:00,3.0066659450531006,3.22666597366333,3.0199999809265137,3.113332986831665,2333598,0.0,0.0,0.0
2023-11-06 00:00:00+02:00,3.113332986831665,3.1933329105377197,3.046665906906128,3.059999942779541,1206130,0.0,0.0,0.0
2023-11-07 00:00:00+02:00,3.059999942779541,3.233333110809326,3.059999942779541,3.1266660690307617,3227295,0.0,0.0,0.0
2023-11-08 00:00:00+02:00,3.1266660690307617,3.2133328914642334,3.059999942779541,3.0666658878326416,2024874,0.0,0.0,0.0
2023-11-09 00:00:00+02:00,3.0666658878326416,3.2666659355163574,3.0733330249786377,3.1600000858306885,4453291,0.0,0.0,0.0
2023-11-12 00:00:00+02:00,3.1600000858306885,3.2799999713897705,3.173332929611206,3.2066659927368164,4127139,0.0,0.0,0.0
2023-11-13 00:00:00+02:00,3.2066659927368164,3.7200000286102295,3.173332929611206,3.6466660499572754,20421678,0.0,0.0,0.0
2023-11-14 00:00:00+02:00,3.6466660499572754,3.7799999713897705,3.5666658878326416,3.5733330249786377,7080373,0.0,0.0,0.0
2023-11-15 00:00:00+02:00,3.5733330249786377,3.853332996368408,3.5333330631256104,3.6866660118103027,7013028,0.0,0.0,0.0
2023-11-16 00:00:00+02:00,3.6866660118103027,3.9000000953674316,3.666666030883789,3.7466659545898438,9404455,0.0,0.0,0.0
2023-11-19 00:00:00+02:00,3.7466659545898438,3.866666078567505,3.666666030883789,3.6866660118103027,4050753,0.0,0.0,0.0
2023-11-20 00:00:00+02:00,3.6866660118103027,3.9666659832000732,3.680000066757202,3.9000000953674316,10720069,0.0,0.0,0.0
2023-11-21 00:00:00+02:00,3.9000000953674316,4.033332824707031,3.8333330154418945,3.8866660594940186,8836389,0.0,0.0,0.0
2023-11-22 00:00:00+02:00,3.8866660594940186,3.986665964126587,3.733333110809326,3.793333053588867,7625932,0.0,0.0,0.0
2023-11-23 00:00:00+02:00,3.793333053588867,3.8866660594940186,3.75333309173584,3.759999990463257,4399362,0.0,0.0,0.0
2023-11-26 00:00:00+02:00,3.759999990463257,3.799999952316284,3.6933329105377197,3.733333110809326,2715255,0.0,0.0,0.0
2023-11-27 00:00:00+02:00,3.733333110809326,3.7733330726623535,3.680000066757202,3.75333309173584,1974700,0.0,0.0,0.0
2023-11-28 00:00:00+02:00,3.75333309173584,3.9000000953674316,3.7066659927368164,3.8399999141693115,4865434,0.0,0.0,0.0
2023-11-29 00:00:00+02:00,3.8399999141693115,3.873332977294922,3.7133328914642334,3.7200000286102295,2015773,0.0,0.0,0.0
2023-11-30 00:00:00+02:00,3.7200000286102295,3.8399999141693115,3.700000047683716,3.759999990463257,1609003,0.0,0.0,0.0
2023-12-03 00:00:00+02:00,3.759999990463257,3.799999952316284,3.7133328914642334,3.7466659545898438,1272666,0.0,0.0,0.0
2023-12-04 00:00:00+02:00,3.7466659545898438,3.846666097640991,3.7200000286102295,3.7466659545898438,1760620,0.0,0.0,0.0
2023-12-05 00:00:00+02:00,3.7466659545898438,3.799999952316284,3.733333110809326,3.733333110809326,1129690,0.0,0.0,0.0
2023-12-06 00:00:00+02:00,3.733333110809326,4.066666126251221,3.7733330726623535,3.9466660022735596,10431757,0.0,0.0,0.0
2023-12-07 00:00:00+02:00,3.9466660022735596,3.933332920074463,3.799999952316284,3.8333330154418945,8033619,0.0,0.0,0.0
2023-12-10 00:00:00+02:00,3.8333330154418945,3.8933329582214355,3.759999990463257,3.7733330726623535,4123054,0.0,0.0,0.0
2023-12-11 00:00:00+02:00,3.7733330726623535,3.759999990463257,3.5999999046325684,3.5999999046325684,2724327,0.0,0.0,0.0
2023-12-12 00:00:00+02:00,3.5999999046325684,3.666666030883789,3.4000000953674316,3.440000057220459,3572821,0.0,0.0,0.0
2023-12-13 00:00:00+02:00,3.440000057220459,3.5666658878326416,3.4466660022735596,3.5133330821990967,2001765,0.0,0.0,0.0
2023-12-14 00:00:00+02:00,3.5133330821990967,3.640000104904175,3.5333330631256104,3.5666658878326416,2759521,0.0,0.0,0.0
2023-12-17 00:00:00+02:00,3.5666658878326416,3.8266661167144775,3.559999942779541,3.740000009536743,4469580,0.0,0.0,0.0
2023-12-18 00:00:00+02:00,3.740000009536743,3.799999952316284,3.673332929611206,3.673332929611206,2174437,0.0,0.0,0.0
2023-12-19 00:00:00+02:00,3.673332929611206,3.7200000286102295,3.5799999237060547,3.5866661071777344,1378240,0.0,0.0,0.0
2023-12-20 00:00:00+02:00,3.5866661071777344,3.7666659355163574,3.6266660690307617,3.6600000858306885,3720363,0.0,0.0,0.0
2023-12-21 00:00:00+02:00,3.6600000858306885,3.799999952316284,3.666666030883789,3.680000066757202,2672323,0.0,0.0,0.0
2023-12-24 00:00:00+02:00,3.680000066757202,3.680000066757202,3.680000066757202,3.680000066757202,0,0.0,0.0,0.0
2023-12-25 00:00:00+02:00,3.7133328914642334,3.7466659545898438,3.6466660499572754,3.6600000858306885,1305691,0.0,0.0,0.0
2023-12-26 00:00:00+02:00,3.6600000858306885,3.75333309173584,3.6600000858306885,3.6866660118103027,1508875,0.0,0.0,0.0
2023-12-27 00:00:00+02:00,3.6866660118103027,3.7200000286102295,3.673332929611206,3.6866660118103027,1302262,0.0,0.0,0.0
2023-12-28 00:00:00+02:00,3.6866660118103027,3.759999990463257,3.6866660118103027,3.7066659927368164,1297857,0.0,0.0,0.0
2023-12-31 00:00:00+02:00,3.7066659927368164,3.759999990463257,3.666666030883789,3.6866660118103027,1171632,0.0,0.0,0.0
2024-01-02 00:00:00+02:00,3.6866660118103027,3.799999952316284,3.7133328914642334,3.793333053588867,2007318,0.0,0.0,0.0
2024-01-03 00:00:00+02:00,3.793333053588867,4.186666011810303,3.859999895095825,3.993333101272583,10056460,0.0,0.0,0.0
2024-01-04 00:00:00+02:00,3.993000030517578,4.170000076293945,3.9000000953674316,4.0,2946515,0.0,1.5,0.0
2024-01-08 00:00:00+02:00,4.0,4.079999923706055,3.869999885559082,3.930000066757202,2884503,0.0,0.0,0.0
2024-01-09 00:00:00+02:00,3.930000066757202,4.059999942779541,3.869999885559082,3.990000009536743,2909384,0.0,0.0,0.0
2024-01-10 00:00:00+02:00,3.990000009536743,4.039999961853027,3.880000114440918,3.9200000762939453,2673077,0.0,0.0,0.0
2024-01-11 00:00:00+02:00,3.9200000762939453,4.010000228881836,3.890000104904175,3.9200000762939453,2334140,0.0,0.0,0.0
2024-01-14 00:00:00+02:00,3.9200000762939453,4.300000190734863,3.990000009536743,4.139999866485596,5508519,0.0,0.0,0.0
2024-01-15 00:00:00+02:00,4.139999866485596,4.28000020980835,4.130000114440918,4.159999847412109,3442787,0.0,0.0,0.0
2024-01-16 00:00:00+02:00,4.159999847412109,4.210000038146973,4.110000133514404,4.139999866485596,2605328,0.0,0.0,0.0
2024-01-17 00:00:00+02:00,4.139999866485596,4.179999828338623,4.050000190734863,4.070000171661377,2116782,0.0,0.0,0.0
2024-01-18 00:00:00+02:00,4.070000171661377,4.119999885559082,4.019999980926514,4.099999904632568,1574309,0.0,0.0,0.0
2024-01-21 00:00:00+02:00,4.099999904632568,4.159999847412109,4.019999980926514,4.090000152587891,2127825,0.0,0.0,0.0
2024-01-22 00:00:00+02:00,4.090000152587891,4.489999771118164,4.099999904632568,4.360000133514404,9345834,0.0,0.0,0.0
2024-01-23 00:00:00+02:00,4.360000133514404,4.579999923706055,4.21999979019165,4.369999885559082,5714003,0.0,0.0,0.0
2024-01-24 00:00:00+02:00,4.369999885559082,4.460000038146973,4.300000190734863,4.369999885559082,3722499,0.0,0.0,0.0
2024-01-28 00:00:00+02:00,4.369999885559082,4.440000057220459,4.309999942779541,4.320000171661377,3865352,0.0,0.0,0.0
2024-01-29 00:00:00+02:00,4.320000171661377,4.369999885559082,4.21999979019165,4.25,2660225,0.0,0.0,0.0
2024-01-30 00:00:00+02:00,4.25,4.309999942779541,4.210000038146973,4.239999771118164,2012108,0.0,0.0,0.0
2024-01-31 00:00:00+02:00,4.239999771118164,4.300000190734863,3.9000000953674316,3.9200000762939453,3233872,0.0,0.0,0.0
2024-02-01 00:00:00+02:00,3.9200000762939453,4.0,3.75,3.9200000762939453,2416733,0.0,0.0,0.0
2024-02-04 00:00:00+02:00,3.9200000762939453,4.070000171661377,3.859999895095825,3.940000057220459,1975468,0.0,0.0,0.0
2024-02-05 00:00:00+02:00,3.940000057220459,4.070000171661377,3.950000047683716,4.03000020980835,2420661,0.0,0.0,0.0
2024-02-06 00:00:00+02:00,4.03000020980835,4.380000114440918,4.050000190734863,4.199999809265137,7907762,0.0,0.0,0.0
2024-02-07 00:00:00+02:00,4.199999809265137,4.28000020980835,4.070000171661377,4.079999923706055,2918310,0.0,0.0,0.0
2024-02-08 00:00:00+02:00,4.079999923706055,4.260000228881836,4.090000152587891,4.150000095367432,6088453,0.0,0.0,0.0
2024-02-11 00:00:00+02:00,4.150000095367432,4.199999809265137,4.039999961853027,4.070000171661377,2298317,0.0,0.0,0.0
2024-02-12 00:00:00+02:00,4.070000171661377,4.079999923706055,3.9700000286102295,4.019999980926514,1309042,0.0,0.0,0.0
2024-02-13 00:00:00+02:00,4.019999980926514,4.090000152587891,4.019999980926514,4.059999942779541,1023476,0.0,0.0,0.0
2024-02-14 00:00:00+02:00,4.059999942779541,4.150000095367432,4.059999942779541,4.079999923706055,1801534,0.0,0.0,0.0
2024-02-15 00:00:00+02:00,4.079999923706055,4.139999866485596,4.070000171661377,4.070000171661377,1460594,0.0,0.0,0.0
2024-02-18 00:00:00+02:00,4.070000171661377,4.070000171661377,4.070000171661377,4.070000171661377,0,0.0,0.0,0.0
2024-02-19 00:00:00+02:00,4.210000038146973,4.380000114440918,4.150000095367432,4.25,3893022,0.0,0.0,0.0
2024-02-20 00:00:00+02:00,4.25,4.480000019073486,4.28000020980835,4.420000076293945,5746008,0.0,0.0,0.0
2024-02-21 00:00:00+02:00,4.420000076293945,5.300000190734863,4.480000019073486,5.300000190734863,17018665,0.0,0.0,0.0
2024-02-22 00:00:00+02:00,5.300000190734863,5.599999904632568,5.059999942779541,5.400000095367432,7834332,0.0,0.0,0.0
2024-02-25 00:00:00+02:00,5.400000095367432,6.190000057220459,4.980000019073486,5.880000114440918,9522517,0.0,0.0,0.0
2024-02-26 00:00:00+02:00,5.880000114440918,6.659999847412109,5.400000095367432,5.480000019073486,3804938,0.0,0.0,0.0
2024-02-27 00:00:00+02:00,5.480000019073486,5.690000057220459,5.309999942779541,5.380000114440918,3174215,0.0,0.0,0.0
2024-02-28 00:00:00+02:00,5.380000114440918,5.630000114440918,5.170000076293945,5.289999961853027,2828449,0.0,0.0,0.0
2024-02-29 00:00:00+02:00,5.289999961853027,5.650000095367432,5.050000190734863,5.559999942779541,4493763,0.0,0.0,0.0
2024-03-03 00:00:00+02:00,5.559999942779541,5.699999809265137,5.400000095367432,5.519999980926514,2023573,0.0,0.0,0.0
2024-03-04 00:00:00+02:00,5.519999980926514,5.630000114440918,5.420000076293945,5.440000057220459,1047818,0.0,0.0,0.0
2024-03-05 00:00:00+02:00,5.440000057220459,5.579999923706055,5.349999904632568,5.429999828338623,2331423,0.0,0.0,0.0
2024-03-06 00:00:00+02:00,5.429999828338623,5.420000076293945,5.0,5.0,1742120,0.0,0.0,0.0
2024-03-07 00:00:00+02:00,5.0,5.190000057220459,4.800000190734863,5.010000228881836,1115556,0.0,0.0,0.0
2024-03-10 00:00:00+02:00,5.010000228881836,5.179999828338623,4.920000076293945,5.03000020980835,471105,0.0,0.0,0.0
2024-03-11 00:00:00+02:00,5.03000020980835,5.179999828338623,4.860000133514404,4.929999828338623,282311,0.0,0.0,0.0
2024-03-12 00:00:00+02:00,4.929999828338623,5.099999904632568,4.860000133514404,4.929999828338623,1015800,0.0,0.0,0.0
2024-03-13 00:00:00+02:00,4.929999828338623,5.010000228881836,4.699999809265137,4.789999961853027,1637770,0.0,0.0,0.0
2024-03-14 00:00:00+02:00,4.789999961853027,4.889999866485596,4.619999885559082,4.659999847412109,1001663,0.0,0.0,0.0
2024-03-17 00:00:00+02:00,4.659999847412109,5.170000076293945,4.75,5.059999942779541,1943098,0.0,0.0,0.0
2024-03-18 00:00:00+02:00,5.059999942779541,5.099999904632568,4.099999904632568,4.150000095367432,1009877,0.0,0.0,0.0
2024-03-19 00:00:00+02:00,4.150000095367432,4.659999847412109,4.300000190734863,4.599999904632568,1800864,0.0,0.0,0.0
2024-03-20 00:00:00+02:00,4.599999904632568,4.849999904632568,4.420000076293945,4.460000038146973,597366,0.0,0.0,0.0
2024-03-21 00:00:00+02:00,4.460000038146973,5.260000228881836,4.53000020980835,5.179999828338623,1863947,0.0,0.0,0.0
2024-03-24 00:00:00+02:00,5.179999828338623,5.679999828338623,5.010000228881836,5.230000019073486,1655437,0.0,0.0,0.0
2024-03-25 00:00:00+02:00,5.230000019073486,5.369999885559082,5.079999923706055,5.139999866485596,1047076,0.0,0.0,0.0
2024-03-26 00:00:00+02:00,5.139999866485596,5.5,5.150000095367432,5.429999828338623,3088961,0.0,0.0,0.0
2024-03-27 00:00:00+02:00,5.429999828338623,5.53000020980835,5.230000019073486,5.380000114440918,1285115,0.0,0.0,0.0
2024-03-28 00:00:00+02:00,5.380000114440918,5.429999828338623,5.130000114440918,5.199999809265137,934236,0.0,0.0,0.0
2024-03-31 00:00:00+02:00,5.199999809265137,5.28000020980835,4.900000095367432,5.019999980926514,746476,0.0,0.0,0.0
2024-04-01 00:00:00+02:00,5.019999980926514,5.400000095367432,4.949999809265137,5.300000190734863,1267748,0.0,0.0,0.0
2024-04-02 00:00:00+02:00,5.300000190734863,5.400000095367432,5.159999847412109,5.199999809265137,573058,0.0,0.0,0.0
2024-04-03 00:00:00+02:00,5.199999809265137,5.329999923706055,5.179999828338623,5.210000038146973,687665,0.0,0.0,0.0
2024-04-04 00:00:00+02:00,5.210000038146973,5.320000171661377,5.199999809265137,5.28000020980835,357046,0.0,0.0,0.0
2024-04-07 00:00:00+02:00,5.28000020980835,5.440000057220459,5.25,5.380000114440918,1560410,0.0,0.0,0.0
2024-04-08 00:00:00+02:00,5.380000114440918,5.75,5.329999923706055,5.630000114440918,4596890,0.0,0.0,0.0
2024-04-15 00:00:00+02:00,5.630000114440918,5.980000019073486,5.630000114440918,5.699999809265137,3946318,0.0,0.0,0.0
2024-04-16 00:00:00+02:00,5.699999809265137,5.900000095367432,5.659999847412109,5.78000020980835,4311129,0.0,0.0,0.0
2024-04-17 00:00:00+02:00,5.78000020980835,6.300000190734863,5.800000190734863,6.099999904632568,5993435,0.0,0.0,0.0
2024-04-18 00:00:00+02:00,6.099999904632568,6.130000114440918,5.550000190734863,5.710000038146973,3588686,0.0,0.0,0.0
2024-04-21 00:00:00+02:00,5.710000038146973,5.880000114440918,5.699999809265137,5.760000228881836,1334468,0.0,0.0,0.0
2024-04-22 00:00:00+02:00,5.760000228881836,5.909999847412109,5.630000114440918,5.889999866485596,1714478,0.0,0.0,0.0
2024-04-23 00:00:00+02:00,5.889999866485596,6.079999923706055,5.599999904632568,5.619999885559082,2956489,0.0,0.0,0.0
2024-04-24 00:00:00+02:00,5.619999885559082,5.599999904632568,5.210000038146973,5.429999828338623,1038506,0.0,0.0,0.0
2024-04-28 00:00:00+03:00,5.429999828338623,5.429999828338623,5.429999828338623,5.429999828338623,0,0.0,0.0,0.0
2024-04-29 00:00:00+03:00,5.230000019073486,5.489999771118164,5.159999847412109,5.389999866485596,1569728,0.0,0.0,0.0
2024-04-30 00:00:00+03:00,5.389999866485596,5.449999809265137,4.860000133514404,4.900000095367432,2498407,0.0,0.0,0.0
2024-05-02 00:00:00+03:00,5.110000133514404,5.28000020980835,4.960000038146973,5.199999809265137,1874596,0.0,0.0,0.0
2024-05-07 00:00:00+03:00,5.199999809265137,5.25,5.070000171661377,5.150000095367432,1400571,0.0,0.0,0.0
2024-05-08 00:00:00+03:00,5.150000095367432,5.300000190734863,5.039999961853027,5.110000133514404,1234952,0.0,0.0,0.0
2024-05-09 00:00:00+03:00,5.110000133514404,5.199999809265137,5.019999980926514,5.03000020980835,279165,0.0,0.0,0.0
2024-05-12 00:00:00+03:00,5.03000020980835,5.300000190734863,4.880000114440918,5.28000020980835,1898722,0.0,0.0,0.0
2024-05-13 00:00:00+03:00,5.28000020980835,5.449999809265137,5.059999942779541,5.429999828338623,1798299,0.0,0.0,0.0
2024-05-14 00:00:00+03:00,5.429999828338623,5.559999942779541,5.289999961853027,5.320000171661377,2903877,0.0,0.0,0.0
2024-05-15 00:00:00+03:00,5.320000171661377,5.420000076293945,5.150000095367432,5.190000057220459,1658816,0.0,0.0,0.0
2024-05-16 00:00:00+03:00,5.190000057220459,5.320000171661377,5.170000076293945,5.210000038146973,757833,0.0,0.0,0.0
2024-05-19 00:00:00+03:00,5.210000038146973,5.320000171661377,5.159999847412109,5.190000057220459,1267514,0.0,0.0,0.0
2024-05-20 00:00:00+03:00,5.190000057220459,5.409999847412109,5.150000095367432,5.260000228881836,3161472,0.0,0.0,0.0
2024-05-21 00:00:00+03:00,5.260000228881836,5.360000133514404,5.190000057220459,5.199999809265137,516541,0.0,0.0,0.0
2024-05-22 00:00:00+03:00,5.199999809265137,5.239999771118164,5.090000152587891,5.139999866485596,839292,0.0,0.0,0.0
2024-05-23 00:00:00+03:00,5.139999866485596,5.179999828338623,5.070000171661377,5.090000152587891,385370,0.0,0.0,0.0
2024-05-26 00:00:00+03:00,5.090000152587891,5.090000152587891,5.090000152587891,5.090000152587891,0,0.0,0.0,0.0
2024-05-27 00:00:00+03:00,5.130000114440918,5.170000076293945,4.940000057220459,5.039999961853027,530406,0.0,0.0,0.0
2024-05-28 00:00:00+03:00,5.039999961853027,5.03000020980835,4.860000133514404,4.980000019073486,1376392,0.0,0.0,0.0
2024-05-29 00:00:00+03:00,4.980000019073486,5.03000020980835,4.900000095367432,4.909999847412109,704689,0.0,0.0,0.0
2024-05-30 00:00:00+03:00,4.909999847412109,4.96999979019165,4.820000171661377,4.829999923706055,254900,0.0,0.0,0.0
2024-06-02 00:00:00+03:00,4.829999923706055,4.949999809265137,4.75,4.78000020980835,402183,0.0,0.0,0.0
2024-06-03 00:00:00+03:00,4.78000020980835,4.869999885559082,4.710000038146973,4.739999771118164,291526,0.0,0.0,0.0
2024-06-04 00:00:00+03:00,4.739999771118164,4.820000171661377,4.699999809265137,4.739999771118164,107713,0.0,0.0,0.0
2024-06-05 00:00:00+03:00,4.739999771118164,4.949999809265137,4.599999904632568,4.920000076293945,613540,0.0,0.0,0.0
2024-06-06 00:00:00+03:00,4.920000076293945,4.989999771118164,4.71999979019165,4.739999771118164,438949,0.0,0.0,0.0
2024-06-09 00:00:00+03:00,4.739999771118164,4.78000020980835,4.579999923706055,4.599999904632568,360510,0.0,0.0,0.0
2024-06-10 00:00:00+03:00,4.599999904632568,4.900000095367432,4.550000190734863,4.699999809265137,875950,0.0,0.0,0.0
2024-06-11 00:00:00+03:00,4.699999809265137,4.800000190734863,4.559999942779541,4.690000057220459,267900,0.0,0.0,0.0
2024-06-12 00:00:00+03:00,4.690000057220459,4.900000095367432,4.659999847412109,4.699999809265137,1398790,0.0,0.0,0.0
2024-06-13 00:00:00+03:00,4.699999809265137,4.800000190734863,4.710000038146973,4.739999771118164,399650,0.0,0.0,0.0
2024-06-23 00:00:00+03:00,4.739999771118164,4.900000095367432,4.730000019073486,4.829999923706055,984372,0.0,0.0,0.0
2024-06-24 00:00:00+03:00,4.829999923706055,5.139999866485596,4.849999904632568,4.869999885559082,2854027,0.0,0.0,0.0
2024-06-25 00:00:00+03:00,4.869999885559082,4.96999979019165,4.849999904632568,4.849999904632568,332476,0.0,0.0,0.0
2024-06-26 00:00:00+03:00,4.849999904632568,4.960000038146973,4.840000152587891,4.849999904632568,449007,0.0,0.0,0.0
2024-06-27 00:00:00+03:00,4.849999904632568,4.900000095367432,4.800000190734863,4.809999942779541,687942,0.0,0.0,0.0
2024-07-02 00:00:00+03:00,4.829999923706055,4.900000095367432,4.800000190734863,4.809999942779541,598107,0.0,0.0,0.0
2024-07-03 00:00:00+03:00,4.809999942779541,4.860000133514404,4.730000019073486,4.739999771118164,735991,0.0,0.0,0.0
2024-07-04 00:00:00+03:00,4.739999771118164,4.800000190734863,4.679999828338623,4.699999809265137,702935,0.0,0.0,0.0
2024-07-07 00:00:00+03:00,4.699999809265137,4.760000228881836,4.650000095367432,4.659999847412109,542448,0.0,0.0,0.0
2024-07-08 00:00:00+03:00,4.659999847412109,4.860000133514404,4.679999828338623,4.75,2639199,0.0,0.0,0.0
2024-07-09 00:00:00+03:00,4.75,5.050000190734863,4.78000020980835,4.900000095367432,7338666,0.0,0.0,0.0
2024-07-10 00:00:00+03:00,4.900000095367432,4.960000038146973,4.699999809265137,4.75,2218325,0.0,0.0,0.0
2024-07-14 00:00:00+03:00,4.75,4.800000190734863,4.690000057220459,4.699999809265137,818482,0.0,0.0,0.0
2024-07-15 00:00:00+03:00,4.699999809265137,4.75,4.610000133514404,4.619999885559082,1190817,0.0,0.0,0.0
2024-07-16 00:00:00+03:00,4.619999885559082,4.699999809265137,4.599999904632568,4.630000114440918,661676,0.0,0.0,0.0
2024-07-17 00:00:00+03:00,4.630000114440918,4.699999809265137,4.610000133514404,4.639999866485596,1053828,0.0,0.0,0.0
2024-07-18 00:00:00+03:00,4.639999866485596,4.739999771118164,4.650000095367432,4.650000095367432,1128114,0.0,0.0,0.0
2024-07-21 00:00:00+03:00,4.650000095367432,4.760000228881836,4.670000076293945,4.699999809265137,1198114,0.0,0.0,0.0
2024-07-22 00:00:00+03:00,4.699999809265137,4.789999961853027,4.659999847412109,4.670000076293945,1253839,0.0,0.0,0.0
2024-07-23 00:00:00+03:00,4.670000076293945,4.730000019073486,4.659999847412109,4.670000076293945,626404,0.0,0.0,0.0
2024-07-24 00:00:00+03:00,4.670000076293945,4.71999979019165,4.610000133514404,4.639999866485596,1030325,0.0,0.0,0.0
2024-07-28 00:00:00+03:00,4.639999866485596,4.699999809265137,4.599999904632568,4.610000133514404,493512,0.0,0.0,0.0
2024-07-29 00:00:00+03:00,4.610000133514404,4.690000057220459,4.610000133514404,4.619999885559082,567254,0.0,0.0,0.0
2024-07-30 00:00:00+03:00,4.619999885559082,4.789999961853027,4.639999866485596,4.699999809265137,2867712,0.0,0.0,0.0
2024-07-31 00:00:00+03:00,4.699999809265137,4.809999942779541,4.710000038146973,4.730000019073486,1675910,0.0,0.0,0.0
2024-08-01 00:00:00+03:00,4.730000019073486,4.769999980926514,4.679999828338623,4.690000057220459,1098326,0.0,0.0,0.0
2024-08-04 00:00:00+03:00,4.690000057220459,4.670000076293945,4.400000095367432,4.429999828338623,937161,0.0,0.0,0.0
2024-08-05 00:00:00+03:00,4.11749792098999,4.089613914489746,3.5784130096435547,3.8479549884796143,1511264,0.0,0.0,0.0
2024-08-06 00:00:00+03:00,3.8479549884796143,4.0710248947143555,3.885133981704712,4.00596284866333,922079,0.0,0.0,0.0
2024-08-07 00:00:00+03:00,4.00596284866333,4.238327980041504,4.00596284866333,4.191854953765869,2472996,0.0,0.0,0.0
2024-08-08 00:00:00+03:00,4.191854953765869,4.368452072143555,4.061730861663818,4.238327980041504,2976739,0.0,0.0,0.0
2024-08-11 00:00:00+03:00,4.238327980041504,4.554343223571777,4.22903299331665,4.303390026092529,1920628,0.0,0.0,0.0
2024-08-12 00:00:00+03:00,4.303390026092529,4.461398124694824,4.238327980041504,4.2569169998168945,1792307,0.0,0.0,0.0
2024-08-13 00:00:00+03:00,4.2569169998168945,4.331273078918457,4.22903299331665,4.2569169998168945,496499,0.0,0.0,0.0
2024-08-14 00:00:00+03:00,4.256999969482422,4.449999809265137,4.21999979019165,4.239999771118164,791498,0.0,1.075896,0.0
2024-08-15 00:00:00+03:00,4.239999771118164,4.300000190734863,4.110000133514404,4.179999828338623,972352,0.0,0.0,0.0
2024-08-18 00:00:00+03:00,4.179999828338623,4.239999771118164,4.190000057220459,4.190000057220459,364620,0.0,0.0,0.0
2024-08-19 00:00:00+03:00,4.190000057220459,4.230000019073486,4.070000171661377,4.159999847412109,308281,0.0,0.0,0.0
2024-08-20 00:00:00+03:00,4.159999847412109,4.230000019073486,4.159999847412109,4.179999828338623,622353,0.0,0.0,0.0
2024-08-21 00:00:00+03:00,4.179999828338623,4.239999771118164,4.130000114440918,4.179999828338623,432605,0.0,0.0,0.0
2024-08-22 00:00:00+03:00,4.179999828338623,4.210000038146973,4.119999885559082,4.130000114440918,496177,0.0,0.0,0.0
2024-08-25 00:00:00+03:00,4.130000114440918,4.199999809265137,4.03000020980835,4.139999866485596,706691,0.0,0.0,0.0
2024-08-26 00:00:00+03:00,4.139999866485596,4.170000076293945,4.099999904632568,4.130000114440918,287721,0.0,0.0,0.0
2024-08-27 00:00:00+03:00,4.130000114440918,4.239999771118164,4.099999904632568,4.199999809265137,1223195,0.0,0.0,0.0
2024-08-28 00:00:00+03:00,4.199999809265137,4.360000133514404,4.199999809265137,4.21999979019165,2874303,0.0,0.0,0.0
2024-08-29 00:00:00+03:00,4.21999979019165,4.300000190734863,4.150000095367432,4.179999828338623,2256555,0.0,0.0,0.0
2024-09-01 00:00:00+03:00,4.179999828338623,4.230000019073486,4.130000114440918,4.170000076293945,1154429,0.0,0.0,0.0
2024-09-02 00:00:00+03:00,4.170000076293945,4.230000019073486,4.119999885559082,4.150000095367432,1344007,0.0,0.0,0.0
2024-09-03 00:00:00+03:00,4.150000095367432,4.179999828338623,4.130000114440918,4.139999866485596,679141,0.0,0.0,0.0
2024-09-04 00:00:00+03:00,4.139999866485596,4.150000095367432,4.070000171661377,4.110000133514404,1846749,0.0,0.0,0.0
2024-09-05 00:00:00+03:00,4.110000133514404,4.159999847412109,4.070000171661377,4.110000133514404,2194001,0.0,0.0,0.0
2024-09-08 00:00:00+03:00,4.110000133514404,4.150000095367432,4.070000171661377,4.090000152587891,689820,0.0,0.0,0.0
2024-09-09 00:00:00+03:00,4.090000152587891,4.139999866485596,4.079999923706055,4.090000152587891,421154,0.0,0.0,0.0
2024-09-10 00:00:00+03:00,4.090000152587891,4.150000095367432,4.059999942779541,4.070000171661377,607824,0.0,0.0,0.0
2024-09-11 00:00:00+03:00,4.070000171661377,4.099999904632568,4.050000190734863,4.079999923706055,439813,0.0,0.0,0.0
2024-09-12 00:00:00+03:00,4.079999923706055,4.139999866485596,4.050000190734863,4.059999942779541,460333,0.0,0.0,0.0
2024-09-16 00:00:00+03:00,4.059999942779541,4.119999885559082,3.990000009536743,4.010000228881836,745922,0.0,0.0,0.0
2024-09-17 00:00:00+03:00,4.010000228881836,4.050000190734863,3.9000000953674316,3.9200000762939453,614275,0.0,0.0,0.0
2024-09-18 00:00:00+03:00,3.9200000762939453,3.9600000381469727,3.869999885559082,3.930000066757202,945670,0.0,0.0,0.0
2024-09-19 00:00:00+03:00,3.930000066757202,4.150000095367432,3.950000047683716,4.059999942779541,1999288,0.0,0.0,0.0
2024-09-22 00:00:00+03:00,4.059999942779541,4.139999866485596,4.079999923706055,4.110000133514404,850828,0.0,0.0,0.0
2024-09-23 00:00:00+03:00,4.110000133514404,4.179999828338623,4.130000114440918,4.130000114440918,1130849,0.0,0.0,0.0
2024-09-24 00:00:00+03:00,4.119999885559082,4.150000095367432,4.090000152587891,4.099999904632568,642404,0.0,0.0,0.0
2024-09-25 00:00:00+03:00,4.110000133514404,4.150000095367432,4.099999904632568,4.119999885559082,537526,0.0,0.0,0.0
2024-09-26 00:00:00+03:00,4.119999885559082,4.150000095367432,4.090000152587891,4.099999904632568,642404,0.0,0.0,0.0
2024-09-29 00:00:00+03:00,4.099999904632568,4.139999866485596,4.070000171661377,4.119999885559082,330682,0.0,0.0,0.0
2024-09-30 00:00:00+03:00,4.119999885559082,4.300000190734863,4.099999904632568,4.28000020980835,3093433,0.0,0.0,0.0
2024-10-01 00:00:00+03:00,4.28000020980835,4.389999866485596,4.230000019073486,4.28000020980835,2970959,0.0,0.0,0.0
2024-10-02 00:00:00+03:00,4.28000020980835,4.28000020980835,4.090000152587891,4.099999904632568,1570402,0.0,0.0,0.0
2024-10-03 00:00:00+03:00,4.099999904632568,4.150000095367432,4.059999942779541,4.119999885559082,932677,0.0,0.0,0.0
2024-10-07 00:00:00+03:00,4.119999885559082,4.210000038146973,4.03000020980835,4.050000190734863,1281542,0.0,0.0,0.0
2024-10-08 00:00:00+03:00,4.050000190734863,4.070000171661377,3.700000047683716,3.8499999046325684,1211649,0.0,0.0,0.0
2024-10-09 00:00:00+03:00,3.8499999046325684,4.099999904632568,3.880000114440918,4.0,2599262,0.0,0.0,0.0
2024-10-10 00:00:00+03:00,4.0,4.079999923706055,3.9100000858306885,3.9100000858306885,1325660,0.0,0.0,0.0
2024-10-13 00:00:00+03:00,3.9100000858306885,3.950000047683716,3.859999895095825,3.9000000953674316,379967,0.0,0.0,0.0
2024-10-14 00:00:00+03:00,3.9000000953674316,3.9100000858306885,3.700000047683716,3.7799999713897705,1024432,0.0,0.0,0.0
2024-10-15 00:00:00+03:00,3.7799999713897705,3.890000104904175,3.7699999809265137,3.8299999237060547,1150339,0.0,0.0,0.0
2024-10-16 00:00:00+03:00,3.8299999237060547,3.890000104904175,3.799999952316284,3.809999942779541,701391,0.0,0.0,0.0
2024-10-17 00:00:00+03:00,3.809999942779541,3.8399999141693115,3.7300000190734863,3.799999952316284,525236,0.0,0.0,0.0
2024-10-20 00:00:00+03:00,3.799999952316284,3.819999933242798,3.7300000190734863,3.75,241812,0.0,0.0,0.0
2024-10-21 00:00:00+03:00,3.75,3.809999942779541,3.7100000381469727,3.799999952316284,424815,0.0,0.0,0.0
2024-10-22 00:00:00+03:00,3.799999952316284,3.950000047683716,3.759999990463257,3.9000000953674316,1079712,0.0,0.0,0.0
2024-10-23 00:00:00+03:00,3.9000000953674316,3.9800000190734863,3.9000000953674316,3.9100000858306885,741807,0.0,0.0,0.0
2024-10-24 00:00:00+03:00,3.9100000858306885,3.950000047683716,3.8499999046325684,3.9200000762939453,763228,0.0,0.0,0.0
2024-10-27 00:00:00+03:00,3.9200000762939453,3.940000057220459,3.880000114440918,3.9100000858306885,1183586,0.0,0.0,0.0
2024-10-28 00:00:00+03:00,3.9100000858306885,4.019999980926514,3.9200000762939453,3.9600000381469727,1425968,0.0,0.0,0.0
2024-10-29 00:00:00+03:00,3.9600000381469727,4.070000171661377,3.9600000381469727,3.9800000190734863,1285908,0.0,0.0,0.0
2024-10-30 00:00:00+03:00,3.9800000190734863,4.010000228881836,3.869999885559082,3.880000114440918,941569,0.0,0.0,0.0
2024-10-31 00:00:00+03:00,3.880000114440918,3.950000047683716,3.8399999141693115,3.8499999046325684,3369127,0.0,0.0,0.0
2024-11-03 00:00:00+02:00,3.8499999046325684,4.0,3.859999895095825,3.9200000762939453,5305775,0.0,0.0,0.0
2024-11-04 00:00:00+02:00,3.9200000762939453,4.050000190734863,3.9200000762939453,3.950000047683716,2917700,0.0,0.0,0.0
2024-11-05 00:00:00+02:00,3.950000047683716,4.0,3.9200000762939453,3.930000066757202,809503,0.0,0.0,0.0
2024-11-06 00:00:00+02:00,3.930000066757202,3.990000009536743,3.9200000762939453,3.950000047683716,499658,0.0,0.0,0.0
2024-11-07 00:00:00+02:00,3.950000047683716,3.9800000190734863,3.9200000762939453,3.930000066757202,457755,0.0,0.0,0.0
2024-11-10 00:00:00+02:00,3.930000066757202,4.03000020980835,3.930000066757202,3.990000009536743,2667234,0.0,0.0,0.0
2024-11-11 00:00:00+02:00,3.990000009536743,4.079999923706055,4.0,4.059999942779541,2293437,0.0,0.0,0.0
2024-11-12 00:00:00+02:00,4.059999942779541,4.090000152587891,4.0,4.010000228881836,1829486,0.0,0.0,0.0
2024-11-13 00:00:00+02:00,4.010000228881836,4.059999942779541,3.9800000190734863,4.019999980926514,1247207,0.0,0.0,0.0
2024-11-14 00:00:00+02:00,4.019999980926514,4.179999828338623,4.010000228881836,4.159999847412109,4895580,0.0,0.0,0.0
2024-11-17 00:00:00+02:00,4.159999847412109,4.190000057220459,4.059999942779541,4.079999923706055,2179795,0.0,0.0,0.0
2024-11-18 00:00:00+02:00,4.079999923706055,4.119999885559082,4.03000020980835,4.03000020980835,1454467,0.0,0.0,0.0
2024-11-19 00:00:00+02:00,4.03000020980835,4.050000190734863,3.940000057220459,3.9600000381469727,1127516,0.0,0.0,0.0
2024-11-20 00:00:00+02:00,3.9600000381469727,4.0,3.930000066757202,3.940000057220459,1295934,0.0,0.0,0.0
2024-11-21 00:00:00+02:00,3.940000057220459,3.9600000381469727,3.9000000953674316,3.9200000762939453,686019,0.0,0.0,0.0
2024-11-24 00:00:00+02:00,3.9200000762939453,3.990000009536743,3.890000104904175,3.9000000953674316,548719,0.0,0.0,0.0
2024-11-25 00:00:00+02:00,3.9000000953674316,3.930000066757202,3.859999895095825,3.880000114440918,917975,0.0,0.0,0.0
2024-11-26 00:00:00+02:00,3.880000114440918,3.9200000762939453,3.869999885559082,3.890000104904175,469980,0.0,0.0,0.0
2024-11-27 00:00:00+02:00,3.890000104904175,3.9100000858306885,3.809999942779541,3.819999933242798,342944,0.0,0.0,0.0
2024-11-28 00:00:00+02:00,3.819999933242798,3.8399999141693115,3.75,3.809999942779541,341848,0.0,0.0,0.0
2024-12-01 00:00:00+02:00,3.809999942779541,3.890000104904175,3.809999942779541,3.869999885559082,262444,0.0,0.0,0.0
2024-12-02 00:00:00+02:00,3.869999885559082,3.9100000858306885,3.8399999141693115,3.9000000953674316,512064,0.0,0.0,0.0
2024-12-03 00:00:00+02:00,3.9000000953674316,3.940000057220459,3.8299999237060547,3.869999885559082,1088725,0.0,0.0,0.0
2024-12-04 00:00:00+02:00,3.869999885559082,4.050000190734863,3.859999895095825,3.9600000381469727,2611489,0.0,0.0,0.0
2024-12-05 00:00:00+02:00,3.9600000381469727,4.010000228881836,3.9700000286102295,3.9700000286102295,850059,0.0,0.0,0.0
2024-12-08 00:00:00+02:00,3.9700000286102295,4.0,3.950000047683716,3.9600000381469727,449267,0.0,0.0,0.0
2024-12-09 00:00:00+02:00,3.9600000381469727,4.010000228881836,3.9100000858306885,3.9100000858306885,745382,0.0,0.0,0.0
2024-12-10 00:00:00+02:00,3.9100000858306885,3.950000047683716,3.869999885559082,3.890000104904175,423569,0.0,0.0,0.0
2024-12-11 00:00:00+02:00,3.890000104904175,3.940000057220459,3.880000114440918,3.9100000858306885,574482,0.0,0.0,0.0
2024-12-12 00:00:00+02:00,3.9100000858306885,3.9600000381469727,3.880000114440918,3.9000000953674316,318604,0.0,0.0,0.0
2024-12-15 00:00:00+02:00,3.9000000953674316,3.940000057220459,3.9000000953674316,3.9200000762939453,571560,0.0,0.0,0.0
2024-12-16 00:00:00+02:00,3.9200000762939453,4.119999885559082,3.9100000858306885,3.950000047683716,3770864,0.0,0.0,0.0
2024-12-17 00:00:00+02:00,3.950000047683716,4.079999923706055,3.9700000286102295,3.9800000190734863,863188,0.0,0.0,0.0
2024-12-18 00:00:00+02:00,3.9800000190734863,4.03000020980835,3.880000114440918,3.890000104904175,812762,0.0,0.0,0.0
2024-12-19 00:00:00+02:00,3.890000104904175,3.930000066757202,3.8299999237060547,3.890000104904175,1135998,0.0,0.0,0.0
2024-12-22 00:00:00+02:00,3.890000104904175,4.0,3.9000000953674316,3.940000057220459,1034931,0.0,0.0,0.0
2024-12-23 00:00:00+02:00,3.940000057220459,3.9800000190734863,3.8399999141693115,3.859999895095825,1064632,0.0,0.0,0.0
2024-12-24 00:00:00+02:00,3.859999895095825,3.9100000858306885,3.8299999237060547,3.8499999046325684,391392,0.0,0.0,0.0
2024-12-25 00:00:00+02:00,3.8499999046325684,3.940000057220459,3.8499999046325684,3.859999895095825,640812,0.0,0.0,0.0
2024-12-26 00:00:00+02:00,3.859999895095825,3.880000114440918,3.8299999237060547,3.8299999237060547,314335,0.0,0.0,0.0
2024-12-29 00:00:00+02:00,3.8299999237060547,3.8499999046325684,3.809999942779541,3.819999933242798,310993,0.0,0.0,0.0
2024-12-30 00:00:00+02:00,3.819999933242798,3.859999895095825,3.6600000858306885,3.690000057220459,484446,0.0,0.0,0.0
2024-12-31 00:00:00+02:00,3.690000057220459,3.799999952316284,3.7100000381469727,3.75,337271,0.0,0.0,0.0
2025-01-02 00:00:00+02:00,3.75,3.8399999141693115,3.7699999809265137,3.819999933242798,359149,0.0,0.0,0.0
2025-01-05 00:00:00+02:00,3.819999933242798,3.859999895095825,3.8299999237060547,3.859999895095825,226219,0.0,0.0,0.0
2025-01-06 00:00:00+02:00,3.859999895095825,3.869999885559082,3.7699999809265137,3.7799999713897705,464977,0.0,0.0,0.0
2025-01-08 00:00:00+02:00,3.7799999713897705,3.799999952316284,3.690000057220459,3.75,359435,0.0,0.0,0.0
2025-01-09 00:00:00+02:00,3.75,3.819999933242798,3.740000009536743,3.759999990463257,238498,0.0,0.0,0.0
2025-01-12 00:00:00+02:00,3.759999990463257,3.75,3.609999895095825,3.7100000381469727,410746,0.0,0.0,0.0
2025-01-13 00:00:00+02:00,3.7100000381469727,3.7699999809265137,3.640000104904175,3.6500000953674316,498848,0.0,0.0,0.0
2025-01-14 00:00:00+02:00,3.6500000953674316,3.680000066757202,3.490000009536743,3.5799999237060547,477122,0.0,0.0,0.0
2025-01-15 00:00:00+02:00,3.5799999237060547,3.75,3.609999895095825,3.640000104904175,520487,0.0,0.0,0.0
2025-01-16 00:00:00+02:00,3.640000104904175,3.7100000381469727,3.609999895095825,3.6600000858306885,367899,0.0,0.0,0.0
2025-01-19 00:00:00+02:00,3.640000104904175,3.759999990463257,3.609999895095825,3.7100000381469727,832921,0.0,0.0,0.0
2025-01-20 00:00:00+02:00,3.7100000381469727,3.740000009536743,3.700000047683716,3.700000047683716,476462,0.0,0.0,0.0
2025-01-21 00:00:00+02:00,3.700000047683716,3.7699999809265137,3.700000047683716,3.740000009536743,488541,0.0,0.0,0.0
2025-01-22 00:00:00+02:00,3.740000009536743,3.7899999618530273,3.7300000190734863,3.740000009536743,500756,0.0,0.0,0.0
2025-01-23 00:00:00+02:00,3.740000009536743,3.7699999809265137,3.7100000381469727,3.7300000190734863,333412,0.0,0.0,0.0
2025-01-26 00:00:00+02:00,3.7300000190734863,3.759999990463257,3.6500000953674316,3.7100000381469727,173776,0.0,0.0,0.0
2025-01-27 00:00:00+02:00,3.7100000381469727,3.8299999237060547,3.690000057220459,3.759999990463257,1156909,0.0,0.0,0.0
2025-01-28 00:00:00+02:00,3.759999990463257,3.8499999046325684,3.740000009536743,3.7699999809265137,977854,0.0,0.0,0.0
2025-01-29 00:00:00+02:00,3.7699999809265137,3.8399999141693115,3.7699999809265137,3.809999942779541,760341,0.0,0.0,0.0
2025-01-30 00:00:00+02:00,3.809999942779541,3.8499999046325684,3.7699999809265137,3.809999942779541,647303,0.0,0.0,0.0
2025-02-02 00:00:00+02:00,3.809999942779541,3.819999933242798,3.759999990463257,3.7699999809265137,292461,0.0,0.0,0.0
2025-02-03 00:00:00+02:00,3.7699999809265137,3.7799999713897705,3.7300000190734863,3.75,236680,0.0,0.0,0.0
2025-02-04 00:00:00+02:00,3.75,3.799999952316284,3.7300000190734863,3.740000009536743,499601,0.0,0.0,0.0
2025-02-05 00:00:00+02:00,3.740000009536743,3.819999933242798,3.7200000286102295,3.7799999713897705,701322,0.0,0.0,0.0
2025-02-06 00:00:00+02:00,3.7799999713897705,3.8499999046325684,3.75,3.759999990463257,494393,0.0,0.0,0.0
2025-02-09 00:00:00+02:00,3.759999990463257,3.809999942779541,3.7300000190734863,3.740000009536743,1832945,0.0,0.0,0.0
2025-02-10 00:00:00+02:00,3.740000009536743,3.75,3.700000047683716,3.7300000190734863,925444,0.0,0.0,0.0
2025-02-11 00:00:00+02:00,3.7300000190734863,3.7300000190734863,3.680000066757202,3.680000066757202,850002,0.0,0.0,0.0
2025-02-12 00:00:00+02:00,3.680000066757202,3.680000066757202,3.5299999713897705,3.5899999141693115,430534,0.0,0.0,0.0
2025-02-13 00:00:00+02:00,3.5899999141693115,3.6500000953674316,3.5899999141693115,3.609999895095825,186994,0.0,0.0,0.0
2025-02-16 00:00:00+02:00,3.609999895095825,3.6700000762939453,3.5999999046325684,3.6500000953674316,275853,0.0,0.0,0.0
2025-02-17 00:00:00+02:00,3.6500000953674316,3.680000066757202,3.619999885559082,3.640000104904175,228885,0.0,0.0,0.0
2025-02-18 00:00:00+02:00,3.640000104904175,3.6700000762939453,3.609999895095825,3.640000104904175,270793,0.0,0.0,0.0
2025-02-19 00:00:00+02:00,3.640000104904175,3.690000057220459,3.619999885559082,3.630000114440918,740501,0.0,0.0,0.0
2025-02-20 00:00:00+02:00,3.630000114440918,3.700000047683716,3.630000114440918,3.6500000953674316,600102,0.0,0.0,0.0
2025-02-23 00:00:00+02:00,3.6500000953674316,3.680000066757202,3.619999885559082,3.630000114440918,343643,0.0,0.0,0.0
2025-02-24 00:00:00+02:00,3.630000114440918,3.6500000953674316,3.609999895095825,3.630000114440918,331108,0.0,0.0,0.0
2025-02-25 00:00:00+02:00,3.630000114440918,3.640000104904175,3.5899999141693115,3.5999999046325684,605968,0.0,0.0,0.0
2025-02-26 00:00:00+02:00,3.5999999046325684,3.619999885559082,3.569999933242798,3.5799999237060547,203389,0.0,0.0,0.0
2025-02-27 00:00:00+02:00,3.5799999237060547,3.609999895095825,3.559999942779541,3.5999999046325684,382417,0.0,0.0,0.0
2025-03-02 00:00:00+02:00,3.5999999046325684,3.640000104904175,3.5899999141693115,3.5999999046325684,216371,0.0,0.0,0.0
2025-03-03 00:00:00+02:00,3.5999999046325684,3.630000114440918,3.5999999046325684,3.609999895095825,367492,0.0,0.0,0.0
2025-03-04 00:00:00+02:00,3.609999895095825,3.609999895095825,3.569999933242798,3.5899999141693115,130532,0.0,0.0,0.0
2025-03-05 00:00:00+02:00,3.5899999141693115,3.609999895095825,3.5399999618530273,3.549999952316284,381531,0.0,0.0,0.0
2025-03-06 00:00:00+02:00,3.549999952316284,3.569999933242798,3.4700000286102295,3.5299999713897705,656374,0.0,0.0,0.0
2025-03-09 00:00:00+02:00,3.5299999713897705,3.7200000286102295,3.5199999809265137,3.680000066757202,1610070,0.0,0.0,0.0
2025-03-10 00:00:00+02:00,3.680000066757202,3.75,3.6700000762939453,3.690000057220459,896332,0.0,0.0,0.0
2025-03-11 00:00:00+02:00,3.690000057220459,3.690000057220459,3.609999895095825,3.619999885559082,472968,0.0,0.0,0.0
2025-03-12 00:00:00+02:00,3.619999885559082,3.680000066757202,3.5999999046325684,3.609999895095825,322906,0.0,0.0,0.0
2025-03-13 00:00:00+02:00,3.609999895095825,3.6600000858306885,3.5899999141693115,3.619999885559082,903838,0.0,0.0,0.0
2025-03-16 00:00:00+02:00,3.619999885559082,3.680000066757202,3.5999999046325684,3.619999885559082,668385,0.0,0.0,0.0
2025-03-17 00:00:00+02:00,3.619999885559082,3.640000104904175,3.5999999046325684,3.619999885559082,443907,0.0,0.0,0.0
2025-03-18 00:00:00+02:00,3.619999885559082,3.680000066757202,3.609999895095825,3.6500000953674316,601537,0.0,0.0,0.0
2025-03-19 00:00:00+02:00,3.6500000953674316,3.75,3.6500000953674316,3.680000066757202,1259427,0.0,0.0,0.0
2025-03-20 00:00:00+02:00,3.680000066757202,3.740000009536743,3.6500000953674316,3.690000057220459,1257068,0.0,0.0,0.0
2025-03-23 00:00:00+02:00,3.690000057220459,3.75,3.6700000762939453,3.6700000762939453,826647,0.0,0.0,0.0
2025-03-24 00:00:00+02:00,3.6700000762939453,3.7300000190734863,3.609999895095825,3.630000114440918,1071936,0.0,0.0,0.0
2025-03-25 00:00:00+02:00,3.630000114440918,4.139999866485596,3.630000114440918,3.8499999046325684,11957934,0.0,0.0,0.0
2025-03-26 00:00:00+02:00,3.8499999046325684,3.9600000381469727,3.7899999618530273,3.799999952316284,3296717,0.0,0.0,0.0
2025-03-27 00:00:00+02:00,3.799999952316284,3.859999895095825,3.759999990463257,3.7699999809265137,1262326,0.0,0.0,0.0
2025-04-03 00:00:00+02:00,3.7699999809265137,3.9600000381469727,3.700000047683716,3.8399999141693115,3408250,0.0,0.0,0.0
2025-04-06 00:00:00+02:00,3.8399999141693115,3.700000047683716,3.549999952316284,3.609999895095825,1658273,0.0,0.0,0.0
2025-04-07 00:00:00+02:00,3.609999895095825,3.6500000953674316,3.5,3.630000114440918,1515478,0.0,0.0,0.0
2025-04-08 00:00:00+02:00,3.630000114440918,3.7799999713897705,3.630000114440918,3.7699999809265137,2433343,0.0,0.0,0.0
2025-04-09 00:00:00+02:00,3.7699999809265137,4.170000076293945,3.759999990463257,3.7799999713897705,21841332,0.0,0.0,0.0
2025-04-10 00:00:00+02:00,3.7799999713897705,3.9700000286102295,3.8299999237060547,3.8299999237060547,5526334,0.0,0.0,0.0
2025-04-13 00:00:00+02:00,3.8299999237060547,4.050000190734863,3.8399999141693115,3.9600000381469727,5482817,0.0,0.0,0.0
2025-04-14 00:00:00+02:00,3.9600000381469727,4.099999904632568,3.9200000762939453,3.940000057220459,8843909,0.0,0.0,0.0
2025-04-15 00:00:00+02:00,3.940000057220459,3.9600000381469727,3.859999895095825,3.869999885559082,1945465,0.0,0.0,0.0
2025-04-16 00:00:00+02:00,3.869999885559082,3.950000047683716,3.869999885559082,3.9200000762939453,1211174,0.0,0.0,0.0
2025-04-17 00:00:00+02:00,3.9200000762939453,3.940000057220459,3.869999885559082,3.880000114440918,823545,0.0,0.0,0.0
2025-04-22 00:00:00+02:00,3.880000114440918,3.930000066757202,3.880000114440918,3.880000114440918,987268,0.0,0.0,0.0
2025-04-23 00:00:00+02:00,3.880000114440918,3.9200000762939453,3.869999885559082,3.890000104904175,710894,0.0,0.0,0.0
2025-04-27 00:00:00+03:00,3.890000104904175,3.9800000190734863,3.890000104904175,3.9100000858306885,884205,0.0,0.0,0.0
2025-04-28 00:00:00+03:00,3.9100000858306885,3.9600000381469727,3.9000000953674316,3.9100000858306885,646962,0.0,0.0,0.0
2025-04-29 00:00:00+03:00,3.9100000858306885,3.9700000286102295,3.9100000858306885,3.930000066757202,1009984,0.0,0.0,0.0
2025-04-30 00:00:00+03:00,3.930000066757202,3.9600000381469727,3.9000000953674316,3.9200000762939453,784582,0.0,0.0,0.0
2025-05-04 00:00:00+03:00,3.9200000762939453,4.449999809265137,3.950000047683716,4.389999866485596,13615117,0.0,0.0,0.0
2025-05-05 00:00:00+03:00,4.389999866485596,5.190000057220459,4.349999904632568,4.860000133514404,27425262,0.0,0.0,0.0
2025-05-06 00:00:00+03:00,4.860000133514404,5.239999771118164,4.699999809265137,4.710000038146973,18785833,0.0,0.0,0.0
2025-05-07 00:00:00+03:00,4.710000038146973,4.820000171661377,4.480000019073486,4.590000152587891,8412852,0.0,0.0,0.0
2025-05-08 00:00:00+03:00,4.590000152587891,4.590000152587891,4.420000076293945,4.539999961853027,2218875,0.0,0.0,0.0
2025-05-11 00:00:00+03:00,4.539999961853027,4.730000019073486,4.46999979019165,4.659999847412109,4352913,0.0,0.0,0.0
2025-05-12 00:00:00+03:00,4.659999847412109,4.940000057220459,4.699999809265137,4.789999961853027,8608210,0.0,0.0,0.0
2025-05-13 00:00:00+03:00,4.789999961853027,4.880000114440918,4.71999979019165,4.820000171661377,3527491,0.0,0.0,0.0
2025-05-14 00:00:00+03:00,4.820000171661377,5.25,4.769999980926514,5.130000114440918,8266370,0.0,0.0,0.0
2025-05-15 00:00:00+03:00,5.130000114440918,5.46999979019165,5.130000114440918,5.320000171661377,9139832,0.0,0.0,0.0
2025-05-18 00:00:00+03:00,5.320000171661377,5.449999809265137,5.099999904632568,5.190000057220459,5169256,0.0,0.0,0.0
2025-05-19 00:00:00+03:00,5.190000057220459,5.199999809265137,5.019999980926514,5.150000095367432,3123884,0.0,0.0,0.0
2025-05-20 00:00:00+03:00,5.150000095367432,5.289999961853027,5.079999923706055,5.150000095367432,5256691,0.0,0.0,0.0
2025-05-21 00:00:00+03:00,5.150000095367432,5.190000057220459,4.800000190734863,4.989999771118164,7864673,0.0,0.0,0.0
2025-05-22 00:00:00+03:00,4.989999771118164,5.019999980926514,4.880000114440918,4.96999979019165,2939680,0.0,0.0,0.0
2025-05-25 00:00:00+03:00,4.96999979019165,4.980000019073486,4.849999904632568,4.949999809265137,1955797,0.0,0.0,0.0
2025-05-26 00:00:00+03:00,4.949999809265137,5.269999980926514,4.980000019073486,5.179999828338623,3861551,0.0,0.0,0.0
2025-05-27 00:00:00+03:00,5.179999828338623,5.28000020980835,5.090000152587891,5.099999904632568,1481466,0.0,0.0,0.0
2025-05-28 00:00:00+03:00,5.099999904632568,5.25,4.960000038146973,4.96999979019165,1397565,0.0,0.0,0.0
2025-05-29 00:00:00+03:00,4.96999979019165,5.059999942779541,4.699999809265137,4.809999942779541,2456781,0.0,0.0,0.0
2025-06-01 00:00:00+03:00,4.809999942779541,4.880000114440918,4.599999904632568,4.610000133514404,3635616,0.0,0.0,0.0
2025-06-02 00:00:00+03:00,4.610000133514404,4.800000190734863,4.619999885559082,4.690000057220459,1350265,0.0,0.0,0.0
2025-06-03 00:00:00+03:00,4.690000057220459,4.800000190734863,4.699999809265137,4.789999961853027,1747003,0.0,0.0,0.0
2025-06-04 00:00:00+03:00,4.789999961853027,4.929999828338623,4.78000020980835,4.789999961853027,1121114,0.0,0.0,0.0
2025-06-10 00:00:00+03:00,4.789999961853027,4.989999771118164,4.789999961853027,4.96999979019165,932609,0.0,0.0,0.0
2025-06-11 00:00:00+03:00,4.96999979019165,5.0,4.860000133514404,4.880000114440918,1368402,0.0,0.0,0.0
2025-06-12 00:00:00+03:00,4.880000114440918,4.920000076293945,4.699999809265137,4.710000038146973,1272283,0.0,0.0,0.0
2025-06-15 00:00:00+03:00,4.710000038146973,4.400000095367432,4.019999980926514,4.340000152587891,427992,0.0,0.0,0.0
2025-06-16 00:00:00+03:00,4.340000152587891,4.699999809265137,4.400000095367432,4.610000133514404,602705,0.0,0.0,0.0
2025-06-17 00:00:00+03:00,4.610000133514404,4.679999828338623,4.309999942779541,4.380000114440918,782399,0.0,0.0,0.0
2025-06-18 00:00:00+03:00,4.380000114440918,4.440000057220459,4.230000019073486,4.329999923706055,457316,0.0,0.0,0.0
2025-06-19 00:00:00+03:00,4.329999923706055,4.400000095367432,3.5199999809265137,4.130000114440918,948516,0.0,0.0,0.0
2025-06-22 00:00:00+03:00,4.130000114440918,4.269999980926514,3.869999885559082,4.210000038146973,335643,0.0,0.0,0.0
2025-06-23 00:00:00+03:00,4.210000038146973,4.389999866485596,4.239999771118164,4.320000171661377,683590,0.0,0.0,0.0
2025-06-24 00:00:00+03:00,4.320000171661377,4.800000190734863,4.380000114440918,4.699999809265137,1652060,0.0,0.0,0.0
2025-06-25 00:00:00+03:00,4.699999809265137,4.840000152587891,4.599999904632568,4.710000038146973,555204,0.0,0.0,0.0
2025-06-29 00:00:00+03:00,4.710000038146973,4.900000095367432,4.71999979019165,4.829999923706055,690792,0.0,0.0,0.0
2025-06-30 00:00:00+03:00,4.829999923706055,4.860000133514404,4.760000228881836,4.840000152587891,585429,0.0,0.0,0.0
2025-07-01 00:00:00+03:00,4.840000152587891,5.03000020980835,4.840000152587891,4.900000095367432,1259096,0.0,0.0,0.0
2025-07-02 00:00:00+03:00,4.900000095367432,5.119999885559082,4.889999866485596,5.110000133514404,1542905,0.0,0.0,0.0
2025-07-06 00:00:00+03:00,5.110000133514404,5.289999961853027,5.119999885559082,5.139999866485596,1860345,0.0,0.0,0.0
2025-07-07 00:00:00+03:00,5.139999866485596,5.25,4.920000076293945,4.989999771118164,1671228,0.0,0.0,0.0
2025-07-09 00:00:00+03:00,4.989999771118164,5.179999828338623,4.989999771118164,5.139999866485596,953284,0.0,0.0,0.0
2025-07-10 00:00:00+03:00,5.139999866485596,5.300000190734863,5.090000152587891,5.28000020980835,1713912,0.0,0.0,0.0
2025-07-13 00:00:00+03:00,5.28000020980835,5.489999771118164,5.21999979019165,5.349999904632568,2069153,0.0,0.0,0.0
2025-07-14 00:00:00+03:00,5.349999904632568,5.699999809265137,5.360000133514404,5.539999961853027,3728182,0.0,0.0,0.0
2025-07-15 00:00:00+03:00,5.539999961853027,5.699999809265137,5.46999979019165,5.679999828338623,4192740,0.0,0.0,0.0
2025-07-16 00:00:00+03:00,5.679999828338623,5.71999979019165,5.389999866485596,5.400000095367432,1678835,0.0,0.0,0.0
2025-07-17 00:00:00+03:00,5.400000095367432,5.599999904632568,5.400000095367432,5.400000095367432,3816775,0.0,0.0,0.0
2025-07-20 00:00:00+03:00,5.400000095367432,5.699999809265137,5.449999809265137,5.5,3249357,0.0,0.0,0.0
2025-07-21 00:00:00+03:00,5.5,5.760000228881836,5.5,5.599999904632568,4245729,0.0,0.0,0.0
2025-07-22 00:00:00+03:00,5.599999904632568,5.699999809265137,5.559999942779541,5.599999904632568,1089308,0.0,0.0,0.0
2025-07-23 00:00:00+03:00,5.599999904632568,5.599999904632568,5.599999904632568,5.599999904632568,0,0.0,0.0,0.0
2025-07-27 00:00:00+03:00,6.0,7.170000076293945,5.960000038146973,7.159999847412109,8390105,0.0,0.0,0.0
2025-07-28 00:00:00+03:00,7.159999847412109,7.199999809265137,6.5,6.570000171661377,5870404,0.0,0.0,0.0
2025-07-29 00:00:00+03:00,6.570000171661377,6.71999979019165,6.550000190734863,6.659999847412109,6119977,0.0,0.0,0.0
2025-07-30 00:00:00+03:00,6.659999847412109,6.840000152587891,6.349999904632568,6.409999847412109,4254784,0.0,0.0,0.0
2025-07-31 00:00:00+03:00,6.409999847412109,6.599999904632568,6.300000190734863,6.460000038146973,3443619,0.0,0.0,0.0
2025-08-03 00:00:00+03:00,6.460000038146973,6.460000038146973,6.460000038146973,6.460000038146973,0,0.0,0.0,0.0
2025-08-04 00:00:00+03:00,6.460000038146973,6.460000038146973,6.460000038146973,6.460000038146973,0,0.0,0.0,0.0
2025-08-05 00:00:00+03:00,6.460000038146973,6.460000038146973,6.460000038146973,6.460000038146973,0,0.0,0.0,0.0
2025-08-06 00:00:00+03:00,6.460000038146973,6.460000038146973,6.460000038146973,6.460000038146973,0,0.0,0.0,0.0
2025-08-07 00:00:00+03:00,6.460000038146973,6.460000038146973,6.460000038146973,6.460000038146973,0,0.0,0.0,0.0
2025-08-10 00:00:00+03:00,7.769999980926514,8.59000015258789,7.5,8.5600004196167,6657222,0.0,0.0,0.0
2025-08-11 00:00:00+03:00,8.5600004196167,8.510000228881836,7.949999809265137,8.149999618530273,5775568,0.0,0.0,0.0
2025-08-12 00:00:00+03:00,6.263250827789307,6.355470180511475,6.163345813751221,6.270936012268066,5565568,0.0,0.0,0.0
2025-08-13 00:00:00+03:00,6.270936012268066,6.4553751945495605,6.263250827789307,6.286305904388428,4666976,0.0,0.0,0.0
2025-08-14 00:00:00+03:00,6.286305904388428,6.3785247802734375,6.247880935668945,6.301675796508789,2756564,0.0,0.0,0.0
2025-08-17 00:00:00+03:00,6.301675796508789,7.1854472160339355,6.255566120147705,7.077857971191406,11794496,0.0,0.0,0.0
2025-08-18 00:00:00+03:00,7.077857971191406,7.062488079071045,6.70897912979126,6.847309112548828,5356359,0.0,0.0,0.0
2025-08-19 00:00:00+03:00,6.847309112548828,6.97795295715332,6.770459175109863,6.9011030197143555,3085825,0.0,0.0,0.0
2025-08-20 00:00:00+03:00,6.9011030197143555,7.001008033752441,6.7627739906311035,6.85499382019043,3623182,0.0,0.0,0.0
2025-08-21 00:00:00+03:00,6.855000019073486,7.940000057220459,6.53000020980835,7.699999809265137,11030397,0.0,1.301241,0.0
2025-08-24 00:00:00+03:00,7.699999809265137,7.739999771118164,7.46999979019165,7.599999904632568,2839993,0.0,0.0,0.0
2025-08-25 00:00:00+03:00,7.599999904632568,8.4399995803833,7.650000095367432,8.210000038146973,10420588,0.0,0.0,0.0
2025-08-26 00:00:00+03:00,8.210000038146973,8.390000343322754,8.010000228881836,8.239999771118164,4997316,0.0,0.0,0.0
2025-08-27 00:00:00+03:00,8.239999771118164,8.239999771118164,7.75,7.860000133514404,2232041,0.0,0.0,0.0
2025-08-28 00:00:00+03:00,7.860000133514404,8.100000381469727,7.869999885559082,7.909999847412109,2368438,0.0,0.0,0.0
2025-08-31 00:00:00+03:00,7.909999847412109,8.390000343322754,7.909999847412109,8.1899995803833,4601076,0.0,0.0,0.0
2025-09-01 00:00:00+03:00,8.1899995803833,8.289999961853027,7.900000095367432,7.920000076293945,2656640,0.0,0.0,0.0
2025-09-02 00:00:00+03:00,7.920000076293945,8.75,7.869999885559082,8.720000267028809,4854697,0.0,0.0,0.0
2025-09-03 00:00:00+03:00,8.720000267028809,8.609999656677246,8.119999885559082,8.140000343322754,4181941,0.0,0.0,0.0
2025-09-07 00:00:00+03:00,8.140000343322754,8.220000267028809,7.599999904632568,7.650000095367432,2435222,0.0,0.0,0.0
2025-09-08 00:00:00+03:00,7.650000095367432,7.920000076293945,7.519999980926514,7.630000114440918,2146779,0.0,0.0,0.0
2025-09-09 00:00:00+03:00,7.630000114440918,7.949999809265137,7.539999961853027,7.599999904632568,1918396,0.0,0.0,0.0
2025-09-10 00:00:00+03:00,7.599999904632568,7.690000057220459,7.510000228881836,7.619999885559082,478525,0.0,0.0,0.0
2025-09-11 00:00:00+03:00,7.619999885559082,7.75,7.519999980926514,7.570000171661377,862442,0.0,0.0,0.0
2025-09-14 00:00:00+03:00,7.570000171661377,7.699999809265137,7.53000020980835,7.599999904632568,1182484,0.0,0.0,0.0
2025-09-15 00:00:00+03:00,7.599999904632568,7.900000095367432,7.400000095367432,7.900000095367432,2806730,0.0,0.0,0.0
2025-09-16 00:00:00+03:00,7.900000095367432,7.960000038146973,7.599999904632568,7.630000114440918,1800198,0.0,0.0,0.0
2025-09-17 00:00:00+03:00,7.630000114440918,7.630000114440918,7.510000228881836,7.619999885559082,285918,0.0,0.0,0.0
2025-09-18 00:00:00+03:00,7.619999885559082,7.730000019073486,7.5,7.670000076293945,834845,0.0,0.0,0.0
2025-09-21 00:00:00+03:00,7.670000076293945,7.699999809265137,7.400000095367432,7.53000020980835,829997,0.0,0.0,0.0
2025-09-22 00:00:00+03:00,7.53000020980835,7.639999866485596,7.369999885559082,7.480000019073486,885417,0.0,0.0,0.0
2025-09-23 00:00:00+03:00,7.480000019073486,7.639999866485596,7.429999828338623,7.460000038146973,715331,0.0,0.0,0.0
2025-09-24 00:00:00+03:00,7.460000038146973,7.599999904632568,7.389999866485596,7.539999961853027,408693,0.0,0.0,0.0
2025-09-25 00:00:00+03:00,7.539999961853027,7.590000152587891,7.489999771118164,7.5,632474,0.0,0.0,0.0
2025-09-28 00:00:00+03:00,7.5,7.75,7.510000228881836,7.650000095367432,989414,0.0,0.0,0.0
2025-09-29 00:00:00+03:00,7.650000095367432,7.78000020980835,7.519999980926514,7.539999961853027,864491,0.0,0.0,0.0
2025-09-30 00:00:00+03:00,7.539999961853027,7.679999828338623,7.420000076293945,7.440000057220459,538836,0.0,0.0,0.0
2025-10-01 00:00:00+03:00,7.440000057220459,7.550000190734863,7.380000114440918,7.400000095367432,649382,0.0,0.0,0.0
2025-10-02 00:00:00+03:00,7.400000095367432,7.449999809265137,7.28000020980835,7.329999923706055,380231,0.0,0.0,0.0
2025-10-05 00:00:00+03:00,7.329999923706055,7.53000020980835,7.309999942779541,7.489999771118164,266291,0.0,0.0,0.0
2025-10-06 00:00:00+03:00,7.489999771118164,7.769999980926514,7.389999866485596,7.610000133514404,1762630,0.0,0.0,0.0
2025-10-07 00:00:00+03:00,7.610000133514404,7.840000152587891,7.579999923706055,7.610000133514404,1478932,0.0,0.0,0.0
2025-10-08 00:00:00+03:00,7.610000133514404,7.71999979019165,7.590000152587891,7.630000114440918,1756196,0.0,0.0,0.0
2025-10-12 00:00:00+03:00,7.630000114440918,7.690000057220459,7.489999771118164,7.610000133514404,699524,0.0,0.0,0.0
2025-10-13 00:00:00+03:00,7.610000133514404,7.789999961853027,7.53000020980835,7.710000038146973,1692817,0.0,0.0,0.0
2025-10-14 00:00:00+03:00,7.710000038146973,7.860000133514404,7.650000095367432,7.710000038146973,1612863,0.0,0.0,0.0
2025-10-15 00:00:00+03:00,7.710000038146973,8.140000343322754,7.75,7.949999809265137,7433548,0.0,0.0,0.0
2025-10-16 00:00:00+03:00,7.949999809265137,8.029999732971191,7.710000038146973,7.760000228881836,1742120,0.0,0.0,0.0
2025-10-19 00:00:00+03:00,7.760000228881836,7.909999847412109,7.730000019073486,7.769999980926514,1766389,0.0,0.0,0.0
2025-10-20 00:00:00+03:00,7.769999980926514,7.849999904632568,7.570000171661377,7.570000171661377,1468190,0.0,0.0,0.0
2025-10-21 00:00:00+03:00,7.570000171661377,7.690000057220459,7.53000020980835,7.610000133514404,1352546,0.0,0.0,0.0
2025-10-22 00:00:00+03:00,7.610000133514404,7.829999923706055,7.480000019073486,7.5,3544049,0.0,0.0,0.0
2025-10-23 00:00:00+03:00,7.5,7.599999904632568,7.46999979019165,7.489999771118164,1574772,0.0,0.0,0.0
2025-10-26 00:00:00+03:00,7.489999771118164,7.590000152587891,7.409999847412109,7.489999771118164,708807,0.0,0.0,0.0
2025-10-27 00:00:00+03:00,7.489999771118164,7.53000020980835,7.28000020980835,7.289999961853027,2555427,0.0,0.0,0.0
2025-10-28 00:00:00+03:00,7.289999961853027,7.690000057220459,7.329999923706055,7.369999885559082,7100255,0.0,0.0,0.0
2025-10-29 00:00:00+03:00,7.369999885559082,7.460000038146973,7.199999809265137,7.210000038146973,1353927,0.0,0.0,0.0
2025-10-30 00:00:00+03:00,7.210000038146973,7.289999961853027,6.829999923706055,6.889999866485596,7421746,0.0,0.0,0.0
2025-11-02 00:00:00+02:00,6.889999866485596,6.940000057220459,6.690000057220459,6.699999809265137,1083022,0.0,0.0,0.0
2025-11-03 00:00:00+02:00,6.699999809265137,7.0,6.619999885559082,6.800000190734863,3761594,0.0,0.0,0.0
2025-11-04 00:00:00+02:00,6.800000190734863,7.0,6.769999980926514,6.860000133514404,2330576,0.0,0.0,0.0
2025-11-05 00:00:00+02:00,6.860000133514404,6.940000057220459,6.659999847412109,6.679999828338623,1460132,0.0,0.0,0.0
2025-11-06 00:00:00+02:00,6.679999828338623,6.78000020980835,6.559999942779541,6.630000114440918,882735,0.0,0.0,0.0
2025-11-09 00:00:00+02:00,6.630000114440918,6.730000019073486,6.5,6.510000228881836,1774297,0.0,0.0,0.0
2025-11-10 00:00:00+02:00,6.510000228881836,6.590000152587891,6.409999847412109,6.429999828338623,1031783,0.0,0.0,0.0
2025-11-11 00:00:00+02:00,6.429999828338623,6.550000190734863,6.409999847412109,6.429999828338623,556287,0.0,0.0,0.0
2025-11-12 00:00:00+02:00,6.429999828338623,6.539999961853027,6.340000152587891,6.360000133514404,1045231,0.0,0.0,0.0
2025-11-13 00:00:00+02:00,6.360000133514404,6.679999828338623,6.300000190734863,6.670000076293945,2850485,0.0,0.0,0.0
2025-11-16 00:00:00+02:00,6.670000076293945,6.739999771118164,6.539999961853027,6.550000190734863,1048579,0.0,0.0,0.0
2025-11-17 00:00:00+02:00,6.550000190734863,6.599999904632568,6.320000171661377,6.349999904632568,1534101,0.0,0.0,0.0
2025-11-18 00:00:00+02:00,6.349999904632568,6.460000038146973,6.260000228881836,6.360000133514404,1210527,0.0,0.0,0.0
2025-11-19 00:00:00+02:00,6.360000133514404,6.420000076293945,6.25,6.28000020980835,588051,0.0,0.0,0.0
2025-11-20 00:00:00+02:00,6.28000020980835,6.619999885559082,6.300000190734863,6.489999771118164,2974338,0.0,0.0,0.0
2025-11-23 00:00:00+02:00,6.489999771118164,6.75,6.510000228881836,6.610000133514404,3057275,0.0,0.0,0.0
2025-11-24 00:00:00+02:00,6.610000133514404,6.650000095367432,6.340000152587891,6.360000133514404,1688337,0.0,0.0,0.0
2025-11-25 00:00:00+02:00,6.360000133514404,6.449999809265137,6.050000190734863,6.130000114440918,1160719,0.0,0.0,0.0
2025-11-26 00:00:00+02:00,6.130000114440918,6.28000020980835,6.0,6.010000228881836,1434163,0.0,0.0,0.0
2025-11-27 00:00:00+02:00,6.010000228881836,6.0,5.599999904632568,5.800000190734863,5039719,0.0,0.0,0.0
2025-11-30 00:00:00+02:00,5.800000190734863,6.039999961853027,5.800000190734863,5.949999809265137,3760063,0.0,0.0,0.0
2025-12-01 00:00:00+02:00,5.949999809265137,6.090000152587891,5.900000095367432,6.070000171661377,1912374,0.0,0.0,0.0
2025-12-02 00:00:00+02:00,6.070000171661377,6.110000133514404,5.900000095367432,5.920000076293945,1462608,0.0,0.0,0.0
2025-12-03 00:00:00+02:00,5.920000076293945,5.980000019073486,5.900000095367432,5.920000076293945,744833,0.0,0.0,0.0
2025-12-04 00:00:00+02:00,5.920000076293945,6.0,5.849999904632568,5.880000114440918,621497,0.0,0.0,0.0
2025-12-07 00:00:00+02:00,5.880000114440918,6.150000095367432,5.849999904632568,6.099999904632568,4372702,0.0,0.0,0.0
2025-12-08 00:00:00+02:00,6.099999904632568,6.150000095367432,6.0,6.099999904632568,1128344,0.0,0.0,0.0
2025-12-09 00:00:00+02:00,6.099999904632568,6.150000095367432,5.869999885559082,5.920000076293945,1283770,0.0,0.0,0.0
2025-12-10 00:00:00+02:00,5.920000076293945,6.400000095367432,5.929999828338623,6.25,7650452,0.0,0.0,0.0
2025-12-11 00:00:00+02:00,6.25,6.369999885559082,6.25,6.300000190734863,1632860,0.0,0.0,0.0
2025-12-14 00:00:00+02:00,6.300000190734863,6.340000152587891,6.150000095367432,6.199999809265137,885845,0.0,0.0,0.0
2025-12-15 00:00:00+02:00,6.199999809265137,6.269999980926514,6.170000076293945,6.199999809265137,742051,0.0,0.0,0.0
2025-12-16 00:00:00+02:00,6.199999809265137,6.25,6.170000076293945,6.179999828338623,578769,0.0,0.0,0.0
2025-12-17 00:00:00+02:00,6.179999828338623,6.230000019073486,6.059999942779541,6.070000171661377,1068560,0.0,0.0,0.0
2025-12-18 00:00:00+02:00,6.070000171661377,6.420000076293945,6.059999942779541,6.349999904632568,14312466,0.0,0.0,0.0
2025-12-21 00:00:00+02:00,6.349999904632568,6.480000019073486,6.159999847412109,6.190000057220459,2455153,0.0,0.0,0.0
2025-12-22 00:00:00+02:00,6.190000057220459,6.199999809265137,5.949999809265137,6.0,3553398,0.0,0.0,0.0
2025-12-23 00:00:00+02:00,6.0,6.090000152587891,5.960000038146973,5.989999771118164,1032056,0.0,0.0,0.0
2025-12-24 00:00:00+02:00,5.989999771118164,6.019999980926514,5.900000095367432,5.949999809265137,1038233,0.0,0.0,0.0
2025-12-25 00:00:00+02:00,5.949999809265137,5.980000019073486,5.849999904632568,5.869999885559082,1287299,0.0,0.0,0.0
2025-12-28 00:00:00+02:00,5.869999885559082,5.980000019073486,5.800000190734863,5.800000190734863,1354209,0.0,0.0,0.0
2025-12-29 00:00:00+02:00,5.800000190734863,5.869999885559082,5.800000190734863,5.820000171661377,700847,0.0,0.0,0.0
2025-12-30 00:00:00+02:00,5.820000171661377,6.090000152587891,5.800000190734863,6.0,2150934,0.0,0.0,0.0
2025-12-31 00:00:00+02:00,6.0,6.28000020980835,5.920000076293945,6.119999885559082,6761256,0.0,0.0,0.0
2026-01-04 00:00:00+02:00,6.119999885559082,6.179999828338623,6.03000020980835,6.079999923706055,2311842,0.0,0.0,0.0
2026-01-05 00:00:00+02:00,6.079999923706055,6.090000152587891,5.920000076293945,5.96999979019165,921777,0.0,0.0,0.0
2026-01-06 00:00:00+02:00,5.96999979019165,6.0,5.900000095367432,5.909999847412109,602973,0.0,0.0,0.0
2026-01-08 00:00:00+02:00,5.909999847412109,5.96999979019165,5.869999885559082,5.909999847412109,706647,0.0,0.0,0.0
2026-01-11 00:00:00+02:00,5.909999847412109,6.059999942779541,5.909999847412109,6.03000020980835,841081,0.0,0.0,0.0
2026-01-12 00:00:00+02:00,6.03000020980835,6.110000133514404,5.909999847412109,5.920000076293945,962281,0.0,0.0,0.0
2026-01-13 00:00:00+02:00,5.920000076293945,5.929999828338623,5.710000038146973,5.739999771118164,1067249,0.0,0.0,0.0
2026-01-14 00:00:00+02:00,5.739999771118164,5.760000228881836,5.320000171661377,5.429999828338623,1323710,0.0,0.0,0.0
2026-01-15 00:00:00+02:00,5.429999828338623,5.5,5.329999923706055,5.380000114440918,556136,0.0,0.0,0.0
2026-01-18 00:00:00+02:00,5.380000114440918,5.53000020980835,5.400000095367432,5.489999771118164,270961,0.0,0.0,0.0
2026-01-19 00:00:00+02:00,5.489999771118164,5.599999904632568,5.46999979019165,5.53000020980835,433495,0.0,0.0,0.0
2026-01-20 00:00:00+02:00,5.53000020980835,5.699999809265137,5.460000038146973,5.670000076293945,1072042,0.0,0.0,0.0
2026-01-21 00:00:00+02:00,5.670000076293945,5.699999809265137,5.559999942779541,5.610000133514404,240913,0.0,0.0,0.0
2026-01-22 00:00:00+02:00,5.610000133514404,5.639999866485596,5.5,5.510000228881836,636665,0.0,0.0,0.0
2026-01-25 00:00:00+02:00,5.510000228881836,5.570000171661377,5.320000171661377,5.340000152587891,668893,0.0,0.0,0.0
2026-01-26 00:00:00+02:00,5.340000152587891,5.440000057220459,5.0,5.010000228881836,1958712,0.0,0.0,0.0
2026-01-27 00:00:00+02:00,5.010000228881836,5.150000095367432,4.949999809265137,5.139999866485596,2091517,0.0,0.0,0.0
2026-01-28 00:00:00+02:00,5.139999866485596,5.199999809265137,4.909999847412109,5.010000228881836,3643864,0.0,0.0,0.0
2026-02-01 00:00:00+02:00,5.010000228881836,5.079999923706055,4.900000095367432,5.0,1902232,0.0,0.0,0.0
2026-02-02 00:00:00+02:00,5.0,5.03000020980835,4.940000057220459,4.980000019073486,1330375,0.0,0.0,0.0
2026-02-03 00:00:00+02:00,4.980000019073486,5.159999847412109,4.96999979019165,5.099999904632568,7060876,0.0,0.0,0.0
2026-02-04 00:00:00+02:00,5.099999904632568,5.139999866485596,5.03000020980835,5.039999961853027,3534383,0.0,0.0,0.0
