Date,Open,High,Low,Close,Volume,Dividends,Stock Splits,Capital Gains
2021-01-03 00:00:00+02:00,4.264837914324456,4.340146603921482,4.205383626011212,4.245019912719727,22663,0.0,0.0,0.0
2021-01-04 00:00:00+02:00,4.2450204752324945,4.336183294694342,4.229166071847825,4.256911277770996,78909,0.0,0.0,0.0
2021-01-05 00:00:00+02:00,4.256911296521231,4.352038000747342,4.2410568930667285,4.308437824249268,135736,0.0,0.0,0.0
2021-01-06 00:00:00+02:00,4.308437801517631,4.3599648959719985,4.26087459140507,4.300510883331299,111652,0.0,0.0,0.0
2021-01-10 00:00:00+02:00,4.30051042775931,4.3996007218291675,4.284655742568918,4.363928318023682,257889,0.0,0.0,0.0
2021-01-11 00:00:00+02:00,4.3639287318624955,4.423382743843097,4.340147127070256,4.359964847564697,57585,0.0,0.0,0.0
2021-01-12 00:00:00+02:00,4.359964434101785,4.3996007218291675,4.30051042775931,4.363928318023682,33946,0.0,0.0,0.0
2021-01-13 00:00:00+02:00,4.363928535804211,4.356000767564786,4.300510642374989,4.328256130218506,59461,0.0,0.0,0.0
2021-01-14 00:00:00+02:00,4.328255787598494,4.478872315760867,4.320328019986622,4.411491394042969,269983,0.0,0.0,0.0
2021-01-17 00:00:00+02:00,4.411491739492339,4.534363075128203,4.367891565704364,4.459054946899414,174646,0.0,0.0,0.0
2021-01-18 00:00:00+02:00,4.459054864317327,4.510581387888303,4.3441098815475305,4.3916730880737305,117043,0.0,0.0,0.0
2021-01-19 00:00:00+02:00,4.391672953985375,4.46301804509541,4.3242920302963,4.363928318023682,110425,0.0,0.0,0.0
2021-01-20 00:00:00+02:00,4.363928278256919,4.435273085217753,4.324291990890727,4.367891311645508,112585,0.0,0.0,0.0
2021-01-21 00:00:00+02:00,4.367891765663019,4.4154549752475,4.336183242772457,4.359964847564697,132208,0.0,0.0,0.0
2021-01-24 00:00:00+02:00,4.3599651544397355,4.423383055181787,4.3203288601637855,4.336183547973633,51150,0.0,0.0,0.0
2021-01-25 00:00:00+02:00,4.336183547973633,4.336183547973633,4.336183547973633,4.336183547973633,0,0.0,0.0,0.0
2021-01-26 00:00:00+02:00,4.3441101608707795,4.399601139050857,4.348074045168578,4.359964847564697,61395,0.0,0.0,0.0
2021-01-27 00:00:00+02:00,4.359964481031213,4.439236490341108,4.332218994273681,4.379782199859619,125835,0.0,0.0,0.0
2021-01-31 00:00:00+02:00,4.379782199859619,4.439236490341108,4.3401467622028065,4.379782199859619,274389,0.0,0.0,0.0
2021-02-01 00:00:00+02:00,4.379782286442181,4.463018181362104,4.359964567222004,4.3916730880737305,155859,0.0,0.0,0.0
2021-02-02 00:00:00+02:00,4.391673021832815,4.530399605773256,4.399600789799084,4.486799716949463,339576,0.0,0.0,0.0
2021-02-03 00:00:00+02:00,4.486799516374627,4.514544718522784,4.359964306554476,4.411491394042969,219823,0.0,0.0,0.0
2021-02-04 00:00:00+02:00,4.411491482897475,4.423382284057614,4.34410970932523,4.367891311645508,90849,0.0,0.0,0.0
2021-02-07 00:00:00+02:00,4.367891610405295,4.45905499253331,4.3441100064583775,4.399600982666016,97422,0.0,0.0,0.0
2021-02-08 00:00:00+02:00,4.399601362254657,4.37978279025749,4.28069304876182,4.3242926597595215,183645,0.0,0.0,0.0
2021-02-09 00:00:00+02:00,4.3242917903623,4.359964192188496,4.241056186101174,4.292582988739014,58597,0.0,0.0,0.0
2021-02-10 00:00:00+02:00,4.292583532730552,4.356000860514841,4.241056723562811,4.284656047821045,98985,0.0,0.0,0.0
2021-02-11 00:00:00+02:00,4.284656047821045,4.3242923383722385,4.245020324268022,4.284656047821045,57697,0.0,0.0,0.0
2021-02-14 00:00:00+02:00,4.284656219067514,4.379782639794528,4.264838498248483,4.308437824249268,42255,0.0,0.0,0.0
2021-02-15 00:00:00+02:00,4.308437565235013,4.359964656863541,4.256911040604644,4.272765159606934,38397,0.0,0.0,0.0
2021-02-16 00:00:00+02:00,4.272765006131853,4.356000616274267,4.2529472872160605,4.268801689147949,111208,0.0,0.0,0.0
2021-02-17 00:00:00+02:00,4.268801514645402,4.35203740488432,4.213310826653103,4.245019912719727,64966,0.0,0.0,0.0
2021-02-18 00:00:00+02:00,4.245020519985854,4.312401735081068,4.20934811199427,4.2410569190979,98487,0.0,0.0,0.0
2021-02-21 00:00:00+02:00,4.241056465749251,4.264838068534834,4.205383778071809,4.248983383178711,25084,0.0,0.0,0.0
2021-02-22 00:00:00+02:00,4.248983229541615,4.280692315608238,4.229165511435943,4.245019912719727,50926,0.0,0.0,0.0
2021-02-23 00:00:00+02:00,4.245020238728617,4.32032836711104,4.252947439979302,4.272765159606934,152836,0.0,0.0,0.0
2021-02-24 00:00:00+02:00,4.272765026198398,4.447164015266354,4.256910907691121,4.375819206237793,120393,0.0,0.0,0.0
2021-02-25 00:00:00+02:00,4.375819206362609,4.637417122973864,4.419418528382236,4.506618022918701,461682,0.0,0.0,0.0
2021-02-28 00:00:00+02:00,4.506618200427146,4.4788727123233265,4.3401469727987205,4.399600982666016,273270,0.0,0.0,0.0
2021-03-01 00:00:00+02:00,4.3996012111108485,4.356001034612775,4.276729300839359,4.308437824249268,154678,0.0,0.0,0.0
2021-03-02 00:00:00+02:00,4.308437850694016,4.280692927977438,4.082512316581554,4.2410569190979,208813,0.0,0.0,0.0
2021-03-03 00:00:00+02:00,4.241056730292223,4.340147031578808,4.042876694717221,4.153857231140137,309475,0.0,0.0,0.0
2021-03-04 00:00:00+02:00,4.153857231140137,4.153857231140137,4.153857231140137,4.153857231140137,0,0.0,0.0,0.0
2021-03-07 00:00:00+02:00,4.161784347911658,4.340146647650353,4.185565950076942,4.229165554046631,62914,0.0,0.0,0.0
2021-03-08 00:00:00+02:00,4.229165859903301,4.193493170576436,4.1023306391822905,4.161784648895264,42828,0.0,0.0,0.0
2021-03-09 00:00:00+02:00,4.16178436984917,4.312401184356568,4.110257281387051,4.193492889404297,178210,0.0,0.0,0.0
2021-03-10 00:00:00+02:00,4.193493170576436,4.213311173814094,4.094402870889066,4.161784648895264,21483,0.0,0.0,0.0
2021-03-11 00:00:00+02:00,4.161784047183711,4.280692049417915,4.145929363386777,4.209347248077393,29964,0.0,0.0,0.0
2021-03-14 00:00:00+02:00,4.209347248077393,4.181601764057039,3.789205073185124,4.209347248077393,6285,0.0,0.0,0.0
2021-03-15 00:00:00+02:00,4.209348328266794,4.233129934816394,4.011167706688568,4.098367214202881,108057,0.0,0.0,0.0
2021-03-16 00:00:00+02:00,4.098367267111008,4.1617851688944185,3.9992769550426828,4.038913249969482,102784,0.0,0.0,0.0
2021-03-17 00:00:00+02:00,4.03891266559854,4.221238575285137,4.042876549666909,4.09440279006958,31888,0.0,0.0,0.0
2021-03-18 00:00:00+02:00,4.09440323241436,4.082512429421838,3.963604399496618,4.0230584144592285,61266,0.0,0.0,0.0
2021-03-21 00:00:00+02:00,4.0230579827038255,3.9834222604815714,3.824877954097179,3.920004367828369,67722,0.0,0.0,0.0
2021-03-22 00:00:00+02:00,3.9200044103224756,3.9636040170885716,3.8050602759836645,3.888295888900757,109707,0.0,0.0,0.0
2021-03-23 00:00:00+02:00,3.8882958060949497,3.872441120473117,3.7654239061444836,3.8209140300750732,73809,0.0,0.0,0.0
2021-03-24 00:00:00+02:00,3.8209143541072956,4.003240560979339,3.769388109836791,3.8328051567077637,44899,0.0,0.0,0.0
2021-03-25 00:00:00+02:00,3.83280460871448,3.8486592934140527,3.765423687111341,3.781278371810913,111334,0.0,0.0,0.0
2021-03-28 00:00:00+02:00,3.7812789124372594,3.9041502558096717,3.7852419463058897,3.8328051567077637,61537,0.0,0.0,0.0
2021-03-29 00:00:00+02:00,3.832804913291205,3.947749898127251,3.8248779955600845,3.888295888900757,28311,0.0,0.0,0.0
2021-03-30 00:00:00+02:00,3.888295888900757,3.9200044103224756,3.8684776023261804,3.888295888900757,11428,0.0,0.0,0.0
2021-03-31 00:00:00+02:00,3.8882958231533618,4.023057958288971,3.8288418149321783,3.955677032470703,180465,0.0,0.0,0.0
2021-04-01 00:00:00+02:00,3.955676754323791,4.114221048597838,3.9120771513606676,3.9873852729797363,67545,0.0,0.0,0.0
2021-04-04 00:00:00+02:00,3.987385888505573,3.9318957596674635,3.856587059425015,3.8962230682373047,32850,0.0,0.0,0.0
2021-04-05 00:00:00+02:00,3.896222720552884,3.844695913694967,3.6148070830981074,3.7456061840057373,154330,0.0,0.0,0.0
2021-04-06 00:00:00+02:00,3.745606631618606,3.7376788626180018,3.5870620245725537,3.6465163230895996,157602,0.0,0.0,0.0
2021-04-07 00:00:00+02:00,3.6465162109789713,3.8803686628598393,3.6544431292385475,3.686152219772339,104820,0.0,0.0,0.0
2021-04-08 00:00:00+02:00,3.68615201734793,3.8843320504317447,3.753533228596427,3.8288419246673584,53871,0.0,0.0,0.0
2021-04-11 00:00:00+02:00,3.8288420964541,3.9239685166023204,3.809023525258365,3.8684778213500977,26929,0.0,0.0,0.0
2021-04-12 00:00:00+02:00,3.868477906737588,3.963604328985499,3.805060575404748,3.8645145893096924,127114,0.0,0.0,0.0
2021-04-13 00:00:00+02:00,3.8645141810141,3.80506017339062,3.698042676169286,3.7852416038513184,125842,0.0,0.0,0.0
2021-04-14 00:00:00+02:00,3.7852417586200904,3.7456063189153213,3.5712073224242475,3.670297622680664,85686,0.0,0.0,0.0
2021-04-15 00:00:00+02:00,3.670297671690681,3.6346252651817017,3.527607762155678,3.567244052886963,110314,0.0,0.0,0.0
2021-04-18 00:00:00+02:00,3.567244052886963,3.71786088036932,3.5434624485476434,3.567244052886963,7893,0.0,0.0,0.0
2021-04-19 00:00:00+02:00,3.5672437510591597,3.64651575881628,3.468153457863697,3.563279867172241,26655,0.0,0.0,0.0
2021-04-20 00:00:00+02:00,3.5632801424923506,3.7218247372548094,3.626698037097151,3.662370443344116,71058,0.0,0.0,0.0
2021-04-21 00:00:00+02:00,3.6623706144963184,3.713897142428599,3.678224734514568,3.686152219772339,38335,0.0,0.0,0.0
2021-04-22 00:00:00+02:00,3.686152219772339,3.7059702241690227,3.686152219772339,3.686152219772339,10590,0.0,0.0,0.0
2021-04-25 00:00:00+02:00,3.68615187464459,3.959640593211667,3.68615187464459,3.7852416038513184,109677,0.0,0.0,0.0
2021-04-26 00:00:00+02:00,3.7852414970345363,4.042876373296557,3.8328047017911206,3.9675676822662354,154957,0.0,0.0,0.0
2021-04-27 00:00:00+02:00,3.9675675161044577,4.090439406745487,3.971531116334844,4.046839237213135,152343,0.0,0.0,0.0
2021-04-28 00:00:00+02:00,4.046839274293544,4.062693958859414,3.8565864614917467,3.9715311527252197,36525,0.0,0.0,0.0
2021-05-04 00:00:00+02:00,3.9715317640649674,4.019095258085941,3.805060527238399,3.923968553543091,77763,0.0,0.0,0.0
2021-05-05 00:00:00+02:00,3.923968080409421,4.2093475926300545,3.963603800899465,4.12611198425293,347127,0.0,0.0,0.0
2021-05-06 00:00:00+02:00,4.126112071760953,4.300510493011727,4.213310998887271,4.268801689147949,317613,0.0,0.0,0.0
2021-05-09 00:00:00+02:00,4.268801376401807,4.64930756188816,4.3005101779424955,4.403563499450684,534099,0.0,0.0,0.0
2021-05-10 00:00:00+02:00,4.40356380112505,4.752361208965733,4.201420177454937,4.5660719871521,1290076,0.0,0.0,0.0
2021-05-11 00:00:00+02:00,4.566072245598247,4.732543758012872,4.4669819448875305,4.601744651794434,388134,0.0,0.0,0.0
2021-05-17 00:00:00+02:00,4.601744538364642,4.938650872078767,4.554181331275458,4.7563252449035645,1633759,0.0,0.0,0.0
2021-05-18 00:00:00+02:00,4.756325657783129,5.033777723221316,4.855415397654809,4.946578502655029,1021824,0.0,0.0,0.0
2021-05-19 00:00:00+02:00,4.946578252164747,4.990178143739132,4.641380428639481,4.780107021331787,438120,0.0,0.0,0.0
2021-05-20 00:00:00+02:00,4.780106831931012,4.657234930542782,4.518508910345351,4.562108516693115,379765,0.0,0.0,0.0
2021-05-23 00:00:00+02:00,4.562108935463743,4.637417636839967,4.439237022796706,4.514545440673828,317529,0.0,0.0,0.0
2021-05-24 00:00:00+02:00,4.514545075889225,4.577962969318447,4.221238629962309,4.328256130218506,610410,0.0,0.0,0.0
2021-05-25 00:00:00+02:00,4.3282559798916,4.4194185075008905,4.157820592125661,4.268801689147949,250110,0.0,0.0,0.0
2021-05-26 00:00:00+02:00,4.268801626967023,4.63345314958788,4.359964436747471,4.49472713470459,768370,0.0,0.0,0.0
2021-05-27 00:00:00+02:00,4.49472759683545,4.558144926660504,4.359964885022539,4.431309700012207,330901,0.0,0.0,0.0
2021-05-30 00:00:00+02:00,4.431309550798215,4.518509049681774,4.359964738210918,4.415454864501953,318229,0.0,0.0,0.0
2021-05-31 00:00:00+02:00,4.415454839553117,4.558144747420549,4.332219225338246,4.451127529144287,534306,0.0,0.0,0.0
2021-06-01 00:00:00+02:00,4.451127291737593,4.494727180357104,4.27276498729126,4.379782199859619,172342,0.0,0.0,0.0
2021-06-02 00:00:00+02:00,4.379782326293923,4.514545029510105,4.304474198774616,4.387710094451904,322335,0.0,0.0,0.0
2021-06-03 00:00:00+02:00,4.387710273197797,4.435273482094399,4.288619971164123,4.356000900268555,160797,0.0,0.0,0.0
2021-06-06 00:00:00+02:00,4.35600093874104,4.498690850190179,4.367891741070211,4.4273457527160645,258934,0.0,0.0,0.0
2021-06-07 00:00:00+02:00,4.427345533252901,4.4788726242908705,4.359964606893424,4.387710094451904,281259,0.0,0.0,0.0
2021-06-08 00:00:00+02:00,4.387709744763784,4.379781977237624,4.304473855720162,4.340146541595459,159273,0.0,0.0,0.0
2021-06-09 00:00:00+02:00,4.340146541595459,4.403563578821786,4.312401056248216,4.340146541595459,240280,0.0,0.0,0.0
2021-06-10 00:00:00+02:00,4.340147324716787,4.391673570448251,4.284656344009698,4.316365718841553,55486,0.0,0.0,0.0
2021-06-13 00:00:00+02:00,4.316365158069331,4.316365158069331,4.201420177607545,4.248983383178711,259728,0.0,0.0,0.0
2021-06-14 00:00:00+02:00,4.248983469757738,4.300510560342173,4.201420263217405,4.260874271392822,49965,0.0,0.0,0.0
2021-06-15 00:00:00+02:00,4.260874753599183,4.3163657345076745,4.165748329752988,4.217275142669678,225849,0.0,0.0,0.0
2021-06-16 00:00:00+02:00,4.217274469464928,4.288619559459842,4.201420068021405,4.229165554046631,98610,0.0,0.0,0.0
2021-06-17 00:00:00+02:00,4.229165770039028,4.320328299496088,4.181602279780231,4.2806925773620605,112507,0.0,0.0,0.0
2021-06-20 00:00:00+02:00,4.280692275251653,4.34807348007249,4.193492785513869,4.304473876953125,82905,0.0,0.0,0.0
2021-06-21 00:00:00+02:00,4.304474074514286,4.419418488013634,4.328255960806322,4.379782199859619,141841,0.0,0.0,0.0
2021-06-22 00:00:00+02:00,4.379782605687242,4.470945991838894,4.379782605687242,4.431309700012207,209713,0.0,0.0,0.0
2021-06-23 00:00:00+02:00,4.431309636991545,4.494727532912878,4.375819509621171,4.4273457527160645,298189,0.0,0.0,0.0
2021-06-24 00:00:00+02:00,4.427345469407012,4.45509095656538,4.359964544019222,4.383746147155762,126309,0.0,0.0,0.0
2021-06-27 00:00:00+02:00,4.38374583026978,4.629489044916752,4.340146511170175,4.530399322509766,520614,0.0,0.0,0.0
2021-06-28 00:00:00+02:00,4.530399712076559,4.637417211156511,4.419418612419538,4.562108516693115,307320,0.0,0.0,0.0
2021-06-29 00:00:00+02:00,4.562108562948075,4.490763468338385,4.419418657227773,4.459054946899414,132474,0.0,0.0,0.0
2021-06-30 00:00:00+02:00,4.459054902466409,4.577962919799217,4.431309414923012,4.5185089111328125,230707,0.0,0.0,0.0
2021-07-04 00:00:00+02:00,4.518509239421744,4.550218046347606,4.4828368316301495,4.502654552459717,103593,0.0,0.0,0.0
2021-07-05 00:00:00+02:00,4.502654380316685,4.605707998885846,4.419418765318517,4.478872776031494,325174,0.0,0.0,0.0
2021-07-06 00:00:00+02:00,4.4788728715259,4.474909270727193,4.241056823603495,4.359964847564697,101203,0.0,0.0,0.0
2021-07-07 00:00:00+02:00,4.359964698205228,4.415454823987103,4.3203284080768904,4.344110012054443,66183,0.0,0.0,0.0
2021-07-08 00:00:00+02:00,4.344109447446492,4.383745732423264,4.280692128581173,4.332218647003174,107866,0.0,0.0,0.0
2021-07-11 00:00:00+02:00,4.332219429431022,4.336183313793743,4.272765416476638,4.308437824249268,81450,0.0,0.0,0.0
2021-07-12 00:00:00+02:00,4.308437560117178,4.359964651684499,4.280692639271819,4.328256130218506,16125,0.0,0.0,0.0
2021-07-13 00:00:00+02:00,4.32825652177917,4.379782767510634,4.280693026529597,4.316365718841553,81562,0.0,0.0,0.0
2021-07-14 00:00:00+02:00,4.316365221767972,4.431309353428841,4.320328255292585,4.383746147155762,86419,0.0,0.0,0.0
2021-07-15 00:00:00+02:00,4.383745996691422,4.4273453174462025,4.348073593211005,4.367891311645508,51444,0.0,0.0,0.0
2021-07-18 00:00:00+02:00,4.367891396947972,4.633453195042137,4.3797821983403304,4.5660719871521,526881,0.0,0.0,0.0
2021-07-25 00:00:00+02:00,4.566072049194306,5.21213950062252,4.637417142016943,4.962432384490967,840535,0.0,0.0,0.0
2021-07-26 00:00:00+02:00,4.962432653828586,5.33104780550612,4.950541568130194,5.148722171783447,1119789,0.0,0.0,0.0
2021-07-27 00:00:00+02:00,5.14872204302191,5.25177565950534,4.998104651932582,5.109086036682129,277938,0.0,0.0,0.0
2021-07-28 00:00:00+02:00,5.10908651299852,5.271593870642984,5.037741694935488,5.14079475402832,408900,0.0,0.0,0.0
2021-07-29 00:00:00+02:00,5.140794011550606,5.156648980272914,4.9188323874121185,5.029813766479492,293001,0.0,0.0,0.0
2021-08-01 00:00:00+02:00,5.029813807818986,5.049631526638023,4.720652688157493,4.8395609855651855,557803,0.0,0.0,0.0
2021-08-02 00:00:00+02:00,4.839560818946102,5.188357647736164,4.799924248676388,4.990177631378174,536683,0.0,0.0,0.0
2021-08-03 00:00:00+02:00,4.990177986400767,5.013959590055651,4.736506980417185,4.807851791381836,268588,0.0,0.0,0.0
2021-08-04 00:00:00+02:00,4.807851617749641,4.8633425912718415,4.704798005633521,4.784070014953613,151089,0.0,0.0,0.0
2021-08-05 00:00:00+02:00,4.784069839573232,4.922796134296861,4.7761426389318276,4.815779209136963,94159,0.0,0.0,0.0
2021-08-08 00:00:00+02:00,4.815779209136963,4.815779209136963,4.815779209136963,4.815779209136963,0,0.0,0.0,0.0
2021-08-09 00:00:00+02:00,4.815779209136963,4.815779209136963,4.815779209136963,4.815779209136963,0,0.0,0.0,0.0
2021-08-10 00:00:00+02:00,4.784070319673337,4.835597412512466,4.716689107459436,4.760288715362549,70852,0.0,0.0,0.0
2021-08-11 00:00:00+02:00,4.76028895802419,5.033777705038777,4.768216726863419,4.926760196685791,526237,0.0,0.0,0.0
2021-08-15 00:00:00+02:00,4.926759827962533,5.6322818730085595,5.1130499077818845,5.545082092285156,2422497,0.0,0.0,0.0
2021-08-16 00:00:00+02:00,5.54508234778768,5.687771976821928,5.176467189283449,5.342938423156738,1731949,0.0,0.0,0.0
2021-08-17 00:00:00+02:00,5.342938688706014,5.23988506261497,5.073413820467898,5.14079475402832,810657,0.0,0.0,0.0
2021-08-18 00:00:00+02:00,5.140794423532338,5.311230106223109,5.1051223002932495,5.200248718261719,405837,0.0,0.0,0.0
2021-08-19 00:00:00+02:00,5.200248567764546,5.208176336030661,5.0337773411374656,5.109086036682129,339897,0.0,0.0,0.0
2021-08-22 00:00:00+02:00,5.109086233109917,5.117012867684466,5.033777534669878,5.065486907958984,187881,0.0,0.0,0.0
2021-08-23 00:00:00+02:00,5.065486498234161,5.1526851414829125,5.065486498234161,5.101158618927002,197155,0.0,0.0,0.0
2021-08-24 00:00:00+02:00,5.10115872982039,5.144758052392565,4.986214030315296,5.033777236938477,216085,0.0,0.0,0.0
2021-08-25 00:00:00+02:00,5.033777193540532,5.089268167787317,4.9941411883629305,5.049631595611572,218166,0.0,0.0,0.0
2021-08-26 00:00:00+02:00,5.04963186099868,5.093231185486364,4.76821649294679,4.954505443572998,270301,0.0,0.0,0.0
2021-08-29 00:00:00+02:00,4.954505227983636,4.922796423554845,4.772179035519945,4.859378814697266,103140,0.0,0.0,0.0
2021-08-30 00:00:00+02:00,4.859378877889188,4.938650889992026,4.795960701208763,4.863342761993408,131365,0.0,0.0,0.0
2021-08-31 00:00:00+02:00,4.86334310424099,4.990178332531293,4.8157798936321266,4.9109063148498535,117033,0.0,0.0,0.0
2021-09-01 00:00:00+02:00,4.9109057316486044,4.9703594543500795,4.8791963613435225,4.922796249389648,69703,0.0,0.0,0.0
2021-09-02 00:00:00+02:00,4.922796745636168,5.140794506847855,4.839561412063872,4.974323272705078,201150,0.0,0.0,0.0
2021-09-05 00:00:00+02:00,4.974323059257644,5.113049932254487,4.855415039972271,4.879196643829346,195700,0.0,0.0,0.0
2021-09-06 00:00:00+02:00,4.879196812080194,4.946578308831189,4.641380481809674,4.665162086486816,147360,0.0,0.0,0.0
2021-09-07 00:00:00+02:00,4.665162257366801,4.752361761209442,4.558145032399729,4.688943862915039,114508,0.0,0.0,0.0
2021-09-08 00:00:00+02:00,4.688943319840903,4.8316332201030665,4.669125601011763,4.7404704093933105,60883,0.0,0.0,0.0
2021-09-09 00:00:00+02:00,4.740470540274914,4.871269359252364,4.665161845849428,4.692907333374023,77172,0.0,0.0,0.0
2021-09-12 00:00:00+02:00,4.692907266887882,4.708761952462636,4.478872555367107,4.613635540008545,52738,0.0,0.0,0.0
2021-09-13 00:00:00+02:00,4.613635324807362,4.748397452665659,4.625526125809481,4.649307727813721,36687,0.0,0.0,0.0
2021-09-14 00:00:00+02:00,4.649307987457546,4.756325202453073,4.677052624347127,4.684980392456055,73144,0.0,0.0,0.0
2021-09-15 00:00:00+02:00,4.684980460609342,4.752361387532099,4.601744564236232,4.633453369140625,115341,0.0,0.0,0.0
2021-09-16 00:00:00+02:00,4.633453455294492,4.7087621518417855,4.6017446498005095,4.645344257354736,24315,0.0,0.0,0.0
2021-09-19 00:00:00+02:00,4.6453443065068845,4.657235108692944,4.538327086832349,4.542290687561035,105420,0.0,0.0,0.0
2021-09-20 00:00:00+02:00,4.542289984615257,4.562107985191739,4.348073295466693,4.4471635818481445,95208,0.0,0.0,0.0
2021-09-21 00:00:00+02:00,4.4471635818481445,4.4471635818481445,4.4471635818481445,4.4471635818481445,0,0.0,0.0,0.0
2021-09-22 00:00:00+02:00,4.308437824249268,4.470946026656109,4.356001034612775,4.308437824249268,23830,0.0,0.0,0.0
2021-09-23 00:00:00+02:00,4.308437347720327,4.518508737256011,4.423382327050326,4.49472713470459,85393,0.0,0.0,0.0
2021-09-26 00:00:00+02:00,4.4947272881021405,4.6175986219788125,4.490763404042558,4.498690605163574,48021,0.0,0.0,0.0
2021-09-27 00:00:00+02:00,4.498690605163574,4.601744503235855,4.478872602361034,4.498690605163574,86421,0.0,0.0,0.0
2021-09-28 00:00:00+02:00,4.498690605163574,4.498690605163574,4.498690605163574,4.498690605163574,0,0.0,0.0,0.0
2021-09-29 00:00:00+02:00,4.498690605163574,4.498690605163574,4.498690605163574,4.498690605163574,0,0.0,0.0,0.0
2021-09-30 00:00:00+02:00,4.474909020498511,4.5977809218867405,4.47887262107558,4.562108516693115,53032,0.0,0.0,0.0
2021-10-03 00:00:00+02:00,4.562108516693115,4.621562525349157,4.4392366153048854,4.562108516693115,26344,0.0,0.0,0.0
2021-10-04 00:00:00+02:00,4.562108543027677,4.542290540027932,4.407527836130582,4.439236640930176,58924,0.0,0.0,0.0
2021-10-05 00:00:00+02:00,4.439236729012738,4.502654339870247,4.241056695083025,4.407527923583984,42784,0.0,0.0,0.0
2021-10-06 00:00:00+02:00,4.407527923583984,4.439236729012738,4.328256193511182,4.407527923583984,28374,0.0,0.0,0.0
2021-10-10 00:00:00+02:00,4.407527923583984,4.474909135120087,4.328256193511182,4.407527923583984,24507,0.0,0.0,0.0
2021-10-11 00:00:00+02:00,4.407527726751416,4.4550909327704575,4.359964520732376,4.375819206237793,123882,0.0,0.0,0.0
2021-10-12 00:00:00+02:00,4.375819206237793,4.4709456182758744,4.3639284047330325,4.375819206237793,25365,0.0,0.0,0.0
2021-10-13 00:00:00+02:00,4.375819206237793,4.43923653076411,4.371855322237136,4.375819206237793,18538,0.0,0.0,0.0
2021-10-14 00:00:00+02:00,4.3758194245071795,4.4273456665998365,4.359964738210918,4.415454864501953,186826,0.0,0.0,0.0
2021-10-17 00:00:00+02:00,4.415454796026561,4.5145450954712985,4.407527878249988,4.466981887817383,56496,0.0,0.0,0.0
2021-10-18 00:00:00+02:00,4.466981887817383,4.466981887817383,4.466981887817383,4.466981887817383,0,0.0,0.0,0.0
2021-10-19 00:00:00+02:00,4.4788728067505295,4.506618295439301,4.332219295820254,4.356000900268555,83754,0.0,0.0,0.0
2021-10-20 00:00:00+02:00,4.356000550179889,4.478872446786737,4.241056421416834,4.363928318023682,276952,0.0,0.0,0.0
2021-10-24 00:00:00+02:00,4.363928510053397,4.5977809452908796,4.443200238499229,4.570035457611084,224613,0.0,0.0,0.0
2021-10-25 00:00:00+02:00,4.570035131527392,4.700833941903663,4.439236321151123,4.58588981628418,392842,0.0,0.0,0.0
2021-10-26 00:00:00+02:00,5.019749143566831,4.611921399379516,4.338590144554461,4.3472676277160645,197368,0.666667,0.0,0.0
2021-10-27 00:00:00+02:00,4.347267887162283,4.377637683599568,4.134676829539703,4.238802909851074,114501,0.0,0.0,0.0
2021-10-28 00:00:00+02:00,4.238802741872861,4.338590231550143,4.186739703780366,4.256157398223877,84883,0.0,0.0,0.0
2021-10-31 00:00:00+02:00,4.256157398223877,4.273511433934524,4.12599980299264,4.256157398223877,44941,0.0,0.0,0.0
2021-11-01 00:00:00+02:00,4.256157398223877,4.243141638700753,4.147692425210995,4.256157398223877,36117,0.0,0.0,0.0
2021-11-02 00:00:00+02:00,4.256157764310453,4.28218928559576,4.126000157883918,4.1954169273376465,49750,0.0,0.0,0.0
2021-11-03 00:00:00+02:00,4.195416960902054,4.251818901124994,3.9047319478774494,3.943779230117798,130384,0.0,0.0,0.0
2021-11-04 00:00:00+02:00,3.943778979844479,4.034889299290073,3.861345523359223,3.948117256164551,74463,0.0,0.0,0.0
2021-11-07 00:00:00+02:00,3.948117256164551,3.948117256164551,3.948117256164551,3.948117256164551,0,0.0,0.0,0.0
2021-11-08 00:00:00+02:00,3.948117256164551,3.948117256164551,3.948117256164551,3.948117256164551,0,0.0,0.0,0.0
2021-11-09 00:00:00+02:00,3.948117256164551,3.948117256164551,3.948117256164551,3.948117256164551,0,0.0,0.0,0.0
2021-11-10 00:00:00+02:00,3.948117408175914,4.008857933798484,3.865684569157198,3.8700225353240967,53493,0.0,0.0,0.0
2021-11-11 00:00:00+02:00,3.8700230431423934,3.9915041103280875,3.8700230431423934,3.9871652126312256,50311,0.0,0.0,0.0
2021-11-14 00:00:00+02:00,3.987165212631226,4.013196736890912,3.9307638870554875,3.9871652126312256,20103,0.0,0.0,0.0
2021-11-15 00:00:00+02:00,3.987164917205311,3.987164917205311,3.796267086778711,3.8266375064849854,101247,0.0,0.0,0.0
2021-11-16 00:00:00+02:00,3.8266375064849854,3.939440459598661,3.8396532676504354,3.8266375064849854,37893,0.0,0.0,0.0
2021-11-17 00:00:00+02:00,3.8266375064849854,3.935101872543511,3.874361653771411,3.8266375064849854,16882,0.0,0.0,0.0
2021-11-18 00:00:00+02:00,3.8266375064849854,3.9307635958085854,3.883038827881711,3.8266375064849854,23806,0.0,0.0,0.0
2021-11-21 00:00:00+02:00,3.826637331007403,4.013196255503622,3.8309752972231794,3.995842218399048,99054,0.0,0.0,0.0
2021-11-22 00:00:00+02:00,3.995842218399048,3.995842218399048,3.995842218399048,3.995842218399048,0,0.0,0.0,0.0
2021-11-23 00:00:00+02:00,3.995842218399048,3.995842218399048,3.995842218399048,3.995842218399048,0,0.0,0.0,0.0
2021-11-24 00:00:00+02:00,3.965471982955932,4.0218739250077045,3.909070351224384,3.9654719829559326,21489,0.0,0.0,0.0
2021-11-25 00:00:00+02:00,3.965471589861054,3.9915034199383963,3.7962667114395905,3.9611330032348633,59541,0.0,0.0,0.0
2021-11-28 00:00:00+02:00,3.961133003234863,3.961133003234863,3.961133003234863,3.9611330032348633,0,0.0,0.0,0.0
2021-11-29 00:00:00+02:00,3.961133003234863,3.9481172433562888,3.9047316874145688,3.9611330032348633,27525,0.0,0.0,0.0
2021-11-30 00:00:00+02:00,3.961133003234863,4.0131960427491595,3.9047316874145688,3.9611330032348633,44034,0.0,0.0,0.0
2021-12-01 00:00:00+02:00,3.961133003234863,3.961133003234863,3.961133003234863,3.9611330032348633,0,0.0,0.0,0.0
2021-12-02 00:00:00+02:00,4.00451987245793,4.095630207366829,3.974149450501383,3.9871652126312256,56439,0.0,0.0,0.0
2021-12-05 00:00:00+02:00,3.987165212631226,4.078275547540126,3.969811173445016,3.9871652126312256,17517,0.0,0.0,0.0
2021-12-06 00:00:00+02:00,3.987164472091287,4.091290549790592,3.9741487123788737,4.013195991516113,80658,0.0,0.0,0.0
2021-12-07 00:00:00+02:00,4.013195991516113,4.078274790078178,3.9481171929540477,4.013195991516113,45363,0.0,0.0,0.0
2021-12-08 00:00:00+02:00,4.013195991516113,4.034889234690325,3.961132952666461,4.013195991516113,18541,0.0,0.0,0.0
2021-12-09 00:00:00+02:00,4.013196357715096,4.182401249416194,3.974149075014843,4.1173224449157715,213904,0.0,0.0,0.0
2021-12-12 00:00:00+02:00,4.117321980440075,4.208432606782681,4.091290461576526,4.104306221008301,101365,0.0,0.0,0.0
2021-12-13 00:00:00+02:00,4.104306221008301,4.195416537030724,4.078274702144751,4.104306221008301,22885,0.0,0.0,0.0
2021-12-14 00:00:00+02:00,4.104306221008301,4.173723914964615,4.008857628828802,4.104306221008301,42609,0.0,0.0,0.0
2021-12-15 00:00:00+02:00,4.104306221008301,4.139015533466733,4.052243183281202,4.104306221008301,8214,0.0,0.0,0.0
2021-12-16 00:00:00+02:00,4.104306221008301,4.121660877237517,4.039227423849427,4.104306221008301,12007,0.0,0.0,0.0
2021-12-19 00:00:00+02:00,4.104306221008301,4.13033773987185,4.056582080078643,4.104306221008301,33739,0.0,0.0,0.0
2021-12-20 00:00:00+02:00,4.104306221008301,4.104306221008301,4.104306221008301,4.104306221008301,0,0.0,0.0,0.0
2021-12-21 00:00:00+02:00,4.104306221008301,4.13033773987185,4.078274702144751,4.104306221008301,6201,0.0,0.0,0.0
2021-12-22 00:00:00+02:00,4.104306221008301,4.125999774034957,4.082613598942192,4.104306221008301,7480,0.0,0.0,0.0
2021-12-23 00:00:00+02:00,4.104306221008301,4.152031292898507,4.091290461576526,4.104306221008301,25030,0.0,0.0,0.0
2021-12-26 00:00:00+02:00,4.104306502292695,4.191078858425079,4.112984296482301,4.147692680358887,61506,0.0,0.0,0.0
2021-12-27 00:00:00+02:00,4.147692680358887,4.191078858425079,4.078274981645102,4.147692680358887,40645,0.0,0.0,0.0
2021-12-28 00:00:00+02:00,4.147692707033267,4.212771509070779,4.086952802118461,4.121661186218262,51075,0.0,0.0,0.0
2021-12-29 00:00:00+02:00,4.121661186218262,4.199755748663277,4.134676946625764,4.121661186218262,29944,0.0,0.0,0.0
2021-12-30 00:00:00+02:00,4.121661287516797,4.208433025699413,4.134677048244189,4.1693854331970215,50878,0.0,0.0,0.0
2022-01-02 00:00:00+02:00,4.1693854331970215,4.308220834929633,4.208433025699413,4.1693854331970215,37068,0.0,0.0,0.0
2022-01-03 00:00:00+02:00,4.1693854331970215,4.308220834929633,4.204094749110495,4.1693854331970215,43935,0.0,0.0,0.0
2022-01-04 00:00:00+02:00,4.169385434253729,4.412347232187271,4.204094750175999,4.33425235748291,185815,0.0,0.0,0.0
2022-01-05 00:00:00+02:00,4.334252226097286,4.564197325369093,4.321236465761146,4.455732345581055,237514,0.0,0.0,0.0
2022-01-09 00:00:00+02:00,4.455732345581055,4.455732345581055,4.455732345581055,4.455732345581055,0,0.0,0.0,0.0
2022-01-10 00:00:00+02:00,4.434039644900867,4.4904415823635295,4.377637707438204,4.38197660446167,57655,0.0,0.0,0.0
2022-01-11 00:00:00+02:00,4.381976657246765,4.4687480820371395,4.295204922136189,4.32991361618042,82168,0.0,0.0,0.0
2022-01-12 00:00:00+02:00,4.329913784260489,4.421024109663346,4.299543365472655,4.321236610412598,46348,0.0,0.0,0.0
2022-01-13 00:00:00+02:00,4.321236557698876,4.468748200993352,4.316897970827855,4.364622116088867,173299,0.0,0.0,0.0
2022-01-16 00:00:00+02:00,4.364622116088867,4.355945252667038,4.316897970827855,4.364622116088867,38373,0.0,0.0,0.0
2022-01-17 00:00:00+02:00,4.364622116088867,4.416685158541109,4.303882210214796,4.364622116088867,27615,0.0,0.0,0.0
2022-01-18 00:00:00+02:00,4.364622116088867,4.390653637314989,4.316897970827855,4.364622116088867,50400,0.0,0.0,0.0
2022-01-19 00:00:00+02:00,4.364621986642259,4.390653507096334,4.329913603023695,4.342929363250732,54960,0.0,0.0,0.0
2022-01-20 00:00:00+02:00,4.342929363250732,4.381976643931845,4.316897842796658,4.342929363250732,24424,0.0,0.0,0.0
2022-01-23 00:00:00+02:00,4.342929363250732,4.390653507096334,4.316897842796658,4.342929363250732,44994,0.0,0.0,0.0
2022-01-24 00:00:00+02:00,4.342929363250732,4.390653507096334,4.308220669311966,4.342929363250732,16297,0.0,0.0,0.0
2022-01-25 00:00:00+02:00,4.342929363250732,4.390653507096334,4.295204909084929,4.342929363250732,24973,0.0,0.0,0.0
2022-01-26 00:00:00+02:00,4.342929363250732,4.38631523067419,4.30388208256962,4.342929363250732,21844,0.0,0.0,0.0
2022-01-30 00:00:00+02:00,4.342929363250732,4.4297007877774455,4.351606226415222,4.342929363250732,21639,0.0,0.0,0.0
2022-01-31 00:00:00+02:00,4.342929363250732,4.390653507096334,4.316897842796658,4.342929363250732,15762,0.0,0.0,0.0
2022-02-01 00:00:00+02:00,4.342929836010814,4.512134737381506,4.338590938475945,4.481764316558838,66654,0.0,0.0,0.0
2022-02-02 00:00:00+02:00,4.481764316558838,4.4904421116285755,4.347268423225447,4.481764316558838,14281,0.0,0.0,0.0
2022-02-03 00:00:00+02:00,4.481764316558838,4.468748554914939,4.373299946513246,4.481764316558838,10477,0.0,0.0,0.0
2022-02-06 00:00:00+02:00,4.481764316558838,4.438379065052978,4.230126568430353,4.481764316558838,36373,0.0,0.0,0.0
2022-02-07 00:00:00+02:00,4.481764316558838,4.468748554914939,4.381977120942512,4.481764316558838,20193,0.0,0.0,0.0
2022-02-08 00:00:00+02:00,4.481763788316599,4.425362781814533,4.338590427108807,4.38197660446167,54319,0.0,0.0,0.0
2022-02-09 00:00:00+02:00,4.38197660446167,4.403669227657803,4.338590427108807,4.38197660446167,20122,0.0,0.0,0.0
2022-02-10 00:00:00+02:00,4.38197660446167,4.403669227657803,4.325574666999008,4.38197660446167,5811,0.0,0.0,0.0
2022-02-13 00:00:00+02:00,4.38197688532433,4.38197688532433,4.251818965563671,4.260496139526367,149212,0.0,0.0,0.0
2022-02-14 00:00:00+02:00,4.260496139526367,4.273511900470411,4.208433095750191,4.260496139526367,33475,0.0,0.0,0.0
2022-02-15 00:00:00+02:00,4.260496139526367,4.329913841548154,4.243142101921194,4.260496139526367,16560,0.0,0.0,0.0
2022-02-16 00:00:00+02:00,4.260496139526367,4.338590705190631,4.299543422358499,4.260496139526367,5748,0.0,0.0,0.0
2022-02-17 00:00:00+02:00,4.260496139526367,4.338590705190631,4.273511900470411,4.260496139526367,24538,0.0,0.0,0.0
2022-02-20 00:00:00+02:00,4.260496139526367,4.338590705190631,4.282189384753326,4.260496139526367,14631,0.0,0.0,0.0
2022-02-21 00:00:00+02:00,4.260496139526367,4.338590705190631,4.256157862865238,4.260496139526367,8460,0.0,0.0,0.0
2022-02-22 00:00:00+02:00,4.260496139526367,4.269173623809282,4.217110580033106,4.260496139526367,16024,0.0,0.0,0.0
2022-02-23 00:00:00+02:00,4.260495917771755,4.338590479371274,4.251818744260698,4.32991361618042,53475,0.0,0.0,0.0
2022-02-24 00:00:00+02:00,4.3299140455494145,4.25615806339153,4.034889806597644,4.086953163146973,83514,0.0,0.0,0.0
2022-02-27 00:00:00+02:00,4.086952537147442,4.260495687675877,4.12166091899698,4.234464168548584,48403,0.0,0.0,0.0
2022-02-28 00:00:00+02:00,4.234464168548584,4.290865793324386,4.238802755069799,4.234464168548584,12241,0.0,0.0,0.0
2022-03-01 00:00:00+02:00,4.234464168548584,4.312558725930463,4.234464168548584,4.234464168548584,12388,0.0,0.0,0.0
2022-03-02 00:00:00+02:00,4.234464229395848,4.273511508647879,3.904731649045366,4.008857727050781,735855,0.0,0.0,0.0
2022-03-03 00:00:00+02:00,4.008857765515256,4.1563694004514256,4.086952635088818,4.1390156745910645,105522,0.0,0.0,0.0
2022-03-06 00:00:00+02:00,4.1390156745910645,4.130337880700303,4.095629498018999,4.1390156745910645,33298,0.0,0.0,0.0
2022-03-07 00:00:00+02:00,4.139016042496929,4.204094847659414,4.056582578970893,4.078275203704834,72249,0.0,0.0,0.0
2022-03-08 00:00:00+02:00,4.078275203704834,4.078275203704834,4.078275203704834,4.078275203704834,0,0.0,0.0,0.0
2022-03-09 00:00:00+02:00,4.078275203704834,4.18240129196481,4.078275203704834,4.078275203704834,35505,0.0,0.0,0.0
2022-03-10 00:00:00+02:00,4.078275203704834,4.134677145165876,4.112984520431935,4.078275203704834,15856,0.0,0.0,0.0
2022-03-13 00:00:00+02:00,4.078274968654202,4.186739947993872,4.121661146582191,4.160708427429199,107451,0.0,0.0,0.0
2022-03-14 00:00:00+02:00,4.160708427429199,4.160708427429199,4.160708427429199,4.160708427429199,24888,0.0,0.0,0.0
2022-03-15 00:00:00+02:00,4.1607084142583775,4.182401037673399,4.095629613052705,4.173724174499512,54379,0.0,0.0,0.0
2022-03-16 00:00:00+02:00,4.173724174499512,4.230126112531297,4.121661133534975,4.173724174499512,36031,0.0,0.0,0.0
2022-03-17 00:00:00+02:00,4.173724174499512,4.295204913736968,4.173724174499512,4.173724174499512,48108,0.0,0.0,0.0
2022-03-20 00:00:00+02:00,4.173723896001032,4.390653218878311,4.173723896001032,4.308220386505127,130902,0.0,0.0,0.0
2022-03-21 00:00:00+02:00,4.308220682402776,4.477425876188603,4.308220682402776,4.32991361618042,194157,0.0,0.0,0.0
2022-03-22 00:00:00+02:00,4.329913758472244,4.447055604721098,4.303882237083609,4.338590621948242,148119,0.0,0.0,0.0
2022-03-23 00:00:00+02:00,4.338590621948242,4.377637904031193,4.208433015005071,4.338590621948242,34354,0.0,0.0,0.0
2022-03-24 00:00:00+02:00,4.338590376073636,4.672662168935837,4.408008072829532,4.43403959274292,209070,0.0,0.0,0.0
2022-03-27 00:00:00+02:00,4.434039801182178,4.4470555617507275,4.351606340594483,4.38631534576416,57157,0.0,0.0,0.0
2022-03-28 00:00:00+02:00,4.38631534576416,4.377637861731583,4.260496016614631,4.38631534576416,34957,0.0,0.0,0.0
2022-03-29 00:00:00+02:00,4.386315139568376,4.512134152483084,4.273511576290167,4.43403959274292,109597,0.0,0.0,0.0
2022-03-30 00:00:00+02:00,4.434039814867891,4.507795481330446,4.347268077476401,4.373299598693848,48735,0.0,0.0,0.0
2022-03-31 00:00:00+02:00,4.373299598693848,4.381976772432997,4.295205035041507,4.373299598693848,26247,0.0,0.0,0.0
2022-04-03 00:00:00+02:00,4.37329968248407,4.468748285123246,4.338590676542256,4.451394557952881,85683,0.0,0.0,0.0
2022-04-04 00:00:00+02:00,4.451394557952881,4.490441840527177,4.381976856389469,4.451394557952881,53556,0.0,0.0,0.0
2022-04-05 00:00:00+02:00,4.451394557952881,4.512134464970459,4.41668524169085,4.451394557952881,23109,0.0,0.0,0.0
2022-04-06 00:00:00+02:00,4.451394557952881,4.503457601385277,4.360283921625971,4.451394557952881,10864,0.0,0.0,0.0
2022-04-07 00:00:00+02:00,4.451394557952881,4.381976856389469,4.308220878193575,4.451394557952881,27522,0.0,0.0,0.0
2022-04-10 00:00:00+02:00,4.451395069580154,4.364622699912424,4.273512363433838,4.273512363433838,50566,0.0,0.0,0.0
2022-04-11 00:00:00+02:00,4.273512363433838,4.277850950885199,4.195417478989083,4.273512363433838,37422,0.0,0.0,0.0
2022-04-12 00:00:00+02:00,4.273512363433838,4.3385911752042565,4.195417478989083,4.273512363433838,30900,0.0,0.0,0.0
2022-04-13 00:00:00+02:00,4.273512363433838,4.377638462266507,4.186740614406614,4.273512363433838,18646,0.0,0.0,0.0
2022-04-14 00:00:00+02:00,4.273512363433838,4.251819426177032,4.169385954280916,4.273512363433838,13875,0.0,0.0,0.0
2022-04-17 00:00:00+02:00,4.273512363433838,4.17372485205253,3.8656851430058827,4.273512363433838,36645,0.0,0.0,0.0
2022-04-18 00:00:00+02:00,4.273511508647879,4.121660978223315,3.904731649045366,4.008857727050781,67033,0.0,0.0,0.0
2022-04-19 00:00:00+02:00,4.008857727050781,4.217110193381803,4.05658217946993,4.008857727050781,946,0.0,0.0,0.0
2022-04-20 00:00:00+02:00,4.008857727050781,4.060920766053489,3.9915033807165456,4.008857727050781,42330,0.0,0.0,0.0
2022-04-21 00:00:00+02:00,4.008857727050781,4.147692497724669,3.9611329643114424,4.008857727050781,42582,0.0,0.0,0.0
2022-04-26 00:00:00+02:00,4.008857727050781,4.060920766053489,4.008857727050781,4.008857727050781,6520,0.0,0.0,0.0
2022-04-27 00:00:00+02:00,4.008857727050781,4.078274802067535,4.060920766053489,4.008857727050781,13068,0.0,0.0,0.0
2022-04-28 00:00:00+02:00,4.008857727050781,4.234464229395848,4.169385120322273,4.008857727050781,25008,0.0,0.0,0.0
2022-05-08 00:00:00+02:00,4.008857565371125,4.4644097589125025,4.178062745625968,4.360283374786377,136222,0.0,0.0,0.0
2022-05-09 00:00:00+02:00,4.360283374786377,4.447055102958,4.29520457865766,4.360283374786377,35574,0.0,0.0,0.0
2022-05-10 00:00:00+02:00,4.360283374786377,4.425362481235272,4.25181840425167,4.360283374786377,39192,0.0,0.0,0.0
2022-05-11 00:00:00+02:00,4.360283374786377,4.338590132423293,4.230125782528942,4.360283374786377,29512,0.0,0.0,0.0
2022-05-12 00:00:00+02:00,4.360283374786377,4.360283374786377,4.25181840425167,4.360283374786377,29535,0.0,0.0,0.0
2022-05-15 00:00:00+02:00,4.360283423995674,4.421023634401312,4.27351138452458,4.308220386505127,56884,0.0,0.0,0.0
2022-05-16 00:00:00+02:00,4.308220947322088,4.316898121366719,4.23012638092041,4.23012638092041,55224,0.0,0.0,0.0
2022-05-17 00:00:00+02:00,4.23012638092041,4.33425246945598,4.143354019833658,4.23012638092041,19038,0.0,0.0,0.0
2022-05-18 00:00:00+02:00,4.23012638092041,4.295205186255141,4.169385541967551,4.23012638092041,16497,0.0,0.0,0.0
2022-05-19 00:00:00+02:00,4.23012638092041,4.295205186255141,4.130338258766712,4.23012638092041,33156,0.0,0.0,0.0
2022-05-22 00:00:00+02:00,4.23012638092041,4.273511940823343,4.156369780900604,4.23012638092041,12378,0.0,0.0,0.0
2022-05-23 00:00:00+02:00,4.23012638092041,4.256157903054302,4.169385541967551,4.23012638092041,11758,0.0,0.0,0.0
2022-05-24 00:00:00+02:00,4.23012638092041,4.23012638092041,4.130338258766712,4.23012638092041,37111,0.0,0.0,0.0
2022-05-25 00:00:00+02:00,4.23012638092041,4.160708678243142,4.078275214498927,4.23012638092041,36289,0.0,0.0,0.0
2022-05-26 00:00:00+02:00,4.230126208058249,4.14335385051741,4.034889489712092,4.082613945007324,77799,0.0,0.0,0.0
2022-05-29 00:00:00+02:00,4.082613945007324,4.134676987147577,4.121661226612513,4.082613945007324,552,0.0,0.0,0.0
2022-05-30 00:00:00+02:00,4.082614129169542,4.165047593263633,4.034889671721513,4.052243709564209,53515,0.0,0.0,0.0
2022-05-31 00:00:00+02:00,4.052243709564209,4.160708695902681,4.078275231808589,4.052243709564209,44557,0.0,0.0,0.0
2022-06-01 00:00:00+02:00,4.052243709564209,4.139016071019254,4.099968787652685,4.052243709564209,11685,0.0,0.0,0.0
2022-06-02 00:00:00+02:00,4.05224368163984,4.112984520431935,4.073937237334444,4.078275203704834,52092,0.0,0.0,0.0
2022-06-05 00:00:00+02:00,4.078275203704834,4.078275203704834,4.078275203704834,4.078275203704834,0,0.0,0.0,0.0
2022-06-06 00:00:00+02:00,4.078275203704834,4.199755950328361,4.1043067257698285,4.078275203704834,14413,0.0,0.0,0.0
2022-06-07 00:00:00+02:00,4.078275617802331,4.282189848656813,4.199756376760697,4.273512363433838,46608,0.0,0.0,0.0
2022-06-08 00:00:00+02:00,4.273511830419471,4.3385906340729266,4.251818895868319,4.33425235748291,96303,0.0,0.0,0.0
2022-06-09 00:00:00+02:00,4.33425235748291,4.386315400405675,4.295205075290837,4.33425235748291,42327,0.0,0.0,0.0
2022-06-12 00:00:00+02:00,4.33425235748291,4.295205075290837,4.208433026766016,4.33425235748291,26700,0.0,0.0,0.0
2022-06-13 00:00:00+02:00,4.33425235748291,4.251818895868319,4.1867400922148645,4.33425235748291,13101,0.0,0.0,0.0
2022-06-14 00:00:00+02:00,4.33425235748291,4.295205075290837,4.273511830419471,4.33425235748291,4545,0.0,0.0,0.0
2022-06-15 00:00:00+02:00,4.334251968856727,4.286527206803171,4.208432649421291,4.234464168548584,178620,0.0,0.0,0.0
2022-06-16 00:00:00+02:00,4.234464548227399,4.3385906340729266,4.212771613676247,4.33425235748291,75349,0.0,0.0,0.0
2022-06-19 00:00:00+02:00,4.334252398836601,4.360283920546354,4.282189355417096,4.295205116271973,66918,0.0,0.0,0.0
2022-06-20 00:00:00+02:00,4.295205315608529,4.338590876818051,4.251819133758545,4.251819133758545,47278,0.0,0.0,0.0
2022-06-21 00:00:00+02:00,4.251819133758545,4.338590876818051,4.264834895217471,4.251819133758545,24952,0.0,0.0,0.0
2022-06-22 00:00:00+02:00,4.251819133758545,4.299543592441273,4.295205315608529,4.251819133758545,8758,0.0,0.0,0.0
2022-06-23 00:00:00+02:00,4.251818895868319,4.425362992917962,4.312559112611544,4.33425235748291,107803,0.0,0.0,0.0
2022-06-26 00:00:00+02:00,4.334252278324134,4.516473235546024,4.399331391109229,4.403669357299805,57910,0.0,0.0,0.0
2022-06-27 00:00:00+02:00,4.403669357299805,4.481763920257668,4.299543273355987,4.403669357299805,29632,0.0,0.0,0.0
2022-06-28 00:00:00+02:00,4.403669357299805,4.338590554834918,4.230126194380316,4.403669357299805,24010,0.0,0.0,0.0
2022-06-29 00:00:00+02:00,4.403669357299805,4.299543273355987,4.273511752370032,4.403669357299805,6576,0.0,0.0,0.0
2022-07-03 00:00:00+02:00,4.403669357299805,4.37763783631385,4.25181881821507,4.403669357299805,8220,0.0,0.0,0.0
2022-07-04 00:00:00+02:00,4.403669267323371,4.38631523067419,4.165047306814556,4.342929363250732,62707,0.0,0.0,0.0
2022-07-05 00:00:00+02:00,4.342929363250732,4.338590466188185,4.30388208256962,4.342929363250732,24825,0.0,0.0,0.0
2022-07-06 00:00:00+02:00,4.342929363250732,4.316897842796658,4.299543185507073,4.342929363250732,3658,0.0,0.0,0.0
2022-07-07 00:00:00+02:00,4.342929363250732,4.447055445067031,4.256157628403817,4.342929363250732,41335,0.0,0.0,0.0
2022-07-17 00:00:00+02:00,4.342929363250732,4.468748068458558,4.338590466188185,4.342929363250732,5211,0.0,0.0,0.0
2022-07-18 00:00:00+02:00,4.342929363250732,4.342929363250732,4.2040945874956686,4.342929363250732,19305,0.0,0.0,0.0
2022-07-19 00:00:00+02:00,4.342929363250732,4.4557323082315206,4.342929363250732,4.342929363250732,26125,0.0,0.0,0.0
2022-07-20 00:00:00+02:00,4.342929363250732,4.4513943421295785,4.338590466188185,4.342929363250732,29547,0.0,0.0,0.0
2022-07-21 00:00:00+02:00,4.342929363250732,4.468748068458558,4.408008164385919,4.342929363250732,41713,0.0,0.0,0.0
2022-07-24 00:00:00+02:00,4.342929363250732,4.490441622810691,4.416685027550408,4.342929363250732,10155,0.0,0.0,0.0
2022-07-25 00:00:00+02:00,4.342929363250732,4.503457383037728,4.425362821675504,4.342929363250732,15568,0.0,0.0,0.0
2022-07-26 00:00:00+02:00,4.342929026157009,4.551181173625286,4.42536247818338,4.53382682800293,62058,0.0,0.0,0.0
2022-07-27 00:00:00+02:00,4.53382682800293,4.512133895974984,4.447055099891148,4.53382682800293,19108,0.0,0.0,0.0
2022-07-28 00:00:00+02:00,4.53382682800293,4.525149655191751,4.447055099891148,4.53382682800293,16876,0.0,0.0,0.0
2022-07-31 00:00:00+02:00,4.53382682800293,4.5425043111342855,4.451393996616915,4.53382682800293,31179,0.0,0.0,0.0
2022-08-01 00:00:00+02:00,4.53382682800293,4.620598866434889,4.481763480815682,4.53382682800293,36871,0.0,0.0,0.0
2022-08-02 00:00:00+02:00,4.533827204459079,4.59022883241492,4.468748092651367,4.468748092651367,48000,0.0,0.0,0.0
2022-08-03 00:00:00+02:00,4.468748092651367,4.564197311819917,4.468748092651367,4.468748092651367,29248,0.0,0.0,0.0
2022-08-04 00:00:00+02:00,4.468748092651367,4.568536208905954,4.429700811758861,4.468748092651367,34401,0.0,0.0,0.0
2022-08-07 00:00:00+02:00,4.468748092651367,4.6379532868390925,4.520811133841374,4.468748092651367,25480,0.0,0.0,0.0
2022-08-08 00:00:00+02:00,4.46874857505086,4.642292685058636,4.555520940374985,4.611922264099121,57240,0.0,0.0,0.0
2022-08-09 00:00:00+02:00,4.611921707752441,4.772449726372569,4.555520390832125,4.698693752288818,99225,0.0,0.0,0.0
2022-08-10 00:00:00+02:00,4.698693992392671,4.850544535030564,4.6943554054601595,4.772449970245361,131158,0.0,0.0,0.0
2022-08-11 00:00:00+02:00,4.772449868183397,4.837528670779313,4.711709652427209,4.724725723266602,47938,0.0,0.0,0.0
2022-08-14 00:00:00+02:00,4.72472585163692,4.81583617774666,4.729063817954092,4.746418476104736,217486,0.0,0.0,0.0
2022-08-15 00:00:00+02:00,4.7464185898408475,4.815836293146194,4.6726626097941555,4.781126976013184,75553,0.0,0.0,0.0
2022-08-16 00:00:00+02:00,4.781126524948938,4.941654541402615,4.685677928919496,4.7550950050354,115927,0.0,0.0,0.0
2022-08-17 00:00:00+02:00,4.7550950050354,4.8592213950097465,4.750757039023536,4.7550950050354,11407,0.0,0.0,0.0
2022-08-18 00:00:00+02:00,4.7550950050354,4.7550950050354,4.7550950050354,4.7550950050354,0,0.0,0.0,0.0
2022-08-21 00:00:00+02:00,4.772450276292146,4.833190186922205,4.776789173823117,4.789804935455322,64333,0.0,0.0,0.0
2022-08-22 00:00:00+02:00,4.789804935455322,4.8548837436163526,4.772450276292146,4.789804935455322,25876,0.0,0.0,0.0
2022-08-23 00:00:00+02:00,4.789804935455322,4.789804935455322,4.789804935455322,4.789804935455322,0,0.0,0.0,0.0
2022-08-24 00:00:00+02:00,4.7550950050354,4.837528461748465,4.750757039023536,4.7550950050354,20443,0.0,0.0,0.0
2022-08-25 00:00:00+02:00,4.7550950050354,4.8331895647760135,4.750757039023536,4.7550950050354,5593,0.0,0.0,0.0
2022-08-28 00:00:00+02:00,4.7550951569531055,4.859221550254123,4.776788711547852,4.776788711547852,65991,0.0,0.0,0.0
2022-08-29 00:00:00+02:00,4.776788595753499,4.915623059375551,4.815835875924757,4.885252952575684,70351,0.0,0.0,0.0
2022-08-30 00:00:00+02:00,4.885252952575684,4.902607299318465,4.785465458804691,4.885252952575684,14997,0.0,0.0,0.0
2022-08-31 00:00:00+02:00,4.885252952575684,4.876575779204293,4.820173841970056,4.885252952575684,38775,0.0,0.0,0.0
2022-09-01 00:00:00+02:00,4.885252952575684,4.915623059375551,4.820173841970056,4.885252952575684,28645,0.0,0.0,0.0
2022-09-04 00:00:00+02:00,4.885253277048914,5.0457813054019365,4.902607624944353,5.028426647186279,153516,0.0,0.0,0.0
2022-09-05 00:00:00+02:00,5.028426769327217,5.09784447291535,4.924300679425356,5.0761518478393555,42510,0.0,0.0,0.0
2022-09-06 00:00:00+02:00,5.076151267887052,5.119536513082261,4.9459933600600925,5.011072158813477,89916,0.0,0.0,0.0
2022-09-07 00:00:00+02:00,5.011072158813477,5.093504993580907,4.950331636323461,5.011072158813477,34959,0.0,0.0,0.0
2022-09-08 00:00:00+02:00,5.011072731330466,5.089167609077088,4.902607744029134,5.0761518478393555,84052,0.0,0.0,0.0
2022-09-11 00:00:00+02:00,5.076151369294187,5.3538209161890125,5.076151369294187,5.245356559753418,247804,0.0,0.0,0.0
2022-09-12 00:00:00+02:00,5.2453563136764485,5.332127422369969,5.123875271968645,5.145567893981934,101904,0.0,0.0,0.0
2022-09-13 00:00:00+02:00,5.145567893981934,5.206308725156018,5.07615113115519,5.145567893981934,37075,0.0,0.0,0.0
2022-09-14 00:00:00+02:00,5.145568493781721,5.141230527449731,4.989379362774343,5.03710412979126,63007,0.0,0.0,0.0
2022-09-15 00:00:00+02:00,5.037103948547807,5.184615900302604,5.032765361731489,5.0587968826293945,40293,0.0,0.0,0.0
2022-09-18 00:00:00+02:00,5.058796597171451,5.097843876314948,4.837528371704779,4.846205234527588,73644,0.0,0.0,0.0
2022-09-19 00:00:00+02:00,4.84620550208487,4.972025140245197,4.802820254614969,4.902607440948486,67761,0.0,0.0,0.0
2022-09-20 00:00:00+02:00,4.902607440948486,5.067473739767683,4.911284614570549,4.902607440948486,5361,0.0,0.0,0.0
2022-09-21 00:00:00+02:00,4.902607440948486,5.080489500200778,4.88525309370436,4.902607440948486,27385,0.0,0.0,0.0
2022-09-22 00:00:00+02:00,4.902607874246257,5.028426902886192,4.79414288406401,4.941655158996582,117832,0.0,0.0,0.0
2022-09-25 00:00:00+02:00,4.941654907709088,5.058797066323515,4.772450015728566,5.028426647186279,83181,0.0,0.0,0.0
2022-09-26 00:00:00+02:00,5.028426208496357,5.054457728068472,4.95033164978001,4.989378929138184,91812,0.0,0.0,0.0
2022-09-27 00:00:00+02:00,4.9893789038386895,5.050119736506012,4.945993348425349,5.015410423278809,89611,0.0,0.0,0.0
2022-09-28 00:00:00+02:00,5.015410423278809,5.050119736506012,4.972024867865468,5.015410423278809,52039,0.0,0.0,0.0
2022-09-29 00:00:00+02:00,5.015411119562735,5.2063095759328695,5.050120437608595,5.110860347747803,387165,0.0,0.0,0.0
2022-10-02 00:00:00+02:00,5.110859627809899,5.228001465051997,5.141230044081743,5.197631359100342,90594,0.0,0.0,0.0
2022-10-03 00:00:00+02:00,5.197631359100342,5.249694087554418,5.184615599406775,5.197631359100342,15574,0.0,0.0,0.0
2022-10-04 00:00:00+02:00,5.197631640139599,5.288741962920957,5.20630912405803,5.241017818450928,71808,0.0,0.0,0.0
2022-10-05 00:00:00+02:00,5.241017492964765,5.700908285750195,5.214985973786743,5.579427242279053,311058,0.0,0.0,0.0
2022-10-09 00:00:00+02:00,5.579427498955599,5.692230753916441,5.518687284745916,5.640167713165283,213186,0.0,0.0,0.0
2022-10-10 00:00:00+02:00,5.640167272132041,5.692230308812126,5.601119684301801,5.609797477722168,116779,0.0,0.0,0.0
2022-10-11 00:00:00+02:00,5.609797709128526,5.661860747956232,5.5100099077219005,5.527364253997803,96072,0.0,0.0,0.0
2022-10-12 00:00:00+02:00,5.527364944009055,5.61847558365157,5.44493147858771,5.470963001251221,82009,0.0,0.0,0.0
2022-10-13 00:00:00+02:00,5.470963001251221,5.6054595119995865,5.4926562471243745,5.470963001251221,32739,0.0,0.0,0.0
2022-10-16 00:00:00+02:00,5.470962545969721,5.635829463092548,5.510010137035761,5.614136219024658,74926,0.0,0.0,0.0
2022-10-17 00:00:00+02:00,5.614136012617857,5.722600987688721,5.609797736348021,5.670537948608398,153559,0.0,0.0,0.0
2022-10-18 00:00:00+02:00,5.67053841613623,5.943869704163891,5.64884579171776,5.822388648986816,322594,0.0,0.0,0.0
2022-10-19 00:00:00+02:00,5.822387848188145,6.1607982042078495,5.878789781071545,6.026302337646484,437677,0.0,0.0,0.0
2022-10-20 00:00:00+02:00,6.026303223533148,6.147783038579226,6.0176254289151005,6.082704544067383,158842,0.0,0.0,0.0
2022-10-23 00:00:00+02:00,6.082704438713597,6.408098767558226,6.104397683602104,6.3343424797058105,496384,0.0,0.0,0.0
2022-10-24 00:00:00+02:00,6.33434246009147,6.3777289497341405,6.182492228903829,6.208523750305176,531523,0.0,0.0,0.0
2022-10-25 00:00:00+02:00,6.935516603004334,6.300608636293222,6.067970983747718,6.160057067871094,197967,1.0,0.0,0.0
2022-10-26 00:00:00+02:00,6.160057067871094,6.160057067871094,6.160057067871094,6.160057067871094,0,0.0,0.0,0.0
2022-10-27 00:00:00+02:00,6.014658259221546,6.402388400359823,6.034045424927655,6.063125133514404,304680,0.0,0.0,0.0
2022-10-30 00:00:00+02:00,6.06312511418024,6.28606885265279,5.961345787793698,6.000118732452393,109122,0.0,0.0,0.0
2022-10-31 00:00:00+02:00,6.000118732452393,6.04858491327576,5.898339406065851,6.000118732452393,34468,0.0,0.0,0.0
2022-11-01 00:00:00+02:00,6.000118298521119,6.421774387847526,5.966191627740884,6.281222820281982,219129,0.0,0.0,0.0
2022-11-02 00:00:00+02:00,6.281222800535216,6.324842013327087,6.164903282022159,6.203676223754883,106779,0.0,0.0,0.0
2022-11-03 00:00:00+02:00,6.203676243257859,6.334535268674637,6.13582359501228,6.281222820281982,84117,0.0,0.0,0.0
2022-11-06 00:00:00+02:00,6.281222820281982,6.300608597894402,6.155210065939588,6.281222820281982,17790,0.0,0.0,0.0
2022-11-07 00:00:00+02:00,6.281223502940481,6.567173633538586,6.18429044445413,6.513861179351807,345928,0.0,0.0,0.0
2022-11-08 00:00:00+02:00,6.513861027651463,6.542940736525646,6.300609135925842,6.3490753173828125,51873,0.0,0.0,0.0
2022-11-09 00:00:00+02:00,6.3490753173828125,6.397542192154733,6.300609135925842,6.3490753173828125,28627,0.0,0.0,0.0
2022-11-10 00:00:00+02:00,6.34907560596953,6.538094068900713,6.3345360975290435,6.383002281188965,83176,0.0,0.0,0.0
2022-11-13 00:00:00+02:00,6.3830018740735195,6.639872977745048,6.324842457391091,6.542940616607666,157170,0.0,0.0,0.0
2022-11-14 00:00:00+02:00,6.542940885687537,7.027602711306268,6.542940885687537,6.935517311096191,501322,0.0,0.0,0.0
2022-11-15 00:00:00+02:00,6.9355166018906695,7.1487677833564724,6.911283166430291,6.983982086181641,156199,0.0,0.0,0.0
2022-11-16 00:00:00+02:00,6.983981800825243,8.239257482815432,6.9306693542945155,7.706129550933838,406257,0.0,0.0,0.0
2022-11-17 00:00:00+02:00,7.706130438507648,8.11324636065333,7.706130438507648,7.764289855957031,154075,0.0,0.0,0.0
2022-11-20 00:00:00+02:00,7.7642890293028435,8.210177848941553,7.7594420650406395,7.77398157119751,96088,0.0,0.0,0.0
2022-11-21 00:00:00+02:00,7.773981750559965,8.04539234268903,7.633430183436285,7.7545952796936035,48991,0.0,0.0,0.0
2022-11-22 00:00:00+02:00,7.754596492548949,8.04539360102641,7.6818968687720846,7.943614959716797,136363,0.0,0.0,0.0
2022-11-23 00:00:00+02:00,7.94361418655015,8.142325871326271,7.84183486183191,7.924227714538574,63982,0.0,0.0,0.0
2022-11-24 00:00:00+02:00,7.924227257108287,8.181098343091115,7.8612208800502765,8.142325401306152,80350,0.0,0.0,0.0
2022-11-27 00:00:00+02:00,8.142326259423434,9.063184417180171,8.166559003935474,8.791773796081543,335979,0.0,0.0,0.0
2022-11-28 00:00:00+02:00,8.79177249276886,9.111649248787261,8.723919847552835,8.801465034484863,149020,0.0,0.0,0.0
2022-11-29 00:00:00+02:00,8.80146604828111,8.917785575364553,8.733614088564421,8.75784683227539,76068,0.0,0.0,0.0
2022-11-30 00:00:00+02:00,8.757846431785602,8.917785167560885,8.248951210662328,8.530055046081543,79035,0.0,0.0,0.0
2022-12-01 00:00:00+02:00,8.530055172896011,8.845085684620559,8.6754544039342,8.78692626953125,66802,0.0,0.0,0.0
2022-12-04 00:00:00+02:00,8.78692669078902,9.814411126589038,8.869319546106363,9.688398361206055,520179,0.0,0.0,0.0
2022-12-05 00:00:00+02:00,9.68839747297363,10.076127583258502,9.38790717482189,9.475146293640137,184707,0.0,0.0,0.0
2022-12-06 00:00:00+02:00,9.47514699562216,9.82895115479177,9.450914251923654,9.567233085632324,53727,0.0,0.0,0.0
2022-12-07 00:00:00+02:00,9.567233599076232,10.177908202134711,9.426681320811113,9.882264137268066,190666,0.0,0.0,0.0
2022-12-08 00:00:00+02:00,9.882263504489494,9.8047169228392,9.499379640861239,9.717477798461914,79039,0.0,0.0,0.0
2022-12-11 00:00:00+02:00,9.717477636674444,9.83864343183861,8.723920612261981,9.194042205810547,285828,0.0,0.0,0.0
2022-12-12 00:00:00+02:00,9.194041941237803,9.208582141297649,8.72392036121771,8.942018508911133,163261,0.0,0.0,0.0
2022-12-13 00:00:00+02:00,8.942019224397463,9.436374279634306,8.966251968682968,9.208582878112793,108337,0.0,0.0,0.0
2022-12-14 00:00:00+02:00,9.20858243132756,9.639932469156687,9.22312193853044,9.489686965942383,130672,0.0,0.0,0.0
2022-12-15 00:00:00+02:00,9.489687014776173,9.693244969868436,9.261895623134512,9.353981018066406,125914,0.0,0.0,0.0
2022-12-18 00:00:00+02:00,9.353980057598365,9.673857504641783,9.160116051683785,9.213428497314453,49084,0.0,0.0,0.0
2022-12-19 00:00:00+02:00,9.213429430213415,9.324901296899913,9.121343342097898,9.150423049926758,23904,0.0,0.0,0.0
2022-12-20 00:00:00+02:00,9.150423430458336,9.765944978405457,9.169809903150453,9.174656867980957,108723,0.0,0.0,0.0
2022-12-21 00:00:00+02:00,9.174656283785456,9.349134526904615,9.063183726246317,9.106802940368652,70489,0.0,0.0,0.0
2022-12-22 00:00:00+02:00,9.106802991907955,9.30551536544618,8.733613760892947,8.830545425415039,99450,0.0,0.0,0.0
2022-12-25 00:00:00+02:00,8.83054473476965,9.542998549122295,8.845084933965452,9.3103609085083,178608,0.0,0.0,0.0
2022-12-26 00:00:00+02:00,9.31036200214675,9.596312815647993,9.261895821325771,9.397601127624512,168955,0.0,0.0,0.0
2022-12-27 00:00:00+02:00,9.397601359749048,9.732018362331505,9.475147250978027,9.678705215454102,208083,0.0,0.0,0.0
2022-12-28 00:00:00+02:00,9.678704295135125,9.683551259533532,9.538152727304704,9.572078704833984,46333,0.0,0.0,0.0
2022-12-29 00:00:00+02:00,9.572079387245248,9.761097839275646,9.552693608214247,9.60115909576416,152716,0.0,0.0,0.0
2023-01-02 00:00:00+02:00,9.601159005231754,10.032509050834019,9.596312733848436,9.843490600585938,175555,0.0,0.0,0.0
2023-01-03 00:00:00+02:00,9.843490580583566,9.959809413326042,9.751404491338308,9.780484199523926,130236,0.0,0.0,0.0
2023-01-04 00:00:00+02:00,9.780484821484256,10.037355940116298,9.305516224248292,9.945270538330078,350361,0.0,0.0,0.0
2023-01-05 00:00:00+02:00,9.945269926840735,10.429931730955339,9.950115504909482,10.420238494873047,348709,0.0,0.0,0.0
2023-01-09 00:00:00+02:00,10.42023831826374,10.904900807478887,10.517170677443785,10.672263145446777,131974,0.0,0.0,0.0
2023-01-10 00:00:00+02:00,10.672262499146713,10.856433970435585,10.177906803951181,10.366925239562988,255879,0.0,0.0,0.0
2023-01-11 00:00:00+02:00,10.366926629129402,11.583428866199402,10.28453307779974,10.662569999694824,220714,0.0,0.0,0.0
2023-01-12 00:00:00+02:00,10.662569999694824,10.948521520259932,10.303920244375231,10.662569999694824,192082,0.0,0.0,0.0
2023-01-15 00:00:00+02:00,10.662568899700283,11.113304703165062,10.662568899700283,10.97760009765625,145371,0.0,0.0,0.0
2023-01-16 00:00:00+02:00,10.977599995666777,11.631893741288286,11.108458328802142,11.297476768493652,243312,0.0,0.0,0.0
2023-01-17 00:00:00+02:00,11.297477563771158,11.341097473430134,11.09876587455128,11.147232055664062,224457,0.0,0.0,0.0
2023-01-18 00:00:00+02:00,11.14723202859282,11.38471666212619,10.80796806831231,10.880667686462402,181623,0.0,0.0,0.0
2023-01-19 00:00:00+02:00,10.880668170533145,11.093920069713821,10.628644018146403,10.662569999694824,265197,0.0,0.0,0.0
2023-01-22 00:00:00+02:00,10.662568678648542,11.050298789135796,10.672262607392737,10.870973587036133,48951,0.0,0.0,0.0
2023-01-23 00:00:00+02:00,10.87097479586826,11.045453052997482,10.701343503650108,10.778888702392578,166201,0.0,0.0,0.0
2023-01-24 00:00:00+02:00,10.778888839257936,10.953367098602603,10.623797053173787,10.662569999694824,273003,0.0,0.0,0.0
2023-01-25 00:00:00+02:00,10.662569466418685,11.045452640821951,10.420238562782103,10.924286842346191,59296,0.0,0.0,0.0
2023-01-29 00:00:00+02:00,10.924286261717441,11.438028443436394,10.963059897553402,10.97760009765625,267705,0.0,0.0,0.0
2023-01-30 00:00:00+02:00,10.977599937594114,11.122998469928065,10.60925629569988,10.657722473144531,175704,0.0,0.0,0.0
2023-01-31 00:00:00+02:00,10.657722902594653,10.875821056541232,10.26029953821956,10.546250343322754,59743,0.0,0.0,0.0
2023-02-01 00:00:00+02:00,10.546250290437998,10.686802556643638,10.265146451341632,10.449317932128906,68346,0.0,0.0,0.0
2023-02-02 00:00:00+02:00,10.449318596218866,10.783735600296035,10.391159177537181,10.41539192199707,44968,0.0,0.0,0.0
2023-02-05 00:00:00+02:00,10.415390738595171,10.657722315549984,9.795023676476944,10.168212890625,50743,0.0,0.0,0.0
2023-02-06 00:00:00+02:00,10.16821313921121,10.415390993224232,9.727171266861653,9.935575485229492,129180,0.0,0.0,0.0
2023-02-07 00:00:00+02:00,9.935575581113179,10.420238058233908,9.945269510104199,10.299072265625,37359,0.0,0.0,0.0
2023-02-08 00:00:00+02:00,10.29907268796319,10.759502441432106,10.323306124804683,10.560790061950684,158332,0.0,0.0,0.0
2023-02-09 00:00:00+02:00,10.56078930420884,10.904900200104299,10.492937349876906,10.774041175842285,150180,0.0,0.0,0.0
2023-02-12 00:00:00+02:00,10.77404201961888,10.904901054129212,10.565637096010558,10.720728874206543,51045,0.0,0.0,0.0
2023-02-13 00:00:00+02:00,10.720728999640974,10.80796812589693,10.352386022115834,10.40085220336914,50544,0.0,0.0,0.0
2023-02-14 00:00:00+02:00,10.40085176829371,10.856434546332382,10.483244619635252,10.652875900268555,66387,0.0,0.0,0.0
2023-02-15 00:00:00+02:00,10.652875608206646,11.122998573781546,10.565636487991739,11.021219253540039,117927,0.0,0.0,0.0
2023-02-16 00:00:00+02:00,11.021220432372347,11.583428849428365,11.026066704022973,11.505882263183594,382819,0.0,0.0,0.0
2023-02-19 00:00:00+02:00,11.505880680660477,11.869377350430932,11.384715586280244,11.433181762695312,546378,0.0,0.0,0.0
2023-02-20 00:00:00+02:00,11.433183134834843,11.631894828642205,11.14723231301046,11.25870418548584,296917,0.0,0.0,0.0
2023-02-21 00:00:00+02:00,11.258703834270072,11.38956286887093,11.103612055966796,11.156925201416016,158023,0.0,0.0,0.0
2023-02-22 00:00:00+02:00,11.156924506503184,11.534960692571309,11.152078235390528,11.297476768493652,186262,0.0,0.0,0.0
2023-02-23 00:00:00+02:00,11.2974767481219,12.450971775326693,11.29262978370309,12.320114135742188,513457,0.0,0.0,0.0
2023-02-26 00:00:00+02:00,12.320114628592664,13.425143522389082,12.552752290444541,12.882322311401367,934353,0.0,0.0,0.0
2023-02-27 00:00:00+02:00,12.882322530740375,12.964714690724959,12.218334819593801,12.412200927734375,121117,0.0,0.0,0.0
2023-02-28 00:00:00+02:00,12.412201229019923,12.940482261302277,12.363734354150859,12.853243827819824,137299,0.0,0.0,0.0
2023-03-01 00:00:00+02:00,12.853243597769092,13.323365203772152,12.702998090983002,12.887168884277344,271698,0.0,0.0,0.0
2023-03-02 00:00:00+02:00,12.887168731365279,13.037414236368638,12.407353201603177,12.5963716506958,154069,0.0,0.0,0.0
2023-03-05 00:00:00+02:00,12.596370622555522,13.279744746322859,12.36373297700828,13.008334159851074,304303,0.0,0.0,0.0
2023-03-06 00:00:00+02:00,13.008335054526507,13.129500156591643,12.940481709926932,13.05195426940918,146406,0.0,0.0,0.0
2023-03-07 00:00:00+02:00,13.051954850322836,13.182813887424947,12.654531467509365,12.683611869812012,80611,0.0,0.0,0.0
2023-03-08 00:00:00+02:00,12.683611978198236,13.061647504953799,12.601218428723254,12.73692512512207,44925,0.0,0.0,0.0
2023-03-09 00:00:00+02:00,12.73692374886533,13.081033950969125,12.746616290915135,12.988947868347168,47268,0.0,0.0,0.0
2023-03-12 00:00:00+02:00,12.988949668371372,13.071341833731768,12.373428790756748,12.639991760253906,138369,0.0,0.0,0.0
2023-03-13 00:00:00+02:00,12.639990046705696,12.712689658817514,11.690052978101846,11.859684944152832,117058,0.0,0.0,0.0
2023-03-14 00:00:00+02:00,11.859685981249951,12.358887994347961,11.36533023961525,11.646434783935547,284934,0.0,0.0,0.0
2023-03-15 00:00:00+02:00,11.646434636088133,12.189255858724783,10.468704714401634,10.890360832214355,228931,0.0,0.0,0.0
2023-03-16 00:00:00+02:00,10.89036074192816,11.559194721875448,9.935575952197976,10.900053977966309,298282,0.0,0.0,0.0
2023-03-19 00:00:00+02:00,10.900054315738739,11.350790152137652,10.187601098199638,11.030913352966309,41554,0.0,0.0,0.0
2023-03-20 00:00:00+02:00,11.030913239648047,11.316863362039568,10.861281258808969,11.210238456726074,112623,0.0,0.0,0.0
2023-03-21 00:00:00+02:00,11.210237637917889,12.354040817199099,11.457415490614414,12.150482177734375,250327,0.0,0.0,0.0
2023-03-22 00:00:00+02:00,12.150481884124154,12.60121697876383,11.68520658988197,12.116555213928223,153421,0.0,0.0,0.0
2023-03-23 00:00:00+02:00,12.116556094289777,12.116556094289777,11.63189429423974,11.723978996276855,110157,0.0,0.0,0.0
2023-03-26 00:00:00+02:00,11.723978738207133,12.237720928266542,11.753059138884943,11.845145225524902,98457,0.0,0.0,0.0
2023-03-27 00:00:00+02:00,11.845145760970214,12.068090887478624,11.147232059397464,11.583428382873535,37092,0.0,0.0,0.0
2023-03-28 00:00:00+02:00,11.583428112131672,11.636740563470033,11.297477303496603,11.612507820129395,32631,0.0,0.0,0.0
2023-03-29 00:00:00+02:00,11.612508369418144,12.329807867291292,11.413796675376886,11.961464881896973,83842,0.0,0.0,0.0
2023-03-30 00:00:00+02:00,11.9614646151289,12.019624032578283,11.612508110432602,11.646434783935547,109183,0.0,0.0,0.0
2023-04-02 00:00:00+02:00,11.646434613924276,11.922691496118656,11.389562817300156,11.636740684509277,53856,0.0,0.0,0.0
2023-04-03 00:00:00+02:00,11.63674092673788,12.213488833354699,11.757906033853377,12.009931564331055,137140,0.0,0.0,0.0
2023-04-04 00:00:00+02:00,12.009930955557591,12.310420572368042,11.971156625685781,12.140789985656738,134887,0.0,0.0,0.0
2023-04-05 00:00:00+02:00,12.140789908450268,12.601217566548458,12.082630493957145,12.494592666625977,132445,0.0,0.0,0.0
2023-04-06 00:00:00+02:00,12.494592599059219,12.843549084130911,12.38796769971333,12.567292213439941,131160,0.0,0.0,0.0
2023-04-09 00:00:00+02:00,12.567292387784764,12.702997689417492,11.791832134682199,11.94207763671875,123154,0.0,0.0,0.0
2023-04-10 00:00:00+02:00,11.942077927632795,12.25710913978401,11.719134191405796,11.976004600524902,35925,0.0,0.0,0.0
2023-04-11 00:00:00+02:00,11.976004532572485,12.344347501030027,11.985697075269597,12.160175323486328,44107,0.0,0.0,0.0
2023-04-12 00:00:00+02:00,12.160175012158481,12.310420513155952,12.082630512677326,12.184409141540527,40854,0.0,0.0,0.0
2023-04-13 00:00:00+02:00,12.184409282366909,12.727230491417622,12.184409282366909,12.644838333129883,104856,0.0,0.0,0.0
2023-04-18 00:00:00+02:00,12.644837552500881,12.940480881807003,12.601216953779847,12.795083045959473,137737,0.0,0.0,0.0
2023-04-19 00:00:00+02:00,12.79508388900476,13.56569649099724,12.892016248166398,13.347599029541016,241174,0.0,0.0,0.0
2023-04-26 00:00:00+02:00,13.347598997401835,13.56085018704396,13.008335047838083,13.192505836486816,173515,0.0,0.0,0.0
2023-04-27 00:00:00+02:00,13.192505947281145,13.42029733933302,13.047108100982616,13.245819091796875,256227,0.0,0.0,0.0
2023-04-30 00:00:00+03:00,13.245819942848145,13.715942957776367,13.018028536160546,13.081035614013672,337612,0.0,0.0,0.0
2023-05-01 00:00:00+03:00,13.081035614013672,13.081035614013672,13.081035614013672,13.081035614013672,0,0.0,0.0,0.0
2023-05-02 00:00:00+03:00,12.751465474118477,12.964715291024403,12.504287596089892,12.59152603149414,91983,0.0,0.0,0.0
2023-05-03 00:00:00+03:00,12.591525265503039,12.770849783637159,12.383120346249958,12.431587219238281,60625,0.0,0.0,0.0
2023-05-07 00:00:00+03:00,12.43158751008492,12.601218102938077,12.242569058278965,12.576985359191895,53116,0.0,0.0,0.0
2023-05-08 00:00:00+03:00,12.57698568435057,13.08103536440784,12.601218428723254,12.73692512512207,376846,0.0,0.0,0.0
2023-05-09 00:00:00+03:00,12.736924834641886,13.03741446324792,12.630298543225955,12.702998161315918,180303,0.0,0.0,0.0
2023-05-10 00:00:00+03:00,12.70299757723567,12.732076591156682,12.441279518797474,12.635144233703613,127327,0.0,0.0,0.0
2023-05-11 00:00:00+03:00,12.635144524961678,12.892016318105938,12.625451982307855,12.669071197509766,140541,0.0,0.0,0.0
2023-05-14 00:00:00+03:00,12.669071428038668,12.940482040102303,12.606065739752792,12.746617317199707,71407,0.0,0.0,0.0
2023-05-15 00:00:00+03:00,12.746617267075989,12.84354962814612,12.625452162395794,12.64968490600586,128268,0.0,0.0,0.0
2023-05-16 00:00:00+03:00,12.649684795476004,12.67391753887433,12.518825762517274,12.5963716506958,176863,0.0,0.0,0.0
2023-05-17 00:00:00+03:00,12.59637172111308,12.746617226956356,12.460666416042027,12.523672103881836,94851,0.0,0.0,0.0
2023-05-18 00:00:00+03:00,12.523672001438408,12.547906131403831,12.242568850834148,12.32980728149414,60175,0.0,0.0,0.0
2023-05-21 00:00:00+03:00,12.329806767884355,12.504286395195935,11.874224001678135,11.908150672912598,126141,0.0,0.0,0.0
2023-05-22 00:00:00+03:00,11.90815053718625,12.116555446727144,11.438028269605676,11.510727882385254,152527,0.0,0.0,0.0
2023-05-23 00:00:00+03:00,11.510728574150313,11.777293605923676,11.050299514382093,11.166618347167969,244782,0.0,0.0,0.0
2023-05-24 00:00:00+03:00,11.166618981615722,11.816065834902792,11.389563423788895,11.505882263183594,172951,0.0,0.0,0.0
2023-05-25 00:00:00+03:00,11.505880680660477,11.631893432654532,11.413795292129285,11.433181762695312,147481,0.0,0.0,0.0
2023-05-28 00:00:00+03:00,11.43318212203818,11.549500949090227,11.365329472924488,11.3944091796875,79387,0.0,0.0,0.0
2023-05-29 00:00:00+03:00,11.394410360315504,11.607661565340205,11.345943484040374,11.471956253051758,49144,0.0,0.0,0.0
2023-05-30 00:00:00+03:00,11.471954703827368,11.55919382137449,11.413795292129285,11.433181762695312,174760,0.0,0.0,0.0
2023-05-31 00:00:00+03:00,11.433182212256341,11.559194275890407,11.316862690971533,11.384716033935547,128794,0.0,0.0,0.0
2023-06-01 00:00:00+03:00,11.384717107202317,11.486496437928437,11.326557687734525,11.408949851989746,88038,0.0,0.0,0.0
2023-06-04 00:00:00+03:00,11.408949279933918,11.559194786016409,11.147231905451617,11.200544357299805,131356,0.0,0.0,0.0
2023-06-05 00:00:00+03:00,11.200544367019761,11.476801942537172,11.05029955412182,11.059992790222168,212901,0.0,0.0,0.0
2023-06-06 00:00:00+03:00,11.059992929661053,11.365330217329054,11.147232055664062,11.147232055664062,80791,0.0,0.0,0.0
2023-06-07 00:00:00+03:00,11.147231520375946,11.336249964296636,10.958213076455257,11.064839363098145,52789,0.0,0.0,0.0
2023-06-08 00:00:00+03:00,11.064838988947349,11.215083791444336,10.662568678658317,11.01152515411377,89251,0.0,0.0,0.0
2023-06-11 00:00:00+03:00,11.011525500049492,11.326556701371613,10.929133342969317,11.14238452911377,137467,0.0,0.0,0.0
2023-06-12 00:00:00+03:00,11.14238452911377,11.505881215790176,11.195697672307336,11.14238452911377,18556,0.0,0.0,0.0
2023-06-13 00:00:00+03:00,11.1423856494527,11.874225367599626,11.244164981549117,11.355637550354004,296089,0.0,0.0,0.0
2023-06-14 00:00:00+03:00,11.35563623733682,11.62704683379159,11.341096730612762,11.3944091796875,67074,0.0,0.0,0.0
2023-06-15 00:00:00+03:00,11.394409925996722,11.471955815777175,11.147232055664062,11.147232055664062,95445,0.0,0.0,0.0
2023-06-18 00:00:00+03:00,11.147232044315198,11.43318285924696,11.195698225378637,11.2877836227417,74524,0.0,0.0,0.0
2023-06-19 00:00:00+03:00,11.287783411503238,11.631894330586414,11.147231835707004,11.27324390411377,166026,0.0,0.0,0.0
2023-06-20 00:00:00+03:00,11.27324347714027,11.510728097569613,11.35078936245354,11.384716033935547,171106,0.0,0.0,0.0
2023-06-21 00:00:00+03:00,11.38471664778926,11.607661080085878,11.195698195489006,11.253857612609863,165708,0.0,0.0,0.0
2023-06-22 00:00:00+03:00,11.253857562855563,11.486495923625416,11.122999221569643,11.156925201416016,92703,0.0,0.0,0.0
2023-06-25 00:00:00+03:00,11.15692521036926,11.58342829436047,11.239318064316464,11.360483169555664,104778,0.0,0.0,0.0
2023-06-26 00:00:00+03:00,11.360483169555664,11.389562878010864,11.215084627279662,11.360483169555664,78432,0.0,0.0,0.0
2023-07-04 00:00:00+03:00,11.360482724413574,11.602814312026478,11.244163895150537,11.268397331237793,64957,0.0,0.0,0.0
2023-07-05 00:00:00+03:00,11.268397976629847,11.282938177777966,11.147232175883683,11.171464920043945,101677,0.0,0.0,0.0
2023-07-06 00:00:00+03:00,11.17146432661056,11.389562479042201,11.050299225615692,11.132691383361816,61345,0.0,0.0,0.0
2023-07-09 00:00:00+03:00,11.132692013051283,11.219931833610346,10.788582468912548,10.861281394958496,98370,0.0,0.0,0.0
2023-07-10 00:00:00+03:00,10.861281053783149,11.122999120609323,10.696496040831624,10.96306037902832,22762,0.0,0.0,0.0
2023-07-11 00:00:00+03:00,10.963059670282066,11.118151437151155,10.856434080559566,11.01152515411377,81013,0.0,0.0,0.0
2023-07-12 00:00:00+03:00,11.011525876805203,11.31686315952559,11.050299514382093,11.166618347167969,20070,0.0,0.0,0.0
2023-07-13 00:00:00+03:00,11.166617773970795,11.389562192033026,11.059992182723642,11.331402778625488,40426,0.0,0.0,0.0
2023-07-16 00:00:00+03:00,11.331402990287396,11.438028583526233,11.171464253771685,11.345942497253418,41017,0.0,0.0,0.0
2023-07-17 00:00:00+03:00,11.345942918630701,11.43318273692648,11.205391341707921,11.263550758361816,35631,0.0,0.0,0.0
2023-07-18 00:00:00+03:00,11.263550758361816,11.423489500817498,11.229624085322909,11.263550758361816,49455,0.0,0.0,0.0
2023-07-19 00:00:00+03:00,11.263550758361816,11.263550758361816,11.263550758361816,11.263550758361816,0,0.0,0.0,0.0
2023-07-24 00:00:00+03:00,11.40410259189423,11.433182994190465,11.147232175883683,11.171464920043945,137491,0.0,0.0,0.0
2023-07-25 00:00:00+03:00,11.171464920043945,11.341097595740537,11.152079140704705,11.171464920043945,70227,0.0,0.0,0.0
2023-07-26 00:00:00+03:00,11.171464981213447,11.195698418821351,11.103612326552252,11.127845764160156,54096,0.0,0.0,0.0
2023-07-27 00:00:00+03:00,11.127845352101529,11.37017694594733,11.045452499263568,11.069685935974121,50202,0.0,0.0,0.0
2023-07-30 00:00:00+03:00,11.069686483710612,11.583428711571344,11.176312085220111,11.4186429977417,168796,0.0,0.0,0.0
2023-07-31 00:00:00+03:00,11.418642214342897,11.578580952291711,11.345942598916642,11.428336143493652,41874,0.0,0.0,0.0
2023-08-01 00:00:00+03:00,11.428337063568767,11.602815322660815,11.30232429424287,11.505882263183594,77581,0.0,0.0,0.0
2023-08-02 00:00:00+03:00,11.50588104228826,11.583427620304523,11.350789272885534,11.3944091796875,22746,0.0,0.0,0.0
2023-08-03 00:00:00+03:00,11.394409599670514,11.43802881476533,11.24416409586632,11.312017440795898,32113,0.0,0.0,0.0
2023-08-06 00:00:00+03:00,11.31201709747349,11.719133688120245,11.23447051895252,11.694899559020996,177910,0.0,0.0,0.0
2023-08-07 00:00:00+03:00,11.694899788033108,11.811218618119991,11.63189410172684,11.660974502563477,130209,0.0,0.0,0.0
2023-08-08 00:00:00+03:00,11.660974152406505,11.728826107938138,11.534960703633162,11.670666694641113,109617,0.0,0.0,0.0
2023-08-09 00:00:00+03:00,11.670667278422465,11.922691415316132,11.63189433428498,11.849991798400879,243363,0.0,0.0,0.0
2023-08-10 00:00:00+03:00,11.849992269416157,12.009931710312983,11.767600106506526,11.864532470703125,112206,0.0,0.0,0.0
2023-08-13 00:00:00+03:00,11.864531558526512,12.252260985503247,11.97115645763021,12.131095886230469,198160,0.0,0.0,0.0
2023-08-14 00:00:00+03:00,12.131096587336199,12.417047402915259,12.121402657786623,12.223182678222656,198009,0.0,0.0,0.0
2023-08-15 00:00:00+03:00,12.223182094326381,12.27649385109775,12.048703850437791,12.155328750610352,79785,0.0,0.0,0.0
2023-08-16 00:00:00+03:00,12.155329000674456,12.320114705496403,12.024471355038326,12.06324291229248,97165,0.0,0.0,0.0
2023-08-17 00:00:00+03:00,12.063242843083563,12.155328930937225,11.932385198198187,12.135942459106445,118227,0.0,0.0,0.0
2023-08-20 00:00:00+03:00,12.135942459106445,12.295881891682756,12.116555987275667,12.135942459106445,17107,0.0,0.0,0.0
2023-08-21 00:00:00+03:00,12.135941684521647,12.261954436693783,12.116555213928223,12.116555213928223,92779,0.0,0.0,0.0
2023-08-22 00:00:00+03:00,12.116555797878513,12.276493841324944,12.116555797878513,12.184409141540527,34347,0.0,0.0,0.0
2023-08-23 00:00:00+03:00,12.184408554320084,12.261954436693783,12.116555213928223,12.116555213928223,81678,0.0,0.0,0.0
2023-08-24 00:00:00+03:00,12.116556337518285,12.213488699474118,12.097169865127118,12.126250267028809,71239,0.0,0.0,0.0
2023-08-27 00:00:00+03:00,12.126250769234145,13.177966593353991,12.291035098068619,13.081035614013672,585151,0.0,0.0,0.0
2023-08-28 00:00:00+03:00,13.081035310506756,13.570543400641496,13.042262365018265,13.187660217285156,545206,0.0,0.0,0.0
2023-08-29 00:00:00+03:00,13.187659634594599,13.318518666493793,13.085881003841825,13.119806289672852,92305,0.0,0.0,0.0
2023-08-30 00:00:00+03:00,13.11980662950569,13.25066566479443,13.085881342795922,13.13919448852539,136719,0.0,0.0,0.0
2023-08-31 00:00:00+03:00,13.13919448852539,13.13919448852539,13.13919448852539,13.13919448852539,0,0.0,0.0,0.0
2023-09-03 00:00:00+03:00,13.158580419851765,13.4639176940938,13.168272962333187,13.19735336303711,73713,0.0,0.0,0.0
2023-09-04 00:00:00+03:00,13.197352776297384,13.231279446733675,13.0277208107457,13.129499435424805,83730,0.0,0.0,0.0
2023-09-05 00:00:00+03:00,13.129500690486587,13.207046580822357,13.095574016807214,13.134346961975098,51804,0.0,0.0,0.0
2023-09-06 00:00:00+03:00,13.13434590754496,13.192505320627728,12.358887066441387,12.630297660827637,212604,0.0,0.0,0.0
2023-09-07 00:00:00+03:00,12.63029823582585,13.027721603299144,12.77084981051708,12.838703155517578,51244,0.0,0.0,0.0
2023-09-10 00:00:00+03:00,12.838703155517578,12.838703155517578,12.838703155517578,12.838703155517578,0,0.0,0.0,0.0
2023-09-11 00:00:00+03:00,13.177965936323442,13.260359483262619,13.066494760987856,13.085881233215332,78750,0.0,0.0,0.0
2023-09-12 00:00:00+03:00,13.085881052759104,13.279745772360444,13.027721636878702,13.105267524719238,74548,0.0,0.0,0.0
2023-09-13 00:00:00+03:00,13.105267396791639,13.420297216411177,13.085880925020748,13.221586227416992,107716,0.0,0.0,0.0
2023-09-14 00:00:00+03:00,13.22158562360782,13.425142874591128,13.211891694850163,13.352444648742676,61819,0.0,0.0,0.0
2023-09-17 00:00:00+03:00,13.352445679004095,14.030972212352507,13.221586643772287,13.7159423828125,328591,0.0,0.0,0.0
2023-09-18 00:00:00+03:00,13.715942528276594,14.68041988613662,13.837107635287781,14.442935943603516,792204,0.0,0.0,0.0
2023-09-19 00:00:00+03:00,14.442934810367241,14.680418734266638,14.350848726146936,14.462321281433105,485898,0.0,0.0,0.0
2023-09-20 00:00:00+03:00,14.462321281433105,14.462321281433105,14.462321281433105,14.462321281433105,0,0.0,0.0,0.0
2023-09-21 00:00:00+03:00,14.462321281433105,14.462321281433105,14.462321281433105,14.462321281433105,0,0.0,0.0,0.0
2023-09-24 00:00:00+03:00,14.462321281433105,14.462321281433105,14.462321281433105,14.462321281433105,0,0.0,0.0,0.0
2023-09-25 00:00:00+03:00,15.494652560296293,15.964774156848236,15.5091913742376,15.654590606689453,428899,0.0,0.0,0.0
2023-09-26 00:00:00+03:00,15.654590736264025,15.892076058792417,15.509191502608688,15.5382719039917,241378,0.0,0.0,0.0
2023-09-27 00:00:00+03:00,15.5382719039917,15.5382719039917,15.5382719039917,15.5382719039917,0,0.0,0.0,0.0
2023-10-01 00:00:00+03:00,15.5382719039917,15.5382719039917,15.5382719039917,15.5382719039917,0,0.0,0.0,0.0
2023-10-02 00:00:00+03:00,17.11342611162043,17.249130036661782,16.241033435675096,16.623916625976562,531037,0.0,0.0,0.0
2023-10-03 00:00:00+03:00,16.623916302212983,16.94864006690251,15.993855245552265,16.027780532836914,391713,0.0,0.0,0.0
2023-10-04 00:00:00+03:00,16.027780226551503,16.662688929231347,15.775757472659171,16.488210678100586,277491,0.0,0.0,0.0
2023-10-08 00:00:00+03:00,16.488211030072755,16.667535556461036,14.539868437576693,16.153793334960938,431658,0.0,0.0,0.0
2023-10-09 00:00:00+03:00,16.153792731913043,16.473670213854547,15.993854684257219,16.144100189208984,143161,0.0,0.0,0.0
2023-10-10 00:00:00+03:00,16.14410029000652,16.43005110100947,16.066554401370457,16.33796501159668,235272,0.0,0.0,0.0
2023-10-11 00:00:00+03:00,16.337963895683284,16.76931252510201,16.124712716499563,16.15863800048828,339465,0.0,0.0,0.0
2023-10-12 00:00:00+03:00,16.158637748932282,16.43974226497678,16.037472654757988,16.279804229736328,176356,0.0,0.0,0.0
2023-10-15 00:00:00+03:00,16.27980541532096,16.67238112554785,16.333117173197063,16.357351303100586,274114,0.0,0.0,0.0
2023-10-16 00:00:00+03:00,16.357349863506723,17.583545146078233,16.381582604647697,17.021337509155273,915984,0.0,0.0,0.0
2023-10-17 00:00:00+03:00,17.02133963253603,17.399375156035493,16.720848613035262,17.239437103271484,474127,0.0,0.0,0.0
2023-10-18 00:00:00+03:00,17.23943529236113,18.596489622440203,16.91471156280689,17.942195892333984,844485,0.0,0.0,0.0
2023-10-19 00:00:00+03:00,17.942195892333984,17.942195892333984,17.942195892333984,17.942195892333984,0,0.0,0.0,0.0
2023-10-22 00:00:00+03:00,17.932504352553327,20.11348466786238,17.884038862860205,19.85176658630371,1555767,0.0,0.0,0.0
2023-10-23 00:00:00+03:00,19.851764690874123,21.082807701685635,20.00201019051138,20.59814453125,950389,0.0,0.0,0.0
2023-10-24 00:00:00+03:00,22.162562377624436,23.726978615665857,20.86409701940554,22.126060485839844,864873,2.0,0.0,0.0
2023-10-25 00:00:00+03:00,22.126058512312802,23.231579659558903,21.959187620946363,23.13249969482422,289336,0.0,0.0,0.0
2023-10-26 00:00:00+03:00,23.132499973411967,23.466241760164138,21.98004674707577,22.41286849975586,279496,0.0,0.0,0.0
2023-10-29 00:00:00+02:00,22.412870234140073,22.418084576975712,20.989250203959703,21.07268714904785,111568,0.0,0.0,0.0
2023-10-30 00:00:00+02:00,21.072686985354665,21.218697535279848,19.821153705964583,20.45734977722168,396792,0.0,0.0,0.0
2023-10-31 00:00:00+02:00,20.45735006938248,20.827593776165344,19.3466144732031,19.82636833190918,275289,0.0,0.0,0.0
2023-11-01 00:00:00+02:00,19.826367953500014,19.842012473753822,18.361031707114215,18.684343338012695,222430,0.0,0.0,0.0
2023-11-02 00:00:00+02:00,18.684342389358758,19.815936769908284,18.564405052018618,18.64784049987793,423195,0.0,0.0,0.0
2023-11-05 00:00:00+02:00,18.647841098870096,19.28925149787733,18.653055441542918,18.679128646850586,151213,0.0,0.0,0.0
2023-11-06 00:00:00+02:00,18.679127681366896,19.02851398542734,17.938637350132623,17.985570907592773,254367,0.0,0.0,0.0
2023-11-07 00:00:00+02:00,17.985571076983977,19.033728507093578,17.990785419436396,19.018085479736328,143166,0.0,0.0,0.0
2023-11-08 00:00:00+02:00,19.01808648769156,20.180968465047727,18.77299447611642,20.019311904907227,255996,0.0,0.0,0.0
2023-11-09 00:00:00+02:00,20.01931142088289,20.493852404373452,19.555202106484774,19.79507827758789,196393,0.0,0.0,0.0
2023-11-12 00:00:00+02:00,19.795078461664875,20.50949562290201,19.29968010315672,19.596920013427734,127125,0.0,0.0,0.0
2023-11-13 00:00:00+02:00,19.59691954157904,19.815936847091056,17.208577599388466,19.52912712097168,472000,0.0,0.0,0.0
2023-11-14 00:00:00+02:00,19.529127302115498,19.75857627869407,19.044159128031826,19.330968856811523,48054,0.0,0.0,0.0
2023-11-15 00:00:00+02:00,19.330968996972995,19.55520214065987,19.101521510674303,19.221460342407227,93367,0.0,0.0,0.0
2023-11-16 00:00:00+02:00,19.22146002439935,19.560416159655976,19.143238918742124,19.200599670410156,74172,0.0,0.0,0.0
2023-11-19 00:00:00+02:00,19.20059980374416,20.07667350769043,19.20581563824943,20.07667350769043,211357,0.0,0.0,0.0
2023-11-20 00:00:00+02:00,20.07667308669424,21.901825728009523,19.815936568808205,21.734954833984375,761334,0.0,0.0,0.0
2023-11-21 00:00:00+02:00,21.734955616832366,22.162561552201552,21.14047728948416,21.568084716796875,168664,0.0,0.0,0.0
2023-11-22 00:00:00+02:00,21.568083642314136,21.84967752612377,21.150906413008418,21.469003677368164,165513,0.0,0.0,0.0
2023-11-23 00:00:00+02:00,21.46900466063892,21.891396251670443,20.85888181587836,20.931888580322266,81340,0.0,0.0,0.0
2023-11-26 00:00:00+02:00,20.9318889287783,21.354280526841436,20.864096505825117,20.937103271484375,92973,0.0,0.0,0.0
2023-11-27 00:00:00+02:00,20.93710349729572,21.36471093462032,20.180968594848306,20.238330841064453,155671,0.0,0.0,0.0
2023-11-28 00:00:00+02:00,20.238330351863542,20.84323736403352,20.123605862204368,20.34262466430664,104341,0.0,0.0,0.0
2023-11-29 00:00:00+02:00,20.342622949120948,20.598143620076467,20.076672101828773,20.300905227661133,64125,0.0,0.0,0.0
2023-11-30 00:00:00+02:00,20.300906535175397,20.592930604202408,20.18096770526771,20.26961898803711,38172,0.0,0.0,0.0
2023-12-03 00:00:00+02:00,20.269619489157357,21.218696990987183,20.21747158671297,20.321765899658203,75556,0.0,0.0,0.0
2023-12-04 00:00:00+02:00,20.321764184670158,20.587715033222338,20.19139667747644,20.280046463012695,145914,0.0,0.0,0.0
2023-12-05 00:00:00+02:00,20.280047916087334,21.380353276626153,20.285262258682273,20.952747344970703,160744,0.0,0.0,0.0
2023-12-06 00:00:00+02:00,20.952745979159438,21.21869533748761,20.676364952434344,20.916242599487305,254379,0.0,0.0,0.0
2023-12-07 00:00:00+02:00,20.916243913791664,20.957961638340237,19.920231375265125,20.227901458740234,135592,0.0,0.0,0.0
2023-12-10 00:00:00+02:00,20.22790163615984,20.79630526513374,18.898147289581406,18.960723876953125,565377,0.0,0.0,0.0
2023-12-11 00:00:00+02:00,18.960724435874845,19.946306834989926,18.720846764573743,19.492626190185547,89155,0.0,0.0,0.0
2023-12-12 00:00:00+02:00,19.49262462099987,19.503053305724613,19.122379458289238,19.1693115234375,36514,0.0,0.0,0.0
2023-12-13 00:00:00+02:00,19.169311553696673,20.014096187416165,19.1484526922708,19.654279708862305,67080,0.0,0.0,0.0
2023-12-14 00:00:00+02:00,19.65428106864013,20.58771704695676,19.675141423452676,20.431276321411133,151675,0.0,0.0,0.0
2023-12-17 00:00:00+02:00,20.43127491806464,21.103972826398536,20.337409295629694,20.483421325683594,145164,0.0,0.0,0.0
2023-12-18 00:00:00+02:00,20.483421656854517,20.911029069183265,20.31133492826543,20.332195281982422,111727,0.0,0.0,0.0
2023-12-19 00:00:00+02:00,20.332196284901457,20.603361501332788,19.815937565612362,19.951520919799805,72793,0.0,0.0,0.0
2023-12-20 00:00:00+02:00,19.95151974892397,20.499065984311578,19.815936402693378,19.87329864501953,55363,0.0,0.0,0.0
2023-12-21 00:00:00+02:00,19.873300052413978,20.911030354353397,19.774221571858142,19.82115364074707,158548,0.0,0.0,0.0
2023-12-24 00:00:00+02:00,19.82115364074707,19.82115364074707,19.82115364074707,19.82115364074707,0,0.0,0.0,0.0
2023-12-25 00:00:00+02:00,19.810722196503217,19.95151988611064,19.33096837690385,19.763790130615234,41265,0.0,0.0,0.0
2023-12-26 00:00:00+02:00,19.763790772415362,20.05060050338849,19.560416491038524,19.70642852783203,36325,0.0,0.0,0.0
2023-12-27 00:00:00+02:00,19.706428654108862,20.285262462378117,19.868085211723436,20.25397491455078,86992,0.0,0.0,0.0
2023-12-28 00:00:00+02:00,20.253974150434093,20.452132591047427,19.972378770894096,20.24875831604004,65965,0.0,0.0,0.0
2023-12-31 00:00:00+02:00,20.248758593741808,20.827592388111967,20.08710353195247,20.686796188354492,86404,0.0,0.0,0.0
2024-01-02 00:00:00+02:00,20.686796416312298,21.849678360389063,20.869311834088226,21.542011260986328,228409,0.0,0.0,0.0
2024-01-03 00:00:00+02:00,21.542010600834114,22.11041420706145,21.51072156242863,21.844463348388672,207751,0.0,0.0,0.0
2024-01-04 00:00:00+02:00,21.844463835897155,21.90182607962507,21.395997555033073,21.41164207458496,98125,0.0,0.0,0.0
2024-01-08 00:00:00+02:00,21.411641880084762,21.615016156581365,21.223912122997934,21.453359603881836,89955,0.0,0.0,0.0
2024-01-09 00:00:00+02:00,21.45335970122658,21.79753167008586,21.380352938278694,21.4325008392334,83259,0.0,0.0,0.0
2024-01-10 00:00:00+02:00,21.43250136454627,21.79231786170545,21.484647774835597,21.568084716796875,77743,0.0,0.0,0.0
2024-01-11 00:00:00+02:00,21.56808373967239,21.745383316955923,21.328206085767064,21.448144912719727,114679,0.0,0.0,0.0
2024-01-14 00:00:00+02:00,21.448144534637745,21.7871006560178,21.119617097881846,21.359493255615234,169471,0.0,0.0,0.0
2024-01-15 00:00:00+02:00,21.359494312338214,21.64108969832997,21.27606035538691,21.302133560180664,105598,0.0,0.0,0.0
2024-01-16 00:00:00+02:00,21.302134310476028,21.641090460563913,21.11440454385055,21.380353927612305,308332,0.0,0.0,0.0
2024-01-17 00:00:00+02:00,21.380352596808578,22.64231596515635,21.380352596808578,21.755813598632812,567013,0.0,0.0,0.0
2024-01-18 00:00:00+02:00,21.75581371331442,22.214708672254332,21.72452467468769,21.891395568847656,198522,0.0,0.0,0.0
2024-01-21 00:00:00+02:00,21.89139617911439,26.266548898097007,22.006120668019285,25.27574920654297,1737403,0.0,0.0,0.0
2024-01-22 00:00:00+02:00,25.275750485113953,25.802439397032447,24.013789994985125,24.84814453125,581200,0.0,0.0,0.0
2024-01-23 00:00:00+02:00,24.848142973001142,25.54691559927413,24.09722244551004,24.524829864501953,463263,0.0,0.0,0.0
2024-01-24 00:00:00+02:00,24.524830861310463,24.769922873915966,23.914709493115613,23.987714767456055,270484,0.0,0.0,0.0
2024-01-28 00:00:00+02:00,23.987713121499553,27.820532281769193,23.987713121499553,27.0748291015625,1506592,0.0,0.0,0.0
2024-01-29 00:00:00+02:00,27.074830477337954,32.487709045410156,27.19476781818657,32.487709045410156,2124645,0.0,0.0,0.0
2024-01-30 00:00:00+02:00,32.487708606270665,35.77298314728516,31.60120770478771,31.846298217773438,1013022,0.0,0.0,0.0
2024-01-31 00:00:00+02:00,31.846297751452706,32.07574374137302,25.5521283139854,26.60550308227539,879267,0.0,0.0,0.0
2024-02-01 00:00:00+02:00,26.605504943416385,30.50611688379198,23.51839016940817,30.021148681640625,814132,0.0,0.0,0.0
2024-02-04 00:00:00+02:00,30.021145995304934,30.558260562039607,27.12175975981528,27.627588272094727,525147,0.0,0.0,0.0
2024-02-05 00:00:00+02:00,27.627589961211246,29.64568829936039,27.403356812528006,27.841394424438477,602367,0.0,0.0,0.0
2024-02-06 00:00:00+02:00,27.841392504065706,28.88955140921839,26.07360064211762,26.110105514526367,604462,0.0,0.0,0.0
2024-02-07 00:00:00+02:00,26.11010723411189,28.164704473010445,26.386486793100946,27.53372573852539,432805,0.0,0.0,0.0
2024-02-08 00:00:00+02:00,27.53372483582894,28.159490699029984,27.226056246769218,27.638017654418945,263439,0.0,0.0,0.0
2024-02-11 00:00:00+02:00,27.638017884582542,27.945686476204465,26.334336754141667,26.694154739379883,321958,0.0,0.0,0.0
2024-02-12 00:00:00+02:00,26.694156054769596,27.434646448184534,26.073603006419447,26.81930923461914,252013,0.0,0.0,0.0
2024-02-13 00:00:00+02:00,26.819307802173274,27.846606392250028,26.803663282541773,27.116544723510742,221451,0.0,0.0,0.0
2024-02-14 00:00:00+02:00,27.116544723510742,27.638017770308377,26.970534180095093,27.116544723510742,153781,0.0,0.0,0.0
2024-02-15 00:00:00+02:00,27.116544092753692,27.528508476435146,27.017467110537176,27.100902557373047,157479,0.0,0.0,0.0
2024-02-18 00:00:00+02:00,27.100902557373047,27.100902557373047,27.100902557373047,27.100902557373047,0,0.0,0.0,0.0
2024-02-19 00:00:00+02:00,27.074830330415406,27.31992084538405,26.85581003665109,26.892314910888672,132421,0.0,0.0,0.0
2024-02-20 00:00:00+02:00,26.89231365335258,27.194766398933822,26.365624789919636,26.662864685058594,177747,0.0,0.0,0.0
2024-02-21 00:00:00+02:00,26.662866214875,29.197221760744583,26.41255986267641,27.643234252929688,489058,0.0,0.0,0.0
2024-02-22 00:00:00+02:00,27.64323352916829,28.680960801530606,26.91317186242683,27.87789535522461,333556,0.0,0.0,0.0
2024-02-25 00:00:00+02:00,27.877895126808713,26.861025232971638,23.466242091103226,24.149370193481445,651411,0.0,0.0,0.0
2024-02-26 00:00:00+02:00,24.149370072900602,24.9993690667641,22.42329738888846,23.356733322143555,225898,0.0,0.0,0.0
2024-02-27 00:00:00+02:00,23.3567345103516,24.503971971125594,23.17943342953293,23.262868881225586,233992,0.0,0.0,0.0
2024-02-28 00:00:00+02:00,23.26286691455279,23.71133317545867,22.892621755981754,23.19507598876953,173724,0.0,0.0,0.0
2024-02-29 00:00:00+02:00,23.195076464734033,25.78157679355895,21.917470073526523,24.493541717529297,321597,0.0,0.0,0.0
2024-03-03 00:00:00+02:00,24.493542873219983,24.50918590119129,22.996917618753333,23.346303939819336,165732,0.0,0.0,0.0
2024-03-04 00:00:00+02:00,23.346302841947033,24.107652035992032,22.94476863736175,23.99292755126953,222459,0.0,0.0,0.0
2024-03-05 00:00:00+02:00,23.992927288055135,24.665626685944197,23.466241411645036,23.63832664489746,241438,0.0,0.0,0.0
2024-03-06 00:00:00+02:00,23.63832750639395,25.969308705446757,22.454586707961,23.622684478759766,508131,0.0,0.0,0.0
2024-03-07 00:00:00+02:00,23.62268336562839,24.665626422604337,22.4389411310314,23.612253189086914,116359,0.0,0.0,0.0
2024-03-10 00:00:00+02:00,23.612254124866475,24.45703878046845,23.466242091103226,24.149370193481445,140551,0.0,0.0,0.0
2024-03-11 00:00:00+02:00,24.14936900239029,24.76992048826324,23.700902746264884,23.74262046813965,91080,0.0,0.0,0.0
2024-03-12 00:00:00+02:00,23.74262208694241,24.457039241715172,23.10121169639989,23.47667121887207,87127,0.0,0.0,0.0
2024-03-13 00:00:00+02:00,23.47667056027477,23.987713419719462,21.92268461210976,22.21992301940918,73458,0.0,0.0,0.0
2024-03-14 00:00:00+02:00,22.219923504769746,23.205505864096608,21.745384016050537,22.444156646728516,86875,0.0,0.0,0.0
2024-03-17 00:00:00+02:00,22.444157178347766,22.657960148283966,20.353055071298474,20.54078483581543,191329,0.0,0.0,0.0
2024-03-18 00:00:00+02:00,20.540784833136005,20.864096459345703,18.251521292591008,19.315324783325195,181366,0.0,0.0,0.0
2024-03-19 00:00:00+02:00,19.315325626482647,19.294466762850725,18.56962087865555,19.216245651245117,62188,0.0,0.0,0.0
2024-03-20 00:00:00+02:00,19.21624449643177,22.913481955846777,20.326980037038886,21.020538330078125,204489,0.0,0.0,0.0
2024-03-21 00:00:00+02:00,21.020537254864664,21.56286764896237,20.33740917392881,20.921457290649414,184075,0.0,0.0,0.0
2024-03-24 00:00:00+02:00,20.92145825307239,21.12483253320046,20.441704420839535,20.556428909301758,67810,0.0,0.0,0.0
2024-03-25 00:00:00+02:00,20.5564292311755,20.791091062412647,19.607348745069256,19.99323844909668,145833,0.0,0.0,0.0
2024-03-26 00:00:00+02:00,19.993238058928263,20.832808381055205,19.993238058928263,20.07667350769043,144406,0.0,0.0,0.0
2024-03-27 00:00:00+02:00,20.076673758011257,20.21747145253879,19.05980384055788,19.28925132751465,82860,0.0,0.0,0.0
2024-03-28 00:00:00+02:00,19.289251779139263,19.28403743639041,18.246307140246223,18.788639068603516,113764,0.0,0.0,0.0
2024-03-31 00:00:00+02:00,18.788637262996374,20.274832223532208,18.788637262996374,19.34139633178711,195010,0.0,0.0,0.0
2024-04-01 00:00:00+02:00,19.341398638389904,20.540785523070493,18.882503643105828,19.82636833190918,181659,0.0,0.0,0.0
2024-04-02 00:00:00+02:00,19.826366809338957,20.33740966990419,19.294465086953583,19.414403915405273,208851,0.0,0.0,0.0
2024-04-03 00:00:00+02:00,19.4144054744797,19.711645398244205,19.184957976032347,19.409191131591797,113049,0.0,0.0,0.0
2024-04-04 00:00:00+02:00,19.409190722415516,20.014097751024337,19.35704281880504,19.82115364074707,52617,0.0,0.0,0.0
2024-04-07 00:00:00+02:00,19.821152889325656,21.886181745476,20.128821480716088,21.213483810424805,349227,0.0,0.0,0.0
2024-04-08 00:00:00+02:00,21.21348319547171,22.491088099163438,21.21869604595738,21.755813598632812,290931,0.0,0.0,0.0
2024-04-15 00:00:00+02:00,21.75581443008489,22.527592341001853,21.69323784271324,21.985261917114258,283528,0.0,0.0,0.0
2024-04-16 00:00:00+02:00,21.9852604390957,22.110413605425233,20.916242691073382,21.641088485717773,192627,0.0,0.0,0.0
2024-04-17 00:00:00+02:00,21.641090153465104,22.397225043934316,21.46900490948629,21.77145767211914,299143,0.0,0.0,0.0
2024-04-18 00:00:00+02:00,21.771456029238962,22.146917020773092,20.196611271095144,20.306119918823242,161293,0.0,0.0,0.0
2024-04-21 00:00:00+02:00,20.306120568694144,21.901825730938228,20.603360467673795,20.905813217163086,134020,0.0,0.0,0.0
2024-04-22 00:00:00+02:00,20.905812563736422,21.74538284212894,20.11317584178542,20.634647369384766,56844,0.0,0.0,0.0
2024-04-23 00:00:00+02:00,20.634648753025903,20.80673548763041,19.351827963141204,19.685569763183594,68299,0.0,0.0,0.0
2024-04-24 00:00:00+02:00,19.685568301049514,20.28526092644475,18.772992761353738,19.669923782348633,96870,0.0,0.0,0.0
2024-04-28 00:00:00+03:00,19.836798330684985,20.572072886693306,19.24231998254766,19.53955841064453,134340,0.0,0.0,0.0
2024-04-29 00:00:00+03:00,19.440477833162227,20.321765896364226,19.555202323355154,19.8367977142334,56299,0.0,0.0,0.0
2024-04-30 00:00:00+03:00,19.836798330684985,20.572072886693306,19.24231998254766,19.53955841064453,134340,0.0,0.0,0.0
2024-05-01 00:00:00+03:00,19.53955841064453,19.53955841064453,19.53955841064453,19.53955841064453,0,0.0,0.0,0.0
2024-05-02 00:00:00+03:00,19.602134832692784,20.2070418613016,19.09630777658337,19.82115364074707,115128,0.0,0.0,0.0
2024-05-07 00:00:00+03:00,19.821152876756834,20.462563263975987,19.555202010064477,19.815937042236328,196291,0.0,0.0,0.0
2024-05-08 00:00:00+03:00,19.815936889190773,20.076673411292376,18.772993784671364,19.111949920654297,66717,0.0,0.0,0.0
2024-05-09 00:00:00+03:00,19.111950401870164,19.815937388132184,19.044159471355382,19.336183547973633,92181,0.0,0.0,0.0
2024-05-12 00:00:00+03:00,19.336182702485722,19.5186981153774,18.56440481945544,18.778207778930664,84564,0.0,0.0,0.0
2024-05-13 00:00:00+03:00,18.778209441131082,19.284038001173762,18.147229191732634,18.90857696533203,91818,0.0,0.0,0.0
2024-05-14 00:00:00+03:00,18.908577261253185,19.294466988937273,18.564406753265402,18.689559936523438,81792,0.0,0.0,0.0
2024-05-15 00:00:00+03:00,18.689556985232652,18.929434627902996,18.381888418655063,18.501827239990234,27948,0.0,0.0,0.0
2024-05-16 00:00:00+03:00,18.50182782937825,19.29446455676288,18.381889004222348,19.278820037841797,168046,0.0,0.0,0.0
2024-05-19 00:00:00+03:00,19.27882180636292,21.31777754522426,19.372687436556635,20.853668212890625,422352,0.0,0.0,0.0
2024-05-20 00:00:00+03:00,20.853668030560087,21.119618906516145,20.092318785889393,20.566858291625977,215766,0.0,0.0,0.0
2024-05-21 00:00:00+03:00,20.566857076621048,21.37513834225655,20.180967388352066,20.24875831604004,133485,0.0,0.0,0.0
2024-05-22 00:00:00+03:00,20.248757308493335,20.337408585459432,19.873297815751272,19.97237777709961,54792,0.0,0.0,0.0
2024-05-23 00:00:00+03:00,19.97237929387403,20.207041121673036,19.873299325001202,20.055814743041992,27457,0.0,0.0,0.0
2024-05-26 00:00:00+03:00,20.055814743041992,20.055814743041992,20.055814743041992,20.055814743041992,0,0.0,0.0,0.0
2024-05-27 00:00:00+03:00,20.1236053794985,20.337409833835963,19.815936792185532,20.118391036987305,82827,0.0,0.0,0.0
2024-05-28 00:00:00+03:00,20.11839139005187,20.10274836224376,19.607348516398858,19.79507827758789,128035,0.0,0.0,0.0
2024-05-29 00:00:00+03:00,19.795077834520917,20.540784011926952,19.758575945175476,20.139249801635742,67785,0.0,0.0,0.0
2024-05-30 00:00:00+03:00,20.139250479018166,20.38434248742534,19.763790952415338,20.321765899658203,84325,0.0,0.0,0.0
2024-06-02 00:00:00+03:00,20.32176521896473,20.728513771798536,20.024526810012944,20.467777252197266,83271,0.0,0.0,0.0
2024-06-03 00:00:00+03:00,20.467778200040673,21.67237939492238,20.342625022902773,20.759803771972656,443673,0.0,0.0,0.0
2024-06-04 00:00:00+03:00,20.75980325887521,21.103973741526165,20.660723289770672,20.78066062927246,89991,0.0,0.0,0.0
2024-06-05 00:00:00+03:00,20.78066011868936,20.848452538588838,19.659495922434196,20.07145881652832,170857,0.0,0.0,0.0
2024-06-06 00:00:00+03:00,20.071459262746863,20.426059921710685,19.815937080712352,20.055814743041992,81612,0.0,0.0,0.0
2024-06-09 00:00:00+03:00,20.055815829551218,20.415632342538473,19.81593815422638,19.82636833190918,79641,0.0,0.0,0.0
2024-06-10 00:00:00+03:00,19.82636695179933,20.04538425651281,19.555201746189045,19.6334228515625,76105,0.0,0.0,0.0
2024-06-11 00:00:00+03:00,19.633424074874792,20.30612204233634,19.617779554436627,19.935876846313477,60936,0.0,0.0,0.0
2024-06-12 00:00:00+03:00,19.93587522975439,20.337409434093995,19.815936402693378,19.87329864501953,53541,0.0,0.0,0.0
2024-06-13 00:00:00+03:00,19.873300134221054,20.2539755055082,19.873300134221054,20.128822326660156,27118,0.0,0.0,0.0
2024-06-23 00:00:00+03:00,20.128821311118486,20.58250193453939,20.207040924994487,20.42605972290039,50661,0.0,0.0,0.0
2024-06-24 00:00:00+03:00,20.42606003716455,21.8340354877474,20.46777776198433,21.588943481445312,358312,0.0,0.0,0.0
2024-06-25 00:00:00+03:00,21.588943305708035,21.792317585534846,21.04661139552204,21.130046844482422,202030,0.0,0.0,0.0
2024-06-26 00:00:00+03:00,21.130047942645277,21.849679473300746,21.145692463124295,21.625446319580078,269464,0.0,0.0,0.0
2024-06-27 00:00:00+03:00,21.62544627514495,22.162562377624436,21.12483355639364,22.126060485839844,284892,0.0,0.0,0.0
2024-07-01 00:00:00+03:00,22.126060485839844,22.126060485839844,22.126060485839844,22.126060485839844,0,0.0,0.0,0.0
2024-07-02 00:00:00+03:00,23.341089640506205,23.805198960607996,23.18464742495432,23.257654190063477,335770,0.0,0.0,0.0
2024-07-03 00:00:00+03:00,23.257653858840666,23.586181313266085,23.059493920889505,23.080352783203125,137719,0.0,0.0,0.0
2024-07-04 00:00:00+03:00,23.08035254814544,23.403665656685607,22.553665161132812,22.553665161132812,207525,0.0,0.0,0.0
2024-07-07 00:00:00+03:00,22.553665390826545,23.450597962255785,22.631886497488505,23.080352783203125,201399,0.0,0.0,0.0
2024-07-08 00:00:00+03:00,23.08035234905664,23.189861001157393,22.42329745256515,22.595382690429688,173905,0.0,0.0,0.0
2024-07-09 00:00:00+03:00,22.595382690429688,22.835260348495943,22.178205452004455,22.595382690429688,84868,0.0,0.0,0.0
2024-07-10 00:00:00+03:00,22.59538204241416,23.122069409778707,22.684033321994697,22.824831008911133,103354,0.0,0.0,0.0
2024-07-14 00:00:00+03:00,22.824832524469386,23.414095022986388,22.949985700717786,23.39323616027832,277200,0.0,0.0,0.0
2024-07-15 00:00:00+03:00,23.393235306985375,23.69568955119178,22.965629383039158,23.007347106933594,162031,0.0,0.0,0.0
2024-07-16 00:00:00+03:00,23.007347519006277,23.304585934091943,22.3867959919763,22.423297882080078,549994,0.0,0.0,0.0
2024-07-17 00:00:00+03:00,22.42329676022114,22.762254374933573,22.214708147448928,22.58495330810547,281625,0.0,0.0,0.0
2024-07-18 00:00:00+03:00,22.584692837880755,22.566702983350748,21.987869194034854,22.04262351989746,165104,0.0,1.5,0.0
2024-07-21 00:00:00+03:00,22.04262455560768,22.355507498054976,21.315170781952993,21.901826858520508,205525,0.0,0.0,0.0
2024-07-22 00:00:00+03:00,21.90182553268397,22.206886196610157,21.721918038160496,21.77667236328125,132793,0.0,0.0,0.0
2024-07-23 00:00:00+03:00,21.7766730181219,22.034801624270056,21.542011191421217,21.596765518188477,155207,0.0,0.0,0.0
2024-07-24 00:00:00+03:00,21.59676603634423,22.042624412938796,21.60458829634773,22.011335372924805,199634,0.0,0.0,0.0
2024-07-28 00:00:00+03:00,22.011334010038496,22.996916330301282,21.901825360657117,22.926517486572266,277716,0.0,0.0,0.0
2024-07-29 00:00:00+03:00,22.926518065919694,23.301979072610074,22.011334566259467,22.144309997558594,371985,0.0,0.0,0.0
2024-07-30 00:00:00+03:00,22.144310353934873,22.68403434753418,22.128667326192954,22.68403434753418,149440,0.0,0.0,0.0
2024-07-31 00:00:00+03:00,22.68403426356492,22.95780738927251,22.292930224537937,22.582347869873047,108578,0.0,0.0,0.0
2024-08-01 00:00:00+03:00,22.58234780139103,22.7778998203115,22.144310204809855,22.308574676513672,112024,0.0,0.0,0.0
2024-08-04 00:00:00+03:00,22.30857566485027,22.136488925732458,20.697225883358662,21.40903663635254,169879,0.0,0.0,0.0
2024-08-05 00:00:00+03:00,21.40903616353459,21.119618512646866,18.006430660330555,20.321765899658203,293981,0.0,0.0,0.0
2024-08-06 00:00:00+03:00,20.321765589795444,21.103973670929467,20.33741010948457,20.556428909301758,93021,0.0,0.0,0.0
2024-08-07 00:00:00+03:00,20.556428058742018,21.064862992053005,20.572071085840367,20.900598526000977,126012,0.0,0.0,0.0
2024-08-08 00:00:00+03:00,20.90059924968446,21.03357468225716,20.595538577523833,20.665937423706055,67887,0.0,0.0,0.0
2024-08-11 00:00:00+03:00,20.66593691701883,21.119617530212317,20.62682711096249,21.064863204956055,59515,0.0,0.0,0.0
2024-08-12 00:00:00+03:00,21.06486269289964,21.667163239964406,20.736335257404626,21.13526153564453,107948,0.0,0.0,0.0
2024-08-13 00:00:00+03:00,21.135262703946246,21.49507770502671,21.12744044410404,21.213483810424805,62047,0.0,0.0,0.0
2024-08-14 00:00:00+03:00,21.213483085111807,21.37774606035129,20.986642033274283,21.119617462158203,90781,0.0,0.0,0.0
2024-08-15 00:00:00+03:00,21.11961869963705,21.510722749630332,21.05704211131587,21.143085479736328,171605,0.0,0.0,0.0
2024-08-18 00:00:00+03:00,21.143085408834004,21.50290041748829,21.1039741087997,21.197839736938477,63095,0.0,0.0,0.0
2024-08-19 00:00:00+03:00,21.19783929388036,21.424678861563923,20.84584506064645,20.88495635986328,117792,0.0,0.0,0.0
2024-08-20 00:00:00+03:00,20.884957253603055,21.143085871706305,20.759804074640485,20.853668212890625,152758,0.0,0.0,0.0
2024-08-21 00:00:00+03:00,20.8536669744532,21.43250076576576,20.783268128974587,20.8302001953125,257857,0.0,0.0,0.0
2024-08-22 00:00:00+03:00,20.830199386435527,21.604586656629326,20.892775969770604,21.13526153564453,277120,0.0,0.0,0.0
2024-08-25 00:00:00+03:00,21.135262172183864,24.170228793255593,22.01915662490537,23.46624183654785,1181529,0.0,0.0,0.0
2024-08-26 00:00:00+03:00,23.466242576091886,24.170229554985937,23.215936227324537,23.38802146911621,490532,0.0,0.0,0.0
2024-08-27 00:00:00+03:00,23.38801983283301,23.841700431219106,22.965628271825537,22.996915817260742,408422,0.0,0.0,0.0
2024-08-28 00:00:00+03:00,22.996918540695653,23.301980723490868,22.824833290564104,22.863943099975586,264339,0.0,0.0,0.0
2024-08-29 00:00:00+03:00,22.863940540346185,23.309798882274826,22.91869486416992,23.21593475341797,219708,0.0,0.0,0.0
2024-09-01 00:00:00+03:00,23.215935495668962,23.896455673440503,23.16118117009464,23.46624183654785,510351,0.0,0.0,0.0
2024-09-02 00:00:00+03:00,23.466242800061874,23.85734684672957,23.34891188445027,23.380199432373047,377689,0.0,0.0,0.0
2024-09-03 00:00:00+03:00,23.38019978533178,23.818237398411775,23.356734497021336,23.59139633178711,220765,0.0,0.0,0.0
2024-09-04 00:00:00+03:00,23.59139552546164,23.54446345850128,23.1924692264398,23.395843505859375,176498,0.0,0.0,0.0
2024-09-05 00:00:00+03:00,23.395842929684903,23.865168063560866,23.395842929684903,23.849523544311523,116377,0.0,0.0,0.0
2024-09-08 00:00:00+03:00,23.849523767266156,24.092007850123906,23.544463098769516,23.84170150756836,331799,0.0,0.0,0.0
2024-09-09 00:00:00+03:00,23.84170224759913,24.068543310045772,23.755660372139655,23.76348114013672,208988,0.0,0.0,0.0
2024-09-10 00:00:00+03:00,23.763481281665886,23.935568017496802,23.466242861870683,23.653972625732422,218278,0.0,0.0,0.0
2024-09-11 00:00:00+03:00,23.653970338879223,23.85734460305321,23.505350397378347,23.61486053466797,99280,0.0,0.0,0.0
2024-09-12 00:00:00+03:00,23.614860625821294,23.84170017662028,23.62268288508242,23.7165470123291,49511,0.0,0.0,0.0
2024-09-16 00:00:00+03:00,23.7165494280302,23.857347125184884,23.46624307395234,23.489709854125977,60180,0.0,0.0,0.0
2024-09-17 00:00:00+03:00,23.489708479238764,23.677438233809056,23.403665115581912,23.57575035095215,70158,0.0,0.0,0.0
2024-09-18 00:00:00+03:00,23.57575006081081,23.70090322898411,23.427131606069675,23.63832664489746,47309,0.0,0.0,0.0
2024-09-19 00:00:00+03:00,23.638327072916216,23.77912476264646,23.46624183654785,23.46624183654785,136646,0.0,0.0,0.0
2024-09-22 00:00:00+03:00,23.466240593167093,23.763478984225447,23.474062852398024,23.61486053466797,85761,0.0,0.0,0.0
2024-09-23 00:00:00+03:00,23.61486237993432,24.71777565463939,23.779125360789173,24.483112335205078,268837,0.0,0.0,0.0
2024-09-24 00:00:00+03:00,25.499982928633464,26.8844916270764,25.57820552915649,26.7045841217041,731893,0.0,0.0,0.0
2024-09-25 00:00:00+03:00,24.756884183211483,25.656423131389626,24.71777437796421,25.499980926513672,218464,0.0,0.0,0.0
2024-09-26 00:00:00+03:00,25.499982928633464,26.8844916270764,25.57820552915649,26.7045841217041,731893,0.0,0.0,0.0
2024-09-29 00:00:00+03:00,26.704583456090447,27.150441824353766,26.211791528683133,26.39952278137207,306404,0.0,0.0,0.0
2024-09-30 00:00:00+03:00,26.39952389161978,26.900136607994476,25.836333093754668,26.20397186279297,264632,0.0,0.0,0.0
2024-10-01 00:00:00+03:00,26.203970127167505,26.814091461851756,25.859799653427896,26.4073429107666,202665,0.0,0.0,0.0
2024-10-02 00:00:00+03:00,26.40734370090095,26.344768605570057,25.49998243945012,25.632959365844727,165757,0.0,0.0,0.0
2024-10-03 00:00:00+03:00,25.632958713594373,26.203970244436555,25.44522746460456,25.8128662109375,114649,0.0,0.0,0.0
2024-10-07 00:00:00+03:00,25.812866727041893,26.08663836241025,25.67989278525927,25.742467880249023,86355,0.0,0.0,0.0
2024-10-08 00:00:00+03:00,25.742467501287297,25.812866347043805,24.95243717042031,25.046302795410156,160900,0.0,0.0,0.0
2024-10-09 00:00:00+03:00,25.046302864830867,25.73464680481494,25.163632285492255,25.648603439331055,86992,0.0,0.0,0.0
2024-10-10 00:00:00+03:00,25.648603833472727,25.945840757492142,25.421762772599717,25.515626907348633,107503,0.0,0.0,0.0
2024-10-13 00:00:00+03:00,25.515627405238114,25.734647702442086,25.061948258526442,25.132347106933594,130166,0.0,0.0,0.0
2024-10-14 00:00:00+03:00,25.132345266702828,25.421761407235334,24.71777446665443,25.077590942382812,83898,0.0,0.0,0.0
2024-10-15 00:00:00+03:00,25.077592547554637,25.656424865669667,25.147991395313177,25.46869659423828,56240,0.0,0.0,0.0
2024-10-16 00:00:00+03:00,25.468696305034953,27.142621128411193,25.54691591992865,26.344768524169922,520701,0.0,0.0,0.0
2024-10-17 00:00:00+03:00,26.34476941777087,26.67329539213227,25.969309882549062,26.313480377197266,124683,0.0,0.0,0.0
2024-10-20 00:00:00+03:00,26.31347935123825,26.399522717517268,25.695534251495328,25.797222137451172,105094,0.0,0.0,0.0
2024-10-21 00:00:00+03:00,25.797221691531103,26.008418227687027,25.18710035411641,25.8128662109375,91508,0.0,0.0,0.0
2024-10-22 00:00:00+03:00,25.81286599355461,26.24307983000313,25.773756187311463,26.149215698242188,159690,0.0,0.0,0.0
2024-10-23 00:00:00+03:00,26.149217085482597,26.790627490335876,25.90673149969188,26.7045841217041,222510,0.0,0.0,0.0
2024-10-24 00:00:00+03:00,26.704583988774676,28.433263169252626,26.95489034142818,27.76056671142578,635258,0.0,0.0,0.0
2024-10-27 00:00:00+03:00,27.760565036415894,28.74614586753544,27.400747065285884,28.081270217895508,472740,0.0,0.0,0.0
2024-10-28 00:00:00+03:00,28.08127104093321,28.190779693835328,27.37728258100959,27.447681427001953,170628,0.0,0.0,0.0
2024-10-29 00:00:00+03:00,27.447681726197004,29.137251064543936,27.455502494109407,28.19860076904297,744501,0.0,0.0,0.0
2024-10-30 00:00:00+03:00,28.198600600988478,28.785256659194424,27.924828967380506,27.995227813720703,247187,0.0,0.0,0.0
2024-10-31 00:00:00+03:00,27.995227621327945,28.276823004753503,27.690166950579258,27.987403869628906,166875,0.0,0.0,0.0
2024-11-03 00:00:00+02:00,27.987403469118426,28.15949019739075,27.299062523803034,27.46332550048828,306739,0.0,0.0,0.0
2024-11-04 00:00:00+02:00,27.46332550048828,27.768386166871434,27.400747423339453,27.46332550048828,101064,0.0,0.0,0.0
2024-11-05 00:00:00+02:00,27.46332579415208,28.073447133442382,27.37728242909586,27.729276657104492,148523,0.0,0.0,0.0
2024-11-06 00:00:00+02:00,27.7292776919699,28.159491549419727,27.69016788381757,28.073448181152344,196592,0.0,0.0,0.0
2024-11-07 00:00:00+02:00,28.073446476796807,28.159489839840447,27.877894464020137,27.909183502197266,84042,0.0,0.0,0.0
2024-11-10 00:00:00+02:00,27.90918387960626,28.159490220634275,27.87789484100602,27.948293685913086,94278,0.0,0.0,0.0
2024-11-11 00:00:00+02:00,27.948293365090688,28.159489897387523,27.73709683279385,28.02651596069336,154260,0.0,0.0,0.0
2024-11-12 00:00:00+02:00,28.026516489419084,28.081270815430447,27.71363206887961,27.78403091430664,134457,0.0,0.0,0.0
2024-11-13 00:00:00+02:00,27.784031447687457,28.073447602715973,27.416392694078915,27.541545867919922,198252,0.0,0.0,0.0
2024-11-14 00:00:00+02:00,27.541545203312403,28.073446925273085,27.572834241989376,27.893539428710938,71723,0.0,0.0,0.0
2024-11-17 00:00:00+02:00,27.893539156690526,28.15949001507729,27.84660559913277,28.11255645751953,117303,0.0,0.0,0.0
2024-11-18 00:00:00+02:00,28.11255665002133,28.941698269231036,27.971758960270872,28.120380401611328,421052,0.0,0.0,0.0
2024-11-19 00:00:00+02:00,28.120380265381772,28.51148429415235,27.963938057096154,28.229888916015625,147714,0.0,0.0,0.0
2024-11-20 00:00:00+02:00,28.22988994885838,28.69921360699937,28.03433792731846,28.089092254638672,158654,0.0,0.0,0.0
2024-11-21 00:00:00+02:00,28.089091824037872,28.292464610411418,27.846606246846296,27.932649612426758,164305,0.0,0.0,0.0
2024-11-24 00:00:00+02:00,27.932650361982542,28.15949142571145,27.3772833305528,27.525901794433594,283591,0.0,0.0,0.0
2024-11-25 00:00:00+02:00,27.525901986542436,27.721454011696895,27.377283521624403,27.53372573852539,367700,0.0,0.0,0.0
2024-11-26 00:00:00+02:00,31.063689201416665,27.004229568483375,24.930375026126537,26.43061065673828,322567,4.0,0.0,0.0
2024-11-27 00:00:00+02:00,26.43061115991811,26.66005738240966,25.371621084829215,25.424570083618164,157990,0.0,0.0,0.0
2024-11-28 00:00:00+02:00,25.4245703313957,25.786391579213266,25.062749083578133,25.336320877075195,129783,0.0,0.0,0.0
2024-12-01 00:00:00+02:00,25.33632143824986,26.165863634086815,25.459871350322413,25.883466720581055,89399,0.0,0.0,0.0
2024-12-02 00:00:00+02:00,25.88346560567867,26.69535753864555,26.0334891699188,26.130563735961914,135529,0.0,0.0,0.0
2024-12-03 00:00:00+02:00,26.13056504435703,27.22485393345835,26.218812818031314,26.412961959838867,181779,0.0,0.0,0.0
2024-12-04 00:00:00+02:00,26.412961491406595,26.73948228793475,26.20998892240603,26.280588150024414,115387,0.0,0.0,0.0
2024-12-05 00:00:00+02:00,26.280588490359595,26.47473594801979,26.209989261826944,26.30706214904785,82493,0.0,0.0,0.0
2024-12-08 00:00:00+02:00,26.307060882808678,26.474734673709964,25.892290645545806,25.927589416503906,136323,0.0,0.0,0.0
2024-12-09 00:00:00+02:00,25.927590739417685,26.20116422358851,25.42457102426635,25.46869659423828,120622,0.0,0.0,0.0
2024-12-10 00:00:00+02:00,25.468695781637816,26.16586293276679,25.459870667925003,25.53046989440918,121074,0.0,0.0,0.0
2024-12-11 00:00:00+02:00,25.530469083770154,25.856989864684973,25.503993743472353,25.592243194580078,85234,0.0,0.0,0.0
2024-12-12 00:00:00+02:00,25.59224422899583,25.94524036447624,25.32749754819011,25.7510929107666,132881,0.0,0.0,0.0
2024-12-15 00:00:00+02:00,25.75109293794444,25.936415278060363,25.32749757492088,25.44222068786621,67230,0.0,0.0,0.0
2024-12-16 00:00:00+02:00,25.442221093579757,26.2099891741192,25.41574575176172,25.671669006347656,180096,0.0,0.0,0.0
2024-12-17 00:00:00+02:00,25.671668482777378,26.56298477385265,25.742267709633918,26.377660751342773,374685,0.0,0.0,0.0
2024-12-18 00:00:00+02:00,26.377660708633076,26.554159617097813,25.565768759488286,25.645193099975586,208781,0.0,0.0,0.0
2024-12-19 00:00:00+02:00,25.645193693603677,26.3423625466371,25.424570894525004,25.883466720581055,227614,0.0,0.0,0.0
2024-12-22 00:00:00+02:00,25.88346684668229,26.448260676445422,25.88346684668229,25.98936653137207,161356,0.0,0.0,0.0
2024-12-23 00:00:00+02:00,25.98936492475962,26.201162597827867,25.41574433324588,25.804040908813477,201686,0.0,0.0,0.0
2024-12-24 00:00:00+02:00,25.80404206723022,25.936415408438204,25.415745474230885,25.548120498657227,45413,0.0,0.0,0.0
2024-12-25 00:00:00+02:00,25.548119417870875,25.812866089087017,25.150997727828376,25.177473068237305,142728,0.0,0.0,0.0
2024-12-26 00:00:00+02:00,25.177473000702893,25.415744330870982,24.35675596562869,24.445005416870117,391781,0.0,0.0,0.0
2024-12-29 00:00:00+02:00,24.4450054473103,24.6832767777751,23.827260971069336,23.827260971069336,201333,0.0,0.0,0.0
2024-12-30 00:00:00+02:00,23.827261775850186,23.915511230182187,23.218342392499547,23.24481773376465,148054,0.0,0.0,0.0
2024-12-31 00:00:00+02:00,23.244817336353183,23.730186802053428,23.20951688193657,23.536039352416992,184511,0.0,0.0,0.0
2025-01-02 00:00:00+02:00,23.536040499056618,24.127309673594116,23.562515841158916,24.02140998840332,107423,0.0,0.0,0.0
2025-01-05 00:00:00+02:00,24.02140998840332,24.294983473805214,23.933162214499113,24.02140998840332,61152,0.0,0.0,0.0
2025-01-06 00:00:00+02:00,24.021408665188183,24.100833003901606,23.562514543221884,23.739011764526367,148512,0.0,0.0,0.0
2025-01-08 00:00:00+02:00,23.739013117042248,23.827262574331602,23.47426642839259,23.49191665649414,75013,0.0,0.0,0.0
2025-01-09 00:00:00+02:00,23.49191587727232,24.047884578282602,23.41249153666823,23.765487670898438,81609,0.0,0.0,0.0
2025-01-12 00:00:00+02:00,23.765487026200677,23.827261137612894,22.98007043844255,23.31541633605957,168882,0.0,0.0,0.0
2025-01-13 00:00:00+02:00,23.315415903502522,24.480303934859418,23.3860151271236,23.394840240478516,167014,0.0,0.0,0.0
2025-01-14 00:00:00+02:00,23.39484158303917,23.58016392447275,22.750623420124793,23.368366241455078,62575,0.0,0.0,0.0
2025-01-15 00:00:00+02:00,23.368365170617096,23.915510422420656,23.350714943703174,23.827260971069336,100533,0.0,0.0,0.0
2025-01-16 00:00:00+02:00,23.82726218970205,25.327497889748418,23.80961196188542,25.03627586364746,617668,0.0,0.0,0.0
2025-01-19 00:00:00+02:00,23.82726185662406,25.32749753569884,23.809611629054157,24.709753036499023,903003,0.0,0.0,0.0
2025-01-20 00:00:00+02:00,24.54207816457531,24.868600627423433,24.27733149551228,24.3391056060791,134040,0.0,0.0,0.0
2025-01-21 00:00:00+02:00,24.339105713625724,26.421785354614258,24.445005391649836,26.421785354614258,656337,0.0,0.0,0.0
2025-01-22 00:00:00+02:00,26.4217869474249,26.995405889654982,25.812867549319297,26.30706214904785,642880,0.0,0.0,0.0
2025-01-23 00:00:00+02:00,26.307061228680254,26.633583701231675,25.433395174947513,25.733442306518555,78553,0.0,0.0,0.0
2025-01-26 00:00:00+02:00,25.733443182533822,26.033490324319036,25.530470611096288,25.574594497680664,156643,0.0,0.0,0.0
2025-01-27 00:00:00+02:00,25.57459353281414,27.3131022034303,25.50399430701165,25.61871910095215,152036,0.0,0.0,0.0
2025-01-28 00:00:00+02:00,25.61871840136994,26.209987532526625,25.415744159914457,25.486343383789062,89371,0.0,0.0,0.0
2025-01-29 00:00:00+02:00,25.486344196074988,25.936414893826854,25.34514574382558,25.424570083618164,113304,0.0,0.0,0.0
2025-01-30 00:00:00+02:00,25.424570868490136,25.812867465772126,24.98332527078463,25.150999069213867,115228,0.0,0.0,0.0
2025-02-02 00:00:00+02:00,25.150997954869005,25.5922435330246,25.018624618065985,25.398096084594727,90215,0.0,0.0,0.0
2025-02-03 00:00:00+02:00,25.39809743505923,25.415745979877954,24.753877577451775,24.8509521484375,65219,0.0,0.0,0.0
2025-02-04 00:00:00+02:00,24.85095212075837,25.265722379858186,24.62150420618665,24.6391544342041,135201,0.0,0.0,0.0
2025-02-05 00:00:00+02:00,24.639152976861407,24.66562831732164,24.180257174860476,24.250856399536133,109459,0.0,0.0,0.0
2025-02-06 00:00:00+02:00,24.250856906396788,24.612678150824163,24.180257680245553,24.374406814575195,41133,0.0,0.0,0.0
2025-02-09 00:00:00+02:00,24.37440662605411,25.062748654900172,24.047884155618643,24.365581512451172,56524,0.0,0.0,0.0
2025-02-10 00:00:00+02:00,24.365582730077683,24.674453305524217,24.18025870159137,24.23320770263672,64331,0.0,0.0,0.0
2025-02-11 00:00:00+02:00,24.233207081167578,24.533254218093735,23.941985058059053,24.08318519592285,45552,0.0,0.0,0.0
2025-02-12 00:00:00+02:00,24.08318416993467,23.941984038086257,23.306591019250675,23.615463256835938,85875,0.0,0.0,0.0
2025-02-13 00:00:00+02:00,23.61546316582299,23.809610611136613,23.624288279230647,23.72136116027832,21233,0.0,0.0,0.0
2025-02-16 00:00:00+02:00,23.72136265830873,24.25085771367841,23.739012886238676,24.012584686279297,84423,0.0,0.0,0.0
2025-02-17 00:00:00+02:00,24.01258465729444,24.17143334203544,23.739012857584036,23.8007869720459,101217,0.0,0.0,0.0
2025-02-18 00:00:00+02:00,23.800786910684025,23.99493605074176,23.765488138176128,23.89786148071289,72094,0.0,0.0,0.0
2025-02-19 00:00:00+02:00,23.897860719123337,24.709752659551622,23.827261493139066,24.692102432250977,156171,0.0,0.0,0.0
2025-02-20 00:00:00+02:00,24.692101669830087,25.009799018558894,24.374406004319553,24.436180114746094,185479,0.0,0.0,0.0
2025-02-23 00:00:00+02:00,24.436181114325297,24.7097529073556,24.180257865554314,24.603853225708008,96831,0.0,0.0,0.0
2025-02-24 00:00:00+02:00,24.60385227514213,24.886250854219174,24.206732271547587,24.3391056060791,117188,0.0,0.0,0.0
2025-02-25 00:00:00+02:00,24.339106154199573,24.577379171653206,23.7831374633594,23.844911575317383,148853,0.0,0.0,0.0
2025-02-26 00:00:00+02:00,23.84491207139907,24.047884638689,23.386016254137925,23.668413162231445,189645,0.0,0.0,0.0
2025-02-27 00:00:00+02:00,23.668412065091566,23.99493452695035,23.491914847323745,23.606637954711914,100927,0.0,0.0,0.0
2025-03-02 00:00:00+02:00,23.606639611915295,23.924336982705533,23.606639611915295,23.694889068603516,44573,0.0,0.0,0.0
2025-03-03 00:00:00+02:00,23.694887350028324,23.81843557049993,23.606637899740782,23.703712463378906,79273,0.0,0.0,0.0
2025-03-04 00:00:00+02:00,23.70371405585931,23.827262284631225,23.56251559920045,23.5889892578125,112985,0.0,0.0,0.0
2025-03-05 00:00:00+02:00,23.588987931373737,23.765486833881745,23.209516469234313,23.306591033935547,85328,0.0,0.0,0.0
2025-03-06 00:00:00+02:00,23.30659206746439,23.65076309107713,23.394841522631808,23.46544075012207,26502,0.0,0.0,0.0
2025-03-09 00:00:00+02:00,23.465441126409928,23.65958858431688,23.465441126409928,23.483091354370117,66233,0.0,0.0,0.0
2025-03-10 00:00:00+02:00,23.483090222955386,23.694887898618124,23.412490997734476,23.430139541625977,119744,0.0,0.0,0.0
2025-03-11 00:00:00+02:00,23.43013910873653,23.650761893878,23.297765774295303,23.509563446044922,119618,0.0,0.0,0.0
2025-03-12 00:00:00+02:00,23.509564636096602,23.69488866027002,23.412491750308963,23.46544075012207,71401,0.0,0.0,0.0
2025-03-13 00:00:00+02:00,23.465441278338986,23.650763623465732,23.474266392376222,23.50074005126953,76318,0.0,0.0,0.0
2025-03-16 00:00:00+02:00,23.500738465312534,24.268506502554857,23.56251425940421,23.615463256835938,145698,0.0,0.0,0.0
2025-03-17 00:00:00+02:00,23.615464628660316,24.074360454974677,23.633114856568955,23.8007869720459,91340,0.0,0.0,0.0
2025-03-18 00:00:00+02:00,23.800786408663523,23.9772853171353,23.474265616174574,23.55368995666504,60309,0.0,0.0,0.0
2025-03-19 00:00:00+02:00,23.553690266107015,23.818436949074513,23.315417241505248,23.368366241455078,121042,0.0,0.0,0.0
2025-03-20 00:00:00+02:00,23.368366743001687,23.60663977271742,23.34189308406776,23.49191665649414,32627,0.0,0.0,0.0
2025-03-23 00:00:00+02:00,23.49191649647348,23.80078707005467,23.500739927245753,23.694889068603516,50550,0.0,0.0,0.0
2025-03-24 00:00:00+02:00,23.694887361672656,23.73901124522898,23.3860151271236,23.394840240478516,70002,0.0,0.0,0.0
2025-03-25 00:00:00+02:00,23.39484095883881,23.624288863457284,23.37719073158701,23.43896484375,34364,0.0,0.0,0.0
2025-03-26 00:00:00+02:00,23.43896484375,23.544864524042495,23.39484095883881,23.43896484375,58806,0.0,0.0,0.0
2025-03-27 00:00:00+02:00,23.438964395054494,23.915510422420656,23.456614621968416,23.827260971069336,102886,0.0,0.0,0.0
2025-04-03 00:00:00+02:00,23.827262378376727,24.180258521412703,23.827262378376727,24.003761291503906,115064,0.0,0.0,0.0
2025-04-06 00:00:00+02:00,24.003759551316172,23.730186087480313,22.6800228484837,23.183042526245117,283256,0.0,0.0,0.0
2025-04-07 00:00:00+02:00,23.183043467841944,23.562514940714696,22.856520993931944,23.447790145874023,160958,0.0,0.0,0.0
2025-04-08 00:00:00+02:00,23.44779098813782,23.739013017721373,23.47426633017938,23.597814559936523,40759,0.0,0.0,0.0
2025-04-09 00:00:00+02:00,23.59781348512456,23.606638598736453,23.05066990693367,23.2271671295166,39104,0.0,0.0,0.0
2025-04-10 00:00:00+02:00,23.22716781685839,23.906686436117784,23.474265955648633,23.580163955688477,101090,0.0,0.0,0.0
2025-04-13 00:00:00+02:00,23.58016408265109,23.7654881085462,23.562515538028332,23.686063766479492,52277,0.0,0.0,0.0
2025-04-14 00:00:00+02:00,23.686063578205886,23.739012578090023,23.606639236770498,23.67723846435547,116939,0.0,0.0,0.0
2025-04-15 00:00:00+02:00,23.677237367709335,23.765486818907736,23.56251425940421,23.615463256835938,64026,0.0,0.0,0.0
2025-04-16 00:00:00+02:00,23.615464162768497,23.739012389254828,23.615464162768497,23.668413162231445,64412,0.0,0.0,0.0
2025-04-17 00:00:00+02:00,23.668412973817382,23.739012200278754,23.571338406226126,23.659587860107422,58147,0.0,0.0,0.0
2025-04-22 00:00:00+02:00,23.659587707295614,23.747837160606927,23.483090483891306,23.641939163208008,121652,0.0,0.0,0.0
2025-04-23 00:00:00+02:00,23.641939510588664,24.224383554495773,23.57133860032759,24.189083099365234,166111,0.0,0.0,0.0
2025-04-27 00:00:00+03:00,24.189083196138835,24.92155081084443,24.30380799255372,24.82447624206543,263213,0.0,0.0,0.0
2025-04-28 00:00:00+03:00,24.824476589134083,24.965676728976895,24.48913067545564,24.630329132080078,129770,0.0,0.0,0.0
2025-04-29 00:00:00+03:00,24.630328093703827,24.630328093703827,24.321455851652555,24.471479415893555,59944,0.0,0.0,0.0
2025-04-30 00:00:00+03:00,24.471479734134427,24.762701752834374,24.365581736362625,24.586204528808594,64945,0.0,0.0,0.0
2025-05-04 00:00:00+03:00,24.58620484255129,24.930375864529076,24.612678500722904,24.921550750732422,97643,0.0,0.0,0.0
2025-05-05 00:00:00+03:00,24.92154982727252,25.698142980418233,24.965675394620735,25.177473068237305,218563,0.0,0.0,0.0
2025-05-06 00:00:00+03:00,25.177474034006625,25.353971260514786,24.97449978285563,25.13334846496582,111832,0.0,0.0,0.0
2025-05-07 00:00:00+03:00,25.133348972954714,25.20394820162858,24.665629714197227,24.736228942871094,197248,0.0,0.0,0.0
2025-05-08 00:00:00+03:00,24.736227224273094,25.01862411934849,24.53325298312167,24.745052337646484,51175,0.0,0.0,0.0
2025-05-11 00:00:00+03:00,24.745053680179623,25.045099135062383,24.542079428015914,24.718578338623047,88841,0.0,0.0,0.0
2025-05-12 00:00:00+03:00,24.718577431178524,24.798001769714148,24.630327979114686,24.66562843322754,46281,0.0,0.0,0.0
2025-05-13 00:00:00+03:00,24.665629057727504,24.789177283813974,24.489130149131114,24.595029830932617,30418,0.0,0.0,0.0
2025-05-14 00:00:00+03:00,24.595029020096817,24.75387601273478,24.445005457701285,24.656803131103516,39071,0.0,0.0,0.0
2025-05-15 00:00:00+03:00,24.656803146649647,24.709752144229018,24.277331683691205,24.347930908203125,58510,0.0,0.0,0.0
2025-05-18 00:00:00+03:00,24.347932191912584,24.533254534820376,23.571338998118396,23.89786148071289,136626,0.0,0.0,0.0
2025-05-19 00:00:00+03:00,23.897861104049788,24.2067333539129,23.739012422221997,23.880210876464844,45541,0.0,0.0,0.0
2025-05-20 00:00:00+03:00,23.880211503144054,24.00376141626258,23.739013045195787,23.809612274169922,36546,0.0,0.0,0.0
2025-05-21 00:00:00+03:00,23.80961218404533,23.79196195606401,23.49191649647348,23.694889068603516,107975,0.0,0.0,0.0
2025-05-22 00:00:00+03:00,23.694889130870504,23.959635818412497,23.47426633017938,23.597814559936523,89802,0.0,0.0,0.0
2025-05-25 00:00:00+03:00,23.59781346442775,23.818436254876648,23.38601578758301,23.536039352416992,143765,0.0,0.0,0.0
2025-05-26 00:00:00+03:00,23.53603887755747,23.82726088774563,22.944769743755053,23.40366554260254,144459,0.0,0.0,0.0
2025-05-27 00:00:00+03:00,23.403666727882616,23.81843698060567,23.403666727882616,23.580163955688477,57264,0.0,0.0,0.0
2025-05-28 00:00:00+03:00,23.580163803202666,23.739012485453568,23.509564575893194,23.562515258789062,60416,0.0,0.0,0.0
2025-05-29 00:00:00+03:00,23.56251503609085,23.56251503609085,23.2977666737688,23.34189224243164,61410,0.0,0.0,0.0
2025-06-01 00:00:00+03:00,23.341892958904246,23.641940102148098,23.31541761689389,23.386016845703125,66461,0.0,0.0,0.0
2025-06-02 00:00:00+03:00,23.38601560019454,23.580163048275303,23.315416375145325,23.52721405029297,78598,0.0,0.0,0.0
2025-06-03 00:00:00+03:00,23.527215143426545,23.63311482752988,23.430140573266687,23.5889892578125,93815,0.0,0.0,0.0
2025-06-04 00:00:00+03:00,23.58898853969676,23.65076265220214,23.518389313516572,23.544864654541016,111997,0.0,0.0,0.0
2025-06-10 00:00:00+03:00,23.544865463947943,24.039060064198313,23.544865463947943,24.003761291503906,149634,0.0,0.0,0.0
2025-06-11 00:00:00+03:00,24.003761072631008,24.383230870923086,23.977285730937826,24.303808212280273,294993,0.0,0.0,0.0
2025-06-12 00:00:00+03:00,24.3038069984355,24.22438266054114,23.686062522194536,23.827260971069336,104565,0.0,0.0,0.0
2025-06-15 00:00:00+03:00,23.827262584012548,23.297767523279703,22.150529627707197,22.97124671936035,145987,0.0,0.0,0.0
2025-06-16 00:00:00+03:00,22.97124528570907,23.297766069250034,22.89182094739515,23.103618621826172,59029,0.0,0.0,0.0
2025-06-17 00:00:00+03:00,23.103618348484964,23.271292136632614,22.503524103087702,22.67119789123535,80427,0.0,0.0,0.0
2025-06-18 00:00:00+03:00,22.671197800746935,22.856520131734964,22.42409967621129,22.777095794677734,43603,0.0,0.0,0.0
2025-06-19 00:00:00+03:00,22.77709651212393,22.944770304883825,22.556473720730814,22.60059928894043,70808,0.0,0.0,0.0
2025-06-22 00:00:00+03:00,22.600600160062967,23.10361987451284,22.15935456026927,22.962421417236328,51770,0.0,0.0,0.0
2025-06-23 00:00:00+03:00,22.9624198690201,24.29498169253673,22.909469188697763,23.818435668945312,124176,0.0,0.0,0.0
2025-06-24 00:00:00+03:00,23.818436736586317,24.242032098842696,23.87138573606378,24.189083099365234,54266,0.0,0.0,0.0
2025-06-25 00:00:00+03:00,24.18908223224673,24.595029035604,23.986109672177236,24.347930908203125,116416,0.0,0.0,0.0
2025-06-29 00:00:00+03:00,24.34793175456054,24.709753003163684,24.339106640787495,24.497955322265625,230490,0.0,0.0,0.0
2025-06-30 00:00:00+03:00,24.497955254421854,24.595029822438175,24.06553478005022,24.074359893798828,116181,0.0,0.0,0.0
2025-07-01 00:00:00+03:00,24.07436039290749,24.22438396330739,23.827262252478725,23.89786148071289,132035,0.0,0.0,0.0
2025-07-02 00:00:00+03:00,23.897859950879056,24.109657622023214,23.853736067264208,23.915510177612305,51734,0.0,0.0,0.0
2025-07-06 00:00:00+03:00,23.9155107809625,24.242031567673823,23.9155107809625,24.153783798217773,39292,0.0,0.0,0.0
2025-07-07 00:00:00+03:00,24.153783852221245,25.062748672109983,23.97728494647791,24.88625144958496,227173,0.0,0.0,0.0
2025-07-09 00:00:00+03:00,24.886252227498613,25.053924341655865,24.718578430123,24.833301544189453,99520,0.0,0.0,0.0
2025-07-10 00:00:00+03:00,24.833300732404055,24.965675753131332,24.709752508491455,24.89507484436035,46867,0.0,0.0,0.0
2025-07-13 00:00:00+03:00,24.89507499655347,25.062748789472984,24.533253752981786,24.692102432250977,56527,0.0,0.0,0.0
2025-07-14 00:00:00+03:00,24.692102389348957,25.406921444818337,24.62150316348735,25.309846878051758,363579,0.0,0.0,0.0
2025-07-15 00:00:00+03:00,25.309846689425815,26.78360699111944,25.362795687622828,26.130563735961914,817107,0.0,0.0,0.0
2025-07-16 00:00:00+03:00,26.130564890651232,26.89833128969901,25.92759063602651,26.095264434814453,508557,0.0,0.0,0.0
2025-07-17 00:00:00+03:00,26.095264532843466,26.412961903694416,25.85699150470525,25.98936653137207,151147,0.0,0.0,0.0
2025-07-20 00:00:00+03:00,25.98936653137207,26.201164217533243,25.68931938850581,25.98936653137207,87733,0.0,0.0,0.0
2025-07-21 00:00:00+03:00,25.989365624635784,26.686532773524064,25.989365624635784,26.15703773498535,177087,0.0,0.0,0.0
2025-07-22 00:00:00+03:00,26.157037640465585,26.54533422508662,25.856990509151828,26.042314529418945,74571,0.0,0.0,0.0
2025-07-23 00:00:00+03:00,26.042314529418945,26.042314529418945,26.042314529418945,26.042314529418945,0,0.0,0.0,0.0
2025-07-27 00:00:00+03:00,27.74552280634249,29.033960787505343,27.710222351661,28.34561538696289,507897,0.0,0.0,0.0
2025-07-28 00:00:00+03:00,28.345614612965395,28.33679118275428,27.048353236773153,27.260150909423828,177702,0.0,0.0,0.0
2025-07-29 00:00:00+03:00,27.260151081853547,28.213241456419347,26.589457605941572,27.577848434448242,203515,0.0,0.0,0.0
2025-07-30 00:00:00+03:00,27.577848188370922,28.06321764319894,26.298235359143202,26.52768325805664,319900,0.0,0.0,0.0
2025-07-31 00:00:00+03:00,26.527684070404455,27.268976787065668,26.386485618013587,26.465909957885742,182349,0.0,0.0,0.0
2025-08-03 00:00:00+03:00,26.465909957885742,26.465909957885742,26.465909957885742,26.465909957885742,0,0.0,0.0,0.0
2025-08-04 00:00:00+03:00,26.465909957885742,26.465909957885742,26.465909957885742,26.465909957885742,0,0.0,0.0,0.0
2025-08-05 00:00:00+03:00,26.465909957885742,26.465909957885742,26.465909957885742,26.465909957885742,0,0.0,0.0,0.0
2025-08-06 00:00:00+03:00,26.465909957885742,26.465909957885742,26.465909957885742,26.465909957885742,0,0.0,0.0,0.0
2025-08-07 00:00:00+03:00,26.465909957885742,26.465909957885742,26.465909957885742,26.465909957885742,0,0.0,0.0,0.0
2025-08-10 00:00:00+03:00,26.0952628138388,26.298235372636974,26.1040879272498,26.21881103515625,79027,0.0,0.0,0.0
2025-08-11 00:00:00+03:00,26.218812176618798,27.339576380335252,26.245287518004428,27.31310272216797,438308,0.0,0.0,0.0
2025-08-12 00:00:00+03:00,27.313102208994334,28.592715070545804,27.357226093923014,28.019094467163086,962583,0.0,0.0,0.0
2025-08-13 00:00:00+03:00,28.01909461998197,28.23089229858776,27.39252669784213,27.81612205505371,250286,0.0,0.0,0.0
2025-08-14 00:00:00+03:00,27.816122032487144,29.122208557772417,28.098518937065762,28.34561538696289,610988,0.0,0.0,0.0
2025-08-17 00:00:00+03:00,28.34561456995829,28.848634252142727,27.95731967896366,28.186767578125,148114,0.0,0.0,0.0
2025-08-18 00:00:00+03:00,28.186768795091275,28.319142135610054,27.807297317910663,27.833772659301758,126620,0.0,0.0,0.0
2025-08-19 00:00:00+03:00,27.833773158887716,28.151468845191403,27.595500131746167,27.65727424621582,73110,0.0,0.0,0.0
2025-08-20 00:00:00+03:00,27.657272980294522,27.860245542323934,27.268976400120383,27.277801513671875,245635,0.0,0.0,0.0
2025-08-21 00:00:00+03:00,27.277801108385606,27.97496991963041,27.357225445950668,27.87789535522461,110187,0.0,0.0,0.0
2025-08-24 00:00:00+03:00,27.877897041777896,28.760388238584493,28.080869613071002,28.17794418334961,412779,0.0,0.0,0.0
2025-08-25 00:00:00+03:00,28.177943241025204,28.716263391704654,28.063218446674675,28.133817672729492,467798,0.0,0.0,0.0
2025-08-26 00:00:00+03:00,28.133817101917963,28.327964548825047,27.886720657348633,27.886720657348633,200971,0.0,0.0,0.0
2025-08-27 00:00:00+03:00,27.886721236258644,28.68096295055338,27.833772237497215,28.433866500854492,240170,0.0,0.0,0.0
2025-08-28 00:00:00+03:00,28.433866798554824,30.181198924941338,28.592715479720567,29.5987548828125,894004,0.0,0.0,0.0
2025-08-31 00:00:00+03:00,29.598755604059658,30.13707577374589,28.945710635972237,29.122209548950195,412153,0.0,0.0,0.0
2025-09-01 00:00:00+03:00,29.122208097087803,29.801726689992243,29.139858324149337,29.563453674316406,287890,0.0,0.0,0.0
2025-09-02 00:00:00+03:00,29.563454333052995,30.163548600770195,29.492853423233715,29.704652786254883,209497,0.0,0.0,0.0
2025-09-03 00:00:00+03:00,29.704653062141634,29.872325174864702,29.254584040391975,29.307531356811523,186733,0.0,0.0,0.0
2025-09-07 00:00:00+03:00,29.307530452374568,30.77246563515553,29.422255245137656,30.084123611450195,899526,0.0,0.0,0.0
2025-09-08 00:00:00+03:00,30.08412354132251,31.01956537544751,30.23414542144741,30.710691452026367,449967,0.0,0.0,0.0
2025-09-09 00:00:00+03:00,30.710691222274995,30.887190124847148,30.26944564906289,30.490068435668945,262330,0.0,0.0,0.0
2025-09-10 00:00:00+03:00,30.490069176063542,30.843066989779746,30.00469970703125,30.00469970703125,205938,0.0,0.0,0.0
2025-09-11 00:00:00+03:00,30.004700239764837,30.348871262708737,29.73995355799543,29.819377899169922,180989,0.0,0.0,0.0
2025-09-14 00:00:00+03:00,29.819376767344547,30.00469910090536,29.625227637078986,29.76642608642578,131701,0.0,0.0,0.0
2025-09-15 00:00:00+03:00,29.766426934947056,30.225322750014566,29.581104596103447,29.695829391479492,199355,0.0,0.0,0.0
2025-09-16 00:00:00+03:00,29.695830137844883,29.73995402442569,28.257368543540647,29.131032943725586,254886,0.0,0.0,0.0
2025-09-17 00:00:00+03:00,29.13103238157838,29.386955631819912,28.592715589381733,28.883935928344727,74107,0.0,0.0,0.0
2025-09-18 00:00:00+03:00,28.88393602429187,29.219283616534856,28.72508734198923,28.778038024902344,69788,0.0,0.0,0.0
2025-09-21 00:00:00+03:00,28.778038085227866,29.016311109181306,28.636839630266945,28.68096351623535,147586,0.0,0.0,0.0
2025-09-22 00:00:00+03:00,28.68096348040277,28.945710162319145,28.486814342660296,28.689786911010742,60919,0.0,0.0,0.0
2025-09-23 00:00:00+03:00,28.68978651102798,29.166332551695643,28.725086965841136,28.760387420654297,77017,0.0,0.0,0.0
2025-09-24 00:00:00+03:00,28.760387499260364,29.739953241164525,28.75156406875129,29.704652786254883,135981,0.0,0.0,0.0
2025-09-25 00:00:00+03:00,29.704653162824354,29.91645252853053,29.49285379711818,29.72230339050293,91023,0.0,0.0,0.0
2025-09-28 00:00:00+03:00,29.72230332609383,29.916452463700708,28.94571014210303,29.298707962036133,284683,0.0,0.0,0.0
2025-09-29 00:00:00+03:00,29.29870688684385,29.38695465537029,28.945709079864923,29.148681640625,153425,0.0,0.0,0.0
2025-09-30 00:00:00+03:00,29.148682017652142,29.334007720253318,28.95453625109545,29.166332244873047,132341,0.0,0.0,0.0
2025-10-01 00:00:00+03:00,29.16633283048487,29.46637996639143,28.248541195189894,28.363265991210938,228876,0.0,0.0,0.0
2025-10-02 00:00:00+03:00,28.363266462462857,28.89276319920903,28.68096383122321,28.79568862915039,93596,0.0,0.0,0.0
2025-10-05 00:00:00+03:00,28.795688809429112,29.122209610949586,28.795688809429112,29.025135040283203,73437,0.0,0.0,0.0
2025-10-06 00:00:00+03:00,29.025134263159277,29.139859058733045,28.90158603705061,29.07808494567871,49082,0.0,0.0,0.0
2025-10-07 00:00:00+03:00,29.078083869300848,29.122207753215378,28.919235194059294,28.928058624267578,99537,0.0,0.0,0.0
2025-10-08 00:00:00+03:00,28.928058979986254,29.492852780485055,28.866284868458983,29.033960342407227,327275,0.0,0.0,0.0
2025-10-12 00:00:00+03:00,29.03396102443644,29.21045656641088,28.945709887012544,29.0869083404541,110851,0.0,0.0,0.0
2025-10-13 00:00:00+03:00,29.08690758601196,29.17515872114684,28.94570913623274,29.051607131958008,101983,0.0,0.0,0.0
2025-10-14 00:00:00+03:00,29.051608322192042,29.148682891599226,28.98101077762837,29.007484436035156,77253,0.0,0.0,0.0
2025-10-15 00:00:00+03:00,29.007483318583684,29.122208111321438,28.972186230879956,29.033960342407227,81883,0.0,0.0,0.0
2025-10-16 00:00:00+03:00,29.03396068373249,29.078084568708324,28.945709547344197,29.060434341430664,115101,0.0,0.0,0.0
2025-10-19 00:00:00+03:00,29.06043379517723,29.360480920384134,29.033960137976685,29.334007263183594,139416,0.0,0.0,0.0
2025-10-20 00:00:00+03:00,29.334008697119884,29.563454925759288,29.334008697119884,29.422256469726562,191916,0.0,0.0,0.0
2025-10-21 00:00:00+03:00,29.422255010719116,30.684217621748743,29.475205691519417,30.392993927001953,755059,0.0,0.0,0.0
2025-10-22 00:00:00+03:00,30.392994322438113,31.37256004815085,30.445945003927342,30.93131446838379,882450,0.0,0.0,0.0
2025-10-23 00:00:00+03:00,30.931314714552496,31.31961298235724,30.445945246233208,30.62244415283203,298260,0.0,0.0,0.0
2025-10-26 00:00:00+03:00,30.622444375942656,30.88719105455148,30.551843466214084,30.843067169189453,253915,0.0,0.0,0.0
2025-10-27 00:00:00+03:00,30.843066414694114,31.0989896565447,30.728341622409957,30.80776596069336,240075,0.0,0.0,0.0
2025-10-28 00:00:00+03:00,30.807767050004944,30.975439162782255,30.19002254889567,30.3488712310791,253370,0.0,0.0,0.0
2025-10-29 00:00:00+03:00,30.34887100875618,30.622444485276166,29.92527564818234,30.12824821472168,324989,0.0,0.0,0.0
2025-10-30 00:00:00+03:00,30.128247460332013,30.35769704558718,29.960575352981383,30.092947006225586,245327,0.0,0.0,0.0
2025-11-02 00:00:00+02:00,30.09294825743917,30.710692764239997,30.145898940800404,30.47241973876953,346753,0.0,0.0,0.0
2025-11-03 00:00:00+02:00,30.47241971342252,30.8783682193142,29.96057657376992,30.040000915527344,961523,0.0,0.0,0.0
2025-11-04 00:00:00+02:00,34.040000915527344,30.489999771118164,29.600000381469727,29.6200008392334,658054,4.0,0.0,0.0
2025-11-05 00:00:00+02:00,29.6200008392334,29.950000762939453,29.1299991607666,29.40999984741211,356883,0.0,0.0,0.0
2025-11-06 00:00:00+02:00,29.40999984741211,29.56999969482422,29.100000381469727,29.290000915527344,230179,0.0,0.0,0.0
2025-11-09 00:00:00+02:00,29.290000915527344,31.489999771118164,29.399999618530273,30.799999237060547,1002579,0.0,0.0,0.0
2025-11-10 00:00:00+02:00,30.799999237060547,30.799999237060547,29.600000381469727,30.200000762939453,476019,0.0,0.0,0.0
2025-11-11 00:00:00+02:00,30.200000762939453,30.389999389648438,29.780000686645508,30.079999923706055,221030,0.0,0.0,0.0
2025-11-12 00:00:00+02:00,30.079999923706055,30.25,29.790000915527344,30.0,155546,0.0,0.0,0.0
2025-11-13 00:00:00+02:00,30.0,30.899999618530273,29.799999237060547,30.59000015258789,219837,0.0,0.0,0.0
2025-11-16 00:00:00+02:00,30.59000015258789,30.799999237060547,29.829999923706055,29.979999542236328,121982,0.0,0.0,0.0
2025-11-17 00:00:00+02:00,29.979999542236328,30.43000030517578,29.68000030517578,29.68000030517578,220871,0.0,0.0,0.0
2025-11-18 00:00:00+02:00,29.68000030517578,30.440000534057617,29.700000762939453,29.729999542236328,219854,0.0,0.0,0.0
2025-11-19 00:00:00+02:00,29.729999542236328,29.979999542236328,29.420000076293945,29.559999465942383,164718,0.0,0.0,0.0
2025-11-20 00:00:00+02:00,29.559999465942383,29.989999771118164,29.420000076293945,29.530000686645508,186977,0.0,0.0,0.0
2025-11-23 00:00:00+02:00,29.530000686645508,29.899999618530273,29.450000762939453,29.520000457763672,46855,0.0,0.0,0.0
2025-11-24 00:00:00+02:00,29.520000457763672,29.75,29.290000915527344,29.579999923706055,91594,0.0,0.0,0.0
2025-11-25 00:00:00+02:00,29.579999923706055,29.690000534057617,29.030000686645508,29.1200008392334,117917,0.0,0.0,0.0
2025-11-26 00:00:00+02:00,29.1200008392334,29.290000915527344,28.700000762939453,28.829999923706055,114095,0.0,0.0,0.0
2025-11-27 00:00:00+02:00,28.829999923706055,29.450000762939453,28.700000762939453,29.170000076293945,175601,0.0,0.0,0.0
2025-11-30 00:00:00+02:00,29.170000076293945,29.8799991607666,28.799999237060547,28.93000030517578,192187,0.0,0.0,0.0
2025-12-01 00:00:00+02:00,28.93000030517578,29.399999618530273,28.940000534057617,29.139999389648438,83340,0.0,0.0,0.0
2025-12-02 00:00:00+02:00,29.139999389648438,29.350000381469727,28.75,28.809999465942383,131152,0.0,0.0,0.0
2025-12-03 00:00:00+02:00,28.809999465942383,29.190000534057617,28.709999084472656,28.850000381469727,93538,0.0,0.0,0.0
2025-12-04 00:00:00+02:00,28.850000381469727,28.979999542236328,28.600000381469727,28.649999618530273,54655,0.0,0.0,0.0
2025-12-07 00:00:00+02:00,28.649999618530273,28.780000686645508,28.200000762939453,28.25,177707,0.0,0.0,0.0
2025-12-08 00:00:00+02:00,28.25,29.8799991607666,28.25,29.399999618530273,587865,0.0,0.0,0.0
2025-12-09 00:00:00+02:00,29.399999618530273,29.969999313354492,29.200000762939453,29.719999313354492,250921,0.0,0.0,0.0
2025-12-10 00:00:00+02:00,29.719999313354492,30.489999771118164,29.34000015258789,30.100000381469727,484869,0.0,0.0,0.0
2025-12-11 00:00:00+02:00,30.100000381469727,30.979999542236328,29.0,29.489999771118164,298063,0.0,0.0,0.0
2025-12-14 00:00:00+02:00,29.489999771118164,30.59000015258789,28.75,29.0,688344,0.0,0.0,0.0
2025-12-15 00:00:00+02:00,29.0,29.1299991607666,28.75,28.770000457763672,236503,0.0,0.0,0.0
2025-12-16 00:00:00+02:00,28.770000457763672,29.399999618530273,28.649999618530273,28.65999984741211,102457,0.0,0.0,0.0
2025-12-17 00:00:00+02:00,28.65999984741211,28.950000762939453,28.649999618530273,28.84000015258789,107771,0.0,0.0,0.0
2025-12-18 00:00:00+02:00,28.84000015258789,29.5,28.68000030517578,28.709999084472656,313978,0.0,0.0,0.0
2025-12-21 00:00:00+02:00,28.709999084472656,28.979999542236328,28.65999984741211,28.75,66171,0.0,0.0,0.0
2025-12-22 00:00:00+02:00,28.75,29.079999923706055,28.799999237060547,29.030000686645508,109410,0.0,0.0,0.0
2025-12-23 00:00:00+02:00,29.030000686645508,29.399999618530273,28.899999618530273,28.950000762939453,140674,0.0,0.0,0.0
2025-12-24 00:00:00+02:00,28.950000762939453,29.389999389648438,28.90999984741211,28.950000762939453,73949,0.0,0.0,0.0
2025-12-25 00:00:00+02:00,28.950000762939453,29.25,28.899999618530273,29.0,121057,0.0,0.0,0.0
2025-12-28 00:00:00+02:00,29.0,29.3799991607666,29.0,29.110000610351562,103521,0.0,0.0,0.0
2025-12-29 00:00:00+02:00,29.110000610351562,29.270000457763672,25.0,28.799999237060547,202028,0.0,0.0,0.0
2025-12-30 00:00:00+02:00,28.799999237060547,29.100000381469727,28.799999237060547,29.100000381469727,123248,0.0,0.0,0.0
2025-12-31 00:00:00+02:00,29.100000381469727,29.25,28.950000762939453,28.979999542236328,103416,0.0,0.0,0.0
2026-01-04 00:00:00+02:00,28.979999542236328,29.229999542236328,28.790000915527344,28.920000076293945,119354,0.0,0.0,0.0
2026-01-05 00:00:00+02:00,28.920000076293945,28.979999542236328,28.540000915527344,28.670000076293945,84367,0.0,0.0,0.0
2026-01-06 00:00:00+02:00,28.670000076293945,28.889999389648438,28.549999237060547,28.729999542236328,80311,0.0,0.0,0.0
2026-01-08 00:00:00+02:00,28.729999542236328,29.0,28.600000381469727,28.739999771118164,180436,0.0,0.0,0.0
2026-01-11 00:00:00+02:00,28.739999771118164,28.969999313354492,28.700000762939453,28.709999084472656,86190,0.0,0.0,0.0
2026-01-12 00:00:00+02:00,28.709999084472656,28.889999389648438,28.600000381469727,28.65999984741211,59949,0.0,0.0,0.0
2026-01-13 00:00:00+02:00,28.65999984741211,28.8799991607666,27.5,27.760000228881836,133936,0.0,0.0,0.0
2026-01-14 00:00:00+02:00,27.760000228881836,28.0,26.5,27.09000015258789,169613,0.0,0.0,0.0
2026-01-15 00:00:00+02:00,27.09000015258789,27.899999618530273,27.09000015258789,27.149999618530273,166809,0.0,0.0,0.0
2026-01-18 00:00:00+02:00,27.149999618530273,27.799999237060547,27.209999084472656,27.520000457763672,42601,0.0,0.0,0.0
2026-01-19 00:00:00+02:00,27.520000457763672,28.540000915527344,27.489999771118164,27.959999084472656,118598,0.0,0.0,0.0
2026-01-20 00:00:00+02:00,27.959999084472656,28.239999771118164,27.850000381469727,27.90999984741211,93862,0.0,0.0,0.0
2026-01-21 00:00:00+02:00,27.90999984741211,28.299999237060547,27.75,28.020000457763672,191406,0.0,0.0,0.0
2026-01-22 00:00:00+02:00,28.020000457763672,28.68000030517578,28.0,28.219999313354492,168811,0.0,0.0,0.0
2026-01-25 00:00:00+02:00,28.219999313354492,29.1200008392334,28.149999618530273,28.510000228881836,315263,0.0,0.0,0.0
2026-01-26 00:00:00+02:00,28.510000228881836,28.940000534057617,28.0,28.170000076293945,146177,0.0,0.0,0.0
2026-01-27 00:00:00+02:00,28.170000076293945,28.600000381469727,28.100000381469727,28.399999618530273,125670,0.0,0.0,0.0
2026-01-28 00:00:00+02:00,28.399999618530273,28.81999969482422,28.020000457763672,28.079999923706055,196663,0.0,0.0,0.0
2026-02-01 00:00:00+02:00,28.079999923706055,28.5,27.5,27.700000762939453,271329,0.0,0.0,0.0
2026-02-02 00:00:00+02:00,27.700000762939453,28.299999237060547,27.700000762939453,27.899999618530273,151184,0.0,0.0,0.0
2026-02-03 00:00:00+02:00,27.899999618530273,28.299999237060547,28.0,28.110000610351562,161166,0.0,0.0,0.0
2026-02-04 00:00:00+02:00,28.110000610351562,28.489999771118164,28.209999084472656,28.3799991607666,134742,0.0,0.0,0.0
