Date,Open,High,Low,Close,Volume,Dividends,Stock Splits,Capital Gains
2021-01-03 00:00:00+02:00,24.75,25.489999771118164,22.65999984741211,23.489999771118164,9728,0.0,0.0,0.0
2021-01-04 00:00:00+02:00,23.489999771118164,24.139999389648438,22.799999237060547,23.489999771118164,3982,0.0,0.0,0.0
2021-01-05 00:00:00+02:00,23.489999771118164,24.610000610351562,22.809999465942383,23.489999771118164,2177,0.0,0.0,0.0
2021-01-06 00:00:00+02:00,23.489999771118164,25.0,23.0,24.350000381469727,13218,0.0,0.0,0.0
2021-01-10 00:00:00+02:00,24.350000381469727,25.0,24.0,24.31999969482422,7072,0.0,0.0,0.0
2021-01-11 00:00:00+02:00,24.31999969482422,25.399999618530273,24.299999237060547,24.719999313354492,5850,0.0,0.0,0.0
2021-01-12 00:00:00+02:00,24.719999313354492,24.989999771118164,24.0,24.190000534057617,7812,0.0,0.0,0.0
2021-01-13 00:00:00+02:00,24.190000534057617,24.920000076293945,24.020000457763672,24.190000534057617,2075,0.0,0.0,0.0
2021-01-14 00:00:00+02:00,24.190000534057617,25.440000534057617,24.670000076293945,24.75,14959,0.0,0.0,0.0
2021-01-17 00:00:00+02:00,24.75,26.0,24.799999237060547,25.3799991607666,13148,0.0,0.0,0.0
2021-01-18 00:00:00+02:00,25.3799991607666,26.0,24.549999237060547,25.31999969482422,6901,0.0,0.0,0.0
2021-01-19 00:00:00+02:00,25.31999969482422,24.559999465942383,24.010000228881836,25.31999969482422,3444,0.0,0.0,0.0
2021-01-20 00:00:00+02:00,25.31999969482422,27.850000381469727,24.899999618530273,25.979999542236328,33135,0.0,0.0,0.0
2021-01-21 00:00:00+02:00,25.979999542236328,27.5,25.56999969482422,26.530000686645508,14726,0.0,0.0,0.0
2021-01-24 00:00:00+02:00,26.530000686645508,28.850000381469727,26.0,27.459999084472656,32226,0.0,0.0,0.0
2021-01-25 00:00:00+02:00,27.459999084472656,27.459999084472656,27.459999084472656,27.459999084472656,0,0.0,0.0,0.0
2021-01-26 00:00:00+02:00,26.59000015258789,27.979999542236328,24.5,25.920000076293945,9979,0.0,0.0,0.0
2021-01-27 00:00:00+02:00,25.920000076293945,26.25,25.5,25.709999084472656,6138,0.0,0.0,0.0
2021-01-31 00:00:00+02:00,25.709999084472656,28.280000686645508,26.600000381469727,27.90999984741211,40127,0.0,0.0,0.0
2021-02-01 00:00:00+02:00,27.90999984741211,30.700000762939453,28.1299991607666,29.770000457763672,62592,0.0,0.0,0.0
2021-02-02 00:00:00+02:00,29.770000457763672,32.7400016784668,29.0,31.940000534057617,51146,0.0,0.0,0.0
2021-02-03 00:00:00+02:00,31.940000534057617,35.130001068115234,31.510000228881836,34.369998931884766,92151,0.0,0.0,0.0
2021-02-04 00:00:00+02:00,34.369998931884766,36.97999954223633,34.0,35.529998779296875,35374,0.0,0.0,0.0
2021-02-07 00:00:00+02:00,35.529998779296875,36.97999954223633,33.150001525878906,34.439998626708984,24325,0.0,0.0,0.0
2021-02-08 00:00:00+02:00,34.439998626708984,34.70000076293945,31.0,33.029998779296875,67521,0.0,0.0,0.0
2021-02-09 00:00:00+02:00,33.029998779296875,36.33000183105469,35.0,35.970001220703125,42377,0.0,0.0,0.0
2021-02-10 00:00:00+02:00,35.970001220703125,39.560001373291016,35.29999923706055,37.599998474121094,11971,0.0,0.0,0.0
2021-02-11 00:00:00+02:00,37.599998474121094,41.36000061035156,37.29999923706055,39.77000045776367,60959,0.0,0.0,0.0
2021-02-14 00:00:00+02:00,39.77000045776367,43.599998474121094,38.099998474121094,39.849998474121094,20885,0.0,0.0,0.0
2021-02-15 00:00:00+02:00,39.849998474121094,39.650001525878906,36.599998474121094,37.459999084472656,30519,0.0,0.0,0.0
2021-02-16 00:00:00+02:00,37.459999084472656,39.79999923706055,36.04999923706055,38.029998779296875,4773,0.0,0.0,0.0
2021-02-17 00:00:00+02:00,38.029998779296875,36.869998931884766,34.310001373291016,36.06999969482422,3799,0.0,0.0,0.0
2021-02-18 00:00:00+02:00,36.06999969482422,35.880001068115234,34.0,34.90999984741211,6568,0.0,0.0,0.0
2021-02-21 00:00:00+02:00,34.90999984741211,35.9900016784668,33.0,33.72999954223633,8425,0.0,0.0,0.0
2021-02-22 00:00:00+02:00,33.72999954223633,35.29999923706055,32.400001525878906,33.34000015258789,39970,0.0,0.0,0.0
2021-02-23 00:00:00+02:00,33.34000015258789,35.29999923706055,33.0,33.900001525878906,20592,0.0,0.0,0.0
2021-02-24 00:00:00+02:00,33.900001525878906,36.93000030517578,33.599998474121094,35.459999084472656,26854,0.0,0.0,0.0
2021-02-25 00:00:00+02:00,35.459999084472656,39.0,36.88999938964844,38.66999816894531,55014,0.0,0.0,0.0
2021-02-28 00:00:00+02:00,38.66999816894531,42.529998779296875,38.95000076293945,41.369998931884766,46502,0.0,0.0,0.0
2021-03-01 00:00:00+02:00,41.369998931884766,44.5,39.5,40.650001525878906,18948,0.0,0.0,0.0
2021-03-02 00:00:00+02:00,40.650001525878906,42.0,37.2400016784668,39.630001068115234,41696,0.0,0.0,0.0
2021-03-03 00:00:00+02:00,39.630001068115234,38.5,35.66999816894531,35.869998931884766,26613,0.0,0.0,0.0
2021-03-04 00:00:00+02:00,35.869998931884766,35.869998931884766,35.869998931884766,35.869998931884766,0,0.0,0.0,0.0
2021-03-07 00:00:00+02:00,34.439998626708984,35.790000915527344,34.5,34.97999954223633,20048,0.0,0.0,0.0
2021-03-08 00:00:00+02:00,34.97999954223633,36.5,33.0,33.5099983215332,10766,0.0,0.0,0.0
2021-03-09 00:00:00+02:00,33.5099983215332,35.970001220703125,32.54999923706055,33.77000045776367,23082,0.0,0.0,0.0
2021-03-10 00:00:00+02:00,33.77000045776367,34.88999938964844,33.099998474121094,34.08000183105469,16372,0.0,0.0,0.0
2021-03-11 00:00:00+02:00,34.08000183105469,34.400001525878906,33.040000915527344,33.470001220703125,8985,0.0,0.0,0.0
2021-03-14 00:00:00+02:00,33.470001220703125,34.79999923706055,30.15999984741211,31.93000030517578,8711,0.0,0.0,0.0
2021-03-15 00:00:00+02:00,31.93000030517578,32.599998474121094,28.739999771118164,29.3700008392334,18839,0.0,0.0,0.0
2021-03-16 00:00:00+02:00,29.3700008392334,30.0,26.780000686645508,27.3799991607666,14703,0.0,0.0,0.0
2021-03-17 00:00:00+02:00,27.3799991607666,29.0,25.530000686645508,26.639999389648438,4279,0.0,0.0,0.0
2021-03-18 00:00:00+02:00,26.639999389648438,29.0,24.799999237060547,27.709999084472656,12044,0.0,0.0,0.0
2021-03-21 00:00:00+02:00,27.709999084472656,29.639999389648438,26.360000610351562,28.030000686645508,15584,0.0,0.0,0.0
2021-03-22 00:00:00+02:00,28.030000686645508,28.0,25.299999237060547,26.030000686645508,7199,0.0,0.0,0.0
2021-03-23 00:00:00+02:00,26.030000686645508,25.5,23.43000030517578,23.729999542236328,8997,0.0,0.0,0.0
2021-03-24 00:00:00+02:00,23.729999542236328,25.600000381469727,23.860000610351562,24.40999984741211,9689,0.0,0.0,0.0
2021-03-25 00:00:00+02:00,24.40999984741211,25.399999618530273,23.899999618530273,24.40999984741211,2478,0.0,0.0,0.0
2021-03-28 00:00:00+02:00,24.40999984741211,25.0,24.200000762939453,24.850000381469727,4628,0.0,0.0,0.0
2021-03-29 00:00:00+02:00,24.850000381469727,27.329999923706055,25.0,26.639999389648438,24188,0.0,0.0,0.0
2021-03-30 00:00:00+02:00,26.639999389648438,29.299999237060547,28.950000762939453,29.190000534057617,17513,0.0,0.0,0.0
2021-03-31 00:00:00+02:00,29.190000534057617,31.100000381469727,28.5,29.729999542236328,25557,0.0,0.0,0.0
2021-04-01 00:00:00+02:00,29.729999542236328,30.5,28.5,29.559999465942383,6372,0.0,0.0,0.0
2021-04-04 00:00:00+02:00,29.559999465942383,31.110000610351562,29.989999771118164,30.520000457763672,12971,0.0,0.0,0.0
2021-04-05 00:00:00+02:00,30.520000457763672,30.299999237060547,27.469999313354492,27.950000762939453,11485,0.0,0.0,0.0
2021-04-06 00:00:00+02:00,27.950000762939453,28.0,25.15999984741211,25.68000030517578,12008,0.0,0.0,0.0
2021-04-07 00:00:00+02:00,25.68000030517578,26.670000076293945,25.0,25.780000686645508,5685,0.0,0.0,0.0
2021-04-08 00:00:00+02:00,25.780000686645508,26.299999237060547,25.5,25.780000686645508,1410,0.0,0.0,0.0
2021-04-11 00:00:00+02:00,25.780000686645508,27.989999771118164,25.520000457763672,25.780000686645508,3174,0.0,0.0,0.0
2021-04-12 00:00:00+02:00,25.780000686645508,28.0,26.149999618530273,25.780000686645508,2588,0.0,0.0,0.0
2021-04-13 00:00:00+02:00,25.780000686645508,26.700000762939453,25.5,25.8700008392334,5352,0.0,0.0,0.0
2021-04-14 00:00:00+02:00,25.8700008392334,26.959999084472656,23.5,24.639999389648438,9234,0.0,0.0,0.0
2021-04-15 00:00:00+02:00,24.639999389648438,25.299999237060547,23.5,23.780000686645508,5415,0.0,0.0,0.0
2021-04-18 00:00:00+02:00,23.780000686645508,24.5,22.209999084472656,22.920000076293945,8997,0.0,0.0,0.0
2021-04-19 00:00:00+02:00,22.920000076293945,24.920000076293945,22.1200008392334,23.799999237060547,7248,0.0,0.0,0.0
2021-04-20 00:00:00+02:00,23.799999237060547,26.0,24.049999237060547,25.31999969482422,10737,0.0,0.0,0.0
2021-04-21 00:00:00+02:00,25.31999969482422,27.850000381469727,26.010000228881836,26.90999984741211,26526,0.0,0.0,0.0
2021-04-22 00:00:00+02:00,26.90999984741211,28.850000381469727,27.100000381469727,27.540000915527344,4411,0.0,0.0,0.0
2021-04-25 00:00:00+02:00,27.540000915527344,28.829999923706055,27.0,27.540000915527344,2824,0.0,0.0,0.0
2021-04-26 00:00:00+02:00,27.540000915527344,27.799999237060547,26.5,27.540000915527344,971,0.0,0.0,0.0
2021-04-27 00:00:00+02:00,27.540000915527344,29.68000030517578,26.700000762939453,28.670000076293945,9533,0.0,0.0,0.0
2021-04-28 00:00:00+02:00,28.670000076293945,29.700000762939453,27.049999237060547,28.06999969482422,5089,0.0,0.0,0.0
2021-05-04 00:00:00+02:00,28.06999969482422,30.0,28.0,29.25,9596,0.0,0.0,0.0
2021-05-05 00:00:00+02:00,29.25,30.0,28.5,29.40999984741211,6679,0.0,0.0,0.0
2021-05-06 00:00:00+02:00,29.40999984741211,28.610000610351562,27.010000228881836,28.209999084472656,4392,0.0,0.0,0.0
2021-05-09 00:00:00+02:00,28.209999084472656,29.8799991607666,27.399999618530273,27.610000610351562,11842,0.0,0.0,0.0
2021-05-10 00:00:00+02:00,27.610000610351562,28.350000381469727,27.200000762939453,27.610000610351562,2367,0.0,0.0,0.0
2021-05-11 00:00:00+02:00,27.610000610351562,28.5,27.030000686645508,27.860000610351562,8070,0.0,0.0,0.0
2021-05-17 00:00:00+02:00,27.860000610351562,28.0,27.0,27.270000457763672,5785,0.0,0.0,0.0
2021-05-18 00:00:00+02:00,27.270000457763672,29.989999771118164,27.5,29.829999923706055,32075,0.0,0.0,0.0
2021-05-19 00:00:00+02:00,29.829999923706055,32.810001373291016,28.700000762939453,32.56999969482422,24086,0.0,0.0,0.0
2021-05-20 00:00:00+02:00,32.56999969482422,32.56999969482422,29.5,30.31999969482422,15658,0.0,0.0,0.0
2021-05-23 00:00:00+02:00,30.31999969482422,32.97999954223633,30.0,32.20000076293945,22257,0.0,0.0,0.0
2021-05-24 00:00:00+02:00,32.20000076293945,34.5,30.75,31.950000762939453,51481,0.0,0.0,0.0
2021-05-25 00:00:00+02:00,31.950000762939453,32.88999938964844,30.030000686645508,31.56999969482422,39061,0.0,0.0,0.0
2021-05-26 00:00:00+02:00,31.56999969482422,34.720001220703125,32.0,33.56999969482422,37074,0.0,0.0,0.0
2021-05-27 00:00:00+02:00,33.56999969482422,36.91999816894531,34.72999954223633,36.02000045776367,43709,0.0,0.0,0.0
2021-05-30 00:00:00+02:00,36.02000045776367,36.5,33.65999984741211,34.84000015258789,21443,0.0,0.0,0.0
2021-05-31 00:00:00+02:00,34.84000015258789,34.79999923706055,31.40999984741211,32.029998779296875,21754,0.0,0.0,0.0
2021-06-01 00:00:00+02:00,32.029998779296875,32.9900016784668,30.5,31.389999389648438,23809,0.0,0.0,0.0
2021-06-02 00:00:00+02:00,31.389999389648438,32.20000076293945,30.68000030517578,31.280000686645508,11829,0.0,0.0,0.0
2021-06-03 00:00:00+02:00,31.280000686645508,31.8700008392334,29.549999237060547,30.420000076293945,8399,0.0,0.0,0.0
2021-06-06 00:00:00+02:00,30.420000076293945,30.979999542236328,30.0,30.420000076293945,2359,0.0,0.0,0.0
2021-06-07 00:00:00+02:00,30.420000076293945,30.969999313354492,29.950000762939453,30.020000457763672,6633,0.0,0.0,0.0
2021-06-08 00:00:00+02:00,30.020000457763672,30.5,28.5,28.790000915527344,9253,0.0,0.0,0.0
2021-06-09 00:00:00+02:00,28.790000915527344,29.700000762939453,28.15999984741211,28.469999313354492,6220,0.0,0.0,0.0
2021-06-10 00:00:00+02:00,28.469999313354492,31.0,29.049999237060547,29.950000762939453,9910,0.0,0.0,0.0
2021-06-13 00:00:00+02:00,29.950000762939453,31.25,27.010000228881836,28.059999465942383,34188,0.0,0.0,0.0
2021-06-14 00:00:00+02:00,28.059999465942383,27.700000762939453,26.139999389648438,28.059999465942383,2190,0.0,0.0,0.0
2021-06-15 00:00:00+02:00,28.059999465942383,27.969999313354492,25.5,26.469999313354492,7815,0.0,0.0,0.0
2021-06-16 00:00:00+02:00,26.469999313354492,28.950000762939453,25.6299991607666,27.65999984741211,4631,0.0,0.0,0.0
2021-06-17 00:00:00+02:00,27.65999984741211,30.420000076293945,28.149999618530273,30.18000030517578,27971,0.0,0.0,0.0
2021-06-20 00:00:00+02:00,30.18000030517578,33.189998626708984,30.700000762939453,32.79999923706055,39194,0.0,0.0,0.0
2021-06-21 00:00:00+02:00,32.79999923706055,36.08000183105469,35.5,36.0099983215332,12593,0.0,0.0,0.0
2021-06-22 00:00:00+02:00,36.0099983215332,39.61000061035156,39.61000061035156,39.61000061035156,14676,0.0,0.0,0.0
2021-06-23 00:00:00+02:00,39.61000061035156,43.56999969482422,38.0099983215332,42.09000015258789,203678,0.0,0.0,0.0
2021-06-24 00:00:00+02:00,42.09000015258789,46.290000915527344,44.5,46.09000015258789,61806,0.0,0.0,0.0
2021-06-27 00:00:00+02:00,46.09000015258789,50.689998626708984,50.59000015258789,50.68000030517578,45515,0.0,0.0,0.0
2021-06-28 00:00:00+02:00,50.68000030517578,55.7400016784668,55.7400016784668,55.7400016784668,6143,0.0,0.0,0.0
2021-06-29 00:00:00+02:00,55.7400016784668,61.310001373291016,56.11000061035156,61.150001525878906,127417,0.0,0.0,0.0
2021-06-30 00:00:00+02:00,61.150001525878906,67.26000213623047,55.040000915527344,57.880001068115234,134133,0.0,0.0,0.0
2021-07-04 00:00:00+02:00,57.880001068115234,53.70000076293945,52.099998474121094,52.439998626708984,38767,0.0,0.0,0.0
2021-07-05 00:00:00+02:00,52.439998626708984,57.68000030517578,48.0,56.84000015258789,121852,0.0,0.0,0.0
2021-07-06 00:00:00+02:00,56.84000015258789,59.0,53.400001525878906,55.91999816894531,75126,0.0,0.0,0.0
2021-07-07 00:00:00+02:00,55.91999816894531,58.689998626708984,53.599998474121094,55.63999938964844,57154,0.0,0.0,0.0
2021-07-08 00:00:00+02:00,55.63999938964844,59.970001220703125,54.040000915527344,56.7599983215332,66532,0.0,0.0,0.0
2021-07-11 00:00:00+02:00,56.7599983215332,62.43000030517578,58.0,61.18000030517578,43565,0.0,0.0,0.0
2021-07-12 00:00:00+02:00,61.18000030517578,67.25,63.0,65.48999786376953,69914,0.0,0.0,0.0
2021-07-13 00:00:00+02:00,65.48999786376953,69.97000122070312,64.0,67.36000061035156,55282,0.0,0.0,0.0
2021-07-14 00:00:00+02:00,67.36000061035156,69.19999694824219,64.51000213623047,66.25,25519,0.0,0.0,0.0
2021-07-15 00:00:00+02:00,66.25,68.0,64.0999984741211,65.94000244140625,45714,0.0,0.0,0.0
2021-07-18 00:00:00+02:00,65.94000244140625,66.0,60.599998474121094,62.75,34110,0.0,0.0,0.0
2021-07-25 00:00:00+02:00,62.75,62.9900016784668,56.599998474121094,59.93000030517578,31720,0.0,0.0,0.0
2021-07-26 00:00:00+02:00,59.93000030517578,62.9900016784668,55.060001373291016,56.959999084472656,45807,0.0,0.0,0.0
2021-07-27 00:00:00+02:00,56.959999084472656,60.0,54.0,56.970001220703125,58698,0.0,0.0,0.0
2021-07-28 00:00:00+02:00,56.970001220703125,60.0,55.56999969482422,56.47999954223633,33744,0.0,0.0,0.0
2021-07-29 00:00:00+02:00,56.47999954223633,56.9900016784668,52.400001525878906,54.0099983215332,34832,0.0,0.0,0.0
2021-08-01 00:00:00+02:00,54.0099983215332,57.900001525878906,53.150001525878906,55.0,24588,0.0,0.0,0.0
2021-08-02 00:00:00+02:00,55.0,56.4900016784668,50.5,53.630001068115234,27305,0.0,0.0,0.0
2021-08-03 00:00:00+02:00,53.630001068115234,55.0,48.29999923706055,51.15999984741211,20242,0.0,0.0,0.0
2021-08-04 00:00:00+02:00,51.15999984741211,54.880001068115234,50.0,52.36000061035156,40487,0.0,0.0,0.0
2021-08-05 00:00:00+02:00,52.36000061035156,53.9900016784668,51.5,52.59000015258789,12082,0.0,0.0,0.0
2021-08-08 00:00:00+02:00,52.59000015258789,52.59000015258789,52.59000015258789,52.59000015258789,0,0.0,0.0,0.0
2021-08-09 00:00:00+02:00,52.59000015258789,52.59000015258789,52.59000015258789,52.59000015258789,0,0.0,0.0,0.0
2021-08-10 00:00:00+02:00,51.2599983215332,52.349998474121094,49.5,50.060001373291016,12543,0.0,0.0,0.0
2021-08-11 00:00:00+02:00,50.060001373291016,53.0,49.25,50.790000915527344,39507,0.0,0.0,0.0
2021-08-15 00:00:00+02:00,50.790000915527344,51.91999816894531,48.02000045776367,49.68000030517578,16430,0.0,0.0,0.0
2021-08-16 00:00:00+02:00,49.68000030517578,50.0,47.54999923706055,48.400001525878906,16054,0.0,0.0,0.0
2021-08-17 00:00:00+02:00,48.400001525878906,49.290000915527344,47.150001525878906,48.15999984741211,13771,0.0,0.0,0.0
2021-08-18 00:00:00+02:00,48.15999984741211,51.79999923706055,48.0,49.88999938964844,41758,0.0,0.0,0.0
2021-08-19 00:00:00+02:00,49.88999938964844,50.0,47.619998931884766,48.400001525878906,14229,0.0,0.0,0.0
2021-08-22 00:00:00+02:00,48.400001525878906,48.369998931884766,46.11000061035156,47.13999938964844,14250,0.0,0.0,0.0
2021-08-23 00:00:00+02:00,47.13999938964844,51.849998474121094,46.75,51.060001373291016,57066,0.0,0.0,0.0
2021-08-24 00:00:00+02:00,51.060001373291016,54.0,50.0099983215332,51.650001525878906,31885,0.0,0.0,0.0
2021-08-25 00:00:00+02:00,51.650001525878906,50.25,47.849998474121094,48.619998931884766,22018,0.0,0.0,0.0
2021-08-26 00:00:00+02:00,48.619998931884766,49.380001068115234,45.599998474121094,46.70000076293945,20826,0.0,0.0,0.0
2021-08-29 00:00:00+02:00,46.70000076293945,48.29999923706055,44.02000045776367,47.08000183105469,4851,0.0,0.0,0.0
2021-08-30 00:00:00+02:00,47.08000183105469,49.11000061035156,46.810001373291016,47.86000061035156,13930,0.0,0.0,0.0
2021-08-31 00:00:00+02:00,47.86000061035156,49.25,46.25,47.619998931884766,5621,0.0,0.0,0.0
2021-09-01 00:00:00+02:00,47.619998931884766,50.0,47.20000076293945,49.11000061035156,10281,0.0,0.0,0.0
2021-09-02 00:00:00+02:00,49.11000061035156,50.650001525878906,48.099998474121094,49.130001068115234,3680,0.0,0.0,0.0
2021-09-05 00:00:00+02:00,49.130001068115234,50.849998474121094,47.04999923706055,48.58000183105469,10538,0.0,0.0,0.0
2021-09-06 00:00:00+02:00,48.58000183105469,48.970001220703125,41.02000045776367,43.47999954223633,7867,0.0,0.0,0.0
2021-09-07 00:00:00+02:00,43.47999954223633,48.38999938964844,39.099998474121094,41.5099983215332,8389,0.0,0.0,0.0
2021-09-08 00:00:00+02:00,41.5099983215332,44.0,40.95000076293945,41.5099983215332,1314,0.0,0.0,0.0
2021-09-09 00:00:00+02:00,41.5099983215332,44.900001525878906,39.0099983215332,39.279998779296875,3690,0.0,0.0,0.0
2021-09-12 00:00:00+02:00,39.279998779296875,41.0,37.91999816894531,39.02000045776367,3164,0.0,0.0,0.0
2021-09-13 00:00:00+02:00,39.02000045776367,44.95000076293945,38.150001525878906,43.13999938964844,15409,0.0,0.0,0.0
2021-09-14 00:00:00+02:00,43.13999938964844,44.47999954223633,43.25,43.34000015258789,6156,0.0,0.0,0.0
2021-09-15 00:00:00+02:00,43.34000015258789,44.900001525878906,39.209999084472656,39.9900016784668,8204,0.0,0.0,0.0
2021-09-16 00:00:00+02:00,39.9900016784668,41.9900016784668,40.0,40.43000030517578,7487,0.0,0.0,0.0
2021-09-19 00:00:00+02:00,40.43000030517578,43.150001525878906,38.209999084472656,40.43000030517578,4722,0.0,0.0,0.0
2021-09-20 00:00:00+02:00,40.43000030517578,40.95000076293945,36.20000076293945,40.43000030517578,6789,0.0,0.0,0.0
2021-09-21 00:00:00+02:00,40.43000030517578,40.43000030517578,40.43000030517578,40.43000030517578,0,0.0,0.0,0.0
2021-09-22 00:00:00+02:00,40.43000030517578,39.5,38.0099983215332,40.43000030517578,4567,0.0,0.0,0.0
2021-09-23 00:00:00+02:00,40.43000030517578,39.88999938964844,39.5,40.43000030517578,600,0.0,0.0,0.0
2021-09-26 00:00:00+02:00,40.43000030517578,40.5,39.5,40.43000030517578,7060,0.0,0.0,0.0
2021-09-27 00:00:00+02:00,40.43000030517578,44.0,40.4900016784668,41.189998626708984,8765,0.0,0.0,0.0
2021-09-28 00:00:00+02:00,41.189998626708984,42.29999923706055,40.599998474121094,41.189998626708984,929,0.0,0.0,0.0
2021-09-29 00:00:00+02:00,41.189998626708984,40.5,39.0,41.189998626708984,6957,0.0,0.0,0.0
2021-09-30 00:00:00+02:00,41.189998626708984,41.900001525878906,39.0,41.189998626708984,1470,0.0,0.0,0.0
2021-10-03 00:00:00+02:00,41.189998626708984,40.880001068115234,39.08000183105469,41.189998626708984,1755,0.0,0.0,0.0
2021-10-04 00:00:00+02:00,41.189998626708984,41.189998626708984,41.189998626708984,41.189998626708984,0,0.0,0.0,0.0
2021-10-05 00:00:00+02:00,41.189998626708984,40.0,38.02000045776367,41.189998626708984,3762,0.0,0.0,0.0
2021-10-06 00:00:00+02:00,41.189998626708984,39.83000183105469,37.5,41.189998626708984,1030,0.0,0.0,0.0
2021-10-10 00:00:00+02:00,41.189998626708984,39.0,37.5099983215332,41.189998626708984,1145,0.0,0.0,0.0
2021-10-11 00:00:00+02:00,41.189998626708984,39.83000183105469,36.7400016784668,41.189998626708984,5162,0.0,0.0,0.0
2021-10-12 00:00:00+02:00,41.189998626708984,38.9900016784668,37.5,41.189998626708984,1161,0.0,0.0,0.0
2021-10-13 00:00:00+02:00,41.189998626708984,39.0,36.5,41.189998626708984,4085,0.0,0.0,0.0
2021-10-14 00:00:00+02:00,41.189998626708984,36.5,34.599998474121094,41.189998626708984,1700,0.0,0.0,0.0
2021-10-17 00:00:00+02:00,41.189998626708984,38.849998474121094,36.25,41.189998626708984,256,0.0,0.0,0.0
2021-10-18 00:00:00+02:00,41.189998626708984,41.189998626708984,41.189998626708984,41.189998626708984,0,0.0,0.0,0.0
2021-10-19 00:00:00+02:00,41.189998626708984,37.02000045776367,32.959999084472656,41.189998626708984,4807,0.0,0.0,0.0
2021-10-20 00:00:00+02:00,41.189998626708984,35.5,32.959999084472656,41.189998626708984,6830,0.0,0.0,0.0
2021-10-24 00:00:00+02:00,41.189998626708984,36.84000015258789,34.099998474121094,41.189998626708984,1114,0.0,0.0,0.0
2021-10-25 00:00:00+02:00,41.189998626708984,34.619998931884766,32.959999084472656,41.189998626708984,8379,0.0,0.0,0.0
2021-10-26 00:00:00+02:00,41.189998626708984,34.45000076293945,32.959999084472656,41.189998626708984,2335,0.0,0.0,0.0
2021-10-27 00:00:00+02:00,41.189998626708984,34.97999954223633,32.959999084472656,34.099998474121094,9625,0.0,0.0,0.0
2021-10-28 00:00:00+02:00,34.099998474121094,36.0,32.5,34.099998474121094,5294,0.0,0.0,0.0
2021-10-31 00:00:00+02:00,34.099998474121094,39.34000015258789,33.5,37.45000076293945,12693,0.0,0.0,0.0
2021-11-01 00:00:00+02:00,37.45000076293945,41.77000045776367,37.599998474121094,38.70000076293945,17414,0.0,0.0,0.0
2021-11-02 00:00:00+02:00,38.70000076293945,40.0,37.2599983215332,38.70000076293945,5476,0.0,0.0,0.0
2021-11-03 00:00:00+02:00,38.70000076293945,38.70000076293945,34.0099983215332,34.15999984741211,9108,0.0,0.0,0.0
2021-11-04 00:00:00+02:00,34.15999984741211,35.900001525878906,33.02000045776367,33.58000183105469,15136,0.0,0.0,0.0
2021-11-07 00:00:00+02:00,33.58000183105469,33.58000183105469,33.58000183105469,33.58000183105469,0,0.0,0.0,0.0
2021-11-08 00:00:00+02:00,33.58000183105469,33.58000183105469,33.58000183105469,33.58000183105469,0,0.0,0.0,0.0
2021-11-09 00:00:00+02:00,33.58000183105469,33.58000183105469,33.58000183105469,33.58000183105469,0,0.0,0.0,0.0
2021-11-10 00:00:00+02:00,33.58000183105469,33.58000183105469,29.260000228881836,33.58000183105469,5354,0.0,0.0,0.0
2021-11-11 00:00:00+02:00,33.58000183105469,33.959999084472656,30.0,33.58000183105469,8546,0.0,0.0,0.0
2021-11-14 00:00:00+02:00,33.58000183105469,32.02000045776367,31.309999465942383,33.58000183105469,1138,0.0,0.0,0.0
2021-11-15 00:00:00+02:00,33.58000183105469,33.58000183105469,30.0,33.58000183105469,3180,0.0,0.0,0.0
2021-11-16 00:00:00+02:00,33.58000183105469,30.489999771118164,27.25,33.58000183105469,4018,0.0,0.0,0.0
2021-11-17 00:00:00+02:00,33.58000183105469,31.110000610351562,27.25,33.58000183105469,1387,0.0,0.0,0.0
2021-11-18 00:00:00+02:00,33.58000183105469,33.58000183105469,33.58000183105469,33.58000183105469,0,0.0,0.0,0.0
2021-11-21 00:00:00+02:00,33.58000183105469,27.809999465942383,27.5,33.58000183105469,100,0.0,0.0,0.0
2021-11-22 00:00:00+02:00,33.58000183105469,29.469999313354492,26.8700008392334,33.58000183105469,6004,0.0,0.0,0.0
2021-11-23 00:00:00+02:00,33.58000183105469,33.58000183105469,28.1299991607666,33.58000183105469,208,0.0,0.0,0.0
2021-11-24 00:00:00+02:00,33.58000183105469,33.58000183105469,33.58000183105469,33.58000183105469,0,0.0,0.0,0.0
2021-11-25 00:00:00+02:00,33.58000183105469,33.58000183105469,28.799999237060547,33.58000183105469,1194,0.0,0.0,0.0
2021-11-28 00:00:00+02:00,33.58000183105469,33.58000183105469,33.58000183105469,33.58000183105469,0,0.0,0.0,0.0
2021-11-29 00:00:00+02:00,33.58000183105469,32.7400016784668,30.0,32.2599983215332,10418,0.0,0.0,0.0
2021-11-30 00:00:00+02:00,32.2599983215332,32.2599983215332,30.600000381469727,32.2599983215332,3645,0.0,0.0,0.0
2021-12-01 00:00:00+02:00,32.2599983215332,32.2599983215332,32.2599983215332,32.2599983215332,0,0.0,0.0,0.0
2021-12-02 00:00:00+02:00,32.2599983215332,35.97999954223633,30.65999984741211,34.0,16561,0.0,0.0,0.0
2021-12-05 00:00:00+02:00,34.0,34.0,32.119998931884766,34.0,4962,0.0,0.0,0.0
2021-12-06 00:00:00+02:00,34.0,33.900001525878906,31.309999465942383,34.0,4029,0.0,0.0,0.0
2021-12-07 00:00:00+02:00,34.0,33.0,30.520000457763672,34.0,5021,0.0,0.0,0.0
2021-12-08 00:00:00+02:00,34.0,33.0,30.600000381469727,34.0,1050,0.0,0.0,0.0
2021-12-09 00:00:00+02:00,34.0,30.610000610351562,30.600000381469727,34.0,717,0.0,0.0,0.0
2021-12-12 00:00:00+02:00,34.0,32.97999954223633,30.649999618530273,34.0,1758,0.0,0.0,0.0
2021-12-13 00:00:00+02:00,34.0,32.0,30.0,34.0,1844,0.0,0.0,0.0
2021-12-14 00:00:00+02:00,34.0,31.889999389648438,29.75,34.0,1992,0.0,0.0,0.0
2021-12-15 00:00:00+02:00,34.0,34.0,34.0,34.0,0,0.0,0.0,0.0
2021-12-16 00:00:00+02:00,35.68000030517578,33.29999923706055,33.09000015258789,35.68000030517578,773,0.0,0.0,0.0
2021-12-19 00:00:00+02:00,35.68000030517578,31.190000534057617,31.190000534057617,35.68000030517578,79,0.0,0.0,0.0
2021-12-20 00:00:00+02:00,35.68000030517578,33.5,32.25,35.68000030517578,379,0.0,0.0,0.0
2021-12-21 00:00:00+02:00,35.68000030517578,32.06999969482422,32.04999923706055,35.68000030517578,82,0.0,0.0,0.0
2021-12-22 00:00:00+02:00,35.68000030517578,35.0,32.060001373291016,35.68000030517578,688,0.0,0.0,0.0
2021-12-23 00:00:00+02:00,35.68000030517578,33.099998474121094,33.099998474121094,35.68000030517578,100,0.0,0.0,0.0
2021-12-26 00:00:00+02:00,35.68000030517578,36.0,32.099998474121094,35.68000030517578,1730,0.0,0.0,0.0
2021-12-27 00:00:00+02:00,35.68000030517578,32.5099983215332,32.5,35.68000030517578,480,0.0,0.0,0.0
2021-12-28 00:00:00+02:00,35.68000030517578,34.5,30.799999237060547,35.68000030517578,537,0.0,0.0,0.0
2021-12-29 00:00:00+02:00,35.68000030517578,32.099998474121094,31.350000381469727,35.68000030517578,5350,0.0,0.0,0.0
2021-12-30 00:00:00+02:00,35.68000030517578,31.989999771118164,30.610000610351562,35.68000030517578,9460,0.0,0.0,0.0
2022-01-02 00:00:00+02:00,35.68000030517578,35.45000076293945,32.0,35.68000030517578,6035,0.0,0.0,0.0
2022-01-03 00:00:00+02:00,35.68000030517578,34.79999923706055,33.0,35.68000030517578,4360,0.0,0.0,0.0
2022-01-04 00:00:00+02:00,35.68000030517578,34.400001525878906,32.5099983215332,35.68000030517578,1583,0.0,0.0,0.0
2022-01-05 00:00:00+02:00,35.68000030517578,36.0,32.0099983215332,34.150001525878906,16865,0.0,0.0,0.0
2022-01-09 00:00:00+02:00,34.150001525878906,34.150001525878906,34.150001525878906,34.150001525878906,0,0.0,0.0,0.0
2022-01-10 00:00:00+02:00,34.150001525878906,34.0,32.02000045776367,34.150001525878906,3076,0.0,0.0,0.0
2022-01-11 00:00:00+02:00,34.150001525878906,33.0,32.02000045776367,34.150001525878906,2909,0.0,0.0,0.0
2022-01-12 00:00:00+02:00,34.150001525878906,33.459999084472656,32.0,34.150001525878906,2060,0.0,0.0,0.0
2022-01-13 00:00:00+02:00,34.150001525878906,32.0,30.700000762939453,34.150001525878906,4369,0.0,0.0,0.0
2022-01-16 00:00:00+02:00,34.150001525878906,32.099998474121094,30.709999084472656,34.150001525878906,560,0.0,0.0,0.0
2022-01-17 00:00:00+02:00,34.150001525878906,31.200000762939453,30.700000762939453,34.150001525878906,1683,0.0,0.0,0.0
2022-01-18 00:00:00+02:00,34.150001525878906,31.799999237060547,30.729999542236328,34.150001525878906,850,0.0,0.0,0.0
2022-01-19 00:00:00+02:00,34.150001525878906,31.799999237060547,30.200000762939453,34.150001525878906,4230,0.0,0.0,0.0
2022-01-20 00:00:00+02:00,34.150001525878906,30.600000381469727,30.600000381469727,34.150001525878906,93,0.0,0.0,0.0
2022-01-23 00:00:00+02:00,34.150001525878906,32.38999938964844,30.219999313354492,34.150001525878906,1757,0.0,0.0,0.0
2022-01-24 00:00:00+02:00,34.150001525878906,31.979999542236328,30.0,34.150001525878906,3640,0.0,0.0,0.0
2022-01-25 00:00:00+02:00,34.150001525878906,31.940000534057617,29.299999237060547,34.150001525878906,778,0.0,0.0,0.0
2022-01-26 00:00:00+02:00,34.150001525878906,34.150001525878906,30.010000228881836,34.150001525878906,1700,0.0,0.0,0.0
2022-01-30 00:00:00+02:00,34.150001525878906,34.150001525878906,29.5,34.150001525878906,3418,0.0,0.0,0.0
2022-01-31 00:00:00+02:00,34.150001525878906,31.969999313354492,29.799999237060547,30.489999771118164,15207,0.0,0.0,0.0
2022-02-01 00:00:00+02:00,30.489999771118164,31.0,30.049999237060547,30.489999771118164,2990,0.0,0.0,0.0
2022-02-02 00:00:00+02:00,30.489999771118164,30.200000762939453,30.0,30.489999771118164,1800,0.0,0.0,0.0
2022-02-03 00:00:00+02:00,30.489999771118164,30.899999618530273,29.799999237060547,30.489999771118164,350,0.0,0.0,0.0
2022-02-06 00:00:00+02:00,30.489999771118164,30.75,29.65999984741211,30.489999771118164,1105,0.0,0.0,0.0
2022-02-07 00:00:00+02:00,30.489999771118164,30.489999771118164,28.559999465942383,30.489999771118164,1594,0.0,0.0,0.0
2022-02-08 00:00:00+02:00,30.489999771118164,30.489999771118164,26.329999923706055,30.489999771118164,2102,0.0,0.0,0.0
2022-02-09 00:00:00+02:00,30.489999771118164,30.489999771118164,27.100000381469727,30.489999771118164,1800,0.0,0.0,0.0
2022-02-10 00:00:00+02:00,30.489999771118164,30.489999771118164,27.0,30.489999771118164,3203,0.0,0.0,0.0
2022-02-13 00:00:00+02:00,30.489999771118164,27.0,24.6299991607666,30.489999771118164,3886,0.0,0.0,0.0
2022-02-14 00:00:00+02:00,30.489999771118164,30.489999771118164,24.399999618530273,30.489999771118164,3441,0.0,0.0,0.0
2022-02-15 00:00:00+02:00,30.489999771118164,30.489999771118164,24.479999542236328,30.489999771118164,994,0.0,0.0,0.0
2022-02-16 00:00:00+02:00,30.489999771118164,30.489999771118164,24.5,30.489999771118164,1962,0.0,0.0,0.0
2022-02-17 00:00:00+02:00,30.489999771118164,30.489999771118164,24.899999618530273,30.489999771118164,258,0.0,0.0,0.0
2022-02-20 00:00:00+02:00,30.489999771118164,30.489999771118164,24.700000762939453,30.489999771118164,3290,0.0,0.0,0.0
2022-02-21 00:00:00+02:00,30.489999771118164,30.489999771118164,30.489999771118164,30.489999771118164,0,0.0,0.0,0.0
2022-02-22 00:00:00+02:00,30.489999771118164,30.489999771118164,24.700000762939453,30.489999771118164,861,0.0,0.0,0.0
2022-02-23 00:00:00+02:00,30.489999771118164,27.200000762939453,24.799999237060547,30.489999771118164,273,0.0,0.0,0.0
2022-02-24 00:00:00+02:00,30.489999771118164,30.489999771118164,24.399999618530273,30.489999771118164,1780,0.0,0.0,0.0
2022-02-27 00:00:00+02:00,30.489999771118164,30.489999771118164,25.0,30.489999771118164,8640,0.0,0.0,0.0
2022-02-28 00:00:00+02:00,30.489999771118164,30.489999771118164,25.010000228881836,30.489999771118164,3103,0.0,0.0,0.0
2022-03-01 00:00:00+02:00,30.489999771118164,28.899999618530273,25.520000457763672,26.139999389648438,21215,0.0,0.0,0.0
2022-03-02 00:00:00+02:00,26.139999389648438,27.5,25.520000457763672,25.959999084472656,16571,0.0,0.0,0.0
2022-03-03 00:00:00+02:00,25.959999084472656,27.200000762939453,26.0,25.959999084472656,10366,0.0,0.0,0.0
2022-03-06 00:00:00+02:00,25.959999084472656,26.989999771118164,26.110000610351562,25.959999084472656,1160,0.0,0.0,0.0
2022-03-07 00:00:00+02:00,25.959999084472656,26.5,24.06999969482422,25.959999084472656,4108,0.0,0.0,0.0
2022-03-08 00:00:00+02:00,25.959999084472656,25.959999084472656,25.959999084472656,25.959999084472656,0,0.0,0.0,0.0
2022-03-09 00:00:00+02:00,25.959999084472656,25.959999084472656,24.010000228881836,25.959999084472656,2894,0.0,0.0,0.0
2022-03-10 00:00:00+02:00,25.959999084472656,25.959999084472656,23.0,25.959999084472656,8881,0.0,0.0,0.0
2022-03-13 00:00:00+02:00,25.959999084472656,25.959999084472656,21.510000228881836,25.959999084472656,4892,0.0,0.0,0.0
2022-03-14 00:00:00+02:00,25.959999084472656,25.959999084472656,25.959999084472656,25.959999084472656,3313,0.0,0.0,0.0
2022-03-15 00:00:00+02:00,25.959999084472656,25.959999084472656,21.229999542236328,25.959999084472656,5330,0.0,0.0,0.0
2022-03-16 00:00:00+02:00,25.959999084472656,25.959999084472656,21.1299991607666,25.959999084472656,12123,0.0,0.0,0.0
2022-03-17 00:00:00+02:00,25.959999084472656,25.959999084472656,22.0,25.959999084472656,4535,0.0,0.0,0.0
2022-03-20 00:00:00+02:00,25.959999084472656,25.959999084472656,22.0,25.959999084472656,3654,0.0,0.0,0.0
2022-03-21 00:00:00+02:00,25.959999084472656,25.959999084472656,22.020000457763672,25.959999084472656,5372,0.0,0.0,0.0
2022-03-22 00:00:00+02:00,25.959999084472656,25.959999084472656,23.0,25.959999084472656,4603,0.0,0.0,0.0
2022-03-23 00:00:00+02:00,25.959999084472656,26.3700008392334,23.360000610351562,25.530000686645508,23567,0.0,0.0,0.0
2022-03-24 00:00:00+02:00,25.530000686645508,28.5,25.010000228881836,27.40999984741211,38017,0.0,0.0,0.0
2022-03-27 00:00:00+02:00,27.40999984741211,28.489999771118164,26.420000076293945,26.489999771118164,16892,0.0,0.0,0.0
2022-03-28 00:00:00+02:00,26.489999771118164,27.829999923706055,24.780000686645508,26.489999771118164,10544,0.0,0.0,0.0
2022-03-29 00:00:00+02:00,26.489999771118164,26.489999771118164,24.81999969482422,26.489999771118164,2175,0.0,0.0,0.0
2022-03-30 00:00:00+02:00,26.489999771118164,25.700000762939453,24.020000457763672,26.489999771118164,2925,0.0,0.0,0.0
2022-03-31 00:00:00+02:00,26.489999771118164,26.489999771118164,23.200000762939453,26.489999771118164,4764,0.0,0.0,0.0
2022-04-03 00:00:00+02:00,26.489999771118164,24.790000915527344,24.049999237060547,26.489999771118164,1351,0.0,0.0,0.0
2022-04-04 00:00:00+02:00,26.489999771118164,25.989999771118164,23.649999618530273,26.489999771118164,1373,0.0,0.0,0.0
2022-04-05 00:00:00+02:00,26.489999771118164,26.489999771118164,23.899999618530273,26.489999771118164,430,0.0,0.0,0.0
2022-04-06 00:00:00+02:00,26.489999771118164,25.899999618530273,23.75,26.489999771118164,2085,0.0,0.0,0.0
2022-04-07 00:00:00+02:00,26.489999771118164,24.979999542236328,23.799999237060547,26.489999771118164,1547,0.0,0.0,0.0
2022-04-10 00:00:00+02:00,26.489999771118164,23.799999237060547,23.0,26.489999771118164,1408,0.0,0.0,0.0
2022-04-11 00:00:00+02:00,26.489999771118164,23.0,22.010000228881836,26.489999771118164,5090,0.0,0.0,0.0
2022-04-12 00:00:00+02:00,26.489999771118164,22.200000762939453,22.020000457763672,26.489999771118164,903,0.0,0.0,0.0
2022-04-13 00:00:00+02:00,26.489999771118164,22.5,22.020000457763672,26.489999771118164,304,0.0,0.0,0.0
2022-04-14 00:00:00+02:00,26.489999771118164,22.5,22.0,26.489999771118164,2719,0.0,0.0,0.0
2022-04-17 00:00:00+02:00,26.489999771118164,22.010000228881836,21.200000762939453,26.489999771118164,2403,0.0,0.0,0.0
2022-04-18 00:00:00+02:00,26.489999771118164,22.100000381469727,21.219999313354492,26.489999771118164,4606,0.0,0.0,0.0
2022-04-19 00:00:00+02:00,26.489999771118164,26.489999771118164,22.100000381469727,26.489999771118164,1597,0.0,0.0,0.0
2022-04-20 00:00:00+02:00,26.489999771118164,24.889999389648438,21.549999237060547,26.489999771118164,4191,0.0,0.0,0.0
2022-04-21 00:00:00+02:00,26.489999771118164,24.790000915527344,23.010000228881836,26.489999771118164,3680,0.0,0.0,0.0
2022-04-26 00:00:00+02:00,26.489999771118164,23.399999618530273,22.049999237060547,26.489999771118164,1976,0.0,0.0,0.0
2022-04-27 00:00:00+02:00,26.489999771118164,23.0,22.229999542236328,26.489999771118164,354,0.0,0.0,0.0
2022-04-28 00:00:00+02:00,26.489999771118164,24.219999313354492,22.940000534057617,26.489999771118164,5691,0.0,0.0,0.0
2022-05-08 00:00:00+02:00,26.489999771118164,25.389999389648438,22.010000228881836,26.489999771118164,2064,0.0,0.0,0.0
2022-05-09 00:00:00+02:00,26.489999771118164,23.020000457763672,22.260000228881836,26.489999771118164,2305,0.0,0.0,0.0
2022-05-10 00:00:00+02:00,26.489999771118164,22.8799991607666,22.510000228881836,26.489999771118164,1502,0.0,0.0,0.0
2022-05-11 00:00:00+02:00,26.489999771118164,23.0,22.0,26.489999771118164,2835,0.0,0.0,0.0
2022-05-12 00:00:00+02:00,26.489999771118164,26.489999771118164,22.0,26.489999771118164,2045,0.0,0.0,0.0
2022-05-15 00:00:00+02:00,26.489999771118164,23.209999084472656,22.010000228881836,26.489999771118164,208,0.0,0.0,0.0
2022-05-16 00:00:00+02:00,26.489999771118164,22.100000381469727,22.0,26.489999771118164,955,0.0,0.0,0.0
2022-05-17 00:00:00+02:00,26.489999771118164,23.25,22.5,26.489999771118164,3709,0.0,0.0,0.0
2022-05-18 00:00:00+02:00,26.489999771118164,22.25,22.110000610351562,26.489999771118164,94,0.0,0.0,0.0
2022-05-19 00:00:00+02:00,26.489999771118164,22.729999542236328,21.209999084472656,26.489999771118164,5675,0.0,0.0,0.0
2022-05-22 00:00:00+02:00,26.489999771118164,26.489999771118164,22.200000762939453,26.489999771118164,8281,0.0,0.0,0.0
2022-05-23 00:00:00+02:00,26.489999771118164,23.25,22.760000228881836,26.489999771118164,1553,0.0,0.0,0.0
2022-05-24 00:00:00+02:00,26.489999771118164,23.049999237060547,22.200000762939453,26.489999771118164,764,0.0,0.0,0.0
2022-05-25 00:00:00+02:00,26.489999771118164,26.489999771118164,21.209999084472656,26.489999771118164,4145,0.0,0.0,0.0
2022-05-26 00:00:00+02:00,26.489999771118164,22.0,21.200000762939453,26.489999771118164,3350,0.0,0.0,0.0
2022-05-29 00:00:00+02:00,26.489999771118164,21.950000762939453,21.200000762939453,26.489999771118164,2621,0.0,0.0,0.0
2022-05-30 00:00:00+02:00,26.489999771118164,26.489999771118164,21.309999465942383,26.489999771118164,2058,0.0,0.0,0.0
2022-05-31 00:00:00+02:00,26.489999771118164,25.93000030517578,21.600000381469727,25.110000610351562,15224,0.0,0.0,0.0
2022-06-01 00:00:00+02:00,25.110000610351562,25.989999771118164,22.700000762939453,25.110000610351562,8523,0.0,0.0,0.0
2022-06-02 00:00:00+02:00,25.110000610351562,25.229999542236328,23.25,25.110000610351562,5153,0.0,0.0,0.0
2022-06-05 00:00:00+02:00,25.110000610351562,25.110000610351562,25.110000610351562,25.110000610351562,0,0.0,0.0,0.0
2022-06-06 00:00:00+02:00,25.0,25.020000457763672,24.200000762939453,25.0,1475,0.0,0.0,0.0
2022-06-07 00:00:00+02:00,25.0,25.239999771118164,23.809999465942383,25.0,3300,0.0,0.0,0.0
2022-06-08 00:00:00+02:00,25.0,26.3700008392334,24.299999237060547,25.0,7901,0.0,0.0,0.0
2022-06-09 00:00:00+02:00,25.0,26.540000915527344,25.100000381469727,25.0,3731,0.0,0.0,0.0
2022-06-12 00:00:00+02:00,25.0,25.989999771118164,24.299999237060547,25.0,2905,0.0,0.0,0.0
2022-06-13 00:00:00+02:00,25.0,25.59000015258789,23.25,25.0,4464,0.0,0.0,0.0
2022-06-14 00:00:00+02:00,25.0,23.450000762939453,23.010000228881836,25.0,270,0.0,0.0,0.0
2022-06-15 00:00:00+02:00,25.0,25.0,24.0,25.0,2160,0.0,0.0,0.0
2022-06-16 00:00:00+02:00,25.0,24.559999465942383,23.700000762939453,25.0,530,0.0,0.0,0.0
2022-06-19 00:00:00+02:00,25.0,24.0,23.5,25.0,1303,0.0,0.0,0.0
2022-06-20 00:00:00+02:00,25.0,23.989999771118164,23.110000610351562,25.0,252,0.0,0.0,0.0
2022-06-21 00:00:00+02:00,25.0,24.0,23.600000381469727,25.0,4441,0.0,0.0,0.0
2022-06-22 00:00:00+02:00,25.0,23.5,23.0,25.0,1600,0.0,0.0,0.0
2022-06-23 00:00:00+02:00,25.0,25.0,25.0,25.0,0,0.0,0.0,0.0
2022-06-26 00:00:00+02:00,25.0,23.600000381469727,23.0,25.0,1727,0.0,0.0,0.0
2022-06-27 00:00:00+02:00,25.0,23.950000762939453,22.559999465942383,25.0,3202,0.0,0.0,0.0
2022-06-28 00:00:00+02:00,25.0,22.559999465942383,20.010000228881836,25.0,6263,0.0,0.0,0.0
2022-06-29 00:00:00+02:00,25.0,22.010000228881836,22.0,25.0,1988,0.0,0.0,0.0
2022-07-03 00:00:00+02:00,25.0,21.149999618530273,21.149999618530273,25.0,14,0.0,0.0,0.0
2022-07-04 00:00:00+02:00,25.0,21.25,20.049999237060547,25.0,1543,0.0,0.0,0.0
2022-07-05 00:00:00+02:00,25.0,21.899999618530273,20.899999618530273,25.0,655,0.0,0.0,0.0
2022-07-06 00:00:00+02:00,25.0,20.729999542236328,20.549999237060547,25.0,312,0.0,0.0,0.0
2022-07-07 00:00:00+02:00,25.0,21.450000762939453,21.200000762939453,25.0,911,0.0,0.0,0.0
2022-07-17 00:00:00+02:00,25.0,21.5,21.0,25.0,2203,0.0,0.0,0.0
2022-07-18 00:00:00+02:00,25.0,22.5,22.0,25.0,700,0.0,0.0,0.0
2022-07-19 00:00:00+02:00,25.0,22.989999771118164,22.639999389648438,25.0,1000,0.0,0.0,0.0
2022-07-20 00:00:00+02:00,25.0,23.389999389648438,21.790000915527344,25.0,2297,0.0,0.0,0.0
2022-07-21 00:00:00+02:00,25.0,22.299999237060547,22.0,25.0,2168,0.0,0.0,0.0
2022-07-24 00:00:00+02:00,25.0,26.5,23.399999618530273,24.079999923706055,19036,0.0,0.0,0.0
2022-07-25 00:00:00+02:00,24.079999923706055,23.940000534057617,23.020000457763672,24.079999923706055,2279,0.0,0.0,0.0
2022-07-26 00:00:00+02:00,24.079999923706055,26.5,23.5,25.059999465942383,19503,0.0,0.0,0.0
2022-07-27 00:00:00+02:00,25.059999465942383,25.0,24.0,25.059999465942383,6697,0.0,0.0,0.0
2022-07-28 00:00:00+02:00,25.059999465942383,25.0,24.0,25.059999465942383,4500,0.0,0.0,0.0
2022-07-31 00:00:00+02:00,25.059999465942383,24.25,24.0,25.059999465942383,1611,0.0,0.0,0.0
2022-08-01 00:00:00+02:00,25.059999465942383,25.489999771118164,23.520000457763672,25.059999465942383,7537,0.0,0.0,0.0
2022-08-02 00:00:00+02:00,25.059999465942383,24.0,23.649999618530273,25.059999465942383,2665,0.0,0.0,0.0
2022-08-03 00:00:00+02:00,25.059999465942383,24.829999923706055,23.549999237060547,25.059999465942383,4545,0.0,0.0,0.0
2022-08-04 00:00:00+02:00,25.059999465942383,25.0,23.989999771118164,24.309999465942383,22069,0.0,0.0,0.0
2022-08-07 00:00:00+02:00,24.309999465942383,25.0,24.309999465942383,24.309999465942383,5996,0.0,0.0,0.0
2022-08-08 00:00:00+02:00,24.309999465942383,25.469999313354492,24.5,24.309999465942383,11367,0.0,0.0,0.0
2022-08-09 00:00:00+02:00,24.309999465942383,27.229999542236328,25.0,26.049999237060547,52277,0.0,0.0,0.0
2022-08-10 00:00:00+02:00,26.049999237060547,27.0,26.0,26.469999313354492,18996,0.0,0.0,0.0
2022-08-11 00:00:00+02:00,26.469999313354492,28.25,26.31999969482422,28.059999465942383,29488,0.0,0.0,0.0
2022-08-14 00:00:00+02:00,28.059999465942383,30.049999237060547,28.0,28.280000686645508,31776,0.0,0.0,0.0
2022-08-15 00:00:00+02:00,28.280000686645508,29.0,27.549999237060547,28.280000686645508,6958,0.0,0.0,0.0
2022-08-16 00:00:00+02:00,28.280000686645508,28.5,27.56999969482422,28.280000686645508,6923,0.0,0.0,0.0
2022-08-17 00:00:00+02:00,28.280000686645508,27.700000762939453,26.75,28.280000686645508,4896,0.0,0.0,0.0
2022-08-18 00:00:00+02:00,28.280000686645508,28.280000686645508,28.280000686645508,28.280000686645508,0,0.0,0.0,0.0
2022-08-21 00:00:00+02:00,28.280000686645508,28.899999618530273,27.399999618530273,28.280000686645508,8981,0.0,0.0,0.0
2022-08-22 00:00:00+02:00,28.280000686645508,29.299999237060547,27.420000076293945,28.280000686645508,1272,0.0,0.0,0.0
2022-08-23 00:00:00+02:00,28.280000686645508,28.280000686645508,28.280000686645508,28.280000686645508,0,0.0,0.0,0.0
2022-08-24 00:00:00+02:00,28.280000686645508,27.270000457763672,26.030000686645508,28.280000686645508,2720,0.0,0.0,0.0
2022-08-25 00:00:00+02:00,28.280000686645508,27.110000610351562,26.149999618530273,28.280000686645508,3897,0.0,0.0,0.0
2022-08-28 00:00:00+02:00,28.280000686645508,27.200000762939453,26.030000686645508,28.280000686645508,2576,0.0,0.0,0.0
2022-08-29 00:00:00+02:00,28.280000686645508,27.079999923706055,25.5,28.280000686645508,4000,0.0,0.0,0.0
2022-08-30 00:00:00+02:00,28.280000686645508,26.700000762939453,25.360000610351562,28.280000686645508,1586,0.0,0.0,0.0
2022-08-31 00:00:00+02:00,28.280000686645508,25.600000381469727,25.5,28.280000686645508,794,0.0,0.0,0.0
2022-09-01 00:00:00+02:00,28.280000686645508,25.020000457763672,24.719999313354492,28.280000686645508,3700,0.0,0.0,0.0
2022-09-04 00:00:00+02:00,28.280000686645508,25.6200008392334,24.0,28.280000686645508,5833,0.0,0.0,0.0
2022-09-05 00:00:00+02:00,28.280000686645508,25.489999771118164,24.06999969482422,28.280000686645508,3852,0.0,0.0,0.0
2022-09-06 00:00:00+02:00,28.280000686645508,27.190000534057617,25.399999618530273,28.280000686645508,10221,0.0,0.0,0.0
2022-09-07 00:00:00+02:00,28.280000686645508,27.0,25.0,25.93000030517578,12379,0.0,0.0,0.0
2022-09-08 00:00:00+02:00,25.93000030517578,26.93000030517578,25.100000381469727,25.93000030517578,3547,0.0,0.0,0.0
2022-09-11 00:00:00+02:00,25.93000030517578,26.0,26.0,25.93000030517578,800,0.0,0.0,0.0
2022-09-12 00:00:00+02:00,25.93000030517578,27.0,25.09000015258789,25.93000030517578,5345,0.0,0.0,0.0
2022-09-13 00:00:00+02:00,25.93000030517578,25.950000762939453,24.610000610351562,25.93000030517578,4425,0.0,0.0,0.0
2022-09-14 00:00:00+02:00,25.93000030517578,26.479999542236328,25.5,25.93000030517578,3250,0.0,0.0,0.0
2022-09-15 00:00:00+02:00,25.93000030517578,26.780000686645508,25.0,25.6299991607666,13287,0.0,0.0,0.0
2022-09-18 00:00:00+02:00,25.6299991607666,26.59000015258789,24.020000457763672,25.6299991607666,9126,0.0,0.0,0.0
2022-09-19 00:00:00+02:00,25.6299991607666,24.959999084472656,24.940000534057617,25.6299991607666,1000,0.0,0.0,0.0
2022-09-20 00:00:00+02:00,25.6299991607666,24.5,24.0,25.6299991607666,1427,0.0,0.0,0.0
2022-09-21 00:00:00+02:00,25.6299991607666,25.0,24.25,25.6299991607666,4187,0.0,0.0,0.0
2022-09-22 00:00:00+02:00,25.6299991607666,24.889999389648438,22.549999237060547,25.6299991607666,1300,0.0,0.0,0.0
2022-09-25 00:00:00+02:00,25.6299991607666,24.829999923706055,24.049999237060547,25.6299991607666,2048,0.0,0.0,0.0
2022-09-26 00:00:00+02:00,25.6299991607666,25.149999618530273,24.5,25.6299991607666,2516,0.0,0.0,0.0
2022-09-27 00:00:00+02:00,25.6299991607666,25.0,24.549999237060547,25.6299991607666,3470,0.0,0.0,0.0
2022-09-28 00:00:00+02:00,25.6299991607666,25.389999389648438,24.5,25.6299991607666,8392,0.0,0.0,0.0
2022-09-29 00:00:00+02:00,25.6299991607666,25.450000762939453,24.719999313354492,25.6299991607666,2439,0.0,0.0,0.0
2022-10-02 00:00:00+02:00,25.6299991607666,26.0,24.770000457763672,25.6299991607666,3460,0.0,0.0,0.0
2022-10-03 00:00:00+02:00,25.6299991607666,24.770000457763672,24.049999237060547,25.6299991607666,1500,0.0,0.0,0.0
2022-10-04 00:00:00+02:00,25.6299991607666,25.84000015258789,24.549999237060547,25.6299991607666,8,0.0,0.0,0.0
2022-10-05 00:00:00+02:00,25.6299991607666,25.0,24.5,25.6299991607666,1804,0.0,0.0,0.0
2022-10-09 00:00:00+02:00,25.6299991607666,24.239999771118164,24.06999969482422,25.6299991607666,200,0.0,0.0,0.0
2022-10-10 00:00:00+02:00,25.6299991607666,24.75,24.06999969482422,25.6299991607666,11,0.0,0.0,0.0
2022-10-11 00:00:00+02:00,25.6299991607666,24.239999771118164,22.510000228881836,25.6299991607666,407,0.0,0.0,0.0
2022-10-12 00:00:00+02:00,25.6299991607666,23.549999237060547,22.510000228881836,25.6299991607666,1285,0.0,0.0,0.0
2022-10-13 00:00:00+02:00,25.6299991607666,22.510000228881836,21.0,22.010000228881836,26134,0.0,0.0,0.0
2022-10-16 00:00:00+02:00,22.010000228881836,22.489999771118164,21.610000610351562,22.010000228881836,2259,0.0,0.0,0.0
2022-10-17 00:00:00+02:00,22.010000228881836,22.90999984741211,21.780000686645508,22.010000228881836,3321,0.0,0.0,0.0
2022-10-18 00:00:00+02:00,22.010000228881836,23.600000381469727,22.010000228881836,22.010000228881836,10722,0.0,0.0,0.0
2022-10-19 00:00:00+02:00,22.010000228881836,23.290000915527344,22.280000686645508,22.010000228881836,2658,0.0,0.0,0.0
2022-10-20 00:00:00+02:00,22.010000228881836,22.790000915527344,22.1200008392334,22.010000228881836,839,0.0,0.0,0.0
2022-10-23 00:00:00+02:00,22.010000228881836,23.68000030517578,22.520000457763672,22.010000228881836,2220,0.0,0.0,0.0
2022-10-24 00:00:00+02:00,22.010000228881836,23.649999618530273,21.549999237060547,22.010000228881836,5288,0.0,0.0,0.0
2022-10-25 00:00:00+02:00,22.010000228881836,22.639999389648438,21.0,22.010000228881836,5570,0.0,0.0,0.0
2022-10-26 00:00:00+02:00,22.010000228881836,22.010000228881836,22.010000228881836,22.010000228881836,0,0.0,0.0,0.0
2022-10-27 00:00:00+02:00,22.010000228881836,22.0,21.299999237060547,22.010000228881836,2533,0.0,0.0,0.0
2022-10-30 00:00:00+02:00,22.010000228881836,22.549999237060547,21.299999237060547,22.010000228881836,2742,0.0,0.0,0.0
2022-10-31 00:00:00+02:00,22.010000228881836,22.520000457763672,21.329999923706055,22.010000228881836,2683,0.0,0.0,0.0
2022-11-01 00:00:00+02:00,22.010000228881836,22.889999389648438,22.489999771118164,22.010000228881836,1906,0.0,0.0,0.0
2022-11-02 00:00:00+02:00,22.010000228881836,22.600000381469727,21.309999465942383,22.010000228881836,3413,0.0,0.0,0.0
2022-11-03 00:00:00+02:00,22.010000228881836,22.010000228881836,21.5,22.010000228881836,4653,0.0,0.0,0.0
2022-11-06 00:00:00+02:00,22.010000228881836,21.510000228881836,21.299999237060547,22.010000228881836,3103,0.0,0.0,0.0
2022-11-07 00:00:00+02:00,22.010000228881836,22.010000228881836,22.010000228881836,22.010000228881836,0,0.0,0.0,0.0
2022-11-08 00:00:00+02:00,22.010000228881836,21.75,21.40999984741211,22.010000228881836,810,0.0,0.0,0.0
2022-11-09 00:00:00+02:00,22.010000228881836,21.360000610351562,21.360000610351562,22.010000228881836,100,0.0,0.0,0.0
2022-11-10 00:00:00+02:00,22.010000228881836,21.350000381469727,21.06999969482422,22.010000228881836,2010,0.0,0.0,0.0
2022-11-13 00:00:00+02:00,22.010000228881836,23.760000228881836,21.899999618530273,23.399999618530273,16917,0.0,0.0,0.0
2022-11-14 00:00:00+02:00,23.399999618530273,24.0,22.350000381469727,23.399999618530273,8064,0.0,0.0,0.0
2022-11-15 00:00:00+02:00,23.399999618530273,23.399999618530273,22.520000457763672,23.399999618530273,6658,0.0,0.0,0.0
2022-11-16 00:00:00+02:00,23.399999618530273,23.399999618530273,22.719999313354492,23.399999618530273,1305,0.0,0.0,0.0
2022-11-17 00:00:00+02:00,23.399999618530273,23.850000381469727,22.770000457763672,23.399999618530273,2694,0.0,0.0,0.0
2022-11-20 00:00:00+02:00,23.399999618530273,23.770000457763672,23.06999969482422,23.399999618530273,1809,0.0,0.0,0.0
2022-11-21 00:00:00+02:00,23.399999618530273,23.799999237060547,22.75,23.399999618530273,2429,0.0,0.0,0.0
2022-11-22 00:00:00+02:00,23.399999618530273,22.75,22.420000076293945,23.399999618530273,900,0.0,0.0,0.0
2022-11-23 00:00:00+02:00,23.399999618530273,23.0,22.399999618530273,23.399999618530273,1501,0.0,0.0,0.0
2022-11-24 00:00:00+02:00,23.399999618530273,23.5,22.510000228881836,23.399999618530273,4282,0.0,0.0,0.0
2022-11-27 00:00:00+02:00,23.399999618530273,23.100000381469727,22.600000381469727,23.399999618530273,1850,0.0,0.0,0.0
2022-11-28 00:00:00+02:00,23.399999618530273,22.399999618530273,22.270000457763672,23.399999618530273,117,0.0,0.0,0.0
2022-11-29 00:00:00+02:00,23.399999618530273,23.0,23.0,23.399999618530273,588,0.0,0.0,0.0
2022-11-30 00:00:00+02:00,23.399999618530273,23.190000534057617,22.100000381469727,23.399999618530273,1450,0.0,0.0,0.0
2022-12-01 00:00:00+02:00,23.399999618530273,23.0,22.549999237060547,23.399999618530273,417,0.0,0.0,0.0
2022-12-04 00:00:00+02:00,23.399999618530273,23.770000457763672,22.770000457763672,23.399999618530273,3242,0.0,0.0,0.0
2022-12-05 00:00:00+02:00,23.399999618530273,23.639999389648438,23.489999771118164,23.399999618530273,171,0.0,0.0,0.0
2022-12-06 00:00:00+02:00,23.399999618530273,25.799999237060547,23.329999923706055,23.399999618530273,5498,0.0,0.0,0.0
2022-12-07 00:00:00+02:00,23.399999618530273,24.440000534057617,23.5,23.399999618530273,6350,0.0,0.0,0.0
2022-12-08 00:00:00+02:00,23.399999618530273,23.799999237060547,23.600000381469727,23.399999618530273,859,0.0,0.0,0.0
2022-12-11 00:00:00+02:00,23.399999618530273,24.139999389648438,23.0,23.399999618530273,1908,0.0,0.0,0.0
2022-12-12 00:00:00+02:00,23.399999618530273,22.899999618530273,22.899999618530273,23.399999618530273,250,0.0,0.0,0.0
2022-12-13 00:00:00+02:00,23.399999618530273,23.760000228881836,22.549999237060547,23.399999618530273,2410,0.0,0.0,0.0
2022-12-14 00:00:00+02:00,23.399999618530273,23.5,23.079999923706055,23.399999618530273,1685,0.0,0.0,0.0
2022-12-15 00:00:00+02:00,23.399999618530273,25.0,23.0,23.399999618530273,7298,0.0,0.0,0.0
2022-12-18 00:00:00+02:00,23.399999618530273,24.0,23.100000381469727,23.399999618530273,2498,0.0,0.0,0.0
2022-12-19 00:00:00+02:00,23.399999618530273,23.399999618530273,23.1299991607666,23.399999618530273,2823,0.0,0.0,0.0
2022-12-20 00:00:00+02:00,23.399999618530273,23.399999618530273,22.600000381469727,23.399999618530273,2980,0.0,0.0,0.0
2022-12-21 00:00:00+02:00,23.399999618530273,22.850000381469727,22.010000228881836,23.399999618530273,6009,0.0,0.0,0.0
2022-12-22 00:00:00+02:00,23.399999618530273,23.0,22.5,23.399999618530273,1463,0.0,0.0,0.0
2022-12-25 00:00:00+02:00,23.399999618530273,22.700000762939453,22.1299991607666,23.399999618530273,315,0.0,0.0,0.0
2022-12-26 00:00:00+02:00,23.399999618530273,23.399999618530273,23.399999618530273,23.399999618530273,0,0.0,0.0,0.0
2022-12-27 00:00:00+02:00,23.399999618530273,22.950000762939453,22.1299991607666,23.399999618530273,701,0.0,0.0,0.0
2022-12-28 00:00:00+02:00,23.399999618530273,22.889999389648438,22.260000228881836,23.399999618530273,535,0.0,0.0,0.0
2022-12-29 00:00:00+02:00,23.399999618530273,22.5,22.270000457763672,23.399999618530273,83,0.0,0.0,0.0
2023-01-02 00:00:00+02:00,23.399999618530273,23.329999923706055,22.1200008392334,23.399999618530273,3170,0.0,0.0,0.0
2023-01-03 00:00:00+02:00,23.399999618530273,24.0,22.399999618530273,23.399999618530273,10058,0.0,0.0,0.0
2023-01-04 00:00:00+02:00,23.399999618530273,23.299999237060547,22.75,23.399999618530273,4301,0.0,0.0,0.0
2023-01-05 00:00:00+02:00,23.399999618530273,23.149999618530273,22.780000686645508,23.399999618530273,2617,0.0,0.0,0.0
2023-01-09 00:00:00+02:00,23.399999618530273,23.0,23.0,23.399999618530273,1003,0.0,0.0,0.0
2023-01-10 00:00:00+02:00,23.399999618530273,22.600000381469727,22.5,23.399999618530273,563,0.0,0.0,0.0
2023-01-11 00:00:00+02:00,23.399999618530273,22.5,22.1200008392334,23.399999618530273,1667,0.0,0.0,0.0
2023-01-12 00:00:00+02:00,23.399999618530273,23.489999771118164,22.100000381469727,23.399999618530273,2668,0.0,0.0,0.0
2023-01-15 00:00:00+02:00,23.399999618530273,22.010000228881836,22.010000228881836,23.399999618530273,250,0.0,0.0,0.0
2023-01-16 00:00:00+02:00,23.399999618530273,22.149999618530273,21.950000762939453,23.399999618530273,2662,0.0,0.0,0.0
2023-01-17 00:00:00+02:00,23.399999618530273,23.889999389648438,22.020000457763672,23.399999618530273,8851,0.0,0.0,0.0
2023-01-18 00:00:00+02:00,23.399999618530273,22.5,22.5,23.399999618530273,65,0.0,0.0,0.0
2023-01-19 00:00:00+02:00,23.399999618530273,24.0,22.5,23.399999618530273,9168,0.0,0.0,0.0
2023-01-22 00:00:00+02:00,23.399999618530273,27.020000457763672,24.75,26.360000610351562,36519,0.0,0.0,0.0
2023-01-23 00:00:00+02:00,26.360000610351562,27.270000457763672,25.0,26.360000610351562,8812,0.0,0.0,0.0
2023-01-24 00:00:00+02:00,26.360000610351562,26.5,25.0,26.360000610351562,10371,0.0,0.0,0.0
2023-01-25 00:00:00+02:00,26.360000610351562,26.489999771118164,25.350000381469727,26.360000610351562,11040,0.0,0.0,0.0
2023-01-29 00:00:00+02:00,26.360000610351562,26.360000610351562,25.200000762939453,26.360000610351562,4906,0.0,0.0,0.0
2023-01-30 00:00:00+02:00,26.360000610351562,26.360000610351562,24.239999771118164,26.360000610351562,8904,0.0,0.0,0.0
2023-01-31 00:00:00+02:00,26.360000610351562,24.700000762939453,23.0,26.360000610351562,8709,0.0,0.0,0.0
2023-02-01 00:00:00+02:00,26.360000610351562,27.0,24.479999542236328,26.5,20548,0.0,0.0,0.0
2023-02-02 00:00:00+02:00,26.5,27.5,25.0,26.5,10300,0.0,0.0,0.0
2023-02-05 00:00:00+02:00,26.5,24.799999237060547,24.059999465942383,26.5,2687,0.0,0.0,0.0
2023-02-06 00:00:00+02:00,26.5,25.5,23.600000381469727,26.5,5491,0.0,0.0,0.0
2023-02-07 00:00:00+02:00,26.5,25.0,24.299999237060547,26.5,510,0.0,0.0,0.0
2023-02-08 00:00:00+02:00,26.5,25.5,24.5,26.5,1768,0.0,0.0,0.0
2023-02-09 00:00:00+02:00,26.5,25.489999771118164,23.770000457763672,26.5,2708,0.0,0.0,0.0
2023-02-12 00:00:00+02:00,26.5,24.0,23.799999237060547,26.5,610,0.0,0.0,0.0
2023-02-13 00:00:00+02:00,26.5,24.0,23.799999237060547,26.5,1800,0.0,0.0,0.0
2023-02-14 00:00:00+02:00,26.5,25.3799991607666,23.799999237060547,26.5,1618,0.0,0.0,0.0
2023-02-15 00:00:00+02:00,26.5,25.0,23.8700008392334,26.5,3144,0.0,0.0,0.0
2023-02-16 00:00:00+02:00,26.5,24.040000915527344,23.899999618530273,26.5,3928,0.0,0.0,0.0
2023-02-19 00:00:00+02:00,26.5,26.479999542236328,24.299999237060547,25.3799991607666,22134,0.0,0.0,0.0
2023-02-20 00:00:00+02:00,25.3799991607666,28.489999771118164,25.020000457763672,26.270000457763672,36634,0.0,0.0,0.0
2023-02-21 00:00:00+02:00,26.270000457763672,28.799999237060547,27.0,27.530000686645508,16674,0.0,0.0,0.0
2023-02-22 00:00:00+02:00,27.530000686645508,28.0,26.549999237060547,27.530000686645508,8690,0.0,0.0,0.0
2023-02-23 00:00:00+02:00,27.530000686645508,27.989999771118164,25.799999237060547,27.530000686645508,5427,0.0,0.0,0.0
2023-02-26 00:00:00+02:00,27.530000686645508,27.5,26.0,27.530000686645508,10635,0.0,0.0,0.0
2023-02-27 00:00:00+02:00,27.530000686645508,33.029998779296875,27.0,33.029998779296875,98418,0.0,0.0,0.0
2023-02-28 00:00:00+02:00,33.029998779296875,37.599998474121094,34.0,36.529998779296875,70769,0.0,0.0,0.0
2023-03-01 00:00:00+02:00,36.529998779296875,37.88999938964844,34.0099983215332,35.029998779296875,32909,0.0,0.0,0.0
2023-03-02 00:00:00+02:00,35.029998779296875,36.0,34.060001373291016,35.45000076293945,13290,0.0,0.0,0.0
2023-03-05 00:00:00+02:00,35.45000076293945,37.0,34.58000183105469,36.08000183105469,29072,0.0,0.0,0.0
2023-03-06 00:00:00+02:00,36.08000183105469,36.9900016784668,34.91999816894531,35.0,16471,0.0,0.0,0.0
2023-03-07 00:00:00+02:00,35.0,36.95000076293945,34.220001220703125,34.45000076293945,27403,0.0,0.0,0.0
2023-03-08 00:00:00+02:00,34.45000076293945,34.45000076293945,33.0099983215332,33.52000045776367,8853,0.0,0.0,0.0
2023-03-09 00:00:00+02:00,33.52000045776367,36.380001068115234,33.560001373291016,34.04999923706055,25499,0.0,0.0,0.0
2023-03-12 00:00:00+02:00,34.04999923706055,34.0,32.150001525878906,32.290000915527344,11885,0.0,0.0,0.0
2023-03-13 00:00:00+02:00,32.290000915527344,33.099998474121094,30.0,30.010000228881836,18023,0.0,0.0,0.0
2023-03-14 00:00:00+02:00,30.010000228881836,30.0,27.0,30.010000228881836,4569,0.0,0.0,0.0
2023-03-15 00:00:00+02:00,30.010000228881836,32.97999954223633,26.5,29.290000915527344,24981,0.0,0.0,0.0
2023-03-16 00:00:00+02:00,29.290000915527344,27.989999771118164,24.5,29.290000915527344,9943,0.0,0.0,0.0
2023-03-19 00:00:00+02:00,29.290000915527344,26.989999771118164,24.760000228881836,29.290000915527344,5365,0.0,0.0,0.0
2023-03-20 00:00:00+02:00,29.290000915527344,27.989999771118164,26.5,29.290000915527344,8871,0.0,0.0,0.0
2023-03-21 00:00:00+02:00,29.290000915527344,28.5,27.0,29.290000915527344,7412,0.0,0.0,0.0
2023-03-22 00:00:00+02:00,29.290000915527344,27.600000381469727,27.0,29.290000915527344,7399,0.0,0.0,0.0
2023-03-23 00:00:00+02:00,29.290000915527344,27.899999618530273,26.549999237060547,29.290000915527344,4258,0.0,0.0,0.0
2023-03-26 00:00:00+02:00,29.290000915527344,29.5,24.0,27.579999923706055,11407,0.0,0.0,0.0
2023-03-27 00:00:00+02:00,27.579999923706055,28.5,27.0,27.579999923706055,3683,0.0,0.0,0.0
2023-03-28 00:00:00+02:00,27.579999923706055,26.100000381469727,26.0,27.579999923706055,1000,0.0,0.0,0.0
2023-03-29 00:00:00+02:00,27.579999923706055,26.75,25.200000762939453,27.579999923706055,4890,0.0,0.0,0.0
2023-03-30 00:00:00+02:00,27.579999923706055,26.5,24.100000381469727,25.200000762939453,12415,0.0,0.0,0.0
2023-04-02 00:00:00+02:00,25.200000762939453,28.799999237060547,26.1200008392334,25.200000762939453,8563,0.0,0.0,0.0
2023-04-03 00:00:00+02:00,25.200000762939453,28.350000381469727,23.0,24.420000076293945,23643,0.0,0.0,0.0
2023-04-04 00:00:00+02:00,24.420000076293945,27.950000762939453,26.100000381469727,26.8700008392334,13329,0.0,0.0,0.0
2023-04-05 00:00:00+02:00,26.8700008392334,29.0,27.049999237060547,26.8700008392334,9074,0.0,0.0,0.0
2023-04-06 00:00:00+02:00,26.8700008392334,28.0,25.600000381469727,26.8700008392334,3443,0.0,0.0,0.0
2023-04-09 00:00:00+02:00,26.8700008392334,26.0,24.1200008392334,26.8700008392334,4895,0.0,0.0,0.0
2023-04-10 00:00:00+02:00,26.8700008392334,27.0,24.610000610351562,26.0,12504,0.0,0.0,0.0
2023-04-11 00:00:00+02:00,26.0,27.0,26.0,26.0,847,0.0,0.0,0.0
2023-04-12 00:00:00+02:00,26.0,26.989999771118164,25.549999237060547,26.0,1893,0.0,0.0,0.0
2023-04-13 00:00:00+02:00,26.0,26.770000457763672,25.34000015258789,26.0,4676,0.0,0.0,0.0
2023-04-18 00:00:00+02:00,26.0,26.989999771118164,25.280000686645508,26.0,3446,0.0,0.0,0.0
2023-04-19 00:00:00+02:00,26.0,26.399999618530273,25.260000228881836,26.0,4342,0.0,0.0,0.0
2023-04-26 00:00:00+02:00,26.0,26.549999237060547,25.299999237060547,26.0,1988,0.0,0.0,0.0
2023-04-27 00:00:00+02:00,26.0,26.200000762939453,25.510000228881836,26.0,5952,0.0,0.0,0.0
2023-04-30 00:00:00+03:00,26.0,27.489999771118164,25.260000228881836,26.0,7472,0.0,0.0,0.0
2023-05-01 00:00:00+03:00,26.0,26.0,26.0,26.0,0,0.0,0.0,0.0
2023-05-02 00:00:00+03:00,26.0,26.639999389648438,25.100000381469727,26.0,2050,0.0,0.0,0.0
2023-05-03 00:00:00+03:00,26.0,25.5,25.110000610351562,26.0,802,0.0,0.0,0.0
2023-05-07 00:00:00+03:00,26.0,26.0,25.010000228881836,26.0,1760,0.0,0.0,0.0
2023-05-08 00:00:00+03:00,26.0,25.989999771118164,25.010000228881836,26.0,1346,0.0,0.0,0.0
2023-05-09 00:00:00+03:00,26.0,27.0,25.100000381469727,26.40999984741211,11914,0.0,0.0,0.0
2023-05-10 00:00:00+03:00,26.40999984741211,27.479999542236328,25.5,26.40999984741211,4167,0.0,0.0,0.0
2023-05-11 00:00:00+03:00,26.40999984741211,26.5,25.530000686645508,26.40999984741211,2220,0.0,0.0,0.0
2023-05-14 00:00:00+03:00,26.40999984741211,26.440000534057617,25.399999618530273,26.40999984741211,5750,0.0,0.0,0.0
2023-05-15 00:00:00+03:00,26.40999984741211,25.530000686645508,25.209999084472656,26.40999984741211,2038,0.0,0.0,0.0
2023-05-16 00:00:00+03:00,26.40999984741211,25.700000762939453,24.25,26.40999984741211,2770,0.0,0.0,0.0
2023-05-17 00:00:00+03:00,26.40999984741211,25.790000915527344,25.010000228881836,26.40999984741211,1479,0.0,0.0,0.0
2023-05-18 00:00:00+03:00,26.40999984741211,25.450000762939453,24.299999237060547,26.40999984741211,1844,0.0,0.0,0.0
2023-05-21 00:00:00+03:00,26.40999984741211,25.979999542236328,24.309999465942383,26.40999984741211,2707,0.0,0.0,0.0
2023-05-22 00:00:00+03:00,26.40999984741211,25.729999542236328,24.420000076293945,26.40999984741211,2387,0.0,0.0,0.0
2023-05-23 00:00:00+03:00,26.40999984741211,25.100000381469727,24.31999969482422,26.40999984741211,161,0.0,0.0,0.0
2023-05-24 00:00:00+03:00,26.40999984741211,27.489999771118164,25.239999771118164,27.0,36194,0.0,0.0,0.0
2023-05-25 00:00:00+03:00,27.0,27.0,25.760000228881836,27.0,6997,0.0,0.0,0.0
2023-05-28 00:00:00+03:00,27.0,26.010000228881836,25.610000610351562,27.0,6040,0.0,0.0,0.0
2023-05-29 00:00:00+03:00,27.0,27.5,25.649999618530273,27.0,9593,0.0,0.0,0.0
2023-05-30 00:00:00+03:00,27.0,28.0,26.1200008392334,27.0,5976,0.0,0.0,0.0
2023-05-31 00:00:00+03:00,27.0,27.0,26.200000762939453,27.0,6645,0.0,0.0,0.0
2023-06-01 00:00:00+03:00,27.0,27.0,26.15999984741211,27.0,3950,0.0,0.0,0.0
2023-06-04 00:00:00+03:00,27.0,27.0,26.43000030517578,27.0,1350,0.0,0.0,0.0
2023-06-05 00:00:00+03:00,27.0,27.3799991607666,26.200000762939453,27.0,6890,0.0,0.0,0.0
2023-06-06 00:00:00+03:00,27.0,27.0,26.299999237060547,26.8799991607666,19872,0.0,0.0,0.0
2023-06-07 00:00:00+03:00,26.8799991607666,27.0,26.299999237060547,26.8799991607666,4846,0.0,0.0,0.0
2023-06-08 00:00:00+03:00,26.8799991607666,26.899999618530273,26.209999084472656,26.8799991607666,4809,0.0,0.0,0.0
2023-06-11 00:00:00+03:00,26.8799991607666,26.799999237060547,26.209999084472656,26.8799991607666,1461,0.0,0.0,0.0
2023-06-12 00:00:00+03:00,26.8799991607666,26.969999313354492,25.989999771118164,26.8799991607666,3279,0.0,0.0,0.0
2023-06-13 00:00:00+03:00,26.8799991607666,26.850000381469727,26.0,26.100000381469727,15601,0.0,0.0,0.0
2023-06-14 00:00:00+03:00,26.100000381469727,26.700000762939453,25.81999969482422,26.100000381469727,8098,0.0,0.0,0.0
2023-06-15 00:00:00+03:00,26.100000381469727,26.399999618530273,25.850000381469727,26.100000381469727,524,0.0,0.0,0.0
2023-06-18 00:00:00+03:00,26.100000381469727,26.229999542236328,26.229999542236328,26.100000381469727,10,0.0,0.0,0.0
2023-06-19 00:00:00+03:00,26.100000381469727,25.729999542236328,25.0,26.100000381469727,310,0.0,0.0,0.0
2023-06-20 00:00:00+03:00,26.100000381469727,25.809999465942383,25.799999237060547,26.100000381469727,4698,0.0,0.0,0.0
2023-06-21 00:00:00+03:00,26.100000381469727,26.079999923706055,25.0,26.100000381469727,7409,0.0,0.0,0.0
2023-06-22 00:00:00+03:00,26.100000381469727,25.299999237060547,25.020000457763672,26.100000381469727,808,0.0,0.0,0.0
2023-06-25 00:00:00+03:00,26.100000381469727,25.25,25.25,26.100000381469727,500,0.0,0.0,0.0
2023-06-26 00:00:00+03:00,26.100000381469727,25.979999542236328,25.0,26.100000381469727,4375,0.0,0.0,0.0
2023-07-04 00:00:00+03:00,26.100000381469727,26.5,25.299999237060547,26.100000381469727,3803,0.0,0.0,0.0
2023-07-05 00:00:00+03:00,26.100000381469727,27.0,25.979999542236328,26.100000381469727,5438,0.0,0.0,0.0
2023-07-06 00:00:00+03:00,26.100000381469727,26.0,25.40999984741211,26.100000381469727,2000,0.0,0.0,0.0
2023-07-09 00:00:00+03:00,26.100000381469727,26.100000381469727,26.100000381469727,26.100000381469727,0,0.0,0.0,0.0
2023-07-10 00:00:00+03:00,26.100000381469727,25.989999771118164,23.899999618530273,26.100000381469727,562,0.0,0.0,0.0
2023-07-11 00:00:00+03:00,26.100000381469727,26.0,24.520000457763672,26.100000381469727,3744,0.0,0.0,0.0
2023-07-12 00:00:00+03:00,26.100000381469727,25.989999771118164,25.010000228881836,26.100000381469727,1212,0.0,0.0,0.0
2023-07-13 00:00:00+03:00,26.100000381469727,25.020000457763672,24.709999084472656,26.100000381469727,2435,0.0,0.0,0.0
2023-07-16 00:00:00+03:00,26.100000381469727,26.100000381469727,25.0,26.100000381469727,2154,0.0,0.0,0.0
2023-07-17 00:00:00+03:00,26.100000381469727,26.100000381469727,26.100000381469727,26.100000381469727,0,0.0,0.0,0.0
2023-07-18 00:00:00+03:00,26.100000381469727,26.399999618530273,26.399999618530273,26.100000381469727,28,0.0,0.0,0.0
2023-07-19 00:00:00+03:00,26.100000381469727,26.100000381469727,26.100000381469727,26.100000381469727,0,0.0,0.0,0.0
2023-07-24 00:00:00+03:00,26.100000381469727,26.100000381469727,26.100000381469727,26.100000381469727,0,0.0,0.0,0.0
2023-07-25 00:00:00+03:00,26.100000381469727,24.799999237060547,24.799999237060547,26.100000381469727,222,0.0,0.0,0.0
2023-07-26 00:00:00+03:00,26.100000381469727,26.0,26.0,26.100000381469727,1,0.0,0.0,0.0
2023-07-27 00:00:00+03:00,26.100000381469727,26.299999237060547,24.600000381469727,26.100000381469727,1009,0.0,0.0,0.0
2023-07-30 00:00:00+03:00,26.100000381469727,24.809999465942383,24.809999465942383,26.100000381469727,5,0.0,0.0,0.0
2023-07-31 00:00:00+03:00,26.100000381469727,26.100000381469727,26.100000381469727,26.100000381469727,4,0.0,0.0,0.0
2023-08-01 00:00:00+03:00,26.100000381469727,25.25,25.25,26.100000381469727,4,0.0,0.0,0.0
2023-08-02 00:00:00+03:00,26.100000381469727,25.010000228881836,25.010000228881836,26.100000381469727,131,0.0,0.0,0.0
2023-08-03 00:00:00+03:00,26.100000381469727,25.100000381469727,25.100000381469727,26.100000381469727,77,0.0,0.0,0.0
2023-08-06 00:00:00+03:00,26.100000381469727,25.649999618530273,24.600000381469727,26.100000381469727,2699,0.0,0.0,0.0
2023-08-07 00:00:00+03:00,26.100000381469727,25.950000762939453,25.0,26.100000381469727,1083,0.0,0.0,0.0
2023-08-08 00:00:00+03:00,26.100000381469727,25.889999389648438,24.5,26.100000381469727,174,0.0,0.0,0.0
2023-08-09 00:00:00+03:00,26.100000381469727,25.850000381469727,25.770000457763672,26.100000381469727,2130,0.0,0.0,0.0
2023-08-10 00:00:00+03:00,26.100000381469727,25.729999542236328,24.65999984741211,26.100000381469727,913,0.0,0.0,0.0
2023-08-13 00:00:00+03:00,26.100000381469727,25.93000030517578,25.020000457763672,26.100000381469727,3880,0.0,0.0,0.0
2023-08-14 00:00:00+03:00,26.100000381469727,25.5,24.709999084472656,25.020000457763672,22375,0.0,0.0,0.0
2023-08-15 00:00:00+03:00,25.020000457763672,25.5,24.739999771118164,25.020000457763672,2727,0.0,0.0,0.0
2023-08-16 00:00:00+03:00,25.020000457763672,25.5,24.670000076293945,25.020000457763672,4068,0.0,0.0,0.0
2023-08-17 00:00:00+03:00,25.020000457763672,29.8700008392334,25.020000457763672,29.1299991607666,40978,0.0,0.0,0.0
2023-08-20 00:00:00+03:00,29.1299991607666,29.860000610351562,26.030000686645508,28.59000015258789,12226,0.0,0.0,0.0
2023-08-21 00:00:00+03:00,28.59000015258789,32.0,27.5,28.899999618530273,10588,0.0,0.0,0.0
2023-08-22 00:00:00+03:00,28.899999618530273,28.25,25.049999237060547,26.440000534057617,15942,0.0,0.0,0.0
2023-08-23 00:00:00+03:00,26.440000534057617,31.399999618530273,27.350000381469727,28.690000534057617,27320,0.0,0.0,0.0
2023-08-24 00:00:00+03:00,28.690000534057617,29.989999771118164,28.0,28.690000534057617,6854,0.0,0.0,0.0
2023-08-27 00:00:00+03:00,28.690000534057617,29.229999542236328,28.5,28.690000534057617,2940,0.0,0.0,0.0
2023-08-28 00:00:00+03:00,28.690000534057617,29.0,25.5,26.860000610351562,19320,0.0,0.0,0.0
2023-08-29 00:00:00+03:00,26.860000610351562,30.850000381469727,28.399999618530273,30.520000457763672,13662,0.0,0.0,0.0
2023-08-30 00:00:00+03:00,30.520000457763672,30.0,28.5,30.520000457763672,7413,0.0,0.0,0.0
2023-08-31 00:00:00+03:00,30.520000457763672,30.520000457763672,30.520000457763672,30.520000457763672,0,0.0,0.0,0.0
2023-09-03 00:00:00+03:00,30.520000457763672,30.5,27.579999923706055,30.520000457763672,9305,0.0,0.0,0.0
2023-09-04 00:00:00+03:00,30.520000457763672,29.889999389648438,27.600000381469727,30.520000457763672,6294,0.0,0.0,0.0
2023-09-05 00:00:00+03:00,30.520000457763672,28.950000762939453,27.649999618530273,30.520000457763672,2108,0.0,0.0,0.0
2023-09-06 00:00:00+03:00,30.520000457763672,28.200000762939453,27.0,30.520000457763672,8253,0.0,0.0,0.0
2023-09-07 00:00:00+03:00,30.520000457763672,28.0,26.649999618530273,30.520000457763672,3371,0.0,0.0,0.0
2023-09-10 00:00:00+03:00,30.520000457763672,30.520000457763672,30.520000457763672,30.520000457763672,0,0.0,0.0,0.0
2023-09-11 00:00:00+03:00,30.520000457763672,27.84000015258789,26.799999237060547,30.520000457763672,3625,0.0,0.0,0.0
2023-09-12 00:00:00+03:00,30.520000457763672,27.299999237060547,26.5,30.520000457763672,2934,0.0,0.0,0.0
2023-09-13 00:00:00+03:00,30.520000457763672,29.850000381469727,27.0,28.290000915527344,27858,0.0,0.0,0.0
2023-09-14 00:00:00+03:00,28.290000915527344,28.850000381469727,27.610000610351562,28.290000915527344,989,0.0,0.0,0.0
2023-09-17 00:00:00+03:00,28.290000915527344,28.899999618530273,27.5,28.290000915527344,3068,0.0,0.0,0.0
2023-09-18 00:00:00+03:00,28.290000915527344,28.899999618530273,27.110000610351562,28.290000915527344,8404,0.0,0.0,0.0
2023-09-19 00:00:00+03:00,28.290000915527344,27.510000228881836,27.25,28.290000915527344,9041,0.0,0.0,0.0
2023-09-20 00:00:00+03:00,28.290000915527344,28.290000915527344,28.290000915527344,28.290000915527344,0,0.0,0.0,0.0
2023-09-21 00:00:00+03:00,28.290000915527344,28.290000915527344,28.290000915527344,28.290000915527344,0,0.0,0.0,0.0
2023-09-24 00:00:00+03:00,28.290000915527344,28.290000915527344,28.290000915527344,28.290000915527344,0,0.0,0.0,0.0
2023-09-25 00:00:00+03:00,27.59000015258789,27.600000381469727,27.0,27.59000015258789,3310,0.0,0.0,0.0
2023-09-26 00:00:00+03:00,27.59000015258789,27.399999618530273,26.790000915527344,27.59000015258789,2211,0.0,0.0,0.0
2023-09-27 00:00:00+03:00,27.59000015258789,27.59000015258789,27.59000015258789,27.59000015258789,0,0.0,0.0,0.0
2023-10-01 00:00:00+03:00,27.59000015258789,27.59000015258789,27.59000015258789,27.59000015258789,0,0.0,0.0,0.0
2023-10-02 00:00:00+03:00,27.59000015258789,26.549999237060547,26.110000610351562,27.59000015258789,653,0.0,0.0,0.0
2023-10-03 00:00:00+03:00,27.59000015258789,27.0,25.899999618530273,27.59000015258789,4300,0.0,0.0,0.0
2023-10-04 00:00:00+03:00,27.59000015258789,26.75,25.649999618530273,27.59000015258789,906,0.0,0.0,0.0
2023-10-08 00:00:00+03:00,27.59000015258789,25.81999969482422,24.299999237060547,27.59000015258789,3407,0.0,0.0,0.0
2023-10-09 00:00:00+03:00,27.59000015258789,25.799999237060547,24.030000686645508,27.59000015258789,3735,0.0,0.0,0.0
2023-10-10 00:00:00+03:00,27.59000015258789,26.0,25.799999237060547,27.59000015258789,499,0.0,0.0,0.0
2023-10-11 00:00:00+03:00,27.59000015258789,26.5,25.510000228881836,27.59000015258789,770,0.0,0.0,0.0
2023-10-12 00:00:00+03:00,27.59000015258789,26.0,25.5,27.59000015258789,1751,0.0,0.0,0.0
2023-10-15 00:00:00+03:00,27.59000015258789,27.149999618530273,25.020000457763672,27.59000015258789,6150,0.0,0.0,0.0
2023-10-16 00:00:00+03:00,27.59000015258789,27.239999771118164,25.559999465942383,27.59000015258789,5487,0.0,0.0,0.0
2023-10-17 00:00:00+03:00,27.59000015258789,26.889999389648438,26.0,27.59000015258789,884,0.0,0.0,0.0
2023-10-18 00:00:00+03:00,27.59000015258789,30.899999618530273,26.0,30.3700008392334,34390,0.0,0.0,0.0
2023-10-19 00:00:00+03:00,30.3700008392334,30.3700008392334,30.3700008392334,30.3700008392334,0,0.0,0.0,0.0
2023-10-22 00:00:00+03:00,29.799999237060547,35.7599983215332,33.529998779296875,35.7599983215332,51727,0.0,0.0,0.0
2023-10-23 00:00:00+03:00,35.7599983215332,42.90999984741211,40.0099983215332,42.90999984741211,149266,0.0,0.0,0.0
2023-10-24 00:00:00+03:00,42.90999984741211,51.099998474121094,37.0,51.029998779296875,243120,0.0,0.0,0.0
2023-10-25 00:00:00+03:00,51.029998779296875,61.0,51.29999923706055,60.90999984741211,168315,0.0,0.0,0.0
2023-10-26 00:00:00+03:00,60.90999984741211,73.08999633789062,62.0,73.08999633789062,315805,0.0,0.0,0.0
2023-10-29 00:00:00+02:00,73.08999633789062,79.75,58.47999954223633,58.47999954223633,214036,0.0,0.0,0.0
2023-10-30 00:00:00+02:00,58.47999954223633,62.970001220703125,51.0,52.75,148610,0.0,0.0,0.0
2023-10-31 00:00:00+02:00,52.75,58.5,53.0,53.31999969482422,92299,0.0,0.0,0.0
2023-11-01 00:00:00+02:00,53.31999969482422,56.0,43.0,48.060001373291016,69058,0.0,0.0,0.0
2023-11-02 00:00:00+02:00,48.060001373291016,57.66999816894531,46.0,57.66999816894531,143652,0.0,0.0,0.0
2023-11-05 00:00:00+02:00,57.66999816894531,65.0,56.20000076293945,57.08000183105469,151718,0.0,0.0,0.0
2023-11-06 00:00:00+02:00,57.08000183105469,58.0099983215332,52.16999816894531,52.88999938964844,85935,0.0,0.0,0.0
2023-11-07 00:00:00+02:00,52.88999938964844,54.9900016784668,51.130001068115234,52.04999923706055,44923,0.0,0.0,0.0
2023-11-08 00:00:00+02:00,52.04999923706055,54.54999923706055,50.70000076293945,51.060001373291016,39351,0.0,0.0,0.0
2023-11-09 00:00:00+02:00,51.060001373291016,58.0,50.18000030517578,52.72999954223633,123969,0.0,0.0,0.0
2023-11-12 00:00:00+02:00,52.72999954223633,56.97999954223633,52.099998474121094,52.630001068115234,36697,0.0,0.0,0.0
2023-11-13 00:00:00+02:00,52.630001068115234,55.0,51.0,52.09000015258789,31900,0.0,0.0,0.0
2023-11-14 00:00:00+02:00,52.09000015258789,54.0099983215332,51.5,52.31999969482422,17952,0.0,0.0,0.0
2023-11-15 00:00:00+02:00,52.31999969482422,52.88999938964844,51.02000045776367,51.310001373291016,12549,0.0,0.0,0.0
2023-11-16 00:00:00+02:00,51.310001373291016,53.9900016784668,51.099998474121094,51.68000030517578,23183,0.0,0.0,0.0
2023-11-19 00:00:00+02:00,51.68000030517578,52.9900016784668,50.5,50.959999084472656,23540,0.0,0.0,0.0
2023-11-20 00:00:00+02:00,50.959999084472656,51.709999084472656,48.02000045776367,49.40999984741211,23766,0.0,0.0,0.0
2023-11-21 00:00:00+02:00,49.40999984741211,51.0,48.0,48.630001068115234,7404,0.0,0.0,0.0
2023-11-22 00:00:00+02:00,48.630001068115234,54.97999954223633,48.029998779296875,52.40999984741211,85350,0.0,0.0,0.0
2023-11-23 00:00:00+02:00,52.40999984741211,53.88999938964844,51.13999938964844,51.4900016784668,37208,0.0,0.0,0.0
2023-11-26 00:00:00+02:00,51.4900016784668,56.38999938964844,51.099998474121094,53.209999084472656,95006,0.0,0.0,0.0
2023-11-27 00:00:00+02:00,53.209999084472656,54.25,51.40999984741211,51.7400016784668,28687,0.0,0.0,0.0
2023-11-28 00:00:00+02:00,51.7400016784668,56.0,52.95000076293945,53.7599983215332,72471,0.0,0.0,0.0
2023-11-29 00:00:00+02:00,53.7599983215332,54.79999923706055,51.5,52.18000030517578,30020,0.0,0.0,0.0
2023-11-30 00:00:00+02:00,52.18000030517578,55.0,52.04999923706055,52.630001068115234,29467,0.0,0.0,0.0
2023-12-03 00:00:00+02:00,52.630001068115234,54.599998474121094,52.560001373291016,52.79999923706055,20209,0.0,0.0,0.0
2023-12-04 00:00:00+02:00,52.79999923706055,53.900001525878906,52.0,52.34000015258789,26384,0.0,0.0,0.0
2023-12-05 00:00:00+02:00,52.34000015258789,53.5,51.02000045776367,52.22999954223633,19808,0.0,0.0,0.0
2023-12-06 00:00:00+02:00,52.22999954223633,52.22999954223633,50.0,50.189998626708984,18861,0.0,0.0,0.0
2023-12-07 00:00:00+02:00,50.189998626708984,50.0,48.0,49.02000045776367,13904,0.0,0.0,0.0
2023-12-10 00:00:00+02:00,49.02000045776367,50.0,46.02000045776367,47.939998626708984,14863,0.0,0.0,0.0
2023-12-11 00:00:00+02:00,47.939998626708984,46.5,43.0,44.52000045776367,16270,0.0,0.0,0.0
2023-12-12 00:00:00+02:00,44.52000045776367,47.900001525878906,42.0,43.5,8737,0.0,0.0,0.0
2023-12-13 00:00:00+02:00,43.5,50.0,42.0,48.83000183105469,26927,0.0,0.0,0.0
2023-12-14 00:00:00+02:00,48.83000183105469,51.0,45.040000915527344,49.790000915527344,45628,0.0,0.0,0.0
2023-12-17 00:00:00+02:00,49.790000915527344,49.880001068115234,48.040000915527344,48.7400016784668,9303,0.0,0.0,0.0
2023-12-18 00:00:00+02:00,48.7400016784668,49.599998474121094,48.0099983215332,48.5099983215332,10145,0.0,0.0,0.0
2023-12-19 00:00:00+02:00,48.5099983215332,48.25,45.290000915527344,46.290000915527344,9490,0.0,0.0,0.0
2023-12-20 00:00:00+02:00,46.290000915527344,47.29999923706055,43.0,44.41999816894531,9076,0.0,0.0,0.0
2023-12-21 00:00:00+02:00,44.41999816894531,47.20000076293945,39.0,42.619998931884766,40848,0.0,0.0,0.0
2023-12-24 00:00:00+02:00,42.619998931884766,42.619998931884766,42.619998931884766,42.619998931884766,0,0.0,0.0,0.0
2023-12-25 00:00:00+02:00,44.369998931884766,45.0,43.599998474121094,44.369998931884766,6606,0.0,0.0,0.0
2023-12-26 00:00:00+02:00,44.369998931884766,45.5,43.79999923706055,44.88999938964844,19951,0.0,0.0,0.0
2023-12-27 00:00:00+02:00,44.88999938964844,45.880001068115234,43.83000183105469,44.88999938964844,6078,0.0,0.0,0.0
2023-12-28 00:00:00+02:00,44.88999938964844,44.88999938964844,44.88999938964844,44.88999938964844,0,0.0,0.0,0.0
2023-12-31 00:00:00+02:00,46.58000183105469,47.5,45.099998474121094,46.04999923706055,11006,0.0,0.0,0.0
2024-01-02 00:00:00+02:00,46.04999923706055,47.720001220703125,45.209999084472656,46.95000076293945,10561,0.0,0.0,0.0
2024-01-03 00:00:00+02:00,46.95000076293945,48.0,46.0,46.599998474121094,22051,0.0,0.0,0.0
2024-01-04 00:00:00+02:00,46.599998474121094,55.5,45.11000061035156,51.310001373291016,103663,0.0,0.0,0.0
2024-01-08 00:00:00+02:00,51.310001373291016,53.5,50.20000076293945,50.880001068115234,50667,0.0,0.0,0.0
2024-01-09 00:00:00+02:00,50.880001068115234,52.0,48.0099983215332,49.15999984741211,22720,0.0,0.0,0.0
2024-01-10 00:00:00+02:00,49.15999984741211,49.97999954223633,48.4900016784668,49.2400016784668,13777,0.0,0.0,0.0
2024-01-11 00:00:00+02:00,49.2400016784668,59.08000183105469,50.5,53.720001220703125,181443,0.0,0.0,0.0
2024-01-14 00:00:00+02:00,53.720001220703125,57.0,53.369998931884766,53.900001525878906,55934,0.0,0.0,0.0
2024-01-15 00:00:00+02:00,53.900001525878906,54.0,51.709999084472656,53.02000045776367,26786,0.0,0.0,0.0
2024-01-16 00:00:00+02:00,53.02000045776367,53.77000045776367,51.529998779296875,52.810001373291016,10046,0.0,0.0,0.0
2024-01-17 00:00:00+02:00,52.810001373291016,53.0,50.0,51.880001068115234,30504,0.0,0.0,0.0
2024-01-18 00:00:00+02:00,51.880001068115234,52.75,50.0,50.09000015258789,23156,0.0,0.0,0.0
2024-01-21 00:00:00+02:00,50.09000015258789,51.869998931884766,49.0,51.11000061035156,23970,0.0,0.0,0.0
2024-01-22 00:00:00+02:00,51.11000061035156,53.5,50.04999923706055,51.93000030517578,20326,0.0,0.0,0.0
2024-01-23 00:00:00+02:00,51.93000030517578,53.29999923706055,50.0,51.04999923706055,30709,0.0,0.0,0.0
2024-01-24 00:00:00+02:00,51.04999923706055,51.0,50.0099983215332,50.119998931884766,10274,0.0,0.0,0.0
2024-01-28 00:00:00+02:00,50.119998931884766,51.0,50.0,50.2599983215332,15797,0.0,0.0,0.0
2024-01-29 00:00:00+02:00,50.2599983215332,52.599998474121094,49.0,49.709999084472656,14640,0.0,0.0,0.0
2024-01-30 00:00:00+02:00,49.709999084472656,50.0,48.06999969482422,48.970001220703125,8566,0.0,0.0,0.0
2024-01-31 00:00:00+02:00,48.970001220703125,49.75,44.0,44.439998626708984,20759,0.0,0.0,0.0
2024-02-01 00:00:00+02:00,44.439998626708984,48.970001220703125,44.0,47.54999923706055,13475,0.0,0.0,0.0
2024-02-04 00:00:00+02:00,47.54999923706055,48.560001373291016,44.0,44.75,12023,0.0,0.0,0.0
2024-02-05 00:00:00+02:00,44.75,46.70000076293945,44.79999923706055,45.09000015258789,7922,0.0,0.0,0.0
2024-02-06 00:00:00+02:00,45.09000015258789,46.689998626708984,44.400001525878906,45.09000015258789,5417,0.0,0.0,0.0
2024-02-07 00:00:00+02:00,45.09000015258789,45.88999938964844,44.0,45.09000015258789,6577,0.0,0.0,0.0
2024-02-08 00:00:00+02:00,45.09000015258789,49.0,44.400001525878906,47.470001220703125,25094,0.0,0.0,0.0
2024-02-11 00:00:00+02:00,47.470001220703125,47.849998474121094,45.0099983215332,45.56999969482422,7745,0.0,0.0,0.0
2024-02-12 00:00:00+02:00,45.56999969482422,46.70000076293945,44.52000045776367,45.56999969482422,3529,0.0,0.0,0.0
2024-02-13 00:00:00+02:00,45.56999969482422,47.849998474121094,44.56999969482422,46.7599983215332,17067,0.0,0.0,0.0
2024-02-14 00:00:00+02:00,46.7599983215332,47.400001525878906,46.099998474121094,46.7599983215332,3537,0.0,0.0,0.0
2024-02-15 00:00:00+02:00,46.7599983215332,47.88999938964844,45.029998779296875,46.7599983215332,5395,0.0,0.0,0.0
2024-02-18 00:00:00+02:00,46.7599983215332,46.7599983215332,46.7599983215332,46.7599983215332,0,0.0,0.0,0.0
2024-02-19 00:00:00+02:00,51.779998779296875,56.0,51.099998474121094,54.209999084472656,159192,0.0,0.0,0.0
2024-02-20 00:00:00+02:00,54.209999084472656,64.0,52.25,60.25,230768,0.0,0.0,0.0
2024-02-21 00:00:00+02:00,60.25,67.0,57.0,57.06999969482422,204872,0.0,0.0,0.0
2024-02-22 00:00:00+02:00,57.06999969482422,58.9900016784668,54.25,55.41999816894531,81002,0.0,0.0,0.0
2024-02-25 00:00:00+02:00,55.41999816894531,56.970001220703125,48.099998474121094,52.38999938964844,55013,0.0,0.0,0.0
2024-02-26 00:00:00+02:00,52.38999938964844,52.70000076293945,48.20000076293945,49.099998474121094,26315,0.0,0.0,0.0
2024-02-27 00:00:00+02:00,49.099998474121094,51.5,47.11000061035156,48.310001373291016,15542,0.0,0.0,0.0
2024-02-28 00:00:00+02:00,48.310001373291016,49.630001068115234,44.0,45.09000015258789,14228,0.0,0.0,0.0
2024-02-29 00:00:00+02:00,45.09000015258789,47.0,42.220001220703125,44.970001220703125,17907,0.0,0.0,0.0
2024-03-03 00:00:00+02:00,44.970001220703125,49.900001525878906,43.630001068115234,45.790000915527344,27989,0.0,0.0,0.0
2024-03-04 00:00:00+02:00,45.790000915527344,47.0,45.5099983215332,46.06999969482422,8633,0.0,0.0,0.0
2024-03-05 00:00:00+02:00,46.06999969482422,47.75,46.0,46.72999954223633,8574,0.0,0.0,0.0
2024-03-06 00:00:00+02:00,46.72999954223633,49.97999954223633,44.0,46.150001525878906,15656,0.0,0.0,0.0
2024-03-07 00:00:00+02:00,46.150001525878906,45.689998626708984,44.02000045776367,46.150001525878906,4263,0.0,0.0,0.0
2024-03-10 00:00:00+02:00,46.150001525878906,46.779998779296875,44.810001373291016,46.150001525878906,4096,0.0,0.0,0.0
2024-03-11 00:00:00+02:00,46.150001525878906,47.900001525878906,45.02000045776367,46.290000915527344,11165,0.0,0.0,0.0
2024-03-12 00:00:00+02:00,46.290000915527344,46.290000915527344,44.0,46.290000915527344,2938,0.0,0.0,0.0
2024-03-13 00:00:00+02:00,46.290000915527344,46.900001525878906,37.150001525878906,40.060001373291016,29413,0.0,0.0,0.0
2024-03-14 00:00:00+02:00,40.060001373291016,41.5,37.0,39.689998626708984,20159,0.0,0.0,0.0
2024-03-17 00:00:00+02:00,39.689998626708984,43.900001525878906,40.11000061035156,42.88999938964844,8323,0.0,0.0,0.0
2024-03-18 00:00:00+02:00,42.88999938964844,42.70000076293945,38.11000061035156,42.88999938964844,2992,0.0,0.0,0.0
2024-03-19 00:00:00+02:00,42.88999938964844,38.38999938964844,36.0,42.88999938964844,7142,0.0,0.0,0.0
2024-03-20 00:00:00+02:00,42.88999938964844,41.869998931884766,37.06999969482422,42.88999938964844,2388,0.0,0.0,0.0
2024-03-21 00:00:00+02:00,42.88999938964844,42.88999938964844,37.0,42.88999938964844,5786,0.0,0.0,0.0
2024-03-24 00:00:00+02:00,42.88999938964844,40.790000915527344,38.220001220703125,42.88999938964844,7582,0.0,0.0,0.0
2024-03-25 00:00:00+02:00,42.88999938964844,42.88999938964844,37.5,42.88999938964844,4204,0.0,0.0,0.0
2024-03-26 00:00:00+02:00,42.88999938964844,39.869998931884766,38.75,42.88999938964844,2178,0.0,0.0,0.0
2024-03-27 00:00:00+02:00,42.88999938964844,42.88999938964844,37.20000076293945,42.88999938964844,5929,0.0,0.0,0.0
2024-03-28 00:00:00+02:00,42.88999938964844,39.5099983215332,37.41999816894531,42.88999938964844,5309,0.0,0.0,0.0
2024-03-31 00:00:00+02:00,42.88999938964844,51.0,38.0,39.11000061035156,23211,0.0,0.0,0.0
2024-04-01 00:00:00+02:00,39.11000061035156,41.0,38.0099983215332,40.060001373291016,10679,0.0,0.0,0.0
2024-04-02 00:00:00+02:00,40.060001373291016,41.45000076293945,39.349998474121094,40.68000030517578,7461,0.0,0.0,0.0
2024-04-03 00:00:00+02:00,40.68000030517578,41.97999954223633,39.0,40.68000030517578,4347,0.0,0.0,0.0
2024-04-04 00:00:00+02:00,40.68000030517578,41.38999938964844,39.790000915527344,40.68000030517578,5966,0.0,0.0,0.0
2024-04-07 00:00:00+02:00,40.68000030517578,41.16999816894531,39.79999923706055,40.68000030517578,2667,0.0,0.0,0.0
2024-04-08 00:00:00+02:00,40.68000030517578,40.97999954223633,39.900001525878906,40.68000030517578,3776,0.0,0.0,0.0
2024-04-15 00:00:00+02:00,40.68000030517578,40.68000030517578,39.75,40.68000030517578,2597,0.0,0.0,0.0
2024-04-16 00:00:00+02:00,40.68000030517578,41.849998474121094,39.27000045776367,40.709999084472656,10405,0.0,0.0,0.0
2024-04-17 00:00:00+02:00,40.709999084472656,41.560001373291016,40.0,40.709999084472656,3486,0.0,0.0,0.0
2024-04-18 00:00:00+02:00,40.709999084472656,40.709999084472656,36.0099983215332,38.15999984741211,11837,0.0,0.0,0.0
2024-04-21 00:00:00+02:00,38.15999984741211,38.54999923706055,37.0,37.88999938964844,12618,0.0,0.0,0.0
2024-04-22 00:00:00+02:00,37.88999938964844,40.290000915527344,37.529998779296875,38.09000015258789,13960,0.0,0.0,0.0
2024-04-23 00:00:00+02:00,38.09000015258789,38.599998474121094,35.5,37.279998779296875,11677,0.0,0.0,0.0
2024-04-24 00:00:00+02:00,37.279998779296875,37.5,30.030000686645508,37.279998779296875,7984,0.0,0.0,0.0
2024-04-28 00:00:00+03:00,37.279998779296875,37.279998779296875,37.279998779296875,37.279998779296875,0,0.0,0.0,0.0
2024-04-29 00:00:00+03:00,37.279998779296875,34.97999954223633,33.0,37.279998779296875,4776,0.0,0.0,0.0
2024-04-30 00:00:00+03:00,37.279998779296875,34.529998779296875,33.0,37.279998779296875,4903,0.0,0.0,0.0
2024-05-02 00:00:00+03:00,33.83000183105469,34.369998931884766,32.52000045776367,33.83000183105469,1071,0.0,0.0,0.0
2024-05-07 00:00:00+03:00,33.83000183105469,34.93000030517578,32.7599983215332,33.83000183105469,1575,0.0,0.0,0.0
2024-05-08 00:00:00+03:00,33.83000183105469,34.61000061035156,33.0,33.83000183105469,758,0.0,0.0,0.0
2024-05-09 00:00:00+03:00,33.83000183105469,33.83000183105469,30.549999237060547,33.83000183105469,826,0.0,0.0,0.0
2024-05-12 00:00:00+03:00,33.83000183105469,33.83000183105469,31.899999618530273,33.83000183105469,1634,0.0,0.0,0.0
2024-05-13 00:00:00+03:00,33.83000183105469,33.83000183105469,28.1200008392334,33.83000183105469,775,0.0,0.0,0.0
2024-05-14 00:00:00+03:00,33.83000183105469,33.83000183105469,29.270000457763672,33.83000183105469,2446,0.0,0.0,0.0
2024-05-15 00:00:00+03:00,33.83000183105469,33.83000183105469,30.260000228881836,33.83000183105469,1154,0.0,0.0,0.0
2024-05-16 00:00:00+03:00,33.83000183105469,32.95000076293945,30.0,33.83000183105469,6474,0.0,0.0,0.0
2024-05-19 00:00:00+03:00,33.83000183105469,35.0,32.9900016784668,34.81999969482422,11872,0.0,0.0,0.0
2024-05-20 00:00:00+03:00,34.81999969482422,34.790000915527344,33.02000045776367,34.81999969482422,8261,0.0,0.0,0.0
2024-05-21 00:00:00+03:00,34.81999969482422,33.97999954223633,32.04999923706055,34.81999969482422,4361,0.0,0.0,0.0
2024-05-22 00:00:00+03:00,34.81999969482422,33.38999938964844,32.099998474121094,34.81999969482422,2844,0.0,0.0,0.0
2024-05-23 00:00:00+03:00,34.81999969482422,34.81999969482422,32.0,34.81999969482422,7667,0.0,0.0,0.0
2024-05-26 00:00:00+03:00,34.81999969482422,34.81999969482422,34.81999969482422,34.81999969482422,0,0.0,0.0,0.0
2024-05-27 00:00:00+03:00,34.81999969482422,33.77000045776367,32.209999084472656,34.81999969482422,3320,0.0,0.0,0.0
2024-05-28 00:00:00+03:00,34.81999969482422,34.81999969482422,31.709999084472656,34.81999969482422,3241,0.0,0.0,0.0
2024-05-29 00:00:00+03:00,34.81999969482422,33.470001220703125,31.700000762939453,34.81999969482422,1412,0.0,0.0,0.0
2024-05-30 00:00:00+03:00,34.81999969482422,35.0,31.899999618530273,34.38999938964844,10744,0.0,0.0,0.0
2024-06-02 00:00:00+03:00,34.38999938964844,36.5,33.900001525878906,35.81999969482422,13123,0.0,0.0,0.0
2024-06-03 00:00:00+03:00,35.81999969482422,35.0,34.25,34.630001068115234,8719,0.0,0.0,0.0
2024-06-04 00:00:00+03:00,34.630001068115234,34.9900016784668,33.16999816894531,34.630001068115234,2596,0.0,0.0,0.0
2024-06-05 00:00:00+03:00,34.630001068115234,34.5,33.27000045776367,34.630001068115234,1255,0.0,0.0,0.0
2024-06-06 00:00:00+03:00,34.630001068115234,34.630001068115234,31.860000610351562,34.630001068115234,1040,0.0,0.0,0.0
2024-06-09 00:00:00+03:00,34.630001068115234,33.349998474121094,30.5,34.630001068115234,609,0.0,0.0,0.0
2024-06-10 00:00:00+03:00,34.630001068115234,32.5,31.420000076293945,34.630001068115234,1118,0.0,0.0,0.0
2024-06-11 00:00:00+03:00,34.630001068115234,33.369998931884766,31.350000381469727,34.630001068115234,3196,0.0,0.0,0.0
2024-06-12 00:00:00+03:00,34.630001068115234,33.369998931884766,31.459999084472656,34.630001068115234,1786,0.0,0.0,0.0
2024-06-13 00:00:00+03:00,34.630001068115234,32.77000045776367,31.459999084472656,34.630001068115234,342,0.0,0.0,0.0
2024-06-23 00:00:00+03:00,34.630001068115234,34.0,32.75,34.630001068115234,4256,0.0,0.0,0.0
2024-06-24 00:00:00+03:00,34.630001068115234,34.45000076293945,33.029998779296875,34.630001068115234,2027,0.0,0.0,0.0
2024-06-25 00:00:00+03:00,34.630001068115234,33.400001525878906,33.0,34.630001068115234,2405,0.0,0.0,0.0
2024-06-26 00:00:00+03:00,34.630001068115234,34.20000076293945,31.719999313354492,34.630001068115234,2671,0.0,0.0,0.0
2024-06-27 00:00:00+03:00,34.630001068115234,33.869998931884766,32.0,34.630001068115234,1157,0.0,0.0,0.0
2024-07-02 00:00:00+03:00,34.630001068115234,33.900001525878906,32.52000045776367,34.630001068115234,2482,0.0,0.0,0.0
2024-07-03 00:00:00+03:00,34.630001068115234,34.16999816894531,33.060001373291016,34.630001068115234,707,0.0,0.0,0.0
2024-07-04 00:00:00+03:00,34.630001068115234,35.0,33.11000061035156,34.630001068115234,3101,0.0,0.0,0.0
2024-07-07 00:00:00+03:00,34.630001068115234,34.849998474121094,33.31999969482422,34.630001068115234,655,0.0,0.0,0.0
2024-07-08 00:00:00+03:00,34.630001068115234,34.0,33.0,34.630001068115234,5355,0.0,0.0,0.0
2024-07-09 00:00:00+03:00,34.630001068115234,34.11000061035156,33.11000061035156,34.630001068115234,158,0.0,0.0,0.0
2024-07-10 00:00:00+03:00,34.630001068115234,33.310001373291016,33.29999923706055,34.630001068115234,2526,0.0,0.0,0.0
2024-07-14 00:00:00+03:00,34.630001068115234,34.630001068115234,33.11000061035156,34.630001068115234,3615,0.0,0.0,0.0
2024-07-15 00:00:00+03:00,34.630001068115234,34.29999923706055,33.150001525878906,34.630001068115234,2885,0.0,0.0,0.0
2024-07-16 00:00:00+03:00,34.630001068115234,39.79999923706055,33.5,39.11000061035156,69611,0.0,0.0,0.0
2024-07-17 00:00:00+03:00,39.11000061035156,40.0,37.5,38.36000061035156,21608,0.0,0.0,0.0
2024-07-18 00:00:00+03:00,38.36000061035156,39.0,36.150001525878906,36.52000045776367,17597,0.0,0.0,0.0
2024-07-21 00:00:00+03:00,36.52000045776367,41.540000915527344,36.5099983215332,40.25,17043,0.0,0.0,0.0
2024-07-22 00:00:00+03:00,40.25,41.9900016784668,38.79999923706055,39.849998474121094,8294,0.0,0.0,0.0
2024-07-23 00:00:00+03:00,39.849998474121094,40.0,38.61000061035156,38.849998474121094,7918,0.0,0.0,0.0
2024-07-24 00:00:00+03:00,38.849998474121094,39.65999984741211,38.18000030517578,38.849998474121094,2361,0.0,0.0,0.0
2024-07-28 00:00:00+03:00,38.849998474121094,39.459999084472656,36.560001373291016,38.849998474121094,2311,0.0,0.0,0.0
2024-07-29 00:00:00+03:00,38.849998474121094,41.5,37.29999923706055,39.47999954223633,10370,0.0,0.0,0.0
2024-07-30 00:00:00+03:00,39.47999954223633,39.970001220703125,38.20000076293945,39.47999954223633,2231,0.0,0.0,0.0
2024-07-31 00:00:00+03:00,39.47999954223633,39.95000076293945,38.5099983215332,39.47999954223633,357,0.0,0.0,0.0
2024-08-01 00:00:00+03:00,39.47999954223633,39.709999084472656,38.5,39.47999954223633,5638,0.0,0.0,0.0
2024-08-04 00:00:00+03:00,39.47999954223633,39.5,37.0,38.290000915527344,8399,0.0,0.0,0.0
2024-08-05 00:00:00+03:00,38.290000915527344,39.27000045776367,34.040000915527344,38.220001220703125,8763,0.0,0.0,0.0
2024-08-06 00:00:00+03:00,38.220001220703125,38.95000076293945,36.97999954223633,38.220001220703125,6166,0.0,0.0,0.0
2024-08-07 00:00:00+03:00,38.220001220703125,39.459999084472656,37.189998626708984,38.31999969482422,8089,0.0,0.0,0.0
2024-08-08 00:00:00+03:00,38.31999969482422,38.959999084472656,37.5099983215332,38.31999969482422,3190,0.0,0.0,0.0
2024-08-11 00:00:00+03:00,38.31999969482422,39.20000076293945,37.43000030517578,38.31999969482422,5511,0.0,0.0,0.0
2024-08-12 00:00:00+03:00,38.31999969482422,45.0,38.0,42.38999938964844,45652,0.0,0.0,0.0
2024-08-13 00:00:00+03:00,42.38999938964844,42.88999938964844,39.90999984741211,40.599998474121094,9406,0.0,0.0,0.0
2024-08-14 00:00:00+03:00,40.599998474121094,41.88999938964844,39.220001220703125,40.599998474121094,5454,0.0,0.0,0.0
2024-08-15 00:00:00+03:00,40.599998474121094,40.72999954223633,38.0,38.59000015258789,10538,0.0,0.0,0.0
2024-08-18 00:00:00+03:00,38.59000015258789,41.20000076293945,38.25,40.040000915527344,8757,0.0,0.0,0.0
2024-08-19 00:00:00+03:00,40.040000915527344,40.93000030517578,38.79999923706055,40.040000915527344,5144,0.0,0.0,0.0
2024-08-20 00:00:00+03:00,40.040000915527344,42.900001525878906,39.70000076293945,41.56999969482422,8480,0.0,0.0,0.0
2024-08-21 00:00:00+03:00,41.56999969482422,42.75,40.0,40.41999816894531,42618,0.0,0.0,0.0
2024-08-22 00:00:00+03:00,40.41999816894531,42.91999816894531,40.4900016784668,41.560001373291016,19855,0.0,0.0,0.0
2024-08-25 00:00:00+03:00,41.560001373291016,44.0,41.380001068115234,43.47999954223633,23107,0.0,0.0,0.0
2024-08-26 00:00:00+03:00,43.47999954223633,44.599998474121094,41.0099983215332,41.9900016784668,43636,0.0,0.0,0.0
2024-08-27 00:00:00+03:00,41.9900016784668,44.5,41.9900016784668,43.63999938964844,31942,0.0,0.0,0.0
2024-08-28 00:00:00+03:00,43.63999938964844,43.9900016784668,42.04999923706055,43.63999938964844,5751,0.0,0.0,0.0
2024-08-29 00:00:00+03:00,43.63999938964844,46.790000915527344,42.33000183105469,44.099998474121094,60013,0.0,0.0,0.0
2024-09-01 00:00:00+03:00,44.099998474121094,46.779998779296875,43.0099983215332,44.47999954223633,13493,0.0,0.0,0.0
2024-09-02 00:00:00+03:00,44.47999954223633,46.900001525878906,44.0099983215332,45.470001220703125,48354,0.0,0.0,0.0
2024-09-03 00:00:00+03:00,45.470001220703125,48.75,45.02000045776367,45.29999923706055,63436,0.0,0.0,0.0
2024-09-04 00:00:00+03:00,45.29999923706055,46.880001068115234,44.61000061035156,45.459999084472656,17975,0.0,0.0,0.0
2024-09-05 00:00:00+03:00,45.459999084472656,46.72999954223633,45.25,45.84000015258789,9258,0.0,0.0,0.0
2024-09-08 00:00:00+03:00,45.84000015258789,45.90999984741211,43.029998779296875,43.33000183105469,11951,0.0,0.0,0.0
2024-09-09 00:00:00+03:00,43.33000183105469,45.0,43.099998474121094,44.93000030517578,18491,0.0,0.0,0.0
2024-09-10 00:00:00+03:00,44.93000030517578,45.900001525878906,44.0,44.93000030517578,6183,0.0,0.0,0.0
2024-09-11 00:00:00+03:00,44.93000030517578,53.90999984741211,43.720001220703125,53.90999984741211,128396,0.0,0.0,0.0
2024-09-12 00:00:00+03:00,53.90999984741211,61.849998474121094,51.65999984741211,55.959999084472656,421149,0.0,0.0,0.0
2024-09-16 00:00:00+03:00,55.959999084472656,58.5,52.0,53.56999969482422,134046,0.0,0.0,0.0
2024-09-17 00:00:00+03:00,53.56999969482422,55.0,51.70000076293945,52.150001525878906,46742,0.0,0.0,0.0
2024-09-18 00:00:00+03:00,52.150001525878906,54.9900016784668,51.0,51.52000045776367,60438,0.0,0.0,0.0
2024-09-19 00:00:00+03:00,51.52000045776367,53.4900016784668,51.099998474121094,51.5099983215332,21900,0.0,0.0,0.0
2024-09-22 00:00:00+03:00,51.5099983215332,52.38999938964844,50.18000030517578,50.97999954223633,24873,0.0,0.0,0.0
2024-09-23 00:00:00+03:00,50.97999954223633,57.0,52.0,53.47999954223633,188748,0.0,0.0,0.0
2024-09-24 00:00:00+03:00,54.939998626708984,55.77000045776367,52.900001525878906,53.06999969482422,26843,0.0,0.0,0.0
2024-09-25 00:00:00+03:00,54.189998626708984,58.0,54.619998931884766,54.939998626708984,98999,0.0,0.0,0.0
2024-09-26 00:00:00+03:00,54.939998626708984,55.77000045776367,52.900001525878906,53.06999969482422,26843,0.0,0.0,0.0
2024-09-29 00:00:00+03:00,53.06999969482422,57.9900016784668,54.150001525878906,54.779998779296875,78832,0.0,0.0,0.0
2024-09-30 00:00:00+03:00,54.779998779296875,56.25,53.220001220703125,53.40999984741211,33544,0.0,0.0,0.0
2024-10-01 00:00:00+03:00,53.40999984741211,53.95000076293945,52.650001525878906,52.900001525878906,10831,0.0,0.0,0.0
2024-10-02 00:00:00+03:00,52.900001525878906,52.70000076293945,44.0,49.83000183105469,19182,0.0,0.0,0.0
2024-10-03 00:00:00+03:00,49.83000183105469,50.77000045776367,48.25,49.31999969482422,15667,0.0,0.0,0.0
2024-10-07 00:00:00+03:00,49.31999969482422,50.470001220703125,46.599998474121094,48.709999084472656,13999,0.0,0.0,0.0
2024-10-08 00:00:00+03:00,48.709999084472656,49.0,46.0,46.52000045776367,12891,0.0,0.0,0.0
2024-10-09 00:00:00+03:00,46.52000045776367,47.0,45.56999969482422,46.52000045776367,2273,0.0,0.0,0.0
2024-10-10 00:00:00+03:00,46.52000045776367,49.5,46.20000076293945,47.689998626708984,10756,0.0,0.0,0.0
2024-10-13 00:00:00+03:00,47.689998626708984,53.869998931884766,47.70000076293945,48.31999969482422,74988,0.0,0.0,0.0
2024-10-14 00:00:00+03:00,48.31999969482422,48.099998474121094,45.099998474121094,46.45000076293945,13482,0.0,0.0,0.0
2024-10-15 00:00:00+03:00,46.45000076293945,51.5,46.88999938964844,49.119998931884766,41434,0.0,0.0,0.0
2024-10-16 00:00:00+03:00,49.119998931884766,56.0,50.54999923706055,50.88999938964844,100908,0.0,0.0,0.0
2024-10-17 00:00:00+03:00,50.88999938964844,54.400001525878906,49.79999923706055,50.15999984741211,53295,0.0,0.0,0.0
2024-10-20 00:00:00+03:00,50.15999984741211,50.15999984741211,47.0,47.650001525878906,29319,0.0,0.0,0.0
2024-10-21 00:00:00+03:00,47.650001525878906,49.0,46.75,47.880001068115234,8718,0.0,0.0,0.0
2024-10-22 00:00:00+03:00,47.880001068115234,49.95000076293945,47.61000061035156,49.29999923706055,19596,0.0,0.0,0.0
2024-10-23 00:00:00+03:00,49.29999923706055,52.0,48.02000045776367,49.22999954223633,45508,0.0,0.0,0.0
2024-10-24 00:00:00+03:00,49.22999954223633,53.0,48.61000061035156,50.20000076293945,53785,0.0,0.0,0.0
2024-10-27 00:00:00+03:00,50.20000076293945,53.900001525878906,50.9900016784668,53.099998474121094,67103,0.0,0.0,0.0
2024-10-28 00:00:00+03:00,53.099998474121094,53.5,51.400001525878906,52.220001220703125,29108,0.0,0.0,0.0
2024-10-29 00:00:00+03:00,52.220001220703125,54.70000076293945,52.0099983215332,52.75,36571,0.0,0.0,0.0
2024-10-30 00:00:00+03:00,52.75,53.95000076293945,52.650001525878906,53.2599983215332,11862,0.0,0.0,0.0
2024-10-31 00:00:00+03:00,53.2599983215332,53.95000076293945,52.0,53.72999954223633,25816,0.0,0.0,0.0
2024-11-03 00:00:00+02:00,53.72999954223633,55.900001525878906,52.33000183105469,55.06999969482422,49601,0.0,0.0,0.0
2024-11-04 00:00:00+02:00,55.06999969482422,57.84000015258789,53.5,53.52000045776367,103243,0.0,0.0,0.0
2024-11-05 00:00:00+02:00,53.52000045776367,54.2400016784668,51.599998474121094,53.52000045776367,2933,0.0,0.0,0.0
2024-11-06 00:00:00+02:00,53.52000045776367,55.0,52.0,53.970001220703125,34130,0.0,0.0,0.0
2024-11-07 00:00:00+02:00,53.970001220703125,54.349998474121094,52.650001525878906,53.75,18287,0.0,0.0,0.0
2024-11-10 00:00:00+02:00,53.75,54.20000076293945,53.529998779296875,53.689998626708984,9638,0.0,0.0,0.0
2024-11-11 00:00:00+02:00,53.689998626708984,53.91999816894531,52.66999816894531,53.689998626708984,4431,0.0,0.0,0.0
2024-11-12 00:00:00+02:00,53.689998626708984,53.099998474121094,51.29999923706055,51.970001220703125,7221,0.0,0.0,0.0
2024-11-13 00:00:00+02:00,51.970001220703125,53.849998474121094,51.599998474121094,52.34000015258789,9194,0.0,0.0,0.0
2024-11-14 00:00:00+02:00,52.34000015258789,53.439998626708984,52.0,52.529998779296875,6121,0.0,0.0,0.0
2024-11-17 00:00:00+02:00,52.529998779296875,53.0,51.529998779296875,52.0099983215332,10704,0.0,0.0,0.0
2024-11-18 00:00:00+02:00,52.0099983215332,52.939998626708984,51.5099983215332,51.650001525878906,7291,0.0,0.0,0.0
2024-11-19 00:00:00+02:00,51.650001525878906,51.939998626708984,50.02000045776367,50.779998779296875,10832,0.0,0.0,0.0
2024-11-20 00:00:00+02:00,50.779998779296875,51.5,50.5,50.779998779296875,1186,0.0,0.0,0.0
2024-11-21 00:00:00+02:00,50.779998779296875,51.5,50.5,50.779998779296875,5095,0.0,0.0,0.0
2024-11-24 00:00:00+02:00,50.779998779296875,51.54999923706055,50.0,50.38999938964844,9369,0.0,0.0,0.0
2024-11-25 00:00:00+02:00,50.38999938964844,50.38999938964844,49.54999923706055,50.38999938964844,3088,0.0,0.0,0.0
2024-11-26 00:00:00+02:00,50.38999938964844,50.0,48.119998931884766,49.31999969482422,9122,0.0,0.0,0.0
2024-11-27 00:00:00+02:00,49.31999969482422,49.58000183105469,48.0,49.31999969482422,5199,0.0,0.0,0.0
2024-11-28 00:00:00+02:00,49.31999969482422,49.95000076293945,47.93000030517578,49.31999969482422,431,0.0,0.0,0.0
2024-12-01 00:00:00+02:00,49.31999969482422,48.2599983215332,47.95000076293945,49.31999969482422,1548,0.0,0.0,0.0
2024-12-02 00:00:00+02:00,49.31999969482422,50.34000015258789,48.0099983215332,49.31999969482422,1643,0.0,0.0,0.0
2024-12-03 00:00:00+02:00,49.31999969482422,49.40999984741211,48.0,49.31999969482422,1734,0.0,0.0,0.0
2024-12-04 00:00:00+02:00,49.31999969482422,49.849998474121094,47.119998931884766,49.31999969482422,4631,0.0,0.0,0.0
2024-12-05 00:00:00+02:00,49.31999969482422,52.91999816894531,47.0,52.06999969482422,53032,0.0,0.0,0.0
2024-12-08 00:00:00+02:00,52.06999969482422,52.9900016784668,50.25,50.88999938964844,20535,0.0,0.0,0.0
2024-12-09 00:00:00+02:00,50.88999938964844,51.38999938964844,50.5,51.040000915527344,9162,0.0,0.0,0.0
2024-12-10 00:00:00+02:00,51.040000915527344,51.900001525878906,48.400001525878906,51.040000915527344,4590,0.0,0.0,0.0
2024-12-11 00:00:00+02:00,51.040000915527344,51.040000915527344,48.40999984741211,51.040000915527344,5108,0.0,0.0,0.0
2024-12-12 00:00:00+02:00,51.040000915527344,50.0,48.20000076293945,51.040000915527344,3280,0.0,0.0,0.0
2024-12-15 00:00:00+02:00,51.040000915527344,50.5,48.0,48.16999816894531,7474,0.0,0.0,0.0
2024-12-16 00:00:00+02:00,48.16999816894531,49.0,47.849998474121094,48.16999816894531,2842,0.0,0.0,0.0
2024-12-17 00:00:00+02:00,48.16999816894531,48.75,47.54999923706055,48.16999816894531,475,0.0,0.0,0.0
2024-12-18 00:00:00+02:00,48.16999816894531,48.189998626708984,47.0,48.16999816894531,5424,0.0,0.0,0.0
2024-12-19 00:00:00+02:00,48.16999816894531,50.29999923706055,46.72999954223633,49.209999084472656,6971,0.0,0.0,0.0
2024-12-22 00:00:00+02:00,49.209999084472656,49.0,48.16999816894531,49.209999084472656,4090,0.0,0.0,0.0
2024-12-23 00:00:00+02:00,49.209999084472656,49.75,47.0,49.209999084472656,4550,0.0,0.0,0.0
2024-12-24 00:00:00+02:00,49.209999084472656,48.5099983215332,47.060001373291016,49.209999084472656,620,0.0,0.0,0.0
2024-12-25 00:00:00+02:00,49.209999084472656,48.689998626708984,47.0,49.209999084472656,1441,0.0,0.0,0.0
2024-12-26 00:00:00+02:00,49.209999084472656,51.72999954223633,46.11000061035156,48.2599983215332,25295,0.0,0.0,0.0
2024-12-29 00:00:00+02:00,48.2599983215332,50.97999954223633,47.15999984741211,49.47999954223633,15458,0.0,0.0,0.0
2024-12-30 00:00:00+02:00,49.47999954223633,48.5,47.119998931884766,49.47999954223633,4151,0.0,0.0,0.0
2024-12-31 00:00:00+02:00,49.47999954223633,49.47999954223633,47.619998931884766,49.47999954223633,4809,0.0,0.0,0.0
2025-01-02 00:00:00+02:00,49.47999954223633,49.5,47.79999923706055,49.47999954223633,3939,0.0,0.0,0.0
2025-01-05 00:00:00+02:00,49.47999954223633,53.900001525878906,48.349998474121094,51.0,39167,0.0,0.0,0.0
2025-01-06 00:00:00+02:00,51.0,58.77000045776367,51.5,56.029998779296875,254491,0.0,0.0,0.0
2025-01-08 00:00:00+02:00,56.029998779296875,63.0099983215332,55.599998474121094,60.5,298767,0.0,0.0,0.0
2025-01-09 00:00:00+02:00,60.5,65.0,56.02000045776367,56.31999969482422,209865,0.0,0.0,0.0
2025-01-12 00:00:00+02:00,56.31999969482422,58.849998474121094,54.130001068115234,55.029998779296875,100614,0.0,0.0,0.0
2025-01-13 00:00:00+02:00,55.029998779296875,57.0,49.099998474121094,50.15999984741211,45032,0.0,0.0,0.0
2025-01-14 00:00:00+02:00,50.15999984741211,55.400001525878906,48.5,52.43000030517578,40583,0.0,0.0,0.0
2025-01-15 00:00:00+02:00,52.43000030517578,56.79999923706055,51.41999816894531,52.040000915527344,28272,0.0,0.0,0.0
2025-01-16 00:00:00+02:00,52.040000915527344,52.88999938964844,50.540000915527344,50.83000183105469,22952,0.0,0.0,0.0
2025-01-19 00:00:00+02:00,52.040000915527344,52.88999938964844,50.349998474121094,50.83000183105469,31042,0.0,0.0,0.0
2025-01-20 00:00:00+02:00,50.630001068115234,51.939998626708984,49.5,49.84000015258789,22957,0.0,0.0,0.0
2025-01-21 00:00:00+02:00,49.84000015258789,54.5,49.84000015258789,51.97999954223633,63813,0.0,0.0,0.0
2025-01-22 00:00:00+02:00,51.97999954223633,53.869998931884766,51.0,51.369998931884766,42274,0.0,0.0,0.0
2025-01-23 00:00:00+02:00,51.369998931884766,52.970001220703125,50.79999923706055,51.0,11892,0.0,0.0,0.0
2025-01-26 00:00:00+02:00,51.0,52.77000045776367,50.0,51.0099983215332,15968,0.0,0.0,0.0
2025-01-27 00:00:00+02:00,51.0099983215332,52.5,49.61000061035156,50.650001525878906,7850,0.0,0.0,0.0
2025-01-28 00:00:00+02:00,50.650001525878906,50.81999969482422,49.650001525878906,50.119998931884766,25054,0.0,0.0,0.0
2025-01-29 00:00:00+02:00,50.119998931884766,51.0,49.790000915527344,50.02000045776367,20753,0.0,0.0,0.0
2025-01-30 00:00:00+02:00,50.02000045776367,51.400001525878906,48.709999084472656,49.81999969482422,9114,0.0,0.0,0.0
2025-02-02 00:00:00+02:00,49.81999969482422,50.959999084472656,49.0,49.470001220703125,13158,0.0,0.0,0.0
2025-02-03 00:00:00+02:00,49.470001220703125,49.970001220703125,48.0,48.75,10525,0.0,0.0,0.0
2025-02-04 00:00:00+02:00,48.75,49.470001220703125,48.29999923706055,48.75,2377,0.0,0.0,0.0
2025-02-05 00:00:00+02:00,48.75,50.189998626708984,48.5,48.75,5609,0.0,0.0,0.0
2025-02-06 00:00:00+02:00,48.75,49.650001525878906,48.04999923706055,48.560001373291016,9715,0.0,0.0,0.0
2025-02-09 00:00:00+02:00,48.560001373291016,50.25,48.61000061035156,49.22999954223633,15671,0.0,0.0,0.0
2025-02-10 00:00:00+02:00,49.22999954223633,49.5,48.5099983215332,49.22999954223633,3020,0.0,0.0,0.0
2025-02-11 00:00:00+02:00,49.22999954223633,48.650001525878906,47.599998474121094,47.869998931884766,7351,0.0,0.0,0.0
2025-02-12 00:00:00+02:00,47.869998931884766,47.970001220703125,46.0,46.31999969482422,9387,0.0,0.0,0.0
2025-02-13 00:00:00+02:00,46.31999969482422,48.880001068115234,46.599998474121094,46.31999969482422,4876,0.0,0.0,0.0
2025-02-16 00:00:00+02:00,46.31999969482422,48.0,46.34000015258789,47.34000015258789,6897,0.0,0.0,0.0
2025-02-17 00:00:00+02:00,47.34000015258789,47.9900016784668,46.0,46.029998779296875,17600,0.0,0.0,0.0
2025-02-18 00:00:00+02:00,46.029998779296875,47.380001068115234,45.5099983215332,46.91999816894531,11117,0.0,0.0,0.0
2025-02-19 00:00:00+02:00,46.91999816894531,47.0,46.20000076293945,46.91999816894531,2600,0.0,0.0,0.0
2025-02-20 00:00:00+02:00,46.91999816894531,47.439998626708984,46.220001220703125,46.91999816894531,3312,0.0,0.0,0.0
2025-02-23 00:00:00+02:00,46.91999816894531,46.79999923706055,46.0,46.11000061035156,12932,0.0,0.0,0.0
2025-02-24 00:00:00+02:00,46.11000061035156,46.68000030517578,46.0,46.11000061035156,4435,0.0,0.0,0.0
2025-02-25 00:00:00+02:00,46.11000061035156,46.70000076293945,46.0,46.11000061035156,1420,0.0,0.0,0.0
2025-02-26 00:00:00+02:00,46.11000061035156,46.58000183105469,45.810001373291016,46.11000061035156,2285,0.0,0.0,0.0
2025-02-27 00:00:00+02:00,46.11000061035156,49.5,45.79999923706055,47.5099983215332,31257,0.0,0.0,0.0
2025-03-02 00:00:00+02:00,47.5099983215332,48.0,46.5,47.5099983215332,2861,0.0,0.0,0.0
2025-03-03 00:00:00+02:00,47.5099983215332,47.5,46.0,47.5099983215332,4721,0.0,0.0,0.0
2025-03-04 00:00:00+02:00,47.5099983215332,47.5099983215332,46.099998474121094,47.5099983215332,2297,0.0,0.0,0.0
2025-03-05 00:00:00+02:00,47.5099983215332,46.97999954223633,46.0,46.2400016784668,8796,0.0,0.0,0.0
2025-03-06 00:00:00+02:00,46.2400016784668,46.869998931884766,45.20000076293945,46.2400016784668,3169,0.0,0.0,0.0
2025-03-09 00:00:00+02:00,46.2400016784668,46.88999938964844,45.099998474121094,46.06999969482422,8127,0.0,0.0,0.0
2025-03-10 00:00:00+02:00,46.06999969482422,46.900001525878906,45.619998931884766,46.06999969482422,2730,0.0,0.0,0.0
2025-03-11 00:00:00+02:00,46.06999969482422,46.75,45.599998474121094,46.06999969482422,1893,0.0,0.0,0.0
2025-03-12 00:00:00+02:00,46.06999969482422,46.68000030517578,45.810001373291016,46.06999969482422,875,0.0,0.0,0.0
2025-03-13 00:00:00+02:00,46.06999969482422,46.75,45.880001068115234,46.06999969482422,3584,0.0,0.0,0.0
2025-03-16 00:00:00+02:00,46.06999969482422,46.7400016784668,46.06999969482422,46.06999969482422,2787,0.0,0.0,0.0
2025-03-17 00:00:00+02:00,46.06999969482422,49.439998626708984,46.08000183105469,48.439998626708984,49292,0.0,0.0,0.0
2025-03-18 00:00:00+02:00,48.439998626708984,50.88999938964844,47.20000076293945,48.04999923706055,36727,0.0,0.0,0.0
2025-03-19 00:00:00+02:00,48.04999923706055,48.0,47.0,48.04999923706055,5823,0.0,0.0,0.0
2025-03-20 00:00:00+02:00,48.04999923706055,47.0,46.0,46.040000915527344,12736,0.0,0.0,0.0
2025-03-23 00:00:00+02:00,46.040000915527344,49.779998779296875,46.04999923706055,46.040000915527344,1298,0.0,0.0,0.0
2025-03-24 00:00:00+02:00,46.040000915527344,51.0,46.29999923706055,48.25,38013,0.0,0.0,0.0
2025-03-25 00:00:00+02:00,48.25,48.869998931884766,47.400001525878906,48.25,5188,0.0,0.0,0.0
2025-03-26 00:00:00+02:00,48.25,47.9900016784668,47.0,48.25,3524,0.0,0.0,0.0
2025-03-27 00:00:00+02:00,48.25,48.5,47.0099983215332,48.25,6235,0.0,0.0,0.0
2025-04-03 00:00:00+02:00,48.25,47.29999923706055,46.099998474121094,46.599998474121094,8509,0.0,0.0,0.0
2025-04-06 00:00:00+02:00,46.599998474121094,47.25,44.5,46.599998474121094,6211,0.0,0.0,0.0
2025-04-07 00:00:00+02:00,46.599998474121094,46.88999938964844,45.0,46.599998474121094,2162,0.0,0.0,0.0
2025-04-08 00:00:00+02:00,46.599998474121094,51.0,46.0,47.869998931884766,47815,0.0,0.0,0.0
2025-04-09 00:00:00+02:00,47.869998931884766,47.970001220703125,46.16999816894531,47.869998931884766,7135,0.0,0.0,0.0
2025-04-10 00:00:00+02:00,47.869998931884766,48.290000915527344,46.41999816894531,47.869998931884766,4433,0.0,0.0,0.0
2025-04-13 00:00:00+02:00,47.869998931884766,48.0,46.16999816894531,47.869998931884766,3731,0.0,0.0,0.0
2025-04-14 00:00:00+02:00,47.869998931884766,48.400001525878906,46.77000045776367,47.869998931884766,3344,0.0,0.0,0.0
2025-04-15 00:00:00+02:00,47.869998931884766,53.0,46.52000045776367,50.939998626708984,165042,0.0,0.0,0.0
2025-04-16 00:00:00+02:00,50.939998626708984,61.119998931884766,52.900001525878906,58.369998931884766,310217,0.0,0.0,0.0
2025-04-17 00:00:00+02:00,58.369998931884766,64.5,58.02000045776367,59.880001068115234,215370,0.0,0.0,0.0
2025-04-22 00:00:00+02:00,59.880001068115234,71.8499984741211,62.0,71.8499984741211,516574,0.0,0.0,0.0
2025-04-23 00:00:00+02:00,71.8499984741211,85.5,73.30000305175781,77.9800033569336,438783,0.0,0.0,0.0
2025-04-27 00:00:00+03:00,77.9800033569336,89.98999786376953,79.5199966430664,79.88999938964844,223236,0.0,0.0,0.0
2025-04-28 00:00:00+03:00,79.88999938964844,84.0,75.11000061035156,77.13999938964844,140259,0.0,0.0,0.0
2025-04-29 00:00:00+03:00,77.13999938964844,78.9800033569336,72.3499984741211,77.0,166676,0.0,0.0,0.0
2025-04-30 00:00:00+03:00,77.0,85.98999786376953,79.0,80.33000183105469,250792,0.0,0.0,0.0
2025-05-04 00:00:00+03:00,80.33000183105469,84.8499984741211,80.33000183105469,80.87999725341797,97388,0.0,0.0,0.0
2025-05-05 00:00:00+03:00,80.87999725341797,81.0199966430664,76.25,76.58000183105469,62351,0.0,0.0,0.0
2025-05-06 00:00:00+03:00,76.58000183105469,79.75,72.0999984741211,73.73999786376953,62394,0.0,0.0,0.0
2025-05-07 00:00:00+03:00,73.73999786376953,84.0,72.19999694824219,75.44000244140625,133682,0.0,0.0,0.0
2025-05-08 00:00:00+03:00,75.44000244140625,79.5,73.5,79.16000366210938,92577,0.0,0.0,0.0
2025-05-11 00:00:00+03:00,79.16000366210938,79.25,74.0,74.41000366210938,65128,0.0,0.0,0.0
2025-05-12 00:00:00+03:00,74.41000366210938,76.6500015258789,73.0,73.30999755859375,61060,0.0,0.0,0.0
2025-05-13 00:00:00+03:00,73.30999755859375,77.5,73.0,73.69000244140625,54046,0.0,0.0,0.0
2025-05-14 00:00:00+03:00,73.69000244140625,74.5,72.55999755859375,72.77999877929688,26494,0.0,0.0,0.0
2025-05-15 00:00:00+03:00,72.77999877929688,73.5,70.0,70.2699966430664,37410,0.0,0.0,0.0
2025-05-18 00:00:00+03:00,70.2699966430664,72.48999786376953,68.0199966430664,68.5199966430664,13957,0.0,0.0,0.0
2025-05-19 00:00:00+03:00,68.5199966430664,69.94999694824219,62.709999084472656,64.38999938964844,30515,0.0,0.0,0.0
2025-05-20 00:00:00+03:00,64.38999938964844,69.0,63.79999923706055,66.7699966430664,32374,0.0,0.0,0.0
2025-05-21 00:00:00+03:00,66.7699966430664,67.95999908447266,65.55000305175781,65.70999908447266,9974,0.0,0.0,0.0
2025-05-22 00:00:00+03:00,65.70999908447266,67.5,65.01000213623047,65.62000274658203,11369,0.0,0.0,0.0
2025-05-25 00:00:00+03:00,65.62000274658203,67.5,65.25,66.16999816894531,12481,0.0,0.0,0.0
2025-05-26 00:00:00+03:00,66.16999816894531,66.69999694824219,65.0,65.33000183105469,8245,0.0,0.0,0.0
2025-05-27 00:00:00+03:00,65.33000183105469,66.0,65.01000213623047,65.66000366210938,6207,0.0,0.0,0.0
2025-05-28 00:00:00+03:00,65.66000366210938,65.7699966430664,63.220001220703125,64.05999755859375,7016,0.0,0.0,0.0
2025-05-29 00:00:00+03:00,64.05999755859375,64.4800033569336,63.0099983215332,63.2400016784668,7489,0.0,0.0,0.0
2025-06-01 00:00:00+03:00,63.2400016784668,64.4000015258789,60.20000076293945,62.36000061035156,14855,0.0,0.0,0.0
2025-06-02 00:00:00+03:00,62.36000061035156,69.0,62.0,65.29000091552734,52103,0.0,0.0,0.0
2025-06-03 00:00:00+03:00,65.29000091552734,67.0,63.099998474121094,64.81999969482422,11395,0.0,0.0,0.0
2025-06-04 00:00:00+03:00,64.81999969482422,66.22000122070312,63.029998779296875,65.12999725341797,5924,0.0,0.0,0.0
2025-06-10 00:00:00+03:00,65.12999725341797,66.55000305175781,64.0199966430664,64.55999755859375,6734,0.0,0.0,0.0
2025-06-11 00:00:00+03:00,64.55999755859375,66.19999694824219,63.75,64.12000274658203,17943,0.0,0.0,0.0
2025-06-12 00:00:00+03:00,64.12000274658203,66.0,60.70000076293945,61.790000915527344,19003,0.0,0.0,0.0
2025-06-15 00:00:00+03:00,61.790000915527344,60.790000915527344,53.0099983215332,58.810001373291016,21339,0.0,0.0,0.0
2025-06-16 00:00:00+03:00,58.810001373291016,60.0,56.61000061035156,59.369998931884766,10633,0.0,0.0,0.0
2025-06-17 00:00:00+03:00,59.369998931884766,61.970001220703125,58.5,59.66999816894531,8006,0.0,0.0,0.0
2025-06-18 00:00:00+03:00,59.66999816894531,68.9800033569336,57.599998474121094,66.55000305175781,63278,0.0,0.0,0.0
2025-06-19 00:00:00+03:00,66.55000305175781,68.5,62.0,62.540000915527344,29410,0.0,0.0,0.0
2025-06-22 00:00:00+03:00,62.540000915527344,64.0,58.0,62.0099983215332,16575,0.0,0.0,0.0
2025-06-23 00:00:00+03:00,62.0099983215332,65.47000122070312,62.29999923706055,63.08000183105469,13947,0.0,0.0,0.0
2025-06-24 00:00:00+03:00,63.08000183105469,65.98999786376953,63.400001525878906,64.7699966430664,23867,0.0,0.0,0.0
2025-06-25 00:00:00+03:00,64.7699966430664,68.4000015258789,63.709999084472656,64.9000015258789,60861,0.0,0.0,0.0
2025-06-29 00:00:00+03:00,64.9000015258789,77.87999725341797,65.01000213623047,77.87999725341797,294861,0.0,0.0,0.0
2025-06-30 00:00:00+03:00,77.87999725341797,89.5,79.0999984741211,80.26000213623047,283594,0.0,0.0,0.0
2025-07-01 00:00:00+03:00,80.26000213623047,81.0,73.30999755859375,74.33999633789062,84732,0.0,0.0,0.0
2025-07-02 00:00:00+03:00,74.33999633789062,76.7699966430664,72.55000305175781,72.75,51268,0.0,0.0,0.0
2025-07-06 00:00:00+03:00,72.75,81.0999984741211,72.69999694824219,76.02999877929688,102521,0.0,0.0,0.0
2025-07-07 00:00:00+03:00,76.02999877929688,79.79000091552734,73.5,73.88999938964844,29517,0.0,0.0,0.0
2025-07-09 00:00:00+03:00,73.88999938964844,74.98999786376953,72.0,72.11000061035156,13612,0.0,0.0,0.0
2025-07-10 00:00:00+03:00,72.11000061035156,85.0,72.5,83.05999755859375,148442,0.0,0.0,0.0
2025-07-13 00:00:00+03:00,83.05999755859375,94.94999694824219,78.62000274658203,78.91999816894531,212338,0.0,0.0,0.0
2025-07-14 00:00:00+03:00,78.91999816894531,82.5,76.30000305175781,76.79000091552734,66231,0.0,0.0,0.0
2025-07-15 00:00:00+03:00,76.79000091552734,80.9800033569336,76.66000366210938,76.94000244140625,61576,0.0,0.0,0.0
2025-07-16 00:00:00+03:00,76.94000244140625,78.5,74.91999816894531,75.38999938964844,26514,0.0,0.0,0.0
2025-07-17 00:00:00+03:00,75.38999938964844,80.48999786376953,75.55999755859375,76.25,55183,0.0,0.0,0.0
2025-07-20 00:00:00+03:00,76.25,77.5,74.30000305175781,74.69000244140625,42002,0.0,0.0,0.0
2025-07-21 00:00:00+03:00,74.69000244140625,78.0,74.31999969482422,74.68000030517578,33234,0.0,0.0,0.0
2025-07-22 00:00:00+03:00,74.68000030517578,75.98999786376953,74.0199966430664,74.33999633789062,12733,0.0,0.0,0.0
2025-07-23 00:00:00+03:00,74.33999633789062,74.33999633789062,74.33999633789062,74.33999633789062,0,0.0,0.0,0.0
2025-07-27 00:00:00+03:00,74.20999908447266,74.80000305175781,73.19999694824219,73.80000305175781,10981,0.0,0.0,0.0
2025-07-28 00:00:00+03:00,73.80000305175781,74.69000244140625,71.30999755859375,72.31999969482422,17854,0.0,0.0,0.0
2025-07-29 00:00:00+03:00,72.31999969482422,77.0,71.37000274658203,73.37000274658203,56297,0.0,0.0,0.0
2025-07-30 00:00:00+03:00,73.37000274658203,75.5,71.0,71.87000274658203,12999,0.0,0.0,0.0
2025-07-31 00:00:00+03:00,71.87000274658203,76.47000122070312,73.19999694824219,73.55000305175781,25367,0.0,0.0,0.0
2025-08-03 00:00:00+03:00,73.55000305175781,73.55000305175781,73.55000305175781,73.55000305175781,0,0.0,0.0,0.0
2025-08-04 00:00:00+03:00,73.55000305175781,73.55000305175781,73.55000305175781,73.55000305175781,0,0.0,0.0,0.0
2025-08-05 00:00:00+03:00,73.55000305175781,73.55000305175781,73.55000305175781,73.55000305175781,0,0.0,0.0,0.0
2025-08-06 00:00:00+03:00,73.55000305175781,73.55000305175781,73.55000305175781,73.55000305175781,0,0.0,0.0,0.0
2025-08-07 00:00:00+03:00,73.55000305175781,73.55000305175781,73.55000305175781,73.55000305175781,0,0.0,0.0,0.0
2025-08-10 00:00:00+03:00,73.55999755859375,75.19000244140625,73.23999786376953,73.55999755859375,3358,0.0,0.0,0.0
2025-08-11 00:00:00+03:00,73.55999755859375,76.69999694824219,72.0999984741211,73.88999938964844,23889,0.0,0.0,0.0
2025-08-12 00:00:00+03:00,73.88999938964844,80.0,73.0,77.79000091552734,106798,0.0,0.0,0.0
2025-08-13 00:00:00+03:00,77.79000091552734,83.5,77.61000061035156,77.8499984741211,83471,0.0,0.0,0.0
2025-08-14 00:00:00+03:00,77.8499984741211,79.0,75.86000061035156,77.0199966430664,48227,0.0,0.0,0.0
2025-08-17 00:00:00+03:00,77.0199966430664,91.0,76.18000030517578,83.8499984741211,270579,0.0,0.0,0.0
2025-08-18 00:00:00+03:00,83.8499984741211,93.87999725341797,83.0,84.06999969482422,261739,0.0,0.0,0.0
2025-08-19 00:00:00+03:00,84.06999969482422,99.98999786376953,86.1500015258789,96.05000305175781,492133,0.0,0.0,0.0
2025-08-20 00:00:00+03:00,96.05000305175781,105.9000015258789,95.5,96.7699966430664,355806,0.0,0.0,0.0
2025-08-21 00:00:00+03:00,96.7699966430664,98.69999694824219,91.30000305175781,93.9000015258789,233061,0.0,0.0,0.0
2025-08-24 00:00:00+03:00,93.9000015258789,112.68000030517578,94.05000305175781,112.68000030517578,524872,0.0,0.0,0.0
2025-08-25 00:00:00+03:00,112.68000030517578,135.2100067138672,118.9000015258789,135.2100067138672,570176,0.0,0.0,0.0
2025-08-26 00:00:00+03:00,135.2100067138672,162.25,139.0,162.25,367039,0.0,0.0,0.0
2025-08-27 00:00:00+03:00,162.25,194.6999969482422,171.0,194.6999969482422,248940,0.0,0.0,0.0
2025-08-28 00:00:00+03:00,194.6999969482422,233.63999938964844,214.00999450683594,233.63999938964844,120239,0.0,0.0,0.0
2025-08-31 00:00:00+03:00,233.63999938964844,280.3599853515625,186.9199981689453,188.16000366210938,583303,0.0,0.0,0.0
2025-09-01 00:00:00+03:00,188.16000366210938,205.0,155.1999969482422,168.0,482821,0.0,0.0,0.0
2025-09-02 00:00:00+03:00,168.0,198.5,172.0,173.97999572753906,320935,0.0,0.0,0.0
2025-09-03 00:00:00+03:00,173.97999572753906,182.9499969482422,170.22000122070312,170.55999755859375,147584,0.0,0.0,0.0
2025-09-07 00:00:00+03:00,170.55999755859375,175.0,151.66000366210938,155.10000610351562,123087,0.0,0.0,0.0
2025-09-08 00:00:00+03:00,155.10000610351562,186.1199951171875,155.1199951171875,186.1199951171875,261022,0.0,0.0,0.0
2025-09-09 00:00:00+03:00,186.1199951171875,223.0,178.0,189.33999633789062,391832,0.0,0.0,0.0
2025-09-10 00:00:00+03:00,189.33999633789062,194.99000549316406,180.0,180.6300048828125,143892,0.0,0.0,0.0
2025-09-11 00:00:00+03:00,180.6300048828125,194.6999969482422,177.0,184.00999450683594,272331,0.0,0.0,0.0
2025-09-14 00:00:00+03:00,184.00999450683594,188.99000549316406,180.0,180.35000610351562,100924,0.0,0.0,0.0
2025-09-15 00:00:00+03:00,180.35000610351562,183.6999969482422,171.0,172.9499969482422,53739,0.0,0.0,0.0
2025-09-16 00:00:00+03:00,172.9499969482422,177.89999389648438,165.0,167.16000366210938,125519,0.0,0.0,0.0
2025-09-17 00:00:00+03:00,167.16000366210938,187.99000549316406,166.80999755859375,183.5,309150,0.0,0.0,0.0
2025-09-18 00:00:00+03:00,183.5,187.39999389648438,171.50999450683594,172.0500030517578,133594,0.0,0.0,0.0
2025-09-21 00:00:00+03:00,172.0500030517578,183.0,172.0800018310547,173.82000732421875,146455,0.0,0.0,0.0
2025-09-22 00:00:00+03:00,173.82000732421875,177.8300018310547,164.5,175.0399932861328,97448,0.0,0.0,0.0
2025-09-23 00:00:00+03:00,175.0399932861328,178.97999572753906,167.25999450683594,167.6999969482422,53940,0.0,0.0,0.0
2025-09-24 00:00:00+03:00,167.6999969482422,171.6999969482422,166.50999450683594,166.60000610351562,43238,0.0,0.0,0.0
2025-09-25 00:00:00+03:00,166.60000610351562,170.0,163.25,164.1699981689453,36538,0.0,0.0,0.0
2025-09-28 00:00:00+03:00,164.1699981689453,166.8000030517578,160.0,161.1300048828125,41700,0.0,0.0,0.0
2025-09-29 00:00:00+03:00,161.1300048828125,169.5,158.0,161.77999877929688,57352,0.0,0.0,0.0
2025-09-30 00:00:00+03:00,161.77999877929688,166.60000610351562,158.02000427246094,159.47000122070312,43544,0.0,0.0,0.0
2025-10-01 00:00:00+03:00,159.47000122070312,161.97999572753906,156.0,156.49000549316406,37365,0.0,0.0,0.0
2025-10-02 00:00:00+03:00,156.49000549316406,176.5,156.0,166.0,297845,0.0,0.0,0.0
2025-10-05 00:00:00+03:00,166.0,172.97000122070312,163.05999755859375,166.97999572753906,84587,0.0,0.0,0.0
2025-10-06 00:00:00+03:00,166.97999572753906,168.0,163.1199951171875,163.7100067138672,35597,0.0,0.0,0.0
2025-10-07 00:00:00+03:00,163.7100067138672,170.0,160.10000610351562,163.30999755859375,51130,0.0,0.0,0.0
2025-10-08 00:00:00+03:00,163.30999755859375,165.39999389648438,161.11000061035156,161.5,15788,0.0,0.0,0.0
2025-10-12 00:00:00+03:00,161.5,164.89999389648438,160.2100067138672,163.6699981689453,25514,0.0,0.0,0.0
2025-10-13 00:00:00+03:00,163.6699981689453,165.69000244140625,161.10000610351562,161.89999389648438,34152,0.0,0.0,0.0
2025-10-14 00:00:00+03:00,161.89999389648438,168.77000427246094,160.6199951171875,162.02999877929688,72765,0.0,0.0,0.0
2025-10-15 00:00:00+03:00,162.02999877929688,170.99000549316406,162.0,163.8000030517578,141318,0.0,0.0,0.0
2025-10-16 00:00:00+03:00,163.8000030517578,168.0,163.1999969482422,163.55999755859375,52517,0.0,0.0,0.0
2025-10-19 00:00:00+03:00,163.55999755859375,169.35000610351562,163.14999389648438,163.3000030517578,42803,0.0,0.0,0.0
2025-10-20 00:00:00+03:00,163.3000030517578,165.97999572753906,162.5,163.6300048828125,27632,0.0,0.0,0.0
2025-10-21 00:00:00+03:00,163.6300048828125,167.99000549316406,162.5,163.44000244140625,62003,0.0,0.0,0.0
2025-10-22 00:00:00+03:00,163.44000244140625,171.5,164.0,164.0,138534,0.0,0.0,0.0
2025-10-23 00:00:00+03:00,164.0,167.5,163.10000610351562,163.3000030517578,48528,0.0,0.0,0.0
2025-10-26 00:00:00+03:00,163.3000030517578,164.5,162.61000061035156,162.8000030517578,29517,0.0,0.0,0.0
2025-10-27 00:00:00+03:00,162.8000030517578,165.8000030517578,162.6199951171875,163.10000610351562,31223,0.0,0.0,0.0
2025-10-28 00:00:00+03:00,163.10000610351562,164.97999572753906,157.0,158.38999938964844,32797,0.0,0.0,0.0
2025-10-29 00:00:00+03:00,158.38999938964844,160.0,157.50999450683594,158.27999877929688,18185,0.0,0.0,0.0
2025-10-30 00:00:00+03:00,158.27999877929688,167.99000549316406,156.4199981689453,162.02000427246094,99719,0.0,0.0,0.0
2025-11-02 00:00:00+02:00,162.02000427246094,194.4199981689453,159.0,194.4199981689453,581546,0.0,0.0,0.0
2025-11-03 00:00:00+02:00,194.4199981689453,222.0,196.02999877929688,198.33999633789062,553082,0.0,0.0,0.0
2025-11-04 00:00:00+02:00,198.33999633789062,204.5,189.0,190.0,122090,0.0,0.0,0.0
2025-11-05 00:00:00+02:00,190.0,216.0,190.3000030517578,198.22000122070312,309299,0.0,0.0,0.0
2025-11-06 00:00:00+02:00,198.22000122070312,210.14999389648438,196.10000610351562,199.10000610351562,176913,0.0,0.0,0.0
2025-11-09 00:00:00+02:00,199.10000610351562,205.5,193.0,193.00999450683594,73355,0.0,0.0,0.0
2025-11-10 00:00:00+02:00,193.00999450683594,198.0,188.0399932861328,188.58999633789062,72696,0.0,0.0,0.0
2025-11-11 00:00:00+02:00,188.58999633789062,191.89999389648438,185.0,185.0,27030,0.0,0.0,0.0
2025-11-12 00:00:00+02:00,185.0,187.89999389648438,180.5500030517578,180.77000427246094,42051,0.0,0.0,0.0
2025-11-13 00:00:00+02:00,180.77000427246094,206.0,177.8000030517578,192.0,385617,0.0,0.0,0.0
2025-11-16 00:00:00+02:00,192.0,196.0,186.14999389648438,186.85000610351562,68174,0.0,0.0,0.0
2025-11-17 00:00:00+02:00,186.85000610351562,222.10000610351562,187.0,217.1999969482422,834927,0.0,0.0,0.0
2025-11-18 00:00:00+02:00,217.1999969482422,219.9499969482422,200.0,200.4499969482422,276271,0.0,0.0,0.0
2025-11-19 00:00:00+02:00,200.4499969482422,224.0,201.10000610351562,211.60000610351562,500642,0.0,0.0,0.0
2025-11-20 00:00:00+02:00,211.60000610351562,214.60000610351562,201.5,203.25999450683594,166911,0.0,0.0,0.0
2025-11-23 00:00:00+02:00,203.25999450683594,208.0,198.11000061035156,200.24000549316406,72578,0.0,0.0,0.0
2025-11-24 00:00:00+02:00,200.24000549316406,203.49000549316406,192.07000732421875,193.49000549316406,61237,0.0,0.0,0.0
2025-11-25 00:00:00+02:00,193.49000549316406,211.0,194.0,197.24000549316406,272156,0.0,0.0,0.0
2025-11-26 00:00:00+02:00,197.24000549316406,201.97999572753906,193.0,193.0,71103,0.0,0.0,0.0
2025-11-27 00:00:00+02:00,193.0,195.0,187.16000366210938,189.22000122070312,58642,0.0,0.0,0.0
2025-11-30 00:00:00+02:00,189.22000122070312,195.99000549316406,189.99000549316406,190.35000610351562,53031,0.0,0.0,0.0
2025-12-01 00:00:00+02:00,190.35000610351562,195.8800048828125,188.17999267578125,188.22999572753906,62160,0.0,0.0,0.0
2025-12-02 00:00:00+02:00,188.22999572753906,192.89999389648438,183.14999389648438,184.24000549316406,33541,0.0,0.0,0.0
2025-12-03 00:00:00+02:00,184.24000549316406,198.0,183.00999450683594,186.57000732421875,66337,0.0,0.0,0.0
2025-12-04 00:00:00+02:00,186.57000732421875,192.8000030517578,185.0,185.10000610351562,29496,0.0,0.0,0.0
2025-12-07 00:00:00+02:00,185.10000610351562,189.0,184.27000427246094,185.1699981689453,15646,0.0,0.0,0.0
2025-12-08 00:00:00+02:00,185.1699981689453,188.9499969482422,184.75,185.0,41211,0.0,0.0,0.0
2025-12-09 00:00:00+02:00,185.0,195.0,185.0,186.0500030517578,94354,0.0,0.0,0.0
2025-12-10 00:00:00+02:00,186.0500030517578,192.88999938964844,186.0,186.50999450683594,57462,0.0,0.0,0.0
2025-12-11 00:00:00+02:00,186.50999450683594,189.5500030517578,185.5,185.91000366210938,31786,0.0,0.0,0.0
2025-12-14 00:00:00+02:00,185.91000366210938,187.39999389648438,181.0,183.5,21587,0.0,0.0,0.0
2025-12-15 00:00:00+02:00,183.5,185.4499969482422,183.0,183.4199981689453,11212,0.0,0.0,0.0
2025-12-16 00:00:00+02:00,183.4199981689453,187.0,181.0,181.25999450683594,26692,0.0,0.0,0.0
2025-12-17 00:00:00+02:00,181.25999450683594,194.99000549316406,180.5,186.55999755859375,196432,0.0,0.0,0.0
2025-12-18 00:00:00+02:00,186.55999755859375,192.9600067138672,182.00999450683594,182.25999450683594,76010,0.0,0.0,0.0
2025-12-21 00:00:00+02:00,182.25999450683594,187.5,181.0,182.0,24797,0.0,0.0,0.0
2025-12-22 00:00:00+02:00,182.0,188.0,182.16000366210938,183.67999267578125,39965,0.0,0.0,0.0
2025-12-23 00:00:00+02:00,183.67999267578125,186.99000549316406,182.50999450683594,183.99000549316406,17994,0.0,0.0,0.0
2025-12-24 00:00:00+02:00,183.99000549316406,188.0,184.0,184.88999938964844,36448,0.0,0.0,0.0
2025-12-25 00:00:00+02:00,184.88999938964844,197.77000427246094,184.5,188.05999755859375,305019,0.0,0.0,0.0
2025-12-28 00:00:00+02:00,188.05999755859375,194.0,184.0,185.4600067138672,43570,0.0,0.0,0.0
2025-12-29 00:00:00+02:00,185.4600067138672,189.0,185.2100067138672,186.05999755859375,26700,0.0,0.0,0.0
2025-12-30 00:00:00+02:00,186.05999755859375,193.0,185.0,186.25999450683594,29363,0.0,0.0,0.0
2025-12-31 00:00:00+02:00,186.25999450683594,189.5,183.10000610351562,183.3800048828125,29192,0.0,0.0,0.0
2026-01-04 00:00:00+02:00,183.3800048828125,188.0,182.0,182.83999633789062,12152,0.0,0.0,0.0
2026-01-05 00:00:00+02:00,182.83999633789062,185.0,173.0,175.32000732421875,48509,0.0,0.0,0.0
2026-01-06 00:00:00+02:00,175.32000732421875,182.0,175.5,177.6300048828125,24844,0.0,0.0,0.0
2026-01-08 00:00:00+02:00,177.6300048828125,180.5,176.0,176.24000549316406,16124,0.0,0.0,0.0
2026-01-11 00:00:00+02:00,176.24000549316406,177.60000610351562,174.07000732421875,175.00999450683594,12378,0.0,0.0,0.0
2026-01-12 00:00:00+02:00,175.00999450683594,177.58999633789062,174.0,174.3000030517578,14569,0.0,0.0,0.0
2026-01-13 00:00:00+02:00,174.3000030517578,176.77000427246094,168.0,169.30999755859375,13089,0.0,0.0,0.0
2026-01-14 00:00:00+02:00,169.30999755859375,169.8000030517578,162.0,163.2899932861328,11505,0.0,0.0,0.0
2026-01-15 00:00:00+02:00,163.2899932861328,175.5,163.5,163.86000061035156,18520,0.0,0.0,0.0
2026-01-18 00:00:00+02:00,163.86000061035156,169.99000549316406,164.0,165.7899932861328,7755,0.0,0.0,0.0
2026-01-19 00:00:00+02:00,165.7899932861328,168.97999572753906,165.1199951171875,166.88999938964844,6389,0.0,0.0,0.0
2026-01-20 00:00:00+02:00,166.88999938964844,169.94000244140625,165.39999389648438,165.75,7175,0.0,0.0,0.0
2026-01-21 00:00:00+02:00,165.75,167.8800048828125,164.0,165.72000122070312,13459,0.0,0.0,0.0
2026-01-22 00:00:00+02:00,165.72000122070312,184.5,165.6999969482422,176.83999633789062,146020,0.0,0.0,0.0
2026-01-25 00:00:00+02:00,176.83999633789062,179.0,172.0,172.00999450683594,22046,0.0,0.0,0.0
2026-01-26 00:00:00+02:00,172.00999450683594,174.75,166.5,167.36000061035156,14398,0.0,0.0,0.0
2026-01-27 00:00:00+02:00,167.36000061035156,168.89999389648438,164.1300048828125,165.2899932861328,8692,0.0,0.0,0.0
2026-01-28 00:00:00+02:00,165.2899932861328,167.99000549316406,159.0,160.25,31131,0.0,0.0,0.0
2026-02-01 00:00:00+02:00,160.25,166.9600067138672,160.52000427246094,161.8699951171875,9221,0.0,0.0,0.0
2026-02-02 00:00:00+02:00,161.8699951171875,174.0,161.2100067138672,168.7100067138672,36564,0.0,0.0,0.0
2026-02-03 00:00:00+02:00,168.7100067138672,179.99000549316406,169.0,169.6699981689453,89117,0.0,0.0,0.0
2026-02-04 00:00:00+02:00,169.6699981689453,178.9600067138672,170.16000366210938,172.89999389648438,39623,0.0,0.0,0.0
