Date,Open,High,Low,Close,Volume,Dividends,Stock Splits,Capital Gains
2021-01-03 00:00:00+02:00,11.228017807006836,11.141709327697754,10.874935150146484,10.976937294006348,511761,0.0,0.0,0.0
2021-01-04 00:00:00+02:00,10.976937294006348,10.961243629455566,10.757241249084473,10.83570384979248,376817,0.0,0.0,0.0
2021-01-05 00:00:00+02:00,10.83570384979248,10.969091415405273,10.79647159576416,10.874935150146484,97299,0.0,0.0,0.0
2021-01-06 00:00:00+02:00,10.874935150146484,11.03970718383789,10.718009948730469,10.83570384979248,418193,0.0,0.0,0.0
2021-01-10 00:00:00+02:00,10.83570384979248,11.055399894714355,10.788625717163086,10.914167404174805,600558,0.0,0.0,0.0
2021-01-11 00:00:00+02:00,10.914167404174805,11.26724910736084,10.906319618225098,11.086785316467285,1456924,0.0,0.0,0.0
2021-01-12 00:00:00+02:00,11.086785316467285,11.157401084899902,10.4512357711792,10.757241249084473,1534520,0.0,0.0,0.0
2021-01-13 00:00:00+02:00,10.757241249084473,10.86708927154541,10.52185344696045,10.686624526977539,480035,0.0,0.0,0.0
2021-01-14 00:00:00+02:00,10.686624526977539,10.843549728393555,10.631701469421387,10.749395370483398,424210,0.0,0.0,0.0
2021-01-17 00:00:00+02:00,10.749395370483398,10.83570384979248,10.647393226623535,10.710163116455078,339297,0.0,0.0,0.0
2021-01-18 00:00:00+02:00,10.710163116455078,10.976937294006348,10.592469215393066,10.725855827331543,645942,0.0,0.0,0.0
2021-01-19 00:00:00+02:00,10.725855827331543,10.741548538208008,10.506159782409668,10.616007804870605,409799,0.0,0.0,0.0
2021-01-20 00:00:00+02:00,10.616007804870605,10.906319618225098,10.616007804870605,10.733701705932617,557572,0.0,0.0,0.0
2021-01-21 00:00:00+02:00,10.733701705932617,10.953397750854492,10.718009948730469,10.83570384979248,499642,0.0,0.0,0.0
2021-01-24 00:00:00+02:00,10.83570384979248,10.906319618225098,10.749395370483398,10.820011138916016,471825,0.0,0.0,0.0
2021-01-25 00:00:00+02:00,10.820011138916016,10.820011138916016,10.820011138916016,10.820011138916016,0,0.0,0.0,0.0
2021-01-26 00:00:00+02:00,10.733701705932617,10.859243392944336,10.678777694702148,10.741548538208008,559014,0.0,0.0,0.0
2021-01-27 00:00:00+02:00,10.741548538208008,10.788625717163086,10.631701469421387,10.710163116455078,455222,0.0,0.0,0.0
2021-01-31 00:00:00+02:00,10.710163116455078,10.710163116455078,10.529699325561523,10.62385368347168,206232,0.0,0.0,0.0
2021-02-01 00:00:00+02:00,10.62385368347168,10.749395370483398,10.537545204162598,10.655240058898926,114625,0.0,0.0,0.0
2021-02-02 00:00:00+02:00,10.655240058898926,11.173093795776367,10.670931816101074,11.016167640686035,994524,0.0,0.0,0.0
2021-02-03 00:00:00+02:00,11.016167640686035,11.26724910736084,11.024014472961426,11.133861541748047,453798,0.0,0.0,0.0
2021-02-04 00:00:00+02:00,11.133861541748047,11.259403228759766,11.06324577331543,11.118169784545898,497053,0.0,0.0,0.0
2021-02-07 00:00:00+02:00,11.118169784545898,11.455558776855469,11.118169784545898,11.306480407714844,657308,0.0,0.0,0.0
2021-02-08 00:00:00+02:00,11.306480407714844,11.455558776855469,11.071091651916504,11.23586368560791,394640,0.0,0.0,0.0
2021-02-09 00:00:00+02:00,11.23586368560791,11.220170974731445,11.06324577331543,11.118169784545898,159331,0.0,0.0,0.0
2021-02-10 00:00:00+02:00,11.118169784545898,11.220170974731445,10.827857971191406,11.024014472961426,371055,0.0,0.0,0.0
2021-02-11 00:00:00+02:00,11.024014472961426,11.196632385253906,10.906319618225098,10.992629051208496,146116,0.0,0.0,0.0
2021-02-14 00:00:00+02:00,10.992629051208496,11.102477073669434,10.600316047668457,10.812165260314941,466440,0.0,0.0,0.0
2021-02-15 00:00:00+02:00,10.812165260314941,10.804319381713867,10.537545204162598,10.631701469421387,342059,0.0,0.0,0.0
2021-02-16 00:00:00+02:00,10.631701469421387,10.772933959960938,10.631701469421387,10.710163116455078,215447,0.0,0.0,0.0
2021-02-17 00:00:00+02:00,10.710163116455078,10.788625717163086,10.514006614685059,10.545392036437988,330434,0.0,0.0,0.0
2021-02-18 00:00:00+02:00,10.545392036437988,10.741548538208008,10.514006614685059,10.616007804870605,255217,0.0,0.0,0.0
2021-02-21 00:00:00+02:00,10.616007804870605,10.670931816101074,10.514006614685059,10.576777458190918,102458,0.0,0.0,0.0
2021-02-22 00:00:00+02:00,10.576777458190918,10.592469215393066,10.4512357711792,10.52185344696045,246077,0.0,0.0,0.0
2021-02-23 00:00:00+02:00,10.52185344696045,10.592469215393066,10.357081413269043,10.4512357711792,448704,0.0,0.0,0.0
2021-02-24 00:00:00+02:00,10.4512357711792,10.506159782409668,10.28646469116211,10.372774124145508,343031,0.0,0.0,0.0
2021-02-25 00:00:00+02:00,10.372774124145508,10.553237915039062,10.396312713623047,10.482622146606445,197405,0.0,0.0,0.0
2021-02-28 00:00:00+02:00,10.482622146606445,10.49046802520752,9.88630485534668,10.310003280639648,162652,0.0,0.0,0.0
2021-03-01 00:00:00+02:00,10.310003280639648,10.427698135375977,9.88630485534668,10.247233390808105,240078,0.0,0.0,0.0
2021-03-02 00:00:00+02:00,10.247233390808105,10.474775314331055,9.972614288330078,10.23154067993164,1077948,0.0,0.0,0.0
2021-03-03 00:00:00+02:00,10.23154067993164,10.388465881347656,9.729378700256348,9.949074745178223,166326,0.0,0.0,0.0
2021-03-04 00:00:00+02:00,9.949074745178223,9.949074745178223,9.949074745178223,9.949074745178223,0,0.0,0.0,0.0
2021-03-07 00:00:00+02:00,10.003998756408691,10.349234580993652,9.901996612548828,10.035384178161621,328547,0.0,0.0,0.0
2021-03-08 00:00:00+02:00,10.035384178161621,10.200156211853027,9.729378700256348,9.956920623779297,466537,0.0,0.0,0.0
2021-03-09 00:00:00+02:00,9.956920623779297,10.239386558532715,9.925536155700684,10.121692657470703,781916,0.0,0.0,0.0
2021-03-10 00:00:00+02:00,10.121692657470703,10.200156211853027,9.925536155700684,10.003998756408691,449275,0.0,0.0,0.0
2021-03-11 00:00:00+02:00,10.003998756408691,10.003998756408691,9.88630485534668,9.933382034301758,167743,0.0,0.0,0.0
2021-03-14 00:00:00+02:00,9.933382034301758,10.105999946594238,9.84707260131836,9.933382034301758,153145,0.0,0.0,0.0
2021-03-15 00:00:00+02:00,9.933382034301758,10.003998756408691,9.807842254638672,9.91769027709961,317498,0.0,0.0,0.0
2021-03-16 00:00:00+02:00,9.91769027709961,9.988306045532227,9.729378700256348,9.854920387268066,313841,0.0,0.0,0.0
2021-03-17 00:00:00+02:00,9.854920387268066,10.145232200622559,9.752918243408203,9.86276626586914,462359,0.0,0.0,0.0
2021-03-18 00:00:00+02:00,9.86276626586914,10.121692657470703,9.84707260131836,9.980460166931152,116233,0.0,0.0,0.0
2021-03-21 00:00:00+02:00,9.980460166931152,10.121692657470703,9.45475959777832,9.88630485534668,314581,0.0,0.0,0.0
2021-03-22 00:00:00+02:00,9.88630485534668,9.894150733947754,8.90552043914795,9.564606666564941,425896,0.0,0.0,0.0
2021-03-23 00:00:00+02:00,9.564606666564941,9.572454452514648,8.787825584411621,9.07813835144043,680842,0.0,0.0,0.0
2021-03-24 00:00:00+02:00,9.07813835144043,9.595993041992188,9.203679084777832,9.45475959777832,259959,0.0,0.0,0.0
2021-03-25 00:00:00+02:00,9.45475959777832,9.745072364807129,8.866289138793945,9.352758407592773,324155,0.0,0.0,0.0
2021-03-28 00:00:00+02:00,9.352758407592773,9.635224342346191,9.117369651794434,9.21937084197998,390958,0.0,0.0,0.0
2021-03-29 00:00:00+02:00,9.21937084197998,9.337065696716309,9.101676940917969,9.195833206176758,88147,0.0,0.0,0.0
2021-03-30 00:00:00+02:00,9.195833206176758,9.415528297424316,9.07813835144043,9.297834396362305,301592,0.0,0.0,0.0
2021-03-31 00:00:00+02:00,9.297834396362305,9.337065696716309,8.976137161254883,9.156600952148438,143965,0.0,0.0,0.0
2021-04-01 00:00:00+02:00,9.156600952148438,9.572454452514648,9.08598518371582,9.423375129699707,352654,0.0,0.0,0.0
2021-04-04 00:00:00+02:00,9.423375129699707,9.595993041992188,9.156600952148438,9.31352710723877,173402,0.0,0.0,0.0
2021-04-05 00:00:00+02:00,9.31352710723877,9.407682418823242,8.630901336669922,9.07813835144043,327922,0.0,0.0,0.0
2021-04-06 00:00:00+02:00,9.07813835144043,9.2586030960083,8.87413501739502,9.133062362670898,323993,0.0,0.0,0.0
2021-04-07 00:00:00+02:00,9.133062362670898,9.211524963378906,9.062445640563965,9.140909194946289,36363,0.0,0.0,0.0
2021-04-08 00:00:00+02:00,9.140909194946289,9.407682418823242,9.070292472839355,9.235063552856445,170698,0.0,0.0,0.0
2021-04-11 00:00:00+02:00,9.235063552856445,9.776456832885742,9.48614501953125,9.595993041992188,299690,0.0,0.0,0.0
2021-04-12 00:00:00+02:00,9.595993041992188,9.933382034301758,9.431221008300781,9.7136869430542,309098,0.0,0.0,0.0
2021-04-13 00:00:00+02:00,9.7136869430542,9.745072364807129,9.493990898132324,9.595993041992188,51332,0.0,0.0,0.0
2021-04-14 00:00:00+02:00,9.595993041992188,9.48614501953125,9.10952377319336,9.344911575317383,215752,0.0,0.0,0.0
2021-04-15 00:00:00+02:00,9.344911575317383,9.65876293182373,9.2586030960083,9.47829818725586,48969,0.0,0.0,0.0
2021-04-18 00:00:00+02:00,9.47829818725586,9.580300331115723,9.28214168548584,9.44691276550293,205800,0.0,0.0,0.0
2021-04-19 00:00:00+02:00,9.44691276550293,9.493990898132324,9.195833206176758,9.407682418823242,44607,0.0,0.0,0.0
2021-04-20 00:00:00+02:00,9.407682418823242,9.643070220947266,9.321372985839844,9.556760787963867,184908,0.0,0.0,0.0
2021-04-21 00:00:00+02:00,9.556760787963867,9.572454452514648,9.415528297424316,9.415528297424316,11534,0.0,0.0,0.0
2021-04-22 00:00:00+02:00,9.415528297424316,9.493990898132324,9.384142875671387,9.423375129699707,100141,0.0,0.0,0.0
2021-04-25 00:00:00+02:00,9.423375129699707,9.572454452514648,9.305680274963379,9.493990898132324,111343,0.0,0.0,0.0
2021-04-26 00:00:00+02:00,9.493990898132324,9.493990898132324,9.117369651794434,9.250757217407227,16848,0.0,0.0,0.0
2021-04-27 00:00:00+02:00,9.250757217407227,9.752918243408203,9.344911575317383,9.61953067779541,263844,0.0,0.0,0.0
2021-04-28 00:00:00+02:00,9.61953067779541,9.572454452514648,9.415528297424316,9.45475959777832,92517,0.0,0.0,0.0
2021-05-04 00:00:00+02:00,9.45475959777832,9.84707260131836,9.65876293182373,9.760764122009277,378931,0.0,0.0,0.0
2021-05-05 00:00:00+02:00,9.760764122009277,9.784302711486816,9.595993041992188,9.682302474975586,33716,0.0,0.0,0.0
2021-05-06 00:00:00+02:00,9.682302474975586,9.807842254638672,9.541069030761719,9.682302474975586,320233,0.0,0.0,0.0
2021-05-09 00:00:00+02:00,9.682302474975586,9.643070220947266,9.493990898132324,9.564606666564941,174095,0.0,0.0,0.0
2021-05-10 00:00:00+02:00,9.564606666564941,9.572454452514648,9.337065696716309,9.462606430053711,247506,0.0,0.0,0.0
2021-05-11 00:00:00+02:00,9.462606430053711,9.996152877807617,9.493990898132324,9.784302711486816,521782,0.0,0.0,0.0
2021-05-17 00:00:00+02:00,9.784302711486816,10.043230056762695,9.729378700256348,9.839226722717285,217806,0.0,0.0,0.0
2021-05-18 00:00:00+02:00,9.839226722717285,9.870612144470215,9.61953067779541,9.666608810424805,197538,0.0,0.0,0.0
2021-05-19 00:00:00+02:00,9.666608810424805,9.768610954284668,9.588146209716797,9.61953067779541,135585,0.0,0.0,0.0
2021-05-20 00:00:00+02:00,9.61953067779541,9.682302474975586,9.525376319885254,9.580300331115723,357090,0.0,0.0,0.0
2021-05-23 00:00:00+02:00,9.580300331115723,9.611684799194336,9.493990898132324,9.548914909362793,67314,0.0,0.0,0.0
2021-05-24 00:00:00+02:00,9.548914909362793,9.572454452514648,9.337065696716309,9.431221008300781,130547,0.0,0.0,0.0
2021-05-25 00:00:00+02:00,9.431221008300781,9.462606430053711,9.2586030960083,9.344911575317383,44019,0.0,0.0,0.0
2021-05-26 00:00:00+02:00,9.344911575317383,9.807842254638672,9.2586030960083,9.595993041992188,770136,0.0,0.0,0.0
2021-05-27 00:00:00+02:00,9.595993041992188,9.964767456054688,9.611684799194336,9.823534965515137,1041101,0.0,0.0,0.0
2021-05-30 00:00:00+02:00,9.823534965515137,9.799996376037598,9.462606430053711,9.61953067779541,373685,0.0,0.0,0.0
2021-05-31 00:00:00+02:00,9.61953067779541,10.278617858886719,9.533222198486328,9.941228866577148,1185137,0.0,0.0,0.0
2021-06-01 00:00:00+02:00,9.941228866577148,10.592469215393066,9.91769027709961,10.302157402038574,2289917,0.0,0.0,0.0
2021-06-02 00:00:00+02:00,10.302157402038574,10.670931816101074,10.121692657470703,10.364927291870117,1143772,0.0,0.0,0.0
2021-06-03 00:00:00+02:00,10.364927291870117,10.396312713623047,10.043230056762695,10.215847969055176,919811,0.0,0.0,0.0
2021-06-06 00:00:00+02:00,10.215847969055176,10.474775314331055,10.043230056762695,10.247233390808105,372583,0.0,0.0,0.0
2021-06-07 00:00:00+02:00,10.247233390808105,10.6630859375,10.176616668701172,10.474775314331055,940555,0.0,0.0,0.0
2021-06-08 00:00:00+02:00,10.474775314331055,10.961243629455566,10.23154067993164,10.592469215393066,773609,0.0,0.0,0.0
2021-06-09 00:00:00+02:00,10.592469215393066,10.827857971191406,10.52185344696045,10.710163116455078,361221,0.0,0.0,0.0
2021-06-10 00:00:00+02:00,10.710163116455078,10.89062786102295,10.52185344696045,10.69447135925293,410843,0.0,0.0,0.0
2021-06-13 00:00:00+02:00,10.69447135925293,10.89062786102295,10.592469215393066,10.79647159576416,235335,0.0,0.0,0.0
2021-06-14 00:00:00+02:00,10.79647159576416,10.804319381713867,10.514006614685059,10.616007804870605,844783,0.0,0.0,0.0
2021-06-15 00:00:00+02:00,10.616007804870605,10.733701705932617,10.270771980285645,10.49046802520752,707412,0.0,0.0,0.0
2021-06-16 00:00:00+02:00,10.49046802520752,10.576777458190918,10.357081413269043,10.482622146606445,257057,0.0,0.0,0.0
2021-06-17 00:00:00+02:00,10.482622146606445,10.710163116455078,10.317850112915039,10.561083793640137,264644,0.0,0.0,0.0
2021-06-20 00:00:00+02:00,10.561083793640137,10.584623336791992,10.278617858886719,10.357081413269043,718793,0.0,0.0,0.0
2021-06-21 00:00:00+02:00,10.357081413269043,10.670931816101074,9.894150733947754,10.23154067993164,1140605,0.0,0.0,0.0
2021-06-22 00:00:00+02:00,10.23154067993164,10.749395370483398,10.498313903808594,10.62385368347168,434074,0.0,0.0,0.0
2021-06-23 00:00:00+02:00,10.62385368347168,10.976937294006348,10.600316047668457,10.79647159576416,510281,0.0,0.0,0.0
2021-06-24 00:00:00+02:00,10.79647159576416,10.984783172607422,10.561083793640137,10.780779838562012,646880,0.0,0.0,0.0
2021-06-27 00:00:00+02:00,10.780779838562012,10.851395606994629,10.537545204162598,10.725855827331543,82227,0.0,0.0,0.0
2021-06-28 00:00:00+02:00,10.725855827331543,10.765087127685547,10.357081413269043,10.545392036437988,357986,0.0,0.0,0.0
2021-06-29 00:00:00+02:00,10.545392036437988,10.46692943572998,10.184462547302246,10.22369384765625,173957,0.0,0.0,0.0
2021-06-30 00:00:00+02:00,10.22369384765625,10.474775314331055,10.184462547302246,10.333541870117188,73346,0.0,0.0,0.0
2021-07-04 00:00:00+02:00,10.333541870117188,10.396312713623047,10.200156211853027,10.333541870117188,12482,0.0,0.0,0.0
2021-07-05 00:00:00+02:00,10.333541870117188,10.4512357711792,10.200156211853027,10.278617858886719,129276,0.0,0.0,0.0
2021-07-06 00:00:00+02:00,10.278617858886719,10.247233390808105,10.05107593536377,10.160923957824707,268179,0.0,0.0,0.0
2021-07-07 00:00:00+02:00,10.160923957824707,10.317850112915039,10.105999946594238,10.184462547302246,65283,0.0,0.0,0.0
2021-07-08 00:00:00+02:00,10.184462547302246,10.200156211853027,9.964767456054688,10.074614524841309,93501,0.0,0.0,0.0
2021-07-11 00:00:00+02:00,10.074614524841309,10.317850112915039,9.682302474975586,10.145232200622559,201985,0.0,0.0,0.0
2021-07-12 00:00:00+02:00,10.145232200622559,10.319418907165527,9.519099235534668,10.018121719360352,45454,0.0,1.2,0.0
2021-07-13 00:00:00+02:00,10.018121719360352,10.347665786743164,9.980460166931152,10.234679222106934,48936,0.0,0.0,0.0
2021-07-14 00:00:00+02:00,10.234679222106934,10.357081413269043,10.027538299560547,10.215847969055176,105700,0.0,0.0,0.0
2021-07-15 00:00:00+02:00,10.215847969055176,10.26292610168457,9.88630485534668,9.961628913879395,283168,0.0,0.0,0.0
2021-07-18 00:00:00+02:00,9.961628913879395,10.065199851989746,9.415528297424316,9.62267017364502,535195,0.0,0.0,0.0
2021-07-25 00:00:00+02:00,9.62267017364502,9.829812049865723,9.509683609008789,9.603838920593262,318060,0.0,0.0,0.0
2021-07-26 00:00:00+02:00,9.603838920593262,9.745072364807129,9.509683609008789,9.613253593444824,156981,0.0,0.0,0.0
2021-07-27 00:00:00+02:00,9.613253593444824,9.77331829071045,9.509683609008789,9.594423294067383,319356,0.0,0.0,0.0
2021-07-28 00:00:00+02:00,9.594423294067383,9.8768892288208,9.53792953491211,9.660331726074219,290764,0.0,0.0,0.0
2021-07-29 00:00:00+02:00,9.660331726074219,9.820396423339844,9.556760787963867,9.594423294067383,121704,0.0,0.0,0.0
2021-08-01 00:00:00+02:00,9.594423294067383,9.8768892288208,9.613253593444824,9.735655784606934,363829,0.0,0.0,0.0
2021-08-02 00:00:00+02:00,9.735655784606934,10.498313903808594,9.79214859008789,10.178186416625977,1734297,0.0,0.0,0.0
2021-08-03 00:00:00+02:00,10.178186416625977,10.733701705932617,10.215847969055176,10.517145156860352,1128126,0.0,0.0,0.0
2021-08-04 00:00:00+02:00,10.517145156860352,10.969091415405273,10.404158592224121,10.771364212036133,1544114,0.0,0.0,0.0
2021-08-05 00:00:00+02:00,10.771364212036133,11.05383014678955,10.592469215393066,10.79019546508789,535036,0.0,0.0,0.0
2021-08-08 00:00:00+02:00,10.79019546508789,10.79019546508789,10.79019546508789,10.79019546508789,0,0.0,0.0,0.0
2021-08-09 00:00:00+02:00,10.79019546508789,10.79019546508789,10.79019546508789,10.79019546508789,0,0.0,0.0,0.0
2021-08-10 00:00:00+02:00,11.364542961120605,12.033044815063477,11.298633575439453,11.684671401977539,1820376,0.0,0.0,0.0
2021-08-11 00:00:00+02:00,11.684671401977539,11.675254821777344,11.119738578796387,11.317464828491211,878872,0.0,0.0,0.0
2021-08-15 00:00:00+02:00,11.317464828491211,11.552852630615234,10.9502592086792,11.138569831848145,335364,0.0,0.0,0.0
2021-08-16 00:00:00+02:00,11.138569831848145,11.345711708068848,10.837272644042969,11.157401084899902,446108,0.0,0.0,0.0
2021-08-17 00:00:00+02:00,11.157401084899902,11.392788887023926,10.94084358215332,11.17623233795166,1219295,0.0,0.0,0.0
2021-08-18 00:00:00+02:00,11.17623233795166,11.392788887023926,10.969091415405273,11.17623233795166,742415,0.0,0.0,0.0
2021-08-19 00:00:00+02:00,11.17623233795166,11.157401084899902,10.733701705932617,10.922013282775879,411367,0.0,0.0,0.0
2021-08-22 00:00:00+02:00,10.922013282775879,11.260972023010254,10.874935150146484,11.082077026367188,343479,0.0,0.0,0.0
2021-08-23 00:00:00+02:00,11.082077026367188,11.383374214172363,11.034998893737793,11.232725143432617,487753,0.0,0.0,0.0
2021-08-24 00:00:00+02:00,11.232725143432617,11.43986701965332,10.827857971191406,10.978506088256836,793924,0.0,0.0,0.0
2021-08-25 00:00:00+02:00,10.978506088256836,11.195062637329102,10.884350776672363,11.016167640686035,426217,0.0,0.0,0.0
2021-08-26 00:00:00+02:00,11.016167640686035,11.298633575439453,10.809026718139648,11.09149169921875,658949,0.0,0.0,0.0
2021-08-29 00:00:00+02:00,11.09149169921875,11.157401084899902,10.922013282775879,11.02558422088623,310803,0.0,0.0,0.0
2021-08-30 00:00:00+02:00,11.02558422088623,11.242140769958496,10.752532958984375,10.931427955627441,471010,0.0,0.0,0.0
2021-08-31 00:00:00+02:00,10.931427955627441,10.997337341308594,10.733701705932617,10.809026718139648,209396,0.0,0.0,0.0
2021-09-01 00:00:00+02:00,10.809026718139648,11.110322952270508,10.79019546508789,10.931427955627441,121589,0.0,0.0,0.0
2021-09-02 00:00:00+02:00,10.931427955627441,11.110322952270508,10.79019546508789,10.884350776672363,367562,0.0,0.0,0.0
2021-09-05 00:00:00+02:00,10.884350776672363,11.100908279418945,10.611300468444824,10.630130767822266,195410,0.0,0.0,0.0
2021-09-06 00:00:00+02:00,10.630130767822266,10.639547348022461,9.88630485534668,10.441821098327637,341069,0.0,0.0,0.0
2021-09-07 00:00:00+02:00,10.441821098327637,10.592469215393066,9.980460166931152,10.357081413269043,184274,0.0,0.0,0.0
2021-09-08 00:00:00+02:00,10.357081413269043,10.404158592224121,10.074614524841309,10.281757354736328,85848,0.0,0.0,0.0
2021-09-09 00:00:00+02:00,10.281757354736328,10.545392036437988,10.027538299560547,10.055784225463867,97260,0.0,0.0,0.0
2021-09-12 00:00:00+02:00,10.055784225463867,10.357081413269043,9.980460166931152,10.29117202758789,197671,0.0,0.0,0.0
2021-09-13 00:00:00+02:00,10.29117202758789,10.404158592224121,10.14993953704834,10.187602043151855,136896,0.0,0.0,0.0
2021-09-14 00:00:00+02:00,10.187602043151855,10.357081413269043,10.187602043151855,10.272340774536133,106376,0.0,0.0,0.0
2021-09-15 00:00:00+02:00,10.272340774536133,10.357081413269043,10.065199851989746,10.197016716003418,119516,0.0,0.0,0.0
2021-09-16 00:00:00+02:00,10.197016716003418,10.26292610168457,10.03695297241211,10.065199851989746,34028,0.0,0.0,0.0
2021-09-19 00:00:00+02:00,10.065199851989746,10.112277030944824,9.62267017364502,9.829812049865723,105813,0.0,0.0,0.0
2021-09-20 00:00:00+02:00,9.829812049865723,9.79214859008789,9.321372985839844,9.406112670898438,426034,0.0,0.0,0.0
2021-09-21 00:00:00+02:00,9.406112670898438,9.406112670898438,8.568131446838379,9.180139541625977,418722,0.0,0.0,0.0
2021-09-22 00:00:00+02:00,9.180139541625977,9.594423294067383,9.104816436767578,9.264880180358887,92644,0.0,0.0,0.0
2021-09-23 00:00:00+02:00,9.264880180358887,9.91455078125,9.302541732788086,9.76390266418457,273695,0.0,0.0,0.0
2021-09-26 00:00:00+02:00,9.76390266418457,9.980460166931152,9.603838920593262,9.65091609954834,213921,0.0,0.0,0.0
2021-09-27 00:00:00+02:00,9.65091609954834,9.669748306274414,9.227217674255371,9.283711433410645,201817,0.0,0.0,0.0
2021-09-28 00:00:00+02:00,9.283711433410645,9.283711433410645,9.283711433410645,9.283711433410645,0,0.0,0.0,0.0
2021-09-29 00:00:00+02:00,9.283711433410645,9.283711433410645,9.283711433410645,9.283711433410645,0,0.0,0.0,0.0
2021-09-30 00:00:00+02:00,9.12364673614502,9.321372985839844,9.133062362670898,9.12364673614502,17133,0.0,0.0,0.0
2021-10-03 00:00:00+02:00,9.12364673614502,9.321372985839844,9.11423110961914,9.12364673614502,34060,0.0,0.0,0.0
2021-10-04 00:00:00+02:00,9.12364673614502,9.12364673614502,9.12364673614502,9.12364673614502,0,0.0,0.0,0.0
2021-10-05 00:00:00+02:00,8.944751739501953,9.08598518371582,8.944751739501953,8.954167366027832,84365,0.0,0.0,0.0
2021-10-06 00:00:00+02:00,8.954167366027832,9.067153930664062,8.775272369384766,8.86001205444336,141606,0.0,0.0,0.0
2021-10-10 00:00:00+02:00,8.86001205444336,9.11423110961914,8.850597381591797,8.869427680969238,50514,0.0,0.0,0.0
2021-10-11 00:00:00+02:00,8.869427680969238,9.359034538269043,8.944751739501953,9.170724868774414,279706,0.0,0.0,0.0
2021-10-12 00:00:00+02:00,9.170724868774414,9.321372985839844,9.095399856567383,9.12364673614502,71060,0.0,0.0,0.0
2021-10-13 00:00:00+02:00,9.12364673614502,9.133062362670898,8.812933921813965,8.888258934020996,277637,0.0,0.0,0.0
2021-10-14 00:00:00+02:00,8.888258934020996,9.08598518371582,8.784687995910645,8.944751739501953,288776,0.0,0.0,0.0
2021-10-17 00:00:00+02:00,8.944751739501953,9.11423110961914,8.841180801391602,9.010661125183105,38967,0.0,0.0,0.0
2021-10-18 00:00:00+02:00,9.010661125183105,9.010661125183105,9.010661125183105,9.010661125183105,0,0.0,0.0,0.0
2021-10-19 00:00:00+02:00,9.133062362670898,9.142477989196777,8.69994831085205,8.756441116333008,136463,0.0,0.0,0.0
2021-10-20 00:00:00+02:00,8.756441116333008,8.878843307495117,8.483390808105469,8.624624252319336,190621,0.0,0.0,0.0
2021-10-24 00:00:00+02:00,8.624624252319336,8.841180801391602,8.577546119689941,8.605792999267578,115416,0.0,0.0,0.0
2021-10-25 00:00:00+02:00,8.605792999267578,8.756441116333008,8.426898002624512,8.577546119689941,113688,0.0,0.0,0.0
2021-10-26 00:00:00+02:00,8.577546119689941,8.728195190429688,8.398651123046875,8.549300193786621,303632,0.0,0.0,0.0
2021-10-27 00:00:00+02:00,8.549300193786621,8.61520767211914,8.379819869995117,8.492806434631348,239975,0.0,0.0,0.0
2021-10-28 00:00:00+02:00,8.492806434631348,8.662285804748535,8.47397518157959,8.624624252319336,163118,0.0,0.0,0.0
2021-10-31 00:00:00+02:00,8.624624252319336,8.662285804748535,8.521053314208984,8.652870178222656,49358,0.0,0.0,0.0
2021-11-01 00:00:00+02:00,8.652870178222656,8.888258934020996,8.662285804748535,8.794102668762207,65264,0.0,0.0,0.0
2021-11-02 00:00:00+02:00,8.794102668762207,8.925921440124512,8.681117057800293,8.831765174865723,69407,0.0,0.0,0.0
2021-11-03 00:00:00+02:00,8.831765174865723,8.850597381591797,8.47397518157959,8.61520767211914,166194,0.0,0.0,0.0
2021-11-04 00:00:00+02:00,8.61520767211914,8.70936393737793,8.47397518157959,8.643454551696777,52882,0.0,0.0,0.0
2021-11-07 00:00:00+02:00,8.643454551696777,8.643454551696777,8.643454551696777,8.643454551696777,0,0.0,0.0,0.0
2021-11-08 00:00:00+02:00,8.643454551696777,8.643454551696777,8.643454551696777,8.643454551696777,0,0.0,0.0,0.0
2021-11-09 00:00:00+02:00,8.643454551696777,8.643454551696777,8.643454551696777,8.643454551696777,0,0.0,0.0,0.0
2021-11-10 00:00:00+02:00,8.549300193786621,8.61520767211914,8.351573944091797,8.47397518157959,172889,0.0,0.0,0.0
2021-11-11 00:00:00+02:00,8.47397518157959,8.784687995910645,8.47397518157959,8.671701431274414,273117,0.0,0.0,0.0
2021-11-14 00:00:00+02:00,8.671701431274414,8.73760986328125,8.539883613586426,8.61520767211914,119140,0.0,0.0,0.0
2021-11-15 00:00:00+02:00,8.61520767211914,8.652870178222656,8.47397518157959,8.483390808105469,163229,0.0,0.0,0.0
2021-11-16 00:00:00+02:00,8.483390808105469,8.568131446838379,8.389236450195312,8.502222061157227,105019,0.0,0.0,0.0
2021-11-17 00:00:00+02:00,8.502222061157227,8.511637687683105,8.379819869995117,8.47397518157959,85215,0.0,0.0,0.0
2021-11-18 00:00:00+02:00,8.47397518157959,8.47397518157959,8.47397518157959,8.47397518157959,0,0.0,0.0,0.0
2021-11-21 00:00:00+02:00,8.332741737365723,8.47397518157959,8.210341453552246,8.332741737365723,49559,0.0,0.0,0.0
2021-11-22 00:00:00+02:00,8.332741737365723,8.332741737365723,8.332741737365723,8.332741737365723,0,0.0,0.0,0.0
2021-11-23 00:00:00+02:00,8.332741737365723,8.332741737365723,8.332741737365723,8.332741737365723,0,0.0,0.0,0.0
2021-11-24 00:00:00+02:00,8.332741737365723,8.332741737365723,8.332741737365723,8.332741737365723,0,0.0,0.0,0.0
2021-11-25 00:00:00+02:00,8.492806434631348,8.61520767211914,8.47397518157959,8.502222061157227,44420,0.0,0.0,0.0
2021-11-28 00:00:00+02:00,8.502222061157227,8.502222061157227,8.502222061157227,8.502222061157227,0,0.0,0.0,0.0
2021-11-29 00:00:00+02:00,8.47397518157959,8.58696174621582,8.417482376098633,8.549300193786621,147918,0.0,0.0,0.0
2021-11-30 00:00:00+02:00,8.549300193786621,8.671701431274414,8.47397518157959,8.58696174621582,143506,0.0,0.0,0.0
2021-12-01 00:00:00+02:00,8.58696174621582,8.58696174621582,8.58696174621582,8.58696174621582,0,0.0,0.0,0.0
2021-12-02 00:00:00+02:00,8.61520767211914,8.70936393737793,8.568131446838379,8.568131446838379,62391,0.0,0.0,0.0
2021-12-05 00:00:00+02:00,8.568131446838379,8.70936393737793,8.521053314208984,8.568131446838379,31940,0.0,0.0,0.0
2021-12-06 00:00:00+02:00,8.568131446838379,8.935336112976074,8.521053314208984,8.61520767211914,162042,0.0,0.0,0.0
2021-12-07 00:00:00+02:00,8.61520767211914,9.133062362670898,8.634038925170898,8.822349548339844,315349,0.0,0.0,0.0
2021-12-08 00:00:00+02:00,8.822349548339844,8.822349548339844,8.61520767211914,8.681117057800293,69366,0.0,0.0,0.0
2021-12-09 00:00:00+02:00,8.681117057800293,8.681117057800293,8.47397518157959,8.549300193786621,122732,0.0,0.0,0.0
2021-12-12 00:00:00+02:00,8.549300193786621,8.756441116333008,8.530468940734863,8.624624252319336,184383,0.0,0.0,0.0
2021-12-13 00:00:00+02:00,8.624624252319336,8.850597381591797,8.634038925170898,8.662285804748535,121174,0.0,0.0,0.0
2021-12-14 00:00:00+02:00,8.662285804748535,8.662285804748535,8.662285804748535,8.662285804748535,0,0.0,0.0,0.0
2021-12-15 00:00:00+02:00,8.58696174621582,8.718778610229492,8.539883613586426,8.568131446838379,39805,0.0,0.0,0.0
2021-12-16 00:00:00+02:00,8.568131446838379,8.690532684326172,8.558714866638184,8.568131446838379,53263,0.0,0.0,0.0
2021-12-19 00:00:00+02:00,8.568131446838379,8.605792999267578,8.47397518157959,8.492806434631348,78979,0.0,0.0,0.0
2021-12-20 00:00:00+02:00,8.492806434631348,8.5963773727417,8.426898002624512,8.464559555053711,49281,0.0,0.0,0.0
2021-12-21 00:00:00+02:00,8.464559555053711,8.521053314208984,8.351573944091797,8.398651123046875,78197,0.0,0.0,0.0
2021-12-22 00:00:00+02:00,8.398651123046875,8.47397518157959,8.379819869995117,8.408066749572754,98189,0.0,0.0,0.0
2021-12-23 00:00:00+02:00,8.408066749572754,8.61520767211914,8.379819869995117,8.492806434631348,141984,0.0,0.0,0.0
2021-12-26 00:00:00+02:00,8.492806434631348,8.61520767211914,8.436312675476074,8.464559555053711,112046,0.0,0.0,0.0
2021-12-27 00:00:00+02:00,8.464559555053711,8.558714866638184,8.389236450195312,8.408066749572754,58437,0.0,0.0,0.0
2021-12-28 00:00:00+02:00,8.408066749572754,8.530468940734863,8.398651123046875,8.483390808105469,72840,0.0,0.0,0.0
2021-12-29 00:00:00+02:00,8.483390808105469,8.61520767211914,8.483390808105469,8.511637687683105,92384,0.0,0.0,0.0
2021-12-30 00:00:00+02:00,8.511637687683105,8.577546119689941,8.417482376098633,8.558714866638184,178440,0.0,0.0,0.0
2022-01-02 00:00:00+02:00,8.558714866638184,8.577546119689941,8.483390808105469,8.492806434631348,40598,0.0,0.0,0.0
2022-01-03 00:00:00+02:00,8.492806434631348,8.5963773727417,8.47397518157959,8.558714866638184,65130,0.0,0.0,0.0
2022-01-04 00:00:00+02:00,8.558714866638184,8.681117057800293,8.521053314208984,8.652870178222656,180340,0.0,0.0,0.0
2022-01-05 00:00:00+02:00,8.652870178222656,8.775272369384766,8.662285804748535,8.69994831085205,167930,0.0,0.0,0.0
2022-01-09 00:00:00+02:00,8.69994831085205,8.69994831085205,8.69994831085205,8.69994831085205,0,0.0,0.0,0.0
2022-01-10 00:00:00+02:00,8.784687995910645,8.850597381591797,8.577546119689941,8.812933921813965,121977,0.0,0.0,0.0
2022-01-11 00:00:00+02:00,8.812933921813965,8.822349548339844,8.634038925170898,8.756441116333008,269189,0.0,0.0,0.0
2022-01-12 00:00:00+02:00,8.756441116333008,8.850597381591797,8.69994831085205,8.70936393737793,234377,0.0,0.0,0.0
2022-01-13 00:00:00+02:00,8.70936393737793,8.803519248962402,8.58696174621582,8.765856742858887,256870,0.0,0.0,0.0
2022-01-16 00:00:00+02:00,8.765856742858887,8.728195190429688,8.662285804748535,8.765856742858887,29477,0.0,0.0,0.0
2022-01-17 00:00:00+02:00,8.765856742858887,8.794102668762207,8.662285804748535,8.70936393737793,118651,0.0,0.0,0.0
2022-01-18 00:00:00+02:00,8.70936393737793,8.775272369384766,8.671701431274414,8.747026443481445,160383,0.0,0.0,0.0
2022-01-19 00:00:00+02:00,8.747026443481445,8.888258934020996,8.634038925170898,8.822349548339844,133501,0.0,0.0,0.0
2022-01-20 00:00:00+02:00,8.822349548339844,9.227217674255371,8.775272369384766,9.038907051086426,527489,0.0,0.0,0.0
2022-01-23 00:00:00+02:00,9.038907051086426,9.08598518371582,8.850597381591797,8.878843307495117,155733,0.0,0.0,0.0
2022-01-24 00:00:00+02:00,8.878843307495117,9.038907051086426,8.662285804748535,8.756441116333008,365909,0.0,0.0,0.0
2022-01-25 00:00:00+02:00,8.756441116333008,8.841180801391602,8.70936393737793,8.756441116333008,105430,0.0,0.0,0.0
2022-01-26 00:00:00+02:00,8.756441116333008,8.822349548339844,8.681117057800293,8.70936393737793,56716,0.0,0.0,0.0
2022-01-30 00:00:00+02:00,8.70936393737793,8.803519248962402,8.558714866638184,8.577546119689941,178208,0.0,0.0,0.0
2022-01-31 00:00:00+02:00,8.577546119689941,8.643454551696777,8.521053314208984,8.5963773727417,72720,0.0,0.0,0.0
2022-02-01 00:00:00+02:00,8.5963773727417,8.662285804748535,8.530468940734863,8.652870178222656,112721,0.0,0.0,0.0
2022-02-02 00:00:00+02:00,8.652870178222656,8.831765174865723,8.690532684326172,8.812933921813965,160276,0.0,0.0,0.0
2022-02-03 00:00:00+02:00,8.812933921813965,8.794102668762207,8.61520767211914,8.662285804748535,132737,0.0,0.0,0.0
2022-02-06 00:00:00+02:00,8.662285804748535,8.69994831085205,8.47397518157959,8.643454551696777,326492,0.0,0.0,0.0
2022-02-07 00:00:00+02:00,8.643454551696777,8.671701431274414,8.539883613586426,8.577546119689941,120820,0.0,0.0,0.0
2022-02-08 00:00:00+02:00,8.577546119689941,8.634038925170898,8.47397518157959,8.502222061157227,130129,0.0,0.0,0.0
2022-02-09 00:00:00+02:00,8.502222061157227,8.634038925170898,8.47397518157959,8.558714866638184,291984,0.0,0.0,0.0
2022-02-10 00:00:00+02:00,8.558714866638184,8.61520767211914,8.502222061157227,8.511637687683105,107499,0.0,0.0,0.0
2022-02-13 00:00:00+02:00,8.511637687683105,8.492806434631348,8.389236450195312,8.44572925567627,202373,0.0,0.0,0.0
2022-02-14 00:00:00+02:00,8.44572925567627,8.47397518157959,8.379819869995117,8.379819869995117,91083,0.0,0.0,0.0
2022-02-15 00:00:00+02:00,8.379819869995117,8.47397518157959,8.36098861694336,8.370405197143555,49570,0.0,0.0,0.0
2022-02-16 00:00:00+02:00,8.370405197143555,8.379819869995117,8.285664558410645,8.370405197143555,35471,0.0,0.0,0.0
2022-02-17 00:00:00+02:00,8.370405197143555,8.379819869995117,8.313911437988281,8.370405197143555,19600,0.0,0.0,0.0
2022-02-20 00:00:00+02:00,8.370405197143555,8.464559555053711,8.304495811462402,8.370405197143555,6287,0.0,0.0,0.0
2022-02-21 00:00:00+02:00,8.370405197143555,8.417482376098633,8.285664558410645,8.342158317565918,48736,0.0,0.0,0.0
2022-02-22 00:00:00+02:00,8.342158317565918,8.379819869995117,8.219756126403809,8.304495811462402,81508,0.0,0.0,0.0
2022-02-23 00:00:00+02:00,8.304495811462402,8.47397518157959,8.285664558410645,8.436312675476074,52274,0.0,0.0,0.0
2022-02-24 00:00:00+02:00,8.436312675476074,8.370405197143555,7.53242301940918,7.53242301940918,150990,0.0,0.0,0.0
2022-02-27 00:00:00+02:00,7.53242301940918,7.861966133117676,7.673655033111572,7.833718776702881,56883,0.0,0.0,0.0
2022-02-28 00:00:00+02:00,7.833718776702881,7.767810821533203,7.5606689453125,7.6077470779418945,47675,0.0,0.0,0.0
2022-03-01 00:00:00+02:00,7.6077470779418945,7.843134880065918,7.673655033111572,7.6077470779418945,15198,0.0,0.0,0.0
2022-03-02 00:00:00+02:00,7.6077470779418945,7.814888000488281,7.626577854156494,7.692486763000488,137460,0.0,0.0,0.0
2022-03-03 00:00:00+02:00,7.692486763000488,7.993782997131348,7.739563941955566,7.8902130126953125,89075,0.0,0.0,0.0
2022-03-06 00:00:00+02:00,7.8902130126953125,7.95612096786499,7.814888000488281,7.843134880065918,53762,0.0,0.0,0.0
2022-03-07 00:00:00+02:00,7.843134880065918,7.814888000488281,7.626577854156494,7.683071136474609,61032,0.0,0.0,0.0
2022-03-08 00:00:00+02:00,7.683071136474609,7.683071136474609,7.683071136474609,7.683071136474609,0,0.0,0.0,0.0
2022-03-09 00:00:00+02:00,7.551253795623779,7.720733165740967,7.551253795623779,7.635993003845215,60007,0.0,0.0,0.0
2022-03-10 00:00:00+02:00,7.635993003845215,7.8054728507995605,7.5135908126831055,7.645409107208252,153707,0.0,0.0,0.0
2022-03-13 00:00:00+02:00,7.645409107208252,7.720733165740967,7.53242301940918,7.53242301940918,100272,0.0,0.0,0.0
2022-03-14 00:00:00+02:00,7.53242301940918,7.53242301940918,7.53242301940918,7.53242301940918,12505,0.0,0.0,0.0
2022-03-15 00:00:00+02:00,7.53242301940918,7.53242301940918,7.353527069091797,7.475928783416748,112175,0.0,0.0,0.0
2022-03-16 00:00:00+02:00,7.475928783416748,7.711318016052246,7.438267230987549,7.53242301940918,57829,0.0,0.0,0.0
2022-03-17 00:00:00+02:00,7.53242301940918,7.579500198364258,7.53242301940918,7.53242301940918,17311,0.0,0.0,0.0
2022-03-20 00:00:00+02:00,7.53242301940918,7.701901912689209,7.5606689453125,7.570085048675537,65577,0.0,0.0,0.0
2022-03-21 00:00:00+02:00,7.570085048675537,8.144432067871094,7.683071136474609,7.984367847442627,228007,0.0,0.0,0.0
2022-03-22 00:00:00+02:00,7.984367847442627,8.238587379455566,7.880796909332275,7.899628162384033,108425,0.0,0.0,0.0
2022-03-23 00:00:00+02:00,7.899628162384033,7.95612096786499,7.814888000488281,7.899628162384033,21241,0.0,0.0,0.0
2022-03-24 00:00:00+02:00,7.899628162384033,7.993782997131348,7.701901912689209,7.824304103851318,59083,0.0,0.0,0.0
2022-03-27 00:00:00+02:00,7.824304103851318,7.758395195007324,7.588915824890137,7.645409107208252,150920,0.0,0.0,0.0
2022-03-28 00:00:00+02:00,7.645409107208252,7.6548237800598145,7.551253795623779,7.5606689453125,50696,0.0,0.0,0.0
2022-03-29 00:00:00+02:00,7.5606689453125,7.626577854156494,7.5418381690979,7.5606689453125,34380,0.0,0.0,0.0
2022-03-30 00:00:00+02:00,7.5606689453125,7.701901912689209,7.5606689453125,7.5606689453125,28081,0.0,0.0,0.0
2022-03-31 00:00:00+02:00,7.5606689453125,7.635993003845215,7.588915824890137,7.5606689453125,18735,0.0,0.0,0.0
2022-04-03 00:00:00+02:00,7.5606689453125,7.673655033111572,7.570085048675537,7.5606689453125,9314,0.0,0.0,0.0
2022-04-04 00:00:00+02:00,7.5606689453125,7.720733165740967,7.53242301940918,7.701901912689209,66707,0.0,0.0,0.0
2022-04-05 00:00:00+02:00,7.701901912689209,7.626577854156494,7.53242301940918,7.6077470779418945,104167,0.0,0.0,0.0
2022-04-06 00:00:00+02:00,7.6077470779418945,7.635993003845215,7.579500198364258,7.6077470779418945,16952,0.0,0.0,0.0
2022-04-07 00:00:00+02:00,7.6077470779418945,7.635993003845215,7.53242301940918,7.617162227630615,100803,0.0,0.0,0.0
2022-04-10 00:00:00+02:00,7.617162227630615,7.767810821533203,7.447682857513428,7.720733165740967,171918,0.0,0.0,0.0
2022-04-11 00:00:00+02:00,7.720733165740967,7.767810821533203,7.400605201721191,7.494760036468506,74663,0.0,0.0,0.0
2022-04-12 00:00:00+02:00,7.494760036468506,7.626577854156494,7.41002082824707,7.494760036468506,24930,0.0,0.0,0.0
2022-04-13 00:00:00+02:00,7.494760036468506,7.53242301940918,7.428852081298828,7.494760036468506,14777,0.0,0.0,0.0
2022-04-14 00:00:00+02:00,7.494760036468506,7.4665141105651855,7.391190052032471,7.494760036468506,37533,0.0,0.0,0.0
2022-04-17 00:00:00+02:00,7.494760036468506,7.438267230987549,7.202878952026367,7.212295055389404,76491,0.0,0.0,0.0
2022-04-18 00:00:00+02:00,7.212295055389404,7.249957084655762,6.967491149902344,7.089892864227295,88107,0.0,0.0,0.0
2022-04-19 00:00:00+02:00,7.089892864227295,7.249957084655762,6.873334884643555,6.920413017272949,118020,0.0,0.0,0.0
2022-04-20 00:00:00+02:00,6.920413017272949,7.41002082824707,6.816842079162598,7.231125831604004,389803,0.0,0.0,0.0
2022-04-21 00:00:00+02:00,7.231125831604004,7.391190052032471,7.221710205078125,7.249957084655762,53371,0.0,0.0,0.0
2022-04-26 00:00:00+02:00,7.249957084655762,7.438267230987549,7.19346284866333,7.212295055389404,70767,0.0,0.0,0.0
2022-04-27 00:00:00+02:00,7.212295055389404,7.391190052032471,7.080477237701416,7.344111919403076,103780,0.0,0.0,0.0
2022-04-28 00:00:00+02:00,7.344111919403076,7.701901912689209,7.184048175811768,7.5418381690979,159903,0.0,0.0,0.0
2022-05-08 00:00:00+02:00,7.5418381690979,7.579500198364258,7.362943172454834,7.5418381690979,80673,0.0,0.0,0.0
2022-05-09 00:00:00+02:00,7.5418381690979,7.720733165740967,7.344111919403076,7.5418381690979,51907,0.0,0.0,0.0
2022-05-10 00:00:00+02:00,7.5418381690979,7.5418381690979,7.344111919403076,7.5418381690979,47817,0.0,0.0,0.0
2022-05-11 00:00:00+02:00,7.5418381690979,7.5418381690979,7.362943172454834,7.5418381690979,47379,0.0,0.0,0.0
2022-05-12 00:00:00+02:00,7.5418381690979,7.438267230987549,7.362943172454834,7.5418381690979,18587,0.0,0.0,0.0
2022-05-15 00:00:00+02:00,7.5418381690979,7.5418381690979,7.325281143188477,7.391190052032471,67979,0.0,0.0,0.0
2022-05-16 00:00:00+02:00,7.391190052032471,7.909043788909912,7.344111919403076,7.777225971221924,191804,0.0,0.0,0.0
2022-05-17 00:00:00+02:00,7.777225971221924,7.9467058181762695,7.6548237800598145,7.786642074584961,199037,0.0,0.0,0.0
2022-05-18 00:00:00+02:00,7.786642074584961,7.95612096786499,7.786642074584961,7.909043788909912,352214,0.0,0.0,0.0
2022-05-19 00:00:00+02:00,7.909043788909912,8.050276756286621,7.673655033111572,7.993782997131348,185814,0.0,0.0,0.0
2022-05-22 00:00:00+02:00,7.993782997131348,8.003198623657227,7.730148792266846,7.852550029754639,86421,0.0,0.0,0.0
2022-05-23 00:00:00+02:00,7.852550029754639,7.8902130126953125,7.692486763000488,7.730148792266846,39726,0.0,0.0,0.0
2022-05-24 00:00:00+02:00,7.730148792266846,7.8054728507995605,7.683071136474609,7.720733165740967,69037,0.0,0.0,0.0
2022-05-25 00:00:00+02:00,7.720733165740967,7.683071136474609,7.485344886779785,7.5418381690979,202922,0.0,0.0,0.0
2022-05-26 00:00:00+02:00,7.5418381690979,7.6548237800598145,7.240540981292725,7.5418381690979,13792,0.0,0.0,0.0
2022-05-29 00:00:00+02:00,7.5418381690979,7.438267230987549,7.297033786773682,7.5418381690979,2761,0.0,0.0,0.0
2022-05-30 00:00:00+02:00,7.5418381690979,7.53242301940918,7.381773948669434,7.41002082824707,51050,0.0,0.0,0.0
2022-05-31 00:00:00+02:00,7.41002082824707,7.344111919403076,7.3158650398254395,7.41002082824707,10620,0.0,0.0,0.0
2022-06-01 00:00:00+02:00,7.41002082824707,7.428852081298828,7.108724117279053,7.1746320724487305,74474,0.0,0.0,0.0
2022-06-02 00:00:00+02:00,7.1746320724487305,7.297033786773682,7.061645984649658,7.1746320724487305,35695,0.0,0.0,0.0
2022-06-05 00:00:00+02:00,7.1746320724487305,7.1746320724487305,7.1746320724487305,7.1746320724487305,0,0.0,0.0,0.0
2022-06-06 00:00:00+02:00,7.344111919403076,7.344111919403076,7.231125831604004,7.344111919403076,10071,0.0,0.0,0.0
2022-06-07 00:00:00+02:00,7.344111919403076,7.4665141105651855,7.268787860870361,7.428852081298828,81886,0.0,0.0,0.0
2022-06-08 00:00:00+02:00,7.428852081298828,7.579500198364258,7.523006916046143,7.53242301940918,62763,0.0,0.0,0.0
2022-06-09 00:00:00+02:00,7.53242301940918,7.626577854156494,7.4665141105651855,7.53242301940918,13844,0.0,0.0,0.0
2022-06-12 00:00:00+02:00,7.53242301940918,7.53242301940918,7.53242301940918,7.53242301940918,0,0.0,0.0,0.0
2022-06-13 00:00:00+02:00,7.53242301940918,7.720733165740967,7.089892864227295,7.711318016052246,103675,0.0,0.0,0.0
2022-06-14 00:00:00+02:00,7.711318016052246,7.767810821533203,7.53242301940918,7.720733165740967,43873,0.0,0.0,0.0
2022-06-15 00:00:00+02:00,7.720733165740967,7.814888000488281,7.53242301940918,7.720733165740967,33455,0.0,0.0,0.0
2022-06-16 00:00:00+02:00,7.720733165740967,7.720733165740967,7.720733165740967,7.720733165740967,0,0.0,0.0,0.0
2022-06-19 00:00:00+02:00,7.720733165740967,7.5418381690979,7.457098007202148,7.720733165740967,8715,0.0,0.0,0.0
2022-06-20 00:00:00+02:00,7.720733165740967,7.457098007202148,7.297033786773682,7.720733165740967,36821,0.0,0.0,0.0
2022-06-21 00:00:00+02:00,7.720733165740967,7.53242301940918,7.475928783416748,7.720733165740967,10833,0.0,0.0,0.0
2022-06-22 00:00:00+02:00,7.720733165740967,7.362943172454834,7.362943172454834,7.720733165740967,4301,0.0,0.0,0.0
2022-06-23 00:00:00+02:00,7.720733165740967,7.344111919403076,7.249957084655762,7.720733165740967,18055,0.0,0.0,0.0
2022-06-26 00:00:00+02:00,7.720733165740967,7.391190052032471,7.155800819396973,7.720733165740967,28882,0.0,0.0,0.0
2022-06-27 00:00:00+02:00,7.720733165740967,7.249957084655762,7.202878952026367,7.720733165740967,13652,0.0,0.0,0.0
2022-06-28 00:00:00+02:00,7.720733165740967,7.344111919403076,7.1746320724487305,7.720733165740967,20632,0.0,0.0,0.0
2022-06-29 00:00:00+02:00,7.720733165740967,7.53242301940918,7.297033786773682,7.720733165740967,40645,0.0,0.0,0.0
2022-07-03 00:00:00+02:00,7.720733165740967,7.231125831604004,7.108724117279053,7.720733165740967,34346,0.0,0.0,0.0
2022-07-04 00:00:00+02:00,7.720733165740967,7.53242301940918,6.929829120635986,7.16521692276001,120050,0.0,0.0,0.0
2022-07-05 00:00:00+02:00,7.16521692276001,7.344111919403076,7.108724117279053,7.16521692276001,15931,0.0,0.0,0.0
2022-07-06 00:00:00+02:00,7.16521692276001,7.249957084655762,7.16521692276001,7.16521692276001,5416,0.0,0.0,0.0
2022-07-07 00:00:00+02:00,7.16521692276001,7.344111919403076,7.155800819396973,7.16521692276001,9755,0.0,0.0,0.0
2022-07-17 00:00:00+02:00,7.16521692276001,7.240540981292725,6.920413017272949,7.16521692276001,6251,0.0,0.0,0.0
2022-07-18 00:00:00+02:00,7.16521692276001,7.372358798980713,7.184048175811768,7.16521692276001,8675,0.0,0.0,0.0
2022-07-19 00:00:00+02:00,7.16521692276001,7.372358798980713,7.108724117279053,7.16521692276001,27298,0.0,0.0,0.0
2022-07-20 00:00:00+02:00,7.16521692276001,7.372358798980713,7.268787860870361,7.16521692276001,1441,0.0,0.0,0.0
2022-07-21 00:00:00+02:00,7.16521692276001,7.5135908126831055,7.344111919403076,7.16521692276001,28410,0.0,0.0,0.0
2022-07-24 00:00:00+02:00,7.16521692276001,7.5135908126831055,7.1746320724487305,7.16521692276001,5315,0.0,0.0,0.0
2022-07-25 00:00:00+02:00,7.16521692276001,7.362943172454834,7.306449890136719,7.16521692276001,13375,0.0,0.0,0.0
2022-07-26 00:00:00+02:00,7.16521692276001,7.626577854156494,7.221710205078125,7.485344886779785,44031,0.0,0.0,0.0
2022-07-27 00:00:00+02:00,7.485344886779785,7.447682857513428,7.438267230987549,7.485344886779785,4128,0.0,0.0,0.0
2022-07-28 00:00:00+02:00,7.485344886779785,7.391190052032471,7.362943172454834,7.485344886779785,4016,0.0,0.0,0.0
2022-07-31 00:00:00+02:00,7.485344886779785,7.53242301940918,7.344111919403076,7.485344886779785,5054,0.0,0.0,0.0
2022-08-01 00:00:00+02:00,7.485344886779785,7.701901912689209,7.278203010559082,7.485344886779785,31623,0.0,0.0,0.0
2022-08-02 00:00:00+02:00,7.485344886779785,7.626577854156494,7.353527069091797,7.570085048675537,41187,0.0,0.0,0.0
2022-08-03 00:00:00+02:00,7.570085048675537,7.598330974578857,7.475928783416748,7.570085048675537,13645,0.0,0.0,0.0
2022-08-04 00:00:00+02:00,7.570085048675537,7.626577854156494,7.391190052032471,7.570085048675537,25670,0.0,0.0,0.0
2022-08-07 00:00:00+02:00,7.570085048675537,7.664239883422852,7.53242301940918,7.579500198364258,62273,0.0,0.0,0.0
2022-08-08 00:00:00+02:00,7.579500198364258,7.720733165740967,7.626577854156494,7.6548237800598145,81709,0.0,0.0,0.0
2022-08-09 00:00:00+02:00,7.6548237800598145,8.0973539352417,7.579500198364258,7.852550029754639,433884,0.0,0.0,0.0
2022-08-10 00:00:00+02:00,7.852550029754639,8.0973539352417,7.824304103851318,7.824304103851318,66275,0.0,0.0,0.0
2022-08-11 00:00:00+02:00,7.824304103851318,7.95612096786499,7.683071136474609,7.730148792266846,45189,0.0,0.0,0.0
2022-08-14 00:00:00+02:00,7.730148792266846,8.304495811462402,7.739563941955566,8.229171752929688,280361,0.0,0.0,0.0
2022-08-15 00:00:00+02:00,8.229171752929688,8.47397518157959,8.003198623657227,8.03144645690918,228098,0.0,0.0,0.0
2022-08-16 00:00:00+02:00,8.03144645690918,8.417482376098633,8.003198623657227,8.078522682189941,104693,0.0,0.0,0.0
2022-08-17 00:00:00+02:00,8.078522682189941,8.36098861694336,8.03144645690918,8.078522682189941,38590,0.0,0.0,0.0
2022-08-18 00:00:00+02:00,8.078522682189941,8.078522682189941,8.078522682189941,8.078522682189941,0,0.0,0.0,0.0
2022-08-21 00:00:00+02:00,8.078522682189941,8.47397518157959,8.125600814819336,8.379819869995117,212611,0.0,0.0,0.0
2022-08-22 00:00:00+02:00,8.379819869995117,8.379819869995117,8.106769561767578,8.144432067871094,108282,0.0,0.0,0.0
2022-08-23 00:00:00+02:00,8.144432067871094,8.144432067871094,8.144432067871094,8.144432067871094,0,0.0,0.0,0.0
2022-08-24 00:00:00+02:00,8.0596923828125,8.144432067871094,8.003198623657227,8.125600814819336,47741,0.0,0.0,0.0
2022-08-25 00:00:00+02:00,8.125600814819336,8.135016441345215,7.95612096786499,8.0596923828125,61148,0.0,0.0,0.0
2022-08-28 00:00:00+02:00,8.0596923828125,8.0973539352417,7.95612096786499,8.022029876708984,57570,0.0,0.0,0.0
2022-08-29 00:00:00+02:00,8.022029876708984,8.219756126403809,8.050276756286621,8.0596923828125,103367,0.0,0.0,0.0
2022-08-30 00:00:00+02:00,8.0596923828125,8.144432067871094,7.984367847442627,8.03144645690918,116758,0.0,0.0,0.0
2022-08-31 00:00:00+02:00,8.03144645690918,8.144432067871094,7.918458938598633,7.993782997131348,39721,0.0,0.0,0.0
2022-09-01 00:00:00+02:00,7.993782997131348,8.087939262390137,7.909043788909912,7.909043788909912,77102,0.0,0.0,0.0
2022-09-04 00:00:00+02:00,7.909043788909912,8.069108009338379,7.8902130126953125,7.909043788909912,30130,0.0,0.0,0.0
2022-09-05 00:00:00+02:00,7.909043788909912,8.144432067871094,7.909043788909912,8.0596923828125,81112,0.0,0.0,0.0
2022-09-06 00:00:00+02:00,8.0596923828125,8.238587379455566,8.003198623657227,8.229171752929688,64999,0.0,0.0,0.0
2022-09-07 00:00:00+02:00,8.229171752929688,8.229171752929688,8.022029876708984,8.0973539352417,122985,0.0,0.0,0.0
2022-09-08 00:00:00+02:00,8.0973539352417,8.182093620300293,8.003198623657227,8.0973539352417,16329,0.0,0.0,0.0
2022-09-11 00:00:00+02:00,8.0973539352417,8.408066749572754,8.03144645690918,8.313911437988281,97332,0.0,0.0,0.0
2022-09-12 00:00:00+02:00,8.313911437988281,8.568131446838379,8.238587379455566,8.44572925567627,182015,0.0,0.0,0.0
2022-09-13 00:00:00+02:00,8.44572925567627,8.521053314208984,8.342158317565918,8.47397518157959,109536,0.0,0.0,0.0
2022-09-14 00:00:00+02:00,8.47397518157959,8.47397518157959,8.285664558410645,8.32332706451416,75951,0.0,0.0,0.0
2022-09-15 00:00:00+02:00,8.32332706451416,8.568131446838379,8.285664558410645,8.351573944091797,178468,0.0,0.0,0.0
2022-09-18 00:00:00+02:00,8.351573944091797,8.266834259033203,8.022029876708984,8.182093620300293,68450,0.0,0.0,0.0
2022-09-19 00:00:00+02:00,8.182093620300293,8.257417678833008,8.050276756286621,8.182093620300293,22369,0.0,0.0,0.0
2022-09-20 00:00:00+02:00,8.182093620300293,8.436312675476074,8.0973539352417,8.285664558410645,92952,0.0,0.0,0.0
2022-09-21 00:00:00+02:00,8.285664558410645,8.47397518157959,8.219756126403809,8.332741737365723,78117,0.0,0.0,0.0
2022-09-22 00:00:00+02:00,8.332741737365723,8.47397518157959,8.219756126403809,8.257417678833008,45746,0.0,0.0,0.0
2022-09-25 00:00:00+02:00,8.257417678833008,8.47397518157959,8.003198623657227,8.44572925567627,247685,0.0,0.0,0.0
2022-09-26 00:00:00+02:00,8.44572925567627,8.47397518157959,8.370405197143555,8.379819869995117,276511,0.0,0.0,0.0
2022-09-27 00:00:00+02:00,8.379819869995117,8.464559555053711,8.238587379455566,8.248003005981445,128127,0.0,0.0,0.0
2022-09-28 00:00:00+02:00,8.248003005981445,8.417482376098633,8.172677993774414,8.248003005981445,3912,0.0,0.0,0.0
2022-09-29 00:00:00+02:00,8.248003005981445,8.47397518157959,8.153846740722656,8.426898002624512,157811,0.0,0.0,0.0
2022-10-02 00:00:00+02:00,8.426898002624512,8.464559555053711,8.191510200500488,8.426898002624512,8589,0.0,0.0,0.0
2022-10-03 00:00:00+02:00,8.426898002624512,8.379819869995117,8.182093620300293,8.426898002624512,23481,0.0,0.0,0.0
2022-10-04 00:00:00+02:00,8.426898002624512,8.379819869995117,8.191510200500488,8.426898002624512,19741,0.0,0.0,0.0
2022-10-05 00:00:00+02:00,8.426898002624512,8.389236450195312,8.370405197143555,8.426898002624512,22951,0.0,0.0,0.0
2022-10-09 00:00:00+02:00,8.426898002624512,8.426898002624512,8.370405197143555,8.417482376098633,53103,0.0,0.0,0.0
2022-10-10 00:00:00+02:00,8.417482376098633,8.464559555053711,8.163263320922852,8.426898002624512,40470,0.0,0.0,0.0
2022-10-11 00:00:00+02:00,8.426898002624512,8.464559555053711,8.238587379455566,8.426898002624512,33554,0.0,0.0,0.0
2022-10-12 00:00:00+02:00,8.426898002624512,8.436312675476074,8.191510200500488,8.285664558410645,159608,0.0,0.0,0.0
2022-10-13 00:00:00+02:00,8.285664558410645,8.464559555053711,8.257417678833008,8.417482376098633,116084,0.0,0.0,0.0
2022-10-16 00:00:00+02:00,8.417482376098633,8.47397518157959,8.304495811462402,8.47397518157959,60243,0.0,0.0,0.0
2022-10-17 00:00:00+02:00,8.47397518157959,8.483390808105469,8.342158317565918,8.455143928527832,77917,0.0,0.0,0.0
2022-10-18 00:00:00+02:00,8.455143928527832,8.558714866638184,8.426898002624512,8.549300193786621,83896,0.0,0.0,0.0
2022-10-19 00:00:00+02:00,8.549300193786621,8.568131446838379,8.389236450195312,8.417482376098633,44486,0.0,0.0,0.0
2022-10-20 00:00:00+02:00,8.417482376098633,8.690532684326172,8.285664558410645,8.521053314208984,160924,0.0,0.0,0.0
2022-10-23 00:00:00+02:00,8.521053314208984,8.850597381591797,8.577546119689941,8.803519248962402,66181,0.0,0.0,0.0
2022-10-24 00:00:00+02:00,8.803519248962402,8.944751739501953,8.662285804748535,8.718778610229492,45552,0.0,0.0,0.0
2022-10-25 00:00:00+02:00,8.718778610229492,8.897673606872559,8.568131446838379,8.888258934020996,94269,0.0,0.0,0.0
2022-10-26 00:00:00+02:00,8.888258934020996,8.888258934020996,8.888258934020996,8.888258934020996,0,0.0,0.0,0.0
2022-10-27 00:00:00+02:00,8.888258934020996,9.08598518371582,8.662285804748535,9.00124454498291,82679,0.0,0.0,0.0
2022-10-30 00:00:00+02:00,9.00124454498291,9.08598518371582,8.5963773727417,9.00124454498291,26058,0.0,0.0,0.0
2022-10-31 00:00:00+02:00,9.00124454498291,8.803519248962402,8.756441116333008,8.784687995910645,341962,0.0,0.0,0.0
2022-11-01 00:00:00+02:00,8.784687995910645,8.944751739501953,8.784687995910645,8.784687995910645,6714,0.0,0.0,0.0
2022-11-02 00:00:00+02:00,8.784687995910645,8.944751739501953,8.756441116333008,8.784687995910645,14031,0.0,0.0,0.0
2022-11-03 00:00:00+02:00,8.784687995910645,8.784687995910645,8.568131446838379,8.784687995910645,11364,0.0,0.0,0.0
2022-11-06 00:00:00+02:00,8.784687995910645,8.624624252319336,8.539883613586426,8.784687995910645,9031,0.0,0.0,0.0
2022-11-07 00:00:00+02:00,8.784687995910645,8.568131446838379,8.549300193786621,8.784687995910645,129,0.0,0.0,0.0
2022-11-08 00:00:00+02:00,8.784687995910645,8.784687995910645,8.549300193786621,8.784687995910645,13766,0.0,0.0,0.0
2022-11-09 00:00:00+02:00,8.784687995910645,8.70936393737793,8.568131446838379,8.784687995910645,9970,0.0,0.0,0.0
2022-11-10 00:00:00+02:00,8.784687995910645,8.747026443481445,8.690532684326172,8.784687995910645,10806,0.0,0.0,0.0
2022-11-13 00:00:00+02:00,8.784687995910645,8.775272369384766,8.549300193786621,8.747026443481445,70912,0.0,0.0,0.0
2022-11-14 00:00:00+02:00,8.747026443481445,8.756441116333008,8.61520767211914,8.747026443481445,20725,0.0,0.0,0.0
2022-11-15 00:00:00+02:00,8.747026443481445,8.756441116333008,8.624624252319336,8.634038925170898,69497,0.0,0.0,0.0
2022-11-16 00:00:00+02:00,8.634038925170898,9.08598518371582,8.756441116333008,8.982414245605469,54439,0.0,0.0,0.0
2022-11-17 00:00:00+02:00,8.982414245605469,9.076568603515625,8.944751739501953,9.038907051086426,81438,0.0,0.0,0.0
2022-11-20 00:00:00+02:00,9.038907051086426,9.08598518371582,8.831765174865723,8.982414245605469,48800,0.0,0.0,0.0
2022-11-21 00:00:00+02:00,8.982414245605469,9.057738304138184,8.869427680969238,8.991828918457031,49068,0.0,0.0,0.0
2022-11-22 00:00:00+02:00,8.991828918457031,9.038907051086426,8.897673606872559,8.991828918457031,10088,0.0,0.0,0.0
2022-11-23 00:00:00+02:00,8.991828918457031,9.688578605651855,9.029492378234863,9.453189849853516,803952,0.0,0.0,0.0
2022-11-24 00:00:00+02:00,9.453189849853516,9.65091609954834,9.189556121826172,9.3778657913208,203593,0.0,0.0,0.0
2022-11-27 00:00:00+02:00,9.3778657913208,9.641501426696777,9.198970794677734,9.613253593444824,191029,0.0,0.0,0.0
2022-11-28 00:00:00+02:00,9.613253593444824,10.30058765411377,9.472021102905273,10.046368598937988,602049,0.0,0.0,0.0
2022-11-29 00:00:00+02:00,10.046368598937988,10.545392036437988,9.980460166931152,10.197016716003418,568863,0.0,0.0,0.0
2022-11-30 00:00:00+02:00,10.197016716003418,10.507729530334473,10.027538299560547,10.253510475158691,140877,0.0,0.0,0.0
2022-12-01 00:00:00+02:00,10.253510475158691,10.357081413269043,10.055784225463867,10.178186416625977,112750,0.0,0.0,0.0
2022-12-04 00:00:00+02:00,10.178186416625977,10.310003280639648,10.084031105041504,10.206433296203613,78371,0.0,0.0,0.0
2022-12-05 00:00:00+02:00,10.206433296203613,11.006752967834473,10.121692657470703,10.545392036437988,469645,0.0,0.0,0.0
2022-12-06 00:00:00+02:00,10.545392036437988,10.79961109161377,10.357081413269043,10.55480670928955,299479,0.0,0.0,0.0
2022-12-07 00:00:00+02:00,10.55480670928955,10.922013282775879,10.4512357711792,10.53597640991211,141015,0.0,0.0,0.0
2022-12-08 00:00:00+02:00,10.53597640991211,10.827857971191406,10.357081413269043,10.573637962341309,203006,0.0,0.0,0.0
2022-12-11 00:00:00+02:00,10.573637962341309,10.724287033081055,9.88630485534668,10.065199851989746,443817,0.0,0.0,0.0
2022-12-12 00:00:00+02:00,10.065199851989746,10.26292610168457,9.88630485534668,10.046368598937988,456844,0.0,0.0,0.0
2022-12-13 00:00:00+02:00,10.046368598937988,10.827857971191406,10.168770790100098,10.639547348022461,531656,0.0,0.0,0.0
2022-12-14 00:00:00+02:00,10.639547348022461,11.581100463867188,10.366497039794922,11.581100463867188,1457432,0.0,0.0,0.0
2022-12-15 00:00:00+02:00,11.581100463867188,12.004798889160156,11.204479217529297,11.581100463867188,616289,0.0,0.0,0.0
2022-12-18 00:00:00+02:00,11.581100463867188,11.70350170135498,10.375911712646484,11.242140769958496,182248,0.0,0.0,0.0
2022-12-19 00:00:00+02:00,11.242140769958496,11.571683883666992,10.874935150146484,10.959674835205078,230994,0.0,0.0,0.0
2022-12-20 00:00:00+02:00,10.959674835205078,11.298633575439453,10.752532958984375,10.827857971191406,166807,0.0,0.0,0.0
2022-12-21 00:00:00+02:00,10.827857971191406,10.827857971191406,10.404158592224121,10.771364212036133,337150,0.0,0.0,0.0
2022-12-22 00:00:00+02:00,10.771364212036133,10.827857971191406,10.55480670928955,10.743118286132812,189544,0.0,0.0,0.0
2022-12-25 00:00:00+02:00,10.743118286132812,10.827857971191406,10.432405471801758,10.470067024230957,58438,0.0,0.0,0.0
2022-12-26 00:00:00+02:00,10.470067024230957,10.903182029724121,10.479482650756836,10.696040153503418,88667,0.0,0.0,0.0
2022-12-27 00:00:00+02:00,10.696040153503418,10.874935150146484,10.545392036437988,10.809026718139648,204422,0.0,0.0,0.0
2022-12-28 00:00:00+02:00,10.809026718139648,11.016167640686035,10.696040153503418,11.006752967834473,42429,0.0,0.0,0.0
2022-12-29 00:00:00+02:00,11.006752967834473,11.270386695861816,10.827857971191406,11.232725143432617,97125,0.0,0.0,0.0
2023-01-02 00:00:00+02:00,11.232725143432617,11.279803276062012,10.931427955627441,11.100908279418945,77123,0.0,0.0,0.0
2023-01-03 00:00:00+02:00,11.100908279418945,11.392788887023926,10.9502592086792,11.279803276062012,217907,0.0,0.0,0.0
2023-01-04 00:00:00+02:00,11.279803276062012,12.004798889160156,10.724287033081055,11.552852630615234,543709,0.0,0.0,0.0
2023-01-05 00:00:00+02:00,11.552852630615234,11.891812324523926,11.317464828491211,11.505776405334473,158301,0.0,0.0,0.0
2023-01-09 00:00:00+02:00,11.505776405334473,11.665840148925781,11.260972023010254,11.336296081542969,127486,0.0,0.0,0.0
2023-01-10 00:00:00+02:00,11.336296081542969,11.486945152282715,11.034998893737793,11.195062637329102,204398,0.0,0.0,0.0
2023-01-11 00:00:00+02:00,11.195062637329102,11.581100463867188,11.166816711425781,11.260972023010254,183783,0.0,0.0,0.0
2023-01-12 00:00:00+02:00,11.260972023010254,11.298633575439453,11.06324577331543,11.100908279418945,52649,0.0,0.0,0.0
2023-01-15 00:00:00+02:00,11.100908279418945,11.260972023010254,11.02558422088623,11.034998893737793,90471,0.0,0.0,0.0
2023-01-16 00:00:00+02:00,11.034998893737793,11.373957633972168,11.166816711425781,11.317464828491211,249736,0.0,0.0,0.0
2023-01-17 00:00:00+02:00,11.317464828491211,11.524606704711914,11.242140769958496,11.392788887023926,276418,0.0,0.0,0.0
2023-01-18 00:00:00+02:00,11.392788887023926,11.778825759887695,11.326881408691406,11.759995460510254,536575,0.0,0.0,0.0
2023-01-19 00:00:00+02:00,11.759995460510254,12.334342002868652,11.675254821777344,12.24018669128418,441755,0.0,0.0,0.0
2023-01-22 00:00:00+02:00,12.24018669128418,12.710963249206543,12.287264823913574,12.673300743103027,471672,0.0,0.0,0.0
2023-01-23 00:00:00+02:00,12.673300743103027,12.946352005004883,12.343757629394531,12.654470443725586,297337,0.0,0.0,0.0
2023-01-24 00:00:00+02:00,12.654470443725586,12.88985824584961,12.541483879089355,12.776871681213379,171175,0.0,0.0,0.0
2023-01-25 00:00:00+02:00,12.776871681213379,13.172324180603027,12.597976684570312,12.993429183959961,395464,0.0,0.0,0.0
2023-01-29 00:00:00+02:00,12.993429183959961,13.558361053466797,13.040507316589355,13.520698547363281,572778,0.0,0.0,0.0
2023-01-30 00:00:00+02:00,13.520698547363281,14.019721984863281,12.823949813842773,13.049921989440918,364047,0.0,0.0,0.0
2023-01-31 00:00:00+02:00,13.049921989440918,13.322973251342773,12.259017944335938,12.334342002868652,173736,0.0,0.0,0.0
2023-02-01 00:00:00+02:00,12.334342002868652,12.73921012878418,12.287264823913574,12.32492733001709,103262,0.0,0.0,0.0
2023-02-02 00:00:00+02:00,12.32492733001709,12.654470443725586,12.023630142211914,12.070707321166992,61192,0.0,0.0,0.0
2023-02-05 00:00:00+02:00,12.070707321166992,12.023630142211914,11.515191078186035,11.759995460510254,97918,0.0,0.0,0.0
2023-02-06 00:00:00+02:00,11.759995460510254,12.193108558654785,11.675254821777344,11.759995460510254,49984,0.0,0.0,0.0
2023-02-07 00:00:00+02:00,11.759995460510254,12.541483879089355,12.051876068115234,12.400251388549805,312239,0.0,0.0,0.0
2023-02-08 00:00:00+02:00,12.400251388549805,12.550898551940918,11.995383262634277,12.32492733001709,100307,0.0,0.0,0.0
2023-02-09 00:00:00+02:00,12.32492733001709,12.701547622680664,12.249602317810059,12.588561058044434,57561,0.0,0.0,0.0
2023-02-12 00:00:00+02:00,12.588561058044434,12.607393264770508,12.315510749816895,12.343757629394531,59767,0.0,0.0,0.0
2023-02-13 00:00:00+02:00,12.343757629394531,12.560315132141113,12.24018669128418,12.249602317810059,47492,0.0,0.0,0.0
2023-02-14 00:00:00+02:00,12.249602317810059,12.334342002868652,12.127201080322266,12.277849197387695,129324,0.0,0.0,0.0
2023-02-15 00:00:00+02:00,12.277849197387695,13.181739807128906,12.343757629394531,13.11583137512207,474661,0.0,0.0,0.0
2023-02-16 00:00:00+02:00,13.11583137512207,13.191155433654785,12.748624801635742,13.078168869018555,294766,0.0,0.0,0.0
2023-02-19 00:00:00+02:00,13.078168869018555,13.134661674499512,12.729793548583984,12.871026992797852,88007,0.0,0.0,0.0
2023-02-20 00:00:00+02:00,12.871026992797852,12.96518325805664,12.522652626037598,12.579146385192871,35484,0.0,0.0,0.0
2023-02-21 00:00:00+02:00,12.579146385192871,12.758041381835938,12.503822326660156,12.579146385192871,44387,0.0,0.0,0.0
2023-02-22 00:00:00+02:00,12.579146385192871,12.88985824584961,12.259017944335938,12.306096076965332,146232,0.0,0.0,0.0
2023-02-23 00:00:00+02:00,12.306096076965332,12.597976684570312,12.127201080322266,12.183693885803223,140219,0.0,0.0,0.0
2023-02-26 00:00:00+02:00,12.183693885803223,12.456744194030762,12.051876068115234,12.146032333374023,79739,0.0,0.0,0.0
2023-02-27 00:00:00+02:00,12.146032333374023,12.32492733001709,11.97655200958252,12.24018669128418,65558,0.0,0.0,0.0
2023-02-28 00:00:00+02:00,12.24018669128418,12.823949813842773,12.117785453796387,12.193108558654785,28228,0.0,0.0,0.0
2023-03-01 00:00:00+02:00,12.193108558654785,12.786288261413574,12.20252513885498,12.306096076965332,47135,0.0,0.0,0.0
2023-03-02 00:00:00+02:00,12.306096076965332,12.748624801635742,12.146032333374023,12.710963249206543,262832,0.0,0.0,0.0
2023-03-05 00:00:00+02:00,12.710963249206543,13.03109073638916,12.532068252563477,12.786288261413574,78440,0.0,0.0,0.0
2023-03-06 00:00:00+02:00,12.786288261413574,12.984013557434082,12.532068252563477,12.692131996154785,84029,0.0,0.0,0.0
2023-03-07 00:00:00+02:00,12.692131996154785,12.993429183959961,12.569729804992676,12.692131996154785,29828,0.0,0.0,0.0
2023-03-08 00:00:00+02:00,12.692131996154785,12.993429183959961,12.24018669128418,12.381420135498047,94602,0.0,0.0,0.0
2023-03-09 00:00:00+02:00,12.381420135498047,12.767457008361816,12.39083480834961,12.710963249206543,278023,0.0,0.0,0.0
2023-03-12 00:00:00+02:00,12.710963249206543,12.899273872375488,11.920059204101562,12.211939811706543,266322,0.0,0.0,0.0
2023-03-13 00:00:00+02:00,12.211939811706543,12.513236999511719,10.846689224243164,10.978506088256836,438486,0.0,0.0,0.0
2023-03-14 00:00:00+02:00,10.978506088256836,11.524606704711914,10.074614524841309,11.195062637329102,37522,0.0,0.0,0.0
2023-03-15 00:00:00+02:00,11.195062637329102,11.70350170135498,10.14993953704834,10.347665786743164,363672,0.0,0.0,0.0
2023-03-16 00:00:00+02:00,10.347665786743164,10.761948585510254,10.215847969055176,10.507729530334473,203036,0.0,0.0,0.0
2023-03-19 00:00:00+02:00,10.507729530334473,11.110322952270508,10.272340774536133,10.422989845275879,101455,0.0,0.0,0.0
2023-03-20 00:00:00+02:00,10.42300033569336,10.989999771118164,10.489999771118164,10.640000343322754,42505,0.0,1.062075,0.0
2023-03-21 00:00:00+02:00,10.640000343322754,11.449999809265137,10.789999961853027,10.920000076293945,116745,0.0,0.0,0.0
2023-03-22 00:00:00+02:00,10.920000076293945,11.199999809265137,10.890000343322754,11.010000228881836,58586,0.0,0.0,0.0
2023-03-23 00:00:00+02:00,11.010000228881836,11.149999618530273,10.609999656677246,11.010000228881836,7199,0.0,0.0,0.0
2023-03-26 00:00:00+02:00,11.010000228881836,11.279999732971191,10.899999618530273,11.0,576669,0.0,0.0,0.0
2023-03-27 00:00:00+02:00,11.0,11.220000267028809,11.0,11.0,51979,0.0,0.0,0.0
2023-03-28 00:00:00+02:00,11.0,11.09000015258789,11.0,11.010000228881836,35412,0.0,0.0,0.0
2023-03-29 00:00:00+02:00,11.010000228881836,11.199999809265137,11.0,11.010000228881836,26753,0.0,0.0,0.0
2023-03-30 00:00:00+02:00,11.010000228881836,11.199999809265137,11.0,11.010000228881836,16705,0.0,0.0,0.0
2023-04-02 00:00:00+02:00,11.010000228881836,11.4399995803833,10.800000190734863,11.34000015258789,32425,0.0,0.0,0.0
2023-04-03 00:00:00+02:00,11.34000015258789,11.329999923706055,10.800000190734863,11.09000015258789,61382,0.0,0.0,0.0
2023-04-04 00:00:00+02:00,11.09000015258789,11.489999771118164,8.880000114440918,11.069999694824219,66825,0.0,0.0,0.0
2023-04-05 00:00:00+02:00,11.069999694824219,11.569999694824219,11.109999656677246,11.329999923706055,59601,0.0,0.0,0.0
2023-04-06 00:00:00+02:00,11.329999923706055,11.399999618530273,11.100000381469727,11.329999923706055,11434,0.0,0.0,0.0
2023-04-09 00:00:00+02:00,11.329999923706055,11.399999618530273,10.829999923706055,11.329999923706055,22549,0.0,0.0,0.0
2023-04-10 00:00:00+02:00,11.329999923706055,11.5,11.0,11.329999923706055,12152,0.0,0.0,0.0
2023-04-11 00:00:00+02:00,11.329999923706055,11.430000305175781,11.010000228881836,11.329999923706055,14154,0.0,0.0,0.0
2023-04-12 00:00:00+02:00,11.329999923706055,11.380000114440918,11.010000228881836,11.029999732971191,27626,0.0,0.0,0.0
2023-04-13 00:00:00+02:00,11.029999732971191,11.229999542236328,11.010000228881836,11.029999732971191,16506,0.0,0.0,0.0
2023-04-18 00:00:00+02:00,11.029999732971191,11.859999656677246,11.25,11.539999961853027,147393,0.0,0.0,0.0
2023-04-19 00:00:00+02:00,11.539999961853027,11.800000190734863,11.220000267028809,11.430000305175781,39986,0.0,0.0,0.0
2023-04-26 00:00:00+02:00,11.430000305175781,12.739999771118164,11.449999809265137,12.529999732971191,286481,0.0,0.0,0.0
2023-04-27 00:00:00+02:00,12.529999732971191,13.0,12.5,12.890000343322754,179863,0.0,0.0,0.0
2023-04-30 00:00:00+03:00,12.890000343322754,13.220000267028809,12.699999809265137,12.75,136093,0.0,0.0,0.0
2023-05-01 00:00:00+03:00,12.75,12.75,12.75,12.75,0,0.0,0.0,0.0
2023-05-02 00:00:00+03:00,12.699999809265137,13.609999656677246,12.75,13.479999542236328,444270,0.0,0.0,0.0
2023-05-03 00:00:00+03:00,13.479999542236328,13.960000038146973,13.229999542236328,13.380000114440918,533155,0.0,0.0,0.0
2023-05-07 00:00:00+03:00,13.380000114440918,13.5,13.029999732971191,13.489999771118164,326113,0.0,0.0,0.0
2023-05-08 00:00:00+03:00,13.489999771118164,13.869999885559082,13.279999732971191,13.390000343322754,153506,0.0,0.0,0.0
2023-05-09 00:00:00+03:00,13.390000343322754,13.600000381469727,13.109999656677246,13.239999771118164,164657,0.0,0.0,0.0
2023-05-10 00:00:00+03:00,13.239999771118164,13.350000381469727,12.850000381469727,13.3100004196167,132418,0.0,0.0,0.0
2023-05-11 00:00:00+03:00,13.3100004196167,13.550000190734863,13.0,13.100000381469727,109712,0.0,0.0,0.0
2023-05-14 00:00:00+03:00,13.100000381469727,13.399999618530273,12.75,13.350000381469727,104130,0.0,0.0,0.0
2023-05-15 00:00:00+03:00,13.350000381469727,13.6899995803833,13.100000381469727,13.180000305175781,237812,0.0,0.0,0.0
2023-05-16 00:00:00+03:00,13.180000305175781,13.170000076293945,13.0,13.0,181701,0.0,0.0,0.0
2023-05-17 00:00:00+03:00,13.0,13.199999809265137,12.75,12.930000305175781,38101,0.0,0.0,0.0
2023-05-18 00:00:00+03:00,12.930000305175781,13.149999618530273,12.739999771118164,12.890000343322754,30485,0.0,0.0,0.0
2023-05-21 00:00:00+03:00,12.890000343322754,12.970000267028809,12.75,12.890000343322754,3202,0.0,0.0,0.0
2023-05-22 00:00:00+03:00,12.890000343322754,13.4399995803833,12.760000228881836,12.90999984741211,66473,0.0,0.0,0.0
2023-05-23 00:00:00+03:00,12.90999984741211,13.0,12.710000038146973,12.869999885559082,46490,0.0,0.0,0.0
2023-05-24 00:00:00+03:00,12.869999885559082,13.199999809265137,12.710000038146973,12.869999885559082,53018,0.0,0.0,0.0
2023-05-25 00:00:00+03:00,12.869999885559082,13.300000190734863,12.8100004196167,12.899999618530273,189718,0.0,0.0,0.0
2023-05-28 00:00:00+03:00,12.899999618530273,13.180000305175781,12.899999618530273,12.949999809265137,38869,0.0,0.0,0.0
2023-05-29 00:00:00+03:00,12.949999809265137,13.050000190734863,12.699999809265137,12.8100004196167,46216,0.0,0.0,0.0
2023-05-30 00:00:00+03:00,12.8100004196167,13.050000190734863,12.800000190734863,12.989999771118164,79975,0.0,0.0,0.0
2023-05-31 00:00:00+03:00,12.989999771118164,13.149999618530273,12.8100004196167,12.920000076293945,91338,0.0,0.0,0.0
2023-06-01 00:00:00+03:00,12.920000076293945,13.0,12.8100004196167,12.880000114440918,54930,0.0,0.0,0.0
2023-06-04 00:00:00+03:00,12.880000114440918,13.119999885559082,12.699999809265137,13.0,100641,0.0,0.0,0.0
2023-06-05 00:00:00+03:00,13.0,13.130000114440918,12.800000190734863,12.8100004196167,71898,0.0,0.0,0.0
2023-06-06 00:00:00+03:00,12.8100004196167,12.829999923706055,12.0,12.079999923706055,441959,0.0,0.0,0.0
2023-06-07 00:00:00+03:00,12.079999923706055,12.399999618530273,11.699999809265137,11.720000267028809,311838,0.0,0.0,0.0
2023-06-08 00:00:00+03:00,11.720000267028809,12.25,11.75,11.890000343322754,102924,0.0,0.0,0.0
2023-06-11 00:00:00+03:00,11.890000343322754,12.350000381469727,11.829999923706055,11.890000343322754,223839,0.0,0.0,0.0
2023-06-12 00:00:00+03:00,11.890000343322754,11.960000038146973,11.8100004196167,11.890000343322754,22095,0.0,0.0,0.0
2023-06-13 00:00:00+03:00,11.890000343322754,12.119999885559082,11.819999694824219,12.119999885559082,1303905,0.0,0.0,0.0
2023-06-14 00:00:00+03:00,12.119999885559082,13.670000076293945,12.40999984741211,13.65999984741211,1531446,0.0,0.0,0.0
2023-06-15 00:00:00+03:00,13.121000289916992,13.970000267028809,13.449999809265137,13.5600004196167,617191,0.0,0.0,0.0
2023-06-18 00:00:00+03:00,13.5600004196167,13.800000190734863,13.010000228881836,13.720000267028809,352974,0.0,0.0,0.0
2023-06-19 00:00:00+03:00,13.720000267028809,14.5,13.829999923706055,14.25,1092973,0.0,0.0,0.0
2023-06-20 00:00:00+03:00,14.25,14.399999618530273,13.59000015258789,13.75,504164,0.0,0.0,0.0
2023-06-21 00:00:00+03:00,13.75,13.949999809265137,13.5,13.520000457763672,585255,0.0,0.0,0.0
2023-06-22 00:00:00+03:00,13.520000457763672,13.890000343322754,13.289999961853027,13.470000267028809,166093,0.0,0.0,0.0
2023-06-25 00:00:00+03:00,13.470000267028809,13.600000381469727,13.100000381469727,13.270000457763672,145374,0.0,0.0,0.0
2023-06-26 00:00:00+03:00,13.270000457763672,13.300000190734863,13.0,13.239999771118164,153383,0.0,0.0,0.0
2023-07-04 00:00:00+03:00,13.239999771118164,13.5,12.850000381469727,12.949999809265137,134264,0.0,0.0,0.0
2023-07-05 00:00:00+03:00,12.949999809265137,13.319999694824219,12.779999732971191,12.829999923706055,135889,0.0,0.0,0.0
2023-07-06 00:00:00+03:00,12.829999923706055,13.34000015258789,12.699999809265137,12.710000038146973,244615,0.0,0.0,0.0
2023-07-09 00:00:00+03:00,12.710000038146973,12.800000190734863,12.0,12.0,284392,0.0,0.0,0.0
2023-07-10 00:00:00+03:00,12.0,12.199999809265137,11.75,12.149999618530273,233942,0.0,0.0,0.0
2023-07-11 00:00:00+03:00,12.149999618530273,12.6899995803833,12.149999618530273,12.4399995803833,95838,0.0,0.0,0.0
2023-07-12 00:00:00+03:00,12.4399995803833,13.0,12.399999618530273,12.510000228881836,202823,0.0,0.0,0.0
2023-07-13 00:00:00+03:00,12.510000228881836,12.789999961853027,12.210000038146973,12.350000381469727,142695,0.0,0.0,0.0
2023-07-16 00:00:00+03:00,12.350000381469727,12.640000343322754,12.100000381469727,12.229999542236328,93753,0.0,0.0,0.0
2023-07-17 00:00:00+03:00,12.229999542236328,12.449999809265137,12.100000381469727,12.199999809265137,54899,0.0,0.0,0.0
2023-07-18 00:00:00+03:00,12.199999809265137,12.449999809265137,12.0,12.229999542236328,68518,0.0,0.0,0.0
2023-07-19 00:00:00+03:00,12.229999542236328,12.229999542236328,12.229999542236328,12.229999542236328,0,0.0,0.0,0.0
2023-07-24 00:00:00+03:00,12.109999656677246,12.289999961853027,12.010000228881836,12.079999923706055,26885,0.0,0.0,0.0
2023-07-25 00:00:00+03:00,12.079999923706055,12.15999984741211,11.970000267028809,12.079999923706055,17629,0.0,0.0,0.0
2023-07-26 00:00:00+03:00,12.079999923706055,12.130000114440918,11.819999694824219,12.079999923706055,10258,0.0,0.0,0.0
2023-07-27 00:00:00+03:00,12.079999923706055,12.100000381469727,11.819999694824219,12.079999923706055,18960,0.0,0.0,0.0
2023-07-30 00:00:00+03:00,12.079999923706055,12.1899995803833,11.880000114440918,11.949999809265137,57951,0.0,0.0,0.0
2023-07-31 00:00:00+03:00,11.949999809265137,12.130000114440918,11.930000305175781,11.989999771118164,47385,0.0,0.0,0.0
2023-08-01 00:00:00+03:00,11.989999771118164,12.100000381469727,11.720000267028809,11.989999771118164,17804,0.0,0.0,0.0
2023-08-02 00:00:00+03:00,11.989999771118164,11.899999618530273,11.600000381469727,11.649999618530273,79125,0.0,0.0,0.0
2023-08-03 00:00:00+03:00,11.649999618530273,11.90999984741211,11.569999694824219,11.649999618530273,19559,0.0,0.0,0.0
2023-08-06 00:00:00+03:00,11.649999618530273,11.989999771118164,11.550000190734863,11.649999618530273,15306,0.0,0.0,0.0
2023-08-07 00:00:00+03:00,11.649999618530273,11.949999809265137,11.609999656677246,11.800000190734863,39635,0.0,0.0,0.0
2023-08-08 00:00:00+03:00,11.800000190734863,11.899999618530273,11.75,11.819999694824219,30422,0.0,0.0,0.0
2023-08-09 00:00:00+03:00,11.819999694824219,12.029999732971191,11.800000190734863,12.0,102213,0.0,0.0,0.0
2023-08-10 00:00:00+03:00,12.0,12.5,12.0,12.479999542236328,146344,0.0,0.0,0.0
2023-08-13 00:00:00+03:00,12.479999542236328,12.649999618530273,12.5,12.59000015258789,77892,0.0,0.0,0.0
2023-08-14 00:00:00+03:00,12.59000015258789,12.699999809265137,12.220000267028809,12.369999885559082,69716,0.0,0.0,0.0
2023-08-15 00:00:00+03:00,12.369999885559082,12.34000015258789,12.029999732971191,12.09000015258789,83442,0.0,0.0,0.0
2023-08-16 00:00:00+03:00,12.09000015258789,12.300000190734863,12.0,12.140000343322754,166066,0.0,0.0,0.0
2023-08-17 00:00:00+03:00,12.140000343322754,13.0,12.199999809265137,12.5600004196167,279695,0.0,0.0,0.0
2023-08-20 00:00:00+03:00,12.5600004196167,12.649999618530273,12.199999809265137,12.229999542236328,212310,0.0,0.0,0.0
2023-08-21 00:00:00+03:00,12.229999542236328,12.449999809265137,12.130000114440918,12.390000343322754,71436,0.0,0.0,0.0
2023-08-22 00:00:00+03:00,12.390000343322754,12.489999771118164,12.210000038146973,12.390000343322754,18675,0.0,0.0,0.0
2023-08-23 00:00:00+03:00,12.390000343322754,12.579999923706055,12.3100004196167,12.460000038146973,60219,0.0,0.0,0.0
2023-08-24 00:00:00+03:00,12.460000038146973,12.579999923706055,12.25,12.460000038146973,87927,0.0,0.0,0.0
2023-08-27 00:00:00+03:00,12.460000038146973,12.609999656677246,12.149999618530273,12.199999809265137,72338,0.0,0.0,0.0
2023-08-28 00:00:00+03:00,12.199999809265137,14.640000343322754,12.300000190734863,14.640000343322754,1540754,0.0,0.0,0.0
2023-08-29 00:00:00+03:00,14.640000343322754,17.559999465942383,14.800000190734863,16.110000610351562,1899344,0.0,0.0,0.0
2023-08-30 00:00:00+03:00,16.110000610351562,16.399999618530273,15.199999809265137,16.010000228881836,795474,0.0,0.0,0.0
2023-08-31 00:00:00+03:00,16.010000228881836,16.010000228881836,16.010000228881836,16.010000228881836,0,0.0,0.0,0.0
2023-09-03 00:00:00+03:00,16.670000076293945,16.790000915527344,16.110000610351562,16.270000457763672,274591,0.0,0.0,0.0
2023-09-04 00:00:00+03:00,16.270000457763672,16.389999389648438,15.75,15.8100004196167,219143,0.0,0.0,0.0
2023-09-05 00:00:00+03:00,15.8100004196167,15.949999809265137,15.489999771118164,15.760000228881836,284218,0.0,0.0,0.0
2023-09-06 00:00:00+03:00,15.760000228881836,15.800000190734863,15.5,15.510000228881836,110527,0.0,0.0,0.0
2023-09-07 00:00:00+03:00,15.510000228881836,15.789999961853027,15.300000190734863,15.5600004196167,147702,0.0,0.0,0.0
2023-09-10 00:00:00+03:00,15.5600004196167,15.5600004196167,15.5600004196167,15.5600004196167,0,0.0,0.0,0.0
2023-09-11 00:00:00+03:00,15.119999885559082,15.300000190734863,14.90999984741211,15.079999923706055,29186,0.0,0.0,0.0
2023-09-12 00:00:00+03:00,15.079999923706055,15.289999961853027,14.699999809265137,14.720000267028809,71919,0.0,0.0,0.0
2023-09-13 00:00:00+03:00,14.720000267028809,15.149999618530273,14.510000228881836,14.970000267028809,232146,0.0,0.0,0.0
2023-09-14 00:00:00+03:00,14.970000267028809,17.450000762939453,15.25,16.049999237060547,1889842,0.0,0.0,0.0
2023-09-17 00:00:00+03:00,16.049999237060547,16.899999618530273,16.209999084472656,16.329999923706055,726062,0.0,0.0,0.0
2023-09-18 00:00:00+03:00,16.329999923706055,16.760000228881836,16.290000915527344,16.299999237060547,317645,0.0,0.0,0.0
2023-09-19 00:00:00+03:00,16.299999237060547,16.579999923706055,16.049999237060547,16.110000610351562,195960,0.0,0.0,0.0
2023-09-20 00:00:00+03:00,16.110000610351562,16.110000610351562,16.110000610351562,16.110000610351562,0,0.0,0.0,0.0
2023-09-21 00:00:00+03:00,16.110000610351562,16.110000610351562,16.110000610351562,16.110000610351562,0,0.0,0.0,0.0
2023-09-24 00:00:00+03:00,16.110000610351562,16.110000610351562,16.110000610351562,16.110000610351562,0,0.0,0.0,0.0
2023-09-25 00:00:00+03:00,15.880000114440918,16.049999237060547,15.569999694824219,15.739999771118164,559668,0.0,0.0,0.0
2023-09-26 00:00:00+03:00,15.739999771118164,15.989999771118164,15.520000457763672,15.59000015258789,124311,0.0,0.0,0.0
2023-09-27 00:00:00+03:00,15.59000015258789,15.59000015258789,15.59000015258789,15.59000015258789,0,0.0,0.0,0.0
2023-10-01 00:00:00+03:00,15.59000015258789,15.59000015258789,15.59000015258789,15.59000015258789,0,0.0,0.0,0.0
2023-10-02 00:00:00+03:00,15.25,15.739999771118164,14.5,14.640000343322754,203654,0.0,0.0,0.0
2023-10-03 00:00:00+03:00,14.640000343322754,14.75,14.350000381469727,14.369999885559082,235066,0.0,0.0,0.0
2023-10-04 00:00:00+03:00,14.369999885559082,14.699999809265137,14.399999618530273,14.550000190734863,87009,0.0,0.0,0.0
2023-10-08 00:00:00+03:00,14.550000190734863,14.670000076293945,12.800000190734863,13.65999984741211,485385,0.0,0.0,0.0
2023-10-09 00:00:00+03:00,13.65999984741211,13.75,13.300000190734863,13.510000228881836,44318,0.0,0.0,0.0
2023-10-10 00:00:00+03:00,13.510000228881836,14.210000038146973,13.510000228881836,14.0,65976,0.0,0.0,0.0
2023-10-11 00:00:00+03:00,14.0,14.5,13.859999656677246,14.229999542236328,35630,0.0,0.0,0.0
2023-10-12 00:00:00+03:00,14.229999542236328,14.100000381469727,13.949999809265137,14.0,83631,0.0,0.0,0.0
2023-10-15 00:00:00+03:00,14.0,15.020000457763672,14.100000381469727,14.720000267028809,231758,0.0,0.0,0.0
2023-10-16 00:00:00+03:00,14.720000267028809,15.140000343322754,14.640000343322754,14.670000076293945,283831,0.0,0.0,0.0
2023-10-17 00:00:00+03:00,14.670000076293945,15.010000228881836,14.34000015258789,15.0,481739,0.0,0.0,0.0
2023-10-18 00:00:00+03:00,15.0,15.119999885559082,14.6899995803833,14.850000381469727,215635,0.0,0.0,0.0
2023-10-19 00:00:00+03:00,14.850000381469727,14.850000381469727,14.850000381469727,14.850000381469727,0,0.0,0.0,0.0
2023-10-22 00:00:00+03:00,14.399999618530273,14.899999618530273,14.229999542236328,14.539999961853027,53632,0.0,0.0,0.0
2023-10-23 00:00:00+03:00,14.539999961853027,14.850000381469727,14.520000457763672,14.579999923706055,82815,0.0,0.0,0.0
2023-10-24 00:00:00+03:00,14.579999923706055,14.970000267028809,14.010000228881836,14.489999771118164,95234,0.0,0.0,0.0
2023-10-25 00:00:00+03:00,14.489999771118164,15.75,14.600000381469727,15.3100004196167,419655,0.0,0.0,0.0
2023-10-26 00:00:00+03:00,15.3100004196167,15.789999961853027,14.970000267028809,15.039999961853027,210850,0.0,0.0,0.0
2023-10-29 00:00:00+02:00,15.039999961853027,15.899999618530273,14.880000114440918,15.380000114440918,173221,0.0,0.0,0.0
2023-10-30 00:00:00+02:00,15.380000114440918,15.399999618530273,15.029999732971191,15.210000038146973,414762,0.0,0.0,0.0
2023-10-31 00:00:00+02:00,15.210000038146973,15.399999618530273,14.699999809265137,15.0,518947,0.0,0.0,0.0
2023-11-01 00:00:00+02:00,15.0,15.15999984741211,14.600000381469727,14.640000343322754,233129,0.0,0.0,0.0
2023-11-02 00:00:00+02:00,14.640000343322754,15.029999732971191,14.619999885559082,14.869999885559082,653832,0.0,0.0,0.0
2023-11-05 00:00:00+02:00,14.869999885559082,15.1899995803833,14.710000038146973,14.75,258646,0.0,0.0,0.0
2023-11-06 00:00:00+02:00,14.75,15.0,14.710000038146973,14.850000381469727,192256,0.0,0.0,0.0
2023-11-07 00:00:00+02:00,14.850000381469727,16.190000534057617,14.800000190734863,15.789999961853027,1333509,0.0,0.0,0.0
2023-11-08 00:00:00+02:00,15.789999961853027,17.459999084472656,16.0,17.0,3160753,0.0,0.0,0.0
2023-11-09 00:00:00+02:00,17.0,18.290000915527344,16.5,17.90999984741211,1644481,0.0,0.0,0.0
2023-11-12 00:00:00+02:00,17.90999984741211,18.979999542236328,17.559999465942383,17.600000381469727,856627,0.0,0.0,0.0
2023-11-13 00:00:00+02:00,17.600000381469727,18.149999618530273,17.0,17.09000015258789,663859,0.0,0.0,0.0
2023-11-14 00:00:00+02:00,17.09000015258789,17.649999618530273,16.6299991607666,16.6299991607666,956965,0.0,0.0,0.0
2023-11-15 00:00:00+02:00,16.6299991607666,17.43000030517578,16.75,17.030000686645508,522763,0.0,0.0,0.0
2023-11-16 00:00:00+02:00,17.030000686645508,17.3799991607666,16.8700008392334,17.0,514015,0.0,0.0,0.0
2023-11-19 00:00:00+02:00,17.0,17.889999389648438,16.8700008392334,17.299999237060547,1240423,0.0,0.0,0.0
2023-11-20 00:00:00+02:00,17.299999237060547,17.59000015258789,16.809999465942383,16.940000534057617,699721,0.0,0.0,0.0
2023-11-21 00:00:00+02:00,16.940000534057617,17.239999771118164,16.600000381469727,17.200000762939453,450351,0.0,0.0,0.0
2023-11-22 00:00:00+02:00,17.200000762939453,17.270000457763672,17.0,17.209999084472656,312852,0.0,0.0,0.0
2023-11-23 00:00:00+02:00,17.209999084472656,17.84000015258789,17.209999084472656,17.6200008392334,766491,0.0,0.0,0.0
2023-11-26 00:00:00+02:00,17.6200008392334,18.34000015258789,17.75,17.780000686645508,937533,0.0,0.0,0.0
2023-11-27 00:00:00+02:00,17.780000686645508,18.299999237060547,17.780000686645508,18.170000076293945,401349,0.0,0.0,0.0
2023-11-28 00:00:00+02:00,18.170000076293945,18.799999237060547,18.170000076293945,18.290000915527344,991705,0.0,0.0,0.0
2023-11-29 00:00:00+02:00,18.290000915527344,18.399999618530273,17.600000381469727,17.610000610351562,370780,0.0,0.0,0.0
2023-11-30 00:00:00+02:00,17.610000610351562,17.969999313354492,17.299999237060547,17.450000762939453,186217,0.0,0.0,0.0
2023-12-03 00:00:00+02:00,17.450000762939453,17.799999237060547,17.25,17.270000457763672,210699,0.0,0.0,0.0
2023-12-04 00:00:00+02:00,17.270000457763672,17.799999237060547,17.350000381469727,17.709999084472656,252253,0.0,0.0,0.0
2023-12-05 00:00:00+02:00,17.709999084472656,18.200000762939453,17.729999542236328,18.0,515030,0.0,0.0,0.0
2023-12-06 00:00:00+02:00,18.0,18.200000762939453,17.709999084472656,17.75,268150,0.0,0.0,0.0
2023-12-07 00:00:00+02:00,17.75,17.84000015258789,17.1299991607666,17.790000915527344,152619,0.0,0.0,0.0
2023-12-10 00:00:00+02:00,17.790000915527344,18.719999313354492,17.809999465942383,18.40999984741211,1260271,0.0,0.0,0.0
2023-12-11 00:00:00+02:00,18.40999984741211,19.799999237060547,18.010000228881836,19.020000457763672,1731732,0.0,0.0,0.0
2023-12-12 00:00:00+02:00,19.020000457763672,19.68000030517578,18.799999237060547,19.1299991607666,875295,0.0,0.0,0.0
2023-12-13 00:00:00+02:00,19.1299991607666,19.399999618530273,18.899999618530273,19.0,608574,0.0,0.0,0.0
2023-12-14 00:00:00+02:00,19.0,20.950000762939453,18.90999984741211,20.920000076293945,2153166,0.0,0.0,0.0
2023-12-17 00:00:00+02:00,20.920000076293945,22.079999923706055,21.0,21.43000030517578,1394604,0.0,0.0,0.0
2023-12-18 00:00:00+02:00,21.43000030517578,22.0,21.0,22.0,822516,0.0,0.0,0.0
2023-12-19 00:00:00+02:00,22.0,22.450000762939453,21.450000762939453,21.700000762939453,638627,0.0,0.0,0.0
2023-12-20 00:00:00+02:00,21.700000762939453,22.389999389648438,21.420000076293945,22.0,324033,0.0,0.0,0.0
2023-12-21 00:00:00+02:00,22.0,22.600000381469727,21.899999618530273,22.030000686645508,467617,0.0,0.0,0.0
2023-12-24 00:00:00+02:00,22.030000686645508,22.030000686645508,22.030000686645508,22.030000686645508,0,0.0,0.0,0.0
2023-12-25 00:00:00+02:00,22.780000686645508,23.18000030517578,22.329999923706055,23.010000228881836,403668,0.0,0.0,0.0
2023-12-26 00:00:00+02:00,23.010000228881836,23.399999618530273,22.799999237060547,22.81999969482422,175264,0.0,0.0,0.0
2023-12-27 00:00:00+02:00,22.81999969482422,23.399999618530273,22.530000686645508,23.3799991607666,314970,0.0,0.0,0.0
2023-12-28 00:00:00+02:00,23.3799991607666,23.889999389648438,23.0,23.809999465942383,326509,0.0,0.0,0.0
2023-12-31 00:00:00+02:00,23.809999465942383,24.969999313354492,23.56999969482422,24.84000015258789,411257,0.0,0.0,0.0
2024-01-02 00:00:00+02:00,24.84000015258789,24.950000762939453,23.899999618530273,24.0,275882,0.0,0.0,0.0
2024-01-03 00:00:00+02:00,24.0,24.100000381469727,23.309999465942383,23.639999389648438,229469,0.0,0.0,0.0
2024-01-04 00:00:00+02:00,23.639999389648438,24.989999771118164,23.549999237060547,24.979999542236328,366132,0.0,0.0,0.0
2024-01-08 00:00:00+02:00,24.979999542236328,26.739999771118164,25.25,26.459999084472656,805637,0.0,0.0,0.0
2024-01-09 00:00:00+02:00,26.459999084472656,26.899999618530273,25.549999237060547,26.0,343190,0.0,0.0,0.0
2024-01-10 00:00:00+02:00,26.0,26.489999771118164,25.600000381469727,25.700000762939453,160176,0.0,0.0,0.0
2024-01-11 00:00:00+02:00,25.700000762939453,26.469999313354492,25.25,25.270000457763672,350430,0.0,0.0,0.0
2024-01-14 00:00:00+02:00,25.270000457763672,25.90999984741211,25.270000457763672,25.31999969482422,336871,0.0,0.0,0.0
2024-01-15 00:00:00+02:00,25.31999969482422,25.829999923706055,25.110000610351562,25.299999237060547,285085,0.0,0.0,0.0
2024-01-16 00:00:00+02:00,25.299999237060547,26.219999313354492,25.31999969482422,25.829999923706055,951040,0.0,0.0,0.0
2024-01-17 00:00:00+02:00,25.829999923706055,26.549999237060547,25.020000457763672,25.020000457763672,924947,0.0,0.0,0.0
2024-01-18 00:00:00+02:00,25.020000457763672,26.09000015258789,25.299999237060547,25.420000076293945,477331,0.0,0.0,0.0
2024-01-21 00:00:00+02:00,25.420000076293945,26.799999237060547,25.530000686645508,26.309999465942383,1243989,0.0,0.0,0.0
2024-01-22 00:00:00+02:00,26.309999465942383,27.010000228881836,26.139999389648438,26.479999542236328,575905,0.0,0.0,0.0
2024-01-23 00:00:00+02:00,26.479999542236328,28.200000762939453,26.600000381469727,27.139999389648438,1437380,0.0,0.0,0.0
2024-01-24 00:00:00+02:00,27.139999389648438,29.940000534057617,27.399999618530273,29.5,1357125,0.0,0.0,0.0
2024-01-28 00:00:00+02:00,29.5,29.75,28.200000762939453,28.200000762939453,918826,0.0,0.0,0.0
2024-01-29 00:00:00+02:00,28.200000762939453,29.0,27.90999984741211,28.100000381469727,719221,0.0,0.0,0.0
2024-01-30 00:00:00+02:00,28.100000381469727,29.889999389648438,28.0,29.850000381469727,1729088,0.0,0.0,0.0
2024-01-31 00:00:00+02:00,29.850000381469727,29.899999618530273,26.059999465942383,27.549999237060547,426323,0.0,0.0,0.0
2024-02-01 00:00:00+02:00,27.549999237060547,28.299999237060547,24.969999313354492,28.0,190102,0.0,0.0,0.0
2024-02-04 00:00:00+02:00,28.0,28.989999771118164,26.799999237060547,28.979999542236328,344519,0.0,0.0,0.0
2024-02-05 00:00:00+02:00,28.979999542236328,29.149999618530273,28.110000610351562,28.389999389648438,187402,0.0,0.0,0.0
2024-02-06 00:00:00+02:00,28.389999389648438,29.049999237060547,28.0,28.540000915527344,273510,0.0,0.0,0.0
2024-02-07 00:00:00+02:00,28.540000915527344,29.110000610351562,28.0,28.110000610351562,168741,0.0,0.0,0.0
2024-02-08 00:00:00+02:00,28.110000610351562,29.049999237060547,28.209999084472656,28.899999618530273,251791,0.0,0.0,0.0
2024-02-11 00:00:00+02:00,28.899999618530273,29.0,27.850000381469727,28.030000686645508,93137,0.0,0.0,0.0
2024-02-12 00:00:00+02:00,28.030000686645508,28.8799991607666,27.799999237060547,28.299999237060547,192568,0.0,0.0,0.0
2024-02-13 00:00:00+02:00,28.299999237060547,29.5,28.510000228881836,28.530000686645508,319233,0.0,0.0,0.0
2024-02-14 00:00:00+02:00,28.530000686645508,29.360000610351562,28.540000915527344,29.010000228881836,202426,0.0,0.0,0.0
2024-02-15 00:00:00+02:00,29.010000228881836,29.8799991607666,28.8700008392334,29.6200008392334,532832,0.0,0.0,0.0
2024-02-18 00:00:00+02:00,29.6200008392334,29.6200008392334,29.6200008392334,29.6200008392334,0,0.0,0.0,0.0
2024-02-19 00:00:00+02:00,30.90999984741211,32.400001525878906,30.25,30.950000762939453,374289,0.0,0.0,0.0
2024-02-20 00:00:00+02:00,27.455564498901367,27.943466186523438,26.612825393676758,26.62169647216797,332244,0.0,0.0,0.0
2024-02-21 00:00:00+02:00,26.62169647216797,27.01201629638672,26.16927719116211,26.17814826965332,342784,0.0,0.0,0.0
2024-02-22 00:00:00+02:00,26.17814826965332,26.488630294799805,25.956375122070312,26.01847267150879,151500,0.0,0.0,0.0
2024-02-25 00:00:00+02:00,26.01847267150879,26.435405731201172,20.820100784301758,25.477344512939453,230910,0.0,0.0,0.0
2024-02-26 00:00:00+02:00,25.477344512939453,26.595083236694336,25.495086669921875,26.080568313598633,313002,0.0,0.0,0.0
2024-02-27 00:00:00+02:00,26.080568313598633,27.499919891357422,26.000730514526367,26.116052627563477,710630,0.0,0.0,0.0
2024-02-28 00:00:00+02:00,26.116052627563477,26.603954315185547,24.96282958984375,25.4063777923584,277548,0.0,0.0,0.0
2024-02-29 00:00:00+02:00,25.4060001373291,26.75,25.020000457763672,25.239999771118164,299208,0.0,1.127276,0.0
2024-03-03 00:00:00+02:00,25.239999771118164,25.600000381469727,24.100000381469727,24.170000076293945,277297,0.0,0.0,0.0
2024-03-04 00:00:00+02:00,24.170000076293945,25.989999771118164,24.170000076293945,25.56999969482422,434872,0.0,0.0,0.0
2024-03-05 00:00:00+02:00,25.56999969482422,25.81999969482422,24.700000762939453,25.040000915527344,274120,0.0,0.0,0.0
2024-03-06 00:00:00+02:00,25.040000915527344,29.0,25.0,26.1299991607666,1398780,0.0,0.0,0.0
2024-03-07 00:00:00+02:00,26.1299991607666,27.100000381469727,25.06999969482422,27.0,674757,0.0,0.0,0.0
2024-03-10 00:00:00+02:00,27.0,27.889999389648438,26.899999618530273,27.149999618530273,288442,0.0,0.0,0.0
2024-03-11 00:00:00+02:00,27.149999618530273,28.0,26.8799991607666,26.950000762939453,110007,0.0,0.0,0.0
2024-03-12 00:00:00+02:00,26.950000762939453,27.200000762939453,25.5,25.610000610351562,85559,0.0,0.0,0.0
2024-03-13 00:00:00+02:00,25.610000610351562,25.610000610351562,24.799999237060547,24.799999237060547,305235,0.0,0.0,0.0
2024-03-14 00:00:00+02:00,24.799999237060547,25.799999237060547,24.559999465942383,25.31999969482422,99022,0.0,0.0,0.0
2024-03-17 00:00:00+02:00,25.31999969482422,25.25,24.360000610351562,24.8700008392334,115750,0.0,0.0,0.0
2024-03-18 00:00:00+02:00,24.8700008392334,24.700000762939453,23.200000762939453,23.559999465942383,152614,0.0,0.0,0.0
2024-03-19 00:00:00+02:00,23.559999465942383,23.25,22.229999542236328,22.579999923706055,70493,0.0,0.0,0.0
2024-03-20 00:00:00+02:00,22.579999923706055,23.489999771118164,22.299999237060547,22.540000915527344,92635,0.0,0.0,0.0
2024-03-21 00:00:00+02:00,22.540000915527344,23.280000686645508,22.329999923706055,23.020000457763672,70787,0.0,0.0,0.0
2024-03-24 00:00:00+02:00,23.020000457763672,23.399999618530273,22.950000762939453,23.010000228881836,188649,0.0,0.0,0.0
2024-03-25 00:00:00+02:00,23.010000228881836,23.389999389648438,22.979999542236328,23.229999542236328,78428,0.0,0.0,0.0
2024-03-26 00:00:00+02:00,23.229999542236328,23.700000762939453,23.0,23.0,132128,0.0,0.0,0.0
2024-03-27 00:00:00+02:00,23.0,24.0,22.850000381469727,23.739999771118164,165822,0.0,0.0,0.0
2024-03-28 00:00:00+02:00,23.739999771118164,24.0,22.25,24.0,174678,0.0,0.0,0.0
2024-03-31 00:00:00+02:00,24.0,24.0,22.65999984741211,24.0,277650,0.0,0.0,0.0
2024-04-01 00:00:00+02:00,24.0,24.5,23.170000076293945,23.889999389648438,31547,0.0,0.0,0.0
2024-04-02 00:00:00+02:00,23.889999389648438,24.0,23.299999237060547,23.530000686645508,45033,0.0,0.0,0.0
2024-04-03 00:00:00+02:00,23.530000686645508,23.530000686645508,22.850000381469727,23.030000686645508,72524,0.0,0.0,0.0
2024-04-04 00:00:00+02:00,23.030000686645508,23.459999084472656,23.0,23.010000228881836,36750,0.0,0.0,0.0
2024-04-07 00:00:00+02:00,23.010000228881836,23.399999618530273,22.81999969482422,22.969999313354492,27184,0.0,0.0,0.0
2024-04-08 00:00:00+02:00,22.969999313354492,23.0,22.829999923706055,22.969999313354492,12402,0.0,0.0,0.0
2024-04-15 00:00:00+02:00,22.969999313354492,23.190000534057617,22.81999969482422,22.940000534057617,58302,0.0,0.0,0.0
2024-04-16 00:00:00+02:00,22.940000534057617,23.299999237060547,22.899999618530273,23.010000228881836,189386,0.0,0.0,0.0
2024-04-17 00:00:00+02:00,23.010000228881836,23.5,23.0,23.010000228881836,187614,0.0,0.0,0.0
2024-04-18 00:00:00+02:00,23.010000228881836,23.479999542236328,22.209999084472656,22.56999969482422,103161,0.0,0.0,0.0
2024-04-21 00:00:00+02:00,22.56999969482422,23.0,22.5,22.530000686645508,82421,0.0,0.0,0.0
2024-04-22 00:00:00+02:00,22.530000686645508,22.799999237060547,22.100000381469727,22.510000228881836,222132,0.0,0.0,0.0
2024-04-23 00:00:00+02:00,22.510000228881836,22.75,21.530000686645508,21.579999923706055,217237,0.0,0.0,0.0
2024-04-24 00:00:00+02:00,21.579999923706055,22.239999771118164,19.600000381469727,21.5,98642,0.0,0.0,0.0
2024-04-28 00:00:00+03:00,21.5,21.5,21.5,21.5,0,0.0,0.0,0.0
2024-04-29 00:00:00+03:00,20.360000610351562,20.989999771118164,20.0,20.5,66242,0.0,0.0,0.0
2024-04-30 00:00:00+03:00,20.5,20.700000762939453,19.0,19.030000686645508,187441,0.0,0.0,0.0
2024-05-02 00:00:00+03:00,19.68000030517578,21.989999771118164,19.670000076293945,21.459999084472656,152476,0.0,0.0,0.0
2024-05-07 00:00:00+03:00,21.459999084472656,21.489999771118164,20.59000015258789,20.760000228881836,148824,0.0,0.0,0.0
2024-05-08 00:00:00+03:00,20.760000228881836,21.0,20.190000534057617,20.6299991607666,64526,0.0,0.0,0.0
2024-05-09 00:00:00+03:00,20.6299991607666,20.600000381469727,19.219999313354492,19.309999465942383,397795,0.0,0.0,0.0
2024-05-12 00:00:00+03:00,19.309999465942383,20.0,19.200000762939453,19.43000030517578,228570,0.0,0.0,0.0
2024-05-13 00:00:00+03:00,19.43000030517578,19.75,18.799999237060547,19.56999969482422,88807,0.0,0.0,0.0
2024-05-14 00:00:00+03:00,19.56999969482422,19.75,19.350000381469727,19.479999542236328,90204,0.0,0.0,0.0
2024-05-15 00:00:00+03:00,19.479999542236328,19.600000381469727,19.010000228881836,19.479999542236328,6244,0.0,0.0,0.0
2024-05-16 00:00:00+03:00,19.479999542236328,19.899999618530273,19.059999465942383,19.670000076293945,32797,0.0,0.0,0.0
2024-05-19 00:00:00+03:00,19.670000076293945,20.899999618530273,19.799999237060547,20.540000915527344,172548,0.0,0.0,0.0
2024-05-20 00:00:00+03:00,20.540000915527344,21.299999237060547,19.950000762939453,19.989999771118164,242684,0.0,0.0,0.0
2024-05-21 00:00:00+03:00,19.989999771118164,21.479999542236328,19.850000381469727,20.610000610351562,17346693,0.0,0.0,0.0
2024-05-22 00:00:00+03:00,20.610000610351562,21.979999542236328,20.799999237060547,20.8700008392334,512546,0.0,0.0,0.0
2024-05-23 00:00:00+03:00,20.8700008392334,21.690000534057617,20.6200008392334,21.18000030517578,1041185,0.0,0.0,0.0
2024-05-26 00:00:00+03:00,21.18000030517578,21.18000030517578,21.18000030517578,21.18000030517578,0,0.0,0.0,0.0
2024-05-27 00:00:00+03:00,21.020000457763672,21.420000076293945,20.56999969482422,20.6200008392334,68115,0.0,0.0,0.0
2024-05-28 00:00:00+03:00,20.6200008392334,20.889999389648438,20.25,20.559999465942383,82647,0.0,0.0,0.0
2024-05-29 00:00:00+03:00,20.559999465942383,21.149999618530273,20.40999984741211,20.530000686645508,63068,0.0,0.0,0.0
2024-05-30 00:00:00+03:00,20.530000686645508,20.920000076293945,20.260000228881836,20.34000015258789,44311,0.0,0.0,0.0
2024-06-02 00:00:00+03:00,20.34000015258789,20.600000381469727,20.0,20.040000915527344,89787,0.0,0.0,0.0
2024-06-03 00:00:00+03:00,20.040000915527344,20.440000534057617,19.899999618530273,20.0,50544,0.0,0.0,0.0
2024-06-04 00:00:00+03:00,20.0,20.239999771118164,19.899999618530273,19.940000534057617,77474,0.0,0.0,0.0
2024-06-05 00:00:00+03:00,19.940000534057617,20.209999084472656,19.559999465942383,20.15999984741211,220241,0.0,0.0,0.0
2024-06-06 00:00:00+03:00,20.15999984741211,20.729999542236328,20.010000228881836,20.139999389648438,21149,0.0,0.0,0.0
2024-06-09 00:00:00+03:00,20.139999389648438,20.5,19.190000534057617,19.600000381469727,30734,0.0,0.0,0.0
2024-06-10 00:00:00+03:00,19.600000381469727,20.079999923706055,19.0,19.030000686645508,93792,0.0,0.0,0.0
2024-06-11 00:00:00+03:00,19.030000686645508,19.450000762939453,19.06999969482422,19.1200008392334,99386,0.0,0.0,0.0
2024-06-12 00:00:00+03:00,19.1200008392334,19.399999618530273,19.0,19.360000610351562,149660,0.0,0.0,0.0
2024-06-13 00:00:00+03:00,19.360000610351562,19.56999969482422,18.93000030517578,19.0,116100,0.0,0.0,0.0
2024-06-23 00:00:00+03:00,19.0,19.489999771118164,19.049999237060547,19.270000457763672,43548,0.0,0.0,0.0
2024-06-24 00:00:00+03:00,19.270000457763672,19.59000015258789,19.170000076293945,19.190000534057617,38556,0.0,0.0,0.0
2024-06-25 00:00:00+03:00,19.190000534057617,19.389999389648438,18.93000030517578,19.059999465942383,113352,0.0,0.0,0.0
2024-06-26 00:00:00+03:00,19.059999465942383,19.75,19.049999237060547,19.15999984741211,176953,0.0,0.0,0.0
2024-06-27 00:00:00+03:00,19.15999984741211,19.790000915527344,19.329999923706055,19.3700008392334,227794,0.0,0.0,0.0
2024-07-02 00:00:00+03:00,19.350000381469727,19.639999389648438,19.0,19.040000915527344,176483,0.0,0.0,0.0
2024-07-03 00:00:00+03:00,19.040000915527344,19.43000030517578,18.6200008392334,18.690000534057617,297976,0.0,0.0,0.0
2024-07-04 00:00:00+03:00,18.690000534057617,19.59000015258789,18.489999771118164,18.5,391673,0.0,0.0,0.0
2024-07-07 00:00:00+03:00,18.5,18.989999771118164,18.600000381469727,18.709999084472656,193151,0.0,0.0,0.0
2024-07-08 00:00:00+03:00,18.709999084472656,19.200000762939453,18.709999084472656,19.100000381469727,465028,0.0,0.0,0.0
2024-07-09 00:00:00+03:00,19.100000381469727,20.399999618530273,19.0,19.989999771118164,978317,0.0,0.0,0.0
2024-07-10 00:00:00+03:00,19.989999771118164,20.489999771118164,19.760000228881836,19.780000686645508,230676,0.0,0.0,0.0
2024-07-14 00:00:00+03:00,19.780000686645508,20.0,19.6200008392334,19.81999969482422,49048,0.0,0.0,0.0
2024-07-15 00:00:00+03:00,19.81999969482422,20.0,19.399999618530273,19.510000228881836,72471,0.0,0.0,0.0
2024-07-16 00:00:00+03:00,19.510000228881836,19.799999237060547,19.34000015258789,19.469999313354492,67647,0.0,0.0,0.0
2024-07-17 00:00:00+03:00,19.469999313354492,20.0,19.450000762939453,19.770000457763672,117480,0.0,0.0,0.0
2024-07-18 00:00:00+03:00,19.770000457763672,19.920000076293945,19.520000457763672,19.75,153161,0.0,0.0,0.0
2024-07-21 00:00:00+03:00,19.75,19.719999313354492,19.530000686645508,19.690000534057617,97847,0.0,0.0,0.0
2024-07-22 00:00:00+03:00,19.690000534057617,19.799999237060547,19.600000381469727,19.729999542236328,94271,0.0,0.0,0.0
2024-07-23 00:00:00+03:00,19.729999542236328,20.600000381469727,19.709999084472656,20.299999237060547,282573,0.0,0.0,0.0
2024-07-24 00:00:00+03:00,20.299999237060547,21.5,20.5,20.920000076293945,399912,0.0,0.0,0.0
2024-07-28 00:00:00+03:00,20.920000076293945,21.399999618530273,20.649999618530273,20.68000030517578,144269,0.0,0.0,0.0
2024-07-29 00:00:00+03:00,20.68000030517578,21.18000030517578,20.600000381469727,20.65999984741211,126846,0.0,0.0,0.0
2024-07-30 00:00:00+03:00,20.65999984741211,21.100000381469727,20.520000457763672,20.940000534057617,103142,0.0,0.0,0.0
2024-07-31 00:00:00+03:00,20.940000534057617,21.0,20.700000762939453,20.760000228881836,105365,0.0,0.0,0.0
2024-08-01 00:00:00+03:00,20.760000228881836,21.0,20.5,20.610000610351562,102377,0.0,0.0,0.0
2024-08-04 00:00:00+03:00,20.610000610351562,20.690000534057617,19.0,19.56999969482422,89502,0.0,0.0,0.0
2024-08-05 00:00:00+03:00,19.56999969482422,19.5,18.020000457763672,18.979999542236328,138387,0.0,0.0,0.0
2024-08-06 00:00:00+03:00,18.979999542236328,20.399999618530273,18.739999771118164,20.030000686645508,248840,0.0,0.0,0.0
2024-08-07 00:00:00+03:00,20.030000686645508,21.0,20.5,20.809999465942383,217304,0.0,0.0,0.0
2024-08-08 00:00:00+03:00,20.809999465942383,21.0,20.549999237060547,20.829999923706055,143441,0.0,0.0,0.0
2024-08-11 00:00:00+03:00,20.829999923706055,21.700000762939453,20.950000762939453,21.6299991607666,320475,0.0,0.0,0.0
2024-08-12 00:00:00+03:00,21.6299991607666,22.899999618530273,21.889999389648438,22.549999237060547,407627,0.0,0.0,0.0
2024-08-13 00:00:00+03:00,16.95488739013672,17.14285659790039,16.736841201782227,16.774436950683594,356082,0.0,0.0,0.0
2024-08-14 00:00:00+03:00,16.774436950683594,16.89473533630371,16.225563049316406,16.413532257080078,308887,0.0,0.0,0.0
2024-08-15 00:00:00+03:00,16.413532257080078,16.759397506713867,16.345863342285156,16.56390953063965,104361,0.0,0.0,0.0
2024-08-18 00:00:00+03:00,16.56390953063965,16.902254104614258,16.541353225708008,16.72932243347168,115925,0.0,0.0,0.0
2024-08-19 00:00:00+03:00,16.72932243347168,16.87969970703125,16.578947067260742,16.661653518676758,169158,0.0,0.0,0.0
2024-08-20 00:00:00+03:00,16.661653518676758,16.842105865478516,16.46616554260254,16.496240615844727,498867,0.0,0.0,0.0
2024-08-21 00:00:00+03:00,16.496240615844727,16.87969970703125,16.46616554260254,16.691728591918945,484658,0.0,0.0,0.0
2024-08-22 00:00:00+03:00,16.691999435424805,17.200000762939453,16.399999618530273,16.5,313938,0.0,1.33,0.0
2024-08-25 00:00:00+03:00,16.5,16.6200008392334,16.0,16.06999969482422,436287,0.0,0.0,0.0
2024-08-26 00:00:00+03:00,16.06999969482422,16.239999771118164,15.829999923706055,15.920000076293945,180483,0.0,0.0,0.0
2024-08-27 00:00:00+03:00,15.920000076293945,16.0,15.720000267028809,15.8100004196167,267716,0.0,0.0,0.0
2024-08-28 00:00:00+03:00,15.8100004196167,15.890000343322754,15.729999542236328,15.84000015258789,250785,0.0,0.0,0.0
2024-08-29 00:00:00+03:00,15.84000015258789,16.110000610351562,15.619999885559082,15.789999961853027,384474,0.0,0.0,0.0
2024-09-01 00:00:00+03:00,15.789999961853027,15.979999542236328,15.649999618530273,15.819999694824219,152887,0.0,0.0,0.0
2024-09-02 00:00:00+03:00,15.819999694824219,15.970000267028809,15.739999771118164,15.75,193323,0.0,0.0,0.0
2024-09-03 00:00:00+03:00,15.75,15.90999984741211,15.770000457763672,15.789999961853027,124772,0.0,0.0,0.0
2024-09-04 00:00:00+03:00,15.789999961853027,15.9399995803833,15.609999656677246,15.770000457763672,324180,0.0,0.0,0.0
2024-09-05 00:00:00+03:00,15.770000457763672,15.9399995803833,15.710000038146973,15.779999732971191,96514,0.0,0.0,0.0
2024-09-08 00:00:00+03:00,15.779999732971191,15.90999984741211,15.640000343322754,15.6899995803833,83045,0.0,0.0,0.0
2024-09-09 00:00:00+03:00,15.6899995803833,15.880000114440918,15.5600004196167,15.609999656677246,112651,0.0,0.0,0.0
2024-09-10 00:00:00+03:00,15.609999656677246,15.699999809265137,15.510000228881836,15.600000381469727,119043,0.0,0.0,0.0
2024-09-11 00:00:00+03:00,15.600000381469727,15.739999771118164,15.5,15.699999809265137,103361,0.0,0.0,0.0
2024-09-12 00:00:00+03:00,15.699999809265137,15.75,15.300000190734863,15.380000114440918,221326,0.0,0.0,0.0
2024-09-16 00:00:00+03:00,15.380000114440918,15.529999732971191,15.050000190734863,15.100000381469727,292868,0.0,0.0,0.0
2024-09-17 00:00:00+03:00,15.100000381469727,15.199999809265137,14.9399995803833,15.020000457763672,137553,0.0,0.0,0.0
2024-09-18 00:00:00+03:00,15.020000457763672,15.1899995803833,15.0,15.149999618530273,88328,0.0,0.0,0.0
2024-09-19 00:00:00+03:00,15.149999618530273,15.319999694824219,15.0,15.010000228881836,211409,0.0,0.0,0.0
2024-09-22 00:00:00+03:00,15.010000228881836,15.5,15.0600004196167,15.380000114440918,268940,0.0,0.0,0.0
2024-09-23 00:00:00+03:00,15.380000114440918,15.970000267028809,15.529999732971191,15.850000381469727,894152,0.0,0.0,0.0
2024-09-24 00:00:00+03:00,16.190000534057617,16.360000610351562,16.0,16.020000457763672,351592,0.0,0.0,0.0
2024-09-25 00:00:00+03:00,15.899999618530273,16.399999618530273,15.9399995803833,16.190000534057617,548084,0.0,0.0,0.0
2024-09-26 00:00:00+03:00,16.190000534057617,16.360000610351562,16.0,16.020000457763672,351592,0.0,0.0,0.0
2024-09-29 00:00:00+03:00,16.020000457763672,16.190000534057617,16.0,16.040000915527344,170539,0.0,0.0,0.0
2024-09-30 00:00:00+03:00,16.040000915527344,16.639999389648438,16.0,16.600000381469727,890416,0.0,0.0,0.0
2024-10-01 00:00:00+03:00,16.600000381469727,16.739999771118164,16.139999389648438,16.139999389648438,2577247,0.0,0.0,0.0
2024-10-02 00:00:00+03:00,16.139999389648438,16.280000686645508,15.819999694824219,15.899999618530273,357170,0.0,0.0,0.0
2024-10-03 00:00:00+03:00,15.899999618530273,16.0,15.800000190734863,15.859999656677246,105948,0.0,0.0,0.0
2024-10-07 00:00:00+03:00,15.859999656677246,16.239999771118164,15.800000190734863,15.829999923706055,84535,0.0,0.0,0.0
2024-10-08 00:00:00+03:00,15.829999923706055,15.90999984741211,15.399999618530273,15.460000038146973,110668,0.0,0.0,0.0
2024-10-09 00:00:00+03:00,15.460000038146973,15.779999732971191,15.199999809265137,15.430000305175781,150330,0.0,0.0,0.0
2024-10-10 00:00:00+03:00,15.430000305175781,15.5,15.300000190734863,15.4399995803833,235332,0.0,0.0,0.0
2024-10-13 00:00:00+03:00,15.4399995803833,15.600000381469727,15.220000267028809,15.229999542236328,259105,0.0,0.0,0.0
2024-10-14 00:00:00+03:00,15.229999542236328,15.380000114440918,14.829999923706055,15.220000267028809,254454,0.0,0.0,0.0
2024-10-15 00:00:00+03:00,15.220000267028809,15.600000381469727,15.260000228881836,15.520000457763672,243045,0.0,0.0,0.0
2024-10-16 00:00:00+03:00,15.520000457763672,15.84000015258789,15.510000228881836,15.6899995803833,194147,0.0,0.0,0.0
2024-10-17 00:00:00+03:00,15.6899995803833,15.789999961853027,15.420000076293945,15.5,76595,0.0,0.0,0.0
2024-10-20 00:00:00+03:00,15.5,15.680000305175781,15.210000038146973,15.319999694824219,173304,0.0,0.0,0.0
2024-10-21 00:00:00+03:00,15.319999694824219,15.359999656677246,14.880000114440918,15.329999923706055,227693,0.0,0.0,0.0
2024-10-22 00:00:00+03:00,15.329999923706055,16.5,15.329999923706055,16.040000915527344,789924,0.0,0.0,0.0
2024-10-23 00:00:00+03:00,16.040000915527344,16.68000030517578,15.949999809265137,16.25,543099,0.0,0.0,0.0
2024-10-24 00:00:00+03:00,16.25,16.68000030517578,16.170000076293945,16.209999084472656,281895,0.0,0.0,0.0
2024-10-27 00:00:00+03:00,16.209999084472656,17.200000762939453,16.219999313354492,17.200000762939453,1620308,0.0,0.0,0.0
2024-10-28 00:00:00+03:00,17.200000762939453,18.170000076293945,17.34000015258789,17.989999771118164,2400194,0.0,0.0,0.0
2024-10-29 00:00:00+03:00,17.989999771118164,18.469999313354492,17.440000534057617,17.469999313354492,372095,0.0,0.0,0.0
2024-10-30 00:00:00+03:00,17.469999313354492,17.950000762939453,17.25,17.299999237060547,437739,0.0,0.0,0.0
2024-10-31 00:00:00+03:00,17.299999237060547,17.510000228881836,17.280000686645508,17.299999237060547,485033,0.0,0.0,0.0
2024-11-03 00:00:00+02:00,17.299999237060547,18.84000015258789,17.649999618530273,18.260000228881836,1307378,0.0,0.0,0.0
2024-11-04 00:00:00+02:00,18.260000228881836,18.639999389648438,17.610000610351562,17.75,765898,0.0,0.0,0.0
2024-11-05 00:00:00+02:00,17.75,18.5,17.780000686645508,18.489999771118164,637850,0.0,0.0,0.0
2024-11-06 00:00:00+02:00,18.489999771118164,18.649999618530273,18.0,18.15999984741211,677503,0.0,0.0,0.0
2024-11-07 00:00:00+02:00,18.15999984741211,18.389999389648438,17.920000076293945,18.139999389648438,665075,0.0,0.0,0.0
2024-11-10 00:00:00+02:00,18.139999389648438,18.389999389648438,18.030000686645508,18.15999984741211,168123,0.0,0.0,0.0
2024-11-11 00:00:00+02:00,18.15999984741211,18.399999618530273,18.1200008392334,18.200000762939453,431829,0.0,0.0,0.0
2024-11-12 00:00:00+02:00,18.200000762939453,19.3799991607666,18.18000030517578,19.0,2168220,0.0,0.0,0.0
2024-11-13 00:00:00+02:00,19.0,19.399999618530273,18.799999237060547,18.799999237060547,1181947,0.0,0.0,0.0
2024-11-14 00:00:00+02:00,18.799999237060547,19.389999389648438,18.760000228881836,18.860000610351562,456076,0.0,0.0,0.0
2024-11-17 00:00:00+02:00,18.860000610351562,19.149999618530273,18.5,18.520000457763672,320397,0.0,0.0,0.0
2024-11-18 00:00:00+02:00,18.520000457763672,19.149999618530273,18.510000228881836,18.520000457763672,789169,0.0,0.0,0.0
2024-11-19 00:00:00+02:00,18.520000457763672,18.790000915527344,18.15999984741211,18.520000457763672,371439,0.0,0.0,0.0
2024-11-20 00:00:00+02:00,18.520000457763672,19.100000381469727,18.600000381469727,18.649999618530273,623364,0.0,0.0,0.0
2024-11-21 00:00:00+02:00,18.649999618530273,19.200000762939453,18.510000228881836,18.809999465942383,901381,0.0,0.0,0.0
2024-11-24 00:00:00+02:00,18.809999465942383,19.0,18.559999465942383,18.6299991607666,599648,0.0,0.0,0.0
2024-11-25 00:00:00+02:00,18.6299991607666,18.979999542236328,18.360000610351562,18.56999969482422,376276,0.0,0.0,0.0
2024-11-26 00:00:00+02:00,18.56999969482422,18.75,18.0,18.420000076293945,495511,0.0,0.0,0.0
2024-11-27 00:00:00+02:00,18.420000076293945,18.5,17.90999984741211,18.010000228881836,315662,0.0,0.0,0.0
2024-11-28 00:00:00+02:00,18.010000228881836,18.09000015258789,17.68000030517578,18.020000457763672,179121,0.0,0.0,0.0
2024-12-01 00:00:00+02:00,18.020000457763672,18.489999771118164,17.90999984741211,18.010000228881836,439445,0.0,0.0,0.0
2024-12-02 00:00:00+02:00,18.010000228881836,18.899999618530273,18.100000381469727,18.889999389648438,788775,0.0,0.0,0.0
2024-12-03 00:00:00+02:00,18.889999389648438,19.350000381469727,18.860000610351562,18.8700008392334,1679272,0.0,0.0,0.0
2024-12-04 00:00:00+02:00,18.8700008392334,19.399999618530273,18.889999389648438,19.200000762939453,395151,0.0,0.0,0.0
2024-12-05 00:00:00+02:00,19.200000762939453,19.479999542236328,19.110000610351562,19.190000534057617,473341,0.0,0.0,0.0
2024-12-08 00:00:00+02:00,19.190000534057617,20.0,19.260000228881836,19.739999771118164,1885923,0.0,0.0,0.0
2024-12-09 00:00:00+02:00,19.739999771118164,20.100000381469727,19.5,19.600000381469727,1170250,0.0,0.0,0.0
2024-12-10 00:00:00+02:00,19.600000381469727,19.690000534057617,17.510000228881836,18.899999618530273,1348540,0.0,0.0,0.0
2024-12-11 00:00:00+02:00,18.899999618530273,19.0,18.510000228881836,18.540000915527344,201124,0.0,0.0,0.0
2024-12-12 00:00:00+02:00,18.540000915527344,18.899999618530273,18.200000762939453,18.31999969482422,130293,0.0,0.0,0.0
2024-12-15 00:00:00+02:00,18.31999969482422,18.450000762939453,18.06999969482422,18.3700008392334,296374,0.0,0.0,0.0
2024-12-16 00:00:00+02:00,18.3700008392334,18.600000381469727,18.25,18.5,716582,0.0,0.0,0.0
2024-12-17 00:00:00+02:00,18.5,18.5,18.200000762939453,18.360000610351562,220756,0.0,0.0,0.0
2024-12-18 00:00:00+02:00,18.360000610351562,18.399999618530273,18.0,18.1299991607666,209952,0.0,0.0,0.0
2024-12-19 00:00:00+02:00,18.1299991607666,18.18000030517578,17.719999313354492,18.0,331518,0.0,0.0,0.0
2024-12-22 00:00:00+02:00,18.0,18.100000381469727,17.899999618530273,17.950000762939453,100749,0.0,0.0,0.0
2024-12-23 00:00:00+02:00,17.950000762939453,18.049999237060547,17.600000381469727,17.6200008392334,180213,0.0,0.0,0.0
2024-12-24 00:00:00+02:00,17.6200008392334,17.959999084472656,17.25,17.280000686645508,158560,0.0,0.0,0.0
2024-12-25 00:00:00+02:00,17.280000686645508,17.770000457763672,17.290000915527344,17.3799991607666,232603,0.0,0.0,0.0
2024-12-26 00:00:00+02:00,17.3799991607666,17.739999771118164,17.110000610351562,17.479999542236328,180805,0.0,0.0,0.0
2024-12-29 00:00:00+02:00,17.479999542236328,17.649999618530273,17.139999389648438,17.469999313354492,75985,0.0,0.0,0.0
2024-12-30 00:00:00+02:00,17.469999313354492,17.59000015258789,17.15999984741211,17.239999771118164,94457,0.0,0.0,0.0
2024-12-31 00:00:00+02:00,17.239999771118164,18.0,17.030000686645508,18.0,269983,0.0,0.0,0.0
2025-01-02 00:00:00+02:00,18.0,18.139999389648438,17.799999237060547,18.0,84493,0.0,0.0,0.0
2025-01-05 00:00:00+02:00,18.0,18.100000381469727,17.799999237060547,18.010000228881836,111994,0.0,0.0,0.0
2025-01-06 00:00:00+02:00,18.010000228881836,18.0,17.5,17.8700008392334,364233,0.0,0.0,0.0
2025-01-08 00:00:00+02:00,17.8700008392334,17.700000762939453,17.420000076293945,17.56999969482422,144501,0.0,0.0,0.0
2025-01-09 00:00:00+02:00,17.56999969482422,17.579999923706055,17.299999237060547,17.3700008392334,193382,0.0,0.0,0.0
2025-01-12 00:00:00+02:00,17.3700008392334,17.5,17.110000610351562,17.31999969482422,147248,0.0,0.0,0.0
2025-01-13 00:00:00+02:00,17.31999969482422,17.450000762939453,17.0,17.010000228881836,242998,0.0,0.0,0.0
2025-01-14 00:00:00+02:00,17.010000228881836,17.190000534057617,16.549999237060547,16.940000534057617,220568,0.0,0.0,0.0
2025-01-15 00:00:00+02:00,16.940000534057617,17.239999771118164,16.799999237060547,17.049999237060547,181526,0.0,0.0,0.0
2025-01-16 00:00:00+02:00,17.049999237060547,17.15999984741211,16.84000015258789,16.889999389648438,398997,0.0,0.0,0.0
2025-01-19 00:00:00+02:00,17.049999237060547,17.200000762939453,16.799999237060547,16.989999771118164,530689,0.0,0.0,0.0
2025-01-20 00:00:00+02:00,16.959999084472656,17.030000686645508,16.8799991607666,16.889999389648438,137679,0.0,0.0,0.0
2025-01-21 00:00:00+02:00,16.889999389648438,17.270000457763672,16.799999237060547,17.25,292729,0.0,0.0,0.0
2025-01-22 00:00:00+02:00,17.25,17.399999618530273,17.0,17.059999465942383,170780,0.0,0.0,0.0
2025-01-23 00:00:00+02:00,17.059999465942383,17.190000534057617,16.75,16.8700008392334,131748,0.0,0.0,0.0
2025-01-26 00:00:00+02:00,16.8700008392334,17.0,16.799999237060547,16.850000381469727,126553,0.0,0.0,0.0
2025-01-27 00:00:00+02:00,16.850000381469727,17.239999771118164,16.75,17.0,266010,0.0,0.0,0.0
2025-01-28 00:00:00+02:00,17.0,17.18000030517578,16.989999771118164,17.100000381469727,423016,0.0,0.0,0.0
2025-01-29 00:00:00+02:00,17.100000381469727,17.200000762939453,16.84000015258789,17.139999389648438,63922,0.0,0.0,0.0
2025-01-30 00:00:00+02:00,17.139999389648438,17.18000030517578,17.030000686645508,17.049999237060547,101513,0.0,0.0,0.0
2025-02-02 00:00:00+02:00,17.049999237060547,17.700000762939453,16.950000762939453,17.110000610351562,191235,0.0,0.0,0.0
2025-02-03 00:00:00+02:00,17.110000610351562,17.690000534057617,16.90999984741211,17.100000381469727,243833,0.0,0.0,0.0
2025-02-04 00:00:00+02:00,17.100000381469727,17.6299991607666,17.110000610351562,17.450000762939453,333227,0.0,0.0,0.0
2025-02-05 00:00:00+02:00,17.450000762939453,17.600000381469727,17.219999313354492,17.5,93603,0.0,0.0,0.0
2025-02-06 00:00:00+02:00,17.5,17.899999618530273,17.25,17.790000915527344,197542,0.0,0.0,0.0
2025-02-09 00:00:00+02:00,17.790000915527344,19.399999618530273,18.389999389648438,18.700000762939453,2373656,0.0,0.0,0.0
2025-02-10 00:00:00+02:00,18.700000762939453,19.239999771118164,18.549999237060547,18.829999923706055,1703870,0.0,0.0,0.0
2025-02-11 00:00:00+02:00,18.829999923706055,18.969999313354492,17.639999389648438,17.780000686645508,568585,0.0,0.0,0.0
2025-02-12 00:00:00+02:00,17.780000686645508,18.25,17.5,18.200000762939453,762834,0.0,0.0,0.0
2025-02-13 00:00:00+02:00,18.200000762939453,18.479999542236328,18.0,18.09000015258789,325535,0.0,0.0,0.0
2025-02-16 00:00:00+02:00,18.09000015258789,18.389999389648438,18.06999969482422,18.100000381469727,144963,0.0,0.0,0.0
2025-02-17 00:00:00+02:00,18.100000381469727,18.549999237060547,18.100000381469727,18.5,300991,0.0,0.0,0.0
2025-02-18 00:00:00+02:00,18.5,18.68000030517578,18.299999237060547,18.420000076293945,200417,0.0,0.0,0.0
2025-02-19 00:00:00+02:00,18.420000076293945,18.420000076293945,18.110000610351562,18.229999542236328,57351,0.0,0.0,0.0
2025-02-20 00:00:00+02:00,18.229999542236328,18.31999969482422,17.950000762939453,18.049999237060547,125715,0.0,0.0,0.0
2025-02-23 00:00:00+02:00,18.049999237060547,19.09000015258789,18.200000762939453,19.06999969482422,1215939,0.0,0.0,0.0
2025-02-24 00:00:00+02:00,19.06999969482422,19.139999389648438,18.600000381469727,18.65999984741211,243034,0.0,0.0,0.0
2025-02-25 00:00:00+02:00,18.65999984741211,18.899999618530273,18.299999237060547,18.450000762939453,203773,0.0,0.0,0.0
2025-02-26 00:00:00+02:00,18.450000762939453,18.690000534057617,18.239999771118164,18.559999465942383,157236,0.0,0.0,0.0
2025-02-27 00:00:00+02:00,18.559999465942383,18.65999984741211,18.18000030517578,18.239999771118164,146032,0.0,0.0,0.0
2025-03-02 00:00:00+02:00,18.239999771118164,18.239999771118164,17.81999969482422,18.0,67942,0.0,0.0,0.0
2025-03-03 00:00:00+02:00,18.0,18.280000686645508,17.899999618530273,17.90999984741211,88282,0.0,0.0,0.0
2025-03-04 00:00:00+02:00,17.90999984741211,18.149999618530273,17.530000686645508,17.65999984741211,136118,0.0,0.0,0.0
2025-03-05 00:00:00+02:00,17.65999984741211,17.8799991607666,17.5,17.729999542236328,474060,0.0,0.0,0.0
2025-03-06 00:00:00+02:00,17.729999542236328,18.950000762939453,17.700000762939453,18.200000762939453,909582,0.0,0.0,0.0
2025-03-09 00:00:00+02:00,18.200000762939453,19.399999618530273,18.450000762939453,18.459999084472656,1147960,0.0,0.0,0.0
2025-03-10 00:00:00+02:00,18.459999084472656,18.75,18.020000457763672,18.059999465942383,392467,0.0,0.0,0.0
2025-03-11 00:00:00+02:00,18.059999465942383,18.260000228881836,18.0,18.100000381469727,204907,0.0,0.0,0.0
2025-03-12 00:00:00+02:00,18.100000381469727,18.170000076293945,17.90999984741211,18.0,193268,0.0,0.0,0.0
2025-03-13 00:00:00+02:00,18.0,18.469999313354492,17.899999618530273,18.200000762939453,242770,0.0,0.0,0.0
2025-03-16 00:00:00+02:00,18.200000762939453,18.5,18.1299991607666,18.5,277325,0.0,0.0,0.0
2025-03-17 00:00:00+02:00,18.5,18.700000762939453,18.399999618530273,18.440000534057617,328544,0.0,0.0,0.0
2025-03-18 00:00:00+02:00,18.440000534057617,18.75,18.229999542236328,18.739999771118164,770058,0.0,0.0,0.0
2025-03-19 00:00:00+02:00,18.739999771118164,19.209999084472656,18.5,19.040000915527344,1782955,0.0,0.0,0.0
2025-03-20 00:00:00+02:00,19.040000915527344,19.6299991607666,19.030000686645508,19.399999618530273,1187076,0.0,0.0,0.0
2025-03-23 00:00:00+02:00,19.399999618530273,19.549999237060547,19.100000381469727,19.350000381469727,240963,0.0,0.0,0.0
2025-03-24 00:00:00+02:00,19.350000381469727,19.549999237060547,18.700000762939453,18.959999084472656,215774,0.0,0.0,0.0
2025-03-25 00:00:00+02:00,18.959999084472656,19.299999237060547,18.649999618530273,19.040000915527344,180392,0.0,0.0,0.0
2025-03-26 00:00:00+02:00,19.040000915527344,19.399999618530273,19.010000228881836,19.360000610351562,261267,0.0,0.0,0.0
2025-03-27 00:00:00+02:00,19.360000610351562,19.799999237060547,19.149999618530273,19.799999237060547,228904,0.0,0.0,0.0
2025-04-03 00:00:00+02:00,19.799999237060547,19.790000915527344,19.329999923706055,19.56999969482422,185358,0.0,0.0,0.0
2025-04-06 00:00:00+02:00,19.56999969482422,18.979999542236328,18.40999984741211,18.56999969482422,159618,0.0,0.0,0.0
2025-04-07 00:00:00+02:00,18.56999969482422,18.8799991607666,18.149999618530273,18.75,157431,0.0,0.0,0.0
2025-04-08 00:00:00+02:00,18.75,19.0,18.350000381469727,18.950000762939453,154433,0.0,0.0,0.0
2025-04-09 00:00:00+02:00,18.950000762939453,18.899999618530273,17.600000381469727,18.25,321782,0.0,0.0,0.0
2025-04-10 00:00:00+02:00,18.25,19.3799991607666,18.450000762939453,18.969999313354492,346674,0.0,0.0,0.0
2025-04-13 00:00:00+02:00,18.969999313354492,19.489999771118164,18.850000381469727,19.06999969482422,254055,0.0,0.0,0.0
2025-04-14 00:00:00+02:00,19.06999969482422,19.34000015258789,18.950000762939453,19.030000686645508,323807,0.0,0.0,0.0
2025-04-15 00:00:00+02:00,19.030000686645508,19.399999618530273,18.90999984741211,19.209999084472656,219821,0.0,0.0,0.0
2025-04-16 00:00:00+02:00,19.209999084472656,19.290000915527344,18.950000762939453,19.06999969482422,96215,0.0,0.0,0.0
2025-04-17 00:00:00+02:00,19.06999969482422,19.149999618530273,18.899999618530273,19.049999237060547,146467,0.0,0.0,0.0
2025-04-22 00:00:00+02:00,19.049999237060547,19.200000762939453,18.899999618530273,18.90999984741211,44758,0.0,0.0,0.0
2025-04-23 00:00:00+02:00,18.90999984741211,19.209999084472656,18.5,19.200000762939453,149197,0.0,0.0,0.0
2025-04-27 00:00:00+03:00,19.200000762939453,19.389999389648438,18.950000762939453,19.0,714460,0.0,0.0,0.0
2025-04-28 00:00:00+03:00,19.0,19.170000076293945,18.920000076293945,18.93000030517578,103389,0.0,0.0,0.0
2025-04-29 00:00:00+03:00,18.93000030517578,19.100000381469727,18.809999465942383,18.850000381469727,144042,0.0,0.0,0.0
2025-04-30 00:00:00+03:00,18.850000381469727,19.139999389648438,18.799999237060547,18.90999984741211,140174,0.0,0.0,0.0
2025-05-04 00:00:00+03:00,18.90999984741211,19.170000076293945,18.780000686645508,19.100000381469727,342494,0.0,0.0,0.0
2025-05-05 00:00:00+03:00,19.100000381469727,19.1299991607666,18.799999237060547,18.809999465942383,571719,0.0,0.0,0.0
2025-05-06 00:00:00+03:00,18.809999465942383,19.0,18.600000381469727,18.639999389648438,355662,0.0,0.0,0.0
2025-05-07 00:00:00+03:00,18.639999389648438,19.0,18.6200008392334,18.690000534057617,325703,0.0,0.0,0.0
2025-05-08 00:00:00+03:00,18.690000534057617,18.81999969482422,18.43000030517578,18.43000030517578,137974,0.0,0.0,0.0
2025-05-11 00:00:00+03:00,18.43000030517578,18.950000762939453,18.520000457763672,18.610000610351562,41926,0.0,0.0,0.0
2025-05-12 00:00:00+03:00,18.610000610351562,18.799999237060547,18.459999084472656,18.489999771118164,175945,0.0,0.0,0.0
2025-05-13 00:00:00+03:00,18.489999771118164,18.600000381469727,18.5,18.5,123075,0.0,0.0,0.0
2025-05-14 00:00:00+03:00,18.5,18.700000762939453,18.31999969482422,18.459999084472656,41908,0.0,0.0,0.0
2025-05-15 00:00:00+03:00,18.459999084472656,18.600000381469727,18.3700008392334,18.489999771118164,147811,0.0,0.0,0.0
2025-05-18 00:00:00+03:00,18.489999771118164,18.770000457763672,18.399999618530273,18.399999618530273,150280,0.0,0.0,0.0
2025-05-19 00:00:00+03:00,18.399999618530273,18.399999618530273,18.25,18.25,69297,0.0,0.0,0.0
2025-05-20 00:00:00+03:00,18.25,18.489999771118164,18.079999923706055,18.290000915527344,75157,0.0,0.0,0.0
2025-05-21 00:00:00+03:00,18.290000915527344,18.5,18.18000030517578,18.329999923706055,32134,0.0,0.0,0.0
2025-05-22 00:00:00+03:00,18.329999923706055,18.59000015258789,18.25,18.59000015258789,157939,0.0,0.0,0.0
2025-05-25 00:00:00+03:00,18.59000015258789,18.799999237060547,18.350000381469727,18.760000228881836,206944,0.0,0.0,0.0
2025-05-26 00:00:00+03:00,18.760000228881836,19.030000686645508,18.549999237060547,18.940000534057617,401490,0.0,0.0,0.0
2025-05-27 00:00:00+03:00,18.940000534057617,18.989999771118164,18.540000915527344,18.90999984741211,201661,0.0,0.0,0.0
2025-05-28 00:00:00+03:00,18.90999984741211,19.0,18.469999313354492,18.6299991607666,104835,0.0,0.0,0.0
2025-05-29 00:00:00+03:00,18.6299991607666,18.899999618530273,18.549999237060547,18.6200008392334,20590,0.0,0.0,0.0
2025-06-01 00:00:00+03:00,18.6200008392334,18.860000610351562,18.420000076293945,18.520000457763672,29943,0.0,0.0,0.0
2025-06-02 00:00:00+03:00,18.520000457763672,18.81999969482422,18.200000762939453,18.219999313354492,217650,0.0,0.0,0.0
2025-06-03 00:00:00+03:00,18.219999313354492,18.469999313354492,18.350000381469727,18.40999984741211,95528,0.0,0.0,0.0
2025-06-04 00:00:00+03:00,18.40999984741211,18.75,18.3700008392334,18.420000076293945,82073,0.0,0.0,0.0
2025-06-10 00:00:00+03:00,18.420000076293945,18.739999771118164,18.389999389648438,18.440000534057617,107077,0.0,0.0,0.0
2025-06-11 00:00:00+03:00,18.440000534057617,19.200000762939453,18.559999465942383,19.0,754299,0.0,0.0,0.0
2025-06-12 00:00:00+03:00,19.0,19.100000381469727,18.68000030517578,18.770000457763672,388725,0.0,0.0,0.0
2025-06-15 00:00:00+03:00,18.770000457763672,18.09000015258789,17.559999465942383,17.950000762939453,306862,0.0,0.0,0.0
2025-06-16 00:00:00+03:00,17.950000762939453,18.5,17.280000686645508,17.979999542236328,136589,0.0,0.0,0.0
2025-06-17 00:00:00+03:00,17.979999542236328,18.25,17.0,17.020000457763672,232427,0.0,0.0,0.0
2025-06-18 00:00:00+03:00,17.020000457763672,18.0,16.81999969482422,17.420000076293945,107613,0.0,0.0,0.0
2025-06-19 00:00:00+03:00,17.420000076293945,17.969999313354492,16.969999313354492,17.059999465942383,145538,0.0,0.0,0.0
2025-06-22 00:00:00+03:00,17.059999465942383,17.43000030517578,16.899999618530273,17.3799991607666,202819,0.0,0.0,0.0
2025-06-23 00:00:00+03:00,17.3799991607666,17.690000534057617,17.420000076293945,17.649999618530273,163072,0.0,0.0,0.0
2025-06-24 00:00:00+03:00,17.649999618530273,18.190000534057617,17.649999618530273,18.040000915527344,322120,0.0,0.0,0.0
2025-06-25 00:00:00+03:00,18.040000915527344,19.399999618530273,17.770000457763672,19.399999618530273,694740,0.0,0.0,0.0
2025-06-29 00:00:00+03:00,19.399999618530273,19.399999618530273,18.799999237060547,18.899999618530273,809544,0.0,0.0,0.0
2025-06-30 00:00:00+03:00,18.899999618530273,19.329999923706055,18.670000076293945,19.010000228881836,352715,0.0,0.0,0.0
2025-07-01 00:00:00+03:00,19.010000228881836,19.290000915527344,18.739999771118164,19.0,1173099,0.0,0.0,0.0
2025-07-02 00:00:00+03:00,19.0,19.190000534057617,18.829999923706055,19.0,289136,0.0,0.0,0.0
2025-07-06 00:00:00+03:00,19.0,19.040000915527344,18.81999969482422,18.8799991607666,87150,0.0,0.0,0.0
2025-07-07 00:00:00+03:00,18.8799991607666,19.0,18.700000762939453,18.700000762939453,136064,0.0,0.0,0.0
2025-07-09 00:00:00+03:00,18.700000762939453,18.920000076293945,18.610000610351562,18.700000762939453,28282,0.0,0.0,0.0
2025-07-10 00:00:00+03:00,18.700000762939453,18.979999542236328,18.600000381469727,18.649999618530273,72488,0.0,0.0,0.0
2025-07-13 00:00:00+03:00,18.649999618530273,18.860000610351562,18.510000228881836,18.540000915527344,93871,0.0,0.0,0.0
2025-07-14 00:00:00+03:00,18.540000915527344,18.959999084472656,18.399999618530273,18.6299991607666,211149,0.0,0.0,0.0
2025-07-15 00:00:00+03:00,18.6299991607666,18.799999237060547,18.520000457763672,18.600000381469727,96613,0.0,0.0,0.0
2025-07-16 00:00:00+03:00,18.600000381469727,18.799999237060547,18.600000381469727,18.6200008392334,46840,0.0,0.0,0.0
2025-07-17 00:00:00+03:00,18.6200008392334,18.670000076293945,18.479999542236328,18.639999389648438,371814,0.0,0.0,0.0
2025-07-20 00:00:00+03:00,18.639999389648438,18.790000915527344,18.510000228881836,18.6299991607666,144375,0.0,0.0,0.0
2025-07-21 00:00:00+03:00,18.6299991607666,18.700000762939453,18.450000762939453,18.510000228881836,130912,0.0,0.0,0.0
2025-07-22 00:00:00+03:00,18.510000228881836,18.670000076293945,18.489999771118164,18.6299991607666,138689,0.0,0.0,0.0
2025-07-23 00:00:00+03:00,18.6299991607666,18.6299991607666,18.6299991607666,18.6299991607666,0,0.0,0.0,0.0
2025-07-27 00:00:00+03:00,18.440000534057617,18.600000381469727,18.459999084472656,18.540000915527344,98350,0.0,0.0,0.0
2025-07-28 00:00:00+03:00,18.540000915527344,18.639999389648438,18.25,18.329999923706055,138261,0.0,0.0,0.0
2025-07-29 00:00:00+03:00,18.329999923706055,18.43000030517578,18.329999923706055,18.360000610351562,45542,0.0,0.0,0.0
2025-07-30 00:00:00+03:00,18.360000610351562,18.540000915527344,18.31999969482422,18.459999084472656,122252,0.0,0.0,0.0
2025-07-31 00:00:00+03:00,18.459999084472656,18.790000915527344,18.5,18.700000762939453,271030,0.0,0.0,0.0
2025-08-03 00:00:00+03:00,18.700000762939453,18.700000762939453,18.700000762939453,18.700000762939453,0,0.0,0.0,0.0
2025-08-04 00:00:00+03:00,18.700000762939453,18.700000762939453,18.700000762939453,18.700000762939453,0,0.0,0.0,0.0
2025-08-05 00:00:00+03:00,18.700000762939453,18.700000762939453,18.700000762939453,18.700000762939453,0,0.0,0.0,0.0
2025-08-06 00:00:00+03:00,18.700000762939453,18.700000762939453,18.700000762939453,18.700000762939453,0,0.0,0.0,0.0
2025-08-07 00:00:00+03:00,18.700000762939453,18.700000762939453,18.700000762939453,18.700000762939453,0,0.0,0.0,0.0
2025-08-10 00:00:00+03:00,18.5,18.649999618530273,18.479999542236328,18.5,692651,0.0,0.0,0.0
2025-08-11 00:00:00+03:00,18.5,18.639999389648438,18.3700008392334,18.5,874145,0.0,0.0,0.0
2025-08-12 00:00:00+03:00,18.5,18.579999923706055,18.389999389648438,18.5,3637521,0.0,0.0,0.0
2025-08-13 00:00:00+03:00,18.5,18.559999465942383,18.420000076293945,18.469999313354492,1659660,0.0,0.0,0.0
2025-08-14 00:00:00+03:00,18.469999313354492,18.549999237060547,18.3700008392334,18.520000457763672,4769314,0.0,0.0,0.0
2025-08-17 00:00:00+03:00,18.520000457763672,18.600000381469727,18.43000030517578,18.549999237060547,202469,0.0,0.0,0.0
2025-08-18 00:00:00+03:00,18.549999237060547,18.790000915527344,18.610000610351562,18.65999984741211,385260,0.0,0.0,0.0
2025-08-19 00:00:00+03:00,18.65999984741211,19.309999465942383,18.6200008392334,18.90999984741211,729438,0.0,0.0,0.0
2025-08-20 00:00:00+03:00,18.90999984741211,18.989999771118164,18.709999084472656,18.780000686645508,321017,0.0,0.0,0.0
2025-08-21 00:00:00+03:00,18.780000686645508,19.0,18.700000762939453,18.709999084472656,197624,0.0,0.0,0.0
2025-08-24 00:00:00+03:00,18.709999084472656,19.18000030517578,18.75,19.049999237060547,595381,0.0,0.0,0.0
2025-08-25 00:00:00+03:00,19.049999237060547,19.25,19.0,19.059999465942383,401552,0.0,0.0,0.0
2025-08-26 00:00:00+03:00,19.059999465942383,20.100000381469727,19.059999465942383,19.709999084472656,1390429,0.0,0.0,0.0
2025-08-27 00:00:00+03:00,19.709999084472656,19.950000762939453,19.600000381469727,19.690000534057617,205836,0.0,0.0,0.0
2025-08-28 00:00:00+03:00,19.690000534057617,19.889999389648438,19.649999618530273,19.709999084472656,87271,0.0,0.0,0.0
2025-08-31 00:00:00+03:00,19.709999084472656,19.799999237060547,19.1200008392334,19.270000457763672,193598,0.0,0.0,0.0
2025-09-01 00:00:00+03:00,19.270000457763672,19.389999389648438,19.09000015258789,19.100000381469727,131489,0.0,0.0,0.0
2025-09-02 00:00:00+03:00,19.100000381469727,19.950000762939453,19.149999618530273,19.549999237060547,221240,0.0,0.0,0.0
2025-09-03 00:00:00+03:00,19.549999237060547,19.8799991607666,19.020000457763672,19.270000457763672,152010,0.0,0.0,0.0
2025-09-07 00:00:00+03:00,19.270000457763672,19.600000381469727,19.0,19.079999923706055,230086,0.0,0.0,0.0
2025-09-08 00:00:00+03:00,19.079999923706055,19.290000915527344,18.920000076293945,18.989999771118164,138559,0.0,0.0,0.0
2025-09-09 00:00:00+03:00,13.818949699401855,14.015427589416504,13.542426109313965,13.622471809387207,1052450,0.0,0.0,0.0
2025-09-10 00:00:00+03:00,13.622471809387207,13.709795951843262,13.535148620605469,13.68068790435791,325520,0.0,0.0,0.0
2025-09-11 00:00:00+03:00,13.68068790435791,13.789841651916504,13.68068790435791,13.687965393066406,203895,0.0,0.0,0.0
2025-09-14 00:00:00+03:00,13.687965393066406,13.97176742553711,13.687965393066406,13.891719818115234,227996,0.0,0.0,0.0
2025-09-15 00:00:00+03:00,13.891719818115234,13.979043960571289,13.862611770629883,13.891719818115234,234630,0.0,0.0,0.0
2025-09-16 00:00:00+03:00,13.891719818115234,13.920827865600586,13.542426109313965,13.709795951843262,229403,0.0,0.0,0.0
2025-09-17 00:00:00+03:00,13.709795951843262,14.408384323120117,13.67341136932373,13.789841651916504,393430,0.0,0.0,0.0
2025-09-18 00:00:00+03:00,13.789999961853027,14.300000190734863,13.630000114440918,14.079999923706055,2198916,0.0,1.3741998,0.0
2025-09-21 00:00:00+03:00,14.079999923706055,14.25,13.850000381469727,13.90999984741211,387754,0.0,0.0,0.0
2025-09-22 00:00:00+03:00,13.90999984741211,14.130000114440918,13.850000381469727,14.0,531104,0.0,0.0,0.0
2025-09-23 00:00:00+03:00,14.0,14.100000381469727,13.789999961853027,13.819999694824219,86463,0.0,0.0,0.0
2025-09-24 00:00:00+03:00,13.819999694824219,14.600000381469727,13.800000190734863,14.569999694824219,1008993,0.0,0.0,0.0
2025-09-25 00:00:00+03:00,14.569999694824219,14.899999618530273,14.149999618530273,14.890000343322754,404353,0.0,0.0,0.0
2025-09-28 00:00:00+03:00,14.890000343322754,14.899999618530273,14.300000190734863,14.399999618530273,542032,0.0,0.0,0.0
2025-09-29 00:00:00+03:00,14.399999618530273,15.100000381469727,14.3100004196167,15.029999732971191,1526031,0.0,0.0,0.0
2025-09-30 00:00:00+03:00,15.029999732971191,15.59000015258789,15.0600004196167,15.5600004196167,1882170,0.0,0.0,0.0
2025-10-01 00:00:00+03:00,15.5600004196167,15.630000114440918,15.15999984741211,15.489999771118164,843227,0.0,0.0,0.0
2025-10-02 00:00:00+03:00,15.489999771118164,15.579999923706055,14.899999618530273,15.069999694824219,828288,0.0,0.0,0.0
2025-10-05 00:00:00+03:00,15.069999694824219,15.5,15.069999694824219,15.109999656677246,515561,0.0,0.0,0.0
2025-10-06 00:00:00+03:00,15.109999656677246,15.390000343322754,15.109999656677246,15.199999809265137,200729,0.0,0.0,0.0
2025-10-07 00:00:00+03:00,15.199999809265137,15.220000267028809,14.9399995803833,15.100000381469727,415059,0.0,0.0,0.0
2025-10-08 00:00:00+03:00,15.100000381469727,15.489999771118164,15.0,15.420000076293945,305479,0.0,0.0,0.0
2025-10-12 00:00:00+03:00,15.420000076293945,15.460000038146973,14.90999984741211,15.119999885559082,8841190,0.0,0.0,0.0
2025-10-13 00:00:00+03:00,15.119999885559082,15.630000114440918,15.199999809265137,15.520000457763672,2042088,0.0,0.0,0.0
2025-10-14 00:00:00+03:00,15.520000457763672,16.0,15.5,15.779999732971191,782509,0.0,0.0,0.0
2025-10-15 00:00:00+03:00,15.779999732971191,15.859999656677246,15.270000457763672,15.350000381469727,405412,0.0,0.0,0.0
2025-10-16 00:00:00+03:00,15.350000381469727,15.600000381469727,15.319999694824219,15.399999618530273,156117,0.0,0.0,0.0
2025-10-19 00:00:00+03:00,15.399999618530273,15.5,15.25,15.300000190734863,182804,0.0,0.0,0.0
2025-10-20 00:00:00+03:00,15.300000190734863,15.4399995803833,15.149999618530273,15.15999984741211,346663,0.0,0.0,0.0
2025-10-21 00:00:00+03:00,15.15999984741211,15.270000457763672,14.729999542236328,14.779999732971191,768515,0.0,0.0,0.0
2025-10-22 00:00:00+03:00,14.779999732971191,14.899999618530273,14.399999618530273,14.609999656677246,1518659,0.0,0.0,0.0
2025-10-23 00:00:00+03:00,14.609999656677246,16.399999618530273,14.609999656677246,15.75,5958160,0.0,0.0,0.0
2025-10-26 00:00:00+03:00,15.75,16.200000762939453,15.5,15.680000305175781,2334210,0.0,0.0,0.0
2025-10-27 00:00:00+03:00,15.680000305175781,15.899999618530273,15.359999656677246,15.40999984741211,799556,0.0,0.0,0.0
2025-10-28 00:00:00+03:00,15.40999984741211,15.5,15.199999809265137,15.199999809265137,644725,0.0,0.0,0.0
2025-10-29 00:00:00+03:00,15.199999809265137,15.680000305175781,15.289999961853027,15.34000015258789,1346338,0.0,0.0,0.0
2025-10-30 00:00:00+03:00,15.34000015258789,15.989999771118164,15.359999656677246,15.880000114440918,2841459,0.0,0.0,0.0
2025-11-02 00:00:00+02:00,15.880000114440918,16.5,15.930000305175781,16.010000228881836,4876643,0.0,0.0,0.0
2025-11-03 00:00:00+02:00,16.010000228881836,16.600000381469727,15.899999618530273,16.450000762939453,5589380,0.0,0.0,0.0
2025-11-04 00:00:00+02:00,16.450000762939453,16.75,16.100000381469727,16.5,5394443,0.0,0.0,0.0
2025-11-05 00:00:00+02:00,16.5,17.600000381469727,16.600000381469727,17.549999237060547,9668486,0.0,0.0,0.0
2025-11-06 00:00:00+02:00,17.549999237060547,17.799999237060547,16.510000228881836,16.510000228881836,7704746,0.0,0.0,0.0
2025-11-09 00:00:00+02:00,16.510000228881836,16.8799991607666,16.459999084472656,16.65999984741211,4002006,0.0,0.0,0.0
2025-11-10 00:00:00+02:00,16.65999984741211,16.799999237060547,16.5,16.510000228881836,1559601,0.0,0.0,0.0
2025-11-11 00:00:00+02:00,16.510000228881836,17.200000762939453,16.600000381469727,16.979999542236328,7497380,0.0,0.0,0.0
2025-11-12 00:00:00+02:00,16.979999542236328,17.149999618530273,16.5,16.65999984741211,3063794,0.0,0.0,0.0
2025-11-13 00:00:00+02:00,16.65999984741211,16.799999237060547,16.31999969482422,16.329999923706055,4002325,0.0,0.0,0.0
2025-11-16 00:00:00+02:00,16.329999923706055,16.5,16.209999084472656,16.3799991607666,1678942,0.0,0.0,0.0
2025-11-17 00:00:00+02:00,16.3799991607666,16.440000534057617,16.219999313354492,16.420000076293945,999289,0.0,0.0,0.0
2025-11-18 00:00:00+02:00,16.420000076293945,16.5,15.880000114440918,15.9399995803833,2247782,0.0,0.0,0.0
2025-11-19 00:00:00+02:00,15.9399995803833,16.110000610351562,15.800000190734863,15.899999618530273,769245,0.0,0.0,0.0
2025-11-20 00:00:00+02:00,15.899999618530273,16.0,15.720000267028809,15.869999885559082,1536719,0.0,0.0,0.0
2025-11-23 00:00:00+02:00,15.869999885559082,15.859999656677246,15.600000381469727,15.630000114440918,500263,0.0,0.0,0.0
2025-11-24 00:00:00+02:00,15.630000114440918,15.770000457763672,15.390000343322754,15.399999618530273,649949,0.0,0.0,0.0
2025-11-25 00:00:00+02:00,15.399999618530273,15.569999694824219,14.920000076293945,14.989999771118164,1971570,0.0,0.0,0.0
2025-11-26 00:00:00+02:00,14.989999771118164,15.289999961853027,14.899999618530273,14.90999984741211,612740,0.0,0.0,0.0
2025-11-27 00:00:00+02:00,14.90999984741211,15.100000381469727,14.75,15.100000381469727,1421286,0.0,0.0,0.0
2025-11-30 00:00:00+02:00,15.100000381469727,15.470000267028809,15.039999961853027,15.199999809265137,1667461,0.0,0.0,0.0
2025-12-01 00:00:00+02:00,15.199999809265137,15.449999809265137,15.210000038146973,15.239999771118164,489454,0.0,0.0,0.0
2025-12-02 00:00:00+02:00,15.239999771118164,15.739999771118164,15.210000038146973,15.699999809265137,527044,0.0,0.0,0.0
2025-12-03 00:00:00+02:00,15.699999809265137,16.34000015258789,15.6899995803833,16.200000762939453,1867925,0.0,0.0,0.0
2025-12-04 00:00:00+02:00,16.200000762939453,16.56999969482422,16.110000610351562,16.520000457763672,3308409,0.0,0.0,0.0
2025-12-07 00:00:00+02:00,16.520000457763672,16.950000762939453,16.309999465942383,16.950000762939453,1722064,0.0,0.0,0.0
2025-12-08 00:00:00+02:00,16.950000762939453,16.979999542236328,16.559999465942383,16.6200008392334,413293,0.0,0.0,0.0
2025-12-09 00:00:00+02:00,16.6200008392334,16.850000381469727,16.5,16.75,509747,0.0,0.0,0.0
2025-12-10 00:00:00+02:00,16.75,16.799999237060547,16.579999923706055,16.579999923706055,137198,0.0,0.0,0.0
2025-12-11 00:00:00+02:00,16.579999923706055,16.790000915527344,16.5,16.5,405514,0.0,0.0,0.0
2025-12-14 00:00:00+02:00,16.5,16.739999771118164,16.059999465942383,16.18000030517578,1185407,0.0,0.0,0.0
2025-12-15 00:00:00+02:00,16.18000030517578,16.350000381469727,16.100000381469727,16.270000457763672,1316357,0.0,0.0,0.0
2025-12-16 00:00:00+02:00,16.270000457763672,16.270000457763672,16.010000228881836,16.219999313354492,228532,0.0,0.0,0.0
2025-12-17 00:00:00+02:00,16.219999313354492,16.25,15.949999809265137,16.0,720988,0.0,0.0,0.0
2025-12-18 00:00:00+02:00,16.0,16.1299991607666,15.880000114440918,15.90999984741211,1178319,0.0,0.0,0.0
2025-12-21 00:00:00+02:00,15.90999984741211,16.0,15.649999618530273,15.989999771118164,188733,0.0,0.0,0.0
2025-12-22 00:00:00+02:00,15.989999771118164,16.100000381469727,15.609999656677246,15.609999656677246,737558,0.0,0.0,0.0
2025-12-23 00:00:00+02:00,15.609999656677246,15.960000038146973,15.5,15.600000381469727,2420397,0.0,0.0,0.0
2025-12-24 00:00:00+02:00,15.600000381469727,16.010000228881836,15.600000381469727,15.800000190734863,4441444,0.0,0.0,0.0
2025-12-25 00:00:00+02:00,15.800000190734863,16.0,15.619999885559082,15.680000305175781,269533,0.0,0.0,0.0
2025-12-28 00:00:00+02:00,15.680000305175781,15.800000190734863,15.4399995803833,15.479999542236328,821209,0.0,0.0,0.0
2025-12-29 00:00:00+02:00,15.479999542236328,15.680000305175781,15.369999885559082,15.420000076293945,799460,0.0,0.0,0.0
2025-12-30 00:00:00+02:00,15.420000076293945,15.699999809265137,15.420000076293945,15.529999732971191,1053341,0.0,0.0,0.0
2025-12-31 00:00:00+02:00,15.529999732971191,15.630000114440918,15.34000015258789,15.399999618530273,1087322,0.0,0.0,0.0
2026-01-04 00:00:00+02:00,15.399999618530273,15.600000381469727,15.020000457763672,15.180000305175781,428730,0.0,0.0,0.0
2026-01-05 00:00:00+02:00,15.180000305175781,15.300000190734863,14.5,14.609999656677246,1527734,0.0,0.0,0.0
2026-01-06 00:00:00+02:00,14.609999656677246,15.039999961853027,14.630000114440918,14.920000076293945,1029915,0.0,0.0,0.0
2026-01-08 00:00:00+02:00,14.920000076293945,15.170000076293945,14.960000038146973,15.029999732971191,268790,0.0,0.0,0.0
2026-01-11 00:00:00+02:00,15.029999732971191,15.970000267028809,15.100000381469727,15.720000267028809,1621599,0.0,0.0,0.0
2026-01-12 00:00:00+02:00,15.720000267028809,15.869999885559082,15.399999618530273,15.399999618530273,999526,0.0,0.0,0.0
2026-01-13 00:00:00+02:00,15.399999618530273,15.630000114440918,15.010000228881836,15.25,1282470,0.0,0.0,0.0
2026-01-14 00:00:00+02:00,15.25,15.430000305175781,14.800000190734863,15.229999542236328,588155,0.0,0.0,0.0
2026-01-15 00:00:00+02:00,15.229999542236328,15.640000343322754,14.920000076293945,15.569999694824219,11009165,0.0,0.0,0.0
2026-01-18 00:00:00+02:00,15.569999694824219,15.880000114440918,15.59000015258789,15.699999809265137,913293,0.0,0.0,0.0
2026-01-19 00:00:00+02:00,15.699999809265137,15.899999618530273,15.600000381469727,15.649999618530273,632837,0.0,0.0,0.0
2026-01-20 00:00:00+02:00,15.649999618530273,16.309999465942383,15.600000381469727,16.309999465942383,4337149,0.0,0.0,0.0
2026-01-21 00:00:00+02:00,16.309999465942383,16.649999618530273,16.219999313354492,16.270000457763672,4879833,0.0,0.0,0.0
2026-01-22 00:00:00+02:00,16.270000457763672,16.469999313354492,15.979999542236328,16.18000030517578,1456260,0.0,0.0,0.0
2026-01-25 00:00:00+02:00,16.18000030517578,16.469999313354492,15.899999618530273,15.899999618530273,1118968,0.0,0.0,0.0
2026-01-26 00:00:00+02:00,15.899999618530273,16.25,15.819999694824219,15.890000343322754,1271956,0.0,0.0,0.0
2026-01-27 00:00:00+02:00,15.890000343322754,16.1200008392334,15.850000381469727,15.949999809265137,1974603,0.0,0.0,0.0
2026-01-28 00:00:00+02:00,15.949999809265137,16.09000015258789,15.619999885559082,15.84000015258789,834217,0.0,0.0,0.0
2026-02-01 00:00:00+02:00,15.84000015258789,15.949999809265137,15.609999656677246,15.949999809265137,356272,0.0,0.0,0.0
2026-02-02 00:00:00+02:00,15.949999809265137,16.25,15.699999809265137,16.0,1834263,0.0,0.0,0.0
2026-02-03 00:00:00+02:00,16.0,16.700000762939453,16.100000381469727,16.399999618530273,3757538,0.0,0.0,0.0
2026-02-04 00:00:00+02:00,16.399999618530273,16.649999618530273,16.299999237060547,16.3700008392334,1012042,0.0,0.0,0.0
