Date,Open,High,Low,Close,Volume,Dividends,Stock Splits,Capital Gains
2021-01-03 00:00:00+02:00,7.09580578327074,7.624043542911921,6.899759551752379,7.264624118804932,48106,0.0,0.0,0.0
2021-01-04 00:00:00+02:00,7.264624421790705,7.260994083980436,7.07946919552665,7.253732681274414,113551,0.0,0.0,0.0
2021-01-05 00:00:00+02:00,7.253732681274415,7.2246885246212935,6.9977825958254325,7.253732681274414,810,0.0,0.0,0.0
2021-01-06 00:00:00+02:00,7.253732681274415,7.5332810531183725,6.926988463725987,7.253732681274414,5262,0.0,0.0,0.0
2021-01-10 00:00:00+02:00,7.253732411356977,7.587738019182798,7.043164101170976,7.295483112335205,229164,0.0,0.0,0.0
2021-01-11 00:00:00+02:00,7.295483120928951,7.12484997913986,7.034087174640672,7.077653408050537,76528,0.0,0.0,0.0
2021-01-12 00:00:00+02:00,7.077653293459399,7.260993704786393,6.897943946838529,6.997782230377197,84991,0.0,0.0,0.0
2021-01-13 00:00:00+02:00,6.997782041137332,6.903388903039621,6.897943760298573,6.899759292602539,40076,0.0,0.0,0.0
2021-01-14 00:00:00+02:00,6.899759121101313,7.260993327948437,6.767245624597496,6.845301151275635,1029491,0.0,0.0,0.0
2021-01-17 00:00:00+02:00,6.845301391751832,7.442517731872486,6.828963782104564,7.135740756988525,657392,0.0,0.0,0.0
2021-01-18 00:00:00+02:00,7.135740477400286,7.15026255415594,6.988705631763067,7.032271862030029,26019,0.0,0.0,0.0
2021-01-19 00:00:00+02:00,7.032271840166249,7.260993275957238,7.008673556397355,7.146632194519043,77981,0.0,0.0,0.0
2021-01-20 00:00:00+02:00,7.146632606915403,7.07946881622471,7.019564973680105,7.070392608642578,37724,0.0,0.0,0.0
2021-01-21 00:00:00+02:00,7.07039275692815,7.079468964700635,6.988706159890323,7.006859302520752,45536,0.0,0.0,0.0
2021-01-24 00:00:00+02:00,7.006858860152744,7.079468517748521,6.988705718668387,7.037717819213867,71400,0.0,0.0,0.0
2021-01-25 00:00:00+02:00,7.037717819213867,7.037717819213867,7.037717819213867,7.037717819213867,0,0.0,0.0,0.0
2021-01-26 00:00:00+02:00,7.037717939829215,7.077653106774235,6.807180964257841,6.8561930656433105,510762,0.0,0.0,0.0
2021-01-27 00:00:00+02:00,6.856193033019141,6.897943732070672,6.752723687995872,6.810811996459961,32982,0.0,0.0,0.0
2021-01-31 00:00:00+02:00,6.810812059274344,6.988705869644087,6.7436475428789775,6.916096210479736,91917,0.0,0.0,0.0
2021-02-01 00:00:00+02:00,6.916096102846026,7.188383047560224,6.761799852437634,6.981444358825684,193901,0.0,0.0,0.0
2021-02-02 00:00:00+02:00,6.981444768495889,7.144817235745247,6.839855781603418,6.934248924255371,76956,0.0,0.0,0.0
2021-02-03 00:00:00+02:00,6.934248878308324,7.025010955575758,6.81625817786066,6.901573657989502,72895,0.0,0.0,0.0
2021-02-04 00:00:00+02:00,6.901573633096403,7.079468903486928,6.912465373163392,7.075838565826416,249505,0.0,0.0,0.0
2021-02-07 00:00:00+02:00,7.0758390300636576,7.132111085207169,6.9070199562911245,6.957847595214844,27598,0.0,0.0,0.0
2021-02-08 00:00:00+02:00,6.957846755824883,7.242840970487123,6.907019123032974,7.081284046173096,72030,0.0,0.0,0.0
2021-02-09 00:00:00+02:00,7.081284601627219,7.150263200048044,6.943325223529165,7.055870056152344,40437,0.0,0.0,0.0
2021-02-10 00:00:00+02:00,7.055869890979968,7.152078565038981,6.901573633096403,7.075838565826416,201356,0.0,0.0,0.0
2021-02-11 00:00:00+02:00,7.075838003245555,7.079468340617429,6.943324508946307,7.041347980499268,72332,0.0,0.0,0.0
2021-02-14 00:00:00+02:00,7.041348038244287,7.168414936899689,6.897943530653379,6.943324565887451,70728,0.0,0.0,0.0
2021-02-15 00:00:00+02:00,6.943324890062286,7.023195224969135,6.8198883230454355,6.861639022827148,45519,0.0,0.0,0.0
2021-02-16 00:00:00+02:00,6.861638932419818,6.988705835333605,6.808996493532851,6.885237216949463,61152,0.0,0.0,0.0
2021-02-17 00:00:00+02:00,6.88523782311692,6.997782658760349,6.8071815605239685,6.863454341888428,55146,0.0,0.0,0.0
2021-02-18 00:00:00+02:00,6.863453334955829,6.970553011665102,6.8362247145003945,6.917910575866699,91929,0.0,0.0,0.0
2021-02-21 00:00:00+02:00,6.917911028011249,7.07039247586426,6.919726560327758,7.017749309539795,139041,0.0,0.0,0.0
2021-02-22 00:00:00+02:00,7.017749692110967,7.079469069211737,6.897944183996797,7.055870056152344,313950,0.0,0.0,0.0
2021-02-23 00:00:00+02:00,7.055869716903221,7.166600465957875,6.95240109716133,7.06494665145874,256426,0.0,0.0,0.0
2021-02-24 00:00:00+02:00,7.064946926364441,7.068577264076649,6.952401367687745,6.994152069091797,143010,0.0,0.0,0.0
2021-02-25 00:00:00+02:00,6.994151888944143,7.079468821953583,6.8997594754306695,7.02682638168335,431403,0.0,0.0,0.0
2021-02-28 00:00:00+02:00,7.02682597365237,7.224687723864879,6.916095956656398,7.1030659675598145,1194194,0.0,0.0,0.0
2021-03-01 00:00:00+02:00,7.103066593309274,7.260993918862227,6.956031735110392,7.0395331382751465,170024,0.0,0.0,0.0
2021-03-02 00:00:00+02:00,7.039533163488478,7.079469059892768,6.899759707329868,6.968739032745361,48846,0.0,0.0,0.0
2021-03-03 00:00:00+02:00,6.9687394423657745,7.030457368842127,6.807181769010147,6.876161098480225,81366,0.0,0.0,0.0
2021-03-04 00:00:00+02:00,6.876161098480225,6.876161098480225,6.876161098480225,6.876161098480225,0,0.0,0.0,0.0
2021-03-07 00:00:00+02:00,6.83622503145952,6.897943676937965,6.789028462981028,6.850747108459473,129263,0.0,0.0,0.0
2021-03-08 00:00:00+02:00,6.8507473159427565,6.861639055793945,6.358815123669286,6.703712463378906,150381,0.0,0.0,0.0
2021-03-09 00:00:00+02:00,6.70371284514963,6.709158715385361,6.436871020282609,6.536709308624268,17052,0.0,0.0,0.0
2021-03-10 00:00:00+02:00,6.536708586586986,6.661961406917096,6.398749948919438,6.464098930358887,39601,0.0,0.0,0.0
2021-03-11 00:00:00+02:00,6.464099634128126,6.799920784915913,6.478621712371895,6.594797611236572,29295,0.0,0.0,0.0
2021-03-14 00:00:00+02:00,6.5947971897035425,6.758169650646491,6.465914753270662,6.554862022399902,45276,0.0,0.0,0.0
2021-03-15 00:00:00+02:00,6.5548616364175585,6.694635804377858,6.400565391996857,6.502219200134277,153178,0.0,0.0,0.0
2021-03-16 00:00:00+02:00,6.502220243698105,6.658331318302796,6.425979511816206,6.4931440353393555,46187,0.0,0.0,0.0
2021-03-17 00:00:00+02:00,6.493143420944017,6.623841390611486,6.444131318775998,6.484066486358643,42184,0.0,0.0,0.0
2021-03-18 00:00:00+02:00,6.484066245913584,6.534893878530952,6.233562782787466,6.367890357971191,57666,0.0,0.0,0.0
2021-03-21 00:00:00+02:00,6.367890771804609,6.53307877083269,6.18999695442458,6.291650772094727,95688,0.0,0.0,0.0
2021-03-22 00:00:00+02:00,6.29165053380842,6.416902632310283,5.739815232890887,5.972167015075684,146571,0.0,0.0,0.0
2021-03-23 00:00:00+02:00,5.972167209297275,6.1718445058846445,5.445745344714953,5.598226070404053,161116,0.0,0.0,0.0
2021-03-24 00:00:00+02:00,5.598225894891941,5.97035185328612,5.627269685927657,5.805163860321045,40357,0.0,0.0,0.0
2021-03-25 00:00:00+02:00,5.805163442064538,5.963090021463831,5.718032075235122,5.903187274932861,32814,0.0,0.0,0.0
2021-03-28 00:00:00+02:00,5.90318770213637,6.344292982481065,5.808794563269052,6.1028642654418945,167756,0.0,0.0,0.0
2021-03-29 00:00:00+02:00,6.102864166792627,6.353369087205508,6.171844214594755,6.213594913482666,88830,0.0,0.0,0.0
2021-03-30 00:00:00+02:00,6.213595182362534,6.38059798514086,6.235377935351091,6.3461079597473145,16422,0.0,0.0,0.0
2021-03-31 00:00:00+02:00,6.346108049074853,6.513111581289364,6.171844568542564,6.337031841278076,185329,0.0,0.0,0.0
2021-04-01 00:00:00+02:00,6.337031853261182,6.62384161976967,6.090158346345125,6.498589515686035,21735,0.0,0.0,0.0
2021-04-04 00:00:00+02:00,6.498589134736676,6.680113280374454,6.035700382104087,6.416902542114258,108015,0.0,0.0,0.0
2021-04-05 00:00:00+02:00,6.416902453427048,6.671037707978402,5.990318899360482,6.425978660583496,173304,0.0,0.0,0.0
2021-04-06 00:00:00+02:00,6.42597923192584,6.507665830682142,6.353369568218437,6.387858867645264,117730,0.0,0.0,0.0
2021-04-07 00:00:00+02:00,6.387858867645264,6.307988528401309,6.053853614797187,6.387858867645264,8236,0.0,0.0,0.0
2021-04-08 00:00:00+02:00,6.387858867645264,6.262606761498708,6.110126031461877,6.387858867645264,11130,0.0,0.0,0.0
2021-04-11 00:00:00+02:00,6.387858977614171,6.478621785896408,6.173660320572742,6.4677300453186035,29748,0.0,0.0,0.0
2021-04-12 00:00:00+02:00,6.467729631542309,6.616580016850591,6.271682676196948,6.369706153869629,232646,0.0,0.0,0.0
2021-04-13 00:00:00+02:00,6.3697060071893175,6.6547002261055495,6.1173870071636465,6.447761535644531,48690,0.0,0.0,0.0
2021-04-14 00:00:00+02:00,6.447761671383806,6.52763273382065,6.189996796116535,6.471360683441162,78342,0.0,0.0,0.0
2021-04-15 00:00:00+02:00,6.471360961452971,6.514926468591611,6.173660178635235,6.386044025421143,26842,0.0,0.0,0.0
2021-04-18 00:00:00+02:00,6.386043881784923,6.476806685938993,6.1718445074004435,6.420533180236816,13272,0.0,0.0,0.0
2021-04-19 00:00:00+02:00,6.4205332370839905,6.5512319379738155,6.280759782577861,6.380598068237305,209819,0.0,0.0,0.0
2021-04-20 00:00:00+02:00,6.380597858458888,6.353369235992432,6.217225396574716,6.353369235992432,31995,0.0,0.0,0.0
2021-04-21 00:00:00+02:00,6.353368937404961,6.353368937404961,6.22267097404,6.320694446563721,22449,0.0,0.0,0.0
2021-04-22 00:00:00+02:00,6.320694743615598,6.353369235992432,6.228117136395473,6.353369235992432,73248,0.0,0.0,0.0
2021-04-25 00:00:00+02:00,6.353369235992432,6.5276327106119245,6.235377811552354,6.353369235992432,714,0.0,0.0,0.0
2021-04-26 00:00:00+02:00,6.353369059800069,6.43505565201953,5.992134121340763,6.356999397277832,266750,0.0,0.0,0.0
2021-04-27 00:00:00+02:00,6.3569997180661275,6.534894261393057,6.353369380405169,6.478621482849121,137285,0.0,0.0,0.0
2021-04-28 00:00:00+02:00,6.478621629627329,6.607504072652172,6.353369524345694,6.429610252380371,452730,0.0,0.0,0.0
2021-05-04 00:00:00+02:00,6.429610252380371,6.197257730533132,6.177289782317294,6.429610252380371,168,0.0,0.0,0.0
2021-05-05 00:00:00+02:00,6.429610252380371,6.429610252380371,6.429610252380371,6.429610252380371,0,0.0,0.0,0.0
2021-05-06 00:00:00+02:00,6.429609960566857,6.353369235992432,6.2008885139290175,6.353369235992432,168294,0.0,0.0,0.0
2021-05-09 00:00:00+02:00,6.353369235992432,6.353369235992432,6.353369235992432,6.353369235992432,0,0.0,0.0,0.0
2021-05-10 00:00:00+02:00,6.353369235992432,6.26260643401881,6.26260643401881,6.353369235992432,42,0.0,0.0,0.0
2021-05-11 00:00:00+02:00,6.3533692158679695,6.5348940921547936,6.307988178567622,6.409641265869141,43554,0.0,0.0,0.0
2021-05-17 00:00:00+02:00,6.40964123212355,6.533078525433141,6.307988145357217,6.378782272338867,71794,0.0,0.0,0.0
2021-05-18 00:00:00+02:00,6.37878232612695,6.513111360298163,6.353369235992432,6.353369235992432,1728480,0.0,0.0,0.0
2021-05-19 00:00:00+02:00,6.353369116125937,6.625656789824224,6.366076388038889,6.534893989562988,364329,0.0,0.0,0.0
2021-05-20 00:00:00+02:00,6.534894363217913,6.710972649829787,6.391489843149229,6.631103038787842,41105,0.0,0.0,0.0
2021-05-23 00:00:00+02:00,6.631103038787842,6.438686414733446,6.438686414733446,6.631103038787842,210,0.0,0.0,0.0
2021-05-24 00:00:00+02:00,6.631103038787842,6.710972649829787,6.462283973440092,6.631103038787842,10508,0.0,0.0,0.0
2021-05-25 00:00:00+02:00,6.631103038787842,6.696451298959686,6.455023298005042,6.631103038787842,9399,0.0,0.0,0.0
2021-05-26 00:00:00+02:00,6.631102901378203,6.625657031372032,6.61839562900199,6.622025966644287,15330,0.0,0.0,0.0
2021-05-27 00:00:00+02:00,6.622025966644287,6.62384149900816,6.416902801286382,6.622025966644287,970,0.0,0.0,0.0
2021-05-30 00:00:00+02:00,6.622025966644287,6.464099371892592,6.455023164244125,6.622025966644287,7912,0.0,0.0,0.0
2021-05-31 00:00:00+02:00,6.622025966644287,6.498589397208038,6.266236881819282,6.622025966644287,3229,0.0,0.0,0.0
2021-06-01 00:00:00+02:00,6.622025840657512,6.698266565122487,6.471360651142327,6.629287242889404,15115,0.0,0.0,0.0
2021-06-02 00:00:00+02:00,6.629286839392239,6.716417844188163,6.534893705721004,6.6474385261535645,85936,0.0,0.0,0.0
2021-06-03 00:00:00+02:00,6.647439138111648,6.8017353970985175,6.5385246450047685,6.6710381507873535,1285397,0.0,0.0,0.0
2021-06-06 00:00:00+02:00,6.671038009554358,6.805366317793577,6.62565697172059,6.691005229949951,34267,0.0,0.0,0.0
2021-06-07 00:00:00+02:00,6.691005646427043,7.3336037996588725,6.798105338632348,6.936064720153809,459820,0.0,0.0,0.0
2021-06-08 00:00:00+02:00,6.9360641219984505,6.986890301484388,6.861638930902661,6.899759292602539,3322762,0.0,0.0,0.0
2021-06-09 00:00:00+02:00,6.899759741409705,7.025011120138631,6.852563169290864,6.985075950622559,64138,0.0,0.0,0.0
2021-06-10 00:00:00+02:00,6.985075087991745,6.9687382065526355,6.825332975484067,6.917910575866699,38698,0.0,0.0,0.0
2021-06-13 00:00:00+02:00,6.917910862500585,7.30637442084889,6.897943642923848,7.081284046173096,70555,0.0,0.0,0.0
2021-06-14 00:00:00+02:00,7.08128425800574,6.899759381599349,6.827148267700099,6.890683174133301,56565,0.0,0.0,0.0
2021-06-15 00:00:00+02:00,6.890683179294997,6.8979438544391005,6.827148272814203,6.847116947174072,33768,0.0,0.0,0.0
2021-06-16 00:00:00+02:00,6.84711656244895,6.8525624320437535,6.718233405656594,6.779952049255371,21105,0.0,0.0,0.0
2021-06-17 00:00:00+02:00,6.779952579449898,6.970553667660705,6.545785985244617,6.809359550476074,26008,0.0,1.2,0.0
2021-06-20 00:00:00+02:00,6.809359717347157,6.898669806618467,6.341025063288624,6.8638176918029785,40411,0.0,0.0,0.0
2021-06-21 00:00:00+02:00,6.863816975982288,6.94877036027059,6.7527234176803,6.900847434997559,13916,0.0,0.0,0.0
2021-06-22 00:00:00+02:00,6.900847640804646,7.4062127201080274,6.382412474104627,7.055506706237793,172907,0.0,0.0,0.0
2021-06-23 00:00:00+02:00,7.055506939644159,7.258089665566708,6.752723842459682,6.91827392578125,36855,0.0,0.0,0.0
2021-06-24 00:00:00+02:00,6.918273925781249,7.08818143213126,6.757080538402687,6.91827392578125,3328,0.0,0.0,0.0
2021-06-27 00:00:00+02:00,6.918273186409019,7.264623206008301,6.8986687838461025,7.247197151184082,2212070,0.0,0.0,0.0
2021-06-28 00:00:00+02:00,7.247197732008225,7.262445440315768,6.883421628430014,7.255910396575928,3459505,0.0,0.0,0.0
2021-06-29 00:00:00+02:00,7.255910907862459,7.242841546547265,6.807181385302921,7.231949806213379,2540793,0.0,0.0,0.0
2021-06-30 00:00:00+02:00,7.231949010726284,7.221057271590448,7.166600030082047,7.186204433441162,92018,0.0,0.0,0.0
2021-07-04 00:00:00+02:00,7.186204900931778,7.186204900931778,7.035902526506435,7.1796698570251465,290290,0.0,0.0,0.0
2021-07-05 00:00:00+02:00,7.179670388441725,7.166601026746545,6.885600661731555,6.987980842590332,35143,0.0,0.0,0.0
2021-07-06 00:00:00+02:00,6.987980320599351,6.909561247944091,6.8071810747329495,6.831142902374268,19047,0.0,0.0,0.0
2021-07-07 00:00:00+02:00,6.831142794567242,7.1404609302010575,6.833321142500257,7.114320755004883,13149,0.0,0.0,0.0
2021-07-08 00:00:00+02:00,7.114321130190392,7.214523686222559,6.752724079265658,6.881243705749512,43372,0.0,0.0,0.0
2021-07-11 00:00:00+02:00,6.881243705749512,7.1012517689884955,6.752724079265658,6.881243705749512,4189,0.0,0.0,0.0
2021-07-12 00:00:00+02:00,6.881243705749512,7.120856901419535,6.754902427313551,6.881243705749512,521,0.0,0.0,0.0
2021-07-13 00:00:00+02:00,6.881243705749512,7.099073420940602,7.094716724844815,6.881243705749512,7175,0.0,0.0,0.0
2021-07-14 00:00:00+02:00,6.881243433213419,7.404034583549463,7.101251487738843,7.210165977478027,117656,0.0,0.0,0.0
2021-07-15 00:00:00+02:00,7.210166114876512,7.931183308032521,6.905204665292861,7.5129499435424805,1391897,0.0,0.0,0.0
2021-07-18 00:00:00+02:00,7.512949881119921,8.22307532836009,7.515128229104951,7.785236835479736,103096,0.0,0.0,0.0
2021-07-25 00:00:00+02:00,7.785236200003355,8.562888917132032,7.711174555813992,8.12940788269043,191814,0.0,0.0,0.0
2021-07-26 00:00:00+02:00,8.129408970702372,7.820090084447279,7.334330091790706,7.521663665771484,582827,0.0,0.0,0.0
2021-07-27 00:00:00+02:00,7.521663335554999,7.624043510445741,7.188383361930665,7.5129499435424805,579862,0.0,0.0,0.0
2021-07-28 00:00:00+02:00,7.512950148090483,7.754740966337285,7.188383557641999,7.319082260131836,206202,0.0,0.0,0.0
2021-07-29 00:00:00+02:00,7.319082625074052,7.62404409816651,7.351756393468847,7.5717644691467285,164941,0.0,0.0,0.0
2021-08-01 00:00:00+02:00,7.571763632914125,7.621864181144198,7.242841093352092,7.419282913208008,1176651,0.0,0.0,0.0
2021-08-02 00:00:00+02:00,7.419283022923327,8.059702782244882,7.4062129351472,7.746027946472168,1586847,0.0,0.0,0.0
2021-08-03 00:00:00+02:00,7.746027274271144,8.49318383766978,7.5173058476354235,7.722065448760986,591538,0.0,0.0,0.0
2021-08-04 00:00:00+02:00,7.722065678072046,8.101090204003523,7.539088822164019,7.678500175476074,334187,0.0,0.0,0.0
2021-08-05 00:00:00+02:00,7.678500155966545,7.948608743465619,7.654539056891101,7.665430068969727,2567533,0.0,0.0,0.0
2021-08-08 00:00:00+02:00,7.665430068969727,7.665430068969727,7.665430068969727,7.665430068969727,0,0.0,0.0,0.0
2021-08-09 00:00:00+02:00,7.665430068969727,7.665430068969727,7.665430068969727,7.665430068969727,0,0.0,0.0,0.0
2021-08-10 00:00:00+02:00,7.69592769290996,7.817912286685828,7.624044381847023,7.648005485534668,88693,0.0,0.0,0.0
2021-08-11 00:00:00+02:00,7.648004315598656,8.005245376355225,7.515128000888705,7.74820613861084,439015,0.0,0.0,0.0
2021-08-15 00:00:00+02:00,7.748206585206704,8.49536251439722,7.920291718204389,8.17733097076416,338604,0.0,0.0,0.0
2021-08-16 00:00:00+02:00,8.177330430309466,8.430012970080115,8.083663651845706,8.318920135498047,582914,0.0,0.0,0.0
2021-08-17 00:00:00+02:00,8.318919816633953,8.421299982775345,8.212182954858624,8.273175239562988,218109,0.0,0.0,0.0
2021-08-18 00:00:00+02:00,8.273174824042018,8.249213726344193,7.952964981883986,8.09455394744873,434007,0.0,0.0,0.0
2021-08-19 00:00:00+02:00,8.094554292321474,8.42129991860871,8.16861666336333,8.321097373962402,968716,0.0,0.0,0.0
2021-08-22 00:00:00+02:00,8.321098009463363,8.645665312738162,8.19040076688636,8.462688446044922,748027,0.0,0.0,0.0
2021-08-23 00:00:00+02:00,8.462688318418827,8.44090483907998,8.277532379465757,8.390804290771484,1190378,0.0,0.0,0.0
2021-08-24 00:00:00+02:00,8.390804271838954,8.386447575981016,8.233966856380263,8.377734184265137,994280,0.0,0.0,0.0
2021-08-25 00:00:00+02:00,8.377734443777257,8.495362327243608,8.233967111438988,8.384268760681152,223408,0.0,0.0,0.0
2021-08-26 00:00:00+02:00,8.384267805168353,8.567244653504272,8.310206162985928,8.471400260925293,101038,0.0,0.0,0.0
2021-08-29 00:00:00+02:00,8.471402105322861,8.711014593109576,8.194758424839803,8.338525772094727,329563,0.0,0.0,0.0
2021-08-30 00:00:00+02:00,8.338525250985064,8.471401575909196,8.168617735678827,8.22525405883789,29218,0.0,0.0,0.0
2021-08-31 00:00:00+02:00,8.225252681098683,8.477935200104364,8.201290856162704,8.375555038452148,86089,0.0,0.0,0.0
2021-09-01 00:00:00+02:00,8.375555679815903,8.715369952445133,8.277532206100382,8.547640800476074,2528673,0.0,0.0,0.0
2021-09-02 00:00:00+02:00,8.547641192977819,8.924487397012005,8.713192004660595,8.726262092590332,1470178,0.0,0.0,0.0
2021-09-05 00:00:00+02:00,8.7262626676509,8.606456428741529,8.386448357023877,8.41694450378418,94584,0.0,0.0,0.0
2021-09-06 00:00:00+02:00,8.416943929618713,8.416943929618713,7.602259961020923,8.096734046936035,9425020,0.0,0.0,0.0
2021-09-07 00:00:00+02:00,8.096734146483321,8.473579627192718,8.0597029573983,8.373377799987793,226989,0.0,0.0,0.0
2021-09-08 00:00:00+02:00,8.373378008455859,8.604277813669253,8.277532874884777,8.360308647155762,639604,0.0,0.0,0.0
2021-09-09 00:00:00+02:00,8.36030869938083,8.495362644781327,8.325455857220403,8.430013656616211,811464,0.0,0.0,0.0
2021-09-12 00:00:00+02:00,8.430013296426372,8.578137323965175,8.493184660899965,8.495362281799316,16100,0.0,0.0,0.0
2021-09-13 00:00:00+02:00,8.495362046323146,8.713191749166635,8.430013062761558,8.582493782043457,176375,0.0,0.0,0.0
2021-09-14 00:00:00+02:00,8.582493761492694,9.11617664124415,8.667447876170591,8.924487113952637,397614,0.0,0.0,0.0
2021-09-15 00:00:00+02:00,8.92448736241016,9.14885211473596,8.728440406736885,9.01815414428711,521902,0.0,0.0,0.0
2021-09-16 00:00:00+02:00,9.01815406108704,9.092215710462117,8.811215367423731,8.835176467895508,325661,0.0,0.0,0.0
2021-09-19 00:00:00+02:00,8.835176143404636,8.917951181578609,8.691408818768705,8.70883560180664,223160,0.0,0.0,0.0
2021-09-20 00:00:00+02:00,8.708836711499595,8.931022406861247,8.650022038337719,8.706658363342285,153419,0.0,0.0,0.0
2021-09-21 00:00:00+02:00,8.706657088214506,8.650020771504572,8.388625574679299,8.493184089660645,293779,0.0,0.0,0.0
2021-09-22 00:00:00+02:00,8.49318481945834,8.713192153346322,8.386447947467087,8.543285369873047,518581,0.0,0.0,0.0
2021-09-23 00:00:00+02:00,8.54328503461054,8.713191811416195,8.582493843359273,8.702300071716309,1590869,0.0,0.0,0.0
2021-09-26 00:00:00+02:00,8.702300071716309,8.819928679218794,8.61081163949355,8.702300071716309,181013,0.0,0.0,0.0
2021-09-27 00:00:00+02:00,8.70230011041681,8.604277361023623,8.493184523932449,8.510610580444336,198985,0.0,0.0,0.0
2021-09-28 00:00:00+02:00,8.510610145281506,8.604276921071442,8.43219180435954,8.493184089660645,137735,0.0,0.0,0.0
2021-09-29 00:00:00+02:00,8.493184089660645,8.493184089660645,8.493184089660645,8.493184089660645,0,0.0,0.0,0.0
2021-09-30 00:00:00+02:00,8.493185078342202,8.604277922685187,8.495362699348586,8.599921226501465,79380,0.0,0.0,0.0
2021-10-03 00:00:00+02:00,8.59992111950348,8.667448455340047,8.451797086527263,8.491005897521973,106715,0.0,0.0,0.0
2021-10-04 00:00:00+02:00,8.491005477788274,8.506253186402375,8.386447684190331,8.436548233032227,425120,0.0,0.0,0.0
2021-10-05 00:00:00+02:00,8.436548453671518,8.495362395879866,8.321098190183413,8.336346626281738,74977,0.0,0.0,0.0
2021-10-06 00:00:00+02:00,8.336346836433922,8.4953626100407,8.334168488364961,8.453974723815918,111170,0.0,0.0,0.0
2021-10-10 00:00:00+02:00,8.453974513697176,8.38862625450896,8.32109819313502,8.38644790649414,31346,0.0,0.0,0.0
2021-10-11 00:00:00+02:00,8.38644779090137,8.495362281799316,8.410408891648665,8.495362281799316,142233,0.0,0.0,0.0
2021-10-12 00:00:00+02:00,8.495362281799316,8.495362281799316,8.408230543663871,8.495362281799316,421214,0.0,0.0,0.0
2021-10-13 00:00:00+02:00,8.495362785370732,8.593386269240593,8.419122782640054,8.514967918395996,29155,0.0,0.0,0.0
2021-10-14 00:00:00+02:00,8.514966866160433,8.536748890436934,8.40823000302489,8.419121742248535,34912,0.0,0.0,0.0
2021-10-17 00:00:00+02:00,8.419121742248535,8.580315120246123,8.421300090093265,8.419121742248535,21567,0.0,0.0,0.0
2021-10-18 00:00:00+02:00,8.419121742248535,8.419121742248535,8.419121742248535,8.419121742248535,0,0.0,0.0,0.0
2021-10-19 00:00:00+02:00,8.69794412235098,8.69140907851645,8.419122129179923,8.497540473937988,122381,0.0,0.0,0.0
2021-10-20 00:00:00+02:00,8.497541218889186,8.643486908561103,8.410409474713198,8.560711860656738,242896,0.0,0.0,0.0
2021-10-24 00:00:00+02:00,8.560711267172262,8.604277499782706,8.42347825247199,8.495362281799316,189448,0.0,0.0,0.0
2021-10-25 00:00:00+02:00,8.495362281799316,8.584673095005,8.425656600456783,8.495362281799316,241241,0.0,0.0,0.0
2021-10-26 00:00:00+02:00,8.495362647374433,8.82210758829975,8.432192734353377,8.610812187194824,605265,0.0,0.0,0.0
2021-10-27 00:00:00+02:00,8.6108121327418,8.667448455340047,8.410409200382325,8.491005897521973,57011,0.0,0.0,0.0
2021-10-28 00:00:00+02:00,8.491005815471766,8.795967270736332,8.495362511559184,8.626060485839844,141718,0.0,0.0,0.0
2021-10-31 00:00:00+02:00,8.62605979173789,8.798145637916539,8.7110131773503,8.769827842712402,123543,0.0,0.0,0.0
2021-11-01 00:00:00+02:00,8.76982854030179,9.03775880566189,8.71319221830302,8.893991470336914,282726,0.0,0.0,0.0
2021-11-02 00:00:00+02:00,8.893991384071724,8.931021846250554,8.75675836711745,8.92884349822998,588028,0.0,0.0,0.0
2021-11-03 00:00:00+02:00,8.928843346866758,8.909238942099394,8.615169235161721,8.713191986083984,116109,0.0,0.0,0.0
2021-11-04 00:00:00+02:00,8.713191986083984,8.865672709511934,8.639129608810935,8.713191986083984,68320,0.0,0.0,0.0
2021-11-07 00:00:00+02:00,8.713191986083984,8.713191986083984,8.713191986083984,8.713191986083984,0,0.0,0.0,0.0
2021-11-08 00:00:00+02:00,8.713191986083984,8.713191986083984,8.713191986083984,8.713191986083984,0,0.0,0.0,0.0
2021-11-09 00:00:00+02:00,8.713191986083984,8.713191986083984,8.713191986083984,8.713191986083984,0,0.0,0.0,0.0
2021-11-10 00:00:00+02:00,8.654378210829769,8.713192153346322,8.530215281720277,8.543285369873047,65366,0.0,0.0,0.0
2021-11-11 00:00:00+02:00,8.543285358716533,8.71319214196793,8.506253442332044,8.711013793945312,547085,0.0,0.0,0.0
2021-11-14 00:00:00+02:00,8.711013463476217,8.713191811416195,8.549819351345043,8.702300071716309,53424,0.0,0.0,0.0
2021-11-15 00:00:00+02:00,8.702300100336142,8.713191840071849,8.593385611320798,8.6282377243042,365008,0.0,0.0,0.0
2021-11-16 00:00:00+02:00,8.628237947676533,8.626060326758445,8.430013368952945,8.578137397766113,168091,0.0,0.0,0.0
2021-11-17 00:00:00+02:00,8.578137397766113,8.66744821174017,8.438726760967086,8.578137397766113,19883,0.0,0.0,0.0
2021-11-18 00:00:00+02:00,8.578136350147863,8.626059273287533,8.449617469062082,8.532392501831055,233401,0.0,0.0,0.0
2021-11-21 00:00:00+02:00,8.532394132556304,8.549820190701451,8.451797432121058,8.512789726257324,62828,0.0,0.0,0.0
2021-11-22 00:00:00+02:00,8.512789726257324,8.512789726257324,8.512789726257324,8.512789726257324,0,0.0,0.0,0.0
2021-11-23 00:00:00+02:00,8.512789726257324,8.493185319958346,8.382091018283969,8.512789726257324,7350,0.0,0.0,0.0
2021-11-24 00:00:00+02:00,8.512788890651727,8.604277322875728,8.388625966413054,8.48447036743164,29204,0.0,0.0,0.0
2021-11-25 00:00:00+02:00,8.48447036743164,8.580315495535654,8.399516979027661,8.48447036743164,19337,0.0,0.0,0.0
2021-11-28 00:00:00+02:00,8.48447036743164,8.48447036743164,8.48447036743164,8.48447036743164,0,0.0,0.0,0.0
2021-11-29 00:00:00+02:00,8.534571647644043,8.604277327591609,8.39080431895194,8.534571647644043,12089,0.0,0.0,0.0
2021-11-30 00:00:00+02:00,8.534571813937736,8.713191986083984,8.416943931162667,8.713191986083984,539574,0.0,0.0,0.0
2021-12-01 00:00:00+02:00,8.713191986083984,8.713191986083984,8.713191986083984,8.713191986083984,0,0.0,0.0,0.0
2021-12-02 00:00:00+02:00,8.774184432430296,8.734974895108644,8.608633618138679,8.711013793945312,118289,0.0,0.0,0.0
2021-12-05 00:00:00+02:00,8.71101363810034,8.713191986083984,8.508432365219436,8.713191986083984,518374,0.0,0.0,0.0
2021-12-06 00:00:00+02:00,8.713191688778842,10.449295709892075,8.81992855507913,9.421138763427734,1151636,0.0,0.0,0.0
2021-12-07 00:00:00+02:00,9.421138467364834,9.69996117431198,9.36668122551408,9.556192398071289,364066,0.0,0.0,0.0
2021-12-08 00:00:00+02:00,9.556192657274492,9.693425666629526,9.25776626583583,9.532232284545898,120960,0.0,0.0,0.0
2021-12-09 00:00:00+02:00,9.532232867709318,9.586689387283307,9.366682052612305,9.366682052612305,270193,0.0,0.0,0.0
2021-12-12 00:00:00+02:00,9.366682126830682,10.444939690910036,9.257766905563322,10.1290864944458,2357908,0.0,0.0,0.0
2021-12-13 00:00:00+02:00,10.129086980337638,10.429692481954046,9.802342027947084,10.08552074432373,3879057,0.0,0.0,0.0
2021-12-14 00:00:00+02:00,10.085520161185066,10.12908639468,9.80234146118164,9.80234146118164,183407,0.0,0.0,0.0
2021-12-15 00:00:00+02:00,9.80234036341562,9.90907649654235,9.584510674506657,9.767487525939941,272237,0.0,0.0,0.0
2021-12-16 00:00:00+02:00,9.76748851018673,9.804519699179021,9.584511640315299,9.693426132202148,489958,0.0,0.0,0.0
2021-12-19 00:00:00+02:00,9.693425403704,9.693425403704,9.540944690270651,9.556192398071289,50113,0.0,0.0,0.0
2021-12-20 00:00:00+02:00,9.556192398071289,9.556192398071289,9.556192398071289,9.556192398071289,0,0.0,0.0,0.0
2021-12-21 00:00:00+02:00,9.447278055087393,9.584511062764195,9.344897886298117,9.423316955566406,177681,0.0,0.0,0.0
2021-12-22 00:00:00+02:00,9.423316792792253,9.540944667577431,9.34054102920718,9.375393867492676,182616,0.0,0.0,0.0
2021-12-23 00:00:00+02:00,9.375394543093075,9.47124040059898,9.30786793657712,9.355790138244629,105535,0.0,0.0,0.0
2021-12-26 00:00:00+02:00,9.355789448216507,9.366681187376468,9.17063424500951,9.244696617126465,157570,0.0,0.0,0.0
2021-12-27 00:00:00+02:00,9.244697830534506,9.355790676205983,9.264302236510211,9.3013334274292,59181,0.0,0.0,0.0
2021-12-28 00:00:00+02:00,9.301332643643024,9.36668162750266,9.14885192366568,9.262123107910156,111027,0.0,0.0,0.0
2021-12-29 00:00:00+02:00,9.262123412919362,9.53005440098414,9.3056896459556,9.47559642791748,252178,0.0,0.0,0.0
2021-12-30 00:00:00+02:00,9.475596708637013,9.80234164837516,9.486488448990109,9.595403671264648,141302,0.0,0.0,0.0
2022-01-02 00:00:00+02:00,9.595403598037281,9.649860118130759,9.410248375960501,9.46252727508545,86016,0.0,0.0,0.0
2022-01-03 00:00:00+02:00,9.462526522504835,9.584511095484924,9.44292139157813,9.567084312438965,75225,0.0,0.0,0.0
2022-01-04 00:00:00+02:00,9.567084641168874,9.802341130775014,9.486487948068188,9.793627738952637,289481,0.0,0.0,0.0
2022-01-05 00:00:00+02:00,9.793627464424972,10.02017055585845,9.793627464424972,9.991852760314941,209447,0.0,0.0,0.0
2022-01-09 00:00:00+02:00,9.991852760314941,9.991852760314941,9.991852760314941,9.991852760314941,0,0.0,0.0,0.0
2022-01-10 00:00:00+02:00,10.013635791192534,10.020170835058222,9.858976721798415,10.011457443237305,370002,0.0,0.0,0.0
2022-01-11 00:00:00+02:00,10.011457248989716,10.20532585073099,9.911256153335051,9.957000732421875,286023,0.0,0.0,0.0
2022-01-12 00:00:00+02:00,9.957001360971057,10.194434754703659,9.965714026087493,10.1290864944458,108920,0.0,0.0,0.0
2022-01-13 00:00:00+02:00,10.12908484378169,10.12908484378169,9.976604140524444,10.01799201965332,176893,0.0,0.0,0.0
2022-01-16 00:00:00+02:00,10.017993544524705,10.020171165466309,9.911256672455194,10.020171165466309,230751,0.0,0.0,0.0
2022-01-17 00:00:00+02:00,10.02017016052779,10.129085369701086,9.85897605811913,10.031061172485352,188216,0.0,0.0,0.0
2022-01-18 00:00:00+02:00,10.031062646995153,10.044132735767915,9.95482264374384,10.013636589050293,189997,0.0,0.0,0.0
2022-01-19 00:00:00+02:00,10.013636589050293,9.965714384387809,9.933039889541392,10.013636589050293,5250,0.0,0.0,0.0
2022-01-20 00:00:00+02:00,10.01363537546894,10.020170419063321,9.900364194841282,10.007101058959961,52923,0.0,0.0,0.0
2022-01-23 00:00:00+02:00,10.007101601072938,10.0201709618843,9.802341253202309,9.815410614013672,58240,0.0,0.0,0.0
2022-01-24 00:00:00+02:00,9.815410614013672,9.802341253202309,9.802341253202309,9.815410614013672,7742,0.0,0.0,0.0
2022-01-25 00:00:00+02:00,9.815410614013672,9.970069685365322,9.715209515146599,9.815410614013672,18900,0.0,0.0,0.0
2022-01-26 00:00:00+02:00,9.815410335294386,9.802340974854141,9.58451127235766,9.795805931091309,46375,0.0,0.0,0.0
2022-01-30 00:00:00+02:00,9.795805881804165,9.791449913069615,9.51916224100495,9.638968467712402,64039,0.0,0.0,0.0
2022-01-31 00:00:00+02:00,9.638968467712402,9.774023129789743,9.438565549591795,9.638968467712402,19127,0.0,0.0,0.0
2022-02-01 00:00:00+02:00,9.638968004838155,9.693425245801821,9.519161783883934,9.558370590209961,92865,0.0,0.0,0.0
2022-02-02 00:00:00+02:00,9.558371571529653,9.80234146118164,9.584511747877889,9.80234146118164,40012,0.0,0.0,0.0
2022-02-03 00:00:00+02:00,9.802340207248669,9.802340207248669,9.693425000986693,9.769665718078613,44352,0.0,0.0,0.0
2022-02-06 00:00:00+02:00,9.769666753660497,9.854620143673534,9.628077043219996,9.684713363647461,59066,0.0,0.0,0.0
2022-02-07 00:00:00+02:00,9.684713742627784,9.943931345858518,9.534411361466057,9.5823335647583,2183748,0.0,0.0,0.0
2022-02-08 00:00:00+02:00,9.5823335647583,9.562729159245196,9.475596690755802,9.5823335647583,5285,0.0,0.0,0.0
2022-02-09 00:00:00+02:00,9.582333017292486,9.693425853995485,9.410247892382857,9.455991744995117,110474,0.0,0.0,0.0
2022-02-10 00:00:00+02:00,9.455991740339844,9.477774492664224,9.366681656015917,9.405890464782715,34653,0.0,0.0,0.0
2022-02-13 00:00:00+02:00,9.405890465234458,9.582333013035232,8.93102152035927,8.970231056213379,117579,0.0,0.0,0.0
2022-02-14 00:00:00+02:00,8.970231337220623,9.1466731634633,8.7131920888038,9.039937019348145,43319,0.0,0.0,0.0
2022-02-15 00:00:00+02:00,9.03993684203629,9.331828925791623,9.14885205910993,9.246874809265137,76828,0.0,0.0,0.0
2022-02-16 00:00:00+02:00,9.246874809265137,9.453813503579418,9.172813159657082,9.246874809265137,2537,0.0,0.0,0.0
2022-02-17 00:00:00+02:00,9.246874809265137,9.460348547479215,9.094394087030391,9.246874809265137,10503,0.0,0.0,0.0
2022-02-20 00:00:00+02:00,9.24687478234234,9.366681738900148,9.039936815716006,9.103107452392578,73090,0.0,0.0,0.0
2022-02-21 00:00:00+02:00,9.103107324627826,9.246874652559772,8.933199821539686,9.03122329711914,34142,0.0,0.0,0.0
2022-02-22 00:00:00+02:00,9.031224425496507,9.039937818303907,8.74586735482385,8.99201488494873,41072,0.0,0.0,0.0
2022-02-23 00:00:00+02:00,8.99201488494873,9.146673971852476,8.822108087717554,8.99201488494873,6482,0.0,0.0,0.0
2022-02-24 00:00:00+02:00,8.992013984221584,8.835176564826345,8.386447786477076,8.713191986083984,186308,0.0,0.0,0.0
2022-02-27 00:00:00+02:00,8.713191602209681,8.996371010924067,8.734974354001015,8.8526029586792,140280,0.0,0.0,0.0
2022-02-28 00:00:00+02:00,8.852604033179125,9.146673762854277,8.713192659788312,8.824285507202148,57039,0.0,0.0,0.0
2022-03-01 00:00:00+02:00,8.824284966612531,9.148852277618728,8.935379261391551,9.146673202514648,46998,0.0,0.0,0.0
2022-03-02 00:00:00+02:00,9.146673904552406,9.146673904552406,8.739332973000911,8.909239768981934,32109,0.0,0.0,0.0
2022-03-03 00:00:00+02:00,8.909238848591079,9.01815406537387,8.84606821189927,8.88527774810791,34587,0.0,0.0,0.0
2022-03-06 00:00:00+02:00,8.885277777435979,8.928843282624548,8.71754861932931,8.8112154006958,236355,0.0,0.0,0.0
2022-03-07 00:00:00+02:00,8.81121530653285,8.822107046256313,8.604277341385043,8.715370178222656,240131,0.0,0.0,0.0
2022-03-08 00:00:00+02:00,8.715370178222656,8.715370178222656,8.715370178222656,8.715370178222656,0,0.0,0.0,0.0
2022-03-09 00:00:00+02:00,8.711013589983853,8.843890634995915,8.713191937955465,8.774184226989746,193207,0.0,0.0,0.0
2022-03-10 00:00:00+02:00,8.774185042091249,8.898347979665871,8.713192747390925,8.789433479309082,186063,0.0,0.0,0.0
2022-03-13 00:00:00+02:00,8.789432887096869,8.822107380419473,8.71319216031564,8.72408390045166,224808,0.0,0.0,0.0
2022-03-14 00:00:00+02:00,8.72408390045166,8.72408390045166,8.72408390045166,8.72408390045166,23772,0.0,0.0,0.0
2022-03-15 00:00:00+02:00,8.724083394963863,8.815571825549073,8.519323054783573,8.70447826385498,128712,0.0,0.0,0.0
2022-03-16 00:00:00+02:00,8.704478589781335,8.99637140275977,8.647843723491308,8.931021690368652,66328,0.0,0.0,0.0
2022-03-17 00:00:00+02:00,8.931021319584652,9.094393776066205,8.876564076452604,9.033401489257812,204218,0.0,0.0,0.0
2022-03-20 00:00:00+02:00,9.033402218080242,9.148852484420717,8.931022040146964,9.083502769470215,208250,0.0,0.0,0.0
2022-03-21 00:00:00+02:00,9.083502503456574,9.80234134892047,9.146673141403765,9.294797897338867,408240,0.0,0.0,0.0
2022-03-22 00:00:00+02:00,9.294798089672266,9.669465229100103,9.174991128225535,9.31875991821289,315007,0.0,0.0,0.0
2022-03-23 00:00:00+02:00,9.318759850052501,9.475596545931198,9.205487206496263,9.366682052612305,184576,0.0,0.0,0.0
2022-03-24 00:00:00+02:00,9.36668176617177,9.45163515561282,9.201130956137431,9.246874809265137,155662,0.0,0.0,0.0
2022-03-27 00:00:00+02:00,9.246875239132795,9.257766979472123,9.039937262283841,9.083502769470215,33778,0.0,0.0,0.0
2022-03-28 00:00:00+02:00,9.083501905845145,9.418960205547657,8.931021191019184,8.961517333984375,488509,0.0,0.0,0.0
2022-03-29 00:00:00+02:00,8.961518341595093,9.257767140198862,8.93102219520099,9.181527137756348,52969,0.0,0.0,0.0
2022-03-30 00:00:00+02:00,9.181527275967706,9.212023422820872,8.931022329641447,9.116177558898926,59202,0.0,0.0,0.0
2022-03-31 00:00:00+02:00,9.116177015291496,9.246874987464407,8.941913537117914,8.989835739135742,170194,0.0,0.0,0.0
2022-04-03 00:00:00+02:00,8.989835358645308,9.279549087755207,8.968053333652337,9.17934799194336,255881,0.0,0.0,0.0
2022-04-04 00:00:00+02:00,9.179348579268119,9.25776692801904,9.053006573290503,9.144495010375977,72019,0.0,0.0,0.0
2022-04-05 00:00:00+02:00,9.144494812317568,9.105286002334054,8.974588030161144,8.989835739135742,54768,0.0,0.0,0.0
2022-04-06 00:00:00+02:00,8.98983546059772,9.06171948848268,8.93102152035927,8.970231056213379,160286,0.0,0.0,0.0
2022-04-07 00:00:00+02:00,8.9702311972608,9.039936878300724,8.89834716824554,9.005084037780762,75327,0.0,0.0,0.0
2022-04-10 00:00:00+02:00,9.005084037780762,9.039936878300724,8.832998910241729,9.005084037780762,19579,0.0,0.0,0.0
2022-04-11 00:00:00+02:00,9.005084072123454,8.974587927437865,8.71101363810034,8.713191986083984,126525,0.0,0.0,0.0
2022-04-12 00:00:00+02:00,8.713191156792899,8.822106364352662,8.641307134345164,8.734973907470703,139825,0.0,0.0,0.0
2022-04-13 00:00:00+02:00,8.734974090619604,8.721904730773042,8.386447164125588,8.541106224060059,352082,0.0,0.0,0.0
2022-04-14 00:00:00+02:00,8.541106308881043,8.90923836942887,8.386447247410667,8.536748886108398,123326,0.0,0.0,0.0
2022-04-17 00:00:00+02:00,9.118430700181179,9.30689578146295,8.84155118654679,8.871798515319824,108381,0.714286,0.0,0.0
2022-04-18 00:00:00+02:00,8.871798429056174,8.606552028065606,7.969029799436291,8.478582382202148,70868,0.0,0.0,0.0
2022-04-19 00:00:00+02:00,8.478582661878118,8.836897837440832,8.492542549606139,8.608879089355469,90100,0.0,0.0,0.0
2022-04-20 00:00:00+02:00,8.608879648728486,8.82991885562613,8.597245761009235,8.629819869995117,43848,0.0,0.0,0.0
2022-04-21 00:00:00+02:00,8.629819869995117,8.725215419408913,8.492543101420038,8.629819869995117,40372,0.0,0.0,0.0
2022-04-26 00:00:00+02:00,8.629819869995117,8.718235863405383,8.469276102609557,8.629819869995117,8277,0.0,0.0,0.0
2022-04-27 00:00:00+02:00,8.62981932156211,9.027689713367234,8.480908674731191,8.836897850036621,119539,0.0,0.0,0.0
2022-04-28 00:00:00+02:00,8.83689690911764,9.06956918754592,8.806649582818473,8.825263023376465,44733,0.0,0.0,0.0
2022-05-08 00:00:00+02:00,8.825263761604614,9.004421733865724,8.7601155492602,8.84620475769043,90615,0.0,0.0,0.0
2022-05-09 00:00:00+02:00,8.846204221285019,9.016055073875448,8.725214136676165,8.801996231079102,46476,0.0,0.0,0.0
2022-05-10 00:00:00+02:00,8.801996231079102,8.941599756674291,8.725214136676165,8.801996231079102,21707,0.0,0.0,0.0
2022-05-11 00:00:00+02:00,8.801996203211623,8.934619396781581,8.839223861694336,8.839223861694336,51054,0.0,0.0,0.0
2022-05-12 00:00:00+02:00,8.839225072932946,8.911353622587733,8.725215304667639,8.75313663482666,43256,0.0,0.0,0.0
2022-05-15 00:00:00+02:00,8.75313547998108,8.841550683935552,8.725214153505862,8.762442588806152,36064,0.0,0.0,0.0
2022-05-16 00:00:00+02:00,8.76244273061669,8.841550827026367,8.678679526463327,8.841550827026367,62646,0.0,0.0,0.0
2022-05-17 00:00:00+02:00,8.841550532959763,8.841550532959763,8.725214004516602,8.725214004516602,118720,0.0,0.0,0.0
2022-05-18 00:00:00+02:00,8.725214378322379,8.827591024780235,8.725214378322379,8.743827819824219,39637,0.0,0.0,0.0
2022-05-19 00:00:00+02:00,8.743828352313066,8.811304120514732,8.620513032833246,8.788036346435547,41440,0.0,0.0,0.0
2022-05-22 00:00:00+02:00,8.788036133748868,9.074223534972807,8.655412931219125,8.79501724243164,85197,0.0,0.0,0.0
2022-05-23 00:00:00+02:00,8.795017120324701,9.03234219386997,8.727541354692884,8.957887649536133,289250,0.0,0.0,0.0
2022-05-24 00:00:00+02:00,8.957887610020311,8.899718953922301,8.739175202738375,8.76942253112793,134659,0.0,0.0,0.0
2022-05-25 00:00:00+02:00,8.769423507932851,8.841552059291375,8.669374402383808,8.729869842529297,48548,0.0,0.0,0.0
2022-05-26 00:00:00+02:00,8.729869183890129,8.815957617534817,8.57630498248613,8.608879089355469,212429,0.0,0.0,0.0
2022-05-29 00:00:00+02:00,8.608879183697669,8.71358183763108,8.459968535447132,8.497196197509766,29501,0.0,0.0,0.0
2022-05-30 00:00:00+02:00,8.497196169376851,8.711254254743311,8.378533627955308,8.520463943481445,48279,0.0,0.0,0.0
2022-05-31 00:00:00+02:00,8.520463943481445,8.795017464891883,8.422741622126066,8.520463943481445,26754,0.0,0.0,0.0
2022-06-01 00:00:00+02:00,8.52046362735146,8.781056474630509,8.434374419614523,8.441354751586914,201782,0.0,0.0,0.0
2022-06-02 00:00:00+02:00,8.441354936564638,8.608879024433305,8.380859501439538,8.4576416015625,77045,0.0,0.0,0.0
2022-06-05 00:00:00+02:00,8.4576416015625,8.4576416015625,8.4576416015625,8.4576416015625,0,0.0,0.0,0.0
2022-06-06 00:00:00+02:00,8.464622280963043,8.527443719412652,8.371553512023919,8.485563278198242,98021,0.0,0.0,0.0
2022-06-07 00:00:00+02:00,8.485562600509832,8.492542155736157,8.376206398010254,8.376206398010254,246176,0.0,0.0,0.0
2022-06-08 00:00:00+02:00,8.376205965181185,8.527442597735499,8.376205965181185,8.459967613220215,136885,0.0,0.0,0.0
2022-06-09 00:00:00+02:00,8.459968315090757,8.569324521012101,8.448334428302969,8.546056747436523,103155,0.0,0.0,0.0
2022-06-12 00:00:00+02:00,8.546056215246885,8.678679409856988,8.459967788262114,8.473928451538086,29820,0.0,0.0,0.0
2022-06-13 00:00:00+02:00,8.473928695647517,8.583284897909143,8.399473375953304,8.415760040283203,40684,0.0,0.0,0.0
2022-06-14 00:00:00+02:00,8.41576041921357,8.46927552242809,8.387840643856029,8.406454086303711,73727,0.0,0.0,0.0
2022-06-15 00:00:00+02:00,8.406453806698229,8.57397788966724,8.425067248526814,8.529769897460938,183368,0.0,0.0,0.0
2022-06-16 00:00:00+02:00,8.529769993178922,8.476255667771778,8.376206572329071,8.390167236328125,148666,0.0,0.0,0.0
2022-06-19 00:00:00+02:00,8.39016721728277,8.446007543268385,8.273830680771912,8.429720878601074,29718,0.0,0.0,0.0
2022-06-20 00:00:00+02:00,8.42972145318323,8.376207124249948,8.148188366969874,8.197049140930176,103547,0.0,0.0,0.0
2022-06-21 00:00:00+02:00,8.197048430223962,8.485562600509832,8.236602867436824,8.376206398010254,100537,0.0,0.0,0.0
2022-06-22 00:00:00+02:00,8.376206366453196,8.469275127608872,8.41576002688911,8.427393913269043,84605,0.0,0.0,0.0
2022-06-23 00:00:00+02:00,8.427393945018949,8.418086835879937,8.25986986365642,8.376206398010254,73675,0.0,0.0,0.0
2022-06-26 00:00:00+02:00,8.376206283058716,8.422741051487213,8.211008981248037,8.27383041381836,227654,0.0,0.0,0.0
2022-06-27 00:00:00+02:00,8.273829888112871,8.322691430689607,8.178434356692254,8.217988014221191,533998,0.0,0.0,0.0
2022-06-28 00:00:00+02:00,8.217989398189022,8.299425057321969,8.108633185722152,8.145861625671387,206367,0.0,0.0,0.0
2022-06-29 00:00:00+02:00,8.145860860050966,8.236602844014481,8.14353408277283,8.148187637329102,115745,0.0,0.0,0.0
2022-07-03 00:00:00+02:00,8.148188312151506,8.222642861334297,7.989970550646587,8.031851768493652,93618,0.0,0.0,0.0
2022-07-04 00:00:00+02:00,8.03185170531858,8.129574028441098,7.461804432123237,7.638635635375977,106358,0.0,0.0,0.0
2022-07-05 00:00:00+02:00,7.638635163223012,8.094672642939882,7.724723593761626,7.892247676849365,32172,0.0,0.0,0.0
2022-07-06 00:00:00+02:00,7.892247448727179,7.868980452940498,7.2151708040207,7.540912628173828,182392,0.0,0.0,0.0
2022-07-07 00:00:00+02:00,7.540912829734629,8.027197636778874,7.445516513540763,7.5316057205200195,84784,0.0,0.0,0.0
2022-07-17 00:00:00+02:00,7.5316059842443455,7.666555189441823,7.331507788891307,7.447843551635742,135985,0.0,0.0,0.0
2022-07-18 00:00:00+02:00,7.447843249372279,7.673535986802183,7.445516472081583,7.461803913116455,105878,0.0,0.0,0.0
2022-07-19 00:00:00+02:00,7.461804346997912,7.906208739198475,7.56185344643159,7.766604423522949,433926,0.0,0.0,0.0
2022-07-20 00:00:00+02:00,7.766604165002759,8.02719779164375,7.5688327501444395,7.731703281402588,120011,0.0,0.0,0.0
2022-07-21 00:00:00+02:00,7.731702948444375,8.143533978493661,7.585119864938474,7.79685115814209,483231,0.0,0.0,0.0
2022-07-24 00:00:00+02:00,7.796851336682755,7.910861094578435,7.678188800811768,7.678188800811768,200329,0.0,0.0,0.0
2022-07-25 00:00:00+02:00,7.678188614925305,7.794525147306137,7.57348674539885,7.661901950836182,92568,0.0,0.0,0.0
2022-07-26 00:00:00+02:00,7.661901620769865,7.852692686897209,7.60838729968933,7.727049827575684,402584,0.0,0.0,0.0
2022-07-27 00:00:00+02:00,7.727051064340239,7.782892171503562,7.627001960972947,7.631654739379883,73692,0.0,0.0,0.0
2022-07-28 00:00:00+02:00,7.631653705305654,7.896900093333081,7.6339804825078525,7.861999988555908,186875,0.0,0.0,0.0
2022-07-31 00:00:00+02:00,7.862000656452895,7.957396199963426,7.724723896372773,7.850367546081543,907970,0.0,0.0,0.0
2022-08-01 00:00:00+02:00,7.850367605722734,7.910861488694885,7.724723955059417,7.789872169494629,124295,0.0,0.0,0.0
2022-08-02 00:00:00+02:00,7.789871194991222,7.992296145226366,7.731702543457486,7.95972204208374,258107,0.0,0.0,0.0
2022-08-03 00:00:00+02:00,7.959722633202974,8.09699938734756,7.852693207320829,7.943435192108154,45570,0.0,0.0,0.0
2022-08-04 00:00:00+02:00,7.943434830319808,8.725214104822,7.838732963133568,8.57397747039795,685937,0.0,0.0,0.0
2022-08-07 00:00:00+02:00,8.57397883761929,8.725215496159796,8.143535084384897,8.313385963439941,186578,0.0,0.0,0.0
2022-08-08 00:00:00+02:00,8.31338528744501,8.580957695931893,8.143534422201226,8.4576416015625,199976,0.0,0.0,0.0
2022-08-09 00:00:00+02:00,8.457641473964573,8.527443240909102,8.259870059831055,8.380859375,115486,0.0,0.0,0.0
2022-08-10 00:00:00+02:00,8.380859175951827,8.492542155736157,8.262196640941172,8.376206398010254,131712,0.0,0.0,0.0
2022-08-11 00:00:00+02:00,8.376206398010254,8.492542155736157,8.287790414445519,8.376206398010254,198975,0.0,0.0,0.0
2022-08-14 00:00:00+02:00,8.376206366091862,8.69031353205721,8.483235014270912,8.66472053527832,112269,0.0,0.0,0.0
2022-08-15 00:00:00+02:00,8.664719775318344,8.839223395936978,8.306403872538112,8.392492294311523,170373,0.0,0.0,0.0
2022-08-16 00:00:00+02:00,8.392493550952658,8.60655241384395,8.22497023646553,8.243583679199219,178930,0.0,0.0,0.0
2022-08-17 00:00:00+02:00,8.243583370849853,8.473928890438602,8.143534275407145,8.390167236328125,378672,0.0,0.0,0.0
2022-08-18 00:00:00+02:00,8.390167236328125,8.390167236328125,8.390167236328125,8.390167236328125,0,0.0,0.0,0.0
2022-08-21 00:00:00+02:00,8.315710403216059,8.701946863473893,8.373879054775605,8.383185386657715,122206,0.0,0.0,0.0
2022-08-22 00:00:00+02:00,8.38318579143645,8.685660619592904,8.259869704236356,8.350611686706543,258300,0.0,0.0,0.0
2022-08-23 00:00:00+02:00,8.350611686706543,8.350611686706543,8.350611686706543,8.350611686706543,0,0.0,0.0,0.0
2022-08-24 00:00:00+02:00,8.387841103648977,8.643780416945125,8.376207216088966,8.539077758789062,197540,0.0,0.0,0.0
2022-08-25 00:00:00+02:00,8.539076972037693,8.864818027425597,8.520463530284642,8.818284034729004,263837,0.0,0.0,0.0
2022-08-28 00:00:00+02:00,8.818283876075697,8.934619632352074,8.492542049920408,8.527442932128906,156747,0.0,0.0,0.0
2022-08-29 00:00:00+02:00,8.52744242215623,8.711253154601279,8.318037141428455,8.432046890258789,316074,0.0,0.0,0.0
2022-08-30 00:00:00+02:00,8.432047305972562,8.60887849241372,8.376206205676581,8.401799201965332,593351,0.0,0.0,0.0
2022-08-31 00:00:00+02:00,8.401799583456132,8.469275349600448,8.283137045782222,8.378533363342285,380579,0.0,0.0,0.0
2022-09-01 00:00:00+02:00,8.37853362797884,8.466948839692629,8.157494433752404,8.294771194458008,229008,0.0,0.0,0.0
2022-09-04 00:00:00+02:00,8.2947710232178,8.371553122922116,8.145861155161988,8.266850471496582,137333,0.0,0.0,0.0
2022-09-05 00:00:00+02:00,8.266850394586573,8.376206599719582,8.236603065784328,8.366899490356445,85029,0.0,0.0,0.0
2022-09-06 00:00:00+02:00,8.366899288871243,8.534423370233773,8.329671628943133,8.376206398010254,67574,0.0,0.0,0.0
2022-09-07 00:00:00+02:00,8.376206566901109,8.534423542314782,8.373879789569441,8.418087005615234,87125,0.0,0.0,0.0
2022-09-08 00:00:00+02:00,8.418086558167074,8.583284633422895,8.376206121679028,8.513482093811035,225323,0.0,0.0,0.0
2022-09-11 00:00:00+02:00,8.51348216621471,8.746155229225279,8.511156165614842,8.678679466247559,620746,0.0,0.0,0.0
2022-09-12 00:00:00+02:00,8.678679541380731,8.841550842223725,8.446007252983781,8.56467056274414,279517,0.0,0.0,0.0
2022-09-13 00:00:00+02:00,8.564671095522808,8.694967523000157,8.50417643656946,8.608879089355469,47502,0.0,0.0,0.0
2022-09-14 00:00:00+02:00,8.608879089355469,8.66704697091615,8.376206786484776,8.608879089355469,252567,0.0,0.0,0.0
2022-09-15 00:00:00+02:00,8.608879089355469,8.66704697091615,8.425067558474797,8.608879089355469,175553,0.0,0.0,0.0
2022-09-18 00:00:00+02:00,8.608879530893104,8.792690294573209,8.376207216088966,8.539077758789062,241101,0.0,0.0,0.0
2022-09-19 00:00:00+02:00,8.539077320831463,8.608879089355469,8.376206786484776,8.608879089355469,400848,0.0,0.0,0.0
2022-09-20 00:00:00+02:00,8.60887928808045,8.655413283751987,8.462295415470745,8.613532066345215,168374,0.0,0.0,0.0
2022-09-21 00:00:00+02:00,8.613531805932997,8.701947792966216,8.60655225043287,8.683334350585938,133255,0.0,0.0,0.0
2022-09-22 00:00:00+02:00,8.683334317025823,8.841551294844567,8.618186104004696,8.734521865844727,246291,0.0,0.0,0.0
2022-09-25 00:00:00+02:00,8.734521707793398,8.725214598493661,8.632146612008071,8.694967269897461,38815,0.0,0.0,0.0
2022-09-26 00:00:00+02:00,8.694967523000157,8.834571060048168,8.608879089355469,8.608879089355469,176669,0.0,0.0,0.0
2022-09-27 00:00:00+02:00,8.60887928808045,8.667047170983862,8.550711405177038,8.613532066345215,83058,0.0,0.0,0.0
2022-09-28 00:00:00+02:00,8.613530953174813,8.606551398365676,8.422740663624733,8.560016632080078,43834,0.0,0.0,0.0
2022-09-29 00:00:00+02:00,8.560017367481992,8.711254011804314,8.550711034727662,8.594918251037598,109644,0.0,0.0,0.0
2022-10-02 00:00:00+02:00,8.594917863810128,8.806649932950151,8.387840125779508,8.58793830871582,628106,0.0,0.0,0.0
2022-10-03 00:00:00+02:00,8.587938701246367,8.725214681585062,8.539077153585378,8.566998481750488,109021,0.0,0.0,0.0
2022-10-04 00:00:00+02:00,8.56699804245366,8.713581124664266,8.608878479297882,8.678679466247559,161423,0.0,0.0,0.0
2022-10-05 00:00:00+02:00,8.678679466247559,8.725214234175255,8.608878479297882,8.678679466247559,82204,0.0,0.0,0.0
2022-10-09 00:00:00+02:00,8.67867982862292,8.832244025556802,8.655412832001524,8.694967269897461,179231,0.0,0.0,0.0
2022-10-10 00:00:00+02:00,8.694966359335142,9.30689475240691,8.832243100618461,8.922985076904297,1364814,0.0,0.0,0.0
2022-10-11 00:00:00+02:00,8.922985307993345,8.911352198913596,8.841550437923564,8.848530769348145,157244,0.0,0.0,0.0
2022-10-12 00:00:00+02:00,8.84853187592158,9.23709516424248,8.841551543624059,8.902046203613281,534870,0.0,0.0,0.0
2022-10-13 00:00:00+02:00,8.902045957292998,9.050956602341161,8.911353066765498,8.960214614868164,260732,0.0,0.0,0.0
2022-10-16 00:00:00+02:00,8.960214965851005,9.05095695687848,8.957888188391738,9.01838207244873,366240,0.0,0.0,0.0
2022-10-17 00:00:00+02:00,9.018381638663149,9.141698508188812,9.01605563794375,9.074223518371582,205457,0.0,0.0,0.0
2022-10-18 00:00:00+02:00,9.07422350547085,9.527934991395574,9.07422350547085,9.339469909667969,536861,0.0,0.0,0.0
2022-10-19 00:00:00+02:00,9.339469783772481,9.4092715498969,9.225460801963088,9.248727798461914,398146,0.0,0.0,0.0
2022-10-20 00:00:00+02:00,9.248727138243964,9.404617323925416,9.213826257673144,9.379023551940918,149432,0.0,0.0,0.0
2022-10-23 00:00:00+02:00,9.379024161584251,9.539567911994324,9.248727739417934,9.323183059692383,460897,0.0,0.0,0.0
2022-10-24 00:00:00+02:00,9.323183666120977,9.395311437161233,9.253381895901901,9.295262336730957,314555,0.0,0.0,0.0
2022-10-25 00:00:00+02:00,9.29526266830569,9.348777774917531,9.192887563402373,9.334817886352539,318913,0.0,0.0,0.0
2022-10-26 00:00:00+02:00,9.334817886352539,9.334817886352539,9.334817886352539,9.334817886352539,0,0.0,0.0,0.0
2022-10-27 00:00:00+02:00,9.539335796426137,10.138699965736912,9.2021938395028,9.324346542358398,523355,0.0,3.5,0.0
2022-10-30 00:00:00+02:00,9.324346711973478,9.552365457211424,9.063753860272966,9.112614631652832,154907,0.0,0.0,0.0
2022-10-31 00:00:00+02:00,9.112615176866825,9.24291238714081,8.998606185740595,9.14518928527832,115648,0.0,0.0,0.0
2022-11-01 00:00:00+02:00,9.145188289593646,9.332489975038229,9.088183800236909,9.194049835205078,166009,0.0,0.0,0.0
2022-11-02 00:00:00+02:00,9.194050901240436,9.324347335808023,9.128902683956643,9.169620513916016,118451,0.0,0.0,0.0
2022-11-03 00:00:00+02:00,9.169619265021185,9.202193369226514,9.128901440607546,9.177762985229492,102658,0.0,0.0,0.0
2022-11-06 00:00:00+02:00,9.177762985229492,9.242911193640152,9.145188104396258,9.177762985229492,191070,0.0,0.0,0.0
2022-11-07 00:00:00+02:00,9.177763532706521,9.299916236606252,9.161476091318317,9.21033763885498,105500,0.0,0.0,0.0
2022-11-08 00:00:00+02:00,9.210337376718723,9.405782008046904,9.234767761477762,9.308059692382812,129070,0.0,0.0,0.0
2022-11-09 00:00:00+02:00,9.30806039620639,9.365064890497155,9.242912180837518,9.267342567443848,34090,0.0,0.0,0.0
2022-11-10 00:00:00+02:00,9.26734175025489,9.51979086839145,9.242911365802817,9.470930099487305,165454,0.0,0.0,0.0
2022-11-13 00:00:00+02:00,9.470930099487305,9.584939854643508,9.454642658767309,9.470930099487305,211367,0.0,0.0,0.0
2022-11-14 00:00:00+02:00,9.47093009212772,9.682662161555601,9.47093009212772,9.609370231628418,126805,0.0,0.0,0.0
2022-11-15 00:00:00+02:00,9.609370527244822,9.731523229796009,9.527934874458737,9.601226806640625,198163,0.0,0.0,0.0
2022-11-16 00:00:00+02:00,9.601227028291945,9.975829641825618,9.609370749084146,9.918825149536133,365626,0.0,0.0,0.0
2022-11-17 00:00:00+02:00,9.918824917532167,10.171274043161855,9.77224105321303,10.106125831604004,354565,0.0,0.0,0.0
2022-11-20 00:00:00+02:00,10.106126601118348,10.179418538858611,10.032834663378086,10.089839935302734,92225,0.0,0.0,0.0
2022-11-21 00:00:00+02:00,10.089840095643247,10.17941870062264,9.967686605258965,10.016548156738281,125125,0.0,0.0,0.0
2022-11-22 00:00:00+02:00,10.016547388214722,10.097982265594773,9.94325545493311,10.03283405303955,55883,0.0,0.0,0.0
2022-11-23 00:00:00+02:00,10.03283452620855,10.097982741836294,9.951399644987864,10.024691581726074,96620,0.0,0.0,0.0
2022-11-24 00:00:00+02:00,10.024690297249897,10.488871468278457,9.967685033408783,10.374861717224121,486088,0.0,0.0,0.0
2022-11-27 00:00:00+02:00,10.37486294803375,10.586595035127006,10.37486294803375,10.505159378051758,481916,0.0,0.0,0.0
2022-11-28 00:00:00+02:00,10.50515908223575,10.643599229388528,10.43186792488542,10.51330280303955,726070,0.0,0.0,0.0
2022-11-29 00:00:00+02:00,10.51330232916538,11.238077138848181,10.57030681896666,11.010058403015137,767623,0.0,0.0,0.0
2022-11-30 00:00:00+02:00,11.010059605250605,11.523101622739226,11.034489992600538,11.278796195983887,752123,0.0,0.0,0.0
2022-12-01 00:00:00+02:00,11.278795273474618,11.482383630204284,11.24622116746299,11.36837387084961,252077,0.0,0.0,0.0
2022-12-04 00:00:00+02:00,11.368373970495723,11.970995325306921,11.400948076792869,11.84884262084961,848187,0.0,0.0,0.0
2022-12-05 00:00:00+02:00,11.848841922806482,14.169748607161049,11.905846411311233,14.023164749145508,1300177,0.0,0.0,0.0
2022-12-06 00:00:00+02:00,14.023166308937883,14.243042120417911,13.640420734079163,13.852152824401855,273580,0.0,0.0,0.0
2022-12-07 00:00:00+02:00,13.852152405773333,14.11274526190861,13.363540023891717,13.656707763671875,319856,0.0,0.0,0.0
2022-12-08 00:00:00+02:00,13.65670724761789,14.658361583008741,13.477548500852905,13.713711738586426,559838,0.0,0.0,0.0
2022-12-11 00:00:00+02:00,13.713711375712524,14.536208495830458,13.599702396792205,13.697423934936523,399188,0.0,0.0,0.0
2022-12-12 00:00:00+02:00,13.697424871204749,13.925444397887189,13.697424871204749,13.835865020751953,108915,0.0,0.0,0.0
2022-12-13 00:00:00+02:00,13.8358650035183,14.251185451642598,13.901013217738429,13.974305152893066,1975881,0.0,0.0,0.0
2022-12-14 00:00:00+02:00,13.9743045616887,14.19418035785043,13.933587511994697,13.990592002868652,329391,0.0,0.0,0.0
2022-12-15 00:00:00+02:00,13.990592002868652,14.38962499224223,13.966160841098722,13.990592002868652,359333,0.0,0.0,0.0
2022-12-18 00:00:00+02:00,13.990591935883915,14.202324010441929,13.88472512197697,13.966160774230957,281176,0.0,0.0,0.0
2022-12-19 00:00:00+02:00,13.966160774230957,14.243041059940985,13.762572420223929,13.966160774230957,195976,0.0,0.0,0.0
2022-12-20 00:00:00+02:00,13.966160328130396,14.153461235052776,13.966160328130396,14.047595977783203,153421,0.0,0.0,0.0
2022-12-21 00:00:00+02:00,14.047596790722087,14.129032445087601,13.852152152198403,13.98244857788086,49708,0.0,0.0,0.0
2022-12-22 00:00:00+02:00,13.982448436486631,14.202324235073302,13.844008291441975,13.9173002243042,184968,0.0,0.0,0.0
2022-12-25 00:00:00+02:00,13.917300326643797,14.006879701524317,13.656707475997822,13.681137084960938,113498,0.0,0.0,0.0
2022-12-26 00:00:00+02:00,13.681136410658366,13.852151431250908,13.681136410658366,13.795146942138672,53956,0.0,0.0,0.0
2022-12-27 00:00:00+02:00,13.795147458469948,13.844008229072672,13.697424364008608,13.738142967224121,68883,0.0,0.0,0.0
2022-12-28 00:00:00+02:00,13.738142671070902,14.169748983059964,13.738142671070902,13.901012420654297,106267,0.0,0.0,0.0
2022-12-29 00:00:00+02:00,13.901013301050273,14.063884614204692,13.844008807423014,13.860296249389648,54172,0.0,0.0,0.0
2023-01-02 00:00:00+02:00,13.86029610091041,14.129032677457175,13.852152380014335,13.949873924255371,49900,0.0,0.0,0.0
2023-01-03 00:00:00+02:00,13.949873180967545,14.332620276409617,13.925443572836933,14.03945255279541,116772,0.0,0.0,0.0
2023-01-04 00:00:00+02:00,14.03945283643357,14.633930462878476,13.681136895138936,14.16974925994873,446941,0.0,0.0,0.0
2023-01-05 00:00:00+02:00,14.169749031592454,14.487347917891212,14.04759633067256,14.202323913574219,384065,0.0,0.0,0.0
2023-01-09 00:00:00+02:00,14.202323837265752,14.861949661293723,14.145319347359807,14.316332817077637,410080,0.0,0.0,0.0
2023-01-10 00:00:00+02:00,14.316332665608217,14.576925504281611,14.21046740736809,14.38962459564209,259896,0.0,0.0,0.0
2023-01-11 00:00:00+02:00,14.38962437198169,14.731652855738272,14.21046718649236,14.576925277709961,385308,0.0,0.0,0.0
2023-01-12 00:00:00+02:00,14.576925351618184,14.821232300257757,14.259328026968145,14.462916374206543,120353,0.0,0.0,0.0
2023-01-15 00:00:00+02:00,14.462916156443395,14.658360780458816,14.283758972743207,14.5117769241333,100021,0.0,0.0,0.0
2023-01-16 00:00:00+02:00,14.511777976457509,15.228409869736547,14.495490534961188,14.992246627807617,281311,0.0,0.0,0.0
2023-01-17 00:00:00+02:00,14.992245084100663,15.228408301712568,14.666504053994375,14.870092391967773,219753,0.0,0.0,0.0
2023-01-18 00:00:00+02:00,14.87009491017877,15.464572584952927,14.853807467601284,15.155118942260742,276046,0.0,0.0,0.0
2023-01-19 00:00:00+02:00,15.155118032883989,15.635586687297435,15.000390444194254,15.472715377807617,283786,0.0,0.0,0.0
2023-01-22 00:00:00+02:00,15.472715356040522,17.419019580100567,15.562294731459493,17.060705184936523,656922,0.0,0.0,0.0
2023-01-23 00:00:00+02:00,17.06070476695644,17.590034179201453,16.335929167084583,16.881546020507812,328484,0.0,0.0,0.0
2023-01-24 00:00:00+02:00,16.881545976503393,17.581890412782364,16.72681994548129,17.435306549072266,334033,0.0,0.0,0.0
2023-01-25 00:00:00+02:00,17.435307263842322,18.396244584664128,17.101422473150805,17.622608184814453,403907,0.0,0.0,0.0
2023-01-29 00:00:00+02:00,17.62260877932684,18.69755512252523,17.915776528655854,18.485824584960938,189940,0.0,0.0,0.0
2023-01-30 00:00:00+02:00,18.485823960541524,18.827852472120238,17.932063365294464,18.2007999420166,222167,0.0,0.0,0.0
2023-01-31 00:00:00+02:00,18.200798682064622,18.07864598351167,16.80010984910701,17.076990127563477,77791,0.0,0.0,0.0
2023-02-01 00:00:00+02:00,17.076991651411117,17.704044194061368,16.327786399307744,16.588380813598633,80113,0.0,0.0,0.0
2023-02-02 00:00:00+02:00,16.58837971552391,17.076990520992595,16.47436918142613,16.67795753479004,78715,0.0,0.0,0.0
2023-02-05 00:00:00+02:00,16.677957937862992,16.694245379307148,15.024821462678794,16.2789249420166,105060,0.0,0.0,0.0
2023-02-06 00:00:00+02:00,16.278923620053703,16.686100303556564,16.205631692762726,16.53951644897461,33287,0.0,0.0,0.0
2023-02-07 00:00:00+02:00,16.53951767307238,17.03627376075288,16.54766139373585,16.80825424194336,55175,0.0,0.0,0.0
2023-02-08 00:00:00+02:00,16.808254347931648,17.508598796847433,16.612809710543594,17.133996963500977,49586,0.0,0.0,0.0
2023-02-09 00:00:00+02:00,17.133996996739807,17.87505849741142,17.10956583454794,17.59003448486328,59056,0.0,0.0,0.0
2023-02-12 00:00:00+02:00,17.59003507689713,17.899488708796614,17.191002067201712,17.573747634887695,36520,0.0,0.0,0.0
2023-02-13 00:00:00+02:00,17.573746318352743,17.89134364746418,17.305009758353254,17.557458877563477,204518,0.0,0.0,0.0
2023-02-14 00:00:00+02:00,17.557460101870717,17.9076323369787,17.47602444550161,17.671470642089844,179607,0.0,0.0,0.0
2023-02-15 00:00:00+02:00,17.671468371166473,18.16007914007885,17.50859707935851,18.07050132751465,110908,0.0,0.0,0.0
2023-02-16 00:00:00+02:00,18.07050228846988,18.192654987193823,17.91577470834977,17.93206214904785,59747,0.0,0.0,0.0
2023-02-19 00:00:00+02:00,17.932063398650914,18.151939203629652,17.875058905491084,17.923919677734375,57275,0.0,0.0,0.0
2023-02-20 00:00:00+02:00,17.923920753045405,18.078648353230353,16.295213750169015,17.68775749206543,45511,0.0,0.0,0.0
2023-02-21 00:00:00+02:00,17.687755738275165,17.89134409344836,17.27243530733114,17.614463806152344,37838,0.0,0.0,0.0
2023-02-22 00:00:00+02:00,17.614464249417818,17.8669149345297,17.109565985705892,17.516742706298828,41799,0.0,0.0,0.0
2023-02-23 00:00:00+02:00,17.516742895487408,17.818052802157144,17.50859917459688,17.744762420654297,30330,0.0,0.0,0.0
2023-02-26 00:00:00+02:00,17.744762412019806,17.99721154647949,17.50859916607731,17.89948844909668,67820,0.0,0.0,0.0
2023-02-27 00:00:00+02:00,17.899488073365458,18.078646822597204,17.6063218938828,18.02164077758789,16881,0.0,0.0,0.0
2023-02-28 00:00:00+02:00,18.02164115588324,18.314808894775737,17.712187528473557,17.89948844909668,35109,0.0,0.0,0.0
2023-03-01 00:00:00+02:00,17.899488106347377,17.915775547808618,17.223574818264833,17.59003448486328,68651,0.0,0.0,0.0
2023-03-02 00:00:00+02:00,17.590033759142006,17.98092301854929,17.410875016971787,17.557458877563477,69667,0.0,0.0,0.0
2023-03-05 00:00:00+02:00,17.557458824121568,17.590033705600945,16.938550055315968,17.101421356201172,212794,0.0,0.0,0.0
2023-03-06 00:00:00+02:00,17.10142183454848,17.671469850335782,16.98741285269337,17.614463806152344,294975,0.0,0.0,0.0
2023-03-07 00:00:00+02:00,17.61446360759349,17.7936223522101,17.101421641772884,17.231718063354492,31524,0.0,0.0,0.0
2023-03-08 00:00:00+02:00,17.231717775607,17.492310614418653,16.51508746887495,17.101421356201172,44239,0.0,0.0,0.0
2023-03-09 00:00:00+02:00,17.101420772457345,17.50045373742399,16.96298063740722,17.27243423461914,253889,0.0,0.0,0.0
2023-03-12 00:00:00+02:00,17.272434824200378,17.826195383303066,17.06070430760779,17.101421356201172,215534,0.0,0.0,0.0
2023-03-13 00:00:00+02:00,17.101423030946314,17.182858689363922,16.57209358111584,16.694246292114258,156379,0.0,0.0,0.0
2023-03-14 00:00:00+02:00,16.694244996761107,17.08513426292825,15.733307719158308,16.401077270507812,31582,0.0,0.0,0.0
2023-03-15 00:00:00+02:00,16.401077394852123,17.30501018881567,15.472714992352836,15.733307838439941,240842,0.0,0.0,0.0
2023-03-16 00:00:00+02:00,15.733307542983457,16.287068107147405,13.453118629285163,15.741451263427734,199583,0.0,0.0,0.0
2023-03-19 00:00:00+02:00,15.741451049759764,15.871747468587886,15.06553779461795,15.497145652770996,55276,0.0,0.0,0.0
2023-03-20 00:00:00+02:00,15.497145517070162,15.831030281550538,15.17954663985882,15.448283195495605,26548,0.0,0.0,0.0
2023-03-21 00:00:00+02:00,15.44828451382215,16.246352081831436,15.480859397651733,16.059049606323242,19047,0.0,0.0,0.0
2023-03-22 00:00:00+02:00,16.05904739993009,16.368502540770486,15.146972523597402,15.651870727539062,24433,0.0,0.0,0.0
2023-03-23 00:00:00+02:00,15.651870727539062,16.04276151350881,15.472713550859076,15.651870727539062,11668,0.0,0.0,0.0
2023-03-26 00:00:00+02:00,15.651870727539062,15.879890223250106,15.317985980438879,15.651870727539062,12293,0.0,0.0,0.0
2023-03-27 00:00:00+02:00,15.651872075354014,15.798455938558341,15.065538175792579,15.252839088439941,19679,0.0,0.0,0.0
2023-03-28 00:00:00+02:00,15.252839575973141,15.774026834387003,14.984103002594088,15.472715377807617,37084,0.0,0.0,0.0
2023-03-29 00:00:00+02:00,15.472714575714278,15.472714575714278,15.163260967632564,15.399422645568848,28661,0.0,0.0,0.0
2023-03-30 00:00:00+02:00,15.39942289550295,15.619298689507843,14.658361414899076,14.93524169921875,86611,0.0,0.0,0.0
2023-04-02 00:00:00+02:00,14.935242135826403,15.391279624932029,14.870093923097029,14.992246627807617,64840,0.0,0.0,0.0
2023-04-03 00:00:00+02:00,14.99224716288925,15.472715831387552,15.24469630206864,15.391280174255371,35913,0.0,0.0,0.0
2023-04-04 00:00:00+02:00,15.391278562104752,15.594866906982475,15.269125865829277,15.383134841918945,53831,0.0,0.0,0.0
2023-04-05 00:00:00+02:00,15.383134841918945,15.627441787725697,15.317986633688307,15.383134841918945,12042,0.0,0.0,0.0
2023-04-06 00:00:00+02:00,15.383135121354515,15.59486719026417,15.326130632274191,15.497145652770996,25391,0.0,0.0,0.0
2023-04-09 00:00:00+02:00,15.497146165572046,15.879891714387734,15.472715003762408,15.594867706298828,26047,0.0,0.0,0.0
2023-04-10 00:00:00+02:00,15.594868281423057,15.879892300023384,15.472715574381759,15.717020988464355,70231,0.0,0.0,0.0
2023-04-11 00:00:00+02:00,15.717020397245527,16.278924692405777,15.554150645069027,15.733307838439941,29002,0.0,0.0,0.0
2023-04-12 00:00:00+02:00,15.733307475172825,16.124196735278222,15.489002075920913,15.562294006347656,55838,0.0,0.0,0.0
2023-04-13 00:00:00+02:00,15.562295217915082,15.879892572319564,15.562295217915082,15.831031799316406,46296,0.0,0.0,0.0
2023-04-18 00:00:00+02:00,16.689547648165185,16.474918697680767,14.998270470355056,15.27299690246582,1662397,1.0,0.0,0.0
2023-04-19 00:00:00+02:00,15.272995750465569,15.667912203574739,15.195729203120068,15.25582504272461,353622,0.0,0.0,0.0
2023-04-26 00:00:00+02:00,15.25582531330691,15.453283543363678,15.25582531330691,15.367431640625,142564,0.0,0.0,0.0
2023-04-27 00:00:00+02:00,15.36743150001742,15.710837470341222,15.298750305952659,15.590645790100098,178834,0.0,0.0,0.0
2023-04-30 00:00:00+03:00,15.590646858152706,15.882542362296736,15.384603261843205,15.470455169677734,188301,0.0,0.0,0.0
2023-05-01 00:00:00+03:00,15.470455169677734,15.470455169677734,15.470455169677734,15.470455169677734,0,0.0,0.0,0.0
2023-05-02 00:00:00+03:00,15.066950760362893,15.264410627391875,14.775055274308409,14.869492530822754,101518,0.0,0.0,0.0
2023-05-03 00:00:00+03:00,14.869493717541198,15.06695196284027,14.508917008195994,14.629110336303711,343443,0.0,0.0,0.0
2023-05-07 00:00:00+03:00,14.629109568751318,14.921003425297766,13.9680520300543,14.302872657775879,134240,0.0,0.0,0.0
2023-05-08 00:00:00+03:00,14.30287358626409,14.680621009682724,14.354384077529224,14.603354454040527,116239,0.0,0.0,0.0
2023-05-09 00:00:00+03:00,14.603354199297984,14.809397798253267,14.508916935718451,14.646279335021973,118223,0.0,0.0,0.0
2023-05-10 00:00:00+03:00,14.646278541795207,14.766471862792969,14.38013911224458,14.766471862792969,102914,0.0,0.0,0.0
2023-05-11 00:00:00+03:00,14.76647190691724,15.444698514086866,14.594768097829574,15.41894245147705,194222,0.0,0.0,0.0
2023-05-14 00:00:00+03:00,15.418942357282896,15.994147985477104,15.195729699316969,15.88254165649414,348389,0.0,0.0,0.0
2023-05-15 00:00:00+03:00,15.88254215982225,16.054245973302386,15.45328426361084,15.45328426361084,156229,0.0,0.0,0.0
2023-05-16 00:00:00+03:00,15.453283543363678,15.667912481465953,15.238654605261406,15.367431640625,66282,0.0,0.0,0.0
2023-05-17 00:00:00+03:00,15.367432871703516,15.453284781319756,14.852323051495063,15.024026870727539,85355,0.0,0.0,0.0
2023-05-18 00:00:00+03:00,15.024025646316089,15.109877548935664,14.85232184107694,14.912419319152832,31004,0.0,0.0,0.0
2023-05-21 00:00:00+03:00,14.912419319152832,15.238654584120605,14.895248611131148,14.912419319152832,13214,0.0,0.0,0.0
2023-05-22 00:00:00+03:00,14.912419247420843,15.264410572727986,14.835152699183778,14.929588317871094,35450,0.0,0.0,0.0
2023-05-23 00:00:00+03:00,14.929588317871094,15.178558670521376,14.809396637275144,14.929588317871094,9653,0.0,0.0,0.0
2023-05-24 00:00:00+03:00,14.929588515771293,15.101292322460543,14.732130284320856,14.946759223937988,68016,0.0,0.0,0.0
2023-05-25 00:00:00+03:00,14.946760315821821,15.238655826023647,14.80939791543143,15.024026870727539,27215,0.0,0.0,0.0
2023-05-28 00:00:00+03:00,15.024026395548745,15.307336542079534,15.024026395548745,15.195730209350586,116959,0.0,0.0,0.0
2023-05-29 00:00:00+03:00,15.195730472588654,15.573476249514174,15.22148489886283,15.307336807250977,229568,0.0,0.0,0.0
2023-05-30 00:00:00+03:00,15.307336556479713,15.796690297539712,15.4532843071019,15.693669319152832,409515,0.0,0.0,0.0
2023-05-31 00:00:00+03:00,15.693670101110017,16.74105883350506,16.15726780192818,16.569355010986328,667336,0.0,0.0,0.0
2023-06-01 00:00:00+03:00,16.56935257814413,16.904174819145535,15.882540663890326,16.50067138671875,250628,0.0,0.0,0.0
2023-06-04 00:00:00+03:00,16.500673332529214,16.878420748658336,16.406237706613656,16.741058349609375,85113,0.0,0.0,0.0
2023-06-05 00:00:00+03:00,16.741059229387766,16.783984367288014,16.48350512700819,16.603696823120117,87764,0.0,0.0,0.0
2023-06-06 00:00:00+03:00,16.603696223686956,17.015783427612565,16.320386066301978,16.895591735839844,103888,0.0,0.0,0.0
2023-06-07 00:00:00+03:00,16.895590677526922,16.895590677526922,16.56935376673737,16.715301513671875,50243,0.0,0.0,0.0
2023-06-08 00:00:00+03:00,16.715302323588375,17.15314558560698,16.698133251785087,16.981443405151367,48927,0.0,0.0,0.0
2023-06-11 00:00:00+03:00,16.981441461029615,17.427868389096158,16.741056470925493,17.342018127441406,109599,0.0,0.0,0.0
2023-06-12 00:00:00+03:00,17.342018358416855,17.5909870680114,17.170314557842907,17.256166458129883,217864,0.0,0.0,0.0
2023-06-13 00:00:00+03:00,17.256166690260216,17.539476818776166,16.826908820539757,17.17031478881836,164549,0.0,0.0,0.0
2023-06-14 00:00:00+03:00,17.170315798741704,17.513721787218756,16.981442914451556,17.110219955444336,197128,0.0,0.0,0.0
2023-06-15 00:00:00+03:00,17.110220411111815,17.359189145329694,16.741058349609375,16.741058349609375,73873,0.0,0.0,0.0
2023-06-18 00:00:00+03:00,16.741058349609375,17.256168164787454,16.741058349609375,16.741058349609375,37747,0.0,0.0,0.0
2023-06-19 00:00:00+03:00,16.741057656343884,17.470796394502806,16.741057656343884,17.15314483642578,71783,0.0,0.0,0.0
2023-06-20 00:00:00+03:00,17.153144332404715,17.32484813780468,16.912760969831382,17.127389907836914,77688,0.0,0.0,0.0
2023-06-21 00:00:00+03:00,17.12739080476912,17.24758249235002,16.998612125230807,17.18748664855957,75522,0.0,0.0,0.0
2023-06-22 00:00:00+03:00,17.1874878249655,17.685426955796686,17.084465201781203,17.59957504272461,5154286,0.0,0.0,0.0
2023-06-25 00:00:00+03:00,17.59957504272461,17.994491550371492,17.59957504272461,17.59957504272461,103381,0.0,0.0,0.0
2023-06-26 00:00:00+03:00,17.599573891972913,17.848544259854048,17.384944942070803,17.5824031829834,20841,0.0,0.0,0.0
2023-07-04 00:00:00+03:00,17.58240407667709,17.72835183552844,17.44504167275688,17.642499923706055,66228,0.0,0.0,0.0
2023-07-05 00:00:00+03:00,17.64249980091744,17.68542657527438,17.556649527181577,17.6081600189209,44525,0.0,0.0,0.0
2023-07-06 00:00:00+03:00,17.608159640430344,17.942980285772407,17.264753640401437,17.616744995117188,74978,0.0,0.0,0.0
2023-07-09 00:00:00+03:00,17.61674351500706,17.599572807076004,17.178900287698216,17.247581481933594,30069,0.0,0.0,0.0
2023-07-10 00:00:00+03:00,17.247581626201626,18.028830831222145,16.79256768715575,17.324848175048828,35538,0.0,0.0,0.0
2023-07-11 00:00:00+03:00,17.324848616681134,17.814202346861762,17.27333812863288,17.711179733276367,23971,0.0,0.0,0.0
2023-07-12 00:00:00+03:00,17.711181383475978,17.814204006660276,17.384946078788943,17.59957504272461,24048,0.0,0.0,0.0
2023-07-13 00:00:00+03:00,17.599573965241945,17.77127778087403,17.178901418181177,17.221826553344727,76220,0.0,0.0,0.0
2023-07-16 00:00:00+03:00,17.221825188681432,17.68542447165893,17.18748541076948,17.333433151245117,35264,0.0,0.0,0.0
2023-07-17 00:00:00+03:00,17.333433151245117,17.728349603421076,17.273337311782587,17.333433151245117,13040,0.0,0.0,0.0
2023-07-18 00:00:00+03:00,17.333433672784814,17.719764782734764,17.333433672784814,17.402114868164062,15550,0.0,0.0,0.0
2023-07-19 00:00:00+03:00,17.402114868164062,17.402114868164062,17.402114868164062,17.402114868164062,0,0.0,0.0,0.0
2023-07-24 00:00:00+03:00,17.402114197371098,17.64249755318807,17.178899911620483,17.256166458129883,29550,0.0,0.0,0.0
2023-07-25 00:00:00+03:00,17.256167179470324,17.59957315748444,16.955686334649645,17.04153823852539,83363,0.0,0.0,0.0
2023-07-26 00:00:00+03:00,17.041539615930997,17.256168574223608,16.912762568453232,16.929931640625,22277,0.0,0.0,0.0
2023-07-27 00:00:00+03:00,16.929931640625,17.170316663408762,16.912762568453232,16.929931640625,8718,0.0,0.0,0.0
2023-07-30 00:00:00+03:00,16.929931640625,17.384945621701373,16.981443769607306,16.929931640625,10123,0.0,0.0,0.0
2023-07-31 00:00:00+03:00,16.929931640625,17.376360266870986,17.032954261100613,16.929931640625,6789,0.0,0.0,0.0
2023-08-01 00:00:00+03:00,16.929931640625,17.324849775377682,17.00719819660946,16.929931640625,6672,0.0,0.0,0.0
2023-08-02 00:00:00+03:00,16.929931640625,17.170316663408762,17.015783551439842,16.929931640625,14646,0.0,0.0,0.0
2023-08-03 00:00:00+03:00,16.929931640625,17.2046580827303,16.95568770511615,16.929931640625,11776,0.0,0.0,0.0
2023-08-06 00:00:00+03:00,16.929931640625,17.170316663408762,16.83549601246877,16.929931640625,6855,0.0,0.0,0.0
2023-08-07 00:00:00+03:00,16.929930554554144,17.384944506440945,16.998611751302253,17.19607162475586,25680,0.0,0.0,0.0
2023-08-08 00:00:00+03:00,17.196071228950128,17.384944106287886,17.041538130451574,17.16172981262207,25397,0.0,0.0,0.0
2023-08-09 00:00:00+03:00,17.16173107988035,17.299093480358003,16.869835569493095,17.0587100982666,32784,0.0,0.0,0.0
2023-08-10 00:00:00+03:00,17.05870846318612,19.488307940304367,17.213239920794877,18.887346267700195,650738,0.0,0.0,0.0
2023-08-13 00:00:00+03:00,18.887347500289756,19.660011388712913,18.887347500289756,19.49689292907715,210789,0.0,0.0,0.0
2023-08-14 00:00:00+03:00,19.496893423874692,19.66001188765012,19.316605888245768,19.36811637878418,65933,0.0,0.0,0.0
2023-08-15 00:00:00+03:00,19.36811675742696,19.617087135293044,19.153487798917165,19.35953140258789,14717,0.0,0.0,0.0
2023-08-16 00:00:00+03:00,19.35952956538664,19.617085273649998,18.88734655647042,19.041879653930664,54908,0.0,0.0,0.0
2023-08-17 00:00:00+03:00,19.04187954733723,19.31660432462254,19.050464901313504,19.162071228027344,21338,0.0,0.0,0.0
2023-08-20 00:00:00+03:00,19.162072641503418,19.316605749497633,18.97319975255991,19.290849685668945,39339,0.0,0.0,0.0
2023-08-21 00:00:00+03:00,19.290848786924453,19.488308658766993,18.90451767242672,19.23075294494629,32285,0.0,0.0,0.0
2023-08-22 00:00:00+03:00,19.23075333040762,20.39833532649119,18.981784603295047,20.020587921142578,183610,0.0,0.0,0.0
2023-08-23 00:00:00+03:00,20.020588734642633,20.947785758181332,20.01200337991212,20.441261291503906,70425,0.0,0.0,0.0
2023-08-24 00:00:00+03:00,20.441260205870787,21.97800423374778,20.45843091441988,21.462894439697266,109362,0.0,0.0,0.0
2023-08-27 00:00:00+03:00,21.462893452335077,21.883565967502186,21.377041551027972,21.565916061401367,62796,0.0,0.0,0.0
2023-08-28 00:00:00+03:00,21.565916369871704,21.978003537053553,21.342702078275995,21.874980926513672,49834,0.0,0.0,0.0
2023-08-29 00:00:00+03:00,21.874982419381233,22.913787399720782,21.677524176317082,22.484529495239258,96502,0.0,0.0,0.0
2023-08-30 00:00:00+03:00,22.484528536335105,22.836519871999364,21.909322903361264,22.785009384155273,240361,0.0,0.0,0.0
2023-08-31 00:00:00+03:00,22.785009384155273,22.785009384155273,22.785009384155273,22.785009384155273,0,0.0,0.0,0.0
2023-09-03 00:00:00+03:00,22.759252674579237,22.836519222893592,22.20980311988945,22.79359245300293,22457,0.0,0.0,0.0
2023-09-04 00:00:00+03:00,22.79359245300293,22.776423382535505,22.3214094466275,22.79359245300293,6419,0.0,0.0,0.0
2023-09-05 00:00:00+03:00,22.79359417485718,22.74208368458606,21.98659048981678,22.3214111328125,187924,0.0,0.0,0.0
2023-09-06 00:00:00+03:00,22.321410425754568,22.913786776319565,21.892152532951595,21.935077667236328,67481,0.0,0.0,0.0
2023-09-07 00:00:00+03:00,21.935078338990163,22.707743879689243,21.548747206129583,22.123952865600586,64711,0.0,0.0,0.0
2023-09-10 00:00:00+03:00,22.123952865600586,22.123952865600586,22.123952865600586,22.123952865600586,0,0.0,0.0,0.0
2023-09-11 00:00:00+03:00,21.900736629455132,22.149705341487305,21.892151275593495,21.92649269104004,72590,0.0,0.0,0.0
2023-09-12 00:00:00+03:00,21.926492671980828,22.3214091243399,21.806299355511218,21.88356590270996,55200,0.0,0.0,0.0
2023-09-13 00:00:00+03:00,21.883565525200183,21.97800277847815,21.746203140880656,21.89215087890625,80096,0.0,0.0,0.0
2023-09-14 00:00:00+03:00,21.89215163451846,22.06385543958865,21.462893759331823,21.874980926513672,231216,0.0,0.0,0.0
2023-09-17 00:00:00+03:00,21.874982008547374,22.32141061382114,21.978004624183214,22.252729415893555,20033,0.0,0.0,0.0
2023-09-18 00:00:00+03:00,22.252729387787937,22.304239876796338,21.90932339858374,22.05527114868164,37860,0.0,0.0,0.0
2023-09-19 00:00:00+03:00,22.05527086497748,22.29565423558383,21.89215240814539,21.900737762451172,37553,0.0,0.0,0.0
2023-09-20 00:00:00+03:00,21.900737762451172,21.900737762451172,21.900737762451172,21.900737762451172,0,0.0,0.0,0.0
2023-09-21 00:00:00+03:00,21.900737762451172,21.900737762451172,21.900737762451172,21.900737762451172,0,0.0,0.0,0.0
2023-09-24 00:00:00+03:00,21.900737762451172,21.900737762451172,21.900737762451172,21.900737762451172,0,0.0,0.0,0.0
2023-09-25 00:00:00+03:00,21.437138754649293,21.883567359859512,20.973541078076313,21.454309463500977,69928,0.0,0.0,0.0
2023-09-26 00:00:00+03:00,21.45430902403128,22.1497063433907,21.299775922509433,21.823471069335938,135351,0.0,0.0,0.0
2023-09-27 00:00:00+03:00,21.823471069335938,21.823471069335938,21.823471069335938,21.823471069335938,0,0.0,0.0,0.0
2023-10-01 00:00:00+03:00,21.823471069335938,21.823471069335938,21.823471069335938,21.823471069335938,0,0.0,0.0,0.0
2023-10-02 00:00:00+03:00,21.99517633417627,22.501699168516677,21.892153713851226,22.19263458251953,203117,0.0,0.0,0.0
2023-10-03 00:00:00+03:00,22.192633227555657,22.321410266982777,21.4714798417771,21.703279495239258,27865,0.0,0.0,0.0
2023-10-04 00:00:00+03:00,21.703279620141043,22.03810025207622,21.471479965344884,21.737619400024414,18286,0.0,0.0,0.0
2023-10-08 00:00:00+03:00,21.73761908205455,22.08961041752707,21.291190487678566,21.38562774658203,106378,0.0,0.0,0.0
2023-10-09 00:00:00+03:00,21.38562774658203,22.020929221276063,21.033636411109516,21.38562774658203,7845,0.0,0.0,0.0
2023-10-10 00:00:00+03:00,21.385627315943257,21.883566388108356,21.248264926207288,21.754789352416992,21014,0.0,0.0,0.0
2023-10-11 00:00:00+03:00,21.75478880947353,21.88356584195095,21.51440381469055,21.64318084716797,16182,0.0,0.0,0.0
2023-10-12 00:00:00+03:00,21.643180781598584,21.97800303001209,21.514403749511303,21.849225997924805,48538,0.0,0.0,0.0
2023-10-15 00:00:00+03:00,21.849227122693264,23.1799259185791,21.849227122693264,23.1799259185791,111967,0.0,0.0,0.0
2023-10-16 00:00:00+03:00,23.17992488620318,23.86673682042849,23.016806437766363,23.643524169921875,112145,0.0,0.0,0.0
2023-10-17 00:00:00+03:00,23.643524869888775,24.11570788396156,23.179925572445217,23.98693084716797,226052,0.0,0.0,0.0
2023-10-18 00:00:00+03:00,23.986931881529408,24.974224722839327,24.038442370970298,24.922714233398438,119619,0.0,0.0,0.0
2023-10-19 00:00:00+03:00,24.922714233398438,24.922714233398438,24.922714233398438,24.922714233398438,0,0.0,0.0,0.0
2023-10-22 00:00:00+03:00,26.613989799279885,27.87600907323866,26.442285984288958,26.871543884277344,95565,0.0,0.0,0.0
2023-10-23 00:00:00+03:00,26.871543115557436,27.807325441761108,26.91446988682162,27.489675521850586,77666,0.0,0.0,0.0
2023-10-24 00:00:00+03:00,27.489675052958614,27.815911959046236,25.772643531412,27.77298355102539,110269,0.0,0.0,0.0
2023-10-25 00:00:00+03:00,27.772985415669986,28.502725826307817,27.086173415935157,28.373947143554688,82859,0.0,0.0,0.0
2023-10-26 00:00:00+03:00,28.37394576010677,29.96220191171793,27.987613005662016,29.086515426635742,110034,0.0,0.0,0.0
2023-10-29 00:00:00+02:00,29.086515207200442,29.82483929346305,28.84612856459402,29.3268985748291,54107,0.0,0.0,0.0
2023-10-30 00:00:00+02:00,29.32689876167712,29.781911074723997,28.846128748378952,29.000661849975586,33037,0.0,0.0,0.0
2023-10-31 00:00:00+02:00,29.0006621440811,29.962202180428744,29.103686396175515,29.953615188598633,151542,0.0,0.0,0.0
2023-11-01 00:00:00+02:00,29.953616733078594,29.96220372535147,28.76028025543178,29.1208553314209,22398,0.0,0.0,0.0
2023-11-02 00:00:00+02:00,29.12085398852189,29.962202343653946,28.97490787639312,29.429920196533203,18742,0.0,0.0,0.0
2023-11-05 00:00:00+02:00,29.42991933708611,29.96220146866252,28.803203222466525,28.85471534729004,77326,0.0,0.0,0.0
2023-11-06 00:00:00+02:00,28.854715884167053,29.61879440422154,28.76027862438903,28.966323852539062,19708,0.0,0.0,0.0
2023-11-07 00:00:00+02:00,28.966324382489855,29.575869811328147,28.339604969765574,29.189537048339844,58132,0.0,0.0,0.0
2023-11-08 00:00:00+02:00,29.189535995791275,30.434384509430863,29.189535995791275,30.25409698486328,225448,0.0,0.0,0.0
2023-11-09 00:00:00+02:00,30.25409669974766,32.87256910205093,30.54599218795385,32.726619720458984,271058,0.0,0.0,0.0
2023-11-12 00:00:00+02:00,32.726619721695826,36.006149649618756,32.743790429823626,33.92854309082031,283199,0.0,0.0,0.0
2023-11-13 00:00:00+02:00,33.92854474422791,35.06178533606633,33.482116136082794,33.97146987915039,59582,0.0,0.0,0.0
2023-11-14 00:00:00+02:00,33.97146851076565,34.98451737402395,34.02298063558442,34.08307647705078,20155,0.0,0.0,0.0
2023-11-15 00:00:00+02:00,34.08307644625004,34.98451734240858,33.19880298337117,33.2846565246582,98430,0.0,0.0,0.0
2023-11-16 00:00:00+02:00,33.28465561112171,34.34062957763672,33.31041003531209,34.34062957763672,1625115,0.0,0.0,0.0
2023-11-19 00:00:00+02:00,34.34062978998037,34.89866633405862,33.911371917605614,34.10024642944336,47728,0.0,0.0,0.0
2023-11-20 00:00:00+02:00,34.10024772029951,34.76130526177811,33.56796558042149,34.30628967285156,1860966,0.0,0.0,0.0
2023-11-21 00:00:00+02:00,34.30629037454581,34.34063179233283,33.53362812420503,33.894203186035156,34105,0.0,0.0,0.0
2023-11-22 00:00:00+02:00,33.89420048039059,34.16892525080079,33.48211332477528,33.71391296386719,79488,0.0,0.0,0.0
2023-11-23 00:00:00+02:00,33.71391715275383,34.1689294962218,33.48211748486128,33.55080032348633,103799,0.0,0.0,0.0
2023-11-26 00:00:00+02:00,33.55079814685698,34.38355622380303,33.56796558042149,34.30628967285156,103170,0.0,0.0,0.0
2023-11-27 00:00:00+02:00,34.30629189849391,34.46941200273941,33.490701202200405,33.55080032348633,458379,0.0,0.0,0.0
2023-11-28 00:00:00+02:00,33.55079812928115,34.34063107194658,33.48211529514791,33.507869720458984,665513,0.0,0.0,0.0
2023-11-29 00:00:00+02:00,33.50786725222086,34.30628712782908,33.39626256744201,33.79976272583008,80730,0.0,0.0,0.0
2023-11-30 00:00:00+02:00,33.799762930898915,33.902787175134904,33.4821130319485,33.55937957763672,35666,0.0,0.0,0.0
2023-12-03 00:00:00+02:00,33.55938359667581,33.82552468035858,33.07002984037178,33.23314666748047,24625,0.0,0.0,0.0
2023-12-04 00:00:00+02:00,33.2331460503713,33.48211642000191,32.84681328283724,33.32758331298828,35557,0.0,0.0,0.0
2023-12-05 00:00:00+02:00,33.327584554241064,33.69674662641403,33.07003045795197,33.138710021972656,13399,0.0,0.0,0.0
2023-12-06 00:00:00+02:00,33.138708368385835,33.69674494498177,32.9670078294128,33.09578323364258,14605,0.0,0.0,0.0
2023-12-07 00:00:00+02:00,33.09578069772672,33.1387058291809,32.20292355357823,32.589256286621094,36993,0.0,0.0,0.0
2023-12-10 00:00:00+02:00,32.58926099432844,32.881156515351535,32.28878175576559,32.649356842041016,15324,0.0,0.0,0.0
2023-12-11 00:00:00+02:00,32.64935639947747,32.62360197222921,31.93678995412525,32.022640228271484,46965,0.0,0.0,0.0
2023-12-12 00:00:00+02:00,32.0226373875575,32.62359907820418,31.730741896384984,31.76508331298828,51067,0.0,0.0,0.0
2023-12-13 00:00:00+02:00,31.765085652669274,32.60643077155343,31.773669369963464,32.19434356689453,15774,0.0,0.0,0.0
2023-12-14 00:00:00+02:00,32.19434252591966,33.48211622695644,32.19434252591966,32.85540008544922,76355,0.0,0.0,0.0
2023-12-17 00:00:00+02:00,32.85539931019666,33.653819247998264,32.62359965648221,33.58513641357422,45943,0.0,0.0,0.0
2023-12-18 00:00:00+02:00,33.58513867437777,34.495166641888616,33.576554956985845,34.41790008544922,194994,0.0,0.0,0.0
2023-12-19 00:00:00+02:00,34.4178982585714,35.19056378195279,33.91995752684165,34.21185302734375,42740,0.0,0.0,0.0
2023-12-20 00:00:00+02:00,34.211850906729524,34.34062957763672,33.51645525376807,34.34062957763672,22935,0.0,0.0,0.0
2023-12-21 00:00:00+02:00,34.34063153956722,34.34063153956722,33.48211575107804,33.825523376464844,81819,0.0,0.0,0.0
2023-12-24 00:00:00+02:00,33.825523376464844,33.825523376464844,33.825523376464844,33.825523376464844,0,0.0,0.0,0.0
2023-12-25 00:00:00+02:00,33.27607339397279,34.28053865622113,33.07861513856868,34.074493408203125,15305,0.0,0.0,0.0
2023-12-26 00:00:00+02:00,34.074488547090965,34.855737739617574,33.482113865387596,33.93712615966797,149635,0.0,0.0,0.0
2023-12-27 00:00:00+02:00,33.93712931242097,35.181977906263015,33.53362910405575,33.63665008544922,853491,0.0,0.0,0.0
2023-12-28 00:00:00+02:00,33.63664662568394,34.314874839634456,33.078610090159565,33.47352981567383,27349,0.0,0.0,0.0
2023-12-31 00:00:00+02:00,33.47353270293577,33.73967050669865,33.05285851718137,33.32758331298828,34333,0.0,0.0,0.0
2024-01-02 00:00:00+02:00,33.32758219332593,34.16034354481353,33.138707674437335,33.507869720458984,31250,0.0,0.0,0.0
2024-01-03 00:00:00+02:00,33.50787020117179,34.512335377424996,33.48211577549124,34.134586334228516,44448,0.0,0.0,0.0
2024-01-04 00:00:00+02:00,34.134586132922564,34.33204764523503,33.48211557803318,33.66240310668945,8863,0.0,0.0,0.0
2024-01-08 00:00:00+02:00,33.662400382711844,34.31487415978055,33.67957109000076,33.885616302490234,17341,0.0,0.0,0.0
2024-01-09 00:00:00+02:00,33.88561955564357,34.25478161035247,33.482116083059935,33.57655334472656,47709,0.0,0.0,0.0
2024-01-10 00:00:00+02:00,33.57655176164464,34.332046544379395,33.696743443561544,33.92854309082031,38779,0.0,0.0,0.0
2024-01-11 00:00:00+02:00,33.92854516163893,34.323461647748864,33.911374452463114,34.203269958496094,13101,0.0,0.0,0.0
2024-01-14 00:00:00+02:00,34.20326719032528,34.76988744735718,34.177512766134896,34.34062957763672,318284,0.0,0.0,0.0
2024-01-15 00:00:00+02:00,34.34063123192245,35.13905117006288,33.92854405013672,34.3835563659668,122118,0.0,0.0,0.0
2024-01-16 00:00:00+02:00,34.383554709613236,34.76988744735718,34.30628816206445,34.34062957763672,203438,0.0,0.0,0.0
2024-01-17 00:00:00+02:00,34.3406292851878,34.54667450188908,34.014392389984785,34.18609619140625,136460,0.0,0.0,0.0
2024-01-18 00:00:00+02:00,34.18609648253914,34.34062957763672,34.005808963251184,34.34062957763672,97550,0.0,0.0,0.0
2024-01-21 00:00:00+02:00,34.34062957763672,37.77469253540039,34.53808780471081,37.77469253540039,2166189,0.0,0.0,0.0
2024-01-22 00:00:00+02:00,37.774695466480935,42.925790302819244,38.20395336950913,41.30319595336914,1487934,0.0,0.0,0.0
2024-01-23 00:00:00+02:00,41.30319651783423,41.63801716277554,39.491727618302576,39.929569244384766,400463,0.0,0.0,0.0
2024-01-24 00:00:00+02:00,39.92956843160209,41.097150444025246,39.54323894144321,40.350242614746094,448063,0.0,0.0,0.0
2024-01-28 00:00:00+02:00,40.350241210865896,43.784304292641714,40.350241210865896,40.37599563598633,438089,0.0,0.0,0.0
2024-01-29 00:00:00+02:00,40.37599791552202,42.92579094568889,40.83101352653133,41.20875930786133,224295,0.0,0.0,0.0
2024-01-30 00:00:00+02:00,41.20875855119356,41.981424084019594,40.813842067739316,41.225929260253906,92159,0.0,0.0,0.0
2024-01-31 00:00:00+02:00,41.22592804370301,41.63801522405717,38.72764726125869,39.414459228515625,324395,0.0,0.0,0.0
2024-02-01 00:00:00+02:00,39.41446026140499,41.019883890997896,37.97215345487967,40.350242614746094,311655,0.0,0.0,0.0
2024-02-04 00:00:00+02:00,40.350242614746094,42.573798668557814,39.40587654439212,40.350242614746094,322202,0.0,0.0,0.0
2024-02-05 00:00:00+02:00,40.350242614746094,41.071396018008755,39.93815542359284,40.350242614746094,223229,0.0,0.0,0.0
2024-02-06 00:00:00+02:00,40.350240455655666,41.07997753688389,40.178536649784995,40.393165588378906,606059,0.0,0.0,0.0
2024-02-07 00:00:00+02:00,40.39316580142162,48.42029011215747,42.0672721862793,42.0672721862793,1819393,0.0,0.0,0.0
2024-02-08 00:00:00+02:00,42.067273300386326,43.7843048636674,42.067273300386326,43.397972106933594,244468,0.0,0.0,0.0
2024-02-11 00:00:00+02:00,43.39797436707037,43.78430714392412,42.92579131757267,43.03739929199219,42929,0.0,0.0,0.0
2024-02-12 00:00:00+02:00,43.03739684747474,43.612600846469284,41.6380152130127,42.92578887939453,49387,0.0,0.0,0.0
2024-02-13 00:00:00+02:00,42.925791596147405,43.337878802473064,42.15312603742555,42.30765914916992,69705,0.0,0.0,0.0
2024-02-14 00:00:00+02:00,42.3076570028033,44.21356310097412,42.24756115961574,43.94742202758789,170431,0.0,0.0,0.0
2024-02-15 00:00:00+02:00,43.94742044405788,47.21836665887365,42.92578787170332,46.7032585144043,311028,0.0,0.0,0.0
2024-02-18 00:00:00+02:00,46.7032585144043,46.7032585144043,46.7032585144043,46.7032585144043,0,0.0,0.0,0.0
2024-02-19 00:00:00+02:00,49.04700823117525,49.42475400156603,47.261293807558054,48.09405517578125,109860,0.0,0.0,0.0
2024-02-20 00:00:00+02:00,48.09405456115378,49.35607381027467,48.07688385249484,48.18849182128906,48608,0.0,0.0,0.0
2024-02-21 00:00:00+02:00,48.18849070448587,48.93539850146179,47.21836697509471,48.368778228759766,19928,0.0,0.0,0.0
2024-02-22 00:00:00+02:00,48.36877839972777,49.70806417402002,47.69913715007052,49.24446487426758,31403,0.0,0.0,0.0
2024-02-25 00:00:00+02:00,49.24446805131904,49.2187136246638,46.35985436672626,48.14556884765625,83056,0.0,0.0,0.0
2024-02-26 00:00:00+02:00,48.1455672700558,48.93540022806324,46.96081455806679,48.008201599121094,35151,0.0,0.0,0.0
2024-02-27 00:00:00+02:00,48.00819877200249,49.79391308926184,47.218365860506914,48.95256805419922,103780,0.0,0.0,0.0
2024-02-28 00:00:00+02:00,48.95256686721828,49.79391188188033,46.78910685452548,47.21836471557617,185592,0.0,0.0,0.0
2024-02-29 00:00:00+02:00,47.21836788231454,49.34748662291975,47.21836788231454,47.226951599121094,102643,0.0,0.0,0.0
2024-03-03 00:00:00+02:00,47.22695118338494,47.956691554674435,46.016444075693464,46.28258514404297,68984,0.0,0.0,0.0
2024-03-04 00:00:00+02:00,46.28258349473702,50.62667432585705,46.789107913237224,48.55765151977539,259898,0.0,0.0,0.0
2024-03-05 00:00:00+02:00,48.55765035341773,49.68230385181853,48.55765035341773,49.05558776855469,166358,0.0,0.0,0.0
2024-03-06 00:00:00+02:00,49.05559111099916,51.78567155149381,48.55765366193481,49.227294921875,267345,0.0,0.0,0.0
2024-03-07 00:00:00+02:00,49.227294516185665,50.62667614207121,48.55765326176409,49.793914794921875,148262,0.0,0.0,0.0
2024-03-10 00:00:00+02:00,49.793918574446195,51.081692330681875,48.978327873834665,49.39900207519531,125728,0.0,0.0,0.0
2024-03-11 00:00:00+02:00,49.3989984469232,50.223172804385115,48.77228232458376,49.07276153564453,36582,0.0,0.0,0.0
2024-03-12 00:00:00+02:00,49.072762657003885,49.75099092029952,46.789110775825115,48.09405517578125,48002,0.0,0.0,0.0
2024-03-13 00:00:00+02:00,48.09405722728445,48.076886517673636,45.93059694099178,45.98210906982422,58517,0.0,0.0,0.0
2024-03-14 00:00:00+02:00,45.98210397250559,47.21836545263724,43.88732348189382,46.48862838745117,35668,0.0,0.0,0.0
2024-03-17 00:00:00+02:00,46.488628405429324,47.98244395179388,45.30387577298398,47.201194763183594,60914,0.0,0.0,0.0
2024-03-18 00:00:00+02:00,47.20119526821955,47.218365976117276,44.213560868546175,44.7973518371582,62050,0.0,0.0,0.0
2024-03-19 00:00:00+02:00,44.79735490227943,44.79735490227943,43.449485352371916,44.01610565185547,49609,0.0,0.0,0.0
2024-03-20 00:00:00+02:00,44.01610658931037,45.49275485122293,44.2393192620521,44.47111892700195,22950,0.0,0.0,0.0
2024-03-21 00:00:00+02:00,44.47111543540694,44.63423552477445,43.18334180344548,44.222145080566406,86609,0.0,0.0,0.0
2024-03-24 00:00:00+02:00,44.2221471866863,45.41548689345241,42.92578977642842,42.98588562011719,94417,0.0,0.0,0.0
2024-03-25 00:00:00+02:00,42.985884202599024,44.45394537854687,43.80147483645152,44.21356201171875,17557,0.0,0.0,0.0
2024-03-26 00:00:00+02:00,44.21356439108636,44.350926790234304,42.77125756254395,43.045982360839844,103220,0.0,0.0,0.0
2024-03-27 00:00:00+02:00,43.04598438802463,42.925792692482176,41.037057159017344,41.33753967285156,85256,0.0,0.0,0.0
2024-03-28 00:00:00+02:00,41.337536440179015,41.96425257148151,40.35024197546896,41.15724563598633,14740,0.0,0.0,0.0
2024-03-31 00:00:00+02:00,41.15724500135203,42.89144725676686,40.350241353278456,40.45326232910156,37663,0.0,0.0,0.0
2024-04-01 00:00:00+02:00,40.45326242688598,41.208757226363076,40.60779552848306,40.93403244018555,28582,0.0,0.0,0.0
2024-04-02 00:00:00+02:00,40.93403305540394,42.48794781149462,40.788083668378576,40.839595794677734,35096,0.0,0.0,0.0
2024-04-03 00:00:00+02:00,40.8395963589267,41.972836953342615,39.93815542359284,40.350242614746094,73968,0.0,0.0,0.0
2024-04-04 00:00:00+02:00,40.350240037725754,41.63801365595105,40.47901870953935,41.36328887939453,96927,0.0,0.0,0.0
2024-04-07 00:00:00+02:00,41.36328871799349,42.582379499833884,41.59508836136687,42.40209197998047,76692,0.0,0.0,0.0
2024-04-08 00:00:00+02:00,42.4020946488235,42.8227688299369,42.06727401231379,42.273319244384766,81582,0.0,0.0,0.0
2024-04-15 00:00:00+02:00,42.273321696213095,44.18781163971343,42.324830550984935,43.973182678222656,151519,0.0,0.0,0.0
2024-04-16 00:00:00+02:00,43.973179817901574,45.07207898126132,44.12771292212127,44.428192138671875,231485,0.0,0.0,0.0
2024-04-17 00:00:00+02:00,47.16223558365342,44.656029828000335,43.34369061113103,43.881385803222656,189229,3.0,0.0,0.0
2024-04-18 00:00:00+02:00,43.88138351920197,44.16389901925564,41.23847437837946,41.89464569091797,111459,0.0,0.0,0.0
2024-04-21 00:00:00+02:00,41.89464693486491,43.19787417678866,41.46631248462685,41.94932556152344,65484,0.0,0.0,0.0
2024-04-22 00:00:00+02:00,41.949326041886685,42.37766049702962,41.01063919067383,41.01063919067383,105096,0.0,0.0,0.0
2024-04-23 00:00:00+02:00,41.0106375165728,41.557444626187845,40.10840196154168,40.47294235229492,58301,0.0,0.0,0.0
2024-04-24 00:00:00+02:00,40.47294427232082,41.010639462106816,38.285708777069125,40.02638244628906,76193,0.0,0.0,0.0
2024-04-28 00:00:00+03:00,40.02638244628906,40.02638244628906,40.02638244628906,40.02638244628906,0,0.0,0.0,0.0
2024-04-29 00:00:00+03:00,37.83003290163156,38.2765947028311,36.453899716982,38.26748275756836,64953,0.0,0.0,0.0
2024-04-30 00:00:00+03:00,38.26748221712097,39.18794164230871,37.137409812187904,37.30145263671875,45256,0.0,0.0,0.0
2024-05-02 00:00:00+03:00,38.25836754812864,39.18794241325269,37.87560326770305,38.70492935180664,77088,0.0,0.0,0.0
2024-05-07 00:00:00+03:00,38.7049289908068,39.64361579248905,38.486204063664495,38.84162902832031,34014,0.0,0.0,0.0
2024-05-08 00:00:00+03:00,38.84162917502018,39.52513979471359,37.37435915516929,38.26748275756836,27305,0.0,0.0,0.0
2024-05-09 00:00:00+03:00,38.26748159682011,38.27659354180646,36.54503196716649,37.13740921020508,45531,0.0,0.0,0.0
2024-05-12 00:00:00+03:00,37.13740971017933,37.88471436364949,36.69084791651315,36.81843948364258,46240,0.0,0.0,0.0
2024-05-13 00:00:00+03:00,36.81844258957005,36.70907837994765,35.36939983896606,35.943546295166016,16718,0.0,0.0,0.0
2024-05-14 00:00:00+03:00,35.943542699628914,36.36276517488199,35.6336844230582,35.989112854003906,29379,0.0,0.0,0.0
2024-05-15 00:00:00+03:00,35.98911428691411,37.72067245015109,35.178012092041754,36.617942810058594,14781,0.0,0.0,0.0
2024-05-16 00:00:00+03:00,36.617943580312485,37.547518466589224,36.617943580312485,37.356136322021484,21378,0.0,0.0,0.0
2024-05-19 00:00:00+03:00,37.356135729845064,38.73226893163181,36.94602865761894,38.47709274291992,47381,0.0,0.0,0.0
2024-05-20 00:00:00+03:00,38.14900797201387,38.714042464375126,38.14900797201387,38.27659606933594,51943,0.0,0.0,0.0
2024-05-21 00:00:00+03:00,38.27659606933594,38.64113647012606,38.20368659857195,38.27659606933594,31759,0.0,0.0,0.0
2024-05-22 00:00:00+03:00,38.276593613107146,38.52265784637317,37.820919879617776,37.893829345703125,20960,0.0,0.0,0.0
2024-05-23 00:00:00+03:00,37.89383248396501,38.52266103671288,37.91205637548091,38.39507293701172,17287,0.0,0.0,0.0
2024-05-26 00:00:00+03:00,38.39507293701172,38.39507293701172,38.39507293701172,38.39507293701172,0,0.0,0.0,0.0
2024-05-27 00:00:00+03:00,38.33127682473873,39.64361596371643,38.276594723588275,39.55248260498047,49563,0.0,0.0,0.0
2024-05-28 00:00:00+03:00,39.552483921158135,39.58893517995663,38.549999559129205,38.94187927246094,19335,0.0,0.0,0.0
2024-05-29 00:00:00+03:00,38.941878614780585,40.737234318722535,38.83251788720228,39.443119049072266,80616,0.0,0.0,0.0
2024-05-30 00:00:00+03:00,39.44311719683867,40.099288484524685,39.05123750852783,39.224395751953125,24639,0.0,0.0,0.0
2024-06-02 00:00:00+03:00,39.224398228306235,39.64361725456565,38.82340309317557,39.078582763671875,44628,0.0,0.0,0.0
2024-06-03 00:00:00+03:00,39.07858288582811,39.89879357326719,38.42241155466492,39.033016204833984,7614,0.0,0.0,0.0
2024-06-04 00:00:00+03:00,39.03301596109059,39.525140979874976,38.741381556216474,39.124149322509766,28342,0.0,0.0,0.0
2024-06-05 00:00:00+03:00,39.12414847156648,39.324646034145744,37.36524751761605,37.766239166259766,54513,0.0,0.0,0.0
2024-06-06 00:00:00+03:00,37.76623850980722,38.56822526966935,36.45389938354492,36.45389938354492,171963,0.0,0.0,0.0
2024-06-09 00:00:00+03:00,36.45390033509747,36.90957408928619,35.11421838529789,35.58811950683594,22248,0.0,0.0,0.0
2024-06-10 00:00:00+03:00,35.58812032721519,35.58812032721519,34.63120611666301,34.90460968017578,14022,0.0,0.0,0.0
2024-06-11 00:00:00+03:00,34.90460727985737,38.723155390359985,35.46964173579617,38.42240905761719,106884,0.0,0.0,0.0
2024-06-12 00:00:00+03:00,38.42241256665091,39.87145531012521,37.82092332274734,39.798545837402344,57279,0.0,0.0,0.0
2024-06-13 00:00:00+03:00,39.79854454064739,39.543368347461794,38.73226961068051,39.124149322509766,116797,0.0,0.0,0.0
2024-06-23 00:00:00+03:00,39.12414976404429,39.79854498979279,39.096810450612985,39.470462799072266,12782,0.0,0.0,0.0
2024-06-24 00:00:00+03:00,39.470462980878395,39.79854517311011,39.10592257637879,39.1514892578125,11178,0.0,0.0,0.0
2024-06-25 00:00:00+03:00,39.15148912181379,40.090179443359375,38.33127842931122,40.090179443359375,73215,0.0,0.0,0.0
2024-06-26 00:00:00+03:00,40.090179997670546,40.09929194344565,38.978334881299304,39.63450622558594,22695,0.0,0.0,0.0
2024-06-27 00:00:00+03:00,39.63450622558594,40.090179997670546,39.4613479672242,39.63450622558594,15611,0.0,0.0,0.0
2024-07-02 00:00:00+03:00,40.20865211937251,40.32712827190058,39.92613660955587,40.090179443359375,131154,0.0,0.0,0.0
2024-07-03 00:00:00+03:00,40.090179516310165,41.23847587850926,40.09929146197586,40.57319259643555,37173,0.0,0.0,0.0
2024-07-04 00:00:00+03:00,40.57319184101191,42.368547560526,40.36358232945424,41.87641906738281,128847,0.0,0.0,0.0
2024-07-07 00:00:00+03:00,41.8764205884498,42.63283724663178,41.4207468137692,41.70326232910156,114929,0.0,0.0,0.0
2024-07-08 00:00:00+03:00,41.70326069328692,42.10425582424637,41.50276660432206,41.9219856262207,23297,0.0,0.0,0.0
2024-07-09 00:00:00+03:00,41.92198646378571,42.42322691098451,41.51187937916308,41.994895935058594,44197,0.0,0.0,0.0
2024-07-10 00:00:00+03:00,41.99489536749764,42.46879301830691,41.10177173905006,41.694149017333984,84282,0.0,0.0,0.0
2024-07-14 00:00:00+03:00,41.694148601281825,42.14071041104952,41.01063796847392,42.10425567626953,15892,0.0,0.0,0.0
2024-07-15 00:00:00+03:00,42.10425640031542,42.14982308131656,40.92861725730539,41.32960891723633,13398,0.0,0.0,0.0
2024-07-16 00:00:00+03:00,41.32960682875481,41.776168623635996,40.94684255586928,41.20201873779297,11498,0.0,0.0,0.0
2024-07-17 00:00:00+03:00,41.202018221263955,42.09513832331499,41.010636087220455,41.657691955566406,30070,0.0,0.0,0.0
2024-07-18 00:00:00+03:00,41.657694352178254,41.90375860003968,41.010638446606485,41.028865814208984,78432,0.0,0.0,0.0
2024-07-21 00:00:00+03:00,41.02886336627915,41.73971327779036,40.582301577948584,41.0379753112793,25959,0.0,0.0,0.0
2024-07-22 00:00:00+03:00,41.0379787815459,41.466313239582426,40.6278751680807,40.78280258178711,42973,0.0,0.0,0.0
2024-07-23 00:00:00+03:00,40.78280277019726,41.37518006696254,40.57319325135346,41.22024917602539,75726,0.0,0.0,0.0
2024-07-24 00:00:00+03:00,41.22024549991452,41.511876411125,40.82836581112893,41.0379753112793,67504,0.0,0.0,0.0
2024-07-28 00:00:00+03:00,41.037978381633,41.86730449928231,40.84659623367892,41.05620574951172,13733,0.0,0.0,0.0
2024-07-29 00:00:00+03:00,41.05620390407594,41.01063722468481,40.55496347774387,40.83748245239258,72923,0.0,0.0,0.0
2024-07-30 00:00:00+03:00,40.837482331973696,41.165564508531325,40.72811812993971,40.88304901123047,201490,0.0,0.0,0.0
2024-07-31 00:00:00+03:00,40.88305109165635,41.92198672824436,40.76457493834799,41.01063919067383,90878,0.0,0.0,0.0
2024-08-01 00:00:00+03:00,41.010638497673746,41.92198601984427,41.010638497673746,41.648582458496094,33012,0.0,0.0,0.0
2024-08-04 00:00:00+03:00,41.64858182676321,41.32960811293283,37.374359787646036,40.728118896484375,40319,0.0,0.0,0.0
2024-08-05 00:00:00+03:00,40.72811815544072,40.08106227065099,37.501950676743206,38.93276596069336,68696,0.0,0.0,0.0
2024-08-06 00:00:00+03:00,38.93276508457242,39.807657822615354,38.73226752841123,39.52513885498047,13814,0.0,0.0,0.0
2024-08-07 00:00:00+03:00,39.52514093796631,40.518509873047556,39.18794332925503,39.65272903442383,27889,0.0,0.0,0.0
2024-08-08 00:00:00+03:00,39.65272838671353,40.09929019353533,39.21528200178401,39.76209259033203,20349,0.0,0.0,0.0
2024-08-11 00:00:00+03:00,39.762093848106154,41.00152704953689,39.279077291465825,40.57319259643555,20739,0.0,0.0,0.0
2024-08-12 00:00:00+03:00,40.57319038841742,40.91950340562119,40.16308332548069,40.49116897583008,11479,0.0,0.0,0.0
2024-08-13 00:00:00+03:00,40.49117098218229,41.0197507410917,40.09929126668215,40.135746002197266,41668,0.0,0.0,0.0
2024-08-14 00:00:00+03:00,40.13574539677685,41.411629831925566,40.791913243576374,41.2567024230957,42839,0.0,0.0,0.0
2024-08-15 00:00:00+03:00,41.25670076031654,42.55992793242231,40.66432350880856,42.53258514404297,121089,0.0,0.0,0.0
2024-08-18 00:00:00+03:00,42.53258492768547,44.56489285331368,42.569039660996,43.65354537963867,109250,0.0,0.0,0.0
2024-08-19 00:00:00+03:00,43.653546952001,43.74468031204516,42.56904119429539,42.81510543823242,170983,0.0,0.0,0.0
2024-08-20 00:00:00+03:00,42.81510714242112,43.65354868956256,42.23184527128706,42.824222564697266,46723,0.0,0.0,0.0
2024-08-21 00:00:00+03:00,42.82422098148487,43.607976919023926,42.75131151203109,42.76953887939453,65412,0.0,0.0,0.0
2024-08-22 00:00:00+03:00,42.76954049145594,43.28900831309185,42.55993097364803,42.68751907348633,55298,0.0,0.0,0.0
2024-08-25 00:00:00+03:00,42.68751665079658,42.82422016515912,41.97666671974685,42.16804885864258,22493,0.0,0.0,0.0
2024-08-26 00:00:00+03:00,42.168051146216996,42.787767752320555,41.01975129751894,41.58478927612305,25585,0.0,0.0,0.0
2024-08-27 00:00:00+03:00,41.58478618960944,42.82421930982313,41.20201844294829,42.09513854980469,49806,0.0,0.0,0.0
2024-08-28 00:00:00+03:00,42.09514131631793,42.68751860363556,42.058690057133184,42.477909088134766,16516,0.0,0.0,0.0
2024-08-29 00:00:00+03:00,42.47790899481071,42.65106377423139,42.140711381616775,42.38677215576172,19337,0.0,0.0,0.0
2024-09-01 00:00:00+03:00,42.38676951091405,43.744678777636324,42.38676951091405,43.3801383972168,35085,0.0,0.0,0.0
2024-09-02 00:00:00+03:00,43.380140672752134,43.65354771066589,42.38677173434153,42.796878814697266,24985,0.0,0.0,0.0
2024-09-03 00:00:00+03:00,42.79687670484249,43.289005177007795,42.19538750881202,42.805992126464844,22174,0.0,0.0,0.0
2024-09-04 00:00:00+03:00,42.80599403395608,42.86067266006785,41.502766805064105,42.359432220458984,16056,0.0,0.0,0.0
2024-09-05 00:00:00+03:00,42.359430853911114,42.79687723126731,41.921984476554925,42.350318908691406,20778,0.0,0.0,0.0
2024-09-08 00:00:00+03:00,42.35031958844611,42.74219929296419,41.50276613230375,41.71237564086914,23351,0.0,0.0,0.0
2024-09-09 00:00:00+03:00,41.712376331181396,41.92198584321569,41.01063832488491,41.074432373046875,34848,0.0,0.0,0.0
2024-09-10 00:00:00+03:00,41.07443187169508,41.912873386113176,40.782800947510054,41.00152587890625,60064,0.0,0.0,0.0
2024-09-11 00:00:00+03:00,41.00152434298018,43.279893025649315,40.83748151970683,42.231842041015625,107547,0.0,0.0,0.0
2024-09-12 00:00:00+03:00,42.231842363651,42.6328340033189,41.01063660135021,41.20201873779297,43159,0.0,0.0,0.0
2024-09-16 00:00:00+03:00,41.202020442232175,42.37765957446809,41.14734181613787,41.21113586425781,31309,0.0,0.0,0.0
2024-09-17 00:00:00+03:00,41.21113710711995,41.96755376186085,41.147343057076085,41.26581573486328,8895,0.0,0.0,0.0
2024-09-18 00:00:00+03:00,41.26581527802514,41.91287467011603,41.26581527802514,41.812625885009766,85774,0.0,0.0,0.0
2024-09-19 00:00:00+03:00,41.812624036121804,42.368546564209105,41.15645272736108,41.98577880859375,62007,0.0,0.0,0.0
2024-09-22 00:00:00+03:00,41.985779945454254,42.60549653683855,41.48453950502972,41.694149017333984,47035,0.0,0.0,0.0
2024-09-23 00:00:00+03:00,41.69414874781733,42.37765938302745,41.70326069328692,41.9219856262207,90637,0.0,0.0,0.0
2024-09-24 00:00:00+03:00,41.92198689292455,42.35943329549501,41.58478927612305,41.58478927612305,48820,0.0,0.0,0.0
2024-09-25 00:00:00+03:00,41.849076156404486,42.240955865379476,41.46631186941396,41.9219856262207,27413,0.0,0.0,0.0
2024-09-26 00:00:00+03:00,41.92198440231218,42.35943077889366,41.5847868055438,41.7306022644043,48820,0.0,0.0,0.0
2024-09-29 00:00:00+03:00,41.73060484249045,42.30475129168444,41.5665620065736,41.93109893798828,29547,0.0,0.0,0.0
2024-09-30 00:00:00+03:00,41.93109724444176,43.28900655879469,41.92198529904328,42.81510543823242,105083,0.0,0.0,0.0
2024-10-01 00:00:00+03:00,42.81510395194463,43.65354543660747,42.62372181658665,42.851558685302734,16328,0.0,0.0,0.0
2024-10-02 00:00:00+03:00,42.85156090964,42.65106334227771,41.466312258759004,41.648582458496094,50796,0.0,0.0,0.0
2024-10-03 00:00:00+03:00,41.648583638008084,42.51436450389248,41.73971700220013,41.97666931152344,9646,0.0,0.0,0.0
2024-10-07 00:00:00+03:00,41.97666603844519,42.468791033830385,41.29315543075577,41.3842887878418,49357,0.0,0.0,0.0
2024-10-08 00:00:00+03:00,41.38429071011636,41.858191837308546,40.19042420835251,40.54585266113281,68602,0.0,0.0,0.0
2024-10-09 00:00:00+03:00,40.54585089521237,41.79439596878302,40.290671236906036,41.338722229003906,46949,0.0,0.0,0.0
2024-10-10 00:00:00+03:00,41.338724860441616,41.894647414602034,40.691668943130125,41.01063919067383,26965,0.0,0.0,0.0
2024-10-13 00:00:00+03:00,41.01063919067383,41.6850378981426,40.55496542188857,41.01063919067383,31202,0.0,0.0,0.0
2024-10-14 00:00:00+03:00,41.01063664193431,41.466310382400245,40.381808131636625,40.53673553466797,59724,0.0,0.0,0.0
2024-10-15 00:00:00+03:00,40.536737786979515,41.46631268636105,40.00815802645762,40.090179443359375,66810,0.0,0.0,0.0
2024-10-16 00:00:00+03:00,40.09017699533698,41.35694943062183,39.82588539295698,40.09928894042969,833351,0.0,0.0,0.0
2024-10-17 00:00:00+03:00,40.09929094392106,40.910389681771626,39.643617183194685,39.743865966796875,131191,0.0,0.0,0.0
2024-10-20 00:00:00+03:00,39.7438643600297,40.82836661516879,39.73474893833534,39.82588577270508,33292,0.0,0.0,0.0
2024-10-21 00:00:00+03:00,39.82588711230209,40.71900726007818,39.68918359440667,39.971702575683594,207606,0.0,0.0,0.0
2024-10-22 00:00:00+03:00,39.97170355408582,41.11999992175811,39.97170355408582,41.01063919067383,52191,0.0,0.0,0.0
2024-10-23 00:00:00+03:00,41.01063634287164,41.62123748191622,40.64609596255134,41.42985534667969,21703,0.0,0.0,0.0
2024-10-24 00:00:00+03:00,41.42985722626019,41.912873773575186,40.965071522954496,41.119998931884766,12533,0.0,0.0,0.0
2024-10-27 00:00:00+03:00,41.119998960161084,42.01311910891267,41.03797754463722,41.87641906738281,21802,0.0,0.0,0.0
2024-10-28 00:00:00+03:00,41.87641849463734,42.28652556664761,41.51187810251381,41.5756721496582,17740,0.0,0.0,0.0
2024-10-29 00:00:00+03:00,41.57567118662624,41.91287225830999,41.0106367207862,41.15645217895508,17787,0.0,0.0,0.0
2024-10-30 00:00:00+03:00,41.156454353703154,41.9219864186699,41.01063888782925,41.375179290771484,90473,0.0,0.0,0.0
2024-10-31 00:00:00+03:00,41.3751769839681,41.51187702006376,41.01063660135021,41.20201873779297,22768,0.0,0.0,0.0
2024-11-03 00:00:00+02:00,41.202019031020505,42.82421992104885,41.65769277427845,42.25918197631836,54193,0.0,0.0,0.0
2024-11-04 00:00:00+02:00,42.25918236662709,47.2077995422354,42.42322519383624,46.50606155395508,340991,0.0,0.0,0.0
2024-11-05 00:00:00+02:00,46.5060620888896,47.836632088948114,44.65602776538003,46.05038833618164,352250,0.0,0.0,0.0
2024-11-06 00:00:00+02:00,46.050387308295775,47.02552883920359,45.20283386905593,46.43315505981445,118898,0.0,0.0,0.0
2024-11-07 00:00:00+02:00,46.43315601905897,48.29230576138057,45.631169242201935,48.13737487792969,304374,0.0,0.0,0.0
2024-11-10 00:00:00+02:00,48.13737479676089,49.66843887885409,47.61790699853443,48.939361572265625,322288,0.0,0.0,0.0
2024-11-11 00:00:00+02:00,48.939362260371055,49.48616937887201,48.21028494353149,48.30141830444336,176097,0.0,0.0,0.0
2024-11-12 00:00:00+02:00,48.301417594384944,49.57730548748406,47.499430819393645,49.46794128417969,258069,0.0,0.0,0.0
2024-11-13 00:00:00+02:00,49.467943410402064,50.21524811586169,48.21028630697877,48.31053161621094,247735,0.0,0.0,0.0
2024-11-14 00:00:00+02:00,48.310528501356465,50.297266290657234,47.955103539543764,48.56570816040039,267652,0.0,0.0,0.0
2024-11-17 00:00:00+02:00,48.56570789996079,49.75045892515468,48.41077702103124,48.79354476928711,98359,0.0,0.0,0.0
2024-11-18 00:00:00+02:00,48.79354607063489,49.39503528263778,48.07358070999837,48.18294143676758,100789,0.0,0.0,0.0
2024-11-19 00:00:00+02:00,48.18294215404603,49.194538452136186,48.21028494353149,48.30141830444336,149213,0.0,0.0,0.0
2024-11-20 00:00:00+02:00,48.301418558854415,50.73471476846956,47.93687816025711,49.35858154296875,630710,0.0,0.0,0.0
2024-11-21 00:00:00+02:00,49.3585798156253,50.57067364350549,49.41326191645572,49.486167907714844,102596,0.0,0.0,0.0
2024-11-24 00:00:00+02:00,49.486169789713585,50.09677443774003,49.030496028341425,49.17631149291992,165415,0.0,0.0,0.0
2024-11-25 00:00:00+02:00,49.17630993554567,49.577305057823516,48.3925505345642,48.593048095703125,41445,0.0,0.0,0.0
2024-11-26 00:00:00+02:00,48.59305045168969,49.440603940214565,48.30141951762898,48.492801666259766,56926,0.0,0.0,0.0
2024-11-27 00:00:00+02:00,48.49279969148961,49.11251627026068,46.843262939729264,47.034645080566406,311762,0.0,0.0,0.0
2024-11-28 00:00:00+02:00,47.034645080566406,47.61790692493569,46.1232975796107,47.034645080566406,60922,0.0,0.0,0.0
2024-12-01 00:00:00+02:00,47.03464593312834,48.48368862497422,46.95262451749499,48.25585174560547,46649,0.0,0.0,0.0
2024-12-02 00:00:00+02:00,48.2558530124014,48.66596010133413,47.73638519192494,47.91865539550781,14697,0.0,0.0,0.0
2024-12-03 00:00:00+02:00,47.918653423841754,48.66595809891939,47.85485590017504,48.13737487792969,34820,0.0,0.0,0.0
2024-12-04 00:00:00+02:00,48.1373761866834,49.03049634760665,48.02801545666614,48.41989517211914,47715,0.0,0.0,0.0
2024-12-05 00:00:00+02:00,48.41989430674602,49.18542635621487,48.07358127861337,48.48368835449219,38525,0.0,0.0,0.0
2024-12-08 00:00:00+02:00,48.48368796599331,49.121631914858,48.48368796599331,48.7570915222168,21871,0.0,0.0,0.0
2024-12-09 00:00:00+02:00,48.757092615899644,49.07606285922947,48.58393783759415,48.994041442871094,17628,0.0,0.0,0.0
2024-12-10 00:00:00+02:00,48.99404200248487,48.99404200248487,47.38095992320366,47.390071868896484,249532,0.0,0.0,0.0
2024-12-11 00:00:00+02:00,47.390072061289274,48.30141960092945,47.39918400701909,47.827518463134766,31694,0.0,0.0,0.0
2024-12-12 00:00:00+02:00,47.82751685417403,48.18294182643449,47.39007046704463,47.90953826904297,52650,0.0,0.0,0.0
2024-12-15 00:00:00+02:00,47.90953830282576,48.665958404541016,47.490319282762165,48.665958404541016,47576,0.0,0.0,0.0
2024-12-16 00:00:00+02:00,48.66595860949912,50.215246601173334,48.60216456167794,49.1034049987793,293178,0.0,0.0,0.0
2024-12-17 00:00:00+02:00,49.10340539197974,49.82336729122892,48.757092360666725,48.83000183105469,39557,0.0,0.0,0.0
2024-12-18 00:00:00+02:00,48.83000012632755,49.57730478914016,48.7662026037079,48.820884704589844,42582,0.0,0.0,0.0
2024-12-19 00:00:00+02:00,48.82088749068957,49.09429105767225,48.301419670468,48.31053161621094,80346,0.0,0.0,0.0
2024-12-22 00:00:00+02:00,48.31052959516484,49.212765152629565,48.483687845671355,48.80265808105469,23630,0.0,0.0,0.0
2024-12-23 00:00:00+02:00,48.80265981499509,49.04872406668259,48.492801513964345,48.675071716308594,17877,0.0,0.0,0.0
2024-12-24 00:00:00+02:00,48.67506989718335,48.97581624128886,47.75461045069172,48.319644927978516,91876,0.0,0.0,0.0
2024-12-25 00:00:00+02:00,48.31964623760991,48.83911404922173,48.119148669438715,48.60216522216797,17275,0.0,0.0,0.0
2024-12-26 00:00:00+02:00,48.60216544805567,50.11500220893292,48.75709285944262,48.90290832519531,36456,0.0,0.0,0.0
2024-12-29 00:00:00+02:00,48.90290645256674,49.29478615361748,48.85733977311045,49.212764739990234,529422,0.0,0.0,0.0
2024-12-30 00:00:00+02:00,49.21276734261768,49.21276734261768,48.39255316296806,49.021385192871094,115785,0.0,0.0,0.0
2024-12-31 00:00:00+02:00,49.02138240881072,49.20365260243845,48.21028369750786,48.638614654541016,1610039,0.0,0.0,0.0
2025-01-02 00:00:00+02:00,48.63861510763622,49.203653060797286,48.693297209188366,48.984928131103516,480463,0.0,0.0,0.0
2025-01-05 00:00:00+02:00,48.98492724580136,50.02386282091181,49.08517602524443,49.1854248046875,142310,0.0,0.0,0.0
2025-01-06 00:00:00+02:00,49.18542468475731,49.668437737425535,49.08517590555868,49.23099136352539,9203,0.0,0.0,0.0
2025-01-08 00:00:00+02:00,49.230993473811004,49.577306505019685,49.08517800959392,49.22187805175781,19482,0.0,0.0,0.0
2025-01-09 00:00:00+02:00,49.221876325320466,49.48616793135493,48.76620258106027,48.95758819580078,406413,0.0,0.0,0.0
2025-01-12 00:00:00+02:00,48.95758862951964,49.21276481608125,47.76372215743604,48.4107780456543,20736,0.0,0.0,0.0
2025-01-13 00:00:00+02:00,48.410779872369204,49.66844043854931,48.301419142075474,48.37432861328125,37431,0.0,0.0,0.0
2025-01-14 00:00:00+02:00,48.374328520713966,48.48368925079842,46.93439775578975,47.13489532470703,242561,0.0,0.0,0.0
2025-01-15 00:00:00+02:00,47.134892497354016,48.30141615232161,47.17134375418571,47.41740798950195,25132,0.0,0.0,0.0
2025-01-16 00:00:00+02:00,47.41741130533492,47.92776717832907,47.25336847031948,47.344505310058594,401299,0.0,0.0,0.0
2025-01-19 00:00:00+02:00,47.41740916335403,48.29230540275312,47.25336633574887,47.882198333740234,639347,0.0,0.0,0.0
2025-01-20 00:00:00+02:00,47.64524746929735,48.20117001549549,47.20780107471067,47.22602844238281,50397,0.0,0.0,0.0
2025-01-21 00:00:00+02:00,47.22602795841192,48.72063732706175,47.22602795841192,48.30141830444336,509649,0.0,0.0,0.0
2025-01-22 00:00:00+02:00,48.30141611063307,48.984926715972215,47.39006863684754,47.69081497192383,32419,0.0,0.0,0.0
2025-01-23 00:00:00+02:00,47.69081636280395,48.75709126950336,47.517658112765204,47.56322479248047,34162,0.0,0.0,0.0
2025-01-26 00:00:00+02:00,47.56322356644381,48.264961540817595,47.298935440301904,47.37184143066406,27607,0.0,0.0,0.0
2025-01-27 00:00:00+02:00,47.37184366279284,48.110036405388215,47.16223415041722,47.317161560058594,45099,0.0,0.0,0.0
2025-01-28 00:00:00+02:00,47.3171610849781,47.3900705545584,47.05287294903666,47.10755157470703,38573,0.0,0.0,0.0
2025-01-29 00:00:00+02:00,47.10755068723727,47.65436126924345,47.02552927376209,47.308048248291016,37836,0.0,0.0,0.0
2025-01-30 00:00:00+02:00,47.3080488709138,47.390070285468475,47.207800089067554,47.33538818359375,1594244,0.0,0.0,0.0
2025-02-02 00:00:00+02:00,47.3353880698921,47.39007017163548,46.934396419985134,46.989078521728516,43482,0.0,0.0,0.0
2025-02-03 00:00:00+02:00,46.98907840082158,47.39007004969676,46.93439629921891,47.034645080566406,20708,0.0,0.0,0.0
2025-02-04 00:00:00+02:00,47.03464626871947,47.3900712468283,46.97996416573546,47.36273193359375,52940,0.0,0.0,0.0
2025-02-05 00:00:00+02:00,47.362730494123106,47.38095786123047,47.03464483922017,47.12577819824219,15472,0.0,0.0,0.0
2025-02-06 00:00:00+02:00,47.12578064694162,47.28982348291691,47.07110201929318,47.116668701171875,15433,0.0,0.0,0.0
2025-02-09 00:00:00+02:00,47.1166669449626,47.39007050255901,46.95262411510179,47.380958557128906,24334,0.0,0.0,0.0
2025-02-10 00:00:00+02:00,47.38095980068891,47.572341948377925,47.11666818158602,47.435638427734375,24409,0.0,0.0,0.0
2025-02-11 00:00:00+02:00,47.4356368766975,47.39007019681122,46.7065595689726,46.85237503051758,28557,0.0,0.0,0.0
2025-02-12 00:00:00+02:00,46.85237384592914,46.85237384592914,45.567374037142315,45.99570846557617,22910,0.0,0.0,0.0
2025-02-13 00:00:00+02:00,45.995709485719274,47.39007004969676,45.58560241498624,47.034645080566406,27666,0.0,0.0,0.0
2025-02-16 00:00:00+02:00,47.034644935682586,47.39006990371811,47.034644935682586,47.216915130615234,14529,0.0,0.0,0.0
2025-02-17 00:00:00+02:00,47.21691646881795,47.3900712468283,47.21691646881795,47.36273193359375,20454,0.0,0.0,0.0
2025-02-18 00:00:00+02:00,47.36273032606726,47.48120299707254,47.298936279675246,47.44475173950195,63483,0.0,0.0,0.0
2025-02-19 00:00:00+02:00,47.44475292876263,47.390070826263894,45.67673652296711,46.87971496582031,39799,0.0,0.0,0.0
2025-02-20 00:00:00+02:00,46.87971545813655,47.84574508666992,47.28071059430866,47.84574508666992,156889,0.0,0.0,0.0
2025-02-23 00:00:00+02:00,47.8457444642906,48.75709197789613,47.508546857680706,47.81840515136719,323336,0.0,0.0,0.0
2025-02-24 00:00:00+02:00,47.8184044976508,48.84822467085588,48.04624137293747,48.319644927978516,52920,0.0,0.0,0.0
2025-02-25 00:00:00+02:00,48.31964673382053,48.75709313353776,48.301419365934606,48.675071716308594,557250,0.0,0.0,0.0
2025-02-26 00:00:00+02:00,48.67506936547852,48.89379429303099,48.32875634540161,48.77531814575195,21324,0.0,0.0,0.0
2025-02-27 00:00:00+02:00,48.77531998359205,49.21276637866506,48.49280099913212,48.994041442871094,57291,0.0,0.0,0.0
2025-03-02 00:00:00+02:00,48.994041171636425,49.50439703465369,48.31053053127226,49.22187805175781,43709,0.0,0.0,0.0
2025-03-03 00:00:00+02:00,49.221877971264334,49.32212675459619,48.52925538649453,48.73886489868164,32885,0.0,0.0,0.0
2025-03-04 00:00:00+02:00,48.7388646945471,49.00315630831234,48.29230635895812,48.30141830444336,53954,0.0,0.0,0.0
2025-03-05 00:00:00+02:00,48.30141693790323,48.75709068260043,48.11914674472139,48.29230499267578,46757,0.0,0.0,0.0
2025-03-06 00:00:00+02:00,48.29230668202812,48.71152570745104,48.091809114862855,48.69329833984375,32395,0.0,0.0,0.0
2025-03-09 00:00:00+02:00,48.693298735419745,49.12163318638347,48.32875833334233,48.41989517211914,22662,0.0,0.0,0.0
2025-03-10 00:00:00+02:00,48.41989246354107,49.030493604871936,48.301416318016145,48.65684127807617,36424,0.0,0.0,0.0
2025-03-11 00:00:00+02:00,48.656841878458806,48.90290611765536,48.31052885923608,48.820884704589844,52379,0.0,0.0,0.0
2025-03-12 00:00:00+02:00,48.820887294814284,49.85071098538272,48.930248025865595,49.777801513671875,52031,0.0,0.0,0.0
2025-03-13 00:00:00+02:00,49.777798262894486,50.743827840886105,49.65932559387375,50.60712432861328,73237,0.0,0.0,0.0
2025-03-16 00:00:00+02:00,50.6071269763301,52.04705773528465,50.25170199764294,51.03546142578125,169362,0.0,0.0,0.0
2025-03-17 00:00:00+02:00,51.035459817921485,51.58226692536472,51.035459817921485,51.11748123168945,29390,0.0,0.0,0.0
2025-03-18 00:00:00+02:00,51.11748039011821,51.445566039788645,50.69826138287921,51.04457092285156,298660,0.0,0.0,0.0
2025-03-19 00:00:00+02:00,51.04457423889635,51.49113606362803,50.862307511918495,50.9716682434082,20930,0.0,0.0,0.0
2025-03-20 00:00:00+02:00,50.971667998033766,51.41822634410077,50.306384713525304,51.062801361083984,9620,0.0,0.0,0.0
2025-03-23 00:00:00+02:00,51.062800739060286,51.062800739060286,50.488654301110984,51.03546142578125,63555,0.0,0.0,0.0
2025-03-24 00:00:00+02:00,51.03546137632788,52.85815642548245,50.2334745812757,50.41574478149414,32145,0.0,0.0,0.0
2025-03-25 00:00:00+02:00,50.41574255149831,51.03545911892067,50.21524499247497,50.47042465209961,18935,0.0,0.0,0.0
2025-03-26 00:00:00+02:00,50.47042712939763,51.95592109857551,50.269929560533036,50.32461166381836,32278,0.0,0.0,0.0
2025-03-27 00:00:00+02:00,50.32460877719277,51.91035143984456,50.27903862214478,51.40911102294922,30835,0.0,0.0,0.0
2025-04-03 00:00:00+02:00,51.409114181189935,52.75790811242103,51.06280114533541,52.66677474975586,59014,0.0,0.0,0.0
2025-04-06 00:00:00+02:00,52.666774613167796,51.436453361289196,50.27904158056559,50.80762481689453,83013,0.0,0.0,0.0
2025-04-07 00:00:00+02:00,50.80762496876309,50.80762496876309,49.668440552423114,50.6253547668457,50278,0.0,0.0,0.0
2025-04-08 00:00:00+02:00,50.625354195413756,51.71897191805895,50.443083995553735,51.21773147583008,40063,0.0,0.0,0.0
2025-04-09 00:00:00+02:00,51.217732488707846,51.48202410990573,50.1514540581748,50.215248107910156,42366,0.0,0.0,0.0
2025-04-10 00:00:00+02:00,50.21524696849936,51.50024683282059,50.70737546373256,51.400001525878906,172108,0.0,0.0,0.0
2025-04-13 00:00:00+02:00,56.400001525878906,52.58000183105469,50.06999969482422,50.18000030517578,79044,5.0,0.0,0.0
2025-04-14 00:00:00+02:00,50.18000030517578,50.900001525878906,50.25,50.349998474121094,56723,0.0,0.0,0.0
2025-04-15 00:00:00+02:00,50.349998474121094,51.099998474121094,50.290000915527344,50.529998779296875,22981,0.0,0.0,0.0
2025-04-16 00:00:00+02:00,50.529998779296875,50.90999984741211,50.36000061035156,50.84000015258789,23567,0.0,0.0,0.0
2025-04-17 00:00:00+02:00,50.84000015258789,51.47999954223633,50.459999084472656,51.02000045776367,24194,0.0,0.0,0.0
2025-04-22 00:00:00+02:00,51.02000045776367,52.880001068115234,50.68000030517578,52.81999969482422,69085,0.0,0.0,0.0
2025-04-23 00:00:00+02:00,52.81999969482422,53.0,52.290000915527344,52.95000076293945,35108,0.0,0.0,0.0
2025-04-27 00:00:00+03:00,52.95000076293945,53.0,52.0099983215332,53.0,34687,0.0,0.0,0.0
2025-04-28 00:00:00+03:00,53.0,53.099998474121094,52.400001525878906,53.0,26925,0.0,0.0,0.0
2025-04-29 00:00:00+03:00,53.0,53.099998474121094,52.0,52.20000076293945,22564,0.0,0.0,0.0
2025-04-30 00:00:00+03:00,52.20000076293945,52.790000915527344,51.79999923706055,51.9900016784668,12876,0.0,0.0,0.0
2025-05-04 00:00:00+03:00,51.9900016784668,52.93000030517578,51.90999984741211,51.970001220703125,21018,0.0,0.0,0.0
2025-05-05 00:00:00+03:00,51.970001220703125,52.4900016784668,51.25,51.79999923706055,37662,0.0,0.0,0.0
2025-05-06 00:00:00+03:00,51.79999923706055,52.0,51.5,51.77000045776367,23035,0.0,0.0,0.0
2025-05-07 00:00:00+03:00,51.77000045776367,51.95000076293945,51.0,51.15999984741211,32094,0.0,0.0,0.0
2025-05-08 00:00:00+03:00,51.15999984741211,51.93000030517578,50.79999923706055,51.02000045776367,24610,0.0,0.0,0.0
2025-05-11 00:00:00+03:00,51.02000045776367,51.91999816894531,50.95000076293945,50.9900016784668,15111,0.0,0.0,0.0
2025-05-12 00:00:00+03:00,50.9900016784668,51.869998931884766,50.900001525878906,51.619998931884766,17768,0.0,0.0,0.0
2025-05-13 00:00:00+03:00,51.619998931884766,52.0,51.650001525878906,51.95000076293945,19351,0.0,0.0,0.0
2025-05-14 00:00:00+03:00,51.95000076293945,54.20000076293945,52.0,54.0,1963402,0.0,0.0,0.0
2025-05-15 00:00:00+03:00,54.0,55.970001220703125,53.599998474121094,55.939998626708984,353206,0.0,0.0,0.0
2025-05-18 00:00:00+03:00,55.939998626708984,58.29999923706055,55.95000076293945,57.0,155152,0.0,0.0,0.0
2025-05-19 00:00:00+03:00,57.0,57.0,56.040000915527344,56.810001373291016,51317,0.0,0.0,0.0
2025-05-20 00:00:00+03:00,56.810001373291016,58.5,56.0,58.369998931884766,135416,0.0,0.0,0.0
2025-05-21 00:00:00+03:00,58.369998931884766,58.5,57.08000183105469,57.41999816894531,26984,0.0,0.0,0.0
2025-05-22 00:00:00+03:00,57.41999816894531,57.9900016784668,56.529998779296875,56.630001068115234,891892,0.0,0.0,0.0
2025-05-25 00:00:00+03:00,56.630001068115234,57.9900016784668,56.400001525878906,57.04999923706055,34478,0.0,0.0,0.0
2025-05-26 00:00:00+03:00,57.04999923706055,58.0,56.599998474121094,57.5099983215332,30923,0.0,0.0,0.0
2025-05-27 00:00:00+03:00,57.5099983215332,58.25,57.310001373291016,58.0,267350,0.0,0.0,0.0
2025-05-28 00:00:00+03:00,58.0,58.29999923706055,57.279998779296875,58.0099983215332,199093,0.0,0.0,0.0
2025-05-29 00:00:00+03:00,58.0099983215332,60.0,58.0099983215332,59.95000076293945,242627,0.0,0.0,0.0
2025-06-01 00:00:00+03:00,59.95000076293945,62.5,59.33000183105469,61.939998626708984,72914,0.0,0.0,0.0
2025-06-02 00:00:00+03:00,61.939998626708984,63.439998626708984,61.5,62.70000076293945,35188,0.0,0.0,0.0
2025-06-03 00:00:00+03:00,62.70000076293945,65.9000015258789,62.70000076293945,65.25,56476,0.0,0.0,0.0
2025-06-04 00:00:00+03:00,65.25,66.4000015258789,65.0,65.80000305175781,28958,0.0,0.0,0.0
2025-06-10 00:00:00+03:00,65.80000305175781,67.98999786376953,60.20000076293945,67.08999633789062,1095410,0.0,0.0,0.0
2025-06-11 00:00:00+03:00,67.08999633789062,67.87999725341797,65.0,66.55999755859375,90898,0.0,0.0,0.0
2025-06-12 00:00:00+03:00,66.55999755859375,66.0,64.5,65.27999877929688,40564,0.0,0.0,0.0
2025-06-15 00:00:00+03:00,65.27999877929688,64.0,60.11000061035156,63.09000015258789,33110,0.0,0.0,0.0
2025-06-16 00:00:00+03:00,63.09000015258789,64.4000015258789,62.619998931884766,63.11000061035156,49114,0.0,0.0,0.0
2025-06-17 00:00:00+03:00,63.11000061035156,64.48999786376953,62.0,62.439998626708984,10797,0.0,0.0,0.0
2025-06-18 00:00:00+03:00,62.439998626708984,63.5,61.900001525878906,62.90999984741211,17944,0.0,0.0,0.0
2025-06-19 00:00:00+03:00,62.90999984741211,63.4900016784668,60.72999954223633,61.20000076293945,69644,0.0,0.0,0.0
2025-06-22 00:00:00+03:00,61.20000076293945,62.0,59.119998931884766,61.97999954223633,65279,0.0,0.0,0.0
2025-06-23 00:00:00+03:00,61.97999954223633,63.099998474121094,61.52000045776367,62.630001068115234,53425,0.0,0.0,0.0
2025-06-24 00:00:00+03:00,62.630001068115234,64.25,62.75,63.0,120290,0.0,0.0,0.0
2025-06-25 00:00:00+03:00,63.0,64.08999633789062,62.79999923706055,62.90999984741211,86279,0.0,0.0,0.0
2025-06-29 00:00:00+03:00,62.90999984741211,63.2400016784668,62.7599983215332,63.0,228364,0.0,0.0,0.0
2025-06-30 00:00:00+03:00,63.0,64.22000122070312,62.31999969482422,62.959999084472656,28583,0.0,0.0,0.0
2025-07-01 00:00:00+03:00,62.959999084472656,64.0,60.79999923706055,60.91999816894531,140575,0.0,0.0,0.0
2025-07-02 00:00:00+03:00,60.91999816894531,62.5,60.0099983215332,61.439998626708984,100640,0.0,0.0,0.0
2025-07-06 00:00:00+03:00,61.439998626708984,63.75,61.81999969482422,63.5,126682,0.0,0.0,0.0
2025-07-07 00:00:00+03:00,63.5,64.0,62.5,62.529998779296875,57371,0.0,0.0,0.0
2025-07-09 00:00:00+03:00,62.529998779296875,63.9900016784668,61.5,61.5,53736,0.0,0.0,0.0
2025-07-10 00:00:00+03:00,61.5,62.97999954223633,61.650001525878906,61.97999954223633,13045,0.0,0.0,0.0
2025-07-13 00:00:00+03:00,61.97999954223633,62.91999816894531,61.0,61.029998779296875,56871,0.0,0.0,0.0
2025-07-14 00:00:00+03:00,61.029998779296875,62.5,61.150001525878906,62.0099983215332,76550,0.0,0.0,0.0
2025-07-15 00:00:00+03:00,62.0099983215332,62.849998474121094,61.400001525878906,61.5,103523,0.0,0.0,0.0
2025-07-16 00:00:00+03:00,61.5,62.4900016784668,61.5,61.52000045776367,21026,0.0,0.0,0.0
2025-07-17 00:00:00+03:00,61.52000045776367,62.5,60.79999923706055,61.0,155684,0.0,0.0,0.0
2025-07-20 00:00:00+03:00,61.0,62.0,60.70000076293945,60.900001525878906,163668,0.0,0.0,0.0
2025-07-21 00:00:00+03:00,60.900001525878906,61.79999923706055,60.5,61.0099983215332,67064,0.0,0.0,0.0
2025-07-22 00:00:00+03:00,61.0099983215332,62.0,60.599998474121094,61.040000915527344,71228,0.0,0.0,0.0
2025-07-23 00:00:00+03:00,61.040000915527344,61.040000915527344,61.040000915527344,61.040000915527344,0,0.0,0.0,0.0
2025-07-27 00:00:00+03:00,61.279998779296875,61.900001525878906,61.0,61.4900016784668,35986,0.0,0.0,0.0
2025-07-28 00:00:00+03:00,61.4900016784668,61.88999938964844,60.02000045776367,60.06999969482422,130173,0.0,0.0,0.0
2025-07-29 00:00:00+03:00,60.06999969482422,60.97999954223633,60.0,60.029998779296875,50485,0.0,0.0,0.0
2025-07-30 00:00:00+03:00,60.029998779296875,61.20000076293945,59.900001525878906,60.15999984741211,107790,0.0,0.0,0.0
2025-07-31 00:00:00+03:00,60.15999984741211,60.95000076293945,59.15999984741211,59.959999084472656,49722,0.0,0.0,0.0
2025-08-03 00:00:00+03:00,59.959999084472656,59.959999084472656,59.959999084472656,59.959999084472656,0,0.0,0.0,0.0
2025-08-04 00:00:00+03:00,59.959999084472656,59.959999084472656,59.959999084472656,59.959999084472656,0,0.0,0.0,0.0
2025-08-05 00:00:00+03:00,59.959999084472656,59.959999084472656,59.959999084472656,59.959999084472656,0,0.0,0.0,0.0
2025-08-06 00:00:00+03:00,59.959999084472656,59.959999084472656,59.959999084472656,59.959999084472656,0,0.0,0.0,0.0
2025-08-07 00:00:00+03:00,59.959999084472656,59.959999084472656,59.959999084472656,59.959999084472656,0,0.0,0.0,0.0
2025-08-10 00:00:00+03:00,62.790000915527344,63.880001068115234,62.52000045776367,63.099998474121094,40740,0.0,0.0,0.0
2025-08-11 00:00:00+03:00,63.099998474121094,63.9900016784668,62.560001373291016,63.41999816894531,81384,0.0,0.0,0.0
2025-08-12 00:00:00+03:00,63.41999816894531,64.19999694824219,63.31999969482422,64.04000091552734,556000,0.0,0.0,0.0
2025-08-13 00:00:00+03:00,64.04000091552734,66.5999984741211,64.01000213623047,64.98999786376953,240696,0.0,0.0,0.0
2025-08-14 00:00:00+03:00,64.98999786376953,65.0,62.060001373291016,64.62999725341797,56417,0.0,0.0,0.0
2025-08-17 00:00:00+03:00,64.62999725341797,65.79000091552734,64.5,65.29000091552734,114705,0.0,0.0,0.0
2025-08-18 00:00:00+03:00,65.29000091552734,66.0,64.44999694824219,64.5199966430664,54391,0.0,0.0,0.0
2025-08-19 00:00:00+03:00,64.5199966430664,65.0,63.63999938964844,64.0,55693,0.0,0.0,0.0
2025-08-20 00:00:00+03:00,64.0,64.93000030517578,63.529998779296875,63.81999969482422,29956,0.0,0.0,0.0
2025-08-21 00:00:00+03:00,63.81999969482422,64.47000122070312,63.0,63.15999984741211,25155,0.0,0.0,0.0
2025-08-24 00:00:00+03:00,63.15999984741211,64.0,63.060001373291016,63.25,26419,0.0,0.0,0.0
2025-08-25 00:00:00+03:00,63.25,64.4000015258789,63.130001068115234,63.91999816894531,28963,0.0,0.0,0.0
2025-08-26 00:00:00+03:00,63.91999816894531,64.30000305175781,63.5,63.66999816894531,36662,0.0,0.0,0.0
2025-08-27 00:00:00+03:00,63.66999816894531,65.0,63.52000045776367,64.25,82377,0.0,0.0,0.0
2025-08-28 00:00:00+03:00,64.25,65.0999984741211,64.0,64.95999908447266,66500,0.0,0.0,0.0
2025-08-31 00:00:00+03:00,64.95999908447266,65.45999908447266,64.0,65.0,107288,0.0,0.0,0.0
2025-09-01 00:00:00+03:00,65.0,64.98999786376953,64.0,64.58999633789062,39722,0.0,0.0,0.0
2025-09-02 00:00:00+03:00,64.58999633789062,65.0,63.54999923706055,64.8499984741211,202750,0.0,0.0,0.0
2025-09-03 00:00:00+03:00,64.8499984741211,65.0999984741211,63.709999084472656,63.7400016784668,209583,0.0,0.0,0.0
2025-09-07 00:00:00+03:00,63.7400016784668,64.0,63.2599983215332,63.4900016784668,122510,0.0,0.0,0.0
2025-09-08 00:00:00+03:00,63.4900016784668,64.48999786376953,63.25,63.72999954223633,47131,0.0,0.0,0.0
2025-09-09 00:00:00+03:00,63.72999954223633,63.9900016784668,62.75,62.810001373291016,32077,0.0,0.0,0.0
2025-09-10 00:00:00+03:00,62.810001373291016,63.0,61.79999923706055,62.369998931884766,58380,0.0,0.0,0.0
2025-09-11 00:00:00+03:00,62.369998931884766,63.9900016784668,62.20000076293945,62.939998626708984,17603,0.0,0.0,0.0
2025-09-14 00:00:00+03:00,62.939998626708984,63.95000076293945,62.02000045776367,62.439998626708984,23299,0.0,0.0,0.0
2025-09-15 00:00:00+03:00,62.439998626708984,63.470001220703125,62.36000061035156,62.91999816894531,21246,0.0,0.0,0.0
2025-09-16 00:00:00+03:00,62.91999816894531,63.70000076293945,62.58000183105469,62.720001220703125,29458,0.0,0.0,0.0
2025-09-17 00:00:00+03:00,62.720001220703125,62.79999923706055,61.54999923706055,62.529998779296875,26746,0.0,0.0,0.0
2025-09-18 00:00:00+03:00,62.529998779296875,63.0,62.54999923706055,62.65999984741211,11527,0.0,0.0,0.0
2025-09-21 00:00:00+03:00,62.65999984741211,62.900001525878906,61.5099983215332,61.97999954223633,48679,0.0,0.0,0.0
2025-09-22 00:00:00+03:00,61.97999954223633,62.900001525878906,62.04999923706055,62.68000030517578,18819,0.0,0.0,0.0
2025-09-23 00:00:00+03:00,62.68000030517578,63.9900016784668,62.279998779296875,62.34000015258789,22307,0.0,0.0,0.0
2025-09-24 00:00:00+03:00,62.34000015258789,63.400001525878906,62.400001525878906,62.70000076293945,2266311,0.0,0.0,0.0
2025-09-25 00:00:00+03:00,62.70000076293945,65.33999633789062,62.720001220703125,65.0,1563978,0.0,0.0,0.0
2025-09-28 00:00:00+03:00,65.0,67.44999694824219,65.30000305175781,66.0999984741211,98515,0.0,0.0,0.0
2025-09-29 00:00:00+03:00,66.0999984741211,66.94999694824219,65.5,66.83999633789062,425979,0.0,0.0,0.0
2025-09-30 00:00:00+03:00,66.83999633789062,67.33000183105469,66.69999694824219,67.05000305175781,123068,0.0,0.0,0.0
2025-10-01 00:00:00+03:00,67.05000305175781,67.98999786376953,66.70999908447266,67.23999786376953,43974,0.0,0.0,0.0
2025-10-02 00:00:00+03:00,67.23999786376953,68.44000244140625,67.0,68.22000122070312,94004,0.0,0.0,0.0
2025-10-05 00:00:00+03:00,68.22000122070312,70.5,68.0999984741211,70.20999908447266,146209,0.0,0.0,0.0
2025-10-06 00:00:00+03:00,70.20999908447266,71.94000244140625,70.26000213623047,70.72000122070312,60738,0.0,0.0,0.0
2025-10-07 00:00:00+03:00,70.72000122070312,72.0,70.61000061035156,70.95999908447266,55022,0.0,0.0,0.0
2025-10-08 00:00:00+03:00,70.95999908447266,72.72000122070312,71.11000061035156,72.22000122070312,27537,0.0,0.0,0.0
2025-10-12 00:00:00+03:00,72.22000122070312,73.0,71.3499984741211,71.70999908447266,72306,0.0,0.0,0.0
2025-10-13 00:00:00+03:00,71.70999908447266,73.87999725341797,71.51000213623047,73.0,101794,0.0,0.0,0.0
2025-10-14 00:00:00+03:00,73.0,75.48999786376953,73.0199966430664,74.52999877929688,112034,0.0,0.0,0.0
2025-10-15 00:00:00+03:00,74.52999877929688,76.05999755859375,74.0,75.45999908447266,47411,0.0,0.0,0.0
2025-10-16 00:00:00+03:00,75.45999908447266,81.5,75.45999908447266,80.37000274658203,437027,0.0,0.0,0.0
2025-10-19 00:00:00+03:00,80.37000274658203,81.36000061035156,79.26000213623047,79.81999969482422,34353,0.0,0.0,0.0
2025-10-20 00:00:00+03:00,79.81999969482422,81.48999786376953,78.61000061035156,79.95999908447266,83676,0.0,0.0,0.0
2025-10-21 00:00:00+03:00,79.95999908447266,81.0,79.05000305175781,80.05000305175781,106060,0.0,0.0,0.0
2025-10-22 00:00:00+03:00,80.05000305175781,80.69999694824219,79.22000122070312,80.04000091552734,58523,0.0,0.0,0.0
2025-10-23 00:00:00+03:00,80.04000091552734,81.83999633789062,79.30000305175781,80.66000366210938,46337,0.0,0.0,0.0
2025-10-26 00:00:00+03:00,80.66000366210938,82.0,80.66000366210938,81.22000122070312,59818,0.0,0.0,0.0
2025-10-27 00:00:00+03:00,81.22000122070312,83.5,80.30000305175781,83.4800033569336,102933,0.0,0.0,0.0
2025-10-28 00:00:00+03:00,83.4800033569336,87.69999694824219,82.5,85.22000122070312,146248,0.0,0.0,0.0
2025-10-29 00:00:00+03:00,85.22000122070312,86.95999908447266,84.5,84.9800033569336,39218,0.0,0.0,0.0
2025-10-30 00:00:00+03:00,84.9800033569336,86.0,82.20999908447266,83.58999633789062,2179224,0.0,0.0,0.0
2025-11-02 00:00:00+02:00,83.58999633789062,86.4800033569336,83.75,85.86000061035156,72677,0.0,0.0,0.0
2025-11-03 00:00:00+02:00,85.86000061035156,86.0,85.0,86.0,33998,0.0,0.0,0.0
2025-11-04 00:00:00+02:00,86.0,86.98999786376953,84.61000061035156,84.6500015258789,67979,0.0,0.0,0.0
2025-11-05 00:00:00+02:00,84.6500015258789,85.5,83.55000305175781,83.69000244140625,74292,0.0,0.0,0.0
2025-11-06 00:00:00+02:00,83.69000244140625,84.7699966430664,81.5199966430664,83.05999755859375,92154,0.0,0.0,0.0
2025-11-09 00:00:00+02:00,83.05999755859375,86.0,82.8499984741211,85.0,158818,0.0,0.0,0.0
2025-11-10 00:00:00+02:00,85.0,88.9000015258789,85.0,88.69999694824219,256683,0.0,0.0,0.0
2025-11-11 00:00:00+02:00,88.69999694824219,90.19000244140625,87.0,89.9800033569336,2308769,0.0,0.0,0.0
2025-11-12 00:00:00+02:00,89.9800033569336,91.5,89.0199966430664,91.47000122070312,119667,0.0,0.0,0.0
2025-11-13 00:00:00+02:00,91.47000122070312,91.38999938964844,88.0,89.5,104537,0.0,0.0,0.0
2025-11-16 00:00:00+02:00,89.5,90.5,88.5199966430664,90.0,99048,0.0,0.0,0.0
2025-11-17 00:00:00+02:00,90.0,89.94999694824219,87.0199966430664,87.06999969482422,81372,0.0,0.0,0.0
2025-11-18 00:00:00+02:00,87.06999969482422,88.44999694824219,85.5999984741211,88.0199966430664,109767,0.0,0.0,0.0
2025-11-19 00:00:00+02:00,88.0199966430664,90.0,87.04000091552734,88.5999984741211,157160,0.0,0.0,0.0
2025-11-20 00:00:00+02:00,88.5999984741211,89.4000015258789,87.1500015258789,87.45999908447266,68441,0.0,0.0,0.0
2025-11-23 00:00:00+02:00,87.45999908447266,88.5999984741211,85.98999786376953,86.79000091552734,36462,0.0,0.0,0.0
2025-11-24 00:00:00+02:00,86.79000091552734,87.0,86.0,86.5999984741211,71348,0.0,0.0,0.0
2025-11-25 00:00:00+02:00,86.5999984741211,89.97000122070312,86.12999725341797,89.97000122070312,64040,0.0,0.0,0.0
2025-11-26 00:00:00+02:00,89.97000122070312,89.95999908447266,87.30999755859375,89.0,30287,0.0,0.0,0.0
2025-11-27 00:00:00+02:00,89.0,90.0,87.5,89.95999908447266,52870,0.0,0.0,0.0
2025-11-30 00:00:00+02:00,89.95999908447266,89.87999725341797,88.5,88.63999938964844,31365,0.0,0.0,0.0
2025-12-01 00:00:00+02:00,88.63999938964844,88.98999786376953,86.91000366210938,86.97000122070312,109156,0.0,0.0,0.0
2025-12-02 00:00:00+02:00,86.97000122070312,88.0,86.80999755859375,87.1500015258789,16798,0.0,0.0,0.0
2025-12-03 00:00:00+02:00,87.1500015258789,88.98999786376953,86.91999816894531,87.31999969482422,104310,0.0,0.0,0.0
2025-12-04 00:00:00+02:00,87.31999969482422,88.0,86.80000305175781,87.0,26023,0.0,0.0,0.0
2025-12-07 00:00:00+02:00,87.0,87.98999786376953,85.5,87.72000122070312,58280,0.0,0.0,0.0
2025-12-08 00:00:00+02:00,87.72000122070312,88.23999786376953,86.51000213623047,87.22000122070312,54193,0.0,0.0,0.0
2025-12-09 00:00:00+02:00,87.22000122070312,88.0,86.27999877929688,87.4000015258789,26110,0.0,0.0,0.0
2025-12-10 00:00:00+02:00,87.4000015258789,88.0,87.0,87.1500015258789,19548,0.0,0.0,0.0
2025-12-11 00:00:00+02:00,87.1500015258789,88.5,86.80999755859375,87.91999816894531,59777,0.0,0.0,0.0
2025-12-14 00:00:00+02:00,87.91999816894531,88.9800033569336,87.0,87.2300033569336,58063,0.0,0.0,0.0
2025-12-15 00:00:00+02:00,87.2300033569336,87.80000305175781,86.61000061035156,86.79000091552734,28259,0.0,0.0,0.0
2025-12-16 00:00:00+02:00,86.79000091552734,87.19999694824219,86.5,86.77999877929688,24478,0.0,0.0,0.0
2025-12-17 00:00:00+02:00,86.77999877929688,87.0,86.0199966430664,86.95999908447266,75356,0.0,0.0,0.0
2025-12-18 00:00:00+02:00,86.95999908447266,87.4800033569336,86.25,86.76000213623047,22459,0.0,0.0,0.0
2025-12-21 00:00:00+02:00,86.76000213623047,87.0,86.0999984741211,86.94999694824219,34021,0.0,0.0,0.0
2025-12-22 00:00:00+02:00,86.94999694824219,86.88999938964844,86.2300033569336,86.54000091552734,14812,0.0,0.0,0.0
2025-12-23 00:00:00+02:00,86.54000091552734,90.0,86.5,88.80000305175781,75871,0.0,0.0,0.0
2025-12-24 00:00:00+02:00,88.80000305175781,90.05000305175781,87.5,88.38999938964844,64048,0.0,0.0,0.0
2025-12-25 00:00:00+02:00,88.38999938964844,89.48999786376953,87.80000305175781,88.0199966430664,15679,0.0,0.0,0.0
2025-12-28 00:00:00+02:00,88.0199966430664,89.9800033569336,87.0999984741211,87.30999755859375,38854,0.0,0.0,0.0
2025-12-29 00:00:00+02:00,87.30999755859375,89.79000091552734,87.20999908447266,88.98999786376953,2020285,0.0,0.0,0.0
2025-12-30 00:00:00+02:00,88.98999786376953,89.0,88.0,88.18000030517578,116413,0.0,0.0,0.0
2025-12-31 00:00:00+02:00,88.18000030517578,90.0,88.1500015258789,89.66000366210938,5294067,0.0,0.0,0.0
2026-01-04 00:00:00+02:00,89.66000366210938,91.0,88.5,89.05000305175781,81165,0.0,0.0,0.0
2026-01-05 00:00:00+02:00,89.05000305175781,89.98999786376953,88.0,88.0199966430664,50148,0.0,0.0,0.0
2026-01-06 00:00:00+02:00,88.0199966430664,89.83999633789062,88.0,88.5999984741211,25305,0.0,0.0,0.0
2026-01-08 00:00:00+02:00,88.5999984741211,89.5,88.08000183105469,89.0999984741211,6810,0.0,0.0,0.0
2026-01-11 00:00:00+02:00,89.0999984741211,90.4000015258789,88.0999984741211,90.05000305175781,409582,0.0,0.0,0.0
2026-01-12 00:00:00+02:00,90.05000305175781,94.0,90.0,91.80999755859375,601309,0.0,0.0,0.0
2026-01-13 00:00:00+02:00,91.80999755859375,93.55000305175781,91.91000366210938,92.16999816894531,153833,0.0,0.0,0.0
2026-01-14 00:00:00+02:00,92.16999816894531,92.8499984741211,90.0,90.94000244140625,39472,0.0,0.0,0.0
2026-01-15 00:00:00+02:00,90.94000244140625,92.87999725341797,90.33000183105469,91.41999816894531,61016,0.0,0.0,0.0
2026-01-18 00:00:00+02:00,91.41999816894531,92.79000091552734,90.5999984741211,91.9800033569336,27504,0.0,0.0,0.0
2026-01-19 00:00:00+02:00,91.9800033569336,94.0,91.30999755859375,93.61000061035156,140947,0.0,0.0,0.0
2026-01-20 00:00:00+02:00,93.61000061035156,94.9000015258789,93.5,94.01000213623047,52794,0.0,0.0,0.0
2026-01-21 00:00:00+02:00,94.01000213623047,94.88999938964844,93.5999984741211,94.19999694824219,31829,0.0,0.0,0.0
2026-01-22 00:00:00+02:00,94.19999694824219,98.87000274658203,94.0999984741211,98.5,257859,0.0,0.0,0.0
2026-01-25 00:00:00+02:00,98.5,101.98999786376953,97.66000366210938,98.26000213623047,68355,0.0,0.0,0.0
2026-01-26 00:00:00+02:00,98.26000213623047,100.0,97.4000015258789,100.0,167746,0.0,0.0,0.0
2026-01-27 00:00:00+02:00,100.0,100.98999786376953,98.30999755859375,99.13999938964844,62104,0.0,0.0,0.0
2026-01-28 00:00:00+02:00,99.13999938964844,100.0,91.5,96.36000061035156,82410,0.0,0.0,0.0
2026-02-01 00:00:00+02:00,96.36000061035156,98.80000305175781,94.58000183105469,97.83999633789062,318257,0.0,0.0,0.0
2026-02-02 00:00:00+02:00,97.83999633789062,99.0,96.45999908447266,98.95999908447266,35309,0.0,0.0,0.0
2026-02-03 00:00:00+02:00,98.95999908447266,100.08999633789062,97.16000366210938,98.4800033569336,175856,0.0,0.0,0.0
2026-02-04 00:00:00+02:00,98.4800033569336,99.98999786376953,97.43000030517578,98.9800033569336,200689,0.0,0.0,0.0
