Date,Open,High,Low,Close,Volume,Dividends,Stock Splits,Capital Gains
2021-01-03 00:00:00+02:00,18.90021245222654,20.7829570487349,18.554586817860386,19.67331886291504,10386,0.0,0.0,0.0
2021-01-04 00:00:00+02:00,19.67331886291504,20.100803108851746,18.190771730217474,19.67331886291504,238,0.0,0.0,0.0
2021-01-05 00:00:00+02:00,19.67331886291504,19.100310316728347,18.190771730217474,19.67331886291504,800,0.0,0.0,0.0
2021-01-06 00:00:00+02:00,19.67332273572295,20.919391607853907,17.745101524230368,20.32819175720215,10758,0.0,0.0,0.0
2021-01-10 00:00:00+02:00,20.32819175720215,21.619736873688037,18.418160002567024,20.32819175720215,2986,0.0,0.0,0.0
2021-01-11 00:00:00+02:00,20.32819175720215,20.00985284229504,18.645544693956744,20.32819175720215,4214,0.0,0.0,0.0
2021-01-12 00:00:00+02:00,20.328188284198397,18.509111063863994,18.299917599879272,18.309011459350586,34696,0.0,0.0,0.0
2021-01-13 00:00:00+02:00,18.30901254540138,18.181677687563056,16.480841357152524,16.526317596435547,41625,0.0,0.0,0.0
2021-01-14 00:00:00+02:00,16.526315793108324,17.281232732559424,16.553602574585042,16.953798294067383,7744,0.0,0.0,0.0
2021-01-17 00:00:00+02:00,16.95379861107505,18.15438926158539,17.28123305568957,17.645048141479492,11487,0.0,0.0,0.0
2021-01-18 00:00:00+02:00,17.645047152971532,18.190770618487573,17.162992841858138,17.4631404876709,17567,0.0,0.0,0.0
2021-01-19 00:00:00+02:00,17.463143671131622,17.099326804593865,16.480841948055932,16.9628963470459,10850,0.0,0.0,0.0
2021-01-20 00:00:00+02:00,16.96289531865652,17.635953705254835,16.826464869379762,17.272138595581055,9105,0.0,0.0,0.0
2021-01-21 00:00:00+02:00,17.272140088159123,17.599574582564536,17.00837476140499,17.199377059936523,5346,0.0,0.0,0.0
2021-01-24 00:00:00+02:00,17.199375922587162,18.918403434925953,17.826958083761372,18.554588317871094,48144,0.0,0.0,0.0
2021-01-25 00:00:00+02:00,18.554588317871094,18.554588317871094,18.554588317871094,18.554588317871094,0,0.0,0.0,0.0
2021-01-26 00:00:00+02:00,19.12759780883789,19.109406620078722,18.372680823404927,19.12759780883789,4825,0.0,0.0,0.0
2021-01-27 00:00:00+02:00,19.127597902418373,21.037627626487183,19.100311119146124,20.928483963012695,41553,0.0,0.0,0.0
2021-01-31 00:00:00+02:00,20.928483850156294,23.020421981811523,23.020421981811523,23.020421981811523,7467,0.0,0.0,0.0
2021-02-01 00:00:00+02:00,23.02042442206198,25.321557998657227,25.16693634750565,25.321557998657227,17061,0.0,0.0,0.0
2021-02-02 00:00:00+02:00,25.32155415056098,30.633259584919344,25.066882724187824,29.505430221557617,81390,0.0,0.0,0.0
2021-02-03 00:00:00+02:00,29.505433841318464,32.45234072222856,29.578198601900944,31.72471046447754,62417,0.0,0.0,0.0
2021-02-04 00:00:00+02:00,31.7247092577956,34.889903360832214,31.824759064983635,34.48970413208008,40258,0.0,0.0,0.0
2021-02-07 00:00:00+02:00,34.48970173821393,37.936853834100525,34.56246649097826,37.909568786621094,40648,0.0,0.0,0.0
2021-02-08 00:00:00+02:00,37.90957121994632,40.37442012941353,34.12589057369518,35.66300964355469,65783,0.0,0.0,0.0
2021-02-09 00:00:00+02:00,35.663007643003944,36.563452382869535,32.743389572191035,34.580657958984375,60092,0.0,0.0,0.0
2021-02-10 00:00:00+02:00,34.580655145635546,35.4538112971499,32.79796046889022,33.48920822143555,3535,0.0,0.0,0.0
2021-02-11 00:00:00+02:00,33.48921135882877,35.43562343003189,32.66153136211302,33.99855422973633,33551,0.0,0.0,0.0
2021-02-14 00:00:00+02:00,33.998554419307915,33.38006788319101,30.833360453682005,31.679231643676758,14749,0.0,0.0,0.0
2021-02-15 00:00:00+02:00,31.679234329665448,33.1799710907336,30.01477685674022,31.497325897216797,8528,0.0,0.0,0.0
2021-02-16 00:00:00+02:00,31.497320100240785,34.644322564832585,30.924309857853313,33.48920822143555,19754,0.0,0.0,0.0
2021-02-17 00:00:00+02:00,33.48921400824353,34.46242012083784,31.842947744045862,32.73429870605469,12232,0.0,0.0,0.0
2021-02-18 00:00:00+02:00,32.73429572791923,33.64383432756605,30.696927738080028,31.770183563232422,7636,0.0,0.0,0.0
2021-02-21 00:00:00+02:00,31.770185000073948,31.8338524273595,30.0147751457961,30.715120315551758,8885,0.0,0.0,0.0
2021-02-22 00:00:00+02:00,30.715121217878483,31.833853362551533,30.496830411047675,31.188081741333008,8712,0.0,0.0,0.0
2021-02-23 00:00:00+02:00,31.188081741333008,31.188081741333008,31.188081741333008,31.188081741333008,0,0.0,0.0,0.0
2021-02-24 00:00:00+02:00,30.505925452657905,30.92431237562061,30.03296496467704,30.660545349121094,3106,0.0,0.0,0.0
2021-02-25 00:00:00+02:00,30.660547902978514,33.652930976576194,31.288131809311317,32.86163330078125,49725,0.0,0.0,0.0
2021-02-28 00:00:00+02:00,32.86162966620775,34.42603365491627,30.833359061548013,32.0157585144043,18483,0.0,0.0,0.0
2021-03-01 00:00:00+02:00,32.0157585144043,31.833850105592333,31.03345518858829,32.0157585144043,2106,0.0,0.0,0.0
2021-03-02 00:00:00+02:00,32.015760228314946,32.56148201435083,30.624163775578797,30.99707794189453,10147,0.0,0.0,0.0
2021-03-03 00:00:00+02:00,30.9970774728414,31.197173607565603,28.195696890558114,29.19618797302246,17400,0.0,0.0,0.0
2021-03-04 00:00:00+02:00,29.196189776894283,30.214875580453253,26.276571493127786,27.522640228271484,6159,0.0,0.0,0.0
2021-03-07 00:00:00+02:00,27.522638825511923,30.014774433974114,27.286158576340107,27.922836303710938,5816,0.0,0.0,0.0
2021-03-08 00:00:00+02:00,27.922836228380707,28.195697119485086,26.37661988596992,26.940534591674805,13194,0.0,0.0,0.0
2021-03-09 00:00:00+02:00,26.940536482629675,26.83139107764267,25.47617865172845,26.05828285217285,9360,0.0,0.0,0.0
2021-03-10 00:00:00+02:00,26.05827957083336,28.659560424920794,24.557541283785664,27.504446029663086,19295,0.0,0.0,0.0
2021-03-11 00:00:00+02:00,27.50444884369538,28.832376188114413,27.8136921265817,27.97740936279297,5941,0.0,0.0,0.0
2021-03-14 00:00:00+02:00,27.97740929682889,27.831883250496947,25.467082395391948,26.831390380859375,4634,0.0,0.0,0.0
2021-03-15 00:00:00+02:00,26.831390175557598,26.831390175557598,24.575734739864476,25.749038696289062,6650,0.0,0.0,0.0
2021-03-16 00:00:00+02:00,25.749036915105126,25.92184973240047,23.256901394623135,25.68536949157715,5299,0.0,0.0,0.0
2021-03-17 00:00:00+02:00,25.685372310468537,24.557544546863543,23.12047349092086,23.47519302368164,11918,0.0,0.0,0.0
2021-03-18 00:00:00+02:00,23.47519302368164,24.95774205485479,23.64800585994267,23.47519302368164,2170,0.0,0.0,0.0
2021-03-21 00:00:00+02:00,23.47519302368164,25.003218295277886,23.64800585994267,23.47519302368164,3751,0.0,0.0,0.0
2021-03-22 00:00:00+02:00,23.47519302368164,21.8653108662853,21.20134630637946,23.47519302368164,3194,0.0,0.0,0.0
2021-03-23 00:00:00+02:00,23.475192396208673,22.229125399925575,21.128582716068106,21.237728118896484,9081,0.0,0.0,0.0
2021-03-24 00:00:00+02:00,21.237728118896484,23.356953133384646,22.62022730241689,21.237728118896484,2550,0.0,0.0,0.0
2021-03-25 00:00:00+02:00,21.237729206634512,23.093187271289818,21.828929020648935,22.50198745727539,5575,0.0,0.0,0.0
2021-03-28 00:00:00+02:00,22.50198681060762,24.748546733223197,23.229618797936162,24.684879302978516,7940,0.0,0.0,0.0
2021-03-29 00:00:00+02:00,24.68487823609436,27.149728862742442,25.476177619467506,27.02239227294922,6590,0.0,0.0,0.0
2021-03-30 00:00:00+02:00,27.022391489223384,29.72372229307574,28.195697138332434,29.0688533782959,8280,0.0,0.0,0.0
2021-03-31 00:00:00+02:00,29.06885409148292,31.83385238881929,29.105236469777637,30.551403045654297,20551,0.0,0.0,0.0
2021-04-01 00:00:00+02:00,30.551403107929854,31.78837621555516,29.114330388890284,31.078933715820312,22882,0.0,0.0,0.0
2021-04-04 00:00:00+02:00,31.078935546190255,33.65293171874152,29.196190724900113,32.352291107177734,104614,0.0,0.0,0.0
2021-04-05 00:00:00+02:00,32.35229005968967,32.51600729707629,29.123428490546285,30.14211082458496,34417,0.0,0.0,0.0
2021-04-06 00:00:00+02:00,30.142111760059134,31.633754662884677,27.304352006644322,29.696439743041992,7531,0.0,0.0,0.0
2021-04-07 00:00:00+02:00,29.696437247963896,30.924312993691135,27.28615852384512,28.96880531311035,22443,0.0,0.0,0.0
2021-04-08 00:00:00+02:00,28.968804672013885,30.014773711985264,28.10474231062476,28.632274627685547,5675,0.0,0.0,0.0
2021-04-11 00:00:00+02:00,28.632278692620815,31.488229738568208,29.78739329157936,30.9606990814209,61065,0.0,0.0,0.0
2021-04-12 00:00:00+02:00,30.960696485870447,32.74339140757538,30.260351308854666,31.11531639099121,25367,0.0,0.0,0.0
2021-04-13 00:00:00+02:00,31.1153144284597,31.6064661013025,30.014773563826836,30.19668197631836,18310,0.0,0.0,0.0
2021-04-14 00:00:00+02:00,30.196684102184463,30.924314333761817,28.486750455766714,30.824264526367188,3570,0.0,0.0,0.0
2021-04-15 00:00:00+02:00,30.824264526367188,31.588277136927065,29.196189497852803,30.824264526367188,411,0.0,0.0,0.0
2021-04-18 00:00:00+02:00,30.824264963755038,30.91522091250199,29.196189912138717,29.359907150268555,3358,0.0,0.0,0.0
2021-04-19 00:00:00+02:00,29.359907184131547,31.651945050978146,30.014776137406198,31.32451057434082,3792,0.0,0.0,0.0
2021-04-20 00:00:00+02:00,31.324508584114305,33.56197620910526,30.605975716717907,31.9066162109375,14438,0.0,0.0,0.0
2021-04-21 00:00:00+02:00,31.906617441994204,35.0081440933503,30.978887604542653,33.69840621948242,82105,0.0,0.0,0.0
2021-04-22 00:00:00+02:00,33.69840166588497,34.553370100155135,32.60695474168497,33.48920822143555,54766,0.0,0.0,0.0
2021-04-25 00:00:00+02:00,33.48921312678372,35.37195787221864,32.934393989987164,34.4260368347168,25724,0.0,0.0,0.0
2021-04-26 00:00:00+02:00,34.42603614079047,35.69029776503697,32.76158223356589,34.93537902832031,3625,0.0,0.0,0.0
2021-04-27 00:00:00+02:00,34.935379053137105,38.18243172311182,35.65391541205179,36.572547912597656,189697,0.0,0.0,0.0
2021-04-28 00:00:00+02:00,36.572547782902085,38.00052316627564,35.472006864182376,36.63621520996094,82238,0.0,0.0,0.0
2021-05-04 00:00:00+02:00,36.63621683016635,39.610408722817255,34.1258916061607,37.1182746887207,67387,0.0,0.0,0.0
2021-05-05 00:00:00+02:00,37.11826993830208,36.83631173521829,35.34466904972057,36.254207611083984,26301,0.0,0.0,0.0
2021-05-06 00:00:00+02:00,36.25421078739796,37.29108428305682,34.68980321451502,36.37245178222656,26434,0.0,0.0,0.0
2021-05-09 00:00:00+02:00,36.37245055173895,37.74585232663183,35.10818896897322,36.41792678833008,57606,0.0,0.0,0.0
2021-05-10 00:00:00+02:00,36.41792631825177,37.09098293818735,35.49929039074224,36.281494140625,11023,0.0,0.0,0.0
2021-05-11 00:00:00+02:00,36.281498765547084,39.06468848092323,36.38154857927847,37.673091888427734,24990,0.0,0.0,0.0
2021-05-17 00:00:00+02:00,37.673091158821016,37.97324059420227,34.744378914246944,36.93636703491211,26720,0.0,0.0,0.0
2021-05-18 00:00:00+02:00,36.936365620037606,37.15465295593978,36.081397057179245,36.51797866821289,9665,0.0,0.0,0.0
2021-05-19 00:00:00+02:00,36.51797683370814,38.1187632718279,35.69939069116058,37.60032653808594,27498,0.0,0.0,0.0
2021-05-20 00:00:00+02:00,37.60032867702553,38.20062405917077,36.38154672301978,37.30927658081055,5111,0.0,0.0,0.0
2021-05-23 00:00:00+02:00,37.30927770702972,39.983320222829136,35.57205893735037,36.60893249511719,53226,0.0,0.0,0.0
2021-05-24 00:00:00+02:00,36.60892560482695,39.292064945563176,36.60892560482695,36.818119049072266,27540,0.0,0.0,0.0
2021-05-25 00:00:00+02:00,36.8181236086034,40.019700027127335,36.83631479769675,38.664485931396484,23958,0.0,0.0,0.0
2021-05-26 00:00:00+02:00,38.66448907886762,42.530028600706416,38.84639751499476,42.32083511352539,27568,0.0,0.0,0.0
2021-05-27 00:00:00+02:00,42.32083119888143,46.386469971353144,40.0196995831282,43.10303497314453,13801,0.0,0.0,0.0
2021-05-30 00:00:00+02:00,43.10303509084362,47.40515239142371,40.3744192027249,47.095909118652344,11636,0.0,0.0,0.0
2021-05-31 00:00:00+02:00,47.09590797626993,51.743650814765765,45.476930365533555,49.88819122314453,58383,0.0,0.0,0.0
2021-06-01 00:00:00+02:00,49.88819317883109,54.872467995544774,46.3864707912584,49.85181427001953,19469,0.0,0.0,0.0
2021-06-02 00:00:00+02:00,49.851814379558355,55.48185734282656,50.52487103384782,54.37221908569336,31483,0.0,0.0,0.0
2021-06-03 00:00:00+02:00,54.37221808970662,57.30093358312054,54.572317698210036,55.39999771118164,7930,0.0,0.0,0.0
2021-06-06 00:00:00+02:00,55.40000373396246,57.30093981256057,51.843707449459565,54.39041519165039,16712,0.0,0.0,0.0
2021-06-07 00:00:00+02:00,54.39041098381861,56.84616605115127,52.75324209546838,54.58141326904297,24037,0.0,0.0,0.0
2021-06-08 00:00:00+02:00,54.581409598251916,60.02044998387779,54.57231573892577,55.62738037109375,18847,0.0,0.0,0.0
2021-06-09 00:00:00+02:00,55.627384408639315,61.184662716935414,56.53692307030419,59.69301986694336,19804,0.0,0.0,0.0
2021-06-10 00:00:00+02:00,59.69301611179441,65.12296269062509,59.120009289114606,62.630828857421875,23822,0.0,0.0,0.0
2021-06-13 00:00:00+02:00,62.63083247291134,67.2149081366612,56.59149634588278,62.3670654296875,7683,0.0,0.0,0.0
2021-06-14 00:00:00+02:00,62.36706522656933,65.30487813221997,56.136726834579264,57.19179153442383,35407,0.0,0.0,0.0
2021-06-15 00:00:00+02:00,57.19178934535548,62.90369423312625,57.209980534092765,62.52168273925781,55955,0.0,0.0,0.0
2021-06-16 00:00:00+02:00,62.52168628883747,68.77021945545896,59.13820132312905,66.96932983398438,31251,0.0,0.0,0.0
2021-06-17 00:00:00+02:00,66.9693312386366,72.76309519137224,65.58683548326151,68.42459869384766,26232,0.0,0.0,0.0
2021-06-20 00:00:00+02:00,68.42460026534233,73.80906776775282,65.48678717625751,69.83438110351562,73525,0.0,0.0,0.0
2021-06-21 00:00:00+02:00,69.83437684043145,71.77169861723766,67.34224286800875,71.13501739501953,14665,0.0,0.0,0.0
2021-06-22 00:00:00+02:00,71.13501312079443,71.62616479782986,65.48677924373015,66.87837219238281,37041,0.0,0.0,0.0
2021-06-23 00:00:00+02:00,66.87837596508179,73.56348366881605,68.21539889367448,71.2623519897461,30466,0.0,0.0,0.0
2021-06-24 00:00:00+02:00,71.2623544425163,73.9454977215558,69.58880659621987,71.88993835449219,11580,0.0,0.0,0.0
2021-06-27 00:00:00+02:00,71.88993469945196,78.22032278011163,73.60896216820213,76.21024322509766,10754,0.0,0.0,0.0
2021-06-28 00:00:00+02:00,76.21024941695693,83.67756140053636,74.67312677502402,81.09447479248047,14465,0.0,0.0,0.0
2021-06-29 00:00:00+02:00,81.09447301466356,89.13479171170562,80.09397490325061,83.35922241210938,18447,0.0,0.0,0.0
2021-06-30 00:00:00+02:00,83.35922189710504,86.37889005478672,78.3658564577016,82.89535522460938,12682,0.0,0.0,0.0
2021-07-04 00:00:00+02:00,82.89535355114201,85.49663469377171,78.4931897339098,81.8857650756836,6777,0.0,0.0,0.0
2021-07-05 00:00:00+02:00,81.88575813632681,86.40616603829085,79.59372394309807,82.28595733642578,10594,0.0,0.0,0.0
2021-07-06 00:00:00+02:00,82.28596459027288,90.50819500028962,82.31324964009787,88.96197509765625,4719,0.0,0.0,0.0
2021-07-07 00:00:00+02:00,88.96197246995668,97.77540414303063,83.69574289317339,93.4914779663086,4392,0.0,0.0,0.0
2021-07-08 00:00:00+02:00,93.49148210543656,97.32063913009054,90.04432966242021,93.69158172607422,2653,0.0,0.0,0.0
2021-07-11 00:00:00+02:00,93.69157730364711,96.8658652161014,88.58906497515359,91.78154754638672,3642,0.0,0.0,0.0
2021-07-12 00:00:00+02:00,91.78154653744186,91.86340168335947,87.77047784598206,89.35307312011719,5133,0.0,0.0,0.0
2021-07-13 00:00:00+02:00,89.35307533214755,92.7729426105806,89.13478799840097,90.10799407958984,2207,0.0,0.0,0.0
2021-07-14 00:00:00+02:00,90.10800195464853,98.23018311375304,88.23435438618048,92.0726089477539,7680,0.0,0.0,0.0
2021-07-15 00:00:00+02:00,92.07260042746547,100.9587899687515,90.95386483671307,95.79261016845703,14322,0.0,0.0,0.0
2021-07-18 00:00:00+02:00,95.79260974106158,98.0482686322089,90.499095108752,92.70927429199219,8674,0.0,0.0,0.0
2021-07-25 00:00:00+02:00,92.70927924903889,99.85825393069301,89.58956125468228,95.0195083618164,2923,0.0,0.0,0.0
2021-07-26 00:00:00+02:00,95.01951072979946,93.31867083349061,85.52392431830295,90.40814971923828,11208,0.0,0.0,0.0
2021-07-27 00:00:00+02:00,90.40814075684324,91.80883107273236,86.40616941704985,89.20755004882812,6825,0.0,0.0,0.0
2021-07-28 00:00:00+02:00,89.20754934813976,90.94476450069101,84.79628843723745,87.6886215209961,7189,0.0,0.0,0.0
2021-07-29 00:00:00+02:00,87.688622336499,90.95386267572769,84.78719189659,89.14388275146484,29862,0.0,0.0,0.0
2021-08-01 00:00:00+02:00,89.14389311871524,94.86489257906639,85.49664085826653,92.0726089477539,3223,0.0,0.0,0.0
2021-08-02 00:00:00+02:00,92.07260055293611,100.95879010633165,86.40617171262619,95.72894287109375,50556,0.0,0.0,0.0
2021-08-03 00:00:00+02:00,95.72893950176723,94.59201622977474,86.16059629793922,89.58955383300781,4257,0.0,0.0,0.0
2021-08-04 00:00:00+02:00,89.58956192157036,86.86094582243624,80.63060711725925,82.97721862792969,17707,0.0,0.0,0.0
2021-08-05 00:00:00+02:00,82.97721862792969,82.75892434375366,77.53817415039465,82.97721862792969,1035,0.0,0.0,0.0
2021-08-08 00:00:00+02:00,82.97721862792969,82.97721862792969,82.97721862792969,82.97721862792969,0,0.0,0.0,0.0
2021-08-09 00:00:00+02:00,82.97721862792969,82.97721862792969,82.97721862792969,82.97721862792969,0,0.0,0.0,0.0
2021-08-10 00:00:00+02:00,92.93666717531094,95.50156610161368,83.65027762804256,88.58907318115234,14293,0.0,0.0,0.0
2021-08-11 00:00:00+02:00,88.58906415130292,82.7498277988391,79.73015981794136,80.4577865600586,5827,0.0,0.0,0.0
2021-08-15 00:00:00+02:00,80.45778303427623,72.41746520996094,72.41746520996094,72.41746520996094,3006,0.0,0.0,0.0
2021-08-16 00:00:00+02:00,72.41747315115275,77.31078881571918,65.7141704933613,70.85306549072266,23286,0.0,0.0,0.0
2021-08-17 00:00:00+02:00,70.85306553048649,77.9383727774581,68.21540193450635,75.83733367919922,26353,0.0,0.0,0.0
2021-08-18 00:00:00+02:00,75.8373302986052,75.26432344602084,68.96122031067615,71.2623519897461,6181,0.0,0.0,0.0
2021-08-19 00:00:00+02:00,71.26235975386962,75.79186578716582,71.34422184986019,73.62715911865234,8069,0.0,0.0,0.0
2021-08-22 00:00:00+02:00,73.62715228194924,74.3729737109553,70.94401599130322,72.526611328125,4611,0.0,0.0,0.0
2021-08-23 00:00:00+02:00,72.52661145282408,75.12789259878274,71.08044830134497,73.90001678466797,3477,0.0,0.0,0.0
2021-08-24 00:00:00+02:00,73.9000126236103,72.93590391024323,67.53324230526849,70.36190795898438,6013,0.0,0.0,0.0
2021-08-25 00:00:00+02:00,70.36191411633146,72.76309571995151,65.48678614795635,71.062255859375,8133,0.0,0.0,0.0
2021-08-26 00:00:00+02:00,71.06225141937718,72.76309117368454,63.95875686409955,67.31495666503906,11421,0.0,0.0,0.0
2021-08-29 00:00:00+02:00,67.31495992120625,70.03447864238744,63.66770785671585,65.80512237548828,36218,0.0,0.0,0.0
2021-08-30 00:00:00+02:00,65.80512148094815,69.93442788137266,61.9395821279091,66.56913757324219,22121,0.0,0.0,0.0
2021-08-31 00:00:00+02:00,66.56913959070332,70.03447981283698,61.130095118211585,64.5772476196289,3540,0.0,0.0,0.0
2021-09-01 00:00:00+02:00,64.57724402917609,69.97080849115392,63.676802710344994,68.11534881591797,24381,0.0,0.0,0.0
2021-09-02 00:00:00+02:00,68.11534909561672,72.76309216264393,65.94155227239607,69.42508697509766,16195,0.0,0.0,0.0
2021-09-05 00:00:00+02:00,69.42508374755741,76.76506005066283,69.12493434092531,72.11731719970703,15515,0.0,0.0,0.0
2021-09-06 00:00:00+02:00,72.11732371739429,80.8488937722649,68.2154018962228,70.85306549072266,17164,0.0,0.0,0.0
2021-09-07 00:00:00+02:00,70.85305649397857,74.58216326961352,69.57970109909066,73.05413818359375,21865,0.0,0.0,0.0
2021-09-08 00:00:00+02:00,73.05413731766845,75.48260362261321,68.23358014388491,70.8166732788086,7021,0.0,0.0,0.0
2021-09-09 00:00:00+02:00,70.81668064030163,77.20163898182429,65.94155286635421,69.50694274902344,13452,0.0,0.0,0.0
2021-09-12 00:00:00+02:00,69.50694684289786,74.0364526908645,66.49637592078562,72.19918060302734,15638,0.0,0.0,0.0
2021-09-13 00:00:00+02:00,72.19917323679537,82.76801451092871,69.32503480283692,75.00965118408203,31585,0.0,0.0,0.0
2021-09-14 00:00:00+02:00,75.00965161375514,81.38551932646624,73.24514445835587,76.65591430664062,12990,0.0,0.0,0.0
2021-09-15 00:00:00+02:00,76.65591716915267,83.66845940638346,74.58217013423359,77.09249877929688,33961,0.0,0.0,0.0
2021-09-16 00:00:00+02:00,77.09249128284733,80.76702794534532,74.80954752482018,77.42901611328125,14780,0.0,0.0,0.0
2021-09-19 00:00:00+02:00,77.42901975524423,86.39707104946625,75.49170500445709,77.8837890625,34805,0.0,0.0,0.0
2021-09-20 00:00:00+02:00,77.88379333872874,77.61093590293133,71.86265182117666,76.5831527709961,20274,0.0,0.0,0.0
2021-09-21 00:00:00+02:00,76.5831527709961,76.5831527709961,76.5831527709961,76.5831527709961,0,0.0,0.0,0.0
2021-09-22 00:00:00+02:00,74.9914597388756,76.75596695977173,71.48973728583505,72.78128051757812,18178,0.0,0.0,0.0
2021-09-23 00:00:00+02:00,72.78127683644807,75.38255782753448,71.39878119647764,73.42705535888672,6768,0.0,0.0,0.0
2021-09-26 00:00:00+02:00,73.42705270994263,74.36387633825619,71.40787594950088,72.8631362915039,7179,0.0,0.0,0.0
2021-09-27 00:00:00+02:00,72.86314313055216,75.93738132528816,70.94401598904354,73.24514770507812,37295,0.0,0.0,0.0
2021-09-28 00:00:00+02:00,73.24514770507812,73.66353465897267,71.04406579749977,73.24514770507812,3604,0.0,0.0,0.0
2021-09-29 00:00:00+02:00,73.2451427493803,76.94696459411097,72.53570374776655,74.92778778076172,56585,0.0,0.0,0.0
2021-09-30 00:00:00+02:00,74.92778857224457,73.67262778222536,68.21539609465312,71.92631530761719,27058,0.0,0.0,0.0
2021-10-03 00:00:00+02:00,71.92631530761719,71.84445322390457,68.91573777463083,71.92631530761719,108,0.0,0.0,0.0
2021-10-04 00:00:00+02:00,71.92631530761719,71.92631530761719,66.39631886546236,71.92631530761719,1977,0.0,0.0,0.0
2021-10-05 00:00:00+02:00,71.92632172212853,71.1714029392745,66.14165506227725,70.00719451904297,14775,0.0,0.0,0.0
2021-10-06 00:00:00+02:00,70.00718601450441,69.73432166324754,59.711209507406046,62.148773193359375,8165,0.0,0.0,0.0
2021-10-10 00:00:00+02:00,62.14877434212901,64.55905302535444,58.43785518043144,63.08559799194336,8919,0.0,0.0,0.0
2021-10-11 00:00:00+02:00,63.0856008300916,65.35944743746448,60.056835483655924,62.08510971069336,10960,0.0,0.0,0.0
2021-10-12 00:00:00+02:00,62.08511048107779,62.7490698127011,56.85525974961087,60.26603317260742,16365,0.0,0.0,0.0
2021-10-13 00:00:00+02:00,60.266028572438245,58.63795367292243,53.753728974374965,56.136722564697266,20825,0.0,0.0,0.0
2021-10-14 00:00:00+02:00,56.13672681134474,56.46416128178418,50.934164602394866,55.03618240356445,17821,0.0,0.0,0.0
2021-10-17 00:00:00+02:00,55.0361832620116,58.210474739267745,52.753242732461395,54.26307678222656,18328,0.0,0.0,0.0
2021-10-18 00:00:00+02:00,54.26307678222656,54.26307678222656,54.26307678222656,54.26307678222656,0,0.0,0.0,0.0
2021-10-19 00:00:00+02:00,51.698178706023256,51.83461089585869,41.36581874687661,41.374916076660156,8964,0.0,0.0,0.0
2021-10-20 00:00:00+02:00,41.374916076660156,41.374916076660156,33.10720933730907,41.374916076660156,3265,0.0,0.0,0.0
2021-10-24 00:00:00+02:00,41.374916076660156,41.374916076660156,34.107700497386524,41.374916076660156,1643,0.0,0.0,0.0
2021-10-25 00:00:00+02:00,41.374916076660156,41.374916076660156,35.46291465711316,41.374916076660156,4317,0.0,0.0,0.0
2021-10-26 00:00:00+02:00,41.37491571884326,40.47447090686897,33.198161530353204,35.60844039916992,20462,0.0,0.0,0.0
2021-10-27 00:00:00+02:00,35.60844039916992,37.8822870793311,31.379084186224258,35.60844039916992,2614,0.0,0.0,0.0
2021-10-28 00:00:00+02:00,35.60843955541787,38.20062332153321,30.560497269380722,36.38154602050781,16534,0.0,0.0,0.0
2021-10-31 00:00:00+02:00,36.38154665629069,43.65785598754883,34.56246932347615,43.65785598754883,37873,0.0,0.0,0.0
2021-11-01 00:00:00+02:00,43.6578559108592,52.389425705185175,43.83976433774404,52.36214065551758,51721,0.0,0.0,0.0
2021-11-02 00:00:00+02:00,52.36214152035515,57.30093682941172,53.208012770168025,56.43687438964844,35674,0.0,0.0,0.0
2021-11-03 00:00:00+02:00,56.43687385541608,61.83044192294773,52.80781650022363,57.41007995605469,81049,0.0,0.0,0.0
2021-11-04 00:00:00+02:00,57.41007922657025,60.8390403898615,51.84370360091181,59.75668716430664,34569,0.0,0.0,0.0
2021-11-07 00:00:00+02:00,59.75668716430664,59.75668716430664,59.75668716430664,59.75668716430664,0,0.0,0.0,0.0
2021-11-08 00:00:00+02:00,59.75668716430664,59.75668716430664,59.75668716430664,59.75668716430664,0,0.0,0.0,0.0
2021-11-09 00:00:00+02:00,59.75668716430664,59.75668716430664,59.75668716430664,59.75668716430664,0,0.0,0.0,0.0
2021-11-10 00:00:00+02:00,56.61877778650956,56.61877778650956,45.66793222208202,50.86139678955078,17281,0.0,0.0,0.0
2021-11-11 00:00:00+02:00,50.861399351289705,58.48333763574375,50.861399351289705,57.837562561035156,25958,0.0,0.0,0.0
2021-11-14 00:00:00+02:00,57.837564850347086,60.393369792433866,56.39139820910323,56.76430892944336,18204,0.0,0.0,0.0
2021-11-15 00:00:00+02:00,56.76430892944336,57.75570623029122,50.02462744355932,56.76430892944336,3460,0.0,0.0,0.0
2021-11-16 00:00:00+02:00,56.76431215348777,54.57232394706525,45.41326918885199,45.877132415771484,6818,0.0,0.0,0.0
2021-11-17 00:00:00+02:00,45.87712586697628,53.66277755444509,45.495121319291755,48.50569534301758,19346,0.0,0.0,0.0
2021-11-18 00:00:00+02:00,48.50569534301758,50.73406214373944,46.99585793184233,48.50569534301758,1520,0.0,0.0,0.0
2021-11-21 00:00:00+02:00,48.505694558738355,52.38942127586007,45.41326197199331,47.577964782714844,8644,0.0,0.0,0.0
2021-11-22 00:00:00+02:00,47.57796832924508,57.07355064579497,46.841240769058814,52.6168098449707,14265,0.0,0.0,0.0
2021-11-23 00:00:00+02:00,52.61680649138175,61.3847580184518,52.86238232912513,59.88401794433594,12070,0.0,0.0,0.0
2021-11-24 00:00:00+02:00,59.88402197343065,60.02955148969025,50.61582775756195,56.873451232910156,23622,0.0,0.0,0.0
2021-11-25 00:00:00+02:00,56.873451232910156,57.27365046339479,53.7173544457447,56.873451232910156,2734,0.0,0.0,0.0
2021-11-28 00:00:00+02:00,56.873451232910156,56.873451232910156,56.873451232910156,56.873451232910156,0,0.0,0.0,0.0
2021-11-29 00:00:00+02:00,56.873451232910156,54.54503448659069,51.85279741923685,56.873451232910156,1369,0.0,0.0,0.0
2021-11-30 00:00:00+02:00,56.873451232910156,54.56322567612314,51.84370355927794,56.873451232910156,2569,0.0,0.0,0.0
2021-12-01 00:00:00+02:00,56.87345097146576,57.30093524947663,50.115578489077365,55.363616943359375,14860,0.0,0.0,0.0
2021-12-02 00:00:00+02:00,55.36361402144306,56.4823460913931,52.75323919155965,54.91794204711914,10225,0.0,0.0,0.0
2021-12-05 00:00:00+02:00,54.91794204711914,56.84616292193928,51.38893128143311,54.91794204711914,4027,0.0,0.0,0.0
2021-12-06 00:00:00+02:00,54.91794797612585,54.572322296754265,50.49758931495039,52.53495407104492,9995,0.0,0.0,0.0
2021-12-07 00:00:00+02:00,52.53495407104492,52.53495407104492,45.54060267907225,52.53495407104492,5362,0.0,0.0,0.0
2021-12-08 00:00:00+02:00,52.53495407104492,52.55314526149762,45.476935247295216,52.53495407104492,4167,0.0,0.0,0.0
2021-12-09 00:00:00+02:00,52.53495407104492,52.53495407104492,43.65785783740341,52.53495407104492,4782,0.0,0.0,0.0
2021-12-12 00:00:00+02:00,52.53495407104492,47.29601265718703,43.65785783740341,52.53495407104492,4031,0.0,0.0,0.0
2021-12-13 00:00:00+02:00,52.53495407104492,48.64212952415319,45.74979616485603,52.53495407104492,5433,0.0,0.0,0.0
2021-12-14 00:00:00+02:00,52.53495407104492,52.53495407104492,52.53495407104492,52.53495407104492,0,0.0,0.0,0.0
2021-12-15 00:00:00+02:00,50.370251487552544,57.20998256264184,50.02462582851797,52.54404830932617,48766,0.0,0.0,0.0
2021-12-16 00:00:00+02:00,52.54404850258201,55.4818579411446,48.796750216409905,50.452110290527344,26632,0.0,0.0,0.0
2021-12-19 00:00:00+02:00,50.452108112277514,49.93367137900945,45.58607443756301,46.886714935302734,13363,0.0,0.0,0.0
2021-12-20 00:00:00+02:00,46.886714935302734,46.886714935302734,46.886714935302734,46.886714935302734,0,0.0,0.0,0.0
2021-12-21 00:00:00+02:00,46.54108899852755,47.659824541853716,45.93169979537024,46.09541702270508,21551,0.0,0.0,0.0
2021-12-22 00:00:00+02:00,46.09541870192297,47.296009433038634,45.204071248192534,45.467838287353516,25639,0.0,0.0,0.0
2021-12-23 00:00:00+02:00,45.46783905914424,48.20554889424348,45.040354779428036,45.28593063354492,21563,0.0,0.0,0.0
2021-12-26 00:00:00+02:00,45.28592855663396,47.24143450070263,44.885729344746544,45.18587875366211,37740,0.0,0.0,0.0
2021-12-27 00:00:00+02:00,45.18587968167844,46.38647040276919,43.65785449672394,43.830665588378906,13726,0.0,0.0,0.0
2021-12-28 00:00:00+02:00,43.8306678499361,45.88622721486959,43.839765179743125,44.19448471069336,11822,0.0,0.0,0.0
2021-12-29 00:00:00+02:00,44.1944815774187,45.185878809599274,43.65785365413537,43.68513870239258,6894,0.0,0.0,0.0
2021-12-30 00:00:00+02:00,43.685139069732884,45.4769312721315,44.11262333396756,44.60377502441406,21205,0.0,0.0,0.0
2022-01-02 00:00:00+02:00,44.60377632694886,47.93268765449631,44.794778611162045,47.44153594970703,46108,0.0,0.0,0.0
2022-01-03 00:00:00+02:00,47.44153691376344,49.84271844870805,47.45972810352692,48.2419319152832,56729,0.0,0.0,0.0
2022-01-04 00:00:00+02:00,48.241933310152504,49.206042108190516,45.476934839220355,47.41425323486328,33470,0.0,0.0,0.0
2022-01-05 00:00:00+02:00,47.41424899770994,47.91449454231418,46.47742186440309,46.886714935302734,20686,0.0,0.0,0.0
2022-01-09 00:00:00+02:00,46.886714935302734,46.886714935302734,46.886714935302734,46.886714935302734,0,0.0,0.0,0.0
2022-01-10 00:00:00+02:00,46.22275440679555,47.2050578246528,44.59467937328101,44.89482879638672,19990,0.0,0.0,0.0
2022-01-11 00:00:00+02:00,44.89483089436275,45.38598262624334,44.15810329654186,44.276344299316406,16580,0.0,0.0,0.0
2022-01-12 00:00:00+02:00,44.27633916496618,45.8862228974804,43.6760438299282,43.994380950927734,21219,0.0,0.0,0.0
2022-01-13 00:00:00+02:00,43.99438327017376,44.83116062745031,42.75741015831297,43.24856185913086,20041,0.0,0.0,0.0
2022-01-16 00:00:00+02:00,43.24856206212121,43.52142296287365,40.929239201303595,42.59369659423828,15950,0.0,0.0,0.0
2022-01-17 00:00:00+02:00,42.593697550825645,43.14851322464957,41.79330255031024,42.1571159362793,17293,0.0,0.0,0.0
2022-01-18 00:00:00+02:00,42.15711305822789,44.34000710347554,42.15711305822789,43.73971176147461,22492,0.0,0.0,0.0
2022-01-19 00:00:00+02:00,43.73971316667109,44.7038253703915,43.29403770816994,43.4395637512207,16071,0.0,0.0,0.0
2022-01-20 00:00:00+02:00,43.439563592898025,43.29403755037766,41.38400780859597,41.66596603393555,32003,0.0,0.0,0.0
2022-01-23 00:00:00+02:00,41.66596744822622,43.339518728824025,41.02019235985855,41.36581802368164,31392,0.0,0.0,0.0
2022-01-24 00:00:00+02:00,41.36581802368164,41.36581802368164,39.86508130980271,41.36581802368164,5531,0.0,0.0,0.0
2022-01-25 00:00:00+02:00,41.36581802368164,41.6932524978704,39.28297365034789,41.36581802368164,6582,0.0,0.0,0.0
2022-01-26 00:00:00+02:00,41.36581802368164,41.36581802368164,39.373929598519574,41.36581802368164,5197,0.0,0.0,0.0
2022-01-30 00:00:00+02:00,41.36581995862265,40.0197030892472,37.66399770043647,37.991432189941406,13857,0.0,0.0,0.0
2022-01-31 00:00:00+02:00,37.9914317920155,40.419898447716434,36.48159769370173,39.42850112915039,39707,0.0,0.0,0.0
2022-02-01 00:00:00+02:00,39.428495373833414,39.47397507773899,38.528054138176984,38.673580169677734,8214,0.0,0.0,0.0
2022-02-02 00:00:00+02:00,38.67358613499527,39.59221869998817,37.99143210656204,38.38253402709961,12868,0.0,0.0,0.0
2022-02-03 00:00:00+02:00,38.38253402709961,38.99192329375152,37.29108688768347,38.38253402709961,4788,0.0,0.0,0.0
2022-02-06 00:00:00+02:00,38.382530633992126,37.44570349175684,35.481100202329344,35.972251892089844,35703,0.0,0.0,0.0
2022-02-07 00:00:00+02:00,35.972251892089844,36.82722041936505,34.662517522343016,35.972251892089844,7105,0.0,0.0,0.0
2022-02-08 00:00:00+02:00,35.972251432650296,36.02682499846483,33.98945697970997,34.526084899902344,11585,0.0,0.0,0.0
2022-02-09 00:00:00+02:00,34.52608780913966,35.444723828211,32.579675569400436,32.80706024169922,14362,0.0,0.0,0.0
2022-02-10 00:00:00+02:00,32.80705627195422,33.65292742812211,30.52411596494705,33.26182556152344,20121,0.0,0.0,0.0
2022-02-13 00:00:00+02:00,33.26182868927051,33.64383673262989,29.56910046166482,29.9783935546875,15619,0.0,0.0,0.0
2022-02-14 00:00:00+02:00,29.9783935546875,29.9783935546875,27.286159939983328,29.9783935546875,7925,0.0,0.0,0.0
2022-02-15 00:00:00+02:00,29.978393367699525,31.651944639031104,28.19569842878089,28.79599380493164,27413,0.0,0.0,0.0
2022-02-16 00:00:00+02:00,28.795995577164845,30.014777594009207,28.650469521554243,28.859663009643555,10653,0.0,0.0,0.0
2022-02-17 00:00:00+02:00,28.859663009643555,28.786899981838253,28.195700164069255,28.859663009643555,2125,0.0,0.0,0.0
2022-02-20 00:00:00+02:00,28.859658961470533,28.559511297024752,27.7409269153369,27.84097671508789,13710,0.0,0.0,0.0
2022-02-21 00:00:00+02:00,27.84097671508789,29.096139202368303,27.859166168382195,27.84097671508789,3394,0.0,0.0,0.0
2022-02-22 00:00:00+02:00,27.84097671508789,28.19569620903095,26.885960157446082,27.84097671508789,3510,0.0,0.0,0.0
2022-02-23 00:00:00+02:00,27.840978387911434,28.195697903167794,27.0223922222317,27.313446044921875,16109,0.0,0.0,0.0
2022-02-24 00:00:00+02:00,27.31344627023478,26.376620836677336,22.974946495572375,23.293285369873047,14916,0.0,0.0,0.0
2022-02-27 00:00:00+02:00,23.29328580012511,26.04918684886091,23.92996182567924,25.166934967041016,23701,0.0,0.0,0.0
2022-02-28 00:00:00+02:00,25.166934967041016,26.23109527605199,23.648005324859657,25.166934967041016,8276,0.0,0.0,0.0
2022-03-01 00:00:00+02:00,25.16693406588005,25.867279230238694,24.55754311186012,25.512557983398438,28314,0.0,0.0,0.0
2022-03-02 00:00:00+02:00,25.512556926162194,26.60400393538283,25.467080690280998,25.558034896850586,22972,0.0,0.0,0.0
2022-03-03 00:00:00+02:00,25.55803774447724,27.10425248920764,25.467083527773713,25.476179122924805,21807,0.0,0.0,0.0
2022-03-06 00:00:00+02:00,25.476179122924805,25.921852876483957,24.80312069501053,25.476179122924805,8668,0.0,0.0,0.0
2022-03-07 00:00:00+02:00,25.476179122924805,25.83089865978043,24.10277548164298,25.476179122924805,8580,0.0,0.0,0.0
2022-03-08 00:00:00+02:00,25.476179122924805,25.476179122924805,25.476179122924805,25.476179122924805,0,0.0,0.0,0.0
2022-03-09 00:00:00+02:00,25.476179122924805,25.476179122924805,23.738960349636262,25.476179122924805,10882,0.0,0.0,0.0
2022-03-10 00:00:00+02:00,25.476179122924805,25.476179122924805,23.929962643387015,25.476179122924805,2471,0.0,0.0,0.0
2022-03-13 00:00:00+02:00,25.476179122924805,25.476179122924805,23.14776054327442,25.476179122924805,2398,0.0,0.0,0.0
2022-03-14 00:00:00+02:00,25.476179122924805,25.476179122924805,25.476179122924805,25.476179122924805,2890,0.0,0.0,0.0
2022-03-15 00:00:00+02:00,25.476179122924805,25.476179122924805,22.01083717149881,25.476179122924805,221,0.0,0.0,0.0
2022-03-16 00:00:00+02:00,25.476179122924805,24.466590613649696,22.110885248546037,25.476179122924805,9584,0.0,0.0,0.0
2022-03-17 00:00:00+02:00,25.476179122924805,25.476179122924805,23.702577969031893,25.476179122924805,4122,0.0,0.0,0.0
2022-03-20 00:00:00+02:00,25.476179122924805,24.466590613649696,22.374652303505528,25.476179122924805,3363,0.0,0.0,0.0
2022-03-21 00:00:00+02:00,25.476179122924805,25.23969885341859,23.648006132932736,25.476179122924805,8017,0.0,0.0,0.0
2022-03-22 00:00:00+02:00,25.47617728808768,27.013298061768356,23.884484682238202,25.90365982055664,12208,0.0,0.0,0.0
2022-03-23 00:00:00+02:00,25.9036608731067,27.922837828278137,25.467082728402136,27.295255661010742,51464,0.0,0.0,0.0
2022-03-24 00:00:00+02:00,27.295255363951302,32.74339172302163,27.37711398204344,31.870235443115234,70188,0.0,0.0,0.0
2022-03-27 00:00:00+02:00,31.87023524034987,34.78985348436987,29.560006228549565,29.96929931640625,29382,0.0,0.0,0.0
2022-03-28 00:00:00+02:00,29.969296948559034,32.379572107299865,28.395793884414523,28.786895751953125,23225,0.0,0.0,0.0
2022-03-29 00:00:00+02:00,28.786898210164832,31.724709397165565,28.650467758277358,28.79599380493164,18352,0.0,0.0,0.0
2022-03-30 00:00:00+02:00,28.795994427836067,29.823774106222732,27.740929699366077,28.41398811340332,18103,0.0,0.0,0.0
2022-03-31 00:00:00+02:00,28.41398811340332,29.00518790757588,23.73895986018949,28.41398811340332,8399,0.0,0.0,0.0
2022-04-03 00:00:00+02:00,28.41398811340332,28.195699038699946,27.286160360032206,28.41398811340332,1553,0.0,0.0,0.0
2022-04-04 00:00:00+02:00,28.41398811340332,28.059268583861257,26.376621681364465,28.41398811340332,2889,0.0,0.0,0.0
2022-04-05 00:00:00+02:00,28.41398811340332,28.195699038699946,25.55803721752497,28.41398811340332,6362,0.0,0.0,0.0
2022-04-06 00:00:00+02:00,28.41398811340332,28.959711667565436,27.65907107950139,28.41398811340332,6483,0.0,0.0,0.0
2022-04-07 00:00:00+02:00,28.41398766091789,29.560006585966068,27.913742089539856,28.89604377746582,18802,0.0,0.0,0.0
2022-04-10 00:00:00+02:00,28.89604377746582,30.014775918057854,26.385716856142285,28.89604377746582,5168,0.0,0.0,0.0
2022-04-11 00:00:00+02:00,28.896041731412247,26.831388693554494,23.12047127583823,23.1750431060791,29250,0.0,0.0,0.0
2022-04-12 00:00:00+02:00,23.175043234777373,24.239203471823643,22.738465120811526,23.76624298095703,13878,0.0,0.0,0.0
2022-04-13 00:00:00+02:00,23.76624298095703,24.78492698168456,22.847610516706595,23.76624298095703,4160,0.0,0.0,0.0
2022-04-14 00:00:00+02:00,23.76624298095703,23.52066887610575,21.856213298654634,23.76624298095703,5342,0.0,0.0,0.0
2022-04-17 00:00:00+02:00,23.766242017206693,22.283694914764066,20.009848494890182,20.15537452697754,20015,0.0,0.0,0.0
2022-04-18 00:00:00+02:00,20.15537526278365,22.356458746968137,19.10031062422982,22.129074096679688,14089,0.0,0.0,0.0
2022-04-19 00:00:00+02:00,22.129074096679688,23.529764375164,21.374157127114323,22.129074096679688,3205,0.0,0.0,0.0
2022-04-20 00:00:00+02:00,22.129075342144606,24.97593056066706,22.529272834922143,24.43930435180664,50142,0.0,0.0,0.0
2022-04-21 00:00:00+02:00,24.43930353563025,29.32352669892057,25.285172996823608,27.795499801635742,31577,0.0,0.0,0.0
2022-04-26 00:00:00+02:00,27.795502952126057,29.241671398565504,26.476672841671697,28.013792037963867,19258,0.0,0.0,0.0
2022-04-27 00:00:00+02:00,28.013792037963867,29.005189387065236,26.849583580162218,28.013792037963867,9769,0.0,0.0,0.0
2022-04-28 00:00:00+02:00,28.013792037963867,28.641374244002222,26.376623026776574,28.013792037963867,7677,0.0,0.0,0.0
2022-05-08 00:00:00+02:00,28.01378900753889,31.724708269770872,27.286158800125122,29.105236053466797,11804,0.0,0.0,0.0
2022-05-09 00:00:00+02:00,29.105236053466797,29.469052891980937,27.840977917532655,29.105236053466797,5767,0.0,0.0,0.0
2022-05-10 00:00:00+02:00,29.105236053466797,29.105236053466797,27.586306477534208,29.105236053466797,4452,0.0,0.0,0.0
2022-05-11 00:00:00+02:00,29.105236053466797,28.19569742679596,27.668165092719164,29.105236053466797,4104,0.0,0.0,0.0
2022-05-12 00:00:00+02:00,29.105235684671758,28.195697069525764,26.676767512839668,27.431684494018555,14417,0.0,0.0,0.0
2022-05-15 00:00:00+02:00,27.431684494018555,28.195697069525764,26.38571543356211,27.431684494018555,9350,0.0,0.0,0.0
2022-05-16 00:00:00+02:00,27.431684494018555,28.195697069525764,27.286158454379773,27.431684494018555,5037,0.0,0.0,0.0
2022-05-17 00:00:00+02:00,27.431685415646573,29.423573800676976,28.195698016822476,28.723230361938477,26415,0.0,0.0,0.0
2022-05-18 00:00:00+02:00,28.723230361938477,28.377606439886183,28.195698016822476,28.723230361938477,2443,0.0,0.0,0.0
2022-05-19 00:00:00+02:00,28.723230361938477,28.195698016822476,27.304350560386354,28.723230361938477,4909,0.0,0.0,0.0
2022-05-22 00:00:00+02:00,28.723230361938477,28.413987083614547,27.286159371118526,28.723230361938477,1008,0.0,0.0,0.0
2022-05-23 00:00:00+02:00,28.723230361938477,27.286159371118526,27.013298471330256,28.723230361938477,1369,0.0,0.0,0.0
2022-05-24 00:00:00+02:00,28.723230361938477,28.723230361938477,26.467574936946427,28.723230361938477,2689,0.0,0.0,0.0
2022-05-25 00:00:00+02:00,28.723230361938477,28.723230361938477,24.284682534218405,28.723230361938477,5972,0.0,0.0,0.0
2022-05-26 00:00:00+02:00,28.723230361938477,28.723230361938477,25.01231275685865,28.723230361938477,1002,0.0,0.0,0.0
2022-05-29 00:00:00+02:00,28.723230361938477,25.157838801386696,25.157838801386696,28.723230361938477,50,0.0,0.0,0.0
2022-05-30 00:00:00+02:00,28.723230361938477,26.376620725414575,25.476177674344537,28.723230361938477,1890,0.0,0.0,0.0
2022-05-31 00:00:00+02:00,28.723230361938477,27.96831335539649,25.739942979498892,28.723230361938477,5241,0.0,0.0,0.0
2022-06-01 00:00:00+02:00,28.723230361938477,26.24019027552044,26.067377447090646,28.723230361938477,575,0.0,0.0,0.0
2022-06-02 00:00:00+02:00,28.723230361938477,26.740435836734697,25.476177674344537,28.723230361938477,1235,0.0,0.0,0.0
2022-06-05 00:00:00+02:00,28.723230361938477,28.723230361938477,28.723230361938477,28.723230361938477,0,0.0,0.0,0.0
2022-06-06 00:00:00+02:00,26.76772117614746,26.69495815781001,26.64038632775872,26.76772117614746,390,0.0,0.0,0.0
2022-06-07 00:00:00+02:00,26.76772117614746,27.67725977276922,26.64038632775872,26.76772117614746,3108,0.0,0.0,0.0
2022-06-08 00:00:00+02:00,26.76772283047108,28.286652450095996,27.377113797262087,27.61359405517578,10181,0.0,0.0,0.0
2022-06-09 00:00:00+02:00,27.613592292180922,29.560004329838115,28.09564663712937,28.759611129760742,17606,0.0,0.0,0.0
2022-06-12 00:00:00+02:00,28.759611129760742,28.96880459020279,27.36801645524085,28.759611129760742,5448,0.0,0.0,0.0
2022-06-13 00:00:00+02:00,28.759611129760742,28.16840965531822,27.28615784292749,28.759611129760742,6193,0.0,0.0,0.0
2022-06-14 00:00:00+02:00,28.759611129760742,27.686355310369777,26.831388545545366,28.759611129760742,4826,0.0,0.0,0.0
2022-06-15 00:00:00+02:00,28.759611129760742,28.150220201876405,26.413001624661266,28.759611129760742,3070,0.0,0.0,0.0
2022-06-16 00:00:00+02:00,28.759611129760742,27.713640357936097,26.776816715605527,28.759611129760742,1056,0.0,0.0,0.0
2022-06-19 00:00:00+02:00,28.759611129760742,26.840484139669872,26.37661924816324,28.759611129760742,1179,0.0,0.0,0.0
2022-06-20 00:00:00+02:00,28.759611129760742,26.831388545545366,26.37661924816324,28.759611129760742,1563,0.0,0.0,0.0
2022-06-21 00:00:00+02:00,28.759611129760742,27.18610804236512,26.37661924816324,28.759611129760742,1746,0.0,0.0,0.0
2022-06-22 00:00:00+02:00,28.759611129760742,26.813197357296353,25.70356089621456,28.759611129760742,1696,0.0,0.0,0.0
2022-06-23 00:00:00+02:00,28.759611129760742,26.103758363656844,25.44888946514998,28.759611129760742,6637,0.0,0.0,0.0
2022-06-26 00:00:00+02:00,28.759611129760742,25.739941537905388,25.203313628209905,28.759611129760742,7257,0.0,0.0,0.0
2022-06-27 00:00:00+02:00,28.759611129760742,25.10326556245473,24.55754205863474,28.759611129760742,4293,0.0,0.0,0.0
2022-06-28 00:00:00+02:00,28.759611129760742,25.46708065339899,24.102772761252616,28.759611129760742,5818,0.0,0.0,0.0
2022-06-29 00:00:00+02:00,28.759611129760742,25.148741798270066,24.33015740994368,28.759611129760742,1533,0.0,0.0,0.0
2022-07-03 00:00:00+02:00,28.759611129760742,24.648496265072605,24.111868355377123,28.759611129760742,9863,0.0,0.0,0.0
2022-07-04 00:00:00+02:00,28.759611129760742,26.067375987158822,24.55754205863474,28.759611129760742,4650,0.0,0.0,0.0
2022-07-05 00:00:00+02:00,28.759611129760742,25.012311356016866,24.87588091376367,28.759611129760742,1346,0.0,0.0,0.0
2022-07-06 00:00:00+02:00,28.759611129760742,24.912261555454496,24.19372696769048,28.759611129760742,2003,0.0,0.0,0.0
2022-07-07 00:00:00+02:00,28.759611129760742,25.476176247523497,24.466587852196877,28.759611129760742,599,0.0,0.0,0.0
2022-07-17 00:00:00+02:00,28.759611129760742,24.648496265072605,24.339253004068187,28.759611129760742,2155,0.0,0.0,0.0
2022-07-18 00:00:00+02:00,28.759611129760742,24.65759185919711,24.211918155939493,28.759611129760742,3796,0.0,0.0,0.0
2022-07-19 00:00:00+02:00,28.759614255923665,25.830898552155507,24.55754472803375,25.703563690185547,13278,0.0,0.0,0.0
2022-07-20 00:00:00+02:00,25.703563690185547,25.830898552155507,25.121459481400144,25.703563690185547,7643,0.0,0.0,0.0
2022-07-21 00:00:00+02:00,25.703563690185547,25.676276904845963,25.066885910720977,25.703563690185547,8166,0.0,0.0,0.0
2022-07-24 00:00:00+02:00,25.703563876168946,28.19569970657303,25.29427076715057,27.213397979736328,28802,0.0,0.0,0.0
2022-07-25 00:00:00+02:00,27.213397979736328,27.295256601540004,26.376622306148963,27.213397979736328,5800,0.0,0.0,0.0
2022-07-26 00:00:00+02:00,27.213397979736328,28.150223465485386,25.803613688330636,27.213397979736328,7332,0.0,0.0,0.0
2022-07-27 00:00:00+02:00,27.213397979736328,27.513545681414005,26.422098547236605,27.213397979736328,8796,0.0,0.0,0.0
2022-07-28 00:00:00+02:00,27.213397979736328,27.46806944032636,26.676770007826637,27.213397979736328,9233,0.0,0.0,0.0
2022-07-31 00:00:00+02:00,27.213397979736328,27.37711522334368,27.013300090220344,27.213397979736328,3610,0.0,0.0,0.0
2022-08-01 00:00:00+02:00,27.213397979736328,27.286161006360995,26.13104644073794,27.213397979736328,3775,0.0,0.0,0.0
2022-08-02 00:00:00+02:00,27.213397979736328,27.122443762753647,25.921852956042947,27.213397979736328,4929,0.0,0.0,0.0
2022-08-03 00:00:00+02:00,27.213397979736328,27.05877633130799,26.476672118310653,27.213397979736328,2833,0.0,0.0,0.0
2022-08-04 00:00:00+02:00,27.213396589380217,28.650467592901723,26.376620958544443,27.87735939025879,33709,0.0,0.0,0.0
2022-08-07 00:00:00+02:00,27.87735955461112,29.987490700973197,28.195698432259384,29.514530181884766,12257,0.0,0.0,0.0
2022-08-08 00:00:00+02:00,29.514528304456345,30.014773841220467,27.831881545184057,27.913740158081055,23654,0.0,0.0,0.0
2022-08-09 00:00:00+02:00,27.913745509985468,33.48921744131294,28.195702044686218,33.12540054321289,112336,0.0,0.0,0.0
2022-08-10 00:00:00+02:00,33.125391703427816,34.46241445709256,31.315411965906613,31.797466278076172,61039,0.0,0.0,0.0
2022-08-11 00:00:00+02:00,31.797469696795922,37.10917543890716,31.861137123376224,35.84491729736328,92165,0.0,0.0,0.0
2022-08-14 00:00:00+02:00,35.844917214983504,39.11016103050057,36.390639004307474,37.545753479003906,71536,0.0,0.0,0.0
2022-08-15 00:00:00+02:00,37.54575683150813,37.74585645794749,34.56247097354228,35.63572692871094,34131,0.0,0.0,0.0
2022-08-16 00:00:00+02:00,35.635725188423,36.390640476515586,32.87982414250043,34.298702239990234,33553,0.0,0.0,0.0
2022-08-17 00:00:00+02:00,34.29870320763218,34.55337640047048,30.114826616545102,34.38056182861328,59519,0.0,0.0,0.0
2022-08-18 00:00:00+02:00,34.38056182861328,34.38056182861328,34.38056182861328,34.38056182861328,0,0.0,0.0,0.0
2022-08-21 00:00:00+02:00,33.079922281680076,35.47201008726196,34.107702006982656,34.39875411987305,25109,0.0,0.0,0.0
2022-08-22 00:00:00+02:00,34.39875411987305,34.57156522764708,33.74388513106222,34.39875411987305,4878,0.0,0.0,0.0
2022-08-23 00:00:00+02:00,34.39875411987305,34.39875411987305,34.39875411987305,34.39875411987305,0,0.0,0.0,0.0
2022-08-24 00:00:00+02:00,32.57058186053721,33.671122846871434,31.08803281876566,31.661043167114258,23316,0.0,0.0,0.0
2022-08-25 00:00:00+02:00,31.661043167114258,33.09811249852284,31.97938032196638,31.661043167114258,5495,0.0,0.0,0.0
2022-08-28 00:00:00+02:00,31.661043167114258,33.36187955232304,31.661043167114258,31.661043167114258,5229,0.0,0.0,0.0
2022-08-29 00:00:00+02:00,31.66104176894028,32.74339151725495,31.379083537369322,31.606468200683594,21344,0.0,0.0,0.0
2022-08-30 00:00:00+02:00,31.606468200683594,31.606468200683594,30.95159926006182,31.606468200683594,6048,0.0,0.0,0.0
2022-08-31 00:00:00+02:00,31.606468200683594,31.606468200683594,30.924314210740782,31.606468200683594,5974,0.0,0.0,0.0
2022-09-01 00:00:00+02:00,31.60646570637381,31.033455428550415,30.03296437676993,30.387683868408203,13274,0.0,0.0,0.0
2022-09-04 00:00:00+02:00,30.387687791680758,32.27952995082132,29.105238365007217,31.406370162963867,40003,0.0,0.0,0.0
2022-09-05 00:00:00+02:00,31.406370162963867,32.46143491491079,31.106224196524423,31.406370162963867,7121,0.0,0.0,0.0
2022-09-06 00:00:00+02:00,31.406368836991227,34.28960819499447,30.95159950673829,33.116302490234375,58392,0.0,0.0,0.0
2022-09-07 00:00:00+02:00,33.11630313421261,33.6529310931309,31.861138786814525,31.915712356567383,39315,0.0,0.0,0.0
2022-09-08 00:00:00+02:00,31.915711024463388,32.688817480813256,31.151698427885414,31.269939422607422,12287,0.0,0.0,0.0
2022-09-11 00:00:00+02:00,31.26993942260742,31.724708742722534,31.069839811480108,31.269939422607422,4701,0.0,0.0,0.0
2022-09-12 00:00:00+02:00,31.26993942260742,31.26993942260742,30.9515988167581,31.269939422607422,3826,0.0,0.0,0.0
2022-09-13 00:00:00+02:00,31.269940442954976,31.597374919260474,30.924314776897543,31.16079330444336,12098,0.0,0.0,0.0
2022-09-14 00:00:00+02:00,31.16079427144973,31.3881789459833,30.924315736565323,31.242652893066406,9483,0.0,0.0,0.0
2022-09-15 00:00:00+02:00,31.242652459298526,33.471022932712124,30.924315307217185,32.8707275390625,51077,0.0,0.0,0.0
2022-09-18 00:00:00+02:00,32.870726608500384,33.18906722118432,30.487736291427638,30.596879959106445,31932,0.0,0.0,0.0
2022-09-19 00:00:00+02:00,30.596879834089044,31.424559872301987,29.123428182794324,31.37908363342285,13203,0.0,0.0,0.0
2022-09-20 00:00:00+02:00,31.37908363342285,31.6519445363123,30.578688644614463,31.37908363342285,7104,0.0,0.0,0.0
2022-09-21 00:00:00+02:00,31.37908363342285,31.37908363342285,30.305827741725015,31.37908363342285,5426,0.0,0.0,0.0
2022-09-22 00:00:00+02:00,31.37908363342285,31.37908363342285,30.01477564936099,31.37908363342285,8197,0.0,0.0,0.0
2022-09-25 00:00:00+02:00,31.37908363342285,30.92431430540223,30.478638837311586,31.37908363342285,3935,0.0,0.0,0.0
2022-09-26 00:00:00+02:00,31.37908492766593,34.54427916488542,30.469546234110396,32.02485656738281,10449,0.0,0.0,0.0
2022-09-27 00:00:00+02:00,32.02485656738281,32.043047757607695,31.388178787970986,32.02485656738281,6795,0.0,0.0,0.0
2022-09-28 00:00:00+02:00,32.02485616520369,31.824760014472385,30.66964547180941,30.769695281982422,13106,0.0,0.0,0.0
2022-09-29 00:00:00+02:00,30.769695281982422,31.824760014472385,30.56049833183082,30.769695281982422,8481,0.0,0.0,0.0
2022-10-02 00:00:00+02:00,30.769695281982422,31.106223622879597,30.469545851463387,30.769695281982422,5520,0.0,0.0,0.0
2022-10-03 00:00:00+02:00,30.769695281982422,30.924315192530003,29.405387258782568,30.769695281982422,8693,0.0,0.0,0.0
2022-10-04 00:00:00+02:00,30.769695281982422,31.015267672897437,30.014776510396768,30.769695281982422,4685,0.0,0.0,0.0
2022-10-05 00:00:00+02:00,30.769695281982422,30.769695281982422,29.832868080047177,30.769695281982422,1610,0.0,0.0,0.0
2022-10-09 00:00:00+02:00,30.769695281982422,30.469545851463387,29.287146258613124,30.769695281982422,1828,0.0,0.0,0.0
2022-10-10 00:00:00+02:00,30.769695281982422,29.168905258443683,28.74142270237171,30.769695281982422,5156,0.0,0.0,0.0
2022-10-11 00:00:00+02:00,30.769695281982422,30.769695281982422,27.85916907042576,30.769695281982422,9012,0.0,0.0,0.0
2022-10-12 00:00:00+02:00,30.769695281982422,30.769695281982422,28.568609867020335,30.769695281982422,6051,0.0,0.0,0.0
2022-10-13 00:00:00+02:00,30.769695281982422,30.769695281982422,28.022886310778922,30.769695281982422,2058,0.0,0.0,0.0
2022-10-16 00:00:00+02:00,30.769695281982422,29.923824030029333,28.21389033612673,30.769695281982422,4317,0.0,0.0,0.0
2022-10-17 00:00:00+02:00,30.769693476184703,30.405876636837036,29.114329979805884,29.987489700317383,10593,0.0,0.0,0.0
2022-10-18 00:00:00+02:00,29.987489700317383,30.014774748903374,29.478146819153555,29.987489700317383,1348,0.0,0.0,0.0
2022-10-19 00:00:00+02:00,29.987490172305183,31.651944084924292,29.196189054711507,29.76919937133789,36657,0.0,0.0,0.0
2022-10-20 00:00:00+02:00,29.769201038794563,31.551896046358657,30.01477690253269,30.060253143310547,9798,0.0,0.0,0.0
2022-10-23 00:00:00+02:00,30.060253143310547,30.01477690253269,29.741915988250803,30.060253143310547,4686,0.0,0.0,0.0
2022-10-24 00:00:00+02:00,30.060253143310547,30.01477690253269,29.56000755552462,30.060253143310547,2895,0.0,0.0,0.0
2022-10-25 00:00:00+02:00,30.060252157344102,29.560006585966068,28.377607016450355,28.89604377746582,12985,0.0,0.0,0.0
2022-10-26 00:00:00+02:00,28.89604377746582,28.89604377746582,28.89604377746582,28.89604377746582,0,0.0,0.0,0.0
2022-10-27 00:00:00+02:00,28.896042585686246,29.851057449767723,28.659562334574957,29.105236053466797,9643,0.0,0.0,0.0
2022-10-30 00:00:00+02:00,29.105236053466797,29.323526850498183,28.495845104205046,29.105236053466797,1250,0.0,0.0,0.0
2022-10-31 00:00:00+02:00,29.105236053466797,29.105236053466797,28.19569742679596,29.105236053466797,2550,0.0,0.0,0.0
2022-11-01 00:00:00+02:00,29.105236053466797,29.105236053466797,28.677753523462115,29.105236053466797,1070,0.0,0.0,0.0
2022-11-02 00:00:00+02:00,29.105236053466797,29.105236053466797,28.02288460198247,29.105236053466797,4371,0.0,0.0,0.0
2022-11-03 00:00:00+02:00,29.105236053466797,29.105236053466797,27.377113009753657,29.105236053466797,939,0.0,0.0,0.0
2022-11-06 00:00:00+02:00,29.105236053466797,29.105236053466797,27.55901969420347,29.105236053466797,1568,0.0,0.0,0.0
2022-11-07 00:00:00+02:00,29.105236053466797,29.105236053466797,27.613593260864945,29.105236053466797,3814,0.0,0.0,0.0
2022-11-08 00:00:00+02:00,29.105236053466797,29.105236053466797,27.80459553975834,29.105236053466797,2328,0.0,0.0,0.0
2022-11-09 00:00:00+02:00,29.105237263581188,28.650467931337733,26.576719151776935,27.358922958374023,10580,0.0,0.0,0.0
2022-11-10 00:00:00+02:00,27.358922958374023,28.59589609721457,27.295255529429113,27.358922958374023,4224,0.0,0.0,0.0
2022-11-13 00:00:00+02:00,27.358923588725055,30.951600355339423,28.195699248724665,30.906124114990234,39362,0.0,0.0,0.0
2022-11-14 00:00:00+02:00,30.90612255177562,31.360891871495003,29.56909964152397,29.632770538330078,20745,0.0,0.0,0.0
2022-11-15 00:00:00+02:00,29.632770538330078,30.378591945100705,28.896042991323434,29.632770538330078,4461,0.0,0.0,0.0
2022-11-16 00:00:00+02:00,29.632770538330078,29.823772819904725,29.105236462040605,29.632770538330078,6140,0.0,0.0,0.0
2022-11-17 00:00:00+02:00,29.6327721571671,30.433163705476087,29.287146483806776,29.960203170776367,9950,0.0,0.0,0.0
2022-11-20 00:00:00+02:00,29.960202013908564,30.005681722300576,29.196189405758627,29.414480209350586,19575,0.0,0.0,0.0
2022-11-21 00:00:00+02:00,29.41447974544057,30.46045056889723,29.25076251273232,29.278047561645508,12350,0.0,0.0,0.0
2022-11-22 00:00:00+02:00,29.278047561645508,30.46045056889723,29.287144891026276,29.278047561645508,2331,0.0,0.0,0.0
2022-11-23 00:00:00+02:00,29.278047561645508,30.187586201307102,29.650958265122178,29.278047561645508,3050,0.0,0.0,0.0
2022-11-24 00:00:00+02:00,29.278048366540837,30.469545266314718,29.923823455360914,29.9783935546875,13829,0.0,0.0,0.0
2022-11-27 00:00:00+02:00,29.978392767457336,30.887931408239037,30.0147751457961,30.715120315551758,10514,0.0,0.0,0.0
2022-11-28 00:00:00+02:00,30.715118376054345,30.91521797466775,29.56909781805039,29.605480194091797,14800,0.0,0.0,0.0
2022-11-29 00:00:00+02:00,29.605480194091797,29.787388604684498,29.587289006071096,29.605480194091797,5310,0.0,0.0,0.0
2022-11-30 00:00:00+02:00,29.605480194091797,30.014773250521785,29.332619313009925,29.605480194091797,2280,0.0,0.0,0.0
2022-12-01 00:00:00+02:00,29.605480194091797,30.014773250521785,29.332619313009925,29.605480194091797,5416,0.0,0.0,0.0
2022-12-04 00:00:00+02:00,29.60548091453415,30.833360113704252,29.56000467818291,29.814674377441406,13736,0.0,0.0,0.0
2022-12-05 00:00:00+02:00,29.814674940204405,30.014774547464135,29.114329784409833,29.168903350830078,11380,0.0,0.0,0.0
2022-12-06 00:00:00+02:00,29.168905085789746,32.28862302460997,29.10523765598645,30.869741439819336,66077,0.0,0.0,0.0
2022-12-07 00:00:00+02:00,30.869739668955553,32.10671275351352,30.524117489740153,30.605976104736328,20501,0.0,0.0,0.0
2022-12-08 00:00:00+02:00,30.605976097089158,31.37908253993747,30.424067678297057,30.806072235107422,15499,0.0,0.0,0.0
2022-12-11 00:00:00+02:00,30.806072235107422,31.8247579924974,30.560496390180255,30.806072235107422,4752,0.0,0.0,0.0
2022-12-12 00:00:00+02:00,30.806072235107422,30.806072235107422,29.396288061294,30.806072235107422,6756,0.0,0.0,0.0
2022-12-13 00:00:00+02:00,30.806072235107422,30.533211341726517,29.92382212882965,30.806072235107422,6885,0.0,0.0,0.0
2022-12-14 00:00:00+02:00,30.80607343449693,31.74290061338519,30.01477577199994,30.596879959106445,18270,0.0,0.0,0.0
2022-12-15 00:00:00+02:00,30.5968810042366,30.924315488072196,30.196685229334626,30.28763771057129,16975,0.0,0.0,0.0
2022-12-18 00:00:00+02:00,30.28763771057129,30.515022383277703,29.7419158839218,30.28763771057129,8721,0.0,0.0,0.0
2022-12-19 00:00:00+02:00,30.287637964793593,29.560007699948585,28.941521107426635,29.014284133911133,18112,0.0,0.0,0.0
2022-12-20 00:00:00+02:00,29.014284133911133,29.323529164979504,28.941521107426635,29.014284133911133,5801,0.0,0.0,0.0
2022-12-21 00:00:00+02:00,29.01428030784183,30.60597455505983,28.832373633022033,29.860153198242188,16610,0.0,0.0,0.0
2022-12-22 00:00:00+02:00,29.860153198242188,30.00567923202089,29.56000380191555,29.860153198242188,4972,0.0,0.0,0.0
2022-12-25 00:00:00+02:00,29.860153198242188,29.641862412766965,28.832373633022033,29.860153198242188,1203,0.0,0.0,0.0
2022-12-26 00:00:00+02:00,29.860153198242188,29.860153198242188,28.650465223395074,29.860153198242188,2196,0.0,0.0,0.0
2022-12-27 00:00:00+02:00,29.860153198242188,29.741912211542513,28.959708478876607,29.860153198242188,1986,0.0,0.0,0.0
2022-12-28 00:00:00+02:00,29.860153198242188,29.678244788615224,29.10523451265531,29.860153198242188,1435,0.0,0.0,0.0
2022-12-29 00:00:00+02:00,29.860153198242188,29.860153198242188,29.01428030784183,29.860153198242188,5929,0.0,0.0,0.0
2023-01-02 00:00:00+02:00,29.860153198242188,29.860153198242188,29.10523451265531,29.860153198242188,863,0.0,0.0,0.0
2023-01-03 00:00:00+02:00,29.860156736321432,32.28862336330112,29.250764012307354,31.069841384887695,83485,0.0,0.0,0.0
2023-01-04 00:00:00+02:00,31.069841926256753,30.92431587269923,29.741916253842515,29.932918548583984,19614,0.0,0.0,0.0
2023-01-05 00:00:00+02:00,29.93291545273861,30.715119210815537,29.25076149668749,29.587289810180664,14670,0.0,0.0,0.0
2023-01-09 00:00:00+02:00,29.587289513736692,30.078441189879968,29.196187638616795,29.350811004638672,10689,0.0,0.0,0.0
2023-01-10 00:00:00+02:00,29.350811004638672,29.787389115783448,28.92332675285311,29.350811004638672,4520,0.0,0.0,0.0
2023-01-11 00:00:00+02:00,29.350812586169404,29.83286695931394,28.94151950066244,29.0506649017334,10265,0.0,0.0,0.0
2023-01-12 00:00:00+02:00,29.0506649017334,28.986997473945046,28.48675017668017,29.0506649017334,2219,0.0,0.0,0.0
2023-01-15 00:00:00+02:00,29.0506649017334,29.105236734865226,28.22298487087025,29.0506649017334,3545,0.0,0.0,0.0
2023-01-16 00:00:00+02:00,29.0506649017334,29.560006058847495,28.68684978950904,29.0506649017334,7885,0.0,0.0,0.0
2023-01-17 00:00:00+02:00,29.050663875472146,30.032965511180176,29.105235706676137,30.014774322509766,20554,0.0,0.0,0.0
2023-01-18 00:00:00+02:00,30.014773506909712,30.815168438585996,29.150711151424286,29.478145599365234,16824,0.0,0.0,0.0
2023-01-19 00:00:00+02:00,29.47814886822285,31.815663029037164,29.223479144745728,31.69742202758789,37860,0.0,0.0,0.0
2023-01-22 00:00:00+02:00,31.697423026084877,37.94595653493082,32.106716144291035,37.018226623535156,121605,0.0,0.0,0.0
2023-01-23 00:00:00+02:00,37.018224165103845,38.20062372947416,34.11679361843089,34.75347137451172,60187,0.0,0.0,0.0
2023-01-24 00:00:00+02:00,34.75347591141343,36.38155115846224,34.19865670110847,34.7625732421875,27009,0.0,0.0,0.0
2023-01-25 00:00:00+02:00,34.76256724816466,36.37245102569218,35.472006263151044,35.64481735229492,32076,0.0,0.0,0.0
2023-01-29 00:00:00+02:00,35.64481667557429,36.381544194575646,34.61704055019992,34.844425201416016,19114,0.0,0.0,0.0
2023-01-30 00:00:00+02:00,34.8444252375759,35.00814246419054,32.788866045465134,33.343685150146484,19290,0.0,0.0,0.0
2023-01-31 00:00:00+02:00,33.34368541534476,34.471514822147526,31.10622125996826,31.9066162109375,8534,0.0,0.0,0.0
2023-02-01 00:00:00+02:00,31.906614243431456,35.290095315970106,31.83384949346014,34.61703872680664,50789,0.0,0.0,0.0
2023-02-02 00:00:00+02:00,34.61704352521842,36.83631666275259,33.652931272144336,33.98036575317383,45087,0.0,0.0,0.0
2023-02-05 00:00:00+02:00,33.98036575317383,34.56246995517527,31.852045096096866,33.98036575317383,7055,0.0,0.0,0.0
2023-02-06 00:00:00+02:00,33.98036726382461,33.552882953518875,32.28862468303965,32.7615852355957,9281,0.0,0.0,0.0
2023-02-07 00:00:00+02:00,32.76158373593902,33.65293122778052,32.743392545948616,32.93439483642578,10761,0.0,0.0,0.0
2023-02-08 00:00:00+02:00,32.93439483642578,33.380070317153894,32.743392545948616,32.93439483642578,3044,0.0,0.0,0.0
2023-02-09 00:00:00+02:00,32.93439483642578,33.65293122778052,32.33409944520131,32.93439483642578,6285,0.0,0.0,0.0
2023-02-12 00:00:00+02:00,32.934392760376106,33.63473791759354,32.48872077735606,32.83434295654297,10279,0.0,0.0,0.0
2023-02-13 00:00:00+02:00,32.83434295654297,33.33459197570864,31.988471758190386,32.83434295654297,6118,0.0,0.0,0.0
2023-02-14 00:00:00+02:00,32.83434295654297,32.879822663459485,32.3340974069918,32.83434295654297,6410,0.0,0.0,0.0
2023-02-15 00:00:00+02:00,32.83434295654297,33.62564405797894,32.57967325196009,32.83434295654297,6797,0.0,0.0,0.0
2023-02-16 00:00:00+02:00,32.834343870424476,33.19816071819575,31.83385274347538,32.388671875,13153,0.0,0.0,0.0
2023-02-19 00:00:00+02:00,32.38867195400914,36.74536292995145,31.879329059809784,35.99044418334961,67128,0.0,0.0,0.0
2023-02-20 00:00:00+02:00,35.99044656782927,38.20062591626826,35.0172404232459,36.29059600830078,51573,0.0,0.0,0.0
2023-02-21 00:00:00+02:00,36.29059064598805,37.06369704935587,35.47200453803384,35.74486541748047,19957,0.0,0.0,0.0
2023-02-22 00:00:00+02:00,35.74486791416354,35.87220276882501,33.26182783942121,33.62564468383789,24908,0.0,0.0,0.0
2023-02-23 00:00:00+02:00,33.62564468383789,34.498800946900445,33.043540508462854,33.62564468383789,6389,0.0,0.0,0.0
2023-02-26 00:00:00+02:00,33.62564939186514,35.472011982200286,33.42554975245796,33.580169677734375,13787,0.0,0.0,0.0
2023-02-27 00:00:00+02:00,33.580167701979754,40.292564392089844,33.66202632513773,40.292564392089844,125775,0.0,0.0,0.0
2023-02-28 00:00:00+02:00,40.29256224594132,44.92211419880963,40.92924000663412,42.73922348022461,87170,0.0,0.0,0.0
2023-03-01 00:00:00+02:00,42.739221985121425,44.37639083419243,40.01969993985114,40.165225982666016,55531,0.0,0.0,0.0
2023-03-02 00:00:00+02:00,40.16522562481586,41.83877683708379,39.29206937570594,41.074764251708984,28562,0.0,0.0,0.0
2023-03-05 00:00:00+02:00,41.07476696523986,42.29354894457788,40.47447157061754,41.056575775146484,20112,0.0,0.0,0.0
2023-03-06 00:00:00+02:00,41.056573092947666,41.88425310524324,39.592215347436756,39.76502990722656,31786,0.0,0.0,0.0
2023-03-07 00:00:00+02:00,39.765033024139065,43.203088195527464,40.01970274954123,40.80190658569336,83010,0.0,0.0,0.0
2023-03-08 00:00:00+02:00,40.80190548427337,41.838779017837965,39.110162994935486,40.783714294433594,41159,0.0,0.0,0.0
2023-03-09 00:00:00+02:00,40.78371583642798,43.65785801710264,40.56542501971194,42.18440628051758,73222,0.0,0.0,0.0
2023-03-12 00:00:00+02:00,42.18440321282866,42.63007520469261,40.01970027207438,40.365325927734375,32843,0.0,0.0,0.0
2023-03-13 00:00:00+02:00,40.365324200486825,41.02018963576092,33.75297813576013,34.12588882446289,86322,0.0,0.0,0.0
2023-03-14 00:00:00+02:00,34.12589276170475,36.26330733898608,32.20676553149467,35.308292388916016,36422,0.0,0.0,0.0
2023-03-15 00:00:00+02:00,35.30828594593405,37.70946714324422,31.924801457207437,32.97986602783203,62098,0.0,0.0,0.0
2023-03-16 00:00:00+02:00,32.979867031979055,33.834835508602055,31.47003314408708,32.670623779296875,15735,0.0,0.0,0.0
2023-03-19 00:00:00+02:00,32.67062555213849,34.089507047841785,31.83385168748248,33.28911209106445,17127,0.0,0.0,0.0
2023-03-20 00:00:00+02:00,33.28911346012869,34.47151648998342,32.7524855136855,33.89850616455078,15864,0.0,0.0,0.0
2023-03-21 00:00:00+02:00,33.898504385162205,34.880804279012416,34.10769784894869,34.38965606689453,18920,0.0,0.0,0.0
2023-03-22 00:00:00+02:00,34.389657802284354,35.38105507524014,32.92530001226928,33.57107162475586,19166,0.0,0.0,0.0
2023-03-23 00:00:00+02:00,33.57106878784622,34.42603380242725,32.934391089083434,33.65292739868164,11990,0.0,0.0,0.0
2023-03-26 00:00:00+02:00,33.65292980589497,34.85352053761719,33.198160484193686,33.95307922363281,28955,0.0,0.0,0.0
2023-03-27 00:00:00+02:00,33.953082322062,34.107702240135474,32.752488011163535,32.898014068603516,21351,0.0,0.0,0.0
2023-03-28 00:00:00+02:00,32.89801026084584,33.64383512221751,32.43414709070007,32.697914123535156,16424,0.0,0.0,0.0
2023-03-29 00:00:00+02:00,32.6979151547212,33.471021619216906,32.28862206838217,32.388671875,8903,0.0,0.0,0.0
2023-03-30 00:00:00+02:00,32.38867151478376,32.74339102912765,31.58827654035745,31.824758529663086,11902,0.0,0.0,0.0
2023-04-02 00:00:00+02:00,31.824759748274147,33.65293095743973,31.67923369913467,33.061729431152344,9701,0.0,0.0,0.0
2023-04-03 00:00:00+02:00,33.061729431152344,34.01674781509577,33.061729431152344,33.061729431152344,6235,0.0,0.0,0.0
2023-04-04 00:00:00+02:00,33.061728358511516,34.562468510634915,33.107208066454014,34.48060989379883,16399,0.0,0.0,0.0
2023-04-05 00:00:00+02:00,34.48061061755182,35.47200790021418,33.67112176163399,33.77117156982422,24528,0.0,0.0,0.0
2023-04-06 00:00:00+02:00,33.77117156982422,34.47151675754118,33.21635242957996,33.77117156982422,5786,0.0,0.0,0.0
2023-04-09 00:00:00+02:00,33.77117156982422,34.35327575971503,33.22544628959059,33.77117156982422,3621,0.0,0.0,0.0
2023-04-10 00:00:00+02:00,33.77117156982422,33.49831066451473,33.11630262138973,33.77117156982422,5117,0.0,0.0,0.0
2023-04-11 00:00:00+02:00,33.77117156982422,33.99855623585123,33.13449381102565,33.77117156982422,3622,0.0,0.0,0.0
2023-04-12 00:00:00+02:00,33.77117313253116,34.3714685398356,33.198162776135845,33.40735626220703,8261,0.0,0.0,0.0
2023-04-13 00:00:00+02:00,33.407354320127894,33.29821065322146,33.11630222863433,33.24363708496094,14051,0.0,0.0,0.0
2023-04-18 00:00:00+02:00,33.24363708496094,33.99855583263241,32.934393804047204,33.24363708496094,7336,0.0,0.0,0.0
2023-04-19 00:00:00+02:00,33.24363708496094,33.38006927080494,32.74339151955729,33.24363708496094,3079,0.0,0.0,0.0
2023-04-26 00:00:00+02:00,33.24363708496094,33.307304513124244,32.288622192896774,33.24363708496094,5954,0.0,0.0,0.0
2023-04-27 00:00:00+02:00,33.24363912868093,32.8434433456781,31.84294868374875,32.816158294677734,11051,0.0,0.0,0.0
2023-04-30 00:00:00+03:00,32.816158294677734,33.19816288714206,32.470532613675616,32.816158294677734,7400,0.0,0.0,0.0
2023-05-01 00:00:00+03:00,32.816158294677734,32.816158294677734,32.816158294677734,32.816158294677734,0,0.0,0.0,0.0
2023-05-02 00:00:00+03:00,32.816158294677734,32.27953031744345,30.92431611405014,32.816158294677734,3903,0.0,0.0,0.0
2023-05-03 00:00:00+03:00,32.816158294677734,32.28862417790529,31.388179329130367,32.816158294677734,2410,0.0,0.0,0.0
2023-05-07 00:00:00+03:00,32.816158294677734,32.65244104944593,30.969792355589014,32.816158294677734,6235,0.0,0.0,0.0
2023-05-08 00:00:00+03:00,32.816156752417456,32.406863658573485,31.642851039936293,31.742900848388672,13038,0.0,0.0,0.0
2023-05-09 00:00:00+03:00,31.742904418071404,34.28961227671662,31.833856907102817,33.580169677734375,31305,0.0,0.0,0.0
2023-05-10 00:00:00+03:00,33.580163483174125,33.107206463919475,32.5250988448091,32.68881607055664,9896,0.0,0.0,0.0
2023-05-11 00:00:00+03:00,32.68881607055664,32.9162007208044,32.5614812215562,32.68881607055664,3525,0.0,0.0,0.0
2023-05-14 00:00:00+03:00,32.68881607055664,33.598354671547675,30.060250068830854,32.68881607055664,5009,0.0,0.0,0.0
2023-05-15 00:00:00+03:00,32.68881607055664,32.74338963567729,31.379081734190738,32.68881607055664,4730,0.0,0.0,0.0
2023-05-16 00:00:00+03:00,32.68881607055664,31.42455797031741,31.01526490594856,32.68881607055664,4850,0.0,0.0,0.0
2023-05-17 00:00:00+03:00,32.68881607055664,31.924803506939593,31.16988827231653,32.68881607055664,7945,0.0,0.0,0.0
2023-05-18 00:00:00+03:00,32.68881607055664,30.95159748144834,30.10572630495752,32.68881607055664,1000,0.0,0.0,0.0
2023-05-21 00:00:00+03:00,32.68881607055664,31.379081734190738,30.242158482951943,32.68881607055664,6113,0.0,0.0,0.0
2023-05-22 00:00:00+03:00,32.68881607055664,31.779277469565606,31.10622084781631,32.68881607055664,4236,0.0,0.0,0.0
2023-05-23 00:00:00+03:00,32.68881607055664,31.770183610186038,30.469543133199704,32.68881607055664,5244,0.0,0.0,0.0
2023-05-24 00:00:00+03:00,32.6888178959036,33.19816078996153,31.62465933873628,32.71610641479492,17667,0.0,0.0,0.0
2023-05-25 00:00:00+03:00,32.71610641479492,32.74339146407164,31.86113786156859,32.71610641479492,6040,0.0,0.0,0.0
2023-05-28 00:00:00+03:00,32.71610641479492,32.74339146407164,31.424559725068054,32.71610641479492,4453,0.0,0.0,0.0
2023-05-29 00:00:00+03:00,32.716104598209554,34.33508219820596,32.25223796857422,33.79845428466797,17545,0.0,0.0,0.0
2023-05-30 00:00:00+03:00,33.79845428466797,34.19865002016865,33.19815894660974,33.79845428466797,6756,0.0,0.0,0.0
2023-05-31 00:00:00+03:00,33.79845428466797,34.24412972592403,33.05263290919,33.79845428466797,7263,0.0,0.0,0.0
2023-06-01 00:00:00+03:00,33.79845428466797,33.65292824724823,33.07082409756927,33.79845428466797,4334,0.0,0.0,0.0
2023-06-04 00:00:00+03:00,33.79845428466797,33.370970031791174,33.07082409756927,33.79845428466797,4852,0.0,0.0,0.0
2023-06-05 00:00:00+03:00,33.79845428466797,33.07082409756927,32.28862034533276,33.79845428466797,3214,0.0,0.0,0.0
2023-06-06 00:00:00+03:00,33.79845428466797,32.74338964597125,32.28862034533276,33.79845428466797,6673,0.0,0.0,0.0
2023-06-07 00:00:00+03:00,33.79845428466797,33.79845428466797,31.85204223307354,33.79845428466797,7383,0.0,0.0,0.0
2023-06-08 00:00:00+03:00,33.79845428466797,33.79845428466797,31.8429449040767,33.79845428466797,5103,0.0,0.0,0.0
2023-06-11 00:00:00+03:00,33.79845428466797,32.97077429629049,31.933900845973046,33.79845428466797,4004,0.0,0.0,0.0
2023-06-12 00:00:00+03:00,33.79845428466797,33.79845428466797,33.79845428466797,33.79845428466797,0,0.0,0.0,0.0
2023-06-13 00:00:00+03:00,33.79845428466797,33.79845428466797,32.28862034533276,33.79845428466797,3966,0.0,0.0,0.0
2023-06-14 00:00:00+03:00,33.79845547822458,32.6069586194141,31.833852168873,32.11581039428711,11558,0.0,0.0,0.0
2023-06-15 00:00:00+03:00,32.11581039428711,32.62514980843577,31.861137217598237,32.11581039428711,4818,0.0,0.0,0.0
2023-06-18 00:00:00+03:00,32.11581039428711,32.62514980843577,31.888425735938014,32.11581039428711,3090,0.0,0.0,0.0
2023-06-19 00:00:00+03:00,32.11581039428711,32.261336436845944,31.397274041196486,32.11581039428711,6832,0.0,0.0,0.0
2023-06-20 00:00:00+03:00,32.11581039428711,32.65243832677555,31.78837593112609,32.11581039428711,4276,0.0,0.0,0.0
2023-06-21 00:00:00+03:00,32.11581039428711,32.743390802269374,31.01526601097045,32.11581039428711,8140,0.0,0.0,0.0
2023-06-22 00:00:00+03:00,32.11581039428711,32.734296942565805,31.833852168873,32.11581039428711,2595,0.0,0.0,0.0
2023-06-25 00:00:00+03:00,32.11581039428711,31.833852168873,31.833852168873,32.11581039428711,200,0.0,0.0,0.0
2023-06-26 00:00:00+03:00,32.11581039428711,32.11581039428711,31.01526601097045,32.11581039428711,2095,0.0,0.0,0.0
2023-07-04 00:00:00+03:00,32.11581039428711,32.11581039428711,31.379082852174815,32.11581039428711,2920,0.0,0.0,0.0
2023-07-05 00:00:00+03:00,32.115811282105035,32.597865660854495,31.315416291097826,32.07033157348633,16885,0.0,0.0,0.0
2023-07-06 00:00:00+03:00,32.07033157348633,32.115811282105035,31.424559958630514,32.07033157348633,6759,0.0,0.0,0.0
2023-07-09 00:00:00+03:00,32.07033157348633,32.07033157348633,30.9243143903565,32.07033157348633,1762,0.0,0.0,0.0
2023-07-10 00:00:00+03:00,32.07033157348633,31.65194462326549,29.569100262501614,32.07033157348633,439,0.0,0.0,0.0
2023-07-11 00:00:00+03:00,32.07033157348633,32.1521901915395,30.93340825031146,32.07033157348633,1886,0.0,0.0,0.0
2023-07-12 00:00:00+03:00,32.07033157348633,32.07033157348633,30.287636635455645,32.07033157348633,6110,0.0,0.0,0.0
2023-07-13 00:00:00+03:00,32.070333106079346,31.824760709798912,30.46954651718038,30.81517219543457,9516,0.0,0.0,0.0
2023-07-16 00:00:00+03:00,30.81517219543457,31.833854570188457,30.933409728572613,30.81517219543457,1464,0.0,0.0,0.0
2023-07-17 00:00:00+03:00,30.815169991100227,31.242650791125254,30.74240523472985,30.77878761291504,14659,0.0,0.0,0.0
2023-07-18 00:00:00+03:00,30.77878761291504,30.92431365604124,30.387685721460645,30.77878761291504,1787,0.0,0.0,0.0
2023-07-19 00:00:00+03:00,30.77878761291504,30.77878761291504,30.77878761291504,30.77878761291504,0,0.0,0.0,0.0
2023-07-24 00:00:00+03:00,30.77878761291504,31.288130498664014,30.424068099645833,30.77878761291504,3772,0.0,0.0,0.0
2023-07-25 00:00:00+03:00,30.77878761291504,31.21536574229364,30.31492443470482,30.77878761291504,2800,0.0,0.0,0.0
2023-07-26 00:00:00+03:00,30.77878761291504,30.77878761291504,30.342209483536436,30.77878761291504,1383,0.0,0.0,0.0
2023-07-27 00:00:00+03:00,30.77878761291504,31.106222077352626,30.378591861721624,30.77878761291504,6509,0.0,0.0,0.0
2023-07-30 00:00:00+03:00,30.77878761291504,31.21536574229364,30.56049681341846,30.77878761291504,7600,0.0,0.0,0.0
2023-07-31 00:00:00+03:00,30.77878761291504,31.151698315276835,30.69692899680564,30.77878761291504,1184,0.0,0.0,0.0
2023-08-01 00:00:00+03:00,30.77878761291504,31.233556931386232,30.56049681341846,30.77878761291504,1379,0.0,0.0,0.0
2023-08-02 00:00:00+03:00,30.77878761291504,30.92431365604124,30.56049681341846,30.77878761291504,1168,0.0,0.0,0.0
2023-08-03 00:00:00+03:00,30.77878761291504,30.915219796302218,30.51502057549425,30.77878761291504,1495,0.0,0.0,0.0
2023-08-06 00:00:00+03:00,30.77878761291504,30.92431365604124,30.469544337570042,30.77878761291504,3337,0.0,0.0,0.0
2023-08-07 00:00:00+03:00,30.77878761291504,30.87883741811703,30.487735526662636,30.77878761291504,1105,0.0,0.0,0.0
2023-08-08 00:00:00+03:00,30.77878872849673,32.516007449237854,30.66054772991648,31.16079330444336,34385,0.0,0.0,0.0
2023-08-09 00:00:00+03:00,31.16079330444336,31.83385344680629,30.696930109420354,31.16079330444336,4900,0.0,0.0,0.0
2023-08-10 00:00:00+03:00,31.16079330444336,30.924314776897543,30.760597538744793,31.16079330444336,3129,0.0,0.0,0.0
2023-08-13 00:00:00+03:00,31.16079330444336,31.197175683947233,30.56049792108817,31.16079330444336,1100,0.0,0.0,0.0
2023-08-14 00:00:00+03:00,31.16079330444336,30.969791016470044,30.969791016470044,31.16079330444336,10,0.0,0.0,0.0
2023-08-15 00:00:00+03:00,31.16079330444336,31.47003659099692,30.924314776897543,31.16079330444336,4424,0.0,0.0,0.0
2023-08-16 00:00:00+03:00,31.16079330444336,31.824759586737663,31.060746965229725,31.16079330444336,1305,0.0,0.0,0.0
2023-08-17 00:00:00+03:00,31.16079392839854,36.60893219687444,31.015267877083755,34.24413299560547,108171,0.0,0.0,0.0
2023-08-20 00:00:00+03:00,34.2441301945133,35.83582276852839,33.69840494451088,34.13498306274414,20405,0.0,0.0,0.0
2023-08-21 00:00:00+03:00,34.134986584264844,34.562470887092466,33.24363906721466,33.73479080200195,11645,0.0,0.0,0.0
2023-08-22 00:00:00+03:00,33.73478939538801,33.68021582614888,32.343196341129705,32.59786605834961,22641,0.0,0.0,0.0
2023-08-23 00:00:00+03:00,32.59786534579651,35.01723801534484,32.743391390971794,33.30730438232422,19124,0.0,0.0,0.0
2023-08-24 00:00:00+03:00,33.30730438232422,33.65293004072101,32.34319563414339,33.30730438232422,5407,0.0,0.0,0.0
2023-08-27 00:00:00+03:00,33.30730452725776,33.65293018715851,32.74339153345152,33.043540954589844,12445,0.0,0.0,0.0
2023-08-28 00:00:00+03:00,33.043540954589844,33.65293018715851,32.41595706297867,33.043540954589844,7491,0.0,0.0,0.0
2023-08-29 00:00:00+03:00,33.04353776852043,33.962170193559196,32.74338837632261,32.925296783447266,43202,0.0,0.0,0.0
2023-08-30 00:00:00+03:00,32.925296783447266,33.28911012808228,32.8343408450778,32.925296783447266,7452,0.0,0.0,0.0
2023-08-31 00:00:00+03:00,32.925296783447266,32.925296783447266,32.925296783447266,32.925296783447266,0,0.0,0.0,0.0
2023-09-03 00:00:00+03:00,32.92530151553513,35.83582603899286,33.01625399736218,33.9257926940918,48207,0.0,0.0,0.0
2023-09-04 00:00:00+03:00,33.92579387921903,35.83582729084315,33.66202681524573,34.598854064941406,21974,0.0,0.0,0.0
2023-09-05 00:00:00+03:00,34.598854064941406,34.56247168309373,33.79845901236706,34.598854064941406,7123,0.0,0.0,0.0
2023-09-06 00:00:00+03:00,34.59885141182391,34.10769970338761,32.97077637994136,33.50740432739258,8506,0.0,0.0,0.0
2023-09-07 00:00:00+03:00,33.50740432739258,33.20725490458774,33.025349948528046,33.50740432739258,2215,0.0,0.0,0.0
2023-09-10 00:00:00+03:00,33.50740432739258,33.50740432739258,33.50740432739258,33.50740432739258,0,0.0,0.0,0.0
2023-09-11 00:00:00+03:00,33.50740219929434,33.607452000541656,32.4250525131762,32.68881607055664,15564,0.0,0.0,0.0
2023-09-12 00:00:00+03:00,32.68881607055664,33.19815893617281,32.68881607055664,32.68881607055664,4677,0.0,0.0,0.0
2023-09-13 00:00:00+03:00,32.688817594827,34.47151597280311,33.64383594609136,33.95307922363281,18773,0.0,0.0,0.0
2023-09-14 00:00:00+03:00,33.95307922363281,34.107699127596256,33.03444325081206,33.95307922363281,460,0.0,0.0,0.0
2023-09-17 00:00:00+03:00,33.95307922363281,34.426036264941324,33.56197732940054,33.95307922363281,6814,0.0,0.0,0.0
2023-09-18 00:00:00+03:00,33.95308161844569,34.01674905040536,33.6529321795374,33.73479080200195,9278,0.0,0.0,0.0
2023-09-19 00:00:00+03:00,33.73479080200195,33.716599611497074,33.6529321795374,33.73479080200195,4356,0.0,0.0,0.0
2023-09-20 00:00:00+03:00,33.73479080200195,33.73479080200195,33.73479080200195,33.73479080200195,0,0.0,0.0,0.0
2023-09-21 00:00:00+03:00,33.73479080200195,33.73479080200195,33.73479080200195,33.73479080200195,0,0.0,0.0,0.0
2023-09-24 00:00:00+03:00,33.73479080200195,33.73479080200195,33.73479080200195,33.73479080200195,0,0.0,0.0,0.0
2023-09-25 00:00:00+03:00,33.69840621948242,34.00764949863294,33.079919661181385,33.69840621948242,5746,0.0,0.0,0.0
2023-09-26 00:00:00+03:00,33.69840621948242,33.97126712000003,33.38006908048097,33.69840621948242,4557,0.0,0.0,0.0
2023-09-27 00:00:00+03:00,33.69840621948242,33.69840621948242,33.69840621948242,33.69840621948242,0,0.0,0.0,0.0
2023-10-01 00:00:00+03:00,33.69840621948242,33.69840621948242,33.69840621948242,33.69840621948242,0,0.0,0.0,0.0
2023-10-02 00:00:00+03:00,32.134002685546875,32.97987045157449,31.842947120831074,32.134002685546875,6420,0.0,0.0,0.0
2023-10-03 00:00:00+03:00,32.134002685546875,32.29771645312844,31.379083928518213,32.134002685546875,1522,0.0,0.0,0.0
2023-10-04 00:00:00+03:00,32.134002685546875,31.833853260815577,31.379083928518213,32.134002685546875,2354,0.0,0.0,0.0
2023-10-08 00:00:00+03:00,32.134002685546875,31.833853260815577,28.659563529556845,32.134002685546875,3555,0.0,0.0,0.0
2023-10-09 00:00:00+03:00,32.134002685546875,31.56099235536009,28.668659124379673,32.134002685546875,6571,0.0,0.0,0.0
2023-10-10 00:00:00+03:00,32.134002685546875,32.134002685546875,30.105728410239724,32.134002685546875,3116,0.0,0.0,0.0
2023-10-11 00:00:00+03:00,32.134002685546875,31.833853260815577,30.924314596220846,32.134002685546875,1765,0.0,0.0,0.0
2023-10-12 00:00:00+03:00,32.134002685546875,31.842947120831074,31.833853260815577,32.134002685546875,2115,0.0,0.0,0.0
2023-10-15 00:00:00+03:00,32.134002685546875,33.107208779094066,32.10671416627106,32.134002685546875,5096,0.0,0.0,0.0
2023-10-16 00:00:00+03:00,32.134002685546875,32.74339192541031,31.833853260815577,32.134002685546875,2550,0.0,0.0,0.0
2023-10-17 00:00:00+03:00,32.134002685546875,32.28862259311294,31.03345826448011,32.134002685546875,1691,0.0,0.0,0.0
2023-10-18 00:00:00+03:00,32.134002529347626,38.55534324961973,31.40636882551705,38.54624938964844,99792,0.0,0.0,0.0
2023-10-19 00:00:00+03:00,38.54624938964844,38.54624938964844,38.54624938964844,38.54624938964844,0,0.0,0.0,0.0
2023-10-22 00:00:00+03:00,36.45430904402621,43.73971176147461,38.65539080815817,43.73971176147461,106290,0.0,0.0,0.0
2023-10-23 00:00:00+03:00,43.739713994842504,52.48038101196289,50.47939527991712,52.48038101196289,147402,0.0,0.0,0.0
2023-10-24 00:00:00+03:00,52.48038523238812,62.97645950317383,43.74881137298894,62.97645950317383,220718,0.0,0.0,0.0
2023-10-25 00:00:00+03:00,62.9764569380881,75.5644760131836,65.44130595471195,75.5644760131836,136391,0.0,0.0,0.0
2023-10-26 00:00:00+03:00,75.56446877261553,90.67190551757812,77.76555052558561,90.67190551757812,240809,0.0,0.0,0.0
2023-10-29 00:00:00+02:00,90.67190416179213,95.50155184903288,72.5447998046875,72.5447998046875,208583,0.0,0.0,0.0
2023-10-30 00:00:00+02:00,72.54480825117668,77.31078906966341,64.57724734054239,67.91525268554688,122278,0.0,0.0,0.0
2023-10-31 00:00:00+02:00,67.91524304045168,75.49170095871062,66.85108458391845,68.13353729248047,90490,0.0,0.0,0.0
2023-11-01 00:00:00+02:00,68.13354528568932,71.85355512526871,55.118042163942526,61.139190673828125,62408,0.0,0.0,0.0
2023-11-02 00:00:00+02:00,61.13919320605034,73.36339569091797,61.89411200088366,73.36339569091797,125246,0.0,0.0,0.0
2023-11-05 00:00:00+02:00,73.36339562832278,85.37840114634515,76.40125158677627,76.57406616210938,110149,0.0,0.0,0.0
2023-11-06 00:00:00+02:00,76.5740550205538,80.0302974497236,63.84960533168524,70.77119445800781,71852,0.0,0.0,0.0
2023-11-07 00:00:00+02:00,70.77119740616163,73.67262780830107,67.06028513111305,67.48776245117188,64893,0.0,0.0,0.0
2023-11-08 00:00:00+02:00,67.48776133861011,70.0253748651033,65.63230870128814,66.15983581542969,36523,0.0,0.0,0.0
2023-11-09 00:00:00+02:00,66.15983492571996,75.49170277842222,63.94965588005966,68.10624694824219,121290,0.0,0.0,0.0
2023-11-12 00:00:00+02:00,68.10625093090641,70.94401398857177,66.1325537456137,66.93294525146484,30291,0.0,0.0,0.0
2023-11-13 00:00:00+02:00,66.93294993673089,68.57921971063581,62.31249859145027,64.38624572753906,38351,0.0,0.0,0.0
2023-11-14 00:00:00+02:00,64.38624024395959,68.89755100158705,66.12345541329029,67.0420913696289,36658,0.0,0.0,0.0
2023-11-15 00:00:00+02:00,67.04209778304055,67.74244647886029,65.52316979592142,65.84150695800781,33306,0.0,0.0,0.0
2023-11-16 00:00:00+02:00,65.84150230020745,68.67016805606585,65.78693220177584,66.61460876464844,27411,0.0,0.0,0.0
2023-11-19 00:00:00+02:00,66.61461047554522,67.94253610557736,65.04111245703449,66.5054702758789,30625,0.0,0.0,0.0
2023-11-20 00:00:00+02:00,66.50546698279209,67.29676114810869,64.7591475430786,65.54135131835938,20776,0.0,0.0,0.0
2023-11-21 00:00:00+02:00,65.54135131835938,66.39631984930092,64.69548011668269,65.54135131835938,15617,0.0,0.0,0.0
2023-11-22 00:00:00+02:00,65.54134856698421,76.40124155083461,66.03250023823274,72.16278839111328,79179,0.0,0.0,0.0
2023-11-23 00:00:00+02:00,72.16279814105093,74.58217444787316,71.58069392001077,71.86265563964844,53382,0.0,0.0,0.0
2023-11-26 00:00:00+02:00,71.8626478394236,82.76801387895198,71.95360031298327,77.16525268554688,93873,0.0,0.0,0.0
2023-11-27 00:00:00+02:00,77.16525347411759,78.20213388882638,72.3083205562627,73.44524383544922,45337,0.0,0.0,0.0
2023-11-28 00:00:00+02:00,73.44524293996905,77.31078204207267,73.4907226462736,73.89091491699219,40063,0.0,0.0,0.0
2023-11-29 00:00:00+02:00,73.89092127804386,75.94648066169188,72.30832589945514,73.40886688232422,51288,0.0,0.0,0.0
2023-11-30 00:00:00+02:00,73.40886114245161,80.0303011817123,74.69131392669465,75.07331848144531,86853,0.0,0.0,0.0
2023-12-03 00:00:00+02:00,75.07332003698731,78.12937041677286,75.08241736635435,75.42803955078125,44042,0.0,0.0,0.0
2023-12-04 00:00:00+02:00,75.42804487494197,76.39215367902632,74.14559197360295,74.7367935180664,36488,0.0,0.0,0.0
2023-12-05 00:00:00+02:00,74.73679147551793,75.80095006293105,73.85453784793923,74.95508575439453,22449,0.0,0.0,0.0
2023-12-06 00:00:00+02:00,74.95508082707416,75.45532290334911,71.12591713944373,71.79898071289062,51040,0.0,0.0,0.0
2023-12-07 00:00:00+02:00,71.79898719312081,72.76309599449439,68.46097489055889,70.93492126464844,33524,0.0,0.0,0.0
2023-12-10 00:00:00+02:00,70.93491711593832,72.76309173886139,65.72326455611072,68.89755249023438,34053,0.0,0.0,0.0
2023-12-11 00:00:00+02:00,68.89755563261146,66.85109358411805,63.66770817535052,64.5590591430664,15613,0.0,0.0,0.0
2023-12-12 00:00:00+02:00,64.5590603160514,65.94155609400256,60.593471008225436,62.62173843383789,17197,0.0,0.0,0.0
2023-12-13 00:00:00+02:00,62.62173421042089,72.56299186038011,62.38525222015206,67.90615844726562,27804,0.0,0.0,0.0
2023-12-14 00:00:00+02:00,67.90615490019867,72.3083183734908,67.89705757125569,69.28865051269531,28850,0.0,0.0,0.0
2023-12-17 00:00:00+02:00,69.288661024743,71.39879060978137,68.23359276260891,69.00670623779297,13076,0.0,0.0,0.0
2023-12-18 00:00:00+02:00,69.00669639633703,70.60747934342767,68.24268036043703,69.3705062866211,6925,0.0,0.0,0.0
2023-12-19 00:00:00+02:00,69.3705115527098,69.30684412315405,63.66770712492397,65.78693389892578,10977,0.0,0.0,0.0
2023-12-20 00:00:00+02:00,65.78693748673625,67.70606474701755,65.57774052722735,66.24170684814453,4192,0.0,0.0,0.0
2023-12-21 00:00:00+02:00,66.24169701244858,68.20629675362527,65.12296149623515,66.20531463623047,15422,0.0,0.0,0.0
2023-12-24 00:00:00+02:00,66.20531463623047,66.20531463623047,66.20531463623047,66.20531463623047,0,0.0,0.0,0.0
2023-12-25 00:00:00+02:00,65.94155641966574,67.0966675271354,64.57724835581058,65.63231658935547,9584,0.0,0.0,0.0
2023-12-26 00:00:00+02:00,65.63231269027405,68.44278380402109,65.49588050414776,67.14214324951172,17621,0.0,0.0,0.0
2023-12-27 00:00:00+02:00,67.14214221490339,67.30585944788633,66.07798367012883,66.53275299072266,7294,0.0,0.0,0.0
2023-12-28 00:00:00+02:00,66.53275299072266,66.53275299072266,66.53275299072266,66.53275299072266,0,0.0,0.0,0.0
2023-12-31 00:00:00+02:00,68.6065034984055,69.76161457865192,67.32405061777581,68.169921875,12236,0.0,0.0,0.0
2024-01-02 00:00:00+02:00,68.16991076218429,70.03446754391493,67.76971852346577,69.15221405029297,8789,0.0,0.0,0.0
2024-01-03 00:00:00+02:00,69.15222056617898,71.84445406416081,69.14312323694253,70.04357147216797,20532,0.0,0.0,0.0
2024-01-04 00:00:00+02:00,70.04357782815838,81.83119864811744,71.03497168879471,76.63773345947266,134643,0.0,0.0,0.0
2024-01-08 00:00:00+02:00,76.63772840011666,79.99392129153836,73.78177760140505,75.04603576660156,42824,0.0,0.0,0.0
2024-01-09 00:00:00+02:00,75.04603848696715,75.94647983786902,72.86314426545796,73.7908706665039,11458,0.0,0.0,0.0
2024-01-10 00:00:00+02:00,73.79086653322983,75.39165646456821,72.76309037973849,73.1905746459961,14756,0.0,0.0,0.0
2024-01-11 00:00:00+02:00,73.19057418373446,87.82504731310009,78.22032166419004,85.21467590332031,190152,0.0,0.0,0.0
2024-01-14 00:00:00+02:00,85.21468178358164,94.50107094274642,86.41527257254248,86.76089477539062,88090,0.0,0.0,0.0
2024-01-15 00:00:00+02:00,86.76089373754711,87.29752516471864,78.67509546406637,80.78522491455078,51674,0.0,0.0,0.0
2024-01-16 00:00:00+02:00,80.78522046108151,81.8584763170295,75.53718564379494,78.87519073486328,35338,0.0,0.0,0.0
2024-01-17 00:00:00+02:00,78.87518903200628,81.4037052467113,78.31127259809661,78.98432922363281,25153,0.0,0.0,0.0
2024-01-18 00:00:00+02:00,78.98433324890284,80.67607569761905,76.0010475791067,77.41083526611328,27324,0.0,0.0,0.0
2024-01-21 00:00:00+02:00,77.41083475833891,80.0394008915715,77.31078495208611,78.38404083251953,30044,0.0,0.0,0.0
2024-01-22 00:00:00+02:00,78.38403769948064,79.12985908222673,77.40173433511393,77.67459869384766,19923,0.0,0.0,0.0
2024-01-23 00:00:00+02:00,77.6745978045086,80.94893537567906,77.5927357221342,78.12026977539062,14908,0.0,0.0,0.0
2024-01-24 00:00:00+02:00,78.12027262674704,80.03939969735606,77.31078379858256,77.83831787109375,13685,0.0,0.0,0.0
2024-01-28 00:00:00+02:00,77.83831621740504,80.94893661050617,77.3198794852215,78.26580047607422,21804,0.0,0.0,0.0
2024-01-29 00:00:00+02:00,78.26580226903418,79.58463051327685,77.37445135402469,77.77465057373047,10077,0.0,0.0,0.0
2024-01-30 00:00:00+02:00,77.77465513060423,78.94796087048087,76.94697159394161,77.06521606445312,11489,0.0,0.0,0.0
2024-01-31 00:00:00+02:00,77.06520518242208,77.94745175598737,63.80413132246958,71.07134246826172,10654,0.0,0.0,0.0
2024-02-01 00:00:00+02:00,71.07134769685403,79.12986048020649,68.30634944047037,76.65591430664062,19563,0.0,0.0,0.0
2024-02-04 00:00:00+02:00,76.65591927768493,77.31078824129972,72.8904296761294,75.03694152832031,21364,0.0,0.0,0.0
2024-02-05 00:00:00+02:00,75.03693882931533,75.03693882931533,73.26334123267775,74.85503387451172,7931,0.0,0.0,0.0
2024-02-06 00:00:00+02:00,74.85503079678412,74.93688594131144,71.85355059132822,72.64485168457031,9540,0.0,0.0,0.0
2024-02-07 00:00:00+02:00,72.64484973120555,74.12739513579919,71.88993103557331,72.48113250732422,3788,0.0,0.0,0.0
2024-02-08 00:00:00+02:00,72.48113947406483,76.40124895589106,71.94450804561819,72.79947662353516,23226,0.0,0.0,0.0
2024-02-11 00:00:00+02:00,72.79946987872027,75.4917032835965,64.7591451013214,72.75399017333984,26550,0.0,0.0,0.0
2024-02-12 00:00:00+02:00,72.753995341072,75.49170864578902,69.13403536667604,73.56348419189453,8692,0.0,0.0,0.0
2024-02-13 00:00:00+02:00,73.56348139275782,72.76308990195872,68.2153967830863,71.22596740722656,7191,0.0,0.0,0.0
2024-02-14 00:00:00+02:00,71.22597405824966,72.76309669651707,70.94401927910414,72.39018249511719,11507,0.0,0.0,0.0
2024-02-15 00:00:00+02:00,72.39017398074547,73.67262674001257,71.48973270801828,72.43565368652344,6401,0.0,0.0,0.0
2024-02-18 00:00:00+02:00,72.43565368652344,72.43565368652344,72.43565368652344,72.43565368652344,0,0.0,0.0,0.0
2024-02-19 00:00:00+02:00,86.67904208604986,103.68741323589518,86.41527502668959,101.47723388671875,132391,0.0,0.0,0.0
2024-02-20 00:00:00+02:00,101.47722801487816,121.76904023740367,100.98607630578881,121.26879119873047,98439,0.0,0.0,0.0
2024-02-21 00:00:00+02:00,121.26878644059668,145.51708949471728,107.34374538420228,129.09991455078125,148158,0.0,0.0,0.0
2024-02-22 00:00:00+02:00,129.09991455078125,129.09991455078125,129.09991455078125,129.09991455078125,0,0.0,0.0,0.0
2024-02-25 00:00:00+02:00,129.09992087528462,134.60263259744053,105.1426687297174,109.8995590209961,22756,0.0,0.0,0.0
2024-02-26 00:00:00+02:00,109.89955177466607,122.78771219687911,97.45706332781316,109.70854949951172,32129,0.0,0.0,0.0
2024-02-27 00:00:00+02:00,109.7085512721041,118.24002106298803,102.87791426617352,105.16085815429688,18270,0.0,0.0,0.0
2024-02-28 00:00:00+02:00,105.16086489152757,105.16995528210069,90.96296551299316,98.80318450927734,17844,0.0,0.0,0.0
2024-02-29 00:00:00+02:00,98.80317759556104,118.55836443209421,99.13970938241276,115.093017578125,54530,0.0,0.0,0.0
2024-03-03 00:00:00+02:00,115.09301580293203,134.6026230256705,115.5114027281375,127.16259002685547,48472,0.0,0.0,0.0
2024-03-04 00:00:00+02:00,127.16260002964339,131.88310797710133,120.96864386865155,124.26116943359375,35786,0.0,0.0,0.0
2024-03-05 00:00:00+02:00,124.2611671453045,130.5097071696761,118.24002566413013,120.61392211914062,20354,0.0,0.0,0.0
2024-03-06 00:00:00+02:00,120.61392545594298,120.37745039431768,101.14979622798533,112.61907958984375,15380,0.0,0.0,0.0
2024-03-07 00:00:00+02:00,112.61907517010162,118.24002429492168,109.14463781069693,111.82777404785156,13525,0.0,0.0,0.0
2024-03-10 00:00:00+02:00,111.82777419374727,117.27591570115082,109.15373528257237,110.64537811279297,20219,0.0,0.0,0.0
2024-03-11 00:00:00+02:00,111.58666962422417,126.58413658027843,111.44907677176688,114.50360870361328,27005,1.026183,0.0,0.0
2024-03-12 00:00:00+02:00,114.50360806677558,114.65954336617041,108.2294342146819,109.63286590576172,22779,0.0,0.0,0.0
2024-03-13 00:00:00+02:00,109.63286876124403,111.81599100268562,99.98312441944702,102.6890869140625,8720,0.0,0.0,0.0
2024-03-14 00:00:00+02:00,102.68908444079936,114.65954359100562,103.01013676146471,113.23776245117188,12757,0.0,0.0,0.0
2024-03-17 00:00:00+02:00,113.23776686864495,119.21841281468775,108.47710719184917,109.88053894042969,15368,0.0,0.0,0.0
2024-03-18 00:00:00+02:00,109.88053572574304,111.90771563641437,100.90039934430804,105.94541931152344,11259,0.0,0.0,0.0
2024-03-19 00:00:00+02:00,105.94541931152344,110.06398819797286,102.826678295774,105.94541931152344,2030,0.0,0.0,0.0
2024-03-20 00:00:00+02:00,105.9454189602825,107.30299104437734,100.90039900979285,104.05583190917969,3938,0.0,0.0,0.0
2024-03-21 00:00:00+02:00,104.055838082876,110.99044549590293,102.73495781438949,108.75228881835938,8782,0.0,0.0,0.0
2024-03-24 00:00:00+02:00,108.75229147562739,110.07317177638846,101.81768389315933,102.77165222167969,9655,0.0,0.0,0.0
2024-03-25 00:00:00+02:00,102.77164761108399,109.1558904479096,103.67057455456865,105.69776153564453,8615,0.0,0.0,0.0
2024-03-26 00:00:00+02:00,105.69775992736258,105.94542146974428,103.19359234066002,103.7623062133789,4736,0.0,0.0,0.0
2024-03-27 00:00:00+02:00,103.76230735735669,109.1558899904512,100.97378630268295,104.49612426757812,6348,0.0,0.0,0.0
2024-03-28 00:00:00+02:00,104.49612462579823,105.47761008275988,101.91858021041352,103.16607666015625,4540,0.0,0.0,0.0
2024-03-31 00:00:00+02:00,103.1660712715135,106.31232940349919,91.81936040522264,100.34085845947266,5310,0.0,0.0,0.0
2024-04-01 00:00:00+02:00,100.34086108658111,105.48678205814836,96.31401840091807,102.06533813476562,4407,0.0,0.0,0.0
2024-04-02 00:00:00+02:00,102.06533813476562,107.73410635486448,97.2312947666411,102.06533813476562,3412,0.0,0.0,0.0
2024-04-03 00:00:00+02:00,102.06534462118233,107.50479409553618,99.18509720962874,104.42274475097656,7786,0.0,0.0,0.0
2024-04-04 00:00:00+02:00,104.42273632912628,107.73410451262346,104.44108577515442,106.65171813964844,3390,0.0,0.0,0.0
2024-04-07 00:00:00+02:00,106.65172015323255,114.65954591948525,105.02814406224849,110.92623138427734,8149,0.0,0.0,0.0
2024-04-08 00:00:00+02:00,110.92623394420588,119.24593050819313,111.94441129532922,116.31981658935547,4752,0.0,0.0,0.0
2024-04-15 00:00:00+02:00,116.31981055800944,121.08047700704896,112.82498993838652,118.8331527709961,9691,0.0,0.0,0.0
2024-04-16 00:00:00+02:00,118.8331527709961,116.94355874979445,112.64153746949927,118.8331527709961,2059,0.0,0.0,0.0
2024-04-17 00:00:00+02:00,118.83315922112429,115.55848278607303,107.32133771789125,112.45808410644531,3547,0.0,0.0,0.0
2024-04-18 00:00:00+02:00,112.45808269720735,114.65037268376956,105.57850985278279,108.24778747558594,2668,0.0,0.0,0.0
2024-04-21 00:00:00+02:00,108.24778747558594,109.7979797977105,102.88172205658746,108.24778747558594,1618,0.0,0.0,0.0
2024-04-22 00:00:00+02:00,108.24778747558594,107.770799839345,102.73495447673999,108.24778747558594,2527,0.0,0.0,0.0
2024-04-23 00:00:00+02:00,108.24778685066084,106.3673674847353,99.12088273079009,99.21261596679688,23383,0.0,0.0,0.0
2024-04-24 00:00:00+02:00,99.21262056279252,102.73495864280794,88.15026222154229,91.28734588623047,10756,0.0,0.0,0.0
2024-04-28 00:00:00+03:00,91.28734588623047,91.28734588623047,91.28734588623047,91.28734588623047,0,0.0,0.0,0.0
2024-04-29 00:00:00+03:00,96.83686201265871,105.48677809650243,96.77265294940005,102.89088439941406,4311,0.0,0.0,0.0
2024-04-30 00:00:00+03:00,102.89089359039909,105.02814931276616,91.81936756286161,98.13023376464844,8158,0.0,0.0,0.0
2024-05-02 00:00:00+03:00,98.42375557279294,104.53281245067117,97.68993169036753,102.53314971923828,4846,0.0,0.0,0.0
2024-05-07 00:00:00+03:00,102.53315360403121,108.6972520555088,100.90040275194909,101.70760345458984,3836,0.0,0.0,0.0
2024-05-08 00:00:00+03:00,101.7075996010755,105.48678069851893,99.08418866905997,102.53314971923828,2743,0.0,0.0,0.0
2024-05-09 00:00:00+03:00,102.53314971923828,107.30299095847707,98.15774459037031,102.53314971923828,997,0.0,0.0,0.0
2024-05-12 00:00:00+03:00,102.5331493751034,105.43174600286562,93.5621877837914,95.7728271484375,8460,0.0,0.0,0.0
2024-05-13 00:00:00+03:00,95.77283358009186,101.81768177878277,90.03068127881966,98.19444274902344,9461,0.0,0.0,0.0
2024-05-14 00:00:00+03:00,98.19443838396009,103.64305527271551,96.49747149780518,100.47845458984375,3352,0.0,0.0,0.0
2024-05-15 00:00:00+03:00,100.4784541825967,102.73495320790735,96.31401863241315,100.79949951171875,5235,0.0,0.0,0.0
2024-05-16 00:00:00+03:00,100.79949951171875,100.79949951171875,97.2312950003409,100.79949951171875,690,0.0,0.0,0.0
2024-05-19 00:00:00+03:00,100.79950519655117,104.5603371175035,94.47947122495644,101.71678161621094,9309,0.0,0.0,0.0
2024-05-20 00:00:00+03:00,101.71678161621094,102.73495900189438,98.35037883564287,101.71678161621094,1697,0.0,0.0,0.0
2024-05-21 00:00:00+03:00,101.7167734986978,102.72577608014731,99.06584541729964,102.61570739746094,6596,0.0,0.0,0.0
2024-05-22 00:00:00+03:00,102.61570739746094,102.1845863949043,100.21244085037024,102.61570739746094,1153,0.0,0.0,0.0
2024-05-23 00:00:00+03:00,102.61570739746094,102.27631262989732,99.98312176375612,102.61570739746094,332,0.0,0.0,0.0
2024-05-26 00:00:00+03:00,102.61570739746094,102.61570739746094,102.61570739746094,102.61570739746094,0,0.0,0.0,0.0
2024-05-27 00:00:00+03:00,102.61571477696435,105.3033349452898,97.23129971667544,98.19444274902344,18345,0.0,0.0,0.0
2024-05-28 00:00:00+03:00,98.19444274902344,99.98312895393984,96.31402330425398,98.19444274902344,1084,0.0,0.0,0.0
2024-05-29 00:00:00+03:00,98.19444274902344,98.14857612909691,95.3967468918325,98.19444274902344,1461,0.0,0.0,0.0
2024-05-30 00:00:00+03:00,98.19444323189649,110.07317003186287,93.69978738927601,108.04598999023438,11882,0.0,0.0,0.0
2024-06-02 00:00:00+03:00,108.04598279026689,113.74226812003513,105.53264753487014,109.8713607788086,10546,0.0,0.0,0.0
2024-06-03 00:00:00+03:00,109.87136715713115,110.07316908684588,105.5418213866597,108.75228881835938,4478,0.0,0.0,0.0
2024-06-04 00:00:00+03:00,108.75229021967836,114.52195974678345,106.58751730654862,112.2746353149414,5183,0.0,0.0,0.0
2024-06-05 00:00:00+03:00,112.27462682054562,114.47609146374518,106.58750924242483,114.05413818359375,6785,0.0,0.0,0.0
2024-06-06 00:00:00+03:00,114.05413818359375,114.05413818359375,108.37620232676461,114.05413818359375,1395,0.0,0.0,0.0
2024-06-09 00:00:00+03:00,114.05414095583322,112.81581925089164,103.01013957407177,107.68824768066406,3370,0.0,0.0,0.0
2024-06-10 00:00:00+03:00,107.68825003641105,110.07316726074106,104.12004542423644,108.53214263916016,2922,0.0,0.0,0.0
2024-06-11 00:00:00+03:00,108.53214537148625,110.02730341171079,105.3858869814783,108.04598999023438,3226,0.0,0.0,0.0
2024-06-12 00:00:00+03:00,108.04598999023438,109.35769554637795,104.57868625395288,108.04598999023438,943,0.0,0.0,0.0
2024-06-13 00:00:00+03:00,108.04598999023438,108.22027474889587,103.05600404267888,108.04598999023438,1218,0.0,0.0,0.0
2024-06-23 00:00:00+03:00,108.0459852968831,107.70659051798604,103.64305588755958,103.6980972290039,7606,0.0,0.0,0.0
2024-06-24 00:00:00+03:00,103.69809931622206,103.70726704142783,101.94609804155526,102.65240478515625,4338,0.0,0.0,0.0
2024-06-25 00:00:00+03:00,102.65240478515625,105.9087317904003,101.90940614594163,102.65240478515625,786,0.0,0.0,0.0
2024-06-26 00:00:00+03:00,102.65240621270944,102.73495773029045,100.909579637275,102.1203842163086,6219,0.0,0.0,0.0
2024-06-27 00:00:00+03:00,102.12038341839424,103.83568580963559,82.55487610251494,101.68926239013672,6769,0.0,0.0,0.0
2024-07-02 00:00:00+03:00,100.46010314937634,102.7074344142592,96.34153428195003,97.72662353515625,8862,0.0,0.0,0.0
2024-07-03 00:00:00+03:00,97.72662353515625,97.72662353515625,95.87372138218258,97.72662353515625,2044,0.0,0.0,0.0
2024-07-04 00:00:00+03:00,97.72662353515625,98.23112133058964,94.47946440419148,97.72662353515625,2265,0.0,0.0,0.0
2024-07-07 00:00:00+03:00,97.72662919929557,98.1485755065414,94.77299805031113,96.11222076416016,3858,0.0,0.0,0.0
2024-07-08 00:00:00+03:00,96.11221475849598,96.77265484970421,94.48863869949503,95.9012451171875,4070,0.0,0.0,0.0
2024-07-09 00:00:00+03:00,95.90125385602985,95.90125385602985,89.43445220497966,90.06737518310547,29169,0.0,0.0,0.0
2024-07-10 00:00:00+03:00,90.06737152547929,94.47946874897242,88.51717217743533,93.85572052001953,13620,0.0,0.0,0.0
2024-07-14 00:00:00+03:00,93.8557184173179,93.8557184173179,89.90225948020685,92.3055191040039,3293,0.0,0.0,0.0
2024-07-15 00:00:00+03:00,92.3055191040039,92.45228668318165,89.9206019284724,92.3055191040039,2821,0.0,0.0,0.0
2024-07-16 00:00:00+03:00,92.30552028195369,110.71525708462937,91.26900048427099,108.61470031738281,70156,0.0,0.0,0.0
2024-07-17 00:00:00+03:00,108.61469561218051,109.15588529776784,99.44193214177986,100.96460723876953,45681,0.0,0.0,0.0
2024-07-18 00:00:00+03:00,100.96461301966215,105.94542414920465,97.68993655316274,99.73546600341797,57088,0.0,0.0,0.0
2024-07-21 00:00:00+03:00,99.73546264466049,101.79933447416666,98.14857144762657,100.73529052734375,26063,0.0,0.0,0.0
2024-07-22 00:00:00+03:00,100.73529073804801,105.48678261762458,98.14857165292027,104.2759780883789,25353,0.0,0.0,0.0
2024-07-23 00:00:00+03:00,104.27597848958017,107.32133577171892,102.73495390113264,105.02814483642578,24419,0.0,0.0,0.0
2024-07-24 00:00:00+03:00,105.0281456052909,105.94542198612314,101.81767827237807,103.93658447265625,8328,0.0,0.0,0.0
2024-07-28 00:00:00+03:00,103.93657888629522,104.56950179449555,94.48863687048721,96.30484008789062,69355,0.0,0.0,0.0
2024-07-29 00:00:00+03:00,96.30484995835828,97.68993932044367,91.72764255440721,92.10372924804688,107213,0.0,0.0,0.0
2024-07-30 00:00:00+03:00,92.1037215483243,93.47046134861388,90.81035853726362,91.65425109863281,21038,0.0,0.0,0.0
2024-07-31 00:00:00+03:00,91.65425498259584,92.91092615316349,90.25082322908807,90.82870483398438,27312,0.0,0.0,0.0
2024-08-01 00:00:00+03:00,90.82869901520178,91.53500570753464,88.97580390992161,89.35189056396484,23437,0.0,0.0,0.0
2024-08-04 00:00:00+03:00,89.35188899477747,90.80118025041516,82.83005385048777,84.49949645996094,32598,0.0,0.0,0.0
2024-08-05 00:00:00+03:00,84.49950702251549,85.30670775935812,77.96849633919828,81.3532485961914,30759,0.0,0.0,0.0
2024-08-06 00:00:00+03:00,81.35324624635965,83.82988972982197,80.40845267302598,81.06888580322266,43648,0.0,0.0,0.0
2024-08-07 00:00:00+03:00,81.06888471863896,82.5548749877941,80.4084515972779,81.34407043457031,24320,0.0,0.0,0.0
2024-08-08 00:00:00+03:00,81.34406839902012,82.55487292194476,80.44513448130087,80.80287170410156,68489,0.0,0.0,0.0
2024-08-11 00:00:00+03:00,80.80287366820266,81.63759854053642,79.89477200350149,80.33506774902344,23270,0.0,0.0,0.0
2024-08-12 00:00:00+03:00,80.33506591786444,90.81036035156251,80.72032031250001,85.99465942382812,235346,0.0,0.0,0.0
2024-08-13 00:00:00+03:00,85.99466147884598,87.12291451668438,83.10523945350407,83.42628479003906,49261,0.0,0.0,0.0
2024-08-14 00:00:00+03:00,83.4262910326222,87.59990171466855,83.47215765481505,84.90310668945312,61872,0.0,0.0,0.0
2024-08-15 00:00:00+03:00,84.90310541475793,86.04053324403527,83.76568458374447,85.30670928955078,42106,0.0,0.0,0.0
2024-08-18 00:00:00+03:00,85.3067074927545,86.68262212973441,84.38943106810123,85.08656311035156,18797,0.0,0.0,0.0
2024-08-19 00:00:00+03:00,85.08656011756743,85.30670449222714,83.47215170744806,83.6831283569336,17086,0.0,0.0,0.0
2024-08-20 00:00:00+03:00,83.68312713749428,84.66461258311824,83.1511051580778,83.57305145263672,21286,0.0,0.0,0.0
2024-08-21 00:00:00+03:00,83.57304825327238,84.83888708848998,83.20613631605676,83.37124633789062,13936,0.0,0.0,0.0
2024-08-22 00:00:00+03:00,83.37124863972991,84.38942596943966,81.82104933628182,82.13292694091797,30571,0.0,0.0,0.0
2024-08-25 00:00:00+03:00,82.13292830460168,86.2239801395147,82.14210302796006,83.18779754638672,29138,0.0,0.0,0.0
2024-08-26 00:00:00+03:00,83.18779559021878,84.83888884446839,82.24300205616102,82.58238983154297,7771,0.0,0.0,0.0
2024-08-27 00:00:00+03:00,82.58239335346548,84.38942898515232,82.2796904612181,82.52735900878906,10827,0.0,0.0,0.0
2024-08-28 00:00:00+03:00,82.52735776576576,84.3894277140826,82.64660117685646,83.49049377441406,15768,0.0,0.0,0.0
2024-08-29 00:00:00+03:00,83.49049083206,87.9576292045221,82.6649477103875,85.75616455078125,89219,0.0,0.0,0.0
2024-09-01 00:00:00+03:00,85.75616793504452,86.70096149915373,84.71047340794661,84.75634002685547,17271,0.0,0.0,0.0
2024-09-02 00:00:00+03:00,84.75634124509324,86.22398209384643,83.0685490203294,83.34373474121094,25228,0.0,0.0,0.0
2024-09-03 00:00:00+03:00,83.34373136256555,87.08622062386824,83.3895979802743,84.85723876953125,54418,0.0,0.0,0.0
2024-09-04 00:00:00+03:00,84.85723613000388,84.84806140709486,83.47214689779062,83.69229125976562,26855,0.0,0.0,0.0
2024-09-05 00:00:00+03:00,83.69229027189948,84.5728747076686,83.68312254736175,83.90326690673828,13241,0.0,0.0,0.0
2024-09-08 00:00:00+03:00,83.90327716938138,84.38943256333927,82.57322213110957,83.0318603515625,11101,0.0,0.0,0.0
2024-09-09 00:00:00+03:00,83.03185712432762,86.21480737028008,82.59156836883346,83.34373474121094,17483,0.0,0.0,0.0
2024-09-10 00:00:00+03:00,83.34373357689796,86.22398088929636,83.01351351575872,84.24266052246094,35663,0.0,0.0,0.0
2024-09-11 00:00:00+03:00,84.24266164875947,90.68194592880232,83.47215282797545,89.54452514648438,106883,0.0,0.0,0.0
2024-09-12 00:00:00+03:00,89.54452365165773,100.90040283293501,89.91142860880308,93.29618072509766,243995,0.0,0.0,0.0
2024-09-16 00:00:00+03:00,93.29618654663726,97.22212861847845,90.99382070608966,91.61756896972656,111136,0.0,0.0,0.0
2024-09-17 00:00:00+03:00,91.61756205934483,92.64491412145259,87.14125585681185,87.37057495117188,46596,0.0,0.0,0.0
2024-09-18 00:00:00+03:00,87.37057397440257,92.64491308571822,87.61823551430676,88.14108276367188,44964,0.0,0.0,0.0
2024-09-19 00:00:00+03:00,88.14108969763983,89.70046384348721,86.47164685795973,86.63675689697266,30918,0.0,0.0,0.0
2024-09-22 00:00:00+03:00,86.63674959762425,89.43444530122426,86.72848283244124,87.453125,24036,0.0,0.0,0.0
2024-09-23 00:00:00+03:00,87.45312608502041,95.83703857670429,88.88408198641271,92.4339370727539,111887,0.0,0.0,0.0
2024-09-24 00:00:00+03:00,90.86539582523812,92.11289226000298,89.20512781940606,89.90225982666016,19748,0.0,0.0,0.0
2024-09-25 00:00:00+03:00,90.70945928962128,93.56218934823742,90.26917055289232,90.86539459228516,26622,0.0,0.0,0.0
2024-09-26 00:00:00+03:00,90.86539866221281,92.11289513592665,89.20513060454431,89.91143035888672,19748,0.0,0.0,0.0
2024-09-29 00:00:00+03:00,89.91142657186312,96.20394302038505,90.09488604454299,91.74597930908203,67884,0.0,0.0,0.0
2024-09-30 00:00:00+03:00,91.74598207755544,94.43360219861174,90.81036323257695,91.70929718017578,36707,0.0,0.0,0.0
2024-10-01 00:00:00+03:00,91.70929190444603,92.16793007620643,89.75548881385832,89.89308166503906,12534,0.0,0.0,0.0
2024-10-02 00:00:00+03:00,89.89308141976001,89.84721480340387,86.24231850327277,86.2881851196289,38700,0.0,0.0,0.0
2024-10-03 00:00:00+03:00,86.2881876417812,87.59989312770779,86.22397857596368,87.51734161376953,15587,0.0,0.0,0.0
2024-10-07 00:00:00+03:00,87.51734122215694,87.69161897244565,85.95796720486669,86.25149536132812,17914,0.0,0.0,0.0
2024-10-08 00:00:00+03:00,86.25149484560852,86.9394521142887,83.03185286867154,83.4171142578125,11817,0.0,0.0,0.0
2024-10-09 00:00:00+03:00,83.417117363349,85.11407728961696,82.55487531505852,83.6831283569336,18747,0.0,0.0,0.0
2024-10-10 00:00:00+03:00,83.68312688041496,87.53568486117048,84.3986013341327,84.8388900756836,14170,0.0,0.0,0.0
2024-10-13 00:00:00+03:00,84.83889060888791,99.06584925275575,88.62724654531243,89.64542388916016,225903,0.0,0.0,0.0
2024-10-14 00:00:00+03:00,89.64542486664847,91.26900100120277,87.15043196076277,87.35223388671875,27609,0.0,0.0,0.0
2024-10-15 00:00:00+03:00,87.35222938414465,91.26899629673878,86.82938214760141,87.10456085205078,45869,0.0,0.0,0.0
2024-10-16 00:00:00+03:00,87.10456435579512,93.56219092196552,88.05853263243813,88.12274169921875,65722,0.0,0.0,0.0
2024-10-17 00:00:00+03:00,88.12274465111302,89.89308840681035,86.22398275755278,86.4349594116211,19602,0.0,0.0,0.0
2024-10-20 00:00:00+03:00,86.43495104923888,87.5998889009371,83.98581794662707,84.28852081298828,13216,0.0,0.0,0.0
2024-10-21 00:00:00+03:00,84.28852441866819,86.04052563079996,83.52718335795343,85.24249267578125,15582,0.0,0.0,0.0
2024-10-22 00:00:00+03:00,85.24249473003019,87.0495303280338,84.53619499288197,85.27001190185547,13963,0.0,0.0,0.0
2024-10-23 00:00:00+03:00,85.2700102539584,88.9666328940019,85.03151643897594,85.99465942382812,24354,0.0,0.0,0.0
2024-10-24 00:00:00+03:00,85.99465697043368,88.05852873772409,85.82037222619608,86.2881851196289,17327,0.0,0.0,0.0
2024-10-27 00:00:00+03:00,86.28818650305446,87.41643949983116,85.93044928418304,86.26984405517578,17619,0.0,0.0,0.0
2024-10-28 00:00:00+03:00,86.26984424236835,87.39809024332997,85.3984275035815,86.70095825195312,13697,0.0,0.0,0.0
2024-10-29 00:00:00+03:00,86.70096531840545,90.71864057153962,86.70096531840545,88.60890197753906,31590,0.0,0.0,0.0
2024-10-30 00:00:00+03:00,88.60889338834758,89.83804732781626,85.77451284591015,86.0955581665039,15575,0.0,0.0,0.0
2024-10-31 00:00:00+03:00,86.09556370073022,88.97581104479337,86.14143032016183,87.1412582397461,20402,0.0,0.0,0.0
2024-11-03 00:00:00+02:00,87.1412544542412,88.90242339099638,86.22397809156499,86.82938385009766,23196,0.0,0.0,0.0
2024-11-04 00:00:00+02:00,86.82938411492108,91.72763654738507,86.77434277417362,87.1962890625,55889,0.0,0.0,0.0
2024-11-05 00:00:00+02:00,87.19628341834992,88.05852538552732,85.94878708219393,86.15058898925781,19317,0.0,0.0,0.0
2024-11-06 00:00:00+02:00,86.15059578371823,87.14125595201914,85.94879386073879,86.233154296875,12945,0.0,0.0,0.0
2024-11-07 00:00:00+02:00,86.23315562152013,88.91160100813259,85.77451742525373,88.36123657226562,26310,0.0,0.0,0.0
2024-11-10 00:00:00+02:00,88.36123379720065,89.893083645038,86.2239781901385,86.25149536132812,23534,0.0,0.0,0.0
2024-11-11 00:00:00+02:00,86.25149955269838,87.15043351206806,86.22398238017156,86.24232482910156,12021,0.0,0.0,0.0
2024-11-12 00:00:00+02:00,86.24232193977679,87.5998940578144,86.04969474027895,86.29736328125,10532,0.0,0.0,0.0
2024-11-13 00:00:00+02:00,86.29736287215056,88.3337175404218,85.86624185701487,86.618408203125,34465,0.0,0.0,0.0
2024-11-14 00:00:00+02:00,86.61841470729081,87.82921933093026,86.27901990433938,86.44412994384766,9621,0.0,0.0,0.0
2024-11-17 00:00:00+02:00,86.44412255791875,87.14125455386338,86.2239781901385,86.25149536132812,9990,0.0,0.0,0.0
2024-11-18 00:00:00+02:00,86.2514976640865,86.7651702020423,85.34339599926791,86.08638763427734,10373,0.0,0.0,0.0
2024-11-19 00:00:00+02:00,86.08638830121272,86.39826591471885,85.47181479593097,85.57271575927734,8051,0.0,0.0,0.0
2024-11-20 00:00:00+02:00,85.57272099865871,86.05887639822257,84.41695071027598,84.79303741455078,7731,0.0,0.0,0.0
2024-11-21 00:00:00+02:00,84.79302841691374,87.23297987985137,85.39842717155476,85.88458251953125,10513,0.0,0.0,0.0
2024-11-24 00:00:00+02:00,85.88458687881484,86.2239816664513,84.85724178891176,85.18746185302734,6253,0.0,0.0,0.0
2024-11-25 00:00:00+02:00,85.18746578678987,85.53602831577945,83.94913699004148,84.3619155883789,10072,0.0,0.0,0.0
2024-11-26 00:00:00+02:00,84.36191098115027,85.71947612371795,84.13259188290783,84.69213104248047,5068,0.0,0.0,0.0
2024-11-27 00:00:00+02:00,84.69213007084909,85.66444079679786,84.11424147101934,84.3894271850586,5181,0.0,0.0,0.0
2024-11-28 00:00:00+02:00,84.38942430840163,85.03151495492116,83.48132268024884,83.9307861328125,3941,0.0,0.0,0.0
2024-12-01 00:00:00+02:00,83.93078471300683,85.30669921649874,73.48300780968593,82.87591552734375,9004,0.0,0.0,0.0
2024-12-02 00:00:00+02:00,82.87592268628505,84.38943017051771,83.04103272089704,83.71064758300781,6134,0.0,0.0,0.0
2024-12-03 00:00:00+02:00,83.71064758300781,84.11424444674317,83.19696803184624,83.71064758300781,1196,0.0,0.0,0.0
2024-12-04 00:00:00+02:00,83.71064758300781,84.38025544685492,82.61908640983609,83.71064758300781,2044,0.0,0.0,0.0
2024-12-05 00:00:00+02:00,83.7106457964981,86.1781145410921,83.28869949444211,85.57271575927734,17773,0.0,0.0,0.0
2024-12-08 00:00:00+02:00,85.572710693357,88.96663035581821,85.85706411962838,86.2881851196289,30832,0.0,0.0,0.0
2024-12-09 00:00:00+02:00,86.28818626175631,87.08621920837957,85.40760180251506,86.46247100830078,5091,0.0,0.0,0.0
2024-12-10 00:00:00+02:00,86.46247375073382,87.59989450521446,85.30670354958059,85.46263885498047,6679,0.0,0.0,0.0
2024-12-11 00:00:00+02:00,85.46263853989333,87.12291354447022,84.57287933266564,84.6462631225586,13309,0.0,0.0,0.0
2024-12-12 00:00:00+02:00,84.64626384449852,86.03135314792183,84.71047291163664,85.14159393310547,4553,0.0,0.0,0.0
2024-12-15 00:00:00+02:00,85.14159393310547,86.15977128219807,84.99483335033126,85.14159393310547,2721,0.0,0.0,0.0
2024-12-16 00:00:00+02:00,85.14159301624595,87.14125579763807,85.02234960663452,85.28836059570312,7778,0.0,0.0,0.0
2024-12-17 00:00:00+02:00,88.62440008155598,88.35751043761819,86.27010487309919,86.87059020996094,8949,3.5,0.0,0.0
2024-12-18 00:00:00+02:00,86.8705946953896,87.95719142124375,85.79353156102529,86.38448333740234,7934,0.0,0.0,0.0
2024-12-19 00:00:00+02:00,86.38447898025939,86.64183503350701,84.83083815776169,85.726806640625,4362,0.0,0.0,0.0
2024-12-22 00:00:00+02:00,85.726806640625,86.73714912759903,85.16444112308338,85.726806640625,1026,0.0,0.0,0.0
2024-12-23 00:00:00+02:00,85.72681271867062,87.0707582662523,85.41226964106647,86.03182220458984,3375,0.0,0.0,0.0
2024-12-24 00:00:00+02:00,86.0318158143849,88.5290785223589,85.02146605882362,85.63148498535156,12238,0.0,0.0,0.0
2024-12-25 00:00:00+02:00,85.63148531475368,88.16688239638782,85.87930777710872,86.91825103759766,8361,0.0,0.0,0.0
2024-12-26 00:00:00+02:00,86.91825542241547,91.0263534445484,85.92697279498671,88.19548034667969,43311,0.0,0.0,0.0
2024-12-29 00:00:00+02:00,88.1954788073221,92.43702522034614,88.88175194294844,89.2153549194336,38802,0.0,0.0,0.0
2024-12-30 00:00:00+02:00,89.215353303921,90.06366111676475,83.92534464459197,85.23116302490234,16470,0.0,0.0,0.0
2024-12-31 00:00:00+02:00,85.23116161484465,87.20419317540126,83.98253025812504,84.86896514892578,9960,0.0,0.0,0.0
2025-01-02 00:00:00+02:00,84.86896506501668,87.68077083060503,85.22163521158846,86.48932647705078,6805,0.0,0.0,0.0
2025-01-05 00:00:00+02:00,86.48933118331641,90.49258879229313,85.80305803480613,89.6728744506836,31932,0.0,0.0,0.0
2025-01-06 00:00:00+02:00,89.67287553600526,100.08133235572024,90.42586929017874,100.04320526123047,199376,0.0,0.0,0.0
2025-01-08 00:00:00+02:00,100.04320373981622,108.65973061947412,100.07179724224878,103.58894348144531,165453,0.0,0.0,0.0
2025-01-09 00:00:00+02:00,103.58894179108522,108.37377928271049,97.71750032075676,98.60393524169922,100343,0.0,0.0,0.0
2025-01-12 00:00:00+02:00,98.60393679762633,106.26730814140853,97.70797554322365,102.49281311035156,81341,0.0,0.0,0.0
2025-01-13 00:00:00+02:00,102.49280818297524,103.89394791005272,92.45608208509277,93.39970397949219,57481,0.0,0.0,0.0
2025-01-14 00:00:00+02:00,93.39970552262196,97.21232752726658,91.50292811147108,93.57127380371094,43382,0.0,0.0,0.0
2025-01-15 00:00:00+02:00,93.57127389684553,98.17501671731603,92.64671189627906,94.90569305419922,16840,0.0,0.0,0.0
2025-01-16 00:00:00+02:00,94.90569622635152,95.41086749583482,91.80794074095428,93.72378540039062,20153,0.0,0.0,0.0
2025-01-19 00:00:00+02:00,94.90569459437393,95.41086585517041,91.80793916224502,92.69437408447266,33070,0.0,0.0,0.0
2025-01-20 00:00:00+02:00,92.36076940027078,93.88581674580273,90.83572205473884,91.04541015625,25008,0.0,0.0,0.0
2025-01-21 00:00:00+02:00,91.04540886563079,104.8471035090468,89.7014634111817,96.4974594116211,83080,0.0,0.0,0.0
2025-01-22 00:00:00+02:00,96.49745956346891,101.98763721019628,95.31554879457596,96.78340911865234,38694,0.0,0.0,0.0
2025-01-23 00:00:00+02:00,96.78341369251166,99.41412499972577,94.38145767705541,95.24883270263672,14133,0.0,0.0,0.0
2025-01-26 00:00:00+02:00,95.24883437836758,99.22349127558562,95.33461488728607,95.46806335449219,16564,0.0,0.0,0.0
2025-01-27 00:00:00+02:00,95.46806345401794,98.12736104126007,92.45608842307739,92.60859680175781,20141,0.0,0.0,0.0
2025-01-28 00:00:00+02:00,92.60859497609871,95.22023909751783,91.59824516725806,92.57999420166016,12269,0.0,0.0,0.0
2025-01-29 00:00:00+02:00,92.57999596017049,95.30602141512453,90.58790435108857,92.46562194824219,27472,0.0,0.0,0.0
2025-01-30 00:00:00+02:00,92.46561555068953,94.69599589297187,91.50292647556805,91.82699584960938,10527,0.0,0.0,0.0
2025-02-02 00:00:00+02:00,91.82699900254084,95.7825958518584,91.83653259386918,93.26626586914062,15242,0.0,0.0,0.0
2025-02-03 00:00:00+02:00,93.26626891725334,95.10585941577044,91.7888821810555,92.03669738769531,6962,0.0,0.0,0.0
2025-02-04 00:00:00+02:00,92.0366959806524,93.40924227582687,92.1892043565605,92.62765502929688,3933,0.0,0.0,0.0
2025-02-05 00:00:00+02:00,92.62765208743419,92.98032224152112,91.53152180440664,92.3321762084961,6916,0.0,0.0,0.0
2025-02-06 00:00:00+02:00,92.33217929564921,92.92313107328404,91.07401428029813,91.96044921875,3504,0.0,0.0,0.0
2025-02-09 00:00:00+02:00,91.96044739261478,93.40924057740082,91.51246313652979,91.93184661865234,11139,0.0,0.0,0.0
2025-02-10 00:00:00+02:00,91.93184676161036,93.31392662529834,91.03588552004658,91.74121856689453,9149,0.0,0.0,0.0
2025-02-11 00:00:00+02:00,91.7412215647095,92.36077412578021,87.83328526934001,89.89209747314453,5887,0.0,0.0,0.0
2025-02-12 00:00:00+02:00,89.89209618196838,89.39645850343081,85.79353174452416,88.00485229492188,5081,0.0,0.0,0.0
2025-02-13 00:00:00+02:00,88.00485229492188,91.45527067766334,86.94684906927473,88.00485229492188,3166,0.0,0.0,0.0
2025-02-16 00:00:00+02:00,88.00484924020469,93.20907740820475,88.67205518276904,89.56802368164062,15831,0.0,0.0,0.0
2025-02-17 00:00:00+02:00,89.56802369710546,90.54977270076225,89.69193129446042,90.52117919921875,5970,0.0,0.0,0.0
2025-02-18 00:00:00+02:00,90.52117900318707,92.83734715918648,90.60695950763181,91.52198791503906,5040,0.0,0.0,0.0
2025-02-19 00:00:00+02:00,91.52198634333972,91.49339284234918,85.78399353126166,90.63555145263672,8179,0.0,0.0,0.0
2025-02-20 00:00:00+02:00,90.6355530485453,91.97950579475899,88.68158863579409,89.75865173339844,7327,0.0,0.0,0.0
2025-02-23 00:00:00+02:00,89.75865017029888,90.31148209622046,88.17641584852237,89.11050415039062,6665,0.0,0.0,0.0
2025-02-24 00:00:00+02:00,89.11050415039062,89.59661548332161,88.80549468643375,89.11050415039062,2895,0.0,0.0,0.0
2025-02-25 00:00:00+02:00,89.11051023741275,90.05413946673676,88.84362784722,89.17723083496094,3419,0.0,0.0,0.0
2025-02-26 00:00:00+02:00,89.17722951753424,89.86350266617703,88.64346474503412,88.71971893310547,4511,0.0,0.0,0.0
2025-02-27 00:00:00+02:00,88.71972036808789,92.26546017875918,88.65299977044621,89.70146942138672,23596,0.0,0.0,0.0
2025-03-02 00:00:00+02:00,89.70146942138672,91.12166915518794,88.69112686509857,89.70146942138672,2089,0.0,0.0,0.0
2025-03-03 00:00:00+02:00,89.70146942138672,89.59662172909269,88.4528379775212,89.70146942138672,1906,0.0,0.0,0.0
2025-03-04 00:00:00+02:00,89.7014630824115,89.69192949142219,88.50048513773167,88.72924041748047,6664,0.0,0.0,0.0
2025-03-05 00:00:00+02:00,88.72924041748047,89.34879293579938,88.52907863870037,88.72924041748047,2539,0.0,0.0,0.0
2025-03-06 00:00:00+02:00,88.72924041748047,89.11050406506128,88.50048513773167,88.72924041748047,1994,0.0,0.0,0.0
2025-03-09 00:00:00+02:00,88.72924679532709,89.59662183772022,88.50049149913539,88.65299987792969,4830,0.0,0.0,0.0
2025-03-10 00:00:00+02:00,88.65299513430007,90.45445844841674,89.12003929336753,89.75865173339844,4806,0.0,0.0,0.0
2025-03-11 00:00:00+02:00,89.75865008434889,89.59661539752679,88.64345991457438,88.72924041748047,6874,0.0,0.0,0.0
2025-03-12 00:00:00+02:00,88.7292405703337,90.05413338415923,88.6720535682978,89.01519012451172,4690,0.0,0.0,0.0
2025-03-13 00:00:00+02:00,89.01519020081578,89.96834568622724,88.64346014326526,89.15816497802734,6299,0.0,0.0,0.0
2025-03-16 00:00:00+02:00,89.15817107318615,89.58708816214386,88.65299979490273,88.98660278320312,3701,0.0,0.0,0.0
2025-03-17 00:00:00+02:00,88.98659970285371,99.128173828125,88.67205663677305,96.26870727539062,34640,0.0,0.0,0.0
2025-03-18 00:00:00+02:00,96.26870571278116,105.8002607338486,96.26870571278116,99.29020690917969,76106,0.0,0.0,0.0
2025-03-19 00:00:00+02:00,99.29021024433608,99.29021024433608,96.74528671350699,96.96451568603516,15889,0.0,0.0,0.0
2025-03-20 00:00:00+02:00,96.96451407514843,97.21232927406375,93.42830070293928,95.93510437011719,5156,0.0,0.0,0.0
2025-03-23 00:00:00+02:00,95.93510437011719,95.88744368540297,93.4092407922533,95.93510437011719,1737,0.0,0.0,0.0
2025-03-24 00:00:00+02:00,95.93510724828305,113.23488187862912,92.51327505352933,100.1861801147461,58541,0.0,0.0,0.0
2025-03-25 00:00:00+02:00,100.1861755672364,102.92173448054498,99.42364825554081,100.29102325439453,7340,0.0,0.0,0.0
2025-03-26 00:00:00+02:00,100.29102325439453,101.02494979250204,98.19407678323135,100.29102325439453,2400,0.0,0.0,0.0
2025-03-27 00:00:00+02:00,100.2910264222097,104.84710870990186,97.22186444009081,99.34740447998047,7394,0.0,0.0,0.0
2025-04-03 00:00:00+02:00,99.34740136374505,101.024949814644,95.41086447885291,96.85966491699219,3387,0.0,0.0,0.0
2025-04-06 00:00:00+02:00,96.85966638531701,100.0813294191764,90.55930782774034,97.36483764648438,7343,0.0,0.0,0.0
2025-04-07 00:00:00+02:00,97.36483592738294,98.16548305804014,92.55139773626735,95.23929595947266,3563,0.0,0.0,0.0
2025-04-08 00:00:00+02:00,95.2392947638616,108.62159870884284,97.2028000171561,104.50396728515625,93435,0.0,0.0,0.0
2025-04-09 00:00:00+02:00,104.50396876673885,106.2291779001221,94.36239479661968,96.00182342529297,36648,0.0,0.0,0.0
2025-04-10 00:00:00+02:00,96.00182503439561,101.97810693867125,96.2687074161879,97.74610137939453,20223,0.0,0.0,0.0
2025-04-13 00:00:00+02:00,97.74609964219424,100.0813277133732,96.75481704744091,98.81362915039062,4146,0.0,0.0,0.0
2025-04-14 00:00:00+02:00,98.81362915039062,101.50152737524124,98.7945692400297,98.81362915039062,2626,0.0,0.0,0.0
2025-04-15 00:00:00+02:00,98.81363370588723,105.28556073569344,79.20722441607359,100.9963607788086,67631,0.0,0.0,0.0
2025-04-16 00:00:00+02:00,100.99635783916959,111.51919563308527,101.98764045077029,104.27521514892578,91506,0.0,0.0,0.0
2025-04-17 00:00:00+02:00,104.27521336089295,108.65972721517561,101.98763870196306,102.24498748779297,20733,0.0,0.0,0.0
2025-04-22 00:00:00+02:00,102.24499058416926,119.1349077526282,102.9407973212986,116.59951782226562,170933,0.0,0.0,0.0
2025-04-23 00:00:00+02:00,116.59951301065189,126.67435899207887,114.39771888051285,114.845703125,175853,0.0,0.0,0.0
2025-04-27 00:00:00+03:00,114.84570627682842,119.62101745605469,109.71773221017793,115.33181762695312,67459,0.0,0.0,0.0
2025-04-28 00:00:00+03:00,115.33181432421614,119.14443628534725,111.51919236308503,112.5581283569336,31855,0.0,0.0,0.0
2025-04-29 00:00:00+03:00,112.55813489274951,113.42550992983162,106.75342111042976,109.52710723876953,39339,0.0,0.0,0.0
2025-04-30 00:00:00+03:00,109.5271070904596,116.2849764092574,109.26021742956516,109.71773529052734,43729,0.0,0.0,0.0
2025-05-04 00:00:00+03:00,109.71773057810734,113.42550490457249,104.84710537397457,108.34518432617188,15848,0.0,0.0,0.0
2025-05-05 00:00:00+03:00,108.34518914351926,109.60335417306872,105.04727182776084,106.52466583251953,13596,0.0,0.0,0.0
2025-05-06 00:00:00+03:00,106.52466260829877,108.65972893006295,104.37052910387627,105.18070983886719,15214,0.0,0.0,0.0
2025-05-07 00:00:00+03:00,105.18070670851002,111.51919216185279,105.3808684884683,105.88603973388672,27613,0.0,0.0,0.0
2025-05-08 00:00:00+03:00,105.88603987823062,107.56359557654785,104.65647569566777,105.93370056152344,20161,0.0,0.0,0.0
2025-05-11 00:00:00+03:00,105.93370356922377,107.70657341246321,103.04564351646259,104.22755432128906,13400,0.0,0.0,0.0
2025-05-12 00:00:00+03:00,104.22755293235276,106.22917803682057,103.22674401611856,104.81851196289062,6193,0.0,0.0,0.0
2025-05-13 00:00:00+03:00,104.81851656093419,107.22999892888151,104.37053229077802,105.5715103149414,11390,0.0,0.0,0.0
2025-05-14 00:00:00+03:00,105.57150402986375,106.21965005346057,103.5126846824388,103.78910064697266,6568,0.0,0.0,0.0
2025-05-15 00:00:00+03:00,103.78910064697266,105.44758916217657,102.95032643431765,103.78910064697266,2502,0.0,0.0,0.0
2025-05-18 00:00:00+03:00,103.78910529572778,104.84710851798744,100.08133085807891,101.9209213256836,5653,0.0,0.0,0.0
2025-05-19 00:00:00+03:00,101.9209212701717,104.360997103676,100.08133080356897,100.82479095458984,8289,0.0,0.0,0.0
2025-05-20 00:00:00+03:00,100.8247863697112,103.89394820497436,100.84385355179317,101.97810363769531,5226,0.0,0.0,0.0
2025-05-21 00:00:00+03:00,101.97810686312855,101.89232635704435,98.17501838140673,99.0328598022461,13624,0.0,0.0,0.0
2025-05-22 00:00:00+03:00,99.03285650559702,100.65321792391026,98.18454870433901,98.97566223144531,12711,0.0,0.0,0.0
2025-05-25 00:00:00+03:00,98.97566399491399,101.98763887659558,99.12817236603684,99.57615661621094,9353,0.0,0.0,0.0
2025-05-26 00:00:00+03:00,99.57615808490664,102.08295447821729,100.08132934570312,100.31961822509766,8223,0.0,0.0,0.0
2025-05-27 00:00:00+03:00,100.31961988489071,101.98764206824994,99.60475323487961,101.73029327392578,4756,0.0,0.0,0.0
2025-05-28 00:00:00+03:00,101.73029159079306,101.49200271139853,100.19571062573232,100.55790710449219,3366,0.0,0.0,0.0
2025-05-29 00:00:00+03:00,100.557907250849,100.557907250849,98.17501845343553,98.2226791381836,8807,0.0,0.0,0.0
2025-06-01 00:00:00+03:00,98.22267589425236,101.02494808250228,98.22267589425236,99.83350372314453,4728,0.0,0.0,0.0
2025-06-02 00:00:00+03:00,99.8335068052318,107.18233496798551,99.27114854081333,102.32124328613281,28636,0.0,0.0,0.0
2025-06-03 00:00:00+03:00,102.32124494734829,106.74388603586416,103.51268936283209,103.73191833496094,10790,0.0,0.0,0.0
2025-06-04 00:00:00+03:00,103.73191833496094,104.75179446373508,102.94079749779979,103.73191833496094,2762,0.0,0.0,0.0
2025-06-10 00:00:00+03:00,103.73191657918382,104.70413200608294,101.98764023915945,102.89313507080078,3455,0.0,0.0,0.0
2025-06-11 00:00:00+03:00,102.89313228964053,105.3236816991908,102.91219947176994,103.36018371582031,8226,0.0,0.0,0.0
2025-06-12 00:00:00+03:00,103.36018516433293,103.89394991944809,101.03448340790365,101.95904541015625,9349,0.0,0.0,0.0
2025-06-15 00:00:00+03:00,101.95905000348172,101.03448795957695,94.37193272368552,95.84931945800781,14996,0.0,0.0,0.0
2025-06-16 00:00:00+03:00,95.84931508976935,100.55790560335487,97.22186134163219,98.38471221923828,7990,0.0,0.0,0.0
2025-06-17 00:00:00+03:00,98.38471196387952,99.12817209104244,95.31555008754081,96.04947662353516,5612,0.0,0.0,0.0
2025-06-18 00:00:00+03:00,96.04948116133023,109.61288777926131,94.36239904475539,106.04808807373047,41811,0.0,0.0,0.0
2025-06-19 00:00:00+03:00,106.04808837320778,105.99089409533207,98.17502150562582,99.04239654541016,13867,0.0,0.0,0.0
2025-06-22 00:00:00+03:00,99.04239498808026,105.80026423082253,94.45771192645154,100.06227111816406,8912,0.0,0.0,0.0
2025-06-23 00:00:00+03:00,100.06226943503134,103.74144304264337,99.128173828125,102.2259292602539,7045,0.0,0.0,0.0
2025-06-24 00:00:00+03:00,102.2259321097043,108.51675724667078,100.13851914098372,105.38087463378906,23064,0.0,0.0,0.0
2025-06-25 00:00:00+03:00,105.38087014250881,112.47234941576282,104.84710538757551,109.29833984375,46427,0.0,0.0,0.0
2025-06-29 00:00:00+03:00,109.29834169367398,131.15420532226562,111.51919579975235,131.15420532226562,174751,0.0,0.0,0.0
2025-06-30 00:00:00+03:00,131.1541994984904,156.2984311005912,138.20754421314828,152.6764373779297,241980,0.0,0.0,0.0
2025-07-01 00:00:00+03:00,152.67644902263845,156.79408797988654,137.73097697929242,142.01065063476562,112656,0.0,0.0,0.0
2025-07-02 00:00:00+03:00,142.01065213693127,142.73504512677655,131.59265430202697,131.64984130859375,75219,0.0,0.0,0.0
2025-07-06 00:00:00+03:00,131.64983101953766,147.73910027085623,131.64983101953766,139.93275451660156,141940,0.0,0.0,0.0
2025-07-07 00:00:00+03:00,139.9327592086047,147.73910522460938,133.46083964360878,134.8715057373047,68048,0.0,0.0,0.0
2025-07-09 00:00:00+03:00,134.8714981189606,137.15906541433313,132.48860945961502,132.53627014160156,30705,0.0,0.0,0.0
2025-07-10 00:00:00+03:00,132.53628014694112,151.06562608785708,133.00331705127127,147.0337677001953,154827,0.0,0.0,0.0
2025-07-13 00:00:00+03:00,147.03376181298214,158.22381258981198,145.83279112193514,146.44281005859375,150689,0.0,0.0,0.0
2025-07-14 00:00:00+03:00,146.44280539598742,146.88126331025006,140.22822767764532,141.59124755859375,81164,0.0,0.0,0.0
2025-07-15 00:00:00+03:00,141.59125799214297,148.69226383710216,139.16070846292897,141.12420654296875,67439,0.0,0.0,0.0
2025-07-16 00:00:00+03:00,141.1242051259233,144.25055409374013,135.34808495421296,136.329833984375,49890,0.0,0.0,0.0
2025-07-17 00:00:00+03:00,136.3298278491247,142.87800137666352,136.30123434809605,137.0732879638672,67434,0.0,0.0,0.0
2025-07-20 00:00:00+03:00,137.0732898404896,139.06538134075208,133.44176972014543,136.0534210205078,43588,0.0,0.0,0.0
2025-07-21 00:00:00+03:00,136.05341895512564,139.16070059559888,134.3949231779414,135.35760498046875,30123,0.0,0.0,0.0
2025-07-22 00:00:00+03:00,135.35761116763854,137.66424579794077,132.12641451252932,132.7078399658203,17244,0.0,0.0,0.0
2025-07-23 00:00:00+03:00,132.7078399658203,132.7078399658203,132.7078399658203,132.7078399658203,0,0.0,0.0,0.0
2025-07-27 00:00:00+03:00,133.60381309411858,133.91835617418488,131.55453445780742,132.1264190673828,14214,0.0,0.0,0.0
2025-07-28 00:00:00+03:00,132.126406903043,132.91752769025337,128.68551506662132,129.41944885253906,14613,0.0,0.0,0.0
2025-07-29 00:00:00+03:00,129.4194503075462,140.1138559894441,128.67599019438742,132.97471618652344,53151,0.0,0.0,0.0
2025-07-30 00:00:00+03:00,132.97471476071047,137.22579456831727,129.8197724731091,130.84918212890625,15475,0.0,0.0,0.0
2025-07-31 00:00:00+03:00,130.84918658575629,137.254392743996,131.15420332852904,134.74758911132812,19703,0.0,0.0,0.0
2025-08-03 00:00:00+03:00,134.74758911132812,134.74758911132812,134.74758911132812,134.74758911132812,0,0.0,0.0,0.0
2025-08-04 00:00:00+03:00,134.74758911132812,134.74758911132812,134.74758911132812,134.74758911132812,0,0.0,0.0,0.0
2025-08-05 00:00:00+03:00,134.74758911132812,134.74758911132812,134.74758911132812,134.74758911132812,0,0.0,0.0,0.0
2025-08-06 00:00:00+03:00,134.74758911132812,134.74758911132812,134.74758911132812,134.74758911132812,0,0.0,0.0,0.0
2025-08-07 00:00:00+03:00,134.74758911132812,134.74758911132812,134.74758911132812,134.74758911132812,0,0.0,0.0,0.0
2025-08-10 00:00:00+03:00,132.77456679375973,135.33855746861394,132.54580423320803,132.5839385986328,11002,0.0,0.0,0.0
2025-08-11 00:00:00+03:00,132.58394565355724,134.3186812287179,132.5458112861033,132.631591796875,11116,0.0,0.0,0.0
2025-08-12 00:00:00+03:00,132.63158573243967,138.20755138164355,131.64031038395854,137.47361755371094,55494,0.0,0.0,0.0
2025-08-13 00:00:00+03:00,137.47361916883094,143.91695991365538,137.25439746741804,137.31158447265625,58299,0.0,0.0,0.0
2025-08-14 00:00:00+03:00,137.31158905353635,141.06702432545674,136.30124647662373,136.73016357421875,39099,0.0,0.0,0.0
2025-08-17 00:00:00+03:00,136.7301602989435,150.5985764156393,135.34808766468848,143.05911254882812,138518,0.0,0.0,0.0
2025-08-18 00:00:00+03:00,143.05910946724325,150.3126236049289,143.00192246269896,143.1925506591797,99111,0.0,0.0,0.0
2025-08-19 00:00:00+03:00,143.192549333442,160.130126953125,144.879638671875,154.41119384765625,292226,0.0,0.0,0.0
2025-08-20 00:00:00+03:00,154.41119535324827,161.0832840413516,148.69226219201684,150.62716674804688,129886,0.0,0.0,0.0
2025-08-21 00:00:00+03:00,150.6271624619192,155.83139788991178,147.74862878035557,149.39759826660156,57829,0.0,0.0,0.0
2025-08-24 00:00:00+03:00,149.3975960460375,179.2694854736328,149.65493755546586,179.2694854736328,251249,0.0,0.0,0.0
2025-08-25 00:00:00+03:00,179.2694876218244,212.5536758319302,184.91216641880925,197.50335693359375,504468,0.0,0.0,0.0
2025-08-26 00:00:00+03:00,197.50335673171566,208.7505799496696,182.15754742803475,201.2206573486328,333475,0.0,0.0,0.0
2025-08-27 00:00:00+03:00,201.22066189767793,237.33572387695312,186.92332913400605,231.61679077148438,541366,0.0,0.0,0.0
2025-08-28 00:00:00+03:00,231.61679100974774,277.9401550292969,231.7121123792032,277.9401550292969,379534,0.0,0.0,0.0
2025-08-31 00:00:00+03:00,277.94016269798846,329.78227765701763,222.35212434079102,225.24972534179688,380610,0.0,0.0,0.0
2025-09-01 00:00:00+03:00,225.249718895182,240.1951904296875,203.30807480821386,208.74105834960938,209411,0.0,0.0,0.0
2025-09-02 00:00:00+03:00,208.7410582090265,228.74779774535685,210.90472530479138,212.26773071289062,173740,0.0,0.0,0.0
2025-09-03 00:00:00+03:00,212.2677229623939,217.3194499265026,204.92842865876344,205.16671752929688,70122,0.0,0.0,0.0
2025-09-07 00:00:00+03:00,205.16673158962539,211.60053153494465,186.16080764633864,191.98458862304688,53601,0.0,0.0,0.0
2025-09-08 00:00:00+03:00,191.9845824861724,230.377685546875,192.0131759881621,230.377685546875,276858,0.0,0.0,0.0
2025-09-09 00:00:00+03:00,230.377684333627,252.39556793366566,224.94470082421483,225.20205688476562,278257,0.0,0.0,0.0
2025-09-10 00:00:00+03:00,225.20206303262592,231.0639637736493,209.71328554032908,212.44883728027344,81260,0.0,0.0,0.0
2025-09-11 00:00:00+03:00,212.44882997207515,223.97247653937296,209.84671951520116,215.1653289794922,79382,0.0,0.0,0.0
2025-09-14 00:00:00+03:00,215.1653304214059,220.6555009323053,210.85706343671464,210.90472412109375,31600,0.0,0.0,0.0
2025-09-15 00:00:00+03:00,210.90473027140294,216.3663074397427,203.7846572286985,205.1095428466797,25779,0.0,0.0,0.0
2025-09-16 00:00:00+03:00,205.1095384427209,212.55368071842034,199.19997713423726,203.59402465820312,48071,0.0,0.0,0.0
2025-09-17 00:00:00+03:00,203.59402840661542,243.998291015625,199.20950712127475,243.998291015625,193918,0.0,0.0,0.0
2025-09-18 00:00:00+03:00,243.99827956207508,250.67035346013927,225.51659515932116,227.11788940429688,74472,0.0,0.0,0.0
2025-09-21 00:00:00+03:00,227.11789097524007,247.81088869904332,228.74779327672002,239.25155639648438,73643,0.0,0.0,0.0
2025-09-22 00:00:00+03:00,239.25155929330313,256.29399900762036,232.56994440504693,251.89039611816406,65426,0.0,0.0,0.0
2025-09-23 00:00:00+03:00,251.89040147111757,262.11777078090273,239.43266625542842,245.1134796142578,54807,0.0,0.0,0.0
2025-09-24 00:00:00+03:00,245.11347949909864,254.3018836793059,241.7297744599896,242.9212188720703,20463,0.0,0.0,0.0
2025-09-25 00:00:00+03:00,242.92121700024927,246.71477190676336,234.57157986056527,237.74557495117188,19797,0.0,0.0,0.0
2025-09-28 00:00:00+03:00,237.74557215505683,241.1388179915676,229.76766518114547,237.4977569580078,13669,0.0,0.0,0.0
2025-09-29 00:00:00+03:00,237.49775626847318,252.58620971081817,234.61922256095852,244.14126586914062,32113,0.0,0.0,0.0
2025-09-30 00:00:00+03:00,244.14126792942886,284.9934993995072,224.94470186716953,228.66200256347656,89434,0.0,0.0,0.0
2025-10-01 00:00:00+03:00,228.6620028493926,232.53182646771893,209.98968975059688,219.22576904296875,88260,0.0,0.0,0.0
2025-10-02 00:00:00+03:00,219.22576931685748,243.05465728608112,214.4695180423608,228.85264587402344,177336,0.0,0.0,0.0
2025-10-05 00:00:00+03:00,228.85264250184503,238.28887618101365,226.94633149239692,228.4141845703125,51481,0.0,0.0,0.0
2025-10-06 00:00:00+03:00,228.4141799444107,232.4746170764626,220.5697143717195,226.13613891601562,13674,0.0,0.0,0.0
2025-10-07 00:00:00+03:00,226.13615299012332,232.04571445872602,225.89786410393774,226.202880859375,20222,0.0,0.0,0.0
2025-10-08 00:00:00+03:00,226.2028787310232,228.74780226626007,222.57134392276458,223.31480407714844,11880,0.0,0.0,0.0
2025-10-12 00:00:00+03:00,223.31479392893814,226.7556858384763,219.2448304478158,222.92401123046875,13471,0.0,0.0,0.0
2025-10-13 00:00:00+03:00,222.92401886174082,226.08848764215458,220.54113004901998,222.68572998046875,16629,0.0,0.0,0.0
2025-10-14 00:00:00+03:00,222.6857346534885,232.56995300199344,221.13208646091178,223.34341430664062,36205,0.0,0.0,0.0
2025-10-15 00:00:00+03:00,223.34340786002576,231.60726445214823,222.08523559570312,222.5618133544922,43068,0.0,0.0,0.0
2025-10-16 00:00:00+03:00,222.5618072999314,226.32676858314335,221.1416003815356,221.2083282470703,17811,0.0,0.0,0.0
2025-10-19 00:00:00+03:00,221.20833426481113,231.51194308279082,221.33224913617596,223.5149688720703,40782,0.0,0.0,0.0
2025-10-20 00:00:00+03:00,223.51496561879665,226.85100988176376,221.13207685953444,221.45614624023438,22747,0.0,0.0,0.0
2025-10-21 00:00:00+03:00,221.45614667391118,227.80416583157677,218.74918852864798,221.83741760253906,30425,0.0,0.0,0.0
2025-10-22 00:00:00+03:00,221.83742068183588,229.71048003130142,221.90413400527254,222.65713500976562,63854,0.0,0.0,0.0
2025-10-23 00:00:00+03:00,222.65713501348526,225.88833164051832,219.27343001288153,219.79766845703125,20818,0.0,0.0,0.0
2025-10-26 00:00:00+03:00,219.79767449066694,223.03839752600916,219.2257753460774,219.24484252929688,18136,0.0,0.0,0.0
2025-10-27 00:00:00+03:00,219.24483153570512,224.93517101744263,211.6291138773265,212.6585235595703,29715,0.0,0.0,0.0
2025-10-28 00:00:00+03:00,212.6585269256237,220.17892333572016,211.60052372523757,212.6204071044922,17404,0.0,0.0,0.0
2025-10-29 00:00:00+03:00,212.62041150207648,218.25354964269658,211.70537579200663,213.18276977539062,5462,0.0,0.0,0.0
2025-10-30 00:00:00+03:00,213.18276669182967,224.75407410105342,211.60052504105303,218.0819854736328,46660,0.0,0.0,0.0
2025-11-02 00:00:00+02:00,218.08197506284318,261.6983642578125,214.93655909412942,261.6983642578125,346268,0.0,0.0,0.0
2025-11-03 00:00:00+02:00,261.6983798917991,295.47821418939424,241.62492676455304,254.64503479003906,399848,0.0,0.0,0.0
2025-11-04 00:00:00+02:00,254.64503663245267,264.02408362144155,241.14835074449354,243.04513549804688,62398,0.0,0.0,0.0
2025-11-05 00:00:00+02:00,243.04513038682302,281.1808773659363,244.00781222264303,251.53773498535156,148978,0.0,0.0,0.0
2025-11-06 00:00:00+02:00,251.53774823649618,271.6493365116233,254.73082520256602,261.9938659667969,78509,0.0,0.0,0.0
2025-11-09 00:00:00+02:00,261.99385246261954,276.129165077582,253.68233518581837,254.0159454345703,98390,0.0,0.0,0.0
2025-11-10 00:00:00+02:00,254.0159454345703,271.6493225097656,256.3988342285156,261.16461181640625,89200,0.0,0.0,0.0
2025-11-11 00:00:00+02:00,261.1646260445631,265.9304038920916,258.30515933604596,258.37188720703125,34047,0.0,0.0,0.0
2025-11-12 00:00:00+02:00,258.3718707396138,263.9764297851788,255.47426984835616,255.57913208007812,27085,0.0,0.0,0.0
2025-11-13 00:00:00+02:00,255.57912662732517,290.71242396826807,256.4083672481715,278.72174072265625,336405,0.0,0.0,0.0
2025-11-16 00:00:00+02:00,278.72173773912635,284.8886548467145,266.8835339009444,269.73345947265625,60403,0.0,0.0,0.0
2025-11-17 00:00:00+02:00,269.73347700257347,320.15542834759617,270.04803462010653,309.91851806640625,461855,0.0,0.0,0.0
2025-11-18 00:00:00+02:00,309.918502752815,316.4476236979167,296.6696472167969,296.6696472167969,121926,0.0,0.0,0.0
2025-11-19 00:00:00+02:00,296.66964733955456,334.5575782046061,300.24398044003107,324.1205139160156,269866,0.0,0.0,0.0
2025-11-20 00:00:00+02:00,324.12050687771756,328.83863810309094,312.6445359290136,318.4492492675781,65035,0.0,0.0,0.0
2025-11-23 00:00:00+02:00,318.44925689147357,328.810052474368,309.77553606407986,318.2109680175781,54674,0.0,0.0,0.0
2025-11-24 00:00:00+02:00,318.21097110919703,323.97755027829385,307.9740612073525,308.3553466796875,30600,0.0,0.0,0.0
2025-11-25 00:00:00+02:00,308.35535770711067,341.2201420730667,308.37441034620974,315.0655517578125,236924,0.0,0.0,0.0
2025-11-26 00:00:00+02:00,315.0655394293987,327.8854925615538,312.87329341084313,314.6461486816406,62911,0.0,0.0,0.0
2025-11-27 00:00:00+02:00,314.6461401311113,319.29754350675495,310.7286850880979,314.09332275390625,17658,0.0,0.0,0.0
2025-11-30 00:00:00+02:00,314.09333216950694,326.83701660796083,315.4944719243525,316.3618469238281,35012,0.0,0.0,0.0
2025-12-01 00:00:00+02:00,316.361850741945,323.1197198584544,306.4871444724292,307.6785888671875,35061,0.0,0.0,0.0
2025-12-02 00:00:00+02:00,307.67860279396183,310.91935496479226,294.54412035514645,297.0414123535156,39741,0.0,0.0,0.0
2025-12-03 00:00:00+02:00,297.0413962646646,316.4285757930734,291.92292675641716,299.6148986816406,57523,0.0,0.0,0.0
2025-12-04 00:00:00+02:00,299.6148977606502,307.6213981799603,295.6211738701995,297.8706359863281,11126,0.0,0.0,0.0
2025-12-07 00:00:00+02:00,297.8706260493812,304.0470548954906,295.47819650500435,298.27093505859375,6941,0.0,0.0,0.0
2025-12-08 00:00:00+02:00,298.27093483664424,309.7659875005681,297.403559866667,299.6053466796875,22877,0.0,0.0,0.0
2025-12-09 00:00:00+02:00,299.6053610416129,314.1600644113496,300.14866666775197,312.635009765625,42998,0.0,0.0,0.0
2025-12-10 00:00:00+02:00,312.6350094747427,323.11972015834687,306.45855125490385,307.2973327636719,35663,0.0,0.0,0.0
2025-12-11 00:00:00+02:00,307.29732089192663,313.57861201369883,302.6649992220054,304.2091064453125,9889,0.0,0.0,0.0
2025-12-14 00:00:00+02:00,304.2091306044035,310.7287111139022,300.720577780479,301.997802734375,12236,0.0,0.0,0.0
2025-12-15 00:00:00+02:00,301.9977941706423,305.96292465990996,300.2439914886967,305.2575988769531,10369,0.0,0.0,0.0
2025-12-16 00:00:00+02:00,305.2575839940379,306.91606522467055,287.8529555833867,291.2747802734375,15592,0.0,0.0,0.0
2025-12-17 00:00:00+02:00,291.2747773389974,317.40077232973096,292.9999864171133,303.41796875,58707,0.0,0.0,0.0
2025-12-18 00:00:00+02:00,303.4179709938375,313.39751002783163,295.47819864823424,301.3496398925781,24325,0.0,0.0,0.0
2025-12-21 00:00:00+02:00,301.3496652258155,305.6769996112133,299.3956788757573,299.5481872558594,6513,0.0,0.0,0.0
2025-12-22 00:00:00+02:00,299.54817083538273,309.2989621476488,300.25352569068883,301.5212097167969,25128,0.0,0.0,0.0
2025-12-23 00:00:00+02:00,301.52120085956057,307.8692198428552,299.29082052834843,300.396484375,13471,0.0,0.0,0.0
2025-12-24 00:00:00+02:00,300.3964911458109,304.05660477860494,297.48934941534867,300.34881591796875,8443,0.0,0.0,0.0
2025-12-25 00:00:00+02:00,300.3488272159259,318.35394926694545,301.19714960585253,306.6492004394531,140949,0.0,0.0,0.0
2025-12-28 00:00:00+02:00,321.7200012207031,320.0,312.9800109863281,314.6300048828125,30760,15.070809,0.0,0.0
2025-12-29 00:00:00+02:00,314.6300048828125,317.9800109863281,314.0,314.2900085449219,8355,0.0,0.0,0.0
2025-12-30 00:00:00+02:00,314.2900085449219,325.0,314.0,315.7099914550781,20793,0.0,0.0,0.0
2025-12-31 00:00:00+02:00,315.7099914550781,319.989990234375,313.0,313.07000732421875,9770,0.0,0.0,0.0
2026-01-04 00:00:00+02:00,313.07000732421875,318.0,313.0,313.79998779296875,3582,0.0,0.0,0.0
2026-01-05 00:00:00+02:00,313.79998779296875,316.0,305.0,305.6099853515625,12240,0.0,0.0,0.0
2026-01-06 00:00:00+02:00,305.6099853515625,315.989990234375,306.0,307.2900085449219,7263,0.0,0.0,0.0
2026-01-08 00:00:00+02:00,307.2900085449219,313.0,301.010009765625,303.9200134277344,5884,0.0,0.0,0.0
2026-01-11 00:00:00+02:00,303.9200134277344,311.75,302.0,302.6600036621094,3337,0.0,0.0,0.0
2026-01-12 00:00:00+02:00,302.6600036621094,309.8500061035156,302.0299987792969,303.0,4901,0.0,0.0,0.0
2026-01-13 00:00:00+02:00,303.0,304.0,290.6600036621094,291.6400146484375,7174,0.0,0.0,0.0
2026-01-14 00:00:00+02:00,291.6400146484375,291.0,265.0199890136719,276.510009765625,8040,0.0,0.0,0.0
2026-01-15 00:00:00+02:00,276.510009765625,287.0,275.0,276.510009765625,15000,0.0,0.0,0.0
2026-01-18 00:00:00+02:00,276.510009765625,282.0,277.0,277.2099914550781,2577,0.0,0.0,0.0
2026-01-19 00:00:00+02:00,277.2099914550781,281.75,276.0199890136719,278.0400085449219,1607,0.0,0.0,0.0
2026-01-20 00:00:00+02:00,278.0400085449219,281.5,272.29998779296875,273.2900085449219,6605,0.0,0.0,0.0
2026-01-21 00:00:00+02:00,273.2900085449219,276.0,270.0,271.2300109863281,5404,0.0,0.0,0.0
2026-01-22 00:00:00+02:00,271.2300109863281,299.5,270.05999755859375,285.1300048828125,51463,0.0,0.0,0.0
2026-01-25 00:00:00+02:00,285.1300048828125,295.0,280.05999755859375,281.7799987792969,8910,0.0,0.0,0.0
2026-01-26 00:00:00+02:00,281.7799987792969,287.8999938964844,278.0,280.6600036621094,5772,0.0,0.0,0.0
2026-01-27 00:00:00+02:00,280.6600036621094,281.8999938964844,276.2099914550781,278.1000061035156,1716,0.0,0.0,0.0
2026-01-28 00:00:00+02:00,278.1000061035156,280.0,260.1499938964844,268.75,7840,0.0,0.0,0.0
2026-02-01 00:00:00+02:00,268.75,279.9599914550781,268.75,274.17999267578125,1330,0.0,0.0,0.0
2026-02-02 00:00:00+02:00,274.17999267578125,282.0,271.0199890136719,273.29998779296875,15667,0.0,0.0,0.0
2026-02-03 00:00:00+02:00,273.29998779296875,287.989990234375,273.6099853515625,279.8999938964844,21610,0.0,0.0,0.0
2026-02-04 00:00:00+02:00,279.8999938964844,289.0,282.0,283.4599914550781,7784,0.0,0.0,0.0
