Date,Open,High,Low,Close,Volume,Dividends,Stock Splits,Capital Gains
2021-01-03 00:00:00+02:00,14.416794776916504,14.416794776916504,14.416794776916504,14.416794776916504,0,0.0,0.0,0.0
2021-01-04 00:00:00+02:00,14.416794776916504,14.416794776916504,14.416794776916504,14.416794776916504,0,0.0,0.0,0.0
2021-01-05 00:00:00+02:00,14.416794776916504,14.331989778254009,13.916447064080678,14.416794776916504,76,0.0,0.0,0.0
2021-01-06 00:00:00+02:00,14.416794776916504,14.815376167853174,13.806201698084003,14.416794776916504,3217,0.0,0.0,0.0
2021-01-10 00:00:00+02:00,14.416794776916504,14.416794776916504,14.416794776916504,14.416794776916504,0,0.0,0.0,0.0
2021-01-11 00:00:00+02:00,14.416794776916504,14.391352792061513,14.357431763109002,14.416794776916504,500,0.0,0.0,0.0
2021-01-12 00:00:00+02:00,14.416794776916504,14.357431763109002,14.009732724361504,14.416794776916504,3845,0.0,0.0,0.0
2021-01-13 00:00:00+02:00,14.416794043465258,14.103016049633657,14.07757568359375,14.07757568359375,64789,0.0,0.0,0.0
2021-01-14 00:00:00+02:00,14.07757568359375,14.103016049633657,14.07757568359375,14.07757568359375,82796,0.0,0.0,0.0
2021-01-17 00:00:00+02:00,14.077575543488091,14.255664574077946,13.992770549984044,14.052133560180664,17000,0.0,0.0,0.0
2021-01-18 00:00:00+02:00,14.052133700033114,14.07757568359375,14.07757568359375,14.07757568359375,23086,0.0,0.0,0.0
2021-01-19 00:00:00+02:00,14.07757568359375,14.086056344780628,14.07757568359375,14.07757568359375,4110,0.0,0.0,0.0
2021-01-20 00:00:00+02:00,14.07757568359375,14.07757568359375,14.07757568359375,14.07757568359375,0,0.0,0.0,0.0
2021-01-21 00:00:00+02:00,14.07757568359375,14.07757568359375,14.07757568359375,14.07757568359375,0,0.0,0.0,0.0
2021-01-24 00:00:00+02:00,14.07757568359375,14.07757568359375,14.07757568359375,14.07757568359375,0,0.0,0.0,0.0
2021-01-25 00:00:00+02:00,14.07757568359375,14.07757568359375,14.07757568359375,14.07757568359375,0,0.0,0.0,0.0
2021-01-26 00:00:00+02:00,14.07757568359375,14.416794043465258,13.789239673322786,14.07757568359375,79,0.0,0.0,0.0
2021-01-27 00:00:00+02:00,14.07757568359375,13.806200995696544,13.585708657399882,14.07757568359375,4550,0.0,0.0,0.0
2021-01-31 00:00:00+02:00,14.07757568359375,13.695954017787848,13.695954017787848,14.07757568359375,500,0.0,0.0,0.0
2021-02-01 00:00:00+02:00,14.07757568359375,14.07757568359375,13.789239673322786,14.07757568359375,1429,0.0,0.0,0.0
2021-02-02 00:00:00+02:00,14.07757568359375,13.823160700549572,13.797720334509666,14.07757568359375,4000,0.0,0.0,0.0
2021-02-03 00:00:00+02:00,14.077574618106302,15.180034608627146,14.331987964374003,14.85777759552002,10589,0.0,0.0,0.0
2021-02-04 00:00:00+02:00,14.857777973514231,15.264839984906791,15.052828318449752,15.239398002624512,20000,0.0,0.0,0.0
2021-02-07 00:00:00+02:00,15.239398341527364,16.75740268352796,15.180035332402547,16.155288696289062,73424,0.0,0.0,0.0
2021-02-08 00:00:00+02:00,16.1552879928459,16.324897969406422,15.264839659704705,15.451409339904785,17791,0.0,0.0,0.0
2021-02-09 00:00:00+02:00,15.451411885932888,15.688865568740258,15.383568207633765,15.51077651977539,13313,0.0,0.0,0.0
2021-02-10 00:00:00+02:00,15.510774957515906,16.01112102362607,15.451410329652663,15.621020317077637,6220,0.0,0.0,0.0
2021-02-11 00:00:00+02:00,15.621020411871624,15.680383422574387,15.519254095294942,15.527734756469727,8582,0.0,0.0,0.0
2021-02-14 00:00:00+02:00,15.527734756469727,14.840817376519485,14.671207388065257,15.527734756469727,2500,0.0,0.0,0.0
2021-02-15 00:00:00+02:00,15.527734756469727,15.264840730134328,14.840817376519485,15.527734756469727,4722,0.0,0.0,0.0
2021-02-16 00:00:00+02:00,15.527734756469727,15.527734756469727,15.527734756469727,15.527734756469727,0,0.0,0.0,0.0
2021-02-17 00:00:00+02:00,15.527734756469727,15.256360068959545,14.586404011358871,15.527734756469727,1850,0.0,0.0,0.0
2021-02-18 00:00:00+02:00,15.527734756469727,14.840817376519485,14.840817376519485,15.527734756469727,1002,0.0,0.0,0.0
2021-02-21 00:00:00+02:00,15.527734756469727,14.840817376519485,14.416794022904643,15.527734756469727,2163,0.0,0.0,0.0
2021-02-22 00:00:00+02:00,15.527734897867644,14.840817511662229,14.162380786708823,14.255664825439453,11550,0.0,0.0,0.0
2021-02-23 00:00:00+02:00,14.255664825439453,14.577923482932878,13.331294585500347,14.255664825439453,2791,0.0,0.0,0.0
2021-02-24 00:00:00+02:00,14.255664825439453,14.365911804194845,14.331989159186804,14.255664825439453,742,0.0,0.0,0.0
2021-02-25 00:00:00+02:00,14.255664825439453,14.204782475448134,13.568747439234038,14.255664825439453,6032,0.0,0.0,0.0
2021-02-28 00:00:00+02:00,14.255664825439453,13.619629789225357,13.568747439234038,14.255664825439453,4609,0.0,0.0,0.0
2021-03-01 00:00:00+02:00,14.255664825439453,13.619629789225357,13.619629789225357,14.255664825439453,1000,0.0,0.0,0.0
2021-03-02 00:00:00+02:00,14.25566418735035,14.298067491712413,13.170164667251912,13.721395492553711,12405,0.0,0.0,0.0
2021-03-03 00:00:00+02:00,13.721395492553711,13.568746831891623,13.27193017143986,13.721395492553711,1518,0.0,0.0,0.0
2021-03-04 00:00:00+02:00,13.721395492553711,13.721395492553711,13.721395492553711,13.721395492553711,0,0.0,0.0,0.0
2021-03-07 00:00:00+02:00,13.721395492553711,13.568746831891623,12.983594980620845,13.721395492553711,2925,0.0,0.0,0.0
2021-03-08 00:00:00+02:00,13.721395492553711,13.891003857439955,13.25496965845537,13.721395492553711,2982,0.0,0.0,0.0
2021-03-09 00:00:00+02:00,13.721395492553711,13.721395492553711,13.721395492553711,13.721395492553711,0,0.0,0.0,0.0
2021-03-10 00:00:00+02:00,13.721395492553711,13.551785510146798,12.839426980831169,13.721395492553711,808,0.0,0.0,0.0
2021-03-11 00:00:00+02:00,13.721395492553711,13.153204154267423,12.788543824357028,13.721395492553711,1288,0.0,0.0,0.0
2021-03-14 00:00:00+02:00,13.721396654214443,13.314333794240163,12.839428067823972,12.941193580627441,6624,0.0,0.0,0.0
2021-03-15 00:00:00+02:00,12.941193473792708,13.40761934352838,13.068400161556802,13.356736183166504,32241,0.0,0.0,0.0
2021-03-16 00:00:00+02:00,13.356736315452533,13.40761947631836,13.144724627905667,13.40761947631836,16601,0.0,0.0,0.0
2021-03-17 00:00:00+02:00,13.40761947631836,13.40761947631836,13.40761947631836,13.40761947631836,1600,0.0,0.0,0.0
2021-03-18 00:00:00+02:00,13.407618866494044,14.238705064432526,13.399138205275401,13.517864227294922,12381,0.0,0.0,0.0
2021-03-21 00:00:00+02:00,13.517864227294922,13.568747385846407,13.144724030038708,13.517864227294922,3778,0.0,0.0,0.0
2021-03-22 00:00:00+02:00,13.517864227294922,13.534825549732206,12.737661996668292,13.517864227294922,2423,0.0,0.0,0.0
2021-03-23 00:00:00+02:00,13.517864227294922,13.517864227294922,13.517864227294922,13.517864227294922,0,0.0,0.0,0.0
2021-03-24 00:00:00+02:00,13.517864227294922,12.466286498994313,12.466286498994313,13.517864227294922,36,0.0,0.0,0.0
2021-03-25 00:00:00+02:00,13.517864227294922,12.517169657545798,12.466286498994313,13.517864227294922,1674,0.0,0.0,0.0
2021-03-28 00:00:00+02:00,13.517864227294922,13.305852549391071,12.517169657545798,13.517864227294922,905,0.0,0.0,0.0
2021-03-29 00:00:00+02:00,13.517864227294922,12.559572154878643,12.262755482309105,13.517864227294922,2000,0.0,0.0,0.0
2021-03-30 00:00:00+02:00,13.517864227294922,12.568052007336917,12.559572154878643,13.517864227294922,4200,0.0,0.0,0.0
2021-03-31 00:00:00+02:00,13.517864227294922,12.55109149366,12.55109149366,13.517864227294922,700,0.0,0.0,0.0
2021-04-01 00:00:00+02:00,13.517864227294922,12.686778838116805,12.686778838116805,13.517864227294922,700,0.0,0.0,0.0
2021-04-04 00:00:00+02:00,13.517864227294922,13.017517346800544,12.42388400166147,13.517864227294922,1320,0.0,0.0,0.0
2021-04-05 00:00:00+02:00,13.517864227294922,13.009036685581902,12.21187232375762,13.517864227294922,230,0.0,0.0,0.0
2021-04-06 00:00:00+02:00,13.517864227294922,12.712220013012365,12.169470635185144,13.517864227294922,5820,0.0,0.0,0.0
2021-04-07 00:00:00+02:00,13.517864227294922,12.21187232375762,12.169470635185144,13.517864227294922,2707,0.0,0.0,0.0
2021-04-08 00:00:00+02:00,13.517864227294922,13.280411374495513,12.169470635185144,13.517864227294922,3441,0.0,0.0,0.0
2021-04-11 00:00:00+02:00,13.517864227294922,13.517864227294922,13.517864227294922,13.517864227294922,0,0.0,0.0,0.0
2021-04-12 00:00:00+02:00,13.517864227294922,12.389962165547269,12.296677318423306,13.517864227294922,6022,0.0,0.0,0.0
2021-04-13 00:00:00+02:00,13.517864658263656,13.110802611915524,12.389962560556881,12.398443222045898,23254,0.0,0.0,0.0
2021-04-14 00:00:00+02:00,12.398443222045898,12.398443222045898,12.398443222045898,12.398443222045898,0,0.0,0.0,0.0
2021-04-15 00:00:00+02:00,12.398443222045898,13.042958937524169,13.042958937524169,12.398443222045898,1,0.0,0.0,0.0
2021-04-18 00:00:00+02:00,12.398443222045898,12.398443222045898,12.398443222045898,12.398443222045898,0,0.0,0.0,0.0
2021-04-19 00:00:00+02:00,12.398443222045898,12.381482707828257,12.381482707828257,12.398443222045898,250,0.0,0.0,0.0
2021-04-20 00:00:00+02:00,12.398443222045898,12.381482707828257,12.296677710458866,12.398443222045898,4420,0.0,0.0,0.0
2021-04-21 00:00:00+02:00,12.398443222045898,12.084666025795782,12.084666025795782,12.398443222045898,400,0.0,0.0,0.0
2021-04-22 00:00:00+02:00,12.398443222045898,12.084666025795782,11.881135002621717,12.398443222045898,400,0.0,0.0,0.0
2021-04-25 00:00:00+02:00,12.39844250614966,12.33907949667499,12.084665328017294,12.305157661437988,9150,0.0,0.0,0.0
2021-04-26 00:00:00+02:00,12.305157661437988,11.999860335544613,11.982899822306285,12.305157661437988,2000,0.0,0.0,0.0
2021-04-27 00:00:00+02:00,12.305157661437988,12.805505337754044,12.805505337754044,12.305157661437988,15,0.0,0.0,0.0
2021-04-28 00:00:00+02:00,12.305157661437988,12.305157661437988,12.305157661437988,12.305157661437988,0,0.0,0.0,0.0
2021-05-04 00:00:00+02:00,12.305157661437988,12.97511451393906,11.999860335544613,12.305157661437988,1500,0.0,0.0,0.0
2021-05-05 00:00:00+02:00,12.305158300029769,13.534825902136722,12.873349676306843,13.280411720275879,15019,0.0,0.0,0.0
2021-05-06 00:00:00+02:00,13.280411241833562,14.603363645832419,13.738357237941273,14.493118286132812,42915,0.0,0.0,0.0
2021-05-09 00:00:00+02:00,14.493117338862422,15.934797286987305,15.841511638131983,15.934797286987305,18325,0.0,0.0,0.0
2021-05-10 00:00:00+02:00,15.934798030460026,17.5206444298679,15.85847369920289,17.401918411254883,93368,0.0,0.0,0.0
2021-05-11 00:00:00+02:00,17.401917493223156,18.233002814712062,17.04573783865354,17.67329216003418,136625,0.0,0.0,0.0
2021-05-17 00:00:00+02:00,17.67329360058897,19.437230696160196,17.808980945054394,19.10649299621582,45708,0.0,0.0,0.0
2021-05-18 00:00:00+02:00,19.106493677174527,21.014598846435547,20.946755171784876,21.014598846435547,38707,0.0,0.0,0.0
2021-05-19 00:00:00+02:00,21.01459998426867,23.10927496785478,21.387739406290557,23.015989303588867,105985,0.0,0.0,0.0
2021-05-20 00:00:00+02:00,23.015987546654753,23.685945234294138,22.05769546128889,22.99054718017578,32708,0.0,0.0,0.0
2021-05-23 00:00:00+02:00,22.99054846283051,24.59335634125752,23.490896186761212,24.13541030883789,7098,0.0,0.0,0.0
2021-05-24 00:00:00+02:00,24.13540786379972,24.542471501664302,21.726956768004644,22.329069137573242,36650,0.0,0.0,0.0
2021-05-25 00:00:00+02:00,22.329068552558155,22.38843156011293,20.183509914737424,20.522729873657227,10052,0.0,0.0,0.0
2021-05-26 00:00:00+02:00,20.522729873657227,21.95592756825876,20.522729873657227,20.522729873657227,1420,0.0,0.0,0.0
2021-05-27 00:00:00+02:00,20.52273044428891,22.04073317082825,20.607533818856165,21.370777130126953,9851,0.0,0.0,0.0
2021-05-30 00:00:00+02:00,21.370778596173366,21.523425651378503,19.23370041305187,20.259836196899414,42497,0.0,0.0,0.0
2021-05-31 00:00:00+02:00,20.259835538479475,20.353121194896055,18.24996572629511,19.284582138061523,4884,0.0,0.0,0.0
2021-06-01 00:00:00+02:00,19.28458060032498,21.209646881377346,19.27609993973419,20.7347412109375,12785,0.0,0.0,0.0
2021-06-02 00:00:00+02:00,20.73474199704629,21.201167024578748,18.7079093295825,19.683162689208984,10150,0.0,0.0,0.0
2021-06-03 00:00:00+02:00,19.683163914620337,19.513555538376835,18.758794462919415,19.46267318725586,16242,0.0,0.0,0.0
2021-06-06 00:00:00+02:00,19.46267318725586,19.46267318725586,19.46267318725586,19.46267318725586,0,0.0,0.0,0.0
2021-06-07 00:00:00+02:00,19.46267318725586,21.175726360175364,18.65702814315669,19.46267318725586,2335,0.0,0.0,0.0
2021-06-08 00:00:00+02:00,19.46267318725586,19.49659421549625,18.233004776266768,19.46267318725586,2106,0.0,0.0,0.0
2021-06-09 00:00:00+02:00,19.462674974163207,21.158768597444674,18.784236554338065,19.386350631713867,17581,0.0,0.0,0.0
2021-06-10 00:00:00+02:00,19.386349085777805,20.353121856347663,18.65702836831869,20.259836196899414,14250,0.0,0.0,0.0
2021-06-13 00:00:00+02:00,20.259835538479475,22.27818762945162,18.495898432955983,19.284582138061523,6081,0.0,0.0,0.0
2021-06-14 00:00:00+02:00,19.284583147032663,21.175727035464927,19.505075498949374,20.38704490661621,9865,0.0,0.0,0.0
2021-06-15 00:00:00+02:00,20.38704340304563,21.116362463651793,19.505074060425162,19.86125373840332,25325,0.0,0.0,0.0
2021-06-16 00:00:00+02:00,19.8612535980663,20.751701977959545,18.716390239974483,19.835811614990234,6692,0.0,0.0,0.0
2021-06-17 00:00:00+02:00,19.835811614990234,19.835811614990234,19.835811614990234,19.835811614990234,0,0.0,0.0,0.0
2021-06-20 00:00:00+02:00,19.83581151005752,20.098707147890714,19.250660460089765,19.606840133666992,5926,0.0,0.0,0.0
2021-06-21 00:00:00+02:00,19.606840133666992,19.52203514138276,19.37786713975577,19.606840133666992,1400,0.0,0.0,0.0
2021-06-22 00:00:00+02:00,19.606841433324067,21.557348297549066,19.505075112333177,20.259836196899414,20300,0.0,0.0,0.0
2021-06-23 00:00:00+02:00,20.25983386642306,22.278185790819393,21.540384496686475,22.15945816040039,63478,0.0,0.0,0.0
2021-06-24 00:00:00+02:00,22.159461293668965,23.321286075311853,21.63367320432815,22.481719970703125,19381,0.0,0.0,0.0
2021-06-27 00:00:00+02:00,22.481718868343528,22.888780908038797,21.285973115788195,22.18490219116211,6261,0.0,0.0,0.0
2021-06-28 00:00:00+02:00,22.184903033493104,22.261227371023995,20.522732166199976,21.78632164001465,4375,0.0,0.0,0.0
2021-06-29 00:00:00+02:00,21.78632164001465,21.922008991731605,20.95523458884726,21.78632164001465,408,0.0,0.0,0.0
2021-06-30 00:00:00+02:00,21.78631912082146,21.285971462651016,20.022382134947563,21.040037155151367,7100,0.0,0.0,0.0
2021-07-04 00:00:00+02:00,21.04003741386671,21.794800049509394,20.361600725388556,21.243568420410156,12255,0.0,0.0,0.0
2021-07-05 00:00:00+02:00,21.243568420410156,20.777143399271505,20.454886376624547,21.243568420410156,554,0.0,0.0,0.0
2021-07-06 00:00:00+02:00,21.243568994785274,20.437925607624887,19.250660561926992,19.835811614990234,18655,0.0,0.0,0.0
2021-07-07 00:00:00+02:00,19.835811614990234,20.353120614892028,20.353120614892028,19.835811614990234,440,0.0,0.0,0.0
2021-07-08 00:00:00+02:00,19.835813058391498,19.50507534193919,19.08105196494051,19.37786865234375,16754,0.0,0.0,0.0
2021-07-11 00:00:00+02:00,19.37786636870596,21.201166351424327,18.65702638925341,20.861948013305664,17524,0.0,0.0,0.0
2021-07-12 00:00:00+02:00,20.86194904146824,22.040733431096168,20.607534062200155,21.574308395385742,11673,0.0,0.0,0.0
2021-07-13 00:00:00+02:00,21.57430732503808,21.701513999600774,20.539689372214763,20.912830352783203,4550,0.0,0.0,0.0
2021-07-14 00:00:00+02:00,20.912830352783203,21.616709010718772,20.60753303981624,20.912830352783203,2918,0.0,0.0,0.0
2021-07-15 00:00:00+02:00,20.91283181064057,22.89726124822142,19.50507439663306,20.946754455566406,69600,0.0,0.0,0.0
2021-07-18 00:00:00+02:00,20.946754978983645,23.0414298298737,21.78632105162834,22.3884334564209,21989,0.0,0.0,0.0
2021-07-25 00:00:00+02:00,22.38843346106293,24.62727793943377,22.049215090861527,24.126930236816406,55517,0.0,0.0,0.0
2021-07-26 00:00:00+02:00,24.12692990260321,26.289448398012023,23.490894860715823,24.932573318481445,29305,0.0,0.0,0.0
2021-07-27 00:00:00+02:00,24.932573370671086,26.41665513818152,23.76226960285771,25.322675704956055,250203,0.0,0.0,0.0
2021-07-28 00:00:00+02:00,25.322676395807154,26.459059166762355,24.177812963275173,25.492284774780273,79231,0.0,0.0,0.0
2021-07-29 00:00:00+02:00,25.492283783198783,25.856944129211847,23.931877699225186,24.678159713745117,24477,0.0,0.0,0.0
2021-08-01 00:00:00+02:00,24.67816060446785,26.713472469084405,24.59335560645866,25.75518035888672,70355,0.0,0.0,0.0
2021-08-02 00:00:00+02:00,25.75517920010106,25.4414012068409,24.033643802797364,25.017377853393555,41330,0.0,0.0,0.0
2021-08-03 00:00:00+02:00,25.017377646206516,25.61101098312479,24.338940933317676,25.305713653564453,56134,0.0,0.0,0.0
2021-08-04 00:00:00+02:00,25.305714295418518,27.137495084200385,25.551647003508293,26.331850051879883,82618,0.0,0.0,0.0
2021-08-05 00:00:00+02:00,26.331850150267808,26.280967799700626,24.856249043653378,25.91630744934082,22250,0.0,0.0,0.0
2021-08-08 00:00:00+02:00,25.91630744934082,25.91630744934082,25.91630744934082,25.91630744934082,0,0.0,0.0,0.0
2021-08-09 00:00:00+02:00,25.91630744934082,25.91630744934082,25.91630744934082,25.91630744934082,0,0.0,0.0,0.0
2021-08-10 00:00:00+02:00,28.087308083731944,30.8943440537633,29.596833532394463,30.843460083007812,109387,0.0,0.0,0.0
2021-08-11 00:00:00+02:00,30.843458194648626,33.92186868348666,28.83358838096366,30.097179412841797,284594,0.0,0.0,0.0
2021-08-15 00:00:00+02:00,30.09718126711132,30.105660311386323,28.027945079507663,28.774227142333984,62144,0.0,0.0,0.0
2021-08-16 00:00:00+02:00,28.774225208366584,28.748784842209773,27.98554150709071,28.231475830078125,34989,0.0,0.0,0.0
2021-08-17 00:00:00+02:00,28.231476695517777,29.639234151749005,28.070345744807888,28.867511749267578,12900,0.0,0.0,0.0
2021-08-18 00:00:00+02:00,28.867510996267022,28.494368370707182,27.98554163499657,28.30780029296875,38607,0.0,0.0,0.0
2021-08-19 00:00:00+02:00,28.307801468978898,27.349507734036656,27.137496046175908,27.205341339111328,11108,0.0,0.0,0.0
2021-08-22 00:00:00+02:00,27.20533891834298,28.40956364541849,26.713470293453206,27.646320343017578,7685,0.0,0.0,0.0
2021-08-23 00:00:00+02:00,27.646319821081768,28.256914451475062,26.58626311363698,27.2392578125,6023,0.0,0.0,0.0
2021-08-24 00:00:00+02:00,27.2392578125,27.408867791502722,27.137493119114875,27.2392578125,2348,0.0,0.0,0.0
2021-08-25 00:00:00+02:00,27.239259262657168,28.494367998030455,27.137494563854318,27.977062225341797,21644,0.0,0.0,0.0
2021-08-26 00:00:00+02:00,27.977062520535856,26.832197515518583,25.44140142205299,26.026554107666016,22566,0.0,0.0,0.0
2021-08-29 00:00:00+02:00,26.026554107666016,26.289448136121422,24.890171381412657,26.026554107666016,1568,0.0,0.0,0.0
2021-08-30 00:00:00+02:00,26.026555118581136,28.62157771151977,26.20464415904283,28.316280364990234,81171,0.0,0.0,0.0
2021-08-31 00:00:00+02:00,28.316280364990234,29.67315710122799,27.45127229483709,28.316280364990234,2219,0.0,0.0,0.0
2021-09-01 00:00:00+02:00,28.316278931538807,31.123314686650026,27.27318187372854,29.52898597717285,12775,0.0,0.0,0.0
2021-09-02 00:00:00+02:00,29.528984414537575,32.31057642150007,28.27387574712666,31.030027389526367,59306,0.0,0.0,0.0
2021-09-05 00:00:00+02:00,31.03002615783264,32.2257717704394,30.53815756220092,31.513412475585938,8566,0.0,0.0,0.0
2021-09-06 00:00:00+02:00,31.513416547305372,31.521895591238188,25.21242904663086,25.21242904663086,301513,0.0,0.0,0.0
2021-09-07 00:00:00+02:00,25.212426470284417,25.186986106044042,22.897259508214358,23.770748138427734,64974,0.0,0.0,0.0
2021-09-08 00:00:00+02:00,23.77075035657726,26.119838562678076,22.473238281061334,23.71138572692871,67225,0.0,0.0,0.0
2021-09-09 00:00:00+02:00,23.71138660642796,25.772140489705407,22.303629115818506,23.70290756225586,60708,0.0,0.0,0.0
2021-09-12 00:00:00+02:00,23.702905814808034,23.745307502625867,22.64284744415509,22.92270278930664,17602,0.0,0.0,0.0
2021-09-13 00:00:00+02:00,22.922705056990953,23.652024188235764,22.049216290853476,22.218826293945312,19137,0.0,0.0,0.0
2021-09-14 00:00:00+02:00,22.218824095893915,23.745307502625867,22.81245581294714,22.92270278930664,45322,0.0,0.0,0.0
2021-09-15 00:00:00+02:00,22.922703264337944,26.02655410852976,23.11775362037518,23.431529998779297,35731,0.0,0.0,0.0
2021-09-16 00:00:00+02:00,23.431530149087664,24.593354866561963,23.32128478725703,23.406089782714844,35086,0.0,0.0,0.0
2021-09-19 00:00:00+02:00,23.406089782714844,23.72834682442963,21.709996343641606,23.406089782714844,3230,0.0,0.0,0.0
2021-09-20 00:00:00+02:00,23.406089782714844,21.625191348183794,21.201167988415484,23.406089782714844,961,0.0,0.0,0.0
2021-09-21 00:00:00+02:00,23.406089782714844,21.201167988415484,20.353121268878866,23.406089782714844,5645,0.0,0.0,0.0
2021-09-22 00:00:00+02:00,23.406089782714844,23.406089782714844,23.406089782714844,23.406089782714844,0,0.0,0.0,0.0
2021-09-23 00:00:00+02:00,23.406089782714844,22.473238067720413,19.25066118048956,23.406089782714844,5972,0.0,0.0,0.0
2021-09-26 00:00:00+02:00,23.406089782714844,22.049214707952103,20.353121268878866,23.406089782714844,6442,0.0,0.0,0.0
2021-09-27 00:00:00+02:00,23.406089782714844,21.243569677384016,20.777144628647175,23.406089782714844,3020,0.0,0.0,0.0
2021-09-28 00:00:00+02:00,23.406089782714844,23.406089782714844,23.406089782714844,23.406089782714844,0,0.0,0.0,0.0
2021-09-29 00:00:00+02:00,23.406089782714844,23.406089782714844,23.406089782714844,23.406089782714844,0,0.0,0.0,0.0
2021-09-30 00:00:00+02:00,23.406089782714844,22.049214707952103,20.56513294876302,23.406089782714844,2117,0.0,0.0,0.0
2021-10-03 00:00:00+02:00,23.406089782714844,20.955233663339904,19.505074549342247,23.406089782714844,9266,0.0,0.0,0.0
2021-10-04 00:00:00+02:00,23.406089782714844,23.406089782714844,23.406089782714844,23.406089782714844,0,0.0,0.0,0.0
2021-10-05 00:00:00+02:00,23.406089782714844,19.929097909110556,19.505074549342247,23.406089782714844,11300,0.0,0.0,0.0
2021-10-06 00:00:00+02:00,23.406089782714844,21.175726004521916,19.505074549342247,23.406089782714844,2204,0.0,0.0,0.0
2021-10-10 00:00:00+02:00,23.406089782714844,20.692339633189363,20.268316273421053,23.406089782714844,2090,0.0,0.0,0.0
2021-10-11 00:00:00+02:00,23.406089782714844,19.929097909110556,19.929097909110556,23.406089782714844,198,0.0,0.0,0.0
2021-10-12 00:00:00+02:00,23.406089782714844,20.666899266816543,19.929097909110556,23.406089782714844,2238,0.0,0.0,0.0
2021-10-13 00:00:00+02:00,23.40609242984214,20.37008489524262,19.505076755281628,19.56443977355957,13817,0.0,0.0,0.0
2021-10-14 00:00:00+02:00,19.56443977355957,19.505076755281628,18.911443337460337,19.56443977355957,10251,0.0,0.0,0.0
2021-10-17 00:00:00+02:00,19.56443977355957,19.56443977355957,19.56443977355957,19.56443977355957,0,0.0,0.0,0.0
2021-10-18 00:00:00+02:00,19.56443977355957,19.56443977355957,19.56443977355957,19.56443977355957,0,0.0,0.0,0.0
2021-10-19 00:00:00+02:00,19.56443977355957,19.56443977355957,16.960936308940546,19.56443977355957,5503,0.0,0.0,0.0
2021-10-20 00:00:00+02:00,19.56443977355957,19.496596093024646,16.986378295711493,19.56443977355957,3252,0.0,0.0,0.0
2021-10-24 00:00:00+02:00,19.56443977355957,18.233006532111087,18.233006532111087,19.56443977355957,75,0.0,0.0,0.0
2021-10-25 00:00:00+02:00,19.56443977355957,19.56443977355957,19.56443977355957,19.56443977355957,0,0.0,0.0,0.0
2021-10-26 00:00:00+02:00,19.56443977355957,17.18990933731627,16.78284725410672,19.56443977355957,5337,0.0,0.0,0.0
2021-10-27 00:00:00+02:00,19.56443977355957,18.64854927757762,15.654943436742077,19.56443977355957,12898,0.0,0.0,0.0
2021-10-28 00:00:00+02:00,19.56443977355957,15.875435802860816,15.875435802860816,19.56443977355957,1,0.0,0.0,0.0
2021-10-31 00:00:00+02:00,19.56443977355957,18.394135879951882,15.94327948339574,19.56443977355957,5206,0.0,0.0,0.0
2021-11-01 00:00:00+02:00,19.56443977355957,17.342558022900082,16.587795257237993,19.56443977355957,3621,0.0,0.0,0.0
2021-11-02 00:00:00+02:00,19.56443977355957,19.42027175023274,17.003338002704524,19.56443977355957,893,0.0,0.0,0.0
2021-11-03 00:00:00+02:00,19.56443977355957,17.38495971666406,16.960936308940546,19.56443977355957,1380,0.0,0.0,0.0
2021-11-04 00:00:00+02:00,19.56443977355957,17.045741313989435,16.11288949349352,19.56443977355957,3385,0.0,0.0,0.0
2021-11-07 00:00:00+02:00,19.56443977355957,19.56443977355957,19.56443977355957,19.56443977355957,0,0.0,0.0,0.0
2021-11-08 00:00:00+02:00,19.56443977355957,19.56443977355957,19.56443977355957,19.56443977355957,0,0.0,0.0,0.0
2021-11-09 00:00:00+02:00,19.56443977355957,19.56443977355957,19.56443977355957,19.56443977355957,0,0.0,0.0,0.0
2021-11-10 00:00:00+02:00,19.56443977355957,19.56443977355957,16.11288949349352,19.56443977355957,748,0.0,0.0,0.0
2021-11-11 00:00:00+02:00,19.56443977355957,19.56443977355957,16.70652291131481,19.56443977355957,560,0.0,0.0,0.0
2021-11-14 00:00:00+02:00,19.564438121340636,17.25775156043219,15.96872012160653,16.893091201782227,15214,0.0,0.0,0.0
2021-11-15 00:00:00+02:00,16.893090560079607,17.300152593450022,13.517864227294922,13.517864227294922,64018,0.0,0.0,0.0
2021-11-16 00:00:00+02:00,13.517864231542726,13.483942395417865,10.82955689893668,11.847212791442871,54631,0.0,0.0,0.0
2021-11-17 00:00:00+02:00,11.847212791442871,12.678298180882145,11.533435605097818,11.847212791442871,5320,0.0,0.0,0.0
2021-11-18 00:00:00+02:00,11.847212791442871,12.627415831075037,11.558876780001372,11.847212791442871,8186,0.0,0.0,0.0
2021-11-21 00:00:00+02:00,11.847212791442871,12.50868900025784,11.329903779588285,11.847212791442871,10204,0.0,0.0,0.0
2021-11-22 00:00:00+02:00,11.847212791442871,11.847212791442871,11.847212791442871,11.847212791442871,0,0.0,0.0,0.0
2021-11-23 00:00:00+02:00,11.84721341666756,13.848603471176414,12.305158632900959,12.771584510803223,39423,0.0,0.0,0.0
2021-11-24 00:00:00+02:00,12.771584503596495,13.814682434226446,12.890310531851974,13.068400382995605,39759,0.0,0.0,0.0
2021-11-25 00:00:00+02:00,13.068400382995605,13.483943099410606,13.068400382995605,13.068400382995605,9418,0.0,0.0,0.0
2021-11-28 00:00:00+02:00,13.068400382995605,13.068400382995605,13.068400382995605,13.068400382995605,0,0.0,0.0,0.0
2021-11-29 00:00:00+02:00,13.068400382995605,13.373697732819206,12.847908032291985,13.068400382995605,965,0.0,0.0,0.0
2021-11-30 00:00:00+02:00,13.068400382995605,13.517864937306516,12.966634869307875,13.068400382995605,2920,0.0,0.0,0.0
2021-12-01 00:00:00+02:00,13.068400382995605,13.068400382995605,13.068400382995605,13.068400382995605,0,0.0,0.0,0.0
2021-12-02 00:00:00+02:00,13.068400382995605,13.356736409491045,12.907271855180134,13.068400382995605,1225,0.0,0.0,0.0
2021-12-05 00:00:00+02:00,13.068400382995605,13.068400382995605,13.068400382995605,13.068400382995605,0,0.0,0.0,0.0
2021-12-06 00:00:00+02:00,13.068400382995605,13.348255747826965,12.907271855180134,13.068400382995605,13838,0.0,0.0,0.0
2021-12-07 00:00:00+02:00,13.068400382995605,13.271931410371065,12.890310531851974,13.068400382995605,9010,0.0,0.0,0.0
2021-12-08 00:00:00+02:00,13.068400382995605,12.932713031411964,12.635896343252444,13.068400382995605,3659,0.0,0.0,0.0
2021-12-09 00:00:00+02:00,13.068400382995605,13.068400382995605,13.068400382995605,13.068400382995605,0,0.0,0.0,0.0
2021-12-12 00:00:00+02:00,13.068400382995605,13.136244058787424,12.127068774813793,13.068400382995605,446,0.0,0.0,0.0
2021-12-13 00:00:00+02:00,13.068399275124102,13.059918614178969,12.2288332518041,12.72070026397705,41929,0.0,0.0,0.0
2021-12-14 00:00:00+02:00,12.72070026397705,12.72070026397705,12.237313912749233,12.72070026397705,15077,0.0,0.0,0.0
2021-12-15 00:00:00+02:00,12.72070026397705,13.059918614178969,12.72070026397705,12.72070026397705,1300,0.0,0.0,0.0
2021-12-16 00:00:00+02:00,12.72070026397705,13.017516926973986,12.72070026397705,12.72070026397705,1000,0.0,0.0,0.0
2021-12-19 00:00:00+02:00,12.72070026397705,13.568746948242188,12.780063273072301,12.72070026397705,4525,0.0,0.0,0.0
2021-12-20 00:00:00+02:00,12.72070026397705,12.72070026397705,12.72070026397705,12.72070026397705,0,0.0,0.0,0.0
2021-12-21 00:00:00+02:00,12.72070026397705,13.051438761994177,12.932711935043335,12.72070026397705,228,0.0,0.0,0.0
2021-12-22 00:00:00+02:00,12.72070026397705,12.763102759942376,12.763102759942376,12.72070026397705,500,0.0,0.0,0.0
2021-12-23 00:00:00+02:00,12.72070026397705,13.14472360610962,12.72070026397705,12.72070026397705,3580,0.0,0.0,0.0
2021-12-26 00:00:00+02:00,12.720700674231008,14.416794097461807,13.153204691257349,13.517864227294922,27721,0.0,0.0,0.0
2021-12-27 00:00:00+02:00,13.517864227294922,13.568747385846407,13.017517346800544,13.517864227294922,8802,0.0,0.0,0.0
2021-12-28 00:00:00+02:00,13.517864227294922,13.00055602436326,12.84790735746917,13.517864227294922,1870,0.0,0.0,0.0
2021-12-29 00:00:00+02:00,13.517864227294922,13.144724030038708,12.932712352134857,13.517864227294922,1902,0.0,0.0,0.0
2021-12-30 00:00:00+02:00,13.517864227294922,13.517864227294922,12.805505668896695,13.517864227294922,4912,0.0,0.0,0.0
2022-01-02 00:00:00+02:00,13.517864227294922,13.738357375177781,12.856388018687813,13.517864227294922,4515,0.0,0.0,0.0
2022-01-03 00:00:00+02:00,13.517864227294922,14.33198910279612,13.314333210609714,13.517864227294922,11087,0.0,0.0,0.0
2022-01-04 00:00:00+02:00,13.517864227294922,13.628110396856167,13.48394239118072,13.517864227294922,9919,0.0,0.0,0.0
2022-01-05 00:00:00+02:00,13.517864519098772,13.992771043709544,13.772278699827385,13.814682006835938,22637,0.0,0.0,0.0
2022-01-09 00:00:00+02:00,13.814682006835938,13.814682006835938,13.814682006835938,13.814682006835938,0,0.0,0.0,0.0
2022-01-10 00:00:00+02:00,14.162380488742551,15.095230561546805,14.501598844082343,14.637286186218262,17340,0.0,0.0,0.0
2022-01-11 00:00:00+02:00,14.637286186218262,14.58640383729747,14.416793850867219,14.637286186218262,7135,0.0,0.0,0.0
2022-01-12 00:00:00+02:00,14.637286186218262,14.959543219410888,13.9927705023123,14.637286186218262,5830,0.0,0.0,0.0
2022-01-13 00:00:00+02:00,14.637286186218262,14.645766847291844,13.9927705023123,14.637286186218262,1138,0.0,0.0,0.0
2022-01-16 00:00:00+02:00,14.637286186218262,14.145419166595383,13.87404448232355,14.637286186218262,11998,0.0,0.0,0.0
2022-01-17 00:00:00+02:00,14.637286186218262,14.357430840872842,13.865563821249966,14.637286186218262,5450,0.0,0.0,0.0
2022-01-18 00:00:00+02:00,14.637286186218262,14.196301515516176,13.712915156966883,14.637286186218262,12103,0.0,0.0,0.0
2022-01-19 00:00:00+02:00,14.637286186218262,13.82316051588205,13.780758828034841,14.637286186218262,3364,0.0,0.0,0.0
2022-01-20 00:00:00+02:00,14.637286186218262,14.331988857652092,13.780758828034841,14.637286186218262,6847,0.0,0.0,0.0
2022-01-23 00:00:00+02:00,14.637286186218262,13.975809180165134,13.568747153757382,14.637286186218262,7550,0.0,0.0,0.0
2022-01-24 00:00:00+02:00,14.637286186218262,14.637286186218262,12.898790295391025,14.637286186218262,9651,0.0,0.0,0.0
2022-01-25 00:00:00+02:00,14.637286186218262,13.899484848023592,13.28041114733838,14.637286186218262,12803,0.0,0.0,0.0
2022-01-26 00:00:00+02:00,14.637286186218262,14.637286186218262,13.153204466276048,14.637286186218262,5656,0.0,0.0,0.0
2022-01-30 00:00:00+02:00,14.637286186218262,14.637286186218262,12.975114627532568,14.637286186218262,2050,0.0,0.0,0.0
2022-01-31 00:00:00+02:00,14.637286186218262,13.475462308229028,12.805505449862672,14.637286186218262,6320,0.0,0.0,0.0
2022-02-01 00:00:00+02:00,14.637286186218262,14.637286186218262,13.144723805202464,14.637286186218262,10300,0.0,0.0,0.0
2022-02-02 00:00:00+02:00,14.637286186218262,13.653552146972507,13.212567476270422,14.637286186218262,4358,0.0,0.0,0.0
2022-02-03 00:00:00+02:00,14.637286186218262,14.637286186218262,13.153204466276048,14.637286186218262,5470,0.0,0.0,0.0
2022-02-06 00:00:00+02:00,14.637286186218262,14.637286186218262,13.153204466276048,14.637286186218262,5020,0.0,0.0,0.0
2022-02-07 00:00:00+02:00,14.637285798995386,13.9927701321398,13.441540117105092,13.526344299316406,19857,0.0,0.0,0.0
2022-02-08 00:00:00+02:00,13.526344299316406,13.534824960165638,13.433059456255862,13.526344299316406,5580,0.0,0.0,0.0
2022-02-09 00:00:00+02:00,13.526344299316406,13.984289471290568,13.483941803830584,13.526344299316406,12384,0.0,0.0,0.0
2022-02-10 00:00:00+02:00,13.526344299316406,13.984289471290568,13.509383786378278,13.526344299316406,12627,0.0,0.0,0.0
2022-02-13 00:00:00+02:00,13.526344299316406,13.865563454442663,13.14472345746466,13.526344299316406,9910,0.0,0.0,0.0
2022-02-14 00:00:00+02:00,13.526344299316406,13.14472345746466,12.941192449645106,13.526344299316406,780,0.0,0.0,0.0
2022-02-15 00:00:00+02:00,13.526344299316406,13.56874679480223,13.314332630647622,13.526344299316406,4919,0.0,0.0,0.0
2022-02-16 00:00:00+02:00,13.526344299316406,13.526344299316406,13.526344299316406,13.526344299316406,0,0.0,0.0,0.0
2022-02-17 00:00:00+02:00,13.526344299316406,13.806200446018709,12.941192449645106,13.526344299316406,6625,0.0,0.0,0.0
2022-02-20 00:00:00+02:00,13.526344299316406,13.84012147189497,13.433059456255862,13.526344299316406,6966,0.0,0.0,0.0
2022-02-21 00:00:00+02:00,13.526344299316406,13.526344299316406,13.526344299316406,13.526344299316406,300,0.0,0.0,0.0
2022-02-22 00:00:00+02:00,13.526344299316406,13.093840301129605,13.085360449040706,13.526344299316406,513,0.0,0.0,0.0
2022-02-23 00:00:00+02:00,13.526344299316406,13.526344299316406,12.847906797824228,13.526344299316406,27,0.0,0.0,0.0
2022-02-24 00:00:00+02:00,13.526344299316406,13.526344299316406,11.70304427226899,13.526344299316406,3570,0.0,0.0,0.0
2022-02-27 00:00:00+02:00,13.526344299316406,13.526344299316406,12.720700120127091,13.526344299316406,1846,0.0,0.0,0.0
2022-02-28 00:00:00+02:00,13.526344299316406,13.526344299316406,13.526344299316406,13.526344299316406,0,0.0,0.0,0.0
2022-03-01 00:00:00+02:00,13.526344299316406,12.389961625850066,12.389961625850066,13.526344299316406,267,0.0,0.0,0.0
2022-03-02 00:00:00+02:00,13.526344299316406,13.56874679480223,12.847906797824228,13.526344299316406,6252,0.0,0.0,0.0
2022-03-03 00:00:00+02:00,13.526344299316406,13.526344299316406,13.526344299316406,13.526344299316406,0,0.0,0.0,0.0
2022-03-06 00:00:00+02:00,13.526344299316406,13.780758463471015,13.14472345746466,13.526344299316406,15197,0.0,0.0,0.0
2022-03-07 00:00:00+02:00,13.526344299316406,13.314332630647622,12.423883460486659,13.526344299316406,2801,0.0,0.0,0.0
2022-03-08 00:00:00+02:00,13.526344299316406,13.526344299316406,13.526344299316406,13.526344299316406,0,0.0,0.0,0.0
2022-03-09 00:00:00+02:00,13.526344299316406,13.466981290892454,12.907270615008514,13.526344299316406,1040,0.0,0.0,0.0
2022-03-10 00:00:00+02:00,13.526344701196876,13.26345067714254,12.423883829611976,12.652856826782227,31855,0.0,0.0,0.0
2022-03-13 00:00:00+02:00,12.652856826782227,12.780063508258795,12.483247648560017,12.652856826782227,1250,0.0,0.0,0.0
2022-03-14 00:00:00+02:00,12.652856826782227,12.652856826782227,12.652856826782227,12.652856826782227,1000,0.0,0.0,0.0
2022-03-15 00:00:00+02:00,12.652856826782227,12.975114669784604,12.466286326357617,12.652856826782227,3123,0.0,0.0,0.0
2022-03-16 00:00:00+02:00,12.652856826782227,12.975114669784604,12.5595719809501,12.652856826782227,5150,0.0,0.0,0.0
2022-03-17 00:00:00+02:00,12.652856826782227,12.652856826782227,12.652856826782227,12.652856826782227,0,0.0,0.0,0.0
2022-03-20 00:00:00+02:00,12.652856826782227,13.74683622850557,12.763102994816752,12.652856826782227,101,0.0,0.0,0.0
2022-03-21 00:00:00+02:00,12.652856826782227,12.652856826782227,12.652856826782227,12.652856826782227,0,0.0,0.0,0.0
2022-03-22 00:00:00+02:00,12.652856826782227,13.967328564574622,13.568747197942518,12.652856826782227,15282,0.0,0.0,0.0
2022-03-23 00:00:00+02:00,12.652856826782227,13.958847903473423,13.653552191433802,12.652856826782227,5992,0.0,0.0,0.0
2022-03-24 00:00:00+02:00,12.652856826782227,13.992770547878221,13.653552191433802,12.652856826782227,2531,0.0,0.0,0.0
2022-03-27 00:00:00+02:00,12.652856826782227,14.408313236712726,13.399138019720308,12.652856826782227,3875,0.0,0.0,0.0
2022-03-28 00:00:00+02:00,12.652856826782227,14.162380534860787,12.89030967629332,12.652856826782227,9710,0.0,0.0,0.0
2022-03-29 00:00:00+02:00,12.652856826782227,12.975114669784604,11.915056294945344,12.652856826782227,5151,0.0,0.0,0.0
2022-03-30 00:00:00+02:00,12.652856826782227,12.712219836969911,12.466286326357617,12.652856826782227,195,0.0,0.0,0.0
2022-03-31 00:00:00+02:00,12.652856826782227,12.652856826782227,12.652856826782227,12.652856826782227,0,0.0,0.0,0.0
2022-04-03 00:00:00+02:00,12.652856826782227,13.161685170209214,12.593493816594542,12.652856826782227,1529,0.0,0.0,0.0
2022-04-04 00:00:00+02:00,12.652856826782227,13.568747197942518,12.737661820273509,12.652856826782227,1619,0.0,0.0,0.0
2022-04-05 00:00:00+02:00,12.652856826782227,13.577227859043717,13.500903526653634,12.652856826782227,173,0.0,0.0,0.0
2022-04-06 00:00:00+02:00,12.652856593936667,12.74614143805211,12.72070026397705,12.72070026397705,28500,0.0,0.0,0.0
2022-04-07 00:00:00+02:00,12.72070026397705,13.000555605083719,12.72070026397705,12.72070026397705,18580,0.0,0.0,0.0
2022-04-10 00:00:00+02:00,12.72070026397705,12.72070026397705,12.72070026397705,12.72070026397705,0,0.0,0.0,0.0
2022-04-11 00:00:00+02:00,12.72070026397705,12.72070026397705,12.093145911723331,12.72070026397705,4030,0.0,0.0,0.0
2022-04-12 00:00:00+02:00,12.72070026397705,12.72070026397705,12.72070026397705,12.72070026397705,0,0.0,0.0,0.0
2022-04-13 00:00:00+02:00,12.72070026397705,12.678297768011726,12.152508920818581,12.72070026397705,2006,0.0,0.0,0.0
2022-04-14 00:00:00+02:00,12.72070026397705,12.11858708579839,11.97441908477249,12.72070026397705,2115,0.0,0.0,0.0
2022-04-17 00:00:00+02:00,12.720700432268854,12.720700432268854,11.872653736784265,11.889615058898926,57077,0.0,0.0,0.0
2022-04-18 00:00:00+02:00,11.889615058898926,12.228833413588621,12.228833413588621,11.889615058898926,2,0.0,0.0,0.0
2022-04-19 00:00:00+02:00,11.889615058898926,11.889615058898926,11.889615058898926,11.889615058898926,0,0.0,0.0,0.0
2022-04-20 00:00:00+02:00,11.889615058898926,12.712219771211524,12.678297935742554,11.889615058898926,15,0.0,0.0,0.0
2022-04-21 00:00:00+02:00,11.889615058898926,13.483942134700845,12.21187209147396,11.889615058898926,4450,0.0,0.0,0.0
2022-04-26 00:00:00+02:00,11.889615058898926,12.305157745583891,12.296677084526559,11.889615058898926,220,0.0,0.0,0.0
2022-04-27 00:00:00+02:00,11.889615058898926,12.720700432268854,12.720700432268854,11.889615058898926,500,0.0,0.0,0.0
2022-04-28 00:00:00+02:00,11.889615058898926,12.169470403708011,12.169470403708011,11.889615058898926,10,0.0,0.0,0.0
2022-05-08 00:00:00+02:00,11.889615058898926,13.314332957355997,11.957458729836866,11.889615058898926,2232,0.0,0.0,0.0
2022-05-09 00:00:00+02:00,11.889615058898926,11.889615058898926,11.889615058898926,11.889615058898926,0,0.0,0.0,0.0
2022-05-10 00:00:00+02:00,11.889615058898926,14.247183837132836,12.737661754383517,11.889615058898926,5973,0.0,0.0,0.0
2022-05-11 00:00:00+02:00,11.889616023000158,13.161686169376246,12.771584625470496,13.14472484588623,19443,0.0,0.0,0.0
2022-05-12 00:00:00+02:00,13.14472484588623,14.416794992262318,12.466287272733567,13.14472484588623,12627,0.0,0.0,0.0
2022-05-15 00:00:00+02:00,13.14472484588623,14.679689036274208,13.483943228082353,13.14472484588623,8808,0.0,0.0,0.0
2022-05-16 00:00:00+02:00,13.14472484588623,14.603364698089976,13.305853375239284,13.14472484588623,41,0.0,0.0,0.0
2022-05-17 00:00:00+02:00,13.14472484588623,14.416794992262318,14.399833668772303,13.14472484588623,350,0.0,0.0,0.0
2022-05-18 00:00:00+02:00,13.14472484588623,14.391353007027295,13.568748228011593,13.14472484588623,1002,0.0,0.0,0.0
2022-05-19 00:00:00+02:00,13.14472484588623,13.789240580819282,13.263451684035083,13.14472484588623,10500,0.0,0.0,0.0
2022-05-22 00:00:00+02:00,13.14472484588623,13.271931537019672,13.271931537019672,13.14472484588623,330,0.0,0.0,0.0
2022-05-23 00:00:00+02:00,13.14472484588623,14.416794992262318,13.738358227870073,13.14472484588623,8258,0.0,0.0,0.0
2022-05-24 00:00:00+02:00,13.14472484588623,13.611149919215794,13.5772288897566,13.14472484588623,918,0.0,0.0,0.0
2022-05-25 00:00:00+02:00,13.14472484588623,13.5772288897566,13.14472484588623,13.14472484588623,1623,0.0,0.0,0.0
2022-05-26 00:00:00+02:00,13.14472484588623,14.281107639383869,12.84790815489431,13.14472484588623,1130,0.0,0.0,0.0
2022-05-29 00:00:00+02:00,13.14472484588623,12.983596316533177,12.864869478384325,13.14472484588623,723,0.0,0.0,0.0
2022-05-30 00:00:00+02:00,13.14472484588623,14.06061528657618,13.10232234592161,13.14472484588623,2021,0.0,0.0,0.0
2022-05-31 00:00:00+02:00,13.14472484588623,13.823161610278476,12.93271315482355,13.14472484588623,1790,0.0,0.0,0.0
2022-06-01 00:00:00+02:00,13.14472484588623,13.789240580819282,12.856388816639317,13.14472484588623,3012,0.0,0.0,0.0
2022-06-02 00:00:00+02:00,13.14472484588623,13.14472484588623,13.14472484588623,13.14472484588623,0,0.0,0.0,0.0
2022-06-05 00:00:00+02:00,13.14472484588623,13.14472484588623,13.14472484588623,13.14472484588623,0,0.0,0.0,0.0
2022-06-06 00:00:00+02:00,13.14472484588623,12.856388816639317,12.305158743380513,13.14472484588623,121,0.0,0.0,0.0
2022-06-07 00:00:00+02:00,13.14472484588623,13.14472484588623,13.14472484588623,13.14472484588623,0,0.0,0.0,0.0
2022-06-08 00:00:00+02:00,13.14472484588623,12.898791316603937,12.898791316603937,13.14472484588623,200,0.0,0.0,0.0
2022-06-09 00:00:00+02:00,13.14472484588623,13.79772124256429,12.93271315482355,13.14472484588623,6503,0.0,0.0,0.0
2022-06-12 00:00:00+02:00,13.14472484588623,13.560267566266585,13.14472484588623,13.14472484588623,1209,0.0,0.0,0.0
2022-06-13 00:00:00+02:00,13.14472484588623,13.551786904521578,12.805506463690108,13.14472484588623,105,0.0,0.0,0.0
2022-06-14 00:00:00+02:00,13.14472484588623,12.89031065485893,12.737662787250883,13.14472484588623,2109,0.0,0.0,0.0
2022-06-15 00:00:00+02:00,13.14472484588623,13.8910052867177,12.763103963725488,13.14472484588623,4551,0.0,0.0,0.0
2022-06-16 00:00:00+02:00,13.14472484588623,13.14472484588623,13.14472484588623,13.14472484588623,0,0.0,0.0,0.0
2022-06-19 00:00:00+02:00,13.14472484588623,12.898791316603937,12.89031065485893,13.14472484588623,2300,0.0,0.0,0.0
2022-06-20 00:00:00+02:00,13.14472484588623,12.780064478455085,12.780064478455085,13.14472484588623,500,0.0,0.0,0.0
2022-06-21 00:00:00+02:00,13.14472484588623,13.14472484588623,13.14472484588623,13.14472484588623,0,0.0,0.0,0.0
2022-06-22 00:00:00+02:00,13.14472484588623,13.14472484588623,13.05991984595699,13.14472484588623,20,0.0,0.0,0.0
2022-06-23 00:00:00+02:00,13.14472484588623,12.720701463760868,12.415404919784358,13.14472484588623,4351,0.0,0.0,0.0
2022-06-26 00:00:00+02:00,13.14472484588623,13.14472484588623,13.14472484588623,13.14472484588623,0,0.0,0.0,0.0
2022-06-27 00:00:00+02:00,13.14472484588623,13.14472484588623,13.14472484588623,13.14472484588623,0,0.0,0.0,0.0
2022-06-28 00:00:00+02:00,13.14472484588623,12.703740140270853,11.88113536125515,13.14472484588623,1560,0.0,0.0,0.0
2022-06-29 00:00:00+02:00,13.14472484588623,12.703740140270853,12.703740140270853,13.14472484588623,10,0.0,0.0,0.0
2022-07-03 00:00:00+02:00,13.14472484588623,12.296678081635505,12.169471390502064,13.14472484588623,990,0.0,0.0,0.0
2022-07-04 00:00:00+02:00,13.14472484588623,12.635896463831628,12.186431905231661,13.14472484588623,1500,0.0,0.0,0.0
2022-07-05 00:00:00+02:00,13.14472484588623,11.889616023000158,11.88113536125515,13.14472484588623,500,0.0,0.0,0.0
2022-07-06 00:00:00+02:00,13.14472484588623,13.05991984595699,11.363826317455542,13.14472484588623,2508,0.0,0.0,0.0
2022-07-07 00:00:00+02:00,13.14472484588623,12.720701463760868,11.787849699580905,13.14472484588623,485,0.0,0.0,0.0
2022-07-17 00:00:00+02:00,13.14472484588623,13.05991984595699,11.541916170298611,13.14472484588623,277,0.0,0.0,0.0
2022-07-18 00:00:00+02:00,13.14472484588623,13.14472484588623,13.14472484588623,13.14472484588623,0,0.0,0.0,0.0
2022-07-19 00:00:00+02:00,13.14472484588623,12.84790815489431,11.677604331937477,13.14472484588623,783,0.0,0.0,0.0
2022-07-20 00:00:00+02:00,13.14472484588623,11.957459699439383,11.957459699439383,13.14472484588623,60,0.0,0.0,0.0
2022-07-21 00:00:00+02:00,13.14472484588623,13.14472484588623,13.14472484588623,13.14472484588623,0,0.0,0.0,0.0
2022-07-24 00:00:00+02:00,13.14472484588623,13.992771610136955,12.330599919855118,13.14472484588623,11624,0.0,0.0,0.0
2022-07-25 00:00:00+02:00,13.14472484588623,13.14472484588623,13.14472484588623,13.14472484588623,0,0.0,0.0,0.0
2022-07-26 00:00:00+02:00,13.14472484588623,14.32350933058807,13.399139036913532,13.14472484588623,8150,0.0,0.0,0.0
2022-07-27 00:00:00+02:00,13.14472484588623,13.18712734585085,13.18712734585085,13.14472484588623,10,0.0,0.0,0.0
2022-07-28 00:00:00+02:00,13.14472484588623,13.05991984595699,12.780064478455085,13.14472484588623,660,0.0,0.0,0.0
2022-07-31 00:00:00+02:00,13.14472484588623,13.40761969865854,13.40761969865854,13.14472484588623,436,0.0,0.0,0.0
2022-08-01 00:00:00+02:00,13.14472484588623,14.043653963086165,13.568748228011593,13.14472484588623,8776,0.0,0.0,0.0
2022-08-02 00:00:00+02:00,13.14472484588623,14.611845359834984,14.069095948321188,13.14472484588623,4488,0.0,0.0,0.0
2022-08-03 00:00:00+02:00,13.144724123707343,15.604059281412955,13.99277084136588,15.018906593322754,17805,0.0,0.0,0.0
2022-08-04 00:00:00+02:00,15.018906593322754,15.587097958854804,14.17934053694329,15.018906593322754,4794,0.0,0.0,0.0
2022-08-07 00:00:00+02:00,15.018906009406125,16.519949029508005,14.840816982031674,16.155288696289062,36816,0.0,0.0,0.0
2022-08-08 00:00:00+02:00,16.155288696289062,16.452105359433833,15.688863666719199,16.155288696289062,2134,0.0,0.0,0.0
2022-08-09 00:00:00+02:00,16.155290026900108,17.800501183605537,16.11288833618164,16.11288833618164,25876,0.0,0.0,0.0
2022-08-10 00:00:00+02:00,16.11288833618164,16.11288833618164,14.44223681205346,16.11288833618164,6400,0.0,0.0,0.0
2022-08-11 00:00:00+02:00,16.11288833618164,16.104407674533785,16.104407674533785,16.11288833618164,11,0.0,0.0,0.0
2022-08-14 00:00:00+02:00,16.11288833618164,17.300153469027705,15.688864958913703,16.11288833618164,8403,0.0,0.0,0.0
2022-08-15 00:00:00+02:00,16.11288833618164,17.25775177830924,15.01042820229333,16.11288833618164,8406,0.0,0.0,0.0
2022-08-16 00:00:00+02:00,16.11288833618164,16.95245442906966,15.714306943857274,16.11288833618164,755,0.0,0.0,0.0
2022-08-17 00:00:00+02:00,16.112887651492386,17.172946049616886,16.333379992404772,16.536911010742188,38696,0.0,0.0,0.0
2022-08-18 00:00:00+02:00,16.536911010742188,16.536911010742188,16.536911010742188,16.536911010742188,0,0.0,0.0,0.0
2022-08-21 00:00:00+02:00,16.536911010742188,16.536911010742188,16.536911010742188,16.536911010742188,400,0.0,0.0,0.0
2022-08-22 00:00:00+02:00,16.536911010742188,16.112887651492386,16.112887651492386,16.536911010742188,1000,0.0,0.0,0.0
2022-08-23 00:00:00+02:00,16.536911010742188,16.536911010742188,16.536911010742188,16.536911010742188,0,0.0,0.0,0.0
2022-08-24 00:00:00+02:00,16.536911010742188,16.706521001450408,16.706521001450408,16.536911010742188,105,0.0,0.0,0.0
2022-08-25 00:00:00+02:00,16.536911010742188,16.706521001450408,15.773669287596698,16.536911010742188,1511,0.0,0.0,0.0
2022-08-28 00:00:00+02:00,16.536911010742188,16.528430349454702,16.112887651492386,16.536911010742188,1800,0.0,0.0,0.0
2022-08-29 00:00:00+02:00,16.536911010742188,16.112887651492386,14.204782534868288,16.536911010742188,4550,0.0,0.0,0.0
2022-08-30 00:00:00+02:00,16.536911010742188,16.494509321825507,16.494509321825507,16.536911010742188,1,0.0,0.0,0.0
2022-08-31 00:00:00+02:00,16.536911010742188,16.45210601538808,16.45210601538808,16.536911010742188,350,0.0,0.0,0.0
2022-09-01 00:00:00+02:00,16.536911010742188,16.42666564904637,15.358126589634384,16.536911010742188,2065,0.0,0.0,0.0
2022-09-04 00:00:00+02:00,16.536911010742188,16.45210601538808,15.28180225556776,16.536911010742188,34,0.0,0.0,0.0
2022-09-05 00:00:00+02:00,16.536911010742188,16.367301020033967,15.298763578142731,16.536911010742188,521,0.0,0.0,0.0
2022-09-06 00:00:00+02:00,16.536911010742188,16.367301020033967,16.367301020033967,16.536911010742188,2,0.0,0.0,0.0
2022-09-07 00:00:00+02:00,16.536911010742188,15.688864292242588,15.688864292242588,16.536911010742188,440,0.0,0.0,0.0
2022-09-08 00:00:00+02:00,16.536911010742188,16.350341314979744,15.604059296888478,16.536911010742188,885,0.0,0.0,0.0
2022-09-11 00:00:00+02:00,16.536911010742188,16.367301020033967,15.773669287596698,16.536911010742188,25,0.0,0.0,0.0
2022-09-12 00:00:00+02:00,16.536911010742188,15.943277660784167,15.900875971867487,16.536911010742188,4329,0.0,0.0,0.0
2022-09-13 00:00:00+02:00,16.53691149813623,18.02099329925102,15.824552104199467,16.350341796875,24075,0.0,0.0,0.0
2022-09-14 00:00:00+02:00,16.350340937078283,17.808980676876935,16.0280822856851,16.257055282592773,24327,0.0,0.0,0.0
2022-09-15 00:00:00+02:00,16.257055282592773,16.494508940591924,16.0280822856851,16.257055282592773,11253,0.0,0.0,0.0
2022-09-18 00:00:00+02:00,16.257055282592773,16.45210563513455,15.26484058018023,16.257055282592773,3220,0.0,0.0,0.0
2022-09-19 00:00:00+02:00,16.257055282592773,17.384957327427486,14.671207243942716,16.257055282592773,577,0.0,0.0,0.0
2022-09-20 00:00:00+02:00,16.257055282592773,16.876128984584003,14.908660901941865,16.257055282592773,9383,0.0,0.0,0.0
2022-09-21 00:00:00+02:00,16.257056265142296,17.21534838110653,16.197693251434885,16.96941566467285,17495,0.0,0.0,0.0
2022-09-22 00:00:00+02:00,16.96941566467285,17.206869337023306,16.22313361872617,16.96941566467285,6728,0.0,0.0,0.0
2022-09-25 00:00:00+02:00,16.96941566467285,16.96093500306882,16.32489994045374,16.96941566467285,2177,0.0,0.0,0.0
2022-09-26 00:00:00+02:00,16.969416132108925,17.800501581947213,16.12136935859536,17.37647819519043,32194,0.0,0.0,0.0
2022-09-27 00:00:00+02:00,17.376476970144275,17.42735932006203,16.765883918568985,16.95245361328125,22589,0.0,0.0,0.0
2022-09-28 00:00:00+02:00,16.952454555911082,17.724176978911235,16.536911837181833,16.731962203979492,16083,0.0,0.0,0.0
2022-09-29 00:00:00+02:00,16.731962203979492,17.215348598878396,16.367301837997278,16.731962203979492,3595,0.0,0.0,0.0
2022-10-02 00:00:00+02:00,16.731962558219934,18.275407436897254,16.37578284640818,17.503684997558594,54767,0.0,0.0,0.0
2022-10-03 00:00:00+02:00,17.503684997558594,17.97859235832151,16.630197850571356,17.503684997558594,8529,0.0,0.0,0.0
2022-10-04 00:00:00+02:00,17.503684997558594,17.800501693655203,16.757404543892513,17.503684997558594,4862,0.0,0.0,0.0
2022-10-05 00:00:00+02:00,17.503684997558594,17.257752272807142,16.121369459765866,17.503684997558594,3813,0.0,0.0,0.0
2022-10-09 00:00:00+02:00,17.503684997558594,17.503684997558594,16.290977845020453,17.503684997558594,5824,0.0,0.0,0.0
2022-10-10 00:00:00+02:00,17.503684997558594,17.503684997558594,15.54469739135437,17.503684997558594,3722,0.0,0.0,0.0
2022-10-11 00:00:00+02:00,17.503684997558594,17.469763967516023,15.705826732238961,17.503684997558594,9318,0.0,0.0,0.0
2022-10-12 00:00:00+02:00,17.503684997558594,17.503684997558594,14.476158255919103,17.503684997558594,3867,0.0,0.0,0.0
2022-10-13 00:00:00+02:00,17.503684997558594,17.503684997558594,15.112193340045748,17.503684997558594,3085,0.0,0.0,0.0
2022-10-16 00:00:00+02:00,17.503684997558594,17.503684997558594,15.527736067572652,17.503684997558594,3075,0.0,0.0,0.0
2022-10-17 00:00:00+02:00,17.503684997558594,16.02808379648728,15.688865408457245,17.503684997558594,2933,0.0,0.0,0.0
2022-10-18 00:00:00+02:00,17.503684997558594,16.401224832080757,15.366608344208924,17.503684997558594,3966,0.0,0.0,0.0
2022-10-19 00:00:00+02:00,17.503684997558594,16.104408135984148,15.688865408457245,17.503684997558594,207,0.0,0.0,0.0
2022-10-20 00:00:00+02:00,17.503684997558594,16.11288879787501,15.434452021814932,17.503684997558594,4951,0.0,0.0,0.0
2022-10-23 00:00:00+02:00,17.503684997558594,16.528431525401913,15.519255405681793,17.503684997558594,3099,0.0,0.0,0.0
2022-10-24 00:00:00+02:00,17.503684997558594,16.11288879787501,15.561658715136089,17.503684997558594,2714,0.0,0.0,0.0
2022-10-25 00:00:00+02:00,17.503684997558594,15.841514087450976,15.358127682318065,17.503684997558594,5181,0.0,0.0,0.0
2022-10-26 00:00:00+02:00,17.503684997558594,17.503684997558594,17.503684997558594,17.503684997558594,0,0.0,0.0,0.0
2022-10-27 00:00:00+02:00,17.503684997558594,17.503684997558594,15.417490698033214,17.503684997558594,2680,0.0,0.0,0.0
2022-10-30 00:00:00+02:00,17.503684997558594,16.435145862123328,15.688865408457245,17.503684997558594,10265,0.0,0.0,0.0
2022-10-31 00:00:00+02:00,17.503684997558594,16.08744681220243,15.688865408457245,17.503684997558594,27,0.0,0.0,0.0
2022-11-01 00:00:00+02:00,17.503684997558594,17.503684997558594,15.604060407069518,17.503684997558594,210,0.0,0.0,0.0
2022-11-02 00:00:00+02:00,17.503684997558594,17.503684997558594,15.604060407069518,17.503684997558594,3579,0.0,0.0,0.0
2022-11-03 00:00:00+02:00,17.503684997558594,17.503684997558594,15.442931066184926,17.503684997558594,3677,0.0,0.0,0.0
2022-11-06 00:00:00+02:00,17.503684997558594,17.503684997558594,15.442931066184926,17.503684997558594,2808,0.0,0.0,0.0
2022-11-07 00:00:00+02:00,17.503684997558594,15.54469739135437,15.476853713748362,17.503684997558594,40,0.0,0.0,0.0
2022-11-08 00:00:00+02:00,17.503684997558594,16.104408135984148,15.485334375639221,17.503684997558594,6315,0.0,0.0,0.0
2022-11-09 00:00:00+02:00,17.503684997558594,16.045045120269,15.281803342821199,17.503684997558594,1540,0.0,0.0,0.0
2022-11-10 00:00:00+02:00,17.503684997558594,16.09592747409329,15.290284004712058,17.503684997558594,1994,0.0,0.0,0.0
2022-11-13 00:00:00+02:00,17.503684997558594,15.858475411232694,15.502295699420939,17.503684997558594,4442,0.0,0.0,0.0
2022-11-14 00:00:00+02:00,17.503684997558594,16.09592747409329,15.476853713748362,17.503684997558594,1752,0.0,0.0,0.0
2022-11-15 00:00:00+02:00,17.503684997558594,16.11288879787501,15.476853713748362,17.503684997558594,7853,0.0,0.0,0.0
2022-11-16 00:00:00+02:00,17.503684997558594,16.104408135984148,15.697346070348104,17.503684997558594,1975,0.0,0.0,0.0
2022-11-17 00:00:00+02:00,17.503684997558594,16.528431525401913,15.697346070348104,17.503684997558594,11772,0.0,0.0,0.0
2022-11-20 00:00:00+02:00,17.503684997558594,16.11288879787501,15.900877103166126,17.503684997558594,2503,0.0,0.0,0.0
2022-11-21 00:00:00+02:00,17.503684997558594,16.49451049535934,15.943278795099557,17.503684997558594,8230,0.0,0.0,0.0
2022-11-22 00:00:00+02:00,17.503684997558594,16.502989539729334,15.943278795099557,17.503684997558594,3377,0.0,0.0,0.0
2022-11-23 00:00:00+02:00,17.503684997558594,16.53691218729277,16.02808379648728,17.503684997558594,877,0.0,0.0,0.0
2022-11-24 00:00:00+02:00,17.503684997558594,16.53691218729277,16.121369459765866,17.503684997558594,2247,0.0,0.0,0.0
2022-11-27 00:00:00+02:00,17.503684997558594,17.503684997558594,15.943278795099557,17.503684997558594,2432,0.0,0.0,0.0
2022-11-28 00:00:00+02:00,17.503682840767315,17.469761814904466,16.197691803394733,17.249269485473633,22324,0.0,0.0,0.0
2022-11-29 00:00:00+02:00,17.249271645968882,19.488114629037593,17.461283341108597,18.82663917541504,56996,0.0,0.0,0.0
2022-11-30 00:00:00+02:00,18.826638036067102,19.5050747724483,17.64785198251371,18.088836669921875,30350,0.0,0.0,0.0
2022-12-01 00:00:00+02:00,18.08883521727862,19.055607893364307,17.664811886711824,18.004030227661133,22199,0.0,0.0,0.0
2022-12-04 00:00:00+02:00,18.004030745579204,19.505073767170792,17.80898039611246,19.114973068237305,15320,0.0,0.0,0.0
2022-12-05 00:00:00+02:00,19.11497507393288,21.879606135426883,18.657029039285852,20.768665313720703,45500,0.0,0.0,0.0
2022-12-06 00:00:00+02:00,20.768664274061265,21.879605040154814,20.78562559690746,20.811067581176758,21726,0.0,0.0,0.0
2022-12-07 00:00:00+02:00,20.811067581176758,22.64284839302596,19.683163874716236,20.811067581176758,10285,0.0,0.0,0.0
2022-12-08 00:00:00+02:00,20.811067581176758,21.4131799845298,19.929098203423777,20.811067581176758,10325,0.0,0.0,0.0
2022-12-11 00:00:00+02:00,20.811067746391863,20.55665275424147,19.52203631522141,19.589879989624023,13421,0.0,0.0,0.0
2022-12-12 00:00:00+02:00,19.589879989624023,19.700125353957976,18.919922289567523,19.589879989624023,1655,0.0,0.0,0.0
2022-12-13 00:00:00+02:00,19.589878766362926,22.04921383178911,19.589878766362926,21.370777130126953,35290,0.0,0.0,0.0
2022-12-14 00:00:00+02:00,21.37077686470398,21.752396898079002,20.437925198363924,21.218128204345703,16938,0.0,0.0,0.0
2022-12-15 00:00:00+02:00,21.218128204345703,21.540385229252657,20.141108538502905,21.218128204345703,4978,0.0,0.0,0.0
2022-12-18 00:00:00+02:00,21.218128204345703,21.218128204345703,19.259139219775385,21.218128204345703,1808,0.0,0.0,0.0
2022-12-19 00:00:00+02:00,21.218128204345703,20.522730189398594,19.505073532023864,21.218128204345703,1036,0.0,0.0,0.0
2022-12-20 00:00:00+02:00,21.218128204345703,21.218128204345703,18.9962452033365,21.218128204345703,4045,0.0,0.0,0.0
2022-12-21 00:00:00+02:00,21.218128204345703,20.861948536016616,19.030167846758637,21.218128204345703,3513,0.0,0.0,0.0
2022-12-22 00:00:00+02:00,21.218128204345703,21.218128204345703,20.268315216294578,21.218128204345703,2123,0.0,0.0,0.0
2022-12-25 00:00:00+02:00,21.218128204345703,21.218128204345703,19.03864850761417,21.218128204345703,4479,0.0,0.0,0.0
2022-12-26 00:00:00+02:00,21.218128204345703,20.75170156241534,19.089530855226705,21.218128204345703,4729,0.0,0.0,0.0
2022-12-27 00:00:00+02:00,21.218128204345703,21.201166882634638,20.268315216294578,21.218128204345703,2488,0.0,0.0,0.0
2022-12-28 00:00:00+02:00,21.218128204345703,20.76866288412641,19.801890191884883,21.218128204345703,2893,0.0,0.0,0.0
2022-12-29 00:00:00+02:00,21.218128204345703,20.556651215300064,19.250660176440515,21.218128204345703,84,0.0,0.0,0.0
2023-01-02 00:00:00+02:00,21.218128204345703,20.777143544981943,19.428749201844727,21.218128204345703,2343,0.0,0.0,0.0
2023-01-03 00:00:00+02:00,21.218128204345703,20.819545231738946,19.717085200850214,21.218128204345703,1683,0.0,0.0,0.0
2023-01-04 00:00:00+02:00,21.218128204345703,20.76866288412641,20.01390186071123,21.218128204345703,7915,0.0,0.0,0.0
2023-01-05 00:00:00+02:00,21.218128204345703,20.692338553947273,20.268315216294578,21.218128204345703,4088,0.0,0.0,0.0
2023-01-09 00:00:00+02:00,21.218128204345703,21.192686221779102,20.35312020732925,21.218128204345703,4766,0.0,0.0,0.0
2023-01-10 00:00:00+02:00,21.218128204345703,20.565131876155597,19.92909686967656,21.218128204345703,2087,0.0,0.0,0.0
2023-01-11 00:00:00+02:00,21.21813019992085,20.77714549908227,19.700125731945256,20.361602783203125,68020,0.0,0.0,0.0
2023-01-12 00:00:00+02:00,20.361602783203125,20.361602783203125,20.361602783203125,20.361602783203125,94,0.0,0.0,0.0
2023-01-15 00:00:00+02:00,20.361602783203125,20.77714549908227,19.784930730955878,20.361602783203125,7124,0.0,0.0,0.0
2023-01-16 00:00:00+02:00,20.361602783203125,20.77714549908227,19.844293745007068,20.361602783203125,1759,0.0,0.0,0.0
2023-01-17 00:00:00+02:00,20.361602783203125,21.201168876614563,20.692340500071648,20.361602783203125,5157,0.0,0.0,0.0
2023-01-18 00:00:00+02:00,20.361602783203125,21.625192254146853,20.819547189827173,20.361602783203125,7816,0.0,0.0,0.0
2023-01-19 00:00:00+02:00,20.361602608927207,22.829418515641326,21.226610679894435,22.125539779663086,17070,0.0,0.0,0.0
2023-01-22 00:00:00+02:00,22.125539219181732,24.508550067244947,22.600444933017076,22.625886917114258,16025,0.0,0.0,0.0
2023-01-23 00:00:00+02:00,22.625886917114258,22.68524992915358,21.21812948081891,22.625886917114258,5775,0.0,0.0,0.0
2023-01-24 00:00:00+02:00,22.625886917114258,21.794801513522213,21.633672182614934,22.625886917114258,2779,0.0,0.0,0.0
2023-01-25 00:00:00+02:00,22.625886917114258,24.423745071108446,19.165856338415214,22.625886917114258,5118,0.0,0.0,0.0
2023-01-29 00:00:00+02:00,22.625886917114258,22.558043243709207,22.10009723508455,22.625886917114258,2370,0.0,0.0,0.0
2023-01-30 00:00:00+02:00,22.625886917114258,22.625886917114258,20.565133113344835,22.625886917114258,4530,0.0,0.0,0.0
2023-01-31 00:00:00+02:00,22.625886917114258,22.558043243709207,21.20116815808746,22.625886917114258,230,0.0,0.0,0.0
2023-02-01 00:00:00+02:00,22.625886917114258,22.625886917114258,22.625886917114258,22.625886917114258,0,0.0,0.0,0.0
2023-02-02 00:00:00+02:00,22.625886917114258,23.97428134137028,19.50507470544046,22.625886917114258,10271,0.0,0.0,0.0
2023-02-05 00:00:00+02:00,22.62588702899831,22.778535699294704,20.353121532409283,20.37008285522461,12498,0.0,0.0,0.0
2023-02-06 00:00:00+02:00,20.37008285522461,20.361602193816946,20.361602193816946,20.37008285522461,32,0.0,0.0,0.0
2023-02-07 00:00:00+02:00,20.37008285522461,20.785625559075473,20.60753490455609,20.37008285522461,1050,0.0,0.0,0.0
2023-02-08 00:00:00+02:00,20.37008285522461,20.828027248593017,20.353121532409283,20.37008285522461,5388,0.0,0.0,0.0
2023-02-09 00:00:00+02:00,20.37008285522461,20.446407190372806,20.446407190372806,20.37008285522461,10,0.0,0.0,0.0
2023-02-12 00:00:00+02:00,20.37008285522461,20.480328218482686,17.817462002265785,20.37008285522461,5556,0.0,0.0,0.0
2023-02-13 00:00:00+02:00,20.37008285522461,20.20047286211289,20.191992200705226,20.37008285522461,1003,0.0,0.0,0.0
2023-02-14 00:00:00+02:00,20.37008285522461,21.49798494211146,20.20047286211289,20.37008285522461,862,0.0,0.0,0.0
2023-02-15 00:00:00+02:00,20.37008285522461,21.49798494211146,20.28527785866875,20.37008285522461,2191,0.0,0.0,0.0
2023-02-16 00:00:00+02:00,20.37008285522461,22.37147203933073,21.201168262926338,20.37008285522461,5071,0.0,0.0,0.0
2023-02-19 00:00:00+02:00,20.37008285522461,22.871819739737454,21.83720331081413,20.37008285522461,3217,0.0,0.0,0.0
2023-02-20 00:00:00+02:00,20.370082115288255,23.49089422903189,22.083136836911557,22.507160186767578,24985,0.0,0.0,0.0
2023-02-21 00:00:00+02:00,22.507161310429588,24.16085148691554,22.134020291021557,23.838594436645508,15665,0.0,0.0,0.0
2023-02-22 00:00:00+02:00,23.838594436645508,24.16933214843854,22.600445352141,23.838594436645508,7289,0.0,0.0,0.0
2023-02-23 00:00:00+02:00,23.838594436645508,24.14389016386954,20.870430839468845,23.838594436645508,7007,0.0,0.0,0.0
2023-02-26 00:00:00+02:00,23.838594436645508,24.593355519463778,22.04921529331235,23.838594436645508,4457,0.0,0.0,0.0
2023-02-27 00:00:00+02:00,23.838594436645508,23.7453087774133,20.94675517565505,23.838594436645508,1606,0.0,0.0,0.0
2023-02-28 00:00:00+02:00,23.83859194295483,28.604613228906253,23.83859194295483,28.596134185791016,75114,0.0,0.0,0.0
2023-03-01 00:00:00+02:00,28.59613627238997,30.266786101542724,26.289448171781657,26.518421173095703,17827,0.0,0.0,0.0
2023-03-02 00:00:00+02:00,26.518423206117355,28.40956713783382,25.44140340701536,26.102880477905273,36978,0.0,0.0,0.0
2023-03-05 00:00:00+02:00,26.102880477905273,28.570694861463227,26.39121651258645,26.102880477905273,3884,0.0,0.0,0.0
2023-03-06 00:00:00+02:00,26.102878269913088,28.833588088973073,25.695814620517712,26.8067569732666,18183,0.0,0.0,0.0
2023-03-07 00:00:00+02:00,26.806758673563046,28.613099183050355,26.866121688119943,27.53607940673828,34099,0.0,0.0,0.0
2023-03-08 00:00:00+02:00,27.53607940673828,27.97706411133358,26.374254630693137,27.53607940673828,1001,0.0,0.0,0.0
2023-03-09 00:00:00+02:00,27.53607940673828,27.73112977385976,27.73112977385976,27.53607940673828,31,0.0,0.0,0.0
2023-03-12 00:00:00+02:00,27.536078287590975,25.967191517616275,25.441401834657547,25.500764846801758,19884,0.0,0.0,0.0
2023-03-13 00:00:00+02:00,25.500763358197847,24.779923358124012,23.74530699288435,24.016681671142578,16148,0.0,0.0,0.0
2023-03-14 00:00:00+02:00,24.016681671142578,24.169330332043,22.897260314567053,24.016681671142578,6150,0.0,0.0,0.0
2023-03-15 00:00:00+02:00,24.016681671142578,25.22090801905397,21.226608940589415,24.016681671142578,7450,0.0,0.0,0.0
2023-03-16 00:00:00+02:00,24.016681671142578,24.593353671201648,19.50507360129786,24.016681671142578,35,0.0,0.0,0.0
2023-03-19 00:00:00+02:00,24.016681671142578,24.593353671201648,21.28597194926832,24.016681671142578,1134,0.0,0.0,0.0
2023-03-20 00:00:00+02:00,24.016681671142578,24.584873010315995,23.06687029723878,24.016681671142578,1331,0.0,0.0,0.0
2023-03-21 00:00:00+02:00,24.016681671142578,24.169330332043,23.06687029723878,24.016681671142578,3185,0.0,0.0,0.0
2023-03-22 00:00:00+02:00,24.016681671142578,23.99972034937127,22.481717636294057,24.016681671142578,2760,0.0,0.0,0.0
2023-03-23 00:00:00+02:00,24.016681671142578,23.736826331998696,23.736826331998696,24.016681671142578,20,0.0,0.0,0.0
2023-03-26 00:00:00+02:00,24.016681671142578,23.109271984146375,22.922702297224014,24.016681671142578,525,0.0,0.0,0.0
2023-03-27 00:00:00+02:00,24.016681671142578,23.74530699288435,23.07534934060376,24.016681671142578,3512,0.0,0.0,0.0
2023-03-28 00:00:00+02:00,24.016681671142578,23.762268314655657,23.456970992854814,24.016681671142578,8393,0.0,0.0,0.0
2023-03-29 00:00:00+02:00,24.016681671142578,23.74530699288435,23.15167367105397,24.016681671142578,2864,0.0,0.0,0.0
2023-03-30 00:00:00+02:00,24.016681671142578,23.74530699288435,23.19407697548224,24.016681671142578,6846,0.0,0.0,0.0
2023-04-02 00:00:00+02:00,24.016681671142578,23.74530699288435,21.379255983969166,24.016681671142578,2351,0.0,0.0,0.0
2023-04-03 00:00:00+02:00,24.016681671142578,24.593353671201648,23.06687029723878,24.016681671142578,5488,0.0,0.0,0.0
2023-04-04 00:00:00+02:00,24.016681671142578,24.5424713234084,23.74530699288435,24.016681671142578,2286,0.0,0.0,0.0
2023-04-05 00:00:00+02:00,24.016681671142578,24.593353671201648,23.753787653770004,24.016681671142578,1123,0.0,0.0,0.0
2023-04-06 00:00:00+02:00,24.016681671142578,24.584873010315995,23.490893636397427,24.016681671142578,2336,0.0,0.0,0.0
2023-04-09 00:00:00+02:00,24.016681671142578,23.507853340648065,23.3212836537257,24.016681671142578,1174,0.0,0.0,0.0
2023-04-10 00:00:00+02:00,24.016681671142578,26.38273268005776,23.3212836537257,24.016681671142578,2111,0.0,0.0,0.0
2023-04-11 00:00:00+02:00,24.016681671142578,24.6018343320873,24.6018343320873,24.016681671142578,321,0.0,0.0,0.0
2023-04-12 00:00:00+02:00,24.016681671142578,24.678158662537513,23.762268314655657,24.016681671142578,1382,0.0,0.0,0.0
2023-04-13 00:00:00+02:00,24.016681671142578,24.93257201902443,24.016681671142578,24.016681671142578,3150,0.0,0.0,0.0
2023-04-18 00:00:00+02:00,24.016681671142578,24.016681671142578,24.016681671142578,24.016681671142578,0,0.0,0.0,0.0
2023-04-19 00:00:00+02:00,24.016681671142578,24.593353671201648,23.753787653770004,24.016681671142578,500,0.0,0.0,0.0
2023-04-26 00:00:00+02:00,24.016681671142578,24.84776702768857,23.74530699288435,24.016681671142578,6397,0.0,0.0,0.0
2023-04-27 00:00:00+02:00,24.016681671142578,27.97706134110586,24.04212365379954,24.016681671142578,11859,0.0,0.0,0.0
2023-04-30 00:00:00+03:00,24.016681671142578,27.81593040179911,25.483802036426543,24.016681671142578,1528,0.0,0.0,0.0
2023-05-01 00:00:00+03:00,24.016681671142578,24.016681671142578,24.016681671142578,24.016681671142578,0,0.0,0.0,0.0
2023-05-02 00:00:00+03:00,24.016681671142578,24.788404019009665,24.02516233202823,24.016681671142578,223,0.0,0.0,0.0
2023-05-03 00:00:00+03:00,24.016681671142578,24.016681671142578,24.016681671142578,24.016681671142578,0,0.0,0.0,0.0
2023-05-07 00:00:00+03:00,24.016681671142578,23.99972034937127,23.89795565378477,24.016681671142578,1583,0.0,0.0,0.0
2023-05-08 00:00:00+03:00,24.016681671142578,25.441400349518947,25.10218200169616,24.016681671142578,67,0.0,0.0,0.0
2023-05-09 00:00:00+03:00,24.016681671142578,26.704989706109238,23.74530699288435,24.016681671142578,3995,0.0,0.0,0.0
2023-05-10 00:00:00+03:00,24.016681671142578,25.017377010360295,23.982760645120635,24.016681671142578,2218,0.0,0.0,0.0
2023-05-11 00:00:00+03:00,24.016681671142578,25.78061869734173,23.236478662389835,24.016681671142578,7555,0.0,0.0,0.0
2023-05-14 00:00:00+03:00,24.016681671142578,25.415958366861986,24.25413532337886,24.016681671142578,2351,0.0,0.0,0.0
2023-05-15 00:00:00+03:00,24.016681671142578,26.289447027836243,24.262615984264517,24.016681671142578,6337,0.0,0.0,0.0
2023-05-16 00:00:00+03:00,24.016681671142578,24.796884679895317,24.27109664515017,24.016681671142578,971,0.0,0.0,0.0
2023-05-17 00:00:00+03:00,24.016681671142578,25.441400349518947,20.45488659272233,24.016681671142578,1078,0.0,0.0,0.0
2023-05-18 00:00:00+03:00,24.016683323552186,27.646322321265494,23.999722000613897,27.341028213500977,47163,0.0,0.0,0.0
2023-05-21 00:00:00+03:00,27.341024877348627,31.58125804328078,27.162932625748187,31.56429672241211,65529,0.0,0.0,0.0
2023-05-22 00:00:00+03:00,31.564298436116413,31.377727131472803,29.045598763593066,30.241344451904297,41814,0.0,0.0,0.0
2023-05-23 00:00:00+03:00,30.241344036340344,32.166410359941665,28.03642399466059,30.1141357421875,91357,0.0,0.0,0.0
2023-05-24 00:00:00+03:00,30.114136815744516,34.744474244407776,29.817321765528277,34.12540054321289,75982,0.0,0.0,0.0
2023-05-25 00:00:00+03:00,34.1254025322143,34.68511325598872,31.971363017823656,32.17489242553711,42911,0.0,0.0,0.0
2023-05-28 00:00:00+03:00,32.17489061057067,33.913388932371085,32.05616459026149,32.41234588623047,31032,0.0,0.0,0.0
2023-05-29 00:00:00+03:00,32.41234378371366,32.42930510480636,30.58056316123773,30.724729537963867,18528,0.0,0.0,0.0
2023-05-30 00:00:00+03:00,30.72473350408802,33.921870154339516,30.73321578324992,31.784791946411133,55978,0.0,0.0,0.0
2023-05-31 00:00:00+03:00,31.784791795194188,33.27735588650753,31.649104444624033,31.810232162475586,16410,0.0,0.0,0.0
2023-06-01 00:00:00+03:00,31.810229305896833,33.79465865168337,30.52120120875669,30.529680252075195,96273,0.0,0.0,0.0
2023-06-04 00:00:00+03:00,30.52968160108681,31.8865550448963,29.732518857228918,30.385515213012695,37162,0.0,0.0,0.0
2023-06-05 00:00:00+03:00,30.385515446525343,31.928960213860563,29.68163511804884,30.037813186645508,15591,0.0,0.0,0.0
2023-06-06 00:00:00+03:00,30.03781118907584,30.860417485713068,29.43569883598981,29.656192779541016,30485,0.0,0.0,0.0
2023-06-07 00:00:00+03:00,29.656195938082153,30.42791835262131,28.451967868612186,28.833589553833008,34911,0.0,0.0,0.0
2023-06-08 00:00:00+03:00,28.833588086930515,28.833588086930515,27.98554137849138,28.1551513671875,9923,0.0,0.0,0.0
2023-06-11 00:00:00+03:00,28.1551513671875,28.833588086930515,27.790491023755354,28.1551513671875,7682,0.0,0.0,0.0
2023-06-12 00:00:00+03:00,28.1551513671875,28.579174721407067,27.68024404584666,28.1551513671875,5976,0.0,0.0,0.0
2023-06-13 00:00:00+03:00,28.155150955421142,29.673155317736473,28.29083829738533,28.731822967529297,9655,0.0,0.0,0.0
2023-06-14 00:00:00+03:00,28.731824073353614,30.402473929017034,28.8335887749831,29.622272491455078,9261,0.0,0.0,0.0
2023-06-15 00:00:00+03:00,29.62227189195151,30.360071625156184,28.833588191441127,29.6816349029541,11670,0.0,0.0,0.0
2023-06-18 00:00:00+03:00,29.6816349029541,30.215905237018887,29.266090590894496,29.6816349029541,2591,0.0,0.0,0.0
2023-06-19 00:00:00+03:00,29.6816342711483,31.57277800936221,29.936047632178436,31.35228729248047,15196,0.0,0.0,0.0
2023-06-20 00:00:00+03:00,31.35228729248047,31.80175100480175,30.62296661849706,31.35228729248047,7761,0.0,0.0,0.0
2023-06-21 00:00:00+03:00,31.35228729248047,31.683024985323783,30.020854242549415,31.35228729248047,8234,0.0,0.0,0.0
2023-06-22 00:00:00+03:00,31.35228729248047,31.123314297040928,30.020854242549415,31.35228729248047,3578,0.0,0.0,0.0
2023-06-25 00:00:00+03:00,31.35228729248047,31.377727658071063,31.063951287301943,31.35228729248047,168,0.0,0.0,0.0
2023-06-26 00:00:00+03:00,31.35228729248047,31.377727658071063,30.360070978909125,31.35228729248047,2765,0.0,0.0,0.0
2023-07-04 00:00:00+03:00,31.352284781348555,31.801748457670463,30.953701832132584,31.513412475585938,9760,0.0,0.0,0.0
2023-07-05 00:00:00+03:00,31.513412475585938,32.200331406886434,30.953701832132584,31.513412475585938,3071,0.0,0.0,0.0
2023-07-06 00:00:00+03:00,31.513412475585938,31.971358429786267,31.038505200669913,31.513412475585938,2727,0.0,0.0,0.0
2023-07-09 00:00:00+03:00,31.513416922251714,31.547339568469724,29.25761270941985,29.664674758911133,12961,0.0,0.0,0.0
2023-07-10 00:00:00+03:00,29.664674758911133,31.377729572421288,27.985542591618987,29.664674758911133,674,0.0,0.0,0.0
2023-07-11 00:00:00+03:00,29.664674758911133,29.664674758911133,29.664674758911133,29.664674758911133,0,0.0,0.0,0.0
2023-07-12 00:00:00+03:00,29.664674758911133,32.157931025185846,28.197554277919128,29.664674758911133,1017,0.0,0.0,0.0
2023-07-13 00:00:00+03:00,29.664674758911133,30.868902819317583,29.25761270941985,29.664674758911133,467,0.0,0.0,0.0
2023-07-16 00:00:00+03:00,29.664674758911133,29.681636082020137,28.663979340771125,29.664674758911133,5229,0.0,0.0,0.0
2023-07-17 00:00:00+03:00,29.664674758911133,29.63923439176843,28.282357658422548,29.664674758911133,45,0.0,0.0,0.0
2023-07-18 00:00:00+03:00,29.664674758911133,31.292926191917868,28.282357658422548,29.664674758911133,623,0.0,0.0,0.0
2023-07-19 00:00:00+03:00,29.664674758911133,29.664674758911133,29.664674758911133,29.664674758911133,0,0.0,0.0,0.0
2023-07-24 00:00:00+03:00,29.664674758911133,30.82649789402427,28.842068380853263,29.664674758911133,923,0.0,0.0,0.0
2023-07-25 00:00:00+03:00,29.664674758911133,29.18128837295013,29.121925359589422,29.664674758911133,670,0.0,0.0,0.0
2023-07-26 00:00:00+03:00,29.664674758911133,30.436397167641992,28.663979340771125,29.664674758911133,1846,0.0,0.0,0.0
2023-07-27 00:00:00+03:00,29.664674758911133,29.681636082020137,29.291535355637855,29.664674758911133,666,0.0,0.0,0.0
2023-07-30 00:00:00+03:00,29.664674758911133,30.52968282722071,29.045601023119705,29.664674758911133,2938,0.0,0.0,0.0
2023-07-31 00:00:00+03:00,29.664674758911133,30.51272150411171,29.25761270941985,29.664674758911133,5263,0.0,0.0,0.0
2023-08-01 00:00:00+03:00,29.664674758911133,30.52968282722071,29.681636082020137,29.664674758911133,3960,0.0,0.0,0.0
2023-08-02 00:00:00+03:00,29.664674758911133,29.681636082020137,29.25761270941985,29.664674758911133,6385,0.0,0.0,0.0
2023-08-03 00:00:00+03:00,29.664674758911133,30.504242460078007,29.25761270941985,29.664674758911133,3130,0.0,0.0,0.0
2023-08-06 00:00:00+03:00,29.664674758911133,30.33463246402957,29.681636082020137,29.664674758911133,105,0.0,0.0,0.0
2023-08-07 00:00:00+03:00,29.664672947461796,30.953704309658,29.257610922827425,30.648406982421875,9021,0.0,0.0,0.0
2023-08-08 00:00:00+03:00,30.648406982421875,30.300707967523262,29.68163426953507,30.648406982421875,1851,0.0,0.0,0.0
2023-08-09 00:00:00+03:00,30.648406982421875,29.68163426953507,29.342414298152395,30.648406982421875,3074,0.0,0.0,0.0
2023-08-10 00:00:00+03:00,30.648406982421875,30.826496011629146,29.724035957197554,30.648406982421875,3074,0.0,0.0,0.0
2023-08-13 00:00:00+03:00,30.648406982421875,31.79327195955735,30.538160006466292,30.648406982421875,2738,0.0,0.0,0.0
2023-08-14 00:00:00+03:00,30.648406982421875,31.377727656365646,30.207422313640954,30.648406982421875,1641,0.0,0.0,0.0
2023-08-15 00:00:00+03:00,30.648406982421875,31.733905714780192,29.48658391825452,30.648406982421875,781,0.0,0.0,0.0
2023-08-16 00:00:00+03:00,30.648406982421875,30.648406982421875,29.512024283843733,30.648406982421875,5554,0.0,0.0,0.0
2023-08-17 00:00:00+03:00,30.648406982421875,30.648406982421875,29.715556913681617,30.648406982421875,3410,0.0,0.0,0.0
2023-08-20 00:00:00+03:00,30.648406982421875,31.32684369014582,29.690113313051004,30.648406982421875,329,0.0,0.0,0.0
2023-08-21 00:00:00+03:00,30.648406982421875,30.190460991567683,29.495062961770458,30.648406982421875,128,0.0,0.0,0.0
2023-08-22 00:00:00+03:00,30.648406982421875,30.105657616242713,29.37633694229894,30.648406982421875,1879,0.0,0.0,0.0
2023-08-23 00:00:00+03:00,30.648406982421875,30.020854240917746,29.48658391825452,30.648406982421875,1860,0.0,0.0,0.0
2023-08-24 00:00:00+03:00,30.648406982421875,30.012371962360408,29.495062961770458,30.648406982421875,354,0.0,0.0,0.0
2023-08-27 00:00:00+03:00,30.648406982421875,30.020854240917746,29.766437644860037,30.648406982421875,607,0.0,0.0,0.0
2023-08-28 00:00:00+03:00,30.648406982421875,30.020854240917746,29.512024283843733,30.648406982421875,633,0.0,0.0,0.0
2023-08-29 00:00:00+03:00,30.648406982421875,29.936047630551375,29.257610922827425,30.648406982421875,2492,0.0,0.0,0.0
2023-08-30 00:00:00+03:00,30.648406982421875,29.936047630551375,29.257610922827425,30.648406982421875,1675,0.0,0.0,0.0
2023-08-31 00:00:00+03:00,30.648406982421875,30.648406982421875,30.648406982421875,30.648406982421875,0,0.0,0.0,0.0
2023-09-03 00:00:00+03:00,30.648406982421875,30.648406982421875,29.554425971506216,30.648406982421875,3163,0.0,0.0,0.0
2023-09-04 00:00:00+03:00,30.648406982421875,32.225774349780934,30.52968096295036,30.648406982421875,6793,0.0,0.0,0.0
2023-09-05 00:00:00+03:00,30.648406982421875,31.716947627748322,30.54664228502363,30.648406982421875,1739,0.0,0.0,0.0
2023-09-06 00:00:00+03:00,30.648406982421875,31.69150402711771,29.986931596771196,30.648406982421875,1595,0.0,0.0,0.0
2023-09-07 00:00:00+03:00,30.648406982421875,30.648406982421875,30.648406982421875,30.648406982421875,0,0.0,0.0,0.0
2023-09-10 00:00:00+03:00,30.648406982421875,30.648406982421875,30.648406982421875,30.648406982421875,0,0.0,0.0,0.0
2023-09-11 00:00:00+03:00,30.648406982421875,31.089391651202792,30.648406982421875,30.648406982421875,3,0.0,0.0,0.0
2023-09-12 00:00:00+03:00,30.648406982421875,30.648406982421875,30.648406982421875,30.648406982421875,0,0.0,0.0,0.0
2023-09-13 00:00:00+03:00,30.648406982421875,32.14097097445597,30.19894327012502,30.648406982421875,366,0.0,0.0,0.0
2023-09-14 00:00:00+03:00,30.648406982421875,31.36924861284971,29.48658391825452,30.648406982421875,1342,0.0,0.0,0.0
2023-09-17 00:00:00+03:00,30.648406982421875,30.953704309658,30.90282034343818,30.648406982421875,245,0.0,0.0,0.0
2023-09-18 00:00:00+03:00,30.648407162650717,33.92186793609003,30.648407162650717,32.615875244140625,9733,0.0,0.0,0.0
2023-09-19 00:00:00+03:00,32.615875244140625,33.85402264739797,30.868901115858495,32.615875244140625,2497,0.0,0.0,0.0
2023-09-20 00:00:00+03:00,32.615875244140625,32.615875244140625,32.615875244140625,32.615875244140625,0,0.0,0.0,0.0
2023-09-21 00:00:00+03:00,32.615875244140625,32.615875244140625,32.615875244140625,32.615875244140625,0,0.0,0.0,0.0
2023-09-24 00:00:00+03:00,32.615875244140625,32.615875244140625,32.615875244140625,32.615875244140625,0,0.0,0.0,0.0
2023-09-25 00:00:00+03:00,31.284442901611328,31.801751917068955,29.99541150236782,31.284442901611328,2144,0.0,0.0,0.0
2023-09-26 00:00:00+03:00,31.284442901611328,31.920477939952708,30.105658481491943,31.284442901611328,1080,0.0,0.0,0.0
2023-09-27 00:00:00+03:00,31.284442901611328,31.284442901611328,31.284442901611328,31.284442901611328,0,0.0,0.0,0.0
2023-10-01 00:00:00+03:00,31.284442901611328,31.284442901611328,31.284442901611328,31.284442901611328,0,0.0,0.0,0.0
2023-10-02 00:00:00+03:00,31.284442901611328,31.038508577042702,29.681635122597694,31.284442901611328,884,0.0,0.0,0.0
2023-10-03 00:00:00+03:00,31.284442901611328,30.529681840386196,30.105658481491943,31.284442901611328,638,0.0,0.0,0.0
2023-10-04 00:00:00+03:00,31.284442901611328,31.284442901611328,25.865424892549417,31.284442901611328,1895,0.0,0.0,0.0
2023-10-08 00:00:00+03:00,31.284442901611328,30.52120279662657,29.681635122597694,31.284442901611328,112,0.0,0.0,0.0
2023-10-09 00:00:00+03:00,31.284442901611328,31.284442901611328,25.950229887832418,31.284442901611328,1151,0.0,0.0,0.0
2023-10-10 00:00:00+03:00,31.284442901611328,30.529681840386196,28.833588404809188,31.284442901611328,1001,0.0,0.0,0.0
2023-10-11 00:00:00+03:00,31.284442901611328,30.902821231598203,28.842067448568812,31.284442901611328,1062,0.0,0.0,0.0
2023-10-12 00:00:00+03:00,31.284442901611328,30.105658481491943,27.98554168702068,31.284442901611328,776,0.0,0.0,0.0
2023-10-15 00:00:00+03:00,31.284442901611328,30.98762784440195,29.25761176370344,31.284442901611328,2047,0.0,0.0,0.0
2023-10-16 00:00:00+03:00,31.284442901611328,30.826496897595575,27.99402073078031,31.284442901611328,6967,0.0,0.0,0.0
2023-10-17 00:00:00+03:00,31.284442901611328,31.284442901611328,28.63853804792281,31.284442901611328,3570,0.0,0.0,0.0
2023-10-18 00:00:00+03:00,31.284442901611328,31.377728558174702,29.300013452584565,31.284442901611328,3715,0.0,0.0,0.0
2023-10-19 00:00:00+03:00,31.284442901611328,31.284442901611328,31.284442901611328,31.284442901611328,0,0.0,0.0,0.0
2023-10-22 00:00:00+03:00,31.284442901611328,31.801751917068955,30.6992918309522,31.284442901611328,1722,0.0,0.0,0.0
2023-10-23 00:00:00+03:00,31.284442901611328,31.377728558174702,31.377728558174702,31.284442901611328,1280,0.0,0.0,0.0
2023-10-24 00:00:00+03:00,31.284442901611328,32.52259033317259,28.926874061372562,31.284442901611328,2313,0.0,0.0,0.0
2023-10-25 00:00:00+03:00,31.284442901611328,32.52259033317259,29.69011416635732,31.284442901611328,2236,0.0,0.0,0.0
2023-10-26 00:00:00+03:00,31.284444374162803,35.53316044189253,30.36007327886174,33.38759994506836,16333,0.0,0.0,0.0
2023-10-29 00:00:00+02:00,33.38759994506836,35.52467816269214,31.818714737329163,33.38759994506836,5125,0.0,0.0,0.0
2023-10-30 00:00:00+02:00,33.38759994506836,33.921870308234716,32.23425583698172,33.38759994506836,2102,0.0,0.0,0.0
2023-10-31 00:00:00+02:00,33.38759994506836,33.07382355052885,31.386209079275847,33.38759994506836,3717,0.0,0.0,0.0
2023-11-01 00:00:00+02:00,33.38759994506836,33.75226030968521,31.394691358476226,33.38759994506836,5571,0.0,0.0,0.0
2023-11-02 00:00:00+02:00,33.38759994506836,33.48088560602267,31.691506429656624,33.38759994506836,2826,0.0,0.0,0.0
2023-11-05 00:00:00+02:00,33.38759994506836,33.66745692793128,31.699988708857003,33.38759994506836,2867,0.0,0.0,0.0
2023-11-06 00:00:00+02:00,34.94071578979492,34.94071578979492,31.506107294637363,34.94071578979492,6831,1.75,0.0,0.0
2023-11-07 00:00:00+02:00,34.94071578979492,32.828477794664536,31.683607167769186,34.94071578979492,3638,0.0,0.0,0.0
2023-11-08 00:00:00+02:00,34.94071875506835,32.615480037740745,31.790108435331128,32.003108978271484,13917,0.0,0.0,0.0
2023-11-09 00:00:00+02:00,32.003108978271484,32.57110591207407,30.174865885256743,32.003108978271484,7483,0.0,0.0,0.0
2023-11-12 00:00:00+02:00,32.003108978271484,32.46460733336828,31.062361940705472,32.003108978271484,2275,0.0,0.0,0.0
2023-11-13 00:00:00+02:00,32.003108978271484,31.9498579961542,31.151110192038836,32.003108978271484,1476,0.0,0.0,0.0
2023-11-14 00:00:00+02:00,32.003108978271484,32.038606247487564,31.506109968429836,32.003108978271484,1699,0.0,0.0,0.0
2023-11-15 00:00:00+02:00,32.00310691274986,32.0386041796749,30.441112060077135,31.026859283447266,16478,0.0,0.0,0.0
2023-11-16 00:00:00+02:00,31.026861262348717,31.940984500924813,30.174865862293224,30.28136444091797,14750,0.0,0.0,0.0
2023-11-19 00:00:00+02:00,30.28136389765578,31.949857398644124,30.44999031177589,31.612607955932617,8439,0.0,0.0,0.0
2023-11-20 00:00:00+02:00,31.612606768846153,32.420227998452596,31.248733542002118,31.825607299804688,9427,0.0,0.0,0.0
2023-11-21 00:00:00+02:00,31.825607299804688,33.618349637228256,31.266483868376046,31.825607299804688,4561,0.0,0.0,0.0
2023-11-22 00:00:00+02:00,31.825607299804688,32.384730731233326,31.506108196131176,31.825607299804688,1479,0.0,0.0,0.0
2023-11-23 00:00:00+02:00,31.825607299804688,32.393604201656,31.506108196131176,31.825607299804688,6626,0.0,0.0,0.0
2023-11-26 00:00:00+02:00,31.825608382869348,32.837353321913994,31.949857286186592,32.366981506347656,11174,0.0,0.0,0.0
2023-11-27 00:00:00+02:00,32.366980420658926,34.1685962293846,31.949856214489497,33.88459777832031,16875,0.0,0.0,0.0
2023-11-28 00:00:00+02:00,33.884598029328544,36.919832767135546,33.707098149716344,35.71284103393555,41891,0.0,0.0,0.0
2023-11-29 00:00:00+02:00,35.71284103393555,35.72171450442828,34.61234448876281,35.71284103393555,7154,0.0,0.0,0.0
2023-11-30 00:00:00+02:00,35.712838412111594,36.36071004743392,32.88172417323854,34.292842864990234,9407,0.0,0.0,0.0
2023-12-03 00:00:00+02:00,34.292842864990234,33.955593457038766,33.28109802666418,34.292842864990234,2527,0.0,0.0,0.0
2023-12-04 00:00:00+02:00,34.292842864990234,35.31346455868595,33.28109802666418,34.292842864990234,7472,0.0,0.0,0.0
2023-12-05 00:00:00+02:00,34.292842864990234,34.60346847788945,33.63609775982661,34.292842864990234,1210,0.0,0.0,0.0
2023-12-06 00:00:00+02:00,34.292842864990234,33.72484600035304,32.393602079286474,34.292842864990234,2823,0.0,0.0,0.0
2023-12-07 00:00:00+02:00,34.292842864990234,33.769220120616254,32.393602079286474,34.292842864990234,738,0.0,0.0,0.0
2023-12-10 00:00:00+02:00,34.292842864990234,33.28109802666418,31.949854105597616,34.292842864990234,1317,0.0,0.0,0.0
2023-12-11 00:00:00+02:00,34.292842864990234,33.272224556822884,31.949854105597616,34.292842864990234,414,0.0,0.0,0.0
2023-12-12 00:00:00+02:00,34.292842864990234,31.949854105597616,31.949854105597616,34.292842864990234,55,0.0,0.0,0.0
2023-12-13 00:00:00+02:00,34.292842864990234,33.61834743461566,31.248731494642417,34.292842864990234,996,0.0,0.0,0.0
2023-12-14 00:00:00+02:00,34.292842864990234,33.05922403981975,32.82847658313403,34.292842864990234,478,0.0,0.0,0.0
2023-12-17 00:00:00+02:00,34.292842864990234,33.547346133771825,31.949854105597616,34.292842864990234,1243,0.0,0.0,0.0
2023-12-18 00:00:00+02:00,34.292842864990234,33.60947057924599,32.26935318833813,34.292842864990234,2664,0.0,0.0,0.0
2023-12-19 00:00:00+02:00,34.292842864990234,33.272224556822884,32.287103513549084,34.292842864990234,339,0.0,0.0,0.0
2023-12-20 00:00:00+02:00,34.292842864990234,33.05922403981975,32.304853838760046,34.292842864990234,1847,0.0,0.0,0.0
2023-12-21 00:00:00+02:00,34.292842864990234,33.61834743461566,31.949854105597616,34.292842864990234,2093,0.0,0.0,0.0
2023-12-24 00:00:00+02:00,34.292842864990234,34.292842864990234,34.292842864990234,34.292842864990234,0,0.0,0.0,0.0
2023-12-25 00:00:00+02:00,34.292842864990234,31.949854105597616,31.062358158219904,34.292842864990234,1894,0.0,0.0,0.0
2023-12-26 00:00:00+02:00,34.292842864990234,32.37585175407551,30.361235547264705,34.292842864990234,3909,0.0,0.0,0.0
2023-12-27 00:00:00+02:00,34.292842864990234,32.304853838760046,30.423359992738874,34.292842864990234,3124,0.0,0.0,0.0
2023-12-28 00:00:00+02:00,34.292842864990234,34.1685939740419,31.23985802480112,34.292842864990234,3138,0.0,0.0,0.0
2023-12-31 00:00:00+02:00,34.292842864990234,33.63609775982661,31.532729926961014,34.292842864990234,4356,0.0,0.0,0.0
2024-01-02 00:00:00+02:00,34.29284639657394,34.29284639657394,31.52385970354458,34.07984924316406,13421,0.0,0.0,0.0
2024-01-03 00:00:00+02:00,34.07984924316406,33.72484947344266,32.40247888603556,34.07984924316406,1815,0.0,0.0,0.0
2024-01-04 00:00:00+02:00,34.07984924316406,34.07984924316406,32.881727559500845,34.07984924316406,4629,0.0,0.0,0.0
2024-01-08 00:00:00+02:00,34.07984924316406,34.16859749283006,32.83735343466785,34.07984924316406,426,0.0,0.0,0.0
2024-01-09 00:00:00+02:00,34.07984924316406,34.52359726255147,32.84622690542297,34.07984924316406,850,0.0,0.0,0.0
2024-01-10 00:00:00+02:00,34.07984924316406,33.54734958858195,32.83735343466785,34.07984924316406,1814,0.0,0.0,0.0
2024-01-11 00:00:00+02:00,34.07984924316406,34.07984924316406,32.03860564555904,34.07984924316406,1094,0.0,0.0,0.0
2024-01-14 00:00:00+02:00,34.07984924316406,34.07984924316406,32.94385201137279,34.07984924316406,4633,0.0,0.0,0.0
2024-01-15 00:00:00+02:00,34.07984924316406,34.07984924316406,32.97047919469556,34.07984924316406,3776,0.0,0.0,0.0
2024-01-16 00:00:00+02:00,34.07984924316406,33.81359772310865,32.97935266545067,34.07984924316406,5707,0.0,0.0,0.0
2024-01-17 00:00:00+02:00,34.07984803244073,33.72484827533107,32.83735226808552,32.84622573852539,18187,0.0,0.0,0.0
2024-01-18 00:00:00+02:00,32.84622573852539,33.36097504778154,32.92610051459863,32.84622573852539,4888,0.0,0.0,0.0
2024-01-21 00:00:00+02:00,32.84622573852539,33.36984851822141,32.9349773705671,32.84622573852539,2626,0.0,0.0,0.0
2024-01-22 00:00:00+02:00,32.84622554939371,34.61234408327546,33.192351834070465,33.778099060058594,14512,0.0,0.0,0.0
2024-01-23 00:00:00+02:00,33.778099060058594,33.520724406912514,32.83735207900492,33.778099060058594,2701,0.0,0.0,0.0
2024-01-24 00:00:00+02:00,33.778099060058594,33.80472285675351,32.83735207900492,33.778099060058594,3373,0.0,0.0,0.0
2024-01-28 00:00:00+02:00,33.778099060058594,33.69822428444528,31.95872954725844,33.778099060058594,3239,0.0,0.0,0.0
2024-01-29 00:00:00+02:00,33.778099060058594,33.6360998351381,32.18060354779225,33.778099060058594,4173,0.0,0.0,0.0
2024-01-30 00:00:00+02:00,33.77809864269561,33.5473477890956,32.74860342836031,32.87285232543945,11731,0.0,0.0,0.0
2024-01-31 00:00:00+02:00,32.872852999126984,33.05922634856518,29.287368308796005,29.87311553955078,13139,0.0,0.0,0.0
2024-02-01 00:00:00+02:00,29.87311553955078,33.28110035090455,28.027123907797847,29.87311553955078,1224,0.0,0.0,0.0
2024-02-04 00:00:00+02:00,29.87311673203497,32.65985377097462,29.429368709642574,30.236989974975586,12349,0.0,0.0,0.0
2024-02-05 00:00:00+02:00,30.236989974975586,31.949857612252533,30.236989974975586,30.236989974975586,4014,0.0,0.0,0.0
2024-02-06 00:00:00+02:00,30.236987341757633,32.642100601145856,30.91148617295077,31.51498031616211,13455,0.0,0.0,0.0
2024-02-07 00:00:00+02:00,31.51498031616211,31.949854829867824,30.174862894875165,31.51498031616211,7937,0.0,0.0,0.0
2024-02-08 00:00:00+02:00,31.51498031616211,32.83735079736415,30.707359121161588,31.51498031616211,3576,0.0,0.0,0.0
2024-02-11 00:00:00+02:00,31.51498031616211,32.393602813615985,30.716235976732477,31.51498031616211,6043,0.0,0.0,0.0
2024-02-12 00:00:00+02:00,31.51498031616211,31.275359384203128,30.769483568044055,31.51498031616211,1958,0.0,0.0,0.0
2024-02-13 00:00:00+02:00,31.51498031616211,31.896603853027806,30.63636120423667,31.51498031616211,914,0.0,0.0,0.0
2024-02-14 00:00:00+02:00,31.51498031616211,31.50610684611966,31.071232332413945,31.51498031616211,2207,0.0,0.0,0.0
2024-02-15 00:00:00+02:00,31.514981421853886,32.39360395013392,31.11561093089152,32.05635452270508,16437,0.0,0.0,0.0
2024-02-18 00:00:00+02:00,32.05635452270508,32.05635452270508,32.05635452270508,32.05635452270508,0,0.0,0.0,0.0
2024-02-19 00:00:00+02:00,34.32834449203775,38.597201339161764,32.84622445727659,35.18033981323242,66651,0.0,0.0,0.0
2024-02-20 00:00:00+02:00,35.180339427483005,38.07357816241743,35.51758884133116,36.342960357666016,13170,0.0,0.0,0.0
2024-02-21 00:00:00+02:00,36.342962601341824,38.60607676933505,35.77496569170745,37.416831970214844,17831,0.0,0.0,0.0
2024-02-22 00:00:00+02:00,37.41682892761619,38.99657062726909,36.12108565968677,37.168331146240234,20810,0.0,0.0,0.0
2024-02-25 00:00:00+02:00,37.16833137896963,38.45520118513408,34.61234209192564,36.35183334350586,13231,0.0,0.0,0.0
2024-02-26 00:00:00+02:00,36.351837504067724,39.928448898411766,32.85510427541221,39.43144989013672,35815,0.0,0.0,0.0
2024-02-27 00:00:00+02:00,39.431444756977726,42.156057013086524,36.04121054803072,36.83108139038086,27769,0.0,0.0,0.0
2024-02-28 00:00:00+02:00,36.8310856283266,42.040686430698486,36.112212617754466,38.881202697753906,27808,0.0,0.0,0.0
2024-02-29 00:00:00+02:00,38.88119961640392,41.44606242484727,37.71857867835155,38.05582809448242,10226,0.0,0.0,0.0
2024-03-03 00:00:00+02:00,38.0558300413033,38.952199526117745,34.68334586405385,36.28083801269531,15131,0.0,0.0,0.0
2024-03-04 00:00:00+02:00,36.28083727302659,38.52620106006961,35.766087970170894,38.135704040527344,10313,0.0,0.0,0.0
2024-03-05 00:00:00+02:00,38.13570571684792,38.162329514535394,34.878593507109166,36.600337982177734,12790,0.0,0.0,0.0
2024-03-06 00:00:00+02:00,36.60033656095368,37.64757872716359,34.61234402961987,35.26909255981445,18040,0.0,0.0,0.0
2024-03-07 00:00:00+02:00,35.26909255981445,35.41109178451483,34.16859602924013,35.26909255981445,2691,0.0,0.0,0.0
2024-03-10 00:00:00+02:00,35.26909255981445,36.38733603113884,34.6478446821771,35.26909255981445,4100,0.0,0.0,0.0
2024-03-11 00:00:00+02:00,35.26909361632876,36.56483700372579,34.745470824773975,35.686214447021484,13281,0.0,0.0,0.0
2024-03-12 00:00:00+02:00,35.686214447021484,36.29858887262798,34.70997017115329,35.686214447021484,5882,0.0,0.0,0.0
2024-03-13 00:00:00+02:00,35.68621680155501,35.499843436042724,34.16859930719112,34.825347900390625,10442,0.0,0.0,0.0
2024-03-14 00:00:00+02:00,34.825347900390625,35.0294715938844,32.863978977547305,34.825347900390625,534,0.0,0.0,0.0
2024-03-17 00:00:00+02:00,34.825347900390625,35.011721265902914,33.724851264240584,34.825347900390625,822,0.0,0.0,0.0
2024-03-18 00:00:00+02:00,34.825347900390625,34.612347350141654,32.97935441666254,34.825347900390625,2769,0.0,0.0,0.0
2024-03-19 00:00:00+02:00,34.825347900390625,33.89347430177139,32.39360713538898,34.825347900390625,328,0.0,0.0,0.0
2024-03-20 00:00:00+02:00,34.825347900390625,33.8668505025636,31.94985909243845,34.825347900390625,295,0.0,0.0,0.0
2024-03-21 00:00:00+02:00,34.825347900390625,33.63610300986204,31.94985909243845,34.825347900390625,900,0.0,0.0,0.0
2024-03-24 00:00:00+02:00,34.825347900390625,33.724851264240584,32.757480395187265,34.825347900390625,773,0.0,0.0,0.0
2024-03-25 00:00:00+02:00,34.825347900390625,33.71597779301429,32.85510550632101,34.825347900390625,633,0.0,0.0,0.0
2024-03-26 00:00:00+02:00,34.825347900390625,34.825347900390625,33.06810267104108,34.825347900390625,1256,0.0,0.0,0.0
2024-03-27 00:00:00+02:00,34.825347900390625,34.55909636619719,32.74860692396097,34.825347900390625,2432,0.0,0.0,0.0
2024-03-28 00:00:00+02:00,34.825347900390625,33.724851264240584,32.74860692396097,34.825347900390625,3555,0.0,0.0,0.0
2024-03-31 00:00:00+02:00,34.825347900390625,34.594597022160166,32.76635386641357,34.825347900390625,2622,0.0,0.0,0.0
2024-04-01 00:00:00+02:00,34.825347900390625,33.8668505025636,32.76635386641357,34.825347900390625,308,0.0,0.0,0.0
2024-04-02 00:00:00+02:00,34.825347900390625,33.937851814489555,32.95273061745475,34.825347900390625,309,0.0,0.0,0.0
2024-04-03 00:00:00+02:00,34.825347900390625,34.5235990957631,32.97935441666254,34.825347900390625,2060,0.0,0.0,0.0
2024-04-04 00:00:00+02:00,34.825347900390625,34.594597022160166,32.76635386641357,34.825347900390625,4417,0.0,0.0,0.0
2024-04-07 00:00:00+02:00,34.825347900390625,34.23960061911708,31.06236300653738,34.825347900390625,1607,0.0,0.0,0.0
2024-04-08 00:00:00+02:00,34.825347900390625,34.070974196057385,30.183740391862614,34.825347900390625,2458,0.0,0.0,0.0
2024-04-15 00:00:00+02:00,34.825347900390625,34.070974196057385,31.94985909243845,34.825347900390625,807,0.0,0.0,0.0
2024-04-16 00:00:00+02:00,34.825345842101974,34.04434838472038,32.65985335375237,32.8284797668457,12439,0.0,0.0,0.0
2024-04-17 00:00:00+02:00,32.8284797668457,33.81359752012803,32.846226708249404,32.8284797668457,4230,0.0,0.0,0.0
2024-04-18 00:00:00+02:00,32.82848058691595,33.99109825303618,32.79297993216436,33.02372741699219,12799,0.0,0.0,0.0
2024-04-21 00:00:00+02:00,33.02372741699219,33.52072642692823,32.66873102606254,33.02372741699219,2784,0.0,0.0,0.0
2024-04-22 00:00:00+02:00,33.02372741699219,33.52072642692823,32.68648135343834,33.02372741699219,1346,0.0,0.0,0.0
2024-04-23 00:00:00+02:00,33.02372741699219,33.28110208564811,28.985621041039305,33.02372741699219,6509,0.0,0.0,0.0
2024-04-24 00:00:00+02:00,33.02372741699219,32.79297993216436,28.985621041039305,33.02372741699219,260,0.0,0.0,0.0
2024-04-28 00:00:00+03:00,33.02372741699219,33.02372741699219,33.02372741699219,33.02372741699219,0,0.0,0.0,0.0
2024-04-29 00:00:00+03:00,33.02372741699219,31.50610997441354,29.38499494317284,33.02372741699219,1647,0.0,0.0,0.0
2024-04-30 00:00:00+03:00,33.02372741699219,31.49723650349003,27.876250971517702,33.02372741699219,3446,0.0,0.0,0.0
2024-05-02 00:00:00+03:00,33.02372741699219,31.93210767484638,28.852495278485204,33.02372741699219,4827,0.0,0.0,0.0
2024-05-07 00:00:00+03:00,33.02372741699219,31.94098453129867,30.618613918796257,33.02372741699219,1071,0.0,0.0,0.0
2024-05-08 00:00:00+03:00,33.02372741699219,31.94098453129867,30.183739361911126,33.02372741699219,4393,0.0,0.0,0.0
2024-05-09 00:00:00+03:00,33.02372741699219,31.896607020094784,28.41762410712885,33.02372741699219,3090,0.0,0.0,0.0
2024-05-12 00:00:00+03:00,33.02372741699219,31.94098453129867,30.396739904891938,33.02372741699219,4702,0.0,0.0,0.0
2024-05-13 00:00:00+03:00,33.02372741699219,31.0623619466049,29.296243306293846,33.02372741699219,820,0.0,0.0,0.0
2024-05-14 00:00:00+03:00,33.02372741699219,31.772358113992972,30.17486589098762,33.02372741699219,1202,0.0,0.0,0.0
2024-05-15 00:00:00+03:00,33.02372741699219,31.50610997441354,29.65124308275227,33.02372741699219,1875,0.0,0.0,0.0
2024-05-16 00:00:00+03:00,33.02372741699219,31.50610997441354,29.69561720842738,33.02372741699219,5616,0.0,0.0,0.0
2024-05-19 00:00:00+03:00,33.02372620490386,31.932106502824386,30.174864783462645,31.923233032226562,2335,0.0,0.0,0.0
2024-05-20 00:00:00+03:00,33.02372741699219,31.949858002222182,29.855366769280792,33.02372741699219,7340,0.0,0.0,0.0
2024-05-21 00:00:00+03:00,33.02372741699219,31.710233660942063,30.281364469713633,33.02372741699219,2709,0.0,0.0,0.0
2024-05-22 00:00:00+03:00,33.02372741699219,31.0623619466049,29.855366769280792,33.02372741699219,825,0.0,0.0,0.0
2024-05-23 00:00:00+03:00,33.02372741699219,31.710233660942063,30.17486589098762,33.02372741699219,1078,0.0,0.0,0.0
2024-05-26 00:00:00+03:00,33.02372741699219,33.02372741699219,33.02372741699219,33.02372741699219,0,0.0,0.0,0.0
2024-05-27 00:00:00+03:00,33.02372741699219,31.49723650349003,30.25474067141432,33.02372741699219,2257,0.0,0.0,0.0
2024-05-28 00:00:00+03:00,33.02372741699219,31.0446116192291,30.36123925014034,33.02372741699219,300,0.0,0.0,0.0
2024-05-29 00:00:00+03:00,33.02372741699219,31.0268612918533,30.17486589098762,33.02372741699219,6921,0.0,0.0,0.0
2024-05-30 00:00:00+03:00,33.02372741699219,31.0623619466049,30.30799165354172,33.02372741699219,1051,0.0,0.0,0.0
2024-06-02 00:00:00+03:00,33.02372741699219,31.683609862642754,30.31686512446523,33.02372741699219,2239,0.0,0.0,0.0
2024-06-03 00:00:00+03:00,33.02372741699219,31.585984754840247,30.31686512446523,33.02372741699219,1606,0.0,0.0,0.0
2024-06-04 00:00:00+03:00,33.02372741699219,31.0623619466049,30.31686512446523,33.02372741699219,35,0.0,0.0,0.0
2024-06-05 00:00:00+03:00,33.02372741699219,30.36123925014034,29.997366002758405,33.02372741699219,2599,0.0,0.0,0.0
2024-06-06 00:00:00+03:00,33.02372741699219,30.867111730999888,29.997366002758405,33.02372741699219,73,0.0,0.0,0.0
2024-06-09 00:00:00+03:00,33.02372741699219,30.84048793270058,28.896872789689088,33.02372741699219,739,0.0,0.0,0.0
2024-06-10 00:00:00+03:00,33.02372741699219,30.609740447872746,28.96787071366351,33.02372741699219,780,0.0,0.0,0.0
2024-06-11 00:00:00+03:00,33.02372741699219,31.0446116192291,29.021121695790903,33.02372741699219,106,0.0,0.0,0.0
2024-06-12 00:00:00+03:00,33.02372741699219,30.609740447872746,29.047745494090215,33.02372741699219,782,0.0,0.0,0.0
2024-06-13 00:00:00+03:00,33.02372741699219,30.609740447872746,29.198621584020117,33.02372741699219,343,0.0,0.0,0.0
2024-06-23 00:00:00+03:00,33.02372741699219,30.60086359142046,29.296243306293846,33.02372741699219,618,0.0,0.0,0.0
2024-06-24 00:00:00+03:00,33.02372741699219,30.52986566744604,29.509243849274654,33.02372741699219,2217,0.0,0.0,0.0
2024-06-25 00:00:00+03:00,33.02372741699219,30.52986566744604,29.509243849274654,33.02372741699219,946,0.0,0.0,0.0
2024-06-26 00:00:00+03:00,33.02372741699219,31.0623619466049,29.553617974949763,33.02372741699219,1261,0.0,0.0,0.0
2024-06-27 00:00:00+03:00,33.02372741699219,30.929236184050797,30.17486589098762,33.02372741699219,3853,0.0,0.0,0.0
2024-07-02 00:00:00+03:00,33.02372741699219,31.479486176114232,30.52986566744604,33.02372741699219,5467,0.0,0.0,0.0
2024-07-03 00:00:00+03:00,33.02372741699219,31.364110740935928,30.58311326404466,33.02372741699219,357,0.0,0.0,0.0
2024-07-04 00:00:00+03:00,33.02372741699219,31.443985521362634,30.707362170146475,33.02372741699219,2175,0.0,0.0,0.0
2024-07-07 00:00:00+03:00,33.02372741699219,31.50610997441354,30.716239026598764,33.02372741699219,3761,0.0,0.0,0.0
2024-07-08 00:00:00+03:00,33.02372741699219,31.50610997441354,30.88486205837569,33.02372741699219,3779,0.0,0.0,0.0
2024-07-09 00:00:00+03:00,33.02372741699219,30.955863367878884,30.955863367878884,33.02372741699219,83,0.0,0.0,0.0
2024-07-10 00:00:00+03:00,33.02372741699219,31.887733549171276,30.769486623197384,33.02372741699219,3108,0.0,0.0,0.0
2024-07-14 00:00:00+03:00,33.02372741699219,30.78723695057318,30.725112497522275,33.02372741699219,2562,0.0,0.0,0.0
2024-07-15 00:00:00+03:00,33.02372741699219,34.61234616907403,30.867111730999888,33.02372741699219,4959,0.0,0.0,0.0
2024-07-16 00:00:00+03:00,33.02372741699219,32.57110591826004,31.0623619466049,33.02372741699219,3896,0.0,0.0,0.0
2024-07-17 00:00:00+03:00,33.02372741699219,32.58885624563583,31.0801122739807,33.02372741699219,1720,0.0,0.0,0.0
2024-07-18 00:00:00+03:00,33.02372741699219,32.54447873443195,31.692483333566265,33.02372741699219,841,0.0,0.0,0.0
2024-07-21 00:00:00+03:00,33.02372741699219,32.60660657301163,31.949858002222182,33.02372741699219,1270,0.0,0.0,0.0
2024-07-22 00:00:00+03:00,33.02372741699219,33.41422784820221,29.864243625733078,33.02372741699219,1128,0.0,0.0,0.0
2024-07-23 00:00:00+03:00,33.02372741699219,32.642103842234455,31.239861834834112,33.02372741699219,4647,0.0,0.0,0.0
2024-07-24 00:00:00+03:00,33.02372741699219,32.29598092222832,31.239861834834112,33.02372741699219,2830,0.0,0.0,0.0
2024-07-28 00:00:00+03:00,33.02372741699219,32.162858545202994,31.30198628788502,33.02372741699219,569,0.0,0.0,0.0
2024-07-29 00:00:00+03:00,33.02372741699219,32.83735405783946,31.25761216220991,33.02372741699219,1956,0.0,0.0,0.0
2024-07-30 00:00:00+03:00,33.02372741699219,32.659854169610256,31.27536248958571,33.02372741699219,1420,0.0,0.0,0.0
2024-07-31 00:00:00+03:00,33.02372741699219,32.37585570265502,31.50610997441354,33.02372741699219,3325,0.0,0.0,0.0
2024-08-01 00:00:00+03:00,33.02372741699219,31.949858002222182,31.55048410008865,33.02372741699219,327,0.0,0.0,0.0
2024-08-04 00:00:00+03:00,33.02372741699219,31.55048410008865,30.192616218363415,33.02372741699219,605,0.0,0.0,0.0
2024-08-05 00:00:00+03:00,33.02372741699219,31.31085975880853,29.731117863178977,33.02372741699219,3876,0.0,0.0,0.0
2024-08-06 00:00:00+03:00,33.02372741699219,31.115612928732297,26.72250677632099,33.02372741699219,484,0.0,0.0,0.0
2024-08-07 00:00:00+03:00,33.02372741699219,31.49723650349003,29.43824253977146,33.02372741699219,515,0.0,0.0,0.0
2024-08-08 00:00:00+03:00,33.02372741699219,31.50610997441354,29.30512016274613,33.02372741699219,2809,0.0,0.0,0.0
2024-08-11 00:00:00+03:00,33.02372741699219,33.28110208564811,29.82874297098148,33.02372741699219,1383,0.0,0.0,0.0
2024-08-12 00:00:00+03:00,33.02372741699219,32.83735405783946,30.396739904891938,33.02372741699219,141,0.0,0.0,0.0
2024-08-13 00:00:00+03:00,33.02372741699219,32.82848058691595,30.387866433968426,33.02372741699219,5243,0.0,0.0,0.0
2024-08-14 00:00:00+03:00,33.02372741699219,32.48235428138104,29.38499494317284,33.02372741699219,3458,0.0,0.0,0.0
2024-08-15 00:00:00+03:00,33.02372741699219,31.151110197955116,29.855366769280792,33.02372741699219,2800,0.0,0.0,0.0
2024-08-18 00:00:00+03:00,33.02372741699219,31.50610997441354,29.908617751408187,33.02372741699219,2829,0.0,0.0,0.0
2024-08-19 00:00:00+03:00,33.02372741699219,32.0386062535724,30.30799165354172,33.02372741699219,633,0.0,0.0,0.0
2024-08-20 00:00:00+03:00,33.02372741699219,31.59485822576376,30.30799165354172,33.02372741699219,3442,0.0,0.0,0.0
2024-08-21 00:00:00+03:00,33.02372741699219,31.541610629165138,30.929236184050797,33.02372741699219,1710,0.0,0.0,0.0
2024-08-22 00:00:00+03:00,33.02372741699219,30.97361369525468,30.929236184050797,33.02372741699219,91,0.0,0.0,0.0
2024-08-25 00:00:00+03:00,33.02372741699219,31.50610997441354,29.731117863178977,33.02372741699219,3567,0.0,0.0,0.0
2024-08-26 00:00:00+03:00,33.02372741699219,31.25761216220991,30.396739904891938,33.02372741699219,314,0.0,0.0,0.0
2024-08-27 00:00:00+03:00,33.02372741699219,31.417361723063323,29.739991334102488,33.02372741699219,1277,0.0,0.0,0.0
2024-08-28 00:00:00+03:00,33.02372541583633,35.49984007348905,30.18373753285149,34.23072052001953,34981,0.0,0.0,0.0
2024-08-29 00:00:00+03:00,34.23071906983191,40.824814354965326,34.23071906983191,36.334083557128906,204477,0.0,0.0,0.0
2024-09-01 00:00:00+03:00,36.33408637367554,38.162329420518624,33.928972936676715,35.90808868408203,72743,0.0,0.0,0.0
2024-09-02 00:00:00+03:00,35.908087492754,36.83108414901521,32.92610037900458,33.769222259521484,20323,0.0,0.0,0.0
2024-09-03 00:00:00+03:00,33.769221138887936,35.49096549545605,32.98822373369754,33.227848052978516,11150,0.0,0.0,0.0
2024-09-04 00:00:00+03:00,33.22784978568599,35.18921856381309,33.369849013531834,34.443721771240234,11342,0.0,0.0,0.0
2024-09-05 00:00:00+03:00,34.4437209100356,36.875458049285506,34.78096695178184,35.60633850097656,21615,0.0,0.0,0.0
2024-09-08 00:00:00+03:00,35.60633850097656,37.052957926036896,34.78984380766012,35.60633850097656,7136,0.0,0.0,0.0
2024-09-09 00:00:00+03:00,35.60633850097656,35.845962826761664,34.61234393090872,35.60633850097656,2957,0.0,0.0,0.0
2024-09-10 00:00:00+03:00,35.60633850097656,35.44658895045316,33.85797368662598,35.60633850097656,5009,0.0,0.0,0.0
2024-09-11 00:00:00+03:00,35.606338088865044,35.32233964356126,33.724847542345344,33.79584884643555,13236,0.0,0.0,0.0
2024-09-12 00:00:00+03:00,33.79584884643555,34.381596063065665,33.724847542345344,33.79584884643555,6485,0.0,0.0,0.0
2024-09-16 00:00:00+03:00,33.79584884643555,34.51471842994202,33.724847542345344,33.79584884643555,6212,0.0,0.0,0.0
2024-09-17 00:00:00+03:00,33.795849580964436,34.346096157508676,32.571104143017564,32.84622573852539,11377,0.0,0.0,0.0
2024-09-18 00:00:00+03:00,32.84622573852539,33.23672614845173,31.355235561039162,32.84622573852539,3504,0.0,0.0,0.0
2024-09-19 00:00:00+03:00,32.84622573852539,34.16859627895385,33.28110027170829,32.84622573852539,969,0.0,0.0,0.0
2024-09-22 00:00:00+03:00,32.84622573852539,34.25734452546696,32.88172639134207,32.84622573852539,698,0.0,0.0,0.0
2024-09-23 00:00:00+03:00,32.84622573852539,34.31946897513187,33.014852146640344,32.84622573852539,306,0.0,0.0,0.0
2024-09-24 00:00:00+03:00,34.30172299537595,34.621218723092504,34.30172299537595,34.31059646606445,2127,0.0,0.0,0.0
2024-09-25 00:00:00+03:00,32.84622712314214,36.82221238247311,33.73372316779966,34.30172348022461,28239,0.0,0.0,0.0
2024-09-26 00:00:00+03:00,34.30172348022461,34.62121921245718,34.30172348022461,34.30172348022461,2127,0.0,0.0,0.0
2024-09-29 00:00:00+03:00,34.30172348022461,36.16546381979391,33.46747503150815,34.30172348022461,2291,0.0,0.0,0.0
2024-09-30 00:00:00+03:00,34.30172348022461,35.198092995696065,33.547349810948475,34.30172348022461,5806,0.0,0.0,0.0
2024-10-01 00:00:00+03:00,34.30172258842452,35.94358887414305,34.34609671239798,35.46434020996094,10785,0.0,0.0,0.0
2024-10-02 00:00:00+03:00,35.464341819308146,35.49984247430937,34.612346412451636,34.96734619140625,9547,0.0,0.0,0.0
2024-10-03 00:00:00+03:00,34.96734547697632,35.81046401009208,34.80759591826352,35.33121871948242,11864,0.0,0.0,0.0
2024-10-07 00:00:00+03:00,35.33121871948242,35.934716300057715,34.62121917607944,35.33121871948242,2955,0.0,0.0,0.0
2024-10-08 00:00:00+03:00,35.33121871948242,35.269094267263974,34.04434877897543,35.33121871948242,5604,0.0,0.0,0.0
2024-10-09 00:00:00+03:00,35.33121755218375,34.9584674656595,32.92610078014919,34.22184753417969,14118,0.0,0.0,0.0
2024-10-10 00:00:00+03:00,34.22184753417969,34.878592688942064,34.28397198434563,34.22184753417969,4716,0.0,0.0,0.0
2024-10-13 00:00:00+03:00,34.22184753417969,35.32234069614369,33.733722017835,34.22184753417969,4439,0.0,0.0,0.0
2024-10-14 00:00:00+03:00,34.22184753417969,34.9584674656595,34.612344561726815,34.22184753417969,622,0.0,0.0,0.0
2024-10-15 00:00:00+03:00,34.22184753417969,35.83709000955132,34.28397198434563,34.22184753417969,5201,0.0,0.0,0.0
2024-10-16 00:00:00+03:00,34.22184753417969,35.00284158927394,34.18634688107669,34.22184753417969,5135,0.0,0.0,0.0
2024-10-17 00:00:00+03:00,34.22184753417969,35.81046282695976,34.532469785009376,34.22184753417969,477,0.0,0.0,0.0
2024-10-20 00:00:00+03:00,34.22184833694114,37.17720837375466,35.49984140887013,36.600337982177734,8617,0.0,0.0,0.0
2024-10-21 00:00:00+03:00,36.600337982177734,38.162329514535394,35.63296716836488,36.600337982177734,4900,0.0,0.0,0.0
2024-10-22 00:00:00+03:00,36.600337982177734,38.073581265224696,35.7838398692988,36.600337982177734,5065,0.0,0.0,0.0
2024-10-23 00:00:00+03:00,36.600337982177734,37.718581496924514,36.56483732824198,36.600337982177734,5831,0.0,0.0,0.0
2024-10-24 00:00:00+03:00,36.600337982177734,37.27483347931364,36.653585577552676,36.600337982177734,2722,0.0,0.0,0.0
2024-10-27 00:00:00+03:00,36.600337982177734,38.162329514535394,36.79558480776701,36.600337982177734,6147,0.0,0.0,0.0
2024-10-28 00:00:00+03:00,36.600337982177734,38.162329514535394,36.87545958635811,36.600337982177734,3123,0.0,0.0,0.0
2024-10-29 00:00:00+03:00,36.60033591111715,38.162327355088216,37.27483137008616,37.69195556640625,8977,0.0,0.0,0.0
2024-10-30 00:00:00+03:00,37.69195556640625,37.984827480982105,37.27483137008616,37.69195556640625,5511,0.0,0.0,0.0
2024-10-31 00:00:00+03:00,37.691957165465155,38.251077222156255,37.47895663039569,38.09132766723633,22021,0.0,0.0,0.0
2024-11-03 00:00:00+02:00,42.006157822160986,42.07467083694468,37.19091484950411,39.931297302246094,41240,4.0,0.0,0.0
2024-11-04 00:00:00+02:00,39.93129954915683,41.09596486387718,37.68027111250744,39.00152587890625,11810,0.0,0.0,0.0
2024-11-05 00:00:00+02:00,39.00152587890625,39.61811317884784,37.77814045317549,39.00152587890625,1017,0.0,0.0,0.0
2024-11-06 00:00:00+02:00,39.00152418714686,38.658977776191215,37.19091532899408,37.650909423828125,9818,0.0,0.0,0.0
2024-11-07 00:00:00+02:00,37.650909423828125,38.47302454359755,37.68026947805979,37.650909423828125,563,0.0,0.0,0.0
2024-11-10 00:00:00+02:00,37.650909423828125,38.85472018251267,37.68026947805979,37.650909423828125,4014,0.0,0.0,0.0
2024-11-11 00:00:00+02:00,37.650909423828125,38.25770752329637,37.582400141636995,37.650909423828125,3736,0.0,0.0,0.0
2024-11-12 00:00:00+02:00,37.650909423828125,38.15983818687357,37.19091532899408,37.650909423828125,5300,0.0,0.0,0.0
2024-11-13 00:00:00+02:00,37.65091223288166,38.198986531301344,37.2594273910309,38.14026641845703,9356,0.0,0.0,0.0
2024-11-14 00:00:00+02:00,38.14026641845703,38.56111131672994,37.5824029455792,38.14026641845703,2832,0.0,0.0,0.0
2024-11-17 00:00:00+02:00,38.140264567808494,39.148332946467725,38.561109445661096,38.74706268310547,7660,0.0,0.0,0.0
2024-11-18 00:00:00+02:00,38.74706268310547,39.12875833197737,37.68027046097519,38.74706268310547,333,0.0,0.0,0.0
2024-11-19 00:00:00+02:00,38.74706268310547,38.65897878463688,37.29857481210328,38.74706268310547,140,0.0,0.0,0.0
2024-11-20 00:00:00+02:00,38.74706268310547,38.69812801361758,37.72920513046308,38.74706268310547,1858,0.0,0.0,0.0
2024-11-21 00:00:00+02:00,38.74706268310547,39.011314378511244,37.68027046097519,38.74706268310547,2271,0.0,0.0,0.0
2024-11-24 00:00:00+02:00,38.74706268310547,38.65897878463688,37.690055901482374,38.74706268310547,46,0.0,0.0,0.0
2024-11-25 00:00:00+02:00,38.74706268310547,38.57089488616829,37.77813979995097,38.74706268310547,2063,0.0,0.0,0.0
2024-11-26 00:00:00+02:00,38.74706103680825,40.95894011157524,37.944520544182325,38.98195266723633,12128,0.0,0.0,0.0
2024-11-27 00:00:00+02:00,38.98195266723633,39.14833128312121,37.95430598427375,38.98195266723633,1335,0.0,0.0,0.0
2024-11-28 00:00:00+02:00,38.98195266723633,38.98195266723633,38.98195266723633,38.98195266723633,1,0.0,0.0,0.0
2024-12-01 00:00:00+02:00,38.98195266723633,38.9721634936691,37.738992700980134,38.98195266723633,660,0.0,0.0,0.0
2024-12-02 00:00:00+02:00,38.98195266723633,38.94280343991901,37.190914718965146,38.98195266723633,6044,0.0,0.0,0.0
2024-12-03 00:00:00+02:00,38.98195266723633,38.071753666225696,35.233498154809084,38.98195266723633,4739,0.0,0.0,0.0
2024-12-04 00:00:00+02:00,38.98195266723633,38.12068833363444,36.25135566420443,38.98195266723633,409,0.0,0.0,0.0
2024-12-05 00:00:00+02:00,38.98195266723633,38.3849400178126,37.04410698326312,38.98195266723633,2872,0.0,0.0,0.0
2024-12-08 00:00:00+02:00,38.98195266723633,39.14833128312121,37.88579670320635,38.98195266723633,4421,0.0,0.0,0.0
2024-12-09 00:00:00+02:00,38.98195266723633,38.95258888001044,37.9347313706151,38.98195266723633,2256,0.0,0.0,0.0
2024-12-10 00:00:00+02:00,38.98195266723633,38.54153319360606,37.82707659570619,38.98195266723633,5031,0.0,0.0,0.0
2024-12-11 00:00:00+02:00,38.98195266723633,38.87429415885162,37.82707659570619,38.98195266723633,86,0.0,0.0,0.0
2024-12-12 00:00:00+02:00,38.98195457816645,38.54153508294642,36.23178282666002,36.68198776245117,9647,0.0,0.0,0.0
2024-12-15 00:00:00+02:00,36.68198776245117,37.43559362461078,36.359015954940475,36.68198776245117,3350,0.0,0.0,0.0
2024-12-16 00:00:00+02:00,36.68198776245117,36.56454380821783,36.310077551656924,36.68198776245117,1973,0.0,0.0,0.0
2024-12-17 00:00:00+02:00,36.68198776245117,36.84837011996807,36.310077551656924,36.68198776245117,1578,0.0,0.0,0.0
2024-12-18 00:00:00+02:00,36.68198776245117,37.68027070712458,36.310077551656924,36.68198776245117,1709,0.0,0.0,0.0
2024-12-19 00:00:00+02:00,36.68198776245117,36.70156237706939,36.310077551656924,36.68198776245117,1151,0.0,0.0,0.0
2024-12-22 00:00:00+02:00,36.68198847713636,39.148333964945024,37.50410363973925,38.78621292114258,11260,0.0,0.0,0.0
2024-12-23 00:00:00+02:00,38.786211762783324,40.958941694184965,38.208773704706665,39.91172409057617,18212,0.0,0.0,0.0
2024-12-24 00:00:00+02:00,39.91172409057617,39.87257859522212,38.23813375959119,39.91172409057617,2542,0.0,0.0,0.0
2024-12-25 00:00:00+02:00,39.911724542797394,41.105749901309665,39.148333239342534,39.324501037597656,55719,0.0,0.0,0.0
2024-12-26 00:00:00+02:00,39.324499941149575,40.45980142409692,39.44194389221975,39.921512603759766,17773,0.0,0.0,0.0
2024-12-29 00:00:00+02:00,39.921512603759766,40.31299368515229,38.30664240927239,39.921512603759766,4622,0.0,0.0,0.0
2024-12-30 00:00:00+02:00,39.921512603759766,40.07810578301196,39.09939747931679,39.921512603759766,2989,0.0,0.0,0.0
2024-12-31 00:00:00+02:00,39.921512603759766,39.53981696267479,39.14833214780637,39.921512603759766,2502,0.0,0.0,0.0
2025-01-02 00:00:00+02:00,39.92151271483235,45.509936248446024,39.5398170726854,43.88528060913086,70081,0.0,0.0,0.0
2025-01-05 00:00:00+02:00,43.88528258809832,47.87841071694361,44.041875774847625,45.81333923339844,46081,0.0,0.0,0.0
2025-01-06 00:00:00+02:00,45.813336289402784,47.173740211893666,43.95378904945898,44.26697540283203,24157,0.0,0.0,0.0
2025-01-08 00:00:00+02:00,44.26697808738355,45.90142296830291,43.11210193923006,44.59973907470703,45870,0.0,0.0,0.0
2025-01-09 00:00:00+02:00,44.59973907470703,45.8720591791288,43.89506787014529,44.59973907470703,4388,0.0,0.0,0.0
2025-01-12 00:00:00+02:00,44.59973864073331,45.020583524532015,42.96529750919379,43.60145568847656,9312,0.0,0.0,0.0
2025-01-13 00:00:00+02:00,43.60145568847656,44.67803709980098,42.094243952707984,43.60145568847656,5081,0.0,0.0,0.0
2025-01-14 00:00:00+02:00,43.60145568847656,43.03380679413999,39.41258519873243,43.60145568847656,2293,0.0,0.0,0.0
2025-01-15 00:00:00+02:00,43.60145568847656,43.00444300525161,41.800632198156244,43.60145568847656,285,0.0,0.0,0.0
2025-01-16 00:00:00+02:00,43.60145568847656,43.053381408906915,41.98658917170396,43.60145568847656,2690,0.0,0.0,0.0
2025-01-19 00:00:00+02:00,43.60145568847656,43.053381408906915,41.6929736836762,43.60145568847656,5916,0.0,0.0,0.0
2025-01-20 00:00:00+02:00,43.60145568847656,43.60145568847656,40.1466164518498,43.60145568847656,4161,0.0,0.0,0.0
2025-01-21 00:00:00+02:00,43.60145568847656,43.25890926374553,41.6929736836762,43.60145568847656,306,0.0,0.0,0.0
2025-01-22 00:00:00+02:00,43.601456561236105,44.75633272126905,40.39129434472478,43.484012603759766,10839,0.0,0.0,0.0
2025-01-23 00:00:00+02:00,43.484012603759766,43.7971989793474,41.35042808664643,43.484012603759766,1605,0.0,0.0,0.0
2025-01-26 00:00:00+02:00,43.484012603759766,43.54273644923598,41.790847594027824,43.484012603759766,259,0.0,0.0,0.0
2025-01-27 00:00:00+02:00,43.484012603759766,43.54273644923598,41.790847594027824,43.484012603759766,199,0.0,0.0,0.0
2025-01-28 00:00:00+02:00,43.484012603759766,42.358496499726876,40.82192467778876,43.484012603759766,1466,0.0,0.0,0.0
2025-01-29 00:00:00+02:00,43.484012603759766,43.033807655537046,42.113819410456784,43.484012603759766,1999,0.0,0.0,0.0
2025-01-30 00:00:00+02:00,43.484012603759766,43.4546525477597,42.113819410456784,43.484012603759766,610,0.0,0.0,0.0
2025-02-02 00:00:00+02:00,43.484012603759766,43.01423304037831,40.763204565788634,43.484012603759766,102,0.0,0.0,0.0
2025-02-03 00:00:00+02:00,43.484012603759766,42.0746739136154,40.92958319442377,43.484012603759766,2073,0.0,0.0,0.0
2025-02-04 00:00:00+02:00,43.484012603759766,42.28998721340934,41.066601767058856,43.484012603759766,310,0.0,0.0,0.0
2025-02-05 00:00:00+02:00,43.484012603759766,42.80870518142569,40.88064852326497,43.484012603759766,14,0.0,0.0,0.0
2025-02-06 00:00:00+02:00,43.484012603759766,42.798916007108275,41.10575099737633,43.484012603759766,138,0.0,0.0,0.0
2025-02-09 00:00:00+02:00,43.484012603759766,42.701046664790674,41.10575099737633,43.484012603759766,249,0.0,0.0,0.0
2025-02-10 00:00:00+02:00,43.484012603759766,42.0746739136154,40.91000857926503,43.484012603759766,98,0.0,0.0,0.0
2025-02-11 00:00:00+02:00,43.484012603759766,42.52487886183811,40.12704264029594,43.484012603759766,2235,0.0,0.0,0.0
2025-02-12 00:00:00+02:00,43.484012603759766,41.10575099737633,39.63768846175575,43.484012603759766,766,0.0,0.0,0.0
2025-02-13 00:00:00+02:00,43.484012603759766,41.340642645805104,40.12704264029594,43.484012603759766,107,0.0,0.0,0.0
2025-02-16 00:00:00+02:00,43.484012603759766,42.08445935445672,41.340642645805104,43.484012603759766,1021,0.0,0.0,0.0
2025-02-17 00:00:00+02:00,43.484012603759766,43.01423304037831,39.64747390259707,43.484012603759766,105,0.0,0.0,0.0
2025-02-18 00:00:00+02:00,43.484012603759766,42.37807111488562,40.12704264029594,43.484012603759766,1109,0.0,0.0,0.0
2025-02-19 00:00:00+02:00,43.484012603759766,42.260627157409274,39.706197748073286,43.484012603759766,1615,0.0,0.0,0.0
2025-02-20 00:00:00+02:00,43.484012603759766,42.28020177256801,40.518527476518535,43.484012603759766,2571,0.0,0.0,0.0
2025-02-23 00:00:00+02:00,43.484012603759766,42.08445935445672,40.733840776312476,43.484012603759766,1471,0.0,0.0,0.0
2025-02-24 00:00:00+02:00,43.484012603759766,42.28020177256801,40.841499292947496,43.484012603759766,282,0.0,0.0,0.0
2025-02-25 00:00:00+02:00,43.484012603759766,42.0746739136154,41.39936275780523,43.484012603759766,1063,0.0,0.0,0.0
2025-02-26 00:00:00+02:00,43.484012603759766,42.08445935445672,40.23470115693096,43.484012603759766,1501,0.0,0.0,0.0
2025-02-27 00:00:00+02:00,43.48401171347316,44.75633180493311,42.074673052183435,43.07295227050781,20158,0.0,0.0,0.0
2025-03-02 00:00:00+02:00,43.07295216381484,44.04187505781624,42.573812555889035,43.70911407470703,10508,0.0,0.0,0.0
2025-03-03 00:00:00+02:00,43.70911407470703,45.020583392434375,43.0631667231981,43.70911407470703,2429,0.0,0.0,0.0
2025-03-04 00:00:00+02:00,43.70911407470703,44.717182464651394,43.0631667231981,43.70911407470703,2575,0.0,0.0,0.0
2025-03-05 00:00:00+02:00,43.70911451102325,44.03209005673975,41.839781722581456,42.32913589477539,8445,0.0,0.0,0.0
2025-03-06 00:00:00+02:00,42.32913589477539,44.02230088254928,42.622747651396544,42.32913589477539,3614,0.0,0.0,0.0
2025-03-09 00:00:00+02:00,42.32913589477539,44.0027262676444,41.88871639310564,42.32913589477539,4048,0.0,0.0,0.0
2025-03-10 00:00:00+02:00,42.32913599434242,44.89335081729692,42.19211742316199,44.07123565673828,15629,0.0,0.0,0.0
2025-03-11 00:00:00+02:00,44.07123565673828,44.42357125890285,42.906574068228565,44.07123565673828,3369,0.0,0.0,0.0
2025-03-12 00:00:00+02:00,44.07123565673828,44.06145021600084,42.94572329813042,44.07123565673828,3914,0.0,0.0,0.0
2025-03-13 00:00:00+02:00,44.07123565673828,44.04187560104992,42.98486879455621,44.07123565673828,1681,0.0,0.0,0.0
2025-03-16 00:00:00+02:00,44.07123565673828,44.032090160312485,43.024018024458066,44.07123565673828,113,0.0,0.0,0.0
2025-03-17 00:00:00+02:00,44.07123565673828,43.49379758285214,43.05338181362249,44.07123565673828,2087,0.0,0.0,0.0
2025-03-18 00:00:00+02:00,44.07123565673828,43.70911461383628,42.32913599434242,44.07123565673828,998,0.0,0.0,0.0
2025-03-19 00:00:00+02:00,44.07123565673828,43.70911461383628,42.28020132370313,44.07123565673828,684,0.0,0.0,0.0
2025-03-20 00:00:00+02:00,44.07123565673828,44.07123565673828,44.07123565673828,44.07123565673828,0,0.0,0.0,0.0
2025-03-23 00:00:00+02:00,44.07123565673828,44.04187560104992,42.28020132370313,44.07123565673828,5444,0.0,0.0,0.0
2025-03-24 00:00:00+02:00,44.07123565673828,44.01251554536155,42.417219894883566,44.07123565673828,279,0.0,0.0,0.0
2025-03-25 00:00:00+02:00,44.07123565673828,43.78741307363998,42.29977593865406,44.07123565673828,165,0.0,0.0,0.0
2025-03-26 00:00:00+02:00,44.07123565673828,43.45465208642634,42.338921435079854,44.07123565673828,3544,0.0,0.0,0.0
2025-03-27 00:00:00+02:00,44.07123565673828,43.45465208642634,42.57381308101492,44.07123565673828,590,0.0,0.0,0.0
2025-04-03 00:00:00+02:00,44.07123565673828,43.1610365956385,42.5053037954247,44.07123565673828,1789,0.0,0.0,0.0
2025-04-06 00:00:00+02:00,44.07123565673828,43.05338181362249,41.507020833783784,44.07123565673828,679,0.0,0.0,0.0
2025-04-07 00:00:00+02:00,44.07123565673828,42.94572329813042,40.224911555568504,44.07123565673828,2517,0.0,0.0,0.0
2025-04-08 00:00:00+02:00,44.07123565673828,42.94572329813042,41.6929740756035,44.07123565673828,3588,0.0,0.0,0.0
2025-04-09 00:00:00+02:00,44.07123565673828,42.94572329813042,41.31127841775057,44.07123565673828,2450,0.0,0.0,0.0
2025-04-10 00:00:00+02:00,44.07123565673828,42.94572329813042,41.2036199022585,44.07123565673828,455,0.0,0.0,0.0
2025-04-13 00:00:00+02:00,44.07123565673828,43.25890967039313,41.30149297701313,44.07123565673828,134,0.0,0.0,0.0
2025-04-14 00:00:00+02:00,44.07123565673828,43.05338181362249,41.64403940496421,44.07123565673828,1230,0.0,0.0,0.0
2025-04-15 00:00:00+02:00,44.07123565673828,43.01423258372063,41.722337864767916,44.07123565673828,361,0.0,0.0,0.0
2025-04-16 00:00:00+02:00,44.07123565673828,42.916359508965996,41.64403940496421,44.07123565673828,1360,0.0,0.0,0.0
2025-04-17 00:00:00+02:00,44.07123315758502,47.839262318753015,41.2036175657195,43.63081741333008,31234,0.0,0.0,0.0
2025-04-22 00:00:00+02:00,43.630820214807116,45.020584285463784,43.25890999490172,43.32741928100586,10681,0.0,0.0,0.0
2025-04-23 00:00:00+02:00,43.327418970285265,45.461003465451824,43.76783847313636,44.59973907470703,10836,0.0,0.0,0.0
2025-04-27 00:00:00+03:00,44.59973907470703,44.99122390690268,43.06316726857462,44.59973907470703,6008,0.0,0.0,0.0
2025-04-28 00:00:00+03:00,44.59973907470703,44.032090174847006,42.83806479677874,44.59973907470703,598,0.0,0.0,0.0
2025-04-29 00:00:00+03:00,44.59973907470703,44.04187561558767,43.79719852883441,44.59973907470703,1210,0.0,0.0,0.0
2025-04-30 00:00:00+03:00,44.59973907470703,44.27676726160027,43.10231649848939,44.59973907470703,2126,0.0,0.0,0.0
2025-05-04 00:00:00+03:00,44.59973907470703,44.01251555988962,43.30784435532788,44.59973907470703,1593,0.0,0.0,0.0
2025-05-05 00:00:00+03:00,44.59973907470703,43.99294094493223,43.07295270931528,44.59973907470703,3946,0.0,0.0,0.0
2025-05-06 00:00:00+03:00,44.59973907470703,44.18868336103006,43.1610366098855,44.59973907470703,2872,0.0,0.0,0.0
2025-05-07 00:00:00+03:00,44.59973907470703,44.04187561558767,43.06316726857462,44.59973907470703,2006,0.0,0.0,0.0
2025-05-08 00:00:00+03:00,44.59973907470703,43.552521442081144,42.867424852476795,44.59973907470703,1527,0.0,0.0,0.0
2025-05-11 00:00:00+03:00,44.59973907470703,44.01251555988962,42.34871062327221,44.59973907470703,827,0.0,0.0,0.0
2025-05-12 00:00:00+03:00,44.59973907470703,43.54273600134048,42.52487842441264,44.59973907470703,2477,0.0,0.0,0.0
2025-05-13 00:00:00+03:00,44.59973907470703,43.79719852883441,42.52487842441264,44.59973907470703,1370,0.0,0.0,0.0
2025-05-14 00:00:00+03:00,44.599738819493425,46.95842577295871,36.750497473347366,42.43679428100586,29867,0.0,0.0,0.0
2025-05-15 00:00:00+03:00,42.43679428100586,43.94400602281549,42.59338746629283,42.43679428100586,3114,0.0,0.0,0.0
2025-05-18 00:00:00+03:00,42.43679428100586,42.671682192198304,41.3014927543063,42.43679428100586,5402,0.0,0.0,0.0
2025-05-19 00:00:00+03:00,42.436793286719464,43.89506659051056,41.1155348166837,42.661895751953125,9366,0.0,0.0,0.0
2025-05-20 00:00:00+03:00,42.661895751953125,42.96529667473377,42.57381185395074,42.661895751953125,1585,0.0,0.0,0.0
2025-05-21 00:00:00+03:00,42.661895751953125,42.96529667473377,42.084457694709926,42.661895751953125,3222,0.0,0.0,0.0
2025-05-22 00:00:00+03:00,42.661897697396554,45.60780822763456,41.64404010372568,43.79719924926758,23572,0.0,0.0,0.0
2025-05-25 00:00:00+03:00,43.79719924926758,44.25719337464263,43.072953417835116,43.79719924926758,4340,0.0,0.0,0.0
2025-05-26 00:00:00+03:00,43.797198717954196,44.23761822270705,43.072952895307715,43.6993293762207,8937,0.0,0.0,0.0
2025-05-27 00:00:00+03:00,43.69932822457322,45.470787904206624,43.30784340100426,45.08909225463867,15269,0.0,0.0,0.0
2025-05-28 00:00:00+03:00,45.08909045082711,47.96649146847638,45.020581169464684,45.960140228271484,42155,0.0,0.0,0.0
2025-05-29 00:00:00+03:00,45.96014114999801,47.45756739682017,46.58651386843106,46.63545227050781,22851,0.0,0.0,0.0
2025-06-01 00:00:00+03:00,46.63545351001504,48.92563115607815,47.40863025480064,47.780540466308594,9394,0.0,0.0,0.0
2025-06-02 00:00:00+03:00,47.78054201765668,49.86519187773284,47.41842096845719,49.23881912231445,13121,0.0,0.0,0.0
2025-06-03 00:00:00+03:00,49.2388171178242,49.904339076732164,47.51628837707089,47.839263916015625,7728,0.0,0.0,0.0
2025-06-04 00:00:00+03:00,47.83926324783319,54.70979603343763,45.99929057928839,50.22731018066406,56226,0.0,0.0,0.0
2025-06-10 00:00:00+03:00,50.22731157902884,54.80766689695221,49.91412520972434,54.43575668334961,19029,0.0,0.0,0.0
2025-06-11 00:00:00+03:00,54.43575540841843,54.2987368417413,51.67579826014051,51.705162048339844,30569,0.0,0.0,0.0
2025-06-12 00:00:00+03:00,51.70516153716649,52.74258995088036,50.42305231376483,51.23537826538086,8215,0.0,0.0,0.0
2025-06-15 00:00:00+03:00,51.23537826538086,51.13750892828646,44.6976064903209,51.23537826538086,4306,0.0,0.0,0.0
2025-06-16 00:00:00+03:00,51.23537826538086,52.83067384765568,49.91412354722698,51.23537826538086,4168,0.0,0.0,0.0
2025-06-17 00:00:00+03:00,51.23537760489567,54.41617955464599,48.935414611543465,51.24516677856445,28610,0.0,0.0,0.0
2025-06-18 00:00:00+03:00,51.24516677856445,51.871539488236074,49.003923893321556,51.24516677856445,1487,0.0,0.0,0.0
2025-06-19 00:00:00+03:00,51.245170449741714,52.85025156663138,49.03328746009534,50.29582214355469,8726,0.0,0.0,0.0
2025-06-22 00:00:00+03:00,50.29582214355469,51.57793144227807,48.93541811725128,50.29582214355469,382,0.0,0.0,0.0
2025-06-23 00:00:00+03:00,50.29582214355469,52.06728562345058,50.188163626340554,50.29582214355469,1552,0.0,0.0,0.0
2025-06-24 00:00:00+03:00,50.29582214355469,52.06728562345058,50.706881597147174,50.29582214355469,3357,0.0,0.0,0.0
2025-06-25 00:00:00+03:00,50.29582214355469,52.06728562345058,50.941769513363354,50.29582214355469,4239,0.0,0.0,0.0
2025-06-29 00:00:00+03:00,50.29581931250757,54.690221254814475,52.84046315145759,53.085140228271484,28607,0.0,0.0,0.0
2025-06-30 00:00:00+03:00,53.085140409201756,56.451895653584515,53.085140409201756,55.09149169921875,39229,0.0,0.0,0.0
2025-07-01 00:00:00+03:00,55.0914910618852,55.77658761806866,52.03791848006335,53.67236328125,6105,0.0,0.0,0.0
2025-07-02 00:00:00+03:00,53.67236651794981,56.75529933995301,52.86003678850078,55.688507080078125,18238,0.0,0.0,0.0
2025-07-06 00:00:00+03:00,55.688507080078125,55.78637642251666,53.926829048375666,55.688507080078125,5307,0.0,0.0,0.0
2025-07-07 00:00:00+03:00,55.68850376936487,54.79787936560835,51.13750868048626,51.4506950378418,20894,0.0,0.0,0.0
2025-07-09 00:00:00+03:00,51.4506950378418,53.13407450873468,51.871539905565015,51.4506950378418,3730,0.0,0.0,0.0
2025-07-10 00:00:00+03:00,51.4506950378418,53.33960235572252,51.4506950378418,51.4506950378418,2547,0.0,0.0,0.0
2025-07-13 00:00:00+03:00,51.4506950378418,54.073633580801264,52.02813308424278,51.4506950378418,3519,0.0,0.0,0.0
2025-07-14 00:00:00+03:00,51.45069665096283,61.63905022514979,53.535346440919234,58.72249984741211,53775,0.0,0.0,0.0
2025-07-15 00:00:00+03:00,58.722501376427296,61.639051830106055,57.773153076129375,58.331016540527344,41925,0.0,0.0,0.0
2025-07-16 00:00:00+03:00,58.33101284447689,59.2118518027008,56.27572691992225,57.166351318359375,7674,0.0,0.0,0.0
2025-07-17 00:00:00+03:00,57.166352904359506,60.19056176686288,56.442107103784906,58.096126556396484,9198,0.0,0.0,0.0
2025-07-20 00:00:00+03:00,58.096125070340655,59.69142063880966,56.37359637796929,57.058692932128906,8380,0.0,0.0,0.0
2025-07-21 00:00:00+03:00,57.058692932128906,58.62462844641885,56.56933878394002,57.058692932128906,1711,0.0,0.0,0.0
2025-07-22 00:00:00+03:00,57.058692932128906,57.74378948628851,56.7846558038554,57.058692932128906,2519,0.0,0.0,0.0
2025-07-23 00:00:00+03:00,57.058692932128906,57.058692932128906,57.058692932128906,57.058692932128906,0,0.0,0.0,0.0
2025-07-27 00:00:00+03:00,57.05869589689284,59.701209181112716,56.03105287899513,57.968894958496094,5283,0.0,0.0,0.0
2025-07-28 00:00:00+03:00,57.968894958496094,58.71271539313851,56.47147238194445,57.968894958496094,4544,0.0,0.0,0.0
2025-07-29 00:00:00+03:00,57.968894958496094,58.223361219522836,56.667214798085936,57.968894958496094,951,0.0,0.0,0.0
2025-07-30 00:00:00+03:00,57.96889568526816,57.7437932105999,56.27573067134736,56.902103424072266,7745,0.0,0.0,0.0
2025-07-31 00:00:00+03:00,56.902103424072266,57.05869661225349,54.31831395234397,56.902103424072266,2176,0.0,0.0,0.0
2025-08-03 00:00:00+03:00,56.902103424072266,56.902103424072266,56.902103424072266,56.902103424072266,0,0.0,0.0,0.0
2025-08-04 00:00:00+03:00,56.902103424072266,56.902103424072266,56.902103424072266,56.902103424072266,0,0.0,0.0,0.0
2025-08-05 00:00:00+03:00,56.902103424072266,56.902103424072266,56.902103424072266,56.902103424072266,0,0.0,0.0,0.0
2025-08-06 00:00:00+03:00,56.902103424072266,56.902103424072266,56.902103424072266,56.902103424072266,0,0.0,0.0,0.0
2025-08-07 00:00:00+03:00,56.902103424072266,56.902103424072266,56.902103424072266,56.902103424072266,0,0.0,0.0,0.0
2025-08-10 00:00:00+03:00,66.53259612310067,79.81366797515514,66.53259612310067,71.34783935546875,87277,0.0,0.0,0.0
2025-08-11 00:00:00+03:00,71.34783570564701,72.94312752736579,68.51936935000695,69.28276062011719,20980,0.0,0.0,0.0
2025-08-12 00:00:00+03:00,69.2827625706448,77.22008760903911,69.48829042092599,70.94656372070312,53947,0.0,0.0,0.0
2025-08-13 00:00:00+03:00,70.94656210945965,74.77331512141832,69.49807801648295,70.6529541015625,21158,0.0,0.0,0.0
2025-08-14 00:00:00+03:00,70.65295971665878,72.42441947936446,69.97764855100755,70.57466125488281,10174,0.0,0.0,0.0
2025-08-17 00:00:00+03:00,70.57465643036016,71.93506037617244,70.2418917240364,70.53550720214844,6610,0.0,0.0,0.0
2025-08-18 00:00:00+03:00,70.53550994760862,76.82860488876796,69.98743566521533,72.71803283691406,37809,0.0,0.0,0.0
2025-08-19 00:00:00+03:00,72.71802813322334,75.2528789922802,71.99377863039145,72.57122039794922,8577,0.0,0.0,0.0
2025-08-20 00:00:00+03:00,72.57122010183757,75.30181708576882,70.67252365846313,72.2580337524414,11763,0.0,0.0,0.0
2025-08-21 00:00:00+03:00,72.25804085253861,74.3818362264083,71.43592193774732,72.16017150878906,6304,0.0,0.0,0.0
2025-08-24 00:00:00+03:00,72.16016869012219,74.36226243975588,71.44570832144882,72.62015533447266,4350,0.0,0.0,0.0
2025-08-25 00:00:00+03:00,72.62015712872919,81.03705497551718,71.50443019870421,77.03413391113281,56490,0.0,0.0,0.0
2025-08-26 00:00:00+03:00,77.03413268311107,79.2753756817529,74.54821259903173,75.88904571533203,13206,0.0,0.0,0.0
2025-08-27 00:00:00+03:00,75.88904245241555,83.04339773357582,74.38183077489015,79.00133514404297,19548,0.0,0.0,0.0
2025-08-28 00:00:00+03:00,79.00133917909343,94.79769134521484,76.44690978913029,94.79769134521484,109357,0.0,0.0,0.0
2025-08-31 00:00:00+03:00,94.79768896636652,113.7552719116211,95.9134158596223,113.7552719116211,145288,0.0,0.0,0.0
2025-09-01 00:00:00+03:00,113.75527497035975,136.50045496648482,95.04236860321281,97.75338745117188,352739,0.0,0.0,0.0
2025-09-02 00:00:00+03:00,97.7533829912395,113.33442490976653,96.40276821601124,107.75578308105469,150446,0.0,0.0,0.0
2025-09-03 00:00:00+03:00,107.75578308105469,110.5940386640535,91.01987252882279,107.75578308105469,823,0.0,0.0,0.0
2025-09-07 00:00:00+03:00,107.75578231973252,102.76437148390464,89.06245528605068,94.75853729248047,36423,0.0,0.0,0.0
2025-09-08 00:00:00+03:00,94.75853819566669,104.7217890817485,79.28516221703104,98.86911010742188,149744,0.0,0.0,0.0
2025-09-09 00:00:00+03:00,98.86911103920932,104.72179006869423,93.17302892480514,95.58065795898438,32107,0.0,0.0,0.0
2025-09-10 00:00:00+03:00,95.5806593477232,104.47711450709431,94.02450921604371,97.14659118652344,90173,0.0,0.0,0.0
2025-09-11 00:00:00+03:00,97.14659452562579,100.78739084282203,92.24326351992102,93.61345672607422,46827,0.0,0.0,0.0
2025-09-14 00:00:00+03:00,93.61344929631927,96.89212056968076,91.02966001181724,92.86962890625,52868,0.0,0.0,0.0
2025-09-15 00:00:00+03:00,92.86963486874723,93.93643085460853,88.08375162766684,89.4050064086914,43068,0.0,0.0,0.0
2025-09-16 00:00:00+03:00,89.4050023319786,91.47986663047841,83.19020607724534,83.96338653564453,42242,0.0,0.0,0.0
2025-09-17 00:00:00+03:00,83.96338511018666,88.06417523544636,79.36345166619101,86.20462799072266,75464,0.0,0.0,0.0
2025-09-18 00:00:00+03:00,86.20462843498402,88.96458552882436,82.21149679842088,83.13148498535156,19529,0.0,0.0,0.0
2025-09-21 00:00:00+03:00,83.1314850670605,86.81142288449679,82.11362754299779,82.49532318115234,12479,0.0,0.0,0.0
2025-09-22 00:00:00+03:00,82.49532255152559,84.16891282918805,79.52983763144205,81.34044647216797,30434,0.0,0.0,0.0
2025-09-23 00:00:00+03:00,81.34044799571689,97.6065827468776,80.7727953855634,95.27725219726562,166006,0.0,0.0,0.0
2025-09-24 00:00:00+03:00,95.27725513544718,98.84954205970823,88.59267540013307,90.90242767333984,97929,0.0,0.0,0.0
2025-09-25 00:00:00+03:00,90.90242391903374,93.76025782058413,88.10331759281874,90.63817596435547,53684,0.0,0.0,0.0
2025-09-28 00:00:00+03:00,90.63818103448918,92.98708257160187,88.08375163958505,89.93350982666016,19939,0.0,0.0,0.0
2025-09-29 00:00:00+03:00,89.93350392604646,92.58580248869569,88.23055359682644,89.69861602783203,24853,0.0,0.0,0.0
2025-09-30 00:00:00+03:00,89.69862255447374,91.01987734512544,86.12633555237676,86.86036682128906,18773,0.0,0.0,0.0
2025-10-01 00:00:00+03:00,86.86036194814507,91.9985805422607,85.14762241677319,87.98587799072266,22898,0.0,0.0,0.0
2025-10-02 00:00:00+03:00,87.9858801504019,90.03137697108313,86.22420217382555,88.9058609008789,14258,0.0,0.0,0.0
2025-10-05 00:00:00+03:00,88.90585895556252,92.43899653847916,85.20634275265192,89.46372985839844,31431,0.0,0.0,0.0
2025-10-06 00:00:00+03:00,89.46373299641763,91.4407205589273,87.10504231148646,87.51609802246094,18088,0.0,0.0,0.0
2025-10-07 00:00:00+03:00,87.51609780449532,91.01987544710842,86.4297309518027,88.78842163085938,19081,0.0,0.0,0.0
2025-10-08 00:00:00+03:00,88.78842190290948,101.78566747853289,89.06245904371627,93.8581314086914,113045,0.0,0.0,0.0
2025-10-12 00:00:00+03:00,93.8581303752011,95.91341637557298,91.01987472375802,91.44071960449219,42991,0.0,0.0,0.0
2025-10-13 00:00:00+03:00,91.44072073684538,95.75682064437942,92.01815507477323,93.75047302246094,89706,0.0,0.0,0.0
2025-10-14 00:00:00+03:00,93.75046815904227,109.60553949798171,93.09473539566422,100.26866149902344,223461,0.0,0.0,0.0
2025-10-15 00:00:00+03:00,100.26866152870399,107.54046443694818,97.87082920008262,98.68315887451172,150579,0.0,0.0,0.0
2025-10-16 00:00:00+03:00,98.68315949301875,105.602626862155,99.33889226070077,99.8380355834961,83464,0.0,0.0,0.0
2025-10-19 00:00:00+03:00,99.83804096244765,104.71200436826032,100.37632607525192,101.03206634521484,55475,0.0,0.0,0.0
2025-10-20 00:00:00+03:00,101.03206540413933,121.23260498046875,101.93247528647929,121.23260498046875,276247,0.0,0.0,0.0
2025-10-21 00:00:00+03:00,121.23260435768505,145.47520657279574,131.14691712056214,144.3888397216797,334344,0.0,0.0,0.0
2025-10-22 00:00:00+03:00,144.3888437195087,155.56569144225347,127.23208729647352,132.71286010742188,551184,0.0,0.0,0.0
2025-10-23 00:00:00+03:00,132.71285382348117,136.04045612934243,124.34489472226963,125.18658447265625,139514,0.0,0.0,0.0
2025-10-26 00:00:00+03:00,125.18658384832007,137.00938205655092,126.74272648121118,128.3673858642578,139571,0.0,0.0,0.0
2025-10-27 00:00:00+03:00,128.36738838895474,137.41064381750593,129.395035124173,131.71456909179688,271476,0.0,0.0,0.0
2025-10-28 00:00:00+03:00,131.71456926741612,135.40430386488532,124.78531247664455,125.68572235107422,106041,0.0,0.0,0.0
2025-10-29 00:00:00+03:00,125.68572467953157,132.00818719972946,125.76402313970263,129.14056396484375,86626,0.0,0.0,0.0
2025-10-30 00:00:00+03:00,129.14056134516792,131.1469164113765,127.32995989236818,127.3788833618164,45263,0.0,0.0,0.0
2025-11-02 00:00:00+02:00,127.37888064776386,142.89141334393776,125.30402380819422,126.78186798095703,39953,0.0,0.0,0.0
2025-11-03 00:00:00+02:00,126.78186697887472,144.84882882020423,121.40876795398569,137.89999389648438,553103,0.0,0.0,0.0
2025-11-04 00:00:00+02:00,140.89999389648438,142.0,132.6300048828125,134.60000610351562,212169,3.0,0.0,0.0
2025-11-05 00:00:00+02:00,134.60000610351562,137.69000244140625,128.6999969482422,129.0,93267,0.0,0.0,0.0
2025-11-06 00:00:00+02:00,129.0,132.0,127.30000305175781,128.19000244140625,49872,0.0,0.0,0.0
2025-11-09 00:00:00+02:00,128.19000244140625,132.0,126.44999694824219,126.76000213623047,30286,0.0,0.0,0.0
2025-11-10 00:00:00+02:00,126.76000213623047,137.0,126.76000213623047,130.94000244140625,117728,0.0,0.0,0.0
2025-11-11 00:00:00+02:00,130.94000244140625,132.6999969482422,128.5,128.8000030517578,52538,0.0,0.0,0.0
2025-11-12 00:00:00+02:00,128.8000030517578,130.5,128.3000030517578,128.52999877929688,25540,0.0,0.0,0.0
2025-11-13 00:00:00+02:00,128.52999877929688,133.0,127.0,128.99000549316406,60976,0.0,0.0,0.0
2025-11-16 00:00:00+02:00,128.99000549316406,130.9499969482422,126.66000366210938,126.68000030517578,20924,0.0,0.0,0.0
2025-11-17 00:00:00+02:00,126.68000030517578,133.39999389648438,126.69999694824219,127.95999908447266,84420,0.0,0.0,0.0
2025-11-18 00:00:00+02:00,127.95999908447266,129.6999969482422,125.0,125.18000030517578,34880,0.0,0.0,0.0
2025-11-19 00:00:00+02:00,125.18000030517578,127.0,122.66000366210938,123.44000244140625,37837,0.0,0.0,0.0
2025-11-20 00:00:00+02:00,123.44000244140625,128.0,122.5999984741211,123.37999725341797,61934,0.0,0.0,0.0
2025-11-23 00:00:00+02:00,123.37999725341797,125.30000305175781,121.11000061035156,121.47000122070312,24122,0.0,0.0,0.0
2025-11-24 00:00:00+02:00,121.47000122070312,122.94999694824219,118.01000213623047,118.61000061035156,38688,0.0,0.0,0.0
2025-11-25 00:00:00+02:00,118.61000061035156,123.0,114.0999984741211,115.18000030517578,25921,0.0,0.0,0.0
2025-11-26 00:00:00+02:00,115.18000030517578,117.9000015258789,111.30000305175781,111.83000183105469,15702,0.0,0.0,0.0
2025-11-27 00:00:00+02:00,111.83000183105469,118.0,111.8499984741211,113.08000183105469,59651,0.0,0.0,0.0
2025-11-30 00:00:00+02:00,113.08000183105469,116.47000122070312,112.01000213623047,113.30000305175781,16851,0.0,0.0,0.0
2025-12-01 00:00:00+02:00,113.30000305175781,117.98999786376953,113.1500015258789,115.9800033569336,40148,0.0,0.0,0.0
2025-12-02 00:00:00+02:00,115.9800033569336,120.94999694824219,115.0,117.56999969482422,28831,0.0,0.0,0.0
2025-12-03 00:00:00+02:00,117.56999969482422,131.97000122070312,116.0,123.19000244140625,210382,0.0,0.0,0.0
2025-12-04 00:00:00+02:00,123.19000244140625,126.7699966430664,121.02999877929688,121.66999816894531,47322,0.0,0.0,0.0
2025-12-07 00:00:00+02:00,121.66999816894531,125.38999938964844,117.12000274658203,118.36000061035156,41492,0.0,0.0,0.0
2025-12-08 00:00:00+02:00,118.36000061035156,120.9000015258789,116.0,116.41000366210938,31595,0.0,0.0,0.0
2025-12-09 00:00:00+02:00,116.41000366210938,122.0,116.5,117.87999725341797,46582,0.0,0.0,0.0
2025-12-10 00:00:00+02:00,117.87999725341797,120.0,117.01000213623047,117.68000030517578,18074,0.0,0.0,0.0
2025-12-11 00:00:00+02:00,117.68000030517578,119.94999694824219,116.5999984741211,116.63999938964844,20527,0.0,0.0,0.0
2025-12-14 00:00:00+02:00,116.63999938964844,118.0,114.68000030517578,114.69999694824219,25764,0.0,0.0,0.0
2025-12-15 00:00:00+02:00,114.69999694824219,116.37999725341797,114.0,114.05000305175781,11626,0.0,0.0,0.0
2025-12-16 00:00:00+02:00,114.05000305175781,115.58999633789062,112.37999725341797,112.80999755859375,17160,0.0,0.0,0.0
2025-12-17 00:00:00+02:00,112.80999755859375,117.48999786376953,112.7699966430664,113.88999938964844,36574,0.0,0.0,0.0
2025-12-18 00:00:00+02:00,113.88999938964844,115.6500015258789,112.0,112.0,28043,0.0,0.0,0.0
2025-12-21 00:00:00+02:00,112.0,114.44000244140625,111.0199966430664,111.9800033569336,24424,0.0,0.0,0.0
2025-12-22 00:00:00+02:00,111.9800033569336,114.80000305175781,111.26000213623047,111.87000274658203,26206,0.0,0.0,0.0
2025-12-23 00:00:00+02:00,111.87000274658203,113.97000122070312,111.62000274658203,111.95999908447266,8222,0.0,0.0,0.0
2025-12-24 00:00:00+02:00,111.95999908447266,130.97999572753906,111.7699966430664,130.0,360402,0.0,0.0,0.0
2025-12-25 00:00:00+02:00,130.0,142.0,128.0,136.00999450683594,430842,0.0,0.0,0.0
2025-12-28 00:00:00+02:00,136.00999450683594,139.0,128.0,129.22000122070312,63477,0.0,0.0,0.0
2025-12-29 00:00:00+02:00,129.22000122070312,141.97999572753906,129.02000427246094,136.39999389648438,343153,0.0,0.0,0.0
2025-12-30 00:00:00+02:00,136.39999389648438,140.77000427246094,130.10000610351562,130.97000122070312,121684,0.0,0.0,0.0
2025-12-31 00:00:00+02:00,130.97000122070312,134.8300018310547,129.0,129.3800048828125,62147,0.0,0.0,0.0
2026-01-04 00:00:00+02:00,129.3800048828125,133.0,125.8499984741211,128.97000122070312,36596,0.0,0.0,0.0
2026-01-05 00:00:00+02:00,128.97000122070312,131.49000549316406,126.0,127.66000366210938,24397,0.0,0.0,0.0
2026-01-06 00:00:00+02:00,127.66000366210938,131.38999938964844,125.11000061035156,128.75999450683594,40527,0.0,0.0,0.0
2026-01-08 00:00:00+02:00,128.75999450683594,130.0,126.87999725341797,126.91000366210938,46337,0.0,0.0,0.0
2026-01-11 00:00:00+02:00,126.91000366210938,131.0,127.0999984741211,128.67999267578125,44238,0.0,0.0,0.0
2026-01-12 00:00:00+02:00,128.67999267578125,136.0,128.0500030517578,129.94000244140625,147710,0.0,0.0,0.0
2026-01-13 00:00:00+02:00,129.94000244140625,131.60000610351562,125.51000213623047,125.83999633789062,92821,0.0,0.0,0.0
2026-01-14 00:00:00+02:00,125.83999633789062,125.5,111.11000061035156,118.4800033569336,50078,0.0,0.0,0.0
2026-01-15 00:00:00+02:00,118.4800033569336,121.9800033569336,115.0,116.72000122070312,33792,0.0,0.0,0.0
2026-01-18 00:00:00+02:00,116.72000122070312,126.69999694824219,118.0999984741211,124.05999755859375,66554,0.0,0.0,0.0
2026-01-19 00:00:00+02:00,124.05999755859375,126.25,121.5999984741211,123.22000122070312,20011,0.0,0.0,0.0
2026-01-20 00:00:00+02:00,123.22000122070312,126.0,118.25,121.3499984741211,44497,0.0,0.0,0.0
2026-01-21 00:00:00+02:00,121.3499984741211,124.0,120.5,120.97000122070312,15317,0.0,0.0,0.0
2026-01-22 00:00:00+02:00,120.97000122070312,126.0,121.0,121.9800033569336,39200,0.0,0.0,0.0
2026-01-25 00:00:00+02:00,121.9800033569336,123.9000015258789,118.0,118.08999633789062,43947,0.0,0.0,0.0
2026-01-26 00:00:00+02:00,118.08999633789062,120.88999938964844,115.0,117.76000213623047,42259,0.0,0.0,0.0
2026-01-27 00:00:00+02:00,117.76000213623047,119.94999694824219,115.0,115.05000305175781,17277,0.0,0.0,0.0
2026-01-28 00:00:00+02:00,115.05000305175781,117.08000183105469,112.01000213623047,112.19000244140625,39987,0.0,0.0,0.0
2026-02-01 00:00:00+02:00,112.19000244140625,116.30000305175781,112.70999908447266,113.01000213623047,54448,0.0,0.0,0.0
2026-02-02 00:00:00+02:00,113.01000213623047,117.41000366210938,113.01000213623047,115.36000061035156,40650,0.0,0.0,0.0
2026-02-03 00:00:00+02:00,115.36000061035156,119.02999877929688,115.0,117.08999633789062,48655,0.0,0.0,0.0
2026-02-04 00:00:00+02:00,117.08999633789062,124.0,117.19999694824219,119.16000366210938,90922,0.0,0.0,0.0
