Date,Open,High,Low,Close,Volume,Dividends,Stock Splits,Capital Gains
2021-01-03 00:00:00+02:00,1.5770000219345093,1.600000023841858,1.593999981880188,1.5989999771118164,118630,0.0,0.0,0.0
2021-01-04 00:00:00+02:00,1.5989999771118164,1.4509999752044678,1.4500000476837158,1.5989999771118164,20000,0.0,0.0,0.0
2021-01-05 00:00:00+02:00,1.5989999771118164,1.5499999523162842,1.4830000400543213,1.5989999771118164,5500,0.0,0.0,0.0
2021-01-06 00:00:00+02:00,1.5989999771118164,1.559999942779541,1.5490000247955322,1.5989999771118164,10030,0.0,0.0,0.0
2021-01-10 00:00:00+02:00,1.5989999771118164,1.5989999771118164,1.5989999771118164,1.5989999771118164,0,0.0,0.0,0.0
2021-01-11 00:00:00+02:00,1.5989999771118164,1.5,1.4980000257492065,1.5989999771118164,2720,0.0,0.0,0.0
2021-01-12 00:00:00+02:00,1.5989999771118164,1.4620000123977661,1.4509999752044678,1.5989999771118164,5250,0.0,0.0,0.0
2021-01-13 00:00:00+02:00,1.5989999771118164,1.4509999752044678,1.4500000476837158,1.5989999771118164,2000,0.0,0.0,0.0
2021-01-14 00:00:00+02:00,1.5989999771118164,1.5989999771118164,1.5989999771118164,1.5989999771118164,0,0.0,0.0,0.0
2021-01-17 00:00:00+02:00,1.5989999771118164,1.5,1.5,1.5989999771118164,10000,0.0,0.0,0.0
2021-01-18 00:00:00+02:00,1.5989999771118164,1.5,1.4500000476837158,1.4730000495910645,81000,0.0,0.0,0.0
2021-01-19 00:00:00+02:00,1.4730000495910645,1.3530000448226929,1.350000023841858,1.4730000495910645,45500,0.0,0.0,0.0
2021-01-20 00:00:00+02:00,1.4730000495910645,1.5,1.371999979019165,1.4730000495910645,16950,0.0,0.0,0.0
2021-01-21 00:00:00+02:00,1.4730000495910645,1.5,1.4040000438690186,1.4730000495910645,3500,0.0,0.0,0.0
2021-01-24 00:00:00+02:00,1.4730000495910645,1.5399999618530273,1.409999966621399,1.4730000495910645,7360,0.0,0.0,0.0
2021-01-25 00:00:00+02:00,1.4730000495910645,1.4730000495910645,1.4730000495910645,1.4730000495910645,0,0.0,0.0,0.0
2021-01-26 00:00:00+02:00,1.4730000495910645,1.5,1.5,1.4730000495910645,6470,0.0,0.0,0.0
2021-01-27 00:00:00+02:00,1.4730000495910645,1.6200000047683716,1.5,1.6030000448226929,204420,0.0,0.0,0.0
2021-01-31 00:00:00+02:00,1.6030000448226929,1.7630000114440918,1.7000000476837158,1.7589999437332153,255490,0.0,0.0,0.0
2021-02-01 00:00:00+02:00,1.7589999437332153,1.7699999809265137,1.7589999437332153,1.7599999904632568,105010,0.0,0.0,0.0
2021-02-02 00:00:00+02:00,1.7599999904632568,1.7999999523162842,1.600000023841858,1.7599999904632568,34400,0.0,0.0,0.0
2021-02-03 00:00:00+02:00,1.7599999904632568,1.7899999618530273,1.7000000476837158,1.7599999904632568,2800,0.0,0.0,0.0
2021-02-04 00:00:00+02:00,1.7599999904632568,1.9359999895095825,1.625,1.690000057220459,6465390,0.0,0.0,0.0
2021-02-07 00:00:00+02:00,1.690000057220459,1.8589999675750732,1.8589999675750732,1.8589999675750732,255000,0.0,0.0,0.0
2021-02-08 00:00:00+02:00,1.8589999675750732,1.8600000143051147,1.7050000429153442,1.7450000047683716,129760,0.0,0.0,0.0
2021-02-09 00:00:00+02:00,1.7450000047683716,1.8899999856948853,1.6299999952316284,1.7619999647140503,390910,0.0,0.0,0.0
2021-02-10 00:00:00+02:00,1.7619999647140503,1.7619999647140503,1.7619999647140503,1.7619999647140503,0,0.0,0.0,0.0
2021-02-11 00:00:00+02:00,1.7619999647140503,1.7039999961853027,1.6549999713897705,1.7619999647140503,28010,0.0,0.0,0.0
2021-02-14 00:00:00+02:00,1.7619999647140503,1.656999945640564,1.6419999599456787,1.6430000066757202,82200,0.0,0.0,0.0
2021-02-15 00:00:00+02:00,1.6430000066757202,1.8070000410079956,1.7000000476837158,1.7020000219345093,23528150,0.0,0.0,0.0
2021-02-16 00:00:00+02:00,1.7020000219345093,1.871999979019165,1.871999979019165,1.871999979019165,96870,0.0,0.0,0.0
2021-02-17 00:00:00+02:00,1.871999979019165,2.059000015258789,1.9019999504089355,2.01200008392334,1446310,0.0,0.0,0.0
2021-02-18 00:00:00+02:00,2.01200008392334,2.0999999046325684,1.9730000495910645,2.053999900817871,133070,0.0,0.0,0.0
2021-02-21 00:00:00+02:00,2.053999900817871,2.200000047683716,1.9019999504089355,2.1540000438690186,914380,0.0,0.0,0.0
2021-02-22 00:00:00+02:00,2.1540000438690186,2.0999999046325684,1.965000033378601,1.9880000352859497,700130,0.0,0.0,0.0
2021-02-23 00:00:00+02:00,1.9880000352859497,1.9880000352859497,1.9880000352859497,1.9880000352859497,0,0.0,0.0,0.0
2021-02-24 00:00:00+02:00,2.000999927520752,2.1500000953674316,2.000999927520752,2.1019999980926514,425010,0.0,0.0,0.0
2021-02-25 00:00:00+02:00,2.1019999980926514,2.312000036239624,2.015000104904175,2.2070000171661377,470560,0.0,0.0,0.0
2021-02-28 00:00:00+02:00,2.2070000171661377,2.200000047683716,2.0999999046325684,2.1540000438690186,373760,0.0,0.0,0.0
2021-03-01 00:00:00+02:00,2.1540000438690186,2.200000047683716,2.1050000190734863,2.187999963760376,286060,0.0,0.0,0.0
2021-03-02 00:00:00+02:00,2.187999963760376,2.3980000019073486,2.1050000190734863,2.2869999408721924,336700,0.0,0.0,0.0
2021-03-03 00:00:00+02:00,2.2869999408721924,2.3499999046325684,2.25,2.302000045776367,72660,0.0,0.0,0.0
2021-03-04 00:00:00+02:00,2.302000045776367,2.302000045776367,2.302000045776367,2.302000045776367,0,0.0,0.0,0.0
2021-03-07 00:00:00+02:00,2.4000000953674316,2.424999952316284,2.2160000801086426,2.302999973297119,374600,0.0,0.0,0.0
2021-03-08 00:00:00+02:00,2.302999973297119,2.203000068664551,2.1649999618530273,2.302999973297119,20000,0.0,0.0,0.0
2021-03-09 00:00:00+02:00,2.302999973297119,2.390000104904175,2.25,2.302999973297119,39550,0.0,0.0,0.0
2021-03-10 00:00:00+02:00,2.302999973297119,2.390000104904175,2.1500000953674316,2.2769999504089355,212500,0.0,0.0,0.0
2021-03-11 00:00:00+02:00,2.2769999504089355,2.2899999618530273,2.0759999752044678,2.122999906539917,262730,0.0,0.0,0.0
2021-03-14 00:00:00+02:00,2.122999906539917,2.1500000953674316,2.0409998893737793,2.0959999561309814,104390,0.0,0.0,0.0
2021-03-15 00:00:00+02:00,2.0959999561309814,2.174999952316284,2.059999942779541,2.131999969482422,146790,0.0,0.0,0.0
2021-03-16 00:00:00+02:00,2.131999969482422,2.187999963760376,2.0,2.005000114440918,83200,0.0,0.0,0.0
2021-03-17 00:00:00+02:00,2.005000114440918,2.0250000953674316,2.0199999809265137,2.005000114440918,32020,0.0,0.0,0.0
2021-03-18 00:00:00+02:00,2.005000114440918,2.1500000953674316,2.015000104904175,2.062000036239624,179440,0.0,0.0,0.0
2021-03-21 00:00:00+02:00,2.062000036239624,2.183000087738037,1.9550000429153442,1.9819999933242798,374250,0.0,0.0,0.0
2021-03-22 00:00:00+02:00,1.9819999933242798,2.015000104904175,1.7999999523162842,1.840999960899353,185460,0.0,0.0,0.0
2021-03-23 00:00:00+02:00,1.840999960899353,2.0,1.7999999523162842,1.8550000190734863,85250,0.0,0.0,0.0
2021-03-24 00:00:00+02:00,1.8550000190734863,1.975000023841858,1.850000023841858,1.8589999675750732,260700,0.0,0.0,0.0
2021-03-25 00:00:00+02:00,1.8589999675750732,2.0,1.8700000047683716,1.9390000104904175,320000,0.0,0.0,0.0
2021-03-28 00:00:00+02:00,1.9390000104904175,1.9390000104904175,1.9390000104904175,1.9390000104904175,0,0.0,0.0,0.0
2021-03-29 00:00:00+02:00,1.9390000104904175,1.9019999504089355,1.8700000047683716,1.8860000371932983,209300,0.0,0.0,0.0
2021-03-30 00:00:00+02:00,1.8860000371932983,1.909999966621399,1.899999976158142,1.8860000371932983,20000,0.0,0.0,0.0
2021-03-31 00:00:00+02:00,1.8860000371932983,1.9249999523162842,1.8600000143051147,1.878999948501587,225000,0.0,0.0,0.0
2021-04-01 00:00:00+02:00,1.878999948501587,2.065999984741211,1.9010000228881836,2.0199999809265137,78700,0.0,0.0,0.0
2021-04-04 00:00:00+02:00,2.0199999809265137,2.049999952316284,2.0,2.0329999923706055,120750,0.0,0.0,0.0
2021-04-05 00:00:00+02:00,2.0329999923706055,1.9019999504089355,1.8609999418258667,1.878000020980835,117650,0.0,0.0,0.0
2021-04-06 00:00:00+02:00,1.878000020980835,1.996000051498413,1.840000033378601,1.9630000591278076,110050,0.0,0.0,0.0
2021-04-07 00:00:00+02:00,1.9630000591278076,1.9049999713897705,1.899999976158142,1.9019999504089355,79500,0.0,0.0,0.0
2021-04-08 00:00:00+02:00,1.9019999504089355,2.0889999866485596,1.8020000457763672,1.9529999494552612,138260,0.0,0.0,0.0
2021-04-11 00:00:00+02:00,1.9529999494552612,2.049999952316284,1.9229999780654907,1.9529999494552612,6880,0.0,0.0,0.0
2021-04-12 00:00:00+02:00,1.9529999494552612,2.0989999771118164,1.899999976158142,2.075000047683716,53280,0.0,0.0,0.0
2021-04-13 00:00:00+02:00,2.075000047683716,2.1489999294281006,1.899999976158142,1.9160000085830688,57690,0.0,0.0,0.0
2021-04-14 00:00:00+02:00,1.9160000085830688,1.9199999570846558,1.809999942779541,1.8289999961853027,289350,0.0,0.0,0.0
2021-04-15 00:00:00+02:00,1.8289999961853027,2.0,1.850000023841858,1.902999997138977,9363030,0.0,0.0,0.0
2021-04-18 00:00:00+02:00,1.902999997138977,2.0,1.9129999876022339,1.940999984741211,605710,0.0,0.0,0.0
2021-04-19 00:00:00+02:00,1.940999984741211,2.134999990463257,1.9500000476837158,2.00600004196167,4542180,0.0,0.0,0.0
2021-04-20 00:00:00+02:00,2.00600004196167,2.0999999046325684,2.0309998989105225,2.0510001182556152,167500,0.0,0.0,0.0
2021-04-21 00:00:00+02:00,2.0510001182556152,2.180000066757202,2.059999942779541,2.134999990463257,281500,0.0,0.0,0.0
2021-04-22 00:00:00+02:00,2.134999990463257,2.3399999141693115,2.1700000762939453,2.2260000705718994,3796750,0.0,0.0,0.0
2021-04-25 00:00:00+02:00,2.2260000705718994,2.4000000953674316,2.321000099182129,2.3889999389648438,401810,0.0,0.0,0.0
2021-04-26 00:00:00+02:00,2.3889999389648438,2.447000026702881,2.315000057220459,2.3989999294281006,403430,0.0,0.0,0.0
2021-04-27 00:00:00+02:00,2.3989999294281006,2.4000000953674316,2.299999952316284,2.3259999752044678,598820,0.0,0.0,0.0
2021-04-28 00:00:00+02:00,2.3259999752044678,2.3989999294281006,2.2709999084472656,2.3410000801086426,593310,0.0,0.0,0.0
2021-05-04 00:00:00+02:00,2.3410000801086426,2.440000057220459,2.3519999980926514,2.3970000743865967,1179280,0.0,0.0,0.0
2021-05-05 00:00:00+02:00,2.3970000743865967,2.390000104904175,2.299999952316284,2.309999942779541,475000,0.0,0.0,0.0
2021-05-06 00:00:00+02:00,2.309999942779541,2.3499999046325684,2.302999973297119,2.319000005722046,235400,0.0,0.0,0.0
2021-05-09 00:00:00+02:00,2.319000005722046,2.388000011444092,2.259999990463257,2.303999900817871,400850,0.0,0.0,0.0
2021-05-10 00:00:00+02:00,2.303999900817871,2.4800000190734863,2.299999952316284,2.3940000534057617,683570,0.0,0.0,0.0
2021-05-11 00:00:00+02:00,2.3940000534057617,2.5399999618530273,2.4010000228881836,2.4649999141693115,2567000,0.0,0.0,0.0
2021-05-17 00:00:00+02:00,2.4649999141693115,2.619999885559082,2.430000066757202,2.575000047683716,2516970,0.0,0.0,0.0
2021-05-18 00:00:00+02:00,2.575000047683716,2.697000026702881,2.5850000381469727,2.625999927520752,3887500,0.0,0.0,0.0
2021-05-19 00:00:00+02:00,2.625999927520752,2.6600000858306885,2.565000057220459,2.619999885559082,1950630,0.0,0.0,0.0
2021-05-20 00:00:00+02:00,2.619999885559082,2.640000104904175,2.500999927520752,2.6019999980926514,3485080,0.0,0.0,0.0
2021-05-23 00:00:00+02:00,2.6019999980926514,2.618000030517578,2.5510001182556152,2.5889999866485596,572820,0.0,0.0,0.0
2021-05-24 00:00:00+02:00,2.5889999866485596,2.563999891281128,2.430000066757202,2.500999927520752,425490,0.0,0.0,0.0
2021-05-25 00:00:00+02:00,2.500999927520752,2.5199999809265137,2.430999994277954,2.4639999866485596,274740,0.0,0.0,0.0
2021-05-26 00:00:00+02:00,2.4639999866485596,2.618000030517578,2.4700000286102295,2.5320000648498535,1131730,0.0,0.0,0.0
2021-05-27 00:00:00+02:00,2.5320000648498535,2.615000009536743,2.549999952316284,2.5889999866485596,680780,0.0,0.0,0.0
2021-05-30 00:00:00+02:00,2.5889999866485596,2.8469998836517334,2.575000047683716,2.634999990463257,29292490,0.0,0.0,0.0
2021-05-31 00:00:00+02:00,2.634999990463257,2.75,2.6500000953674316,2.6689999103546143,7092240,0.0,0.0,0.0
2021-06-01 00:00:00+02:00,2.6689999103546143,2.759999990463257,2.6500000953674316,2.6760001182556152,951110,0.0,0.0,0.0
2021-06-02 00:00:00+02:00,2.6760001182556152,2.700000047683716,2.615999937057495,2.6500000953674316,1668400,0.0,0.0,0.0
2021-06-03 00:00:00+02:00,2.6500000953674316,2.739000082015991,2.6659998893737793,2.687000036239624,998520,0.0,0.0,0.0
2021-06-06 00:00:00+02:00,2.687000036239624,2.796999931335449,2.687999963760376,2.7200000286102295,1369570,0.0,0.0,0.0
2021-06-07 00:00:00+02:00,2.7200000286102295,2.700000047683716,2.6050000190734863,2.6579999923706055,1388810,0.0,0.0,0.0
2021-06-08 00:00:00+02:00,2.6579999923706055,2.684999942779541,2.6010000705718994,2.634999990463257,495550,0.0,0.0,0.0
2021-06-09 00:00:00+02:00,2.634999990463257,2.6500000953674316,2.5999999046325684,2.615000009536743,1045300,0.0,0.0,0.0
2021-06-10 00:00:00+02:00,2.615000009536743,2.674999952316284,2.5950000286102295,2.6050000190734863,924540,0.0,0.0,0.0
2021-06-13 00:00:00+02:00,2.6050000190734863,2.6050000190734863,2.5,2.559000015258789,629470,0.0,0.0,0.0
2021-06-14 00:00:00+02:00,2.559000015258789,2.5999999046325684,2.4700000286102295,2.5190000534057617,734600,0.0,0.0,0.0
2021-06-15 00:00:00+02:00,2.5190000534057617,2.549999952316284,2.4010000228881836,2.4619998931884766,446450,0.0,0.0,0.0
2021-06-16 00:00:00+02:00,2.4619998931884766,2.484999895095825,2.4000000953674316,2.441999912261963,329800,0.0,0.0,0.0
2021-06-17 00:00:00+02:00,2.441999912261963,2.493000030517578,2.4240000247955322,2.443000078201294,514080,0.0,0.0,0.0
2021-06-20 00:00:00+02:00,2.443000078201294,2.5,2.3510000705718994,2.440999984741211,744650,0.0,0.0,0.0
2021-06-21 00:00:00+02:00,2.440999984741211,2.5369999408721924,2.4509999752044678,2.49399995803833,1139120,0.0,0.0,0.0
2021-06-22 00:00:00+02:00,2.49399995803833,2.5889999866485596,2.430000066757202,2.5179998874664307,499250,0.0,0.0,0.0
2021-06-23 00:00:00+02:00,2.5179998874664307,2.6440000534057617,2.5160000324249268,2.5759999752044678,846620,0.0,0.0,0.0
2021-06-24 00:00:00+02:00,2.5759999752044678,2.7899999618530273,2.575000047683716,2.7109999656677246,1510090,0.0,0.0,0.0
2021-06-27 00:00:00+02:00,2.7109999656677246,2.9820001125335693,2.7100000381469727,2.9230000972747803,4237100,0.0,0.0,0.0
2021-06-28 00:00:00+02:00,2.9230000972747803,3.0490000247955322,2.9000000953674316,2.927000045776367,5199770,0.0,0.0,0.0
2021-06-29 00:00:00+02:00,2.927000045776367,2.9100000858306885,2.871000051498413,2.8910000324249268,2070010,0.0,0.0,0.0
2021-06-30 00:00:00+02:00,2.8910000324249268,2.950000047683716,2.880000114440918,2.9019999504089355,1769980,0.0,0.0,0.0
2021-07-04 00:00:00+02:00,2.9019999504089355,2.930000066757202,2.884999990463257,2.9000000953674316,1312590,0.0,0.0,0.0
2021-07-05 00:00:00+02:00,2.9000000953674316,2.944999933242798,2.865999937057495,2.8929998874664307,1230000,0.0,0.0,0.0
2021-07-06 00:00:00+02:00,2.8929998874664307,2.8959999084472656,2.799999952316284,2.8510000705718994,614430,0.0,0.0,0.0
2021-07-07 00:00:00+02:00,2.8510000705718994,3.0850000381469727,2.8989999294281006,2.9649999141693115,1124000,0.0,0.0,0.0
2021-07-08 00:00:00+02:00,2.9649999141693115,3.0999999046325684,3.0,3.0439999103546143,1073950,0.0,0.0,0.0
2021-07-11 00:00:00+02:00,3.0439999103546143,3.0980000495910645,2.9809999465942383,3.0190000534057617,787900,0.0,0.0,0.0
2021-07-12 00:00:00+02:00,3.0190000534057617,3.299999952316284,3.0989999771118164,3.2330000400543213,1419140,0.0,0.0,0.0
2021-07-13 00:00:00+02:00,3.2330000400543213,3.3989999294281006,3.2009999752044678,3.3010001182556152,1359510,0.0,0.0,0.0
2021-07-14 00:00:00+02:00,3.3010001182556152,3.4700000286102295,3.260999917984009,3.2929999828338623,970640,0.0,0.0,0.0
2021-07-15 00:00:00+02:00,3.2929999828338623,3.497999906539917,3.259999990463257,3.4030001163482666,5306950,0.0,0.0,0.0
2021-07-18 00:00:00+02:00,3.4030001163482666,3.739000082015991,3.4000000953674316,3.622999906539917,1065390,0.0,0.0,0.0
2021-07-25 00:00:00+02:00,3.622999906539917,3.8499999046325684,3.7260000705718994,3.7690000534057617,832750,0.0,0.0,0.0
2021-07-26 00:00:00+02:00,3.7690000534057617,3.799999952316284,3.7049999237060547,3.75,1331830,0.0,0.0,0.0
2021-07-27 00:00:00+02:00,3.75,3.9000000953674316,3.700000047683716,3.7820000648498535,866770,0.0,0.0,0.0
2021-07-28 00:00:00+02:00,3.7820000648498535,4.0,3.825000047683716,3.885999917984009,2575460,0.0,0.0,0.0
2021-07-29 00:00:00+02:00,3.885999917984009,3.9590001106262207,3.8450000286102295,3.9019999504089355,1164510,0.0,0.0,0.0
2021-08-01 00:00:00+02:00,3.9019999504089355,4.291999816894531,3.999000072479248,4.158999919891357,8224610,0.0,0.0,0.0
2021-08-02 00:00:00+02:00,4.158999919891357,4.394999980926514,4.110000133514404,4.214000225067139,6639520,0.0,0.0,0.0
2021-08-03 00:00:00+02:00,4.214000225067139,4.224999904632568,3.9000000953674316,4.021999835968018,2214970,0.0,0.0,0.0
2021-08-04 00:00:00+02:00,4.021999835968018,4.0970001220703125,3.9000000953674316,3.9800000190734863,2398440,0.0,0.0,0.0
2021-08-05 00:00:00+02:00,3.9800000190734863,4.019999980926514,3.8499999046325684,3.9059998989105225,2592450,0.0,0.0,0.0
2021-08-08 00:00:00+02:00,3.9059998989105225,3.9059998989105225,3.9059998989105225,3.9059998989105225,0,0.0,0.0,0.0
2021-08-09 00:00:00+02:00,3.9059998989105225,3.9059998989105225,3.9059998989105225,3.9059998989105225,0,0.0,0.0,0.0
2021-08-10 00:00:00+02:00,3.6459999084472656,3.875,3.5999999046325684,3.74399995803833,1969890,0.0,0.0,0.0
2021-08-11 00:00:00+02:00,3.74399995803833,3.8499999046325684,3.7249999046325684,3.7739999294281006,1087490,0.0,0.0,0.0
2021-08-15 00:00:00+02:00,3.7739999294281006,3.9000000953674316,3.7009999752044678,3.7909998893737793,843950,0.0,0.0,0.0
2021-08-16 00:00:00+02:00,3.7909998893737793,3.8010001182556152,3.630000114440918,3.694999933242798,1163330,0.0,0.0,0.0
2021-08-17 00:00:00+02:00,3.694999933242798,3.8480000495910645,3.700000047683716,3.744999885559082,537290,0.0,0.0,0.0
2021-08-18 00:00:00+02:00,3.744999885559082,3.799999952316284,3.690000057220459,3.7339999675750732,5631320,0.0,0.0,0.0
2021-08-19 00:00:00+02:00,3.7339999675750732,3.7960000038146973,3.7039999961853027,3.734999895095825,765710,0.0,0.0,0.0
2021-08-22 00:00:00+02:00,3.734999895095825,3.880000114440918,3.7990000247955322,3.8310000896453857,1442360,0.0,0.0,0.0
2021-08-23 00:00:00+02:00,3.8310000896453857,3.9800000190734863,3.740000009536743,3.7669999599456787,7830260,0.0,0.0,0.0
2021-08-24 00:00:00+02:00,3.7669999599456787,4.090000152587891,3.861999988555908,3.930000066757202,2179590,0.0,0.0,0.0
2021-08-25 00:00:00+02:00,3.930000066757202,3.990000009536743,3.875999927520752,3.9130001068115234,1734680,0.0,0.0,0.0
2021-08-26 00:00:00+02:00,3.9130001068115234,3.950000047683716,3.7899999618530273,3.8529999256134033,1787220,0.0,0.0,0.0
2021-08-29 00:00:00+02:00,3.8529999256134033,4.010000228881836,3.88700008392334,3.946000099182129,2342790,0.0,0.0,0.0
2021-08-30 00:00:00+02:00,3.946000099182129,4.0,3.75600004196167,3.8350000381469727,2336930,0.0,0.0,0.0
2021-08-31 00:00:00+02:00,3.8350000381469727,3.8949999809265137,3.7750000953674316,3.8269999027252197,813860,0.0,0.0,0.0
2021-09-01 00:00:00+02:00,3.8269999027252197,3.880000114440918,3.7249999046325684,3.7780001163482666,7786550,0.0,0.0,0.0
2021-09-02 00:00:00+02:00,3.7780001163482666,3.950000047683716,3.803999900817871,3.8940000534057617,1506090,0.0,0.0,0.0
2021-09-05 00:00:00+02:00,3.8940000534057617,3.9700000286102295,3.799999952316284,3.812999963760376,1874060,0.0,0.0,0.0
2021-09-06 00:00:00+02:00,3.812999963760376,3.890000104904175,3.734999895095825,3.7750000953674316,1374970,0.0,0.0,0.0
2021-09-07 00:00:00+02:00,3.7750000953674316,3.812000036239624,3.7049999237060547,3.802999973297119,1413460,0.0,0.0,0.0
2021-09-08 00:00:00+02:00,3.802999973297119,3.9149999618530273,3.75600004196167,3.880000114440918,839130,0.0,0.0,0.0
2021-09-09 00:00:00+02:00,3.880000114440918,3.9000000953674316,3.755000114440918,3.7780001163482666,953710,0.0,0.0,0.0
2021-09-12 00:00:00+02:00,3.7780001163482666,3.869999885559082,3.7209999561309814,3.799999952316284,825480,0.0,0.0,0.0
2021-09-13 00:00:00+02:00,3.799999952316284,3.799999952316284,3.743000030517578,3.7699999809265137,422890,0.0,0.0,0.0
2021-09-14 00:00:00+02:00,3.7699999809265137,3.796999931335449,3.7149999141693115,3.7279999256134033,606010,0.0,0.0,0.0
2021-09-15 00:00:00+02:00,3.7279999256134033,4.1479997634887695,3.7990000247955322,4.039999961853027,6099840,0.0,0.0,0.0
2021-09-16 00:00:00+02:00,4.039999961853027,4.309999942779541,4.020999908447266,4.170000076293945,3472710,0.0,0.0,0.0
2021-09-19 00:00:00+02:00,4.170000076293945,4.25,4.039999961853027,4.060999870300293,2658950,0.0,0.0,0.0
2021-09-20 00:00:00+02:00,4.060999870300293,4.079999923706055,3.9200000762939453,3.98799991607666,1673660,0.0,0.0,0.0
2021-09-21 00:00:00+02:00,3.98799991607666,3.98799991607666,3.98799991607666,3.98799991607666,0,0.0,0.0,0.0
2021-09-22 00:00:00+02:00,3.9040000438690186,4.0,3.822000026702881,3.98799991607666,537060,0.0,0.0,0.0
2021-09-23 00:00:00+02:00,3.98799991607666,4.085000038146973,3.869999885559082,3.9730000495910645,1839120,0.0,0.0,0.0
2021-09-26 00:00:00+02:00,3.9730000495910645,4.059999942779541,3.884999990463257,3.8989999294281006,927880,0.0,0.0,0.0
2021-09-27 00:00:00+02:00,3.8989999294281006,4.099999904632568,3.940000057220459,4.021999835968018,4871910,0.0,0.0,0.0
2021-09-28 00:00:00+02:00,4.021999835968018,4.021999835968018,4.021999835968018,4.021999835968018,0,0.0,0.0,0.0
2021-09-29 00:00:00+02:00,4.139999866485596,4.400000095367432,4.210999965667725,4.257999897003174,1411200,0.0,0.0,0.0
2021-09-30 00:00:00+02:00,4.257999897003174,4.400000095367432,4.199999809265137,4.376999855041504,1843090,0.0,0.0,0.0
2021-10-03 00:00:00+02:00,4.376999855041504,4.489999771118164,4.300000190734863,4.353000164031982,1592670,0.0,0.0,0.0
2021-10-04 00:00:00+02:00,4.353000164031982,4.353000164031982,4.353000164031982,4.353000164031982,0,0.0,0.0,0.0
2021-10-05 00:00:00+02:00,4.386000156402588,4.497000217437744,4.386000156402588,4.415999889373779,1780730,0.0,0.0,0.0
2021-10-06 00:00:00+02:00,4.415999889373779,4.443999767303467,4.300000190734863,4.3379998207092285,1275640,0.0,0.0,0.0
2021-10-10 00:00:00+02:00,4.3379998207092285,4.389999866485596,4.289999961853027,4.309000015258789,593220,0.0,0.0,0.0
2021-10-11 00:00:00+02:00,4.309000015258789,4.323999881744385,4.179999828338623,4.245999813079834,1522730,0.0,0.0,0.0
2021-10-12 00:00:00+02:00,4.245999813079834,4.275000095367432,4.179999828338623,4.210000038146973,392210,0.0,0.0,0.0
2021-10-13 00:00:00+02:00,4.210000038146973,4.295000076293945,4.184999942779541,4.202000141143799,1670340,0.0,0.0,0.0
2021-10-14 00:00:00+02:00,4.202000141143799,4.249000072479248,4.1519999504089355,4.197000026702881,1818900,0.0,0.0,0.0
2021-10-17 00:00:00+02:00,4.197000026702881,4.239999771118164,4.15500020980835,4.201000213623047,710740,0.0,0.0,0.0
2021-10-18 00:00:00+02:00,4.201000213623047,4.201000213623047,4.201000213623047,4.201000213623047,0,0.0,0.0,0.0
2021-10-19 00:00:00+02:00,4.204999923706055,4.175000190734863,4.0269999504089355,4.065999984741211,2703570,0.0,0.0,0.0
2021-10-20 00:00:00+02:00,4.065999984741211,4.099999904632568,3.9059998989105225,4.071000099182129,2435430,0.0,0.0,0.0
2021-10-24 00:00:00+02:00,4.071000099182129,4.170000076293945,3.9619998931884766,4.079999923706055,1526730,0.0,0.0,0.0
2021-10-25 00:00:00+02:00,4.079999923706055,4.139999866485596,3.9130001068115234,4.001999855041504,1511850,0.0,0.0,0.0
2021-10-26 00:00:00+02:00,4.001999855041504,4.138999938964844,3.950000047683716,4.0320000648498535,4765220,0.0,0.0,0.0
2021-10-27 00:00:00+02:00,4.0320000648498535,4.129000186920166,3.984999895095825,4.052999973297119,4338970,0.0,0.0,0.0
2021-10-28 00:00:00+02:00,4.052999973297119,4.449999809265137,4.050000190734863,4.355999946594238,1995510,0.0,0.0,0.0
2021-10-31 00:00:00+02:00,4.355999946594238,4.388999938964844,4.300000190734863,4.372000217437744,1618160,0.0,0.0,0.0
2021-11-01 00:00:00+02:00,4.372000217437744,4.420000076293945,4.302000045776367,4.35699987411499,882620,0.0,0.0,0.0
2021-11-02 00:00:00+02:00,4.35699987411499,4.428999900817871,4.340000152587891,4.409999847412109,1133250,0.0,0.0,0.0
2021-11-03 00:00:00+02:00,4.409999847412109,4.48799991607666,4.300000190734863,4.315999984741211,1575150,0.0,0.0,0.0
2021-11-04 00:00:00+02:00,4.315999984741211,4.311999797821045,4.170000076293945,4.238999843597412,2042530,0.0,0.0,0.0
2021-11-07 00:00:00+02:00,4.238999843597412,4.238999843597412,4.238999843597412,4.238999843597412,0,0.0,0.0,0.0
2021-11-08 00:00:00+02:00,4.238999843597412,4.238999843597412,4.238999843597412,4.238999843597412,0,0.0,0.0,0.0
2021-11-09 00:00:00+02:00,4.238999843597412,4.238999843597412,4.238999843597412,4.238999843597412,0,0.0,0.0,0.0
2021-11-10 00:00:00+02:00,4.34499979019165,4.348999977111816,3.9230000972747803,4.0920000076293945,1725780,0.0,0.0,0.0
2021-11-11 00:00:00+02:00,4.0920000076293945,4.0920000076293945,3.930999994277954,3.990000009536743,1499300,0.0,0.0,0.0
2021-11-14 00:00:00+02:00,3.990000009536743,4.000999927520752,3.7130000591278076,3.74399995803833,1626870,0.0,0.0,0.0
2021-11-15 00:00:00+02:00,3.74399995803833,3.7799999713897705,2.996000051498413,2.996000051498413,2122820,0.0,0.0,0.0
2021-11-16 00:00:00+02:00,2.996000051498413,2.3970000743865967,2.3970000743865967,2.996000051498413,69340,0.0,0.0,0.0
2021-11-17 00:00:00+02:00,2.996000051498413,2.996000051498413,2.3970000743865967,2.996000051498413,43130,0.0,0.0,0.0
2021-11-18 00:00:00+02:00,2.996000051498413,2.996000051498413,2.996000051498413,2.996000051498413,0,0.0,0.0,0.0
2021-11-21 00:00:00+02:00,2.3970000743865967,2.7799999713897705,2.2799999713897705,2.4119999408721924,8038450,0.0,0.0,0.0
2021-11-22 00:00:00+02:00,2.4119999408721924,2.4119999408721924,2.4119999408721924,2.4119999408721924,0,0.0,0.0,0.0
2021-11-23 00:00:00+02:00,2.4119999408721924,2.4119999408721924,2.4119999408721924,2.4119999408721924,0,0.0,0.0,0.0
2021-11-24 00:00:00+02:00,2.4119999408721924,2.4119999408721924,2.4119999408721924,2.4119999408721924,0,0.0,0.0,0.0
2021-11-25 00:00:00+02:00,2.7209999561309814,2.799999952316284,2.7019999027252197,2.747999906539917,908280,0.0,0.0,0.0
2021-11-28 00:00:00+02:00,2.747999906539917,2.747999906539917,2.747999906539917,2.747999906539917,0,0.0,0.0,0.0
2021-11-29 00:00:00+02:00,2.953000068664551,3.0399999618530273,2.9019999504089355,2.9590001106262207,464570,0.0,0.0,0.0
2021-11-30 00:00:00+02:00,2.9590001106262207,2.940000057220459,2.8550000190734863,2.9070000648498535,483710,0.0,0.0,0.0
2021-12-01 00:00:00+02:00,2.9070000648498535,2.9070000648498535,2.9070000648498535,2.9070000648498535,0,0.0,0.0,0.0
2021-12-02 00:00:00+02:00,2.9619998931884766,3.0,2.9119999408721924,2.953000068664551,906260,0.0,0.0,0.0
2021-12-05 00:00:00+02:00,2.953000068664551,3.0399999618530273,2.9149999618530273,2.934000015258789,803600,0.0,0.0,0.0
2021-12-06 00:00:00+02:00,2.934000015258789,3.1500000953674316,2.9000000953674316,3.0390000343322754,2181060,0.0,0.0,0.0
2021-12-07 00:00:00+02:00,3.0390000343322754,3.0799999237060547,2.88100004196167,2.9010000228881836,2096870,0.0,0.0,0.0
2021-12-08 00:00:00+02:00,2.9010000228881836,2.880000114440918,2.6500000953674316,2.7820000648498535,640990,0.0,0.0,0.0
2021-12-09 00:00:00+02:00,2.7820000648498535,2.8239998817443848,2.6500000953674316,2.7880001068115234,1210210,0.0,0.0,0.0
2021-12-12 00:00:00+02:00,2.7880001068115234,2.9519999027252197,2.799999952316284,2.938999891281128,635590,0.0,0.0,0.0
2021-12-13 00:00:00+02:00,2.938999891281128,2.9519999027252197,2.8519999980926514,2.86299991607666,267160,0.0,0.0,0.0
2021-12-14 00:00:00+02:00,2.86299991607666,2.86299991607666,2.86299991607666,2.86299991607666,0,0.0,0.0,0.0
2021-12-15 00:00:00+02:00,2.8970000743865967,2.924999952316284,2.8540000915527344,2.9000000953674316,688810,0.0,0.0,0.0
2021-12-16 00:00:00+02:00,2.9000000953674316,2.940000057220459,2.8499999046325684,2.9030001163482666,722750,0.0,0.0,0.0
2021-12-19 00:00:00+02:00,2.9030001163482666,2.992000102996826,2.875,2.9170000553131104,718900,0.0,0.0,0.0
2021-12-20 00:00:00+02:00,2.9170000553131104,2.9170000553131104,2.8399999141693115,2.869999885559082,156750,0.0,0.0,0.0
2021-12-21 00:00:00+02:00,2.869999885559082,3.0429999828338623,2.8980000019073486,2.934999942779541,1291490,0.0,0.0,0.0
2021-12-22 00:00:00+02:00,2.934999942779541,2.999000072479248,2.8519999980926514,2.86899995803833,561600,0.0,0.0,0.0
2021-12-23 00:00:00+02:00,2.86899995803833,2.9149999618530273,2.8399999141693115,2.880000114440918,706620,0.0,0.0,0.0
2021-12-26 00:00:00+02:00,2.880000114440918,2.9000000953674316,2.8399999141693115,2.8550000190734863,523460,0.0,0.0,0.0
2021-12-27 00:00:00+02:00,2.8550000190734863,2.869999885559082,2.825000047683716,2.8550000190734863,70090,0.0,0.0,0.0
2021-12-28 00:00:00+02:00,2.8550000190734863,2.950000047683716,2.7750000953674316,2.9230000972747803,490110,0.0,0.0,0.0
2021-12-29 00:00:00+02:00,2.9230000972747803,2.950000047683716,2.867000102996826,2.9070000648498535,539880,0.0,0.0,0.0
2021-12-30 00:00:00+02:00,2.9070000648498535,3.25,2.867000102996826,3.0320000648498535,1440900,0.0,0.0,0.0
2022-01-02 00:00:00+02:00,3.0320000648498535,3.200000047683716,3.049999952316284,3.140000104904175,1180280,0.0,0.0,0.0
2022-01-03 00:00:00+02:00,3.140000104904175,3.1589999198913574,3.0850000381469727,3.109999895095825,644180,0.0,0.0,0.0
2022-01-04 00:00:00+02:00,3.109999895095825,3.4000000953674316,2.9800000190734863,3.049999952316284,2852272,0.0,10.0,0.0
2022-01-05 00:00:00+02:00,3.049999952316284,3.1500000953674316,3.059999942779541,3.0899999141693115,1207344,0.0,0.0,0.0
2022-01-09 00:00:00+02:00,3.0899999141693115,3.0899999141693115,3.0899999141693115,3.0899999141693115,0,0.0,0.0,0.0
2022-01-10 00:00:00+02:00,3.109999895095825,3.3299999237060547,3.0899999141693115,3.2799999713897705,2800821,0.0,0.0,0.0
2022-01-11 00:00:00+02:00,3.2799999713897705,3.3299999237060547,3.1700000762939453,3.2100000381469727,1338506,0.0,0.0,0.0
2022-01-12 00:00:00+02:00,3.2100000381469727,3.3399999141693115,3.2200000286102295,3.2300000190734863,892028,0.0,0.0,0.0
2022-01-13 00:00:00+02:00,3.2300000190734863,3.299999952316284,3.2100000381469727,3.240000009536743,1269737,0.0,0.0,0.0
2022-01-16 00:00:00+02:00,3.240000009536743,3.2899999618530273,3.190000057220459,3.200000047683716,1106227,0.0,0.0,0.0
2022-01-17 00:00:00+02:00,3.200000047683716,3.390000104904175,3.190000057220459,3.3299999237060547,3072429,0.0,0.0,0.0
2022-01-18 00:00:00+02:00,3.3299999237060547,3.3399999141693115,3.259999990463257,3.2799999713897705,942358,0.0,0.0,0.0
2022-01-19 00:00:00+02:00,3.2799999713897705,3.4000000953674316,3.2899999618530273,3.359999895095825,3236667,0.0,0.0,0.0
2022-01-20 00:00:00+02:00,3.359999895095825,3.440000057220459,3.319999933242798,3.3499999046325684,691578,0.0,0.0,0.0
2022-01-23 00:00:00+02:00,3.3499999046325684,3.450000047683716,3.319999933242798,3.390000104904175,1510100,0.0,0.0,0.0
2022-01-24 00:00:00+02:00,3.390000104904175,3.430000066757202,3.299999952316284,3.309999942779541,1043715,0.0,0.0,0.0
2022-01-25 00:00:00+02:00,3.309999942779541,3.3299999237060547,3.25,3.2799999713897705,963759,0.0,0.0,0.0
2022-01-26 00:00:00+02:00,3.2799999713897705,3.309999942779541,3.200000047683716,3.240000009536743,568508,0.0,0.0,0.0
2022-01-30 00:00:00+02:00,3.240000009536743,3.25,3.190000057220459,3.2100000381469727,421867,0.0,0.0,0.0
2022-01-31 00:00:00+02:00,3.2100000381469727,3.2300000190734863,3.130000114440918,3.1600000858306885,670804,0.0,0.0,0.0
2022-02-01 00:00:00+02:00,3.1600000858306885,3.25,3.1600000858306885,3.2100000381469727,922538,0.0,0.0,0.0
2022-02-02 00:00:00+02:00,3.2100000381469727,3.25,3.130000114440918,3.1500000953674316,975957,0.0,0.0,0.0
2022-02-03 00:00:00+02:00,3.1500000953674316,3.299999952316284,3.1500000953674316,3.2699999809265137,1325242,0.0,0.0,0.0
2022-02-06 00:00:00+02:00,3.2699999809265137,3.299999952316284,3.1600000858306885,3.190000057220459,1542042,0.0,0.0,0.0
2022-02-07 00:00:00+02:00,3.190000057220459,3.2300000190734863,3.140000104904175,3.1600000858306885,566741,0.0,0.0,0.0
2022-02-08 00:00:00+02:00,3.1600000858306885,3.25,3.119999885559082,3.240000009536743,2265946,0.0,0.0,0.0
2022-02-09 00:00:00+02:00,3.240000009536743,3.2699999809265137,3.1500000953674316,3.180000066757202,725806,0.0,0.0,0.0
2022-02-10 00:00:00+02:00,3.180000066757202,3.180000066757202,3.0999999046325684,3.130000114440918,794023,0.0,0.0,0.0
2022-02-13 00:00:00+02:00,3.130000114440918,3.109999895095825,2.700000047683716,2.7699999809265137,529550,0.0,0.0,0.0
2022-02-14 00:00:00+02:00,2.7699999809265137,2.859999895095825,2.5999999046325684,2.819999933242798,1482016,0.0,0.0,0.0
2022-02-15 00:00:00+02:00,2.819999933242798,3.049999952316284,2.819999933242798,2.990000009536743,1089162,0.0,0.0,0.0
2022-02-16 00:00:00+02:00,2.990000009536743,3.059999942779541,2.9000000953674316,2.930000066757202,530484,0.0,0.0,0.0
2022-02-17 00:00:00+02:00,2.930000066757202,3.049999952316284,2.8299999237060547,3.0299999713897705,1169731,0.0,0.0,0.0
2022-02-20 00:00:00+02:00,3.0299999713897705,3.049999952316284,2.859999895095825,2.940000057220459,1048626,0.0,0.0,0.0
2022-02-21 00:00:00+02:00,2.940000057220459,3.0,2.869999885559082,2.9100000858306885,870760,0.0,0.0,0.0
2022-02-22 00:00:00+02:00,2.9100000858306885,2.9000000953674316,2.759999990463257,2.819999933242798,484830,0.0,0.0,0.0
2022-02-23 00:00:00+02:00,2.819999933242798,2.880000114440918,2.799999952316284,2.8299999237060547,1542118,0.0,0.0,0.0
2022-02-24 00:00:00+02:00,2.8299999237060547,2.819999933242798,2.4800000190734863,2.680000066757202,2695923,0.0,0.0,0.0
2022-02-27 00:00:00+02:00,2.680000066757202,2.8499999046325684,2.7200000286102295,2.75,465350,0.0,0.0,0.0
2022-02-28 00:00:00+02:00,2.75,2.740000009536743,2.6500000953674316,2.700000047683716,704167,0.0,0.0,0.0
2022-03-01 00:00:00+02:00,2.700000047683716,2.740000009536743,2.6500000953674316,2.690000057220459,822215,0.0,0.0,0.0
2022-03-02 00:00:00+02:00,2.690000057220459,2.809999942779541,2.6500000953674316,2.740000009536743,1684883,0.0,0.0,0.0
2022-03-03 00:00:00+02:00,2.740000009536743,2.799999952316284,2.7200000286102295,2.740000009536743,1071436,0.0,0.0,0.0
2022-03-06 00:00:00+02:00,2.740000009536743,2.740000009536743,2.6700000762939453,2.680000066757202,749220,0.0,0.0,0.0
2022-03-07 00:00:00+02:00,2.680000066757202,2.700000047683716,2.5899999141693115,2.609999895095825,725929,0.0,0.0,0.0
2022-03-08 00:00:00+02:00,2.609999895095825,2.609999895095825,2.609999895095825,2.609999895095825,0,0.0,0.0,0.0
2022-03-09 00:00:00+02:00,2.5999999046325684,2.6500000953674316,2.430000066757202,2.509999990463257,699815,0.0,0.0,0.0
2022-03-10 00:00:00+02:00,2.509999990463257,2.6600000858306885,2.5299999713897705,2.619999885559082,1289021,0.0,0.0,0.0
2022-03-13 00:00:00+02:00,2.619999885559082,2.6600000858306885,2.490000009536743,2.5199999809265137,756790,0.0,0.0,0.0
2022-03-14 00:00:00+02:00,2.5199999809265137,2.5199999809265137,2.5199999809265137,2.5199999809265137,1284793,0.0,0.0,0.0
2022-03-15 00:00:00+02:00,2.5199999809265137,2.630000114440918,2.490000009536743,2.559999942779541,1581220,0.0,0.0,0.0
2022-03-16 00:00:00+02:00,2.559999942779541,2.640000104904175,2.549999952316284,2.5999999046325684,1108296,0.0,0.0,0.0
2022-03-17 00:00:00+02:00,2.5999999046325684,2.690000057220459,2.5799999237060547,2.6600000858306885,2322928,0.0,0.0,0.0
2022-03-20 00:00:00+02:00,2.6600000858306885,2.7100000381469727,2.609999895095825,2.619999885559082,1675334,0.0,0.0,0.0
2022-03-21 00:00:00+02:00,2.619999885559082,2.6500000953674316,2.5199999809265137,2.549999952316284,2075087,0.0,0.0,0.0
2022-03-22 00:00:00+02:00,2.549999952316284,2.690000057220459,2.5199999809265137,2.549999952316284,2154150,0.0,0.0,0.0
2022-03-23 00:00:00+02:00,2.549999952316284,2.5299999713897705,2.4700000286102295,2.490000009536743,1029764,0.0,0.0,0.0
2022-03-24 00:00:00+02:00,2.490000009536743,2.5,2.0,2.130000114440918,7795625,0.0,0.0,0.0
2022-03-27 00:00:00+02:00,2.130000114440918,2.109999895095825,1.7100000381469727,1.7200000286102295,10900979,0.0,0.0,0.0
2022-03-28 00:00:00+02:00,1.7200000286102295,1.7599999904632568,1.5499999523162842,1.6399999856948853,5381901,0.0,0.0,0.0
2022-03-29 00:00:00+02:00,1.6399999856948853,1.7200000286102295,1.6200000047683716,1.6799999475479126,3125350,0.0,0.0,0.0
2022-03-30 00:00:00+02:00,1.6799999475479126,1.8300000429153442,1.659999966621399,1.7799999713897705,4812193,0.0,0.0,0.0
2022-03-31 00:00:00+02:00,1.7799999713897705,1.840000033378601,1.7300000190734863,1.7400000095367432,2246325,0.0,0.0,0.0
2022-04-03 00:00:00+02:00,1.7400000095367432,1.7999999523162842,1.7359999418258667,1.7450000047683716,470989,0.0,0.0,0.0
2022-04-04 00:00:00+02:00,1.7450000047683716,1.7799999713897705,1.7300000190734863,1.7480000257492065,734624,0.0,0.0,0.0
2022-04-05 00:00:00+02:00,1.7480000257492065,1.774999976158142,1.7450000047683716,1.7619999647140503,761003,0.0,0.0,0.0
2022-04-06 00:00:00+02:00,1.7619999647140503,1.7769999504089355,1.7100000381469727,1.7280000448226929,960564,0.0,0.0,0.0
2022-04-07 00:00:00+02:00,1.7280000448226929,1.7280000448226929,1.6330000162124634,1.6449999809265137,909884,0.0,0.0,0.0
2022-04-10 00:00:00+02:00,1.6449999809265137,1.6449999809265137,1.4600000381469727,1.5110000371932983,1573855,0.0,0.0,0.0
2022-04-11 00:00:00+02:00,1.5110000371932983,1.5290000438690186,1.409999966621399,1.434999942779541,1541155,0.0,0.0,0.0
2022-04-12 00:00:00+02:00,1.434999942779541,1.4769999980926514,1.4119999408721924,1.4509999752044678,965871,0.0,0.0,0.0
2022-04-13 00:00:00+02:00,1.4509999752044678,1.440999984741211,1.4110000133514404,1.4210000038146973,891549,0.0,0.0,0.0
2022-04-14 00:00:00+02:00,1.4210000038146973,1.399999976158142,1.2610000371932983,1.2610000371932983,2229372,0.0,0.0,0.0
2022-04-17 00:00:00+02:00,1.2610000371932983,1.2799999713897705,1.0499999523162842,1.0839999914169312,3500499,0.0,0.0,0.0
2022-04-18 00:00:00+02:00,1.0839999914169312,1.0549999475479126,0.9710000157356262,1.0449999570846558,7438176,0.0,0.0,0.0
2022-04-19 00:00:00+02:00,1.0449999570846558,1.1260000467300415,1.0449999570846558,1.1109999418258667,3642355,0.0,0.0,0.0
2022-04-20 00:00:00+02:00,1.1109999418258667,1.3329999446868896,1.0850000381469727,1.305999994277954,6188293,0.0,0.0,0.0
2022-04-21 00:00:00+02:00,1.305999994277954,1.4950000047683716,1.281999945640564,1.4190000295639038,5863376,0.0,0.0,0.0
2022-04-26 00:00:00+02:00,1.4190000295639038,1.4780000448226929,1.3300000429153442,1.3530000448226929,3794961,0.0,0.0,0.0
2022-04-27 00:00:00+02:00,1.3530000448226929,1.409999966621399,1.3200000524520874,1.3339999914169312,1120810,0.0,0.0,0.0
2022-04-28 00:00:00+02:00,1.3339999914169312,1.3990000486373901,1.3300000429153442,1.3660000562667847,1353978,0.0,0.0,0.0
2022-05-08 00:00:00+02:00,1.3660000562667847,1.3580000400543213,1.2610000371932983,1.343999981880188,1305243,0.0,0.0,0.0
2022-05-09 00:00:00+02:00,1.343999981880188,1.3990000486373901,1.3270000219345093,1.3589999675750732,3481986,0.0,0.0,0.0
2022-05-10 00:00:00+02:00,1.3589999675750732,1.4249999523162842,1.340000033378601,1.409999966621399,6702567,0.0,0.0,0.0
2022-05-11 00:00:00+02:00,1.409999966621399,1.4500000476837158,1.3930000066757202,1.4010000228881836,4768443,0.0,0.0,0.0
2022-05-12 00:00:00+02:00,1.4010000228881836,1.4019999504089355,1.312999963760376,1.3250000476837158,3769235,0.0,0.0,0.0
2022-05-15 00:00:00+02:00,1.3250000476837158,1.3589999675750732,1.2410000562667847,1.2480000257492065,3603023,0.0,0.0,0.0
2022-05-16 00:00:00+02:00,1.2480000257492065,1.2599999904632568,1.1929999589920044,1.2450000047683716,1737743,0.0,0.0,0.0
2022-05-17 00:00:00+02:00,1.2450000047683716,1.274999976158142,1.2300000190734863,1.2400000095367432,1726926,0.0,0.0,0.0
2022-05-18 00:00:00+02:00,1.2400000095367432,1.2699999809265137,1.2209999561309814,1.246999979019165,2216208,0.0,0.0,0.0
2022-05-19 00:00:00+02:00,1.246999979019165,1.2549999952316284,1.2050000429153442,1.2300000190734863,1697403,0.0,0.0,0.0
2022-05-22 00:00:00+02:00,1.2300000190734863,1.253000020980835,1.2020000219345093,1.2050000429153442,1303557,0.0,0.0,0.0
2022-05-23 00:00:00+02:00,1.2050000429153442,1.2300000190734863,1.1510000228881836,1.1699999570846558,1882481,0.0,0.0,0.0
2022-05-24 00:00:00+02:00,1.1699999570846558,1.2039999961853027,1.149999976158142,1.1540000438690186,2390975,0.0,0.0,0.0
2022-05-25 00:00:00+02:00,1.1540000438690186,1.1690000295639038,1.0820000171661377,1.0920000076293945,1573814,0.0,0.0,0.0
2022-05-26 00:00:00+02:00,1.0920000076293945,1.1200000047683716,1.0230000019073486,1.1059999465942383,2177806,0.0,0.0,0.0
2022-05-29 00:00:00+02:00,1.1059999465942383,1.1200000047683716,1.034999966621399,1.0709999799728394,759294,0.0,0.0,0.0
2022-05-30 00:00:00+02:00,1.0709999799728394,1.1180000305175781,1.0640000104904175,1.0889999866485596,668571,0.0,0.0,0.0
2022-05-31 00:00:00+02:00,1.0889999866485596,1.100000023841858,1.0570000410079956,1.062999963760376,3474060,0.0,0.0,0.0
2022-06-01 00:00:00+02:00,1.062999963760376,1.1269999742507935,1.065000057220459,1.0809999704360962,5367977,0.0,0.0,0.0
2022-06-02 00:00:00+02:00,1.0809999704360962,1.100000023841858,1.062000036239624,1.0839999914169312,2660904,0.0,0.0,0.0
2022-06-05 00:00:00+02:00,1.0839999914169312,1.0839999914169312,1.0839999914169312,1.0839999914169312,0,0.0,0.0,0.0
2022-06-06 00:00:00+02:00,1.100000023841858,1.1330000162124634,1.090000033378601,1.097000002861023,2003574,0.0,0.0,0.0
2022-06-07 00:00:00+02:00,1.097000002861023,1.1269999742507935,1.093999981880188,1.1069999933242798,2869265,0.0,0.0,0.0
2022-06-08 00:00:00+02:00,1.1069999933242798,1.184999942779541,1.1200000047683716,1.159999966621399,5607456,0.0,0.0,0.0
2022-06-09 00:00:00+02:00,1.159999966621399,1.1799999475479126,1.1399999856948853,1.159999966621399,3534501,0.0,0.0,0.0
2022-06-12 00:00:00+02:00,1.159999966621399,1.225000023841858,1.149999976158142,1.2130000591278076,4318666,0.0,0.0,0.0
2022-06-13 00:00:00+02:00,1.2130000591278076,1.2369999885559082,1.1950000524520874,1.2020000219345093,3502191,0.0,0.0,0.0
2022-06-14 00:00:00+02:00,1.2020000219345093,1.2330000400543213,1.1859999895095825,1.2200000286102295,2262903,0.0,0.0,0.0
2022-06-15 00:00:00+02:00,1.2200000286102295,1.2380000352859497,1.2000000476837158,1.2070000171661377,3149535,0.0,0.0,0.0
2022-06-16 00:00:00+02:00,1.2070000171661377,1.215000033378601,1.1950000524520874,1.1970000267028809,763925,0.0,0.0,0.0
2022-06-19 00:00:00+02:00,1.1970000267028809,1.187000036239624,1.1100000143051147,1.1369999647140503,1228780,0.0,0.0,0.0
2022-06-20 00:00:00+02:00,1.1369999647140503,1.159999966621399,1.1109999418258667,1.1230000257492065,1008377,0.0,0.0,0.0
2022-06-21 00:00:00+02:00,1.1230000257492065,1.1699999570846558,1.1349999904632568,1.1510000228881836,702607,0.0,0.0,0.0
2022-06-22 00:00:00+02:00,1.1510000228881836,1.159999966621399,1.125,1.13100004196167,714530,0.0,0.0,0.0
2022-06-23 00:00:00+02:00,1.13100004196167,1.125,1.100000023841858,1.1050000190734863,474690,0.0,0.0,0.0
2022-06-26 00:00:00+02:00,1.1050000190734863,1.1399999856948853,1.1009999513626099,1.1130000352859497,670770,0.0,0.0,0.0
2022-06-27 00:00:00+02:00,1.1130000352859497,1.128999948501587,1.062000036239624,1.0809999704360962,559467,0.0,0.0,0.0
2022-06-28 00:00:00+02:00,1.0809999704360962,1.0750000476837158,1.027999997138977,1.034999966621399,1033710,0.0,0.0,0.0
2022-06-29 00:00:00+02:00,1.034999966621399,1.0800000429153442,1.0299999713897705,1.0499999523162842,1074543,0.0,0.0,0.0
2022-07-03 00:00:00+02:00,1.0499999523162842,1.0570000410079956,1.0299999713897705,1.031000018119812,489542,0.0,0.0,0.0
2022-07-04 00:00:00+02:00,1.031000018119812,1.0449999570846558,0.9900000095367432,1.0010000467300415,1414464,0.0,0.0,0.0
2022-07-05 00:00:00+02:00,1.0010000467300415,1.0440000295639038,1.0019999742507935,1.0099999904632568,781054,0.0,0.0,0.0
2022-07-06 00:00:00+02:00,1.0099999904632568,1.034000039100647,1.003000020980835,1.024999976158142,738600,0.0,0.0,0.0
2022-07-07 00:00:00+02:00,1.024999976158142,1.059999942779541,1.0299999713897705,1.0329999923706055,1626988,0.0,0.0,0.0
2022-07-17 00:00:00+02:00,1.0329999923706055,1.0800000429153442,1.0399999618530273,1.0440000295639038,839844,0.0,0.0,0.0
2022-07-18 00:00:00+02:00,1.0440000295639038,1.0640000104904175,1.0490000247955322,1.0520000457763672,1125151,0.0,0.0,0.0
2022-07-19 00:00:00+02:00,1.0520000457763672,1.065999984741211,1.0410000085830688,1.0609999895095825,925928,0.0,0.0,0.0
2022-07-20 00:00:00+02:00,1.0609999895095825,1.1200000047683716,1.0700000524520874,1.100000023841858,3054077,0.0,0.0,0.0
2022-07-21 00:00:00+02:00,1.100000023841858,1.1369999647140503,1.1089999675750732,1.1230000257492065,2655893,0.0,0.0,0.0
2022-07-24 00:00:00+02:00,1.1230000257492065,1.194000005722046,1.121999979019165,1.1859999895095825,6131561,0.0,0.0,0.0
2022-07-25 00:00:00+02:00,1.1859999895095825,1.2200000286102295,1.1720000505447388,1.1820000410079956,3114753,0.0,0.0,0.0
2022-07-26 00:00:00+02:00,1.1820000410079956,1.25,1.1770000457763672,1.2170000076293945,6852035,0.0,0.0,0.0
2022-07-27 00:00:00+02:00,1.2170000076293945,1.2400000095367432,1.1710000038146973,1.1779999732971191,5311123,0.0,0.0,0.0
2022-07-28 00:00:00+02:00,1.1779999732971191,1.190000057220459,1.159999966621399,1.1770000457763672,2206427,0.0,0.0,0.0
2022-07-31 00:00:00+02:00,1.1770000457763672,1.1959999799728394,1.1749999523162842,1.1779999732971191,1319232,0.0,0.0,0.0
2022-08-01 00:00:00+02:00,1.1779999732971191,1.1950000524520874,1.149999976158142,1.156999945640564,1937190,0.0,0.0,0.0
2022-08-02 00:00:00+02:00,1.156999945640564,1.1770000457763672,1.152999997138977,1.1660000085830688,2191833,0.0,0.0,0.0
2022-08-03 00:00:00+02:00,1.1660000085830688,1.218000054359436,1.1660000085830688,1.1890000104904175,3629770,0.0,0.0,0.0
2022-08-04 00:00:00+02:00,1.1890000104904175,1.253999948501587,1.190999984741211,1.2389999628067017,8702341,0.0,0.0,0.0
2022-08-07 00:00:00+02:00,1.2389999628067017,1.3380000591278076,1.2599999904632568,1.315999984741211,8447222,0.0,0.0,0.0
2022-08-08 00:00:00+02:00,1.315999984741211,1.3700000047683716,1.309999942779541,1.315999984741211,5772826,0.0,0.0,0.0
2022-08-09 00:00:00+02:00,1.315999984741211,1.3339999914169312,1.2799999713897705,1.2860000133514404,3172711,0.0,0.0,0.0
2022-08-10 00:00:00+02:00,1.2860000133514404,1.3140000104904175,1.2549999952316284,1.2719999551773071,3963973,0.0,0.0,0.0
2022-08-11 00:00:00+02:00,1.2719999551773071,1.3639999628067017,1.281999945640564,1.3569999933242798,5882494,0.0,0.0,0.0
2022-08-14 00:00:00+02:00,1.3569999933242798,1.4800000190734863,1.3899999856948853,1.4290000200271606,9975889,0.0,0.0,0.0
2022-08-15 00:00:00+02:00,1.4290000200271606,1.4600000381469727,1.3700000047683716,1.3880000114440918,4250040,0.0,0.0,0.0
2022-08-16 00:00:00+02:00,1.3880000114440918,1.440000057220459,1.378000020980835,1.3940000534057617,3710441,0.0,0.0,0.0
2022-08-17 00:00:00+02:00,1.3940000534057617,1.4129999876022339,1.3650000095367432,1.3880000114440918,2647030,0.0,0.0,0.0
2022-08-18 00:00:00+02:00,1.3880000114440918,1.3880000114440918,1.3880000114440918,1.3880000114440918,0,0.0,0.0,0.0
2022-08-21 00:00:00+02:00,1.3899999856948853,1.4290000200271606,1.3940000534057617,1.406000018119812,2285801,0.0,0.0,0.0
2022-08-22 00:00:00+02:00,1.406000018119812,1.409999966621399,1.3700000047683716,1.3899999856948853,1832569,0.0,0.0,0.0
2022-08-23 00:00:00+02:00,1.3899999856948853,1.3899999856948853,1.3899999856948853,1.3899999856948853,0,0.0,0.0,0.0
2022-08-24 00:00:00+02:00,1.3509999513626099,1.36899995803833,1.3020000457763672,1.3289999961853027,1761165,0.0,0.0,0.0
2022-08-25 00:00:00+02:00,1.3289999961853027,1.5,1.3200000524520874,1.430999994277954,5816844,0.0,0.0,0.0
2022-08-28 00:00:00+02:00,1.430999994277954,1.4600000381469727,1.4049999713897705,1.4240000247955322,4016932,0.0,0.0,0.0
2022-08-29 00:00:00+02:00,1.4240000247955322,1.4570000171661377,1.3700000047683716,1.378999948501587,6035440,0.0,0.0,0.0
2022-08-30 00:00:00+02:00,1.378999948501587,1.409999966621399,1.371000051498413,1.378999948501587,2240080,0.0,0.0,0.0
2022-08-31 00:00:00+02:00,1.378999948501587,1.4249999523162842,1.3739999532699585,1.3849999904632568,1783487,0.0,0.0,0.0
2022-09-01 00:00:00+02:00,1.3849999904632568,1.3849999904632568,1.309999942779541,1.3270000219345093,2941638,0.0,0.0,0.0
2022-09-04 00:00:00+02:00,1.3270000219345093,1.340000033378601,1.2829999923706055,1.3359999656677246,1967203,0.0,0.0,0.0
2022-09-05 00:00:00+02:00,1.3359999656677246,1.375,1.3200000524520874,1.3700000047683716,4001279,0.0,0.0,0.0
2022-09-06 00:00:00+02:00,1.3700000047683716,1.3969999551773071,1.3700000047683716,1.378999948501587,1644113,0.0,0.0,0.0
2022-09-07 00:00:00+02:00,1.378999948501587,1.409999966621399,1.3559999465942383,1.3569999933242798,1896240,0.0,0.0,0.0
2022-09-08 00:00:00+02:00,1.3569999933242798,1.3700000047683716,1.3450000286102295,1.3559999465942383,1593234,0.0,0.0,0.0
2022-09-11 00:00:00+02:00,1.3559999465942383,1.399999976158142,1.3350000381469727,1.3389999866485596,1339656,0.0,0.0,0.0
2022-09-12 00:00:00+02:00,1.3389999866485596,1.3600000143051147,1.3200000524520874,1.3389999866485596,2024569,0.0,0.0,0.0
2022-09-13 00:00:00+02:00,1.3389999866485596,1.3580000400543213,1.3300000429153442,1.3389999866485596,1399808,0.0,0.0,0.0
2022-09-14 00:00:00+02:00,1.3389999866485596,1.3300000429153442,1.2799999713897705,1.2960000038146973,2258933,0.0,0.0,0.0
2022-09-15 00:00:00+02:00,1.2960000038146973,1.309999942779541,1.2710000276565552,1.2799999713897705,1961746,0.0,0.0,0.0
2022-09-18 00:00:00+02:00,1.2799999713897705,1.2899999618530273,1.149999976158142,1.1699999570846558,1384582,0.0,0.0,0.0
2022-09-19 00:00:00+02:00,1.1699999570846558,1.2170000076293945,1.1299999952316284,1.2089999914169312,1621208,0.0,0.0,0.0
2022-09-20 00:00:00+02:00,1.2089999914169312,1.215000033378601,1.159999966621399,1.1970000267028809,1017230,0.0,0.0,0.0
2022-09-21 00:00:00+02:00,1.1970000267028809,1.2369999885559082,1.1710000038146973,1.2079999446868896,2134723,0.0,0.0,0.0
2022-09-22 00:00:00+02:00,1.2079999446868896,1.2200000286102295,1.1820000410079956,1.2100000381469727,579887,0.0,0.0,0.0
2022-09-25 00:00:00+02:00,1.2100000381469727,1.2400000095367432,1.1759999990463257,1.2059999704360962,1497652,0.0,0.0,0.0
2022-09-26 00:00:00+02:00,1.2059999704360962,1.274999976158142,1.2369999885559082,1.2599999904632568,3130189,0.0,0.0,0.0
2022-09-27 00:00:00+02:00,1.2599999904632568,1.3049999475479126,1.2630000114440918,1.2899999618530273,4457436,0.0,0.0,0.0
2022-09-28 00:00:00+02:00,1.2899999618530273,1.3289999961853027,1.2410000562667847,1.2510000467300415,3310175,0.0,0.0,0.0
2022-09-29 00:00:00+02:00,1.2510000467300415,1.2769999504089355,1.2300000190734863,1.2369999885559082,2625914,0.0,0.0,0.0
2022-10-02 00:00:00+02:00,1.2369999885559082,1.25,1.190000057220459,1.1929999589920044,625660,0.0,0.0,0.0
2022-10-03 00:00:00+02:00,1.1929999589920044,1.2200000286102295,1.152999997138977,1.1699999570846558,1409609,0.0,0.0,0.0
2022-10-04 00:00:00+02:00,1.1699999570846558,1.2000000476837158,1.1799999475479126,1.1859999895095825,1538216,0.0,0.0,0.0
2022-10-05 00:00:00+02:00,1.1859999895095825,1.2000000476837158,1.1720000505447388,1.1759999990463257,1270064,0.0,0.0,0.0
2022-10-09 00:00:00+02:00,1.1759999990463257,1.1749999523162842,1.1200000047683716,1.1390000581741333,2089590,0.0,0.0,0.0
2022-10-10 00:00:00+02:00,1.1390000581741333,1.1469999551773071,1.1009999513626099,1.1100000143051147,1699457,0.0,0.0,0.0
2022-10-11 00:00:00+02:00,1.1100000143051147,1.1299999952316284,1.0800000429153442,1.0870000123977661,2247567,0.0,0.0,0.0
2022-10-12 00:00:00+02:00,1.0870000123977661,1.11899995803833,1.0740000009536743,1.0989999771118164,1354177,0.0,0.0,0.0
2022-10-13 00:00:00+02:00,1.0989999771118164,1.1579999923706055,1.0950000286102295,1.1430000066757202,3685609,0.0,0.0,0.0
2022-10-16 00:00:00+02:00,1.1430000066757202,1.1799999475479126,1.1369999647140503,1.1399999856948853,1221099,0.0,0.0,0.0
2022-10-17 00:00:00+02:00,1.1399999856948853,1.1679999828338623,1.1369999647140503,1.1410000324249268,2134601,0.0,0.0,0.0
2022-10-18 00:00:00+02:00,1.1410000324249268,1.1419999599456787,1.125,1.128000020980835,1931565,0.0,0.0,0.0
2022-10-19 00:00:00+02:00,1.128000020980835,1.1369999647140503,1.100000023841858,1.1030000448226929,1629445,0.0,0.0,0.0
2022-10-20 00:00:00+02:00,1.1030000448226929,1.1299999952316284,1.1050000190734863,1.1119999885559082,1533060,0.0,0.0,0.0
2022-10-23 00:00:00+02:00,1.1119999885559082,1.1480000019073486,1.1100000143051147,1.1180000305175781,2543404,0.0,0.0,0.0
2022-10-24 00:00:00+02:00,1.1180000305175781,1.1349999904632568,1.1050000190734863,1.1119999885559082,1607542,0.0,0.0,0.0
2022-10-25 00:00:00+02:00,1.1119999885559082,1.1200000047683716,1.100000023841858,1.1009999513626099,768815,0.0,0.0,0.0
2022-10-26 00:00:00+02:00,1.1009999513626099,1.1009999513626099,1.1009999513626099,1.1009999513626099,0,0.0,0.0,0.0
2022-10-27 00:00:00+02:00,1.097000002861023,1.25,1.1019999980926514,1.1490000486373901,6681908,0.0,0.0,0.0
2022-10-30 00:00:00+02:00,1.1490000486373901,1.1759999990463257,1.1100000143051147,1.1160000562667847,2639508,0.0,0.0,0.0
2022-10-31 00:00:00+02:00,1.1160000562667847,1.1299999952316284,1.093999981880188,1.1269999742507935,1227916,0.0,0.0,0.0
2022-11-01 00:00:00+02:00,1.1269999742507935,1.1360000371932983,1.1160000562667847,1.1200000047683716,619033,0.0,0.0,0.0
2022-11-02 00:00:00+02:00,1.1200000047683716,1.1299999952316284,1.0950000286102295,1.100000023841858,1817322,0.0,0.0,0.0
2022-11-03 00:00:00+02:00,1.100000023841858,1.1299999952316284,1.0880000591278076,1.090000033378601,1279355,0.0,0.0,0.0
2022-11-06 00:00:00+02:00,1.090000033378601,1.100000023841858,1.0700000524520874,1.0729999542236328,1509161,0.0,0.0,0.0
2022-11-07 00:00:00+02:00,1.0729999542236328,1.0980000495910645,1.065999984741211,1.0709999799728394,1253997,0.0,0.0,0.0
2022-11-08 00:00:00+02:00,1.0709999799728394,1.0950000286102295,1.059999942779541,1.0709999799728394,1546189,0.0,0.0,0.0
2022-11-09 00:00:00+02:00,1.0709999799728394,1.0800000429153442,1.0490000247955322,1.0499999523162842,1036568,0.0,0.0,0.0
2022-11-10 00:00:00+02:00,1.0499999523162842,1.0779999494552612,1.0499999523162842,1.069000005722046,1230779,0.0,0.0,0.0
2022-11-13 00:00:00+02:00,1.069000005722046,1.1349999904632568,1.0700000524520874,1.1119999885559082,3229701,0.0,0.0,0.0
2022-11-14 00:00:00+02:00,1.1119999885559082,1.1299999952316284,1.093000054359436,1.121000051498413,1919235,0.0,0.0,0.0
2022-11-15 00:00:00+02:00,1.121000051498413,1.187000036239624,1.125,1.1480000019073486,4652226,0.0,0.0,0.0
2022-11-16 00:00:00+02:00,1.1480000019073486,1.1660000085830688,1.1440000534057617,1.1519999504089355,2593759,0.0,0.0,0.0
2022-11-17 00:00:00+02:00,1.1519999504089355,1.1749999523162842,1.149999976158142,1.1690000295639038,3612395,0.0,0.0,0.0
2022-11-20 00:00:00+02:00,1.1690000295639038,1.2269999980926514,1.1699999570846558,1.2039999961853027,4096389,0.0,0.0,0.0
2022-11-21 00:00:00+02:00,1.2039999961853027,1.2430000305175781,1.1970000267028809,1.2000000476837158,3703065,0.0,0.0,0.0
2022-11-22 00:00:00+02:00,1.2000000476837158,1.253000020980835,1.190000057220459,1.2419999837875366,3605697,0.0,0.0,0.0
2022-11-23 00:00:00+02:00,1.2419999837875366,1.309999942779541,1.253000020980835,1.2769999504089355,6604125,0.0,0.0,0.0
2022-11-24 00:00:00+02:00,1.2769999504089355,1.3229999542236328,1.2879999876022339,1.2949999570846558,5191126,0.0,0.0,0.0
2022-11-27 00:00:00+02:00,1.2949999570846558,1.3170000314712524,1.2610000371932983,1.2699999809265137,2857751,0.0,0.0,0.0
2022-11-28 00:00:00+02:00,1.2699999809265137,1.2890000343322754,1.2510000467300415,1.253000020980835,1048661,0.0,0.0,0.0
2022-11-29 00:00:00+02:00,1.253000020980835,1.2869999408721924,1.2510000467300415,1.2669999599456787,2482853,0.0,0.0,0.0
2022-11-30 00:00:00+02:00,1.2669999599456787,1.2899999618530273,1.222000002861023,1.2269999980926514,2434154,0.0,0.0,0.0
2022-12-01 00:00:00+02:00,1.2269999980926514,1.2610000371932983,1.2300000190734863,1.25,2751185,0.0,0.0,0.0
2022-12-04 00:00:00+02:00,1.25,1.2799999713897705,1.2170000076293945,1.225000023841858,6053611,0.0,0.0,0.0
2022-12-05 00:00:00+02:00,1.225000023841858,1.2369999885559082,1.1799999475479126,1.187000036239624,4258939,0.0,0.0,0.0
2022-12-06 00:00:00+02:00,1.187000036239624,1.2350000143051147,1.1629999876022339,1.222000002861023,8088480,0.0,0.0,0.0
2022-12-07 00:00:00+02:00,1.222000002861023,1.2599999904632568,1.2209999561309814,1.2230000495910645,6331913,0.0,0.0,0.0
2022-12-08 00:00:00+02:00,1.2230000495910645,1.2740000486373901,1.2120000123977661,1.2419999837875366,6394889,0.0,0.0,0.0
2022-12-11 00:00:00+02:00,1.2419999837875366,1.2899999618530273,1.2400000095367432,1.2610000371932983,6382987,0.0,0.0,0.0
2022-12-12 00:00:00+02:00,1.2610000371932983,1.2699999809265137,1.2309999465942383,1.246000051498413,3436317,0.0,0.0,0.0
2022-12-13 00:00:00+02:00,1.246000051498413,1.2879999876022339,1.253999948501587,1.274999976158142,3827715,0.0,0.0,0.0
2022-12-14 00:00:00+02:00,1.274999976158142,1.3200000524520874,1.274999976158142,1.2949999570846558,8826304,0.0,0.0,0.0
2022-12-15 00:00:00+02:00,1.2949999570846558,1.3569999933242798,1.284000039100647,1.2869999408721924,11344977,0.0,0.0,0.0
2022-12-18 00:00:00+02:00,1.2869999408721924,1.3289999961853027,1.2699999809265137,1.2799999713897705,5678366,0.0,0.0,0.0
2022-12-19 00:00:00+02:00,1.2799999713897705,1.284999966621399,1.253000020980835,1.2610000371932983,1957083,0.0,0.0,0.0
2022-12-20 00:00:00+02:00,1.2610000371932983,1.2790000438690186,1.2230000495910645,1.2359999418258667,3385420,0.0,0.0,0.0
2022-12-21 00:00:00+02:00,1.2359999418258667,1.2400000095367432,1.2070000171661377,1.2130000591278076,1952139,0.0,0.0,0.0
2022-12-22 00:00:00+02:00,1.2130000591278076,1.2300000190734863,1.180999994277954,1.184000015258789,2009920,0.0,0.0,0.0
2022-12-25 00:00:00+02:00,1.184000015258789,1.1799999475479126,1.1469999551773071,1.1519999504089355,1768998,0.0,0.0,0.0
2022-12-26 00:00:00+02:00,1.1519999504089355,1.2000000476837158,1.1419999599456787,1.1979999542236328,1539656,0.0,0.0,0.0
2022-12-27 00:00:00+02:00,1.1979999542236328,1.2089999914169312,1.1699999570846558,1.1720000505447388,1357660,0.0,0.0,0.0
2022-12-28 00:00:00+02:00,1.1720000505447388,1.2039999961853027,1.1749999523162842,1.1990000009536743,1292856,0.0,0.0,0.0
2022-12-29 00:00:00+02:00,1.1990000009536743,1.2200000286102295,1.1820000410079956,1.1950000524520874,1537145,0.0,0.0,0.0
2023-01-02 00:00:00+02:00,1.1950000524520874,1.2300000190734863,1.1959999799728394,1.2269999980926514,1803920,0.0,0.0,0.0
2023-01-03 00:00:00+02:00,1.2269999980926514,1.284000039100647,1.2309999465942383,1.2760000228881836,5530936,0.0,0.0,0.0
2023-01-04 00:00:00+02:00,1.2760000228881836,1.2910000085830688,1.2300000190734863,1.2660000324249268,3883787,0.0,0.0,0.0
2023-01-05 00:00:00+02:00,1.2660000324249268,1.2960000038146973,1.2599999904632568,1.2719999551773071,4632876,0.0,0.0,0.0
2023-01-09 00:00:00+02:00,1.2719999551773071,1.284999966621399,1.2400000095367432,1.2489999532699585,2225115,0.0,0.0,0.0
2023-01-10 00:00:00+02:00,1.2489999532699585,1.2580000162124634,1.2130000591278076,1.2209999561309814,3407652,0.0,0.0,0.0
2023-01-11 00:00:00+02:00,1.2209999561309814,1.2669999599456787,1.180999994277954,1.1959999799728394,1990905,0.0,0.0,0.0
2023-01-12 00:00:00+02:00,1.1959999799728394,1.2300000190734863,1.1720000505447388,1.1799999475479126,973769,0.0,0.0,0.0
2023-01-15 00:00:00+02:00,1.1799999475479126,1.218000054359436,1.159999966621399,1.1799999475479126,1046180,0.0,0.0,0.0
2023-01-16 00:00:00+02:00,1.1799999475479126,1.2100000381469727,1.1799999475479126,1.190000057220459,887494,0.0,0.0,0.0
2023-01-17 00:00:00+02:00,1.190000057220459,1.2300000190734863,1.2009999752044678,1.2239999771118164,1260477,0.0,0.0,0.0
2023-01-18 00:00:00+02:00,1.2239999771118164,1.2599999904632568,1.2200000286102295,1.2230000495910645,3324718,0.0,0.0,0.0
2023-01-19 00:00:00+02:00,1.2230000495910645,1.2999999523162842,1.215999960899353,1.2669999599456787,10195437,0.0,0.0,0.0
2023-01-22 00:00:00+02:00,1.2669999599456787,1.350000023841858,1.2799999713897705,1.3140000104904175,20503938,0.0,0.0,0.0
2023-01-23 00:00:00+02:00,1.3140000104904175,1.3530000448226929,1.281999945640564,1.2860000133514404,8763116,0.0,0.0,0.0
2023-01-24 00:00:00+02:00,1.2860000133514404,1.3029999732971191,1.2630000114440918,1.2690000534057617,3983062,0.0,0.0,0.0
2023-01-25 00:00:00+02:00,1.2690000534057617,1.3179999589920044,1.2660000324249268,1.2710000276565552,4492738,0.0,0.0,0.0
2023-01-29 00:00:00+02:00,1.2710000276565552,1.2970000505447388,1.2599999904632568,1.2669999599456787,3113109,0.0,0.0,0.0
2023-01-30 00:00:00+02:00,1.2669999599456787,1.2769999504089355,1.2039999961853027,1.2139999866485596,3024603,0.0,0.0,0.0
2023-01-31 00:00:00+02:00,1.2139999866485596,1.218999981880188,1.1610000133514404,1.1679999828338623,2459554,0.0,0.0,0.0
2023-02-01 00:00:00+02:00,1.1679999828338623,1.187999963760376,1.1430000066757202,1.1699999570846558,1483856,0.0,0.0,0.0
2023-02-02 00:00:00+02:00,1.1699999570846558,1.187999963760376,1.1399999856948853,1.1440000534057617,905115,0.0,0.0,0.0
2023-02-05 00:00:00+02:00,1.1440000534057617,1.159000039100647,1.090000033378601,1.1089999675750732,1423201,0.0,0.0,0.0
2023-02-06 00:00:00+02:00,1.1089999675750732,1.1449999809265137,1.1119999885559082,1.11899995803833,629572,0.0,0.0,0.0
2023-02-07 00:00:00+02:00,1.11899995803833,1.1579999923706055,1.121000051498413,1.1480000019073486,1431475,0.0,0.0,0.0
2023-02-08 00:00:00+02:00,1.1480000019073486,1.159999966621399,1.125,1.128999948501587,393790,0.0,0.0,0.0
2023-02-09 00:00:00+02:00,1.128999948501587,1.1380000114440918,1.1200000047683716,1.13100004196167,1189402,0.0,0.0,0.0
2023-02-12 00:00:00+02:00,1.13100004196167,1.190000057220459,1.121000051498413,1.1679999828338623,3738751,0.0,0.0,0.0
2023-02-13 00:00:00+02:00,1.1679999828338623,1.1890000104904175,1.152999997138977,1.159999966621399,1747828,0.0,0.0,0.0
2023-02-14 00:00:00+02:00,1.159999966621399,1.184000015258789,1.159999966621399,1.1729999780654907,1086323,0.0,0.0,0.0
2023-02-15 00:00:00+02:00,1.1729999780654907,1.215000033378601,1.1740000247955322,1.1759999990463257,1383305,0.0,0.0,0.0
2023-02-16 00:00:00+02:00,1.1759999990463257,1.190000057220459,1.1549999713897705,1.1610000133514404,2525396,0.0,0.0,0.0
2023-02-19 00:00:00+02:00,1.1610000133514404,1.1699999570846558,1.1510000228881836,1.1549999713897705,965953,0.0,0.0,0.0
2023-02-20 00:00:00+02:00,1.1549999713897705,1.1690000295639038,1.1130000352859497,1.11899995803833,1784189,0.0,0.0,0.0
2023-02-21 00:00:00+02:00,1.11899995803833,1.1369999647140503,1.0800000429153442,1.1330000162124634,1938668,0.0,0.0,0.0
2023-02-22 00:00:00+02:00,1.1330000162124634,1.1469999551773071,1.1009999513626099,1.1119999885559082,831897,0.0,0.0,0.0
2023-02-23 00:00:00+02:00,1.1119999885559082,1.1399999856948853,1.0950000286102295,1.128999948501587,1186219,0.0,0.0,0.0
2023-02-26 00:00:00+02:00,1.128999948501587,1.1490000486373901,1.1200000047683716,1.1299999952316284,1129280,0.0,0.0,0.0
2023-02-27 00:00:00+02:00,1.1299999952316284,1.1349999904632568,1.1109999418258667,1.11899995803833,1247278,0.0,0.0,0.0
2023-02-28 00:00:00+02:00,1.11899995803833,1.1339999437332153,1.1160000562667847,1.1230000257492065,726065,0.0,0.0,0.0
2023-03-01 00:00:00+02:00,1.1230000257492065,1.1679999828338623,1.121000051498413,1.1469999551773071,3118966,0.0,0.0,0.0
2023-03-02 00:00:00+02:00,1.1469999551773071,1.1649999618530273,1.1419999599456787,1.1519999504089355,1742033,0.0,0.0,0.0
2023-03-05 00:00:00+02:00,1.1519999504089355,1.159000039100647,1.1399999856948853,1.1430000066757202,568649,0.0,0.0,0.0
2023-03-06 00:00:00+02:00,1.1430000066757202,1.1579999923706055,1.1109999418258667,1.1299999952316284,572658,0.0,0.0,0.0
2023-03-07 00:00:00+02:00,1.1299999952316284,1.1449999809265137,1.1100000143051147,1.1130000352859497,674645,0.0,0.0,0.0
2023-03-08 00:00:00+02:00,1.1130000352859497,1.128000020980835,1.100000023841858,1.1080000400543213,881682,0.0,0.0,0.0
2023-03-09 00:00:00+02:00,1.1080000400543213,1.1349999904632568,1.100000023841858,1.121000051498413,592530,0.0,0.0,0.0
2023-03-12 00:00:00+02:00,1.121000051498413,1.1200000047683716,1.0709999799728394,1.0789999961853027,745274,0.0,0.0,0.0
2023-03-13 00:00:00+02:00,1.0789999961853027,1.0920000076293945,0.9879999756813049,0.9950000047683716,2464957,0.0,0.0,0.0
2023-03-14 00:00:00+02:00,0.9950000047683716,1.0379999876022339,0.9649999737739563,1.0019999742507935,1840866,0.0,0.0,0.0
2023-03-15 00:00:00+02:00,1.0019999742507935,1.0199999809265137,0.8299999833106995,0.8830000162124634,2831304,0.0,0.0,0.0
2023-03-16 00:00:00+02:00,0.8830000162124634,0.925000011920929,0.7540000081062317,0.8920000195503235,2517954,0.0,0.0,0.0
2023-03-19 00:00:00+02:00,0.8920000195503235,0.9399999976158142,0.8420000076293945,0.9380000233650208,1398194,0.0,0.0,0.0
2023-03-20 00:00:00+02:00,0.9380000233650208,0.9779999852180481,0.9010000228881836,0.9599999785423279,1471845,0.0,0.0,0.0
2023-03-21 00:00:00+02:00,0.9599999785423279,0.9900000095367432,0.9509999752044678,0.9710000157356262,1839134,0.0,0.0,0.0
2023-03-22 00:00:00+02:00,0.9710000157356262,0.9890000224113464,0.9399999976158142,0.9449999928474426,1109965,0.0,0.0,0.0
2023-03-23 00:00:00+02:00,0.9449999928474426,0.9580000042915344,0.9150000214576721,0.949999988079071,582060,0.0,0.0,0.0
2023-03-26 00:00:00+02:00,0.949999988079071,0.9760000109672546,0.9599999785423279,0.9679999947547913,595900,0.0,0.0,0.0
2023-03-27 00:00:00+02:00,0.9679999947547913,0.9850000143051147,0.949999988079071,0.9580000042915344,923604,0.0,0.0,0.0
2023-03-28 00:00:00+02:00,0.9580000042915344,0.968999981880188,0.9350000023841858,0.9399999976158142,727731,0.0,0.0,0.0
2023-03-29 00:00:00+02:00,0.9399999976158142,0.9639999866485596,0.9399999976158142,0.9490000009536743,355161,0.0,0.0,0.0
2023-03-30 00:00:00+02:00,0.9490000009536743,0.9490000009536743,0.9020000100135803,0.9160000085830688,689393,0.0,0.0,0.0
2023-04-02 00:00:00+02:00,0.9160000085830688,0.9240000247955322,0.902999997138977,0.9160000085830688,311288,0.0,0.0,0.0
2023-04-03 00:00:00+02:00,0.9160000085830688,0.9580000042915344,0.9300000071525574,0.949999988079071,791006,0.0,0.0,0.0
2023-04-04 00:00:00+02:00,0.949999988079071,1.0169999599456787,0.949999988079071,0.9950000047683716,1233902,0.0,0.0,0.0
2023-04-05 00:00:00+02:00,0.9950000047683716,1.0440000295639038,1.003999948501587,1.0099999904632568,1741860,0.0,0.0,0.0
2023-04-06 00:00:00+02:00,1.0099999904632568,1.0269999504089355,0.9800000190734863,0.9909999966621399,501199,0.0,0.0,0.0
2023-04-09 00:00:00+02:00,0.9909999966621399,0.9900000095367432,0.9700000286102295,0.9909999966621399,175089,0.0,0.0,0.0
2023-04-10 00:00:00+02:00,0.9909999966621399,1.0,0.9729999899864197,0.9850000143051147,676219,0.0,0.0,0.0
2023-04-11 00:00:00+02:00,0.9850000143051147,1.0299999713897705,0.9700000286102295,1.0199999809265137,2017943,0.0,0.0,0.0
2023-04-12 00:00:00+02:00,1.0199999809265137,1.034000039100647,1.0080000162124634,1.0119999647140503,439852,0.0,0.0,0.0
2023-04-13 00:00:00+02:00,1.0119999647140503,1.0180000066757202,0.9739999771118164,0.9900000095367432,452768,0.0,0.0,0.0
2023-04-18 00:00:00+02:00,0.9900000095367432,1.0169999599456787,0.9670000076293945,0.9710000157356262,789155,0.0,0.0,0.0
2023-04-19 00:00:00+02:00,0.9710000157356262,0.9980000257492065,0.972000002861023,0.9810000061988831,760401,0.0,0.0,0.0
2023-04-26 00:00:00+02:00,0.9810000061988831,1.0069999694824219,0.9750000238418579,1.003000020980835,1040348,0.0,0.0,0.0
2023-04-27 00:00:00+02:00,1.003000020980835,1.0199999809265137,1.003000020980835,1.0069999694824219,2159716,0.0,0.0,0.0
2023-04-30 00:00:00+03:00,1.0069999694824219,1.059000015258789,1.0099999904632568,1.0130000114440918,2055689,0.0,0.0,0.0
2023-05-01 00:00:00+03:00,1.0130000114440918,1.0130000114440918,1.0130000114440918,1.0130000114440918,0,0.0,0.0,0.0
2023-05-02 00:00:00+03:00,0.9810000061988831,0.9850000143051147,0.9599999785423279,0.9679999947547913,650416,0.0,0.0,0.0
2023-05-03 00:00:00+03:00,0.9679999947547913,0.9860000014305115,0.953000009059906,0.9559999704360962,566307,0.0,0.0,0.0
2023-05-07 00:00:00+03:00,0.9559999704360962,0.9750000238418579,0.9319999814033508,0.9589999914169312,646241,0.0,0.0,0.0
2023-05-08 00:00:00+03:00,0.9589999914169312,0.9959999918937683,0.9700000286102295,0.9789999723434448,933920,0.0,0.0,0.0
2023-05-09 00:00:00+03:00,0.9789999723434448,1.0140000581741333,0.9700000286102295,0.9729999899864197,2858185,0.0,0.0,0.0
2023-05-10 00:00:00+03:00,0.9729999899864197,0.9900000095367432,0.9599999785423279,0.9760000109672546,731408,0.0,0.0,0.0
2023-05-11 00:00:00+03:00,0.9760000109672546,0.9900000095367432,0.9649999737739563,0.968999981880188,768944,0.0,0.0,0.0
2023-05-14 00:00:00+03:00,0.968999981880188,0.9869999885559082,0.9660000205039978,0.9710000157356262,473672,0.0,0.0,0.0
2023-05-15 00:00:00+03:00,0.9710000157356262,0.9860000014305115,0.9419999718666077,0.9509999752044678,822320,0.0,0.0,0.0
2023-05-16 00:00:00+03:00,0.9509999752044678,0.9520000219345093,0.9350000023841858,0.9459999799728394,455725,0.0,0.0,0.0
2023-05-17 00:00:00+03:00,0.9459999799728394,0.9649999737739563,0.9300000071525574,0.9330000281333923,880840,0.0,0.0,0.0
2023-05-18 00:00:00+03:00,0.9330000281333923,0.9470000267028809,0.9100000262260437,0.9200000166893005,442211,0.0,0.0,0.0
2023-05-21 00:00:00+03:00,0.9200000166893005,0.9399999976158142,0.9210000038146973,0.9200000166893005,256156,0.0,0.0,0.0
2023-05-22 00:00:00+03:00,0.9200000166893005,0.953000009059906,0.9340000152587891,0.9200000166893005,258166,0.0,0.0,0.0
2023-05-23 00:00:00+03:00,0.9200000166893005,0.9980000257492065,0.925000011920929,0.9869999885559082,1886746,0.0,0.0,0.0
2023-05-24 00:00:00+03:00,0.9869999885559082,1.0299999713897705,0.9869999885559082,1.0010000467300415,4154299,0.0,0.0,0.0
2023-05-25 00:00:00+03:00,1.0010000467300415,1.00600004196167,0.9760000109672546,0.984000027179718,679026,0.0,0.0,0.0
2023-05-28 00:00:00+03:00,0.984000027179718,1.031999945640564,0.9769999980926514,1.0260000228881836,2426892,0.0,0.0,0.0
2023-05-29 00:00:00+03:00,1.0260000228881836,1.0700000524520874,1.0099999904632568,1.065999984741211,4391697,0.0,0.0,0.0
2023-05-30 00:00:00+03:00,1.065999984741211,1.0800000429153442,1.0499999523162842,1.055999994277954,989892,0.0,0.0,0.0
2023-05-31 00:00:00+03:00,1.055999994277954,1.0889999866485596,1.0299999713897705,1.034999966621399,3365708,0.0,0.0,0.0
2023-06-01 00:00:00+03:00,1.034999966621399,1.0800000429153442,1.024999976158142,1.0460000038146973,2654781,0.0,0.0,0.0
2023-06-04 00:00:00+03:00,1.0460000038146973,1.100000023841858,1.0640000104904175,1.090000033378601,4598636,0.0,0.0,0.0
2023-06-05 00:00:00+03:00,1.090000033378601,1.1100000143051147,1.0820000171661377,1.0829999446868896,1753271,0.0,0.0,0.0
2023-06-06 00:00:00+03:00,1.0829999446868896,1.1069999933242798,1.0609999895095825,1.0720000267028809,1767102,0.0,0.0,0.0
2023-06-07 00:00:00+03:00,1.0720000267028809,1.0870000123977661,1.0670000314712524,1.0700000524520874,1748239,0.0,0.0,0.0
2023-06-08 00:00:00+03:00,1.0700000524520874,1.0740000009536743,1.0360000133514404,1.0540000200271606,1402687,0.0,0.0,0.0
2023-06-11 00:00:00+03:00,1.0540000200271606,1.0700000524520874,1.0399999618530273,1.0490000247955322,543310,0.0,0.0,0.0
2023-06-12 00:00:00+03:00,1.0490000247955322,1.059000015258789,1.034999966621399,1.0420000553131104,535891,0.0,0.0,0.0
2023-06-13 00:00:00+03:00,1.0420000553131104,1.0529999732971191,1.0299999713897705,1.034000039100647,391851,0.0,0.0,0.0
2023-06-14 00:00:00+03:00,1.034000039100647,1.0679999589920044,1.0299999713897705,1.031000018119812,679895,0.0,0.0,0.0
2023-06-15 00:00:00+03:00,1.031000018119812,1.0399999618530273,1.003000020980835,1.0240000486373901,566472,0.0,0.0,0.0
2023-06-18 00:00:00+03:00,1.0240000486373901,1.0399999618530273,1.0010000467300415,1.0140000581741333,1113188,0.0,0.0,0.0
2023-06-19 00:00:00+03:00,1.0140000581741333,1.0449999570846558,1.0019999742507935,1.0160000324249268,981210,0.0,0.0,0.0
2023-06-20 00:00:00+03:00,1.0160000324249268,1.0499999523162842,1.003999948501587,1.0470000505447388,1474918,0.0,0.0,0.0
2023-06-21 00:00:00+03:00,1.0470000505447388,1.065000057220459,1.0149999856948853,1.0199999809265137,1341474,0.0,0.0,0.0
2023-06-22 00:00:00+03:00,1.0199999809265137,1.034999966621399,1.0130000114440918,1.0199999809265137,281129,0.0,0.0,0.0
2023-06-25 00:00:00+03:00,1.0199999809265137,1.0299999713897705,1.0,1.0099999904632568,1125257,0.0,0.0,0.0
2023-06-26 00:00:00+03:00,1.0099999904632568,1.0399999618530273,1.0019999742507935,1.0290000438690186,895301,0.0,0.0,0.0
2023-07-04 00:00:00+03:00,1.0290000438690186,1.059999942779541,1.0099999904632568,1.0230000019073486,627010,0.0,0.0,0.0
2023-07-05 00:00:00+03:00,1.0230000019073486,1.0470000505447388,1.0,1.0080000162124634,939921,0.0,0.0,0.0
2023-07-06 00:00:00+03:00,1.0080000162124634,1.0449999570846558,0.9909999966621399,1.0,907339,0.0,0.0,0.0
2023-07-09 00:00:00+03:00,1.0,1.0199999809265137,0.9309999942779541,0.9399999976158142,1145372,0.0,0.0,0.0
2023-07-10 00:00:00+03:00,0.9399999976158142,0.9509999752044678,0.9309999942779541,0.9470000267028809,639669,0.0,0.0,0.0
2023-07-11 00:00:00+03:00,0.9470000267028809,0.9599999785423279,0.9350000023841858,0.9490000009536743,791247,0.0,0.0,0.0
2023-07-12 00:00:00+03:00,0.9490000009536743,0.9900000095367432,0.9470000267028809,0.9610000252723694,772679,0.0,0.0,0.0
2023-07-13 00:00:00+03:00,0.9610000252723694,0.9819999933242798,0.949999988079071,0.9610000252723694,130715,0.0,0.0,0.0
2023-07-16 00:00:00+03:00,0.9610000252723694,0.9649999737739563,0.9430000185966492,0.9490000009536743,332294,0.0,0.0,0.0
2023-07-17 00:00:00+03:00,0.9490000009536743,0.9620000123977661,0.9449999928474426,0.9490000009536743,393793,0.0,0.0,0.0
2023-07-18 00:00:00+03:00,0.9490000009536743,0.9599999785423279,0.9399999976158142,0.9440000057220459,556344,0.0,0.0,0.0
2023-07-19 00:00:00+03:00,0.9440000057220459,0.9440000057220459,0.9440000057220459,0.9440000057220459,0,0.0,0.0,0.0
2023-07-24 00:00:00+03:00,0.9440000057220459,0.9599999785423279,0.9369999766349792,0.9440000057220459,307019,0.0,0.0,0.0
2023-07-25 00:00:00+03:00,0.9440000057220459,0.9589999914169312,0.9330000281333923,0.9440000057220459,177895,0.0,0.0,0.0
2023-07-26 00:00:00+03:00,0.9440000057220459,0.949999988079071,0.9300000071525574,0.9440000057220459,160005,0.0,0.0,0.0
2023-07-27 00:00:00+03:00,0.9440000057220459,0.9980000257492065,0.9309999942779541,0.9789999723434448,1295091,0.0,0.0,0.0
2023-07-30 00:00:00+03:00,0.9789999723434448,0.9850000143051147,0.9589999914169312,0.9639999866485596,314993,0.0,0.0,0.0
2023-07-31 00:00:00+03:00,0.9639999866485596,0.9700000286102295,0.9409999847412109,0.9490000009536743,541882,0.0,0.0,0.0
2023-08-01 00:00:00+03:00,0.9490000009536743,0.9700000286102295,0.9440000057220459,0.9490000009536743,219447,0.0,0.0,0.0
2023-08-02 00:00:00+03:00,0.9490000009536743,0.9649999737739563,0.9440000057220459,0.953000009059906,381006,0.0,0.0,0.0
2023-08-03 00:00:00+03:00,0.953000009059906,0.9850000143051147,0.9449999928474426,0.9539999961853027,1127369,0.0,0.0,0.0
2023-08-06 00:00:00+03:00,0.9539999961853027,0.9800000190734863,0.9449999928474426,0.9670000076293945,1181546,0.0,0.0,0.0
2023-08-07 00:00:00+03:00,0.9670000076293945,0.984000027179718,0.9570000171661377,0.968999981880188,1050564,0.0,0.0,0.0
2023-08-08 00:00:00+03:00,0.968999981880188,0.9789999723434448,0.9539999961853027,0.9559999704360962,576310,0.0,0.0,0.0
2023-08-09 00:00:00+03:00,0.9559999704360962,0.9700000286102295,0.9549999833106995,0.9559999704360962,214030,0.0,0.0,0.0
2023-08-10 00:00:00+03:00,0.9559999704360962,0.9660000205039978,0.949999988079071,0.953000009059906,403177,0.0,0.0,0.0
2023-08-13 00:00:00+03:00,0.953000009059906,0.9679999947547913,0.9509999752044678,0.953000009059906,119743,0.0,0.0,0.0
2023-08-14 00:00:00+03:00,0.953000009059906,0.9700000286102295,0.953000009059906,0.9639999866485596,363399,0.0,0.0,0.0
2023-08-15 00:00:00+03:00,0.9639999866485596,0.9900000095367432,0.949999988079071,0.9760000109672546,518672,0.0,0.0,0.0
2023-08-16 00:00:00+03:00,0.9760000109672546,0.9900000095367432,0.9649999737739563,0.972000002861023,889571,0.0,0.0,0.0
2023-08-17 00:00:00+03:00,0.972000002861023,0.9700000286102295,0.9549999833106995,0.9629999995231628,569658,0.0,0.0,0.0
2023-08-20 00:00:00+03:00,0.9629999995231628,0.9760000109672546,0.9599999785423279,0.9629999995231628,154057,0.0,0.0,0.0
2023-08-21 00:00:00+03:00,0.9629999995231628,0.9779999852180481,0.949999988079071,0.9629999995231628,230206,0.0,0.0,0.0
2023-08-22 00:00:00+03:00,0.9629999995231628,0.9800000190734863,0.9599999785423279,0.968999981880188,371514,0.0,0.0,0.0
2023-08-23 00:00:00+03:00,0.968999981880188,1.0299999713897705,0.9800000190734863,0.9900000095367432,4129244,0.0,0.0,0.0
2023-08-24 00:00:00+03:00,0.9900000095367432,1.0099999904632568,0.9810000061988831,0.9900000095367432,561351,0.0,0.0,0.0
2023-08-27 00:00:00+03:00,0.9900000095367432,1.0149999856948853,0.984000027179718,0.9980000257492065,349936,0.0,0.0,0.0
2023-08-28 00:00:00+03:00,0.9980000257492065,1.0099999904632568,0.9620000123977661,0.9850000143051147,488643,0.0,0.0,0.0
2023-08-29 00:00:00+03:00,0.9850000143051147,1.0130000114440918,0.9700000286102295,0.9789999723434448,484006,0.0,0.0,0.0
2023-08-30 00:00:00+03:00,0.9789999723434448,1.0149999856948853,0.9610000252723694,1.0010000467300415,2263901,0.0,0.0,0.0
2023-08-31 00:00:00+03:00,1.0010000467300415,1.0010000467300415,1.0010000467300415,1.0010000467300415,0,0.0,0.0,0.0
2023-09-03 00:00:00+03:00,1.0540000200271606,1.159999966621399,1.0700000524520874,1.1030000448226929,9589802,0.0,0.0,0.0
2023-09-04 00:00:00+03:00,1.1030000448226929,1.1299999952316284,1.0809999704360962,1.1019999980926514,3061200,0.0,0.0,0.0
2023-09-05 00:00:00+03:00,1.1019999980926514,1.156000018119812,1.0850000381469727,1.149999976158142,9895807,0.0,0.0,0.0
2023-09-06 00:00:00+03:00,1.149999976158142,1.1699999570846558,1.0729999542236328,1.0779999494552612,7200668,0.0,0.0,0.0
2023-09-07 00:00:00+03:00,1.0779999494552612,1.1169999837875366,1.0779999494552612,1.090999960899353,2817845,0.0,0.0,0.0
2023-09-10 00:00:00+03:00,1.090999960899353,1.090999960899353,1.090999960899353,1.090999960899353,0,0.0,0.0,0.0
2023-09-11 00:00:00+03:00,1.1119999885559082,1.13100004196167,1.0959999561309814,1.1019999980926514,2226499,0.0,0.0,0.0
2023-09-12 00:00:00+03:00,1.1019999980926514,1.11899995803833,1.0820000171661377,1.0859999656677246,1904543,0.0,0.0,0.0
2023-09-13 00:00:00+03:00,1.0859999656677246,1.1100000143051147,1.0800000429153442,1.0850000381469727,739612,0.0,0.0,0.0
2023-09-14 00:00:00+03:00,1.0850000381469727,1.1080000400543213,1.0859999656677246,1.0950000286102295,1433120,0.0,0.0,0.0
2023-09-17 00:00:00+03:00,1.0950000286102295,1.1200000047683716,1.090999960899353,1.1009999513626099,1012021,0.0,0.0,0.0
2023-09-18 00:00:00+03:00,1.1009999513626099,1.1169999837875366,1.0980000495910645,1.0989999771118164,640843,0.0,0.0,0.0
2023-09-19 00:00:00+03:00,1.0989999771118164,1.1089999675750732,1.0800000429153442,1.0839999914169312,1268342,0.0,0.0,0.0
2023-09-20 00:00:00+03:00,1.0839999914169312,1.0839999914169312,1.0839999914169312,1.0839999914169312,0,0.0,0.0,0.0
2023-09-21 00:00:00+03:00,1.0839999914169312,1.0839999914169312,1.0839999914169312,1.0839999914169312,0,0.0,0.0,0.0
2023-09-24 00:00:00+03:00,1.0839999914169312,1.0839999914169312,1.0839999914169312,1.0839999914169312,0,0.0,0.0,0.0
2023-09-25 00:00:00+03:00,1.024999976158142,1.0499999523162842,1.0,1.0130000114440918,483635,0.0,0.0,0.0
2023-09-26 00:00:00+03:00,1.0130000114440918,1.0290000438690186,0.9700000286102295,0.9750000238418579,1291528,0.0,0.0,0.0
2023-09-27 00:00:00+03:00,0.9750000238418579,0.9750000238418579,0.9750000238418579,0.9750000238418579,0,0.0,0.0,0.0
2023-10-01 00:00:00+03:00,0.9750000238418579,0.9750000238418579,0.9750000238418579,0.9750000238418579,0,0.0,0.0,0.0
2023-10-02 00:00:00+03:00,1.00600004196167,1.0069999694824219,0.9750000238418579,0.9940000176429749,1286799,0.0,0.0,0.0
2023-10-03 00:00:00+03:00,0.9940000176429749,1.0099999904632568,0.9760000109672546,1.0,564468,0.0,0.0,0.0
2023-10-04 00:00:00+03:00,1.0,1.0290000438690186,0.972000002861023,1.0119999647140503,1971395,0.0,0.0,0.0
2023-10-08 00:00:00+03:00,1.0119999647140503,1.024999976158142,0.8500000238418579,0.902999997138977,1071382,0.0,0.0,0.0
2023-10-09 00:00:00+03:00,0.902999997138977,0.9660000205039978,0.9319999814033508,0.902999997138977,257461,0.0,0.0,0.0
2023-10-10 00:00:00+03:00,0.902999997138977,0.9739999771118164,0.9330000281333923,0.902999997138977,241074,0.0,0.0,0.0
2023-10-11 00:00:00+03:00,0.902999997138977,0.9700000286102295,0.9340000152587891,0.9470000267028809,470373,0.0,0.0,0.0
2023-10-12 00:00:00+03:00,0.9470000267028809,0.9800000190734863,0.9419999718666077,0.9470000267028809,214724,0.0,0.0,0.0
2023-10-15 00:00:00+03:00,0.9470000267028809,0.9539999961853027,0.9399999976158142,0.9430000185966492,354937,0.0,0.0,0.0
2023-10-16 00:00:00+03:00,0.9430000185966492,0.9700000286102295,0.9300000071525574,0.9610000252723694,1977342,0.0,0.0,0.0
2023-10-17 00:00:00+03:00,0.9610000252723694,0.9959999918937683,0.9419999718666077,0.9819999933242798,2504899,0.0,0.0,0.0
2023-10-18 00:00:00+03:00,0.9819999933242798,0.9950000047683716,0.9649999737739563,0.9829999804496765,898702,0.0,0.0,0.0
2023-10-19 00:00:00+03:00,0.9829999804496765,0.9829999804496765,0.9829999804496765,0.9829999804496765,0,0.0,0.0,0.0
2023-10-22 00:00:00+03:00,0.9909999966621399,1.0399999618530273,0.9700000286102295,1.0390000343322754,1209304,0.0,0.0,0.0
2023-10-23 00:00:00+03:00,1.0390000343322754,1.0499999523162842,1.0130000114440918,1.024999976158142,1010037,0.0,0.0,0.0
2023-10-24 00:00:00+03:00,1.024999976158142,1.0399999618530273,0.9800000190734863,1.0360000133514404,3535838,0.0,0.0,0.0
2023-10-25 00:00:00+03:00,1.0360000133514404,1.0839999914169312,1.0369999408721924,1.0399999618530273,3033078,0.0,0.0,0.0
2023-10-26 00:00:00+03:00,1.0399999618530273,1.0880000591278076,1.0470000505447388,1.062999963760376,1289053,0.0,0.0,0.0
2023-10-29 00:00:00+02:00,1.062999963760376,1.1349999904632568,1.0640000104904175,1.128000020980835,3071076,0.0,0.0,0.0
2023-10-30 00:00:00+02:00,1.128000020980835,1.1540000438690186,1.0800000429153442,1.0950000286102295,3002366,0.0,0.0,0.0
2023-10-31 00:00:00+02:00,1.0950000286102295,1.1419999599456787,1.0770000219345093,1.0820000171661377,1840905,0.0,0.0,0.0
2023-11-01 00:00:00+02:00,1.0820000171661377,1.0989999771118164,1.059999942779541,1.0709999799728394,744364,0.0,0.0,0.0
2023-11-02 00:00:00+02:00,1.0709999799728394,1.100000023841858,1.0640000104904175,1.0720000267028809,867723,0.0,0.0,0.0
2023-11-05 00:00:00+02:00,1.0720000267028809,1.100000023841858,1.0720000267028809,1.0850000381469727,845804,0.0,0.0,0.0
2023-11-06 00:00:00+02:00,1.0850000381469727,1.1399999856948853,1.0820000171661377,1.128999948501587,4068486,0.0,0.0,0.0
2023-11-07 00:00:00+02:00,1.128999948501587,1.3200000524520874,1.187999963760376,1.25,20569426,0.0,0.0,0.0
2023-11-08 00:00:00+02:00,1.25,1.2799999713897705,1.2009999752044678,1.2419999837875366,4922840,0.0,0.0,0.0
2023-11-09 00:00:00+02:00,1.2419999837875366,1.2430000305175781,1.1399999856948853,1.1690000295639038,1815943,0.0,0.0,0.0
2023-11-12 00:00:00+02:00,1.1690000295639038,1.2079999446868896,1.1519999504089355,1.1660000085830688,1349790,0.0,0.0,0.0
2023-11-13 00:00:00+02:00,1.1660000085830688,1.2999999523162842,1.1799999475479126,1.2599999904632568,6739631,0.0,0.0,0.0
2023-11-14 00:00:00+02:00,1.2599999904632568,1.3380000591278076,1.2610000371932983,1.3200000524520874,13311200,0.0,0.0,0.0
2023-11-15 00:00:00+02:00,1.3200000524520874,1.3389999866485596,1.2640000581741333,1.2719999551773071,3360385,0.0,0.0,0.0
2023-11-16 00:00:00+02:00,1.2719999551773071,1.2799999713897705,1.246999979019165,1.2489999532699585,1815905,0.0,0.0,0.0
2023-11-19 00:00:00+02:00,1.2489999532699585,1.2710000276565552,1.25,1.2690000534057617,1680786,0.0,0.0,0.0
2023-11-20 00:00:00+02:00,1.2690000534057617,1.2960000038146973,1.2300000190734863,1.2410000562667847,2542512,0.0,0.0,0.0
2023-11-21 00:00:00+02:00,1.2410000562667847,1.2949999570846558,1.2410000562667847,1.2680000066757202,4047284,0.0,0.0,0.0
2023-11-22 00:00:00+02:00,1.2680000066757202,1.375,1.2970000505447388,1.347000002861023,10614883,0.0,0.0,0.0
2023-11-23 00:00:00+02:00,1.347000002861023,1.3600000143051147,1.3300000429153442,1.3389999866485596,4569809,0.0,0.0,0.0
2023-11-26 00:00:00+02:00,1.3389999866485596,1.3550000190734863,1.2999999523162842,1.3370000123977661,3001124,0.0,0.0,0.0
2023-11-27 00:00:00+02:00,1.3370000123977661,1.399999976158142,1.3040000200271606,1.3869999647140503,3687446,0.0,0.0,0.0
2023-11-28 00:00:00+02:00,1.3869999647140503,1.399999976158142,1.3619999885559082,1.3990000486373901,1917107,0.0,0.0,0.0
2023-11-29 00:00:00+02:00,1.3990000486373901,1.5499999523162842,1.399999976158142,1.5089999437332153,7224802,0.0,0.0,0.0
2023-11-30 00:00:00+02:00,1.5089999437332153,1.5470000505447388,1.4839999675750732,1.4900000095367432,1441776,0.0,0.0,0.0
2023-12-03 00:00:00+02:00,1.4900000095367432,1.5390000343322754,1.4550000429153442,1.4950000047683716,1545461,0.0,0.0,0.0
2023-12-04 00:00:00+02:00,1.4950000047683716,1.5399999618530273,1.4550000429153442,1.4910000562667847,1821616,0.0,0.0,0.0
2023-12-05 00:00:00+02:00,1.4910000562667847,1.5,1.465999960899353,1.4950000047683716,1377742,0.0,0.0,0.0
2023-12-06 00:00:00+02:00,1.4950000047683716,1.5,1.440999984741211,1.4930000305175781,3119145,0.0,0.0,0.0
2023-12-07 00:00:00+02:00,1.4930000305175781,1.4800000190734863,1.4049999713897705,1.4249999523162842,1889232,0.0,0.0,0.0
2023-12-10 00:00:00+02:00,1.4249999523162842,1.4500000476837158,1.3799999952316284,1.4010000228881836,1458435,0.0,0.0,0.0
2023-12-11 00:00:00+02:00,1.4010000228881836,1.3890000581741333,1.340000033378601,1.350000023841858,1149317,0.0,0.0,0.0
2023-12-12 00:00:00+02:00,1.350000023841858,1.3600000143051147,1.3140000104904175,1.3300000429153442,1074142,0.0,0.0,0.0
2023-12-13 00:00:00+02:00,1.3300000429153442,1.3969999551773071,1.3109999895095825,1.3860000371932983,1213623,0.0,0.0,0.0
2023-12-14 00:00:00+02:00,1.3860000371932983,1.4780000448226929,1.3600000143051147,1.3619999885559082,2969163,0.0,0.0,0.0
2023-12-17 00:00:00+02:00,1.3619999885559082,1.4880000352859497,1.399999976158142,1.4390000104904175,1173837,0.0,0.0,0.0
2023-12-18 00:00:00+02:00,1.4390000104904175,1.4950000047683716,1.4199999570846558,1.4539999961853027,1800359,0.0,0.0,0.0
2023-12-19 00:00:00+02:00,1.4539999961853027,1.4889999628067017,1.402999997138977,1.430999994277954,1472857,0.0,0.0,0.0
2023-12-20 00:00:00+02:00,1.430999994277954,1.4470000267028809,1.3849999904632568,1.4249999523162842,481848,0.0,0.0,0.0
2023-12-21 00:00:00+02:00,1.4249999523162842,1.4470000267028809,1.3839999437332153,1.4320000410079956,737075,0.0,0.0,0.0
2023-12-24 00:00:00+02:00,1.4320000410079956,1.4320000410079956,1.4320000410079956,1.4320000410079956,0,0.0,0.0,0.0
2023-12-25 00:00:00+02:00,1.3890000581741333,1.3899999856948853,1.2999999523162842,1.3329999446868896,261836,0.0,0.0,0.0
2023-12-26 00:00:00+02:00,1.3329999446868896,1.378999948501587,1.3250000476837158,1.3329999446868896,107743,0.0,0.0,0.0
2023-12-27 00:00:00+02:00,1.3329999446868896,1.3700000047683716,1.3320000171661377,1.3329999446868896,83054,0.0,0.0,0.0
2023-12-28 00:00:00+02:00,1.3329999446868896,1.3769999742507935,1.3339999914169312,1.3329999446868896,200789,0.0,0.0,0.0
2023-12-31 00:00:00+02:00,1.3329999446868896,1.3949999809265137,1.3140000104904175,1.3209999799728394,845305,0.0,0.0,0.0
2024-01-02 00:00:00+02:00,1.3209999799728394,1.378000020980835,1.3300000429153442,1.3609999418258667,418351,0.0,0.0,0.0
2024-01-03 00:00:00+02:00,1.3609999418258667,1.434999942779541,1.3680000305175781,1.4249999523162842,2493599,0.0,0.0,0.0
2024-01-04 00:00:00+02:00,1.4249999523162842,1.4470000267028809,1.409999966621399,1.4199999570846558,1566331,0.0,0.0,0.0
2024-01-08 00:00:00+02:00,1.4199999570846558,1.4390000104904175,1.3899999856948853,1.4199999570846558,719413,0.0,0.0,0.0
2024-01-09 00:00:00+02:00,1.4199999570846558,1.5390000343322754,1.4220000505447388,1.4769999980926514,7878117,0.0,0.0,0.0
2024-01-10 00:00:00+02:00,1.4769999980926514,1.5800000429153442,1.496000051498413,1.5160000324249268,5989454,0.0,0.0,0.0
2024-01-11 00:00:00+02:00,1.5160000324249268,1.5549999475479126,1.49399995803833,1.503999948501587,1374124,0.0,0.0,0.0
2024-01-14 00:00:00+02:00,1.503999948501587,1.6200000047683716,1.4850000143051147,1.6039999723434448,8219530,0.0,0.0,0.0
2024-01-15 00:00:00+02:00,1.6039999723434448,1.6390000581741333,1.559999942779541,1.565999984741211,3363327,0.0,0.0,0.0
2024-01-16 00:00:00+02:00,1.565999984741211,1.6399999856948853,1.565999984741211,1.5959999561309814,2688650,0.0,0.0,0.0
2024-01-17 00:00:00+02:00,1.5959999561309814,1.61899995803833,1.5199999809265137,1.5329999923706055,1296657,0.0,0.0,0.0
2024-01-18 00:00:00+02:00,1.5329999923706055,1.5700000524520874,1.5099999904632568,1.5290000438690186,1810748,0.0,0.0,0.0
2024-01-21 00:00:00+02:00,1.5290000438690186,1.6260000467300415,1.5449999570846558,1.5859999656677246,3728184,0.0,0.0,0.0
2024-01-22 00:00:00+02:00,1.5859999656677246,1.6260000467300415,1.5700000524520874,1.5839999914169312,2194275,0.0,0.0,0.0
2024-01-23 00:00:00+02:00,1.5839999914169312,1.600000023841858,1.5299999713897705,1.5420000553131104,1413876,0.0,0.0,0.0
2024-01-24 00:00:00+02:00,1.5420000553131104,1.7970000505447388,1.5499999523162842,1.7910000085830688,13318108,0.0,0.0,0.0
2024-01-28 00:00:00+02:00,1.7910000085830688,1.9830000400543213,1.8420000076293945,1.8509999513626099,9018076,0.0,0.0,0.0
2024-01-29 00:00:00+02:00,1.8509999513626099,2.0789999961853027,1.8539999723434448,1.9700000286102295,11447962,0.0,0.0,0.0
2024-01-30 00:00:00+02:00,1.9700000286102295,1.9989999532699585,1.909999966621399,1.940000057220459,3256556,0.0,0.0,0.0
2024-01-31 00:00:00+02:00,1.940000057220459,1.968999981880188,1.6299999952316284,1.649999976158142,5212036,0.0,0.0,0.0
2024-02-01 00:00:00+02:00,1.649999976158142,1.7899999618530273,1.600000023841858,1.781999945640564,2269416,0.0,0.0,0.0
2024-02-04 00:00:00+02:00,1.781999945640564,1.840000033378601,1.6699999570846558,1.8070000410079956,1564060,0.0,0.0,0.0
2024-02-05 00:00:00+02:00,1.8070000410079956,1.8799999952316284,1.8200000524520874,1.8700000047683716,2376421,0.0,0.0,0.0
2024-02-06 00:00:00+02:00,1.8700000047683716,1.8990000486373901,1.75,1.843999981880188,2491348,0.0,0.0,0.0
2024-02-07 00:00:00+02:00,1.843999981880188,1.878000020980835,1.7599999904632568,1.815000057220459,2383986,0.0,0.0,0.0
2024-02-08 00:00:00+02:00,1.815000057220459,1.8600000143051147,1.7899999618530273,1.8289999961853027,2130817,0.0,0.0,0.0
2024-02-11 00:00:00+02:00,1.8289999961853027,1.899999976158142,1.7999999523162842,1.8339999914169312,3041890,0.0,0.0,0.0
2024-02-12 00:00:00+02:00,1.8339999914169312,1.840000033378601,1.7610000371932983,1.7929999828338623,1448416,0.0,0.0,0.0
2024-02-13 00:00:00+02:00,1.7929999828338623,1.819000005722046,1.7799999713897705,1.7979999780654907,1392620,0.0,0.0,0.0
2024-02-14 00:00:00+02:00,1.7979999780654907,1.840000033378601,1.7999999523162842,1.8339999914169312,1239860,0.0,0.0,0.0
2024-02-15 00:00:00+02:00,1.8339999914169312,1.965000033378601,1.840000033378601,1.9199999570846558,5818799,0.0,0.0,0.0
2024-02-18 00:00:00+02:00,1.9199999570846558,1.9199999570846558,1.9199999570846558,1.9199999570846558,0,0.0,0.0,0.0
2024-02-19 00:00:00+02:00,2.0139999389648438,2.0999999046325684,2.0,2.065999984741211,6020152,0.0,0.0,0.0
2024-02-20 00:00:00+02:00,2.065999984741211,2.0850000381469727,2.0199999809265137,2.0420000553131104,2790177,0.0,0.0,0.0
2024-02-21 00:00:00+02:00,2.0420000553131104,2.049999952316284,1.840000033378601,1.9980000257492065,2125575,0.0,0.0,0.0
2024-02-22 00:00:00+02:00,1.9980000257492065,2.190000057220459,2.0,2.0850000381469727,5324633,0.0,0.0,0.0
2024-02-25 00:00:00+02:00,2.0850000381469727,2.25,1.909999966621399,2.0999999046325684,5548880,0.0,0.0,0.0
2024-02-26 00:00:00+02:00,2.0999999046325684,2.180000066757202,1.9600000381469727,1.9700000286102295,2695393,0.0,0.0,0.0
2024-02-27 00:00:00+02:00,1.9700000286102295,2.0299999713897705,1.9199999570846558,1.9299999475479126,2874741,0.0,0.0,0.0
2024-02-28 00:00:00+02:00,1.9299999475479126,1.9800000190734863,1.7999999523162842,1.8300000429153442,2287809,0.0,0.0,0.0
2024-02-29 00:00:00+02:00,1.8300000429153442,1.8600000143051147,1.7000000476837158,1.7799999713897705,2524619,0.0,0.0,0.0
2024-03-03 00:00:00+02:00,1.7799999713897705,1.8480000495910645,1.7799999713897705,1.8070000410079956,716603,0.0,0.0,0.0
2024-03-04 00:00:00+02:00,1.8070000410079956,1.899999976158142,1.8300000429153442,1.8359999656677246,1594278,0.0,0.0,0.0
2024-03-05 00:00:00+02:00,1.8359999656677246,1.8769999742507935,1.809999942779541,1.812999963760376,624053,0.0,0.0,0.0
2024-03-06 00:00:00+02:00,1.812999963760376,1.850000023841858,1.649999976158142,1.7000000476837158,2547003,0.0,0.0,0.0
2024-03-07 00:00:00+02:00,1.7000000476837158,1.75,1.6399999856948853,1.7410000562667847,1501718,0.0,0.0,0.0
2024-03-10 00:00:00+02:00,1.7410000562667847,1.7999999523162842,1.649999976158142,1.753000020980835,1225731,0.0,0.0,0.0
2024-03-11 00:00:00+02:00,1.753000020980835,1.7710000276565552,1.6699999570846558,1.7009999752044678,231497,0.0,0.0,0.0
2024-03-12 00:00:00+02:00,1.7009999752044678,1.7000000476837158,1.590999960899353,1.6050000190734863,877240,0.0,0.0,0.0
2024-03-13 00:00:00+02:00,1.6050000190734863,1.6050000190734863,1.5,1.5809999704360962,1089110,0.0,0.0,0.0
2024-03-14 00:00:00+02:00,1.5809999704360962,1.6799999475479126,1.559999942779541,1.6619999408721924,632412,0.0,0.0,0.0
2024-03-17 00:00:00+02:00,1.6619999408721924,1.74399995803833,1.659999966621399,1.6779999732971191,257022,0.0,0.0,0.0
2024-03-18 00:00:00+02:00,1.6779999732971191,1.6490000486373901,1.5019999742507935,1.5570000410079956,787433,0.0,0.0,0.0
2024-03-19 00:00:00+02:00,1.5570000410079956,1.600000023841858,1.5,1.569000005722046,707921,0.0,0.0,0.0
2024-03-20 00:00:00+02:00,1.569000005722046,1.687999963760376,1.5149999856948853,1.5850000381469727,243297,0.0,0.0,0.0
2024-03-21 00:00:00+02:00,1.5850000381469727,1.6799999475479126,1.590000033378601,1.6440000534057617,411143,0.0,0.0,0.0
2024-03-24 00:00:00+02:00,1.6440000534057617,1.659000039100647,1.600000023841858,1.6440000534057617,146508,0.0,0.0,0.0
2024-03-25 00:00:00+02:00,1.6440000534057617,1.656000018119812,1.600000023841858,1.6139999628067017,422686,0.0,0.0,0.0
2024-03-26 00:00:00+02:00,1.6139999628067017,1.6200000047683716,1.5870000123977661,1.6139999628067017,167253,0.0,0.0,0.0
2024-03-27 00:00:00+02:00,1.6139999628067017,1.6100000143051147,1.5080000162124634,1.5470000505447388,430293,0.0,0.0,0.0
2024-03-28 00:00:00+02:00,1.5470000505447388,1.5759999752044678,1.4539999961853027,1.50600004196167,523487,0.0,0.0,0.0
2024-03-31 00:00:00+02:00,1.50600004196167,1.5399999618530273,1.4299999475479126,1.4600000381469727,356687,0.0,0.0,0.0
2024-04-01 00:00:00+02:00,1.4600000381469727,1.5299999713897705,1.472000002861023,1.5019999742507935,253624,0.0,0.0,0.0
2024-04-02 00:00:00+02:00,1.5019999742507935,1.5499999523162842,1.465000033378601,1.5169999599456787,351893,0.0,0.0,0.0
2024-04-03 00:00:00+02:00,1.5169999599456787,1.5609999895095825,1.4769999980926514,1.5360000133514404,287138,0.0,0.0,0.0
2024-04-04 00:00:00+02:00,1.5360000133514404,1.5479999780654907,1.4950000047683716,1.5010000467300415,1405539,0.0,0.0,0.0
2024-04-07 00:00:00+02:00,1.5010000467300415,1.5199999809265137,1.4809999465942383,1.5019999742507935,200372,0.0,0.0,0.0
2024-04-08 00:00:00+02:00,1.5019999742507935,1.5140000581741333,1.4800000190734863,1.4830000400543213,270115,0.0,0.0,0.0
2024-04-15 00:00:00+02:00,1.4830000400543213,1.590000033378601,1.4529999494552612,1.5740000009536743,1418599,0.0,0.0,0.0
2024-04-16 00:00:00+02:00,1.5740000009536743,1.774999976158142,1.5399999618530273,1.7410000562667847,3397802,0.0,0.0,0.0
2024-04-17 00:00:00+02:00,1.7410000562667847,1.7730000019073486,1.6859999895095825,1.7020000219345093,1501892,0.0,0.0,0.0
2024-04-18 00:00:00+02:00,1.7020000219345093,1.7289999723434448,1.5199999809265137,1.6009999513626099,1106703,0.0,0.0,0.0
2024-04-21 00:00:00+02:00,1.6009999513626099,1.6490000486373901,1.5700000524520874,1.6089999675750732,350560,0.0,0.0,0.0
2024-04-22 00:00:00+02:00,1.6089999675750732,1.6390000581741333,1.5750000476837158,1.590000033378601,310637,0.0,0.0,0.0
2024-04-23 00:00:00+02:00,1.590000033378601,1.6150000095367432,1.3630000352859497,1.4709999561309814,1452403,0.0,0.0,0.0
2024-04-24 00:00:00+02:00,1.4709999561309814,1.4809999465942383,1.3209999799728394,1.3949999809265137,935980,0.0,0.0,0.0
2024-04-28 00:00:00+03:00,1.3949999809265137,1.3949999809265137,1.3949999809265137,1.3949999809265137,0,0.0,0.0,0.0
2024-04-29 00:00:00+03:00,1.3609999418258667,1.399999976158142,1.3339999914169312,1.38100004196167,338559,0.0,0.0,0.0
2024-04-30 00:00:00+03:00,1.38100004196167,1.3940000534057617,1.309999942779541,1.343000054359436,294143,0.0,0.0,0.0
2024-05-02 00:00:00+03:00,1.3509999513626099,1.3799999952316284,1.3179999589920044,1.3450000286102295,1159906,0.0,0.0,0.0
2024-05-07 00:00:00+03:00,1.3450000286102295,1.3600000143051147,1.315000057220459,1.340000033378601,269531,0.0,0.0,0.0
2024-05-08 00:00:00+03:00,1.340000033378601,1.3930000066757202,1.3200000524520874,1.3420000076293945,283197,0.0,0.0,0.0
2024-05-09 00:00:00+03:00,1.3420000076293945,1.3450000286102295,1.312000036239624,1.3420000076293945,208553,0.0,0.0,0.0
2024-05-12 00:00:00+03:00,1.3420000076293945,1.3389999866485596,1.2599999904632568,1.2990000247955322,351496,0.0,0.0,0.0
2024-05-13 00:00:00+03:00,1.2990000247955322,1.2990000247955322,1.2300000190734863,1.2610000371932983,412419,0.0,0.0,0.0
2024-05-14 00:00:00+03:00,1.2610000371932983,1.2979999780654907,1.2300000190734863,1.2610000371932983,198347,0.0,0.0,0.0
2024-05-15 00:00:00+03:00,1.2610000371932983,1.2799999713897705,1.25,1.2549999952316284,369629,0.0,0.0,0.0
2024-05-16 00:00:00+03:00,1.2549999952316284,1.3200000524520874,1.25,1.3079999685287476,415675,0.0,0.0,0.0
2024-05-19 00:00:00+03:00,1.3079999685287476,1.3600000143051147,1.3140000104904175,1.350000023841858,470820,0.0,0.0,0.0
2024-05-20 00:00:00+03:00,1.3530000448226929,1.3700000047683716,1.3209999799728394,1.3300000429153442,501464,0.0,0.0,0.0
2024-05-21 00:00:00+03:00,1.3300000429153442,1.3489999771118164,1.3009999990463257,1.3300000429153442,184428,0.0,0.0,0.0
2024-05-22 00:00:00+03:00,1.3300000429153442,1.375,1.3049999475479126,1.3480000495910645,538145,0.0,0.0,0.0
2024-05-23 00:00:00+03:00,1.3480000495910645,1.3990000486373901,1.3619999885559082,1.3869999647140503,1487619,0.0,0.0,0.0
2024-05-26 00:00:00+03:00,1.3869999647140503,1.3869999647140503,1.3869999647140503,1.3869999647140503,0,0.0,0.0,0.0
2024-05-27 00:00:00+03:00,1.3869999647140503,1.3949999809265137,1.312000036239624,1.3420000076293945,497997,0.0,0.0,0.0
2024-05-28 00:00:00+03:00,1.3420000076293945,1.3639999628067017,1.3140000104904175,1.3339999914169312,274380,0.0,0.0,0.0
2024-05-29 00:00:00+03:00,1.3339999914169312,1.3509999513626099,1.3109999895095825,1.3200000524520874,399893,0.0,0.0,0.0
2024-05-30 00:00:00+03:00,1.3200000524520874,1.340000033378601,1.3009999990463257,1.315999984741211,845851,0.0,0.0,0.0
2024-06-02 00:00:00+03:00,1.315999984741211,1.347000002861023,1.315999984741211,1.315999984741211,161284,0.0,0.0,0.0
2024-06-03 00:00:00+03:00,1.315999984741211,1.3170000314712524,1.312999963760376,1.315999984741211,108344,0.0,0.0,0.0
2024-06-04 00:00:00+03:00,1.315999984741211,1.36899995803833,1.3170000314712524,1.3459999561309814,267953,0.0,0.0,0.0
2024-06-05 00:00:00+03:00,1.3459999561309814,1.3680000305175781,1.2990000247955322,1.2999999523162842,1914699,0.0,0.0,0.0
2024-06-06 00:00:00+03:00,1.2999999523162842,1.3170000314712524,1.25,1.2680000066757202,1923005,0.0,0.0,0.0
2024-06-09 00:00:00+03:00,1.2680000066757202,1.4700000286102295,1.2799999713897705,1.4539999961853027,6496240,0.0,0.0,0.0
2024-06-10 00:00:00+03:00,1.4539999961853027,1.5399999618530273,1.4210000038146973,1.465999960899353,5665437,0.0,0.0,0.0
2024-06-11 00:00:00+03:00,1.465999960899353,1.4989999532699585,1.4299999475479126,1.4739999771118164,1765807,0.0,0.0,0.0
2024-06-12 00:00:00+03:00,1.4739999771118164,1.6100000143051147,1.4980000257492065,1.5399999618530273,5110421,0.0,0.0,0.0
2024-06-13 00:00:00+03:00,1.5399999618530273,1.559999942779541,1.5119999647140503,1.5149999856948853,1328176,0.0,0.0,0.0
2024-06-23 00:00:00+03:00,1.5149999856948853,1.6200000047683716,1.5180000066757202,1.5980000495910645,3332011,0.0,0.0,0.0
2024-06-24 00:00:00+03:00,1.5980000495910645,1.6390000581741333,1.5609999895095825,1.5709999799728394,1533483,0.0,0.0,0.0
2024-06-25 00:00:00+03:00,1.5709999799728394,1.600000023841858,1.5499999523162842,1.5700000524520874,868992,0.0,0.0,0.0
2024-06-26 00:00:00+03:00,1.5700000524520874,1.6200000047683716,1.5709999799728394,1.5820000171661377,1580226,0.0,0.0,0.0
2024-06-27 00:00:00+03:00,1.5820000171661377,1.597000002861023,1.562000036239624,1.5750000476837158,701222,0.0,0.0,0.0
2024-07-02 00:00:00+03:00,1.5700000524520874,1.5820000171661377,1.5119999647140503,1.5570000410079956,1647343,0.0,0.0,0.0
2024-07-03 00:00:00+03:00,1.5570000410079956,1.5800000429153442,1.5499999523162842,1.559999942779541,1518804,0.0,0.0,0.0
2024-07-04 00:00:00+03:00,1.559999942779541,1.5800000429153442,1.5219999551773071,1.5299999713897705,793599,0.0,0.0,0.0
2024-07-07 00:00:00+03:00,1.5299999713897705,1.5499999523162842,1.5140000581741333,1.5269999504089355,984757,0.0,0.0,0.0
2024-07-08 00:00:00+03:00,1.5269999504089355,1.5549999475479126,1.5019999742507935,1.5230000019073486,569797,0.0,0.0,0.0
2024-07-09 00:00:00+03:00,1.5230000019073486,1.5390000343322754,1.5019999742507935,1.5130000114440918,501817,0.0,0.0,0.0
2024-07-10 00:00:00+03:00,1.5130000114440918,1.524999976158142,1.4809999465942383,1.503000020980835,378349,0.0,0.0,0.0
2024-07-14 00:00:00+03:00,1.503000020980835,1.5130000114440918,1.465999960899353,1.472000002861023,352879,0.0,0.0,0.0
2024-07-15 00:00:00+03:00,1.472000002861023,1.4850000143051147,1.430999994277954,1.437999963760376,557637,0.0,0.0,0.0
2024-07-16 00:00:00+03:00,1.437999963760376,1.5199999809265137,1.4299999475479126,1.4880000352859497,506563,0.0,0.0,0.0
2024-07-17 00:00:00+03:00,1.4880000352859497,1.5390000343322754,1.4900000095367432,1.527999997138977,582500,0.0,0.0,0.0
2024-07-18 00:00:00+03:00,1.527999997138977,1.590000033378601,1.5390000343322754,1.5679999589920044,1363346,0.0,0.0,0.0
2024-07-21 00:00:00+03:00,1.5679999589920044,1.5870000123977661,1.5420000553131104,1.559000015258789,733849,0.0,0.0,0.0
2024-07-22 00:00:00+03:00,1.559000015258789,1.659999966621399,1.5520000457763672,1.6230000257492065,3680380,0.0,0.0,0.0
2024-07-23 00:00:00+03:00,1.6230000257492065,1.6480000019073486,1.6200000047683716,1.628999948501587,1269424,0.0,0.0,0.0
2024-07-24 00:00:00+03:00,1.628999948501587,1.6449999809265137,1.5729999542236328,1.5829999446868896,756887,0.0,0.0,0.0
2024-07-28 00:00:00+03:00,1.5829999446868896,1.6100000143051147,1.565000057220459,1.5740000009536743,1286788,0.0,0.0,0.0
2024-07-29 00:00:00+03:00,1.5740000009536743,1.590999960899353,1.5299999713897705,1.562999963760376,403999,0.0,0.0,0.0
2024-07-30 00:00:00+03:00,1.562999963760376,1.600000023841858,1.5509999990463257,1.5570000410079956,529671,0.0,0.0,0.0
2024-07-31 00:00:00+03:00,1.5570000410079956,1.5859999656677246,1.534000039100647,1.5369999408721924,1828495,0.0,0.0,0.0
2024-08-01 00:00:00+03:00,1.5369999408721924,1.5779999494552612,1.531000018119812,1.534000039100647,3421656,0.0,0.0,0.0
2024-08-04 00:00:00+03:00,1.534000039100647,1.5399999618530273,1.4299999475479126,1.4600000381469727,1613238,0.0,0.0,0.0
2024-08-05 00:00:00+03:00,1.4600000381469727,1.440000057220459,1.3300000429153442,1.4199999570846558,1553631,0.0,0.0,0.0
2024-08-06 00:00:00+03:00,1.4199999570846558,1.4800000190734863,1.3899999856948853,1.4600000381469727,3212015,0.0,0.0,0.0
2024-08-07 00:00:00+03:00,1.4600000381469727,1.4800000190734863,1.440000057220459,1.4700000286102295,767280,0.0,0.0,0.0
2024-08-08 00:00:00+03:00,1.4700000286102295,1.4700000286102295,1.4299999475479126,1.4500000476837158,1049759,0.0,0.0,0.0
2024-08-11 00:00:00+03:00,1.4500000476837158,1.5199999809265137,1.4900000095367432,1.5,2332852,0.0,0.0,0.0
2024-08-12 00:00:00+03:00,1.5,1.5700000524520874,1.4800000190734863,1.5,2302959,0.0,0.0,0.0
2024-08-13 00:00:00+03:00,1.5,1.5099999904632568,1.440000057220459,1.440000057220459,1382126,0.0,0.0,0.0
2024-08-14 00:00:00+03:00,1.440000057220459,1.5,1.440000057220459,1.5,1629949,0.0,0.0,0.0
2024-08-15 00:00:00+03:00,1.5,1.5399999618530273,1.4700000286102295,1.5099999904632568,1190547,0.0,0.0,0.0
2024-08-18 00:00:00+03:00,1.5099999904632568,1.6299999952316284,1.5199999809265137,1.5700000524520874,4222880,0.0,0.0,0.0
2024-08-19 00:00:00+03:00,1.5700000524520874,1.7699999809265137,1.5700000524520874,1.7000000476837158,13551579,0.0,0.0,0.0
2024-08-20 00:00:00+03:00,1.7000000476837158,1.809999942779541,1.7000000476837158,1.75,4918394,0.0,0.0,0.0
2024-08-21 00:00:00+03:00,1.75,2.069999933242798,1.7699999809265137,1.9700000286102295,24584150,0.0,0.0,0.0
2024-08-22 00:00:00+03:00,1.9700000286102295,2.25,1.9700000286102295,2.180000066757202,34023498,0.0,0.0,0.0
2024-08-25 00:00:00+03:00,2.180000066757202,2.4600000381469727,2.130000114440918,2.4200000762939453,26263657,0.0,0.0,0.0
2024-08-26 00:00:00+03:00,2.4200000762939453,2.4600000381469727,2.25,2.319999933242798,17153647,0.0,0.0,0.0
2024-08-27 00:00:00+03:00,2.319999933242798,2.4700000286102295,2.2899999618530273,2.3299999237060547,16786378,0.0,0.0,0.0
2024-08-28 00:00:00+03:00,2.3299999237060547,2.359999895095825,2.2799999713897705,2.2799999713897705,8708856,0.0,0.0,0.0
2024-08-29 00:00:00+03:00,2.2799999713897705,2.380000114440918,2.2200000286102295,2.3399999141693115,13022580,0.0,0.0,0.0
2024-09-01 00:00:00+03:00,2.3399999141693115,2.490000009536743,2.3299999237060547,2.3499999046325684,14183697,0.0,0.0,0.0
2024-09-02 00:00:00+03:00,2.3499999046325684,2.369999885559082,2.140000104904175,2.180000066757202,23254856,0.0,0.0,0.0
2024-09-03 00:00:00+03:00,2.180000066757202,2.190000057220459,2.059999942779541,2.069999933242798,10583877,0.0,0.0,0.0
2024-09-04 00:00:00+03:00,2.069999933242798,2.2100000381469727,2.0199999809265137,2.109999895095825,9297771,0.0,0.0,0.0
2024-09-05 00:00:00+03:00,2.109999895095825,2.1500000953674316,2.059999942779541,2.069999933242798,3419566,0.0,0.0,0.0
2024-09-08 00:00:00+03:00,2.069999933242798,2.140000104904175,2.049999952316284,2.059999942779541,3308852,0.0,0.0,0.0
2024-09-09 00:00:00+03:00,2.059999942779541,2.119999885559082,2.059999942779541,2.059999942779541,3371030,0.0,0.0,0.0
2024-09-10 00:00:00+03:00,2.059999942779541,2.0999999046325684,1.9199999570846558,1.9299999475479126,7850570,0.0,0.0,0.0
2024-09-11 00:00:00+03:00,1.9299999475479126,1.940000057220459,1.8899999856948853,1.9199999570846558,2278569,0.0,0.0,0.0
2024-09-12 00:00:00+03:00,1.9199999570846558,1.940000057220459,1.850000023841858,1.8600000143051147,1946321,0.0,0.0,0.0
2024-09-16 00:00:00+03:00,1.8600000143051147,1.8700000047683716,1.809999942779541,1.8200000524520874,1647827,0.0,0.0,0.0
2024-09-17 00:00:00+03:00,1.8200000524520874,2.049999952316284,1.809999942779541,2.049999952316284,10749309,0.0,0.0,0.0
2024-09-18 00:00:00+03:00,2.049999952316284,2.049999952316284,1.9500000476837158,1.9700000286102295,4638737,0.0,0.0,0.0
2024-09-19 00:00:00+03:00,1.9700000286102295,1.9900000095367432,1.9199999570846558,1.940000057220459,2256025,0.0,0.0,0.0
2024-09-22 00:00:00+03:00,1.940000057220459,2.0799999237060547,1.9199999570846558,1.9900000095367432,5168540,0.0,0.0,0.0
2024-09-23 00:00:00+03:00,1.9900000095367432,2.009999990463257,1.9500000476837158,1.9500000476837158,2495607,0.0,0.0,0.0
2024-09-24 00:00:00+03:00,2.059999942779541,2.0999999046325684,2.0399999618530273,2.0399999618530273,4045705,0.0,0.0,0.0
2024-09-25 00:00:00+03:00,1.9800000190734863,2.0899999141693115,1.9700000286102295,2.059999942779541,6159640,0.0,0.0,0.0
2024-09-26 00:00:00+03:00,2.059999942779541,2.0999999046325684,2.0399999618530273,2.0399999618530273,4045705,0.0,0.0,0.0
2024-09-29 00:00:00+03:00,2.0399999618530273,2.0399999618530273,1.9800000190734863,2.009999990463257,2606153,0.0,0.0,0.0
2024-09-30 00:00:00+03:00,2.009999990463257,2.049999952316284,1.9800000190734863,1.9900000095367432,2459409,0.0,0.0,0.0
2024-10-01 00:00:00+03:00,1.9900000095367432,2.0399999618530273,1.9700000286102295,1.9800000190734863,1997942,0.0,0.0,0.0
2024-10-02 00:00:00+03:00,1.9800000190734863,1.9800000190734863,1.899999976158142,1.909999966621399,2129495,0.0,0.0,0.0
2024-10-03 00:00:00+03:00,1.909999966621399,1.9500000476837158,1.909999966621399,1.9199999570846558,1674972,0.0,0.0,0.0
2024-10-07 00:00:00+03:00,1.9199999570846558,1.940000057220459,1.8600000143051147,1.8700000047683716,1882850,0.0,0.0,0.0
2024-10-08 00:00:00+03:00,1.8700000047683716,1.899999976158142,1.7699999809265137,1.7999999523162842,3823737,0.0,0.0,0.0
2024-10-09 00:00:00+03:00,1.7999999523162842,1.840000033378601,1.7799999713897705,1.8200000524520874,1508897,0.0,0.0,0.0
2024-10-10 00:00:00+03:00,1.8200000524520874,1.850000023841858,1.75,1.7799999713897705,4489203,0.0,0.0,0.0
2024-10-13 00:00:00+03:00,1.7799999713897705,1.809999942779541,1.690000057220459,1.7100000381469727,2043956,0.0,0.0,0.0
2024-10-14 00:00:00+03:00,1.7100000381469727,1.7300000190734863,1.6799999475479126,1.7100000381469727,1227266,0.0,0.0,0.0
2024-10-15 00:00:00+03:00,1.7100000381469727,1.850000023841858,1.7200000286102295,1.7899999618530273,2380787,0.0,0.0,0.0
2024-10-16 00:00:00+03:00,1.7899999618530273,1.840000033378601,1.7699999809265137,1.7699999809265137,2475038,0.0,0.0,0.0
2024-10-17 00:00:00+03:00,1.7699999809265137,1.809999942779541,1.75,1.7599999904632568,1627700,0.0,0.0,0.0
2024-10-20 00:00:00+03:00,1.7599999904632568,1.7899999618530273,1.7200000286102295,1.7200000286102295,1592381,0.0,0.0,0.0
2024-10-21 00:00:00+03:00,1.7200000286102295,1.7599999904632568,1.690000057220459,1.75,1239679,0.0,0.0,0.0
2024-10-22 00:00:00+03:00,1.75,1.909999966621399,1.75,1.899999976158142,6606150,0.0,0.0,0.0
2024-10-23 00:00:00+03:00,1.899999976158142,2.069999933242798,1.9199999570846558,2.059999942779541,14625485,0.0,0.0,0.0
2024-10-24 00:00:00+03:00,2.059999942779541,2.0799999237060547,1.9600000381469727,1.9800000190734863,8566018,0.0,0.0,0.0
2024-10-27 00:00:00+03:00,1.9800000190734863,2.009999990463257,1.9500000476837158,1.9500000476837158,2909834,0.0,0.0,0.0
2024-10-28 00:00:00+03:00,1.9500000476837158,2.0199999809265137,1.9299999475479126,1.9600000381469727,4970755,0.0,0.0,0.0
2024-10-29 00:00:00+03:00,1.9600000381469727,1.9900000095367432,1.9199999570846558,1.9299999475479126,2713557,0.0,0.0,0.0
2024-10-30 00:00:00+03:00,1.9299999475479126,1.9600000381469727,1.899999976158142,1.909999966621399,2209000,0.0,0.0,0.0
2024-10-31 00:00:00+03:00,1.909999966621399,1.9500000476837158,1.909999966621399,1.9299999475479126,1118841,0.0,0.0,0.0
2024-11-03 00:00:00+02:00,1.9299999475479126,2.009999990463257,1.9500000476837158,1.9700000286102295,3934645,0.0,0.0,0.0
2024-11-04 00:00:00+02:00,1.9700000286102295,2.0,1.940000057220459,1.9700000286102295,2237574,0.0,0.0,0.0
2024-11-05 00:00:00+02:00,1.9700000286102295,2.0,1.940000057220459,1.940000057220459,1292267,0.0,0.0,0.0
2024-11-06 00:00:00+02:00,1.940000057220459,1.9700000286102295,1.9299999475479126,1.9299999475479126,1964559,0.0,0.0,0.0
2024-11-07 00:00:00+02:00,1.9299999475479126,1.9600000381469727,1.9299999475479126,1.940000057220459,1686565,0.0,0.0,0.0
2024-11-10 00:00:00+02:00,1.940000057220459,2.1500000953674316,1.9700000286102295,2.1500000953674316,12838926,0.0,0.0,0.0
2024-11-11 00:00:00+02:00,2.1500000953674316,2.180000066757202,2.0799999237060547,2.0799999237060547,8834278,0.0,0.0,0.0
2024-11-12 00:00:00+02:00,2.0799999237060547,2.140000104904175,2.0399999618530273,2.059999942779541,5486951,0.0,0.0,0.0
2024-11-13 00:00:00+02:00,2.059999942779541,2.109999895095825,2.0199999809265137,2.0399999618530273,2985402,0.0,0.0,0.0
2024-11-14 00:00:00+02:00,2.0399999618530273,2.0899999141693115,2.049999952316284,2.059999942779541,2684614,0.0,0.0,0.0
2024-11-17 00:00:00+02:00,2.059999942779541,2.130000114440918,2.059999942779541,2.059999942779541,4218036,0.0,0.0,0.0
2024-11-18 00:00:00+02:00,2.059999942779541,2.0799999237060547,1.9800000190734863,1.9900000095367432,4172834,0.0,0.0,0.0
2024-11-19 00:00:00+02:00,1.9900000095367432,1.9900000095367432,1.9299999475479126,1.9500000476837158,2769091,0.0,0.0,0.0
2024-11-20 00:00:00+02:00,1.9500000476837158,1.9800000190734863,1.909999966621399,1.9199999570846558,1860901,0.0,0.0,0.0
2024-11-21 00:00:00+02:00,1.9199999570846558,1.9600000381469727,1.9299999475479126,1.9299999475479126,1092417,0.0,0.0,0.0
2024-11-24 00:00:00+02:00,1.9299999475479126,1.9600000381469727,1.909999966621399,1.909999966621399,1200175,0.0,0.0,0.0
2024-11-25 00:00:00+02:00,1.909999966621399,1.9600000381469727,1.8799999952316284,1.8899999856948853,2429296,0.0,0.0,0.0
2024-11-26 00:00:00+02:00,1.8899999856948853,2.0399999618530273,1.8899999856948853,1.9500000476837158,4268220,0.0,0.0,0.0
2024-11-27 00:00:00+02:00,1.9500000476837158,1.9800000190734863,1.899999976158142,1.9199999570846558,3045968,0.0,0.0,0.0
2024-11-28 00:00:00+02:00,1.9199999570846558,1.940000057220459,1.8799999952316284,1.9199999570846558,1481916,0.0,0.0,0.0
2024-12-01 00:00:00+02:00,1.9199999570846558,2.0299999713897705,1.9199999570846558,1.9800000190734863,3561845,0.0,0.0,0.0
2024-12-02 00:00:00+02:00,1.9800000190734863,2.0199999809265137,1.940000057220459,1.9500000476837158,3044836,0.0,0.0,0.0
2024-12-03 00:00:00+02:00,1.9500000476837158,1.9800000190734863,1.9500000476837158,1.9500000476837158,2470238,0.0,0.0,0.0
2024-12-04 00:00:00+02:00,1.9500000476837158,1.9800000190734863,1.9500000476837158,1.9700000286102295,1282638,0.0,0.0,0.0
2024-12-05 00:00:00+02:00,1.9700000286102295,2.0,1.9600000381469727,1.9800000190734863,1410688,0.0,0.0,0.0
2024-12-08 00:00:00+02:00,1.9800000190734863,2.369999885559082,1.9900000095367432,2.369999885559082,33892614,0.0,0.0,0.0
2024-12-09 00:00:00+02:00,2.369999885559082,2.690000057220459,2.369999885559082,2.390000104904175,44980031,0.0,0.0,0.0
2024-12-10 00:00:00+02:00,2.390000104904175,2.4100000858306885,2.240000009536743,2.2799999713897705,17044787,0.0,0.0,0.0
2024-12-11 00:00:00+02:00,2.2799999713897705,2.4600000381469727,2.2799999713897705,2.3399999141693115,18566598,0.0,0.0,0.0
2024-12-12 00:00:00+02:00,2.3399999141693115,2.369999885559082,2.2100000381469727,2.2200000286102295,10075877,0.0,0.0,0.0
2024-12-15 00:00:00+02:00,2.2200000286102295,2.2300000190734863,2.119999885559082,2.1500000953674316,11968188,0.0,0.0,0.0
2024-12-16 00:00:00+02:00,2.1500000953674316,2.190000057220459,2.069999933242798,2.0899999141693115,8008802,0.0,0.0,0.0
2024-12-17 00:00:00+02:00,2.0899999141693115,2.25,2.069999933242798,2.119999885559082,11339454,0.0,0.0,0.0
2024-12-18 00:00:00+02:00,2.119999885559082,2.1700000762939453,2.0399999618530273,2.059999942779541,6402403,0.0,0.0,0.0
2024-12-19 00:00:00+02:00,2.059999942779541,2.119999885559082,1.9800000190734863,2.109999895095825,6514070,0.0,0.0,0.0
2024-12-22 00:00:00+02:00,2.109999895095825,2.1500000953674316,2.0899999141693115,2.119999885559082,4325247,0.0,0.0,0.0
2024-12-23 00:00:00+02:00,2.119999885559082,2.130000114440918,2.0199999809265137,2.0299999713897705,2324813,0.0,0.0,0.0
2024-12-24 00:00:00+02:00,2.0299999713897705,2.059999942779541,1.9900000095367432,2.0299999713897705,2817738,0.0,0.0,0.0
2024-12-25 00:00:00+02:00,2.0299999713897705,2.0799999237060547,2.0199999809265137,2.0299999713897705,3238566,0.0,0.0,0.0
2024-12-26 00:00:00+02:00,2.0299999713897705,2.059999942779541,2.009999990463257,2.0399999618530273,1771524,0.0,0.0,0.0
2024-12-29 00:00:00+02:00,2.0399999618530273,2.069999933242798,1.9900000095367432,2.0,2268494,0.0,0.0,0.0
2024-12-30 00:00:00+02:00,2.0,2.0299999713897705,1.909999966621399,1.9199999570846558,2653154,0.0,0.0,0.0
2024-12-31 00:00:00+02:00,1.9199999570846558,1.9700000286102295,1.940000057220459,1.9500000476837158,1874959,0.0,0.0,0.0
2025-01-02 00:00:00+02:00,1.9500000476837158,2.130000114440918,1.9600000381469727,2.069999933242798,8601417,0.0,0.0,0.0
2025-01-05 00:00:00+02:00,2.069999933242798,2.130000114440918,2.059999942779541,2.0899999141693115,4379933,0.0,0.0,0.0
2025-01-06 00:00:00+02:00,2.0899999141693115,2.109999895095825,2.0299999713897705,2.049999952316284,3760191,0.0,0.0,0.0
2025-01-08 00:00:00+02:00,2.049999952316284,2.069999933242798,1.9800000190734863,2.009999990463257,2950271,0.0,0.0,0.0
2025-01-09 00:00:00+02:00,2.009999990463257,2.0399999618530273,1.9900000095367432,1.9900000095367432,2564006,0.0,0.0,0.0
2025-01-12 00:00:00+02:00,1.9900000095367432,2.0199999809265137,1.9199999570846558,1.9600000381469727,3337231,0.0,0.0,0.0
2025-01-13 00:00:00+02:00,1.9600000381469727,1.9900000095367432,1.909999966621399,1.909999966621399,2532877,0.0,0.0,0.0
2025-01-14 00:00:00+02:00,1.909999966621399,1.9299999475479126,1.850000023841858,1.8899999856948853,2811706,0.0,0.0,0.0
2025-01-15 00:00:00+02:00,1.8899999856948853,1.9700000286102295,1.909999966621399,1.9299999475479126,2921766,0.0,0.0,0.0
2025-01-16 00:00:00+02:00,1.9299999475479126,1.9800000190734863,1.9299999475479126,1.9500000476837158,2300863,0.0,0.0,0.0
2025-01-19 00:00:00+02:00,1.9299999475479126,2.0399999618530273,1.9299999475479126,1.9800000190734863,7060134,0.0,0.0,0.0
2025-01-20 00:00:00+02:00,1.9900000095367432,2.0,1.940000057220459,1.9500000476837158,3710379,0.0,0.0,0.0
2025-01-21 00:00:00+02:00,1.9500000476837158,2.009999990463257,1.9500000476837158,1.9800000190734863,3148948,0.0,0.0,0.0
2025-01-22 00:00:00+02:00,1.9800000190734863,2.0199999809265137,1.9600000381469727,1.9600000381469727,3256687,0.0,0.0,0.0
2025-01-23 00:00:00+02:00,1.9600000381469727,1.9900000095367432,1.940000057220459,1.940000057220459,2199774,0.0,0.0,0.0
2025-01-26 00:00:00+02:00,1.940000057220459,1.9800000190734863,1.9299999475479126,1.9299999475479126,2496153,0.0,0.0,0.0
2025-01-27 00:00:00+02:00,1.9299999475479126,1.9500000476837158,1.899999976158142,1.909999966621399,1622838,0.0,0.0,0.0
2025-01-28 00:00:00+02:00,1.909999966621399,1.9500000476837158,1.899999976158142,1.9199999570846558,1649321,0.0,0.0,0.0
2025-01-29 00:00:00+02:00,1.9199999570846558,1.9800000190734863,1.909999966621399,1.9500000476837158,3982911,0.0,0.0,0.0
2025-01-30 00:00:00+02:00,1.9500000476837158,2.0,1.9199999570846558,1.9299999475479126,2132359,0.0,0.0,0.0
2025-02-02 00:00:00+02:00,1.9299999475479126,1.9500000476837158,1.909999966621399,1.940000057220459,1653361,0.0,0.0,0.0
2025-02-03 00:00:00+02:00,1.940000057220459,1.9500000476837158,1.909999966621399,1.909999966621399,1521828,0.0,0.0,0.0
2025-02-04 00:00:00+02:00,1.909999966621399,1.940000057220459,1.909999966621399,1.909999966621399,1117129,0.0,0.0,0.0
2025-02-05 00:00:00+02:00,1.909999966621399,2.200000047683716,1.899999976158142,2.119999885559082,37675474,0.0,0.0,0.0
2025-02-06 00:00:00+02:00,2.119999885559082,2.190000057220459,2.049999952316284,2.0799999237060547,13386582,0.0,0.0,0.0
2025-02-09 00:00:00+02:00,2.0799999237060547,2.109999895095825,2.009999990463257,2.0199999809265137,8517638,0.0,0.0,0.0
2025-02-10 00:00:00+02:00,2.0199999809265137,2.180000066757202,2.009999990463257,2.119999885559082,11502112,0.0,0.0,0.0
2025-02-11 00:00:00+02:00,2.119999885559082,2.1600000858306885,1.9700000286102295,1.9700000286102295,8815626,0.0,0.0,0.0
2025-02-12 00:00:00+02:00,1.9700000286102295,2.0899999141693115,1.9500000476837158,2.0299999713897705,8111584,0.0,0.0,0.0
2025-02-13 00:00:00+02:00,2.0299999713897705,2.0799999237060547,1.9900000095367432,2.0,7882781,0.0,0.0,0.0
2025-02-16 00:00:00+02:00,2.0,2.119999885559082,1.9900000095367432,2.0899999141693115,9814026,0.0,0.0,0.0
2025-02-17 00:00:00+02:00,2.0899999141693115,2.119999885559082,2.059999942779541,2.0899999141693115,4178113,0.0,0.0,0.0
2025-02-18 00:00:00+02:00,2.0899999141693115,2.0999999046325684,2.0399999618530273,2.049999952316284,3109205,0.0,0.0,0.0
2025-02-19 00:00:00+02:00,2.049999952316284,2.0799999237060547,2.0199999809265137,2.0299999713897705,4074424,0.0,0.0,0.0
2025-02-20 00:00:00+02:00,2.0299999713897705,2.049999952316284,2.009999990463257,2.0299999713897705,3408198,0.0,0.0,0.0
2025-02-23 00:00:00+02:00,2.0299999713897705,2.130000114440918,2.0199999809265137,2.0899999141693115,11085069,0.0,0.0,0.0
2025-02-24 00:00:00+02:00,2.0899999141693115,2.2300000190734863,2.0899999141693115,2.1600000858306885,32908521,0.0,0.0,0.0
2025-02-25 00:00:00+02:00,2.1600000858306885,2.180000066757202,2.0899999141693115,2.109999895095825,7579908,0.0,0.0,0.0
2025-02-26 00:00:00+02:00,2.109999895095825,2.1600000858306885,2.069999933242798,2.0799999237060547,5941920,0.0,0.0,0.0
2025-02-27 00:00:00+02:00,2.0799999237060547,2.0999999046325684,2.0299999713897705,2.049999952316284,4066231,0.0,0.0,0.0
2025-03-02 00:00:00+02:00,2.049999952316284,2.1700000762939453,2.049999952316284,2.0999999046325684,8203632,0.0,0.0,0.0
2025-03-03 00:00:00+02:00,2.0999999046325684,2.140000104904175,2.069999933242798,2.0799999237060547,3926414,0.0,0.0,0.0
2025-03-04 00:00:00+02:00,2.0799999237060547,2.0999999046325684,2.059999942779541,2.069999933242798,1952894,0.0,0.0,0.0
2025-03-05 00:00:00+02:00,2.069999933242798,2.0899999141693115,2.0299999713897705,2.0399999618530273,1758538,0.0,0.0,0.0
2025-03-06 00:00:00+02:00,2.0399999618530273,2.069999933242798,2.0399999618530273,2.0399999618530273,1891832,0.0,0.0,0.0
2025-03-09 00:00:00+02:00,2.0399999618530273,2.119999885559082,2.049999952316284,2.0799999237060547,3507919,0.0,0.0,0.0
2025-03-10 00:00:00+02:00,2.0799999237060547,2.140000104904175,2.0899999141693115,2.0899999141693115,4592990,0.0,0.0,0.0
2025-03-11 00:00:00+02:00,2.0899999141693115,2.0999999046325684,2.059999942779541,2.069999933242798,1408594,0.0,0.0,0.0
2025-03-12 00:00:00+02:00,2.069999933242798,2.130000114440918,2.049999952316284,2.0799999237060547,5226729,0.0,0.0,0.0
2025-03-13 00:00:00+02:00,2.0799999237060547,2.140000104904175,2.0799999237060547,2.0799999237060547,5693497,0.0,0.0,0.0
2025-03-16 00:00:00+02:00,2.0799999237060547,2.119999885559082,2.0799999237060547,2.0799999237060547,2259985,0.0,0.0,0.0
2025-03-17 00:00:00+02:00,2.0799999237060547,2.119999885559082,2.069999933242798,2.069999933242798,5379054,0.0,0.0,0.0
2025-03-18 00:00:00+02:00,2.069999933242798,2.109999895095825,2.069999933242798,2.0799999237060547,3139662,0.0,0.0,0.0
2025-03-19 00:00:00+02:00,2.0799999237060547,2.119999885559082,2.069999933242798,2.0799999237060547,3549386,0.0,0.0,0.0
2025-03-20 00:00:00+02:00,2.0799999237060547,2.1700000762939453,2.0799999237060547,2.109999895095825,7991345,0.0,0.0,0.0
2025-03-23 00:00:00+02:00,2.109999895095825,2.180000066757202,2.130000114440918,2.140000104904175,5874662,0.0,0.0,0.0
2025-03-24 00:00:00+02:00,2.140000104904175,2.4600000381469727,2.25,2.259999990463257,29596183,0.0,0.0,0.0
2025-03-25 00:00:00+02:00,2.259999990463257,2.3399999141693115,2.180000066757202,2.200000047683716,14357996,0.0,0.0,0.0
2025-03-26 00:00:00+02:00,2.200000047683716,2.240000009536743,2.1700000762939453,2.190000057220459,8551885,0.0,0.0,0.0
2025-03-27 00:00:00+02:00,2.190000057220459,2.299999952316284,2.200000047683716,2.2100000381469727,8990675,0.0,0.0,0.0
2025-04-03 00:00:00+02:00,2.2100000381469727,2.25,2.1700000762939453,2.25,5331317,0.0,0.0,0.0
2025-04-06 00:00:00+02:00,2.25,2.1500000953674316,2.0799999237060547,2.0999999046325684,6327125,0.0,0.0,0.0
2025-04-07 00:00:00+02:00,2.0999999046325684,2.140000104904175,2.049999952316284,2.119999885559082,4605367,0.0,0.0,0.0
2025-04-08 00:00:00+02:00,2.119999885559082,2.2899999618530273,2.130000114440918,2.25,10018745,0.0,0.0,0.0
2025-04-09 00:00:00+02:00,2.25,2.240000009536743,2.0799999237060547,2.0799999237060547,7783313,0.0,0.0,0.0
2025-04-10 00:00:00+02:00,2.0799999237060547,2.180000066757202,2.0999999046325684,2.140000104904175,4677848,0.0,0.0,0.0
2025-04-13 00:00:00+02:00,2.140000104904175,2.2100000381469727,2.1500000953674316,2.1700000762939453,3365613,0.0,0.0,0.0
2025-04-14 00:00:00+02:00,2.1700000762939453,2.259999990463257,2.1700000762939453,2.190000057220459,5225333,0.0,0.0,0.0
2025-04-15 00:00:00+02:00,2.190000057220459,2.25,2.180000066757202,2.190000057220459,4434932,0.0,0.0,0.0
2025-04-16 00:00:00+02:00,2.190000057220459,2.200000047683716,2.1500000953674316,2.1500000953674316,2711323,0.0,0.0,0.0
2025-04-17 00:00:00+02:00,2.1500000953674316,2.369999885559082,2.140000104904175,2.309999942779541,19703615,0.0,0.0,0.0
2025-04-22 00:00:00+02:00,2.309999942779541,2.5399999618530273,2.3399999141693115,2.4600000381469727,23360993,0.0,0.0,0.0
2025-04-23 00:00:00+02:00,2.4600000381469727,2.5999999046325684,2.4700000286102295,2.549999952316284,9406565,0.0,0.0,0.0
2025-04-27 00:00:00+03:00,2.549999952316284,2.609999895095825,2.380000114440918,2.4200000762939453,11679102,0.0,0.0,0.0
2025-04-28 00:00:00+03:00,2.4200000762939453,2.509999990463257,2.4000000953674316,2.4100000858306885,10903744,0.0,0.0,0.0
2025-04-29 00:00:00+03:00,2.4100000858306885,2.4800000190734863,2.3299999237060547,2.3399999141693115,14827010,0.0,0.0,0.0
2025-04-30 00:00:00+03:00,2.3399999141693115,2.4700000286102295,2.319999933242798,2.440000057220459,7304975,0.0,0.0,0.0
2025-05-04 00:00:00+03:00,2.440000057220459,2.549999952316284,2.450000047683716,2.4700000286102295,5496576,0.0,0.0,0.0
2025-05-05 00:00:00+03:00,2.4700000286102295,2.509999990463257,2.430000066757202,2.440000057220459,6434762,0.0,0.0,0.0
2025-05-06 00:00:00+03:00,2.440000057220459,2.5399999618530273,2.440000057220459,2.5,5210221,0.0,0.0,0.0
2025-05-07 00:00:00+03:00,2.5,2.809999942779541,2.5199999809265137,2.7799999713897705,33238019,0.0,0.0,0.0
2025-05-08 00:00:00+03:00,2.7799999713897705,2.8499999046325684,2.640000104904175,2.6700000762939453,41227020,0.0,0.0,0.0
2025-05-11 00:00:00+03:00,2.6700000762939453,2.7100000381469727,2.5299999713897705,2.549999952316284,11563269,0.0,0.0,0.0
2025-05-12 00:00:00+03:00,2.549999952316284,2.5799999237060547,2.4600000381469727,2.4800000190734863,14605819,0.0,0.0,0.0
2025-05-13 00:00:00+03:00,2.4800000190734863,2.509999990463257,2.3299999237060547,2.3399999141693115,23566263,0.0,0.0,0.0
2025-05-14 00:00:00+03:00,2.3399999141693115,2.369999885559082,2.2899999618530273,2.369999885559082,13073538,0.0,0.0,0.0
2025-05-15 00:00:00+03:00,2.369999885559082,2.4200000762939453,2.359999895095825,2.4000000953674316,10466358,0.0,0.0,0.0
2025-05-18 00:00:00+03:00,2.4000000953674316,2.450000047683716,2.369999885559082,2.380000114440918,11016542,0.0,0.0,0.0
2025-05-19 00:00:00+03:00,2.380000114440918,2.390000104904175,2.3499999046325684,2.369999885559082,5884089,0.0,0.0,0.0
2025-05-20 00:00:00+03:00,2.369999885559082,2.390000104904175,2.3399999141693115,2.359999895095825,3498135,0.0,0.0,0.0
2025-05-21 00:00:00+03:00,2.359999895095825,2.369999885559082,2.319999933242798,2.3299999237060547,3695107,0.0,0.0,0.0
2025-05-22 00:00:00+03:00,2.3299999237060547,2.4100000858306885,2.299999952316284,2.4000000953674316,12342815,0.0,0.0,0.0
2025-05-25 00:00:00+03:00,2.4000000953674316,2.490000009536743,2.4000000953674316,2.4000000953674316,19347259,0.0,0.0,0.0
2025-05-26 00:00:00+03:00,2.4000000953674316,2.430000066757202,2.3399999141693115,2.3399999141693115,14497420,0.0,0.0,0.0
2025-05-27 00:00:00+03:00,2.3399999141693115,2.369999885559082,2.3299999237060547,2.3399999141693115,9947210,0.0,0.0,0.0
2025-05-28 00:00:00+03:00,2.3399999141693115,2.369999885559082,2.299999952316284,2.309999942779541,7103828,0.0,0.0,0.0
2025-05-29 00:00:00+03:00,2.309999942779541,2.319999933242798,2.2699999809265137,2.2799999713897705,6930727,0.0,0.0,0.0
2025-06-01 00:00:00+03:00,2.2799999713897705,2.319999933242798,2.2699999809265137,2.2799999713897705,3393267,0.0,0.0,0.0
2025-06-02 00:00:00+03:00,2.2799999713897705,2.2899999618530273,2.240000009536743,2.25,2838634,0.0,0.0,0.0
2025-06-03 00:00:00+03:00,2.25,2.299999952316284,2.2300000190734863,2.299999952316284,4155978,0.0,0.0,0.0
2025-06-04 00:00:00+03:00,2.299999952316284,2.3499999046325684,2.2899999618530273,2.309999942779541,3412787,0.0,0.0,0.0
2025-06-10 00:00:00+03:00,2.309999942779541,2.3399999141693115,2.309999942779541,2.3299999237060547,4061097,0.0,0.0,0.0
2025-06-11 00:00:00+03:00,2.3299999237060547,2.3499999046325684,2.2699999809265137,2.2699999809265137,7790144,0.0,0.0,0.0
2025-06-12 00:00:00+03:00,2.2699999809265137,2.2799999713897705,2.1600000858306885,2.1700000762939453,15603639,0.0,0.0,0.0
2025-06-15 00:00:00+03:00,2.1700000762939453,2.049999952316284,1.9199999570846558,1.9900000095367432,5899941,0.0,0.0,0.0
2025-06-16 00:00:00+03:00,1.9900000095367432,2.0399999618530273,1.9700000286102295,1.9700000286102295,5204353,0.0,0.0,0.0
2025-06-17 00:00:00+03:00,1.9700000286102295,1.9900000095367432,1.8799999952316284,1.8799999952316284,4044737,0.0,0.0,0.0
2025-06-18 00:00:00+03:00,1.8799999952316284,1.899999976158142,1.850000023841858,1.8899999856948853,3072239,0.0,0.0,0.0
2025-06-19 00:00:00+03:00,1.8899999856948853,1.899999976158142,1.809999942779541,1.8200000524520874,3355548,0.0,0.0,0.0
2025-06-22 00:00:00+03:00,1.8200000524520874,1.909999966621399,1.7100000381469727,1.899999976158142,3737348,0.0,0.0,0.0
2025-06-23 00:00:00+03:00,1.899999976158142,1.9700000286102295,1.9199999570846558,1.9700000286102295,3496972,0.0,0.0,0.0
2025-06-24 00:00:00+03:00,1.9700000286102295,2.0899999141693115,2.0,2.0799999237060547,8551369,0.0,0.0,0.0
2025-06-25 00:00:00+03:00,2.0799999237060547,2.1500000953674316,2.069999933242798,2.1500000953674316,12401845,0.0,0.0,0.0
2025-06-29 00:00:00+03:00,2.1500000953674316,2.1700000762939453,2.109999895095825,2.130000114440918,5796456,0.0,0.0,0.0
2025-06-30 00:00:00+03:00,2.130000114440918,2.200000047683716,2.109999895095825,2.119999885559082,5737614,0.0,0.0,0.0
2025-07-01 00:00:00+03:00,2.119999885559082,2.140000104904175,2.0799999237060547,2.0899999141693115,1725855,0.0,0.0,0.0
2025-07-02 00:00:00+03:00,2.0899999141693115,2.119999885559082,2.069999933242798,2.109999895095825,1921955,0.0,0.0,0.0
2025-07-06 00:00:00+03:00,2.109999895095825,2.2100000381469727,2.130000114440918,2.200000047683716,8709088,0.0,0.0,0.0
2025-07-07 00:00:00+03:00,2.200000047683716,2.25,2.1600000858306885,2.1600000858306885,8036600,0.0,0.0,0.0
2025-07-09 00:00:00+03:00,2.1600000858306885,2.180000066757202,2.109999895095825,2.130000114440918,2304727,0.0,0.0,0.0
2025-07-10 00:00:00+03:00,2.130000114440918,2.180000066757202,2.109999895095825,2.180000066757202,3416376,0.0,0.0,0.0
2025-07-13 00:00:00+03:00,2.180000066757202,2.190000057220459,2.0899999141693115,2.0999999046325684,2811192,0.0,0.0,0.0
2025-07-14 00:00:00+03:00,2.0999999046325684,2.1500000953674316,2.109999895095825,2.140000104904175,1839028,0.0,0.0,0.0
2025-07-15 00:00:00+03:00,2.140000104904175,2.190000057220459,2.140000104904175,2.1500000953674316,2626030,0.0,0.0,0.0
2025-07-16 00:00:00+03:00,2.1500000953674316,2.190000057220459,2.140000104904175,2.140000104904175,3227721,0.0,0.0,0.0
2025-07-17 00:00:00+03:00,2.140000104904175,2.200000047683716,2.130000114440918,2.140000104904175,4335537,0.0,0.0,0.0
2025-07-20 00:00:00+03:00,2.140000104904175,2.1700000762939453,2.1500000953674316,2.1600000858306885,2173447,0.0,0.0,0.0
2025-07-21 00:00:00+03:00,2.1600000858306885,2.1700000762939453,2.0999999046325684,2.0999999046325684,4766277,0.0,0.0,0.0
2025-07-22 00:00:00+03:00,2.0999999046325684,2.140000104904175,2.0799999237060547,2.109999895095825,2066531,0.0,0.0,0.0
2025-07-23 00:00:00+03:00,2.109999895095825,2.109999895095825,2.109999895095825,2.109999895095825,0,0.0,0.0,0.0
2025-07-27 00:00:00+03:00,2.0999999046325684,2.130000114440918,2.0899999141693115,2.0999999046325684,1162954,0.0,0.0,0.0
2025-07-28 00:00:00+03:00,2.0999999046325684,2.109999895095825,2.0399999618530273,2.0399999618530273,2315204,0.0,0.0,0.0
2025-07-29 00:00:00+03:00,2.0399999618530273,2.059999942779541,2.009999990463257,2.049999952316284,1443798,0.0,0.0,0.0
2025-07-30 00:00:00+03:00,2.049999952316284,2.130000114440918,2.0199999809265137,2.0199999809265137,4591141,0.0,0.0,0.0
2025-07-31 00:00:00+03:00,2.0199999809265137,2.069999933242798,2.0399999618530273,2.049999952316284,1469207,0.0,0.0,0.0
2025-08-03 00:00:00+03:00,2.049999952316284,2.049999952316284,2.049999952316284,2.049999952316284,0,0.0,0.0,0.0
2025-08-04 00:00:00+03:00,2.049999952316284,2.049999952316284,2.049999952316284,2.049999952316284,0,0.0,0.0,0.0
2025-08-05 00:00:00+03:00,2.049999952316284,2.049999952316284,2.049999952316284,2.049999952316284,0,0.0,0.0,0.0
2025-08-06 00:00:00+03:00,2.049999952316284,2.049999952316284,2.049999952316284,2.049999952316284,0,0.0,0.0,0.0
2025-08-07 00:00:00+03:00,2.049999952316284,2.049999952316284,2.049999952316284,2.049999952316284,0,0.0,0.0,0.0
2025-08-10 00:00:00+03:00,2.109999895095825,2.130000114440918,2.0899999141693115,2.0999999046325684,3773519,0.0,0.0,0.0
2025-08-11 00:00:00+03:00,2.0999999046325684,2.109999895095825,2.059999942779541,2.069999933242798,3020717,0.0,0.0,0.0
2025-08-12 00:00:00+03:00,2.069999933242798,2.0899999141693115,2.059999942779541,2.069999933242798,1709144,0.0,0.0,0.0
2025-08-13 00:00:00+03:00,2.069999933242798,2.119999885559082,2.059999942779541,2.069999933242798,6508945,0.0,0.0,0.0
2025-08-14 00:00:00+03:00,2.069999933242798,2.0899999141693115,2.0399999618530273,2.059999942779541,1976062,0.0,0.0,0.0
2025-08-17 00:00:00+03:00,2.059999942779541,2.0999999046325684,2.059999942779541,2.0799999237060547,2685125,0.0,0.0,0.0
2025-08-18 00:00:00+03:00,2.0799999237060547,2.0999999046325684,2.0799999237060547,2.0899999141693115,2487548,0.0,0.0,0.0
2025-08-19 00:00:00+03:00,2.0899999141693115,2.0999999046325684,2.059999942779541,2.059999942779541,3688880,0.0,0.0,0.0
2025-08-20 00:00:00+03:00,2.059999942779541,2.0799999237060547,2.0399999618530273,2.049999952316284,2175485,0.0,0.0,0.0
2025-08-21 00:00:00+03:00,2.049999952316284,2.0799999237060547,2.0399999618530273,2.059999942779541,2027928,0.0,0.0,0.0
2025-08-24 00:00:00+03:00,2.059999942779541,2.0999999046325684,2.059999942779541,2.069999933242798,1444987,0.0,0.0,0.0
2025-08-25 00:00:00+03:00,2.069999933242798,2.109999895095825,2.069999933242798,2.0899999141693115,3139322,0.0,0.0,0.0
2025-08-26 00:00:00+03:00,2.0899999141693115,2.1700000762939453,2.0999999046325684,2.130000114440918,9395565,0.0,0.0,0.0
2025-08-27 00:00:00+03:00,2.130000114440918,2.2699999809265137,2.1700000762939453,2.2300000190734863,29691332,0.0,0.0,0.0
2025-08-28 00:00:00+03:00,2.2300000190734863,2.25,2.180000066757202,2.180000066757202,7109977,0.0,0.0,0.0
2025-08-31 00:00:00+03:00,2.180000066757202,2.2100000381469727,2.0999999046325684,2.109999895095825,4191054,0.0,0.0,0.0
2025-09-01 00:00:00+03:00,2.109999895095825,2.1600000858306885,2.0899999141693115,2.130000114440918,3550184,0.0,0.0,0.0
2025-09-02 00:00:00+03:00,2.130000114440918,2.200000047683716,2.130000114440918,2.1600000858306885,3580579,0.0,0.0,0.0
2025-09-03 00:00:00+03:00,2.1600000858306885,2.190000057220459,2.140000104904175,2.140000104904175,2650832,0.0,0.0,0.0
2025-09-07 00:00:00+03:00,2.140000104904175,2.1700000762939453,2.0999999046325684,2.109999895095825,2753526,0.0,0.0,0.0
2025-09-08 00:00:00+03:00,2.109999895095825,2.140000104904175,2.0899999141693115,2.109999895095825,3071517,0.0,0.0,0.0
2025-09-09 00:00:00+03:00,2.109999895095825,2.140000104904175,2.069999933242798,2.069999933242798,2322550,0.0,0.0,0.0
2025-09-10 00:00:00+03:00,2.069999933242798,2.0999999046325684,2.059999942779541,2.0899999141693115,1371059,0.0,0.0,0.0
2025-09-11 00:00:00+03:00,2.0899999141693115,2.109999895095825,2.0799999237060547,2.0799999237060547,1404719,0.0,0.0,0.0
2025-09-14 00:00:00+03:00,2.0799999237060547,2.119999885559082,2.0899999141693115,2.109999895095825,1329415,0.0,0.0,0.0
2025-09-15 00:00:00+03:00,2.109999895095825,2.130000114440918,2.059999942779541,2.0799999237060547,1901556,0.0,0.0,0.0
2025-09-16 00:00:00+03:00,2.0799999237060547,2.0999999046325684,2.0199999809265137,2.0299999713897705,1812912,0.0,0.0,0.0
2025-09-17 00:00:00+03:00,2.0299999713897705,2.049999952316284,1.9700000286102295,2.0299999713897705,1356274,0.0,0.0,0.0
2025-09-18 00:00:00+03:00,2.0299999713897705,2.049999952316284,2.009999990463257,2.0299999713897705,662305,0.0,0.0,0.0
2025-09-21 00:00:00+03:00,2.0299999713897705,2.059999942779541,2.0,2.009999990463257,919217,0.0,0.0,0.0
2025-09-22 00:00:00+03:00,2.009999990463257,2.0199999809265137,1.9700000286102295,1.9900000095367432,1174788,0.0,0.0,0.0
2025-09-23 00:00:00+03:00,1.9900000095367432,2.0399999618530273,1.9900000095367432,2.0,1202308,0.0,0.0,0.0
2025-09-24 00:00:00+03:00,2.0,2.0199999809265137,1.9800000190734863,2.0,2168924,0.0,0.0,0.0
2025-09-25 00:00:00+03:00,2.0,2.0299999713897705,2.0,2.0199999809265137,1371774,0.0,0.0,0.0
2025-09-28 00:00:00+03:00,2.0199999809265137,2.059999942779541,2.0199999809265137,2.0399999618530273,2108846,0.0,0.0,0.0
2025-09-29 00:00:00+03:00,2.0399999618530273,2.059999942779541,2.0199999809265137,2.0299999713897705,1435277,0.0,0.0,0.0
2025-09-30 00:00:00+03:00,2.0299999713897705,2.069999933242798,2.0199999809265137,2.049999952316284,2379054,0.0,0.0,0.0
2025-10-01 00:00:00+03:00,2.049999952316284,2.1500000953674316,2.059999942779541,2.0799999237060547,5444399,0.0,0.0,0.0
2025-10-02 00:00:00+03:00,2.0799999237060547,2.0899999141693115,2.059999942779541,2.069999933242798,2258766,0.0,0.0,0.0
2025-10-05 00:00:00+03:00,2.069999933242798,2.0999999046325684,2.069999933242798,2.069999933242798,1769996,0.0,0.0,0.0
2025-10-06 00:00:00+03:00,2.069999933242798,2.0899999141693115,2.049999952316284,2.069999933242798,2290136,0.0,0.0,0.0
2025-10-07 00:00:00+03:00,2.069999933242798,2.0899999141693115,2.059999942779541,2.069999933242798,2136397,0.0,0.0,0.0
2025-10-08 00:00:00+03:00,2.069999933242798,2.140000104904175,2.069999933242798,2.130000114440918,6714367,0.0,0.0,0.0
2025-10-12 00:00:00+03:00,2.130000114440918,2.1700000762939453,2.119999885559082,2.130000114440918,3851503,0.0,0.0,0.0
2025-10-13 00:00:00+03:00,2.130000114440918,2.1500000953674316,2.0899999141693115,2.119999885559082,3723210,0.0,0.0,0.0
2025-10-14 00:00:00+03:00,2.119999885559082,2.1700000762939453,2.109999895095825,2.119999885559082,5021605,0.0,0.0,0.0
2025-10-15 00:00:00+03:00,2.119999885559082,2.200000047683716,2.130000114440918,2.190000057220459,10436796,0.0,0.0,0.0
2025-10-16 00:00:00+03:00,2.190000057220459,2.2200000286102295,2.1700000762939453,2.1700000762939453,4669469,0.0,0.0,0.0
2025-10-19 00:00:00+03:00,2.1700000762939453,2.2300000190734863,2.1700000762939453,2.2100000381469727,10152133,0.0,0.0,0.0
2025-10-20 00:00:00+03:00,2.2100000381469727,2.2200000286102295,2.1600000858306885,2.1700000762939453,4284445,0.0,0.0,0.0
2025-10-21 00:00:00+03:00,2.1700000762939453,2.190000057220459,2.130000114440918,2.1500000953674316,4594431,0.0,0.0,0.0
2025-10-22 00:00:00+03:00,2.1500000953674316,2.2699999809265137,2.140000104904175,2.200000047683716,13899952,0.0,0.0,0.0
2025-10-23 00:00:00+03:00,2.200000047683716,2.369999885559082,2.2200000286102295,2.2699999809265137,20784876,0.0,0.0,0.0
2025-10-26 00:00:00+03:00,2.2699999809265137,2.3399999141693115,2.2699999809265137,2.2899999618530273,9088384,0.0,0.0,0.0
2025-10-27 00:00:00+03:00,2.2899999618530273,2.319999933242798,2.240000009536743,2.240000009536743,6871487,0.0,0.0,0.0
2025-10-28 00:00:00+03:00,2.240000009536743,2.2699999809265137,2.190000057220459,2.240000009536743,9372257,0.0,0.0,0.0
2025-10-29 00:00:00+03:00,2.240000009536743,2.2699999809265137,2.2200000286102295,2.2200000286102295,5227576,0.0,0.0,0.0
2025-10-30 00:00:00+03:00,2.2200000286102295,2.259999990463257,2.2100000381469727,2.2200000286102295,3485356,0.0,0.0,0.0
2025-11-02 00:00:00+02:00,2.2200000286102295,2.2899999618530273,2.2100000381469727,2.2300000190734863,4137722,0.0,0.0,0.0
2025-11-03 00:00:00+02:00,2.2300000190734863,2.2699999809265137,2.2200000286102295,2.240000009536743,5765448,0.0,0.0,0.0
2025-11-04 00:00:00+02:00,2.240000009536743,2.2699999809265137,2.2200000286102295,2.2300000190734863,4110250,0.0,0.0,0.0
2025-11-05 00:00:00+02:00,2.2300000190734863,2.25,2.190000057220459,2.190000057220459,3415422,0.0,0.0,0.0
2025-11-06 00:00:00+02:00,2.190000057220459,2.2300000190734863,2.180000066757202,2.180000066757202,1974173,0.0,0.0,0.0
2025-11-09 00:00:00+02:00,2.180000066757202,2.2200000286102295,2.1700000762939453,2.2100000381469727,2342223,0.0,0.0,0.0
2025-11-10 00:00:00+02:00,2.2100000381469727,2.2100000381469727,2.1600000858306885,2.200000047683716,1532638,0.0,0.0,0.0
2025-11-11 00:00:00+02:00,2.200000047683716,2.25,2.180000066757202,2.2100000381469727,3395257,0.0,0.0,0.0
2025-11-12 00:00:00+02:00,2.2100000381469727,2.25,2.200000047683716,2.2100000381469727,2811429,0.0,0.0,0.0
2025-11-13 00:00:00+02:00,2.2100000381469727,2.240000009536743,2.180000066757202,2.190000057220459,2034874,0.0,0.0,0.0
2025-11-16 00:00:00+02:00,2.190000057220459,2.240000009536743,2.200000047683716,2.200000047683716,6576094,0.0,0.0,0.0
2025-11-17 00:00:00+02:00,2.200000047683716,2.2300000190734863,2.190000057220459,2.200000047683716,3785046,0.0,0.0,0.0
2025-11-18 00:00:00+02:00,2.200000047683716,2.2300000190734863,2.1700000762939453,2.180000066757202,2907456,0.0,0.0,0.0
2025-11-19 00:00:00+02:00,2.180000066757202,2.200000047683716,2.1700000762939453,2.190000057220459,2330851,0.0,0.0,0.0
2025-11-20 00:00:00+02:00,2.190000057220459,2.2100000381469727,2.1700000762939453,2.1700000762939453,2892623,0.0,0.0,0.0
2025-11-23 00:00:00+02:00,2.1700000762939453,2.190000057220459,2.1600000858306885,2.1700000762939453,1569131,0.0,0.0,0.0
2025-11-24 00:00:00+02:00,2.1700000762939453,2.190000057220459,2.1600000858306885,2.1700000762939453,1443243,0.0,0.0,0.0
2025-11-25 00:00:00+02:00,2.1700000762939453,2.200000047683716,2.130000114440918,2.140000104904175,2016869,0.0,0.0,0.0
2025-11-26 00:00:00+02:00,2.140000104904175,2.1700000762939453,2.119999885559082,2.130000114440918,1819273,0.0,0.0,0.0
2025-11-27 00:00:00+02:00,2.130000114440918,2.1500000953674316,2.130000114440918,2.140000104904175,763284,0.0,0.0,0.0
2025-11-30 00:00:00+02:00,2.140000104904175,2.2100000381469727,2.140000104904175,2.190000057220459,2501266,0.0,0.0,0.0
2025-12-01 00:00:00+02:00,2.190000057220459,2.200000047683716,2.1500000953674316,2.1500000953674316,1656527,0.0,0.0,0.0
2025-12-02 00:00:00+02:00,2.1500000953674316,2.240000009536743,2.1500000953674316,2.240000009536743,5961175,0.0,0.0,0.0
2025-12-03 00:00:00+02:00,2.240000009536743,2.3299999237060547,2.240000009536743,2.240000009536743,14324117,0.0,0.0,0.0
2025-12-04 00:00:00+02:00,2.240000009536743,2.2699999809265137,2.190000057220459,2.200000047683716,5710299,0.0,0.0,0.0
2025-12-07 00:00:00+02:00,2.200000047683716,2.309999942779541,2.2200000286102295,2.299999952316284,10173447,0.0,0.0,0.0
2025-12-08 00:00:00+02:00,2.299999952316284,2.3499999046325684,2.2799999713897705,2.2899999618530273,6645476,0.0,0.0,0.0
2025-12-09 00:00:00+02:00,2.2899999618530273,2.4000000953674316,2.2899999618530273,2.359999895095825,13785480,0.0,0.0,0.0
2025-12-10 00:00:00+02:00,2.359999895095825,2.4200000762939453,2.3499999046325684,2.3499999046325684,5402766,0.0,0.0,0.0
2025-12-11 00:00:00+02:00,2.3499999046325684,2.380000114440918,2.299999952316284,2.309999942779541,3404790,0.0,0.0,0.0
2025-12-14 00:00:00+02:00,2.309999942779541,2.3399999141693115,2.299999952316284,2.319999933242798,5271304,0.0,0.0,0.0
2025-12-15 00:00:00+02:00,2.319999933242798,2.380000114440918,2.25,2.2899999618530273,4016276,0.0,0.0,0.0
2025-12-16 00:00:00+02:00,2.2899999618530273,2.299999952316284,2.259999990463257,2.259999990463257,2605006,0.0,0.0,0.0
2025-12-17 00:00:00+02:00,2.259999990463257,2.2799999713897705,2.2300000190734863,2.2300000190734863,1986279,0.0,0.0,0.0
2025-12-18 00:00:00+02:00,2.2300000190734863,2.359999895095825,2.2300000190734863,2.319999933242798,6441153,0.0,0.0,0.0
2025-12-21 00:00:00+02:00,2.319999933242798,2.5,2.359999895095825,2.4200000762939453,17463489,0.0,0.0,0.0
2025-12-22 00:00:00+02:00,2.4200000762939453,2.450000047683716,2.369999885559082,2.369999885559082,8552925,0.0,0.0,0.0
2025-12-23 00:00:00+02:00,2.369999885559082,2.450000047683716,2.359999895095825,2.440000057220459,7631778,0.0,0.0,0.0
2025-12-24 00:00:00+02:00,2.440000057220459,2.490000009536743,2.4100000858306885,2.4200000762939453,7621254,0.0,0.0,0.0
2025-12-25 00:00:00+02:00,2.4200000762939453,2.490000009536743,2.4000000953674316,2.450000047683716,6024973,0.0,0.0,0.0
2025-12-28 00:00:00+02:00,2.450000047683716,2.549999952316284,2.450000047683716,2.5,9412636,0.0,0.0,0.0
2025-12-29 00:00:00+02:00,2.5,2.549999952316284,2.4700000286102295,2.5,6840618,0.0,0.0,0.0
2025-12-30 00:00:00+02:00,2.5,2.5799999237060547,2.4600000381469727,2.549999952316284,9588110,0.0,0.0,0.0
2025-12-31 00:00:00+02:00,2.549999952316284,2.75,2.5899999141693115,2.5999999046325684,32004592,0.0,0.0,0.0
2026-01-04 00:00:00+02:00,2.5999999046325684,2.680000066757202,2.440000057220459,2.4700000286102295,33873427,0.0,0.0,0.0
2026-01-05 00:00:00+02:00,2.4700000286102295,2.490000009536743,2.3399999141693115,2.359999895095825,24060198,0.0,0.0,0.0
2026-01-06 00:00:00+02:00,2.359999895095825,2.380000114440918,2.2899999618530273,2.299999952316284,23411214,0.0,0.0,0.0
2026-01-08 00:00:00+02:00,2.299999952316284,2.3399999141693115,2.2699999809265137,2.2899999618530273,10799766,0.0,0.0,0.0
2026-01-11 00:00:00+02:00,2.2899999618530273,2.359999895095825,2.2899999618530273,2.3499999046325684,8681578,0.0,0.0,0.0
2026-01-12 00:00:00+02:00,2.3499999046325684,2.380000114440918,2.299999952316284,2.309999942779541,7688642,0.0,0.0,0.0
2026-01-13 00:00:00+02:00,2.309999942779541,2.319999933242798,2.25,2.259999990463257,6189367,0.0,0.0,0.0
2026-01-14 00:00:00+02:00,2.259999990463257,2.2699999809265137,2.109999895095825,2.190000057220459,5955179,0.0,0.0,0.0
2026-01-15 00:00:00+02:00,2.190000057220459,2.2200000286102295,2.140000104904175,2.1700000762939453,2445733,0.0,0.0,0.0
2026-01-18 00:00:00+02:00,2.1700000762939453,2.2300000190734863,2.180000066757202,2.2100000381469727,1408915,0.0,0.0,0.0
2026-01-19 00:00:00+02:00,2.2100000381469727,2.2799999713897705,2.2300000190734863,2.25,3519503,0.0,0.0,0.0
2026-01-20 00:00:00+02:00,2.25,2.309999942779541,2.25,2.259999990463257,4418647,0.0,0.0,0.0
2026-01-21 00:00:00+02:00,2.259999990463257,2.299999952316284,2.259999990463257,2.2899999618530273,3152677,0.0,0.0,0.0
2026-01-22 00:00:00+02:00,2.2899999618530273,2.299999952316284,2.259999990463257,2.2699999809265137,5311332,0.0,0.0,0.0
2026-01-25 00:00:00+02:00,2.2699999809265137,2.3399999141693115,2.2899999618530273,2.3399999141693115,4735392,0.0,0.0,0.0
2026-01-26 00:00:00+02:00,1.337141990661621,1.342857003211975,1.2971420288085938,1.2971420288085938,8604524,0.0,0.0,0.0
2026-01-27 00:00:00+02:00,1.2971420288085938,1.3028570413589478,1.2400000095367432,1.2685710191726685,9572230,0.0,0.0,0.0
2026-01-28 00:00:00+02:00,1.2685710191726685,1.2799999713897705,1.2057139873504639,1.2114280462265015,11528137,0.0,0.0,0.0
2026-02-01 00:00:00+02:00,1.2114280462265015,1.285714030265808,1.2228569984436035,1.2628569602966309,11645787,0.0,0.0,0.0
2026-02-02 00:00:00+02:00,1.2628569602966309,1.285714030265808,1.2285710573196411,1.2514280080795288,13513041,0.0,0.0,0.0
2026-02-03 00:00:00+02:00,1.2514280080795288,1.2799999713897705,1.2400000095367432,1.2742849588394165,15317135,0.0,0.0,0.0
2026-02-04 00:00:00+02:00,1.2740000486373901,1.2799999713897705,1.2100000381469727,1.25,8703634,0.0,1.75,0.0
