Date,Open,High,Low,Close,Volume,Dividends,Stock Splits,Capital Gains
2021-01-03 00:00:00+02:00,8.231371427978749,8.275558045281578,8.256621009580009,8.269246101379395,55543,0.0,0.0,0.0
2021-01-04 00:00:00+02:00,8.269245421108103,8.269245421108103,8.149309466870537,8.237683296203613,551541,0.0,0.0,0.0
2021-01-05 00:00:00+02:00,8.237682499705665,8.395492506972067,8.174558256000143,8.275556564331055,1654274,0.0,0.0,0.0
2021-01-06 00:00:00+02:00,8.275556678463616,8.225057523601699,8.149308791308822,8.206120491027832,1044740,0.0,0.0,0.0
2021-01-10 00:00:00+02:00,8.206121269546475,8.36393129396083,8.206121269546475,8.212433815002441,96742,0.0,0.0,0.0
2021-01-11 00:00:00+02:00,8.212433793025907,8.332369146380982,8.098810383112438,8.256620407104492,1715976,0.0,0.0,0.0
2021-01-12 00:00:00+02:00,8.256620786478688,8.395493782531906,8.269245877936934,8.363931655883789,2439269,0.0,0.0,0.0
2021-01-13 00:00:00+02:00,8.363930336308167,8.572239496524352,8.218745419429117,8.42074203491211,1790930,0.0,0.0,0.0
2021-01-14 00:00:00+02:00,8.420742672849034,8.900485272962781,8.395493094000807,8.748987197875977,1630773,0.0,0.0,0.0
2021-01-17 00:00:00+02:00,8.748987505677762,9.014108393910192,8.58486553838897,8.837361335754395,1101779,0.0,0.0,0.0
2021-01-18 00:00:00+02:00,8.837361119067758,9.033045808725994,8.868923243463918,8.932046890258789,697663,0.0,0.0,0.0
2021-01-19 00:00:00+02:00,8.932047219453013,9.089857245252519,8.837361444772299,8.976234436035156,1384701,0.0,0.0,0.0
2021-01-20 00:00:00+02:00,8.976233833604569,9.310790897286779,9.026732990311416,9.171917915344238,1305186,0.0,0.0,0.0
2021-01-21 00:00:00+02:00,9.171917955521907,9.380227128349505,9.190855590868006,9.291853904724121,1262339,0.0,0.0,0.0
2021-01-24 00:00:00+02:00,9.291854254829966,9.39916511784479,9.216105516583758,9.279229164123535,292958,0.0,0.0,0.0
2021-01-25 00:00:00+02:00,9.279229164123535,9.279229164123535,9.279229164123535,9.279229164123535,0,0.0,0.0,0.0
2021-01-26 00:00:00+02:00,9.045670814256372,9.20979338889824,8.91942291145397,9.134044647216797,372367,0.0,0.0,0.0
2021-01-27 00:00:00+02:00,9.13404415201876,9.714785075422697,9.152981185913085,9.46860122680664,2245187,0.0,0.0,0.0
2021-01-31 00:00:00+02:00,9.4686018768388,9.487538912033179,9.216106067588763,9.380228042602539,1688614,0.0,0.0,0.0
2021-02-01 00:00:00+02:00,9.380226914257225,9.468600737863019,9.317103270536592,9.386539459228516,543556,0.0,0.0,0.0
2021-02-02 00:00:00+02:00,9.386540488810116,9.468601776445677,9.279229620517267,9.405477523803711,3122213,0.0,0.0,0.0
2021-02-03 00:00:00+02:00,9.405476589287904,9.468600835657929,9.317103366766784,9.361289978027344,866432,0.0,0.0,0.0
2021-02-04 00:00:00+02:00,9.361290855688244,9.405477471091487,9.279229568512589,9.342353820800781,127700,0.0,0.0,0.0
2021-02-07 00:00:00+02:00,9.342353159710099,9.348665704891722,9.152981018243503,9.26660442352295,107710,0.0,0.0,0.0
2021-02-08 00:00:00+02:00,9.266603691369175,9.279228178737519,8.995170289979741,9.115105628967285,223934,0.0,0.0,0.0
2021-02-09 00:00:00+02:00,9.115106888738158,9.342353712749379,9.014108567843161,9.20348072052002,20861,0.0,0.0,0.0
2021-02-10 00:00:00+02:00,9.203480654360085,9.437039420250178,9.152981494275604,9.348666191101074,372320,0.0,0.0,0.0
2021-02-11 00:00:00+02:00,9.348666418822928,9.468601776445677,9.354978362489133,9.405477523803711,896762,0.0,0.0,0.0
2021-02-14 00:00:00+02:00,9.405476945440183,9.405476945440183,9.026733258870633,9.140356063842773,271898,0.0,0.0,0.0
2021-02-15 00:00:00+02:00,9.1403557919031,9.373915144169054,9.033045535399129,9.171917915344238,33079,0.0,0.0,0.0
2021-02-16 00:00:00+02:00,9.171918385797564,9.152981351560523,9.039357942143342,9.08985710144043,292956,0.0,0.0,0.0
2021-02-17 00:00:00+02:00,9.089857145435225,9.089857145435225,8.774237097302093,9.001483917236328,330341,0.0,0.0,0.0
2021-02-18 00:00:00+02:00,9.001484083553851,9.0582957895871,8.534366548165428,8.831048965454102,1589764,0.0,0.0,0.0
2021-02-21 00:00:00+02:00,8.831049367664413,9.336041597407377,8.837361913510607,8.894173622131348,1317697,0.0,0.0,0.0
2021-02-22 00:00:00+02:00,8.89417230834051,9.39916446348923,8.900484853254255,9.159293174743652,1261611,0.0,0.0,0.0
2021-02-23 00:00:00+02:00,9.15929447944326,9.184544060697512,8.932047646157484,9.146669387817383,1106314,0.0,0.0,0.0
2021-02-24 00:00:00+02:00,9.14666798885753,9.279228420666946,8.868922637541205,9.184542655944824,1494450,0.0,0.0,0.0
2021-02-25 00:00:00+02:00,9.184542588575338,9.405476238638856,9.279228352602932,9.37391471862793,2718386,0.0,0.0,0.0
2021-02-28 00:00:00+02:00,9.37391609886941,9.437039750183171,8.925735585952474,9.380228042602539,258886,0.0,0.0,0.0
2021-03-01 00:00:00+02:00,9.380227206480074,9.342353139467285,9.058295228881603,9.310791015625,1802236,0.0,0.0,0.0
2021-03-02 00:00:00+02:00,9.310790938072785,9.34235306165218,9.216105169332035,9.291853904724121,1018190,0.0,0.0,0.0
2021-03-03 00:00:00+02:00,9.29185419891095,9.29185419891095,9.159293757278482,9.216105461120605,2814259,0.0,0.0,0.0
2021-03-04 00:00:00+02:00,9.216105461120605,9.216105461120605,9.216105461120605,9.216105461120605,0,0.0,0.0,0.0
2021-03-07 00:00:00+02:00,9.121419831207811,9.146669412530283,8.837361890830614,9.102482795715332,974555,0.0,0.0,0.0
2021-03-08 00:00:00+02:00,9.102482336275266,9.089857245252519,8.837361444772299,8.976234436035156,2169558,0.0,0.0,0.0
2021-03-09 00:00:00+02:00,8.976233711537247,8.837360731483232,8.742674964444882,8.824735641479492,1629517,0.0,0.0,0.0
2021-03-10 00:00:00+02:00,8.824735563419289,8.824735563419289,8.647988518912339,8.805798530578613,870238,0.0,0.0,0.0
2021-03-11 00:00:00+02:00,8.805798608471306,8.963608621533508,8.780549030461252,8.824735641479492,517890,0.0,0.0,0.0
2021-03-14 00:00:00+02:00,8.824735756317237,8.83736084648527,8.288182066121948,8.546990394592285,13726,0.0,0.0,0.0
2021-03-15 00:00:00+02:00,8.546990953116774,8.711113524041597,8.269245573241855,8.647989273071289,510549,0.0,0.0,0.0
2021-03-16 00:00:00+02:00,8.647988806523346,8.660613896835288,8.515428368235142,8.521740913391113,1402081,0.0,0.0,0.0
2021-03-17 00:00:00+02:00,8.521740913391113,8.521740913391113,8.269245127126648,8.521740913391113,1431835,0.0,0.0,0.0
2021-03-18 00:00:00+02:00,8.521741109945248,7.764253131682939,7.669566758151742,7.682191848754883,1901872,0.0,0.0,0.0
2021-03-21 00:00:00+02:00,7.682191272081295,7.947312134871082,7.7074408493947315,7.833688735961914,115251,0.0,0.0,0.0
2021-03-22 00:00:00+02:00,7.833689641046478,7.776877935028014,7.05095205189703,7.398134231567383,1699518,0.0,0.0,0.0
2021-03-23 00:00:00+02:00,7.398134292369495,7.4170713271987925,6.9436412424839755,7.0888261795043945,4603364,0.0,0.0,0.0
2021-03-24 00:00:00+02:00,7.088825674260528,7.511756567955224,7.1014507645785505,7.271885871887207,4031519,0.0,0.0,0.0
2021-03-25 00:00:00+02:00,7.2718854902386,7.890500435416498,7.259260400583178,7.833688735961914,2295242,0.0,0.0,0.0
2021-03-28 00:00:00+02:00,7.833689681500183,7.877876296632737,7.26557382237671,7.669567108154297,29872,0.0,0.0,0.0
2021-03-29 00:00:00+02:00,7.669566755635938,7.7453160952350295,7.2971356129272475,7.391821384429932,6667602,0.0,0.0,0.0
2021-03-30 00:00:00+02:00,7.391821468914059,7.574881070709644,7.170887196886044,7.202449321746826,9563347,0.0,0.0,0.0
2021-03-31 00:00:00+02:00,7.202449146828776,7.511756638558215,7.196136601610434,7.208761692047119,4677635,0.0,0.0,0.0
2021-04-01 00:00:00+02:00,7.208761993702075,7.265573699049588,7.196136902737086,7.21507453918457,3001250,0.0,0.0,0.0
2021-04-04 00:00:00+02:00,7.2150743981138685,7.511756806020676,7.202449307395727,7.328697204589844,140691,0.0,0.0,0.0
2021-04-05 00:00:00+02:00,7.328697438835645,7.574881297730995,7.133013342429516,7.48019552230835,679550,0.0,0.0,0.0
2021-04-06 00:00:00+02:00,7.4801954015557035,7.638005426044242,7.32869732052863,7.549631595611572,593256,0.0,0.0,0.0
2021-04-07 00:00:00+02:00,7.549631391717749,7.581193516162548,7.27188602099791,7.518069267272949,2553820,0.0,0.0,0.0
2021-04-08 00:00:00+02:00,7.518069267272949,7.606443095318896,7.49913223340505,7.518069267272949,1436417,0.0,0.0,0.0
2021-04-11 00:00:00+02:00,7.518069280432662,7.5117567351331616,7.366571805229386,7.391821384429932,20805,0.0,0.0,0.0
2021-04-12 00:00:00+02:00,7.391821307232327,7.511756656682994,7.208761709440815,7.372884273529053,3241708,0.0,0.0,0.0
2021-04-13 00:00:00+02:00,7.372884049206885,7.391821082333994,7.215074035153637,7.3855085372924805,1295534,0.0,0.0,0.0
2021-04-14 00:00:00+02:00,7.385508043329545,7.473881862007756,7.101450157431753,7.177198886871338,1210196,0.0,0.0,0.0
2021-04-15 00:00:00+02:00,7.17719936690199,7.480194906922887,7.107763177437635,7.3855085372924805,413115,0.0,0.0,0.0
2021-04-18 00:00:00+02:00,7.385508922755034,7.511756820187243,7.158262707377057,7.492819786071777,36535,0.0,0.0,0.0
2021-04-19 00:00:00+02:00,7.492819387028557,7.619067277737213,7.417070652603362,7.511756420135498,531161,0.0,0.0,0.0
2021-04-20 00:00:00+02:00,7.511756276672514,7.638004766967447,7.284510077736985,7.555943489074707,2110361,0.0,0.0,0.0
2021-04-21 00:00:00+02:00,7.555943641428754,7.499131940049996,7.259260646449369,7.3855085372924805,224968,0.0,0.0,0.0
2021-04-22 00:00:00+02:00,7.385508860238216,7.410758439510926,7.29082308846492,7.347634792327881,618011,0.0,0.0,0.0
2021-04-25 00:00:00+02:00,7.347634890737595,7.353946834142219,7.271886151904935,7.322385311126709,101246,0.0,0.0,0.0
2021-04-26 00:00:00+02:00,7.322385641000174,7.511757195614281,7.27819842319239,7.436008453369141,158638,0.0,0.0,0.0
2021-04-27 00:00:00+02:00,7.436007693629726,7.4486327837127515,7.328696835913723,7.3855085372924805,267627,0.0,0.0,0.0
2021-04-28 00:00:00+02:00,7.385509113065542,7.543319139421633,7.3223854637215915,7.360259532928467,278227,0.0,0.0,0.0
2021-05-04 00:00:00+02:00,7.360259046590922,7.5433186409882165,7.448632872230023,7.486506938934326,604836,0.0,0.0,0.0
2021-05-05 00:00:00+02:00,7.486506841993767,7.625379822772003,7.511756420135498,7.511756420135498,1973738,0.0,0.0,0.0
2021-05-06 00:00:00+02:00,7.511756461188614,7.713753689423844,7.574880707886642,7.631692409515381,181213,0.0,0.0,0.0
2021-05-09 00:00:00+02:00,7.631692957745068,7.764253403735583,7.511757000802591,7.568568706512451,53414,0.0,0.0,0.0
2021-05-10 00:00:00+02:00,7.568567958679033,7.638004748573511,7.574880503578061,7.600130081176758,403793,0.0,0.0,0.0
2021-05-11 00:00:00+02:00,7.600130480808457,7.70112879651396,7.5306942892602855,7.581193447113037,148663,0.0,0.0,0.0
2021-05-17 00:00:00+02:00,7.581193447113037,7.726378375440335,7.52438174402933,7.581193447113037,440515,0.0,0.0,0.0
2021-05-18 00:00:00+02:00,7.581193552777302,7.701128903849845,7.574881007458364,7.638005256652832,1623361,0.0,0.0,0.0
2021-05-19 00:00:00+02:00,7.638005584201035,7.726378814466141,7.638005584201035,7.669567108154297,891527,0.0,0.0,0.0
2021-05-20 00:00:00+02:00,7.669566660625699,7.73269090884381,7.644317081737943,7.707441329956055,170372,0.0,0.0,0.0
2021-05-23 00:00:00+02:00,7.707441526617749,7.707441526617749,7.574881083575283,7.656942367553711,12886,0.0,0.0,0.0
2021-05-24 00:00:00+02:00,7.656942520300628,7.732691260407783,7.638005485773208,7.694816589355469,641915,0.0,0.0,0.0
2021-05-25 00:00:00+02:00,7.694816300078446,7.656942232447434,7.518069246473003,7.562255859375,754084,0.0,0.0,0.0
2021-05-26 00:00:00+02:00,7.562255431991521,7.574880521819981,7.511756276672514,7.555943489074707,842522,0.0,0.0,0.0
2021-05-27 00:00:00+02:00,7.555943876795284,7.732690929481285,7.574880910512279,7.663254737854004,4268352,0.0,0.0,0.0
2021-05-30 00:00:00+02:00,7.663255515326234,7.72637916811955,7.442321225555855,7.50544548034668,295156,0.0,0.0,0.0
2021-05-31 00:00:00+02:00,7.505445251925304,7.574881448483977,7.3855092918723795,7.436008453369141,321703,0.0,0.0,0.0
2021-06-01 00:00:00+02:00,7.436007452921346,7.537005762326455,7.3728838105418575,7.454945087432861,173163,0.0,0.0,0.0
2021-06-02 00:00:00+02:00,7.454946090428543,7.6380057013536735,7.404446326934292,7.436008453369141,1513636,0.0,0.0,0.0
2021-06-03 00:00:00+02:00,7.436007801699021,7.574880784643433,7.309759909021118,7.442320346832275,1157410,0.0,0.0,0.0
2021-06-06 00:00:00+02:00,7.442319980129757,7.518068712004161,7.379195735902383,7.499131679534912,39516,0.0,0.0,0.0
2021-06-07 00:00:00+02:00,7.499131884895532,7.555943585856452,7.404445515961524,7.530694007873535,528210,0.0,0.0,0.0
2021-06-08 00:00:00+02:00,7.530695239814838,7.568569311986295,7.366572655078461,7.41707181930542,1144650,0.0,0.0,0.0
2021-06-09 00:00:00+02:00,7.417071069021208,7.511756841869302,7.410758523632012,7.448633193969727,621182,0.0,0.0,0.0
2021-06-10 00:00:00+02:00,7.448633364406969,7.448633364406969,7.3223854637215915,7.360259532928467,652426,0.0,0.0,0.0
2021-06-13 00:00:00+02:00,7.360259935126786,7.511757424227755,7.404446552281858,7.50544548034668,72641,0.0,0.0,0.0
2021-06-14 00:00:00+02:00,7.505444911637023,7.638005355055254,7.4991323662367595,7.61275577545166,472441,0.0,0.0,0.0
2021-06-15 00:00:00+02:00,7.612755824035273,7.638005403800006,7.518069448419425,7.593818187713623,527057,0.0,0.0,0.0
2021-06-16 00:00:00+02:00,7.593818041417722,7.6948163585309075,7.574881007458364,7.638005256652832,666914,0.0,0.0,0.0
2021-06-17 00:00:00+02:00,7.638005403800006,7.701129052213104,7.133013206507883,7.593818187713623,1623465,0.0,0.0,0.0
2021-06-20 00:00:00+02:00,7.593818141444375,7.448633209181142,7.2592610611007595,7.322385311126709,51912,0.0,0.0,0.0
2021-06-21 00:00:00+02:00,7.322385403975673,7.6380054541126,7.44863330363095,7.587506294250488,623367,0.0,0.0,0.0
2021-06-22 00:00:00+02:00,7.587506645198118,7.612756226297051,7.480195775028278,7.574881553649902,797834,0.0,0.0,0.0
2021-06-23 00:00:00+02:00,7.574880521819981,7.606442644393714,7.454945178436694,7.555943489074707,313909,0.0,0.0,0.0
2021-06-24 00:00:00+02:00,7.555943585856452,7.63800486480029,7.505444429890618,7.530694007873535,488967,0.0,0.0,0.0
2021-06-27 00:00:00+02:00,7.530694007873535,7.5748806188442845,7.492819339900446,7.530694007873535,74598,0.0,0.0,0.0
2021-06-28 00:00:00+02:00,7.530695061863509,7.568569133139996,7.4549463173130235,7.50544548034668,666917,0.0,0.0,0.0
2021-06-29 00:00:00+02:00,7.505445251925304,7.505445251925304,7.353947165437532,7.436008453369141,275862,0.0,0.0,0.0
2021-06-30 00:00:00+02:00,7.436008305379966,7.574881297730995,7.34132252995732,7.48019552230835,808924,0.0,0.0,0.0
2021-07-04 00:00:00+02:00,7.480195522308349,7.549631717485124,7.454945942062478,7.48019552230835,279255,0.0,0.0,0.0
2021-07-05 00:00:00+02:00,7.4801948090468775,7.543318452643766,7.290822674261371,7.410758018493652,546747,0.0,0.0,0.0
2021-07-06 00:00:00+02:00,7.410757945388059,7.410757945388059,7.133012591907324,7.265573024749756,260490,0.0,0.0,0.0
2021-07-07 00:00:00+02:00,7.265573412548086,7.385508761998754,7.2908229914849345,7.372884273529053,711737,0.0,0.0,0.0
2021-07-08 00:00:00+02:00,7.372883959160198,7.385508447091609,7.19613631214107,7.284510135650635,663808,0.0,0.0,0.0
2021-07-11 00:00:00+02:00,7.28451054314738,7.385508860238216,7.164575192101374,7.347634792327881,33929,0.0,0.0,0.0
2021-07-12 00:00:00+02:00,7.347634792327881,7.4170709848284675,7.31607266773763,7.347634792327881,1899702,0.0,0.0,0.0
2021-07-13 00:00:00+02:00,7.347635800469168,7.385509873576062,7.196137702048976,7.246636867523193,526224,0.0,0.0,0.0
2021-07-14 00:00:00+02:00,7.246635304622823,7.574880411409316,7.316072093672417,7.499131679534912,1440552,0.0,0.0,0.0
2021-07-15 00:00:00+02:00,7.499131932063347,7.638004912841583,7.341321918178169,7.511756420135498,1151473,0.0,0.0,0.0
2021-07-18 00:00:00+02:00,7.511757023327029,7.568568729207243,7.38550912248071,7.5243821144104,226247,0.0,0.0,0.0
2021-07-25 00:00:00+02:00,7.5243818125613995,7.562255880297196,7.360259247046406,7.518069267272949,95455,0.0,0.0,0.0
2021-07-26 00:00:00+02:00,7.518069486871214,7.537006521292252,7.347634973086933,7.423383712768555,805619,0.0,0.0,0.0
2021-07-27 00:00:00+02:00,7.423383197638152,7.606442789665062,7.322384885071227,7.511756420135498,654681,0.0,0.0,0.0
2021-07-28 00:00:00+02:00,7.511756721984499,7.549631391717749,7.436007984515452,7.518069267272949,109976,0.0,0.0,0.0
2021-07-29 00:00:00+02:00,7.518068827106121,7.574880527381065,7.385508393797056,7.4296956062316895,769472,0.0,0.0,0.0
2021-08-01 00:00:00+02:00,7.4296960250930475,7.486507126573394,7.297135584310669,7.353946685791016,248660,0.0,0.0,0.0
2021-08-02 00:00:00+02:00,7.353946520959025,7.480195015634365,7.38550864462786,7.442320346832275,1141901,0.0,0.0,0.0
2021-08-03 00:00:00+02:00,7.442320564101177,7.442320564101177,7.303447577102547,7.347634792327881,447316,0.0,0.0,0.0
2021-08-04 00:00:00+02:00,7.347634393464422,7.398133549268514,7.3097597256126425,7.366571426391602,485181,0.0,0.0,0.0
2021-08-05 00:00:00+02:00,7.366571303249353,7.322384693158767,7.1077629835803595,7.22769832611084,2692695,0.0,0.0,0.0
2021-08-08 00:00:00+02:00,7.22769832611084,7.22769832611084,7.22769832611084,7.22769832611084,0,0.0,0.0,0.0
2021-08-09 00:00:00+02:00,7.22769832611084,7.22769832611084,7.22769832611084,7.22769832611084,0,0.0,0.0,0.0
2021-08-10 00:00:00+02:00,7.215074638262637,7.240324218541875,7.139325897424922,7.189825057983398,94153,0.0,0.0,0.0
2021-08-11 00:00:00+02:00,7.189824959252062,7.290823278982096,7.183512413769567,7.21507453918457,689788,0.0,0.0,0.0
2021-08-15 00:00:00+02:00,7.21507453918457,7.2781981880171065,7.196136902737086,7.21507453918457,177987,0.0,0.0,0.0
2021-08-16 00:00:00+02:00,7.215074412490123,7.259261026096742,7.196136776375178,7.202449321746826,637551,0.0,0.0,0.0
2021-08-17 00:00:00+02:00,7.202449998290812,7.366572581385354,7.252949162012592,7.316073417663574,782357,0.0,0.0,0.0
2021-08-18 00:00:00+02:00,7.316072652246348,7.322385197550522,7.101450927884037,7.183512210845947,838350,0.0,0.0,0.0
2021-08-19 00:00:00+02:00,7.183511889673743,7.25926062394478,7.133012733493051,7.221385955810547,899306,0.0,0.0,0.0
2021-08-22 00:00:00+02:00,7.221386554348733,7.221386554348733,7.09513865343306,7.151950359344482,45336,0.0,0.0,0.0
2021-08-23 00:00:00+02:00,7.1519493889464725,7.221385574529412,7.164574478323768,7.196135997772217,307267,0.0,0.0,0.0
2021-08-24 00:00:00+02:00,7.1961370015550985,7.215074638262637,7.120388260717385,7.189825057983398,699148,0.0,0.0,0.0
2021-08-25 00:00:00+02:00,7.189825057983398,7.234011672972695,7.133013351855743,7.189825057983398,438777,0.0,0.0,0.0
2021-08-26 00:00:00+02:00,7.1898246381359,7.360259144568919,7.196136581339016,7.25294828414917,3551918,0.0,0.0,0.0
2021-08-29 00:00:00+02:00,7.252948585823501,7.379196485098557,7.259261131286621,7.259261131286621,66196,0.0,0.0,0.0
2021-08-30 00:00:00+02:00,7.259260914659653,7.480195183296101,7.259260914659653,7.353946685791016,445935,0.0,0.0,0.0
2021-08-31 00:00:00+02:00,7.353946271200151,7.492819249428081,7.353946271200151,7.4296956062316895,2550133,0.0,0.0,0.0
2021-09-01 00:00:00+02:00,7.429696911360921,7.473883529560129,7.35394756302296,7.41707181930542,2219488,0.0,0.0,0.0
2021-09-02 00:00:00+02:00,7.417070582195693,7.417070582195693,7.259260569808551,7.366571426391602,530995,0.0,0.0,0.0
2021-09-05 00:00:00+02:00,7.366571874746808,7.372884420105878,7.265573556991515,7.328697204589844,62661,0.0,0.0,0.0
2021-09-06 00:00:00+02:00,7.328697106689489,7.385508810167287,7.259260914659653,7.353946685791016,138796,0.0,0.0,0.0
2021-09-07 00:00:00+02:00,7.353947186462747,7.385509312987832,7.259261408884983,7.309760570526123,1502644,0.0,0.0,0.0
2021-09-08 00:00:00+02:00,7.3097602053947215,7.4486331939697275,7.353946819124171,7.448633193969727,1257505,0.0,0.0,0.0
2021-09-09 00:00:00+02:00,7.448633467301244,7.953625679016114,7.284510893144352,7.953625679016113,1906338,0.0,0.0,0.0
2021-09-12 00:00:00+02:00,7.953625464173336,7.953625464173336,7.5875062560190765,7.757940769195557,82269,0.0,0.0,0.0
2021-09-13 00:00:00+02:00,7.757940112257384,7.9220626680832,7.625379679013059,7.890500545501709,166840,0.0,0.0,0.0
2021-09-14 00:00:00+02:00,7.890501328617676,8.004124740388963,7.707441721873645,7.978875160217285,8565079,0.0,0.0,0.0
2021-09-15 00:00:00+02:00,7.978875387414071,8.048311584363995,7.83368984579469,8.035686492919922,924533,0.0,0.0,0.0
2021-09-16 00:00:00+02:00,8.035686231317975,8.060936413384104,7.858939170837402,7.858939170837402,1433760,0.0,0.0,0.0
2021-09-19 00:00:00+02:00,7.858939170837402,8.010436651249321,7.638005495736055,7.858939170837402,20029,0.0,0.0,0.0
2021-09-20 00:00:00+02:00,7.858939265985621,7.871564357171537,7.581193881867771,7.751628398895264,100619,0.0,0.0,0.0
2021-09-21 00:00:00+02:00,7.751628398895263,7.751628398895263,7.751628398895263,7.751628398895264,0,0.0,0.0,0.0
2021-09-22 00:00:00+02:00,7.663254737854004,7.701128805287994,7.574880910512279,7.663254737854004,477296,0.0,0.0,0.0
2021-09-23 00:00:00+02:00,7.663255017341459,7.827376985536876,7.581193732245016,7.713754177093506,607075,0.0,0.0,0.0
2021-09-26 00:00:00+02:00,7.713754411158268,8.016749378864573,7.713754411158268,7.934688091278076,472742,0.0,0.0,0.0
2021-09-27 00:00:00+02:00,7.934687228873233,7.966249351744922,7.7011284828186035,7.7011284828186035,694849,0.0,0.0,0.0
2021-09-28 00:00:00+02:00,7.7011284828186035,7.7011284828186035,7.7011284828186035,7.7011284828186035,0,0.0,0.0,0.0
2021-09-29 00:00:00+02:00,7.7011284828186035,7.7011284828186035,7.7011284828186035,7.7011284828186035,0,0.0,0.0,0.0
2021-09-30 00:00:00+02:00,7.6316921985871335,7.795814753867965,7.524381343364852,7.726377964019775,688521,0.0,0.0,0.0
2021-10-03 00:00:00+02:00,7.726377917188138,7.764252584330075,7.530693842614128,7.7453155517578125,39531,0.0,0.0,0.0
2021-10-04 00:00:00+02:00,7.745315551757812,7.745315551757812,7.745315551757812,7.7453155517578125,0,0.0,0.0,0.0
2021-10-05 00:00:00+02:00,7.612755170974814,7.726377969170242,7.549630925979364,7.600130081176758,51247,0.0,0.0,0.0
2021-10-06 00:00:00+02:00,7.600131040232251,7.764253616333008,7.511757206486268,7.764253616333008,1308071,0.0,0.0,0.0
2021-10-10 00:00:00+02:00,7.764253616333008,7.97256280830801,7.6380057124083836,7.764253616333008,68533,0.0,0.0,0.0
2021-10-11 00:00:00+02:00,7.764253153044314,7.827376800241327,7.638005256652832,7.638005256652832,334302,0.0,0.0,0.0
2021-10-12 00:00:00+02:00,7.6380057124083836,7.764253616333008,7.6380057124083836,7.764253616333008,635401,0.0,0.0,0.0
2021-10-13 00:00:00+02:00,7.76425325307322,7.745316218869891,7.612755775451661,7.61275577545166,556283,0.0,0.0,0.0
2021-10-14 00:00:00+02:00,7.61275564355967,7.8084397315979,7.638005222725812,7.8084397315979,247941,0.0,0.0,0.0
2021-10-17 00:00:00+02:00,7.808440101139084,7.795815611957275,7.574881332299546,7.669567108154297,440243,0.0,0.0,0.0
2021-10-18 00:00:00+02:00,7.669567108154298,7.669567108154298,7.669567108154298,7.669567108154297,0,0.0,0.0,0.0
2021-10-19 00:00:00+02:00,7.6632553884949175,7.726379040243501,7.543319426776861,7.574881553649902,384399,0.0,0.0,0.0
2021-10-20 00:00:00+02:00,7.574880970874098,7.6695667422110425,7.518069267272949,7.518069267272949,738189,0.0,0.0,0.0
2021-10-24 00:00:00+02:00,7.51806997010634,7.669567459207309,7.448633771434439,7.50544548034668,287547,0.0,0.0,0.0
2021-10-25 00:00:00+02:00,7.505444898477569,7.57488109176634,7.322385296173114,7.448633193969727,5768332,0.0,0.0,0.0
2021-10-26 00:00:00+02:00,7.448633209181142,7.448633209181142,7.322385311126708,7.322385311126709,1832487,0.0,0.0,0.0
2021-10-27 00:00:00+02:00,7.3223850291644155,7.429695888877842,7.240323748089592,7.271885871887207,715258,0.0,0.0,0.0
2021-10-28 00:00:00+02:00,7.271886151904935,7.436008118376967,7.133013163046327,7.322385311126709,2917805,0.0,0.0,0.0
2021-10-31 00:00:00+02:00,7.322385311126708,7.385508959155193,7.196136811074811,7.322385311126709,502520,0.0,0.0,0.0
2021-11-01 00:00:00+02:00,7.322385963628176,7.385509617281642,7.252949162012592,7.316073417663574,3361895,0.0,0.0,0.0
2021-11-02 00:00:00+02:00,7.316072765724621,7.385508959155193,7.2592610611007595,7.322385311126709,1376101,0.0,0.0,0.0
2021-11-03 00:00:00+02:00,7.322385311126708,7.379196413753106,7.290823186113734,7.322385311126709,1247428,0.0,0.0,0.0
2021-11-04 00:00:00+02:00,7.322384999287627,7.442320346832275,7.265573297083211,7.442320346832275,1652841,0.0,0.0,0.0
2021-11-07 00:00:00+02:00,7.442320346832275,7.442320346832275,7.442320346832275,7.442320346832275,0,0.0,0.0,0.0
2021-11-08 00:00:00+02:00,7.442320346832275,7.442320346832275,7.442320346832275,7.442320346832275,0,0.0,0.0,0.0
2021-11-09 00:00:00+02:00,7.442320346832275,7.442320346832275,7.442320346832275,7.442320346832275,0,0.0,0.0,0.0
2021-11-10 00:00:00+02:00,7.41707051639396,7.48019476158777,7.385508393797056,7.4296956062316895,260847,0.0,0.0,0.0
2021-11-11 00:00:00+02:00,7.429695858563204,7.486506958770182,7.4170707682966945,7.442320346832275,997081,0.0,0.0,0.0
2021-11-14 00:00:00+02:00,7.442320648580531,7.568568546377144,7.385508944072689,7.448633193969727,483324,0.0,0.0,0.0
2021-11-15 00:00:00+02:00,7.4486333965016405,7.606443423537703,7.385509144888224,7.48019552230835,1559847,0.0,0.0,0.0
2021-11-16 00:00:00+02:00,7.48019476158777,7.511756282187257,7.4296956062316895,7.4296956062316895,2996781,0.0,0.0,0.0
2021-11-17 00:00:00+02:00,7.429696735796195,7.555944643380337,7.410759098160442,7.50544548034668,1422014,0.0,0.0,0.0
2021-11-18 00:00:00+02:00,7.50544548034668,7.50544548034668,7.50544548034668,7.50544548034668,0,0.0,0.0,0.0
2021-11-21 00:00:00+02:00,7.505445356127211,7.574881553649902,7.51175729990382,7.574881553649902,530266,0.0,0.0,0.0
2021-11-22 00:00:00+02:00,7.574881553649902,7.69481691337046,7.524382391452036,7.574881553649902,11958561,0.0,0.0,0.0
2021-11-23 00:00:00+02:00,7.574880970874098,7.574880970874098,7.48650714282815,7.518069267272949,2486474,0.0,0.0,0.0
2021-11-24 00:00:00+02:00,7.5180695688687145,7.638005526170827,7.492819988699451,7.5243821144104,456709,0.0,0.0,0.0
2021-11-25 00:00:00+02:00,7.524381714852132,7.6695666426164495,7.524381714852132,7.543318748474121,1909474,0.0,0.0,0.0
2021-11-28 00:00:00+02:00,7.54331874847412,7.54331874847412,7.54331874847412,7.543318748474121,0,0.0,0.0,0.0
2021-11-29 00:00:00+02:00,8.342000107282477,7.928405692290261,7.360588565908211,7.500790119171143,4560462,1.189333,0.0,0.0
2021-11-30 00:00:00+02:00,7.5007901191711435,7.5007901191711435,7.5007901191711435,7.500790119171143,0,0.0,0.0,0.0
2021-12-01 00:00:00+02:00,7.5007901191711435,7.5007901191711435,7.5007901191711435,7.500790119171143,0,0.0,0.0,0.0
2021-12-02 00:00:00+02:00,7.907375288476701,8.033557025955371,7.816244107912525,7.921395778656006,836260,0.0,0.0,0.0
2021-12-05 00:00:00+02:00,7.921396182473425,7.921396182473425,7.781194616202015,7.788204193115234,2141234,0.0,0.0,0.0
2021-12-06 00:00:00+02:00,7.788203776267851,7.991496203614044,7.7741839546579925,7.970466136932373,1780331,0.0,0.0,0.0
2021-12-07 00:00:00+02:00,7.970466590816397,8.06159777633819,7.865315582886377,8.019536972045898,3401796,0.0,0.0,0.0
2021-12-08 00:00:00+02:00,8.019536587146746,7.991496275142287,7.500790480797369,7.577901840209961,2887989,0.0,0.0,0.0
2021-12-09 00:00:00+02:00,7.577901840209961,7.612951728815205,7.570891595075403,7.577901840209961,10090885,0.0,0.0,0.0
2021-12-12 00:00:00+02:00,7.577901147967071,7.781193558562037,7.56388065897873,7.5708909034729,352852,0.0,0.0,0.0
2021-12-13 00:00:00+02:00,7.570891595075403,7.640992040819664,7.556871104806287,7.577901840209961,2781416,0.0,0.0,0.0
2021-12-14 00:00:00+02:00,7.577901840209961,7.577901840209961,7.577901840209961,7.577901840209961,0,0.0,0.0,0.0
2021-12-15 00:00:00+02:00,7.591921661945304,7.640992040819664,7.5498615282055015,7.577901840209961,2470733,0.0,0.0,0.0
2021-12-16 00:00:00+02:00,7.577901147967071,7.626971522358842,7.53584034953576,7.5708909034729,2021063,0.0,0.0,0.0
2021-12-19 00:00:00+02:00,7.570891642425716,7.619962021606975,7.535841085067484,7.5638813972473145,84360,0.0,0.0,0.0
2021-12-20 00:00:00+02:00,7.563881299978421,7.591921611797663,7.500790431251686,7.53584098815918,1247042,0.0,0.0,0.0
2021-12-21 00:00:00+02:00,7.53584034953576,7.591920968421701,7.507800040092789,7.5708909034729,1221368,0.0,0.0,0.0
2021-12-22 00:00:00+02:00,7.570892313452298,7.570892313452298,7.465740632057753,7.479761123657227,820469,0.0,0.0,0.0
2021-12-23 00:00:00+02:00,7.4797597306498185,7.591920968421701,7.465739241661478,7.5708909034729,849650,0.0,0.0,0.0
2021-12-26 00:00:00+02:00,7.570891976240405,7.570891976240405,7.479760790504369,7.493780612945557,89997,0.0,0.0,0.0
2021-12-27 00:00:00+02:00,7.4937812200629175,7.500791466118357,7.2904887641921885,7.332549571990967,420597,0.0,0.0,0.0
2021-12-28 00:00:00+02:00,7.332548061350567,7.535840475339302,7.248427131617338,7.444709300994873,120878,0.0,0.0,0.0
2021-12-29 00:00:00+02:00,7.444710278043806,7.528831218817126,7.388629650861593,7.395639896392822,354257,0.0,0.0,0.0
2021-12-30 00:00:00+02:00,7.39563954474171,7.528830860832974,7.3886292995438065,7.514811038970947,594090,0.0,0.0,0.0
2022-01-02 00:00:00+02:00,7.514811253107255,7.500790762311932,7.430690313936709,7.465740203857422,169295,0.0,0.0,0.0
2022-01-03 00:00:00+02:00,7.465740203857422,7.500790762311932,7.451720381595896,7.465740203857422,1754131,0.0,0.0,0.0
2022-01-04 00:00:00+02:00,7.465739220171927,7.521819838896445,7.395638781033134,7.430689334869385,1210215,0.0,0.0,0.0
2022-01-05 00:00:00+02:00,7.43068893264007,7.591920535612031,7.493779123889746,7.556869983673096,501189,0.0,0.0,0.0
2022-01-09 00:00:00+02:00,7.556869983673096,7.556869983673096,7.556869983673096,7.556869983673096,0,0.0,0.0,0.0
2022-01-10 00:00:00+02:00,7.633983229496132,7.739134242920391,7.577902599865348,7.662023544311523,725216,0.0,0.0,0.0
2022-01-11 00:00:00+02:00,7.662022076295983,7.697071961699413,7.500789795598618,7.5708909034729,953722,0.0,0.0,0.0
2022-01-12 00:00:00+02:00,7.5708916917116875,7.676042695937133,7.50079057653887,7.605942249298096,1489387,0.0,0.0,0.0
2022-01-13 00:00:00+02:00,7.605941457410042,7.626971522358842,7.465739241661478,7.5708909034729,1139088,0.0,0.0,0.0
2022-01-16 00:00:00+02:00,7.570890810717553,7.570890810717553,7.43068926522039,7.437698841094971,135800,0.0,0.0,0.0
2022-01-17 00:00:00+02:00,7.437698932218507,7.5708909034729,7.465739241661478,7.5708909034729,324827,0.0,0.0,0.0
2022-01-18 00:00:00+02:00,7.5708909034729,7.6409913428134715,7.500789795598618,7.5708909034729,1955524,0.0,0.0,0.0
2022-01-19 00:00:00+02:00,7.5708909034729,7.5708909034729,7.521819860547419,7.5708909034729,722518,0.0,0.0,0.0
2022-01-20 00:00:00+02:00,7.5708909034729,7.5708909034729,7.500789795598618,7.5708909034729,329322,0.0,0.0,0.0
2022-01-23 00:00:00+02:00,7.570891902127231,7.500790785006115,7.40265002327711,7.416669845581055,211359,0.0,0.0,0.0
2022-01-24 00:00:00+02:00,7.416669918184514,7.500790858433053,7.416669918184514,7.493780612945557,1901040,0.0,0.0,0.0
2022-01-25 00:00:00+02:00,7.493779459293837,7.514810192518688,7.402648956120958,7.437698841094971,729607,0.0,0.0,0.0
2022-01-26 00:00:00+02:00,7.437700057075964,7.472750616314055,7.290488243103027,7.290488243103027,1019341,0.0,0.0,0.0
2022-01-30 00:00:00+02:00,7.290487504484459,7.423679482388415,7.290487504484459,7.297497749328613,97796,0.0,0.0,0.0
2022-01-31 00:00:00+02:00,7.297497604078638,7.360588469352773,7.262447049089259,7.283477783203125,763400,0.0,0.0,0.0
2022-02-01 00:00:00+02:00,7.283477543584099,7.535840327844428,7.304507608472366,7.430689334869385,750180,0.0,0.0,0.0
2022-02-02 00:00:00+02:00,7.430689334869385,7.521819838896445,7.430689334869385,7.430689334869385,1583108,0.0,0.0,0.0
2022-02-03 00:00:00+02:00,7.43068926522039,7.458729574319823,7.416668776403823,7.437698841094971,1270201,0.0,0.0,0.0
2022-02-06 00:00:00+02:00,7.437698910809668,7.465739220171927,7.4096586014474095,7.430689334869385,60996,0.0,0.0,0.0
2022-02-07 00:00:00+02:00,7.430690455515157,7.444710278043806,7.367599582801716,7.395639896392822,386576,0.0,0.0,0.0
2022-02-08 00:00:00+02:00,7.395639896392822,7.465740346103684,7.381619405330364,7.395639896392822,513228,0.0,0.0,0.0
2022-02-09 00:00:00+02:00,7.395640543267204,7.430691105455307,7.332549665035393,7.360589981079102,1048728,0.0,0.0,0.0
2022-02-10 00:00:00+02:00,7.360589197027688,7.465740203857422,7.325538638573178,7.465740203857422,1022567,0.0,0.0,0.0
2022-02-13 00:00:00+02:00,7.465740999109541,7.528831877341353,7.346569488790313,7.360589981079102,458904,0.0,0.0,0.0
2022-02-14 00:00:00+02:00,7.360588979985532,7.465739983714671,7.290487865143587,7.374609470367432,759983,0.0,0.0,0.0
2022-02-15 00:00:00+02:00,7.374609255454185,7.458730189692773,7.360588765480875,7.367599010467529,2592826,0.0,0.0,0.0
2022-02-16 00:00:00+02:00,7.3676002272234955,7.437700683065833,7.360589981079102,7.360589981079102,1736306,0.0,0.0,0.0
2022-02-17 00:00:00+02:00,7.360589981079102,7.430691105455307,7.325539418890998,7.360589981079102,926785,0.0,0.0,0.0
2022-02-20 00:00:00+02:00,7.360588832565361,7.367599077615907,7.290487719127423,7.304508209228516,87487,0.0,0.0,0.0
2022-02-21 00:00:00+02:00,7.304508092135988,7.381618780854611,7.297497847197818,7.325538158416748,391799,0.0,0.0,0.0
2022-02-22 00:00:00+02:00,7.325537673360633,7.465739220171927,7.297497363998374,7.430689334869385,637960,0.0,0.0,0.0
2022-02-23 00:00:00+02:00,7.430689334869385,7.451719399757652,7.31852742888664,7.430689334869385,888925,0.0,0.0,0.0
2022-02-24 00:00:00+02:00,7.430689946003298,7.409659210851658,7.1923469625548275,7.304508209228516,1967140,0.0,0.0,0.0
2022-02-27 00:00:00+02:00,7.304508498160228,7.409659503942645,7.290488007504551,7.38862943649292,350955,0.0,0.0,0.0
2022-02-28 00:00:00+02:00,7.3886293270893875,7.77418412347232,7.360589014727016,7.605942249298096,5292658,0.0,0.0,0.0
2022-03-01 00:00:00+02:00,7.605942563269548,8.236849951733483,7.711093571835601,8.201799392700195,2066282,0.0,0.0,0.0
2022-03-02 00:00:00+02:00,8.201798787243407,8.201798787243407,7.893355361294152,8.082627296447754,1144552,0.0,0.0,0.0
2022-03-03 00:00:00+02:00,8.082628058270753,8.313960816670257,8.131699109333615,8.166749000549316,2585466,0.0,0.0,0.0
2022-03-06 00:00:00+02:00,8.166749455239888,8.236850578641873,8.124689316025783,8.131699562072754,159742,0.0,0.0,0.0
2022-03-07 00:00:00+02:00,8.131698230900698,8.110667496202552,7.851294451729165,7.9143853187561035,377102,0.0,0.0,0.0
2022-03-08 00:00:00+02:00,7.9143853187561035,7.9143853187561035,7.9143853187561035,7.9143853187561035,0,0.0,0.0,0.0
2022-03-09 00:00:00+02:00,7.739133260168273,7.823254193932371,7.640991836509949,7.711092948913574,1655679,0.0,0.0,0.0
2022-03-10 00:00:00+02:00,7.711092850723083,7.76717347251837,7.676042294967592,7.6830525398254395,2564844,0.0,0.0,0.0
2022-03-13 00:00:00+02:00,7.683052813149027,7.711093125044201,7.430690006092465,7.4867706298828125,139595,0.0,0.0,0.0
2022-03-14 00:00:00+02:00,7.486770609608949,7.53584098815918,7.486770609608949,7.53584098815918,1894997,0.0,0.0,0.0
2022-03-15 00:00:00+02:00,7.535841106030877,7.767173849291448,7.4727502363173075,7.514811038970947,3336251,0.0,0.0,0.0
2022-03-16 00:00:00+02:00,7.51481077013068,7.85129450518707,7.570891392640078,7.711092948913574,17945069,0.0,0.0,0.0
2022-03-17 00:00:00+02:00,7.711092800564237,7.991495907716712,7.711092800564237,7.886344909667969,5455122,0.0,0.0,0.0
2022-03-20 00:00:00+02:00,7.88634490966797,7.956446020722959,7.781193911619226,7.886344909667969,8387,0.0,0.0,0.0
2022-03-21 00:00:00+02:00,7.886344764543617,8.271899531183607,7.802223833945866,8.061596870422363,1628102,0.0,0.0,0.0
2022-03-22 00:00:00+02:00,8.06159777633819,8.236849901910759,7.963456345345381,8.019536972045898,2431563,0.0,0.0,0.0
2022-03-23 00:00:00+02:00,8.019536070856624,8.229838731617866,8.019536070856624,8.061596870422363,2236747,0.0,0.0,0.0
2022-03-24 00:00:00+02:00,8.061596592267355,8.412100791931152,8.061596592267355,8.412100791931152,786086,0.0,0.0,0.0
2022-03-27 00:00:00+02:00,8.412100791931152,8.587352891763052,8.180768073635743,8.412100791931152,284803,0.0,0.0,0.0
2022-03-28 00:00:00+02:00,8.412101907933012,8.4191121533044,8.236849784851074,8.236849784851074,1434335,0.0,0.0,0.0
2022-03-29 00:00:00+02:00,8.236848692099255,8.412100791931152,8.271899245772374,8.412100791931152,329196,0.0,0.0,0.0
2022-03-30 00:00:00+02:00,8.412101738944267,8.482202854182315,8.271900177001953,8.271900177001953,128872,0.0,0.0,0.0
2022-03-31 00:00:00+02:00,8.271900394462435,8.419112205505371,8.271900394462435,8.419112205505371,483527,0.0,0.0,0.0
2022-04-03 00:00:00+02:00,8.419112205505371,8.419112205505371,8.278910639877289,8.419112205505371,34453,0.0,0.0,0.0
2022-04-04 00:00:00+02:00,8.419112349095839,8.552303671580685,8.25788004447333,8.43313217163086,421560,0.0,0.0,0.0
2022-04-05 00:00:00+02:00,8.43313202477042,8.482203074122962,8.236849832961648,8.278910636901855,256222,0.0,0.0,0.0
2022-04-06 00:00:00+02:00,8.278910945694374,8.412102270827596,8.271900700020566,8.39808177947998,595256,0.0,0.0,0.0
2022-04-07 00:00:00+02:00,8.398081248483145,8.405091493713707,8.271900177001953,8.271900177001953,1214070,0.0,0.0,0.0
2022-04-10 00:00:00+02:00,8.271900177001953,8.34200062370622,8.271900177001953,8.271900177001953,8049,0.0,0.0,0.0
2022-04-11 00:00:00+02:00,8.271901140342866,8.271901140342866,8.131699562072754,8.131699562072754,431204,0.0,0.0,0.0
2022-04-12 00:00:00+02:00,8.1316984516092,8.271900010733408,7.921395778656006,7.921395778656006,974049,0.0,0.0,0.0
2022-04-13 00:00:00+02:00,7.921395778656006,7.991496223951225,7.711093105702812,7.921395778656006,1377272,0.0,0.0,0.0
2022-04-14 00:00:00+02:00,7.921395563655485,7.9143853187561035,7.7251133862090375,7.9143853187561035,1021039,0.0,0.0,0.0
2022-04-17 00:00:00+02:00,7.914384895357326,8.061596687700156,7.72511297293581,7.956445693969727,73441,0.0,0.0,0.0
2022-04-18 00:00:00+02:00,7.956446935583005,8.04757745448576,7.746144246770441,7.844285011291504,693927,0.0,0.0,0.0
2022-04-19 00:00:00+02:00,7.844284748970368,7.956446669511057,7.781194546116838,7.851294994354248,733133,0.0,0.0,0.0
2022-04-20 00:00:00+02:00,7.851294255855343,7.914385121308293,7.725113193483177,7.858304500579834,1122020,0.0,0.0,0.0
2022-04-21 00:00:00+02:00,7.8583059399897355,7.991497271483117,7.711094116479233,7.718104362487793,297745,0.0,0.0,0.0
2022-04-26 00:00:00+02:00,7.718103350792465,7.921395778656006,7.725113595882116,7.921395778656006,506603,0.0,0.0,0.0
2022-04-27 00:00:00+02:00,7.921395266159897,7.921395266159897,7.725113096085014,7.830264091491699,413109,0.0,0.0,0.0
2022-04-28 00:00:00+02:00,7.830264547560712,7.914385482492378,7.549861431121827,7.549861431121826,2093086,0.0,0.0,0.0
2022-05-08 00:00:00+02:00,7.549861617303591,8.012527105104098,7.5708916844216745,7.935415744781494,146368,0.0,0.0,0.0
2022-05-09 00:00:00+02:00,7.935415352221898,8.131698197393295,7.718103109506509,7.823254108428955,1403834,0.0,0.0,0.0
2022-05-10 00:00:00+02:00,7.823254193932371,7.788203637730558,7.500790280236453,7.711092948913574,3444068,0.0,0.0,0.0
2022-05-11 00:00:00+02:00,7.7110924506877545,7.732122515636554,7.56388065897873,7.5708909034729,1012730,0.0,0.0,0.0
2022-05-12 00:00:00+02:00,7.570891545066674,7.711093104162882,7.416669495793961,7.53584098815918,3535817,0.0,0.0,0.0
2022-05-15 00:00:00+02:00,7.535841700314555,7.71109383288001,7.451720756907196,7.633983135223389,59410,0.0,0.0,0.0
2022-05-16 00:00:00+02:00,7.6339820649672605,7.886344859809004,7.535840643817492,7.655012130737305,1319462,0.0,0.0,0.0
2022-05-17 00:00:00+02:00,7.65501217739597,7.725113288435046,7.640991687774658,7.640991687774658,136449,0.0,0.0,0.0
2022-05-18 00:00:00+02:00,7.640991687774658,7.711092798813734,7.577901490079979,7.640991687774658,362729,0.0,0.0,0.0
2022-05-19 00:00:00+02:00,7.6409928067996,7.6760433674523005,7.584912177168817,7.662023544311523,96234,0.0,0.0,0.0
2022-05-22 00:00:00+02:00,7.662023544311523,7.711093928105,7.57089235402804,7.662023544311523,19894,0.0,0.0,0.0
2022-05-23 00:00:00+02:00,7.662022764369247,7.851294702973075,7.5919216501996685,7.767173767089844,128563,0.0,0.0,0.0
2022-05-24 00:00:00+02:00,7.767174219919788,7.767174219919788,7.563881779216491,7.6760430335998535,383347,0.0,0.0,0.0
2022-05-25 00:00:00+02:00,7.676041896750613,7.676041896750613,7.500789795598618,7.5708909034729,65488,0.0,0.0,0.0
2022-05-26 00:00:00+02:00,7.5708909034729,7.598931212915871,7.521819860547419,7.5708909034729,54244,0.0,0.0,0.0
2022-05-29 00:00:00+02:00,7.5708909034729,7.7110924506877545,7.500789795598618,7.5708909034729,1262,0.0,0.0,0.0
2022-05-30 00:00:00+02:00,7.5708912452693236,7.6620224222066255,7.507800379040903,7.640991687774658,2858542,0.0,0.0,0.0
2022-05-31 00:00:00+02:00,7.640991320819472,7.662022054241447,7.430689334869385,7.430689334869385,3687130,0.0,0.0,0.0
2022-06-01 00:00:00+02:00,7.430689356258047,7.704082206193584,7.430689356258047,7.5708909034729,723540,0.0,0.0,0.0
2022-06-02 00:00:00+02:00,7.570891621636321,7.6129517555236825,7.430690061122157,7.612951755523682,1302030,0.0,0.0,0.0
2022-06-05 00:00:00+02:00,7.6129517555236825,7.6129517555236825,7.6129517555236825,7.612951755523682,0,0.0,0.0,0.0
2022-06-06 00:00:00+02:00,7.612951630920253,7.640991942564142,7.542851186077414,7.549861431121826,355098,0.0,0.0,0.0
2022-06-07 00:00:00+02:00,7.549861811561766,7.549861811561766,7.430690313936709,7.465740203857422,1180492,0.0,0.0,0.0
2022-06-08 00:00:00+02:00,7.465740347364143,7.6760430335998535,7.500790906492396,7.6760430335998535,312321,0.0,0.0,0.0
2022-06-09 00:00:00+02:00,7.676042670055759,8.040567398071289,7.542851353917025,8.040567398071289,448951,0.0,0.0,0.0
2022-06-12 00:00:00+02:00,8.040568325009188,7.921396816999073,7.711094116479233,7.718104362487793,31198,0.0,0.0,0.0
2022-06-13 00:00:00+02:00,7.718103674729512,7.935415933359418,7.570891864337017,7.851294994354248,114983,0.0,0.0,0.0
2022-06-14 00:00:00+02:00,7.851295354635452,7.7461443431872565,7.570892211751047,7.732123851776123,508761,0.0,0.0,0.0
2022-06-15 00:00:00+02:00,7.732123221967599,7.725113645366813,7.5638813499408455,7.577901840209961,811714,0.0,0.0,0.0
2022-06-16 00:00:00+02:00,7.577901936935725,7.6409921383507236,7.514811066986946,7.605942249298096,1035116,0.0,0.0,0.0
2022-06-19 00:00:00+02:00,7.605941804128207,7.697072312571779,7.430689694987316,7.451719760894775,543283,0.0,0.0,0.0
2022-06-20 00:00:00+02:00,7.451720072880403,7.500790451563514,7.395639449090056,7.4867706298828125,4106242,0.0,0.0,0.0
2022-06-21 00:00:00+02:00,7.486771737542724,7.528831877341353,7.318529172746604,7.360589981079102,571506,0.0,0.0,0.0
2022-06-22 00:00:00+02:00,7.360589981079102,7.528831877341353,7.255438963048662,7.360589981079102,780068,0.0,0.0,0.0
2022-06-23 00:00:00+02:00,7.360588701759896,7.3535784568339295,7.185336589813232,7.185336589813232,381477,0.0,0.0,0.0
2022-06-26 00:00:00+02:00,7.185336589813232,7.29048758956773,7.185336589813232,7.185336589813232,82252,0.0,0.0,0.0
2022-06-27 00:00:00+02:00,7.185337114607135,7.241417741043317,7.122246242732982,7.227397918701172,314415,0.0,0.0,0.0
2022-06-28 00:00:00+02:00,7.227397226730905,7.290487424030834,7.0451348739967,7.220386981964111,911107,0.0,0.0,0.0
2022-06-29 00:00:00+02:00,7.220386981964111,7.255437537264341,7.08018542929693,7.220386981964111,447218,0.0,0.0,0.0
2022-07-03 00:00:00+02:00,7.220387938271145,7.318528703869594,7.080186367034912,7.080186367034912,320248,0.0,0.0,0.0
2022-07-04 00:00:00+02:00,7.080185577242352,7.143275775860595,7.031114531383162,7.045135021209717,499017,0.0,0.0,0.0
2022-07-05 00:00:00+02:00,7.0451358070923975,7.080186367034912,6.975034687207368,7.080186367034912,777637,0.0,0.0,0.0
2022-07-06 00:00:00+02:00,7.080186489750059,7.080186489750059,6.982045053916776,7.003075122833252,292289,0.0,0.0,0.0
2022-07-07 00:00:00+02:00,7.003074383981676,7.206366811483031,6.939983515354743,7.010084629058838,265890,0.0,0.0,0.0
2022-07-17 00:00:00+02:00,7.010084838124728,7.010084838124728,6.83483271717161,6.876893520355225,160297,0.0,0.0,0.0
2022-07-18 00:00:00+02:00,6.876893520355225,7.010084838124728,6.83483271717161,6.876893520355225,4674463,0.0,0.0,0.0
2022-07-19 00:00:00+02:00,6.876893921608919,7.143276572690848,6.869883675913651,7.080186367034912,360152,0.0,0.0,0.0
2022-07-20 00:00:00+02:00,7.080185742762933,7.570891533090299,6.982044317283953,7.010084629058838,539087,0.0,0.0,0.0
2022-07-21 00:00:00+02:00,7.01008457863472,7.01008457863472,6.968023777008057,6.968023777008057,895711,0.0,0.0,0.0
2022-07-24 00:00:00+02:00,6.968024562283235,7.003075122833252,6.876894040800561,7.003075122833252,151868,0.0,0.0,0.0
2022-07-25 00:00:00+02:00,7.003074383981676,7.045135185910886,6.975034072206791,7.010084629058838,426012,0.0,0.0,0.0
2022-07-26 00:00:00+02:00,7.01008448013477,7.080185592349619,6.939983367919922,6.939983367919922,2866926,0.0,0.0,0.0
2022-07-27 00:00:00+02:00,6.939983819296677,7.003074690686723,6.904933929443359,6.904933929443359,1928581,0.0,0.0,0.0
2022-07-28 00:00:00+02:00,6.904933929443359,6.961014555449223,6.743701628276155,6.904933929443359,527626,0.0,0.0,0.0
2022-07-31 00:00:00+02:00,6.904933783598001,6.968023985121666,6.820812177832218,6.834832668304443,1175080,0.0,0.0,0.0
2022-08-01 00:00:00+02:00,6.83483297805722,6.897923850973927,6.806792664375774,6.8698835372924805,901722,0.0,0.0,0.0
2022-08-02 00:00:00+02:00,6.86988382005021,6.954004764556885,6.86287357420786,6.954004764556885,2321782,0.0,0.0,0.0
2022-08-03 00:00:00+02:00,6.954004233853913,6.975034301242188,6.680610683671188,6.77174186706543,1655387,0.0,0.0,0.0
2022-08-04 00:00:00+02:00,6.771741103633948,6.961013694391603,6.736690549582488,6.932973384857178,4050625,0.0,0.0,0.0
2022-08-07 00:00:00+02:00,6.932974102519351,6.982044482150654,6.869883232402657,6.975034236907959,4014133,0.0,0.0,0.0
2022-08-08 00:00:00+02:00,6.975034081697425,7.1502861976623535,6.939983524797685,7.1502861976623535,7537824,0.0,0.0,0.0
2022-08-09 00:00:00+02:00,7.150286818386116,7.164307309776651,7.010085247149883,7.080186367034912,960728,0.0,0.0,0.0
2022-08-10 00:00:00+02:00,7.080186367034912,7.129256749834137,7.010085247149883,7.080186367034912,2946883,0.0,0.0,0.0
2022-08-11 00:00:00+02:00,7.0801862477547255,7.255438375980993,7.024105620205025,7.24141788482666,1208044,0.0,0.0,0.0
2022-08-14 00:00:00+02:00,7.241417861289985,7.290488243103027,7.171316742813802,7.290488243103027,448257,0.0,0.0,0.0
2022-08-15 00:00:00+02:00,7.290487523157411,7.290487523157411,7.199357014084971,7.248427391052246,3022755,0.0,0.0,0.0
2022-08-16 00:00:00+02:00,7.248427256795403,7.353578253644434,7.22038694640008,7.318527698516846,1578965,0.0,0.0,0.0
2022-08-17 00:00:00+02:00,7.31852742888664,7.430689334869385,7.25543723422184,7.430689334869385,1497753,0.0,0.0,0.0
2022-08-18 00:00:00+02:00,7.430689334869385,7.430689334869385,7.430689334869385,7.430689334869385,0,0.0,0.0,0.0
2022-08-21 00:00:00+02:00,7.374609782327147,7.521820926361737,7.33955922342347,7.493780612945557,89560,0.0,0.0,0.0
2022-08-22 00:00:00+02:00,7.4937806596947905,7.500790905226019,7.360589337270486,7.395639896392822,640455,0.0,0.0,0.0
2022-08-23 00:00:00+02:00,7.395639896392822,7.395639896392822,7.395639896392822,7.395639896392822,0,0.0,0.0,0.0
2022-08-24 00:00:00+02:00,7.346568177739007,7.430689779391858,7.325538111592669,7.3395586013793945,2145747,0.0,0.0,0.0
2022-08-25 00:00:00+02:00,7.339558699054668,7.43068987827991,7.35357852049422,7.367599010467529,592956,0.0,0.0,0.0
2022-08-28 00:00:00+02:00,7.3676002272234955,7.521821631196958,7.325539418890998,7.360589981079102,177583,0.0,0.0,0.0
2022-08-29 00:00:00+02:00,7.3605886538205105,7.493779963877651,7.15028598714746,7.199357032775879,317318,0.0,0.0,0.0
2022-08-30 00:00:00+02:00,7.19935758300203,7.423680088046273,7.19935758300203,7.276468276977539,244622,0.0,0.0,0.0
2022-08-31 00:00:00+02:00,7.276468090172784,7.290487912111226,6.834832668304443,6.834832668304443,3605629,0.0,0.0,0.0
2022-09-01 00:00:00+02:00,6.834832513332367,7.12925612123554,6.911943203579859,7.010084629058838,2171665,0.0,0.0,0.0
2022-09-04 00:00:00+02:00,7.01008431869647,7.42367940046496,7.073175184530136,7.220386981964111,1016936,0.0,0.0,0.0
2022-09-05 00:00:00+02:00,7.220387145909315,7.311518324345632,7.150286033717149,7.185336589813232,600131,0.0,0.0,0.0
2022-09-06 00:00:00+02:00,7.185337040475276,7.325538605119255,7.080186034125742,7.094205856323242,1808070,0.0,0.0,0.0
2022-09-07 00:00:00+02:00,7.094205250296779,7.220386981964111,7.08018542929693,7.220386981964111,385356,0.0,0.0,0.0
2022-09-08 00:00:00+02:00,7.2203874786454145,7.2203874786454145,7.017095046160337,7.115235805511475,407550,0.0,0.0,0.0
2022-09-11 00:00:00+02:00,7.115235477621066,7.29048758956773,7.0801855900587345,7.185336589813232,355795,0.0,0.0,0.0
2022-09-12 00:00:00+02:00,7.185337001722133,7.38862943649292,7.206367069171859,7.38862943649292,532125,0.0,0.0,0.0
2022-09-13 00:00:00+02:00,7.3886290768937375,7.3886290768937375,7.290487652681839,7.367599010467529,519384,0.0,0.0,0.0
2022-09-14 00:00:00+02:00,7.367599582801716,7.556871532408232,7.304508710088273,7.395639896392822,1758720,0.0,0.0,0.0
2022-09-15 00:00:00+02:00,7.39563925785598,7.500790257610477,7.059154855280833,7.185336589813232,3334528,0.0,0.0,0.0
2022-09-18 00:00:00+02:00,7.18533662469834,7.220387180964595,7.0100845119008195,7.03111457824707,624657,0.0,0.0,0.0
2022-09-19 00:00:00+02:00,7.031114414945762,7.1853364578151435,7.00307410429076,7.066164970397949,1559432,0.0,0.0,0.0
2022-09-20 00:00:00+02:00,7.066165419461652,7.1853369144523445,6.975034236907958,6.975034236907959,740617,0.0,0.0,0.0
2022-09-21 00:00:00+02:00,6.975034546464451,7.108226537851681,6.8698835372924805,6.8698835372924805,1613709,0.0,0.0,0.0
2022-09-22 00:00:00+02:00,6.86988290958029,7.220387132839144,6.876893154493567,7.045135021209717,1348088,0.0,0.0,0.0
2022-09-25 00:00:00+02:00,7.0451350339626515,7.3535784568339295,7.0100844778665685,7.185336589813232,567358,0.0,0.0,0.0
2022-09-26 00:00:00+02:00,7.185337529083702,7.276468719432726,6.954004764556885,6.954004764556885,1670840,0.0,0.0,0.0
2022-09-27 00:00:00+02:00,6.95400417598673,7.129256296009514,7.010084800911319,7.115235805511475,7877716,0.0,0.0,0.0
2022-09-28 00:00:00+02:00,7.115236066300898,7.143276379790933,6.975034498850726,7.024105548858643,1269425,0.0,0.0,0.0
2022-09-29 00:00:00+02:00,7.024104808230057,7.220386981964111,7.0451348739967,7.220386981964111,1403698,0.0,0.0,0.0
2022-10-02 00:00:00+02:00,7.220387380203651,7.220387380203651,7.0801858198036705,7.08719539642334,243883,0.0,0.0,0.0
2022-10-03 00:00:00+02:00,7.087195166450949,7.241417212153465,7.115235477621066,7.185336589813232,1008338,0.0,0.0,0.0
2022-10-04 00:00:00+02:00,7.18533671750428,7.353578587514814,7.18533671750428,7.304508209228516,481122,0.0,0.0,0.0
2022-10-05 00:00:00+02:00,7.304508590108069,7.36058921636913,7.1923473375859475,7.276468276977539,3797645,0.0,0.0,0.0
2022-10-09 00:00:00+02:00,7.2764680432954645,7.458730407057498,7.220387418835419,7.374609470367432,388814,0.0,0.0,0.0
2022-10-10 00:00:00+02:00,7.374609470367432,7.528830853365665,7.360588979985532,7.374609470367432,1311237,0.0,0.0,0.0
2022-10-11 00:00:00+02:00,7.374609302599295,7.47976030393631,7.353578567504883,7.353578567504883,98448,0.0,0.0,0.0
2022-10-12 00:00:00+02:00,7.353578761021096,7.4306901213290075,7.360589006237048,7.409659385681152,2700284,0.0,0.0,0.0
2022-10-13 00:00:00+02:00,7.409660367022124,7.430691105455307,7.318529172746604,7.360589981079102,338199,0.0,0.0,0.0
2022-10-16 00:00:00+02:00,7.360589981079102,7.430691105455307,7.325539418890998,7.360589981079102,4223709,0.0,0.0,0.0
2022-10-17 00:00:00+02:00,7.360589981079102,7.423680859310912,7.360589981079102,7.360589981079102,219184,0.0,0.0,0.0
2022-10-18 00:00:00+02:00,7.360589361079412,7.690063548241005,7.395639920315124,7.626972675323486,1082344,0.0,0.0,0.0
2022-10-19 00:00:00+02:00,7.626971522358842,7.683052141244783,7.500789795598618,7.5708909034729,509632,0.0,0.0,0.0
2022-10-20 00:00:00+02:00,7.570892024748903,7.697073101663281,7.5568715336840775,7.6760430335998535,919898,0.0,0.0,0.0
2022-10-23 00:00:00+02:00,7.676042243294196,7.711092798813734,7.6059418007888615,7.640991687774658,77873,0.0,0.0,0.0
2022-10-24 00:00:00+02:00,7.640992316011655,8.047577188986438,7.640992316011655,7.991496562957764,1947423,0.0,0.0,0.0
2022-10-25 00:00:00+02:00,7.991495907716712,8.026546463244207,7.858304598952722,7.886344909667969,1160177,0.0,0.0,0.0
2022-10-26 00:00:00+02:00,7.88634490966797,7.88634490966797,7.88634490966797,7.886344909667969,0,0.0,0.0,0.0
2022-10-27 00:00:00+02:00,7.886344764543617,8.131697980187354,7.851294209661122,8.061596870422363,2261324,0.0,0.0,0.0
2022-10-30 00:00:00+02:00,8.061597337780213,8.1316984516092,7.900365711920817,7.921395778656006,1215957,0.0,0.0,0.0
2022-10-31 00:00:00+02:00,7.921396325698963,8.334991455078125,7.928406571272735,8.334991455078125,3153319,0.0,0.0,0.0
2022-11-01 00:00:00+02:00,8.33499081994989,8.271899951661108,8.068607525249343,8.124688148498535,2151945,0.0,0.0,0.0
2022-11-02 00:00:00+02:00,8.124688529186002,8.131698774554062,7.991496541328051,8.096648216247559,1106499,0.0,0.0,0.0
2022-11-03 00:00:00+02:00,8.096648430593815,8.131698989828228,7.998506998444224,8.103658676147461,831864,0.0,0.0,0.0
2022-11-06 00:00:00+02:00,8.10365745346028,8.124687518414365,8.02654610107244,8.054586410522461,122490,0.0,0.0,0.0
2022-11-07 00:00:00+02:00,8.054586854188887,8.208808898925781,8.033556788076412,8.208808898925781,1878038,0.0,0.0,0.0
2022-11-08 00:00:00+02:00,8.20881026298785,8.20881026298785,8.09664900037176,8.131699562072754,2361797,0.0,0.0,0.0
2022-11-09 00:00:00+02:00,8.131698268551936,9.40052318572998,8.082627222562804,9.40052318572998,3144194,0.0,0.0,0.0
2022-11-10 00:00:00+02:00,9.400523745949965,9.183211488382298,8.762606126878609,9.007959365844727,1089430,0.0,0.0,0.0
2022-11-13 00:00:00+02:00,9.007958916389635,9.113109917252116,8.97290835992422,9.043008804321289,1046672,0.0,0.0,0.0
2022-11-14 00:00:00+02:00,9.043009795778099,9.526706057257993,8.979919589463785,9.365473747253418,3243126,0.0,0.0,0.0
2022-11-15 00:00:00+02:00,9.365473196367192,9.407533999969843,9.120120625708742,9.288362503051758,795629,0.0,0.0,0.0
2022-11-16 00:00:00+02:00,9.288362741916785,9.526705741882324,9.21826162362087,9.526705741882324,759233,0.0,0.0,0.0
2022-11-17 00:00:00+02:00,9.526705321669494,10.234724044799805,9.533715566896634,10.234724044799805,2524994,0.0,0.0,0.0
2022-11-20 00:00:00+02:00,10.234723219173864,10.409975324512226,9.968339938835506,10.297813415527344,1236188,0.0,0.0,0.0
2022-11-21 00:00:00+02:00,11.204994707351785,10.365955352783203,9.915924803026607,10.365955352783203,2921762,1.189333,0.0,0.0
2022-11-22 00:00:00+02:00,10.365954084380396,10.754963569020166,10.23628425616714,10.602410316467285,3806990,0.0,0.0,0.0
2022-11-23 00:00:00+02:00,10.602410390346922,10.678687017154873,10.335443651374746,10.526134490966797,1827017,0.0,0.0,0.0
2022-11-24 00:00:00+02:00,10.5261337029335,10.671058410105505,10.335442877617414,10.579526901245117,1412965,0.0,0.0,0.0
2022-11-27 00:00:00+02:00,10.579526901245117,10.602409596603271,10.381208268333722,10.579526901245117,678431,0.0,0.0,0.0
2022-11-28 00:00:00+02:00,10.579527769569104,10.640548780484382,10.297305412228981,10.5642728805542,1506640,0.0,0.0,0.0
2022-11-29 00:00:00+02:00,10.564272730756885,10.602410316467285,10.419347286317212,10.602410316467285,2255180,0.0,0.0,0.0
2022-11-30 00:00:00+02:00,10.602410325884042,10.640548639056135,9.847274780273438,9.847274780273438,4529386,0.0,0.0,0.0
2022-12-01 00:00:00+02:00,9.847274768615765,10.487996101379395,9.854902576726719,10.487996101379395,1837254,0.0,0.0,0.0
2022-12-04 00:00:00+02:00,10.487996098209939,10.44985778509452,10.114242230020043,10.373581886291504,1191580,0.0,0.0,0.0
2022-12-05 00:00:00+02:00,10.373581732214614,10.51850644698728,10.198145785460536,10.2973051071167,1464149,0.0,0.0,0.0
2022-12-06 00:00:00+02:00,10.297305262873452,10.40409239414023,10.076103919656987,10.121870040893555,1089026,0.0,0.0,0.0
2022-12-07 00:00:00+02:00,10.121869962374152,10.617665846880472,10.07610384149261,10.58715534210205,3055637,0.0,0.0,0.0
2022-12-08 00:00:00+02:00,10.587155897772053,10.671059608459473,10.335444038281942,10.671059608459473,3728601,0.0,0.0,0.0
2022-12-11 00:00:00+02:00,10.671058313437024,10.671058313437024,10.160006848025278,10.289676666259766,690175,0.0,0.0,0.0
2022-12-12 00:00:00+02:00,10.289677611865994,10.487996261206023,10.160007781715038,10.42697525024414,1558148,0.0,0.0,0.0
2022-12-13 00:00:00+02:00,10.426974857672924,11.288897514343262,10.320187728796208,11.288897514343262,2208910,0.0,0.0,0.0
2022-12-14 00:00:00+02:00,11.288897678516015,11.281269870465076,10.754963481223111,10.8388671875,2822966,0.0,0.0,0.0
2022-12-15 00:00:00+02:00,10.838867108514023,11.708417579433444,10.838867108514023,11.441450119018555,3179648,0.0,0.0,0.0
2022-12-18 00:00:00+02:00,11.441450277837541,11.624513307700266,10.983791975752913,11.3804292678833,267544,0.0,0.0,0.0
2022-12-19 00:00:00+02:00,11.380429512454587,11.55586473798627,11.22024917602539,11.22024917602539,1664902,0.0,0.0,0.0
2022-12-20 00:00:00+02:00,11.220249472549643,11.807576903359793,11.311780991867023,11.48721694946289,1230029,0.0,0.0,0.0
2022-12-21 00:00:00+02:00,11.487216552442732,11.555864643987267,11.273642287322527,11.456706047058105,1173256,0.0,0.0,0.0
2022-12-22 00:00:00+02:00,11.456706393592647,11.510099597773785,11.044813467299813,11.06006908416748,675897,0.0,0.0,0.0
2022-12-25 00:00:00+02:00,11.060068528982537,11.060068528982537,10.678686855569346,10.8388671875,316722,0.0,0.0,0.0
2022-12-26 00:00:00+02:00,10.83886750859429,10.960909531313476,10.678687171918401,10.831239700317383,408057,0.0,0.0,0.0
2022-12-27 00:00:00+02:00,10.831239700317383,10.884633630827903,10.724453294152013,10.831239700317383,1035930,0.0,0.0,0.0
2022-12-28 00:00:00+02:00,10.831239700317383,10.869378014274087,10.45748582388292,10.831239700317383,895397,0.0,0.0,0.0
2022-12-29 00:00:00+02:00,10.831240478133436,10.915144920349121,10.678687938779309,10.915144920349121,618797,0.0,0.0,0.0
2023-01-02 00:00:00+02:00,10.915143893388654,11.06006861028274,10.762590640959742,10.991419792175293,743225,0.0,0.0,0.0
2023-01-03 00:00:00+02:00,10.991419950371437,11.060068769466927,10.67868708776117,10.815984725952148,674067,0.0,0.0,0.0
2023-01-04 00:00:00+02:00,10.815984490774996,11.060068528982537,10.465113322137748,10.8388671875,927701,0.0,0.0,0.0
2023-01-05 00:00:00+02:00,10.838867250147665,12.387276649475098,10.983791966814092,12.387276649475098,1520184,0.0,0.0,0.0
2023-01-09 00:00:00+02:00,12.387277430030133,12.928840200057273,12.127937757880076,12.471181869506836,1904876,0.0,0.0,0.0
2023-01-10 00:00:00+02:00,12.471182017455249,12.509319605930333,11.525354838258977,11.731301307678223,1725884,0.0,0.0,0.0
2023-01-11 00:00:00+02:00,11.731301672897512,12.150821706034808,11.540610814874006,12.013524055480957,1850089,0.0,0.0,0.0
2023-01-12 00:00:00+02:00,12.013522944044023,12.204213784425674,11.372801603973222,12.188958168029785,3723376,0.0,0.0,0.0
2023-01-15 00:00:00+02:00,12.188957764359346,12.23472461203132,11.716044583165994,12.04403305053711,520630,0.0,0.0,0.0
2023-01-16 00:00:00+02:00,12.044033422854058,12.85256290435791,11.822832077596146,12.85256290435791,1912975,0.0,0.0,0.0
2023-01-17 00:00:00+02:00,12.852562602612243,13.333102867896182,12.585595141963115,13.31784725189209,1952064,0.0,0.0,0.0
2023-01-18 00:00:00+02:00,13.31784691540034,13.645835376923186,12.85256227787648,13.233943939208984,900045,0.0,0.0,0.0
2023-01-19 00:00:00+02:00,13.233943774401077,13.500911224980287,12.814423079246444,13.180550575256348,731548,0.0,0.0,0.0
2023-01-22 00:00:00+02:00,13.180551537050867,13.172923728779933,12.85256305567904,12.928839683532715,50639,0.0,0.0,0.0
2023-01-23 00:00:00+02:00,12.928840188447166,13.195806214077436,12.745775692506802,12.814424514770508,1062645,0.0,0.0,0.0
2023-01-24 00:00:00+02:00,12.814423710778712,13.005114548468013,12.318627823757659,12.776286125183105,1111979,0.0,0.0,0.0
2023-01-25 00:00:00+02:00,12.77628595616913,12.944093367367808,12.356766700744629,12.356766700744629,1333775,0.0,0.0,0.0
2023-01-29 00:00:00+02:00,12.356767922209709,13.058510323184558,12.509319732509432,12.966978073120117,658122,0.0,0.0,0.0
2023-01-30 00:00:00+02:00,12.966976649324659,13.653463357435433,12.966976649324659,13.53904914855957,3759128,0.0,0.0,0.0
2023-01-31 00:00:00+02:00,13.539049154719542,13.729739987884606,13.279709505226606,13.653463363647461,4147778,0.0,0.0,0.0
2023-02-01 00:00:00+02:00,13.653464466100457,13.729741096496582,13.577187835704333,13.729741096496582,2666367,0.0,0.0,0.0
2023-02-02 00:00:00+02:00,13.729740463813334,13.729740463813334,13.577187210050926,13.722112655639648,7700977,0.0,0.0,0.0
2023-02-05 00:00:00+02:00,13.722112988411702,13.691603209832724,12.97460522753068,13.348359107971191,848384,0.0,0.0,0.0
2023-02-06 00:00:00+02:00,13.348359106829315,13.615326579937038,13.348359106829315,13.577187538146973,1810513,0.0,0.0,0.0
2023-02-07 00:00:00+02:00,13.577187685950499,13.874666395728678,13.355987060582828,13.767878532409668,2711458,0.0,0.0,0.0
2023-02-08 00:00:00+02:00,13.767878995773687,13.806018039262527,13.577188142896734,13.744997024536133,2358295,0.0,0.0,0.0
2023-02-09 00:00:00+02:00,13.744996700233338,14.149260367686503,13.500912647086738,13.86703872680664,1005089,0.0,0.0,0.0
2023-02-12 00:00:00+02:00,13.867038740238462,14.111122793621487,13.729741096496582,13.729741096496582,2109301,0.0,0.0,0.0
2023-02-13 00:00:00+02:00,13.729741096496582,13.889920710958298,13.60769906980507,13.729741096496582,1825334,0.0,0.0,0.0
2023-02-14 00:00:00+02:00,13.729740945060115,13.88229420416973,13.729740945060115,13.767878532409668,424072,0.0,0.0,0.0
2023-02-15 00:00:00+02:00,13.767878684266785,13.867038740238462,13.577187835704333,13.729741096496582,842311,0.0,0.0,0.0
2023-02-16 00:00:00+02:00,13.72974046599031,13.897547881271047,13.72974046599031,13.836526870727539,813873,0.0,0.0,0.0
2023-02-19 00:00:00+02:00,13.836526870727539,13.874665911602012,13.72974046599031,13.836526870727539,9666,0.0,0.0,0.0
2023-02-20 00:00:00+02:00,13.83652686853363,13.790761474347168,13.699229231118592,13.722112655639648,352827,0.0,0.0,0.0
2023-02-21 00:00:00+02:00,13.722112655639648,13.729740463813334,13.554305240385519,13.722112655639648,2201411,0.0,0.0,0.0
2023-02-22 00:00:00+02:00,13.722113287971398,13.729741096496582,12.966977702246771,13.729741096496582,1735352,0.0,0.0,0.0
2023-02-23 00:00:00+02:00,13.729741096496582,13.767878684266785,13.462773617538005,13.729741096496582,915094,0.0,0.0,0.0
2023-02-26 00:00:00+02:00,13.729741096496582,13.767878684266785,13.577187835704333,13.729741096496582,57616,0.0,0.0,0.0
2023-02-27 00:00:00+02:00,13.729740147650856,13.91280317503686,13.485656111136183,13.844154357910156,1047073,0.0,0.0,0.0
2023-02-28 00:00:00+02:00,13.844154970396383,14.126378059387207,13.577187498076563,14.126378059387207,2962572,0.0,0.0,0.0
2023-03-01 00:00:00+02:00,14.126377281252017,14.408598899841309,13.737367806703675,14.408598899841309,2252246,0.0,0.0,0.0
2023-03-02 00:00:00+02:00,14.408600051825083,14.339951229954144,13.729741096496582,13.729741096496582,4128272,0.0,0.0,0.0
2023-03-05 00:00:00+02:00,13.729740614415025,13.958569042713009,13.577187358979259,13.683975219726562,27712,0.0,0.0,0.0
2023-03-06 00:00:00+02:00,13.683974582726616,13.912803000372454,13.386495893960308,13.42463493347168,663722,0.0,0.0,0.0
2023-03-07 00:00:00+02:00,13.424636413730802,13.722113680442657,12.3949055110707,12.966978073120117,528181,0.0,0.0,0.0
2023-03-08 00:00:00+02:00,12.966976807017735,12.966976807017735,11.441450123839177,11.555864334106445,3129350,0.0,0.0,0.0
2023-03-09 00:00:00+02:00,11.55586504118685,11.929619654280033,11.601631164550781,11.601631164550781,3458291,0.0,0.0,0.0
2023-03-12 00:00:00+02:00,11.601631116696243,11.670279937745049,10.67868739160998,11.06006908416748,1271669,0.0,0.0,0.0
2023-03-13 00:00:00+02:00,11.060068445361132,11.21262096808745,10.564272564643653,10.686314582824707,4887802,0.0,0.0,0.0
2023-03-14 00:00:00+02:00,10.686314025296122,10.907515353565671,10.579526901245117,10.579526901245117,4302445,0.0,0.0,0.0
2023-03-15 00:00:00+02:00,10.579527846602105,10.983792228716364,10.640548857961697,10.831239700317383,2386980,0.0,0.0,0.0
2023-03-16 00:00:00+02:00,10.8312392130688,10.861749717376068,10.144752502441406,10.144752502441406,11136886,0.0,0.0,0.0
2023-03-19 00:00:00+02:00,10.14475298429069,10.449858041855048,9.763371298621324,10.190518379211426,437565,0.0,0.0,0.0
2023-03-20 00:00:00+02:00,10.190517972592707,10.35069830327949,10.068475954436645,10.182890892028809,792868,0.0,0.0,0.0
2023-03-21 00:00:00+02:00,10.182890665013751,10.419346888062668,10.182890665013751,10.32018756866455,645062,0.0,0.0,0.0
2023-03-22 00:00:00+02:00,10.320187262426797,10.579526901245117,10.297304567068643,10.579526901245117,1269245,0.0,0.0,0.0
2023-03-23 00:00:00+02:00,10.579528077463737,10.983792468399669,10.312561328796852,10.808357238769531,779092,0.0,0.0,0.0
2023-03-26 00:00:00+02:00,10.8083575952241,11.441451168344958,10.98379283064001,11.227877616882324,760461,0.0,0.0,0.0
2023-03-27 00:00:00+02:00,11.227876804137976,13.340730922021512,11.204993379709663,12.05928897857666,2967415,0.0,0.0,0.0
2023-03-28 00:00:00+02:00,12.05928905309715,12.654244270781213,11.90673579901031,12.577967643737793,998466,0.0,0.0,0.0
2023-03-29 00:00:00+02:00,12.577967922014171,13.348359107971191,12.089799825905045,13.348359107971191,1563390,0.0,0.0,0.0
2023-03-30 00:00:00+02:00,13.348359107971191,13.348359107971191,12.219469658290992,13.348359107971191,1237676,0.0,0.0,0.0
2023-04-02 00:00:00+02:00,13.348359768304539,13.38649735712882,12.974605869374702,13.195806503295898,347084,0.0,0.0,0.0
2023-04-03 00:00:00+02:00,13.195805860267189,13.714485190194528,13.195805860267189,13.325475692749023,1512863,0.0,0.0,0.0
2023-04-04 00:00:00+02:00,13.325476354923012,13.348359781153063,12.585596365087174,12.966978073120117,479987,0.0,0.0,0.0
2023-04-05 00:00:00+02:00,12.966977270031716,12.966977270031716,12.58559558561902,12.928839683532715,350513,0.0,0.0,0.0
2023-04-06 00:00:00+02:00,12.928840185352255,12.95934996476453,12.600851691249895,12.608479499816895,82746,0.0,0.0,0.0
2023-04-09 00:00:00+02:00,12.608478704840163,12.814423703741223,12.50931865457703,12.547457695007324,129945,0.0,0.0,0.0
2023-04-10 00:00:00+02:00,12.547458507068837,12.738149356994773,12.516947272749938,12.562712669372559,43067,0.0,0.0,0.0
2023-04-11 00:00:00+02:00,12.5627126077422,13.340731620788574,12.631361429767217,13.340731620788574,634397,0.0,0.0,0.0
2023-04-12 00:00:00+02:00,13.340731498739553,13.264454868870056,12.776286765474412,12.875445365905762,612117,0.0,0.0,0.0
2023-04-13 00:00:00+02:00,12.875444566273927,13.150039834808041,12.822051365137987,12.95172119140625,156465,0.0,0.0,0.0
2023-04-18 00:00:00+02:00,12.951722455633417,13.19580651599758,12.928840484259126,12.966978073120117,610736,0.0,0.0,0.0
2023-04-19 00:00:00+02:00,12.96697775174843,13.195806188954643,12.814424490373808,12.974605560302734,742039,0.0,0.0,0.0
2023-04-26 00:00:00+02:00,12.974604293114435,13.233943939208984,12.890699862067498,13.233943939208984,286877,0.0,0.0,0.0
2023-04-27 00:00:00+02:00,13.233944742291046,13.432263392801287,13.027998283508603,13.272082328796387,850377,0.0,0.0,0.0
2023-04-30 00:00:00+03:00,13.272082826676641,13.500912718859864,12.890701127893658,13.066136360168457,226334,0.0,0.0,0.0
2023-05-01 00:00:00+03:00,13.066136360168457,13.066136360168457,13.066136360168457,13.066136360168457,0,0.0,0.0,0.0
2023-05-02 00:00:00+03:00,13.256826712251984,13.409379967984682,12.966977272186657,13.272082328796387,1175939,0.0,0.0,0.0
2023-05-03 00:00:00+03:00,13.272082992487718,13.340731815514758,13.005115509033203,13.005115509033203,110195,0.0,0.0,0.0
2023-05-07 00:00:00+03:00,13.005114875318366,13.119530544692,12.730521051446392,12.768658638000488,185016,0.0,0.0,0.0
2023-05-08 00:00:00+03:00,12.76865926515113,13.04325455736591,12.776287073807735,12.890701293945312,982901,0.0,0.0,0.0
2023-05-09 00:00:00+03:00,12.890701293945312,13.04325455736591,12.86019151417464,12.890701293945312,316009,0.0,0.0,0.0
2023-05-10 00:00:00+03:00,12.890700499773443,12.966977126784483,12.738148700607017,12.829679489135742,103233,0.0,0.0,0.0
2023-05-11 00:00:00+03:00,12.829679323468108,12.9517213431676,12.43304203201694,12.661871910095215,518471,0.0,0.0,0.0
2023-05-14 00:00:00+03:00,12.661872221583126,12.814424022532519,12.585595593680594,12.677127838134766,88709,0.0,0.0,0.0
2023-05-15 00:00:00+03:00,12.677128032428527,12.852563260894158,12.204214096069336,12.204214096069336,556107,0.0,0.0,0.0
2023-05-16 00:00:00+03:00,12.204213945022055,12.3567672012771,12.051661416194847,12.127937316894531,668023,0.0,0.0,0.0
2023-05-17 00:00:00+03:00,12.127937153590468,12.356767034891815,11.632141259721031,11.960129737854004,560615,0.0,0.0,0.0
2023-05-18 00:00:00+03:00,11.960129414432538,12.356766700744629,11.74655515529781,12.356766700744629,1283108,0.0,0.0,0.0
2023-05-21 00:00:00+03:00,12.35676774201175,13.264455146397264,12.35676774201175,13.188179969787598,453299,0.0,0.0,0.0
2023-05-22 00:00:00+03:00,13.188179685699334,13.119530864344817,12.547458322960987,12.783914566040039,161588,0.0,0.0,0.0
2023-05-23 00:00:00+03:00,12.78391488246434,13.00511551408289,12.738149485380458,12.890701293945312,73573,0.0,0.0,0.0
2023-05-24 00:00:00+03:00,12.890701071850648,13.729741096496582,12.669500444043175,13.729741096496582,568782,0.0,0.0,0.0
2023-05-25 00:00:00+03:00,13.729741440853939,13.95856988292587,12.974605836189662,13.470401763916016,278865,0.0,0.0,0.0
2023-05-28 00:00:00+03:00,13.470401426063189,13.806017726892707,13.195806138579428,13.729741096496582,146663,0.0,0.0,0.0
2023-05-29 00:00:00+03:00,13.729740148513104,14.103494011306621,13.394123870856545,14.095866203308105,494536,0.0,0.0,0.0
2023-05-30 00:00:00+03:00,14.095865728814978,14.683193831229495,13.966195906916392,14.576407432556152,373406,0.0,0.0,0.0
2023-05-31 00:00:00+03:00,14.576409673157002,15.102715394538183,14.492505229956036,14.5458984375,2387473,0.0,0.0,0.0
2023-06-01 00:00:00+03:00,14.545896366139411,15.041692236117198,13.981451680564868,14.49250316619873,477731,0.0,0.0,0.0
2023-06-04 00:00:00+03:00,14.492504316699586,14.797609379764227,13.920431777882497,14.019590377807617,77133,0.0,0.0,0.0
2023-06-05 00:00:00+03:00,14.019589577298126,14.339950238937536,13.844154357910156,13.844154357910156,672840,0.0,0.0,0.0
2023-06-06 00:00:00+03:00,13.844154049371355,14.568779789623525,13.97382387273683,14.49250316619873,3623773,0.0,0.0,0.0
2023-06-07 00:00:00+03:00,14.492503167999763,14.492503167999763,13.920430674526088,14.217907905578613,917877,0.0,0.0,0.0
2023-06-08 00:00:00+03:00,14.217908531327682,14.492503805834136,14.004335722138794,14.362833976745605,1613588,0.0,0.0,0.0
2023-06-11 00:00:00+03:00,14.362834136752062,14.4162273396441,14.271301892611664,14.301813125610352,390895,0.0,0.0,0.0
2023-06-12 00:00:00+03:00,14.301813593279142,14.492504441189531,14.301813593279142,14.48487663269043,617420,0.0,0.0,0.0
2023-06-13 00:00:00+03:00,14.484876321321144,14.492504129656277,14.30181328584501,14.469620704650879,1884746,0.0,0.0,0.0
2023-06-14 00:00:00+03:00,14.469618963667678,14.86625622023712,14.301811565052379,14.68319320678711,1635268,0.0,0.0,0.0
2023-06-15 00:00:00+03:00,14.683194625377654,15.255267143249512,14.683194625377654,15.255267143249512,1165309,0.0,0.0,0.0
2023-06-18 00:00:00+03:00,15.25526607468551,16.330762216562395,15.270521689925525,16.071422576904297,296961,0.0,0.0,0.0
2023-06-19 00:00:00+03:00,16.071423218388,16.58247471048258,15.903615808616497,16.056167602539062,866333,0.0,0.0,0.0
2023-06-20 00:00:00+03:00,16.05616854475519,16.460433659341703,15.949382137257343,16.307880401611328,275261,0.0,0.0,0.0
2023-06-21 00:00:00+03:00,16.307881538033794,16.307881538033794,15.941755439794047,16.01803207397461,443629,0.0,0.0,0.0
2023-06-22 00:00:00+03:00,16.01803207397461,16.20109512309448,15.636650357927595,16.01803207397461,1468406,0.0,0.0,0.0
2023-06-25 00:00:00+03:00,16.01803207397461,16.01803207397461,15.33154527606114,16.01803207397461,1045891,0.0,0.0,0.0
2023-06-26 00:00:00+03:00,16.018030790362722,16.27737045288086,15.522234890203583,16.27737045288086,1136012,0.0,0.0,0.0
2023-07-04 00:00:00+03:00,16.277370471099957,16.277370471099957,14.957790187010824,15.773946762084961,1184685,0.0,0.0,0.0
2023-07-05 00:00:00+03:00,15.773946140367588,16.010402368953525,15.026438414608426,15.102713584899902,201754,0.0,0.0,0.0
2023-07-06 00:00:00+03:00,15.10271454859685,15.24764000013839,14.500132226681117,14.645057678222656,268637,0.0,0.0,0.0
2023-07-09 00:00:00+03:00,14.64505624737632,15.026437905330333,14.111121344298475,14.576407432556152,70632,0.0,0.0,0.0
2023-07-10 00:00:00+03:00,14.576409225101193,14.492504784479316,13.92806003587702,14.225537300109863,1718200,0.0,0.0,0.0
2023-07-11 00:00:00+03:00,14.225536028678235,14.416226864062276,13.73736795564889,13.844154357910156,1840594,0.0,0.0,0.0
2023-07-12 00:00:00+03:00,13.844154830432549,14.225536514217774,13.844154830432549,13.912803649902344,2354438,0.0,0.0,0.0
2023-07-13 00:00:00+03:00,13.912802864968112,14.72133158161753,14.004335104048982,14.49250316619873,413267,0.0,0.0,0.0
2023-07-16 00:00:00+03:00,14.492504603962402,14.68319545401454,14.202655152019675,14.423855781555176,189740,0.0,0.0,0.0
2023-07-17 00:00:00+03:00,14.423854991811464,14.805236671034095,14.278929546347282,14.591662406921387,1043915,0.0,0.0,0.0
2023-07-18 00:00:00+03:00,14.591663018813671,14.721332853381215,14.56115323972139,14.645057678222656,1997041,0.0,0.0,0.0
2023-07-19 00:00:00+03:00,14.645057678222656,14.645057678222656,14.645057678222656,14.645057678222656,0,0.0,0.0,0.0
2023-07-24 00:00:00+03:00,14.484876659116061,14.492504467629077,13.9967085531287,14.210281372070312,264101,0.0,0.0,0.0
2023-07-25 00:00:00+03:00,14.210280560741863,14.48487583210974,13.844154502155115,13.943314552307129,400074,0.0,0.0,0.0
2023-07-26 00:00:00+03:00,13.943315551623417,14.111122976788513,13.53142261505127,13.53142261505127,711748,0.0,0.0,0.0
2023-07-27 00:00:00+03:00,13.531421169494552,14.072983885111608,13.195804900162384,13.233943939208984,945318,0.0,0.0,0.0
2023-07-30 00:00:00+03:00,13.233943964892825,14.492503158761526,13.279709356981982,14.37808895111084,676623,0.0,0.0,0.0
2023-07-31 00:00:00+03:00,14.378089590725054,14.492503803465494,14.111122124426927,14.248419761657715,1161775,0.0,0.0,0.0
2023-08-01 00:00:00+03:00,14.248420980644552,14.263676598276604,13.287338892661793,13.386497497558594,1050959,0.0,0.0,0.0
2023-08-02 00:00:00+03:00,13.38649698714188,13.95094317915977,13.470401426063189,13.729741096496582,2450615,0.0,0.0,0.0
2023-08-03 00:00:00+03:00,13.729739981637874,14.111121647794482,13.53904914855957,13.53904914855957,290971,0.0,0.0,0.0
2023-08-06 00:00:00+03:00,13.539049150159205,14.07298406478378,13.577186734837133,13.928058624267578,833070,0.0,0.0,0.0
2023-08-07 00:00:00+03:00,13.92805910686722,14.294185169941546,13.775505853158426,13.973824501037598,1175206,0.0,0.0,0.0
2023-08-08 00:00:00+03:00,13.97382484362955,14.263675741811314,13.577187538146973,13.577187538146973,777221,0.0,0.0,0.0
2023-08-09 00:00:00+03:00,13.577187194007584,13.989080105765987,13.722112639425058,13.882293701171875,850073,0.0,0.0,0.0
2023-08-10 00:00:00+03:00,13.882293717575742,13.981452314122352,13.691602877800557,13.722112655639648,852191,0.0,0.0,0.0
2023-08-13 00:00:00+03:00,13.722113136619063,13.88229420416973,13.539050098600946,13.767878532409668,728209,0.0,0.0,0.0
2023-08-14 00:00:00+03:00,13.767878382530249,14.187399113086867,13.577187538146973,13.577187538146973,522179,0.0,0.0,0.0
2023-08-15 00:00:00+03:00,13.577187835704333,13.867038740238462,13.272082768975553,13.729741096496582,930781,0.0,0.0,0.0
2023-08-16 00:00:00+03:00,13.729741446968465,13.806018079311663,13.355987548828125,13.355987548828125,266298,0.0,0.0,0.0
2023-08-17 00:00:00+03:00,13.355986916329856,13.638208551322064,13.279710287598885,13.348359107971191,1289652,0.0,0.0,0.0
2023-08-20 00:00:00+03:00,13.348359399371677,14.156888189916875,13.554305864984498,13.729741096496582,1226278,0.0,0.0,0.0
2023-08-21 00:00:00+03:00,13.72974124020093,14.492504642434316,13.8822945025899,13.920432090759277,1403575,0.0,0.0,0.0
2023-08-22 00:00:00+03:00,13.920430987114607,15.636648506073943,14.187398447701627,15.102713584899902,3403024,0.0,0.0,0.0
2023-08-23 00:00:00+03:00,15.102713584899902,15.476468902635101,14.88914078031478,15.102713584899902,1921174,0.0,0.0,0.0
2023-08-24 00:00:00+03:00,15.102714217427517,15.255267474110896,14.767099380493164,14.767099380493164,2475563,0.0,0.0,0.0
2023-08-27 00:00:00+03:00,14.767098587890215,15.255266655306222,14.942533805260894,14.957789421081543,4938676,0.0,0.0,0.0
2023-08-28 00:00:00+03:00,14.957789418738457,15.62139270342119,14.965417226647586,15.095087051391602,935658,0.0,0.0,0.0
2023-08-29 00:00:00+03:00,15.095088152260276,16.01040334527487,15.178991135668465,15.285778999328613,657704,0.0,0.0,0.0
2023-08-30 00:00:00+03:00,15.28577945672244,15.812085162883498,15.278151648028775,15.583256721496582,272884,0.0,0.0,0.0
2023-08-31 00:00:00+03:00,15.583256721496582,15.583256721496582,15.583256721496582,15.583256721496582,0,0.0,0.0,0.0
2023-09-03 00:00:00+03:00,15.484095545944847,16.780793833178144,15.537490202947337,16.399412155151367,1508146,0.0,0.0,0.0
2023-09-04 00:00:00+03:00,16.399412457535128,18.91653099698197,16.49857105551396,16.551965713500977,2975614,0.0,0.0,0.0
2023-09-05 00:00:00+03:00,16.55196522466286,18.298692534120892,16.780793646997854,17.764759063720703,4077514,0.0,0.0,0.0
2023-09-06 00:00:00+03:00,17.764761191506622,18.268184944826018,17.16217737640431,17.406261444091797,3055510,0.0,0.0,0.0
2023-09-07 00:00:00+03:00,17.406260301433882,18.06986508989482,17.543557944208953,17.856290817260742,3650060,0.0,0.0,0.0
2023-09-10 00:00:00+03:00,17.856290817260742,17.856290817260742,17.856290817260742,17.856290817260742,0,0.0,0.0,0.0
2023-09-11 00:00:00+03:00,18.687701703118705,19.030945785730474,17.97833156895812,18.230043411254883,3009939,0.0,0.0,0.0
2023-09-12 00:00:00+03:00,18.230045284911725,18.61142699152015,18.008844651603827,18.504640579223633,3116483,0.0,0.0,0.0
2023-09-13 00:00:00+03:00,18.504638506622392,18.75635034659689,18.45887311431492,18.588542938232422,1266019,0.0,0.0,0.0
2023-09-14 00:00:00+03:00,18.58854358303996,18.695329987080186,18.565660158664638,18.687702178955078,1469944,0.0,0.0,0.0
2023-09-17 00:00:00+03:00,18.687701544395722,18.977550969029483,18.649563959920826,18.817371368408203,1456089,0.0,0.0,0.0
2023-09-18 00:00:00+03:00,18.817371842730697,18.947041670011714,18.695329823508047,18.88602066040039,682581,0.0,0.0,0.0
2023-09-19 00:00:00+03:00,18.88602237969746,19.38944611853419,18.725841305600813,19.198755264282227,2665353,0.0,0.0,0.0
2023-09-20 00:00:00+03:00,19.198755264282227,19.198755264282227,19.198755264282227,19.198755264282227,0,0.0,0.0,0.0
2023-09-21 00:00:00+03:00,19.198755264282227,19.198755264282227,19.198755264282227,19.198755264282227,0,0.0,0.0,0.0
2023-09-24 00:00:00+03:00,19.198755264282227,19.198755264282227,19.198755264282227,19.198755264282227,0,0.0,0.0,0.0
2023-09-25 00:00:00+03:00,18.687702178955078,18.98517942155607,18.649564593185183,18.687702178955078,354120,0.0,0.0,0.0
2023-09-26 00:00:00+03:00,18.687703948659998,18.931788012355366,18.497013092041016,18.497013092041016,633586,0.0,0.0,0.0
2023-09-27 00:00:00+03:00,18.497013092041016,18.497013092041016,18.497013092041016,18.497013092041016,0,0.0,0.0,0.0
2023-10-01 00:00:00+03:00,18.497013092041016,18.497013092041016,18.497013092041016,18.497013092041016,0,0.0,0.0,0.0
2023-10-02 00:00:00+03:00,19.023320106158646,19.259776359048736,18.3139498926326,18.5351505279541,341702,0.0,0.0,0.0
2023-10-03 00:00:00+03:00,18.535149089897182,18.870765376088425,18.3597138660369,18.374969482421875,230302,0.0,0.0,0.0
2023-10-04 00:00:00+03:00,18.374970152151246,18.34445891826922,17.970705032348633,17.970705032348633,1673089,0.0,0.0,0.0
2023-10-08 00:00:00+03:00,17.970705506427585,18.306321813705118,17.23845333221014,17.92494010925293,1217903,0.0,0.0,0.0
2023-10-09 00:00:00+03:00,17.924939815528486,18.23004488311953,17.65797233581543,17.65797233581543,298161,0.0,0.0,0.0
2023-10-10 00:00:00+03:00,17.657971214803254,19.04620027535289,17.764759072822507,18.611425399780273,1079436,0.0,0.0,0.0
2023-10-11 00:00:00+03:00,18.611426521712772,18.893649617615395,18.283438029532,18.321577072143555,393325,0.0,0.0,0.0
2023-10-12 00:00:00+03:00,18.32157597146214,18.763978655188488,18.26055496180525,18.725839614868164,1067300,0.0,0.0,0.0
2023-10-15 00:00:00+03:00,18.72583832171007,18.870763755207864,18.542775305381266,18.641935348510742,462306,0.0,0.0,0.0
2023-10-16 00:00:00+03:00,18.641936940754157,19.831847375951675,18.619053516187716,18.992807388305664,1848580,0.0,0.0,0.0
2023-10-17 00:00:00+03:00,18.99280852951664,20.747165237254258,18.535150194678316,20.518335342407227,3358507,0.0,0.0,0.0
2023-10-18 00:00:00+03:00,20.518333598730464,22.6540718281927,20.289505178185333,20.82343864440918,2299444,0.0,0.0,0.0
2023-10-19 00:00:00+03:00,20.82343864440918,20.82343864440918,20.82343864440918,20.82343864440918,0,0.0,0.0,0.0
2023-10-22 00:00:00+03:00,19.83184790298727,21.28109803569597,19.8699854900892,21.197195053100586,969563,0.0,0.0,0.0
2023-10-23 00:00:00+03:00,21.197193962078174,21.357373565488643,20.22848416904959,20.82343864440918,2557806,0.0,0.0,0.0
2023-10-24 00:00:00+03:00,23.191428205655217,21.49242242882192,20.133219103593824,20.642919540405273,2634777,2.7875,0.0,0.0
2023-10-25 00:00:00+03:00,20.642918817554612,21.23757146674265,20.659909263599555,20.999710083007812,1869426,0.0,0.0,0.0
2023-10-26 00:00:00+03:00,20.999711130279888,21.543394088745117,20.447534568666725,21.543394088745117,2284034,0.0,0.0,0.0
2023-10-29 00:00:00+02:00,21.543393630896475,21.662323516018418,21.093156519609146,21.288541793823242,2394360,0.0,0.0,0.0
2023-10-30 00:00:00+02:00,21.288542033923346,24.465682657669912,21.339513374091766,23.760595321655273,3465918,0.0,0.0,0.0
2023-10-31 00:00:00+02:00,23.76059451455997,25.383144854615296,22.3419246673584,22.3419246673584,7662955,0.0,0.0,0.0
2023-11-01 00:00:00+02:00,22.341924717970823,22.962063041307886,21.280046135932324,21.449947357177734,6112463,0.0,0.0,0.0
2023-11-02 00:00:00+02:00,21.449948989428005,23.361330582545353,21.6623247219966,22.08707618713379,2081211,0.0,0.0,0.0
2023-11-05 00:00:00+02:00,22.08707600719524,23.429290561282098,22.341926236082042,22.51182746887207,1535529,0.0,0.0,0.0
2023-11-06 00:00:00+02:00,22.511826511370977,23.10647918054533,21.66232362414943,22.172025680541992,1271546,0.0,0.0,0.0
2023-11-07 00:00:00+02:00,22.17202579223186,23.57370523914863,22.180521015582652,22.860122680664062,1494186,0.0,0.0,0.0
2023-11-08 00:00:00+02:00,22.860122573164357,23.29336924022823,22.47784562566736,22.851627349853516,2985063,0.0,0.0,0.0
2023-11-09 00:00:00+02:00,22.851626234597425,23.225407940541455,22.596776028902646,22.93657684326172,2446616,0.0,0.0,0.0
2023-11-12 00:00:00+02:00,22.93657907187698,23.021529688795436,22.63075749908985,22.962064743041992,487785,0.0,0.0,0.0
2023-11-13 00:00:00+02:00,22.962063762981163,24.82247393056868,22.715707146462403,24.635583877563477,2304314,0.0,0.0,0.0
2023-11-14 00:00:00+02:00,24.635584240926885,24.949901028656125,23.87103195061293,24.0069522857666,1712096,0.0,0.0,0.0
2023-11-15 00:00:00+02:00,24.006952095786886,24.23631826715544,23.29336953172797,23.531230926513672,1539472,0.0,0.0,0.0
2023-11-16 00:00:00+02:00,23.531230843596916,24.015447234581053,23.378320063223356,23.743606567382812,1953028,0.0,0.0,0.0
2023-11-19 00:00:00+02:00,23.74360681700247,24.380733995058367,23.658656202535376,23.786081314086914,805558,0.0,0.0,0.0
2023-11-20 00:00:00+02:00,23.786081314086914,24.151367822086677,23.70113069961982,23.786081314086914,987659,0.0,0.0,0.0
2023-11-21 00:00:00+02:00,23.786081314086914,24.083407654572643,23.49725019707772,23.786081314086914,2121290,0.0,0.0,0.0
2023-11-22 00:00:00+02:00,23.786080096914535,23.998455812065558,23.208417892456055,23.208417892456055,3386139,0.0,0.0,0.0
2023-11-23 00:00:00+02:00,23.20841749474898,23.59918964648548,22.89410234907862,22.93657684326172,1792979,0.0,0.0,0.0
2023-11-26 00:00:00+02:00,22.936578415798344,23.225409532880402,22.596777578142454,23.10647964477539,2169785,0.0,0.0,0.0
2023-11-27 00:00:00+02:00,23.106479962837597,23.48875530285069,22.435371881468438,22.715707778930664,2771109,0.0,0.0,0.0
2023-11-28 00:00:00+02:00,22.715706841883062,22.93657778536308,21.72178840637207,21.72178840637207,2105126,0.0,0.0,0.0
2023-11-29 00:00:00+02:00,21.721789336034753,22.256977081298828,21.53489927753679,22.256977081298828,1058937,0.0,0.0,0.0
2023-11-30 00:00:00+02:00,22.256976628560928,22.511826850446706,20.812821050412992,22.002124786376953,4300385,0.0,0.0,0.0
2023-12-03 00:00:00+02:00,22.002123991835695,22.256975824816454,21.44994745082459,22.112560272216797,521847,0.0,0.0,0.0
2023-12-04 00:00:00+02:00,22.112560536889507,23.395310079381723,21.83222465146393,22.834636688232422,2491825,0.0,0.0,0.0
2023-12-05 00:00:00+02:00,22.834638025975366,23.191429321082712,22.443867456252118,22.766677856445312,509553,0.0,0.0,0.0
2023-12-06 00:00:00+02:00,22.766677856445312,22.85162847343244,22.426877008795042,22.766677856445312,428220,0.0,0.0,0.0
2023-12-07 00:00:00+02:00,22.766676737043277,22.89410346640772,22.00212446234745,22.851627349853516,772390,0.0,0.0,0.0
2023-12-10 00:00:00+02:00,22.85162781409294,23.276379266474958,22.554301473365886,22.91109275817871,1450919,0.0,0.0,0.0
2023-12-11 00:00:00+02:00,22.911091824855042,22.94507271740447,22.528816505462807,22.79216194152832,1596714,0.0,0.0,0.0
2023-12-12 00:00:00+02:00,22.792161294621852,23.1064780605903,22.639250523085746,22.93657684326172,989842,0.0,0.0,0.0
2023-12-13 00:00:00+02:00,22.93657848502668,24.54213846048312,22.93657848502668,24.253307342529297,3183454,0.0,0.0,0.0
2023-12-14 00:00:00+02:00,24.253307263208626,24.423208492142813,23.777586090610384,23.786081314086914,1507918,0.0,0.0,0.0
2023-12-17 00:00:00+02:00,23.78608161638762,24.12588245827637,23.44628077449887,23.590696334838867,223179,0.0,0.0,0.0
2023-12-18 00:00:00+02:00,23.59069488893953,24.125880979574895,23.471763386344243,24.108890533447266,1096542,0.0,0.0,0.0
2023-12-19 00:00:00+02:00,24.10889153619634,24.40621787460392,23.531230926513672,23.531230926513672,882496,0.0,0.0,0.0
2023-12-20 00:00:00+02:00,23.531230403207545,23.7860806188618,22.860122350860827,23.0300235748291,1278854,0.0,0.0,0.0
2023-12-21 00:00:00+02:00,23.030023707800883,23.361329314123957,22.341925205024733,22.384401321411133,1378035,0.0,0.0,0.0
2023-12-24 00:00:00+02:00,22.384401321411133,22.384401321411133,22.384401321411133,22.384401321411133,0,0.0,0.0,0.0
2023-12-25 00:00:00+02:00,22.206005652227915,22.664738003505516,22.08707576276997,22.46935272216797,1892272,0.0,0.0,0.0
2023-12-26 00:00:00+02:00,22.469351547049733,22.656241595037855,21.74727378389404,21.917173385620117,3545594,0.0,0.0,0.0
2023-12-27 00:00:00+02:00,21.917174790961123,22.732698440551758,21.781254452745724,22.732698440551758,2257854,0.0,0.0,0.0
2023-12-28 00:00:00+02:00,22.732698350090114,24.193842790240353,22.26547077157299,23.84554672241211,1668250,0.0,0.0,0.0
2023-12-31 00:00:00+02:00,23.84554531265098,25.060334676559,23.786080370971252,24.12588119506836,2023044,0.0,0.0,0.0
2024-01-02 00:00:00+02:00,24.125881215562035,26.3345890045166,24.125881215562035,26.3345890045166,3190527,0.0,0.0,0.0
2024-01-03 00:00:00+02:00,26.334589219705038,27.18409209776004,26.164687995974777,26.351579666137695,1627273,0.0,0.0,0.0
2024-01-04 00:00:00+02:00,26.35157994425914,26.7593409411576,25.697462332381505,25.73993682861328,1322146,0.0,0.0,0.0
2024-01-08 00:00:00+02:00,25.73993745113115,26.33459013454665,25.485087226980628,25.570037841796875,1740483,0.0,0.0,0.0
2024-01-09 00:00:00+02:00,25.570038146665492,26.759341907378214,25.671977589421832,26.27512550354004,1195216,0.0,0.0,0.0
2024-01-10 00:00:00+02:00,26.27512624892522,26.580947826466378,25.4850882538094,25.697463989257812,1235352,0.0,0.0,0.0
2024-01-11 00:00:00+02:00,25.697461506739668,26.13920338266922,25.19625468987693,25.629501342773438,1132973,0.0,0.0,0.0
2024-01-14 00:00:00+02:00,25.629501686304373,26.46201411112399,25.485086133403165,26.3345890045166,945291,0.0,0.0,0.0
2024-01-15 00:00:00+02:00,26.334588564359226,27.99111978346236,25.986292522648,27.608842849731445,1753918,0.0,0.0,0.0
2024-01-16 00:00:00+02:00,27.6088434854239,30.582103553084934,27.6088434854239,29.256877899169922,2218507,0.0,0.0,0.0
2024-01-17 00:00:00+02:00,29.256878042997833,29.732600822776938,28.713196717876748,29.222900390625,1156376,0.0,0.0,0.0
2024-01-18 00:00:00+02:00,29.22290110862605,29.690127056344362,28.55179303867983,28.645238876342773,1482373,0.0,0.0,0.0
2024-01-21 00:00:00+02:00,28.645238175355814,32.28110946790835,28.458346504603416,31.236221313476562,905208,0.0,0.0,0.0
2024-01-22 00:00:00+02:00,31.236219578228383,31.559031562341442,30.58210200752914,30.836952209472656,1027758,0.0,0.0,0.0
2024-01-23 00:00:00+02:00,30.836956264591105,31.431608974388027,29.31634521484375,29.31634521484375,1447466,0.0,0.0,0.0
2024-01-24 00:00:00+02:00,29.31634332358829,29.732601165771484,28.67072255270822,29.732601165771484,1551776,0.0,0.0,0.0
2024-01-28 00:00:00+02:00,29.732602762258356,33.980117442580976,29.188921401672502,31.049331665039062,2646599,0.0,0.0,0.0
2024-01-29 00:00:00+02:00,31.049332267817277,32.67188277757615,29.741096943137233,30.216819763183594,1641848,0.0,0.0,0.0
2024-01-30 00:00:00+02:00,30.21681661129163,31.85635739795403,29.73260023809043,31.60150718688965,1436961,0.0,0.0,0.0
2024-01-31 00:00:00+02:00,31.601508813062893,31.5930119692523,28.2459716796875,28.2459716796875,3252778,0.0,0.0,0.0
2024-02-01 00:00:00+02:00,28.245969992417557,29.137947344058865,24.720533460280702,27.608842849731445,3812534,0.0,0.0,0.0
2024-02-04 00:00:00+02:00,27.608845253638766,29.053000884256093,26.334590857316975,27.69379425048828,1702494,0.0,0.0,0.0
2024-02-05 00:00:00+02:00,27.69379325124065,28.44135671080953,27.18409280734155,27.523895263671875,2547754,0.0,0.0,0.0
2024-02-06 00:00:00+02:00,27.52389432031393,27.685298699210822,25.688966628034613,26.3345890045166,11435346,0.0,0.0,0.0
2024-02-07 00:00:00+02:00,26.33458985015859,27.133123028330765,26.52147990449753,26.665895462036133,969730,0.0,0.0,0.0
2024-02-08 00:00:00+02:00,26.66589537977587,27.58336006269548,26.504490996193955,27.557872772216797,1517263,0.0,0.0,0.0
2024-02-11 00:00:00+02:00,27.55787325331734,28.008111999542024,27.18409313926713,27.353994369506836,839555,0.0,0.0,0.0
2024-02-12 00:00:00+02:00,27.353994890469558,27.897676245114003,26.759342193603516,26.759342193603516,922624,0.0,0.0,0.0
2024-02-13 00:00:00+02:00,26.75934201478958,27.608844935894012,26.75934201478958,27.184093475341797,2796792,0.0,0.0,0.0
2024-02-14 00:00:00+02:00,27.184093723721883,28.03359665258819,27.03967816100268,27.2265682220459,839795,0.0,0.0,0.0
2024-02-15 00:00:00+02:00,27.226565988905154,27.73626964877661,27.184091494064923,27.396467208862305,1453913,0.0,0.0,0.0
2024-02-18 00:00:00+02:00,27.396467208862305,27.396467208862305,27.396467208862305,27.396467208862305,0,0.0,0.0,0.0
2024-02-19 00:00:00+02:00,27.18409271232687,27.523895167469508,27.08215165172444,27.32001304626465,585434,0.0,0.0,0.0
2024-02-20 00:00:00+02:00,27.320012998391583,27.821219836520697,27.226567161361285,27.557872772216797,895996,0.0,0.0,0.0
2024-02-21 00:00:00+02:00,27.557873242454,28.042089642058603,26.784827344032898,28.03359603881836,2169386,0.0,0.0,0.0
2024-02-22 00:00:00+02:00,28.033595621150777,29.129455136811618,27.948646627628264,29.095474243164062,2134247,0.0,0.0,0.0
2024-02-25 00:00:00+02:00,29.095474676652387,30.157353314486418,26.470510554302813,28.03359603881836,2872504,0.0,0.0,0.0
2024-02-26 00:00:00+02:00,28.033595140296157,30.24230133995975,27.608843698776518,29.95347023010254,1425261,0.0,0.0,0.0
2024-02-27 00:00:00+02:00,29.95347086685704,30.955884549400523,28.908582687377926,28.90858268737793,1003651,0.0,0.0,0.0
2024-02-28 00:00:00+02:00,28.908582150750107,29.732600986509926,28.466840261507542,28.79814910888672,499731,0.0,0.0,0.0
2024-02-29 00:00:00+02:00,28.79815166893364,30.726520538330078,27.0141935067981,30.726520538330078,1302545,0.0,0.0,0.0
2024-03-03 00:00:00+02:00,30.726518568904613,30.66705362470451,29.435277002905536,29.995948791503906,390798,0.0,0.0,0.0
2024-03-04 00:00:00+02:00,29.995948965427086,31.51655671384183,29.316344043891604,29.571197509765625,1778151,0.0,0.0,0.0
2024-03-05 00:00:00+02:00,29.571197451319915,30.573611143947467,29.137949152667513,29.392799377441406,811393,0.0,0.0,0.0
2024-03-06 00:00:00+02:00,29.392800405334633,30.582105816665806,28.313934524082764,30.573612213134766,1906220,0.0,0.0,0.0
2024-03-07 00:00:00+02:00,30.573610287436374,30.573610287436374,28.968047111087746,30.157352447509766,646216,0.0,0.0,0.0
2024-03-10 00:00:00+02:00,30.157353133062646,30.58210458564099,29.222901233628846,29.55420684814453,1227121,0.0,0.0,0.0
2024-03-11 00:00:00+02:00,29.55420597414603,29.55420597414603,28.798148929410665,28.806642532348633,3684974,0.0,0.0,0.0
2024-03-12 00:00:00+02:00,28.80664225173576,29.180422348695213,27.014190673828125,27.014190673828125,1310689,0.0,0.0,0.0
2024-03-13 00:00:00+02:00,27.014191150721274,27.18409237619174,25.060335159301758,25.060335159301758,2254767,0.0,0.0,0.0
2024-03-14 00:00:00+02:00,25.06033695975352,25.654989671324614,23.446281683015496,25.051841735839844,3650515,0.0,0.0,0.0
2024-03-17 00:00:00+02:00,25.051840446722185,25.442612625151533,23.786081314086914,23.786081314086914,754081,0.0,0.0,0.0
2024-03-18 00:00:00+02:00,23.786080671811202,23.786080671811202,21.857708742760664,22.596776962280273,2236087,0.0,0.0,0.0
2024-03-19 00:00:00+02:00,22.596776716416898,22.936577541114524,22.163530057315626,22.358915328979492,2271009,0.0,0.0,0.0
2024-03-20 00:00:00+02:00,22.358915678645985,23.352834119116558,22.37590612522111,22.60527229309082,5549985,0.0,0.0,0.0
2024-03-21 00:00:00+02:00,22.605272792343566,22.97905290346254,22.087075502444634,22.690221786499023,834397,0.0,0.0,0.0
2024-03-24 00:00:00+02:00,22.690221690374365,23.607686378229293,22.724202584131156,23.097984313964844,177226,0.0,0.0,0.0
2024-03-25 00:00:00+02:00,23.09798354427495,23.786080416938624,22.6817273314143,23.69263458251953,520025,0.0,0.0,0.0
2024-03-26 00:00:00+02:00,23.692635648857422,23.955982717654976,22.936578577215023,23.361330032348633,1429865,0.0,0.0,0.0
2024-03-27 00:00:00+02:00,23.361331005570374,23.276380386945007,22.834638466331725,23.021530151367188,1076985,0.0,0.0,0.0
2024-03-28 00:00:00+02:00,23.02152745192601,23.19992227185274,22.70721068595756,22.93657684326172,766240,0.0,0.0,0.0
2024-03-31 00:00:00+02:00,22.936578327947228,23.140458829759865,21.543394088745117,21.543394088745117,192917,0.0,0.0,0.0
2024-04-01 00:00:00+02:00,21.543393453394984,23.786080527491645,21.679313783928226,22.36741065979004,902643,0.0,0.0,0.0
2024-04-02 00:00:00+02:00,22.367410795501964,22.936577790675088,22.341925125760543,22.596776962280273,1094090,0.0,0.0,0.0
2024-04-03 00:00:00+02:00,22.596778107263432,22.800658614630986,21.76426563043803,21.832225799560547,1507103,0.0,0.0,0.0
2024-04-04 00:00:00+02:00,21.832225778308437,22.596778085267086,22.002125390800227,22.51182746887207,953905,0.0,0.0,0.0
2024-04-07 00:00:00+02:00,22.511827775787577,22.93657924325527,22.316442489624023,22.316442489624023,351106,0.0,0.0,0.0
2024-04-08 00:00:00+02:00,22.31644129792305,22.554301070012322,22.087075128867095,22.418380737304688,200798,0.0,0.0,0.0
2024-04-15 00:00:00+02:00,22.418381503736267,22.936578802586432,22.172026499893196,22.282461166381836,1965025,0.0,0.0,0.0
2024-04-16 00:00:00+02:00,22.282458897762588,22.72420075933903,22.180519465274525,22.231489181518555,941487,0.0,0.0,0.0
2024-04-17 00:00:00+02:00,22.231491585770634,23.2169148479814,22.25697725679786,22.732698440551758,2620578,0.0,0.0,0.0
2024-04-18 00:00:00+02:00,22.732698498333892,23.14045951401654,21.670819840640597,22.078580856323242,2232628,0.0,0.0,0.0
2024-04-21 00:00:00+02:00,22.078580433784534,22.83463750509734,22.180521495903374,22.460857391357422,558446,0.0,0.0,0.0
2024-04-22 00:00:00+02:00,22.46085650781047,22.503331003515203,21.908679962158203,21.908679962158203,360861,0.0,0.0,0.0
2024-04-23 00:00:00+02:00,21.908680792306416,22.36741152043239,21.331018555164054,21.339513778686523,311592,0.0,0.0,0.0
2024-04-24 00:00:00+02:00,21.339513778686523,21.449948443882228,20.473020422972976,21.339513778686523,646250,0.0,0.0,0.0
2024-04-28 00:00:00+03:00,21.339513778686523,21.339513778686523,21.339513778686523,21.339513778686523,0,0.0,0.0,0.0
2024-04-29 00:00:00+03:00,20.38806915283203,20.490010211527384,19.56405194121241,20.38806915283203,1120043,0.0,0.0,0.0
2024-04-30 00:00:00+03:00,20.38806776566939,20.982720390287298,18.689062118530273,18.689062118530273,3139809,0.0,0.0,0.0
2024-05-02 00:00:00+03:00,19.54706202458499,21.331018447875977,19.326191075006275,21.331018447875977,814954,0.0,0.0,0.0
2024-05-07 00:00:00+03:00,21.33101682350218,21.65382718965914,20.388068152933613,20.940244674682617,570695,0.0,0.0,0.0
2024-05-08 00:00:00+03:00,20.940246242854418,21.13563152174716,19.971813451561523,20.0142879486084,1116176,0.0,0.0,0.0
2024-05-09 00:00:00+03:00,20.014287431346627,20.38806915283203,19.76793243830495,20.38806915283203,558292,0.0,0.0,0.0
2024-05-12 00:00:00+03:00,20.388069205332293,20.37957398206096,19.538566321776784,19.954822540283203,247439,0.0,0.0,0.0
2024-05-13 00:00:00+03:00,19.954824061279286,20.28612969262329,18.71455053449526,19.241241455078125,314290,0.0,0.0,0.0
2024-05-14 00:00:00+03:00,19.241239811479183,19.45361553041449,18.824983596801758,18.824983596801758,313866,0.0,0.0,0.0
2024-05-15 00:00:00+03:00,18.824984027772544,19.53856658935547,18.74003341419397,19.53856658935547,354015,0.0,0.0,0.0
2024-05-16 00:00:00+03:00,19.53856627146403,20.38806915283203,19.037359441833058,20.38806915283203,699842,0.0,0.0,0.0
2024-05-19 00:00:00+03:00,20.388070096939433,21.152622401515014,19.801912627968917,20.72787094116211,1070062,0.0,0.0,0.0
2024-05-20 00:00:00+03:00,20.727870118708704,21.025196453217884,19.139300627388106,19.742446899414062,1074758,0.0,0.0,0.0
2024-05-21 00:00:00+03:00,19.742446290899505,19.946326783059273,19.32619008353604,19.453615188598633,507394,0.0,0.0,0.0
2024-05-22 00:00:00+03:00,19.45361542446497,20.55797012909285,19.589535754219458,20.15020751953125,1740073,0.0,0.0,0.0
2024-05-23 00:00:00+03:00,20.15020715423417,21.212085723876953,20.133218328546448,21.212085723876953,2566526,0.0,0.0,0.0
2024-05-26 00:00:00+03:00,21.212085723876953,21.212085723876953,21.212085723876953,21.212085723876953,0,0.0,0.0,0.0
2024-05-27 00:00:00+03:00,21.83222490431666,22.443866401338585,21.704798174676192,21.738779067993164,1628131,0.0,0.0,0.0
2024-05-28 00:00:00+03:00,21.738779959405242,21.87470029765028,20.642920409469124,21.832225799560547,479211,0.0,0.0,0.0
2024-05-29 00:00:00+03:00,21.832225799560547,22.044601530605693,21.28854282628216,21.832225799560547,428443,0.0,0.0,0.0
2024-05-30 00:00:00+03:00,21.832224397525714,23.446279525756836,21.29703668229393,23.446279525756836,6906987,0.0,0.0,0.0
2024-06-02 00:00:00+03:00,17.428401796580264,17.302107656207326,16.38017096342294,16.418058395385742,1489237,0.0,0.0,0.0
2024-06-03 00:00:00+03:00,16.41805998261375,16.67064666748047,16.228621184187457,16.67064666748047,620508,0.0,0.0,0.0
2024-06-04 00:00:00+03:00,16.670645536369022,17.977775749298356,16.418058868640436,17.16318702697754,4059695,0.0,0.0,0.0
2024-06-05 00:00:00+03:00,17.163186906834454,17.365254295244988,16.418058753713282,16.796937942504883,775455,0.0,0.0,0.0
2024-06-06 00:00:00+03:00,16.79722186278254,17.82257089011934,16.565306956164104,17.61019515991211,1714509,0.0,1.345291,0.0
2024-06-09 00:00:00+03:00,17.610194444161888,17.567719947966072,16.14905006303037,16.63326644897461,848062,0.0,0.0,0.0
2024-06-10 00:00:00+03:00,16.63326653072468,16.65025697740578,16.225505532167357,16.42089080810547,271636,0.0,0.0,0.0
2024-06-11 00:00:00+03:00,16.420890126377838,16.650256286155813,15.885704040527344,15.885704040527344,1165394,0.0,0.0,0.0
2024-06-12 00:00:00+03:00,15.88570552046258,16.055605135153606,15.214597424582987,15.29105281829834,1146685,0.0,0.0,0.0
2024-06-13 00:00:00+03:00,15.291052464954566,15.537409087966426,14.484024047851562,14.484024047851562,5865988,0.0,0.0,0.0
2024-06-23 00:00:00+03:00,14.484022846830316,15.223091034283827,14.61144956971057,15.09566593170166,2835301,0.0,0.0,0.0
2024-06-24 00:00:00+03:00,15.09566716093867,15.27406199502074,14.959746824409981,15.019211769104004,4612459,0.0,0.0,0.0
2024-06-25 00:00:00+03:00,15.019211280993416,15.24857744904322,14.993725611110715,15.078676223754883,3299979,0.0,0.0,0.0
2024-06-26 00:00:00+03:00,15.078677007452338,15.231587794099575,15.02770728533601,15.163627624511719,4495834,0.0,0.0,0.0
2024-06-27 00:00:00+03:00,15.163627157390946,15.528913665284735,15.087171766422562,15.443963050842285,3810239,0.0,0.0,0.0
2024-07-02 00:00:00+03:00,15.333526745957009,15.41847736028854,14.883291244506836,14.883291244506836,1517922,0.0,0.0,0.0
2024-07-03 00:00:00+03:00,14.883291722424536,15.257071845008612,14.95125189201239,15.163627624511719,1292876,0.0,0.0,0.0
2024-07-04 00:00:00+03:00,15.16362768763006,15.630853652954102,15.121151568774437,15.630853652954102,1821328,0.0,0.0,0.0
2024-07-07 00:00:00+03:00,15.63085274892405,16.115069133785077,15.639347972203844,15.732793807983398,1115857,0.0,0.0,0.0
2024-07-08 00:00:00+03:00,15.732794117475889,15.87720967547695,15.291052220025797,15.681822776794434,733002,0.0,0.0,0.0
2024-07-09 00:00:00+03:00,15.68182265791542,15.75827804805982,15.214596713964694,15.528913497924805,990168,0.0,0.0,0.0
2024-07-10 00:00:00+03:00,15.528912778039878,15.775267763519459,15.35901155886229,15.690317153930664,2512654,0.0,0.0,0.0
2024-07-14 00:00:00+03:00,15.690317824118546,16.089585220150536,15.681822600766994,15.962160110473633,886613,0.0,0.0,0.0
2024-07-15 00:00:00+03:00,15.962159975643305,16.123564357064872,15.732793807983398,15.732793807983398,8860143,0.0,0.0,0.0
2024-07-16 00:00:00+03:00,15.732793267342027,16.01312914474907,15.800753430946822,15.885704040527344,2232538,0.0,0.0,0.0
2024-07-17 00:00:00+03:00,15.885704849664364,17.329858804898638,15.885704849664364,16.87112808227539,4087700,0.0,0.0,0.0
2024-07-18 00:00:00+03:00,16.87112864436737,18.434214159268386,16.87962386807097,17.839561462402344,3371188,0.0,0.0,0.0
2024-07-21 00:00:00+03:00,17.839561462402344,18.009462695877854,17.601700059596276,17.839561462402344,741320,0.0,0.0,0.0
2024-07-22 00:00:00+03:00,17.839559380909108,18.26431079474028,17.80557849005955,18.043439865112305,1521537,0.0,0.0,0.0
2024-07-23 00:00:00+03:00,18.04344194701634,18.67207391758406,17.907521608531333,18.519163131713867,938144,0.0,0.0,0.0
2024-07-24 00:00:00+03:00,18.519162523649722,19.198765814058692,18.349262916271126,19.10531997680664,2639905,0.0,0.0,0.0
2024-07-28 00:00:00+03:00,19.105319869361978,19.411141429341043,18.72304453968633,19.096824645996094,482614,0.0,0.0,0.0
2024-07-29 00:00:00+03:00,19.09682422745742,19.062844955036784,18.570133352701433,18.60411262512207,2530739,0.0,0.0,0.0
2024-07-30 00:00:00+03:00,18.604111512113708,18.858963331363405,18.000965285122383,18.689062118530273,1231581,0.0,0.0,0.0
2024-07-31 00:00:00+03:00,18.68906283642621,19.198764874206546,18.349262018005355,18.98638916015625,4285614,0.0,0.0,0.0
2024-08-01 00:00:00+03:00,18.986389613266528,19.538566158915376,18.816488389852353,19.50458526611328,3664771,0.0,0.0,0.0
2024-08-04 00:00:00+03:00,19.5045842456181,19.028863113365922,17.899024411580704,18.943912506103516,1719244,0.0,0.0,0.0
2024-08-05 00:00:00+03:00,18.94391461909843,18.94391461909843,17.508255839453167,17.839561462402344,2315810,0.0,0.0,0.0
2024-08-06 00:00:00+03:00,17.839561617840033,18.204848138786385,17.58471138570448,18.094411849975586,810386,0.0,0.0,0.0
2024-08-07 00:00:00+03:00,18.094410970026722,18.519162416462073,17.933006586995976,18.41722297668457,1126000,0.0,0.0,0.0
2024-08-08 00:00:00+03:00,18.417223598967716,19.538567196197413,18.119897252357237,18.731538772583008,1928404,0.0,0.0,0.0
2024-08-11 00:00:00+03:00,18.731537292754414,20.192683239418795,18.816487902260175,19.878366470336914,2211149,0.0,0.0,0.0
2024-08-12 00:00:00+03:00,19.878368129129647,20.388070208399277,19.58104178119751,19.835893630981445,2655599,0.0,0.0,0.0
2024-08-13 00:00:00+03:00,19.835893451947243,20.039773957755266,19.198766263685325,19.360172271728516,812712,0.0,0.0,0.0
2024-08-14 00:00:00+03:00,19.360170983404934,19.530070583456528,18.799497604370117,18.799497604370117,1959406,0.0,0.0,0.0
2024-08-15 00:00:00+03:00,18.799499478019378,19.113816280903254,18.604114189352845,18.774015426635742,1572677,0.0,0.0,0.0
2024-08-18 00:00:00+03:00,18.774014448216544,19.36866550711952,18.731538330960348,18.8929443359375,345278,0.0,0.0,0.0
2024-08-19 00:00:00+03:00,18.892944204136022,19.10531992804083,18.544648146555993,18.663578033447266,1925937,0.0,0.0,0.0
2024-08-20 00:00:00+03:00,18.66357645051589,18.94391231748192,18.62959718012809,18.689062118530273,323209,0.0,0.0,0.0
2024-08-21 00:00:00+03:00,18.68906342795682,19.27522087097168,18.425717987882734,19.27522087097168,878338,0.0,0.0,0.0
2024-08-22 00:00:00+03:00,19.275220985390604,19.96331787109375,18.774014151769077,19.96331787109375,1686408,0.0,0.0,0.0
2024-08-25 00:00:00+03:00,19.963318380165717,19.861377318059187,19.34318164488746,19.36866569519043,572206,0.0,0.0,0.0
2024-08-26 00:00:00+03:00,19.36866536219832,19.53856658935547,19.07983424821008,19.53856658935547,718067,0.0,0.0,0.0
2024-08-27 00:00:00+03:00,19.53856658935547,19.691477369737264,19.24124025197955,19.53856658935547,2704586,0.0,0.0,0.0
2024-08-28 00:00:00+03:00,19.538565313228048,21.322521600669354,19.368664097167702,20.940244674682617,5735849,0.0,0.0,0.0
2024-08-29 00:00:00+03:00,20.940244996940773,22.08707417225194,20.727869283746042,21.619848251342773,8079884,0.0,0.0,0.0
2024-09-01 00:00:00+03:00,21.619849047799505,22.460856708596868,21.322522714314015,21.50941276550293,5376046,0.0,0.0,0.0
2024-09-02 00:00:00+03:00,21.509414306792316,21.993630726163975,21.11014850597494,21.237573623657227,12113790,0.0,0.0,0.0
2024-09-03 00:00:00+03:00,21.237572674052345,21.66232412753339,20.651415214565002,20.89777183532715,5401633,0.0,0.0,0.0
2024-09-04 00:00:00+03:00,20.89777104611798,21.15262126046285,20.600444715850205,20.812820434570312,2844880,0.0,0.0,0.0
2024-09-05 00:00:00+03:00,20.812820434570312,21.237571872010523,20.600444715850205,20.812820434570312,4308315,0.0,0.0,0.0
2024-09-08 00:00:00+03:00,20.812820483668318,20.89777109541639,20.303118433478037,20.379573822021484,7509435,0.0,0.0,0.0
2024-09-09 00:00:00+03:00,20.379573929582573,20.574959203425657,20.21816792843917,20.38806915283203,2393574,0.0,0.0,0.0
2024-09-10 00:00:00+03:00,20.38806915283203,20.557970377224898,20.209674325487867,20.38806915283203,2983702,0.0,0.0,0.0
2024-09-11 00:00:00+03:00,20.38806932199955,21.152621597514898,20.30311870909825,20.642919540405273,1138109,0.0,0.0,0.0
2024-09-12 00:00:00+03:00,20.642919880571633,21.662324011589227,20.727870494872796,21.568878173828125,2255955,0.0,0.0,0.0
2024-09-16 00:00:00+03:00,21.568878726449828,22.078580805017832,21.50091855732731,21.832225799560547,6045032,0.0,0.0,0.0
2024-09-17 00:00:00+03:00,21.832224218699828,22.019114265179574,21.526402669643765,21.662322998046875,4446347,0.0,0.0,0.0
2024-09-18 00:00:00+03:00,21.662322998046875,21.91717320872818,21.16111617944861,21.662322998046875,1117985,0.0,0.0,0.0
2024-09-19 00:00:00+03:00,21.6623247219966,22.08707618713379,21.339514321423568,22.08707618713379,9531794,0.0,0.0,0.0
2024-09-22 00:00:00+03:00,22.08707618713379,22.256977421307965,21.917174952959613,22.08707618713379,470624,0.0,0.0,0.0
2024-09-23 00:00:00+03:00,22.087073917885633,22.17202452624481,21.713292213284106,21.840717315673828,1447976,0.0,0.0,0.0
2024-09-24 00:00:00+03:00,21.917175165293035,22.104066848754883,21.79824527239787,22.104066848754883,706630,0.0,0.0,0.0
2024-09-25 00:00:00+03:00,21.951154278144212,22.00212399663222,21.483928348024836,21.917173385620117,655144,0.0,0.0,0.0
2024-09-26 00:00:00+03:00,21.917175165293035,22.104066848754883,21.79824527239787,22.104066848754883,706630,0.0,0.0,0.0
2024-09-29 00:00:00+03:00,22.104065241412833,22.222995125659768,21.713293075561523,21.713293075561523,494707,0.0,0.0,0.0
2024-09-30 00:00:00+03:00,21.713294444129552,22.08707618713379,21.25456370433648,22.08707618713379,1895065,0.0,0.0,0.0
2024-10-01 00:00:00+03:00,22.08707618713379,22.49483720479391,21.74727533908369,22.08707618713379,1304889,0.0,0.0,0.0
2024-10-02 00:00:00+03:00,22.08707460764433,22.129549103001313,21.687808842275007,21.917173385620117,2637304,0.0,0.0,0.0
2024-10-03 00:00:00+03:00,21.917174584223808,22.715707778930664,21.83222558886416,22.715707778930664,2074222,0.0,0.0,0.0
2024-10-07 00:00:00+03:00,22.71570653938246,23.531230136779133,22.766676257876583,23.446279525756836,2621012,0.0,0.0,0.0
2024-10-08 00:00:00+03:00,23.446278874949375,23.616178471979865,22.860121457493666,22.93657684326172,1818618,0.0,0.0,0.0
2024-10-09 00:00:00+03:00,22.936576773267273,23.43778358052918,22.962062441878214,23.14895248413086,482562,0.0,0.0,0.0
2024-10-10 00:00:00+03:00,23.148954304781828,23.786081487482246,22.936578577215023,23.361330032348633,1241848,0.0,0.0,0.0
2024-10-13 00:00:00+03:00,23.361328524790675,23.692634119919582,22.35041967312535,22.520320892333984,343299,0.0,0.0,0.0
2024-10-14 00:00:00+03:00,22.520321663123752,23.361329324365116,22.51182643984275,23.064002990722656,542302,0.0,0.0,0.0
2024-10-15 00:00:00+03:00,23.064003199259595,23.998456704742846,23.106479316048667,23.955982208251953,973967,0.0,0.0,0.0
2024-10-16 00:00:00+03:00,23.955982642377112,25.45960155739857,23.99845713963772,24.474178314208984,4348105,0.0,0.0,0.0
2024-10-17 00:00:00+03:00,27.00501914650549,25.420900919575445,24.5116714151394,25.30841827392578,831251,2.7,0.0,0.0
2024-10-20 00:00:00+03:00,25.30841930253374,26.620707353243052,25.317793005706438,25.81458854675293,2794045,0.0,0.0,0.0
2024-10-21 00:00:00+03:00,25.814587157513103,26.22701934780984,22.49637150269685,26.2176456451416,300808,0.0,0.0,0.0
2024-10-22 00:00:00+03:00,26.21764721195888,26.14265937398251,25.617744508147933,25.7770938873291,1214939,0.0,0.0,0.0
2024-10-23 00:00:00+03:00,25.7770938873291,26.1145400521483,25.6083708049195,25.7770938873291,3387848,0.0,0.0,0.0
2024-10-24 00:00:00+03:00,25.77709288815129,25.964563369750977,25.56150308580736,25.964563369750977,2864236,0.0,0.0,0.0
2024-10-27 00:00:00+03:00,25.964564376195565,26.05829783277771,25.6927323461243,25.7770938873291,462770,0.0,0.0,0.0
2024-10-28 00:00:00+03:00,25.7770938873291,25.917695860053406,25.59899710169107,25.7770938873291,835154,0.0,0.0,0.0
2024-10-29 00:00:00+03:00,25.7770924688499,26.03955078125,25.683357229574796,26.03955078125,2826715,0.0,0.0,0.0
2024-10-30 00:00:00+03:00,26.03955221417193,26.03955221417193,25.49588994188049,25.7770938873291,1460134,0.0,0.0,0.0
2024-10-31 00:00:00+03:00,25.777092979825,25.823959706466095,25.30841856201,25.589622497558594,1771793,0.0,0.0,0.0
2024-11-03 00:00:00+02:00,25.58962311925572,25.673984659540054,25.336540286253772,25.49588966369629,400112,0.0,0.0,0.0
2024-11-04 00:00:00+02:00,25.495888677681258,25.636490643433895,25.270923387055845,25.327165603637695,1534414,0.0,0.0,0.0
2024-11-05 00:00:00+02:00,25.32716623030907,26.227020263671875,25.30841882431792,26.227020263671875,2356383,0.0,0.0,0.0
2024-11-06 00:00:00+02:00,26.227020187447124,26.555092639934628,26.06767081268754,26.24576759338379,1401237,0.0,0.0,0.0
2024-11-07 00:00:00+02:00,26.245768493063405,26.433238983154297,26.03017868095465,26.433238983154297,1558563,0.0,0.0,0.0
2024-11-10 00:00:00+02:00,26.43323786334553,26.480104589957257,25.917694931361414,25.945816040039062,1639440,0.0,0.0,0.0
2024-11-11 00:00:00+02:00,25.945816751457027,26.19890137294223,25.608370589476756,25.65523910522461,452539,0.0,0.0,0.0
2024-11-12 00:00:00+02:00,25.6552381258155,26.058296618753552,24.849117564237396,25.30841827392578,724235,0.0,0.0,0.0
2024-11-13 00:00:00+02:00,25.30841827392578,25.61774331464861,25.22405673665128,25.30841827392578,858699,0.0,0.0,0.0
2024-11-14 00:00:00+02:00,25.308418069385862,25.730225752349355,25.308418069385862,25.68335723876953,224880,0.0,0.0,0.0
2024-11-17 00:00:00+02:00,25.683358001751472,25.89894780707029,25.317792524223826,25.730226516723633,467142,0.0,0.0,0.0
2024-11-18 00:00:00+02:00,25.730226161676875,25.964563369750977,25.69273135021653,25.964563369750977,671832,0.0,0.0,0.0
2024-11-19 00:00:00+02:00,25.964564531026973,25.964564531026973,25.46776898406412,25.739599227905273,158816,0.0,0.0,0.0
2024-11-20 00:00:00+02:00,25.73959880623417,25.87082886221384,25.317792892456055,25.317792892456055,592193,0.0,0.0,0.0
2024-11-21 00:00:00+02:00,25.31779315624246,25.7770938873291,24.933480263132182,25.7770938873291,343273,0.0,0.0,0.0
2024-11-24 00:00:00+02:00,25.777092757024352,25.777092757024352,25.327165748895077,25.4677677154541,57180,0.0,0.0,0.0
2024-11-25 00:00:00+02:00,25.467767645683058,25.683357446339667,25.120947793793338,25.30841827392578,5542607,0.0,0.0,0.0
2024-11-26 00:00:00+02:00,25.308417920374175,26.245766732239886,25.120947442860643,25.72085189819336,630086,0.0,0.0,0.0
2024-11-27 00:00:00+02:00,25.720851978026488,26.05829633560685,25.402153237974883,25.52400779724121,1058221,0.0,0.0,0.0
2024-11-28 00:00:00+02:00,25.524008296912992,25.870828151823734,25.336539602998574,25.430273056030273,467486,0.0,0.0,0.0
2024-12-01 00:00:00+02:00,25.430273726037427,26.245768018996426,25.336540270536148,26.170780181884766,1044588,0.0,0.0,0.0
2024-12-02 00:00:00+02:00,26.17078047074818,27.642417907714844,25.777093874603825,27.642417907714844,4700814,0.0,0.0,0.0
2024-12-03 00:00:00+02:00,27.642416216884886,28.120464324951172,27.042513550064903,28.120464324951172,5116342,0.0,0.0,0.0
2024-12-04 00:00:00+02:00,28.120465036165918,29.995162705243644,27.576802783647416,27.651790618896484,4140347,0.0,0.0,0.0
2024-12-05 00:00:00+02:00,27.65178990811925,28.204825849309714,26.620705859059864,27.089380264282227,866503,0.0,0.0,0.0
2024-12-08 00:00:00+02:00,27.08938179539342,27.651791471018246,26.83629717318459,27.501815795898438,362239,0.0,0.0,0.0
2024-12-09 00:00:00+02:00,27.501814797302103,27.773645028142397,26.90191211860545,27.689285278320312,3677517,0.0,0.0,0.0
2024-12-10 00:00:00+02:00,27.689286154904604,27.689286154904604,26.808177726786607,27.183116912841797,841137,0.0,0.0,0.0
2024-12-11 00:00:00+02:00,27.183116129590967,28.345428466796875,26.72381541642621,28.345428466796875,3297090,0.0,0.0,0.0
2024-12-12 00:00:00+02:00,28.345427825008663,28.120464324951172,27.651789919535318,28.120464324951172,978493,0.0,0.0,0.0
2024-12-15 00:00:00+02:00,28.120464677570247,28.120464677570247,27.65179026627741,27.886127471923828,67806,0.0,0.0,0.0
2024-12-16 00:00:00+02:00,27.886127122243245,28.120464324951172,27.47369314487902,28.120464324951172,182929,0.0,0.0,0.0
2024-12-17 00:00:00+02:00,28.12046468330366,28.111090980533774,27.558055032067386,27.708030700683594,338168,0.0,0.0,0.0
2024-12-18 00:00:00+02:00,27.708030914481455,28.00798225402832,27.295598716530016,28.00798225402832,181820,0.0,0.0,0.0
2024-12-19 00:00:00+02:00,28.007981735944576,27.932993902444963,27.229982292941976,27.604923248291016,1226965,0.0,0.0,0.0
2024-12-22 00:00:00+02:00,27.604924173573313,27.979863353638866,27.436201095581055,27.436201095581055,90646,0.0,0.0,0.0
2024-12-23 00:00:00+02:00,27.43620164822427,27.764274107834083,27.37995942919328,27.679912567138672,231470,0.0,0.0,0.0
2024-12-24 00:00:00+02:00,27.679911880046706,27.74552601276973,27.304970913884812,27.614295959472656,97829,0.0,0.0,0.0
2024-12-25 00:00:00+02:00,27.61429630817961,27.651791120409687,27.41745390752486,27.558055877685547,52262,0.0,0.0,0.0
2024-12-26 00:00:00+02:00,27.558054886146934,27.679911233659244,27.18311571659173,27.567428588867188,65979,0.0,0.0,0.0
2024-12-29 00:00:00+02:00,27.567428580357383,27.604923391226823,26.620706060115864,26.714441299438477,541405,0.0,0.0,0.0
2024-12-30 00:00:00+02:00,26.714442075755215,27.26747803719367,26.714442075755215,27.080007553100586,566166,0.0,0.0,0.0
2024-12-31 00:00:00+02:00,27.08000725771545,27.651790618896484,26.761308510944158,27.651790618896484,344767,0.0,0.0,0.0
2025-01-02 00:00:00+02:00,27.651791054554348,27.829887836520957,27.323718599726714,27.398706436157227,102713,0.0,0.0,0.0
2025-01-05 00:00:00+02:00,27.398706436157227,27.651791054554348,27.323718599726714,27.398706436157227,95532,0.0,0.0,0.0
2025-01-06 00:00:00+02:00,27.39870616120679,27.417453567089048,26.245767517213448,26.264514923095703,806114,0.0,0.0,0.0
2025-01-08 00:00:00+02:00,26.2645144414854,26.52697096762023,22.496371745097353,25.823959350585938,1660307,0.0,0.0,0.0
2025-01-09 00:00:00+02:00,25.823959203807032,26.245766886770525,25.68335723876953,25.68335723876953,995675,0.0,0.0,0.0
2025-01-12 00:00:00+02:00,25.683357037172634,26.245766680759093,25.308417870731983,26.05829620361328,168465,0.0,0.0,0.0
2025-01-13 00:00:00+02:00,26.058296822699806,26.32075513936917,25.77709288815129,25.964563369750977,648811,0.0,0.0,0.0
2025-01-14 00:00:00+02:00,25.96456429894865,26.133285593005205,25.683358566485566,25.795841217041016,1636133,0.0,0.0,0.0
2025-01-15 00:00:00+02:00,25.79584057801003,26.24576759338379,25.374032883690234,26.24576759338379,1360331,0.0,0.0,0.0
2025-01-16 00:00:00+02:00,26.245768243560654,26.414491325468287,25.77709381063993,25.795841217041016,222665,0.0,0.0,0.0
2025-01-19 00:00:00+02:00,26.245768524386776,26.414491608099723,25.7770940864513,26.077045440673828,278369,0.0,0.0,0.0
2025-01-20 00:00:00+02:00,26.20827364938199,26.2363947592182,25.85208186404544,25.917695999145508,1299986,0.0,0.0,0.0
2025-01-21 00:00:00+02:00,25.917695485454317,26.18952751159668,25.31779279031401,26.18952751159668,1614157,0.0,0.0,0.0
2025-01-22 00:00:00+02:00,26.189527523501326,26.22702054803911,25.96456401272145,26.011430740356445,2313238,0.0,0.0,0.0
2025-01-23 00:00:00+02:00,26.011431188168732,28.307936638841184,25.973936375134382,26.948780059814453,498167,0.0,0.0,0.0
2025-01-26 00:00:00+02:00,26.94877937139073,27.089381340975603,26.302008165879062,26.386369705200195,173388,0.0,0.0,0.0
2025-01-27 00:00:00+02:00,26.386370256719577,26.87379209679605,26.339503528495374,26.630081176757812,149754,0.0,0.0,0.0
2025-01-28 00:00:00+02:00,26.630080261120295,27.08938097575919,26.57383983161478,26.62070655822754,711503,0.0,0.0,0.0
2025-01-29 00:00:00+02:00,26.620706349555217,26.99564552307129,26.43323765672268,26.99564552307129,394277,0.0,0.0,0.0
2025-01-30 00:00:00+02:00,26.99564664051017,27.49244218338985,26.770683127088542,27.30497169494629,566507,0.0,0.0,0.0
2025-02-02 00:00:00+02:00,27.3049712035531,27.829887846607992,26.71444221493016,26.72381591796875,356853,0.0,0.0,0.0
2025-02-03 00:00:00+02:00,26.723815502196828,27.183116216835725,26.161405843588643,26.62070655822754,553964,0.0,0.0,0.0
2025-02-04 00:00:00+02:00,26.620707282454987,26.620707282454987,26.15203285217285,26.15203285217285,672991,0.0,0.0,0.0
2025-02-05 00:00:00+02:00,26.1520318544933,26.489478003535467,26.114538831183612,26.339502334594727,375988,0.0,0.0,0.0
2025-02-06 00:00:00+02:00,26.3395031261233,28.242320153434665,26.152032640388192,28.073598861694336,923085,0.0,0.0,0.0
2025-02-09 00:00:00+02:00,28.073598153092068,29.01094698240598,27.239356479264,28.542272567749023,824024,0.0,0.0,0.0
2025-02-10 00:00:00+02:00,28.542272004965827,28.532898302315395,27.97986236089661,28.120464324951172,555380,0.0,0.0,0.0
2025-02-11 00:00:00+02:00,28.12046566581315,28.326681770402732,27.42682772726522,28.054851531982422,1738143,0.0,0.0,0.0
2025-02-12 00:00:00+02:00,28.05485061624358,28.05485061624358,27.239356351899094,28.04547691345215,251213,0.0,0.0,0.0
2025-02-13 00:00:00+02:00,28.045476922588374,29.713958475135602,28.026729516999406,29.573354721069336,3077404,0.0,0.0,0.0
2025-02-16 00:00:00+02:00,29.573354783923257,29.995162471316547,29.11405407312334,29.91080093383789,209210,0.0,0.0,0.0
2025-02-17 00:00:00+02:00,29.910800934168595,29.967041363204654,28.91721167789353,29.05781364440918,3556946,0.0,0.0,0.0
2025-02-18 00:00:00+02:00,29.05781364440918,29.21716301655385,28.598512933604187,29.05781364440918,431360,0.0,0.0,0.0
2025-02-19 00:00:00+02:00,29.05781364440918,29.08593475285271,28.589139230789677,29.05781364440918,1062993,0.0,0.0,0.0
2025-02-20 00:00:00+02:00,29.057814547763368,29.357765895748628,28.776610605989955,29.245285034179688,3769226,0.0,0.0,0.0
2025-02-23 00:00:00+02:00,29.24528468585218,29.610850163373744,28.84222439635351,29.301525115966797,207060,0.0,0.0,0.0
2025-02-24 00:00:00+02:00,29.30152484426359,29.339017868041992,28.945331285188125,29.339017868041992,3497790,0.0,0.0,0.0
2025-02-25 00:00:00+02:00,29.339017868041992,29.52648835048708,29.057813932225383,29.339017868041992,1147796,0.0,0.0,0.0
2025-02-26 00:00:00+02:00,29.339018769606593,29.5264892578125,29.06718852834421,29.5264892578125,1268919,0.0,0.0,0.0
2025-02-27 00:00:00+02:00,29.526488058028683,29.49836694958515,28.91721167789353,29.05781364440918,3593226,0.0,0.0,0.0
2025-03-02 00:00:00+02:00,29.057814547763368,29.995163404142833,29.057814547763368,29.245285034179688,674482,0.0,0.0,0.0
2025-03-03 00:00:00+02:00,29.245285046323804,29.71395947470815,28.645380562253116,29.067188262939453,636564,0.0,0.0,0.0
2025-03-04 00:00:00+02:00,29.06718835219573,29.526489078880633,28.776610706303455,28.870344161987305,581733,0.0,0.0,0.0
2025-03-05 00:00:00+02:00,28.870343441664605,29.517114639282227,28.729741473795826,29.517114639282227,163194,0.0,0.0,0.0
2025-03-06 00:00:00+02:00,29.517113998714716,29.526487701416013,29.085934401560923,29.292150497436523,6481028,0.0,0.0,0.0
2025-03-09 00:00:00+02:00,29.292151720780087,29.573355662159152,28.63600680709419,28.7297420501709,117487,0.0,0.0,0.0
2025-03-10 00:00:00+02:00,28.729740907177117,29.05781335096792,28.542272216333078,28.776609420776367,3991347,0.0,0.0,0.0
2025-03-11 00:00:00+02:00,28.776609420776367,28.945330706180705,28.12046453319476,28.776609420776367,3645856,0.0,0.0,0.0
2025-03-12 00:00:00+02:00,28.776609420776367,29.03906594552822,28.58913894208134,28.776609420776367,3656788,0.0,0.0,0.0
2025-03-13 00:00:00+02:00,28.77661012251966,29.16092300415039,28.589139639253,29.16092300415039,4270168,0.0,0.0,0.0
2025-03-16 00:00:00+02:00,29.160923679038874,29.217164110180065,28.35480308532715,28.35480308532715,303715,0.0,0.0,0.0
2025-03-17 00:00:00+02:00,28.354802587249313,28.945331573486328,28.364176290250033,28.945331573486328,160167,0.0,0.0,0.0
2025-03-18 00:00:00+02:00,28.94533064889244,29.292150497436523,28.60788629090064,29.292150497436523,1416466,0.0,0.0,0.0
2025-03-19 00:00:00+02:00,29.29215085121893,29.29215085121893,28.69224817389829,29.05781364440918,724644,0.0,0.0,0.0
2025-03-20 00:00:00+02:00,29.057814569184274,30.932512283325195,28.82347735491666,30.932512283325195,1294079,0.0,0.0,0.0
2025-03-23 00:00:00+02:00,30.93251136282097,31.35431905109075,30.1545101182676,30.248247146606445,171414,0.0,0.0,0.0
2025-03-24 00:00:00+02:00,30.24824850776207,30.857523128722562,30.04203061183892,30.32323455810547,895752,0.0,0.0,0.0
2025-03-25 00:00:00+02:00,30.323234452776706,30.932512647323026,29.995163779222327,30.69817543029785,222759,0.0,0.0,0.0
2025-03-26 00:00:00+02:00,30.69817460044768,30.69817460044768,30.154510555308867,30.49195671081543,5308444,0.0,0.0,0.0
2025-03-27 00:00:00+02:00,30.491956822859485,31.16684913635254,30.17325807212133,31.16684913635254,963894,0.0,0.0,0.0
2025-04-03 00:00:00+02:00,31.166848505026866,30.913763892593536,30.17325746092216,30.7637882232666,230257,0.0,0.0,0.0
2025-04-06 00:00:00+02:00,30.763789074749948,30.351356866611034,29.057814448049655,30.117019653320312,196821,0.0,0.0,0.0
2025-04-07 00:00:00+02:00,30.1170195991963,30.10764410828834,29.24528488126526,29.779573440551758,264604,0.0,0.0,0.0
2025-04-08 00:00:00+02:00,29.77957301191932,31.963593945063092,29.995162815571998,31.87923240661621,6849685,0.0,0.0,0.0
2025-04-09 00:00:00+02:00,31.879231695212457,32.79783668255794,30.98875317955835,31.494918823242188,5152834,0.0,0.0,0.0
2025-04-10 00:00:00+02:00,31.49491936638547,32.14169234976631,31.419933319091797,31.419933319091797,376460,0.0,0.0,0.0
2025-04-13 00:00:00+02:00,31.419933225578095,32.666605310704,31.42930514057365,32.64786148071289,260849,0.0,0.0,0.0
2025-04-14 00:00:00+02:00,32.647862881776426,32.63848739067651,31.68239111350875,31.869861602783203,399603,0.0,0.0,0.0
2025-04-15 00:00:00+02:00,31.869860407131824,32.24480137161419,31.401185989379886,31.401185989379883,450756,0.0,0.0,0.0
2025-04-16 00:00:00+02:00,31.40118627494465,31.851113290993936,31.119982336876607,31.682390213012695,725291,0.0,0.0,0.0
2025-04-17 00:00:00+02:00,31.682390213012695,31.682390213012695,31.08248752494698,31.682390213012695,758083,0.0,0.0,0.0
2025-04-22 00:00:00+02:00,31.682390575519978,31.419934040413743,30.95125961303711,30.95125961303711,400312,0.0,0.0,0.0
2025-04-23 00:00:00+02:00,30.951258617466348,32.80720886109551,31.166848418040733,31.991716384887695,1658508,0.0,0.0,0.0
2025-04-27 00:00:00+03:00,31.99171644802102,32.47913826686057,31.869860099385633,32.32916259765625,57480,0.0,0.0,0.0
2025-04-28 00:00:00+03:00,32.32916395161086,33.59458349003709,32.338535866959,32.900943756103516,1299280,0.0,0.0,0.0
2025-04-29 00:00:00+03:00,32.90094246751146,33.26651151440996,32.61973853395279,32.80720901489258,286462,0.0,0.0,0.0
2025-04-30 00:00:00+03:00,32.80720901489258,32.80720901489258,32.526005081333906,32.80720901489258,1237900,0.0,0.0,0.0
2025-05-04 00:00:00+03:00,32.807210272502495,33.27588470496681,32.807210272502495,33.257137298583984,114270,0.0,0.0,0.0
2025-05-05 00:00:00+03:00,33.25713757066349,33.275884977199695,32.24480264762367,32.34790802001953,1016437,0.0,0.0,0.0
2025-05-06 00:00:00+03:00,32.3479055393597,32.8072080250188,32.35728102975992,32.638484954833984,85242,0.0,0.0,0.0
2025-05-07 00:00:00+03:00,32.638487639679106,32.8072107237431,32.291669556081864,32.507259368896484,16766279,0.0,0.0,0.0
2025-05-08 00:00:00+03:00,32.507259368896484,32.52600677553717,32.05733233662656,32.507259368896484,85834,0.0,0.0,0.0
2025-05-11 00:00:00+03:00,32.507259955677995,32.52600736265709,31.869862421197855,32.076080322265625,139530,0.0,0.0,0.0
2025-05-12 00:00:00+03:00,32.07607877519373,32.43226876351021,32.16981222986605,32.33853530883789,74820,0.0,0.0,0.0
2025-05-13 00:00:00+03:00,32.33853515628883,32.80720957884374,32.14169275698426,32.37602996826172,541322,0.0,0.0,0.0
2025-05-14 00:00:00+03:00,32.376030402780245,32.78846261291107,32.05733164813756,32.6197395324707,133244,0.0,0.0,0.0
2025-05-15 00:00:00+03:00,32.619740021016334,32.7041015625,32.18856039818968,32.7041015625,167272,0.0,0.0,0.0
2025-05-18 00:00:00+03:00,32.704100229220586,32.74159504072967,31.869860339504704,31.91672706604004,551639,0.0,0.0,0.0
2025-05-19 00:00:00+03:00,31.916726496842383,32.3104148592627,31.4011853627437,31.851112365722656,148996,0.0,0.0,0.0
2025-05-20 00:00:00+03:00,31.851113734169992,31.869861140395656,29.66709096870986,30.932512283325195,827231,0.0,0.0,0.0
2025-05-21 00:00:00+03:00,30.93251238548009,30.913764979192514,30.482585361684635,30.557571411132812,270994,0.0,0.0,0.0
2025-05-22 00:00:00+03:00,30.557569894069346,30.72629296657897,30.491955763171376,30.520078659057617,804579,0.0,0.0,0.0
2025-05-25 00:00:00+03:00,30.52008048963686,30.773165113581186,30.491957592063823,30.538827896118164,27235,0.0,0.0,0.0
2025-05-26 00:00:00+03:00,30.538827580547366,31.25121114096464,30.52008017425979,30.557571411132812,203800,0.0,0.0,0.0
2025-05-27 00:00:00+03:00,30.5575706314962,30.829402652177432,30.192005157470703,30.192005157470703,503077,0.0,0.0,0.0
2025-05-28 00:00:00+03:00,30.192005755264603,30.454465866088867,29.760826140220466,30.454465866088867,204648,0.0,0.0,0.0
2025-05-29 00:00:00+03:00,30.454464982067613,31.260581970214844,29.863934219482374,31.260581970214844,1028374,0.0,0.0,0.0
2025-06-01 00:00:00+03:00,31.260582163994496,31.288705060474225,30.46383708587549,30.566946029663086,286628,0.0,0.0,0.0
2025-06-02 00:00:00+03:00,30.566946276528178,31.157477047543274,29.760825701171516,30.154510498046875,1266121,0.0,0.0,0.0
2025-06-03 00:00:00+03:00,30.154510498046875,30.46383733190785,29.817066131032135,30.154510498046875,1181917,0.0,0.0,0.0
2025-06-04 00:00:00+03:00,30.15451083561167,30.2763671875,29.863934980103785,30.2763671875,3977620,0.0,0.0,0.0
2025-06-10 00:00:00+03:00,30.276365981160154,30.360727517459658,29.657715906864446,29.80769157409668,952972,0.0,0.0,0.0
2025-06-11 00:00:00+03:00,29.807692504679544,29.901427746588805,28.851598043187952,28.964078903198242,1084116,0.0,0.0,0.0
2025-06-12 00:00:00+03:00,28.964079035023502,29.282777786254883,27.858007108732366,29.282777786254883,824656,0.0,0.0,0.0
2025-06-15 00:00:00+03:00,29.28277832366535,28.56101926863936,26.63008110762731,28.336055755615234,713467,0.0,0.0,0.0
2025-06-16 00:00:00+03:00,28.33605412235823,28.589138730367026,27.651789919535318,28.120464324951172,741800,0.0,0.0,0.0
2025-06-17 00:00:00+03:00,28.120465819341856,28.120465819341856,27.192490661845703,28.017356872558594,3282901,0.0,0.0,0.0
2025-06-18 00:00:00+03:00,28.01735682529598,28.007983122163218,27.183116912841797,27.183116912841797,630080,0.0,0.0,0.0
2025-06-19 00:00:00+03:00,27.18311628710658,27.642417002932806,25.82395975761084,26.105165481567383,6196509,0.0,0.0,0.0
2025-06-22 00:00:00+03:00,26.1051648701694,27.27685088958588,24.93347885075292,27.229982376098633,1095533,0.0,0.0,0.0
2025-06-23 00:00:00+03:00,27.229983780699555,27.595551053353176,27.08938180868712,27.323719024658203,3049843,0.0,0.0,0.0
2025-06-24 00:00:00+03:00,27.323718632693183,28.589139938354492,27.3612134448792,28.589139938354492,1498449,0.0,0.0,0.0
2025-06-25 00:00:00+03:00,28.589139938354492,28.85159826010347,28.120465513135567,28.589139938354492,2358984,0.0,0.0,0.0
2025-06-29 00:00:00+03:00,28.589140159009506,28.851598482784173,28.214200973510742,28.214200973510742,539849,0.0,0.0,0.0
2025-06-30 00:00:00+03:00,28.214199563604538,29.901426707961217,28.03610278894824,28.120464324951172,4335332,0.0,0.0,0.0
2025-07-01 00:00:00+03:00,28.120465777124558,29.04844093322754,27.932995290136635,29.04844093322754,19413700,0.0,0.0,0.0
2025-07-02 00:00:00+03:00,29.04843959075573,29.71395817974,28.87971651783434,29.292150497436523,1878694,0.0,0.0,0.0
2025-07-06 00:00:00+03:00,29.292150441467246,29.817065276780067,29.076560643302283,29.80769157409668,276587,0.0,0.0,0.0
2025-07-07 00:00:00+03:00,29.80769164532858,29.99516212374236,29.34839093985089,29.967041015625,503996,0.0,0.0,0.0
2025-07-09 00:00:00+03:00,29.96704235668208,29.96704235668208,29.385887065723804,29.90142822265625,3499807,0.0,0.0,0.0
2025-07-10 00:00:00+03:00,29.901426809048782,30.29511338244307,29.517113938336614,29.985788345336914,5763420,0.0,0.0,0.0
2025-07-13 00:00:00+03:00,29.98578997983951,30.18263417119197,29.976416276646432,30.023283004760742,181300,0.0,0.0,0.0
2025-07-14 00:00:00+03:00,30.023281969765478,31.776126861572266,29.488993421136207,31.776126861572266,3467070,0.0,0.0,0.0
2025-07-15 00:00:00+03:00,31.77612768496946,31.757380278743796,30.754417287734572,30.932512283325195,4108214,0.0,0.0,0.0
2025-07-16 00:00:00+03:00,30.93251116898254,31.298076637958196,30.05140456233091,30.088895797729492,284486,0.0,0.0,0.0
2025-07-17 00:00:00+03:00,30.08889571139589,30.791907326855625,29.55460895755364,30.463836669921875,8564932,0.0,0.0,0.0
2025-07-20 00:00:00+03:00,30.46383676053257,31.16684837808332,30.304489176891355,30.941883087158203,187806,0.0,0.0,0.0
2025-07-21 00:00:00+03:00,30.941884198586965,31.354319984147327,29.995163426254734,30.932512283325195,5206651,0.0,0.0,0.0
2025-07-22 00:00:00+03:00,30.93251238548009,31.34494459670039,30.557571411132812,30.557571411132812,564653,0.0,0.0,0.0
2025-07-23 00:00:00+03:00,30.557571411132812,30.557571411132812,30.557571411132812,30.557571411132812,0,0.0,0.0,0.0
2025-07-27 00:00:00+03:00,30.932512283325195,31.20434431004414,30.74504179677068,30.932512283325195,96944,0.0,0.0,0.0
2025-07-28 00:00:00+03:00,30.93251123431902,30.93251123431902,30.117018757519894,30.426342010498047,1237138,0.0,0.0,0.0
2025-07-29 00:00:00+03:00,30.426343042338637,31.560534301225385,30.426343042338637,30.932512283325195,2368786,0.0,0.0,0.0
2025-07-30 00:00:00+03:00,30.932512732113107,32.010465363664586,30.679428107947924,31.869861602783203,1448094,0.0,0.0,0.0
2025-07-31 00:00:00+03:00,31.869860959624997,31.869860959624997,31.307453078853634,31.822994232177734,955240,0.0,0.0,0.0
2025-08-03 00:00:00+03:00,31.822994232177734,31.822994232177734,31.822994232177734,31.822994232177734,0,0.0,0.0,0.0
2025-08-04 00:00:00+03:00,31.822994232177734,31.822994232177734,31.822994232177734,31.822994232177734,0,0.0,0.0,0.0
2025-08-05 00:00:00+03:00,31.822994232177734,31.822994232177734,31.822994232177734,31.822994232177734,0,0.0,0.0,0.0
2025-08-06 00:00:00+03:00,31.822994232177734,31.822994232177734,31.822994232177734,31.822994232177734,0,0.0,0.0,0.0
2025-08-07 00:00:00+03:00,31.822994232177734,31.822994232177734,31.822994232177734,31.822994232177734,0,0.0,0.0,0.0
2025-08-10 00:00:00+03:00,36.744074142138224,36.556603664615196,36.27539973618162,36.52848434448242,89554,0.0,0.0,0.0
2025-08-11 00:00:00+03:00,36.52848721988443,36.55660654223067,34.70065617763245,36.003570556640625,998793,0.0,0.0,0.0
2025-08-12 00:00:00+03:00,36.00357003798669,36.5566060156099,36.078559664099345,36.2754020690918,4224195,0.0,0.0,0.0
2025-08-13 00:00:00+03:00,36.27540145022969,36.547233476697315,35.6380039419549,35.87234115600586,59530,0.0,0.0,0.0
2025-08-14 00:00:00+03:00,35.87233967573373,36.181662926151674,35.27243700463058,35.61925506591797,198165,0.0,0.0,0.0
2025-08-17 00:00:00+03:00,35.61925668781896,36.30352092668491,35.347424660190775,35.83484649658203,55234,0.0,0.0,0.0
2025-08-18 00:00:00+03:00,35.83484545734854,36.22853382658286,33.79142471530432,34.47568893432617,768742,0.0,0.0,0.0
2025-08-19 00:00:00+03:00,34.47568847961315,35.04747183232745,34.297593490940656,34.588172912597656,172223,0.0,0.0,0.0
2025-08-20 00:00:00+03:00,34.58817292327411,34.869376854418206,34.02576148528392,34.23197937011719,541626,0.0,0.0,0.0
2025-08-21 00:00:00+03:00,34.23198135434379,34.53193270837751,34.02576345755728,34.213233947753906,349304,0.0,0.0,0.0
2025-08-24 00:00:00+03:00,34.21323265449398,35.46928024291992,34.02576217138374,35.46928024291992,123936,0.0,0.0,0.0
2025-08-25 00:00:00+03:00,35.46928010722079,35.61925577799479,34.68190694173177,35.15058135986328,186104,0.0,0.0,0.0
2025-08-26 00:00:00+03:00,35.15058334436793,35.2911871080263,34.72877562909507,35.1318359375,2292321,0.0,0.0,0.0
2025-08-27 00:00:00+03:00,35.13183556710339,36.55660629272461,34.77564199177253,36.55660629272461,568900,0.0,0.0,0.0
2025-08-28 00:00:00+03:00,36.5566060156099,36.5566060156099,35.169330113845376,36.2754020690918,579061,0.0,0.0,0.0
2025-08-31 00:00:00+03:00,36.27539914212759,36.27539914212759,35.366169665236896,35.60988235473633,67450,0.0,0.0,0.0
2025-09-01 00:00:00+03:00,35.60988495384584,36.08793130167598,35.291186196725036,35.994197845458984,117632,0.0,0.0,0.0
2025-09-02 00:00:00+03:00,35.99419805804777,35.99419805804777,35.15058264430361,35.24431610107422,901241,0.0,0.0,0.0
2025-09-03 00:00:00+03:00,35.24431332333519,35.619254272271434,34.447568276473035,34.89749526977539,361246,0.0,0.0,0.0
2025-09-07 00:00:00+03:00,34.897496267179726,35.59113596982611,34.40070253498696,34.710025787353516,64566,0.0,0.0,0.0
2025-09-08 00:00:00+03:00,34.710027951306266,34.99123547642811,34.58817517116916,34.85063171386719,127580,0.0,0.0,0.0
2025-09-09 00:00:00+03:00,34.85063085969406,36.54723358154297,34.569426917166616,36.54723358154297,566179,0.0,0.0,0.0
2025-09-10 00:00:00+03:00,36.54723125692478,36.322265971790664,34.869376048059415,36.087928771972656,91442,0.0,0.0,0.0
2025-09-11 00:00:00+03:00,36.08793111792184,36.416001788713004,35.27243861073943,35.83484649658203,779326,0.0,0.0,0.0
2025-09-14 00:00:00+03:00,35.83484486486429,36.078557559813675,34.87874864190541,35.61925506591797,163306,0.0,0.0,0.0
2025-09-15 00:00:00+03:00,35.61925506591797,35.93795380690426,35.253689599195866,35.61925506591797,728352,0.0,0.0,0.0
2025-09-16 00:00:00+03:00,35.619255357134854,35.928582185783775,35.591136036603864,35.90045928955078,76856,0.0,0.0,0.0
2025-09-17 00:00:00+03:00,35.900460784334314,36.08793127231795,35.61925684020993,35.7973518371582,116854,0.0,0.0,0.0
2025-09-18 00:00:00+03:00,35.79734967996845,38.43130111694336,35.853591895684964,38.43130111694336,1677066,0.0,0.0,0.0
2025-09-21 00:00:00+03:00,38.431301467989115,38.75937212341068,37.681423130095574,38.196964263916016,235059,0.0,0.0,0.0
2025-09-22 00:00:00+03:00,38.196966262090776,39.36865234375,37.96262904575893,39.36865234375,111345,0.0,0.0,0.0
2025-09-23 00:00:00+03:00,39.36865153307262,40.70906066894531,38.52503614136881,40.70906066894531,144154,0.0,0.0,0.0
2025-09-24 00:00:00+03:00,40.70906074709976,41.18710708618164,39.612360735779326,41.18710708618164,486239,0.0,0.0,0.0
2025-09-25 00:00:00+03:00,41.18710694630572,41.18710694630572,39.874820709228516,39.874820709228516,345715,0.0,0.0,0.0
2025-09-28 00:00:00+03:00,39.87482097074885,40.76530309413918,39.83732615854877,40.5122184753418,207690,0.0,0.0,0.0
2025-09-29 00:00:00+03:00,40.51221764302098,40.72780744518901,39.64985485864684,40.305999755859375,793566,0.0,0.0,0.0
2025-09-30 00:00:00+03:00,40.30600177267018,40.72780948310601,39.84669924892846,39.931060791015625,459020,0.0,0.0,0.0
2025-10-01 00:00:00+03:00,39.931060232665565,40.30600120907738,38.440675393766945,39.36865234375,670123,0.0,0.0,0.0
2025-10-02 00:00:00+03:00,39.36865162568934,40.212267019377805,39.134314413631664,39.83732604980469,604145,0.0,0.0,0.0
2025-10-05 00:00:00+03:00,39.83732669238308,40.39973458011234,39.83732669238308,39.884193420410156,294507,0.0,0.0,0.0
2025-10-06 00:00:00+03:00,39.884193447440765,40.07166393537828,39.36865228738919,39.52799987792969,209181,0.0,0.0,0.0
2025-10-07 00:00:00+03:00,39.52799993451862,39.931060232665565,39.36865234375,39.36865234375,729571,0.0,0.0,0.0
2025-10-08 00:00:00+03:00,39.36865035115907,39.83732476010144,39.087446420934036,39.74359130859375,1050417,0.0,0.0,0.0
2025-10-12 00:00:00+03:00,39.743593754127566,40.07166443029354,38.89997833584051,39.612361907958984,49366,0.0,0.0,0.0
2025-10-13 00:00:00+03:00,39.61235948006684,40.062290059377915,39.38739776611328,39.38739776611328,194722,0.0,0.0,0.0
2025-10-14 00:00:00+03:00,39.387396926443735,39.83732392046119,39.02183146728593,39.18117904663086,94263,0.0,0.0,0.0
2025-10-15 00:00:00+03:00,39.18118116178668,39.931059525630516,39.18118116178668,39.48113250732422,349714,0.0,0.0,0.0
2025-10-16 00:00:00+03:00,39.48113248628044,40.043543940640106,39.36865162568934,39.83732604980469,163417,0.0,0.0,0.0
2025-10-19 00:00:00+03:00,39.83732534009357,40.95276916236346,39.60298813221067,40.305999755859375,222625,0.0,0.0,0.0
2025-10-20 00:00:00+03:00,40.30600058394346,41.130868573834704,40.11853009864517,40.5122184753418,287380,0.0,0.0,0.0
2025-10-21 00:00:00+03:00,40.51221764302098,40.868407624497536,39.36865092432777,40.305999755859375,154344,0.0,0.0,0.0
2025-10-22 00:00:00+03:00,40.305999755859375,40.38098937871888,39.93105879296592,40.305999755859375,208413,0.0,0.0,0.0
2025-10-23 00:00:00+03:00,40.30600152852867,40.774675964906905,40.118531038836934,40.48409652709961,77918,0.0,0.0,0.0
2025-10-26 00:00:00+03:00,40.484096220357884,40.868409112248074,40.21226776685177,40.559085845947266,89789,0.0,0.0,0.0
2025-10-27 00:00:00+03:00,40.55908465857045,40.71843224472971,40.268505231471615,40.58720397949219,1339760,0.0,0.0,0.0
2025-10-28 00:00:00+03:00,40.58720305018113,42.649371162173885,40.31537103515485,42.3213005065918,966174,0.0,0.0,0.0
2025-10-29 00:00:00+03:00,42.32130135424972,42.74310546967449,41.48705788704246,42.17132568359375,648078,0.0,0.0,0.0
2025-10-30 00:00:00+03:00,42.17132568359375,42.640000101356414,41.90886557816927,42.17132568359375,1648191,0.0,0.0,0.0
2025-11-02 00:00:00+02:00,42.17132754597768,42.50877013807934,41.83388137817383,41.83388137817383,420966,0.0,0.0,0.0
2025-11-03 00:00:00+02:00,41.83388032028161,42.35879338963391,41.26209694770676,42.18069839477539,877898,0.0,0.0,0.0
2025-11-04 00:00:00+02:00,42.18069839477539,42.649372821384006,41.80575742320766,42.18069839477539,217822,0.0,0.0,0.0
2025-11-05 00:00:00+02:00,42.18069775097504,43.07117986308048,41.89949381444228,42.13383102416992,1201373,0.0,0.0,0.0
2025-11-06 00:00:00+02:00,42.133829672418294,45.93009163307269,41.52455151639268,44.06476593017578,984593,0.0,0.0,0.0
2025-11-09 00:00:00+02:00,44.06476834742259,46.39876858277411,44.05539643212895,46.38939666748047,234805,0.0,0.0,0.0
2025-11-10 00:00:00+02:00,46.389394018370645,46.85806842173559,43.58671951293945,43.58671951293945,2026455,0.0,0.0,0.0
2025-11-11 00:00:00+02:00,43.586722597162776,44.69279455342652,43.614841919129795,44.055397033691406,601738,0.0,0.0,0.0
2025-11-12 00:00:00+02:00,44.0553950053109,44.89901038250191,41.52455244943987,42.52751541137695,1038830,0.0,0.0,0.0
2025-11-13 00:00:00+02:00,42.527515462133515,43.49298718956042,42.265058933672854,42.368167877197266,1146961,0.0,0.0,0.0
2025-11-16 00:00:00+02:00,42.36816662940064,46.82057344561162,42.64937055528411,45.48953628540039,1589119,0.0,0.0,0.0
2025-11-17 00:00:00+02:00,45.48953789720192,45.461418576327816,44.40221338974464,44.71154022216797,2062011,0.0,0.0,0.0
2025-11-18 00:00:00+02:00,44.71154022216797,45.83635954125876,44.62717868384361,44.71154022216797,317296,0.0,0.0,0.0
2025-11-19 00:00:00+02:00,44.71154199464201,45.45204846309997,44.61780496184229,44.8896369934082,1863709,0.0,0.0,0.0
2025-11-20 00:00:00+02:00,44.88963622212851,45.367686141937924,43.37113207388534,44.524070739746094,809113,0.0,0.0,0.0
2025-11-23 00:00:00+02:00,44.524069236554226,45.08647710189305,44.05539482353787,44.98337173461914,258380,0.0,0.0,0.0
2025-11-24 00:00:00+02:00,44.983373202379845,45.13334887641055,42.14320373535156,42.14320373535156,6180349,0.0,0.0,0.0
2025-11-25 00:00:00+02:00,42.14320273575614,43.492987345719044,42.33067321777344,42.33067321777344,2939011,0.0,0.0,0.0
2025-11-26 00:00:00+02:00,42.33067499027603,43.10867627172916,42.1806993135227,42.50876998901367,477625,0.0,0.0,0.0
2025-11-27 00:00:00+02:00,42.50876891070346,43.2117805480957,42.274431698239376,43.2117805480957,623088,0.0,0.0,0.0
2025-11-30 00:00:00+02:00,43.211778460616735,43.58671941272742,42.93057453438469,43.108673095703125,200483,0.0,0.0,0.0
2025-12-01 00:00:00+02:00,43.10867608645582,43.39925194758408,42.18069913223764,42.90245819091797,893924,0.0,0.0,0.0
2025-12-02 00:00:00+02:00,42.90245635953352,43.014937217888054,42.36816781272194,42.88370895385742,505525,0.0,0.0,0.0
2025-12-03 00:00:00+02:00,42.88370951632604,43.071179999843835,42.18069788491086,42.45252990722656,1298717,0.0,0.0,0.0
2025-12-04 00:00:00+02:00,42.45252891053205,43.02431226277115,41.89949296377479,42.63999938964844,2133163,0.0,0.0,0.0
2025-12-07 00:00:00+02:00,45.4900016784668,46.2400016784668,44.869998931884766,45.900001525878906,481386,2.85,0.0,0.0
2025-12-08 00:00:00+02:00,45.900001525878906,45.880001068115234,44.599998474121094,44.70000076293945,2447401,0.0,0.0,0.0
2025-12-09 00:00:00+02:00,44.70000076293945,43.900001525878906,41.70000076293945,42.0,1985062,0.0,0.0,0.0
2025-12-10 00:00:00+02:00,42.0,42.47999954223633,41.900001525878906,41.95000076293945,457511,0.0,0.0,0.0
2025-12-11 00:00:00+02:00,41.95000076293945,49.29999923706055,41.66999816894531,42.150001525878906,922262,0.0,0.0,0.0
2025-12-14 00:00:00+02:00,42.150001525878906,42.470001220703125,41.810001373291016,42.400001525878906,209936,0.0,0.0,0.0
2025-12-15 00:00:00+02:00,42.400001525878906,42.650001525878906,42.02000045776367,42.400001525878906,2101185,0.0,0.0,0.0
2025-12-16 00:00:00+02:00,42.400001525878906,43.599998474121094,42.369998931884766,43.150001525878906,747081,0.0,0.0,0.0
2025-12-17 00:00:00+02:00,43.150001525878906,43.70000076293945,42.099998474121094,42.27000045776367,1010680,0.0,0.0,0.0
2025-12-18 00:00:00+02:00,42.27000045776367,42.650001525878906,39.900001525878906,39.900001525878906,9469441,0.0,0.0,0.0
2025-12-21 00:00:00+02:00,39.900001525878906,40.13999938964844,38.709999084472656,38.75,10108876,0.0,0.0,0.0
2025-12-22 00:00:00+02:00,38.75,39.20000076293945,37.75,38.5,2319776,0.0,0.0,0.0
2025-12-23 00:00:00+02:00,38.5,38.5,37.79999923706055,37.95000076293945,924475,0.0,0.0,0.0
2025-12-24 00:00:00+02:00,37.95000076293945,38.0,37.61000061035156,37.880001068115234,854052,0.0,0.0,0.0
2025-12-25 00:00:00+02:00,37.880001068115234,38.150001525878906,37.650001525878906,37.70000076293945,733341,0.0,0.0,0.0
2025-12-28 00:00:00+02:00,37.70000076293945,38.0,37.68000030517578,37.869998931884766,1036681,0.0,0.0,0.0
2025-12-29 00:00:00+02:00,37.869998931884766,38.09000015258789,37.5,37.900001525878906,1234226,0.0,0.0,0.0
2025-12-30 00:00:00+02:00,37.900001525878906,37.9900016784668,37.25,37.29999923706055,874603,0.0,0.0,0.0
2025-12-31 00:00:00+02:00,37.29999923706055,37.439998626708984,37.0099983215332,37.099998474121094,530228,0.0,0.0,0.0
2026-01-04 00:00:00+02:00,37.099998474121094,37.400001525878906,36.0,36.0,594062,0.0,0.0,0.0
2026-01-05 00:00:00+02:00,36.0,36.25,34.849998474121094,36.0,1851710,0.0,0.0,0.0
2026-01-06 00:00:00+02:00,36.0,38.119998931884766,35.54999923706055,37.52000045776367,1109799,0.0,0.0,0.0
2026-01-08 00:00:00+02:00,37.52000045776367,38.040000915527344,37.099998474121094,37.79999923706055,3988378,0.0,0.0,0.0
2026-01-11 00:00:00+02:00,37.79999923706055,38.25,37.099998474121094,37.13999938964844,848740,0.0,0.0,0.0
2026-01-12 00:00:00+02:00,37.13999938964844,37.4900016784668,36.0,36.20000076293945,3464864,0.0,0.0,0.0
2026-01-13 00:00:00+02:00,36.20000076293945,37.0,35.560001373291016,36.0,2237973,0.0,0.0,0.0
2026-01-14 00:00:00+02:00,36.0,36.099998474121094,35.0099983215332,35.88999938964844,3212517,0.0,0.0,0.0
2026-01-15 00:00:00+02:00,35.88999938964844,36.93000030517578,35.5,36.56999969482422,2199722,0.0,0.0,0.0
2026-01-18 00:00:00+02:00,36.56999969482422,36.9900016784668,36.099998474121094,36.9900016784668,503927,0.0,0.0,0.0
2026-01-19 00:00:00+02:00,36.9900016784668,37.66999816894531,36.40999984741211,37.5,1114593,0.0,0.0,0.0
2026-01-20 00:00:00+02:00,37.5,38.4900016784668,37.5,37.70000076293945,2195547,0.0,0.0,0.0
2026-01-21 00:00:00+02:00,37.70000076293945,37.88999938964844,37.02000045776367,37.43000030517578,1647036,0.0,0.0,0.0
2026-01-22 00:00:00+02:00,37.43000030517578,38.0,37.2599983215332,37.70000076293945,2176219,0.0,0.0,0.0
2026-01-25 00:00:00+02:00,37.70000076293945,37.900001525878906,36.61000061035156,37.0,910084,0.0,0.0,0.0
2026-01-26 00:00:00+02:00,37.0,38.0,36.150001525878906,38.0,1460016,0.0,0.0,0.0
2026-01-27 00:00:00+02:00,38.0,38.0,37.0,37.0,2617222,0.0,0.0,0.0
2026-01-28 00:00:00+02:00,37.0,37.900001525878906,36.720001220703125,37.79999923706055,1085316,0.0,0.0,0.0
2026-02-01 00:00:00+02:00,37.79999923706055,38.279998779296875,37.119998931884766,38.0,1057815,0.0,0.0,0.0
2026-02-02 00:00:00+02:00,38.0,40.0,38.099998474121094,39.83000183105469,11302310,0.0,0.0,0.0
2026-02-03 00:00:00+02:00,39.83000183105469,40.84000015258789,39.900001525878906,40.70000076293945,1126176,0.0,0.0,0.0
2026-02-04 00:00:00+02:00,40.70000076293945,41.0,40.20000076293945,41.0,1335683,0.0,0.0,0.0
