Date,Open,High,Low,Close,Volume,Dividends,Stock Splits,Capital Gains
2021-01-03 00:00:00+02:00,3.240000009536743,3.4100000858306885,3.25,3.369999885559082,3842636,0.0,0.0,0.0
2021-01-04 00:00:00+02:00,3.369999885559082,3.4600000381469727,3.299999952316284,3.359999895095825,2619201,0.0,0.0,0.0
2021-01-05 00:00:00+02:00,3.359999895095825,3.369999885559082,3.299999952316284,3.3399999141693115,1307517,0.0,0.0,0.0
2021-01-06 00:00:00+02:00,3.3399999141693115,3.430000066757202,3.3499999046325684,3.4000000953674316,2444200,0.0,0.0,0.0
2021-01-10 00:00:00+02:00,3.4000000953674316,3.7899999618530273,3.450000047683716,3.640000104904175,10661779,0.0,0.0,0.0
2021-01-11 00:00:00+02:00,3.640000104904175,4.0,3.740000009536743,3.930000066757202,8770597,0.0,0.0,0.0
2021-01-12 00:00:00+02:00,3.930000066757202,4.170000076293945,3.9200000762939453,4.059999942779541,6306025,0.0,0.0,0.0
2021-01-13 00:00:00+02:00,4.059999942779541,4.199999809265137,3.950000047683716,4.119999885559082,6439272,0.0,0.0,0.0
2021-01-14 00:00:00+02:00,4.119999885559082,4.300000190734863,4.059999942779541,4.190000057220459,5317554,0.0,0.0,0.0
2021-01-17 00:00:00+02:00,4.190000057220459,4.230000019073486,4.050000190734863,4.139999866485596,3331046,0.0,0.0,0.0
2021-01-18 00:00:00+02:00,4.139999866485596,4.150000095367432,3.9000000953674316,4.050000190734863,4351389,0.0,0.0,0.0
2021-01-19 00:00:00+02:00,4.050000190734863,4.079999923706055,3.9600000381469727,4.03000020980835,2604641,0.0,0.0,0.0
2021-01-20 00:00:00+02:00,4.03000020980835,4.260000228881836,4.039999961853027,4.119999885559082,6328094,0.0,0.0,0.0
2021-01-21 00:00:00+02:00,4.119999885559082,4.329999923706055,4.050000190734863,4.210000038146973,8276875,0.0,0.0,0.0
2021-01-24 00:00:00+02:00,4.210000038146973,4.480000019073486,4.320000171661377,4.420000076293945,5676181,0.0,0.0,0.0
2021-01-25 00:00:00+02:00,4.420000076293945,4.420000076293945,4.420000076293945,4.420000076293945,0,0.0,0.0,0.0
2021-01-26 00:00:00+02:00,4.460000038146973,4.510000228881836,4.360000133514404,4.429999828338623,2800934,0.0,0.0,0.0
2021-01-27 00:00:00+02:00,4.429999828338623,4.579999923706055,4.360000133514404,4.46999979019165,4241921,0.0,0.0,0.0
2021-01-31 00:00:00+02:00,4.46999979019165,4.800000190734863,4.510000228881836,4.710000038146973,5514197,0.0,0.0,0.0
2021-02-01 00:00:00+02:00,4.710000038146973,4.940000057220459,4.71999979019165,4.829999923706055,4907610,0.0,0.0,0.0
2021-02-02 00:00:00+02:00,4.829999923706055,4.849999904632568,4.650000095367432,4.730000019073486,3543787,0.0,0.0,0.0
2021-02-03 00:00:00+02:00,4.730000019073486,4.840000152587891,4.550000190734863,4.650000095367432,4896796,0.0,0.0,0.0
2021-02-04 00:00:00+02:00,4.650000095367432,4.739999771118164,4.5,4.610000133514404,4357329,0.0,0.0,0.0
2021-02-07 00:00:00+02:00,4.610000133514404,4.650000095367432,4.519999980926514,4.570000171661377,2008818,0.0,0.0,0.0
2021-02-08 00:00:00+02:00,4.570000171661377,4.579999923706055,4.269999980926514,4.400000095367432,2938689,0.0,0.0,0.0
2021-02-09 00:00:00+02:00,4.400000095367432,4.449999809265137,4.329999923706055,4.380000114440918,1411297,0.0,0.0,0.0
2021-02-10 00:00:00+02:00,4.380000114440918,4.5,4.380000114440918,4.409999847412109,1042374,0.0,0.0,0.0
2021-02-11 00:00:00+02:00,4.409999847412109,4.659999847412109,4.440000057220459,4.550000190734863,3630408,0.0,0.0,0.0
2021-02-14 00:00:00+02:00,4.550000190734863,4.699999809265137,4.400000095367432,4.579999923706055,3323055,0.0,0.0,0.0
2021-02-15 00:00:00+02:00,4.579999923706055,4.619999885559082,4.409999847412109,4.510000228881836,1759434,0.0,0.0,0.0
2021-02-16 00:00:00+02:00,4.510000228881836,4.550000190734863,4.340000152587891,4.429999828338623,1724726,0.0,0.0,0.0
2021-02-17 00:00:00+02:00,4.429999828338623,4.570000171661377,4.300000190734863,4.420000076293945,2757205,0.0,0.0,0.0
2021-02-18 00:00:00+02:00,4.420000076293945,4.400000095367432,4.25,4.320000171661377,1250411,0.0,0.0,0.0
2021-02-21 00:00:00+02:00,4.320000171661377,4.420000076293945,4.320000171661377,4.380000114440918,765236,0.0,0.0,0.0
2021-02-22 00:00:00+02:00,4.380000114440918,4.519999980926514,4.329999923706055,4.409999847412109,1327711,0.0,0.0,0.0
2021-02-23 00:00:00+02:00,4.409999847412109,4.409999847412109,4.21999979019165,4.309999942779541,734714,0.0,0.0,0.0
2021-02-24 00:00:00+02:00,4.309999942779541,4.449999809265137,4.139999866485596,4.369999885559082,3952313,0.0,0.0,0.0
2021-02-25 00:00:00+02:00,4.369999885559082,4.489999771118164,4.309999942779541,4.389999866485596,1598975,0.0,0.0,0.0
2021-02-28 00:00:00+02:00,4.389999866485596,4.369999885559082,4.050000190734863,4.170000076293945,1346995,0.0,0.0,0.0
2021-03-01 00:00:00+02:00,4.170000076293945,4.199999809265137,4.119999885559082,4.159999847412109,662793,0.0,0.0,0.0
2021-03-02 00:00:00+02:00,4.159999847412109,4.25,3.950000047683716,4.130000114440918,681210,0.0,0.0,0.0
2021-03-03 00:00:00+02:00,4.130000114440918,4.099999904632568,3.7200000286102295,3.9000000953674316,1888112,0.0,0.0,0.0
2021-03-04 00:00:00+02:00,3.9000000953674316,3.9000000953674316,3.9000000953674316,3.9000000953674316,0,0.0,0.0,0.0
2021-03-07 00:00:00+02:00,3.759999990463257,4.130000114440918,4.110000133514404,4.130000114440918,1090543,0.0,0.0,0.0
2021-03-08 00:00:00+02:00,4.130000114440918,4.510000228881836,4.199999809265137,4.369999885559082,7436255,0.0,0.0,0.0
2021-03-09 00:00:00+02:00,4.369999885559082,4.369999885559082,4.369999885559082,4.369999885559082,0,0.0,0.0,0.0
2021-03-10 00:00:00+02:00,4.130000114440918,4.539999961853027,3.9000000953674316,4.170000076293945,5578976,0.0,0.0,0.0
2021-03-11 00:00:00+02:00,4.170000076293945,4.179999828338623,3.8399999141693115,4.03000020980835,1660184,0.0,0.0,0.0
2021-03-14 00:00:00+02:00,4.03000020980835,4.099999904632568,3.7799999713897705,3.940000057220459,2016567,0.0,0.0,0.0
2021-03-15 00:00:00+02:00,3.940000057220459,4.039999961853027,3.569999933242798,3.7699999809265137,975777,0.0,0.0,0.0
2021-03-16 00:00:00+02:00,3.7699999809265137,3.759999990463257,3.5999999046325684,3.6700000762939453,518350,0.0,0.0,0.0
2021-03-17 00:00:00+02:00,3.6700000762939453,3.799999952316284,3.640000104904175,3.7100000381469727,502107,0.0,0.0,0.0
2021-03-18 00:00:00+02:00,3.7100000381469727,3.7200000286102295,3.5799999237060547,3.630000114440918,446906,0.0,0.0,0.0
2021-03-21 00:00:00+02:00,3.630000114440918,3.700000047683716,3.2699999809265137,3.440000057220459,1076879,0.0,0.0,0.0
2021-03-22 00:00:00+02:00,3.440000057220459,3.2699999809265137,3.0999999046325684,3.1500000953674316,1079145,0.0,0.0,0.0
2021-03-23 00:00:00+02:00,3.1500000953674316,3.0,2.8399999141693115,2.869999885559082,2845586,0.0,0.0,0.0
2021-03-24 00:00:00+02:00,2.869999885559082,3.0,2.5899999141693115,2.7699999809265137,2467698,0.0,0.0,0.0
2021-03-25 00:00:00+02:00,2.7699999809265137,2.7699999809265137,2.5,2.6700000762939453,1131135,0.0,0.0,0.0
2021-03-28 00:00:00+02:00,2.6700000762939453,2.9000000953674316,2.680000066757202,2.8399999141693115,1151161,0.0,0.0,0.0
2021-03-29 00:00:00+02:00,2.8399999141693115,3.0399999618530273,2.9000000953674316,2.950000047683716,1185941,0.0,0.0,0.0
2021-03-30 00:00:00+02:00,2.950000047683716,3.0999999046325684,3.0,3.0299999713897705,1034825,0.0,0.0,0.0
2021-03-31 00:00:00+02:00,3.0299999713897705,3.049999952316284,2.950000047683716,2.9800000190734863,631931,0.0,0.0,0.0
2021-04-01 00:00:00+02:00,2.9800000190734863,3.180000066757202,3.009999990463257,3.119999885559082,1026570,0.0,0.0,0.0
2021-04-04 00:00:00+02:00,3.119999885559082,3.369999885559082,3.0899999141693115,3.25,4355671,0.0,0.0,0.0
2021-04-05 00:00:00+02:00,3.25,3.200000047683716,2.930000066757202,3.0799999237060547,2842607,0.0,0.0,0.0
2021-04-06 00:00:00+02:00,3.0799999237060547,3.0799999237060547,2.890000104904175,2.9800000190734863,1455007,0.0,0.0,0.0
2021-04-07 00:00:00+02:00,2.9800000190734863,3.0,2.869999885559082,2.9200000762939453,488852,0.0,0.0,0.0
2021-04-08 00:00:00+02:00,2.9200000762939453,3.0799999237060547,2.9200000762939453,3.009999990463257,1357620,0.0,0.0,0.0
2021-04-11 00:00:00+02:00,3.009999990463257,3.1700000762939453,3.049999952316284,3.0999999046325684,1460217,0.0,0.0,0.0
2021-04-12 00:00:00+02:00,3.0999999046325684,3.200000047683716,3.0799999237060547,3.130000114440918,1814067,0.0,0.0,0.0
2021-04-13 00:00:00+02:00,3.130000114440918,3.119999885559082,2.9000000953674316,3.0,995825,0.0,0.0,0.0
2021-04-14 00:00:00+02:00,3.0,2.950000047683716,2.700000047683716,2.75,1284257,0.0,0.0,0.0
2021-04-15 00:00:00+02:00,2.75,2.799999952316284,2.6500000953674316,2.740000009536743,465538,0.0,0.0,0.0
2021-04-18 00:00:00+02:00,2.740000009536743,2.809999942779541,2.700000047683716,2.7699999809265137,703293,0.0,0.0,0.0
2021-04-19 00:00:00+02:00,2.7699999809265137,2.930000066757202,2.7699999809265137,2.880000114440918,1071134,0.0,0.0,0.0
2021-04-20 00:00:00+02:00,2.880000114440918,2.9600000381469727,2.880000114440918,2.9200000762939453,768636,0.0,0.0,0.0
2021-04-21 00:00:00+02:00,2.9200000762939453,3.069999933242798,2.940000057220459,3.009999990463257,1757438,0.0,0.0,0.0
2021-04-22 00:00:00+02:00,3.009999990463257,3.130000114440918,3.0399999618530273,3.0799999237060547,1684578,0.0,0.0,0.0
2021-04-25 00:00:00+02:00,3.0799999237060547,3.369999885559082,3.1500000953674316,3.2699999809265137,2974591,0.0,0.0,0.0
2021-04-26 00:00:00+02:00,3.2699999809265137,3.319999933242798,3.1500000953674316,3.2200000286102295,2019143,0.0,0.0,0.0
2021-04-27 00:00:00+02:00,3.2200000286102295,3.2300000190734863,3.1500000953674316,3.190000057220459,873827,0.0,0.0,0.0
2021-04-28 00:00:00+02:00,3.190000057220459,3.1500000953674316,3.0799999237060547,3.109999895095825,725355,0.0,0.0,0.0
2021-05-04 00:00:00+02:00,3.109999895095825,3.180000066757202,3.0899999141693115,3.130000114440918,1731006,0.0,0.0,0.0
2021-05-05 00:00:00+02:00,3.130000114440918,3.190000057220459,3.119999885559082,3.1500000953674316,1120865,0.0,0.0,0.0
2021-05-06 00:00:00+02:00,3.1500000953674316,3.1700000762939453,3.0899999141693115,3.130000114440918,855460,0.0,0.0,0.0
2021-05-09 00:00:00+02:00,3.130000114440918,3.1700000762939453,3.069999933242798,3.109999895095825,900527,0.0,0.0,0.0
2021-05-10 00:00:00+02:00,3.109999895095825,3.2100000381469727,3.0999999046325684,3.1600000858306885,1103766,0.0,0.0,0.0
2021-05-11 00:00:00+02:00,3.1600000858306885,3.259999990463257,3.1600000858306885,3.2100000381469727,1342474,0.0,0.0,0.0
2021-05-17 00:00:00+02:00,3.2100000381469727,3.2200000286102295,3.130000114440918,3.180000066757202,1126391,0.0,0.0,0.0
2021-05-18 00:00:00+02:00,3.180000066757202,3.490000009536743,3.2200000286102295,3.4200000762939453,6803585,0.0,0.0,0.0
2021-05-19 00:00:00+02:00,3.4200000762939453,3.569999933242798,3.3399999141693115,3.4600000381469727,2296104,0.0,0.0,0.0
2021-05-20 00:00:00+02:00,3.4600000381469727,3.4800000190734863,3.3399999141693115,3.390000104904175,1744186,0.0,0.0,0.0
2021-05-23 00:00:00+02:00,3.390000104904175,3.4800000190734863,3.380000114440918,3.4200000762939453,1445741,0.0,0.0,0.0
2021-05-24 00:00:00+02:00,3.4200000762939453,3.549999952316284,3.200000047683716,3.4100000858306885,3458904,0.0,0.0,0.0
2021-05-25 00:00:00+02:00,3.4100000858306885,3.3499999046325684,3.140000104904175,3.2699999809265137,2125745,0.0,0.0,0.0
2021-05-26 00:00:00+02:00,3.2699999809265137,3.6600000858306885,3.4100000858306885,3.559999942779541,6320877,0.0,0.0,0.0
2021-05-27 00:00:00+02:00,3.559999942779541,3.5999999046325684,3.450000047683716,3.509999990463257,3142221,0.0,0.0,0.0
2021-05-30 00:00:00+02:00,3.509999990463257,3.7200000286102295,3.5,3.6500000953674316,3671030,0.0,0.0,0.0
2021-05-31 00:00:00+02:00,3.6500000953674316,3.8299999237060547,3.609999895095825,3.7300000190734863,3246586,0.0,0.0,0.0
2021-06-01 00:00:00+02:00,3.7300000190734863,3.940000057220459,3.549999952316284,3.809999942779541,5314628,0.0,0.0,0.0
2021-06-02 00:00:00+02:00,3.809999942779541,3.9200000762939453,3.609999895095825,3.759999990463257,3180295,0.0,0.0,0.0
2021-06-03 00:00:00+02:00,3.759999990463257,4.130000114440918,3.609999895095825,4.0,8126644,0.0,0.0,0.0
2021-06-06 00:00:00+02:00,4.0,4.510000228881836,4.199999809265137,4.360000133514404,7675896,0.0,0.0,0.0
2021-06-07 00:00:00+02:00,4.360000133514404,4.369999885559082,4.050000190734863,4.210000038146973,6220457,0.0,0.0,0.0
2021-06-08 00:00:00+02:00,4.210000038146973,4.150000095367432,3.9200000762939453,4.019999980926514,3911296,0.0,0.0,0.0
2021-06-09 00:00:00+02:00,4.019999980926514,4.139999866485596,3.950000047683716,4.039999961853027,3415335,0.0,0.0,0.0
2021-06-10 00:00:00+02:00,4.039999961853027,4.099999904632568,3.9200000762939453,3.9800000190734863,1958333,0.0,0.0,0.0
2021-06-13 00:00:00+02:00,3.9800000190734863,4.019999980926514,3.680000066757202,3.890000104904175,3788439,0.0,0.0,0.0
2021-06-14 00:00:00+02:00,3.890000104904175,3.819999933242798,3.640000104904175,3.740000009536743,1823935,0.0,0.0,0.0
2021-06-15 00:00:00+02:00,3.740000009536743,3.869999885559082,3.380000114440918,3.6600000858306885,2111030,0.0,0.0,0.0
2021-06-16 00:00:00+02:00,3.6600000858306885,3.609999895095825,3.450000047683716,3.5299999713897705,1268099,0.0,0.0,0.0
2021-06-17 00:00:00+02:00,3.5299999713897705,3.799999952316284,3.549999952316284,3.700000047683716,2357221,0.0,0.0,0.0
2021-06-20 00:00:00+02:00,3.700000047683716,3.859999895095825,3.6500000953674316,3.7699999809265137,2493686,0.0,0.0,0.0
2021-06-21 00:00:00+02:00,3.7699999809265137,3.9700000286102295,3.75,3.8299999237060547,2785276,0.0,0.0,0.0
2021-06-22 00:00:00+02:00,3.8299999237060547,3.9700000286102295,3.7699999809265137,3.9000000953674316,3438025,0.0,0.0,0.0
2021-06-23 00:00:00+02:00,3.9000000953674316,3.9800000190734863,3.799999952316284,3.869999885559082,1786758,0.0,0.0,0.0
2021-06-24 00:00:00+02:00,3.869999885559082,3.890000104904175,3.75,3.799999952316284,1637135,0.0,0.0,0.0
2021-06-27 00:00:00+02:00,3.799999952316284,3.7899999618530273,3.6700000762939453,3.7200000286102295,1040580,0.0,0.0,0.0
2021-06-28 00:00:00+02:00,3.7200000286102295,3.7899999618530273,3.559999942779541,3.690000057220459,1099219,0.0,0.0,0.0
2021-06-29 00:00:00+02:00,3.690000057220459,3.619999885559082,3.490000009536743,3.5399999618530273,657389,0.0,0.0,0.0
2021-06-30 00:00:00+02:00,3.5399999618530273,3.619999885559082,3.5299999713897705,3.5799999237060547,875431,0.0,0.0,0.0
2021-07-04 00:00:00+02:00,3.5799999237060547,3.6500000953674316,3.549999952316284,3.5799999237060547,320903,0.0,0.0,0.0
2021-07-05 00:00:00+02:00,3.5799999237060547,3.6700000762939453,3.4600000381469727,3.559999942779541,967720,0.0,0.0,0.0
2021-07-06 00:00:00+02:00,3.559999942779541,3.549999952316284,3.299999952316284,3.450000047683716,1383238,0.0,0.0,0.0
2021-07-07 00:00:00+02:00,3.450000047683716,3.5999999046325684,3.440000057220459,3.509999990463257,1438737,0.0,0.0,0.0
2021-07-08 00:00:00+02:00,3.509999990463257,3.5199999809265137,3.319999933242798,3.4100000858306885,729479,0.0,0.0,0.0
2021-07-11 00:00:00+02:00,3.4100000858306885,3.4200000762939453,3.309999942779541,3.369999885559082,563366,0.0,0.0,0.0
2021-07-12 00:00:00+02:00,3.369999885559082,3.4800000190734863,3.369999885559082,3.4000000953674316,1457131,0.0,0.0,0.0
2021-07-13 00:00:00+02:00,3.4000000953674316,3.5999999046325684,3.440000057220459,3.5299999713897705,2372463,0.0,0.0,0.0
2021-07-14 00:00:00+02:00,3.5299999713897705,3.700000047683716,3.569999933242798,3.619999885559082,1667676,0.0,0.0,0.0
2021-07-15 00:00:00+02:00,3.619999885559082,3.7300000190734863,3.5999999046325684,3.6600000858306885,2329460,0.0,0.0,0.0
2021-07-18 00:00:00+02:00,3.6600000858306885,3.740000009536743,3.609999895095825,3.6700000762939453,1013268,0.0,0.0,0.0
2021-07-25 00:00:00+02:00,3.6700000762939453,3.9000000953674316,3.680000066757202,3.819999933242798,2738631,0.0,0.0,0.0
2021-07-26 00:00:00+02:00,3.819999933242798,4.0,3.8499999046325684,3.9100000858306885,2552852,0.0,0.0,0.0
2021-07-27 00:00:00+02:00,3.9100000858306885,4.050000190734863,3.890000104904175,3.9600000381469727,3011742,0.0,0.0,0.0
2021-07-28 00:00:00+02:00,3.9600000381469727,4.210000038146973,3.9100000858306885,4.090000152587891,6659426,0.0,0.0,0.0
2021-07-29 00:00:00+02:00,4.090000152587891,4.28000020980835,4.079999923706055,4.179999828338623,5390273,0.0,0.0,0.0
2021-08-01 00:00:00+02:00,4.179999828338623,4.369999885559082,4.130000114440918,4.269999980926514,4108953,0.0,0.0,0.0
2021-08-02 00:00:00+02:00,4.269999980926514,4.380000114440918,3.9700000286102295,4.179999828338623,3251296,0.0,0.0,0.0
2021-08-03 00:00:00+02:00,4.179999828338623,4.090000152587891,3.799999952316284,3.930000066757202,2372913,0.0,0.0,0.0
2021-08-04 00:00:00+02:00,3.930000066757202,4.179999828338623,3.880000114440918,4.039999961853027,3765401,0.0,0.0,0.0
2021-08-05 00:00:00+02:00,4.039999961853027,4.239999771118164,4.070000171661377,4.150000095367432,2134713,0.0,0.0,0.0
2021-08-08 00:00:00+02:00,4.150000095367432,4.150000095367432,4.150000095367432,4.150000095367432,0,0.0,0.0,0.0
2021-08-09 00:00:00+02:00,4.150000095367432,4.150000095367432,4.150000095367432,4.150000095367432,0,0.0,0.0,0.0
2021-08-10 00:00:00+02:00,4.019999980926514,4.139999866485596,3.9800000190734863,4.070000171661377,1957250,0.0,0.0,0.0
2021-08-11 00:00:00+02:00,4.070000171661377,4.119999885559082,3.930000066757202,4.019999980926514,1457637,0.0,0.0,0.0
2021-08-15 00:00:00+02:00,4.019999980926514,4.050000190734863,3.9100000858306885,3.9600000381469727,1600267,0.0,0.0,0.0
2021-08-16 00:00:00+02:00,3.9600000381469727,4.019999980926514,3.9100000858306885,3.9600000381469727,1436486,0.0,0.0,0.0
2021-08-17 00:00:00+02:00,3.9600000381469727,4.090000152587891,3.930000066757202,4.0,2280076,0.0,0.0,0.0
2021-08-18 00:00:00+02:00,4.0,4.039999961853027,3.9200000762939453,3.9800000190734863,1517269,0.0,0.0,0.0
2021-08-19 00:00:00+02:00,3.9800000190734863,3.9600000381469727,3.8299999237060547,3.890000104904175,1002395,0.0,0.0,0.0
2021-08-22 00:00:00+02:00,3.890000104904175,3.880000114440918,3.799999952316284,3.8399999141693115,724380,0.0,0.0,0.0
2021-08-23 00:00:00+02:00,3.8399999141693115,3.990000009536743,3.8499999046325684,3.930000066757202,1358473,0.0,0.0,0.0
2021-08-24 00:00:00+02:00,3.930000066757202,3.990000009536743,3.859999895095825,3.9100000858306885,1394052,0.0,0.0,0.0
2021-08-25 00:00:00+02:00,3.9100000858306885,4.090000152587891,3.9000000953674316,4.010000228881836,2980216,0.0,0.0,0.0
2021-08-26 00:00:00+02:00,4.010000228881836,4.099999904632568,3.859999895095825,3.9700000286102295,1750409,0.0,0.0,0.0
2021-08-29 00:00:00+02:00,3.9700000286102295,3.9700000286102295,3.859999895095825,3.9200000762939453,983123,0.0,0.0,0.0
2021-08-30 00:00:00+02:00,3.9200000762939453,4.110000133514404,3.940000057220459,4.019999980926514,2520649,0.0,0.0,0.0
2021-08-31 00:00:00+02:00,4.019999980926514,4.170000076293945,3.940000057220459,4.099999904632568,3869244,0.0,0.0,0.0
2021-09-01 00:00:00+02:00,4.099999904632568,4.190000057220459,4.079999923706055,4.150000095367432,2468394,0.0,0.0,0.0
2021-09-02 00:00:00+02:00,4.150000095367432,4.239999771118164,4.090000152587891,4.170000076293945,2303905,0.0,0.0,0.0
2021-09-05 00:00:00+02:00,4.170000076293945,4.489999771118164,4.150000095367432,4.210000038146973,7117644,0.0,0.0,0.0
2021-09-06 00:00:00+02:00,4.210000038146973,4.239999771118164,3.7699999809265137,3.8299999237060547,3475348,0.0,0.0,0.0
2021-09-07 00:00:00+02:00,3.8299999237060547,3.940000057220459,3.7100000381469727,3.890000104904175,1521722,0.0,0.0,0.0
2021-09-08 00:00:00+02:00,3.890000104904175,4.019999980926514,3.9000000953674316,3.9800000190734863,1492805,0.0,0.0,0.0
2021-09-09 00:00:00+02:00,3.9800000190734863,3.930000066757202,3.7200000286102295,3.759999990463257,1813592,0.0,0.0,0.0
2021-09-12 00:00:00+02:00,3.759999990463257,3.809999942779541,3.7200000286102295,3.799999952316284,401790,0.0,0.0,0.0
2021-09-13 00:00:00+02:00,3.799999952316284,3.859999895095825,3.759999990463257,3.8299999237060547,688604,0.0,0.0,0.0
2021-09-14 00:00:00+02:00,3.8299999237060547,3.9000000953674316,3.7799999713897705,3.809999942779541,1279100,0.0,0.0,0.0
2021-09-15 00:00:00+02:00,3.809999942779541,3.8499999046325684,3.6700000762939453,3.690000057220459,828079,0.0,0.0,0.0
2021-09-16 00:00:00+02:00,3.690000057220459,3.759999990463257,3.6600000858306885,3.690000057220459,482729,0.0,0.0,0.0
2021-09-19 00:00:00+02:00,3.690000057220459,3.690000057220459,3.4600000381469727,3.490000009536743,781550,0.0,0.0,0.0
2021-09-20 00:00:00+02:00,3.490000009536743,3.5,3.3299999237060547,3.3399999141693115,919078,0.0,0.0,0.0
2021-09-21 00:00:00+02:00,3.3399999141693115,3.3399999141693115,3.3399999141693115,3.3399999141693115,0,0.0,0.0,0.0
2021-09-22 00:00:00+02:00,3.0999999046325684,3.3499999046325684,3.140000104904175,3.259999990463257,1337164,0.0,0.0,0.0
2021-09-23 00:00:00+02:00,3.259999990463257,3.380000114440918,3.2300000190734863,3.359999895095825,930140,0.0,0.0,0.0
2021-09-26 00:00:00+02:00,3.359999895095825,3.4100000858306885,3.319999933242798,3.3399999141693115,740254,0.0,0.0,0.0
2021-09-27 00:00:00+02:00,3.3399999141693115,3.4800000190734863,3.299999952316284,3.3399999141693115,2159947,0.0,0.0,0.0
2021-09-28 00:00:00+02:00,3.3399999141693115,3.3399999141693115,3.3399999141693115,3.3399999141693115,0,0.0,0.0,0.0
2021-09-29 00:00:00+02:00,3.299999952316284,3.4000000953674316,3.2699999809265137,3.2799999713897705,734535,0.0,0.0,0.0
2021-09-30 00:00:00+02:00,3.2799999713897705,3.3399999141693115,3.240000009536743,3.2899999618530273,796446,0.0,0.0,0.0
2021-10-03 00:00:00+02:00,3.2899999618530273,3.359999895095825,3.240000009536743,3.240000009536743,284948,0.0,0.0,0.0
2021-10-04 00:00:00+02:00,3.240000009536743,3.2899999618530273,3.130000114440918,3.1500000953674316,499410,0.0,0.0,0.0
2021-10-05 00:00:00+02:00,3.1500000953674316,3.259999990463257,3.130000114440918,3.1600000858306885,821559,0.0,0.0,0.0
2021-10-06 00:00:00+02:00,3.1600000858306885,3.200000047683716,3.130000114440918,3.1700000762939453,406990,0.0,0.0,0.0
2021-10-10 00:00:00+02:00,3.1700000762939453,3.190000057220459,3.109999895095825,3.130000114440918,322851,0.0,0.0,0.0
2021-10-11 00:00:00+02:00,3.130000114440918,3.190000057220459,3.0899999141693115,3.119999885559082,601505,0.0,0.0,0.0
2021-10-12 00:00:00+02:00,3.119999885559082,3.190000057220459,3.109999895095825,3.1600000858306885,385924,0.0,0.0,0.0
2021-10-13 00:00:00+02:00,3.1600000858306885,3.180000066757202,3.069999933242798,3.0899999141693115,362761,0.0,0.0,0.0
2021-10-14 00:00:00+02:00,3.0899999141693115,3.119999885559082,3.0199999809265137,3.059999942779541,798225,0.0,0.0,0.0
2021-10-17 00:00:00+02:00,3.059999942779541,3.1500000953674316,3.0799999237060547,3.140000104904175,608516,0.0,0.0,0.0
2021-10-18 00:00:00+02:00,3.140000104904175,3.140000104904175,3.140000104904175,3.140000104904175,0,0.0,0.0,0.0
2021-10-19 00:00:00+02:00,3.1600000858306885,3.200000047683716,2.9600000381469727,3.009999990463257,668585,0.0,0.0,0.0
2021-10-20 00:00:00+02:00,3.009999990463257,3.0,2.630000114440918,2.869999885559082,820430,0.0,0.0,0.0
2021-10-24 00:00:00+02:00,2.869999885559082,2.9800000190734863,2.869999885559082,2.880000114440918,685750,0.0,0.0,0.0
2021-10-25 00:00:00+02:00,2.880000114440918,2.9200000762939453,2.609999895095825,2.6500000953674316,1064473,0.0,0.0,0.0
2021-10-26 00:00:00+02:00,2.6500000953674316,2.740000009536743,2.4200000762939453,2.4600000381469727,963189,0.0,0.0,0.0
2021-10-27 00:00:00+02:00,2.4600000381469727,2.5299999713897705,2.3499999046325684,2.4600000381469727,1372471,0.0,0.0,0.0
2021-10-28 00:00:00+02:00,2.4600000381469727,2.630000114440918,2.430000066757202,2.5899999141693115,861670,0.0,0.0,0.0
2021-10-31 00:00:00+02:00,2.5899999141693115,2.6600000858306885,2.509999990463257,2.569999933242798,665645,0.0,0.0,0.0
2021-11-01 00:00:00+02:00,2.569999933242798,2.640000104904175,2.569999933242798,2.569999933242798,532661,0.0,0.0,0.0
2021-11-02 00:00:00+02:00,2.569999933242798,2.609999895095825,2.5199999809265137,2.559999942779541,291587,0.0,0.0,0.0
2021-11-03 00:00:00+02:00,2.559999942779541,2.5999999046325684,2.4200000762939453,2.440000057220459,709235,0.0,0.0,0.0
2021-11-04 00:00:00+02:00,2.440000057220459,2.5,2.309999942779541,2.4600000381469727,673216,0.0,0.0,0.0
2021-11-07 00:00:00+02:00,2.4600000381469727,2.4600000381469727,2.4600000381469727,2.4600000381469727,0,0.0,0.0,0.0
2021-11-08 00:00:00+02:00,2.4600000381469727,2.4600000381469727,2.4600000381469727,2.4600000381469727,0,0.0,0.0,0.0
2021-11-09 00:00:00+02:00,2.4600000381469727,2.4600000381469727,2.4600000381469727,2.4600000381469727,0,0.0,0.0,0.0
2021-11-10 00:00:00+02:00,2.5299999713897705,2.559999942779541,2.430000066757202,2.4600000381469727,257943,0.0,0.0,0.0
2021-11-11 00:00:00+02:00,2.4600000381469727,2.5899999141693115,2.4600000381469727,2.559999942779541,387334,0.0,0.0,0.0
2021-11-14 00:00:00+02:00,2.559999942779541,2.5899999141693115,2.4800000190734863,2.549999952316284,459569,0.0,0.0,0.0
2021-11-15 00:00:00+02:00,2.549999952316284,2.559999942779541,2.4600000381469727,2.4700000286102295,201233,0.0,0.0,0.0
2021-11-16 00:00:00+02:00,2.4700000286102295,2.440000057220459,2.2799999713897705,2.299999952316284,481177,0.0,0.0,0.0
2021-11-17 00:00:00+02:00,2.299999952316284,2.4000000953674316,2.2100000381469727,2.319999933242798,357948,0.0,0.0,0.0
2021-11-18 00:00:00+02:00,2.319999933242798,2.380000114440918,2.240000009536743,2.259999990463257,223371,0.0,0.0,0.0
2021-11-21 00:00:00+02:00,2.259999990463257,2.2200000286102295,2.0199999809265137,2.0899999141693115,612962,0.0,0.0,0.0
2021-11-22 00:00:00+02:00,2.0899999141693115,2.190000057220459,2.049999952316284,2.1600000858306885,281207,0.0,0.0,0.0
2021-11-23 00:00:00+02:00,2.1600000858306885,2.240000009536743,2.1600000858306885,2.200000047683716,688223,0.0,0.0,0.0
2021-11-24 00:00:00+02:00,2.200000047683716,2.25,2.1700000762939453,2.2200000286102295,526792,0.0,0.0,0.0
2021-11-25 00:00:00+02:00,2.2200000286102295,2.359999895095825,2.2300000190734863,2.3299999237060547,1071334,0.0,0.0,0.0
2021-11-28 00:00:00+02:00,2.3299999237060547,2.3299999237060547,2.3299999237060547,2.3299999237060547,0,0.0,0.0,0.0
2021-11-29 00:00:00+02:00,2.299999952316284,2.4200000762939453,2.2899999618530273,2.3499999046325684,1199533,0.0,0.0,0.0
2021-11-30 00:00:00+02:00,2.3499999046325684,2.4600000381469727,2.299999952316284,2.430000066757202,2191048,0.0,0.0,0.0
2021-12-01 00:00:00+02:00,2.430000066757202,2.5,2.4100000858306885,2.4600000381469727,934444,0.0,0.0,0.0
2021-12-02 00:00:00+02:00,2.4600000381469727,2.5299999713897705,2.440000057220459,2.450000047683716,684880,0.0,0.0,0.0
2021-12-05 00:00:00+02:00,2.450000047683716,2.640000104904175,2.4700000286102295,2.5899999141693115,1773602,0.0,0.0,0.0
2021-12-06 00:00:00+02:00,2.5899999141693115,2.6500000953674316,2.509999990463257,2.549999952316284,1086223,0.0,0.0,0.0
2021-12-07 00:00:00+02:00,2.549999952316284,2.5899999141693115,2.4100000858306885,2.430000066757202,600328,0.0,0.0,0.0
2021-12-08 00:00:00+02:00,2.430000066757202,2.5,2.4000000953674316,2.450000047683716,511143,0.0,0.0,0.0
2021-12-09 00:00:00+02:00,2.450000047683716,2.4700000286102295,2.4200000762939453,2.450000047683716,219076,0.0,0.0,0.0
2021-12-12 00:00:00+02:00,2.450000047683716,2.5399999618530273,2.4600000381469727,2.509999990463257,528798,0.0,0.0,0.0
2021-12-13 00:00:00+02:00,2.509999990463257,2.6600000858306885,2.549999952316284,2.5799999237060547,1559752,0.0,0.0,0.0
2021-12-14 00:00:00+02:00,2.5799999237060547,2.5799999237060547,2.5799999237060547,2.5799999237060547,0,0.0,0.0,0.0
2021-12-15 00:00:00+02:00,2.559999942779541,2.5999999046325684,2.5399999618530273,2.559999942779541,548949,0.0,0.0,0.0
2021-12-16 00:00:00+02:00,2.559999942779541,2.6500000953674316,2.569999933242798,2.5899999141693115,1003871,0.0,0.0,0.0
2021-12-19 00:00:00+02:00,2.5899999141693115,2.640000104904175,2.5899999141693115,2.5999999046325684,387257,0.0,0.0,0.0
2021-12-20 00:00:00+02:00,2.5999999046325684,2.5999999046325684,2.5999999046325684,2.5999999046325684,0,0.0,0.0,0.0
2021-12-21 00:00:00+02:00,2.5399999618530273,2.5999999046325684,2.549999952316284,2.559999942779541,378863,0.0,0.0,0.0
2021-12-22 00:00:00+02:00,2.559999942779541,2.700000047683716,2.5899999141693115,2.640000104904175,1202277,0.0,0.0,0.0
2021-12-23 00:00:00+02:00,2.640000104904175,2.7799999713897705,2.6600000858306885,2.7300000190734863,1062017,0.0,0.0,0.0
2021-12-26 00:00:00+02:00,2.7300000190734863,2.8499999046325684,2.7300000190734863,2.740000009536743,867188,0.0,0.0,0.0
2021-12-27 00:00:00+02:00,2.740000009536743,2.7799999713897705,2.6600000858306885,2.6700000762939453,393817,0.0,0.0,0.0
2021-12-28 00:00:00+02:00,2.6700000762939453,2.799999952316284,2.6600000858306885,2.700000047683716,486415,0.0,0.0,0.0
2021-12-29 00:00:00+02:00,2.700000047683716,2.75,2.6600000858306885,2.690000057220459,291424,0.0,0.0,0.0
2021-12-30 00:00:00+02:00,2.690000057220459,2.7100000381469727,2.6600000858306885,2.690000057220459,307598,0.0,0.0,0.0
2022-01-02 00:00:00+02:00,2.690000057220459,2.75,2.700000047683716,2.7300000190734863,192079,0.0,0.0,0.0
2022-01-03 00:00:00+02:00,2.7300000190734863,2.7799999713897705,2.740000009536743,2.75,360268,0.0,0.0,0.0
2022-01-04 00:00:00+02:00,2.75,2.799999952316284,2.740000009536743,2.7699999809265137,400496,0.0,0.0,0.0
2022-01-05 00:00:00+02:00,2.7699999809265137,2.9000000953674316,2.7799999713897705,2.869999885559082,1384783,0.0,0.0,0.0
2022-01-09 00:00:00+02:00,2.869999885559082,2.869999885559082,2.869999885559082,2.869999885559082,0,0.0,0.0,0.0
2022-01-10 00:00:00+02:00,2.819999933242798,2.859999895095825,2.7699999809265137,2.7799999713897705,272899,0.0,0.0,0.0
2022-01-11 00:00:00+02:00,2.7799999713897705,2.799999952316284,2.700000047683716,2.7100000381469727,450424,0.0,0.0,0.0
2022-01-12 00:00:00+02:00,2.7100000381469727,2.75,2.680000066757202,2.680000066757202,304306,0.0,0.0,0.0
2022-01-13 00:00:00+02:00,2.680000066757202,2.680000066757202,2.640000104904175,2.6500000953674316,268999,0.0,0.0,0.0
2022-01-16 00:00:00+02:00,2.6500000953674316,2.6700000762939453,2.549999952316284,2.569999933242798,188025,0.0,0.0,0.0
2022-01-17 00:00:00+02:00,2.569999933242798,2.619999885559082,2.5799999237060547,2.5999999046325684,144680,0.0,0.0,0.0
2022-01-18 00:00:00+02:00,2.5999999046325684,2.680000066757202,2.5899999141693115,2.6500000953674316,161050,0.0,0.0,0.0
2022-01-19 00:00:00+02:00,2.6500000953674316,2.690000057220459,2.609999895095825,2.619999885559082,158219,0.0,0.0,0.0
2022-01-20 00:00:00+02:00,2.619999885559082,2.630000114440918,2.549999952316284,2.5799999237060547,327898,0.0,0.0,0.0
2022-01-23 00:00:00+02:00,2.5799999237060547,2.5999999046325684,2.509999990463257,2.5399999618530273,160451,0.0,0.0,0.0
2022-01-24 00:00:00+02:00,2.5399999618530273,2.549999952316284,2.450000047683716,2.5399999618530273,108708,0.0,0.0,0.0
2022-01-25 00:00:00+02:00,2.5399999618530273,2.5399999618530273,2.4700000286102295,2.5399999618530273,50040,0.0,0.0,0.0
2022-01-26 00:00:00+02:00,2.5399999618530273,2.5399999618530273,2.4600000381469727,2.5399999618530273,79167,0.0,0.0,0.0
2022-01-30 00:00:00+02:00,2.5399999618530273,2.5299999713897705,2.4000000953674316,2.4200000762939453,152372,0.0,0.0,0.0
2022-01-31 00:00:00+02:00,2.4200000762939453,2.440000057220459,2.3499999046325684,2.430000066757202,386225,0.0,0.0,0.0
2022-02-01 00:00:00+02:00,2.430000066757202,2.509999990463257,2.4600000381469727,2.490000009536743,290586,0.0,0.0,0.0
2022-02-02 00:00:00+02:00,2.490000009536743,2.569999933242798,2.5,2.5,462591,0.0,0.0,0.0
2022-02-03 00:00:00+02:00,2.5,2.569999933242798,2.509999990463257,2.5199999809265137,327779,0.0,0.0,0.0
2022-02-06 00:00:00+02:00,2.5199999809265137,2.630000114440918,2.5,2.609999895095825,715550,0.0,0.0,0.0
2022-02-07 00:00:00+02:00,2.609999895095825,2.640000104904175,2.5299999713897705,2.5399999618530273,343634,0.0,0.0,0.0
2022-02-08 00:00:00+02:00,2.5399999618530273,2.5799999237060547,2.5299999713897705,2.549999952316284,262939,0.0,0.0,0.0
2022-02-09 00:00:00+02:00,2.549999952316284,2.609999895095825,2.509999990463257,2.5999999046325684,595181,0.0,0.0,0.0
2022-02-10 00:00:00+02:00,2.5999999046325684,2.630000114440918,2.5,2.5299999713897705,655142,0.0,0.0,0.0
2022-02-13 00:00:00+02:00,2.5299999713897705,2.5199999809265137,2.240000009536743,2.25,797348,0.0,0.0,0.0
2022-02-14 00:00:00+02:00,2.25,2.369999885559082,2.2100000381469727,2.259999990463257,500810,0.0,0.0,0.0
2022-02-15 00:00:00+02:00,2.259999990463257,2.3499999046325684,2.2699999809265137,2.299999952316284,305550,0.0,0.0,0.0
2022-02-16 00:00:00+02:00,2.299999952316284,2.3499999046325684,2.299999952316284,2.299999952316284,252930,0.0,0.0,0.0
2022-02-17 00:00:00+02:00,2.299999952316284,2.299999952316284,2.240000009536743,2.299999952316284,94080,0.0,0.0,0.0
2022-02-20 00:00:00+02:00,2.299999952316284,2.309999942779541,2.200000047683716,2.2100000381469727,809767,0.0,0.0,0.0
2022-02-21 00:00:00+02:00,2.2100000381469727,2.25,2.1500000953674316,2.190000057220459,725524,0.0,0.0,0.0
2022-02-22 00:00:00+02:00,2.190000057220459,2.180000066757202,2.0899999141693115,2.130000114440918,774118,0.0,0.0,0.0
2022-02-23 00:00:00+02:00,2.130000114440918,2.200000047683716,2.0999999046325684,2.119999885559082,740657,0.0,0.0,0.0
2022-02-24 00:00:00+02:00,2.119999885559082,2.0299999713897705,1.840000033378601,1.8600000143051147,1190948,0.0,0.0,0.0
2022-02-27 00:00:00+02:00,1.8600000143051147,1.9800000190734863,1.9199999570846558,1.9589999914169312,472412,0.0,0.0,0.0
2022-02-28 00:00:00+02:00,1.9589999914169312,1.9500000476837158,1.8799999952316284,1.8930000066757202,370752,0.0,0.0,0.0
2022-03-01 00:00:00+02:00,1.8930000066757202,1.9500000476837158,1.9249999523162842,1.9459999799728394,236306,0.0,0.0,0.0
2022-03-02 00:00:00+02:00,1.9459999799728394,1.9670000076293945,1.9010000228881836,1.9140000343322754,542760,0.0,0.0,0.0
2022-03-03 00:00:00+02:00,1.9140000343322754,1.99399995803833,1.930999994277954,1.975000023841858,537388,0.0,0.0,0.0
2022-03-06 00:00:00+02:00,1.975000023841858,2.056999921798706,1.9700000286102295,2.0339999198913574,749084,0.0,0.0,0.0
2022-03-07 00:00:00+02:00,2.0339999198913574,2.0989999771118164,1.9800000190734863,1.9839999675750732,809350,0.0,0.0,0.0
2022-03-08 00:00:00+02:00,1.9839999675750732,1.9839999675750732,1.9839999675750732,1.9839999675750732,0,0.0,0.0,0.0
2022-03-09 00:00:00+02:00,1.9579999446868896,2.0799999237060547,1.975000023841858,2.0179998874664307,657926,0.0,0.0,0.0
2022-03-10 00:00:00+02:00,2.0179998874664307,2.0399999618530273,1.9850000143051147,1.9900000095367432,207664,0.0,0.0,0.0
2022-03-13 00:00:00+02:00,1.9900000095367432,2.0299999713897705,1.940999984741211,1.944000005722046,181648,0.0,0.0,0.0
2022-03-14 00:00:00+02:00,1.944000005722046,1.9559999704360962,1.944000005722046,1.9559999704360962,326469,0.0,0.0,0.0
2022-03-15 00:00:00+02:00,1.9559999704360962,1.9880000352859497,1.9299999475479126,1.9559999704360962,153754,0.0,0.0,0.0
2022-03-16 00:00:00+02:00,1.9559999704360962,2.0299999713897705,1.9709999561309814,2.0299999713897705,293745,0.0,0.0,0.0
2022-03-17 00:00:00+02:00,2.0299999713897705,2.0799999237060547,2.0,2.0329999923706055,389275,0.0,0.0,0.0
2022-03-20 00:00:00+02:00,2.0329999923706055,2.0799999237060547,2.009999990463257,2.059999942779541,456946,0.0,0.0,0.0
2022-03-21 00:00:00+02:00,2.059999942779541,2.200000047683716,2.049999952316284,2.180000066757202,792668,0.0,0.0,0.0
2022-03-22 00:00:00+02:00,2.180000066757202,2.240000009536743,2.130000114440918,2.140000104904175,601581,0.0,0.0,0.0
2022-03-23 00:00:00+02:00,2.140000104904175,2.1700000762939453,2.119999885559082,2.140000104904175,142177,0.0,0.0,0.0
2022-03-24 00:00:00+02:00,2.140000104904175,2.190000057220459,2.049999952316284,2.069999933242798,934376,0.0,0.0,0.0
2022-03-27 00:00:00+02:00,2.069999933242798,2.0999999046325684,2.0299999713897705,2.049999952316284,740820,0.0,0.0,0.0
2022-03-28 00:00:00+02:00,2.049999952316284,2.049999952316284,1.9500000476837158,1.9900000095367432,413048,0.0,0.0,0.0
2022-03-29 00:00:00+02:00,1.9900000095367432,2.0199999809265137,1.9600000381469727,1.9900000095367432,608132,0.0,0.0,0.0
2022-03-30 00:00:00+02:00,1.9900000095367432,1.9900000095367432,1.9500000476837158,1.9600000381469727,207772,0.0,0.0,0.0
2022-03-31 00:00:00+02:00,1.9600000381469727,1.9700000286102295,1.9299999475479126,1.9600000381469727,149421,0.0,0.0,0.0
2022-04-03 00:00:00+02:00,1.9600000381469727,1.9800000190734863,1.9539999961853027,1.9600000381469727,73700,0.0,0.0,0.0
2022-04-04 00:00:00+02:00,1.9600000381469727,1.9900000095367432,1.9559999704360962,1.9600000381469727,144370,0.0,0.0,0.0
2022-04-05 00:00:00+02:00,1.9600000381469727,1.9980000257492065,1.9600000381469727,1.9600000381469727,147724,0.0,0.0,0.0
2022-04-06 00:00:00+02:00,1.9600000381469727,1.9500000476837158,1.9220000505447388,1.9600000381469727,84077,0.0,0.0,0.0
2022-04-07 00:00:00+02:00,1.9600000381469727,1.9329999685287476,1.8830000162124634,1.9019999504089355,216536,0.0,0.0,0.0
2022-04-10 00:00:00+02:00,1.9019999504089355,1.8700000047683716,1.7699999809265137,1.8049999475479126,281839,0.0,0.0,0.0
2022-04-11 00:00:00+02:00,1.8049999475479126,1.819000005722046,1.7799999713897705,1.8049999475479126,165840,0.0,0.0,0.0
2022-04-12 00:00:00+02:00,1.8049999475479126,1.8140000104904175,1.7599999904632568,1.8049999475479126,102745,0.0,0.0,0.0
2022-04-13 00:00:00+02:00,1.8049999475479126,1.809999942779541,1.7599999904632568,1.8049999475479126,81145,0.0,0.0,0.0
2022-04-14 00:00:00+02:00,1.8049999475479126,1.7879999876022339,1.7109999656677246,1.7519999742507935,225902,0.0,0.0,0.0
2022-04-17 00:00:00+02:00,1.7519999742507935,1.7350000143051147,1.649999976158142,1.6749999523162842,286551,0.0,0.0,0.0
2022-04-18 00:00:00+02:00,1.6749999523162842,1.687999963760376,1.6200000047683716,1.6749999523162842,157300,0.0,0.0,0.0
2022-04-19 00:00:00+02:00,1.6749999523162842,1.718000054359436,1.6749999523162842,1.6749999523162842,114115,0.0,0.0,0.0
2022-04-20 00:00:00+02:00,1.6749999523162842,1.746000051498413,1.7100000381469727,1.6749999523162842,118025,0.0,0.0,0.0
2022-04-21 00:00:00+02:00,1.6749999523162842,1.8700000047683716,1.7259999513626099,1.8450000286102295,429406,0.0,0.0,0.0
2022-04-26 00:00:00+02:00,1.8450000286102295,1.8949999809265137,1.7999999523162842,1.8450000286102295,25375,0.0,0.0,0.0
2022-04-27 00:00:00+02:00,1.8450000286102295,1.8600000143051147,1.781000018119812,1.809000015258789,274307,0.0,0.0,0.0
2022-04-28 00:00:00+02:00,1.809000015258789,1.8700000047683716,1.8029999732971191,1.8580000400543213,226079,0.0,0.0,0.0
2022-05-08 00:00:00+02:00,1.8580000400543213,1.8700000047683716,1.8200000524520874,1.850000023841858,260388,0.0,0.0,0.0
2022-05-09 00:00:00+02:00,1.850000023841858,1.8799999952316284,1.8270000219345093,1.8329999446868896,174239,0.0,0.0,0.0
2022-05-10 00:00:00+02:00,1.8329999446868896,1.8769999742507935,1.8200000524520874,1.86899995803833,415210,0.0,0.0,0.0
2022-05-11 00:00:00+02:00,1.86899995803833,1.878000020980835,1.8309999704360962,1.86899995803833,54721,0.0,0.0,0.0
2022-05-12 00:00:00+02:00,1.86899995803833,1.8700000047683716,1.809999942779541,1.843999981880188,214987,0.0,0.0,0.0
2022-05-15 00:00:00+02:00,1.843999981880188,1.8600000143051147,1.8229999542236328,1.843999981880188,42373,0.0,0.0,0.0
2022-05-16 00:00:00+02:00,1.843999981880188,1.8589999675750732,1.8049999475479126,1.843999981880188,106709,0.0,0.0,0.0
2022-05-17 00:00:00+02:00,1.843999981880188,1.850000023841858,1.8200000524520874,1.843999981880188,77308,0.0,0.0,0.0
2022-05-18 00:00:00+02:00,1.843999981880188,1.878999948501587,1.8259999752044678,1.843999981880188,149261,0.0,0.0,0.0
2022-05-19 00:00:00+02:00,1.843999981880188,1.8489999771118164,1.7999999523162842,1.843999981880188,160405,0.0,0.0,0.0
2022-05-22 00:00:00+02:00,1.843999981880188,1.850000023841858,1.8329999446868896,1.843999981880188,33352,0.0,0.0,0.0
2022-05-23 00:00:00+02:00,1.843999981880188,1.9299999475479126,1.8600000143051147,1.8730000257492065,562994,0.0,0.0,0.0
2022-05-24 00:00:00+02:00,1.8730000257492065,1.937999963760376,1.8509999513626099,1.8660000562667847,221287,0.0,0.0,0.0
2022-05-25 00:00:00+02:00,1.8660000562667847,1.843000054359436,1.7699999809265137,1.7910000085830688,208270,0.0,0.0,0.0
2022-05-26 00:00:00+02:00,1.7910000085830688,1.840000033378601,1.7580000162124634,1.7910000085830688,175298,0.0,0.0,0.0
2022-05-29 00:00:00+02:00,1.7910000085830688,1.7910000085830688,1.7120000123977661,1.7910000085830688,32200,0.0,0.0,0.0
2022-05-30 00:00:00+02:00,1.7910000085830688,1.809000015258789,1.7569999694824219,1.7910000085830688,17330,0.0,0.0,0.0
2022-05-31 00:00:00+02:00,1.7910000085830688,1.8279999494552612,1.7899999618530273,1.7910000085830688,73557,0.0,0.0,0.0
2022-06-01 00:00:00+02:00,1.7910000085830688,1.8389999866485596,1.7400000095367432,1.75,249035,0.0,0.0,0.0
2022-06-02 00:00:00+02:00,1.75,1.7799999713897705,1.649999976158142,1.7580000162124634,199537,0.0,0.0,0.0
2022-06-05 00:00:00+02:00,1.7580000162124634,1.7580000162124634,1.7580000162124634,1.7580000162124634,0,0.0,0.0,0.0
2022-06-06 00:00:00+02:00,1.7580000162124634,1.8300000429153442,1.7599999904632568,1.8250000476837158,170436,0.0,0.0,0.0
2022-06-07 00:00:00+02:00,1.8250000476837158,1.850000023841858,1.809999942779541,1.8329999446868896,337777,0.0,0.0,0.0
2022-06-08 00:00:00+02:00,1.8329999446868896,1.8890000581741333,1.8309999704360962,1.878999948501587,956507,0.0,0.0,0.0
2022-06-09 00:00:00+02:00,1.878999948501587,1.9079999923706055,1.8600000143051147,1.9010000228881836,503091,0.0,0.0,0.0
2022-06-12 00:00:00+02:00,1.9010000228881836,1.9789999723434448,1.8899999856948853,1.9509999752044678,973262,0.0,0.0,0.0
2022-06-13 00:00:00+02:00,1.9509999752044678,1.9700000286102295,1.9170000553131104,1.9299999475479126,372268,0.0,0.0,0.0
2022-06-14 00:00:00+02:00,1.9299999475479126,1.9700000286102295,1.906000018119812,1.9520000219345093,322378,0.0,0.0,0.0
2022-06-15 00:00:00+02:00,1.9520000219345093,2.0199999809265137,1.965000033378601,1.9850000143051147,663004,0.0,0.0,0.0
2022-06-16 00:00:00+02:00,1.9850000143051147,2.0480000972747803,1.9700000286102295,1.99399995803833,683434,0.0,0.0,0.0
2022-06-19 00:00:00+02:00,1.99399995803833,2.069999933242798,1.9809999465942383,2.0439999103546143,1090584,0.0,0.0,0.0
2022-06-20 00:00:00+02:00,2.0439999103546143,2.1500000953674316,2.065000057220459,2.0980000495910645,1678812,0.0,0.0,0.0
2022-06-21 00:00:00+02:00,2.0980000495910645,2.1500000953674316,2.0799999237060547,2.0959999561309814,1056414,0.0,0.0,0.0
2022-06-22 00:00:00+02:00,2.0959999561309814,2.118000030517578,2.0220000743865967,2.058000087738037,563827,0.0,0.0,0.0
2022-06-23 00:00:00+02:00,2.058000087738037,2.056999921798706,1.9500000476837158,1.9589999914169312,452563,0.0,0.0,0.0
2022-06-26 00:00:00+02:00,1.9589999914169312,2.0250000953674316,1.8899999856948853,1.9049999713897705,1347393,0.0,0.0,0.0
2022-06-27 00:00:00+02:00,1.9049999713897705,1.906000018119812,1.7999999523162842,1.809000015258789,536077,0.0,0.0,0.0
2022-06-28 00:00:00+02:00,1.809000015258789,1.8200000524520874,1.722000002861023,1.7610000371932983,445036,0.0,0.0,0.0
2022-06-29 00:00:00+02:00,1.7610000371932983,1.8200000524520874,1.75,1.7899999618530273,391589,0.0,0.0,0.0
2022-07-03 00:00:00+02:00,1.7899999618530273,1.7999999523162842,1.7009999752044678,1.7120000123977661,275945,0.0,0.0,0.0
2022-07-04 00:00:00+02:00,1.7120000123977661,1.746999979019165,1.7000000476837158,1.7089999914169312,444238,0.0,0.0,0.0
2022-07-05 00:00:00+02:00,1.7089999914169312,1.753000020980835,1.7000000476837158,1.7089999914169312,169448,0.0,0.0,0.0
2022-07-06 00:00:00+02:00,1.7089999914169312,1.7519999742507935,1.7020000219345093,1.7089999914169312,159936,0.0,0.0,0.0
2022-07-07 00:00:00+02:00,1.7089999914169312,1.7769999504089355,1.7239999771118164,1.7380000352859497,178849,0.0,0.0,0.0
2022-07-17 00:00:00+02:00,1.7380000352859497,1.850000023841858,1.7359999418258667,1.8370000123977661,970470,0.0,0.0,0.0
2022-07-18 00:00:00+02:00,1.8370000123977661,1.899999976158142,1.8320000171661377,1.8459999561309814,663989,0.0,0.0,0.0
2022-07-19 00:00:00+02:00,1.8459999561309814,1.8700000047683716,1.8329999446868896,1.840000033378601,299570,0.0,0.0,0.0
2022-07-20 00:00:00+02:00,1.840000033378601,1.8619999885559082,1.843999981880188,1.8600000143051147,290628,0.0,0.0,0.0
2022-07-21 00:00:00+02:00,1.8600000143051147,1.934000015258789,1.8700000047683716,1.909999966621399,623510,0.0,0.0,0.0
2022-07-24 00:00:00+02:00,1.909999966621399,1.9500000476837158,1.8799999952316284,1.8869999647140503,550572,0.0,0.0,0.0
2022-07-25 00:00:00+02:00,1.8869999647140503,1.9149999618530273,1.8650000095367432,1.9040000438690186,440903,0.0,0.0,0.0
2022-07-26 00:00:00+02:00,1.9040000438690186,1.940000057220459,1.8600000143051147,1.909999966621399,518481,0.0,0.0,0.0
2022-07-27 00:00:00+02:00,1.909999966621399,1.9190000295639038,1.88100004196167,1.8940000534057617,257759,0.0,0.0,0.0
2022-07-28 00:00:00+02:00,1.8940000534057617,1.9500000476837158,1.8899999856948853,1.9149999618530273,659554,0.0,0.0,0.0
2022-07-31 00:00:00+02:00,1.9149999618530273,1.9550000429153442,1.9199999570846558,1.9320000410079956,420399,0.0,0.0,0.0
2022-08-01 00:00:00+02:00,1.9320000410079956,1.9490000009536743,1.88100004196167,1.8819999694824219,193085,0.0,0.0,0.0
2022-08-02 00:00:00+02:00,1.8819999694824219,1.899999976158142,1.8600000143051147,1.8980000019073486,277247,0.0,0.0,0.0
2022-08-03 00:00:00+02:00,1.8980000019073486,1.9390000104904175,1.8899999856948853,1.8919999599456787,252888,0.0,0.0,0.0
2022-08-04 00:00:00+02:00,1.8919999599456787,1.9320000410079956,1.8760000467300415,1.930999994277954,433899,0.0,0.0,0.0
2022-08-07 00:00:00+02:00,1.930999994277954,2.0280001163482666,1.940000057220459,2.0179998874664307,1382417,0.0,0.0,0.0
2022-08-08 00:00:00+02:00,2.0179998874664307,2.0799999237060547,2.0290000438690186,2.0369999408721924,661522,0.0,0.0,0.0
2022-08-09 00:00:00+02:00,2.0369999408721924,2.128999948501587,2.0450000762939453,2.0739998817443848,879514,0.0,0.0,0.0
2022-08-10 00:00:00+02:00,2.0739998817443848,2.0789999961853027,2.0199999809265137,2.0510001182556152,989024,0.0,0.0,0.0
2022-08-11 00:00:00+02:00,2.0510001182556152,2.1489999294281006,2.049999952316284,2.1389999389648438,1448018,0.0,0.0,0.0
2022-08-14 00:00:00+02:00,2.1389999389648438,2.390000104904175,2.1700000762939453,2.309999942779541,2871716,0.0,0.0,0.0
2022-08-15 00:00:00+02:00,2.309999942779541,2.4600000381469727,2.299999952316284,2.309999942779541,2980717,0.0,0.0,0.0
2022-08-16 00:00:00+02:00,2.309999942779541,2.4700000286102295,2.3299999237060547,2.3499999046325684,2368266,0.0,0.0,0.0
2022-08-17 00:00:00+02:00,2.3499999046325684,2.4000000953674316,2.2799999713897705,2.319999933242798,1799551,0.0,0.0,0.0
2022-08-18 00:00:00+02:00,2.319999933242798,2.319999933242798,2.319999933242798,2.319999933242798,0,0.0,0.0,0.0
2022-08-21 00:00:00+02:00,2.309999942779541,2.369999885559082,2.309999942779541,2.319999933242798,682884,0.0,0.0,0.0
2022-08-22 00:00:00+02:00,2.319999933242798,2.369999885559082,2.2799999713897705,2.299999952316284,699207,0.0,0.0,0.0
2022-08-23 00:00:00+02:00,2.299999952316284,2.299999952316284,2.299999952316284,2.299999952316284,0,0.0,0.0,0.0
2022-08-24 00:00:00+02:00,2.359999895095825,2.4200000762939453,2.2799999713897705,2.299999952316284,623328,0.0,0.0,0.0
2022-08-25 00:00:00+02:00,2.299999952316284,2.359999895095825,2.299999952316284,2.319999933242798,676239,0.0,0.0,0.0
2022-08-28 00:00:00+02:00,2.319999933242798,2.3299999237060547,2.2300000190734863,2.2799999713897705,378845,0.0,0.0,0.0
2022-08-29 00:00:00+02:00,2.2799999713897705,2.380000114440918,2.259999990463257,2.2699999809265137,1257523,0.0,0.0,0.0
2022-08-30 00:00:00+02:00,2.2699999809265137,2.299999952316284,2.25,2.2899999618530273,409015,0.0,0.0,0.0
2022-08-31 00:00:00+02:00,2.2899999618530273,2.369999885559082,2.2699999809265137,2.299999952316284,520319,0.0,0.0,0.0
2022-09-01 00:00:00+02:00,2.299999952316284,2.2799999713897705,2.2300000190734863,2.2300000190734863,279346,0.0,0.0,0.0
2022-09-04 00:00:00+02:00,2.2300000190734863,2.299999952316284,2.180000066757202,2.240000009536743,312960,0.0,0.0,0.0
2022-09-05 00:00:00+02:00,2.240000009536743,2.3399999141693115,2.25,2.319999933242798,716156,0.0,0.0,0.0
2022-09-06 00:00:00+02:00,2.319999933242798,2.359999895095825,2.2799999713897705,2.3399999141693115,833733,0.0,0.0,0.0
2022-09-07 00:00:00+02:00,2.3399999141693115,2.3499999046325684,2.2899999618530273,2.299999952316284,290399,0.0,0.0,0.0
2022-09-08 00:00:00+02:00,2.299999952316284,2.5999999046325684,2.299999952316284,2.5399999618530273,4590159,0.0,0.0,0.0
2022-09-11 00:00:00+02:00,2.5399999618530273,2.6700000762939453,2.5299999713897705,2.549999952316284,1955835,0.0,0.0,0.0
2022-09-12 00:00:00+02:00,2.549999952316284,2.609999895095825,2.4800000190734863,2.5,897990,0.0,0.0,0.0
2022-09-13 00:00:00+02:00,2.5,2.569999933242798,2.450000047683716,2.5,693198,0.0,0.0,0.0
2022-09-14 00:00:00+02:00,2.5,2.490000009536743,2.4000000953674316,2.4200000762939453,1440497,0.0,0.0,0.0
2022-09-15 00:00:00+02:00,2.4200000762939453,2.4600000381469727,2.4000000953674316,2.430000066757202,382910,0.0,0.0,0.0
2022-09-18 00:00:00+02:00,2.430000066757202,2.490000009536743,2.190000057220459,2.2300000190734863,1282895,0.0,0.0,0.0
2022-09-19 00:00:00+02:00,2.2300000190734863,2.309999942779541,2.119999885559082,2.2899999618530273,431967,0.0,0.0,0.0
2022-09-20 00:00:00+02:00,2.2899999618530273,2.3399999141693115,2.200000047683716,2.299999952316284,606568,0.0,0.0,0.0
2022-09-21 00:00:00+02:00,2.299999952316284,2.3399999141693115,2.2300000190734863,2.25,707240,0.0,0.0,0.0
2022-09-22 00:00:00+02:00,2.25,2.390000104904175,2.180000066757202,2.369999885559082,1242797,0.0,0.0,0.0
2022-09-25 00:00:00+02:00,2.369999885559082,2.5299999713897705,2.359999895095825,2.4600000381469727,2104928,0.0,0.0,0.0
2022-09-26 00:00:00+02:00,2.4600000381469727,2.5199999809265137,2.4200000762939453,2.430000066757202,612833,0.0,0.0,0.0
2022-09-27 00:00:00+02:00,2.430000066757202,2.5899999141693115,2.440000057220459,2.5,1271890,0.0,0.0,0.0
2022-09-28 00:00:00+02:00,2.5,2.5299999713897705,2.430000066757202,2.440000057220459,490019,0.0,0.0,0.0
2022-09-29 00:00:00+02:00,2.440000057220459,2.490000009536743,2.369999885559082,2.4000000953674316,1039540,0.0,0.0,0.0
2022-10-02 00:00:00+02:00,2.4000000953674316,2.4000000953674316,2.299999952316284,2.3399999141693115,572810,0.0,0.0,0.0
2022-10-03 00:00:00+02:00,2.3399999141693115,2.369999885559082,2.2799999713897705,2.2899999618530273,402367,0.0,0.0,0.0
2022-10-04 00:00:00+02:00,2.2899999618530273,2.4100000858306885,2.309999942779541,2.3399999141693115,227520,0.0,0.0,0.0
2022-10-05 00:00:00+02:00,2.3399999141693115,2.380000114440918,2.319999933242798,2.3399999141693115,93480,0.0,0.0,0.0
2022-10-09 00:00:00+02:00,2.3399999141693115,2.369999885559082,2.259999990463257,2.319999933242798,257990,0.0,0.0,0.0
2022-10-10 00:00:00+02:00,2.319999933242798,2.4000000953674316,2.2799999713897705,2.2899999618530273,308220,0.0,0.0,0.0
2022-10-11 00:00:00+02:00,2.2899999618530273,2.3499999046325684,2.240000009536743,2.2899999618530273,121445,0.0,0.0,0.0
2022-10-12 00:00:00+02:00,2.2899999618530273,2.2699999809265137,2.180000066757202,2.2200000286102295,208538,0.0,0.0,0.0
2022-10-13 00:00:00+02:00,2.2200000286102295,2.299999952316284,2.2300000190734863,2.2799999713897705,265943,0.0,0.0,0.0
2022-10-16 00:00:00+02:00,2.2799999713897705,2.4200000762939453,2.299999952316284,2.3299999237060547,866266,0.0,0.0,0.0
2022-10-17 00:00:00+02:00,2.3299999237060547,2.359999895095825,2.3299999237060547,2.3299999237060547,215462,0.0,0.0,0.0
2022-10-18 00:00:00+02:00,2.3299999237060547,2.369999885559082,2.309999942779541,2.3499999046325684,355560,0.0,0.0,0.0
2022-10-19 00:00:00+02:00,2.3499999046325684,2.4000000953674316,2.2899999618530273,2.309999942779541,646204,0.0,0.0,0.0
2022-10-20 00:00:00+02:00,2.309999942779541,2.3399999141693115,2.2799999713897705,2.299999952316284,226720,0.0,0.0,0.0
2022-10-23 00:00:00+02:00,2.299999952316284,2.609999895095825,2.3299999237060547,2.609999895095825,4829412,0.0,0.0,0.0
2022-10-24 00:00:00+02:00,2.609999895095825,2.7899999618530273,2.5399999618530273,2.559999942779541,4934178,0.0,0.0,0.0
2022-10-25 00:00:00+02:00,2.559999942779541,2.5999999046325684,2.4700000286102295,2.4800000190734863,1231480,0.0,0.0,0.0
2022-10-26 00:00:00+02:00,2.4800000190734863,2.4800000190734863,2.4800000190734863,2.4800000190734863,0,0.0,0.0,0.0
2022-10-27 00:00:00+02:00,2.4700000286102295,2.559999942779541,2.450000047683716,2.4600000381469727,1078816,0.0,0.0,0.0
2022-10-30 00:00:00+02:00,2.4600000381469727,2.5399999618530273,2.4100000858306885,2.4200000762939453,749823,0.0,0.0,0.0
2022-10-31 00:00:00+02:00,2.4200000762939453,2.450000047683716,2.3299999237060547,2.430000066757202,540855,0.0,0.0,0.0
2022-11-01 00:00:00+02:00,2.430000066757202,2.5,2.4100000858306885,2.440000057220459,657823,0.0,0.0,0.0
2022-11-02 00:00:00+02:00,2.440000057220459,2.4800000190734863,2.359999895095825,2.369999885559082,902706,0.0,0.0,0.0
2022-11-03 00:00:00+02:00,2.369999885559082,2.390000104904175,2.319999933242798,2.3399999141693115,195274,0.0,0.0,0.0
2022-11-06 00:00:00+02:00,2.3399999141693115,2.4700000286102295,2.299999952316284,2.369999885559082,469066,0.0,0.0,0.0
2022-11-07 00:00:00+02:00,2.369999885559082,2.440000057220459,2.3499999046325684,2.390000104904175,265709,0.0,0.0,0.0
2022-11-08 00:00:00+02:00,2.390000104904175,2.4700000286102295,2.3299999237060547,2.3399999141693115,442322,0.0,0.0,0.0
2022-11-09 00:00:00+02:00,2.3399999141693115,2.4000000953674316,2.2699999809265137,2.309999942779541,305250,0.0,0.0,0.0
2022-11-10 00:00:00+02:00,2.309999942779541,2.4000000953674316,2.299999952316284,2.369999885559082,170534,0.0,0.0,0.0
2022-11-13 00:00:00+02:00,2.369999885559082,2.4600000381469727,2.390000104904175,2.4200000762939453,522469,0.0,0.0,0.0
2022-11-14 00:00:00+02:00,2.4200000762939453,2.4600000381469727,2.3499999046325684,2.4000000953674316,291497,0.0,0.0,0.0
2022-11-15 00:00:00+02:00,2.4000000953674316,2.4200000762939453,2.369999885559082,2.380000114440918,492624,0.0,0.0,0.0
2022-11-16 00:00:00+02:00,2.380000114440918,2.5299999713897705,2.4000000953674316,2.4700000286102295,955788,0.0,0.0,0.0
2022-11-17 00:00:00+02:00,2.4700000286102295,2.5299999713897705,2.4700000286102295,2.490000009536743,926436,0.0,0.0,0.0
2022-11-20 00:00:00+02:00,2.490000009536743,2.5999999046325684,2.5,2.559999942779541,1158539,0.0,0.0,0.0
2022-11-21 00:00:00+02:00,2.559999942779541,2.5999999046325684,2.5,2.5199999809265137,771241,0.0,0.0,0.0
2022-11-22 00:00:00+02:00,2.5199999809265137,2.5399999618530273,2.4700000286102295,2.5,860944,0.0,0.0,0.0
2022-11-23 00:00:00+02:00,2.5,2.5799999237060547,2.5,2.509999990463257,464547,0.0,0.0,0.0
2022-11-24 00:00:00+02:00,2.509999990463257,2.549999952316284,2.5,2.5199999809265137,372214,0.0,0.0,0.0
2022-11-27 00:00:00+02:00,2.5199999809265137,2.5799999237060547,2.5299999713897705,2.5799999237060547,549021,0.0,0.0,0.0
2022-11-28 00:00:00+02:00,2.5799999237060547,2.7100000381469727,2.5799999237060547,2.609999895095825,1802580,0.0,0.0,0.0
2022-11-29 00:00:00+02:00,2.609999895095825,2.680000066757202,2.630000114440918,2.6500000953674316,660653,0.0,0.0,0.0
2022-11-30 00:00:00+02:00,2.6500000953674316,2.7300000190734863,2.5999999046325684,2.619999885559082,918417,0.0,0.0,0.0
2022-12-01 00:00:00+02:00,2.619999885559082,2.7200000286102295,2.609999895095825,2.700000047683716,794350,0.0,0.0,0.0
2022-12-04 00:00:00+02:00,2.700000047683716,2.799999952316284,2.680000066757202,2.7799999713897705,1407457,0.0,0.0,0.0
2022-12-05 00:00:00+02:00,2.7799999713897705,2.859999895095825,2.7200000286102295,2.75,1452489,0.0,0.0,0.0
2022-12-06 00:00:00+02:00,2.75,2.7899999618530273,2.640000104904175,2.7100000381469727,855167,0.0,0.0,0.0
2022-12-07 00:00:00+02:00,2.7100000381469727,2.7799999713897705,2.700000047683716,2.7200000286102295,821882,0.0,0.0,0.0
2022-12-08 00:00:00+02:00,2.7200000286102295,2.799999952316284,2.700000047683716,2.7200000286102295,582768,0.0,0.0,0.0
2022-12-11 00:00:00+02:00,2.7200000286102295,2.880000114440918,2.7200000286102295,2.7699999809265137,2497439,0.0,0.0,0.0
2022-12-12 00:00:00+02:00,2.7699999809265137,2.8499999046325684,2.7300000190734863,2.7799999713897705,1065940,0.0,0.0,0.0
2022-12-13 00:00:00+02:00,2.7799999713897705,2.9800000190734863,2.7699999809265137,2.930000066757202,3275699,0.0,0.0,0.0
2022-12-14 00:00:00+02:00,2.930000066757202,3.069999933242798,2.940000057220459,3.0399999618530273,1968718,0.0,0.0,0.0
2022-12-15 00:00:00+02:00,3.0399999618530273,3.0899999141693115,2.869999885559082,2.9000000953674316,2500876,0.0,0.0,0.0
2022-12-18 00:00:00+02:00,2.9000000953674316,2.950000047683716,2.8399999141693115,2.8499999046325684,714590,0.0,0.0,0.0
2022-12-19 00:00:00+02:00,2.8499999046325684,2.9100000858306885,2.799999952316284,2.809999942779541,759011,0.0,0.0,0.0
2022-12-20 00:00:00+02:00,2.809999942779541,2.869999885559082,2.7699999809265137,2.799999952316284,479656,0.0,0.0,0.0
2022-12-21 00:00:00+02:00,2.799999952316284,2.859999895095825,2.7699999809265137,2.799999952316284,506377,0.0,0.0,0.0
2022-12-22 00:00:00+02:00,2.799999952316284,2.819999933242798,2.7300000190734863,2.7300000190734863,303610,0.0,0.0,0.0
2022-12-25 00:00:00+02:00,2.7300000190734863,2.75,2.619999885559082,2.630000114440918,644909,0.0,0.0,0.0
2022-12-26 00:00:00+02:00,2.630000114440918,2.7799999713897705,2.640000104904175,2.680000066757202,392670,0.0,0.0,0.0
2022-12-27 00:00:00+02:00,2.680000066757202,2.7799999713897705,2.7100000381469727,2.7699999809265137,302936,0.0,0.0,0.0
2022-12-28 00:00:00+02:00,2.7699999809265137,2.8299999237060547,2.75,2.7899999618530273,396050,0.0,0.0,0.0
2022-12-29 00:00:00+02:00,2.7899999618530273,2.8399999141693115,2.75,2.7899999618530273,418567,0.0,0.0,0.0
2023-01-02 00:00:00+02:00,2.7899999618530273,2.859999895095825,2.799999952316284,2.8499999046325684,388690,0.0,0.0,0.0
2023-01-03 00:00:00+02:00,2.8499999046325684,2.9600000381469727,2.8499999046325684,2.9100000858306885,893203,0.0,0.0,0.0
2023-01-04 00:00:00+02:00,2.9100000858306885,2.9100000858306885,2.7100000381469727,2.8399999141693115,814297,0.0,0.0,0.0
2023-01-05 00:00:00+02:00,2.8399999141693115,2.700000047683716,2.700000047683716,2.700000047683716,205181,0.0,0.0,0.0
2023-01-09 00:00:00+02:00,2.700000047683716,2.569999933242798,2.569999933242798,2.569999933242798,174093,0.0,0.0,0.0
2023-01-10 00:00:00+02:00,2.569999933242798,2.5999999046325684,2.450000047683716,2.450000047683716,1056089,0.0,0.0,0.0
2023-01-11 00:00:00+02:00,2.450000047683716,2.4800000190734863,2.3299999237060547,2.3299999237060547,873128,0.0,0.0,0.0
2023-01-12 00:00:00+02:00,2.3299999237060547,2.309999942779541,2.2200000286102295,2.2200000286102295,392686,0.0,0.0,0.0
2023-01-15 00:00:00+02:00,2.2200000286102295,2.3299999237060547,2.3299999237060547,2.3299999237060547,156754,0.0,0.0,0.0
2023-01-16 00:00:00+02:00,2.3299999237060547,2.440000057220459,2.440000057220459,2.3299999237060547,59753,0.0,0.0,0.0
2023-01-17 00:00:00+02:00,2.3299999237060547,2.440000057220459,2.440000057220459,2.440000057220459,133369,0.0,0.0,0.0
2023-01-18 00:00:00+02:00,2.440000057220459,2.559999942779541,2.559999942779541,2.559999942779541,119141,0.0,0.0,0.0
2023-01-19 00:00:00+02:00,2.559999942779541,2.680000066757202,2.680000066757202,2.680000066757202,112868,0.0,0.0,0.0
2023-01-22 00:00:00+02:00,2.680000066757202,2.809999942779541,2.809999942779541,2.809999942779541,127068,0.0,0.0,0.0
2023-01-23 00:00:00+02:00,2.809999942779541,2.9200000762939453,2.700000047683716,2.740000009536743,1203247,0.0,0.0,0.0
2023-01-24 00:00:00+02:00,2.740000009536743,2.7300000190734863,2.640000104904175,2.680000066757202,160458,0.0,0.0,0.0
2023-01-25 00:00:00+02:00,2.680000066757202,2.7799999713897705,2.690000057220459,2.740000009536743,366273,0.0,0.0,0.0
2023-01-29 00:00:00+02:00,2.740000009536743,2.7699999809265137,2.6500000953674316,2.7100000381469727,419757,0.0,0.0,0.0
2023-01-30 00:00:00+02:00,2.7100000381469727,2.740000009536743,2.5799999237060547,2.6500000953674316,539082,0.0,0.0,0.0
2023-01-31 00:00:00+02:00,2.6500000953674316,2.619999885559082,2.5199999809265137,2.5299999713897705,312079,0.0,0.0,0.0
2023-02-01 00:00:00+02:00,2.5299999713897705,2.5999999046325684,2.5,2.569999933242798,147578,0.0,0.0,0.0
2023-02-02 00:00:00+02:00,2.569999933242798,2.680000066757202,2.5399999618530273,2.569999933242798,479416,0.0,0.0,0.0
2023-02-05 00:00:00+02:00,2.569999933242798,2.640000104904175,2.450000047683716,2.450000047683716,278894,0.0,0.0,0.0
2023-02-06 00:00:00+02:00,2.450000047683716,2.549999952316284,2.4100000858306885,2.450000047683716,61773,0.0,0.0,0.0
2023-02-07 00:00:00+02:00,2.450000047683716,2.5199999809265137,2.440000057220459,2.450000047683716,353759,0.0,0.0,0.0
2023-02-08 00:00:00+02:00,2.450000047683716,2.5399999618530273,2.369999885559082,2.440000057220459,206375,0.0,0.0,0.0
2023-02-09 00:00:00+02:00,2.440000057220459,2.5,2.4200000762939453,2.450000047683716,195963,0.0,0.0,0.0
2023-02-12 00:00:00+02:00,2.450000047683716,2.5199999809265137,2.450000047683716,2.4800000190734863,299721,0.0,0.0,0.0
2023-02-13 00:00:00+02:00,2.4800000190734863,2.5,2.359999895095825,2.4200000762939453,419969,0.0,0.0,0.0
2023-02-14 00:00:00+02:00,2.4200000762939453,2.5399999618530273,2.299999952316284,2.5299999713897705,2283494,0.0,0.0,0.0
2023-02-15 00:00:00+02:00,2.5299999713897705,2.549999952316284,2.440000057220459,2.509999990463257,647408,0.0,0.0,0.0
2023-02-16 00:00:00+02:00,2.509999990463257,2.619999885559082,2.5,2.5799999237060547,824266,0.0,0.0,0.0
2023-02-19 00:00:00+02:00,2.5799999237060547,2.700000047683716,2.630000114440918,2.700000047683716,1087989,0.0,0.0,0.0
2023-02-20 00:00:00+02:00,2.700000047683716,2.8299999237060547,2.569999933242798,2.619999885559082,1978403,0.0,0.0,0.0
2023-02-21 00:00:00+02:00,2.619999885559082,2.740000009536743,2.619999885559082,2.7200000286102295,622467,0.0,0.0,0.0
2023-02-22 00:00:00+02:00,2.7200000286102295,2.7100000381469727,2.640000104904175,2.6600000858306885,396928,0.0,0.0,0.0
2023-02-23 00:00:00+02:00,2.6600000858306885,2.690000057220459,2.5899999141693115,2.630000114440918,511293,0.0,0.0,0.0
2023-02-26 00:00:00+02:00,2.630000114440918,2.700000047683716,2.619999885559082,2.630000114440918,156580,0.0,0.0,0.0
2023-02-27 00:00:00+02:00,2.630000114440918,2.630000114440918,2.630000114440918,2.630000114440918,0,0.0,0.0,0.0
2023-02-28 00:00:00+02:00,2.630000114440918,2.630000114440918,2.630000114440918,2.630000114440918,0,0.0,0.0,0.0
2023-03-01 00:00:00+02:00,2.630000114440918,2.7200000286102295,2.630000114440918,2.6700000762939453,329261,0.0,0.0,0.0
2023-03-02 00:00:00+02:00,2.6700000762939453,2.690000057220459,2.5399999618530273,2.5399999618530273,4124343,0.0,0.0,0.0
2023-03-05 00:00:00+02:00,2.5399999618530273,2.509999990463257,2.4200000762939453,2.4200000762939453,1617574,0.0,0.0,0.0
2023-03-06 00:00:00+02:00,2.4200000762939453,2.440000057220459,2.299999952316284,2.299999952316284,3707995,0.0,0.0,0.0
2023-03-07 00:00:00+02:00,2.299999952316284,2.309999942779541,2.2100000381469727,2.240000009536743,1233561,0.0,0.0,0.0
2023-03-08 00:00:00+02:00,2.240000009536743,2.259999990463257,2.1700000762939453,2.180000066757202,1035600,0.0,0.0,0.0
2023-03-09 00:00:00+02:00,2.180000066757202,2.2799999713897705,2.200000047683716,2.2799999713897705,1190483,0.0,0.0,0.0
2023-03-12 00:00:00+02:00,2.2799999713897705,2.359999895095825,2.1700000762939453,2.180000066757202,907887,0.0,0.0,0.0
2023-03-13 00:00:00+02:00,2.180000066757202,2.2200000286102295,2.0799999237060547,2.0799999237060547,500109,0.0,0.0,0.0
2023-03-14 00:00:00+02:00,2.0799999237060547,2.0899999141693115,1.9800000190734863,2.0199999809265137,854684,0.0,0.0,0.0
2023-03-15 00:00:00+02:00,2.0199999809265137,2.0799999237060547,1.9199999570846558,1.940000057220459,353638,0.0,0.0,0.0
2023-03-16 00:00:00+02:00,1.940000057220459,1.9600000381469727,1.850000023841858,1.9199999570846558,1092017,0.0,0.0,0.0
2023-03-19 00:00:00+02:00,1.9199999570846558,1.965000033378601,1.8240000009536743,1.8240000009536743,1481583,0.0,0.0,0.0
2023-03-20 00:00:00+02:00,1.8240000009536743,1.8700000047683716,1.7999999523162842,1.8480000495910645,285773,0.0,0.0,0.0
2023-03-21 00:00:00+02:00,1.8480000495910645,1.8839999437332153,1.840000033378601,1.8559999465942383,333517,0.0,0.0,0.0
2023-03-22 00:00:00+02:00,1.8559999465942383,1.9479999542236328,1.850000023841858,1.9479999542236328,995293,0.0,0.0,0.0
2023-03-23 00:00:00+02:00,1.9479999542236328,2.0450000762939453,1.899999976158142,2.0450000762939453,689932,0.0,0.0,0.0
2023-03-26 00:00:00+02:00,2.0450000762939453,2.1500000953674316,2.1500000953674316,2.049999952316284,87998,0.0,0.0,0.0
2023-03-27 00:00:00+02:00,2.049999952316284,2.1500000953674316,2.0199999809265137,2.1500000953674316,1089216,0.0,0.0,0.0
2023-03-28 00:00:00+02:00,2.1500000953674316,2.25,2.130000114440918,2.2300000190734863,1541597,0.0,0.0,0.0
2023-03-29 00:00:00+02:00,2.2300000190734863,2.2899999618530273,2.119999885559082,2.1500000953674316,837689,0.0,0.0,0.0
2023-03-30 00:00:00+02:00,2.1500000953674316,2.200000047683716,2.069999933242798,2.0899999141693115,287457,0.0,0.0,0.0
2023-04-02 00:00:00+02:00,2.0899999141693115,2.140000104904175,2.069999933242798,2.109999895095825,238594,0.0,0.0,0.0
2023-04-03 00:00:00+02:00,2.109999895095825,2.1500000953674316,2.069999933242798,2.140000104904175,500563,0.0,0.0,0.0
2023-04-04 00:00:00+02:00,2.140000104904175,2.200000047683716,2.0799999237060547,2.0999999046325684,671837,0.0,0.0,0.0
2023-04-05 00:00:00+02:00,2.0999999046325684,2.130000114440918,2.109999895095825,2.109999895095825,232647,0.0,0.0,0.0
2023-04-06 00:00:00+02:00,2.109999895095825,2.1500000953674316,2.0799999237060547,2.0899999141693115,334328,0.0,0.0,0.0
2023-04-09 00:00:00+02:00,2.0899999141693115,2.109999895095825,1.9900000095367432,1.9900000095367432,1724796,0.0,0.0,0.0
2023-04-10 00:00:00+02:00,1.9900000095367432,1.9900000095367432,1.899999976158142,1.899999976158142,1910483,0.0,0.0,0.0
2023-04-11 00:00:00+02:00,1.899999976158142,1.9600000381469727,1.809999942779541,1.9199999570846558,5314786,0.0,0.0,0.0
2023-04-12 00:00:00+02:00,1.9199999570846558,1.9199999570846558,1.8600000143051147,1.8700000047683716,1155825,0.0,0.0,0.0
2023-04-13 00:00:00+02:00,1.8700000047683716,1.899999976158142,1.850000023841858,1.8600000143051147,822418,0.0,0.0,0.0
2023-04-18 00:00:00+02:00,1.8600000143051147,1.9299999475479126,1.8609999418258667,1.8839999437332153,585854,0.0,0.0,0.0
2023-04-19 00:00:00+02:00,1.8839999437332153,1.899999976158142,1.843000054359436,1.8830000162124634,580628,0.0,0.0,0.0
2023-04-26 00:00:00+02:00,1.8830000162124634,1.8990000486373901,1.7899999618530273,1.8320000171661377,2922461,0.0,0.0,0.0
2023-04-27 00:00:00+02:00,1.8320000171661377,1.8489999771118164,1.809999942779541,1.8179999589920044,1095370,0.0,0.0,0.0
2023-04-30 00:00:00+03:00,1.8179999589920044,1.8589999675750732,1.7999999523162842,1.8220000267028809,1819411,0.0,0.0,0.0
2023-05-01 00:00:00+03:00,1.8220000267028809,1.8220000267028809,1.8220000267028809,1.8220000267028809,0,0.0,0.0,0.0
2023-05-02 00:00:00+03:00,1.7979999780654907,1.809999942779541,1.7899999618530273,1.8029999732971191,350402,0.0,0.0,0.0
2023-05-03 00:00:00+03:00,1.8029999732971191,1.8250000476837158,1.7920000553131104,1.7979999780654907,532564,0.0,0.0,0.0
2023-05-07 00:00:00+03:00,1.7979999780654907,1.8200000524520874,1.7719999551773071,1.781999945640564,1428004,0.0,0.0,0.0
2023-05-08 00:00:00+03:00,1.781999945640564,1.809999942779541,1.781999945640564,1.8029999732971191,440394,0.0,0.0,0.0
2023-05-09 00:00:00+03:00,1.8029999732971191,1.8930000066757202,1.815999984741211,1.8769999742507935,2392368,0.0,0.0,0.0
2023-05-10 00:00:00+03:00,1.8769999742507935,1.899999976158142,1.8300000429153442,1.8509999513626099,1015284,0.0,0.0,0.0
2023-05-11 00:00:00+03:00,1.8509999513626099,1.8669999837875366,1.8380000591278076,1.8580000400543213,471765,0.0,0.0,0.0
2023-05-14 00:00:00+03:00,1.8580000400543213,1.937000036239624,1.8650000095367432,1.9190000295639038,1079129,0.0,0.0,0.0
2023-05-15 00:00:00+03:00,1.9190000295639038,1.9500000476837158,1.899999976158142,1.9019999504089355,1350703,0.0,0.0,0.0
2023-05-16 00:00:00+03:00,1.9019999504089355,1.9550000429153442,1.8669999837875366,1.9129999876022339,1073083,0.0,0.0,0.0
2023-05-17 00:00:00+03:00,1.9129999876022339,1.9420000314712524,1.8769999742507935,1.8969999551773071,396155,0.0,0.0,0.0
2023-05-18 00:00:00+03:00,1.8969999551773071,1.899999976158142,1.809999942779541,1.8220000267028809,602624,0.0,0.0,0.0
2023-05-21 00:00:00+03:00,1.8220000267028809,1.899999976158142,1.8300000429153442,1.8329999446868896,487047,0.0,0.0,0.0
2023-05-22 00:00:00+03:00,1.8329999446868896,1.86899995803833,1.8250000476837158,1.8329999446868896,350675,0.0,0.0,0.0
2023-05-23 00:00:00+03:00,1.8329999446868896,1.86899995803833,1.8220000267028809,1.8420000076293945,201798,0.0,0.0,0.0
2023-05-24 00:00:00+03:00,1.8420000076293945,1.8899999856948853,1.850000023841858,1.8609999418258667,1771410,0.0,0.0,0.0
2023-05-25 00:00:00+03:00,1.8609999418258667,1.8869999647140503,1.850000023841858,1.8530000448226929,857528,0.0,0.0,0.0
2023-05-28 00:00:00+03:00,1.8530000448226929,1.8839999437332153,1.850000023841858,1.8509999513626099,1142250,0.0,0.0,0.0
2023-05-29 00:00:00+03:00,1.8509999513626099,1.8799999952316284,1.840000033378601,1.8700000047683716,552653,0.0,0.0,0.0
2023-05-30 00:00:00+03:00,1.8700000047683716,1.9299999475479126,1.8700000047683716,1.909999966621399,1003710,0.0,0.0,0.0
2023-05-31 00:00:00+03:00,1.909999966621399,1.9290000200271606,1.899999976158142,1.9170000553131104,488760,0.0,0.0,0.0
2023-06-01 00:00:00+03:00,1.9170000553131104,1.9290000200271606,1.899999976158142,1.909000039100647,561432,0.0,0.0,0.0
2023-06-04 00:00:00+03:00,1.909000039100647,1.9500000476837158,1.9199999570846558,1.9390000104904175,424540,0.0,0.0,0.0
2023-06-05 00:00:00+03:00,1.9390000104904175,1.9600000381469727,1.9299999475479126,1.940000057220459,608394,0.0,0.0,0.0
2023-06-06 00:00:00+03:00,1.940000057220459,1.9700000286102295,1.930999994277954,1.9509999752044678,305480,0.0,0.0,0.0
2023-06-07 00:00:00+03:00,1.9509999752044678,1.9859999418258667,1.9299999475479126,1.9759999513626099,779555,0.0,0.0,0.0
2023-06-08 00:00:00+03:00,1.9759999513626099,2.059999942779541,1.9789999723434448,2.0,1094126,0.0,0.0,0.0
2023-06-11 00:00:00+03:00,2.0,2.0999999046325684,1.9900000095367432,2.059999942779541,891563,0.0,0.0,0.0
2023-06-12 00:00:00+03:00,2.059999942779541,2.0899999141693115,2.0,2.0,397651,0.0,0.0,0.0
2023-06-13 00:00:00+03:00,2.0,2.049999952316284,2.0,2.0,500439,0.0,0.0,0.0
2023-06-14 00:00:00+03:00,2.0,2.0299999713897705,1.9800000190734863,1.9900000095367432,276965,0.0,0.0,0.0
2023-06-15 00:00:00+03:00,1.9900000095367432,2.009999990463257,1.9700000286102295,1.9800000190734863,407276,0.0,0.0,0.0
2023-06-18 00:00:00+03:00,1.9800000190734863,2.0199999809265137,1.9630000591278076,1.9980000257492065,233254,0.0,0.0,0.0
2023-06-19 00:00:00+03:00,1.9980000257492065,2.0199999809265137,1.9639999866485596,1.9789999723434448,233779,0.0,0.0,0.0
2023-06-20 00:00:00+03:00,1.9789999723434448,2.0,1.9500000476837158,1.9620000123977661,296368,0.0,0.0,0.0
2023-06-21 00:00:00+03:00,1.9620000123977661,1.9800000190734863,1.9299999475479126,1.9620000123977661,140965,0.0,0.0,0.0
2023-06-22 00:00:00+03:00,1.9620000123977661,1.975000023841858,1.9199999570846558,1.9290000200271606,311158,0.0,0.0,0.0
2023-06-25 00:00:00+03:00,1.9290000200271606,1.9429999589920044,1.9220000505447388,1.9290000200271606,103718,0.0,0.0,0.0
2023-06-26 00:00:00+03:00,1.9290000200271606,1.9220000505447388,1.8329999446868896,1.871999979019165,695281,0.0,0.0,0.0
2023-07-04 00:00:00+03:00,1.871999979019165,1.909999966621399,1.8600000143051147,1.8650000095367432,351980,0.0,0.0,0.0
2023-07-05 00:00:00+03:00,1.8650000095367432,1.8990000486373901,1.850000023841858,1.8639999628067017,224941,0.0,0.0,0.0
2023-07-06 00:00:00+03:00,1.8639999628067017,1.8930000066757202,1.850000023841858,1.8639999628067017,151939,0.0,0.0,0.0
2023-07-09 00:00:00+03:00,1.8639999628067017,1.86899995803833,1.784000039100647,1.8009999990463257,562525,0.0,0.0,0.0
2023-07-10 00:00:00+03:00,1.8009999990463257,1.8660000562667847,1.7799999713897705,1.8009999990463257,112209,0.0,0.0,0.0
2023-07-11 00:00:00+03:00,1.8009999990463257,1.8200000524520874,1.7829999923706055,1.7979999780654907,183606,0.0,0.0,0.0
2023-07-12 00:00:00+03:00,1.7979999780654907,1.8179999589920044,1.75,1.781999945640564,251188,0.0,0.0,0.0
2023-07-13 00:00:00+03:00,1.781999945640564,1.815000057220459,1.7630000114440918,1.8079999685287476,215948,0.0,0.0,0.0
2023-07-16 00:00:00+03:00,1.8079999685287476,1.8980000019073486,1.7200000286102295,1.8949999809265137,685267,0.0,0.0,0.0
2023-07-17 00:00:00+03:00,1.8949999809265137,1.9700000286102295,1.8940000534057617,1.9359999895095825,841157,0.0,0.0,0.0
2023-07-18 00:00:00+03:00,1.9359999895095825,1.9579999446868896,1.8799999952316284,1.9019999504089355,256779,0.0,0.0,0.0
2023-07-19 00:00:00+03:00,1.9019999504089355,1.9019999504089355,1.9019999504089355,1.9019999504089355,0,0.0,0.0,0.0
2023-07-24 00:00:00+03:00,1.9019999504089355,1.9019999504089355,1.9019999504089355,1.9019999504089355,0,0.0,0.0,0.0
2023-07-25 00:00:00+03:00,1.8960000276565552,1.9390000104904175,1.840000033378601,1.8890000581741333,178293,0.0,0.0,0.0
2023-07-26 00:00:00+03:00,1.8890000581741333,1.8899999856948853,1.809999942779541,1.8630000352859497,199903,0.0,0.0,0.0
2023-07-27 00:00:00+03:00,1.8630000352859497,1.8880000114440918,1.809999942779541,1.8539999723434448,247520,0.0,0.0,0.0
2023-07-30 00:00:00+03:00,1.8539999723434448,1.878000020980835,1.8420000076293945,1.8519999980926514,168895,0.0,0.0,0.0
2023-07-31 00:00:00+03:00,1.8519999980926514,1.8700000047683716,1.8240000009536743,1.8519999980926514,97566,0.0,0.0,0.0
2023-08-01 00:00:00+03:00,1.8519999980926514,1.8700000047683716,1.8300000429153442,1.8660000562667847,328637,0.0,0.0,0.0
2023-08-02 00:00:00+03:00,1.8660000562667847,1.8630000352859497,1.8300000429153442,1.8389999866485596,179967,0.0,0.0,0.0
2023-08-03 00:00:00+03:00,1.8389999866485596,1.840999960899353,1.8220000267028809,1.8389999866485596,69516,0.0,0.0,0.0
2023-08-06 00:00:00+03:00,1.8389999866485596,1.8569999933242798,1.784999966621399,1.8259999752044678,290917,0.0,0.0,0.0
2023-08-07 00:00:00+03:00,1.8259999752044678,1.8799999952316284,1.8300000429153442,1.871000051498413,287608,0.0,0.0,0.0
2023-08-08 00:00:00+03:00,1.871000051498413,1.8869999647140503,1.850000023841858,1.8669999837875366,205797,0.0,0.0,0.0
2023-08-09 00:00:00+03:00,1.8669999837875366,1.9160000085830688,1.850000023841858,1.9010000228881836,354181,0.0,0.0,0.0
2023-08-10 00:00:00+03:00,1.9010000228881836,1.9500000476837158,1.899999976158142,1.9160000085830688,1622368,0.0,0.0,0.0
2023-08-13 00:00:00+03:00,1.9160000085830688,1.9199999570846558,1.8539999723434448,1.8650000095367432,1137285,0.0,0.0,0.0
2023-08-14 00:00:00+03:00,1.8650000095367432,1.9190000295639038,1.8509999513626099,1.8880000114440918,501131,0.0,0.0,0.0
2023-08-15 00:00:00+03:00,1.8880000114440918,1.909999966621399,1.840999960899353,1.8869999647140503,464076,0.0,0.0,0.0
2023-08-16 00:00:00+03:00,1.8869999647140503,1.9079999923706055,1.8660000562667847,1.8949999809265137,846531,0.0,0.0,0.0
2023-08-17 00:00:00+03:00,1.8949999809265137,1.9199999570846558,1.8669999837875366,1.8990000486373901,829553,0.0,0.0,0.0
2023-08-20 00:00:00+03:00,1.8990000486373901,1.9600000381469727,1.8200000524520874,1.8259999752044678,5731623,0.0,0.0,0.0
2023-08-21 00:00:00+03:00,1.8259999752044678,1.8799999952316284,1.8339999914169312,1.878000020980835,1178140,0.0,0.0,0.0
2023-08-22 00:00:00+03:00,1.878000020980835,1.9149999618530273,1.7999999523162842,1.8170000314712524,5847931,0.0,0.0,0.0
2023-08-23 00:00:00+03:00,1.8170000314712524,1.8489999771118164,1.812000036239624,1.8309999704360962,1035671,0.0,0.0,0.0
2023-08-24 00:00:00+03:00,1.8309999704360962,1.8389999866485596,1.8020000457763672,1.8220000267028809,817793,0.0,0.0,0.0
2023-08-27 00:00:00+03:00,1.8220000267028809,1.850000023841858,1.8200000524520874,1.8320000171661377,739740,0.0,0.0,0.0
2023-08-28 00:00:00+03:00,1.8320000171661377,1.8350000381469727,1.7949999570846558,1.7999999523162842,1795426,0.0,0.0,0.0
2023-08-29 00:00:00+03:00,1.7999999523162842,1.8480000495910645,1.8029999732971191,1.8459999561309814,996749,0.0,0.0,0.0
2023-08-30 00:00:00+03:00,1.8459999561309814,1.8700000047683716,1.8220000267028809,1.8450000286102295,757150,0.0,0.0,0.0
2023-08-31 00:00:00+03:00,1.8450000286102295,1.8450000286102295,1.8450000286102295,1.8450000286102295,0,0.0,0.0,0.0
2023-09-03 00:00:00+03:00,1.8370000123977661,1.8609999418258667,1.8329999446868896,1.8380000591278076,565344,0.0,0.0,0.0
2023-09-04 00:00:00+03:00,1.8380000591278076,1.8480000495910645,1.7999999523162842,1.840000033378601,2305439,0.0,0.0,0.0
2023-09-05 00:00:00+03:00,1.840000033378601,1.8480000495910645,1.809999942779541,1.815999984741211,1126047,0.0,0.0,0.0
2023-09-06 00:00:00+03:00,1.815999984741211,1.8370000123977661,1.805999994277954,1.809999942779541,1086647,0.0,0.0,0.0
2023-09-07 00:00:00+03:00,1.809999942779541,1.8279999494552612,1.8020000457763672,1.812999963760376,526254,0.0,0.0,0.0
2023-09-10 00:00:00+03:00,1.812999963760376,1.812999963760376,1.812999963760376,1.812999963760376,0,0.0,0.0,0.0
2023-09-11 00:00:00+03:00,1.819000005722046,1.8289999961853027,1.8020000457763672,1.8049999475479126,509023,0.0,0.0,0.0
2023-09-12 00:00:00+03:00,1.8049999475479126,1.809999942779541,1.7920000553131104,1.7990000247955322,893463,0.0,0.0,0.0
2023-09-13 00:00:00+03:00,1.7990000247955322,1.8880000114440918,1.8049999475479126,1.8880000114440918,3993029,0.0,0.0,0.0
2023-09-14 00:00:00+03:00,1.8880000114440918,1.9589999914169312,1.8600000143051147,1.9240000247955322,3336502,0.0,0.0,0.0
2023-09-17 00:00:00+03:00,1.9240000247955322,1.9450000524520874,1.8849999904632568,1.8919999599456787,1518474,0.0,0.0,0.0
2023-09-18 00:00:00+03:00,1.8919999599456787,1.9500000476837158,1.8910000324249268,1.9010000228881836,2093290,0.0,0.0,0.0
2023-09-19 00:00:00+03:00,1.9010000228881836,1.9199999570846558,1.8860000371932983,1.8919999599456787,896726,0.0,0.0,0.0
2023-09-20 00:00:00+03:00,1.8919999599456787,1.8919999599456787,1.8919999599456787,1.8919999599456787,0,0.0,0.0,0.0
2023-09-21 00:00:00+03:00,1.8919999599456787,1.8919999599456787,1.8919999599456787,1.8919999599456787,0,0.0,0.0,0.0
2023-09-24 00:00:00+03:00,1.8919999599456787,1.8919999599456787,1.8919999599456787,1.8919999599456787,0,0.0,0.0,0.0
2023-09-25 00:00:00+03:00,1.8079999685287476,1.815999984741211,1.7599999904632568,1.7719999551773071,1542195,0.0,0.0,0.0
2023-09-26 00:00:00+03:00,1.7719999551773071,1.809999942779541,1.7580000162124634,1.7599999904632568,1649595,0.0,0.0,0.0
2023-09-27 00:00:00+03:00,1.7599999904632568,1.7599999904632568,1.7599999904632568,1.7599999904632568,0,0.0,0.0,0.0
2023-10-01 00:00:00+03:00,1.7599999904632568,1.7599999904632568,1.7599999904632568,1.7599999904632568,0,0.0,0.0,0.0
2023-10-02 00:00:00+03:00,1.7419999837875366,1.7599999904632568,1.7200000286102295,1.7359999418258667,580198,0.0,0.0,0.0
2023-10-03 00:00:00+03:00,1.7359999418258667,1.74399995803833,1.7200000286102295,1.7259999513626099,258767,0.0,0.0,0.0
2023-10-04 00:00:00+03:00,1.7259999513626099,1.746999979019165,1.7130000591278076,1.7380000352859497,387862,0.0,0.0,0.0
2023-10-08 00:00:00+03:00,1.7380000352859497,1.7979999780654907,1.680999994277954,1.7170000076293945,1371307,0.0,0.0,0.0
2023-10-09 00:00:00+03:00,1.7170000076293945,1.7350000143051147,1.7000000476837158,1.715999960899353,289793,0.0,0.0,0.0
2023-10-10 00:00:00+03:00,1.715999960899353,1.7410000562667847,1.7050000429153442,1.715999960899353,158435,0.0,0.0,0.0
2023-10-11 00:00:00+03:00,1.715999960899353,1.7410000562667847,1.7050000429153442,1.7120000123977661,493383,0.0,0.0,0.0
2023-10-12 00:00:00+03:00,1.7120000123977661,1.7410000562667847,1.7009999752044678,1.7139999866485596,622529,0.0,0.0,0.0
2023-10-15 00:00:00+03:00,1.7139999866485596,1.7280000448226929,1.6790000200271606,1.6859999895095825,1423361,0.0,0.0,0.0
2023-10-16 00:00:00+03:00,1.6859999895095825,1.6970000267028809,1.6660000085830688,1.6690000295639038,1291251,0.0,0.0,0.0
2023-10-17 00:00:00+03:00,1.6690000295639038,1.6990000009536743,1.649999976158142,1.684000015258789,1619799,0.0,0.0,0.0
2023-10-18 00:00:00+03:00,1.684000015258789,1.7100000381469727,1.6720000505447388,1.687999963760376,699815,0.0,0.0,0.0
2023-10-19 00:00:00+03:00,1.687999963760376,1.687999963760376,1.687999963760376,1.687999963760376,0,0.0,0.0,0.0
2023-10-22 00:00:00+03:00,1.7000000476837158,1.784999966621399,1.7000000476837158,1.784999966621399,1536829,0.0,0.0,0.0
2023-10-23 00:00:00+03:00,1.784999966621399,1.8389999866485596,1.7660000324249268,1.8300000429153442,2030902,0.0,0.0,0.0
2023-10-24 00:00:00+03:00,1.8300000429153442,1.8799999952316284,1.7799999713897705,1.7929999828338623,2139550,0.0,0.0,0.0
2023-10-25 00:00:00+03:00,1.7929999828338623,1.8380000591278076,1.7599999904632568,1.8279999494552612,1676185,0.0,0.0,0.0
2023-10-26 00:00:00+03:00,1.8279999494552612,1.8769999742507935,1.8020000457763672,1.8079999685287476,951591,0.0,0.0,0.0
2023-10-29 00:00:00+02:00,1.8079999685287476,1.840000033378601,1.7999999523162842,1.8170000314712524,1291663,0.0,0.0,0.0
2023-10-30 00:00:00+02:00,1.8170000314712524,1.850000023841858,1.7829999923706055,1.812999963760376,917554,0.0,0.0,0.0
2023-10-31 00:00:00+02:00,1.812999963760376,1.8359999656677246,1.7910000085830688,1.805999994277954,524824,0.0,0.0,0.0
2023-11-01 00:00:00+02:00,1.805999994277954,1.8250000476837158,1.7899999618530273,1.7990000247955322,833604,0.0,0.0,0.0
2023-11-02 00:00:00+02:00,1.7990000247955322,1.8140000104904175,1.7910000085830688,1.7990000247955322,197438,0.0,0.0,0.0
2023-11-05 00:00:00+02:00,1.7990000247955322,1.8250000476837158,1.7929999828338623,1.8140000104904175,723320,0.0,0.0,0.0
2023-11-06 00:00:00+02:00,1.8140000104904175,1.8329999446868896,1.809999942779541,1.8240000009536743,725139,0.0,0.0,0.0
2023-11-07 00:00:00+02:00,1.8240000009536743,1.8799999952316284,1.8140000104904175,1.878999948501587,1248524,0.0,0.0,0.0
2023-11-08 00:00:00+02:00,1.878999948501587,1.9299999475479126,1.8450000286102295,1.8910000324249268,1749646,0.0,0.0,0.0
2023-11-09 00:00:00+02:00,1.8910000324249268,1.9110000133514404,1.8600000143051147,1.8769999742507935,1206615,0.0,0.0,0.0
2023-11-12 00:00:00+02:00,1.8769999742507935,1.9700000286102295,1.8600000143051147,1.9700000286102295,3177730,0.0,0.0,0.0
2023-11-13 00:00:00+02:00,1.9700000286102295,2.068000078201294,1.9500000476837158,1.9850000143051147,3001221,0.0,0.0,0.0
2023-11-14 00:00:00+02:00,1.9850000143051147,2.0390000343322754,1.9600000381469727,2.0250000953674316,2219214,0.0,0.0,0.0
2023-11-15 00:00:00+02:00,2.0250000953674316,2.125999927520752,2.049999952316284,2.125,5091209,0.0,0.0,0.0
2023-11-16 00:00:00+02:00,2.125,2.190000057220459,2.124000072479248,2.1600000858306885,1529099,0.0,0.0,0.0
2023-11-19 00:00:00+02:00,2.1600000858306885,2.259999990463257,2.1700000762939453,2.259999990463257,3914166,0.0,0.0,0.0
2023-11-20 00:00:00+02:00,2.259999990463257,2.299999952316284,2.200000047683716,2.2699999809265137,2081362,0.0,0.0,0.0
2023-11-21 00:00:00+02:00,2.2699999809265137,2.3499999046325684,2.25,2.319999933242798,2175970,0.0,0.0,0.0
2023-11-22 00:00:00+02:00,2.319999933242798,2.3299999237060547,2.2100000381469727,2.25,4122458,0.0,0.0,0.0
2023-11-23 00:00:00+02:00,2.25,2.2699999809265137,2.180000066757202,2.2200000286102295,1795927,0.0,0.0,0.0
2023-11-26 00:00:00+02:00,2.2200000286102295,2.3299999237060547,2.2699999809265137,2.3299999237060547,2908908,0.0,0.0,0.0
2023-11-27 00:00:00+02:00,2.3299999237060547,2.440000057220459,2.359999895095825,2.440000057220459,2427041,0.0,0.0,0.0
2023-11-28 00:00:00+02:00,2.440000057220459,2.559999942779541,2.450000047683716,2.5299999713897705,5608226,0.0,0.0,0.0
2023-11-29 00:00:00+02:00,2.5299999713897705,2.6500000953674316,2.440000057220459,2.6500000953674316,4691856,0.0,0.0,0.0
2023-11-30 00:00:00+02:00,2.6500000953674316,2.7799999713897705,2.700000047683716,2.7799999713897705,4110348,0.0,0.0,0.0
2023-12-03 00:00:00+02:00,2.7799999713897705,2.9100000858306885,2.7100000381469727,2.7200000286102295,5678752,0.0,0.0,0.0
2023-12-04 00:00:00+02:00,2.7200000286102295,2.8499999046325684,2.7200000286102295,2.8499999046325684,3278069,0.0,0.0,0.0
2023-12-05 00:00:00+02:00,2.8499999046325684,2.990000009536743,2.819999933242798,2.9200000762939453,5635255,0.0,0.0,0.0
2023-12-06 00:00:00+02:00,2.9200000762939453,2.9800000190734863,2.819999933242798,2.869999885559082,4791705,0.0,0.0,0.0
2023-12-07 00:00:00+02:00,2.869999885559082,2.890000104904175,2.7300000190734863,2.740000009536743,3897006,0.0,0.0,0.0
2023-12-10 00:00:00+02:00,2.740000009536743,2.799999952316284,2.609999895095825,2.609999895095825,5109752,0.0,0.0,0.0
2023-12-11 00:00:00+02:00,2.609999895095825,2.609999895095825,2.4800000190734863,2.4800000190734863,2751663,0.0,0.0,0.0
2023-12-12 00:00:00+02:00,2.4800000190734863,2.569999933242798,2.390000104904175,2.490000009536743,2720969,0.0,0.0,0.0
2023-12-13 00:00:00+02:00,2.490000009536743,2.609999895095825,2.4200000762939453,2.5899999141693115,1997882,0.0,0.0,0.0
2023-12-14 00:00:00+02:00,2.5899999141693115,2.7100000381469727,2.630000114440918,2.7100000381469727,2492410,0.0,0.0,0.0
2023-12-17 00:00:00+02:00,2.7100000381469727,2.8399999141693115,2.680000066757202,2.759999990463257,4297333,0.0,0.0,0.0
2023-12-18 00:00:00+02:00,2.759999990463257,2.890000104904175,2.759999990463257,2.890000104904175,4765654,0.0,0.0,0.0
2023-12-19 00:00:00+02:00,2.890000104904175,3.0,2.8499999046325684,2.869999885559082,5827738,0.0,0.0,0.0
2023-12-20 00:00:00+02:00,2.869999885559082,3.009999990463257,2.799999952316284,3.0,9310233,0.0,0.0,0.0
2023-12-21 00:00:00+02:00,3.0,3.1500000953674316,3.009999990463257,3.1500000953674316,8090791,0.0,0.0,0.0
2023-12-24 00:00:00+02:00,3.1500000953674316,3.1500000953674316,3.1500000953674316,3.1500000953674316,0,0.0,0.0,0.0
2023-12-25 00:00:00+02:00,3.2799999713897705,3.3299999237060547,3.119999885559082,3.1500000953674316,7785837,0.0,0.0,0.0
2023-12-26 00:00:00+02:00,3.1500000953674316,3.299999952316284,3.140000104904175,3.299999952316284,6144285,0.0,0.0,0.0
2023-12-27 00:00:00+02:00,3.299999952316284,3.4600000381469727,3.359999895095825,3.4600000381469727,4995106,0.0,0.0,0.0
2023-12-28 00:00:00+02:00,3.4600000381469727,3.630000114440918,3.5199999809265137,3.630000114440918,3244963,0.0,0.0,0.0
2023-12-31 00:00:00+02:00,3.630000114440918,3.809999942779541,3.740000009536743,3.809999942779541,3909417,0.0,0.0,0.0
2024-01-02 00:00:00+02:00,3.809999942779541,4.0,4.0,4.0,1295489,0.0,0.0,0.0
2024-01-03 00:00:00+02:00,4.0,4.199999809265137,4.199999809265137,4.199999809265137,1537485,0.0,0.0,0.0
2024-01-04 00:00:00+02:00,4.199999809265137,4.409999847412109,4.010000228881836,4.409999847412109,11143210,0.0,0.0,0.0
2024-01-08 00:00:00+02:00,4.409999847412109,4.630000114440918,4.5,4.630000114440918,5104714,0.0,0.0,0.0
2024-01-09 00:00:00+02:00,4.630000114440918,4.860000133514404,4.630000114440918,4.860000133514404,4366496,0.0,0.0,0.0
2024-01-10 00:00:00+02:00,4.860000133514404,5.099999904632568,5.099999904632568,5.099999904632568,1444312,0.0,0.0,0.0
2024-01-11 00:00:00+02:00,5.099999904632568,5.349999904632568,5.349999904632568,5.349999904632568,285567,0.0,0.0,0.0
2024-01-14 00:00:00+02:00,5.349999904632568,5.349999904632568,5.349999904632568,5.349999904632568,0,0.0,0.0,0.0
2024-01-15 00:00:00+02:00,5.349999904632568,5.610000133514404,5.090000152587891,5.210000038146973,12965980,0.0,0.0,0.0
2024-01-16 00:00:00+02:00,5.210000038146973,5.0,4.949999809265137,4.949999809265137,1802321,0.0,0.0,0.0
2024-01-17 00:00:00+02:00,4.949999809265137,4.710000038146973,4.710000038146973,4.710000038146973,507650,0.0,0.0,0.0
2024-01-18 00:00:00+02:00,4.710000038146973,4.480000019073486,4.480000019073486,4.480000019073486,482298,0.0,0.0,0.0
2024-01-21 00:00:00+02:00,4.480000019073486,4.699999809265137,4.260000228881836,4.699999809265137,10603530,0.0,0.0,0.0
2024-01-22 00:00:00+02:00,4.699999809265137,4.860000133514404,4.46999979019165,4.46999979019165,5689263,0.0,0.0,0.0
2024-01-23 00:00:00+02:00,4.46999979019165,4.300000190734863,4.25,4.25,2280950,0.0,0.0,0.0
2024-01-24 00:00:00+02:00,4.25,4.25,4.039999961853027,4.039999961853027,3693074,0.0,0.0,0.0
2024-01-28 00:00:00+02:00,4.039999961853027,4.239999771118164,3.8399999141693115,4.099999904632568,9145562,0.0,0.0,0.0
2024-01-29 00:00:00+02:00,4.099999904632568,4.0,3.9000000953674316,3.9000000953674316,2932517,0.0,0.0,0.0
2024-01-30 00:00:00+02:00,3.9000000953674316,3.940000057220459,3.7100000381469727,3.740000009536743,5730028,0.0,0.0,0.0
2024-01-31 00:00:00+02:00,3.740000009536743,3.9200000762939453,3.559999942779541,3.5999999046325684,6105639,0.0,0.0,0.0
2024-02-01 00:00:00+02:00,3.5999999046325684,3.740000009536743,3.4200000762939453,3.6500000953674316,6216296,0.0,0.0,0.0
2024-02-04 00:00:00+02:00,3.6500000953674316,3.6600000858306885,3.4700000286102295,3.509999990463257,4502302,0.0,0.0,0.0
2024-02-05 00:00:00+02:00,3.509999990463257,3.680000066757202,3.549999952316284,3.680000066757202,2177362,0.0,0.0,0.0
2024-02-06 00:00:00+02:00,3.680000066757202,3.859999895095825,3.7200000286102295,3.859999895095825,4911244,0.0,0.0,0.0
2024-02-07 00:00:00+02:00,3.859999895095825,3.9800000190734863,3.6700000762939453,3.680000066757202,2871232,0.0,0.0,0.0
2024-02-08 00:00:00+02:00,3.680000066757202,3.700000047683716,3.5,3.5,3011795,0.0,0.0,0.0
2024-02-11 00:00:00+02:00,3.5,3.5,3.3299999237060547,3.3299999237060547,3211297,0.0,0.0,0.0
2024-02-12 00:00:00+02:00,3.3299999237060547,3.440000057220459,3.1700000762939453,3.240000009536743,3877356,0.0,0.0,0.0
2024-02-13 00:00:00+02:00,3.240000009536743,3.4000000953674316,3.109999895095825,3.390000104904175,4590561,0.0,0.0,0.0
2024-02-14 00:00:00+02:00,3.390000104904175,3.4100000858306885,3.299999952316284,3.3499999046325684,2063196,0.0,0.0,0.0
2024-02-15 00:00:00+02:00,3.3499999046325684,3.359999895095825,3.259999990463257,3.309999942779541,2636367,0.0,0.0,0.0
2024-02-18 00:00:00+02:00,3.309999942779541,3.309999942779541,3.309999942779541,3.309999942779541,0,0.0,0.0,0.0
2024-02-19 00:00:00+02:00,3.4700000286102295,3.640000104904175,3.4800000190734863,3.619999885559082,3309406,0.0,0.0,0.0
2024-02-20 00:00:00+02:00,3.619999885559082,3.7699999809265137,3.619999885559082,3.690000057220459,2441221,0.0,0.0,0.0
2024-02-21 00:00:00+02:00,3.690000057220459,3.700000047683716,3.509999990463257,3.509999990463257,3758524,0.0,0.0,0.0
2024-02-22 00:00:00+02:00,3.509999990463257,3.549999952316284,3.3399999141693115,3.4000000953674316,4008144,0.0,0.0,0.0
2024-02-25 00:00:00+02:00,3.4000000953674316,3.4000000953674316,3.2300000190734863,3.2300000190734863,2448863,0.0,0.0,0.0
2024-02-26 00:00:00+02:00,3.2300000190734863,3.200000047683716,3.069999933242798,3.069999933242798,3932507,0.0,0.0,0.0
2024-02-27 00:00:00+02:00,3.069999933242798,3.190000057220459,2.990000009536743,3.0399999618530273,1997302,0.0,0.0,0.0
2024-02-28 00:00:00+02:00,3.0399999618530273,3.190000057220459,3.049999952316284,3.1500000953674316,2764662,0.0,0.0,0.0
2024-02-29 00:00:00+02:00,3.1500000953674316,3.299999952316284,3.0999999046325684,3.2799999713897705,2583660,0.0,0.0,0.0
2024-03-03 00:00:00+02:00,3.2799999713897705,3.2699999809265137,3.119999885559082,3.1500000953674316,1343747,0.0,0.0,0.0
2024-03-04 00:00:00+02:00,3.1500000953674316,3.1500000953674316,3.0299999713897705,3.109999895095825,1964910,0.0,0.0,0.0
2024-03-05 00:00:00+02:00,3.109999895095825,3.200000047683716,2.9600000381469727,3.009999990463257,2138938,0.0,0.0,0.0
2024-03-06 00:00:00+02:00,3.009999990463257,3.059999942779541,2.859999895095825,2.859999895095825,1537001,0.0,0.0,0.0
2024-03-07 00:00:00+02:00,2.859999895095825,2.9600000381469727,2.759999990463257,2.819999933242798,1233284,0.0,0.0,0.0
2024-03-10 00:00:00+02:00,2.819999933242798,2.950000047683716,2.819999933242798,2.930000066757202,947372,0.0,0.0,0.0
2024-03-11 00:00:00+02:00,2.930000066757202,2.9600000381469727,2.8499999046325684,2.890000104904175,528023,0.0,0.0,0.0
2024-03-12 00:00:00+02:00,2.890000104904175,2.9700000286102295,2.809999942779541,2.859999895095825,636038,0.0,0.0,0.0
2024-03-13 00:00:00+02:00,2.859999895095825,2.890000104904175,2.7200000286102295,2.7200000286102295,1081390,0.0,0.0,0.0
2024-03-14 00:00:00+02:00,2.7200000286102295,2.7799999713897705,2.640000104904175,2.7200000286102295,598323,0.0,0.0,0.0
2024-03-17 00:00:00+02:00,2.7200000286102295,2.819999933242798,2.5999999046325684,2.6500000953674316,500669,0.0,0.0,0.0
2024-03-18 00:00:00+02:00,2.6500000953674316,2.7799999713897705,2.5199999809265137,2.5399999618530273,1095113,0.0,0.0,0.0
2024-03-19 00:00:00+02:00,2.5399999618530273,2.5999999046325684,2.4200000762939453,2.4200000762939453,1086198,0.0,0.0,0.0
2024-03-20 00:00:00+02:00,2.4200000762939453,2.430000066757202,2.299999952316284,2.299999952316284,2191409,0.0,0.0,0.0
2024-03-21 00:00:00+02:00,2.299999952316284,2.390000104904175,2.190000057220459,2.359999895095825,2069014,0.0,0.0,0.0
2024-03-24 00:00:00+02:00,2.359999895095825,2.4700000286102295,2.2699999809265137,2.4200000762939453,589819,0.0,0.0,0.0
2024-03-25 00:00:00+02:00,2.4200000762939453,2.490000009536743,2.3499999046325684,2.4600000381469727,677874,0.0,0.0,0.0
2024-03-26 00:00:00+02:00,2.4600000381469727,2.5799999237060547,2.4000000953674316,2.5799999237060547,1789809,0.0,0.0,0.0
2024-03-27 00:00:00+02:00,2.5799999237060547,2.700000047683716,2.609999895095825,2.700000047683716,1383268,0.0,0.0,0.0
2024-03-28 00:00:00+02:00,2.700000047683716,2.8299999237060547,2.759999990463257,2.8299999237060547,1428205,0.0,0.0,0.0
2024-03-31 00:00:00+02:00,2.8299999237060547,2.9700000286102295,2.75,2.809999942779541,3114141,0.0,0.0,0.0
2024-04-01 00:00:00+02:00,2.809999942779541,2.930000066757202,2.6700000762939453,2.6700000762939453,1827545,0.0,0.0,0.0
2024-04-02 00:00:00+02:00,2.6700000762939453,2.6700000762939453,2.5399999618530273,2.609999895095825,1430398,0.0,0.0,0.0
2024-04-03 00:00:00+02:00,2.609999895095825,2.740000009536743,2.5399999618530273,2.740000009536743,1393993,0.0,0.0,0.0
2024-04-04 00:00:00+02:00,2.740000009536743,2.8299999237060547,2.740000009536743,2.7899999618530273,891144,0.0,0.0,0.0
2024-04-07 00:00:00+02:00,2.7899999618530273,2.799999952316284,2.6600000858306885,2.680000066757202,1303897,0.0,0.0,0.0
2024-04-08 00:00:00+02:00,2.680000066757202,2.7300000190734863,2.630000114440918,2.700000047683716,667026,0.0,0.0,0.0
2024-04-15 00:00:00+02:00,2.700000047683716,2.759999990463257,2.5999999046325684,2.7100000381469727,1062887,0.0,0.0,0.0
2024-04-16 00:00:00+02:00,2.7100000381469727,2.8399999141693115,2.700000047683716,2.8399999141693115,1659784,0.0,0.0,0.0
2024-04-17 00:00:00+02:00,2.8399999141693115,2.9200000762939453,2.740000009536743,2.7899999618530273,983732,0.0,0.0,0.0
2024-04-18 00:00:00+02:00,2.7899999618530273,2.799999952316284,2.6600000858306885,2.6600000858306885,1908041,0.0,0.0,0.0
2024-04-21 00:00:00+02:00,2.6600000858306885,2.7100000381469727,2.5399999618530273,2.5999999046325684,962582,0.0,0.0,0.0
2024-04-22 00:00:00+02:00,2.5999999046325684,2.6500000953674316,2.569999933242798,2.640000104904175,747514,0.0,0.0,0.0
2024-04-23 00:00:00+02:00,2.640000104904175,2.630000114440918,2.509999990463257,2.5199999809265137,967276,0.0,0.0,0.0
2024-04-24 00:00:00+02:00,2.5199999809265137,2.509999990463257,2.4000000953674316,2.4000000953674316,936350,0.0,0.0,0.0
2024-04-28 00:00:00+03:00,2.4000000953674316,2.4000000953674316,2.4000000953674316,2.4000000953674316,0,0.0,0.0,0.0
2024-04-29 00:00:00+03:00,2.2799999713897705,2.259999990463257,2.1700000762939453,2.2100000381469727,1625244,0.0,0.0,0.0
2024-04-30 00:00:00+03:00,2.2100000381469727,2.240000009536743,2.0999999046325684,2.109999895095825,768621,0.0,0.0,0.0
2024-05-02 00:00:00+03:00,2.190000057220459,2.2300000190734863,2.1500000953674316,2.1700000762939453,336649,0.0,0.0,0.0
2024-05-07 00:00:00+03:00,2.1700000762939453,2.200000047683716,2.0999999046325684,2.140000104904175,492778,0.0,0.0,0.0
2024-05-08 00:00:00+03:00,2.140000104904175,2.1600000858306885,2.0399999618530273,2.0799999237060547,1327804,0.0,0.0,0.0
2024-05-09 00:00:00+03:00,2.0799999237060547,2.0899999141693115,1.9900000095367432,2.0399999618530273,360165,0.0,0.0,0.0
2024-05-12 00:00:00+03:00,2.0399999618530273,2.049999952316284,1.940000057220459,1.940000057220459,1140964,0.0,0.0,0.0
2024-05-13 00:00:00+03:00,1.940000057220459,1.9600000381469727,1.850000023841858,1.9299999475479126,1130241,0.0,0.0,0.0
2024-05-14 00:00:00+03:00,1.9299999475479126,1.9700000286102295,1.840000033378601,1.8600000143051147,975921,0.0,0.0,0.0
2024-05-15 00:00:00+03:00,1.8600000143051147,1.940000057220459,1.7999999523162842,1.9299999475479126,636734,0.0,0.0,0.0
2024-05-16 00:00:00+03:00,1.9299999475479126,2.0199999809265137,1.8899999856948853,2.0199999809265137,1161025,0.0,0.0,0.0
2024-05-19 00:00:00+03:00,2.0199999809265137,2.119999885559082,2.0799999237060547,2.119999885559082,991100,0.0,0.0,0.0
2024-05-20 00:00:00+03:00,2.119999885559082,2.190000057220459,2.059999942779541,2.0899999141693115,1188462,0.0,0.0,0.0
2024-05-21 00:00:00+03:00,2.0899999141693115,2.130000114440918,2.0299999713897705,2.069999933242798,745775,0.0,0.0,0.0
2024-05-22 00:00:00+03:00,2.069999933242798,2.119999885559082,1.9900000095367432,2.0299999713897705,841624,0.0,0.0,0.0
2024-05-23 00:00:00+03:00,2.0299999713897705,2.0799999237060547,1.9900000095367432,2.0399999618530273,534558,0.0,0.0,0.0
2024-05-26 00:00:00+03:00,2.0399999618530273,2.0399999618530273,2.0399999618530273,2.0399999618530273,0,0.0,0.0,0.0
2024-05-27 00:00:00+03:00,2.0999999046325684,2.1500000953674316,2.069999933242798,2.0899999141693115,457630,0.0,0.0,0.0
2024-05-28 00:00:00+03:00,2.0899999141693115,2.109999895095825,2.0,2.0399999618530273,661815,0.0,0.0,0.0
2024-05-29 00:00:00+03:00,2.0399999618530273,2.069999933242798,1.940000057220459,2.0,617980,0.0,0.0,0.0
2024-05-30 00:00:00+03:00,2.0,2.0299999713897705,1.9500000476837158,1.9700000286102295,360815,0.0,0.0,0.0
2024-06-02 00:00:00+03:00,1.9700000286102295,2.009999990463257,1.9199999570846558,1.965999960899353,365277,0.0,0.0,0.0
2024-06-03 00:00:00+03:00,1.965999960899353,1.9789999723434448,1.899999976158142,1.9019999504089355,863131,0.0,0.0,0.0
2024-06-04 00:00:00+03:00,1.9019999504089355,1.9550000429153442,1.899999976158142,1.9279999732971191,316462,0.0,0.0,0.0
2024-06-05 00:00:00+03:00,1.9279999732971191,1.940000057220459,1.850000023841858,1.871999979019165,463253,0.0,0.0,0.0
2024-06-06 00:00:00+03:00,1.871999979019165,1.9170000553131104,1.850000023841858,1.8589999675750732,520634,0.0,0.0,0.0
2024-06-09 00:00:00+03:00,1.8589999675750732,1.8799999952316284,1.7999999523162842,1.805999994277954,978160,0.0,0.0,0.0
2024-06-10 00:00:00+03:00,1.805999994277954,1.8580000400543213,1.7799999713897705,1.8279999494552612,497200,0.0,0.0,0.0
2024-06-11 00:00:00+03:00,1.8279999494552612,1.8769999742507935,1.8300000429153442,1.840999960899353,411442,0.0,0.0,0.0
2024-06-12 00:00:00+03:00,1.840999960899353,1.8849999904632568,1.8300000429153442,1.850000023841858,339822,0.0,0.0,0.0
2024-06-13 00:00:00+03:00,1.850000023841858,1.878999948501587,1.8450000286102295,1.8550000190734863,235363,0.0,0.0,0.0
2024-06-23 00:00:00+03:00,1.8550000190734863,1.8899999856948853,1.8600000143051147,1.871000051498413,256729,0.0,0.0,0.0
2024-06-24 00:00:00+03:00,1.871000051498413,1.9620000123977661,1.8890000581741333,1.9529999494552612,578125,0.0,0.0,0.0
2024-06-25 00:00:00+03:00,1.9529999494552612,1.9900000095367432,1.9299999475479126,1.9470000267028809,328015,0.0,0.0,0.0
2024-06-26 00:00:00+03:00,1.9470000267028809,1.9900000095367432,1.9199999570846558,1.972000002861023,377882,0.0,0.0,0.0
2024-06-27 00:00:00+03:00,1.972000002861023,1.9769999980926514,1.9299999475479126,1.9670000076293945,324934,0.0,0.0,0.0
2024-07-02 00:00:00+03:00,1.9800000190734863,1.9859999418258667,1.930999994277954,1.9579999446868896,379367,0.0,0.0,0.0
2024-07-03 00:00:00+03:00,1.9579999446868896,1.965999960899353,1.8609999418258667,1.9040000438690186,897045,0.0,0.0,0.0
2024-07-04 00:00:00+03:00,1.9040000438690186,1.9989999532699585,1.899999976158142,1.9989999532699585,1140828,0.0,0.0,0.0
2024-07-07 00:00:00+03:00,1.9989999532699585,2.0980000495910645,2.0980000495910645,1.9989999532699585,357386,0.0,0.0,0.0
2024-07-08 00:00:00+03:00,1.9989999532699585,2.0980000495910645,2.0980000495910645,1.9989999532699585,471393,0.0,0.0,0.0
2024-07-09 00:00:00+03:00,1.9989999532699585,2.0980000495910645,2.0980000495910645,2.0980000495910645,820775,0.0,0.0,0.0
2024-07-10 00:00:00+03:00,2.0980000495910645,2.2019999027252197,2.2019999027252197,2.2019999027252197,303669,0.0,0.0,0.0
2024-07-14 00:00:00+03:00,2.2019999027252197,2.309999942779541,2.309999942779541,2.309999942779541,281014,0.0,0.0,0.0
2024-07-15 00:00:00+03:00,2.309999942779541,2.4200000762939453,2.4200000762939453,2.4200000762939453,489279,0.0,0.0,0.0
2024-07-16 00:00:00+03:00,2.4200000762939453,2.5399999618530273,2.5399999618530273,2.4200000762939453,726796,0.0,0.0,0.0
2024-07-17 00:00:00+03:00,2.4200000762939453,2.5399999618530273,2.5399999618530273,2.5399999618530273,663941,0.0,0.0,0.0
2024-07-18 00:00:00+03:00,2.5399999618530273,2.6600000858306885,2.569999933242798,2.6600000858306885,4760597,0.0,0.0,0.0
2024-07-21 00:00:00+03:00,2.6600000858306885,2.7899999618530273,2.640000104904175,2.7899999618530273,3085211,0.0,0.0,0.0
2024-07-22 00:00:00+03:00,2.7899999618530273,2.9200000762939453,2.859999895095825,2.9200000762939453,2438321,0.0,0.0,0.0
2024-07-23 00:00:00+03:00,2.9200000762939453,3.059999942779541,2.8299999237060547,3.059999942779541,3059072,0.0,0.0,0.0
2024-07-24 00:00:00+03:00,3.059999942779541,3.2100000381469727,2.9100000858306885,2.9700000286102295,4737817,0.0,0.0,0.0
2024-07-28 00:00:00+03:00,2.9700000286102295,2.9700000286102295,2.8299999237060547,2.8299999237060547,1272228,0.0,0.0,0.0
2024-07-29 00:00:00+03:00,2.8299999237060547,2.9700000286102295,2.7300000190734863,2.9700000286102295,3123001,0.0,0.0,0.0
2024-07-30 00:00:00+03:00,2.9700000286102295,3.109999895095825,3.109999895095825,3.109999895095825,1184176,0.0,0.0,0.0
2024-07-31 00:00:00+03:00,3.109999895095825,3.259999990463257,3.190000057220459,3.259999990463257,5598221,0.0,0.0,0.0
2024-08-01 00:00:00+03:00,3.259999990463257,3.4200000762939453,3.299999952316284,3.4200000762939453,3094380,0.0,0.0,0.0
2024-08-04 00:00:00+03:00,3.4200000762939453,3.5899999141693115,3.259999990463257,3.5899999141693115,6039248,0.0,0.0,0.0
2024-08-05 00:00:00+03:00,3.5899999141693115,3.7200000286102295,3.4200000762939453,3.5,5725650,0.0,0.0,0.0
2024-08-06 00:00:00+03:00,3.5,3.569999933242798,3.359999895095825,3.380000114440918,3712581,0.0,0.0,0.0
2024-08-07 00:00:00+03:00,3.380000114440918,3.5399999618530273,3.2200000286102295,3.5399999618530273,5903124,0.0,0.0,0.0
2024-08-08 00:00:00+03:00,3.5399999618530273,3.7100000381469727,3.609999895095825,3.7100000381469727,2963392,0.0,0.0,0.0
2024-08-11 00:00:00+03:00,3.7100000381469727,3.890000104904175,3.799999952316284,3.890000104904175,3822102,0.0,0.0,0.0
2024-08-12 00:00:00+03:00,3.890000104904175,4.059999942779541,3.700000047683716,3.75,5658852,0.0,0.0,0.0
2024-08-13 00:00:00+03:00,3.75,3.819999933242798,3.619999885559082,3.630000114440918,2083902,0.0,0.0,0.0
2024-08-14 00:00:00+03:00,3.630000114440918,3.809999942779541,3.4800000190734863,3.809999942779541,2440527,0.0,0.0,0.0
2024-08-15 00:00:00+03:00,3.809999942779541,4.0,3.8399999141693115,4.0,4994517,0.0,0.0,0.0
2024-08-18 00:00:00+03:00,4.0,4.119999885559082,3.859999895095825,3.880000114440918,4073009,0.0,0.0,0.0
2024-08-19 00:00:00+03:00,3.880000114440918,3.950000047683716,3.7300000190734863,3.799999952316284,2021830,0.0,0.0,0.0
2024-08-20 00:00:00+03:00,3.799999952316284,3.940000057220459,3.609999895095825,3.640000104904175,4752098,0.0,0.0,0.0
2024-08-21 00:00:00+03:00,3.640000104904175,3.819999933242798,3.4800000190734863,3.819999933242798,5226681,0.0,0.0,0.0
2024-08-22 00:00:00+03:00,3.819999933242798,3.890000104904175,3.700000047683716,3.75,2642587,0.0,0.0,0.0
2024-08-25 00:00:00+03:00,3.75,3.7899999618530273,3.640000104904175,3.6600000858306885,2612469,0.0,0.0,0.0
2024-08-26 00:00:00+03:00,3.6600000858306885,3.809999942779541,3.549999952316284,3.640000104904175,1976419,0.0,0.0,0.0
2024-08-27 00:00:00+03:00,3.640000104904175,3.7200000286102295,3.5799999237060547,3.5999999046325684,1991291,0.0,0.0,0.0
2024-08-28 00:00:00+03:00,3.5999999046325684,3.7799999713897705,3.5399999618530273,3.6700000762939453,2343172,0.0,0.0,0.0
2024-08-29 00:00:00+03:00,3.6700000762939453,3.740000009536743,3.509999990463257,3.5299999713897705,1986124,0.0,0.0,0.0
2024-09-01 00:00:00+03:00,3.5299999713897705,3.630000114440918,3.4200000762939453,3.559999942779541,2454667,0.0,0.0,0.0
2024-09-02 00:00:00+03:00,3.559999942779541,3.6600000858306885,3.5,3.509999990463257,1341961,0.0,0.0,0.0
2024-09-03 00:00:00+03:00,3.509999990463257,3.5999999046325684,3.5,3.549999952316284,1298504,0.0,0.0,0.0
2024-09-04 00:00:00+03:00,3.549999952316284,3.619999885559082,3.4700000286102295,3.509999990463257,1638516,0.0,0.0,0.0
2024-09-05 00:00:00+03:00,3.509999990463257,3.5899999141693115,3.4700000286102295,3.490000009536743,1070859,0.0,0.0,0.0
2024-09-08 00:00:00+03:00,3.490000009536743,3.6600000858306885,3.609999895095825,3.6600000858306885,1404082,0.0,0.0,0.0
2024-09-09 00:00:00+03:00,3.6600000858306885,3.8399999141693115,3.8399999141693115,3.8399999141693115,347158,0.0,0.0,0.0
2024-09-10 00:00:00+03:00,3.8399999141693115,4.03000020980835,3.9000000953674316,4.03000020980835,5669351,0.0,0.0,0.0
2024-09-11 00:00:00+03:00,4.03000020980835,4.179999828338623,3.9000000953674316,3.9100000858306885,2533894,0.0,0.0,0.0
2024-09-12 00:00:00+03:00,3.9100000858306885,3.940000057220459,3.740000009536743,3.7799999713897705,2012069,0.0,0.0,0.0
2024-09-16 00:00:00+03:00,3.7799999713897705,3.8299999237060547,3.609999895095825,3.6500000953674316,2242029,0.0,0.0,0.0
2024-09-17 00:00:00+03:00,3.6500000953674316,3.740000009536743,3.5799999237060547,3.5899999141693115,1008212,0.0,0.0,0.0
2024-09-18 00:00:00+03:00,3.5899999141693115,3.680000066757202,3.509999990463257,3.640000104904175,1253574,0.0,0.0,0.0
2024-09-19 00:00:00+03:00,3.640000104904175,3.7300000190734863,3.569999933242798,3.5899999141693115,1770103,0.0,0.0,0.0
2024-09-22 00:00:00+03:00,3.5899999141693115,3.5999999046325684,3.5299999713897705,3.5899999141693115,988888,0.0,0.0,0.0
2024-09-23 00:00:00+03:00,3.5899999141693115,3.5999999046325684,3.490000009536743,3.5799999237060547,2001979,0.0,0.0,0.0
2024-09-24 00:00:00+03:00,3.490000009536743,3.5999999046325684,3.450000047683716,3.5199999809265137,1454478,0.0,0.0,0.0
2024-09-25 00:00:00+03:00,3.5,3.549999952316284,3.440000057220459,3.490000009536743,896312,0.0,0.0,0.0
2024-09-26 00:00:00+03:00,3.490000009536743,3.5999999046325684,3.450000047683716,3.5199999809265137,1454478,0.0,0.0,0.0
2024-09-29 00:00:00+03:00,3.5199999809265137,3.609999895095825,3.5,3.509999990463257,898391,0.0,0.0,0.0
2024-09-30 00:00:00+03:00,3.509999990463257,3.549999952316284,3.4600000381469727,3.4800000190734863,1169873,0.0,0.0,0.0
2024-10-01 00:00:00+03:00,3.4800000190734863,3.509999990463257,3.4200000762939453,3.4200000762939453,1178335,0.0,0.0,0.0
2024-10-02 00:00:00+03:00,3.4200000762939453,3.4700000286102295,3.25,3.25,2641775,0.0,0.0,0.0
2024-10-03 00:00:00+03:00,3.25,3.2699999809265137,3.0899999141693115,3.200000047683716,2040195,0.0,0.0,0.0
2024-10-07 00:00:00+03:00,3.200000047683716,3.359999895095825,3.1500000953674316,3.359999895095825,971186,0.0,0.0,0.0
2024-10-08 00:00:00+03:00,3.359999895095825,3.450000047683716,3.200000047683716,3.2100000381469727,1830965,0.0,0.0,0.0
2024-10-09 00:00:00+03:00,3.2100000381469727,3.369999885559082,3.1500000953674316,3.200000047683716,1235908,0.0,0.0,0.0
2024-10-10 00:00:00+03:00,3.200000047683716,3.2799999713897705,3.140000104904175,3.190000057220459,998662,0.0,0.0,0.0
2024-10-13 00:00:00+03:00,3.190000057220459,3.3399999141693115,3.1700000762939453,3.3399999141693115,2425424,0.0,0.0,0.0
2024-10-14 00:00:00+03:00,3.3399999141693115,3.5,3.3399999141693115,3.4800000190734863,2384929,0.0,0.0,0.0
2024-10-15 00:00:00+03:00,3.4800000190734863,3.640000104904175,3.319999933242798,3.359999895095825,2684749,0.0,0.0,0.0
2024-10-16 00:00:00+03:00,3.359999895095825,3.390000104904175,3.2100000381469727,3.2799999713897705,1267506,0.0,0.0,0.0
2024-10-17 00:00:00+03:00,3.2799999713897705,3.440000057220459,3.2699999809265137,3.299999952316284,1381388,0.0,0.0,0.0
2024-10-20 00:00:00+03:00,3.299999952316284,3.3499999046325684,3.140000104904175,3.1500000953674316,990661,0.0,0.0,0.0
2024-10-21 00:00:00+03:00,3.1500000953674316,3.299999952316284,3.0199999809265137,3.299999952316284,1834107,0.0,0.0,0.0
2024-10-22 00:00:00+03:00,3.299999952316284,3.450000047683716,3.25,3.319999933242798,2360583,0.0,0.0,0.0
2024-10-23 00:00:00+03:00,3.319999933242798,3.390000104904175,3.2899999618530273,3.309999942779541,1309743,0.0,0.0,0.0
2024-10-24 00:00:00+03:00,3.309999942779541,3.380000114440918,3.2300000190734863,3.240000009536743,1151224,0.0,0.0,0.0
2024-10-27 00:00:00+03:00,3.240000009536743,3.4000000953674316,3.259999990463257,3.390000104904175,1801110,0.0,0.0,0.0
2024-10-28 00:00:00+03:00,3.390000104904175,3.5399999618530273,3.4000000953674316,3.440000057220459,3235924,0.0,0.0,0.0
2024-10-29 00:00:00+03:00,3.440000057220459,3.609999895095825,3.4600000381469727,3.549999952316284,3042797,0.0,0.0,0.0
2024-10-30 00:00:00+03:00,3.549999952316284,3.5999999046325684,3.440000057220459,3.450000047683716,901561,0.0,0.0,0.0
2024-10-31 00:00:00+03:00,3.450000047683716,3.5799999237060547,3.319999933242798,3.509999990463257,2186689,0.0,0.0,0.0
2024-11-03 00:00:00+02:00,3.509999990463257,3.5899999141693115,3.490000009536743,3.5,727125,0.0,0.0,0.0
2024-11-04 00:00:00+02:00,3.5,3.549999952316284,3.390000104904175,3.440000057220459,1013349,0.0,0.0,0.0
2024-11-05 00:00:00+02:00,3.440000057220459,3.450000047683716,3.319999933242798,3.359999895095825,1241241,0.0,0.0,0.0
2024-11-06 00:00:00+02:00,3.359999895095825,3.390000104904175,3.2300000190734863,3.25,1581711,0.0,0.0,0.0
2024-11-07 00:00:00+02:00,3.25,3.390000104904175,3.2799999713897705,3.3299999237060547,408763,0.0,0.0,0.0
2024-11-10 00:00:00+02:00,3.3299999237060547,3.359999895095825,3.240000009536743,3.25,1139904,0.0,0.0,0.0
2024-11-11 00:00:00+02:00,3.25,3.2699999809265137,3.1700000762939453,3.200000047683716,1249191,0.0,0.0,0.0
2024-11-12 00:00:00+02:00,3.200000047683716,3.359999895095825,3.180000066757202,3.2100000381469727,1195158,0.0,0.0,0.0
2024-11-13 00:00:00+02:00,3.2100000381469727,3.25,3.180000066757202,3.200000047683716,812398,0.0,0.0,0.0
2024-11-14 00:00:00+02:00,3.200000047683716,3.2899999618530273,3.1700000762939453,3.190000057220459,796318,0.0,0.0,0.0
2024-11-17 00:00:00+02:00,3.190000057220459,3.3399999141693115,3.1500000953674316,3.3399999141693115,2728656,0.0,0.0,0.0
2024-11-18 00:00:00+02:00,3.3399999141693115,3.5,3.380000114440918,3.5,3717357,0.0,0.0,0.0
2024-11-19 00:00:00+02:00,3.5,3.5,3.3299999237060547,3.3299999237060547,1964228,0.0,0.0,0.0
2024-11-20 00:00:00+02:00,3.3299999237060547,3.4700000286102295,3.2699999809265137,3.450000047683716,1738468,0.0,0.0,0.0
2024-11-21 00:00:00+02:00,3.450000047683716,3.5299999713897705,3.3299999237060547,3.4100000858306885,954137,0.0,0.0,0.0
2024-11-24 00:00:00+02:00,3.4100000858306885,3.4800000190734863,3.359999895095825,3.390000104904175,1580588,0.0,0.0,0.0
2024-11-25 00:00:00+02:00,3.390000104904175,3.450000047683716,3.3499999046325684,3.369999885559082,857506,0.0,0.0,0.0
2024-11-26 00:00:00+02:00,3.369999885559082,3.4200000762939453,3.2899999618530273,3.3299999237060547,663664,0.0,0.0,0.0
2024-11-27 00:00:00+02:00,3.3299999237060547,3.380000114440918,3.240000009536743,3.25,727197,0.0,0.0,0.0
2024-11-28 00:00:00+02:00,3.25,3.3499999046325684,3.240000009536743,3.319999933242798,679794,0.0,0.0,0.0
2024-12-01 00:00:00+02:00,3.319999933242798,3.450000047683716,3.3399999141693115,3.4200000762939453,906073,0.0,0.0,0.0
2024-12-02 00:00:00+02:00,3.4200000762939453,3.5,3.25,3.309999942779541,1543432,0.0,0.0,0.0
2024-12-03 00:00:00+02:00,3.309999942779541,3.4600000381469727,3.1500000953674316,3.359999895095825,1704205,0.0,0.0,0.0
2024-12-04 00:00:00+02:00,3.359999895095825,3.4200000762939453,3.2899999618530273,3.299999952316284,707997,0.0,0.0,0.0
2024-12-05 00:00:00+02:00,3.299999952316284,3.4100000858306885,3.2899999618530273,3.4000000953674316,1397917,0.0,0.0,0.0
2024-12-08 00:00:00+02:00,3.4000000953674316,3.450000047683716,3.3499999046325684,3.359999895095825,782869,0.0,0.0,0.0
2024-12-09 00:00:00+02:00,3.359999895095825,3.4000000953674316,3.299999952316284,3.309999942779541,671017,0.0,0.0,0.0
2024-12-10 00:00:00+02:00,3.309999942779541,3.3399999141693115,3.2300000190734863,3.299999952316284,637197,0.0,0.0,0.0
2024-12-11 00:00:00+02:00,3.299999952316284,3.380000114440918,3.259999990463257,3.2899999618530273,544308,0.0,0.0,0.0
2024-12-12 00:00:00+02:00,3.2899999618530273,3.3399999141693115,3.25,3.259999990463257,836809,0.0,0.0,0.0
2024-12-15 00:00:00+02:00,3.259999990463257,3.319999933242798,3.200000047683716,3.2200000286102295,915146,0.0,0.0,0.0
2024-12-16 00:00:00+02:00,3.2200000286102295,3.319999933242798,3.1700000762939453,3.200000047683716,984999,0.0,0.0,0.0
2024-12-17 00:00:00+02:00,3.200000047683716,3.259999990463257,3.1600000858306885,3.1600000858306885,935921,0.0,0.0,0.0
2024-12-18 00:00:00+02:00,3.1600000858306885,3.2300000190734863,3.0799999237060547,3.0999999046325684,1002228,0.0,0.0,0.0
2024-12-19 00:00:00+02:00,3.0999999046325684,3.0999999046325684,3.0999999046325684,3.0999999046325684,0,0.0,0.0,0.0
2024-12-22 00:00:00+02:00,3.0999999046325684,3.0999999046325684,3.0999999046325684,3.0999999046325684,0,0.0,0.0,0.0
2024-12-23 00:00:00+02:00,3.0999999046325684,3.25,3.200000047683716,3.25,874387,0.0,0.0,0.0
2024-12-24 00:00:00+02:00,3.25,3.4100000858306885,3.4100000858306885,3.4100000858306885,434516,0.0,0.0,0.0
2024-12-25 00:00:00+02:00,3.4100000858306885,3.5799999237060547,3.5799999237060547,3.5799999237060547,614321,0.0,0.0,0.0
2024-12-26 00:00:00+02:00,3.5799999237060547,3.75,3.5999999046325684,3.75,6767639,0.0,0.0,0.0
2024-12-29 00:00:00+02:00,3.75,3.930000066757202,3.7699999809265137,3.930000066757202,3978508,0.0,0.0,0.0
2024-12-30 00:00:00+02:00,3.930000066757202,3.990000009536743,3.740000009536743,3.740000009536743,2498794,0.0,0.0,0.0
2024-12-31 00:00:00+02:00,3.740000009536743,3.7200000286102295,3.559999942779541,3.640000104904175,3114624,0.0,0.0,0.0
2025-01-02 00:00:00+02:00,3.640000104904175,3.819999933242798,3.4600000381469727,3.809999942779541,3239016,0.0,0.0,0.0
2025-01-05 00:00:00+02:00,3.809999942779541,3.990000009536743,3.700000047683716,3.7100000381469727,2325427,0.0,0.0,0.0
2025-01-06 00:00:00+02:00,3.7100000381469727,3.700000047683716,3.549999952316284,3.5999999046325684,1795922,0.0,0.0,0.0
2025-01-08 00:00:00+02:00,3.5999999046325684,3.619999885559082,3.5,3.5399999618530273,940051,0.0,0.0,0.0
2025-01-09 00:00:00+02:00,3.5399999618530273,3.609999895095825,3.4200000762939453,3.4700000286102295,1758288,0.0,0.0,0.0
2025-01-12 00:00:00+02:00,3.4700000286102295,3.4600000381469727,3.3399999141693115,3.369999885559082,1206570,0.0,0.0,0.0
2025-01-13 00:00:00+02:00,3.369999885559082,3.390000104904175,3.2100000381469727,3.240000009536743,1864402,0.0,0.0,0.0
2025-01-14 00:00:00+02:00,3.240000009536743,3.380000114440918,3.140000104904175,3.25,1597627,0.0,0.0,0.0
2025-01-15 00:00:00+02:00,3.25,3.319999933242798,3.200000047683716,3.259999990463257,1413101,0.0,0.0,0.0
2025-01-16 00:00:00+02:00,3.259999990463257,3.4200000762939453,3.25,3.4200000762939453,1722609,0.0,0.0,0.0
2025-01-19 00:00:00+02:00,3.259999990463257,3.450000047683716,3.25,3.4100000858306885,2623941,0.0,0.0,0.0
2025-01-20 00:00:00+02:00,3.390000104904175,3.549999952316284,3.369999885559082,3.4000000953674316,3128173,0.0,0.0,0.0
2025-01-21 00:00:00+02:00,3.4000000953674316,3.440000057220459,3.3399999141693115,3.359999895095825,1237457,0.0,0.0,0.0
2025-01-22 00:00:00+02:00,3.359999895095825,3.390000104904175,3.259999990463257,3.359999895095825,1640236,0.0,0.0,0.0
2025-01-23 00:00:00+02:00,3.359999895095825,3.4100000858306885,3.2799999713897705,3.299999952316284,1531837,0.0,0.0,0.0
2025-01-26 00:00:00+02:00,3.299999952316284,3.4000000953674316,3.299999952316284,3.299999952316284,846615,0.0,0.0,0.0
2025-01-27 00:00:00+02:00,3.299999952316284,3.369999885559082,3.2300000190734863,3.240000009536743,974054,0.0,0.0,0.0
2025-01-28 00:00:00+02:00,3.240000009536743,3.299999952316284,3.2200000286102295,3.25,986624,0.0,0.0,0.0
2025-01-29 00:00:00+02:00,3.25,3.3399999141693115,3.2300000190734863,3.240000009536743,879190,0.0,0.0,0.0
2025-01-30 00:00:00+02:00,3.240000009536743,3.309999942779541,3.2300000190734863,3.25,478578,0.0,0.0,0.0
2025-02-02 00:00:00+02:00,3.25,3.309999942779541,3.2200000286102295,3.2300000190734863,523060,0.0,0.0,0.0
2025-02-03 00:00:00+02:00,3.2300000190734863,3.259999990463257,3.0799999237060547,3.0999999046325684,2118234,0.0,0.0,0.0
2025-02-04 00:00:00+02:00,3.0999999046325684,3.1600000858306885,3.0899999141693115,3.140000104904175,1090913,0.0,0.0,0.0
2025-02-05 00:00:00+02:00,3.140000104904175,3.180000066757202,3.0899999141693115,3.130000114440918,545698,0.0,0.0,0.0
2025-02-06 00:00:00+02:00,3.130000114440918,3.1600000858306885,3.0799999237060547,3.0999999046325684,739919,0.0,0.0,0.0
2025-02-09 00:00:00+02:00,3.0999999046325684,3.25,3.0799999237060547,3.25,1484381,0.0,0.0,0.0
2025-02-10 00:00:00+02:00,3.25,3.299999952316284,3.119999885559082,3.1700000762939453,741075,0.0,0.0,0.0
2025-02-11 00:00:00+02:00,3.1700000762939453,3.180000066757202,3.069999933242798,3.0799999237060547,850180,0.0,0.0,0.0
2025-02-12 00:00:00+02:00,3.0799999237060547,3.119999885559082,3.0,3.009999990463257,1023629,0.0,0.0,0.0
2025-02-13 00:00:00+02:00,3.009999990463257,3.0899999141693115,3.0,3.0399999618530273,784592,0.0,0.0,0.0
2025-02-16 00:00:00+02:00,3.0399999618530273,3.109999895095825,3.0,3.059999942779541,1066081,0.0,0.0,0.0
2025-02-17 00:00:00+02:00,3.059999942779541,3.2100000381469727,3.0199999809265137,3.200000047683716,1634884,0.0,0.0,0.0
2025-02-18 00:00:00+02:00,3.200000047683716,3.190000057220459,3.0799999237060547,3.0899999141693115,1066607,0.0,0.0,0.0
2025-02-19 00:00:00+02:00,3.0899999141693115,3.1700000762939453,3.0399999618530273,3.0999999046325684,1572290,0.0,0.0,0.0
2025-02-20 00:00:00+02:00,3.0999999046325684,3.180000066757202,3.0899999141693115,3.1500000953674316,815277,0.0,0.0,0.0
2025-02-23 00:00:00+02:00,3.1500000953674316,3.190000057220459,3.0999999046325684,3.109999895095825,710410,0.0,0.0,0.0
2025-02-24 00:00:00+02:00,3.109999895095825,3.1500000953674316,3.0999999046325684,3.119999885559082,891848,0.0,0.0,0.0
2025-02-25 00:00:00+02:00,3.119999885559082,3.1600000858306885,3.0399999618530273,3.140000104904175,1468316,0.0,0.0,0.0
2025-02-26 00:00:00+02:00,3.140000104904175,3.119999885559082,3.0299999713897705,3.049999952316284,505761,0.0,0.0,0.0
2025-02-27 00:00:00+02:00,3.049999952316284,3.119999885559082,3.049999952316284,3.0899999141693115,248506,0.0,0.0,0.0
2025-03-02 00:00:00+02:00,3.0899999141693115,3.109999895095825,3.0399999618530273,3.049999952316284,384014,0.0,0.0,0.0
2025-03-03 00:00:00+02:00,3.049999952316284,3.109999895095825,3.009999990463257,3.049999952316284,1007801,0.0,0.0,0.0
2025-03-04 00:00:00+02:00,3.049999952316284,3.069999933242798,3.0299999713897705,3.0399999618530273,284283,0.0,0.0,0.0
2025-03-05 00:00:00+02:00,3.0399999618530273,3.049999952316284,3.0,3.0,1009664,0.0,0.0,0.0
2025-03-06 00:00:00+02:00,3.0,3.059999942779541,3.0,3.0299999713897705,505868,0.0,0.0,0.0
2025-03-09 00:00:00+02:00,3.0299999713897705,3.109999895095825,3.0299999713897705,3.049999952316284,478418,0.0,0.0,0.0
2025-03-10 00:00:00+02:00,3.049999952316284,3.069999933242798,3.009999990463257,3.0199999809265137,361677,0.0,0.0,0.0
2025-03-11 00:00:00+02:00,3.0199999809265137,3.0299999713897705,2.950000047683716,2.950000047683716,583773,0.0,0.0,0.0
2025-03-12 00:00:00+02:00,2.950000047683716,3.0299999713897705,2.9700000286102295,2.990000009536743,424091,0.0,0.0,0.0
2025-03-13 00:00:00+02:00,2.990000009536743,3.130000114440918,2.9800000190734863,3.130000114440918,1604293,0.0,0.0,0.0
2025-03-16 00:00:00+02:00,3.130000114440918,3.2799999713897705,3.1700000762939453,3.2799999713897705,1773113,0.0,0.0,0.0
2025-03-17 00:00:00+02:00,3.2799999713897705,3.299999952316284,3.140000104904175,3.190000057220459,699420,0.0,0.0,0.0
2025-03-18 00:00:00+02:00,3.190000057220459,3.180000066757202,3.0899999141693115,3.119999885559082,690851,0.0,0.0,0.0
2025-03-19 00:00:00+02:00,3.119999885559082,3.1700000762939453,3.059999942779541,3.130000114440918,716466,0.0,0.0,0.0
2025-03-20 00:00:00+02:00,3.130000114440918,3.1500000953674316,3.0799999237060547,3.130000114440918,528106,0.0,0.0,0.0
2025-03-23 00:00:00+02:00,3.130000114440918,3.1500000953674316,3.0899999141693115,3.0999999046325684,652478,0.0,0.0,0.0
2025-03-24 00:00:00+02:00,3.0999999046325684,3.1500000953674316,2.9600000381469727,3.0,1016034,0.0,0.0,0.0
2025-03-25 00:00:00+02:00,3.0,3.109999895095825,3.0,3.0899999141693115,574892,0.0,0.0,0.0
2025-03-26 00:00:00+02:00,3.0899999141693115,3.0899999141693115,3.0399999618530273,3.069999933242798,364591,0.0,0.0,0.0
2025-03-27 00:00:00+02:00,3.069999933242798,3.1500000953674316,3.0,3.0799999237060547,894584,0.0,0.0,0.0
2025-04-03 00:00:00+02:00,3.0799999237060547,3.069999933242798,3.0,3.009999990463257,1151027,0.0,0.0,0.0
2025-04-06 00:00:00+02:00,3.009999990463257,2.9600000381469727,2.859999895095825,2.9000000953674316,1060981,0.0,0.0,0.0
2025-04-07 00:00:00+02:00,2.9000000953674316,2.950000047683716,2.8399999141693115,2.930000066757202,1140181,0.0,0.0,0.0
2025-04-08 00:00:00+02:00,2.930000066757202,3.069999933242798,2.7899999618530273,3.069999933242798,2480412,0.0,0.0,0.0
2025-04-09 00:00:00+02:00,3.069999933242798,3.069999933242798,2.930000066757202,2.940000057220459,606060,0.0,0.0,0.0
2025-04-10 00:00:00+02:00,2.940000057220459,3.059999942779541,2.930000066757202,2.950000047683716,1319631,0.0,0.0,0.0
2025-04-13 00:00:00+02:00,2.950000047683716,3.049999952316284,2.9600000381469727,3.0299999713897705,469503,0.0,0.0,0.0
2025-04-14 00:00:00+02:00,3.0299999713897705,3.0399999618530273,3.0,3.0,533189,0.0,0.0,0.0
2025-04-15 00:00:00+02:00,3.0,3.069999933242798,2.9800000190734863,3.059999942779541,840325,0.0,0.0,0.0
2025-04-16 00:00:00+02:00,3.059999942779541,3.2100000381469727,2.9800000190734863,3.2100000381469727,3919808,0.0,0.0,0.0
2025-04-17 00:00:00+02:00,3.2100000381469727,3.369999885559082,3.200000047683716,3.3399999141693115,3449152,0.0,0.0,0.0
2025-04-22 00:00:00+02:00,3.3399999141693115,3.359999895095825,3.2200000286102295,3.2300000190734863,1305821,0.0,0.0,0.0
2025-04-23 00:00:00+02:00,3.2300000190734863,3.3299999237060547,3.180000066757202,3.25,1023735,0.0,0.0,0.0
2025-04-27 00:00:00+03:00,3.25,3.2899999618530273,3.180000066757202,3.2699999809265137,1309810,0.0,0.0,0.0
2025-04-28 00:00:00+03:00,3.2699999809265137,3.259999990463257,3.1700000762939453,3.2100000381469727,846600,0.0,0.0,0.0
2025-04-29 00:00:00+03:00,3.2100000381469727,3.2899999618530273,3.1700000762939453,3.180000066757202,977206,0.0,0.0,0.0
2025-04-30 00:00:00+03:00,3.180000066757202,3.2100000381469727,3.140000104904175,3.1600000858306885,883433,0.0,0.0,0.0
2025-05-04 00:00:00+03:00,3.1600000858306885,3.309999942779541,3.309999942779541,3.309999942779541,1158866,0.0,0.0,0.0
2025-05-05 00:00:00+03:00,3.309999942779541,3.4700000286102295,3.4700000286102295,3.4700000286102295,651855,0.0,0.0,0.0
2025-05-06 00:00:00+03:00,3.4700000286102295,3.640000104904175,3.640000104904175,3.640000104904175,389946,0.0,0.0,0.0
2025-05-07 00:00:00+03:00,3.640000104904175,3.819999933242798,3.819999933242798,3.819999933242798,698301,0.0,0.0,0.0
2025-05-08 00:00:00+03:00,3.819999933242798,4.010000228881836,3.7200000286102295,4.010000228881836,11369536,0.0,0.0,0.0
2025-05-11 00:00:00+03:00,4.010000228881836,4.210000038146973,4.210000038146973,4.210000038146973,259333,0.0,0.0,0.0
2025-05-12 00:00:00+03:00,4.210000038146973,4.420000076293945,4.21999979019165,4.420000076293945,6840594,0.0,0.0,0.0
2025-05-13 00:00:00+03:00,4.420000076293945,4.639999866485596,4.199999809265137,4.199999809265137,5135809,0.0,0.0,0.0
2025-05-14 00:00:00+03:00,4.199999809265137,4.409999847412109,3.990000009536743,4.409999847412109,8176058,0.0,0.0,0.0
2025-05-15 00:00:00+03:00,4.409999847412109,4.489999771118164,4.230000019073486,4.269999980926514,1873220,0.0,0.0,0.0
2025-05-18 00:00:00+03:00,4.269999980926514,4.400000095367432,4.059999942779541,4.059999942779541,4915575,0.0,0.0,0.0
2025-05-19 00:00:00+03:00,4.059999942779541,4.070000171661377,3.859999895095825,3.9200000762939453,2340744,0.0,0.0,0.0
2025-05-20 00:00:00+03:00,3.9200000762939453,3.990000009536743,3.799999952316284,3.819999933242798,1422813,0.0,0.0,0.0
2025-05-21 00:00:00+03:00,3.819999933242798,3.990000009536743,3.6600000858306885,3.869999885559082,2595500,0.0,0.0,0.0
2025-05-22 00:00:00+03:00,3.869999885559082,3.9000000953674316,3.7100000381469727,3.869999885559082,1635217,0.0,0.0,0.0
2025-05-25 00:00:00+03:00,3.869999885559082,3.9200000762939453,3.809999942779541,3.8399999141693115,849024,0.0,0.0,0.0
2025-05-26 00:00:00+03:00,3.8399999141693115,3.869999885559082,3.680000066757202,3.7200000286102295,1227253,0.0,0.0,0.0
2025-05-27 00:00:00+03:00,3.7200000286102295,3.759999990463257,3.630000114440918,3.640000104904175,1672318,0.0,0.0,0.0
2025-05-28 00:00:00+03:00,3.640000104904175,3.7300000190734863,3.609999895095825,3.6700000762939453,1065326,0.0,0.0,0.0
2025-05-29 00:00:00+03:00,3.6700000762939453,3.680000066757202,3.609999895095825,3.630000114440918,636845,0.0,0.0,0.0
2025-06-01 00:00:00+03:00,3.630000114440918,3.809999942779541,3.6500000953674316,3.809999942779541,923905,0.0,0.0,0.0
2025-06-02 00:00:00+03:00,3.809999942779541,4.0,3.799999952316284,4.0,3292267,0.0,0.0,0.0
2025-06-03 00:00:00+03:00,4.0,4.139999866485596,3.880000114440918,3.9000000953674316,1778765,0.0,0.0,0.0
2025-06-04 00:00:00+03:00,3.9000000953674316,4.0,3.8399999141693115,3.9800000190734863,1148846,0.0,0.0,0.0
2025-06-10 00:00:00+03:00,3.9800000190734863,4.039999961853027,3.9100000858306885,3.930000066757202,1225690,0.0,0.0,0.0
2025-06-11 00:00:00+03:00,3.930000066757202,3.950000047683716,3.819999933242798,3.859999895095825,1986344,0.0,0.0,0.0
2025-06-12 00:00:00+03:00,3.859999895095825,3.859999895095825,3.7300000190734863,3.759999990463257,1194688,0.0,0.0,0.0
2025-06-15 00:00:00+03:00,3.759999990463257,3.619999885559082,3.5799999237060547,3.5799999237060547,1138480,0.0,0.0,0.0
2025-06-16 00:00:00+03:00,3.5799999237060547,3.640000104904175,3.430000066757202,3.450000047683716,1309993,0.0,0.0,0.0
2025-06-17 00:00:00+03:00,3.450000047683716,3.569999933242798,3.2899999618530273,3.2899999618530273,1644154,0.0,0.0,0.0
2025-06-18 00:00:00+03:00,3.2899999618530273,3.380000114440918,3.200000047683716,3.299999952316284,1116709,0.0,0.0,0.0
2025-06-19 00:00:00+03:00,3.299999952316284,3.3499999046325684,3.180000066757202,3.2100000381469727,932672,0.0,0.0,0.0
2025-06-22 00:00:00+03:00,3.2100000381469727,3.359999895095825,3.059999942779541,3.25,1623802,0.0,0.0,0.0
2025-06-23 00:00:00+03:00,3.25,3.4100000858306885,3.2300000190734863,3.4100000858306885,1309261,0.0,0.0,0.0
2025-06-24 00:00:00+03:00,3.4100000858306885,3.5799999237060547,3.4600000381469727,3.5799999237060547,1585668,0.0,0.0,0.0
2025-06-25 00:00:00+03:00,3.5799999237060547,3.75,3.619999885559082,3.75,1877938,0.0,0.0,0.0
2025-06-29 00:00:00+03:00,3.75,3.8299999237060547,3.640000104904175,3.6700000762939453,1283365,0.0,0.0,0.0
2025-06-30 00:00:00+03:00,3.6700000762939453,3.7300000190734863,3.609999895095825,3.6500000953674316,893884,0.0,0.0,0.0
2025-07-01 00:00:00+03:00,3.6500000953674316,3.700000047683716,3.569999933242798,3.5799999237060547,600391,0.0,0.0,0.0
2025-07-02 00:00:00+03:00,3.5799999237060547,3.690000057220459,3.549999952316284,3.640000104904175,712640,0.0,0.0,0.0
2025-07-06 00:00:00+03:00,3.640000104904175,3.690000057220459,3.569999933242798,3.609999895095825,1559617,0.0,0.0,0.0
2025-07-07 00:00:00+03:00,3.609999895095825,3.640000104904175,3.549999952316284,3.559999942779541,697502,0.0,0.0,0.0
2025-07-09 00:00:00+03:00,3.559999942779541,3.619999885559082,3.4000000953674316,3.4600000381469727,1172325,0.0,0.0,0.0
2025-07-10 00:00:00+03:00,3.4600000381469727,3.569999933242798,3.5,3.549999952316284,267537,0.0,0.0,0.0
2025-07-13 00:00:00+03:00,3.549999952316284,3.619999885559082,3.509999990463257,3.5199999809265137,463489,0.0,0.0,0.0
2025-07-14 00:00:00+03:00,3.5199999809265137,3.5899999141693115,3.490000009536743,3.5199999809265137,525259,0.0,0.0,0.0
2025-07-15 00:00:00+03:00,3.5199999809265137,3.549999952316284,3.430000066757202,3.440000057220459,772383,0.0,0.0,0.0
2025-07-16 00:00:00+03:00,3.440000057220459,3.5,3.4000000953674316,3.4000000953674316,815753,0.0,0.0,0.0
2025-07-17 00:00:00+03:00,3.4000000953674316,3.549999952316284,3.2300000190734863,3.4700000286102295,997775,0.0,0.0,0.0
2025-07-20 00:00:00+03:00,3.4700000286102295,3.5799999237060547,3.4700000286102295,3.5,425117,0.0,0.0,0.0
2025-07-21 00:00:00+03:00,3.5,3.5299999713897705,3.440000057220459,3.450000047683716,490806,0.0,0.0,0.0
2025-07-22 00:00:00+03:00,3.450000047683716,3.4800000190734863,3.299999952316284,3.4200000762939453,602606,0.0,0.0,0.0
2025-07-23 00:00:00+03:00,3.4200000762939453,3.4200000762939453,3.4200000762939453,3.4200000762939453,0,0.0,0.0,0.0
2025-07-27 00:00:00+03:00,3.5399999618530273,3.5399999618530273,3.390000104904175,3.430000066757202,954131,0.0,0.0,0.0
2025-07-28 00:00:00+03:00,3.430000066757202,3.5199999809265137,3.4000000953674316,3.509999990463257,701431,0.0,0.0,0.0
2025-07-29 00:00:00+03:00,3.509999990463257,3.5199999809265137,3.4000000953674316,3.4000000953674316,686493,0.0,0.0,0.0
2025-07-30 00:00:00+03:00,3.4000000953674316,3.549999952316284,3.3399999141693115,3.390000104904175,1358473,0.0,0.0,0.0
2025-07-31 00:00:00+03:00,3.390000104904175,3.440000057220459,3.3499999046325684,3.4200000762939453,362498,0.0,0.0,0.0
2025-08-03 00:00:00+03:00,3.4200000762939453,3.4200000762939453,3.4200000762939453,3.4200000762939453,0,0.0,0.0,0.0
2025-08-04 00:00:00+03:00,3.4200000762939453,3.4200000762939453,3.4200000762939453,3.4200000762939453,0,0.0,0.0,0.0
2025-08-05 00:00:00+03:00,3.4200000762939453,3.4200000762939453,3.4200000762939453,3.4200000762939453,0,0.0,0.0,0.0
2025-08-06 00:00:00+03:00,3.4200000762939453,3.4200000762939453,3.4200000762939453,3.4200000762939453,0,0.0,0.0,0.0
2025-08-07 00:00:00+03:00,3.4200000762939453,3.4200000762939453,3.4200000762939453,3.4200000762939453,0,0.0,0.0,0.0
2025-08-10 00:00:00+03:00,3.3499999046325684,3.4200000762939453,3.359999895095825,3.380000114440918,505115,0.0,0.0,0.0
2025-08-11 00:00:00+03:00,3.380000114440918,3.5399999618530273,3.3499999046325684,3.5399999618530273,1758620,0.0,0.0,0.0
2025-08-12 00:00:00+03:00,3.5399999618530273,3.6700000762939453,3.569999933242798,3.609999895095825,1176504,0.0,0.0,0.0
2025-08-13 00:00:00+03:00,3.609999895095825,3.7899999618530273,3.549999952316284,3.7899999618530273,3381777,0.0,0.0,0.0
2025-08-14 00:00:00+03:00,3.7899999618530273,3.950000047683716,3.7799999713897705,3.9200000762939453,1816017,0.0,0.0,0.0
2025-08-17 00:00:00+03:00,3.9200000762939453,3.9000000953674316,3.7300000190734863,3.890000104904175,2755480,0.0,0.0,0.0
2025-08-18 00:00:00+03:00,3.890000104904175,4.079999923706055,3.7799999713897705,4.079999923706055,3584190,0.0,0.0,0.0
2025-08-19 00:00:00+03:00,4.079999923706055,4.230000019073486,3.990000009536743,4.070000171661377,2943147,0.0,0.0,0.0
2025-08-20 00:00:00+03:00,4.070000171661377,4.070000171661377,3.869999885559082,4.070000171661377,3035268,0.0,0.0,0.0
2025-08-21 00:00:00+03:00,4.070000171661377,4.159999847412109,3.9100000858306885,3.9100000858306885,3024925,0.0,0.0,0.0
2025-08-24 00:00:00+03:00,3.9100000858306885,3.940000057220459,3.75,3.7799999713897705,1764909,0.0,0.0,0.0
2025-08-25 00:00:00+03:00,3.7799999713897705,3.8399999141693115,3.619999885559082,3.640000104904175,2636273,0.0,0.0,0.0
2025-08-26 00:00:00+03:00,3.640000104904175,3.7100000381469727,3.509999990463257,3.5799999237060547,2609127,0.0,0.0,0.0
2025-08-27 00:00:00+03:00,3.5799999237060547,3.75,3.5299999713897705,3.75,1751817,0.0,0.0,0.0
2025-08-28 00:00:00+03:00,3.75,3.930000066757202,3.759999990463257,3.9000000953674316,3644612,0.0,0.0,0.0
2025-08-31 00:00:00+03:00,3.9000000953674316,3.9200000762939453,3.75,3.759999990463257,927619,0.0,0.0,0.0
2025-09-01 00:00:00+03:00,3.759999990463257,3.940000057220459,3.6500000953674316,3.940000057220459,3818858,0.0,0.0,0.0
2025-09-02 00:00:00+03:00,3.940000057220459,4.099999904632568,3.859999895095825,4.079999923706055,1798286,0.0,0.0,0.0
2025-09-03 00:00:00+03:00,4.079999923706055,4.070000171661377,3.880000114440918,3.9200000762939453,1105847,0.0,0.0,0.0
2025-09-07 00:00:00+03:00,3.9200000762939453,4.110000133514404,3.890000104904175,4.110000133514404,4280519,0.0,0.0,0.0
2025-09-08 00:00:00+03:00,4.110000133514404,4.170000076293945,3.9800000190734863,4.039999961853027,1209158,0.0,0.0,0.0
2025-09-09 00:00:00+03:00,4.039999961853027,4.179999828338623,3.940000057220459,4.0,2711642,0.0,0.0,0.0
2025-09-10 00:00:00+03:00,4.0,4.019999980926514,3.859999895095825,3.869999885559082,1917151,0.0,0.0,0.0
2025-09-11 00:00:00+03:00,3.869999885559082,3.950000047683716,3.7699999809265137,3.799999952316284,2036791,0.0,0.0,0.0
2025-09-14 00:00:00+03:00,3.799999952316284,3.890000104904175,3.7200000286102295,3.759999990463257,1681310,0.0,0.0,0.0
2025-09-15 00:00:00+03:00,3.759999990463257,3.7899999618530273,3.6500000953674316,3.690000057220459,2764821,0.0,0.0,0.0
2025-09-16 00:00:00+03:00,3.690000057220459,3.75,3.569999933242798,3.569999933242798,2765307,0.0,0.0,0.0
2025-09-17 00:00:00+03:00,3.569999933242798,3.6700000762939453,3.5,3.619999885559082,1843782,0.0,0.0,0.0
2025-09-18 00:00:00+03:00,3.619999885559082,3.690000057220459,3.5999999046325684,3.609999895095825,1222596,0.0,0.0,0.0
2025-09-21 00:00:00+03:00,3.609999895095825,3.680000066757202,3.5899999141693115,3.5999999046325684,425084,0.0,0.0,0.0
2025-09-22 00:00:00+03:00,3.5999999046325684,3.740000009536743,3.5,3.690000057220459,1846671,0.0,0.0,0.0
2025-09-23 00:00:00+03:00,3.690000057220459,3.690000057220459,3.509999990463257,3.509999990463257,1319957,0.0,0.0,0.0
2025-09-24 00:00:00+03:00,3.509999990463257,3.559999942779541,3.4100000858306885,3.509999990463257,703898,0.0,0.0,0.0
2025-09-25 00:00:00+03:00,3.509999990463257,3.5999999046325684,3.5,3.5399999618530273,400823,0.0,0.0,0.0
2025-09-28 00:00:00+03:00,3.5399999618530273,3.5999999046325684,3.4800000190734863,3.509999990463257,1303784,0.0,0.0,0.0
2025-09-29 00:00:00+03:00,3.509999990463257,3.559999942779541,3.4800000190734863,3.490000009536743,779158,0.0,0.0,0.0
2025-09-30 00:00:00+03:00,3.490000009536743,3.549999952316284,3.4800000190734863,3.5199999809265137,878871,0.0,0.0,0.0
2025-10-01 00:00:00+03:00,3.5199999809265137,3.5199999809265137,3.4700000286102295,3.490000009536743,551650,0.0,0.0,0.0
2025-10-02 00:00:00+03:00,3.490000009536743,3.5199999809265137,3.450000047683716,3.450000047683716,624342,0.0,0.0,0.0
2025-10-05 00:00:00+03:00,3.450000047683716,3.609999895095825,3.4200000762939453,3.5899999141693115,1847750,0.0,0.0,0.0
2025-10-06 00:00:00+03:00,3.5899999141693115,3.5999999046325684,3.5199999809265137,3.5899999141693115,563375,0.0,0.0,0.0
2025-10-07 00:00:00+03:00,3.5899999141693115,3.740000009536743,3.5399999618530273,3.680000066757202,2062553,0.0,0.0,0.0
2025-10-08 00:00:00+03:00,3.680000066757202,3.7300000190734863,3.619999885559082,3.640000104904175,698200,0.0,0.0,0.0
2025-10-12 00:00:00+03:00,3.640000104904175,3.700000047683716,3.5799999237060547,3.5899999141693115,1172886,0.0,0.0,0.0
2025-10-13 00:00:00+03:00,3.5899999141693115,3.7300000190734863,3.5799999237060547,3.680000066757202,1044809,0.0,0.0,0.0
2025-10-14 00:00:00+03:00,3.680000066757202,3.7200000286102295,3.640000104904175,3.690000057220459,936189,0.0,0.0,0.0
2025-10-15 00:00:00+03:00,3.690000057220459,3.690000057220459,3.5899999141693115,3.5999999046325684,690018,0.0,0.0,0.0
2025-10-16 00:00:00+03:00,3.5999999046325684,3.6500000953674316,3.5799999237060547,3.5999999046325684,1448988,0.0,0.0,0.0
2025-10-19 00:00:00+03:00,3.5999999046325684,3.630000114440918,3.5799999237060547,3.5999999046325684,475559,0.0,0.0,0.0
2025-10-20 00:00:00+03:00,3.5999999046325684,3.630000114440918,3.559999942779541,3.609999895095825,608686,0.0,0.0,0.0
2025-10-21 00:00:00+03:00,3.609999895095825,3.7899999618530273,3.5999999046325684,3.7200000286102295,2324184,0.0,0.0,0.0
2025-10-22 00:00:00+03:00,3.7200000286102295,3.7799999713897705,3.700000047683716,3.75,500007,0.0,0.0,0.0
2025-10-23 00:00:00+03:00,3.75,3.859999895095825,3.700000047683716,3.819999933242798,2581130,0.0,0.0,0.0
2025-10-26 00:00:00+03:00,3.819999933242798,3.9000000953674316,3.799999952316284,3.819999933242798,1747296,0.0,0.0,0.0
2025-10-27 00:00:00+03:00,3.819999933242798,3.890000104904175,3.759999990463257,3.859999895095825,1111707,0.0,0.0,0.0
2025-10-28 00:00:00+03:00,3.859999895095825,3.9000000953674316,3.7799999713897705,3.859999895095825,951121,0.0,0.0,0.0
2025-10-29 00:00:00+03:00,3.859999895095825,3.9000000953674316,3.7799999713897705,3.799999952316284,539716,0.0,0.0,0.0
2025-10-30 00:00:00+03:00,3.799999952316284,3.8299999237060547,3.759999990463257,3.799999952316284,575559,0.0,0.0,0.0
2025-11-02 00:00:00+02:00,3.799999952316284,3.859999895095825,3.7300000190734863,3.759999990463257,624577,0.0,0.0,0.0
2025-11-03 00:00:00+02:00,3.759999990463257,3.8299999237060547,3.75,3.809999942779541,976521,0.0,0.0,0.0
2025-11-04 00:00:00+02:00,3.809999942779541,3.859999895095825,3.75,3.7799999713897705,1070331,0.0,0.0,0.0
2025-11-05 00:00:00+02:00,3.7799999713897705,3.880000114440918,3.75,3.869999885559082,1776727,0.0,0.0,0.0
2025-11-06 00:00:00+02:00,3.869999885559082,3.880000114440918,3.7699999809265137,3.809999942779541,1009357,0.0,0.0,0.0
2025-11-09 00:00:00+02:00,3.809999942779541,3.8499999046325684,3.7100000381469727,3.7899999618530273,1206545,0.0,0.0,0.0
2025-11-10 00:00:00+02:00,3.7899999618530273,3.8499999046325684,3.7300000190734863,3.75,831664,0.0,0.0,0.0
2025-11-11 00:00:00+02:00,3.75,3.799999952316284,3.7300000190734863,3.740000009536743,1161968,0.0,0.0,0.0
2025-11-12 00:00:00+02:00,3.740000009536743,3.7699999809265137,3.700000047683716,3.7300000190734863,546766,0.0,0.0,0.0
2025-11-13 00:00:00+02:00,3.7300000190734863,3.75,3.690000057220459,3.700000047683716,645335,0.0,0.0,0.0
2025-11-16 00:00:00+02:00,3.700000047683716,3.7200000286102295,3.6700000762939453,3.680000066757202,485153,0.0,0.0,0.0
2025-11-17 00:00:00+02:00,3.680000066757202,3.7300000190734863,3.630000114440918,3.7100000381469727,847891,0.0,0.0,0.0
2025-11-18 00:00:00+02:00,3.7100000381469727,3.7899999618530273,3.7100000381469727,3.740000009536743,491993,0.0,0.0,0.0
2025-11-19 00:00:00+02:00,3.740000009536743,3.7300000190734863,3.6600000858306885,3.680000066757202,368130,0.0,0.0,0.0
2025-11-20 00:00:00+02:00,3.680000066757202,3.7200000286102295,3.6600000858306885,3.680000066757202,929572,0.0,0.0,0.0
2025-11-23 00:00:00+02:00,3.680000066757202,3.859999895095825,3.7100000381469727,3.859999895095825,2506056,0.0,0.0,0.0
2025-11-24 00:00:00+02:00,3.859999895095825,4.0,3.809999942779541,4.0,2705188,0.0,0.0,0.0
2025-11-25 00:00:00+02:00,4.0,4.070000171661377,3.890000104904175,3.9600000381469727,2044716,0.0,0.0,0.0
2025-11-26 00:00:00+02:00,3.9600000381469727,4.019999980926514,3.9100000858306885,3.950000047683716,401799,0.0,0.0,0.0
2025-11-27 00:00:00+02:00,3.950000047683716,3.9800000190734863,3.799999952316284,3.859999895095825,1127671,0.0,0.0,0.0
2025-11-30 00:00:00+02:00,3.859999895095825,3.880000114440918,3.7899999618530273,3.799999952316284,608440,0.0,0.0,0.0
2025-12-01 00:00:00+02:00,3.799999952316284,3.8399999141693115,3.7699999809265137,3.7799999713897705,746572,0.0,0.0,0.0
2025-12-02 00:00:00+02:00,3.7799999713897705,3.869999885559082,3.7899999618530273,3.799999952316284,678491,0.0,0.0,0.0
2025-12-03 00:00:00+02:00,3.799999952316284,3.9800000190734863,3.809999942779541,3.9600000381469727,1798951,0.0,0.0,0.0
2025-12-04 00:00:00+02:00,3.9600000381469727,4.0,3.859999895095825,3.880000114440918,1639519,0.0,0.0,0.0
2025-12-07 00:00:00+02:00,3.880000114440918,3.9200000762939453,3.819999933242798,3.8399999141693115,842406,0.0,0.0,0.0
2025-12-08 00:00:00+02:00,3.8399999141693115,3.9100000858306885,3.8299999237060547,3.880000114440918,516190,0.0,0.0,0.0
2025-12-09 00:00:00+02:00,3.880000114440918,4.010000228881836,3.8499999046325684,4.0,2152779,0.0,0.0,0.0
2025-12-10 00:00:00+02:00,4.0,4.119999885559082,3.990000009536743,4.070000171661377,1387944,0.0,0.0,0.0
2025-12-11 00:00:00+02:00,4.070000171661377,4.159999847412109,4.0,4.019999980926514,1117783,0.0,0.0,0.0
2025-12-14 00:00:00+02:00,4.019999980926514,4.090000152587891,3.9600000381469727,3.990000009536743,1132454,0.0,0.0,0.0
2025-12-15 00:00:00+02:00,3.990000009536743,4.0,3.890000104904175,3.890000104904175,1169842,0.0,0.0,0.0
2025-12-16 00:00:00+02:00,3.890000104904175,3.940000057220459,3.809999942779541,3.869999885559082,781331,0.0,0.0,0.0
2025-12-17 00:00:00+02:00,3.869999885559082,3.9800000190734863,3.8399999141693115,3.890000104904175,1405827,0.0,0.0,0.0
2025-12-18 00:00:00+02:00,3.890000104904175,3.950000047683716,3.8299999237060547,3.8499999046325684,1025657,0.0,0.0,0.0
2025-12-21 00:00:00+02:00,3.8499999046325684,3.930000066757202,3.7899999618530273,3.8299999237060547,1132126,0.0,0.0,0.0
2025-12-22 00:00:00+02:00,3.8299999237060547,3.9000000953674316,3.809999942779541,3.880000114440918,502011,0.0,0.0,0.0
2025-12-23 00:00:00+02:00,3.880000114440918,3.890000104904175,3.799999952316284,3.809999942779541,679460,0.0,0.0,0.0
2025-12-24 00:00:00+02:00,3.809999942779541,3.880000114440918,3.799999952316284,3.859999895095825,1417565,0.0,0.0,0.0
2025-12-25 00:00:00+02:00,3.859999895095825,3.880000114440918,3.819999933242798,3.819999933242798,517100,0.0,0.0,0.0
2025-12-28 00:00:00+02:00,3.819999933242798,3.8499999046325684,3.799999952316284,3.809999942779541,712962,0.0,0.0,0.0
2025-12-29 00:00:00+02:00,3.809999942779541,3.880000114440918,3.799999952316284,3.8299999237060547,343377,0.0,0.0,0.0
2025-12-30 00:00:00+02:00,3.8299999237060547,3.890000104904175,3.799999952316284,3.809999942779541,505087,0.0,0.0,0.0
2025-12-31 00:00:00+02:00,3.809999942779541,3.8499999046325684,3.7699999809265137,3.7899999618530273,2237359,0.0,0.0,0.0
2026-01-04 00:00:00+02:00,3.7899999618530273,3.8299999237060547,3.75,3.7699999809265137,476136,0.0,0.0,0.0
2026-01-05 00:00:00+02:00,3.7699999809265137,3.7899999618530273,3.6700000762939453,3.690000057220459,606931,0.0,0.0,0.0
2026-01-06 00:00:00+02:00,3.690000057220459,3.809999942779541,3.690000057220459,3.7799999713897705,1879151,0.0,0.0,0.0
2026-01-08 00:00:00+02:00,3.7799999713897705,3.799999952316284,3.7300000190734863,3.75,246451,0.0,0.0,0.0
2026-01-11 00:00:00+02:00,3.75,3.7899999618530273,3.7200000286102295,3.7699999809265137,491319,0.0,0.0,0.0
2026-01-12 00:00:00+02:00,3.7699999809265137,3.7799999713897705,3.6700000762939453,3.690000057220459,543939,0.0,0.0,0.0
2026-01-13 00:00:00+02:00,3.690000057220459,3.7300000190734863,3.559999942779541,3.5999999046325684,628082,0.0,0.0,0.0
2026-01-14 00:00:00+02:00,3.5999999046325684,3.619999885559082,3.4200000762939453,3.5,1284282,0.0,0.0,0.0
2026-01-15 00:00:00+02:00,3.5,3.549999952316284,3.440000057220459,3.4600000381469727,275219,0.0,0.0,0.0
2026-01-18 00:00:00+02:00,3.4600000381469727,3.5199999809265137,3.4700000286102295,3.5,160676,0.0,0.0,0.0
2026-01-19 00:00:00+02:00,3.5,3.6700000762939453,3.5,3.6700000762939453,1098237,0.0,0.0,0.0
2026-01-20 00:00:00+02:00,3.6700000762939453,3.8499999046325684,3.6700000762939453,3.7699999809265137,1491483,0.0,0.0,0.0
2026-01-21 00:00:00+02:00,3.7699999809265137,3.7899999618530273,3.700000047683716,3.7100000381469727,181805,0.0,0.0,0.0
2026-01-22 00:00:00+02:00,3.7100000381469727,3.7699999809265137,3.680000066757202,3.700000047683716,381549,0.0,0.0,0.0
2026-01-25 00:00:00+02:00,3.700000047683716,3.700000047683716,3.5999999046325684,3.609999895095825,732195,0.0,0.0,0.0
2026-01-26 00:00:00+02:00,3.609999895095825,3.6500000953674316,3.509999990463257,3.5399999618530273,684508,0.0,0.0,0.0
2026-01-27 00:00:00+02:00,3.5399999618530273,3.5899999141693115,3.4800000190734863,3.490000009536743,437946,0.0,0.0,0.0
2026-01-28 00:00:00+02:00,3.490000009536743,3.5899999141693115,3.4000000953674316,3.4200000762939453,433823,0.0,0.0,0.0
2026-02-01 00:00:00+02:00,3.4200000762939453,3.5799999237060547,3.430000066757202,3.559999942779541,489645,0.0,0.0,0.0
2026-02-02 00:00:00+02:00,3.559999942779541,3.559999942779541,3.490000009536743,3.509999990463257,230431,0.0,0.0,0.0
2026-02-03 00:00:00+02:00,3.509999990463257,3.5999999046325684,3.5,3.509999990463257,594964,0.0,0.0,0.0
2026-02-04 00:00:00+02:00,3.509999990463257,3.5799999237060547,3.5,3.549999952316284,379300,0.0,0.0,0.0
