Date,Open,High,Low,Close,Volume,Dividends,Stock Splits,Capital Gains
2021-01-03 00:00:00+02:00,0.9890000224113464,1.0390000343322754,0.9810000061988831,1.0140000581741333,1762270,0.0,0.0,0.0
2021-01-04 00:00:00+02:00,1.0140000581741333,1.0789999961853027,0.9869999885559082,1.024999976158142,4514270,0.0,0.0,0.0
2021-01-05 00:00:00+02:00,1.024999976158142,1.0149999856948853,0.9599999785423279,0.9890000224113464,1787050,0.0,0.0,0.0
2021-01-06 00:00:00+02:00,0.9890000224113464,1.034999966621399,0.9760000109672546,1.0089999437332153,3914900,0.0,0.0,0.0
2021-01-10 00:00:00+02:00,1.0089999437332153,1.1089999675750732,1.0399999618530273,1.0880000591278076,5868830,0.0,0.0,0.0
2021-01-11 00:00:00+02:00,1.0880000591278076,1.1749999523162842,1.0800000429153442,1.121999979019165,5095780,0.0,0.0,0.0
2021-01-12 00:00:00+02:00,1.121999979019165,1.125,1.0839999914169312,1.1019999980926514,2820110,0.0,0.0,0.0
2021-01-13 00:00:00+02:00,1.1019999980926514,1.1200000047683716,1.0800000429153442,1.0989999771118164,2153590,0.0,0.0,0.0
2021-01-14 00:00:00+02:00,1.0989999771118164,1.125,1.0609999895095825,1.0880000591278076,2462660,0.0,0.0,0.0
2021-01-17 00:00:00+02:00,1.0880000591278076,1.1349999904632568,1.0709999799728394,1.1130000352859497,4769420,0.0,0.0,0.0
2021-01-18 00:00:00+02:00,1.1130000352859497,1.1490000486373901,1.0800000429153442,1.1180000305175781,3086440,0.0,0.0,0.0
2021-01-19 00:00:00+02:00,1.1180000305175781,1.1369999647140503,1.100000023841858,1.1100000143051147,1971560,0.0,0.0,0.0
2021-01-20 00:00:00+02:00,1.1100000143051147,1.1150000095367432,1.090999960899353,1.0980000495910645,1683740,0.0,0.0,0.0
2021-01-21 00:00:00+02:00,1.0980000495910645,1.100000023841858,1.0800000429153442,1.0880000591278076,1349850,0.0,0.0,0.0
2021-01-24 00:00:00+02:00,1.0880000591278076,1.1299999952316284,1.0850000381469727,1.1109999418258667,1493880,0.0,0.0,0.0
2021-01-25 00:00:00+02:00,1.1109999418258667,1.1109999418258667,1.1109999418258667,1.1109999418258667,0,0.0,0.0,0.0
2021-01-26 00:00:00+02:00,1.1339999437332153,1.149999976158142,1.1130000352859497,1.125,2191820,0.0,0.0,0.0
2021-01-27 00:00:00+02:00,1.125,1.2369999885559082,1.1150000095367432,1.1929999589920044,7617320,0.0,0.0,0.0
2021-01-31 00:00:00+02:00,1.1929999589920044,1.2450000047683716,1.190000057220459,1.2170000076293945,4257470,0.0,0.0,0.0
2021-02-01 00:00:00+02:00,1.2170000076293945,1.2489999532699585,1.2100000381469727,1.2300000190734863,2597890,0.0,0.0,0.0
2021-02-02 00:00:00+02:00,1.2300000190734863,1.2510000467300415,1.2000000476837158,1.225000023841858,2339600,0.0,0.0,0.0
2021-02-03 00:00:00+02:00,1.225000023841858,1.2350000143051147,1.2009999752044678,1.2139999866485596,1246420,0.0,0.0,0.0
2021-02-04 00:00:00+02:00,1.2139999866485596,1.2330000400543213,1.2050000429153442,1.2139999866485596,1554400,0.0,0.0,0.0
2021-02-07 00:00:00+02:00,1.2139999866485596,1.2979999780654907,1.2130000591278076,1.25,3697470,0.0,0.0,0.0
2021-02-08 00:00:00+02:00,1.25,1.2599999904632568,1.2000000476837158,1.2209999561309814,3731830,0.0,0.0,0.0
2021-02-09 00:00:00+02:00,1.2209999561309814,1.2740000486373901,1.1950000524520874,1.2369999885559082,6293330,0.0,0.0,0.0
2021-02-10 00:00:00+02:00,1.2369999885559082,1.2740000486373901,1.215000033378601,1.2380000352859497,3526310,0.0,0.0,0.0
2021-02-11 00:00:00+02:00,1.2380000352859497,1.2690000534057617,1.2079999446868896,1.2359999418258667,4354010,0.0,0.0,0.0
2021-02-14 00:00:00+02:00,1.2359999418258667,1.3339999914169312,1.25600004196167,1.2999999523162842,9513460,0.0,0.0,0.0
2021-02-15 00:00:00+02:00,1.2999999523162842,1.3350000381469727,1.2640000581741333,1.3040000200271606,7996840,0.0,0.0,0.0
2021-02-16 00:00:00+02:00,1.3040000200271606,1.2879999876022339,1.2450000047683716,1.2649999856948853,5579620,0.0,0.0,0.0
2021-02-17 00:00:00+02:00,1.2649999856948853,1.2890000343322754,1.24399995803833,1.2680000066757202,3282570,0.0,0.0,0.0
2021-02-18 00:00:00+02:00,1.2680000066757202,1.2760000228881836,1.2200000286102295,1.246999979019165,1295210,0.0,0.0,0.0
2021-02-21 00:00:00+02:00,1.246999979019165,1.2799999713897705,1.2369999885559082,1.246999979019165,2012450,0.0,0.0,0.0
2021-02-22 00:00:00+02:00,1.246999979019165,1.2940000295639038,1.25,1.2649999856948853,957580,0.0,0.0,0.0
2021-02-23 00:00:00+02:00,1.2649999856948853,1.274999976158142,1.2070000171661377,1.2319999933242798,2503250,0.0,0.0,0.0
2021-02-24 00:00:00+02:00,1.2319999933242798,1.25,1.1710000038146973,1.2239999771118164,2261800,0.0,0.0,0.0
2021-02-25 00:00:00+02:00,1.2239999771118164,1.284000039100647,1.2419999837875366,1.2669999599456787,1785620,0.0,0.0,0.0
2021-02-28 00:00:00+02:00,1.2669999599456787,1.2599999904632568,1.2050000429153442,1.2330000400543213,1777040,0.0,0.0,0.0
2021-03-01 00:00:00+02:00,1.2330000400543213,1.2369999885559082,1.2050000429153442,1.2209999561309814,1452000,0.0,0.0,0.0
2021-03-02 00:00:00+02:00,1.2209999561309814,1.2740000486373901,1.1330000162124634,1.2269999980926514,2303870,0.0,0.0,0.0
2021-03-03 00:00:00+02:00,1.2269999980926514,1.187999963760376,1.1050000190734863,1.1180000305175781,2032050,0.0,0.0,0.0
2021-03-04 00:00:00+02:00,1.1180000305175781,1.1150000095367432,1.0199999809265137,1.0779999494552612,917030,0.0,0.0,0.0
2021-03-07 00:00:00+02:00,1.0779999494552612,1.1740000247955322,1.1299999952316284,1.1540000438690186,979010,0.0,0.0,0.0
2021-03-08 00:00:00+02:00,1.1540000438690186,1.2000000476837158,1.1319999694824219,1.1770000457763672,1463850,0.0,0.0,0.0
2021-03-09 00:00:00+02:00,1.1770000457763672,1.194000005722046,1.1399999856948853,1.1579999923706055,880150,0.0,0.0,0.0
2021-03-10 00:00:00+02:00,1.1579999923706055,1.159000039100647,1.0720000267028809,1.1260000467300415,746730,0.0,0.0,0.0
2021-03-11 00:00:00+02:00,1.1260000467300415,1.1299999952316284,1.1119999885559082,1.121999979019165,480860,0.0,0.0,0.0
2021-03-14 00:00:00+02:00,1.121999979019165,1.159000039100647,1.0920000076293945,1.1139999628067017,375450,0.0,0.0,0.0
2021-03-15 00:00:00+02:00,1.1139999628067017,1.1019999980926514,1.0099999904632568,1.0870000123977661,2142710,0.0,0.0,0.0
2021-03-16 00:00:00+02:00,1.0870000123977661,1.0410000085830688,1.0149999856948853,1.031000018119812,458610,0.0,0.0,0.0
2021-03-17 00:00:00+02:00,1.031000018119812,1.093999981880188,1.0329999923706055,1.055999994277954,359450,0.0,0.0,0.0
2021-03-18 00:00:00+02:00,1.055999994277954,1.0499999523162842,1.003000020980835,1.034999966621399,526200,0.0,0.0,0.0
2021-03-21 00:00:00+02:00,1.034999966621399,1.0670000314712524,0.9810000061988831,1.0260000228881836,531690,0.0,0.0,0.0
2021-03-22 00:00:00+02:00,1.0260000228881836,1.0499999523162842,0.9240000247955322,0.9900000095367432,1741330,0.0,0.0,0.0
2021-03-23 00:00:00+02:00,0.9900000095367432,0.968999981880188,0.890999972820282,0.8989999890327454,1312300,0.0,0.0,0.0
2021-03-24 00:00:00+02:00,0.8989999890327454,0.9399999976158142,0.8550000190734863,0.9200000166893005,1043480,0.0,0.0,0.0
2021-03-25 00:00:00+02:00,0.9200000166893005,1.0119999647140503,0.8989999890327454,0.9710000157356262,1226600,0.0,0.0,0.0
2021-03-28 00:00:00+02:00,0.9710000157356262,1.0679999589920044,1.0199999809265137,1.0509999990463257,1317530,0.0,0.0,0.0
2021-03-29 00:00:00+02:00,1.0509999990463257,1.0700000524520874,1.0420000553131104,1.0540000200271606,753080,0.0,0.0,0.0
2021-03-30 00:00:00+02:00,1.0540000200271606,1.0889999866485596,1.0520000457763672,1.0729999542236328,577670,0.0,0.0,0.0
2021-03-31 00:00:00+02:00,1.0729999542236328,1.1039999723434448,1.0509999990463257,1.0729999542236328,702470,0.0,0.0,0.0
2021-04-01 00:00:00+02:00,1.0729999542236328,1.1679999828338623,1.0980000495910645,1.1490000486373901,1842960,0.0,0.0,0.0
2021-04-04 00:00:00+02:00,1.1490000486373901,1.246999979019165,1.149999976158142,1.1929999589920044,2674890,0.0,0.0,0.0
2021-04-05 00:00:00+02:00,1.1929999589920044,1.1399999856948853,1.0740000009536743,1.090999960899353,3070340,0.0,0.0,0.0
2021-04-06 00:00:00+02:00,1.090999960899353,1.1440000534057617,1.0219999551773071,1.1069999933242798,1614000,0.0,0.0,0.0
2021-04-07 00:00:00+02:00,1.1069999933242798,1.1200000047683716,1.0499999523162842,1.0789999961853027,605260,0.0,0.0,0.0
2021-04-08 00:00:00+02:00,1.0789999961853027,1.1139999628067017,1.065999984741211,1.093999981880188,713250,0.0,0.0,0.0
2021-04-11 00:00:00+02:00,1.093999981880188,1.187999963760376,1.100000023841858,1.1410000324249268,3087350,0.0,0.0,0.0
2021-04-12 00:00:00+02:00,1.1410000324249268,1.1979999542236328,1.156999945640564,1.1740000247955322,1869600,0.0,0.0,0.0
2021-04-13 00:00:00+02:00,1.1740000247955322,1.1619999408721924,1.1139999628067017,1.1449999809265137,1850190,0.0,0.0,0.0
2021-04-14 00:00:00+02:00,1.1449999809265137,1.121999979019165,1.0499999523162842,1.0829999446868896,1285260,0.0,0.0,0.0
2021-04-15 00:00:00+02:00,1.0829999446868896,1.100000023841858,1.0640000104904175,1.0850000381469727,586200,0.0,0.0,0.0
2021-04-18 00:00:00+02:00,1.0850000381469727,1.1649999618530273,1.1109999418258667,1.1449999809265137,2070020,0.0,0.0,0.0
2021-04-19 00:00:00+02:00,1.1449999809265137,1.2300000190734863,1.1610000133514404,1.1929999589920044,3018210,0.0,0.0,0.0
2021-04-20 00:00:00+02:00,1.1929999589920044,1.305999994277954,1.2289999723434448,1.2680000066757202,3885250,0.0,0.0,0.0
2021-04-21 00:00:00+02:00,1.2680000066757202,1.3049999475479126,1.253000020980835,1.277999997138977,2132080,0.0,0.0,0.0
2021-04-22 00:00:00+02:00,1.277999997138977,1.3630000352859497,1.2799999713897705,1.3300000429153442,4710110,0.0,0.0,0.0
2021-04-25 00:00:00+02:00,1.3300000429153442,1.4249999523162842,1.2949999570846558,1.3580000400543213,11694460,0.0,0.0,0.0
2021-04-26 00:00:00+02:00,1.3580000400543213,1.3680000305175781,1.2799999713897705,1.3179999589920044,9378300,0.0,0.0,0.0
2021-04-27 00:00:00+02:00,1.3179999589920044,1.4490000009536743,1.3489999771118164,1.4220000505447388,14039520,0.0,0.0,0.0
2021-04-28 00:00:00+02:00,1.4220000505447388,1.5640000104904175,1.4450000524520874,1.5049999952316284,13223800,0.0,0.0,0.0
2021-05-04 00:00:00+02:00,1.5049999952316284,1.5989999771118164,1.5190000534057617,1.565000057220459,7207810,0.0,0.0,0.0
2021-05-05 00:00:00+02:00,1.565000057220459,1.5670000314712524,1.5199999809265137,1.5390000343322754,4194220,0.0,0.0,0.0
2021-05-06 00:00:00+02:00,1.5390000343322754,1.6299999952316284,1.503999948501587,1.5789999961853027,7945860,0.0,0.0,0.0
2021-05-09 00:00:00+02:00,1.5789999961853027,1.6399999856948853,1.5299999713897705,1.5829999446868896,3527540,0.0,0.0,0.0
2021-05-10 00:00:00+02:00,1.5829999446868896,1.5789999961853027,1.5099999904632568,1.5399999618530273,3941010,0.0,0.0,0.0
2021-05-11 00:00:00+02:00,1.5399999618530273,1.5679999589920044,1.5099999904632568,1.5299999713897705,4102760,0.0,0.0,0.0
2021-05-17 00:00:00+02:00,1.5299999713897705,1.6260000467300415,1.5609999895095825,1.590000033378601,6471580,0.0,0.0,0.0
2021-05-18 00:00:00+02:00,1.590000033378601,1.6640000343322754,1.5700000524520874,1.6030000448226929,7143250,0.0,0.0,0.0
2021-05-19 00:00:00+02:00,1.6030000448226929,1.625,1.472000002861023,1.5609999895095825,13002470,0.0,0.0,0.0
2021-05-20 00:00:00+02:00,1.5609999895095825,1.5420000553131104,1.4700000286102295,1.4900000095367432,5751300,0.0,0.0,0.0
2021-05-23 00:00:00+02:00,1.4900000095367432,1.5460000038146973,1.472000002861023,1.503999948501587,4769800,0.0,0.0,0.0
2021-05-24 00:00:00+02:00,1.503999948501587,1.5379999876022339,1.399999976158142,1.4930000305175781,4000660,0.0,0.0,0.0
2021-05-25 00:00:00+02:00,1.4930000305175781,1.5099999904632568,1.350000023841858,1.3899999856948853,6491687,0.0,10.0,0.0
2021-05-26 00:00:00+02:00,1.3899999856948853,1.440000057220459,1.2999999523162842,1.3899999856948853,11024665,0.0,0.0,0.0
2021-05-27 00:00:00+02:00,1.3899999856948853,1.4199999570846558,1.2999999523162842,1.350000023841858,5014036,0.0,0.0,0.0
2021-05-30 00:00:00+02:00,1.350000023841858,1.3600000143051147,1.215000033378601,1.2619999647140503,10032648,0.0,0.0,0.0
2021-05-31 00:00:00+02:00,1.2619999647140503,1.2100000381469727,1.1360000371932983,1.1410000324249268,4971325,0.0,0.0,0.0
2021-06-01 00:00:00+02:00,1.1410000324249268,1.1330000162124634,1.0269999504089355,1.0950000286102295,5938378,0.0,0.0,0.0
2021-06-02 00:00:00+02:00,1.0950000286102295,1.2039999961853027,1.1699999570846558,1.2039999961853027,9251277,0.0,0.0,0.0
2021-06-03 00:00:00+02:00,1.2039999961853027,1.2990000247955322,1.1100000143051147,1.2209999561309814,6623275,0.0,0.0,0.0
2021-06-06 00:00:00+02:00,1.2209999561309814,1.2300000190734863,1.1679999828338623,1.187000036239624,4573840,0.0,0.0,0.0
2021-06-07 00:00:00+02:00,1.187000036239624,1.1950000524520874,1.1009999513626099,1.1610000133514404,3402616,0.0,0.0,0.0
2021-06-08 00:00:00+02:00,1.1610000133514404,1.1549999713897705,1.0750000476837158,1.1059999465942383,4049546,0.0,0.0,0.0
2021-06-09 00:00:00+02:00,1.1059999465942383,1.215999960899353,1.1069999933242798,1.1890000104904175,6094015,0.0,0.0,0.0
2021-06-10 00:00:00+02:00,1.1890000104904175,1.2000000476837158,1.1139999628067017,1.1349999904632568,4756001,0.0,0.0,0.0
2021-06-13 00:00:00+02:00,1.1349999904632568,1.1299999952316284,1.0379999876022339,1.0820000171661377,4841846,0.0,0.0,0.0
2021-06-14 00:00:00+02:00,1.0820000171661377,1.1369999647140503,1.0269999504089355,1.090000033378601,3735501,0.0,0.0,0.0
2021-06-15 00:00:00+02:00,1.090000033378601,1.090000033378601,1.0049999952316284,1.0449999570846558,2089474,0.0,0.0,0.0
2021-06-16 00:00:00+02:00,1.0449999570846558,1.0870000123977661,1.0269999504089355,1.0479999780654907,2920183,0.0,0.0,0.0
2021-06-17 00:00:00+02:00,1.0479999780654907,1.0800000429153442,1.031999945640564,1.0479999780654907,2452667,0.0,0.0,0.0
2021-06-20 00:00:00+02:00,1.0479999780654907,1.0980000495910645,1.027999997138977,1.0490000247955322,6611896,0.0,0.0,0.0
2021-06-21 00:00:00+02:00,1.0490000247955322,1.1369999647140503,1.0549999475479126,1.0889999866485596,7779436,0.0,0.0,0.0
2021-06-22 00:00:00+02:00,1.0889999866485596,1.1469999551773071,1.0850000381469727,1.1169999837875366,4625933,0.0,0.0,0.0
2021-06-23 00:00:00+02:00,1.1169999837875366,1.2269999980926514,1.1089999675750732,1.1779999732971191,12150914,0.0,0.0,0.0
2021-06-24 00:00:00+02:00,1.1779999732971191,1.2009999752044678,1.1319999694824219,1.159000039100647,6025664,0.0,0.0,0.0
2021-06-27 00:00:00+02:00,1.159000039100647,1.1410000324249268,1.0920000076293945,1.1119999885559082,2711981,0.0,0.0,0.0
2021-06-28 00:00:00+02:00,1.1119999885559082,1.1150000095367432,1.0099999904632568,1.0520000457763672,4405504,0.0,0.0,0.0
2021-06-29 00:00:00+02:00,1.0520000457763672,1.0700000524520874,1.0130000114440918,1.0449999570846558,2183595,0.0,0.0,0.0
2021-06-30 00:00:00+02:00,1.0449999570846558,1.093999981880188,1.055999994277954,1.069000005722046,2769982,0.0,0.0,0.0
2021-07-04 00:00:00+02:00,1.069000005722046,1.1200000047683716,1.0720000267028809,1.1019999980926514,2300524,0.0,0.0,0.0
2021-07-05 00:00:00+02:00,1.1019999980926514,1.100000023841858,1.0399999618530273,1.0740000009536743,2403852,0.0,0.0,0.0
2021-07-06 00:00:00+02:00,1.0740000009536743,1.059999942779541,1.031000018119812,1.0420000553131104,1638998,0.0,0.0,0.0
2021-07-07 00:00:00+02:00,1.0420000553131104,1.1460000276565552,1.0499999523162842,1.13100004196167,8477986,0.0,0.0,0.0
2021-07-08 00:00:00+02:00,1.13100004196167,1.1990000009536743,1.090999960899353,1.128999948501587,4666966,0.0,0.0,0.0
2021-07-11 00:00:00+02:00,1.128999948501587,1.1690000295639038,1.059999942779541,1.1239999532699585,5340863,0.0,0.0,0.0
2021-07-12 00:00:00+02:00,1.1239999532699585,1.159999966621399,1.1080000400543213,1.128999948501587,3603679,0.0,0.0,0.0
2021-07-13 00:00:00+02:00,1.128999948501587,1.1649999618530273,1.1150000095367432,1.1410000324249268,7932827,0.0,0.0,0.0
2021-07-14 00:00:00+02:00,1.1410000324249268,1.159999966621399,1.125,1.1419999599456787,4154944,0.0,0.0,0.0
2021-07-15 00:00:00+02:00,1.1419999599456787,1.1790000200271606,1.1200000047683716,1.156000018119812,5614963,0.0,0.0,0.0
2021-07-18 00:00:00+02:00,1.156000018119812,1.2710000276565552,1.1640000343322754,1.2339999675750732,13139351,0.0,0.0,0.0
2021-07-25 00:00:00+02:00,1.2339999675750732,1.3200000524520874,1.2799999713897705,1.2949999570846558,6360503,0.0,0.0,0.0
2021-07-26 00:00:00+02:00,1.2949999570846558,1.4240000247955322,1.2710000276565552,1.3539999723434448,39582181,0.0,0.0,0.0
2021-07-27 00:00:00+02:00,1.3539999723434448,1.4500000476837158,1.340999960899353,1.399999976158142,16159859,0.0,0.0,0.0
2021-07-28 00:00:00+02:00,1.399999976158142,1.4299999475479126,1.3300000429153442,1.3849999904632568,10849212,0.0,0.0,0.0
2021-07-29 00:00:00+02:00,1.3849999904632568,1.4210000038146973,1.3669999837875366,1.3919999599456787,8631432,0.0,0.0,0.0
2021-08-01 00:00:00+02:00,1.3919999599456787,1.4900000095367432,1.3730000257492065,1.440000057220459,9296367,0.0,0.0,0.0
2021-08-02 00:00:00+02:00,1.440000057220459,1.465000033378601,1.3730000257492065,1.4010000228881836,10780737,0.0,0.0,0.0
2021-08-03 00:00:00+02:00,1.4010000228881836,1.406000018119812,1.3079999685287476,1.3650000095367432,4476321,0.0,0.0,0.0
2021-08-04 00:00:00+02:00,1.3650000095367432,1.3799999952316284,1.3209999799728394,1.3559999465942383,3355405,0.0,0.0,0.0
2021-08-05 00:00:00+02:00,1.3559999465942383,1.4210000038146973,1.371000051498413,1.399999976158142,4695310,0.0,0.0,0.0
2021-08-08 00:00:00+02:00,1.399999976158142,1.399999976158142,1.399999976158142,1.399999976158142,0,0.0,0.0,0.0
2021-08-09 00:00:00+02:00,1.399999976158142,1.399999976158142,1.399999976158142,1.399999976158142,0,0.0,0.0,0.0
2021-08-10 00:00:00+02:00,1.3890000581741333,1.3990000486373901,1.350000023841858,1.3760000467300415,2228773,0.0,0.0,0.0
2021-08-11 00:00:00+02:00,1.3760000467300415,1.4160000085830688,1.3700000047683716,1.3910000324249268,3450157,0.0,0.0,0.0
2021-08-15 00:00:00+02:00,1.3910000324249268,1.4049999713897705,1.3609999418258667,1.38100004196167,1448458,0.0,0.0,0.0
2021-08-16 00:00:00+02:00,1.38100004196167,1.4889999628067017,1.3769999742507935,1.4420000314712524,15682268,0.0,0.0,0.0
2021-08-17 00:00:00+02:00,1.4420000314712524,1.475000023841858,1.3899999856948853,1.4190000295639038,12939243,0.0,0.0,0.0
2021-08-18 00:00:00+02:00,1.4190000295639038,1.4279999732971191,1.3730000257492065,1.3990000486373901,6126723,0.0,0.0,0.0
2021-08-19 00:00:00+02:00,1.3990000486373901,1.4190000295639038,1.378999948501587,1.3930000066757202,5331839,0.0,0.0,0.0
2021-08-22 00:00:00+02:00,1.3930000066757202,1.440000057220459,1.3899999856948853,1.4140000343322754,7756138,0.0,0.0,0.0
2021-08-23 00:00:00+02:00,1.4140000343322754,1.5549999475479126,1.4249999523162842,1.5180000066757202,22987263,0.0,0.0,0.0
2021-08-24 00:00:00+02:00,1.5180000066757202,1.5880000591278076,1.4600000381469727,1.5219999551773071,10962019,0.0,0.0,0.0
2021-08-25 00:00:00+02:00,1.5219999551773071,1.6460000276565552,1.4900000095367432,1.5839999914169312,8215944,0.0,0.0,0.0
2021-08-26 00:00:00+02:00,1.5839999914169312,1.6299999952316284,1.475000023841858,1.5410000085830688,7762390,0.0,0.0,0.0
2021-08-29 00:00:00+02:00,1.5410000085830688,1.590000033378601,1.5019999742507935,1.5499999523162842,4813871,0.0,0.0,0.0
2021-08-30 00:00:00+02:00,1.5499999523162842,1.5700000524520874,1.475000023841858,1.5190000534057617,4878695,0.0,0.0,0.0
2021-08-31 00:00:00+02:00,1.5190000534057617,1.5700000524520874,1.4800000190734863,1.5210000276565552,4488134,0.0,0.0,0.0
2021-09-01 00:00:00+02:00,1.5210000276565552,1.5490000247955322,1.5099999904632568,1.527999997138977,3216917,0.0,0.0,0.0
2021-09-02 00:00:00+02:00,1.527999997138977,1.5399999618530273,1.49399995803833,1.5069999694824219,3767038,0.0,0.0,0.0
2021-09-05 00:00:00+02:00,1.5069999694824219,1.5099999904632568,1.399999976158142,1.4509999752044678,3786403,0.0,0.0,0.0
2021-09-06 00:00:00+02:00,1.4509999752044678,1.4299999475479126,1.25,1.2610000371932983,5373191,0.0,0.0,0.0
2021-09-07 00:00:00+02:00,1.2610000371932983,1.3200000524520874,1.2309999465942383,1.281000018119812,3842856,0.0,0.0,0.0
2021-09-08 00:00:00+02:00,1.281000018119812,1.3589999675750732,1.2860000133514404,1.315999984741211,5645421,0.0,0.0,0.0
2021-09-09 00:00:00+02:00,1.315999984741211,1.3070000410079956,1.2100000381469727,1.2259999513626099,2366087,0.0,0.0,0.0
2021-09-12 00:00:00+02:00,1.2259999513626099,1.2400000095367432,1.190000057220459,1.218000054359436,1399991,0.0,0.0,0.0
2021-09-13 00:00:00+02:00,1.218000054359436,1.2719999551773071,1.2120000123977661,1.253999948501587,2425667,0.0,0.0,0.0
2021-09-14 00:00:00+02:00,1.253999948501587,1.2899999618530273,1.2209999561309814,1.2259999513626099,2004589,0.0,0.0,0.0
2021-09-15 00:00:00+02:00,1.2259999513626099,1.2300000190734863,1.1729999780654907,1.184999942779541,2304321,0.0,0.0,0.0
2021-09-16 00:00:00+02:00,1.184999942779541,1.277999997138977,1.1799999475479126,1.2369999885559082,3915567,0.0,0.0,0.0
2021-09-19 00:00:00+02:00,1.2369999885559082,1.2890000343322754,1.2200000286102295,1.2319999933242798,4350435,0.0,0.0,0.0
2021-09-20 00:00:00+02:00,1.2319999933242798,1.25,1.184000015258789,1.190999984741211,2889105,0.0,0.0,0.0
2021-09-21 00:00:00+02:00,1.190999984741211,1.190000057220459,1.0499999523162842,1.1390000581741333,2043621,0.0,0.0,0.0
2021-09-22 00:00:00+02:00,1.1390000581741333,1.1779999732971191,1.1399999856948853,1.1649999618530273,1209501,0.0,0.0,0.0
2021-09-23 00:00:00+02:00,1.1649999618530273,1.2300000190734863,1.1330000162124634,1.2079999446868896,2367495,0.0,0.0,0.0
2021-09-26 00:00:00+02:00,1.2079999446868896,1.2999999523162842,1.2300000190734863,1.253999948501587,4988011,0.0,0.0,0.0
2021-09-27 00:00:00+02:00,1.253999948501587,1.2569999694824219,1.1820000410079956,1.1859999895095825,2837382,0.0,0.0,0.0
2021-09-28 00:00:00+02:00,1.1859999895095825,1.2200000286102295,1.159999966621399,1.187000036239624,1413384,0.0,0.0,0.0
2021-09-29 00:00:00+02:00,1.187000036239624,1.2100000381469727,1.1399999856948853,1.149999976158142,2044710,0.0,0.0,0.0
2021-09-30 00:00:00+02:00,1.149999976158142,1.1749999523162842,1.1299999952316284,1.1540000438690186,1210030,0.0,0.0,0.0
2021-10-03 00:00:00+02:00,1.1540000438690186,1.1890000104904175,1.1200000047683716,1.1330000162124634,1228675,0.0,0.0,0.0
2021-10-04 00:00:00+02:00,1.1330000162124634,1.1579999923706055,1.1150000095367432,1.1230000257492065,924468,0.0,0.0,0.0
2021-10-05 00:00:00+02:00,1.1230000257492065,1.1440000534057617,1.059999942779541,1.1030000448226929,1732982,0.0,0.0,0.0
2021-10-06 00:00:00+02:00,1.1030000448226929,1.1339999437332153,1.090000033378601,1.121000051498413,1085242,0.0,0.0,0.0
2021-10-10 00:00:00+02:00,1.121000051498413,1.1349999904632568,1.100000023841858,1.1180000305175781,563060,0.0,0.0,0.0
2021-10-11 00:00:00+02:00,1.1180000305175781,1.1349999904632568,1.1109999418258667,1.1150000095367432,895814,0.0,0.0,0.0
2021-10-12 00:00:00+02:00,1.1150000095367432,1.149999976158142,1.1100000143051147,1.121999979019165,1411371,0.0,0.0,0.0
2021-10-13 00:00:00+02:00,1.121999979019165,1.1349999904632568,1.090000033378601,1.1030000448226929,986986,0.0,0.0,0.0
2021-10-14 00:00:00+02:00,1.100000023841858,1.1200000047683716,1.0700000524520874,1.100000023841858,856981,0.0,0.0,0.0
2021-10-17 00:00:00+02:00,1.100000023841858,1.1200000047683716,1.090000033378601,1.100000023841858,992335,0.0,0.0,0.0
2021-10-18 00:00:00+02:00,1.100000023841858,1.100000023841858,1.100000023841858,1.100000023841858,0,0.0,0.0,0.0
2021-10-19 00:00:00+02:00,1.1100000143051147,1.1399999856948853,0.949999988079071,1.0099999904632568,2958307,0.0,0.0,0.0
2021-10-20 00:00:00+02:00,1.0099999904632568,1.0,0.8199999928474426,0.9200000166893005,3627975,0.0,0.0,0.0
2021-10-24 00:00:00+02:00,0.9200000166893005,0.9599999785423279,0.8399999737739563,0.8500000238418579,2808377,0.0,0.0,0.0
2021-10-25 00:00:00+02:00,0.8500000238418579,0.8799999952316284,0.6800000071525574,0.699999988079071,5150365,0.0,0.0,0.0
2021-10-26 00:00:00+02:00,0.7009999752044678,0.7549999952316284,0.5799999833106995,0.6100000143051147,5471437,0.0,0.0,0.0
2021-10-27 00:00:00+02:00,0.6100000143051147,0.6700000166893005,0.5350000262260437,0.6579999923706055,3963417,0.0,0.0,0.0
2021-10-28 00:00:00+02:00,0.6579999923706055,0.7590000033378601,0.6510000228881836,0.7400000095367432,4334467,0.0,0.0,0.0
2021-10-31 00:00:00+02:00,0.7400000095367432,0.75,0.6919999718666077,0.7170000076293945,2921530,0.0,0.0,0.0
2021-11-01 00:00:00+02:00,0.7170000076293945,0.7450000047683716,0.7009999752044678,0.7120000123977661,1452531,0.0,0.0,0.0
2021-11-02 00:00:00+02:00,0.7120000123977661,0.734000027179718,0.699999988079071,0.7020000219345093,1865240,0.0,0.0,0.0
2021-11-03 00:00:00+02:00,0.7020000219345093,0.7139999866485596,0.6520000100135803,0.6600000262260437,1691815,0.0,0.0,0.0
2021-11-04 00:00:00+02:00,0.6600000262260437,0.671999990940094,0.6000000238418579,0.6439999938011169,2104185,0.0,0.0,0.0
2021-11-07 00:00:00+02:00,0.6439999938011169,0.6439999938011169,0.6439999938011169,0.6439999938011169,0,0.0,0.0,0.0
2021-11-08 00:00:00+02:00,0.6439999938011169,0.6439999938011169,0.6439999938011169,0.6439999938011169,0,0.0,0.0,0.0
2021-11-09 00:00:00+02:00,0.6439999938011169,0.6439999938011169,0.6439999938011169,0.6439999938011169,0,0.0,0.0,0.0
2021-11-10 00:00:00+02:00,0.6620000004768372,0.6620000004768372,0.6399999856948853,0.6480000019073486,925475,0.0,0.0,0.0
2021-11-11 00:00:00+02:00,0.6480000019073486,0.699999988079071,0.6480000019073486,0.6930000185966492,1446085,0.0,0.0,0.0
2021-11-14 00:00:00+02:00,0.6930000185966492,0.7379999756813049,0.6930000185966492,0.7229999899864197,1892128,0.0,0.0,0.0
2021-11-15 00:00:00+02:00,0.7229999899864197,0.7279999852180481,0.6890000104904175,0.6980000138282776,1622594,0.0,0.0,0.0
2021-11-16 00:00:00+02:00,0.6980000138282776,0.7099999785423279,0.6499999761581421,0.6970000267028809,1280366,0.0,0.0,0.0
2021-11-17 00:00:00+02:00,0.6970000267028809,0.7089999914169312,0.6800000071525574,0.6830000281333923,633645,0.0,0.0,0.0
2021-11-18 00:00:00+02:00,0.6830000281333923,0.718999981880188,0.6830000281333923,0.6850000023841858,456585,0.0,0.0,0.0
2021-11-21 00:00:00+02:00,0.6850000023841858,0.699999988079071,0.6600000262260437,0.6639999747276306,1514141,0.0,0.0,0.0
2021-11-22 00:00:00+02:00,0.6639999747276306,0.6899999976158142,0.6660000085830688,0.6769999861717224,1187671,0.0,0.0,0.0
2021-11-23 00:00:00+02:00,0.6769999861717224,0.699999988079071,0.6830000281333923,0.6919999718666077,1538521,0.0,0.0,0.0
2021-11-24 00:00:00+02:00,0.6919999718666077,0.7059999704360962,0.6700000166893005,0.6790000200271606,2637542,0.0,0.0,0.0
2021-11-25 00:00:00+02:00,0.6790000200271606,0.7279999852180481,0.6800000071525574,0.7170000076293945,2432625,0.0,0.0,0.0
2021-11-28 00:00:00+02:00,0.7170000076293945,0.7170000076293945,0.7170000076293945,0.7170000076293945,0,0.0,0.0,0.0
2021-11-29 00:00:00+02:00,0.6949999928474426,0.7689999938011169,0.6990000009536743,0.75,3759435,0.0,0.0,0.0
2021-11-30 00:00:00+02:00,0.75,0.7599999904632568,0.7250000238418579,0.7459999918937683,2783715,0.0,0.0,0.0
2021-12-01 00:00:00+02:00,0.7459999918937683,0.7549999952316284,0.7379999756813049,0.7419999837875366,742982,0.0,0.0,0.0
2021-12-02 00:00:00+02:00,0.7419999837875366,0.7490000128746033,0.703000009059906,0.7160000205039978,1350754,0.0,0.0,0.0
2021-12-05 00:00:00+02:00,0.7160000205039978,0.7350000143051147,0.7149999737739563,0.722000002861023,1668524,0.0,0.0,0.0
2021-12-06 00:00:00+02:00,0.722000002861023,0.75,0.7200000286102295,0.7250000238418579,1981051,0.0,0.0,0.0
2021-12-07 00:00:00+02:00,0.7250000238418579,0.7379999756813049,0.703000009059906,0.7070000171661377,823182,0.0,0.0,0.0
2021-12-08 00:00:00+02:00,0.7070000171661377,0.7200000286102295,0.6919999718666077,0.6990000009536743,1590784,0.0,0.0,0.0
2021-12-09 00:00:00+02:00,0.6990000009536743,0.7099999785423279,0.6800000071525574,0.6859999895095825,1078509,0.0,0.0,0.0
2021-12-12 00:00:00+02:00,0.6859999895095825,0.699999988079071,0.6800000071525574,0.6980000138282776,552496,0.0,0.0,0.0
2021-12-13 00:00:00+02:00,0.6980000138282776,0.6980000138282776,0.6830000281333923,0.6859999895095825,913299,0.0,0.0,0.0
2021-12-14 00:00:00+02:00,0.6859999895095825,0.6859999895095825,0.6859999895095825,0.6859999895095825,0,0.0,0.0,0.0
2021-12-15 00:00:00+02:00,0.6859999895095825,0.6790000200271606,0.6589999794960022,0.6650000214576721,809848,0.0,0.0,0.0
2021-12-16 00:00:00+02:00,0.6650000214576721,0.6949999928474426,0.6600000262260437,0.6800000071525574,591450,0.0,0.0,0.0
2021-12-19 00:00:00+02:00,0.6800000071525574,0.7149999737739563,0.6819999814033508,0.7099999785423279,1310852,0.0,0.0,0.0
2021-12-20 00:00:00+02:00,0.7099999785423279,0.7099999785423279,0.7099999785423279,0.7099999785423279,0,0.0,0.0,0.0
2021-12-21 00:00:00+02:00,0.7120000123977661,0.7279999852180481,0.7099999785423279,0.7200000286102295,544984,0.0,0.0,0.0
2021-12-22 00:00:00+02:00,0.7200000286102295,0.7400000095367432,0.7200000286102295,0.7369999885559082,943870,0.0,0.0,0.0
2021-12-23 00:00:00+02:00,0.7369999885559082,0.7590000033378601,0.7360000014305115,0.7429999709129333,1462572,0.0,0.0,0.0
2021-12-26 00:00:00+02:00,0.7429999709129333,0.7710000276565552,0.7409999966621399,0.7519999742507935,724714,0.0,0.0,0.0
2021-12-27 00:00:00+02:00,0.7519999742507935,0.7599999904632568,0.7400000095367432,0.746999979019165,681942,0.0,0.0,0.0
2021-12-28 00:00:00+02:00,0.746999979019165,0.75,0.7239999771118164,0.7400000095367432,716251,0.0,0.0,0.0
2021-12-29 00:00:00+02:00,0.7400000095367432,0.7599999904632568,0.7310000061988831,0.7549999952316284,690031,0.0,0.0,0.0
2021-12-30 00:00:00+02:00,0.7549999952316284,0.8180000185966492,0.75,0.8069999814033508,2104121,0.0,0.0,0.0
2022-01-02 00:00:00+02:00,0.8069999814033508,0.8600000143051147,0.8180000185966492,0.8560000061988831,3489400,0.0,0.0,0.0
2022-01-03 00:00:00+02:00,0.8560000061988831,0.8799999952316284,0.8550000190734863,0.8579999804496765,1984781,0.0,0.0,0.0
2022-01-04 00:00:00+02:00,0.8579999804496765,0.8840000033378601,0.8399999737739563,0.8759999871253967,1697178,0.0,0.0,0.0
2022-01-05 00:00:00+02:00,0.8759999871253967,0.8830000162124634,0.8600000143051147,0.8610000014305115,1237071,0.0,0.0,0.0
2022-01-09 00:00:00+02:00,0.8610000014305115,0.8610000014305115,0.8610000014305115,0.8610000014305115,0,0.0,0.0,0.0
2022-01-10 00:00:00+02:00,0.8429999947547913,0.8700000047683716,0.8360000252723694,0.8600000143051147,555309,0.0,0.0,0.0
2022-01-11 00:00:00+02:00,0.8600000143051147,0.8600000143051147,0.8399999737739563,0.8399999737739563,898807,0.0,0.0,0.0
2022-01-12 00:00:00+02:00,0.8399999737739563,0.8450000286102295,0.8270000219345093,0.8379999995231628,526681,0.0,0.0,0.0
2022-01-13 00:00:00+02:00,0.8379999995231628,0.8370000123977661,0.8019999861717224,0.8379999995231628,205059,0.0,0.0,0.0
2022-01-16 00:00:00+02:00,0.8379999995231628,0.8399999737739563,0.7699999809265137,0.8379999995231628,276068,0.0,0.0,0.0
2022-01-17 00:00:00+02:00,0.8379999995231628,0.8399999737739563,0.7710000276565552,0.8309999704360962,420534,0.0,0.0,0.0
2022-01-18 00:00:00+02:00,0.8309999704360962,0.8500000238418579,0.8299999833106995,0.8309999704360962,260096,0.0,0.0,0.0
2022-01-19 00:00:00+02:00,0.8309999704360962,0.8500000238418579,0.8309999704360962,0.8309999704360962,268799,0.0,0.0,0.0
2022-01-20 00:00:00+02:00,0.8309999704360962,0.8600000143051147,0.8109999895095825,0.8510000109672546,547078,0.0,0.0,0.0
2022-01-23 00:00:00+02:00,0.8510000109672546,0.8600000143051147,0.8349999785423279,0.8429999947547913,888100,0.0,0.0,0.0
2022-01-24 00:00:00+02:00,0.8429999947547913,0.8500000238418579,0.8299999833106995,0.8360000252723694,394940,0.0,0.0,0.0
2022-01-25 00:00:00+02:00,0.8360000252723694,0.8489999771118164,0.8199999928474426,0.8360000252723694,353262,0.0,0.0,0.0
2022-01-26 00:00:00+02:00,0.8360000252723694,0.8429999947547913,0.8199999928474426,0.8360000252723694,284009,0.0,0.0,0.0
2022-01-30 00:00:00+02:00,0.8360000252723694,0.8299999833106995,0.8199999928474426,0.8360000252723694,174810,0.0,0.0,0.0
2022-01-31 00:00:00+02:00,0.8360000252723694,0.824999988079071,0.8059999942779541,0.8360000252723694,196681,0.0,0.0,0.0
2022-02-01 00:00:00+02:00,0.8360000252723694,0.847000002861023,0.8199999928474426,0.8299999833106995,564550,0.0,0.0,0.0
2022-02-02 00:00:00+02:00,0.8299999833106995,0.8450000286102295,0.824999988079071,0.8299999833106995,446327,0.0,0.0,0.0
2022-02-03 00:00:00+02:00,0.8299999833106995,0.8389999866485596,0.8199999928474426,0.8339999914169312,513840,0.0,0.0,0.0
2022-02-06 00:00:00+02:00,0.8339999914169312,0.8500000238418579,0.8209999799728394,0.8299999833106995,778510,0.0,0.0,0.0
2022-02-07 00:00:00+02:00,0.8299999833106995,0.8339999914169312,0.8109999895095825,0.824999988079071,374556,0.0,0.0,0.0
2022-02-08 00:00:00+02:00,0.824999988079071,0.8399999737739563,0.8100000023841858,0.8320000171661377,612937,0.0,0.0,0.0
2022-02-09 00:00:00+02:00,0.8320000171661377,0.8399999737739563,0.8100000023841858,0.8109999895095825,566492,0.0,0.0,0.0
2022-02-10 00:00:00+02:00,0.8109999895095825,0.8130000233650208,0.7900000214576721,0.7990000247955322,377233,0.0,0.0,0.0
2022-02-13 00:00:00+02:00,0.7990000247955322,0.7900000214576721,0.6990000009536743,0.7160000205039978,1545324,0.0,0.0,0.0
2022-02-14 00:00:00+02:00,0.7160000205039978,0.6959999799728394,0.6700000166893005,0.6890000104904175,609484,0.0,0.0,0.0
2022-02-15 00:00:00+02:00,0.6890000104904175,0.7099999785423279,0.6899999976158142,0.6899999976158142,469951,0.0,0.0,0.0
2022-02-16 00:00:00+02:00,0.6899999976158142,0.7200000286102295,0.699999988079071,0.703000009059906,509008,0.0,0.0,0.0
2022-02-17 00:00:00+02:00,0.703000009059906,0.7070000171661377,0.6850000023841858,0.703000009059906,306165,0.0,0.0,0.0
2022-02-20 00:00:00+02:00,0.703000009059906,0.699999988079071,0.6899999976158142,0.699999988079071,502045,0.0,0.0,0.0
2022-02-21 00:00:00+02:00,0.699999988079071,0.699999988079071,0.6700000166893005,0.6880000233650208,570514,0.0,0.0,0.0
2022-02-22 00:00:00+02:00,0.6880000233650208,0.6980000138282776,0.6449999809265137,0.6830000281333923,673150,0.0,0.0,0.0
2022-02-23 00:00:00+02:00,0.6830000281333923,0.699999988079071,0.6620000004768372,0.6899999976158142,1100856,0.0,0.0,0.0
2022-02-24 00:00:00+02:00,0.6899999976158142,0.6600000262260437,0.5619999766349792,0.5820000171661377,1460998,0.0,0.0,0.0
2022-02-27 00:00:00+02:00,0.5820000171661377,0.6980000138282776,0.5899999737739563,0.6629999876022339,1301261,0.0,0.0,0.0
2022-02-28 00:00:00+02:00,0.6629999876022339,0.6800000071525574,0.6470000147819519,0.6520000100135803,1025830,0.0,0.0,0.0
2022-03-01 00:00:00+02:00,0.6520000100135803,0.6850000023841858,0.6539999842643738,0.6650000214576721,1380475,0.0,0.0,0.0
2022-03-02 00:00:00+02:00,0.6650000214576721,0.6800000071525574,0.6639999747276306,0.675000011920929,576931,0.0,0.0,0.0
2022-03-03 00:00:00+02:00,0.675000011920929,0.7070000171661377,0.6700000166893005,0.699999988079071,1177335,0.0,0.0,0.0
2022-03-06 00:00:00+02:00,0.699999988079071,0.7749999761581421,0.699999988079071,0.7609999775886536,4797368,0.0,0.0,0.0
2022-03-07 00:00:00+02:00,0.7609999775886536,0.7720000147819519,0.7179999947547913,0.7260000109672546,2047708,0.0,0.0,0.0
2022-03-08 00:00:00+02:00,0.7260000109672546,0.7260000109672546,0.7260000109672546,0.7260000109672546,0,0.0,0.0,0.0
2022-03-09 00:00:00+02:00,0.7319999933242798,0.7900000214576721,0.7400000095367432,0.7689999938011169,2912469,0.0,0.0,0.0
2022-03-10 00:00:00+02:00,0.7689999938011169,0.7850000262260437,0.7459999918937683,0.7540000081062317,2122431,0.0,0.0,0.0
2022-03-13 00:00:00+02:00,0.7540000081062317,0.7599999904632568,0.7289999723434448,0.734000027179718,894558,0.0,0.0,0.0
2022-03-14 00:00:00+02:00,0.734000027179718,0.734000027179718,0.7149999737739563,0.7149999737739563,587889,0.0,0.0,0.0
2022-03-15 00:00:00+02:00,0.7149999737739563,0.7279999852180481,0.699999988079071,0.703000009059906,438969,0.0,0.0,0.0
2022-03-16 00:00:00+02:00,0.703000009059906,0.75,0.7099999785423279,0.7419999837875366,759763,0.0,0.0,0.0
2022-03-17 00:00:00+02:00,0.7419999837875366,0.7480000257492065,0.734000027179718,0.7419999837875366,352134,0.0,0.0,0.0
2022-03-20 00:00:00+02:00,0.7419999837875366,0.7770000100135803,0.7400000095367432,0.7689999938011169,1893919,0.0,0.0,0.0
2022-03-21 00:00:00+02:00,0.7689999938011169,0.8190000057220459,0.7699999809265137,0.7990000247955322,3848290,0.0,0.0,0.0
2022-03-22 00:00:00+02:00,0.7990000247955322,0.828000009059906,0.781000018119812,0.7839999794960022,1677680,0.0,0.0,0.0
2022-03-23 00:00:00+02:00,0.7839999794960022,0.7870000004768372,0.7699999809265137,0.7760000228881836,1138517,0.0,0.0,0.0
2022-03-24 00:00:00+02:00,0.7760000228881836,0.781000018119812,0.753000020980835,0.7549999952316284,747691,0.0,0.0,0.0
2022-03-27 00:00:00+02:00,0.7549999952316284,0.7699999809265137,0.7400000095367432,0.7540000081062317,840617,0.0,0.0,0.0
2022-03-28 00:00:00+02:00,0.7540000081062317,0.7580000162124634,0.7099999785423279,0.7250000238418579,467174,0.0,0.0,0.0
2022-03-29 00:00:00+02:00,0.7250000238418579,0.7459999918937683,0.7229999899864197,0.7300000190734863,448002,0.0,0.0,0.0
2022-03-30 00:00:00+02:00,0.7300000190734863,0.7450000047683716,0.7200000286102295,0.7239999771118164,484822,0.0,0.0,0.0
2022-03-31 00:00:00+02:00,0.7239999771118164,0.7300000190734863,0.7059999704360962,0.7239999771118164,297707,0.0,0.0,0.0
2022-04-03 00:00:00+02:00,0.7239999771118164,0.7350000143051147,0.6949999928474426,0.7009999752044678,1027800,0.0,0.0,0.0
2022-04-04 00:00:00+02:00,0.7009999752044678,0.7310000061988831,0.699999988079071,0.7239999771118164,834134,0.0,0.0,0.0
2022-04-05 00:00:00+02:00,0.7239999771118164,0.7400000095367432,0.7200000286102295,0.7239999771118164,336392,0.0,0.0,0.0
2022-04-06 00:00:00+02:00,0.7239999771118164,0.7390000224113464,0.7229999899864197,0.7319999933242798,717716,0.0,0.0,0.0
2022-04-07 00:00:00+02:00,0.7319999933242798,0.7300000190734863,0.699999988079071,0.7039999961853027,579610,0.0,0.0,0.0
2022-04-10 00:00:00+02:00,0.7039999961853027,0.7239999771118164,0.6899999976158142,0.699999988079071,681474,0.0,0.0,0.0
2022-04-11 00:00:00+02:00,0.699999988079071,0.7009999752044678,0.6620000004768372,0.6639999747276306,783668,0.0,0.0,0.0
2022-04-12 00:00:00+02:00,0.6639999747276306,0.7049999833106995,0.6399999856948853,0.6909999847412109,644106,0.0,0.0,0.0
2022-04-13 00:00:00+02:00,0.6909999847412109,0.6980000138282776,0.6779999732971191,0.6830000281333923,549666,0.0,0.0,0.0
2022-04-14 00:00:00+02:00,0.6830000281333923,0.6899999976158142,0.6679999828338623,0.6790000200271606,605414,0.0,0.0,0.0
2022-04-17 00:00:00+02:00,0.6790000200271606,0.699999988079071,0.6010000109672546,0.6790000200271606,402693,0.0,0.0,0.0
2022-04-18 00:00:00+02:00,0.6790000200271606,0.6399999856948853,0.6010000109672546,0.6790000200271606,474779,0.0,0.0,0.0
2022-04-19 00:00:00+02:00,0.6790000200271606,0.6790000200271606,0.6079999804496765,0.6790000200271606,432648,0.0,0.0,0.0
2022-04-20 00:00:00+02:00,0.6790000200271606,0.6990000009536743,0.652999997138977,0.6830000281333923,968592,0.0,0.0,0.0
2022-04-21 00:00:00+02:00,0.6830000281333923,0.75,0.6899999976158142,0.7300000190734863,2368775,0.0,0.0,0.0
2022-04-26 00:00:00+02:00,0.7300000190734863,0.75,0.6930000185966492,0.6990000009536743,475800,0.0,0.0,0.0
2022-04-27 00:00:00+02:00,0.6990000009536743,0.7070000171661377,0.6830000281333923,0.6919999718666077,557670,0.0,0.0,0.0
2022-04-28 00:00:00+02:00,0.6919999718666077,0.7300000190734863,0.6949999928474426,0.7099999785423279,1001382,0.0,0.0,0.0
2022-05-08 00:00:00+02:00,0.7099999785423279,0.800000011920929,0.6819999814033508,0.7540000081062317,2312408,0.0,0.0,0.0
2022-05-09 00:00:00+02:00,0.7540000081062317,0.7689999938011169,0.722000002861023,0.7260000109672546,1256959,0.0,0.0,0.0
2022-05-10 00:00:00+02:00,0.7260000109672546,0.7310000061988831,0.7170000076293945,0.7260000109672546,270678,0.0,0.0,0.0
2022-05-11 00:00:00+02:00,0.7260000109672546,0.7350000143051147,0.7099999785423279,0.7200000286102295,585000,0.0,0.0,0.0
2022-05-12 00:00:00+02:00,0.7200000286102295,0.7200000286102295,0.6850000023841858,0.7009999752044678,776700,0.0,0.0,0.0
2022-05-15 00:00:00+02:00,0.7009999752044678,0.7099999785423279,0.699999988079071,0.7009999752044678,396920,0.0,0.0,0.0
2022-05-16 00:00:00+02:00,0.7009999752044678,0.7009999752044678,0.6830000281333923,0.7009999752044678,396610,0.0,0.0,0.0
2022-05-17 00:00:00+02:00,0.7009999752044678,0.699999988079071,0.6859999895095825,0.7009999752044678,387271,0.0,0.0,0.0
2022-05-18 00:00:00+02:00,0.7009999752044678,0.7260000109672546,0.6890000104904175,0.7009999752044678,248898,0.0,0.0,0.0
2022-05-19 00:00:00+02:00,0.7009999752044678,0.7020000219345093,0.6800000071525574,0.7009999752044678,382050,0.0,0.0,0.0
2022-05-22 00:00:00+02:00,0.7009999752044678,0.699999988079071,0.6850000023841858,0.7009999752044678,342118,0.0,0.0,0.0
2022-05-23 00:00:00+02:00,0.7009999752044678,0.7289999723434448,0.6940000057220459,0.699999988079071,744882,0.0,0.0,0.0
2022-05-24 00:00:00+02:00,0.699999988079071,0.7020000219345093,0.6890000104904175,0.6990000009536743,530500,0.0,0.0,0.0
2022-05-25 00:00:00+02:00,0.6990000009536743,0.6919999718666077,0.6600000262260437,0.6990000009536743,433719,0.0,0.0,0.0
2022-05-26 00:00:00+02:00,0.6990000009536743,0.6600000262260437,0.6380000114440918,0.6399999856948853,1107794,0.0,0.0,0.0
2022-05-29 00:00:00+02:00,0.6399999856948853,0.6480000019073486,0.6000000238418579,0.6399999856948853,489678,0.0,0.0,0.0
2022-05-30 00:00:00+02:00,0.6399999856948853,0.6399999856948853,0.6100000143051147,0.6399999856948853,431830,0.0,0.0,0.0
2022-05-31 00:00:00+02:00,0.6399999856948853,0.6340000033378601,0.6159999966621399,0.6399999856948853,325482,0.0,0.0,0.0
2022-06-01 00:00:00+02:00,0.6399999856948853,0.6299999952316284,0.6119999885559082,0.6399999856948853,270932,0.0,0.0,0.0
2022-06-02 00:00:00+02:00,0.6399999856948853,0.652999997138977,0.6110000014305115,0.6359999775886536,587362,0.0,0.0,0.0
2022-06-05 00:00:00+02:00,0.6359999775886536,0.6359999775886536,0.6359999775886536,0.6359999775886536,0,0.0,0.0,0.0
2022-06-06 00:00:00+02:00,0.6359999775886536,0.6380000114440918,0.625,0.6359999775886536,234922,0.0,0.0,0.0
2022-06-07 00:00:00+02:00,0.6359999775886536,0.6589999794960022,0.625,0.6359999775886536,300202,0.0,0.0,0.0
2022-06-08 00:00:00+02:00,0.6359999775886536,0.6759999990463257,0.656000018119812,0.6700000166893005,804883,0.0,0.0,0.0
2022-06-09 00:00:00+02:00,0.6700000166893005,0.6769999861717224,0.6499999761581421,0.6700000166893005,391941,0.0,0.0,0.0
2022-06-12 00:00:00+02:00,0.6700000166893005,0.6600000262260437,0.6399999856948853,0.6470000147819519,492792,0.0,0.0,0.0
2022-06-13 00:00:00+02:00,0.6470000147819519,0.6449999809265137,0.6309999823570251,0.6470000147819519,112443,0.0,0.0,0.0
2022-06-14 00:00:00+02:00,0.6470000147819519,0.6499999761581421,0.6069999933242798,0.6470000147819519,352200,0.0,0.0,0.0
2022-06-15 00:00:00+02:00,0.6470000147819519,0.6769999861717224,0.6420000195503235,0.652999997138977,873567,0.0,0.0,0.0
2022-06-16 00:00:00+02:00,0.652999997138977,0.6740000247955322,0.6340000033378601,0.6370000243186951,523834,0.0,0.0,0.0
2022-06-19 00:00:00+02:00,0.6370000243186951,0.6399999856948853,0.6200000047683716,0.6370000243186951,198594,0.0,0.0,0.0
2022-06-20 00:00:00+02:00,0.6370000243186951,0.6299999952316284,0.6100000143051147,0.6140000224113464,639425,0.0,0.0,0.0
2022-06-21 00:00:00+02:00,0.6140000224113464,0.6399999856948853,0.621999979019165,0.628000020980835,749996,0.0,0.0,0.0
2022-06-22 00:00:00+02:00,0.628000020980835,0.6399999856948853,0.6159999966621399,0.628000020980835,145930,0.0,0.0,0.0
2022-06-23 00:00:00+02:00,0.628000020980835,0.6299999952316284,0.6110000014305115,0.628000020980835,184000,0.0,0.0,0.0
2022-06-26 00:00:00+02:00,0.628000020980835,0.6240000128746033,0.6200000047683716,0.628000020980835,102000,0.0,0.0,0.0
2022-06-27 00:00:00+02:00,0.628000020980835,0.6190000176429749,0.6069999933242798,0.628000020980835,196560,0.0,0.0,0.0
2022-06-28 00:00:00+02:00,0.628000020980835,0.6200000047683716,0.5699999928474426,0.628000020980835,377930,0.0,0.0,0.0
2022-06-29 00:00:00+02:00,0.628000020980835,0.628000020980835,0.5820000171661377,0.628000020980835,429132,0.0,0.0,0.0
2022-07-03 00:00:00+02:00,0.628000020980835,0.6140000224113464,0.5809999704360962,0.628000020980835,267974,0.0,0.0,0.0
2022-07-04 00:00:00+02:00,0.628000020980835,0.628000020980835,0.5830000042915344,0.628000020980835,466400,0.0,0.0,0.0
2022-07-05 00:00:00+02:00,0.628000020980835,0.6100000143051147,0.5799999833106995,0.6010000109672546,1081008,0.0,0.0,0.0
2022-07-06 00:00:00+02:00,0.6010000109672546,0.6129999756813049,0.5849999785423279,0.6010000109672546,312700,0.0,0.0,0.0
2022-07-07 00:00:00+02:00,0.6010000109672546,0.628000020980835,0.6000000238418579,0.6190000176429749,857681,0.0,0.0,0.0
2022-07-17 00:00:00+02:00,0.6190000176429749,0.6589999794960022,0.6110000014305115,0.6499999761581421,1702628,0.0,0.0,0.0
2022-07-18 00:00:00+02:00,0.6499999761581421,0.675000011920929,0.6460000276565552,0.6690000295639038,1517057,0.0,0.0,0.0
2022-07-19 00:00:00+02:00,0.6690000295639038,0.6919999718666077,0.675000011920929,0.6830000281333923,1405657,0.0,0.0,0.0
2022-07-20 00:00:00+02:00,0.6830000281333923,0.6959999799728394,0.675000011920929,0.6779999732971191,1398114,0.0,0.0,0.0
2022-07-21 00:00:00+02:00,0.6779999732971191,0.7049999833106995,0.6790000200271606,0.7020000219345093,1573814,0.0,0.0,0.0
2022-07-24 00:00:00+02:00,0.7020000219345093,0.7080000042915344,0.6899999976158142,0.6909999847412109,779992,0.0,0.0,0.0
2022-07-25 00:00:00+02:00,0.6909999847412109,0.7450000047683716,0.6800000071525574,0.7329999804496765,3194199,0.0,0.0,0.0
2022-07-26 00:00:00+02:00,0.7329999804496765,0.7860000133514404,0.7300000190734863,0.7570000290870667,4868054,0.0,0.0,0.0
2022-07-27 00:00:00+02:00,0.7570000290870667,0.7799999713897705,0.7400000095367432,0.7549999952316284,2680720,0.0,0.0,0.0
2022-07-28 00:00:00+02:00,0.7549999952316284,0.7799999713897705,0.75,0.7760000228881836,1700651,0.0,0.0,0.0
2022-07-31 00:00:00+02:00,0.7760000228881836,0.8090000152587891,0.7799999713897705,0.7879999876022339,3286541,0.0,0.0,0.0
2022-08-01 00:00:00+02:00,0.7879999876022339,0.8040000200271606,0.7540000081062317,0.7699999809265137,3398847,0.0,0.0,0.0
2022-08-02 00:00:00+02:00,0.7699999809265137,0.800000011920929,0.7559999823570251,0.7900000214576721,2382766,0.0,0.0,0.0
2022-08-03 00:00:00+02:00,0.7900000214576721,0.8379999995231628,0.7820000052452087,0.7910000085830688,4030072,0.0,0.0,0.0
2022-08-04 00:00:00+02:00,0.7910000085830688,0.800000011920929,0.7710000276565552,0.7900000214576721,3764976,0.0,0.0,0.0
2022-08-07 00:00:00+02:00,0.7900000214576721,0.8299999833106995,0.7900000214576721,0.8230000138282776,5603906,0.0,0.0,0.0
2022-08-08 00:00:00+02:00,0.8230000138282776,0.8730000257492065,0.8299999833106995,0.8399999737739563,8815441,0.0,0.0,0.0
2022-08-09 00:00:00+02:00,0.8399999737739563,0.9599999785423279,0.8399999737739563,0.9380000233650208,13661209,0.0,0.0,0.0
2022-08-10 00:00:00+02:00,0.9380000233650208,0.9700000286102295,0.906000018119812,0.9390000104904175,6531712,0.0,0.0,0.0
2022-08-11 00:00:00+02:00,0.9390000104904175,0.9599999785423279,0.9200000166893005,0.9259999990463257,3953435,0.0,0.0,0.0
2022-08-14 00:00:00+02:00,0.9259999990463257,0.9399999976158142,0.8700000047683716,0.8809999823570251,5878479,0.0,0.0,0.0
2022-08-15 00:00:00+02:00,0.8809999823570251,0.9089999794960022,0.8700000047683716,0.8809999823570251,4927503,0.0,0.0,0.0
2022-08-16 00:00:00+02:00,0.8809999823570251,0.8989999890327454,0.8399999737739563,0.8500000238418579,3469381,0.0,0.0,0.0
2022-08-17 00:00:00+02:00,0.8500000238418579,0.9399999976158142,0.8299999833106995,0.9010000228881836,6454421,0.0,0.0,0.0
2022-08-18 00:00:00+02:00,0.9010000228881836,0.9010000228881836,0.9010000228881836,0.9010000228881836,0,0.0,0.0,0.0
2022-08-21 00:00:00+02:00,0.953000009059906,1.0470000505447388,0.9800000190734863,1.0329999923706055,14743242,0.0,0.0,0.0
2022-08-22 00:00:00+02:00,1.0329999923706055,1.0549999475479126,1.0,1.0119999647140503,8510967,0.0,0.0,0.0
2022-08-23 00:00:00+02:00,1.0119999647140503,1.0119999647140503,1.0119999647140503,1.0119999647140503,0,0.0,0.0,0.0
2022-08-24 00:00:00+02:00,1.0010000467300415,1.0099999904632568,0.949999988079071,0.9750000238418579,2726863,0.0,0.0,0.0
2022-08-25 00:00:00+02:00,0.9750000238418579,0.9900000095367432,0.9509999752044678,0.9700000286102295,3442690,0.0,0.0,0.0
2022-08-28 00:00:00+02:00,0.9700000286102295,0.9800000190734863,0.9509999752044678,0.9589999914169312,3058374,0.0,0.0,0.0
2022-08-29 00:00:00+02:00,0.9589999914169312,0.9710000157356262,0.9300000071525574,0.9470000267028809,3526570,0.0,0.0,0.0
2022-08-30 00:00:00+02:00,0.9470000267028809,1.0,0.921999990940094,0.968999981880188,3419007,0.0,0.0,0.0
2022-08-31 00:00:00+02:00,0.968999981880188,0.9900000095367432,0.9440000057220459,0.9570000171661377,2159444,0.0,0.0,0.0
2022-09-01 00:00:00+02:00,0.9570000171661377,0.968999981880188,0.9100000262260437,0.9259999990463257,1537011,0.0,0.0,0.0
2022-09-04 00:00:00+02:00,0.9259999990463257,0.9419999718666077,0.9089999794960022,0.9269999861717224,1865354,0.0,0.0,0.0
2022-09-05 00:00:00+02:00,0.9269999861717224,0.9649999737739563,0.925000011920929,0.9509999752044678,2453699,0.0,0.0,0.0
2022-09-06 00:00:00+02:00,0.9509999752044678,0.9700000286102295,0.949999988079071,0.9520000219345093,2353877,0.0,0.0,0.0
2022-09-07 00:00:00+02:00,0.9520000219345093,0.9599999785423279,0.9200000166893005,0.9240000247955322,2257794,0.0,0.0,0.0
2022-09-08 00:00:00+02:00,0.9240000247955322,0.9700000286102295,0.9190000295639038,0.9599999785423279,3542254,0.0,0.0,0.0
2022-09-11 00:00:00+02:00,0.9599999785423279,0.9769999980926514,0.9430000185966492,0.9549999833106995,1214376,0.0,0.0,0.0
2022-09-12 00:00:00+02:00,0.9549999833106995,0.9660000205039978,0.9300000071525574,0.9330000281333923,1260070,0.0,0.0,0.0
2022-09-13 00:00:00+02:00,0.9330000281333923,0.9549999833106995,0.9300000071525574,0.9459999799728394,1771294,0.0,0.0,0.0
2022-09-14 00:00:00+02:00,0.9459999799728394,0.9399999976158142,0.9200000166893005,0.9359999895095825,1230021,0.0,0.0,0.0
2022-09-15 00:00:00+02:00,0.9359999895095825,0.9399999976158142,0.9200000166893005,0.9240000247955322,1225227,0.0,0.0,0.0
2022-09-18 00:00:00+02:00,0.9240000247955322,0.9470000267028809,0.8149999976158142,0.8299999833106995,2390988,0.0,0.0,0.0
2022-09-19 00:00:00+02:00,0.8299999833106995,0.8489999771118164,0.796999990940094,0.8410000205039978,617661,0.0,0.0,0.0
2022-09-20 00:00:00+02:00,0.8410000205039978,0.8550000190734863,0.8299999833106995,0.8479999899864197,1631531,0.0,0.0,0.0
2022-09-21 00:00:00+02:00,0.8479999899864197,0.8600000143051147,0.8159999847412109,0.824999988079071,863256,0.0,0.0,0.0
2022-09-22 00:00:00+02:00,0.824999988079071,0.8389999866485596,0.800000011920929,0.828000009059906,501513,0.0,0.0,0.0
2022-09-25 00:00:00+02:00,0.828000009059906,0.8370000123977661,0.8220000267028809,0.824999988079071,719800,0.0,0.0,0.0
2022-09-26 00:00:00+02:00,0.824999988079071,0.859000027179718,0.824999988079071,0.8320000171661377,1125654,0.0,0.0,0.0
2022-09-27 00:00:00+02:00,0.8320000171661377,0.8700000047683716,0.8399999737739563,0.8529999852180481,929954,0.0,0.0,0.0
2022-09-28 00:00:00+02:00,0.8529999852180481,0.8600000143051147,0.8140000104904175,0.8289999961853027,1555216,0.0,0.0,0.0
2022-09-29 00:00:00+02:00,0.8289999961853027,0.8519999980926514,0.8299999833106995,0.843999981880188,1076780,0.0,0.0,0.0
2022-10-02 00:00:00+02:00,0.843999981880188,0.8519999980926514,0.8289999961853027,0.8309999704360962,874772,0.0,0.0,0.0
2022-10-03 00:00:00+02:00,0.8309999704360962,0.859000027179718,0.8209999799728394,0.824999988079071,928957,0.0,0.0,0.0
2022-10-04 00:00:00+02:00,0.824999988079071,0.8999999761581421,0.8489999771118164,0.8949999809265137,4013504,0.0,0.0,0.0
2022-10-05 00:00:00+02:00,0.8949999809265137,0.8999999761581421,0.8500000238418579,0.8799999952316284,2683123,0.0,0.0,0.0
2022-10-09 00:00:00+02:00,0.8799999952316284,0.9200000166893005,0.8799999952316284,0.9139999747276306,3668863,0.0,0.0,0.0
2022-10-10 00:00:00+02:00,0.9139999747276306,0.9449999928474426,0.9100000262260437,0.9129999876022339,2790510,0.0,0.0,0.0
2022-10-11 00:00:00+02:00,0.9129999876022339,0.9399999976158142,0.8949999809265137,0.9100000262260437,1967551,0.0,0.0,0.0
2022-10-12 00:00:00+02:00,0.9100000262260437,0.9229999780654907,0.8330000042915344,0.8859999775886536,1665298,0.0,0.0,0.0
2022-10-13 00:00:00+02:00,0.8859999775886536,0.8980000019073486,0.8600000143051147,0.8679999709129333,755856,0.0,0.0,0.0
2022-10-16 00:00:00+02:00,0.8679999709129333,0.8889999985694885,0.8629999756813049,0.8659999966621399,1179312,0.0,0.0,0.0
2022-10-17 00:00:00+02:00,0.8659999966621399,0.8949999809265137,0.847000002861023,0.8539999723434448,1146262,0.0,0.0,0.0
2022-10-18 00:00:00+02:00,0.8539999723434448,0.8799999952316284,0.8450000286102295,0.8610000014305115,774983,0.0,0.0,0.0
2022-10-19 00:00:00+02:00,0.8610000014305115,0.8790000081062317,0.8429999947547913,0.847000002861023,734350,0.0,0.0,0.0
2022-10-20 00:00:00+02:00,0.847000002861023,0.8600000143051147,0.8429999947547913,0.8479999899864197,866337,0.0,0.0,0.0
2022-10-23 00:00:00+02:00,0.8479999899864197,0.8550000190734863,0.8399999737739563,0.847000002861023,578637,0.0,0.0,0.0
2022-10-24 00:00:00+02:00,0.847000002861023,0.8769999742507935,0.8399999737739563,0.8510000109672546,4127929,0.0,0.0,0.0
2022-10-25 00:00:00+02:00,0.8510000109672546,0.8629999756813049,0.8420000076293945,0.8460000157356262,1214346,0.0,0.0,0.0
2022-10-26 00:00:00+02:00,0.8460000157356262,0.8460000157356262,0.8460000157356262,0.8460000157356262,0,0.0,0.0,0.0
2022-10-27 00:00:00+02:00,0.8539999723434448,0.8700000047683716,0.8500000238418579,0.8519999980926514,1613423,0.0,0.0,0.0
2022-10-30 00:00:00+02:00,0.8519999980926514,0.8610000014305115,0.8450000286102295,0.8489999771118164,2609270,0.0,0.0,0.0
2022-10-31 00:00:00+02:00,0.8489999771118164,0.8510000109672546,0.8389999866485596,0.8420000076293945,3567622,0.0,0.0,0.0
2022-11-01 00:00:00+02:00,0.8420000076293945,0.8550000190734863,0.8389999866485596,0.8410000205039978,2013168,0.0,0.0,0.0
2022-11-02 00:00:00+02:00,0.8410000205039978,0.8489999771118164,0.8209999799728394,0.824999988079071,1138864,0.0,0.0,0.0
2022-11-03 00:00:00+02:00,0.824999988079071,0.8220000267028809,0.8080000281333923,0.8119999766349792,1126125,0.0,0.0,0.0
2022-11-06 00:00:00+02:00,0.8119999766349792,0.8100000023841858,0.7799999713897705,0.7829999923706055,1158313,0.0,0.0,0.0
2022-11-07 00:00:00+02:00,0.7829999923706055,0.7910000085830688,0.7839999794960022,0.7889999747276306,812642,0.0,0.0,0.0
2022-11-08 00:00:00+02:00,0.7889999747276306,0.7900000214576721,0.7699999809265137,0.7739999890327454,1036550,0.0,0.0,0.0
2022-11-09 00:00:00+02:00,0.7739999890327454,0.7699999809265137,0.7429999709129333,0.75,977722,0.0,0.0,0.0
2022-11-10 00:00:00+02:00,0.75,0.7770000100135803,0.7450000047683716,0.7710000276565552,1077869,0.0,0.0,0.0
2022-11-13 00:00:00+02:00,0.7710000276565552,0.8090000152587891,0.7789999842643738,0.7860000133514404,2218996,0.0,0.0,0.0
2022-11-14 00:00:00+02:00,0.7860000133514404,0.7850000262260437,0.7699999809265137,0.7820000052452087,609043,0.0,0.0,0.0
2022-11-15 00:00:00+02:00,0.7820000052452087,0.7940000295639038,0.777999997138977,0.7839999794960022,1573385,0.0,0.0,0.0
2022-11-16 00:00:00+02:00,0.7839999794960022,0.7950000166893005,0.7829999923706055,0.7879999876022339,1206713,0.0,0.0,0.0
2022-11-17 00:00:00+02:00,0.7879999876022339,0.8090000152587891,0.7910000085830688,0.7960000038146973,1476726,0.0,0.0,0.0
2022-11-20 00:00:00+02:00,0.7960000038146973,0.8299999833106995,0.800000011920929,0.8080000281333923,3456975,0.0,0.0,0.0
2022-11-21 00:00:00+02:00,0.8080000281333923,0.824999988079071,0.8009999990463257,0.8050000071525574,1664984,0.0,0.0,0.0
2022-11-22 00:00:00+02:00,0.8050000071525574,0.8180000185966492,0.800000011920929,0.8080000281333923,1551193,0.0,0.0,0.0
2022-11-23 00:00:00+02:00,0.8080000281333923,0.8169999718666077,0.7929999828338623,0.7950000166893005,651371,0.0,0.0,0.0
2022-11-24 00:00:00+02:00,0.7950000166893005,0.8050000071525574,0.7870000004768372,0.7910000085830688,719324,0.0,0.0,0.0
2022-11-27 00:00:00+02:00,0.7910000085830688,0.8389999866485596,0.7900000214576721,0.8100000023841858,4083848,0.0,0.0,0.0
2022-11-28 00:00:00+02:00,0.8100000023841858,0.8220000267028809,0.7900000214576721,0.8019999861717224,1432596,0.0,0.0,0.0
2022-11-29 00:00:00+02:00,0.8019999861717224,0.8299999833106995,0.8009999990463257,0.8130000233650208,1444696,0.0,0.0,0.0
2022-11-30 00:00:00+02:00,0.8130000233650208,0.8379999995231628,0.8119999766349792,0.824999988079071,4086602,0.0,0.0,0.0
2022-12-01 00:00:00+02:00,0.824999988079071,0.8600000143051147,0.8299999833106995,0.8349999785423279,6238383,0.0,0.0,0.0
2022-12-04 00:00:00+02:00,0.8349999785423279,0.8510000109672546,0.8159999847412109,0.8199999928474426,3380242,0.0,0.0,0.0
2022-12-05 00:00:00+02:00,0.8199999928474426,0.824999988079071,0.7910000085830688,0.8009999990463257,3150289,0.0,0.0,0.0
2022-12-06 00:00:00+02:00,0.8009999990463257,0.8059999942779541,0.7889999747276306,0.800000011920929,1573496,0.0,0.0,0.0
2022-12-07 00:00:00+02:00,0.800000011920929,0.8230000138282776,0.7940000295639038,0.8040000200271606,2433600,0.0,0.0,0.0
2022-12-08 00:00:00+02:00,0.8040000200271606,0.8149999976158142,0.796999990940094,0.7990000247955322,2004477,0.0,0.0,0.0
2022-12-11 00:00:00+02:00,0.7990000247955322,0.8140000104904175,0.7929999828338623,0.8050000071525574,3335317,0.0,0.0,0.0
2022-12-12 00:00:00+02:00,0.8050000071525574,0.8289999961853027,0.7979999780654907,0.8240000009536743,3913818,0.0,0.0,0.0
2022-12-13 00:00:00+02:00,0.8240000009536743,0.8399999737739563,0.8209999799728394,0.8349999785423279,4057520,0.0,0.0,0.0
2022-12-14 00:00:00+02:00,0.8349999785423279,0.8529999852180481,0.8360000252723694,0.8410000205039978,2907455,0.0,0.0,0.0
2022-12-15 00:00:00+02:00,0.8410000205039978,0.875,0.8349999785423279,0.8410000205039978,4842648,0.0,0.0,0.0
2022-12-18 00:00:00+02:00,0.8410000205039978,0.8429999947547913,0.8119999766349792,0.8149999976158142,1882451,0.0,0.0,0.0
2022-12-19 00:00:00+02:00,0.8149999976158142,0.8159999847412109,0.800000011920929,0.8040000200271606,962296,0.0,0.0,0.0
2022-12-20 00:00:00+02:00,0.8040000200271606,0.8240000009536743,0.800000011920929,0.8059999942779541,761108,0.0,0.0,0.0
2022-12-21 00:00:00+02:00,0.8059999942779541,0.8159999847412109,0.7960000038146973,0.8019999861717224,1143304,0.0,0.0,0.0
2022-12-22 00:00:00+02:00,0.8019999861717224,0.8149999976158142,0.777999997138977,0.7860000133514404,1851158,0.0,0.0,0.0
2022-12-25 00:00:00+02:00,0.7860000133514404,0.7860000133514404,0.7509999871253967,0.7599999904632568,617118,0.0,0.0,0.0
2022-12-26 00:00:00+02:00,0.7599999904632568,0.7799999713897705,0.7599999904632568,0.7749999761581421,548373,0.0,0.0,0.0
2022-12-27 00:00:00+02:00,0.7749999761581421,0.7979999780654907,0.7749999761581421,0.7900000214576721,816515,0.0,0.0,0.0
2022-12-28 00:00:00+02:00,0.7900000214576721,0.7990000247955322,0.7839999794960022,0.7870000004768372,1122909,0.0,0.0,0.0
2022-12-29 00:00:00+02:00,0.7870000004768372,0.8029999732971191,0.7760000228881836,0.7789999842643738,1157755,0.0,0.0,0.0
2023-01-02 00:00:00+02:00,0.7789999842643738,0.7979999780654907,0.7720000147819519,0.7940000295639038,1020155,0.0,0.0,0.0
2023-01-03 00:00:00+02:00,0.7940000295639038,0.8299999833106995,0.796999990940094,0.8220000267028809,2812806,0.0,0.0,0.0
2023-01-04 00:00:00+02:00,0.8220000267028809,0.8370000123977661,0.7900000214576721,0.8159999847412109,2744465,0.0,0.0,0.0
2023-01-05 00:00:00+02:00,0.8159999847412109,0.8199999928474426,0.8080000281333923,0.8090000152587891,908882,0.0,0.0,0.0
2023-01-09 00:00:00+02:00,0.8090000152587891,0.8090000152587891,0.7910000085830688,0.7929999828338623,1289910,0.0,0.0,0.0
2023-01-10 00:00:00+02:00,0.7929999828338623,0.7889999747276306,0.7549999952316284,0.7559999823570251,1096182,0.0,0.0,0.0
2023-01-11 00:00:00+02:00,0.7559999823570251,0.7739999890327454,0.7300000190734863,0.7329999804496765,1496025,0.0,0.0,0.0
2023-01-12 00:00:00+02:00,0.7329999804496765,0.75,0.7250000238418579,0.7300000190734863,647926,0.0,0.0,0.0
2023-01-15 00:00:00+02:00,0.7300000190734863,0.7400000095367432,0.7099999785423279,0.7210000157356262,864730,0.0,0.0,0.0
2023-01-16 00:00:00+02:00,0.7210000157356262,0.7369999885559082,0.7170000076293945,0.7319999933242798,956730,0.0,0.0,0.0
2023-01-17 00:00:00+02:00,0.7319999933242798,0.7580000162124634,0.7300000190734863,0.7429999709129333,949720,0.0,0.0,0.0
2023-01-18 00:00:00+02:00,0.7429999709129333,0.7929999828338623,0.753000020980835,0.7630000114440918,1779041,0.0,0.0,0.0
2023-01-19 00:00:00+02:00,0.7630000114440918,0.7749999761581421,0.7419999837875366,0.7480000257492065,1448030,0.0,0.0,0.0
2023-01-22 00:00:00+02:00,0.7480000257492065,0.7609999775886536,0.7450000047683716,0.7459999918937683,1277788,0.0,0.0,0.0
2023-01-23 00:00:00+02:00,0.7459999918937683,0.7580000162124634,0.734000027179718,0.7400000095367432,727312,0.0,0.0,0.0
2023-01-24 00:00:00+02:00,0.7400000095367432,0.7400000095367432,0.7210000157356262,0.7400000095367432,384750,0.0,0.0,0.0
2023-01-25 00:00:00+02:00,0.7400000095367432,0.7419999837875366,0.7329999804496765,0.7390000224113464,664384,0.0,0.0,0.0
2023-01-29 00:00:00+02:00,0.7390000224113464,0.7400000095367432,0.7319999933242798,0.7390000224113464,276630,0.0,0.0,0.0
2023-01-30 00:00:00+02:00,0.7390000224113464,0.7490000128746033,0.7110000252723694,0.7390000224113464,320998,0.0,0.0,0.0
2023-01-31 00:00:00+02:00,0.7390000224113464,0.7250000238418579,0.699999988079071,0.7039999961853027,469617,0.0,0.0,0.0
2023-02-01 00:00:00+02:00,0.7039999961853027,0.7110000252723694,0.6850000023841858,0.7039999961853027,408036,0.0,0.0,0.0
2023-02-02 00:00:00+02:00,0.7039999961853027,0.7250000238418579,0.6800000071525574,0.6899999976158142,839515,0.0,0.0,0.0
2023-02-05 00:00:00+02:00,0.6899999976158142,0.7020000219345093,0.6700000166893005,0.6890000104904175,654544,0.0,0.0,0.0
2023-02-06 00:00:00+02:00,0.6890000104904175,0.7559999823570251,0.6840000152587891,0.7360000014305115,2487670,0.0,0.0,0.0
2023-02-07 00:00:00+02:00,0.7360000014305115,0.7649999856948853,0.75,0.7519999742507935,1741481,0.0,0.0,0.0
2023-02-08 00:00:00+02:00,0.7519999742507935,0.7639999985694885,0.7099999785423279,0.7519999742507935,1325196,0.0,0.0,0.0
2023-02-09 00:00:00+02:00,0.7519999742507935,0.8180000185966492,0.7440000176429749,0.8080000281333923,3690259,0.0,0.0,0.0
2023-02-12 00:00:00+02:00,0.8080000281333923,0.8379999995231628,0.7950000166893005,0.8199999928474426,2987729,0.0,0.0,0.0
2023-02-13 00:00:00+02:00,0.8199999928474426,0.8220000267028809,0.7799999713897705,0.7950000166893005,1640879,0.0,0.0,0.0
2023-02-14 00:00:00+02:00,0.7950000166893005,0.8109999895095825,0.7900000214576721,0.8059999942779541,2380277,0.0,0.0,0.0
2023-02-15 00:00:00+02:00,0.8059999942779541,0.8059999942779541,0.8059999942779541,0.8059999942779541,0,0.0,0.0,0.0
2023-02-16 00:00:00+02:00,0.8059999942779541,0.8059999942779541,0.8059999942779541,0.8059999942779541,0,0.0,0.0,0.0
2023-02-19 00:00:00+02:00,0.8059999942779541,0.8199999928474426,0.7799999713897705,0.7860000133514404,1316416,0.0,0.0,0.0
2023-02-20 00:00:00+02:00,0.7860000133514404,0.7900000214576721,0.7540000081062317,0.777999997138977,1315017,0.0,0.0,0.0
2023-02-21 00:00:00+02:00,0.777999997138977,0.8289999961853027,0.777999997138977,0.8109999895095825,1620057,0.0,0.0,0.0
2023-02-22 00:00:00+02:00,0.8109999895095825,0.8100000023841858,0.7870000004768372,0.7910000085830688,1544861,0.0,0.0,0.0
2023-02-23 00:00:00+02:00,0.7910000085830688,0.8399999737739563,0.7829999923706055,0.8259999752044678,2688505,0.0,0.0,0.0
2023-02-26 00:00:00+02:00,0.8259999752044678,0.8659999966621399,0.828000009059906,0.847000002861023,4133129,0.0,0.0,0.0
2023-02-27 00:00:00+02:00,0.847000002861023,0.8500000238418579,0.8180000185966492,0.8299999833106995,2627821,0.0,0.0,0.0
2023-02-28 00:00:00+02:00,0.8299999833106995,0.8999999761581421,0.8270000219345093,0.8859999775886536,6962346,0.0,0.0,0.0
2023-03-01 00:00:00+02:00,0.8859999775886536,0.8999999761581421,0.8629999756813049,0.8740000128746033,2526152,0.0,0.0,0.0
2023-03-02 00:00:00+02:00,0.8740000128746033,0.9350000023841858,0.8669999837875366,0.9200000166893005,4451852,0.0,0.0,0.0
2023-03-05 00:00:00+02:00,0.9200000166893005,0.9399999976158142,0.9010000228881836,0.9179999828338623,3522555,0.0,0.0,0.0
2023-03-06 00:00:00+02:00,0.9179999828338623,0.9300000071525574,0.8999999761581421,0.921999990940094,3309316,0.0,0.0,0.0
2023-03-07 00:00:00+02:00,0.921999990940094,0.9549999833106995,0.9160000085830688,0.9309999942779541,5072066,0.0,0.0,0.0
2023-03-08 00:00:00+02:00,0.9309999942779541,0.949999988079071,0.9049999713897705,0.9300000071525574,3116583,0.0,0.0,0.0
2023-03-09 00:00:00+02:00,0.9300000071525574,0.9449999928474426,0.9210000038146973,0.9269999861717224,2156860,0.0,0.0,0.0
2023-03-12 00:00:00+02:00,0.9269999861717224,0.9369999766349792,0.8799999952316284,0.8949999809265137,2961885,0.0,0.0,0.0
2023-03-13 00:00:00+02:00,0.8949999809265137,0.9079999923706055,0.8059999942779541,0.8220000267028809,1427082,0.0,0.0,0.0
2023-03-14 00:00:00+02:00,0.8220000267028809,0.8379999995231628,0.7509999871253967,0.8149999976158142,741595,0.0,0.0,0.0
2023-03-15 00:00:00+02:00,0.8149999976158142,0.8629999756813049,0.7070000171661377,0.7319999933242798,1672383,0.0,0.0,0.0
2023-03-16 00:00:00+02:00,0.7319999933242798,0.7699999809265137,0.6600000262260437,0.7310000061988831,1327365,0.0,0.0,0.0
2023-03-19 00:00:00+02:00,0.7310000061988831,0.800000011920929,0.6909999847412109,0.7639999985694885,747493,0.0,0.0,0.0
2023-03-20 00:00:00+02:00,0.7639999985694885,0.800000011920929,0.7490000128746033,0.7739999890327454,505316,0.0,0.0,0.0
2023-03-21 00:00:00+02:00,0.7739999890327454,0.8299999833106995,0.7760000228881836,0.8019999861717224,1757521,0.0,0.0,0.0
2023-03-22 00:00:00+02:00,0.8019999861717224,0.8399999737739563,0.7900000214576721,0.7990000247955322,825568,0.0,0.0,0.0
2023-03-23 00:00:00+02:00,0.7990000247955322,0.8080000281333923,0.781000018119812,0.7990000247955322,377881,0.0,0.0,0.0
2023-03-26 00:00:00+02:00,0.7990000247955322,0.8199999928474426,0.7960000038146973,0.8109999895095825,1040973,0.0,0.0,0.0
2023-03-27 00:00:00+02:00,0.8109999895095825,0.8289999961853027,0.800000011920929,0.8009999990463257,610080,0.0,0.0,0.0
2023-03-28 00:00:00+02:00,0.8009999990463257,0.8299999833106995,0.8050000071525574,0.8140000104904175,811503,0.0,0.0,0.0
2023-03-29 00:00:00+02:00,0.8140000104904175,0.8299999833106995,0.8090000152587891,0.8100000023841858,2166472,0.0,0.0,0.0
2023-03-30 00:00:00+02:00,0.8100000023841858,0.828000009059906,0.7850000262260437,0.7889999747276306,682520,0.0,0.0,0.0
2023-04-02 00:00:00+02:00,0.7889999747276306,0.8040000200271606,0.7850000262260437,0.800000011920929,398338,0.0,0.0,0.0
2023-04-03 00:00:00+02:00,0.800000011920929,0.8119999766349792,0.7919999957084656,0.8090000152587891,515913,0.0,0.0,0.0
2023-04-04 00:00:00+02:00,0.8090000152587891,0.8299999833106995,0.8009999990463257,0.8230000138282776,843042,0.0,0.0,0.0
2023-04-05 00:00:00+02:00,0.8230000138282776,0.8410000205039978,0.8130000233650208,0.8190000057220459,2628056,0.0,0.0,0.0
2023-04-06 00:00:00+02:00,0.8190000057220459,0.8349999785423279,0.8100000023841858,0.8240000009536743,1505532,0.0,0.0,0.0
2023-04-09 00:00:00+02:00,0.8240000009536743,0.8700000047683716,0.8289999961853027,0.8309999704360962,1307065,0.0,0.0,0.0
2023-04-10 00:00:00+02:00,0.8309999704360962,0.8500000238418579,0.8320000171661377,0.8399999737739563,960963,0.0,0.0,0.0
2023-04-11 00:00:00+02:00,0.8399999737739563,0.8500000238418579,0.8199999928474426,0.8360000252723694,939908,0.0,0.0,0.0
2023-04-12 00:00:00+02:00,0.8360000252723694,0.8600000143051147,0.8299999833106995,0.8349999785423279,973335,0.0,0.0,0.0
2023-04-13 00:00:00+02:00,0.8349999785423279,0.8450000286102295,0.8299999833106995,0.8349999785423279,788441,0.0,0.0,0.0
2023-04-18 00:00:00+02:00,0.8349999785423279,0.8450000286102295,0.824999988079071,0.8339999914169312,556345,0.0,0.0,0.0
2023-04-19 00:00:00+02:00,0.8339999914169312,0.8349999785423279,0.8069999814033508,0.8100000023841858,992967,0.0,0.0,0.0
2023-04-26 00:00:00+02:00,0.8100000023841858,0.8199999928474426,0.6700000166893005,0.7979999780654907,1422721,0.0,0.0,0.0
2023-04-27 00:00:00+02:00,0.7979999780654907,0.8100000023841858,0.7900000214576721,0.8009999990463257,942979,0.0,0.0,0.0
2023-04-30 00:00:00+03:00,0.8009999990463257,0.8100000023841858,0.7900000214576721,0.7910000085830688,1031957,0.0,0.0,0.0
2023-05-01 00:00:00+03:00,0.7910000085830688,0.7910000085830688,0.7910000085830688,0.7910000085830688,0,0.0,0.0,0.0
2023-05-02 00:00:00+03:00,0.7789999842643738,0.7900000214576721,0.7760000228881836,0.7900000214576721,1005177,0.0,0.0,0.0
2023-05-03 00:00:00+03:00,0.7900000214576721,0.7900000214576721,0.7609999775886536,0.7710000276565552,1368652,0.0,0.0,0.0
2023-05-07 00:00:00+03:00,0.7710000276565552,0.7789999842643738,0.7409999966621399,0.7559999823570251,508483,0.0,0.0,0.0
2023-05-08 00:00:00+03:00,0.7559999823570251,0.7799999713897705,0.7680000066757202,0.7710000276565552,1356881,0.0,0.0,0.0
2023-05-09 00:00:00+03:00,0.7710000276565552,0.7799999713897705,0.7549999952316284,0.7680000066757202,1927187,0.0,0.0,0.0
2023-05-10 00:00:00+03:00,0.7680000066757202,0.7609999775886536,0.7149999737739563,0.7429999709129333,999387,0.0,0.0,0.0
2023-05-11 00:00:00+03:00,0.7429999709129333,0.7760000228881836,0.7400000095367432,0.7440000176429749,1136730,0.0,0.0,0.0
2023-05-14 00:00:00+03:00,0.7440000176429749,0.753000020980835,0.7350000143051147,0.7400000095367432,691208,0.0,0.0,0.0
2023-05-15 00:00:00+03:00,0.7400000095367432,0.75,0.7300000190734863,0.7310000061988831,976808,0.0,0.0,0.0
2023-05-16 00:00:00+03:00,0.7310000061988831,0.7400000095367432,0.7089999914169312,0.7170000076293945,1350328,0.0,0.0,0.0
2023-05-17 00:00:00+03:00,0.7170000076293945,0.7319999933242798,0.699999988079071,0.7059999704360962,1139226,0.0,0.0,0.0
2023-05-18 00:00:00+03:00,0.7059999704360962,0.722000002861023,0.7070000171661377,0.7120000123977661,561445,0.0,0.0,0.0
2023-05-21 00:00:00+03:00,0.7120000123977661,0.7200000286102295,0.7059999704360962,0.7149999737739563,562570,0.0,0.0,0.0
2023-05-22 00:00:00+03:00,0.7149999737739563,0.7670000195503235,0.7200000286102295,0.7480000257492065,2340926,0.0,0.0,0.0
2023-05-23 00:00:00+03:00,0.7480000257492065,0.7870000004768372,0.7509999871253967,0.7710000276565552,2863547,0.0,0.0,0.0
2023-05-24 00:00:00+03:00,0.7710000276565552,0.7960000038146973,0.765999972820282,0.7870000004768372,1698475,0.0,0.0,0.0
2023-05-25 00:00:00+03:00,0.7870000004768372,0.7940000295639038,0.7599999904632568,0.7710000276565552,1637682,0.0,0.0,0.0
2023-05-28 00:00:00+03:00,0.7710000276565552,0.8299999833106995,0.7609999775886536,0.8299999833106995,3846200,0.0,0.0,0.0
2023-05-29 00:00:00+03:00,0.8299999833106995,0.9700000286102295,0.8479999899864197,0.9039999842643738,10700391,0.0,0.0,0.0
2023-05-30 00:00:00+03:00,0.9039999842643738,0.9200000166893005,0.8809999823570251,0.8949999809265137,4889646,0.0,0.0,0.0
2023-05-31 00:00:00+03:00,0.8949999809265137,0.9300000071525574,0.8799999952316284,0.890999972820282,6193862,0.0,0.0,0.0
2023-06-01 00:00:00+03:00,0.890999972820282,0.9480000138282776,0.8999999761581421,0.921999990940094,8235019,0.0,0.0,0.0
2023-06-04 00:00:00+03:00,0.921999990940094,0.9599999785423279,0.925000011920929,0.9380000233650208,11043810,0.0,0.0,0.0
2023-06-05 00:00:00+03:00,0.9380000233650208,0.9440000057220459,0.8809999823570251,0.890999972820282,8499777,0.0,0.0,0.0
2023-06-06 00:00:00+03:00,0.890999972820282,0.9070000052452087,0.8610000014305115,0.8629999756813049,5281163,0.0,0.0,0.0
2023-06-07 00:00:00+03:00,0.8629999756813049,0.8880000114440918,0.8519999980926514,0.8600000143051147,2916775,0.0,0.0,0.0
2023-06-08 00:00:00+03:00,0.8600000143051147,0.8650000095367432,0.843999981880188,0.8479999899864197,1773988,0.0,0.0,0.0
2023-06-11 00:00:00+03:00,0.8479999899864197,0.8560000061988831,0.8370000123977661,0.8399999737739563,1279294,0.0,0.0,0.0
2023-06-12 00:00:00+03:00,0.8399999737739563,0.8500000238418579,0.8399999737739563,0.8479999899864197,850814,0.0,0.0,0.0
2023-06-13 00:00:00+03:00,0.8479999899864197,0.8679999709129333,0.8479999899864197,0.8500000238418579,2409080,0.0,0.0,0.0
2023-06-14 00:00:00+03:00,0.8500000238418579,0.8579999804496765,0.8399999737739563,0.847000002861023,3188441,0.0,0.0,0.0
2023-06-15 00:00:00+03:00,0.847000002861023,0.8500000238418579,0.8180000185966492,0.8299999833106995,1674589,0.0,0.0,0.0
2023-06-18 00:00:00+03:00,0.8299999833106995,0.8640000224113464,0.8259999752044678,0.8429999947547913,5662204,0.0,0.0,0.0
2023-06-19 00:00:00+03:00,0.8429999947547913,0.8500000238418579,0.8289999961853027,0.8309999704360962,1898661,0.0,0.0,0.0
2023-06-20 00:00:00+03:00,0.8309999704360962,0.8399999737739563,0.8199999928474426,0.8270000219345093,1801067,0.0,0.0,0.0
2023-06-21 00:00:00+03:00,0.8270000219345093,0.8379999995231628,0.8009999990463257,0.8080000281333923,1311198,0.0,0.0,0.0
2023-06-22 00:00:00+03:00,0.8080000281333923,0.8199999928474426,0.7829999923706055,0.8029999732971191,1088484,0.0,0.0,0.0
2023-06-25 00:00:00+03:00,0.8029999732971191,0.828000009059906,0.7960000038146973,0.8040000200271606,2430498,0.0,0.0,0.0
2023-06-26 00:00:00+03:00,0.8040000200271606,0.8100000023841858,0.7950000166893005,0.800000011920929,1472662,0.0,0.0,0.0
2023-07-04 00:00:00+03:00,0.800000011920929,0.8199999928474426,0.7950000166893005,0.8029999732971191,1439224,0.0,0.0,0.0
2023-07-05 00:00:00+03:00,0.8029999732971191,0.8180000185966492,0.7900000214576721,0.7950000166893005,622945,0.0,0.0,0.0
2023-07-06 00:00:00+03:00,0.7950000166893005,0.800000011920929,0.7720000147819519,0.7770000100135803,1562776,0.0,0.0,0.0
2023-07-09 00:00:00+03:00,0.7770000100135803,0.7799999713897705,0.6669999957084656,0.7089999914169312,984222,0.0,0.0,0.0
2023-07-10 00:00:00+03:00,0.7089999914169312,0.7350000143051147,0.6880000233650208,0.7300000190734863,659217,0.0,0.0,0.0
2023-07-11 00:00:00+03:00,0.7300000190734863,0.75,0.7200000286102295,0.7450000047683716,1489374,0.0,0.0,0.0
2023-07-12 00:00:00+03:00,0.7450000047683716,0.7440000176429749,0.7229999899864197,0.7289999723434448,888306,0.0,0.0,0.0
2023-07-13 00:00:00+03:00,0.7289999723434448,0.7599999904632568,0.7250000238418579,0.7289999723434448,364248,0.0,0.0,0.0
2023-07-16 00:00:00+03:00,0.7289999723434448,0.7429999709129333,0.7200000286102295,0.7269999980926514,754999,0.0,0.0,0.0
2023-07-17 00:00:00+03:00,0.7269999980926514,0.7450000047683716,0.7239999771118164,0.7269999980926514,648248,0.0,0.0,0.0
2023-07-18 00:00:00+03:00,0.7269999980926514,0.7620000243186951,0.7229999899864197,0.7329999804496765,807968,0.0,0.0,0.0
2023-07-19 00:00:00+03:00,0.7329999804496765,0.7329999804496765,0.7329999804496765,0.7329999804496765,0,0.0,0.0,0.0
2023-07-24 00:00:00+03:00,0.7329999804496765,0.7450000047683716,0.7269999980926514,0.7329999804496765,628077,0.0,0.0,0.0
2023-07-25 00:00:00+03:00,0.7329999804496765,0.777999997138977,0.7279999852180481,0.7720000147819519,5049985,0.0,0.0,0.0
2023-07-26 00:00:00+03:00,0.7720000147819519,0.7850000262260437,0.7519999742507935,0.7580000162124634,3009416,0.0,0.0,0.0
2023-07-27 00:00:00+03:00,0.7580000162124634,0.7649999856948853,0.7459999918937683,0.7559999823570251,2231836,0.0,0.0,0.0
2023-07-30 00:00:00+03:00,0.7559999823570251,0.7879999876022339,0.7599999904632568,0.7730000019073486,2054542,0.0,0.0,0.0
2023-07-31 00:00:00+03:00,0.7730000019073486,0.8199999928474426,0.7710000276565552,0.7799999713897705,7475283,0.0,0.0,0.0
2023-08-01 00:00:00+03:00,0.7799999713897705,0.7940000295639038,0.7680000066757202,0.7699999809265137,1174324,0.0,0.0,0.0
2023-08-02 00:00:00+03:00,0.7699999809265137,0.7720000147819519,0.7570000290870667,0.7599999904632568,684523,0.0,0.0,0.0
2023-08-03 00:00:00+03:00,0.7599999904632568,0.7699999809265137,0.7509999871253967,0.7559999823570251,621016,0.0,0.0,0.0
2023-08-06 00:00:00+03:00,0.7559999823570251,0.7770000100135803,0.7549999952316284,0.7559999823570251,331791,0.0,0.0,0.0
2023-08-07 00:00:00+03:00,0.7559999823570251,0.7710000276565552,0.7570000290870667,0.7639999985694885,442460,0.0,0.0,0.0
2023-08-08 00:00:00+03:00,0.7639999985694885,0.7850000262260437,0.7609999775886536,0.7710000276565552,1144671,0.0,0.0,0.0
2023-08-09 00:00:00+03:00,0.7710000276565552,0.7730000019073486,0.7649999856948853,0.7710000276565552,288107,0.0,0.0,0.0
2023-08-10 00:00:00+03:00,0.7710000276565552,0.7730000019073486,0.7599999904632568,0.7630000114440918,484657,0.0,0.0,0.0
2023-08-13 00:00:00+03:00,0.7630000114440918,0.75,0.699999988079071,0.7229999899864197,9082374,0.0,0.0,0.0
2023-08-14 00:00:00+03:00,0.7229999899864197,0.7149999737739563,0.7049999833106995,0.7089999914169312,4059641,0.0,0.0,0.0
2023-08-15 00:00:00+03:00,0.7089999914169312,0.7120000123977661,0.6970000267028809,0.703000009059906,2795648,0.0,0.0,0.0
2023-08-16 00:00:00+03:00,0.703000009059906,0.7099999785423279,0.6980000138282776,0.7009999752044678,2800718,0.0,0.0,0.0
2023-08-17 00:00:00+03:00,0.7009999752044678,0.7080000042915344,0.6949999928474426,0.6980000138282776,1522281,0.0,0.0,0.0
2023-08-20 00:00:00+03:00,0.6980000138282776,0.6990000009536743,0.6869999766349792,0.6890000104904175,2008634,0.0,0.0,0.0
2023-08-21 00:00:00+03:00,0.6890000104904175,0.6940000057220459,0.6830000281333923,0.6890000104904175,1820733,0.0,0.0,0.0
2023-08-22 00:00:00+03:00,0.6890000104904175,0.699999988079071,0.6909999847412109,0.6990000009536743,1361176,0.0,0.0,0.0
2023-08-23 00:00:00+03:00,0.6990000009536743,0.7170000076293945,0.6959999799728394,0.699999988079071,1908043,0.0,0.0,0.0
2023-08-24 00:00:00+03:00,0.699999988079071,0.7089999914169312,0.6830000281333923,0.6890000104904175,1364745,0.0,0.0,0.0
2023-08-27 00:00:00+03:00,0.6890000104904175,0.703000009059906,0.6850000023841858,0.6980000138282776,1510889,0.0,0.0,0.0
2023-08-28 00:00:00+03:00,0.6980000138282776,0.699999988079071,0.6880000233650208,0.6909999847412109,1798801,0.0,0.0,0.0
2023-08-29 00:00:00+03:00,0.6909999847412109,0.7200000286102295,0.6850000023841858,0.7120000123977661,3604728,0.0,0.0,0.0
2023-08-30 00:00:00+03:00,0.7120000123977661,0.746999979019165,0.7170000076293945,0.7409999966621399,4845336,0.0,0.0,0.0
2023-08-31 00:00:00+03:00,0.7409999966621399,0.7409999966621399,0.7409999966621399,0.7409999966621399,0,0.0,0.0,0.0
2023-09-03 00:00:00+03:00,0.7409999966621399,0.7580000162124634,0.722000002861023,0.7279999852180481,1989428,0.0,0.0,0.0
2023-09-04 00:00:00+03:00,0.7279999852180481,0.7350000143051147,0.7110000252723694,0.7179999947547913,1087807,0.0,0.0,0.0
2023-09-05 00:00:00+03:00,0.7179999947547913,0.7250000238418579,0.7110000252723694,0.7170000076293945,1463083,0.0,0.0,0.0
2023-09-06 00:00:00+03:00,0.7170000076293945,0.7269999980926514,0.7110000252723694,0.7139999866485596,1302627,0.0,0.0,0.0
2023-09-07 00:00:00+03:00,0.7139999866485596,0.722000002861023,0.699999988079071,0.7099999785423279,978453,0.0,0.0,0.0
2023-09-10 00:00:00+03:00,0.7099999785423279,0.7099999785423279,0.7099999785423279,0.7099999785423279,0,0.0,0.0,0.0
2023-09-11 00:00:00+03:00,0.7129999995231628,0.734000027179718,0.7120000123977661,0.7250000238418579,1989103,0.0,0.0,0.0
2023-09-12 00:00:00+03:00,0.7250000238418579,0.7269999980926514,0.7149999737739563,0.7160000205039978,1599398,0.0,0.0,0.0
2023-09-13 00:00:00+03:00,0.7160000205039978,0.7200000286102295,0.7120000123977661,0.7139999866485596,743463,0.0,0.0,0.0
2023-09-14 00:00:00+03:00,0.7139999866485596,0.718999981880188,0.7129999995231628,0.7139999866485596,383600,0.0,0.0,0.0
2023-09-17 00:00:00+03:00,0.7139999866485596,0.7300000190734863,0.7179999947547913,0.7200000286102295,1105247,0.0,0.0,0.0
2023-09-18 00:00:00+03:00,0.7200000286102295,0.7300000190734863,0.7129999995231628,0.7300000190734863,1655493,0.0,0.0,0.0
2023-09-19 00:00:00+03:00,0.7300000190734863,0.7300000190734863,0.7170000076293945,0.722000002861023,1265337,0.0,0.0,0.0
2023-09-20 00:00:00+03:00,0.722000002861023,0.722000002861023,0.722000002861023,0.722000002861023,0,0.0,0.0,0.0
2023-09-21 00:00:00+03:00,0.722000002861023,0.722000002861023,0.722000002861023,0.722000002861023,0,0.0,0.0,0.0
2023-09-24 00:00:00+03:00,0.722000002861023,0.722000002861023,0.722000002861023,0.722000002861023,0,0.0,0.0,0.0
2023-09-25 00:00:00+03:00,0.7020000219345093,0.7179999947547913,0.6970000267028809,0.7009999752044678,1158396,0.0,0.0,0.0
2023-09-26 00:00:00+03:00,0.7009999752044678,0.7049999833106995,0.6930000185966492,0.699999988079071,1590856,0.0,0.0,0.0
2023-09-27 00:00:00+03:00,0.699999988079071,0.699999988079071,0.699999988079071,0.699999988079071,0,0.0,0.0,0.0
2023-10-01 00:00:00+03:00,0.699999988079071,0.699999988079071,0.699999988079071,0.699999988079071,0,0.0,0.0,0.0
2023-10-02 00:00:00+03:00,0.6800000071525574,0.6830000281333923,0.6769999861717224,0.6790000200271606,657724,0.0,0.0,0.0
2023-10-03 00:00:00+03:00,0.6790000200271606,0.6819999814033508,0.6610000133514404,0.6710000038146973,793298,0.0,0.0,0.0
2023-10-04 00:00:00+03:00,0.6710000038146973,0.6800000071525574,0.6600000262260437,0.6710000038146973,382648,0.0,0.0,0.0
2023-10-08 00:00:00+03:00,0.6710000038146973,0.6800000071525574,0.6119999885559082,0.6230000257492065,1154742,0.0,0.0,0.0
2023-10-09 00:00:00+03:00,0.6230000257492065,0.6600000262260437,0.621999979019165,0.6230000257492065,265190,0.0,0.0,0.0
2023-10-10 00:00:00+03:00,0.6230000257492065,0.6399999856948853,0.625,0.6309999823570251,491303,0.0,0.0,0.0
2023-10-11 00:00:00+03:00,0.6309999823570251,0.6399999856948853,0.6269999742507935,0.6320000290870667,792665,0.0,0.0,0.0
2023-10-12 00:00:00+03:00,0.6320000290870667,0.640999972820282,0.6299999952316284,0.6380000114440918,591037,0.0,0.0,0.0
2023-10-15 00:00:00+03:00,0.6380000114440918,0.640999972820282,0.6309999823570251,0.6349999904632568,638877,0.0,0.0,0.0
2023-10-16 00:00:00+03:00,0.6349999904632568,0.6470000147819519,0.628000020980835,0.6309999823570251,876311,0.0,0.0,0.0
2023-10-17 00:00:00+03:00,0.6309999823570251,0.6430000066757202,0.6330000162124634,0.6389999985694885,603895,0.0,0.0,0.0
2023-10-18 00:00:00+03:00,0.6389999985694885,0.6399999856948853,0.6299999952316284,0.6320000290870667,834303,0.0,0.0,0.0
2023-10-19 00:00:00+03:00,0.6320000290870667,0.6320000290870667,0.6320000290870667,0.6320000290870667,0,0.0,0.0,0.0
2023-10-22 00:00:00+03:00,0.6309999823570251,0.6499999761581421,0.625,0.6389999985694885,1487669,0.0,0.0,0.0
2023-10-23 00:00:00+03:00,0.6389999985694885,0.6449999809265137,0.6330000162124634,0.6370000243186951,1405279,0.0,0.0,0.0
2023-10-24 00:00:00+03:00,0.6370000243186951,0.6520000100135803,0.6200000047683716,0.6259999871253967,1309174,0.0,0.0,0.0
2023-10-25 00:00:00+03:00,0.6259999871253967,0.6489999890327454,0.621999979019165,0.6389999985694885,2893401,0.0,0.0,0.0
2023-10-26 00:00:00+03:00,0.6389999985694885,0.6800000071525574,0.6349999904632568,0.6710000038146973,2599397,0.0,0.0,0.0
2023-10-29 00:00:00+02:00,0.6710000038146973,0.6790000200271606,0.6520000100135803,0.6710000038146973,1329080,0.0,0.0,0.0
2023-10-30 00:00:00+02:00,0.6710000038146973,0.6940000057220459,0.6679999828338623,0.6830000281333923,1594208,0.0,0.0,0.0
2023-10-31 00:00:00+02:00,0.6830000281333923,0.6890000104904175,0.6610000133514404,0.6650000214576721,1002448,0.0,0.0,0.0
2023-11-01 00:00:00+02:00,0.6650000214576721,0.6679999828338623,0.6510000228881836,0.6539999842643738,718866,0.0,0.0,0.0
2023-11-02 00:00:00+02:00,0.6539999842643738,0.6650000214576721,0.6499999761581421,0.656000018119812,826888,0.0,0.0,0.0
2023-11-05 00:00:00+02:00,0.656000018119812,0.6800000071525574,0.6650000214576721,0.6769999861717224,1407353,0.0,0.0,0.0
2023-11-06 00:00:00+02:00,0.6769999861717224,0.6869999766349792,0.6790000200271606,0.6819999814033508,1090290,0.0,0.0,0.0
2023-11-07 00:00:00+02:00,0.6819999814033508,0.6890000104904175,0.6700000166893005,0.675000011920929,660977,0.0,0.0,0.0
2023-11-08 00:00:00+02:00,0.675000011920929,0.6850000023841858,0.671999990940094,0.6729999780654907,1721155,0.0,0.0,0.0
2023-11-09 00:00:00+02:00,0.6729999780654907,0.6899999976158142,0.671999990940094,0.6769999861717224,1568608,0.0,0.0,0.0
2023-11-12 00:00:00+02:00,0.6769999861717224,0.6859999895095825,0.6669999957084656,0.6700000166893005,1648308,0.0,0.0,0.0
2023-11-13 00:00:00+02:00,0.6700000166893005,0.6790000200271606,0.6610000133514404,0.6700000166893005,1836337,0.0,0.0,0.0
2023-11-14 00:00:00+02:00,0.6700000166893005,0.6779999732971191,0.6629999876022339,0.6690000295639038,1642934,0.0,0.0,0.0
2023-11-15 00:00:00+02:00,0.6690000295639038,0.6840000152587891,0.6690000295639038,0.6800000071525574,1701723,0.0,0.0,0.0
2023-11-16 00:00:00+02:00,0.6800000071525574,0.7229999899864197,0.6759999990463257,0.7129999995231628,4028543,0.0,0.0,0.0
2023-11-19 00:00:00+02:00,0.7129999995231628,0.7390000224113464,0.7139999866485596,0.7179999947547913,3723853,0.0,0.0,0.0
2023-11-20 00:00:00+02:00,0.7179999947547913,0.7229999899864197,0.6919999718666077,0.699999988079071,3388163,0.0,0.0,0.0
2023-11-21 00:00:00+02:00,0.699999988079071,0.7149999737739563,0.6859999895095825,0.699999988079071,2028907,0.0,0.0,0.0
2023-11-22 00:00:00+02:00,0.699999988079071,0.7269999980926514,0.6940000057220459,0.722000002861023,3577600,0.0,0.0,0.0
2023-11-23 00:00:00+02:00,0.722000002861023,0.734000027179718,0.7170000076293945,0.7289999723434448,2708873,0.0,0.0,0.0
2023-11-26 00:00:00+02:00,0.7289999723434448,0.7409999966621399,0.7250000238418579,0.7260000109672546,2044266,0.0,0.0,0.0
2023-11-27 00:00:00+02:00,0.7260000109672546,0.7369999885559082,0.7250000238418579,0.7300000190734863,3480994,0.0,0.0,0.0
2023-11-28 00:00:00+02:00,0.7300000190734863,0.7749999761581421,0.7269999980926514,0.7699999809265137,4178107,0.0,0.0,0.0
2023-11-29 00:00:00+02:00,0.7699999809265137,0.7699999809265137,0.7300000190734863,0.7419999837875366,3585331,0.0,0.0,0.0
2023-11-30 00:00:00+02:00,0.7419999837875366,0.7599999904632568,0.7300000190734863,0.7379999756813049,4056500,0.0,0.0,0.0
2023-12-03 00:00:00+02:00,0.7379999756813049,0.7570000290870667,0.7310000061988831,0.7369999885559082,1074949,0.0,0.0,0.0
2023-12-04 00:00:00+02:00,0.7369999885559082,0.7519999742507935,0.7379999756813049,0.7409999966621399,1458460,0.0,0.0,0.0
2023-12-05 00:00:00+02:00,0.7409999966621399,0.746999979019165,0.7379999756813049,0.7400000095367432,1680021,0.0,0.0,0.0
2023-12-06 00:00:00+02:00,0.7400000095367432,0.746999979019165,0.722000002861023,0.7269999980926514,2970694,0.0,0.0,0.0
2023-12-07 00:00:00+02:00,0.7269999980926514,0.7450000047683716,0.7009999752044678,0.722000002861023,3737584,0.0,0.0,0.0
2023-12-10 00:00:00+02:00,0.722000002861023,0.734000027179718,0.7160000205039978,0.7229999899864197,2487265,0.0,0.0,0.0
2023-12-11 00:00:00+02:00,0.7229999899864197,0.7229999899864197,0.7049999833106995,0.7129999995231628,1126927,0.0,0.0,0.0
2023-12-12 00:00:00+02:00,0.7129999995231628,0.7229999899864197,0.7080000042915344,0.7160000205039978,801278,0.0,0.0,0.0
2023-12-13 00:00:00+02:00,0.7160000205039978,0.7369999885559082,0.7179999947547913,0.7200000286102295,1691401,0.0,0.0,0.0
2023-12-14 00:00:00+02:00,0.7200000286102295,0.7360000014305115,0.7200000286102295,0.7329999804496765,1528610,0.0,0.0,0.0
2023-12-17 00:00:00+02:00,0.7329999804496765,0.7459999918937683,0.7289999723434448,0.7429999709129333,3102981,0.0,0.0,0.0
2023-12-18 00:00:00+02:00,0.7429999709129333,0.75,0.7329999804496765,0.734000027179718,2037463,0.0,0.0,0.0
2023-12-19 00:00:00+02:00,0.734000027179718,0.7379999756813049,0.7200000286102295,0.7210000157356262,1653751,0.0,0.0,0.0
2023-12-20 00:00:00+02:00,0.7210000157356262,0.7319999933242798,0.7149999737739563,0.718999981880188,1829096,0.0,0.0,0.0
2023-12-21 00:00:00+02:00,0.718999981880188,0.722000002861023,0.7080000042915344,0.7110000252723694,1079475,0.0,0.0,0.0
2023-12-24 00:00:00+02:00,0.7110000252723694,0.7110000252723694,0.7110000252723694,0.7110000252723694,0,0.0,0.0,0.0
2023-12-25 00:00:00+02:00,0.7009999752044678,0.703000009059906,0.6819999814033508,0.6890000104904175,773370,0.0,0.0,0.0
2023-12-26 00:00:00+02:00,0.6890000104904175,0.699999988079071,0.6850000023841858,0.6890000104904175,422824,0.0,0.0,0.0
2023-12-27 00:00:00+02:00,0.6890000104904175,0.699999988079071,0.6850000023841858,0.6869999766349792,818693,0.0,0.0,0.0
2023-12-28 00:00:00+02:00,0.6869999766349792,0.7009999752044678,0.6869999766349792,0.6959999799728394,760707,0.0,0.0,0.0
2023-12-31 00:00:00+02:00,0.6959999799728394,0.7170000076293945,0.6909999847412109,0.6959999799728394,319945,0.0,0.0,0.0
2024-01-02 00:00:00+02:00,0.6959999799728394,0.722000002861023,0.699999988079071,0.7200000286102295,1439757,0.0,0.0,0.0
2024-01-03 00:00:00+02:00,0.7200000286102295,0.7850000262260437,0.7149999737739563,0.7760000228881836,5910070,0.0,0.0,0.0
2024-01-04 00:00:00+02:00,0.7760000228881836,0.7950000166893005,0.7699999809265137,0.7799999713897705,5149115,0.0,0.0,0.0
2024-01-08 00:00:00+02:00,0.7799999713897705,0.7910000085830688,0.7639999985694885,0.7879999876022339,3151532,0.0,0.0,0.0
2024-01-09 00:00:00+02:00,0.7879999876022339,0.7929999828338623,0.7789999842643738,0.7799999713897705,2280807,0.0,0.0,0.0
2024-01-10 00:00:00+02:00,0.7799999713897705,0.8149999976158142,0.7699999809265137,0.8090000152587891,4832907,0.0,0.0,0.0
2024-01-11 00:00:00+02:00,0.8090000152587891,0.8299999833106995,0.7710000276565552,0.7829999923706055,5961101,0.0,0.0,0.0
2024-01-14 00:00:00+02:00,0.7829999923706055,0.8199999928474426,0.7850000262260437,0.8169999718666077,3014994,0.0,0.0,0.0
2024-01-15 00:00:00+02:00,0.8169999718666077,0.8199999928474426,0.800000011920929,0.8119999766349792,2773111,0.0,0.0,0.0
2024-01-16 00:00:00+02:00,0.8119999766349792,0.8220000267028809,0.800000011920929,0.8220000267028809,3429830,0.0,0.0,0.0
2024-01-17 00:00:00+02:00,0.8220000267028809,0.828000009059906,0.7699999809265137,0.7940000295639038,3924914,0.0,0.0,0.0
2024-01-18 00:00:00+02:00,0.7940000295639038,0.8090000152587891,0.7799999713897705,0.7940000295639038,2048893,0.0,0.0,0.0
2024-01-21 00:00:00+02:00,0.7940000295639038,0.8320000171661377,0.8009999990463257,0.8289999961853027,5190560,0.0,0.0,0.0
2024-01-22 00:00:00+02:00,0.8289999961853027,0.8600000143051147,0.8199999928474426,0.8550000190734863,6263425,0.0,0.0,0.0
2024-01-23 00:00:00+02:00,0.8550000190734863,0.9390000104904175,0.8500000238418579,0.9300000071525574,9582146,0.0,0.0,0.0
2024-01-24 00:00:00+02:00,0.9300000071525574,0.9869999885559082,0.8999999761581421,0.9769999980926514,8936149,0.0,0.0,0.0
2024-01-28 00:00:00+02:00,0.9769999980926514,1.0460000038146973,0.9100000262260437,1.0410000085830688,5849263,0.0,0.0,0.0
2024-01-29 00:00:00+02:00,1.0410000085830688,1.1069999933242798,1.0199999809265137,1.0820000171661377,5536199,0.0,0.0,0.0
2024-01-30 00:00:00+02:00,1.0820000171661377,1.1180000305175781,1.0399999618530273,1.0829999446868896,5116904,0.0,0.0,0.0
2024-01-31 00:00:00+02:00,1.0829999446868896,1.090000033378601,0.9200000166893005,1.0190000534057617,5401652,0.0,0.0,0.0
2024-02-01 00:00:00+02:00,1.0190000534057617,1.024999976158142,0.9120000004768372,1.0099999904632568,2913125,0.0,0.0,0.0
2024-02-04 00:00:00+02:00,1.0099999904632568,1.2000000476837158,0.9810000061988831,1.1510000228881836,3816314,0.0,0.0,0.0
2024-02-05 00:00:00+02:00,1.1510000228881836,1.1699999570846558,1.0520000457763672,1.1410000324249268,6063459,0.0,0.0,0.0
2024-02-06 00:00:00+02:00,1.1410000324249268,1.159000039100647,1.100000023841858,1.11899995803833,2611364,0.0,0.0,0.0
2024-02-07 00:00:00+02:00,1.11899995803833,1.1430000066757202,1.0800000429153442,1.0950000286102295,2396316,0.0,0.0,0.0
2024-02-08 00:00:00+02:00,1.0950000286102295,1.1799999475479126,1.0829999446868896,1.1410000324249268,3435086,0.0,0.0,0.0
2024-02-11 00:00:00+02:00,1.1410000324249268,1.1799999475479126,1.1080000400543213,1.1109999418258667,2890940,0.0,0.0,0.0
2024-02-12 00:00:00+02:00,1.1109999418258667,1.1469999551773071,1.0850000381469727,1.090000033378601,2067454,0.0,0.0,0.0
2024-02-13 00:00:00+02:00,1.090000033378601,1.1390000581741333,1.0700000524520874,1.128999948501587,1519078,0.0,0.0,0.0
2024-02-14 00:00:00+02:00,1.128999948501587,1.1629999876022339,1.1180000305175781,1.1579999923706055,2425941,0.0,0.0,0.0
2024-02-15 00:00:00+02:00,1.1579999923706055,1.2000000476837158,1.159999966621399,1.1890000104904175,2563438,0.0,0.0,0.0
2024-02-18 00:00:00+02:00,1.1890000104904175,1.1890000104904175,1.1890000104904175,1.1890000104904175,0,0.0,0.0,0.0
2024-02-19 00:00:00+02:00,1.1720000505447388,1.2100000381469727,1.1710000038146973,1.2029999494552612,1511361,0.0,0.0,0.0
2024-02-20 00:00:00+02:00,1.2029999494552612,1.2699999809265137,1.1799999475479126,1.2510000467300415,2003089,0.0,0.0,0.0
2024-02-21 00:00:00+02:00,1.2510000467300415,1.2970000505447388,1.2309999465942383,1.246999979019165,2053125,0.0,0.0,0.0
2024-02-22 00:00:00+02:00,1.246999979019165,1.402999997138977,1.25,1.3990000486373901,4914177,0.0,0.0,0.0
2024-02-25 00:00:00+02:00,1.3990000486373901,1.465000033378601,1.13100004196167,1.3669999837875366,2661365,0.0,0.0,0.0
2024-02-26 00:00:00+02:00,1.3669999837875366,1.590000033378601,1.350000023841858,1.5010000467300415,7075862,0.0,0.0,0.0
2024-02-27 00:00:00+02:00,1.5010000467300415,1.5199999809265137,1.309999942779541,1.3739999532699585,3122775,0.0,0.0,0.0
2024-02-28 00:00:00+02:00,1.3739999532699585,1.5,1.3580000400543213,1.3839999437332153,3412301,0.0,0.0,0.0
2024-02-29 00:00:00+02:00,1.3839999437332153,1.4299999475479126,1.3300000429153442,1.3899999856948853,4066588,0.0,0.0,0.0
2024-03-03 00:00:00+02:00,1.3899999856948853,1.399999976158142,1.3359999656677246,1.3899999856948853,1663781,0.0,0.0,0.0
2024-03-04 00:00:00+02:00,1.3899999856948853,1.5199999809265137,1.3739999532699585,1.4529999494552612,2915571,0.0,0.0,0.0
2024-03-05 00:00:00+02:00,1.4529999494552612,1.4800000190734863,1.4149999618530273,1.444000005722046,1936639,0.0,0.0,0.0
2024-03-06 00:00:00+02:00,1.444000005722046,1.6100000143051147,1.406999945640564,1.4889999628067017,5050224,0.0,0.0,0.0
2024-03-07 00:00:00+02:00,1.4889999628067017,1.5570000410079956,1.4509999752044678,1.4950000047683716,6078372,0.0,0.0,0.0
2024-03-10 00:00:00+02:00,1.4950000047683716,1.559000015258789,1.5,1.5019999742507935,4233534,0.0,0.0,0.0
2024-03-11 00:00:00+02:00,1.5019999742507935,1.5470000505447388,1.3009999990463257,1.5169999599456787,885740,0.0,0.0,0.0
2024-03-12 00:00:00+02:00,1.5169999599456787,1.559000015258789,1.465000033378601,1.4709999561309814,1859612,0.0,0.0,0.0
2024-03-13 00:00:00+02:00,1.4709999561309814,1.5089999437332153,1.4450000524520874,1.4769999980926514,2541161,0.0,0.0,0.0
2024-03-14 00:00:00+02:00,1.4769999980926514,1.7480000257492065,1.5049999952316284,1.74399995803833,10318748,0.0,0.0,0.0
2024-03-17 00:00:00+02:00,1.74399995803833,1.9700000286102295,1.74399995803833,1.8070000410079956,5724454,0.0,0.0,0.0
2024-03-18 00:00:00+02:00,1.8070000410079956,1.8890000581741333,1.5800000429153442,1.621000051498413,3266920,0.0,0.0,0.0
2024-03-19 00:00:00+02:00,1.621000051498413,1.6799999475479126,1.5800000429153442,1.6360000371932983,1554167,0.0,0.0,0.0
2024-03-20 00:00:00+02:00,1.6360000371932983,1.9600000381469727,1.6660000085830688,1.8980000019073486,4557358,0.0,0.0,0.0
2024-03-21 00:00:00+02:00,1.8980000019073486,2.1700000762939453,1.8329999446868896,2.0139999389648438,10113581,0.0,0.0,0.0
2024-03-24 00:00:00+02:00,2.0139999389648438,2.0399999618530273,1.8300000429153442,1.8600000143051147,7063119,0.0,0.0,0.0
2024-03-25 00:00:00+02:00,1.8600000143051147,1.8899999856948853,1.7400000095367432,1.8799999952316284,4786313,0.0,0.0,0.0
2024-03-26 00:00:00+02:00,1.8799999952316284,1.899999976158142,1.7400000095367432,1.7799999713897705,5179873,0.0,0.0,0.0
2024-03-27 00:00:00+02:00,1.7799999713897705,1.8700000047683716,1.7200000286102295,1.75,3571540,0.0,0.0,0.0
2024-03-28 00:00:00+02:00,1.75,1.809999942779541,1.6299999952316284,1.6399999856948853,2799841,0.0,0.0,0.0
2024-03-31 00:00:00+02:00,1.6399999856948853,1.6799999475479126,1.5199999809265137,1.569000005722046,2255825,0.0,0.0,0.0
2024-04-01 00:00:00+02:00,1.569000005722046,1.6299999952316284,1.559999942779541,1.5870000123977661,1829800,0.0,0.0,0.0
2024-04-02 00:00:00+02:00,1.5870000123977661,1.7699999809265137,1.5800000429153442,1.656000018119812,5000389,0.0,0.0,0.0
2024-04-03 00:00:00+02:00,1.656000018119812,1.7200000286102295,1.6299999952316284,1.656999945640564,2451976,0.0,0.0,0.0
2024-04-04 00:00:00+02:00,1.656999945640564,1.7690000534057617,1.6990000009536743,1.7059999704360962,11330227,0.0,0.0,0.0
2024-04-07 00:00:00+02:00,1.7059999704360962,1.840000033378601,1.75,1.7860000133514404,5932609,0.0,0.0,0.0
2024-04-08 00:00:00+02:00,1.7860000133514404,1.8680000305175781,1.7949999570846558,1.8550000190734863,2390090,0.0,0.0,0.0
2024-04-15 00:00:00+02:00,1.8550000190734863,1.899999976158142,1.8329999446868896,1.8589999675750732,2501933,0.0,0.0,0.0
2024-04-16 00:00:00+02:00,1.8589999675750732,1.9639999866485596,1.8450000286102295,1.9479999542236328,5003329,0.0,0.0,0.0
2024-04-17 00:00:00+02:00,1.9479999542236328,2.0399999618530273,1.9129999876022339,2.0299999713897705,7261414,0.0,0.0,0.0
2024-04-18 00:00:00+02:00,2.0299999713897705,2.0789999961853027,1.850000023841858,2.0299999713897705,7059097,0.0,0.0,0.0
2024-04-21 00:00:00+02:00,2.0299999713897705,2.069999933242798,1.940000057220459,2.0,2582704,0.0,0.0,0.0
2024-04-22 00:00:00+02:00,2.0,2.0399999618530273,1.9500000476837158,2.009999990463257,1240362,0.0,0.0,0.0
2024-04-23 00:00:00+02:00,2.009999990463257,2.009999990463257,1.899999976158142,1.9299999475479126,1608982,0.0,0.0,0.0
2024-04-24 00:00:00+02:00,1.9299999475479126,2.1600000858306885,1.7999999523162842,2.130000114440918,3792948,0.0,0.0,0.0
2024-04-28 00:00:00+03:00,2.130000114440918,2.130000114440918,2.130000114440918,2.130000114440918,0,0.0,0.0,0.0
2024-04-29 00:00:00+03:00,2.180000066757202,2.2799999713897705,2.119999885559082,2.190000057220459,3673548,0.0,0.0,0.0
2024-04-30 00:00:00+03:00,2.190000057220459,2.2300000190734863,2.0899999141693115,2.0999999046325684,2269023,0.0,0.0,0.0
2024-05-02 00:00:00+03:00,2.0399999618530273,2.190000057220459,2.059999942779541,2.140000104904175,3163612,0.0,0.0,0.0
2024-05-07 00:00:00+03:00,2.140000104904175,2.2699999809265137,2.130000114440918,2.259999990463257,2176053,0.0,0.0,0.0
2024-05-08 00:00:00+03:00,2.259999990463257,2.3299999237060547,2.2100000381469727,2.2799999713897705,2677352,0.0,0.0,0.0
2024-05-09 00:00:00+03:00,2.2799999713897705,2.369999885559082,2.2200000286102295,2.25,3736912,0.0,0.0,0.0
2024-05-12 00:00:00+03:00,2.25,2.299999952316284,2.180000066757202,2.190000057220459,1658364,0.0,0.0,0.0
2024-05-13 00:00:00+03:00,2.190000057220459,2.25,2.1600000858306885,2.2100000381469727,1577433,0.0,0.0,0.0
2024-05-14 00:00:00+03:00,2.2100000381469727,2.25,2.200000047683716,2.200000047683716,721019,0.0,0.0,0.0
2024-05-15 00:00:00+03:00,2.200000047683716,2.25,2.2100000381469727,2.2200000286102295,1297861,0.0,0.0,0.0
2024-05-16 00:00:00+03:00,2.2200000286102295,2.2799999713897705,2.190000057220459,2.2300000190734863,1965061,0.0,0.0,0.0
2024-05-19 00:00:00+03:00,2.2300000190734863,2.2699999809265137,2.2300000190734863,2.25,659377,0.0,0.0,0.0
2024-05-20 00:00:00+03:00,2.25,2.309999942779541,2.2100000381469727,2.2100000381469727,1588207,0.0,0.0,0.0
2024-05-21 00:00:00+03:00,2.2100000381469727,2.2300000190734863,2.130000114440918,2.1500000953674316,1208051,0.0,0.0,0.0
2024-05-22 00:00:00+03:00,2.1500000953674316,2.25,2.130000114440918,2.140000104904175,1674744,0.0,0.0,0.0
2024-05-23 00:00:00+03:00,2.140000104904175,2.200000047683716,2.130000114440918,2.1700000762939453,800627,0.0,0.0,0.0
2024-05-26 00:00:00+03:00,2.1700000762939453,2.1700000762939453,2.1700000762939453,2.1700000762939453,0,0.0,0.0,0.0
2024-05-27 00:00:00+03:00,2.119999885559082,2.25,2.1600000858306885,2.200000047683716,1282454,0.0,0.0,0.0
2024-05-28 00:00:00+03:00,2.200000047683716,2.200000047683716,2.140000104904175,2.1500000953674316,491163,0.0,0.0,0.0
2024-05-29 00:00:00+03:00,2.1500000953674316,2.190000057220459,2.119999885559082,2.140000104904175,834117,0.0,0.0,0.0
2024-05-30 00:00:00+03:00,2.140000104904175,2.1500000953674316,2.069999933242798,2.0999999046325684,579196,0.0,0.0,0.0
2024-06-02 00:00:00+03:00,2.0999999046325684,2.2300000190734863,2.0299999713897705,2.069999933242798,880450,0.0,0.0,0.0
2024-06-03 00:00:00+03:00,2.069999933242798,2.1500000953674316,2.049999952316284,2.119999885559082,980735,0.0,0.0,0.0
2024-06-04 00:00:00+03:00,2.119999885559082,2.2699999809265137,2.119999885559082,2.25,2140450,0.0,0.0,0.0
2024-06-05 00:00:00+03:00,2.25,2.2799999713897705,2.1700000762939453,2.190000057220459,673473,0.0,0.0,0.0
2024-06-06 00:00:00+03:00,2.190000057220459,2.200000047683716,2.109999895095825,2.119999885559082,5047577,0.0,0.0,0.0
2024-06-09 00:00:00+03:00,2.119999885559082,2.2799999713897705,2.140000104904175,2.180000066757202,2994930,0.0,0.0,0.0
2024-06-10 00:00:00+03:00,2.180000066757202,2.2699999809265137,2.1700000762939453,2.25,666681,0.0,0.0,0.0
2024-06-11 00:00:00+03:00,2.25,2.450000047683716,2.25,2.4000000953674316,2672850,0.0,0.0,0.0
2024-06-12 00:00:00+03:00,2.4000000953674316,2.4700000286102295,2.299999952316284,2.450000047683716,1359041,0.0,0.0,0.0
2024-06-13 00:00:00+03:00,2.450000047683716,2.5899999141693115,2.450000047683716,2.5799999237060547,4705135,0.0,0.0,0.0
2024-06-23 00:00:00+03:00,2.5799999237060547,2.75,2.5,2.640000104904175,2503619,0.0,0.0,0.0
2024-06-24 00:00:00+03:00,2.640000104904175,2.640000104904175,2.509999990463257,2.5299999713897705,1333512,0.0,0.0,0.0
2024-06-25 00:00:00+03:00,2.5299999713897705,2.619999885559082,2.490000009536743,2.5999999046325684,1294874,0.0,0.0,0.0
2024-06-26 00:00:00+03:00,2.5999999046325684,2.5999999046325684,2.559999942779541,2.569999933242798,841903,0.0,0.0,0.0
2024-06-27 00:00:00+03:00,2.569999933242798,2.5899999141693115,2.509999990463257,2.559999942779541,1032437,0.0,0.0,0.0
2024-07-02 00:00:00+03:00,2.6600000858306885,2.799999952316284,2.6500000953674316,2.6700000762939453,1938473,0.0,0.0,0.0
2024-07-03 00:00:00+03:00,2.6700000762939453,2.7200000286102295,2.569999933242798,2.5999999046325684,933807,0.0,0.0,0.0
2024-07-04 00:00:00+03:00,2.5999999046325684,2.640000104904175,2.5199999809265137,2.619999885559082,1019523,0.0,0.0,0.0
2024-07-07 00:00:00+03:00,2.619999885559082,2.619999885559082,2.4700000286102295,2.559999942779541,810897,0.0,0.0,0.0
2024-07-08 00:00:00+03:00,2.559999942779541,2.5899999141693115,2.4700000286102295,2.559999942779541,1398699,0.0,0.0,0.0
2024-07-09 00:00:00+03:00,2.559999942779541,2.619999885559082,2.5199999809265137,2.549999952316284,466920,0.0,0.0,0.0
2024-07-10 00:00:00+03:00,2.549999952316284,2.569999933242798,2.4700000286102295,2.5,623933,0.0,0.0,0.0
2024-07-14 00:00:00+03:00,2.5,2.5,2.450000047683716,2.4600000381469727,484460,0.0,0.0,0.0
2024-07-15 00:00:00+03:00,2.4600000381469727,2.5,2.4000000953674316,2.450000047683716,1226051,0.0,0.0,0.0
2024-07-16 00:00:00+03:00,2.450000047683716,2.5,2.430000066757202,2.4700000286102295,708710,0.0,0.0,0.0
2024-07-17 00:00:00+03:00,2.4700000286102295,2.5299999713897705,2.4600000381469727,2.4700000286102295,788983,0.0,0.0,0.0
2024-07-18 00:00:00+03:00,2.4700000286102295,2.5799999237060547,2.4800000190734863,2.509999990463257,945886,0.0,0.0,0.0
2024-07-21 00:00:00+03:00,2.509999990463257,2.5999999046325684,2.5,2.509999990463257,976847,0.0,0.0,0.0
2024-07-22 00:00:00+03:00,2.509999990463257,2.569999933242798,2.490000009536743,2.5199999809265137,1147802,0.0,0.0,0.0
2024-07-23 00:00:00+03:00,2.5199999809265137,2.700000047683716,2.5,2.690000057220459,2652089,0.0,0.0,0.0
2024-07-24 00:00:00+03:00,2.690000057220459,2.799999952316284,2.680000066757202,2.740000009536743,2309711,0.0,0.0,0.0
2024-07-28 00:00:00+03:00,2.740000009536743,2.7899999618530273,2.700000047683716,2.740000009536743,1319961,0.0,0.0,0.0
2024-07-29 00:00:00+03:00,2.740000009536743,2.9200000762939453,2.7699999809265137,2.9100000858306885,2355364,0.0,0.0,0.0
2024-07-30 00:00:00+03:00,2.9100000858306885,3.0,2.799999952316284,2.8499999046325684,2374043,0.0,0.0,0.0
2024-07-31 00:00:00+03:00,2.8499999046325684,2.880000114440918,2.7699999809265137,2.8399999141693115,2731821,0.0,0.0,0.0
2024-08-01 00:00:00+03:00,2.8399999141693115,2.9600000381469727,2.809999942779541,2.940000057220459,1706075,0.0,0.0,0.0
2024-08-04 00:00:00+03:00,2.940000057220459,2.930000066757202,2.799999952316284,2.869999885559082,976333,0.0,0.0,0.0
2024-08-05 00:00:00+03:00,2.869999885559082,2.8499999046325684,2.4100000858306885,2.8299999237060547,800900,0.0,0.0,0.0
2024-08-06 00:00:00+03:00,2.8299999237060547,2.9000000953674316,2.759999990463257,2.8399999141693115,1065017,0.0,0.0,0.0
2024-08-07 00:00:00+03:00,2.8399999141693115,2.9000000953674316,2.8299999237060547,2.8399999141693115,775801,0.0,0.0,0.0
2024-08-08 00:00:00+03:00,2.8399999141693115,3.140000104904175,2.8499999046325684,3.140000104904175,3941309,0.0,0.0,0.0
2024-08-11 00:00:00+03:00,3.140000104904175,3.3399999141693115,3.0899999141693115,3.1500000953674316,4544849,0.0,0.0,0.0
2024-08-12 00:00:00+03:00,3.1500000953674316,3.2200000286102295,3.0399999618530273,3.0999999046325684,1969281,0.0,0.0,0.0
2024-08-13 00:00:00+03:00,3.0999999046325684,3.0999999046325684,2.9700000286102295,3.0199999809265137,2236233,0.0,0.0,0.0
2024-08-14 00:00:00+03:00,3.0199999809265137,3.069999933242798,2.940000057220459,3.0,1313239,0.0,0.0,0.0
2024-08-15 00:00:00+03:00,3.0,3.0999999046325684,2.9800000190734863,3.0899999141693115,1411384,0.0,0.0,0.0
2024-08-18 00:00:00+03:00,3.0899999141693115,3.0999999046325684,3.009999990463257,3.0399999618530273,713828,0.0,0.0,0.0
2024-08-19 00:00:00+03:00,3.0399999618530273,3.0899999141693115,2.930000066757202,2.9800000190734863,1519865,0.0,0.0,0.0
2024-08-20 00:00:00+03:00,2.9800000190734863,3.0899999141693115,2.9600000381469727,3.0799999237060547,1359454,0.0,0.0,0.0
2024-08-21 00:00:00+03:00,3.0799999237060547,3.0999999046325684,2.990000009536743,3.0299999713897705,1161097,0.0,0.0,0.0
2024-08-22 00:00:00+03:00,3.0299999713897705,3.2899999618530273,3.0,3.0299999713897705,5000591,0.0,0.0,0.0
2024-08-25 00:00:00+03:00,3.0299999713897705,3.0899999141693115,2.9200000762939453,2.9600000381469727,1246539,0.0,0.0,0.0
2024-08-26 00:00:00+03:00,2.9600000381469727,3.0299999713897705,2.9100000858306885,2.9200000762939453,1023035,0.0,0.0,0.0
2024-08-27 00:00:00+03:00,2.9200000762939453,2.9800000190734863,2.8499999046325684,2.9800000190734863,1376154,0.0,0.0,0.0
2024-08-28 00:00:00+03:00,2.9800000190734863,3.069999933242798,2.9800000190734863,3.0299999713897705,1859578,0.0,0.0,0.0
2024-08-29 00:00:00+03:00,3.0299999713897705,3.049999952316284,2.9600000381469727,3.009999990463257,749320,0.0,0.0,0.0
2024-09-01 00:00:00+03:00,3.009999990463257,3.049999952316284,2.9600000381469727,2.990000009536743,342752,0.0,0.0,0.0
2024-09-02 00:00:00+03:00,2.990000009536743,3.0299999713897705,2.9200000762939453,2.940000057220459,972421,0.0,0.0,0.0
2024-09-03 00:00:00+03:00,2.940000057220459,3.0,2.940000057220459,2.9600000381469727,611444,0.0,0.0,0.0
2024-09-04 00:00:00+03:00,2.9600000381469727,3.009999990463257,2.9600000381469727,2.9700000286102295,788168,0.0,0.0,0.0
2024-09-05 00:00:00+03:00,2.9700000286102295,3.009999990463257,2.940000057220459,2.9700000286102295,738788,0.0,0.0,0.0
2024-09-08 00:00:00+03:00,2.9700000286102295,2.990000009536743,2.9000000953674316,2.930000066757202,427497,0.0,0.0,0.0
2024-09-09 00:00:00+03:00,2.930000066757202,2.9700000286102295,2.9100000858306885,2.940000057220459,302863,0.0,0.0,0.0
2024-09-10 00:00:00+03:00,2.940000057220459,2.9700000286102295,2.9200000762939453,2.930000066757202,131073,0.0,0.0,0.0
2024-09-11 00:00:00+03:00,2.930000066757202,2.9600000381469727,2.9000000953674316,2.930000066757202,107468,0.0,0.0,0.0
2024-09-12 00:00:00+03:00,2.930000066757202,2.9600000381469727,2.9000000953674316,2.9100000858306885,244542,0.0,0.0,0.0
2024-09-16 00:00:00+03:00,2.9100000858306885,2.9700000286102295,2.9100000858306885,2.9600000381469727,347227,0.0,0.0,0.0
2024-09-17 00:00:00+03:00,2.9600000381469727,3.1700000762939453,2.940000057220459,3.0299999713897705,2454563,0.0,0.0,0.0
2024-09-18 00:00:00+03:00,3.0299999713897705,3.0999999046325684,3.0,3.0399999618530273,643578,0.0,0.0,0.0
2024-09-19 00:00:00+03:00,3.0399999618530273,3.0899999141693115,3.009999990463257,3.0399999618530273,582404,0.0,0.0,0.0
2024-09-22 00:00:00+03:00,3.0399999618530273,3.0899999141693115,3.0299999713897705,3.059999942779541,643531,0.0,0.0,0.0
2024-09-23 00:00:00+03:00,3.059999942779541,3.0899999141693115,3.0199999809265137,3.0399999618530273,314749,0.0,0.0,0.0
2024-09-24 00:00:00+03:00,3.009999990463257,3.059999942779541,2.9800000190734863,3.0,519871,0.0,0.0,0.0
2024-09-25 00:00:00+03:00,3.009999990463257,3.0299999713897705,2.9800000190734863,3.009999990463257,2446494,0.0,0.0,0.0
2024-09-26 00:00:00+03:00,3.009999990463257,3.059999942779541,2.9800000190734863,3.0,519871,0.0,0.0,0.0
2024-09-29 00:00:00+03:00,3.0,3.0299999713897705,2.930000066757202,2.9700000286102295,654023,0.0,0.0,0.0
2024-09-30 00:00:00+03:00,2.9700000286102295,3.0,2.950000047683716,2.9700000286102295,316738,0.0,0.0,0.0
2024-10-01 00:00:00+03:00,2.9700000286102295,3.009999990463257,2.940000057220459,2.9600000381469727,300636,0.0,0.0,0.0
2024-10-02 00:00:00+03:00,2.9600000381469727,3.0,2.75,2.930000066757202,831532,0.0,0.0,0.0
2024-10-03 00:00:00+03:00,2.930000066757202,3.0999999046325684,2.799999952316284,3.0799999237060547,1212709,0.0,0.0,0.0
2024-10-07 00:00:00+03:00,3.0799999237060547,3.1500000953674316,2.5999999046325684,3.069999933242798,2814675,0.0,0.0,0.0
2024-10-08 00:00:00+03:00,3.069999933242798,3.059999942779541,2.8299999237060547,2.940000057220459,918354,0.0,0.0,0.0
2024-10-09 00:00:00+03:00,2.940000057220459,3.0399999618530273,2.859999895095825,2.9000000953674316,1099823,0.0,0.0,0.0
2024-10-10 00:00:00+03:00,2.9000000953674316,3.0,2.890000104904175,2.9100000858306885,500206,0.0,0.0,0.0
2024-10-13 00:00:00+03:00,2.9100000858306885,3.0399999618530273,2.799999952316284,2.8399999141693115,418219,0.0,0.0,0.0
2024-10-14 00:00:00+03:00,2.8399999141693115,2.9000000953674316,2.7100000381469727,2.880000114440918,258146,0.0,0.0,0.0
2024-10-15 00:00:00+03:00,2.880000114440918,2.930000066757202,2.819999933242798,2.9000000953674316,739675,0.0,0.0,0.0
2024-10-16 00:00:00+03:00,2.9000000953674316,3.049999952316284,2.869999885559082,2.9100000858306885,1213977,0.0,0.0,0.0
2024-10-17 00:00:00+03:00,2.9100000858306885,2.9600000381469727,2.8399999141693115,2.869999885559082,536853,0.0,0.0,0.0
2024-10-20 00:00:00+03:00,2.869999885559082,2.9200000762939453,2.799999952316284,2.859999895095825,806312,0.0,0.0,0.0
2024-10-21 00:00:00+03:00,2.859999895095825,2.950000047683716,2.7899999618530273,2.9100000858306885,965206,0.0,0.0,0.0
2024-10-22 00:00:00+03:00,2.9100000858306885,2.9700000286102295,2.859999895095825,2.9000000953674316,526454,0.0,0.0,0.0
2024-10-23 00:00:00+03:00,2.9000000953674316,2.930000066757202,2.8399999141693115,2.869999885559082,385934,0.0,0.0,0.0
2024-10-24 00:00:00+03:00,2.869999885559082,2.9200000762939453,2.869999885559082,2.890000104904175,292826,0.0,0.0,0.0
2024-10-27 00:00:00+03:00,2.890000104904175,2.930000066757202,2.8499999046325684,2.859999895095825,281881,0.0,0.0,0.0
2024-10-28 00:00:00+03:00,2.859999895095825,3.059999942779541,2.8399999141693115,2.9200000762939453,1357253,0.0,0.0,0.0
2024-10-29 00:00:00+03:00,2.9200000762939453,3.0,2.9000000953674316,2.9800000190734863,459308,0.0,0.0,0.0
2024-10-30 00:00:00+03:00,2.9800000190734863,3.009999990463257,2.930000066757202,2.9800000190734863,664432,0.0,0.0,0.0
2024-10-31 00:00:00+03:00,2.9800000190734863,3.3399999141693115,2.940000057220459,3.2899999618530273,4738163,0.0,0.0,0.0
2024-11-03 00:00:00+02:00,3.2899999618530273,3.450000047683716,3.240000009536743,3.2699999809265137,6489221,0.0,0.0,0.0
2024-11-04 00:00:00+02:00,3.2699999809265137,3.319999933242798,3.240000009536743,3.25,1360212,0.0,0.0,0.0
2024-11-05 00:00:00+02:00,3.25,3.369999885559082,3.25,3.25,1132319,0.0,0.0,0.0
2024-11-06 00:00:00+02:00,3.25,3.3299999237060547,3.259999990463257,3.309999942779541,517963,0.0,0.0,0.0
2024-11-07 00:00:00+02:00,3.309999942779541,3.319999933242798,3.25,3.25,855501,0.0,0.0,0.0
2024-11-10 00:00:00+02:00,3.25,3.4000000953674316,2.799999952316284,3.309999942779541,678789,0.0,0.0,0.0
2024-11-11 00:00:00+02:00,3.309999942779541,3.3499999046325684,3.200000047683716,3.2799999713897705,1084006,0.0,0.0,0.0
2024-11-12 00:00:00+02:00,3.2799999713897705,3.7799999713897705,3.240000009536743,3.4800000190734863,4293594,0.0,0.0,0.0
2024-11-13 00:00:00+02:00,3.4800000190734863,3.569999933242798,3.369999885559082,3.4000000953674316,1580132,0.0,0.0,0.0
2024-11-14 00:00:00+02:00,3.4000000953674316,3.4700000286102295,3.299999952316284,3.4200000762939453,974478,0.0,0.0,0.0
2024-11-17 00:00:00+02:00,3.4200000762939453,3.4800000190734863,3.369999885559082,3.4200000762939453,779917,0.0,0.0,0.0
2024-11-18 00:00:00+02:00,3.4200000762939453,3.569999933242798,3.4000000953674316,3.4800000190734863,1115900,0.0,0.0,0.0
2024-11-19 00:00:00+02:00,3.4800000190734863,3.799999952316284,3.4700000286102295,3.7899999618530273,5813027,0.0,0.0,0.0
2024-11-20 00:00:00+02:00,3.7899999618530273,3.9600000381469727,3.7100000381469727,3.9100000858306885,5159297,0.0,0.0,0.0
2024-11-21 00:00:00+02:00,3.9100000858306885,3.940000057220459,3.809999942779541,3.8299999237060547,1558122,0.0,0.0,0.0
2024-11-24 00:00:00+02:00,3.8299999237060547,4.230000019073486,3.8499999046325684,4.130000114440918,4874405,0.0,0.0,0.0
2024-11-25 00:00:00+02:00,4.130000114440918,4.369999885559082,4.070000171661377,4.090000152587891,2494160,0.0,0.0,0.0
2024-11-26 00:00:00+02:00,4.090000152587891,4.239999771118164,4.03000020980835,4.099999904632568,2020272,0.0,0.0,0.0
2024-11-27 00:00:00+02:00,4.099999904632568,4.309999942779541,4.099999904632568,4.289999961853027,2197204,0.0,0.0,0.0
2024-11-28 00:00:00+02:00,4.289999961853027,4.360000133514404,4.21999979019165,4.230000019073486,1113164,0.0,0.0,0.0
2024-12-01 00:00:00+02:00,4.230000019073486,4.539999961853027,4.25,4.539999961853027,3124728,0.0,0.0,0.0
2024-12-02 00:00:00+02:00,4.539999961853027,4.869999885559082,4.5,4.860000133514404,5096351,0.0,0.0,0.0
2024-12-03 00:00:00+02:00,4.860000133514404,5.159999847412109,4.730000019073486,5.159999847412109,3322243,0.0,0.0,0.0
2024-12-04 00:00:00+02:00,5.159999847412109,5.179999828338623,5.0,5.059999942779541,2227307,0.0,0.0,0.0
2024-12-05 00:00:00+02:00,5.059999942779541,5.159999847412109,4.980000019073486,5.039999961853027,1633433,0.0,0.0,0.0
2024-12-08 00:00:00+02:00,5.039999961853027,5.360000133514404,5.039999961853027,5.28000020980835,3344620,0.0,0.0,0.0
2024-12-09 00:00:00+02:00,5.28000020980835,5.5,5.25,5.340000152587891,4467526,0.0,0.0,0.0
2024-12-10 00:00:00+02:00,5.340000152587891,5.429999828338623,5.289999961853027,5.300000190734863,1462916,0.0,0.0,0.0
2024-12-11 00:00:00+02:00,5.300000190734863,5.360000133514404,5.239999771118164,5.25,1569003,0.0,0.0,0.0
2024-12-12 00:00:00+02:00,5.25,5.639999866485596,5.260000228881836,5.579999923706055,3677332,0.0,0.0,0.0
2024-12-15 00:00:00+02:00,5.579999923706055,5.690000057220459,5.579999923706055,5.599999904632568,2647460,0.0,0.0,0.0
2024-12-16 00:00:00+02:00,5.599999904632568,5.670000076293945,5.409999847412109,5.420000076293945,1941675,0.0,0.0,0.0
2024-12-17 00:00:00+02:00,5.420000076293945,5.619999885559082,5.400000095367432,5.460000038146973,1479887,0.0,0.0,0.0
2024-12-18 00:00:00+02:00,5.460000038146973,5.570000171661377,5.420000076293945,5.489999771118164,1034862,0.0,0.0,0.0
2024-12-19 00:00:00+02:00,5.489999771118164,5.519999980926514,5.349999904632568,5.489999771118164,840671,0.0,0.0,0.0
2024-12-22 00:00:00+02:00,5.489999771118164,5.519999980926514,5.369999885559082,5.429999828338623,1432610,0.0,0.0,0.0
2024-12-23 00:00:00+02:00,5.429999828338623,5.480000019073486,5.25,5.340000152587891,1694318,0.0,0.0,0.0
2024-12-24 00:00:00+02:00,5.340000152587891,5.5,5.210000038146973,5.46999979019165,1268095,0.0,0.0,0.0
2024-12-25 00:00:00+02:00,5.46999979019165,5.630000114440918,5.400000095367432,5.579999923706055,2370167,0.0,0.0,0.0
2024-12-26 00:00:00+02:00,5.579999923706055,5.659999847412109,5.53000020980835,5.610000133514404,1812465,0.0,0.0,0.0
2024-12-29 00:00:00+02:00,5.610000133514404,5.78000020980835,5.579999923706055,5.769999980926514,2338348,0.0,0.0,0.0
2024-12-30 00:00:00+02:00,5.769999980926514,5.869999885559082,5.659999847412109,5.75,2734469,0.0,0.0,0.0
2024-12-31 00:00:00+02:00,5.75,6.239999771118164,5.699999809265137,6.0,4520854,0.0,0.0,0.0
2025-01-02 00:00:00+02:00,6.0,6.199999809265137,5.909999847412109,6.0,2291715,0.0,0.0,0.0
2025-01-05 00:00:00+02:00,6.0,6.090000152587891,5.889999866485596,5.929999828338623,2171647,0.0,0.0,0.0
2025-01-06 00:00:00+02:00,5.929999828338623,5.920000076293945,5.789999961853027,5.820000171661377,2144474,0.0,0.0,0.0
2025-01-08 00:00:00+02:00,5.820000171661377,5.849999904632568,5.71999979019165,5.75,1105087,0.0,0.0,0.0
2025-01-09 00:00:00+02:00,5.75,5.849999904632568,5.699999809265137,5.840000152587891,790790,0.0,0.0,0.0
2025-01-12 00:00:00+02:00,5.840000152587891,5.849999904632568,5.650000095367432,5.710000038146973,978964,0.0,0.0,0.0
2025-01-13 00:00:00+02:00,5.710000038146973,5.78000020980835,5.599999904632568,5.760000228881836,1420340,0.0,0.0,0.0
2025-01-14 00:00:00+02:00,5.760000228881836,5.760000228881836,5.559999942779541,5.75,995131,0.0,0.0,0.0
2025-01-15 00:00:00+02:00,5.75,5.869999885559082,5.630000114440918,5.840000152587891,1888902,0.0,0.0,0.0
2025-01-16 00:00:00+02:00,5.840000152587891,5.889999866485596,5.769999980926514,5.820000171661377,1639951,0.0,0.0,0.0
2025-01-19 00:00:00+02:00,5.840000152587891,6.170000076293945,5.769999980926514,6.050000190734863,5229321,0.0,0.0,0.0
2025-01-20 00:00:00+02:00,6.110000133514404,6.420000076293945,6.019999980926514,6.320000171661377,5847622,0.0,0.0,0.0
2025-01-21 00:00:00+02:00,6.320000171661377,6.400000095367432,6.150000095367432,6.210000038146973,1588978,0.0,0.0,0.0
2025-01-22 00:00:00+02:00,6.210000038146973,6.25,6.059999942779541,6.099999904632568,1044981,0.0,0.0,0.0
2025-01-23 00:00:00+02:00,6.099999904632568,6.159999847412109,6.019999980926514,6.099999904632568,1030700,0.0,0.0,0.0
2025-01-26 00:00:00+02:00,6.099999904632568,6.190000057220459,6.039999961853027,6.110000133514404,705673,0.0,0.0,0.0
2025-01-27 00:00:00+02:00,6.110000133514404,6.139999866485596,5.929999828338623,6.039999961853027,935589,0.0,0.0,0.0
2025-01-28 00:00:00+02:00,6.039999961853027,6.099999904632568,5.960000038146973,6.039999961853027,1006113,0.0,0.0,0.0
2025-01-29 00:00:00+02:00,6.039999961853027,6.130000114440918,5.989999771118164,6.099999904632568,797555,0.0,0.0,0.0
2025-01-30 00:00:00+02:00,6.099999904632568,6.199999809265137,5.96999979019165,6.099999904632568,1362806,0.0,0.0,0.0
2025-02-02 00:00:00+02:00,6.099999904632568,6.179999828338623,6.03000020980835,6.039999961853027,438580,0.0,0.0,0.0
2025-02-03 00:00:00+02:00,6.039999961853027,6.099999904632568,5.929999828338623,6.0,652736,0.0,0.0,0.0
2025-02-04 00:00:00+02:00,6.0,6.03000020980835,5.849999904632568,5.929999828338623,761814,0.0,0.0,0.0
2025-02-05 00:00:00+02:00,5.929999828338623,6.179999828338623,5.869999885559082,6.170000076293945,1662373,0.0,0.0,0.0
2025-02-06 00:00:00+02:00,6.170000076293945,6.170000076293945,6.03000020980835,6.099999904632568,1010957,0.0,0.0,0.0
2025-02-09 00:00:00+02:00,6.099999904632568,6.110000133514404,5.989999771118164,6.010000228881836,384825,0.0,0.0,0.0
2025-02-10 00:00:00+02:00,6.010000228881836,6.099999904632568,5.949999809265137,6.090000152587891,711584,0.0,0.0,0.0
2025-02-11 00:00:00+02:00,6.090000152587891,6.099999904632568,5.800000190734863,6.010000228881836,550814,0.0,0.0,0.0
2025-02-12 00:00:00+02:00,6.010000228881836,6.010000228881836,5.75,5.820000171661377,393092,0.0,0.0,0.0
2025-02-13 00:00:00+02:00,5.820000171661377,6.019999980926514,5.820000171661377,5.989999771118164,502527,0.0,0.0,0.0
2025-02-16 00:00:00+02:00,5.989999771118164,6.019999980926514,5.909999847412109,5.960000038146973,316393,0.0,0.0,0.0
2025-02-17 00:00:00+02:00,5.960000038146973,6.0,5.929999828338623,5.940000057220459,256466,0.0,0.0,0.0
2025-02-18 00:00:00+02:00,5.940000057220459,5.980000019073486,5.900000095367432,5.909999847412109,250885,0.0,0.0,0.0
2025-02-19 00:00:00+02:00,5.909999847412109,5.989999771118164,5.889999866485596,5.909999847412109,228139,0.0,0.0,0.0
2025-02-20 00:00:00+02:00,5.909999847412109,6.170000076293945,5.820000171661377,6.110000133514404,829500,0.0,0.0,0.0
2025-02-23 00:00:00+02:00,6.110000133514404,6.150000095367432,6.099999904632568,6.110000133514404,517938,0.0,0.0,0.0
2025-02-24 00:00:00+02:00,6.110000133514404,6.21999979019165,6.070000171661377,6.139999866485596,693853,0.0,0.0,0.0
2025-02-25 00:00:00+02:00,6.139999866485596,6.210000038146973,6.070000171661377,6.110000133514404,283616,0.0,0.0,0.0
2025-02-26 00:00:00+02:00,6.110000133514404,6.449999809265137,6.110000133514404,6.440000057220459,1758998,0.0,0.0,0.0
2025-02-27 00:00:00+02:00,6.440000057220459,6.690000057220459,6.409999847412109,6.570000171661377,2125687,0.0,0.0,0.0
2025-03-02 00:00:00+02:00,6.570000171661377,6.599999904632568,6.400000095367432,6.449999809265137,400813,0.0,0.0,0.0
2025-03-03 00:00:00+02:00,6.449999809265137,6.5,6.300000190734863,6.309999942779541,299305,0.0,0.0,0.0
2025-03-04 00:00:00+02:00,6.309999942779541,6.449999809265137,6.300000190734863,6.369999885559082,497284,0.0,0.0,0.0
2025-03-05 00:00:00+02:00,6.369999885559082,6.449999809265137,6.230000019073486,6.409999847412109,526894,0.0,0.0,0.0
2025-03-06 00:00:00+02:00,6.409999847412109,6.449999809265137,6.309999942779541,6.389999866485596,421307,0.0,0.0,0.0
2025-03-09 00:00:00+02:00,6.389999866485596,6.53000020980835,6.389999866485596,6.400000095367432,630520,0.0,0.0,0.0
2025-03-10 00:00:00+02:00,6.400000095367432,6.449999809265137,6.309999942779541,6.340000152587891,258554,0.0,0.0,0.0
2025-03-11 00:00:00+02:00,6.340000152587891,6.389999866485596,6.289999961853027,6.340000152587891,206759,0.0,0.0,0.0
2025-03-12 00:00:00+02:00,6.340000152587891,6.400000095367432,6.289999961853027,6.320000171661377,383588,0.0,0.0,0.0
2025-03-13 00:00:00+02:00,6.320000171661377,6.429999828338623,6.309999942779541,6.380000114440918,602412,0.0,0.0,0.0
2025-03-16 00:00:00+02:00,6.380000114440918,6.449999809265137,6.289999961853027,6.300000190734863,588803,0.0,0.0,0.0
2025-03-17 00:00:00+02:00,6.300000190734863,6.420000076293945,6.300000190734863,6.300000190734863,568072,0.0,0.0,0.0
2025-03-18 00:00:00+02:00,6.300000190734863,6.360000133514404,6.230000019073486,6.289999961853027,557588,0.0,0.0,0.0
2025-03-19 00:00:00+02:00,6.289999961853027,6.329999923706055,6.210000038146973,6.289999961853027,337288,0.0,0.0,0.0
2025-03-20 00:00:00+02:00,6.289999961853027,6.420000076293945,6.199999809265137,6.369999885559082,1091528,0.0,0.0,0.0
2025-03-23 00:00:00+02:00,6.369999885559082,6.769999980926514,6.300000190734863,6.690000057220459,1563087,0.0,0.0,0.0
2025-03-24 00:00:00+02:00,6.690000057220459,6.840000152587891,6.650000095367432,6.71999979019165,1054410,0.0,0.0,0.0
2025-03-25 00:00:00+02:00,6.71999979019165,6.769999980926514,6.599999904632568,6.699999809265137,832013,0.0,0.0,0.0
2025-03-26 00:00:00+02:00,6.699999809265137,6.860000133514404,6.630000114440918,6.809999942779541,579248,0.0,0.0,0.0
2025-03-27 00:00:00+02:00,6.809999942779541,7.0,6.829999923706055,6.989999771118164,1030436,0.0,0.0,0.0
2025-04-03 00:00:00+02:00,6.989999771118164,7.300000190734863,6.820000171661377,7.099999904632568,1194126,0.0,0.0,0.0
2025-04-06 00:00:00+02:00,7.099999904632568,7.090000152587891,6.800000190734863,6.989999771118164,2347887,0.0,0.0,0.0
2025-04-07 00:00:00+02:00,6.989999771118164,7.199999809265137,6.849999904632568,7.170000076293945,494508,0.0,0.0,0.0
2025-04-08 00:00:00+02:00,7.170000076293945,7.269999980926514,7.119999885559082,7.210000038146973,817108,0.0,0.0,0.0
2025-04-09 00:00:00+02:00,7.210000038146973,7.25,6.949999809265137,7.010000228881836,396122,0.0,0.0,0.0
2025-04-10 00:00:00+02:00,7.010000228881836,7.25,7.050000190734863,7.099999904632568,562566,0.0,0.0,0.0
2025-04-13 00:00:00+02:00,7.099999904632568,7.170000076293945,7.050000190734863,7.059999942779541,556171,0.0,0.0,0.0
2025-04-14 00:00:00+02:00,7.059999942779541,7.230000019073486,7.079999923706055,7.159999847412109,566803,0.0,0.0,0.0
2025-04-15 00:00:00+02:00,7.159999847412109,7.199999809265137,7.070000171661377,7.090000152587891,593677,0.0,0.0,0.0
2025-04-16 00:00:00+02:00,7.090000152587891,7.110000133514404,6.949999809265137,7.019999980926514,427436,0.0,0.0,0.0
2025-04-17 00:00:00+02:00,7.019999980926514,7.099999904632568,6.929999828338623,7.079999923706055,315214,0.0,0.0,0.0
2025-04-22 00:00:00+02:00,7.079999923706055,7.119999885559082,7.0,7.090000152587891,368815,0.0,0.0,0.0
2025-04-23 00:00:00+02:00,7.090000152587891,7.210000038146973,7.039999961853027,7.190000057220459,740073,0.0,0.0,0.0
2025-04-27 00:00:00+03:00,7.190000057220459,7.320000171661377,7.179999828338623,7.210000038146973,315352,0.0,0.0,0.0
2025-04-28 00:00:00+03:00,7.210000038146973,7.699999809265137,7.21999979019165,7.420000076293945,890071,0.0,0.0,0.0
2025-04-29 00:00:00+03:00,7.420000076293945,7.590000152587891,7.360000133514404,7.409999847412109,784341,0.0,0.0,0.0
2025-04-30 00:00:00+03:00,7.409999847412109,7.480000019073486,7.320000171661377,7.360000133514404,431789,0.0,0.0,0.0
2025-05-04 00:00:00+03:00,7.360000133514404,7.429999828338623,7.230000019073486,7.260000228881836,724694,0.0,0.0,0.0
2025-05-05 00:00:00+03:00,7.260000228881836,7.380000114440918,7.199999809265137,7.25,626738,0.0,0.0,0.0
2025-05-06 00:00:00+03:00,7.25,7.300000190734863,7.150000095367432,7.21999979019165,568101,0.0,0.0,0.0
2025-05-07 00:00:00+03:00,7.21999979019165,7.320000171661377,7.199999809265137,7.21999979019165,964413,0.0,0.0,0.0
2025-05-08 00:00:00+03:00,7.21999979019165,7.429999828338623,7.230000019073486,7.360000133514404,842331,0.0,0.0,0.0
2025-05-11 00:00:00+03:00,7.360000133514404,8.0,7.440000057220459,7.690000057220459,3228160,0.0,0.0,0.0
2025-05-12 00:00:00+03:00,7.690000057220459,7.849999904632568,7.630000114440918,7.639999866485596,642360,0.0,0.0,0.0
2025-05-13 00:00:00+03:00,7.639999866485596,7.769999980926514,7.599999904632568,7.619999885559082,634622,0.0,0.0,0.0
2025-05-14 00:00:00+03:00,7.619999885559082,7.949999809265137,7.610000133514404,7.900000095367432,704035,0.0,0.0,0.0
2025-05-15 00:00:00+03:00,7.900000095367432,8.0,7.789999961853027,7.980000019073486,1130500,0.0,0.0,0.0
2025-05-18 00:00:00+03:00,7.980000019073486,7.980000019073486,7.710000038146973,7.769999980926514,607688,0.0,0.0,0.0
2025-05-19 00:00:00+03:00,7.769999980926514,7.800000190734863,7.710000038146973,7.800000190734863,583799,0.0,0.0,0.0
2025-05-20 00:00:00+03:00,7.800000190734863,7.900000095367432,7.71999979019165,7.900000095367432,907818,0.0,0.0,0.0
2025-05-21 00:00:00+03:00,7.900000095367432,7.900000095367432,7.760000228881836,7.769999980926514,473105,0.0,0.0,0.0
2025-05-22 00:00:00+03:00,7.769999980926514,7.860000133514404,7.679999828338623,7.829999923706055,579760,0.0,0.0,0.0
2025-05-25 00:00:00+03:00,7.829999923706055,7.940000057220459,7.71999979019165,7.889999866485596,733853,0.0,0.0,0.0
2025-05-26 00:00:00+03:00,7.889999866485596,7.96999979019165,7.800000190734863,7.869999885559082,564465,0.0,0.0,0.0
2025-05-27 00:00:00+03:00,7.869999885559082,7.949999809265137,7.78000020980835,7.940000057220459,433788,0.0,0.0,0.0
2025-05-28 00:00:00+03:00,7.940000057220459,7.949999809265137,7.75,7.869999885559082,348141,0.0,0.0,0.0
2025-05-29 00:00:00+03:00,7.869999885559082,7.860000133514404,7.699999809265137,7.739999771118164,383014,0.0,0.0,0.0
2025-06-01 00:00:00+03:00,7.739999771118164,7.849999904632568,7.699999809265137,7.809999942779541,195352,0.0,0.0,0.0
2025-06-02 00:00:00+03:00,7.809999942779541,7.840000152587891,7.739999771118164,7.789999961853027,151079,0.0,0.0,0.0
2025-06-03 00:00:00+03:00,7.789999961853027,7.989999771118164,7.760000228881836,7.980000019073486,738490,0.0,0.0,0.0
2025-06-04 00:00:00+03:00,7.980000019073486,8.140000343322754,7.980000019073486,8.130000114440918,902363,0.0,0.0,0.0
2025-06-10 00:00:00+03:00,8.130000114440918,8.119999885559082,7.960000038146973,8.0600004196167,415433,0.0,0.0,0.0
2025-06-11 00:00:00+03:00,8.0600004196167,8.300000190734863,7.96999979019165,8.239999771118164,903860,0.0,0.0,0.0
2025-06-12 00:00:00+03:00,8.239999771118164,8.229999542236328,7.980000019073486,8.130000114440918,506667,0.0,0.0,0.0
2025-06-15 00:00:00+03:00,8.130000114440918,7.980000019073486,7.0,7.880000114440918,481714,0.0,0.0,0.0
2025-06-16 00:00:00+03:00,7.880000114440918,7.929999828338623,7.699999809265137,7.699999809265137,334432,0.0,0.0,0.0
2025-06-17 00:00:00+03:00,7.699999809265137,7.739999771118164,7.400000095367432,7.679999828338623,682665,0.0,0.0,0.0
2025-06-18 00:00:00+03:00,7.679999828338623,7.840000152587891,7.440000057220459,7.730000019073486,203242,0.0,0.0,0.0
2025-06-19 00:00:00+03:00,7.730000019073486,7.769999980926514,7.5,7.670000076293945,404681,0.0,0.0,0.0
2025-06-22 00:00:00+03:00,7.670000076293945,7.860000133514404,7.230000019073486,7.800000190734863,803257,0.0,0.0,0.0
2025-06-23 00:00:00+03:00,7.800000190734863,7.820000171661377,7.670000076293945,7.800000190734863,844454,0.0,0.0,0.0
2025-06-24 00:00:00+03:00,7.800000190734863,7.949999809265137,7.789999961853027,7.909999847412109,907871,0.0,0.0,0.0
2025-06-25 00:00:00+03:00,7.909999847412109,7.940000057220459,7.78000020980835,7.909999847412109,466971,0.0,0.0,0.0
2025-06-29 00:00:00+03:00,7.909999847412109,8.109999656677246,7.809999942779541,8.100000381469727,701837,0.0,0.0,0.0
2025-06-30 00:00:00+03:00,8.100000381469727,8.680000305175781,8.0600004196167,8.680000305175781,2452993,0.0,0.0,0.0
2025-07-01 00:00:00+03:00,8.680000305175781,8.5,8.100000381469727,8.15999984741211,636166,0.0,0.0,0.0
2025-07-02 00:00:00+03:00,8.15999984741211,8.449999809265137,8.180000305175781,8.430000305175781,527359,0.0,0.0,0.0
2025-07-06 00:00:00+03:00,8.430000305175781,8.430000305175781,8.149999618530273,8.220000267028809,435410,0.0,0.0,0.0
2025-07-07 00:00:00+03:00,8.220000267028809,8.329999923706055,8.199999809265137,8.210000038146973,508315,0.0,0.0,0.0
2025-07-09 00:00:00+03:00,8.210000038146973,8.300000190734863,8.100000381469727,8.260000228881836,329090,0.0,0.0,0.0
2025-07-10 00:00:00+03:00,8.260000228881836,8.279999732971191,8.119999885559082,8.149999618530273,196603,0.0,0.0,0.0
2025-07-13 00:00:00+03:00,8.149999618530273,8.270000457763672,8.020000457763672,8.25,480305,0.0,0.0,0.0
2025-07-14 00:00:00+03:00,8.25,8.279999732971191,8.109999656677246,8.1899995803833,409431,0.0,0.0,0.0
2025-07-15 00:00:00+03:00,8.1899995803833,8.390000343322754,8.079999923706055,8.359999656677246,503365,0.0,0.0,0.0
2025-07-16 00:00:00+03:00,8.359999656677246,8.369999885559082,8.199999809265137,8.289999961853027,406482,0.0,0.0,0.0
2025-07-17 00:00:00+03:00,8.289999961853027,8.5600004196167,8.260000228881836,8.520000457763672,390478,0.0,0.0,0.0
2025-07-20 00:00:00+03:00,8.520000457763672,8.75,8.390000343322754,8.569999694824219,890275,0.0,0.0,0.0
2025-07-21 00:00:00+03:00,8.569999694824219,8.670000076293945,8.529999732971191,8.59000015258789,627634,0.0,0.0,0.0
2025-07-22 00:00:00+03:00,8.59000015258789,8.779999732971191,8.5,8.520000457763672,528141,0.0,0.0,0.0
2025-07-23 00:00:00+03:00,8.520000457763672,8.520000457763672,8.520000457763672,8.520000457763672,0,0.0,0.0,0.0
2025-07-27 00:00:00+03:00,8.649999618530273,8.850000381469727,8.600000381469727,8.699999809265137,807183,0.0,0.0,0.0
2025-07-28 00:00:00+03:00,8.699999809265137,8.800000190734863,8.619999885559082,8.720000267028809,578446,0.0,0.0,0.0
2025-07-29 00:00:00+03:00,8.720000267028809,8.819999694824219,8.649999618530273,8.710000038146973,604440,0.0,0.0,0.0
2025-07-30 00:00:00+03:00,8.710000038146973,8.789999961853027,8.510000228881836,8.569999694824219,464032,0.0,0.0,0.0
2025-07-31 00:00:00+03:00,8.569999694824219,8.760000228881836,8.529999732971191,8.6899995803833,262552,0.0,0.0,0.0
2025-08-03 00:00:00+03:00,8.6899995803833,8.6899995803833,8.6899995803833,8.6899995803833,0,0.0,0.0,0.0
2025-08-04 00:00:00+03:00,8.6899995803833,8.6899995803833,8.6899995803833,8.6899995803833,0,0.0,0.0,0.0
2025-08-05 00:00:00+03:00,8.6899995803833,8.6899995803833,8.6899995803833,8.6899995803833,0,0.0,0.0,0.0
2025-08-06 00:00:00+03:00,8.6899995803833,8.6899995803833,8.6899995803833,8.6899995803833,0,0.0,0.0,0.0
2025-08-07 00:00:00+03:00,8.6899995803833,8.6899995803833,8.6899995803833,8.6899995803833,0,0.0,0.0,0.0
2025-08-10 00:00:00+03:00,8.729999542236328,8.899999618530273,8.510000228881836,8.899999618530273,1516494,0.0,0.0,0.0
2025-08-11 00:00:00+03:00,8.899999618530273,9.149999618530273,8.770000457763672,9.119999885559082,1361872,0.0,0.0,0.0
2025-08-12 00:00:00+03:00,9.119999885559082,9.300000190734863,9.0,9.140000343322754,1271193,0.0,0.0,0.0
2025-08-13 00:00:00+03:00,9.140000343322754,9.170000076293945,8.9399995803833,9.0600004196167,371901,0.0,0.0,0.0
2025-08-14 00:00:00+03:00,9.0600004196167,9.09000015258789,8.850000381469727,9.050000190734863,651458,0.0,0.0,0.0
2025-08-17 00:00:00+03:00,9.050000190734863,9.09000015258789,8.550000190734863,8.770000457763672,743031,0.0,0.0,0.0
2025-08-18 00:00:00+03:00,8.770000457763672,8.760000228881836,8.199999809265137,8.539999961853027,1613205,0.0,0.0,0.0
2025-08-19 00:00:00+03:00,8.539999961853027,8.609999656677246,8.329999923706055,8.579999923706055,1143382,0.0,0.0,0.0
2025-08-20 00:00:00+03:00,8.579999923706055,8.680000305175781,8.449999809265137,8.569999694824219,635866,0.0,0.0,0.0
2025-08-21 00:00:00+03:00,8.569999694824219,8.600000381469727,8.420000076293945,8.550000190734863,527144,0.0,0.0,0.0
2025-08-24 00:00:00+03:00,8.550000190734863,8.609999656677246,8.279999732971191,8.34000015258789,383049,0.0,0.0,0.0
2025-08-25 00:00:00+03:00,8.34000015258789,8.399999618530273,8.170000076293945,8.3100004196167,337608,0.0,0.0,0.0
2025-08-26 00:00:00+03:00,8.3100004196167,8.649999618530273,8.279999732971191,8.630000114440918,982801,0.0,0.0,0.0
2025-08-27 00:00:00+03:00,8.630000114440918,8.729999542236328,8.449999809265137,8.600000381469727,1103230,0.0,0.0,0.0
2025-08-28 00:00:00+03:00,8.600000381469727,8.930000305175781,8.460000038146973,8.899999618530273,824851,0.0,0.0,0.0
2025-08-31 00:00:00+03:00,8.899999618530273,8.970000267028809,8.739999771118164,8.779999732971191,773425,0.0,0.0,0.0
2025-09-01 00:00:00+03:00,8.779999732971191,9.100000381469727,8.65999984741211,8.90999984741211,1405857,0.0,0.0,0.0
2025-09-02 00:00:00+03:00,8.90999984741211,9.09000015258789,8.920000076293945,9.020000457763672,479353,0.0,0.0,0.0
2025-09-03 00:00:00+03:00,9.020000457763672,9.25,8.960000038146973,9.199999809265137,898715,0.0,0.0,0.0
2025-09-07 00:00:00+03:00,9.199999809265137,9.199999809265137,8.899999618530273,9.020000457763672,371718,0.0,0.0,0.0
2025-09-08 00:00:00+03:00,9.020000457763672,9.0,8.819999694824219,8.90999984741211,443159,0.0,0.0,0.0
2025-09-09 00:00:00+03:00,8.90999984741211,9.25,8.600000381469727,9.15999984741211,1039204,0.0,0.0,0.0
2025-09-10 00:00:00+03:00,9.15999984741211,9.170000076293945,8.920000076293945,9.140000343322754,947534,0.0,0.0,0.0
2025-09-11 00:00:00+03:00,9.140000343322754,9.229999542236328,8.920000076293945,9.050000190734863,1021292,0.0,0.0,0.0
2025-09-14 00:00:00+03:00,9.050000190734863,9.130000114440918,8.800000190734863,8.84000015258789,464134,0.0,0.0,0.0
2025-09-15 00:00:00+03:00,8.84000015258789,8.970000267028809,8.75,8.8100004196167,505320,0.0,0.0,0.0
2025-09-16 00:00:00+03:00,8.8100004196167,8.880000114440918,8.649999618530273,8.710000038146973,440319,0.0,0.0,0.0
2025-09-17 00:00:00+03:00,8.710000038146973,9.09000015258789,8.680000305175781,9.039999961853027,1023480,0.0,0.0,0.0
2025-09-18 00:00:00+03:00,9.039999961853027,9.199999809265137,9.029999732971191,9.109999656677246,811173,0.0,0.0,0.0
2025-09-21 00:00:00+03:00,9.109999656677246,9.199999809265137,9.029999732971191,9.1899995803833,869091,0.0,0.0,0.0
2025-09-22 00:00:00+03:00,9.1899995803833,9.229999542236328,9.079999923706055,9.199999809265137,418128,0.0,0.0,0.0
2025-09-23 00:00:00+03:00,9.199999809265137,9.239999771118164,9.130000114440918,9.15999984741211,574373,0.0,0.0,0.0
2025-09-24 00:00:00+03:00,9.15999984741211,9.199999809265137,9.079999923706055,9.170000076293945,398432,0.0,0.0,0.0
2025-09-25 00:00:00+03:00,9.170000076293945,9.9399995803833,9.229999542236328,9.9399995803833,3233705,0.0,0.0,0.0
2025-09-28 00:00:00+03:00,9.9399995803833,9.880000114440918,9.510000228881836,9.699999809265137,859022,0.0,0.0,0.0
2025-09-29 00:00:00+03:00,9.699999809265137,9.819999694824219,9.520000457763672,9.699999809265137,938850,0.0,0.0,0.0
2025-09-30 00:00:00+03:00,9.699999809265137,10.5,9.600000381469727,10.489999771118164,1624070,0.0,0.0,0.0
2025-10-01 00:00:00+03:00,10.489999771118164,10.279999732971191,10.039999961853027,10.09000015258789,903804,0.0,0.0,0.0
2025-10-02 00:00:00+03:00,10.09000015258789,10.229999542236328,9.850000381469727,9.979999542236328,522492,0.0,0.0,0.0
2025-10-05 00:00:00+03:00,9.979999542236328,10.0,9.460000038146973,9.539999961853027,1755037,0.0,0.0,0.0
2025-10-06 00:00:00+03:00,9.539999961853027,9.739999771118164,9.5,9.609999656677246,477735,0.0,0.0,0.0
2025-10-07 00:00:00+03:00,9.609999656677246,9.729999542236328,9.350000381469727,9.520000457763672,527114,0.0,0.0,0.0
2025-10-08 00:00:00+03:00,9.520000457763672,9.680000305175781,9.399999618530273,9.569999694824219,562708,0.0,0.0,0.0
2025-10-12 00:00:00+03:00,9.569999694824219,9.5600004196167,9.25,9.449999809265137,623253,0.0,0.0,0.0
2025-10-13 00:00:00+03:00,9.449999809265137,9.489999771118164,9.300000190734863,9.399999618530273,610047,0.0,0.0,0.0
2025-10-14 00:00:00+03:00,9.399999618530273,9.489999771118164,9.270000457763672,9.289999961853027,393120,0.0,0.0,0.0
2025-10-15 00:00:00+03:00,9.289999961853027,9.420000076293945,9.25,9.300000190734863,300048,0.0,0.0,0.0
2025-10-16 00:00:00+03:00,9.300000190734863,9.520000457763672,9.260000228881836,9.430000305175781,523008,0.0,0.0,0.0
2025-10-19 00:00:00+03:00,9.430000305175781,9.5,9.369999885559082,9.430000305175781,189734,0.0,0.0,0.0
2025-10-20 00:00:00+03:00,9.430000305175781,9.489999771118164,9.350000381469727,9.470000267028809,257507,0.0,0.0,0.0
2025-10-21 00:00:00+03:00,9.470000267028809,9.59000015258789,9.359999656677246,9.550000190734863,551358,0.0,0.0,0.0
2025-10-22 00:00:00+03:00,9.550000190734863,9.670000076293945,9.4399995803833,9.529999732971191,558259,0.0,0.0,0.0
2025-10-23 00:00:00+03:00,9.529999732971191,9.630000114440918,9.449999809265137,9.569999694824219,517529,0.0,0.0,0.0
2025-10-26 00:00:00+03:00,9.569999694824219,9.649999618530273,9.449999809265137,9.630000114440918,921204,0.0,0.0,0.0
2025-10-27 00:00:00+03:00,9.630000114440918,9.619999885559082,9.329999923706055,9.449999809265137,594494,0.0,0.0,0.0
2025-10-28 00:00:00+03:00,9.449999809265137,9.529999732971191,9.260000228881836,9.369999885559082,336584,0.0,0.0,0.0
2025-10-29 00:00:00+03:00,9.369999885559082,9.550000190734863,9.300000190734863,9.350000381469727,1436184,0.0,0.0,0.0
2025-10-30 00:00:00+03:00,9.350000381469727,9.430000305175781,9.300000190734863,9.350000381469727,296813,0.0,0.0,0.0
2025-11-02 00:00:00+02:00,9.350000381469727,9.350000381469727,9.119999885559082,9.329999923706055,569804,0.0,0.0,0.0
2025-11-03 00:00:00+02:00,9.329999923706055,9.300000190734863,7.5,9.140000343322754,454164,0.0,0.0,0.0
2025-11-04 00:00:00+02:00,9.140000343322754,9.180000305175781,8.899999618530273,9.140000343322754,1073591,0.0,0.0,0.0
2025-11-05 00:00:00+02:00,9.140000343322754,9.1899995803833,8.9399995803833,9.149999618530273,735374,0.0,0.0,0.0
2025-11-06 00:00:00+02:00,9.149999618530273,9.199999809265137,9.0,9.199999809265137,421228,0.0,0.0,0.0
2025-11-09 00:00:00+02:00,9.199999809265137,9.220000267028809,9.010000228881836,9.109999656677246,405076,0.0,0.0,0.0
2025-11-10 00:00:00+02:00,9.109999656677246,9.149999618530273,9.0,9.0600004196167,200861,0.0,0.0,0.0
2025-11-11 00:00:00+02:00,9.0600004196167,9.140000343322754,8.899999618530273,9.119999885559082,166277,0.0,0.0,0.0
2025-11-12 00:00:00+02:00,9.119999885559082,9.170000076293945,9.029999732971191,9.149999618530273,416436,0.0,0.0,0.0
2025-11-13 00:00:00+02:00,9.149999618530273,9.199999809265137,9.069999694824219,9.140000343322754,407837,0.0,0.0,0.0
2025-11-16 00:00:00+02:00,9.140000343322754,9.140000343322754,8.75,9.029999732971191,230622,0.0,0.0,0.0
2025-11-17 00:00:00+02:00,9.029999732971191,9.100000381469727,8.899999618530273,9.039999961853027,319325,0.0,0.0,0.0
2025-11-18 00:00:00+02:00,9.039999961853027,9.100000381469727,9.0,9.069999694824219,362951,0.0,0.0,0.0
2025-11-19 00:00:00+02:00,9.069999694824219,9.100000381469727,8.90999984741211,9.050000190734863,637509,0.0,0.0,0.0
2025-11-20 00:00:00+02:00,9.050000190734863,9.239999771118164,9.0,9.210000038146973,1114604,0.0,0.0,0.0
2025-11-23 00:00:00+02:00,9.210000038146973,9.470000267028809,9.039999961853027,9.239999771118164,2824929,0.0,0.0,0.0
2025-11-24 00:00:00+02:00,9.239999771118164,9.270000457763672,9.15999984741211,9.199999809265137,256368,0.0,0.0,0.0
2025-11-25 00:00:00+02:00,9.199999809265137,9.239999771118164,8.930000305175781,9.109999656677246,384836,0.0,0.0,0.0
2025-11-26 00:00:00+02:00,9.109999656677246,9.199999809265137,9.0,9.140000343322754,364651,0.0,0.0,0.0
2025-11-27 00:00:00+02:00,9.140000343322754,9.25,9.130000114440918,9.220000267028809,552827,0.0,0.0,0.0
2025-11-30 00:00:00+02:00,9.220000267028809,9.319999694824219,9.199999809265137,9.260000228881836,440246,0.0,0.0,0.0
2025-12-01 00:00:00+02:00,9.260000228881836,9.4399995803833,9.199999809265137,9.350000381469727,1157529,0.0,0.0,0.0
2025-12-02 00:00:00+02:00,9.350000381469727,9.399999618530273,9.300000190734863,9.329999923706055,397589,0.0,0.0,0.0
2025-12-03 00:00:00+02:00,9.329999923706055,9.449999809265137,9.25,9.399999618530273,390117,0.0,0.0,0.0
2025-12-04 00:00:00+02:00,9.399999618530273,9.420000076293945,9.3100004196167,9.329999923706055,355391,0.0,0.0,0.0
2025-12-07 00:00:00+02:00,9.329999923706055,9.75,9.300000190734863,9.600000381469727,1871852,0.0,0.0,0.0
2025-12-08 00:00:00+02:00,9.600000381469727,9.789999961853027,9.630000114440918,9.720000267028809,585373,0.0,0.0,0.0
2025-12-09 00:00:00+02:00,9.720000267028809,9.779999732971191,9.670000076293945,9.710000038146973,263329,0.0,0.0,0.0
2025-12-10 00:00:00+02:00,9.710000038146973,9.930000305175781,9.710000038146973,9.859999656677246,905629,0.0,0.0,0.0
2025-12-11 00:00:00+02:00,9.859999656677246,9.899999618530273,9.729999542236328,9.789999961853027,399843,0.0,0.0,0.0
2025-12-14 00:00:00+02:00,9.789999961853027,9.880000114440918,9.670000076293945,9.729999542236328,401146,0.0,0.0,0.0
2025-12-15 00:00:00+02:00,9.729999542236328,9.920000076293945,9.600000381469727,9.899999618530273,714061,0.0,0.0,0.0
2025-12-16 00:00:00+02:00,9.899999618530273,10.0,9.729999542236328,9.970000267028809,621839,0.0,0.0,0.0
2025-12-17 00:00:00+02:00,9.970000267028809,10.020000457763672,9.869999885559082,9.989999771118164,498990,0.0,0.0,0.0
2025-12-18 00:00:00+02:00,9.989999771118164,10.100000381469727,9.800000190734863,10.039999961853027,490162,0.0,0.0,0.0
2025-12-21 00:00:00+02:00,10.039999961853027,10.109999656677246,9.920000076293945,10.100000381469727,692643,0.0,0.0,0.0
2025-12-22 00:00:00+02:00,10.100000381469727,10.130000114440918,9.880000114440918,10.010000228881836,827302,0.0,0.0,0.0
2025-12-23 00:00:00+02:00,10.010000228881836,9.989999771118164,9.600000381469727,9.760000228881836,756154,0.0,0.0,0.0
2025-12-24 00:00:00+02:00,9.760000228881836,9.920000076293945,9.699999809265137,9.869999885559082,1016811,0.0,0.0,0.0
2025-12-25 00:00:00+02:00,9.869999885559082,10.229999542236328,9.789999961853027,10.229999542236328,1654660,0.0,0.0,0.0
2025-12-28 00:00:00+02:00,10.229999542236328,10.180000305175781,9.899999618530273,9.930000305175781,833328,0.0,0.0,0.0
2025-12-29 00:00:00+02:00,9.930000305175781,10.3100004196167,10.050000190734863,10.270000457763672,1538337,0.0,0.0,0.0
2025-12-30 00:00:00+02:00,10.270000457763672,10.319999694824219,10.100000381469727,10.15999984741211,191283,0.0,0.0,0.0
2025-12-31 00:00:00+02:00,10.15999984741211,10.369999885559082,10.119999885559082,10.300000190734863,1027098,0.0,0.0,0.0
2026-01-04 00:00:00+02:00,10.300000190734863,10.399999618530273,9.859999656677246,10.020000457763672,941225,0.0,0.0,0.0
2026-01-05 00:00:00+02:00,10.020000457763672,9.989999771118164,9.579999923706055,9.869999885559082,1006230,0.0,0.0,0.0
2026-01-06 00:00:00+02:00,9.869999885559082,9.819999694824219,9.5,9.739999771118164,684753,0.0,0.0,0.0
2026-01-08 00:00:00+02:00,9.739999771118164,9.789999961853027,9.600000381469727,9.779999732971191,186789,0.0,0.0,0.0
2026-01-11 00:00:00+02:00,9.779999732971191,9.869999885559082,9.569999694824219,9.720000267028809,444747,0.0,0.0,0.0
2026-01-12 00:00:00+02:00,9.720000267028809,9.819999694824219,9.40999984741211,9.640000343322754,515014,0.0,0.0,0.0
2026-01-13 00:00:00+02:00,9.640000343322754,10.050000190734863,9.199999809265137,9.970000267028809,1627179,0.0,0.0,0.0
2026-01-14 00:00:00+02:00,9.970000267028809,9.899999618530273,9.59000015258789,9.800000190734863,507129,0.0,0.0,0.0
2026-01-15 00:00:00+02:00,9.800000190734863,9.850000381469727,9.59000015258789,9.720000267028809,525571,0.0,0.0,0.0
2026-01-18 00:00:00+02:00,9.720000267028809,9.789999961853027,9.479999542236328,9.609999656677246,303327,0.0,0.0,0.0
2026-01-19 00:00:00+02:00,9.609999656677246,9.699999809265137,9.4399995803833,9.520000457763672,457331,0.0,0.0,0.0
2026-01-20 00:00:00+02:00,9.520000457763672,9.5600004196167,9.420000076293945,9.550000190734863,421919,0.0,0.0,0.0
2026-01-21 00:00:00+02:00,9.550000190734863,9.5600004196167,9.399999618530273,9.529999732971191,368803,0.0,0.0,0.0
2026-01-22 00:00:00+02:00,9.529999732971191,9.6899995803833,9.319999694824219,9.640000343322754,673258,0.0,0.0,0.0
2026-01-25 00:00:00+02:00,9.640000343322754,9.890000343322754,9.470000267028809,9.600000381469727,1051964,0.0,0.0,0.0
2026-01-26 00:00:00+02:00,9.600000381469727,9.640000343322754,9.420000076293945,9.449999809265137,479349,0.0,0.0,0.0
2026-01-27 00:00:00+02:00,9.449999809265137,9.720000267028809,9.350000381469727,9.449999809265137,348026,0.0,0.0,0.0
2026-01-28 00:00:00+02:00,9.449999809265137,9.619999885559082,9.210000038146973,9.600000381469727,699984,0.0,0.0,0.0
2026-02-01 00:00:00+02:00,9.600000381469727,9.619999885559082,9.279999732971191,9.3100004196167,556389,0.0,0.0,0.0
2026-02-02 00:00:00+02:00,9.3100004196167,9.539999961853027,9.3100004196167,9.489999771118164,615480,0.0,0.0,0.0
2026-02-03 00:00:00+02:00,9.489999771118164,9.550000190734863,9.279999732971191,9.510000228881836,567600,0.0,0.0,0.0
2026-02-04 00:00:00+02:00,9.510000228881836,9.760000228881836,9.329999923706055,9.739999771118164,1518998,0.0,0.0,0.0
