Date,Open,High,Low,Close,Volume,Dividends,Stock Splits,Capital Gains
2021-01-03 00:00:00+02:00,9.407199610778711,9.731586553865084,9.29322681425143,9.556241989135742,2107582,0.0,0.0,0.0
2021-01-04 00:00:00+02:00,9.556241921353216,9.731586484838838,9.31076070302013,9.503639221191406,1373481,0.0,0.0,0.0
2021-01-05 00:00:00+02:00,9.503640106745689,10.397893617767096,9.486105314321287,9.985836029052734,4639420,0.0,0.0,0.0
2021-01-06 00:00:00+02:00,9.985834876395524,10.783649445306372,10.178712554170684,10.415427207946777,3808639,0.0,0.0,0.0
2021-01-10 00:00:00+02:00,10.415427913270346,10.64337518728264,10.05597304676897,10.310221672058105,4275683,0.0,0.0,0.0
2021-01-11 00:00:00+02:00,10.31022145473953,10.511866537119834,9.950766595814736,10.231316566467285,6056400,0.0,0.0,0.0
2021-01-12 00:00:00+02:00,10.231316774865485,10.205015423607302,9.687750777602028,9.915698051452637,4018412,0.0,0.0,0.0
2021-01-13 00:00:00+02:00,9.915698342220452,9.95076709029468,9.54747606938861,9.792957305908203,4976194,0.0,0.0,0.0
2021-01-14 00:00:00+02:00,9.792957305908203,9.863094802056658,9.661449709656075,9.792957305908203,845815,0.0,0.0,0.0
2021-01-17 00:00:00+02:00,9.79295711139328,9.898163353526279,9.503639736501313,9.600078582763672,1245544,0.0,0.0,0.0
2021-01-18 00:00:00+02:00,9.600078582763672,9.845559814407334,9.43350224174598,9.600078582763672,2349518,0.0,0.0,0.0
2021-01-19 00:00:00+02:00,9.600078348205729,9.731586774737508,9.4861047129868,9.635147094726562,947588,0.0,0.0,0.0
2021-01-20 00:00:00+02:00,9.635146876042976,9.731586553865084,9.451035751961047,9.556241989135742,1774857,0.0,0.0,0.0
2021-01-21 00:00:00+02:00,9.556242173101957,9.819258189154414,9.459803329528166,9.608845710754395,3203439,0.0,0.0,0.0
2021-01-24 00:00:00+02:00,9.608846206397956,9.626380162449962,9.328296220726601,9.424735069274902,1170082,0.0,0.0,0.0
2021-01-25 00:00:00+02:00,9.424735069274902,9.424735069274902,9.424735069274902,9.424735069274902,0,0.0,0.0,0.0
2021-01-26 00:00:00+02:00,9.42473487766043,9.75788839692427,9.42473487766043,9.62637996673584,2662858,0.0,0.0,0.0
2021-01-27 00:00:00+02:00,9.626380093993005,9.941999661733695,9.60884613806569,9.766655921936035,1772823,0.0,0.0,0.0
2021-01-31 00:00:00+02:00,9.766655539379018,9.77542209894684,9.424734633087846,9.521173477172852,1153173,0.0,0.0,0.0
2021-02-01 00:00:00+02:00,9.521173958058716,9.731587284306327,9.512407398048122,9.59131145477295,819797,0.0,0.0,0.0
2021-02-02 00:00:00+02:00,9.591310886273206,9.731586707492104,9.459803296755014,9.582544326782227,1297658,0.0,0.0,0.0
2021-02-03 00:00:00+02:00,9.582544122102101,9.696517754099029,9.170485735052413,9.389665603637695,3521550,0.0,0.0,0.0
2021-02-04 00:00:00+02:00,9.38966561350293,9.18801969941809,8.854867034590699,9.021443367004395,3863708,0.0,0.0,0.0
2021-02-07 00:00:00+02:00,9.021443180701286,9.152950764832905,8.828564666017396,8.968839645385742,3291202,0.0,0.0,0.0
2021-02-08 00:00:00+02:00,8.968839645385742,9.20555430014845,8.767194571569952,8.968839645385742,2350210,0.0,0.0,0.0
2021-02-09 00:00:00+02:00,8.96884009672887,9.109115919261212,8.92500479054894,9.012676239013672,1351010,0.0,0.0,0.0
2021-02-10 00:00:00+02:00,9.012676719659602,9.188020462045019,8.968840575037019,9.08281421661377,1301190,0.0,0.0,0.0
2021-02-11 00:00:00+02:00,9.082814386492606,9.074047826288057,8.767195644295734,8.854867935180664,2138844,0.0,0.0,0.0
2021-02-14 00:00:00+02:00,8.854867233012492,8.898702538873998,8.609385172442755,8.705824851989746,2353383,0.0,0.0,0.0
2021-02-15 00:00:00+02:00,8.705825356543064,8.802264205574383,8.504179426253144,8.661989212036133,1083974,0.0,0.0,0.0
2021-02-16 00:00:00+02:00,8.661988270270026,8.986374366584903,8.767194503985271,8.916236877441406,1127541,0.0,0.0,0.0
2021-02-17 00:00:00+02:00,8.916237346347662,9.02144358559572,8.740893614267568,8.846099853515625,778218,0.0,0.0,0.0
2021-02-18 00:00:00+02:00,8.84610056989685,9.003910359601234,8.76719567504466,8.881169319152832,844373,0.0,0.0,0.0
2021-02-21 00:00:00+02:00,8.881168436050709,9.293226825914017,8.942538532120086,9.188019752502441,1792032,0.0,0.0,0.0
2021-02-22 00:00:00+02:00,9.18802020274491,9.30199384110515,9.135417499566273,9.231856346130371,1068217,0.0,0.0,0.0
2021-02-23 00:00:00+02:00,9.23185606260793,9.337062301839076,8.968840046477633,9.100348472595215,798917,0.0,0.0,0.0
2021-02-24 00:00:00+02:00,9.100349008904768,9.19678785819052,8.968840575037019,9.08281421661377,721734,0.0,0.0,0.0
2021-02-25 00:00:00+02:00,9.082813239417625,9.442268917765977,9.056511889915734,9.310760498046875,1239249,0.0,0.0,0.0
2021-02-28 00:00:00+02:00,9.31076123700322,9.345829984490608,9.117882707770132,9.231856346130371,689498,0.0,0.0,0.0
2021-03-01 00:00:00+02:00,9.231855544691681,9.345829173157606,9.179252846079605,9.258157730102539,694662,0.0,0.0,0.0
2021-03-02 00:00:00+02:00,9.25815849309855,9.696518252815046,9.135417459380172,9.459803581237793,4740551,0.0,0.0,0.0
2021-03-03 00:00:00+02:00,9.459803382424225,9.503639524695563,8.986374885324494,9.266924858093262,1818822,0.0,0.0,0.0
2021-03-04 00:00:00+02:00,9.266924858093262,9.266924858093262,9.266924858093262,9.266924858093262,0,0.0,0.0,0.0
2021-03-07 00:00:00+02:00,9.231856076669763,9.643914474698043,9.301993569597359,9.494872093200684,2444828,0.0,0.0,0.0
2021-03-08 00:00:00+02:00,9.494872382066166,9.591311228749383,9.20555500591162,9.37213134765625,1214685,0.0,0.0,0.0
2021-03-09 00:00:00+02:00,9.372131048249457,9.468570727956658,8.898702553656868,9.100348472595215,1422999,0.0,0.0,0.0
2021-03-10 00:00:00+02:00,9.100348508096964,9.065279761549773,8.688290109088827,8.872401237487793,1670799,0.0,0.0,0.0
2021-03-11 00:00:00+02:00,8.872401473002983,9.109116145558685,8.6795229438211,8.837332725524902,1147808,0.0,0.0,0.0
2021-03-14 00:00:00+02:00,8.837333018272137,8.933771868005284,8.609385734061147,8.714591979980469,1026960,0.0,0.0,0.0
2021-03-15 00:00:00+02:00,8.714592214407404,8.802264506417725,8.328835968992855,8.5392484664917,1308192,0.0,0.0,0.0
2021-03-16 00:00:00+02:00,8.539247960908082,8.460343069991506,7.995681956499866,8.188560485839844,1566390,0.0,0.0,0.0
2021-03-17 00:00:00+02:00,8.18856025130036,8.355136588160416,8.135956713494368,8.223628997802734,341784,0.0,0.0,0.0
2021-03-18 00:00:00+02:00,8.223628509038825,8.267464648587648,8.065818741104993,8.153491020202637,691484,0.0,0.0,0.0
2021-03-21 00:00:00+02:00,8.15349131764055,8.241162763831614,7.71513157837068,7.916776657104492,553075,0.0,0.0,0.0
2021-03-22 00:00:00+02:00,7.916777123468722,7.943079311369824,7.627459745395788,7.7765021324157715,1224102,0.0,0.0,0.0
2021-03-23 00:00:00+02:00,7.7765021324157715,8.013216806896299,7.495952150309872,7.7765021324157715,910680,0.0,0.0,0.0
2021-03-24 00:00:00+02:00,7.776502126662135,8.241163243207465,7.978148053230232,8.1008882522583,941954,0.0,0.0,0.0
2021-03-25 00:00:00+02:00,8.100887485523087,8.320067347162379,7.943078553694073,8.153491020202637,359938,0.0,0.0,0.0
2021-03-28 00:00:00+02:00,8.153491770459482,8.40774039991197,8.144724374522006,8.214861869812012,243620,0.0,0.0,0.0
2021-03-29 00:00:00+02:00,8.214862376142758,8.241163729471394,8.109656126723266,8.171026229858398,221067,0.0,0.0,0.0
2021-03-30 00:00:00+02:00,8.171026377595739,8.311301379357989,8.127191066623757,8.197328567504883,309241,0.0,0.0,0.0
2021-03-31 00:00:00+02:00,8.197328143189605,8.153491998381735,7.995682211515373,8.039518356323242,355446,0.0,0.0,0.0
2021-04-01 00:00:00+02:00,8.039517919764597,8.24116300438426,8.039517919764597,8.135956764221191,446127,0.0,0.0,0.0
2021-04-04 00:00:00+02:00,8.135956205722309,8.144723600826937,7.899242390631021,8.013216018676758,327441,0.0,0.0,0.0
2021-04-05 00:00:00+02:00,8.013216812243929,8.06581951587144,7.627459750485982,7.846639633178711,531853,0.0,0.0,0.0
2021-04-06 00:00:00+02:00,7.84663941266202,8.197327716777817,7.715131821184143,8.02198314666748,863861,0.0,0.0,0.0
2021-04-07 00:00:00+02:00,8.02198314666748,8.179792925324833,7.802803270134436,8.02198314666748,499464,0.0,0.0,0.0
2021-04-08 00:00:00+02:00,8.0219836264704,8.162259458169682,7.978148317425857,8.092121124267578,478896,0.0,0.0,0.0
2021-04-11 00:00:00+02:00,8.09212081428919,8.407740378391233,8.171025705314701,8.328835487365723,633375,0.0,0.0,0.0
2021-04-12 00:00:00+02:00,8.328835653747108,8.933771770185738,8.302534301581492,8.635687828063965,1512109,0.0,0.0,0.0
2021-04-13 00:00:00+02:00,8.63568766708001,8.889936296221098,8.284999354954614,8.469110488891602,1058940,0.0,0.0,0.0
2021-04-14 00:00:00+02:00,8.469110048611629,8.407739952524686,7.758967737561753,8.057051658630371,750445,0.0,0.0,0.0
2021-04-15 00:00:00+02:00,8.057052119898554,8.144724407417606,7.715132038005033,7.846639633178711,316868,0.0,0.0,0.0
2021-04-18 00:00:00+02:00,7.846639579837199,8.065819461039942,7.855406975750483,7.934311866760254,215488,0.0,0.0,0.0
2021-04-19 00:00:00+02:00,7.934312317793595,8.241163667257748,7.960613670923679,8.118423461914062,287693,0.0,0.0,0.0
2021-04-20 00:00:00+02:00,8.118422546588524,8.504178748055121,8.241162738093655,8.398972511291504,1117931,0.0,0.0,0.0
2021-04-21 00:00:00+02:00,8.398972921372351,8.889936219678754,8.469110415972567,8.670756340026855,2324183,0.0,0.0,0.0
2021-04-22 00:00:00+02:00,8.670756404681235,8.85486753840587,8.548015370163183,8.723359107971191,1598756,0.0,0.0,0.0
2021-04-25 00:00:00+02:00,8.723359119072155,8.977607748243537,8.723359119072155,8.86363410949707,567568,0.0,0.0,0.0
2021-04-26 00:00:00+02:00,8.863633604008756,8.907469745042814,8.58308363915854,8.653221130371094,1304403,0.0,0.0,0.0
2021-04-27 00:00:00+02:00,8.653221164062362,8.76719479675273,8.600618463500561,8.679522514343262,290817,0.0,0.0,0.0
2021-04-28 00:00:00+02:00,8.679523645844206,8.749661146473274,8.530481247981198,8.591852188110352,295926,0.0,0.0,0.0
2021-05-04 00:00:00+02:00,8.591851481705271,8.767195218861524,8.583084085821236,8.697057723999023,244149,0.0,0.0,0.0
2021-05-05 00:00:00+02:00,8.697057968312855,8.942539207227556,8.591851723063696,8.802264213562012,1007724,0.0,0.0,0.0
2021-05-06 00:00:00+02:00,8.802263899332203,9.529941030073735,8.91623753664297,9.293227195739746,3167886,0.0,0.0,0.0
2021-05-09 00:00:00+02:00,9.293226977523423,9.617613090204062,9.328295723864441,9.468570709228516,1991234,0.0,0.0,0.0
2021-05-10 00:00:00+02:00,9.468570267267868,9.4247341273615,9.205554263934488,9.310760498046875,1134654,0.0,0.0,0.0
2021-05-11 00:00:00+02:00,9.310761227943628,9.565009856006032,9.301993832054087,9.486104965209961,1169979,0.0,0.0,0.0
2021-05-17 00:00:00+02:00,9.48610468030195,9.74035330072819,9.4773381207806,9.608845710754395,1371450,0.0,0.0,0.0
2021-05-18 00:00:00+02:00,9.60884620075052,9.959533682633605,9.486105164038987,9.819258689880371,2569266,0.0,0.0,0.0
2021-05-19 00:00:00+02:00,9.819258409266938,9.906930695284677,9.512407080414622,9.687750816345215,2164405,0.0,0.0,0.0
2021-05-20 00:00:00+02:00,9.687751321687095,9.714052674422419,9.521174136785207,9.643915176391602,571577,0.0,0.0,0.0
2021-05-23 00:00:00+02:00,9.643915355457946,9.810491707347861,9.582545252567703,9.696518898010254,403729,0.0,0.0,0.0
2021-05-24 00:00:00+02:00,9.696517944359835,9.757888041214342,9.231856011846157,9.442269325256348,917017,0.0,0.0,0.0
2021-05-25 00:00:00+02:00,9.442269900646721,9.486105209011242,8.644454412396785,9.056512832641602,2446337,0.0,0.0,0.0
2021-05-26 00:00:00+02:00,9.056513017839375,9.380899155778737,9.1178831196886,9.249391555786133,915806,0.0,0.0,0.0
2021-05-27 00:00:00+02:00,9.249391342816036,9.29322748717254,9.047745413218085,9.170486450195312,573798,0.0,0.0,0.0
2021-05-30 00:00:00+02:00,9.170485965415978,9.293226995904748,9.03021097977445,9.100348472595215,361776,0.0,0.0,0.0
2021-05-31 00:00:00+02:00,9.100348490120956,9.258158267324022,8.802263727006215,8.986374855041504,795976,0.0,0.0,0.0
2021-06-01 00:00:00+02:00,8.986375535403127,9.021444284536113,8.679523353410804,8.854867935180664,482858,0.0,0.0,0.0
2021-06-02 00:00:00+02:00,8.854867282266632,9.074047157212789,8.723358855636018,8.872401237487793,929590,0.0,0.0,0.0
2021-06-03 00:00:00+02:00,8.872400950220479,8.92500448639052,8.679522432403447,8.740893363952637,612600,0.0,0.0,0.0
2021-06-06 00:00:00+02:00,8.740893661836667,9.20555476340388,8.68829012387393,9.012676239013672,1065086,0.0,0.0,0.0
2021-06-07 00:00:00+02:00,9.01267687247353,9.389666552072892,9.03021166506184,9.249391555786133,2141204,0.0,0.0,0.0
2021-06-08 00:00:00+02:00,9.249391159033134,9.293227302518625,8.872401495604759,9.11788272857666,649282,0.0,0.0,0.0
2021-06-09 00:00:00+02:00,9.117882636249933,9.582544581944171,8.968840251571386,9.433502197265625,2429786,0.0,0.0,0.0
2021-06-10 00:00:00+02:00,9.433502497135992,9.591311446555352,9.231856567176651,9.45103645324707,1457517,0.0,0.0,0.0
2021-06-13 00:00:00+02:00,9.451035729086662,9.363364283039033,9.021443385970189,9.161718368530273,842976,0.0,0.0,0.0
2021-06-14 00:00:00+02:00,9.161718383519311,9.161718383519311,8.863633627039023,9.047744750976562,638140,0.0,0.0,0.0
2021-06-15 00:00:00+02:00,9.047745444502961,9.538708758004594,8.960073991591718,9.19678783416748,2519286,0.0,0.0,0.0
2021-06-16 00:00:00+02:00,9.196787728463915,11.116803979789688,9.582544792375398,10.301454544067383,11420629,0.0,0.0,0.0
2021-06-17 00:00:00+02:00,10.301453851622522,11.292146960664333,10.529401116238482,10.915157318115234,6567034,0.0,0.0,0.0
2021-06-20 00:00:00+02:00,10.915157775608494,11.984755816163801,10.546935513058386,11.353517532348633,8294526,0.0,0.0,0.0
2021-06-21 00:00:00+02:00,11.353517532703195,12.405580781691409,11.502559916887888,12.002289772033691,6851441,0.0,0.0,0.0
2021-06-22 00:00:00+02:00,12.002289964584126,12.054893504124642,11.660369883937905,11.800644874572754,2330069,0.0,0.0,0.0
2021-06-23 00:00:00+02:00,11.80064487497794,12.624760863038421,11.826946226696652,12.195168495178223,3893220,0.0,0.0,0.0
2021-06-24 00:00:00+02:00,12.195168931909766,12.186401535654586,11.748041756154711,11.958455085754395,1776737,0.0,0.0,0.0
2021-06-27 00:00:00+02:00,11.958454182216276,12.125030517954148,11.68667077157517,11.870781898498535,931347,0.0,0.0,0.0
2021-06-28 00:00:00+02:00,11.870781970533518,11.923385508304348,10.757348642748841,11.160638809204102,6899875,0.0,0.0,0.0
2021-06-29 00:00:00+02:00,11.160638777178749,11.081734724906221,10.66090893226175,10.880088806152344,2584270,0.0,0.0,0.0
2021-06-30 00:00:00+02:00,10.880089015758234,11.309681376194767,11.046666191342934,11.213242530822754,1605546,0.0,0.0,0.0
2021-07-04 00:00:00+02:00,11.213242460582522,11.563929928924832,11.239543811681976,11.414888381958008,1190722,0.0,0.0,0.0
2021-07-05 00:00:00+02:00,11.41488801191774,11.616533090651552,10.967760877197309,11.309680938720703,1775436,0.0,0.0,0.0
2021-07-06 00:00:00+02:00,11.309681863321456,10.958994377677737,10.520634602570627,10.748581886291504,2000037,0.0,0.0,0.0
2021-07-07 00:00:00+02:00,10.748581949134195,10.958994441750624,10.687211011709044,10.80118465423584,1645419,0.0,0.0,0.0
2021-07-08 00:00:00+02:00,10.801184376174241,10.827486564152872,10.520634393241373,10.669676780700684,1108105,0.0,0.0,0.0
2021-07-11 00:00:00+02:00,10.669676835286642,10.766115683386971,10.345290706834732,10.58200454711914,799701,0.0,0.0,0.0
2021-07-12 00:00:00+02:00,10.582004060792169,10.950226316405098,10.520633963558302,10.766115188598633,624093,0.0,0.0,0.0
2021-07-13 00:00:00+02:00,10.766114686712493,11.388585533982704,10.78364947716467,11.178173065185547,1988034,0.0,0.0,0.0
2021-07-14 00:00:00+02:00,11.178173500570287,11.53762835779224,11.134337358837275,11.335983276367188,1435385,0.0,0.0,0.0
2021-07-15 00:00:00+02:00,11.335983544151148,11.458723740577176,11.17817376462639,11.327216148376465,1190512,0.0,0.0,0.0
2021-07-18 00:00:00+02:00,11.327216416367852,11.397353912014937,11.195708821055794,11.318449020385742,439686,0.0,0.0,0.0
2021-07-25 00:00:00+02:00,11.31844807625237,11.739273851136408,11.39735296129968,11.572696685791016,1152251,0.0,0.0,0.0
2021-07-26 00:00:00+02:00,11.572697153757785,12.011056900764556,11.39735342217605,11.756808280944824,1751199,0.0,0.0,0.0
2021-07-27 00:00:00+02:00,11.756807768849923,12.186400101539505,11.756807768849923,11.914617538452148,925460,0.0,0.0,0.0
2021-07-28 00:00:00+02:00,11.914618696510637,11.94968744470804,11.669137459128805,11.853248596191406,1133684,0.0,0.0,0.0
2021-07-29 00:00:00+02:00,11.853247656596597,11.923385147431679,11.616532997949564,11.739274024963379,542058,0.0,0.0,0.0
2021-08-01 00:00:00+02:00,11.739274513234921,12.905311391998168,11.634068272606456,12.458184242248535,4642665,0.0,0.0,0.0
2021-08-02 00:00:00+02:00,12.45818462221921,13.49271394077591,12.97544928149756,13.238465309143066,2613513,0.0,0.0,0.0
2021-08-03 00:00:00+02:00,13.23846528496524,14.246692413642602,13.001750609685134,13.746962547302246,2807788,0.0,0.0,0.0
2021-08-04 00:00:00+02:00,13.746962579328095,14.088882662944942,13.41380905562342,13.773263931274414,1876238,0.0,0.0,0.0
2021-08-05 00:00:00+02:00,13.773262712808982,13.764495317567524,13.15955925968906,13.41380786895752,850705,0.0,0.0,0.0
2021-08-08 00:00:00+02:00,13.41380786895752,13.41380786895752,13.41380786895752,13.41380786895752,0,0.0,0.0,0.0
2021-08-09 00:00:00+02:00,13.41380786895752,13.41380786895752,13.41380786895752,13.41380786895752,0,0.0,0.0,0.0
2021-08-10 00:00:00+02:00,13.676824610414636,13.57161753405794,12.94914748826089,13.194628715515137,1402315,0.0,0.0,0.0
2021-08-11 00:00:00+02:00,13.194628531688313,13.31736872555299,12.71243264350674,12.887776374816895,2342097,0.0,0.0,0.0
2021-08-15 00:00:00+02:00,12.887777247880924,13.299835671452744,12.800105794339101,13.089423179626465,1325856,0.0,0.0,0.0
2021-08-16 00:00:00+02:00,13.089423030236768,13.22969802318666,12.800105648251385,13.06312084197998,909565,0.0,0.0,0.0
2021-08-17 00:00:00+02:00,13.063120550672384,13.063120550672384,12.624760789426936,12.791337966918945,967729,0.0,0.0,0.0
2021-08-18 00:00:00+02:00,12.791337498185746,12.922845087298382,12.449416595946085,12.607226371765137,2468926,0.0,0.0,0.0
2021-08-19 00:00:00+02:00,12.607226863893102,12.756269249961278,12.230237200767142,12.423115730285645,2479427,0.0,0.0,0.0
2021-08-22 00:00:00+02:00,12.42311595770313,12.42311595770313,12.125031180110042,12.247772216796875,480237,0.0,0.0,0.0
2021-08-23 00:00:00+02:00,12.247772242322457,12.8439409626462,12.300374946651509,12.668597221374512,1454002,0.0,0.0,0.0
2021-08-24 00:00:00+02:00,12.66859671872326,12.931612738247575,12.53708912701354,12.712432861328125,1408014,0.0,0.0,0.0
2021-08-25 00:00:00+02:00,12.71243264350674,13.150792389834558,12.668596501652985,12.887776374816895,2015695,0.0,0.0,0.0
2021-08-26 00:00:00+02:00,12.887777100792613,13.238465419272256,12.800105648251385,13.06312084197998,1581545,0.0,0.0,0.0
2021-08-29 00:00:00+02:00,13.063120255449409,13.369972415828402,12.712432788820449,13.168327331542969,1343085,0.0,0.0,0.0
2021-08-30 00:00:00+02:00,13.16832719701099,13.580384757064083,12.931612532376143,13.282299995422363,1690336,0.0,0.0,0.0
2021-08-31 00:00:00+02:00,13.282300727490416,13.317369475727888,12.949148037286873,13.06312084197998,462379,0.0,0.0,0.0
2021-09-01 00:00:00+02:00,13.063120105451574,13.562850784790754,13.15079238915455,13.396273612976074,1022498,0.0,0.0,0.0
2021-09-02 00:00:00+02:00,13.396273829181725,13.589152354778266,13.19462874395729,13.475178718566895,1107770,0.0,0.0,0.0
2021-09-05 00:00:00+02:00,13.475178192485945,13.466410797095461,12.975448360696193,13.124490737915039,408731,0.0,0.0,0.0
2021-09-06 00:00:00+02:00,13.12449155202742,13.1507929037255,12.537089402105957,12.843940734863281,492710,0.0,0.0,0.0
2021-09-07 00:00:00+02:00,12.843939689953098,12.914077179511919,12.537088382159457,12.65106201171875,547187,0.0,0.0,0.0
2021-09-08 00:00:00+02:00,12.651063233470097,12.966681966965051,12.598459693168484,12.642295837402344,418932,0.0,0.0,0.0
2021-09-09 00:00:00+02:00,12.642295386444614,12.791337769860366,12.537089145699062,12.598459243774414,166529,0.0,0.0,0.0
2021-09-12 00:00:00+02:00,12.598458772057981,12.677363658688977,12.309141411814227,12.414347648620605,183200,0.0,0.0,0.0
2021-09-13 00:00:00+02:00,12.414347357379105,12.712432106056513,12.423114752600165,12.65106201171875,238342,0.0,0.0,0.0
2021-09-14 00:00:00+02:00,12.651063233470097,12.870243118534487,12.580925737137886,12.642295837402344,317490,0.0,0.0,0.0
2021-09-15 00:00:00+02:00,12.642294614941175,13.247230671337743,12.712432104491363,13.01928424835205,1542178,0.0,0.0,0.0
2021-09-16 00:00:00+02:00,13.019284963750383,13.326136288367456,13.0017501723469,13.308602333068848,467044,0.0,0.0,0.0
2021-09-19 00:00:00+02:00,13.308601671853383,13.773262751596397,12.74750091639241,13.071887016296387,3529385,0.0,0.0,0.0
2021-09-20 00:00:00+02:00,13.071887536462182,13.142025029172661,12.580925087488833,12.659829139709473,1413083,0.0,0.0,0.0
2021-09-21 00:00:00+02:00,12.659829139709473,12.659829139709473,12.659829139709473,12.659829139709473,0,0.0,0.0,0.0
2021-09-22 00:00:00+02:00,11.60776591702356,11.92338547043641,11.572697170656006,11.642834663391113,646081,0.0,0.0,0.0
2021-09-23 00:00:00+02:00,11.64283410556369,12.046125087520654,11.704205035845174,11.88831615447998,648670,0.0,0.0,0.0
2021-09-26 00:00:00+02:00,11.88831718350392,11.967221238801589,11.651602509296225,11.686671257019043,527773,0.0,0.0,0.0
2021-09-27 00:00:00+02:00,11.68667129377217,11.748041393453878,10.520634383190304,10.529401779174805,2127978,0.0,0.0,0.0
2021-09-28 00:00:00+02:00,10.529401779174805,10.529401779174805,10.529401779174805,10.529401779174805,0,0.0,0.0,0.0
2021-09-29 00:00:00+02:00,10.801183948768852,11.35351733289065,10.555702723416342,11.160638809204102,942033,0.0,0.0,0.0
2021-09-30 00:00:00+02:00,11.16063852712209,11.397353186950623,11.04666573102485,11.283379554748535,482901,0.0,0.0,0.0
2021-10-03 00:00:00+02:00,11.283379554748535,11.581464310337866,11.108035826785649,11.283379554748535,728079,0.0,0.0,0.0
2021-10-04 00:00:00+02:00,11.283379554748535,11.283379554748535,11.283379554748535,11.283379554748535,0,0.0,0.0,0.0
2021-10-05 00:00:00+02:00,11.546396658915132,12.011057791075622,11.616534156746718,11.958455085754395,823852,0.0,0.0,0.0
2021-10-06 00:00:00+02:00,11.958454840783618,12.07242848145141,11.748041515494284,11.853248596191406,432245,0.0,0.0,0.0
2021-10-10 00:00:00+02:00,11.853248178068263,11.993523165909682,11.756808496848627,11.835713386535645,238017,0.0,0.0,0.0
2021-10-11 00:00:00+02:00,11.835713335045272,12.054893211620184,11.835713335045272,11.923385620117188,1427309,0.0,0.0,0.0
2021-10-12 00:00:00+02:00,11.923386156380715,12.00229021316836,11.835713867365671,11.905851364135742,129061,0.0,0.0,0.0
2021-10-13 00:00:00+02:00,11.905851544328241,12.14256622658854,11.748041756154711,11.958455085754395,665753,0.0,0.0,0.0
2021-10-14 00:00:00+02:00,11.958454366924979,12.072428003076517,11.87954947758123,11.923385620117188,340860,0.0,0.0,0.0
2021-10-17 00:00:00+02:00,11.923385191619673,13.273533149355899,11.923385191619673,13.150792121887207,4512153,0.0,0.0,0.0
2021-10-18 00:00:00+02:00,13.150792121887207,13.150792121887207,13.150792121887207,13.150792121887207,0,0.0,0.0,0.0
2021-10-19 00:00:00+02:00,13.562851252447622,14.02751236544357,13.431342822358653,13.580385208129883,3073921,0.0,0.0,0.0
2021-10-20 00:00:00+02:00,13.58038472293055,14.0275118642693,13.369972245631677,14.018744468688965,1574625,0.0,0.0,0.0
2021-10-24 00:00:00+02:00,14.018744147487602,14.343131087688665,13.729426788804357,13.86093521118164,1411140,0.0,0.0,0.0
2021-10-25 00:00:00+02:00,13.860935779538286,14.290527301383644,13.668057253805678,13.869702339172363,2174314,0.0,0.0,0.0
2021-10-26 00:00:00+02:00,13.869702007580837,14.685051397503228,13.808331911085125,14.33436393737793,3642779,0.0,0.0,0.0
2021-10-27 00:00:00+02:00,14.334363747298994,14.509706638931675,13.808331727981567,14.027511596679688,863365,0.0,0.0,0.0
2021-10-28 00:00:00+02:00,14.027511881092565,14.29052705997916,13.869702104876717,13.904770851135254,582459,0.0,0.0,0.0
2021-10-31 00:00:00+02:00,13.90477087237888,12.545856325705786,11.984755548607087,12.265305519104004,13788034,0.0,0.0,0.0
2021-11-01 00:00:00+02:00,12.265306429741353,12.537089860917442,11.748041756154711,11.958455085754395,3813156,0.0,0.0,0.0
2021-11-02 00:00:00+02:00,11.958454399841655,12.186400836667302,11.870782114528414,11.949687004089355,3239281,0.0,0.0,0.0
2021-11-03 00:00:00+02:00,11.94968707594514,12.054893317290729,11.406121077607162,11.748041152954102,2376060,0.0,0.0,0.0
2021-11-04 00:00:00+02:00,11.74804081856813,11.914617989702666,11.441189499070335,11.704205513000488,383490,0.0,0.0,0.0
2021-11-07 00:00:00+02:00,11.704205513000488,11.704205513000488,11.704205513000488,11.704205513000488,0,0.0,0.0,0.0
2021-11-08 00:00:00+02:00,11.704205513000488,11.704205513000488,11.704205513000488,11.704205513000488,0,0.0,0.0,0.0
2021-11-09 00:00:00+02:00,11.704205513000488,11.704205513000488,11.704205513000488,11.704205513000488,0,0.0,0.0,0.0
2021-11-10 00:00:00+02:00,12.160099504945148,12.27407314159252,11.616533509007207,11.835713386535645,1689174,0.0,0.0,0.0
2021-11-11 00:00:00+02:00,11.835713394543959,12.274073149897438,11.835713394543959,12.230237007141113,796736,0.0,0.0,0.0
2021-11-14 00:00:00+02:00,12.230236990019893,12.361745418104766,11.134337603170353,11.441189765930176,6129142,0.0,0.0,0.0
2021-11-15 00:00:00+02:00,11.441189358286561,11.660369227847204,10.871321195765978,11.055432319641113,4117307,0.0,0.0,0.0
2021-11-16 00:00:00+02:00,11.055432300615871,11.12556979186619,10.783649731047099,10.915157318115234,868450,0.0,0.0,0.0
2021-11-17 00:00:00+02:00,10.91515800379701,11.125570490765917,10.801184364329295,10.923925399780273,727923,0.0,0.0,0.0
2021-11-18 00:00:00+02:00,10.923924489900191,11.485025244520068,10.976528025313392,11.204474449157715,2780592,0.0,0.0,0.0
2021-11-21 00:00:00+02:00,11.204474867673072,11.300914546848734,10.958993644153397,10.967761039733887,746031,0.0,0.0,0.0
2021-11-22 00:00:00+02:00,10.967760888466112,11.020363589013826,10.669676131679557,10.941458702087402,1485746,0.0,0.0,0.0
2021-11-23 00:00:00+02:00,10.941459387743457,11.08173521557252,10.871321891881376,10.950226783752441,1027203,0.0,0.0,0.0
2021-11-24 00:00:00+02:00,10.950226483202812,11.00283002170802,10.87132159349744,10.932692527770996,430441,0.0,0.0,0.0
2021-11-25 00:00:00+02:00,10.93269230952469,11.362284660339355,10.915157518338036,11.362284660339355,2037401,0.0,0.0,0.0
2021-11-28 00:00:00+02:00,11.362284660339355,11.362284660339355,11.362284660339355,11.362284660339355,0,0.0,0.0,0.0
2021-11-29 00:00:00+02:00,11.029131203311755,11.222009726725094,11.002829852516028,11.020363807678223,690527,0.0,0.0,0.0
2021-11-30 00:00:00+02:00,11.020364490108665,11.59899926007548,10.915158244306054,11.56393051147461,2552488,0.0,0.0,0.0
2021-12-01 00:00:00+02:00,11.56393051147461,11.56393051147461,11.56393051147461,11.56393051147461,0,0.0,0.0,0.0
2021-12-02 00:00:00+02:00,11.520094249009926,11.590231740404718,11.274612193023307,11.309680938720703,645023,0.0,0.0,0.0
2021-12-05 00:00:00+02:00,11.309681602739719,11.485026177626454,11.239544107226983,11.432422637939453,447540,0.0,0.0,0.0
2021-12-06 00:00:00+02:00,11.432421670526882,11.967220237583005,11.362284180949187,11.914617538452148,2149275,0.0,0.0,0.0
2021-12-07 00:00:00+02:00,11.914618580129648,12.054893571549071,11.406121318181789,11.458724021911621,1280039,0.0,0.0,0.0
2021-12-08 00:00:00+02:00,11.458723927843856,12.405580948256858,11.309681541658023,12.168867111206055,5778559,0.0,0.0,0.0
2021-12-09 00:00:00+02:00,12.168866876279,12.44064945564985,12.054893239860462,12.203935623168945,2290769,0.0,0.0,0.0
2021-12-12 00:00:00+02:00,12.203935170553887,12.493252530692052,12.107496329209448,12.160099029541016,1458363,0.0,0.0,0.0
2021-12-13 00:00:00+02:00,12.160099959857884,12.40558119776389,12.019824966768738,12.274073600769043,2354357,0.0,0.0,0.0
2021-12-14 00:00:00+02:00,12.274073600769043,12.274073600769043,12.274073600769043,12.274073600769043,0,0.0,0.0,0.0
2021-12-15 00:00:00+02:00,12.800104666412153,13.229697008395306,12.580924797714033,13.150792121887207,4450998,0.0,0.0,0.0
2021-12-16 00:00:00+02:00,13.150792558419916,13.589152310367245,12.975448824861958,13.054353713989258,4117430,0.0,0.0,0.0
2021-12-19 00:00:00+02:00,13.054354320985414,13.150793169900247,12.659829857004476,12.69489860534668,1183091,0.0,0.0,0.0
2021-12-20 00:00:00+02:00,12.69489812175924,12.747501660321172,12.44941689271494,12.624760627746582,2167551,0.0,0.0,0.0
2021-12-21 00:00:00+02:00,12.624760800853329,13.273533883523498,12.703665691725707,12.931612968444824,2619451,0.0,0.0,0.0
2021-12-22 00:00:00+02:00,12.931611968361903,13.098188297017389,12.765035639706415,13.01928424835205,895827,0.0,0.0,0.0
2021-12-23 00:00:00+02:00,13.019285287751599,13.229697773200519,12.9316130007621,12.957914352416992,1372405,0.0,0.0,0.0
2021-12-26 00:00:00+02:00,12.957914037103846,13.063120277268256,12.72996760146673,12.800105094909668,471061,0.0,0.0,0.0
2021-12-27 00:00:00+02:00,12.800105395171508,13.150792870612552,12.729967900083299,12.817639350891113,1702424,0.0,0.0,0.0
2021-12-28 00:00:00+02:00,12.81763866466894,12.975448438221143,12.747501173335706,12.808871269226074,593588,0.0,0.0,0.0
2021-12-29 00:00:00+02:00,12.808871701529384,12.975448876146483,12.843940448379582,12.966681480407715,471970,0.0,0.0,0.0
2021-12-30 00:00:00+02:00,12.966681262590951,13.150792389487977,12.81763888195503,13.142024993896484,1265460,0.0,0.0,0.0
2022-01-02 00:00:00+02:00,13.142024437012463,13.23846411222259,12.984215503576957,13.01928424835205,386437,0.0,0.0,0.0
2022-01-03 00:00:00+02:00,13.019284750082846,13.142024943473361,12.887776325029618,12.975448608398438,335116,0.0,0.0,0.0
2022-01-04 00:00:00+02:00,12.975448828517019,13.063120277268256,12.800105094909668,12.800105094909668,678427,0.0,0.0,0.0
2022-01-05 00:00:00+02:00,12.800105094909668,13.019284970945074,12.756268952481612,12.800105094909668,1670902,0.0,0.0,0.0
2022-01-09 00:00:00+02:00,12.800105094909668,12.800105094909668,12.800105094909668,12.800105094909668,0,0.0,0.0,0.0
2022-01-10 00:00:00+02:00,12.6072259059417,12.949146795547755,12.475717485583298,12.677363395690918,2278788,0.0,0.0,0.0
2022-01-11 00:00:00+02:00,12.677364063332087,12.83517384163114,12.580925218874262,12.800105094909668,954380,0.0,0.0,0.0
2022-01-12 00:00:00+02:00,12.800104944769478,12.84394025057849,12.449416645563339,12.519554138183594,706043,0.0,0.0,0.0
2022-01-13 00:00:00+02:00,12.519555022667424,12.615994708912211,12.309142529941399,12.326677322387695,792720,0.0,0.0,0.0
2022-01-16 00:00:00+02:00,12.326676178511038,12.317908783101476,11.940919141538771,12.019824028015137,878517,0.0,0.0,0.0
2022-01-17 00:00:00+02:00,12.01982406178956,12.230236535581207,11.835712938195655,12.046125411987305,385056,0.0,0.0,0.0
2022-01-18 00:00:00+02:00,12.046125563001464,12.177633987848512,11.897083183171057,12.072427749633789,233751,0.0,0.0,0.0
2022-01-19 00:00:00+02:00,12.072428069391357,12.125030771839556,11.967220992285197,11.975988388061523,201247,0.0,0.0,0.0
2022-01-20 00:00:00+02:00,11.975987632806424,12.028591168042109,11.835712653651036,11.914617538452148,116486,0.0,0.0,0.0
2022-01-23 00:00:00+02:00,11.914618228782658,11.923385624514058,11.616533462754076,11.669137001037598,236934,0.0,0.0,0.0
2022-01-24 00:00:00+02:00,11.669136567785364,11.791876759048353,11.528860749605762,11.765575408935547,664110,0.0,0.0,0.0
2022-01-25 00:00:00+02:00,11.765575692630879,11.923385469322561,11.669136849155331,11.897083282470703,876378,0.0,0.0,0.0
2022-01-26 00:00:00+02:00,11.897083470769648,12.002289711527615,11.660369638090444,11.695438385009766,669852,0.0,0.0,0.0
2022-01-30 00:00:00+02:00,11.695437984913587,11.923385250143637,11.704205380369709,11.818178176879883,489348,0.0,0.0,0.0
2022-01-31 00:00:00+02:00,11.818178377243958,12.098729183862313,11.41488821268325,12.011056900024414,658522,0.0,0.0,0.0
2022-02-01 00:00:00+02:00,12.011057392635598,12.352978310300811,11.96722124891879,12.22146987915039,1138526,0.0,0.0,0.0
2022-02-02 00:00:00+02:00,12.221469559844348,12.537089117475356,12.142565506541473,12.317909240722656,720057,0.0,0.0,0.0
2022-02-03 00:00:00+02:00,12.317909073844351,12.379279170950129,12.098729200061017,12.151331901550293,206617,0.0,0.0,0.0
2022-02-06 00:00:00+02:00,12.151332309777533,12.49325322536421,12.011057319620402,12.423115730285645,653880,0.0,0.0,0.0
2022-02-07 00:00:00+02:00,12.423115805805741,12.65982964410866,12.16886717557414,12.22146987915039,801466,0.0,0.0,0.0
2022-02-08 00:00:00+02:00,12.221469611368873,12.361745435410086,12.18640086438479,12.230237007141113,341267,0.0,0.0,0.0
2022-02-09 00:00:00+02:00,12.230236941337438,12.493252960355369,12.142565492401378,12.177634239196777,669282,0.0,0.0,0.0
2022-02-10 00:00:00+02:00,12.177634330128033,12.247771824242552,11.835713419241088,11.862014770507812,768947,0.0,0.0,0.0
2022-02-13 00:00:00+02:00,11.862014783278804,11.835713431983763,11.283380038158603,11.353517532348633,559825,0.0,0.0,0.0
2022-02-14 00:00:00+02:00,11.353517998098722,11.344750601939086,11.046666657455734,11.143105506896973,357974,0.0,0.0,0.0
2022-02-15 00:00:00+02:00,11.14310499893032,11.563929962150201,11.046666153885317,11.441189765930176,333245,0.0,0.0,0.0
2022-02-16 00:00:00+02:00,11.44118958192042,11.59899852253738,11.30968115595061,11.388586044311523,280623,0.0,0.0,0.0
2022-02-17 00:00:00+02:00,11.388586548287716,11.432422692217523,11.222010204680336,11.34475040435791,401031,0.0,0.0,0.0
2022-02-20 00:00:00+02:00,11.344749903479261,11.222009709220753,11.134337425231934,11.134337425231934,366358,0.0,0.0,0.0
2022-02-21 00:00:00+02:00,11.134337623946408,12.037358486286049,10.958993888944276,11.975988388061523,1489411,0.0,0.0,0.0
2022-02-22 00:00:00+02:00,11.97598812049104,11.91461802363766,11.572697120944122,11.730506896972656,801907,0.0,0.0,0.0
2022-02-23 00:00:00+02:00,11.730506963346418,11.9496868374685,11.669136866145791,11.783109664916992,258326,0.0,0.0,0.0
2022-02-24 00:00:00+02:00,11.783109423687968,11.528860808355638,10.958993481746747,11.309680938720703,624387,0.0,0.0,0.0
2022-02-27 00:00:00+02:00,11.30968131463437,11.879549496289513,11.353517457239361,11.809412002563477,393033,0.0,0.0,0.0
2022-02-28 00:00:00+02:00,11.8094120741923,11.862014776753446,11.528861261481623,11.607766151428223,226909,0.0,0.0,0.0
2022-03-01 00:00:00+02:00,11.607766344397389,11.870782369890179,11.686671235655716,11.800644874572754,507362,0.0,0.0,0.0
2022-03-02 00:00:00+02:00,11.800644602220538,12.133798115341758,11.625300867973811,12.063660621643066,976656,0.0,0.0,0.0
2022-03-03 00:00:00+02:00,12.063660419937463,12.659829106408333,12.361745181225329,12.633527755737305,2437190,0.0,0.0,0.0
2022-03-06 00:00:00+02:00,12.633528361947914,13.326136760954967,12.624760965935252,13.238465309143066,3966158,0.0,0.0,0.0
2022-03-07 00:00:00+02:00,13.238465419272256,13.554084153409516,12.905311892963805,13.06312084197998,2839732,0.0,0.0,0.0
2022-03-08 00:00:00+02:00,13.06312084197998,13.06312084197998,13.06312084197998,13.06312084197998,0,0.0,0.0,0.0
2022-03-09 00:00:00+02:00,12.80887165451138,13.054353717666544,12.712432810053556,12.800105094909668,301158,0.0,0.0,0.0
2022-03-10 00:00:00+02:00,12.800105187689423,13.185861404421694,12.817639143124815,13.133257865905762,561263,0.0,0.0,0.0
2022-03-13 00:00:00+02:00,13.133257331061031,13.475178227227843,13.115723376339702,13.150792121887207,1015888,0.0,0.0,0.0
2022-03-14 00:00:00+02:00,13.150792577002417,13.150792577002417,12.940380096435547,12.940380096435547,181167,0.0,0.0,0.0
2022-03-15 00:00:00+02:00,12.940379912262372,12.949147307854096,12.274072897178922,12.887776374816895,1029750,0.0,0.0,0.0
2022-03-16 00:00:00+02:00,12.887776358107157,13.589152118543266,12.800104910618183,13.510247230529785,1517207,0.0,0.0,0.0
2022-03-17 00:00:00+02:00,13.51024768952604,13.764496317260157,13.238465106140373,13.299835205078125,1010697,0.0,0.0,0.0
2022-03-20 00:00:00+02:00,13.299834736658177,13.413808370746203,13.194628498139581,13.369972229003906,499598,0.0,0.0,0.0
2022-03-21 00:00:00+02:00,13.369972389283891,14.202856584057605,13.413808531551698,14.04504680633545,3533006,0.0,0.0,0.0
2022-03-22 00:00:00+02:00,14.045046538818628,14.500941071952575,14.027511747803544,14.053813934326172,1472360,0.0,0.0,0.0
2022-03-23 00:00:00+02:00,14.053813892572427,14.904231187760939,13.896004118324933,14.869161605834961,1538630,0.0,0.0,0.0
2022-03-24 00:00:00+02:00,14.869161549516928,15.11464360543988,14.395733900777298,14.448336601257324,1596792,0.0,0.0,0.0
2022-03-27 00:00:00+02:00,14.448336523132648,14.553543595733526,13.764495567856015,13.887236595153809,1299090,0.0,0.0,0.0
2022-03-28 00:00:00+02:00,13.887237198630759,13.931073341435239,12.370512008666992,12.370512008666992,5544852,0.0,0.0,0.0
2022-03-29 00:00:00+02:00,12.370512367798685,12.97544931663186,12.274073519712992,12.870243072509766,1834883,0.0,0.0,0.0
2022-03-30 00:00:00+02:00,12.870242692895761,13.098189130384457,12.624760627746582,12.624760627746582,1162402,0.0,0.0,0.0
2022-03-31 00:00:00+02:00,12.624760360145341,13.142024994603126,12.265305501923454,12.633527755737305,1956961,0.0,0.0,0.0
2022-04-03 00:00:00+02:00,12.633527739060526,13.150792372835499,12.712432627074316,12.747501373291016,297560,0.0,0.0,0.0
2022-04-04 00:00:00+02:00,12.747501556775026,12.887776543660907,12.756268952481612,12.800105094909668,369738,0.0,0.0,0.0
2022-04-05 00:00:00+02:00,12.800105554144112,13.150793033940566,12.85270825806113,12.984216690063477,924365,0.0,0.0,0.0
2022-04-06 00:00:00+02:00,12.98421672201242,13.142025670256677,12.896544433795128,13.010518074035645,507085,0.0,0.0,0.0
2022-04-07 00:00:00+02:00,13.010517421922312,13.06312012333221,12.712432660250016,12.773802757263184,326654,0.0,0.0,0.0
2022-04-10 00:00:00+02:00,12.773802689789102,12.870242368705938,12.300374199076465,12.466951370239258,201748,0.0,0.0,0.0
2022-04-11 00:00:00+02:00,12.466951938378374,12.694898380513191,12.370512255066627,12.47571849822998,190172,0.0,0.0,0.0
2022-04-12 00:00:00+02:00,12.475717979857482,12.615993801018318,12.274072897865736,12.379279136657715,512092,0.0,0.0,0.0
2022-04-13 00:00:00+02:00,12.379279068733853,12.537088844108368,12.072427749633789,12.072427749633789,539752,0.0,0.0,0.0
2022-04-14 00:00:00+02:00,12.072428587334537,12.054893795029589,11.23954434715765,11.537629127502441,1666848,0.0,0.0,0.0
2022-04-17 00:00:00+02:00,11.537629323212874,11.590232864915105,11.072968188613704,11.195709228515625,447423,0.0,0.0,0.0
2022-04-18 00:00:00+02:00,11.195708340603668,11.546395803789705,11.090501265542994,11.502559661865234,286482,0.0,0.0,0.0
2022-04-19 00:00:00+02:00,11.50255986721344,12.212703037974,11.50255986721344,12.089962005615234,1252704,0.0,0.0,0.0
2022-04-20 00:00:00+02:00,12.08996149378105,12.098728889172264,11.572696871167228,11.625300407409668,531515,0.0,0.0,0.0
2022-04-21 00:00:00+02:00,11.625300658285376,12.274072881348637,11.669136800082594,12.239004135131836,1076713,0.0,0.0,0.0
2022-04-26 00:00:00+02:00,12.23900460633999,12.317909497391888,12.107497011990086,12.168867111206055,228155,0.0,0.0,0.0
2022-04-27 00:00:00+02:00,12.168866871494037,12.572157878622258,11.923385643360954,12.458184242248535,808796,0.0,0.0,0.0
2022-04-28 00:00:00+02:00,12.458183765575685,13.054353275764663,12.361744924382405,12.896543502807617,1067223,0.0,0.0,0.0
2022-05-08 00:00:00+02:00,12.896544496878208,13.238465419272256,12.53708961841788,13.06312084197998,1286169,0.0,0.0,0.0
2022-05-09 00:00:00+02:00,13.06312010612705,13.150792389834558,12.537088912196584,12.887776374816895,1270140,0.0,0.0,0.0
2022-05-10 00:00:00+02:00,12.887775899778704,12.931612040016676,12.624759894455703,12.703664779663086,681498,0.0,0.0,0.0
2022-05-11 00:00:00+02:00,12.703665647976893,12.87024282504601,12.712433043844717,12.765036582946777,340552,0.0,0.0,0.0
2022-05-12 00:00:00+02:00,12.765036912685966,12.870243157502825,11.967221426307853,12.274073600769043,758830,0.0,0.0,0.0
2022-05-15 00:00:00+02:00,12.274073386439259,12.502020664281162,12.054893504538557,12.195168495178223,165433,0.0,0.0,0.0
2022-05-16 00:00:00+02:00,12.195167741152973,12.440648959594323,12.098728900077226,12.133797645568848,1920083,0.0,0.0,0.0
2022-05-17 00:00:00+02:00,12.133798427821676,12.458184553558207,12.142565823786017,12.22146987915039,498576,0.0,0.0,0.0
2022-05-18 00:00:00+02:00,12.22146906292994,12.475717676181347,12.133797617456432,12.36174488067627,684285,0.0,0.0,0.0
2022-05-19 00:00:00+02:00,12.361744909316808,12.44941635499344,12.116262854770614,12.133797645568848,638662,0.0,0.0,0.0
2022-05-22 00:00:00+02:00,12.13379835228261,12.239004594885044,11.870782327724077,12.028592109680176,116081,0.0,0.0,0.0
2022-05-23 00:00:00+02:00,12.028591912870036,12.054893264064082,11.818178595003028,11.835713386535645,330204,0.0,0.0,0.0
2022-05-24 00:00:00+02:00,11.835713643867244,12.002289986524406,11.616533761573407,11.686671257019043,241090,0.0,0.0,0.0
2022-05-25 00:00:00+02:00,11.686671715913445,11.660370363114794,11.134338290512199,11.195709228515625,917062,0.0,0.0,0.0
2022-05-26 00:00:00+02:00,11.195709007981764,11.309681813232515,10.897624228452317,10.976529121398926,1158229,0.0,0.0,0.0
2022-05-29 00:00:00+02:00,10.97652901733131,11.116804009637605,10.608306744474834,10.72227954864502,623277,0.0,0.0,0.0
2022-05-30 00:00:00+02:00,10.722278765861681,11.037898311613846,10.608305970012117,10.888855934143066,230515,0.0,0.0,0.0
2022-05-31 00:00:00+02:00,10.888857046813289,11.292148079513964,10.976529337615364,11.195709228515625,428465,0.0,0.0,0.0
2022-06-01 00:00:00+02:00,11.19570815378581,11.371051882452946,10.783649764339406,10.941458702087402,468605,0.0,0.0,0.0
2022-06-02 00:00:00+02:00,10.941458377648686,11.002829307941035,10.608305721112277,10.783649444580078,415229,0.0,0.0,0.0
2022-06-05 00:00:00+02:00,10.783649444580078,10.783649444580078,10.783649444580078,10.783649444580078,0,0.0,0.0,0.0
2022-06-06 00:00:00+02:00,11.467490629272525,11.695437892705412,11.371051788330078,11.371051788330078,754146,0.0,0.0,0.0
2022-06-07 00:00:00+02:00,11.371051788330078,11.572696865601971,11.309680856725937,11.371051788330078,1157501,0.0,0.0,0.0
2022-06-08 00:00:00+02:00,11.371051859823396,11.81817815800855,11.397353210044912,11.677903175354004,1122098,0.0,0.0,0.0
2022-06-09 00:00:00+02:00,11.677903427147653,11.870781950508839,11.520094486311109,11.528861045837402,712904,0.0,0.0,0.0
2022-06-12 00:00:00+02:00,11.528861442370864,11.704206016605546,11.406121243732462,11.660369873046875,1400208,0.0,0.0,0.0
2022-06-13 00:00:00+02:00,12.40663368788348,11.940218894275947,11.679026858948102,11.800293922424316,1651111,0.8,0.0,0.0
2022-06-14 00:00:00+02:00,11.800293928290914,11.94021890021211,11.660369845985338,11.884248733520508,952951,0.0,0.0,0.0
2022-06-15 00:00:00+02:00,11.884248445854894,11.940218611191703,11.753652876095002,11.902905464172363,725150,0.0,0.0,0.0
2022-06-16 00:00:00+02:00,11.9029051568557,11.912233665773586,11.511116678460267,11.753652572631836,955342,0.0,0.0,0.0
2022-06-19 00:00:00+02:00,11.753652554677128,11.921561266864694,11.660369244871923,11.781637191772461,692634,0.0,0.0,0.0
2022-06-20 00:00:00+02:00,11.781637213603426,11.874919633965906,11.175297477977216,11.249924659729004,1236710,0.0,0.0,0.0
2022-06-21 00:00:00+02:00,11.249924973922507,11.473803856583752,11.221939446378151,11.287238121032715,697137,0.0,0.0,0.0
2022-06-22 00:00:00+02:00,11.287238113280731,11.389849045359428,11.100671488242225,11.203283309936523,229043,0.0,0.0,0.0
2022-06-23 00:00:00+02:00,11.203282955842681,11.231267592867727,11.007388717436214,11.026044845581055,244931,0.0,0.0,0.0
2022-06-26 00:00:00+02:00,11.026045194073065,11.567086271607288,11.156641653676898,11.203283309936523,513665,0.0,0.0,0.0
2022-06-27 00:00:00+02:00,11.20328296633553,11.427161841976725,11.063358001848105,11.109999656677246,2943940,0.0,0.0,0.0
2022-06-28 00:00:00+02:00,11.90999984741211,12.069999694824219,10.949999809265137,11.260000228881836,1050410,0.8,0.0,0.0
2022-06-29 00:00:00+02:00,11.260000228881836,11.550000190734863,11.199999809265137,11.199999809265137,1078257,0.0,0.0,0.0
2022-07-03 00:00:00+02:00,11.199999809265137,11.369999885559082,10.680000305175781,11.0,1084231,0.0,0.0,0.0
2022-07-04 00:00:00+02:00,11.0,11.149999618530273,10.760000228881836,10.899999618530273,650315,0.0,0.0,0.0
2022-07-05 00:00:00+02:00,10.899999618530273,11.149999618530273,10.800000190734863,10.819999694824219,217592,0.0,0.0,0.0
2022-07-06 00:00:00+02:00,10.819999694824219,11.069999694824219,10.760000228881836,11.0,73057,0.0,0.0,0.0
2022-07-07 00:00:00+02:00,11.0,11.350000381469727,11.0,11.039999961853027,436540,0.0,0.0,0.0
2022-07-17 00:00:00+02:00,11.039999961853027,11.199999809265137,10.8100004196167,10.960000038146973,122904,0.0,0.0,0.0
2022-07-18 00:00:00+02:00,10.960000038146973,11.649999618530273,11.050000190734863,11.380000114440918,313782,0.0,0.0,0.0
2022-07-19 00:00:00+02:00,11.380000114440918,11.779999732971191,11.25,11.680000305175781,779748,0.0,0.0,0.0
2022-07-20 00:00:00+02:00,11.680000305175781,12.0,11.739999771118164,11.779999732971191,317373,0.0,0.0,0.0
2022-07-21 00:00:00+02:00,11.779999732971191,12.1899995803833,11.75,11.8100004196167,864599,0.0,0.0,0.0
2022-07-24 00:00:00+02:00,11.8100004196167,11.989999771118164,11.8100004196167,11.890000343322754,232595,0.0,0.0,0.0
2022-07-25 00:00:00+02:00,11.890000343322754,11.970000267028809,11.550000190734863,11.550000190734863,1333179,0.0,0.0,0.0
2022-07-26 00:00:00+02:00,11.550000190734863,12.0,11.550000190734863,11.739999771118164,677786,0.0,0.0,0.0
2022-07-27 00:00:00+02:00,11.739999771118164,12.0,11.710000038146973,11.899999618530273,888099,0.0,0.0,0.0
2022-07-28 00:00:00+02:00,11.899999618530273,12.300000190734863,11.899999618530273,12.180000305175781,1450187,0.0,0.0,0.0
2022-07-31 00:00:00+02:00,12.180000305175781,12.600000381469727,12.229999542236328,12.399999618530273,2419315,0.0,0.0,0.0
2022-08-01 00:00:00+02:00,12.399999618530273,12.550000190734863,12.069999694824219,12.100000381469727,838859,0.0,0.0,0.0
2022-08-02 00:00:00+02:00,12.100000381469727,12.210000038146973,12.100000381469727,12.149999618530273,148577,0.0,0.0,0.0
2022-08-03 00:00:00+02:00,12.149999618530273,12.300000190734863,12.109999656677246,12.140000343322754,198118,0.0,0.0,0.0
2022-08-04 00:00:00+02:00,12.140000343322754,12.720000267028809,12.279999732971191,12.630000114440918,2886600,0.0,0.0,0.0
2022-08-07 00:00:00+02:00,12.630000114440918,13.100000381469727,12.699999809265137,12.9399995803833,860556,0.0,0.0,0.0
2022-08-08 00:00:00+02:00,12.9399995803833,13.210000038146973,12.850000381469727,13.069999694824219,877716,0.0,0.0,0.0
2022-08-09 00:00:00+02:00,13.069999694824219,13.199999809265137,12.8100004196167,12.869999885559082,308105,0.0,0.0,0.0
2022-08-10 00:00:00+02:00,12.869999885559082,12.989999771118164,12.699999809265137,12.760000228881836,238441,0.0,0.0,0.0
2022-08-11 00:00:00+02:00,12.760000228881836,12.970000267028809,12.649999618530273,12.680000305175781,195460,0.0,0.0,0.0
2022-08-14 00:00:00+02:00,12.680000305175781,12.960000038146973,12.65999984741211,12.6899995803833,302699,0.0,0.0,0.0
2022-08-15 00:00:00+02:00,12.6899995803833,12.84000015258789,12.25,12.3100004196167,649293,0.0,0.0,0.0
2022-08-16 00:00:00+02:00,12.3100004196167,12.449999809265137,12.270000457763672,12.279999732971191,349229,0.0,0.0,0.0
2022-08-17 00:00:00+02:00,12.279999732971191,12.729999542236328,12.260000228881836,12.619999885559082,344814,0.0,0.0,0.0
2022-08-18 00:00:00+02:00,12.619999885559082,12.619999885559082,12.619999885559082,12.619999885559082,0,0.0,0.0,0.0
2022-08-21 00:00:00+02:00,12.930000305175781,13.529999732971191,12.890000343322754,13.300000190734863,1644349,0.0,0.0,0.0
2022-08-22 00:00:00+02:00,13.300000190734863,13.420000076293945,13.029999732971191,13.130000114440918,531071,0.0,0.0,0.0
2022-08-23 00:00:00+02:00,13.130000114440918,13.130000114440918,13.130000114440918,13.130000114440918,0,0.0,0.0,0.0
2022-08-24 00:00:00+02:00,12.869999885559082,13.100000381469727,12.75,12.789999961853027,262261,0.0,0.0,0.0
2022-08-25 00:00:00+02:00,12.789999961853027,13.079999923706055,12.75,12.850000381469727,561118,0.0,0.0,0.0
2022-08-28 00:00:00+02:00,12.850000381469727,12.989999771118164,12.739999771118164,12.899999618530273,188172,0.0,0.0,0.0
2022-08-29 00:00:00+02:00,12.899999618530273,13.09000015258789,12.859999656677246,12.880000114440918,316106,0.0,0.0,0.0
2022-08-30 00:00:00+02:00,12.880000114440918,13.029999732971191,12.699999809265137,12.949999809265137,175527,0.0,0.0,0.0
2022-08-31 00:00:00+02:00,12.949999809265137,13.100000381469727,12.800000190734863,12.84000015258789,228086,0.0,0.0,0.0
2022-09-01 00:00:00+02:00,12.84000015258789,13.029999732971191,12.699999809265137,12.779999732971191,341323,0.0,0.0,0.0
2022-09-04 00:00:00+02:00,12.779999732971191,13.1899995803833,12.699999809265137,13.1899995803833,1029391,0.0,0.0,0.0
2022-09-05 00:00:00+02:00,13.1899995803833,14.680000305175781,13.1899995803833,14.329999923706055,4341668,0.0,0.0,0.0
2022-09-06 00:00:00+02:00,14.329999923706055,14.800000190734863,14.140000343322754,14.800000190734863,2238187,0.0,0.0,0.0
2022-09-07 00:00:00+02:00,14.800000190734863,14.800000190734863,14.1899995803833,14.270000457763672,808074,0.0,0.0,0.0
2022-09-08 00:00:00+02:00,14.270000457763672,14.829999923706055,14.270000457763672,14.649999618530273,1093919,0.0,0.0,0.0
2022-09-11 00:00:00+02:00,14.649999618530273,15.380000114440918,14.699999809265137,14.8100004196167,1410174,0.0,0.0,0.0
2022-09-12 00:00:00+02:00,14.8100004196167,15.039999961853027,14.59000015258789,14.640000343322754,609347,0.0,0.0,0.0
2022-09-13 00:00:00+02:00,14.640000343322754,14.800000190734863,14.430000305175781,14.520000457763672,524629,0.0,0.0,0.0
2022-09-14 00:00:00+02:00,14.520000457763672,14.5,14.0600004196167,14.180000305175781,715900,0.0,0.0,0.0
2022-09-15 00:00:00+02:00,14.180000305175781,14.289999961853027,13.899999618530273,13.989999771118164,610995,0.0,0.0,0.0
2022-09-18 00:00:00+02:00,13.989999771118164,14.100000381469727,13.699999809265137,13.720000267028809,641111,0.0,0.0,0.0
2022-09-19 00:00:00+02:00,13.720000267028809,13.899999618530273,13.3100004196167,13.729999542236328,537680,0.0,0.0,0.0
2022-09-20 00:00:00+02:00,13.729999542236328,14.0,13.729999542236328,13.949999809265137,479163,0.0,0.0,0.0
2022-09-21 00:00:00+02:00,13.949999809265137,14.050000190734863,13.600000381469727,13.729999542236328,178553,0.0,0.0,0.0
2022-09-22 00:00:00+02:00,13.729999542236328,13.75,13.550000190734863,13.670000076293945,162705,0.0,0.0,0.0
2022-09-25 00:00:00+02:00,13.670000076293945,13.649999618530273,13.3100004196167,13.380000114440918,312172,0.0,0.0,0.0
2022-09-26 00:00:00+02:00,13.380000114440918,14.029999732971191,13.460000038146973,13.75,751743,0.0,0.0,0.0
2022-09-27 00:00:00+02:00,13.75,13.989999771118164,13.649999618530273,13.760000228881836,143517,0.0,0.0,0.0
2022-09-28 00:00:00+02:00,13.760000228881836,13.920000076293945,13.720000267028809,13.899999618530273,437390,0.0,0.0,0.0
2022-09-29 00:00:00+02:00,13.899999618530273,14.229999542236328,13.899999618530273,14.029999732971191,1485490,0.0,0.0,0.0
2022-10-02 00:00:00+02:00,14.029999732971191,14.25,13.869999885559082,13.930000305175781,246007,0.0,0.0,0.0
2022-10-03 00:00:00+02:00,13.930000305175781,13.989999771118164,13.710000038146973,13.739999771118164,197428,0.0,0.0,0.0
2022-10-04 00:00:00+02:00,13.739999771118164,14.069999694824219,13.829999923706055,13.880000114440918,562364,0.0,0.0,0.0
2022-10-05 00:00:00+02:00,13.880000114440918,14.180000305175781,13.84000015258789,13.869999885559082,152751,0.0,0.0,0.0
2022-10-09 00:00:00+02:00,13.869999885559082,14.0,13.609999656677246,13.630000114440918,190224,0.0,0.0,0.0
2022-10-10 00:00:00+02:00,13.630000114440918,13.979999542236328,13.630000114440918,13.710000038146973,211687,0.0,0.0,0.0
2022-10-11 00:00:00+02:00,13.710000038146973,13.779999732971191,13.149999618530273,13.210000038146973,898825,0.0,0.0,0.0
2022-10-12 00:00:00+02:00,13.210000038146973,13.5,13.020000457763672,13.09000015258789,234640,0.0,0.0,0.0
2022-10-13 00:00:00+02:00,13.09000015258789,13.300000190734863,13.050000190734863,13.1899995803833,334371,0.0,0.0,0.0
2022-10-16 00:00:00+02:00,13.1899995803833,13.850000381469727,13.149999618530273,13.569999694824219,768351,0.0,0.0,0.0
2022-10-17 00:00:00+02:00,13.569999694824219,14.09000015258789,13.520000457763672,13.960000038146973,756905,0.0,0.0,0.0
2022-10-18 00:00:00+02:00,13.960000038146973,14.329999923706055,14.010000228881836,14.140000343322754,688820,0.0,0.0,0.0
2022-10-19 00:00:00+02:00,14.140000343322754,14.300000190734863,13.899999618530273,14.119999885559082,404704,0.0,0.0,0.0
2022-10-20 00:00:00+02:00,14.119999885559082,14.899999618530273,14.100000381469727,14.739999771118164,2512324,0.0,0.0,0.0
2022-10-23 00:00:00+02:00,14.739999771118164,14.960000038146973,14.699999809265137,14.75,585506,0.0,0.0,0.0
2022-10-24 00:00:00+02:00,14.75,14.800000190734863,14.5,14.520000457763672,393913,0.0,0.0,0.0
2022-10-25 00:00:00+02:00,14.520000457763672,14.800000190734863,14.5,14.579999923706055,405064,0.0,0.0,0.0
2022-10-26 00:00:00+02:00,14.579999923706055,14.579999923706055,14.579999923706055,14.579999923706055,0,0.0,0.0,0.0
2022-10-27 00:00:00+02:00,15.520000457763672,17.0,15.720000267028809,16.200000762939453,6302404,0.0,0.0,0.0
2022-10-30 00:00:00+02:00,16.200000762939453,16.389999389648438,15.449999809265137,15.800000190734863,4734224,0.0,0.0,0.0
2022-10-31 00:00:00+02:00,15.800000190734863,16.93000030517578,15.449999809265137,16.639999389648438,3929532,0.0,0.0,0.0
2022-11-01 00:00:00+02:00,16.639999389648438,17.059999465942383,16.459999084472656,16.899999618530273,3317197,0.0,0.0,0.0
2022-11-02 00:00:00+02:00,16.899999618530273,17.700000762939453,16.559999465942383,17.530000686645508,4353499,0.0,0.0,0.0
2022-11-03 00:00:00+02:00,17.530000686645508,17.600000381469727,17.100000381469727,17.219999313354492,1449962,0.0,0.0,0.0
2022-11-06 00:00:00+02:00,17.219999313354492,17.219999313354492,16.5,16.709999084472656,980074,0.0,0.0,0.0
2022-11-07 00:00:00+02:00,16.709999084472656,17.489999771118164,16.760000228881836,17.209999084472656,1120283,0.0,0.0,0.0
2022-11-08 00:00:00+02:00,17.209999084472656,17.469999313354492,16.90999984741211,17.139999389648438,1131300,0.0,0.0,0.0
2022-11-09 00:00:00+02:00,17.139999389648438,17.170000076293945,16.600000381469727,16.75,506619,0.0,0.0,0.0
2022-11-10 00:00:00+02:00,16.75,17.639999389648438,16.600000381469727,17.549999237060547,2337395,0.0,0.0,0.0
2022-11-13 00:00:00+02:00,17.549999237060547,18.0,17.450000762939453,17.520000457763672,1283801,0.0,0.0,0.0
2022-11-14 00:00:00+02:00,17.520000457763672,17.700000762939453,17.219999313354492,17.549999237060547,627700,0.0,0.0,0.0
2022-11-15 00:00:00+02:00,17.549999237060547,17.690000534057617,17.209999084472656,17.239999771118164,255757,0.0,0.0,0.0
2022-11-16 00:00:00+02:00,17.239999771118164,17.700000762939453,17.18000030517578,17.559999465942383,947518,0.0,0.0,0.0
2022-11-17 00:00:00+02:00,17.559999465942383,17.700000762939453,17.020000457763672,17.149999618530273,891540,0.0,0.0,0.0
2022-11-20 00:00:00+02:00,17.149999618530273,17.31999969482422,16.860000610351562,16.950000762939453,389834,0.0,0.0,0.0
2022-11-21 00:00:00+02:00,16.950000762939453,17.049999237060547,16.399999618530273,16.5,969788,0.0,0.0,0.0
2022-11-22 00:00:00+02:00,16.5,16.600000381469727,15.600000381469727,15.960000038146973,6430348,0.0,0.0,0.0
2022-11-23 00:00:00+02:00,15.960000038146973,16.25,15.720000267028809,15.819999694824219,2171140,0.0,0.0,0.0
2022-11-24 00:00:00+02:00,15.819999694824219,16.299999237060547,15.8100004196167,16.18000030517578,3165308,0.0,0.0,0.0
2022-11-27 00:00:00+02:00,16.18000030517578,16.790000915527344,16.110000610351562,16.610000610351562,3485246,0.0,0.0,0.0
2022-11-28 00:00:00+02:00,16.610000610351562,16.850000381469727,16.360000610351562,16.40999984741211,1458490,0.0,0.0,0.0
2022-11-29 00:00:00+02:00,16.40999984741211,16.700000762939453,16.309999465942383,16.700000762939453,840709,0.0,0.0,0.0
2022-11-30 00:00:00+02:00,16.700000762939453,16.770000457763672,16.3799991607666,16.440000534057617,1218208,0.0,0.0,0.0
2022-12-01 00:00:00+02:00,16.440000534057617,17.639999389648438,16.649999618530273,17.530000686645508,6311697,0.0,0.0,0.0
2022-12-04 00:00:00+02:00,17.530000686645508,19.100000381469727,17.65999984741211,18.760000228881836,3512144,0.0,0.0,0.0
2022-12-05 00:00:00+02:00,18.760000228881836,19.25,18.489999771118164,18.950000762939453,3647191,0.0,0.0,0.0
2022-12-06 00:00:00+02:00,18.950000762939453,19.979999542236328,18.760000228881836,19.670000076293945,4459655,0.0,0.0,0.0
2022-12-07 00:00:00+02:00,19.670000076293945,20.579999923706055,19.6200008392334,19.8700008392334,3345151,0.0,0.0,0.0
2022-12-08 00:00:00+02:00,19.8700008392334,20.190000534057617,19.399999618530273,19.489999771118164,1815369,0.0,0.0,0.0
2022-12-11 00:00:00+02:00,19.489999771118164,19.809999465942383,18.760000228881836,18.969999313354492,2787515,0.0,0.0,0.0
2022-12-12 00:00:00+02:00,18.969999313354492,19.649999618530273,18.790000915527344,19.520000457763672,1617612,0.0,0.0,0.0
2022-12-13 00:00:00+02:00,19.520000457763672,22.420000076293945,19.770000457763672,21.299999237060547,4236233,0.0,0.0,0.0
2022-12-14 00:00:00+02:00,21.299999237060547,23.399999618530273,21.5,22.770000457763672,3479948,0.0,0.0,0.0
2022-12-15 00:00:00+02:00,22.770000457763672,23.489999771118164,21.549999237060547,21.700000762939453,2096649,0.0,0.0,0.0
2022-12-18 00:00:00+02:00,21.700000762939453,22.3799991607666,21.0,21.34000015258789,1279738,0.0,0.0,0.0
2022-12-19 00:00:00+02:00,21.34000015258789,23.110000610351562,21.40999984741211,23.010000228881836,4832829,0.0,0.0,0.0
2022-12-20 00:00:00+02:00,23.010000228881836,23.299999237060547,22.510000228881836,22.600000381469727,2195245,0.0,0.0,0.0
2022-12-21 00:00:00+02:00,22.600000381469727,22.799999237060547,21.899999618530273,21.899999618530273,1095912,0.0,0.0,0.0
2022-12-22 00:00:00+02:00,21.899999618530273,22.34000015258789,21.56999969482422,21.700000762939453,896477,0.0,0.0,0.0
2022-12-25 00:00:00+02:00,21.700000762939453,21.469999313354492,20.510000228881836,20.81999969482422,2219620,0.0,0.0,0.0
2022-12-26 00:00:00+02:00,20.81999969482422,22.290000915527344,20.809999465942383,22.0,1127209,0.0,0.0,0.0
2022-12-27 00:00:00+02:00,22.0,22.989999771118164,22.010000228881836,22.209999084472656,631655,0.0,0.0,0.0
2022-12-28 00:00:00+02:00,22.209999084472656,22.59000015258789,22.100000381469727,22.31999969482422,281442,0.0,0.0,0.0
2022-12-29 00:00:00+02:00,22.31999969482422,23.5,22.299999237060547,23.25,1702223,0.0,0.0,0.0
2023-01-02 00:00:00+02:00,23.25,25.520000457763672,23.399999618530273,25.450000762939453,2974334,0.0,0.0,0.0
2023-01-03 00:00:00+02:00,25.450000762939453,25.940000534057617,25.200000762939453,25.709999084472656,885503,0.0,0.0,0.0
2023-01-04 00:00:00+02:00,25.709999084472656,27.700000762939453,23.5,26.5,2320890,0.0,0.0,0.0
2023-01-05 00:00:00+02:00,26.5,27.0,25.110000610351562,25.56999969482422,3106022,0.0,0.0,0.0
2023-01-09 00:00:00+02:00,25.56999969482422,26.649999618530273,25.5,25.739999771118164,2477134,0.0,0.0,0.0
2023-01-10 00:00:00+02:00,25.739999771118164,25.899999618530273,24.600000381469727,24.690000534057617,2224836,0.0,0.0,0.0
2023-01-11 00:00:00+02:00,24.690000534057617,25.959999084472656,23.299999237060547,24.059999465942383,3746833,0.0,0.0,0.0
2023-01-12 00:00:00+02:00,24.059999465942383,24.850000381469727,23.770000457763672,24.25,1737402,0.0,0.0,0.0
2023-01-15 00:00:00+02:00,24.25,24.979999542236328,24.190000534057617,24.270000457763672,687965,0.0,0.0,0.0
2023-01-16 00:00:00+02:00,24.270000457763672,25.299999237060547,24.219999313354492,24.739999771118164,654038,0.0,0.0,0.0
2023-01-17 00:00:00+02:00,24.739999771118164,25.799999237060547,24.729999542236328,24.989999771118164,773753,0.0,0.0,0.0
2023-01-18 00:00:00+02:00,24.989999771118164,25.440000534057617,24.399999618530273,24.510000228881836,565631,0.0,0.0,0.0
2023-01-19 00:00:00+02:00,24.510000228881836,24.989999771118164,24.229999542236328,24.530000686645508,569838,0.0,0.0,0.0
2023-01-22 00:00:00+02:00,24.530000686645508,25.25,24.549999237060547,25.030000686645508,398392,0.0,0.0,0.0
2023-01-23 00:00:00+02:00,25.030000686645508,25.350000381469727,24.510000228881836,24.649999618530273,312859,0.0,0.0,0.0
2023-01-24 00:00:00+02:00,24.649999618530273,24.979999542236328,24.229999542236328,24.299999237060547,774852,0.0,0.0,0.0
2023-01-25 00:00:00+02:00,24.299999237060547,24.600000381469727,24.309999465942383,24.5,401730,0.0,0.0,0.0
2023-01-29 00:00:00+02:00,24.5,26.299999237060547,24.549999237060547,26.299999237060547,1788165,0.0,0.0,0.0
2023-01-30 00:00:00+02:00,26.299999237060547,26.5,24.799999237060547,24.940000534057617,1149582,0.0,0.0,0.0
2023-01-31 00:00:00+02:00,24.940000534057617,25.200000762939453,23.600000381469727,23.700000762939453,1678347,0.0,0.0,0.0
2023-02-01 00:00:00+02:00,23.700000762939453,24.450000762939453,23.5,24.0,1177814,0.0,0.0,0.0
2023-02-02 00:00:00+02:00,24.0,24.5,22.5,22.649999618530273,1733677,0.0,0.0,0.0
2023-02-05 00:00:00+02:00,22.649999618530273,23.299999237060547,22.0,22.989999771118164,1346787,0.0,0.0,0.0
2023-02-06 00:00:00+02:00,22.989999771118164,23.93000030517578,23.200000762939453,23.56999969482422,896019,0.0,0.0,0.0
2023-02-07 00:00:00+02:00,23.56999969482422,25.700000762939453,23.559999465942383,25.299999237060547,1517971,0.0,0.0,0.0
2023-02-08 00:00:00+02:00,25.299999237060547,25.600000381469727,24.809999465942383,24.989999771118164,1004754,0.0,0.0,0.0
2023-02-09 00:00:00+02:00,24.989999771118164,25.649999618530273,25.0,25.489999771118164,378145,0.0,0.0,0.0
2023-02-12 00:00:00+02:00,25.489999771118164,27.0,25.299999237060547,26.290000915527344,1995021,0.0,0.0,0.0
2023-02-13 00:00:00+02:00,26.290000915527344,26.889999389648438,26.0,26.170000076293945,1467736,0.0,0.0,0.0
2023-02-14 00:00:00+02:00,26.170000076293945,27.450000762939453,26.170000076293945,27.020000457763672,1679543,0.0,0.0,0.0
2023-02-15 00:00:00+02:00,27.020000457763672,27.5,26.850000381469727,27.399999618530273,1956932,0.0,0.0,0.0
2023-02-16 00:00:00+02:00,27.399999618530273,28.940000534057617,27.350000381469727,27.969999313354492,2483476,0.0,0.0,0.0
2023-02-19 00:00:00+02:00,27.969999313354492,28.5,27.549999237060547,27.649999618530273,372715,0.0,0.0,0.0
2023-02-20 00:00:00+02:00,27.649999618530273,27.899999618530273,25.950000762939453,26.010000228881836,1296842,0.0,0.0,0.0
2023-02-21 00:00:00+02:00,26.010000228881836,27.049999237060547,25.5,26.899999618530273,1075056,0.0,0.0,0.0
2023-02-22 00:00:00+02:00,26.899999618530273,27.350000381469727,26.1299991607666,26.309999465942383,1327145,0.0,0.0,0.0
2023-02-23 00:00:00+02:00,26.309999465942383,27.489999771118164,26.100000381469727,27.420000076293945,644615,0.0,0.0,0.0
2023-02-26 00:00:00+02:00,27.420000076293945,29.0,27.049999237060547,27.690000534057617,1391634,0.0,0.0,0.0
2023-02-27 00:00:00+02:00,27.690000534057617,28.100000381469727,27.510000228881836,27.780000686645508,1418155,0.0,0.0,0.0
2023-02-28 00:00:00+02:00,27.780000686645508,28.84000015258789,27.75,28.84000015258789,3565572,0.0,0.0,0.0
2023-03-01 00:00:00+02:00,28.84000015258789,29.489999771118164,28.110000610351562,29.360000610351562,2133947,0.0,0.0,0.0
2023-03-02 00:00:00+02:00,29.360000610351562,30.0,28.6200008392334,29.600000381469727,1531672,0.0,0.0,0.0
2023-03-05 00:00:00+02:00,29.600000381469727,30.0,29.399999618530273,29.5,361255,0.0,0.0,0.0
2023-03-06 00:00:00+02:00,29.5,30.59000015258789,29.200000762939453,29.200000762939453,1137619,0.0,0.0,0.0
2023-03-07 00:00:00+02:00,29.200000762939453,31.200000762939453,29.459999084472656,30.18000030517578,1687841,0.0,0.0,0.0
2023-03-08 00:00:00+02:00,30.18000030517578,30.5,29.399999618530273,29.399999618530273,895925,0.0,0.0,0.0
2023-03-09 00:00:00+02:00,29.399999618530273,30.360000610351562,29.399999618530273,30.0,911739,0.0,0.0,0.0
2023-03-12 00:00:00+02:00,30.0,30.290000915527344,27.75,27.799999237060547,1456367,0.0,0.0,0.0
2023-03-13 00:00:00+02:00,27.799999237060547,28.600000381469727,27.399999618530273,27.670000076293945,1390678,0.0,0.0,0.0
2023-03-14 00:00:00+02:00,27.670000076293945,28.299999237060547,27.040000915527344,27.799999237060547,694060,0.0,0.0,0.0
2023-03-15 00:00:00+02:00,27.799999237060547,28.799999237060547,25.020000457763672,25.969999313354492,1304140,0.0,0.0,0.0
2023-03-16 00:00:00+02:00,25.969999313354492,27.75,25.549999237060547,26.8799991607666,1814228,0.0,0.0,0.0
2023-03-19 00:00:00+02:00,26.8799991607666,27.100000381469727,25.799999237060547,26.940000534057617,751864,0.0,0.0,0.0
2023-03-20 00:00:00+02:00,26.940000534057617,28.229999542236328,26.969999313354492,27.780000686645508,769334,0.0,0.0,0.0
2023-03-21 00:00:00+02:00,27.780000686645508,30.579999923706055,27.850000381469727,30.1200008392334,1345236,0.0,0.0,0.0
2023-03-22 00:00:00+02:00,30.1200008392334,31.0,30.010000228881836,30.299999237060547,983425,0.0,0.0,0.0
2023-03-23 00:00:00+02:00,30.299999237060547,32.54999923706055,30.049999237060547,32.4900016784668,1071675,0.0,0.0,0.0
2023-03-26 00:00:00+02:00,32.4900016784668,33.0,31.889999389648438,31.950000762939453,1021644,0.0,0.0,0.0
2023-03-27 00:00:00+02:00,31.950000762939453,32.5,31.559999465942383,31.979999542236328,407640,0.0,0.0,0.0
2023-03-28 00:00:00+02:00,31.979999542236328,35.099998474121094,31.739999771118164,34.33000183105469,1700381,0.0,0.0,0.0
2023-03-29 00:00:00+02:00,34.33000183105469,36.290000915527344,34.709999084472656,35.0099983215332,1265560,0.0,0.0,0.0
2023-03-30 00:00:00+02:00,35.0099983215332,36.0,33.599998474121094,34.83000183105469,832172,0.0,0.0,0.0
2023-04-02 00:00:00+02:00,34.83000183105469,38.400001525878906,34.650001525878906,37.90999984741211,2069415,0.0,0.0,0.0
2023-04-03 00:00:00+02:00,37.90999984741211,40.400001525878906,38.02000045776367,38.5,1526964,0.0,0.0,0.0
2023-04-04 00:00:00+02:00,38.5,39.29999923706055,37.81999969482422,38.41999816894531,967971,0.0,0.0,0.0
2023-04-05 00:00:00+02:00,38.41999816894531,39.16999816894531,37.84000015258789,38.88999938964844,516551,0.0,0.0,0.0
2023-04-06 00:00:00+02:00,38.88999938964844,40.77000045776367,39.060001373291016,40.20000076293945,1479645,0.0,0.0,0.0
2023-04-09 00:00:00+02:00,40.20000076293945,41.70000076293945,40.25,40.540000915527344,851391,0.0,0.0,0.0
2023-04-10 00:00:00+02:00,40.540000915527344,41.5,39.79999923706055,39.79999923706055,730810,0.0,0.0,0.0
2023-04-11 00:00:00+02:00,39.79999923706055,41.119998931884766,39.90999984741211,40.869998931884766,925110,0.0,0.0,0.0
2023-04-12 00:00:00+02:00,40.869998931884766,41.900001525878906,40.61000061035156,41.58000183105469,640814,0.0,0.0,0.0
2023-04-13 00:00:00+02:00,41.58000183105469,42.25,41.400001525878906,41.540000915527344,586236,0.0,0.0,0.0
2023-04-18 00:00:00+02:00,41.540000915527344,42.59000015258789,41.45000076293945,41.849998474121094,443570,0.0,0.0,0.0
2023-04-19 00:00:00+02:00,41.849998474121094,42.939998626708984,42.0,42.5,406491,0.0,0.0,0.0
2023-04-26 00:00:00+02:00,42.5,43.29999923706055,42.0,42.130001068115234,424953,0.0,0.0,0.0
2023-04-27 00:00:00+02:00,42.130001068115234,42.70000076293945,41.25,41.540000915527344,782876,0.0,0.0,0.0
2023-04-30 00:00:00+03:00,41.540000915527344,42.20000076293945,39.900001525878906,40.25,814628,0.0,0.0,0.0
2023-05-01 00:00:00+03:00,40.25,40.25,40.25,40.25,0,0.0,0.0,0.0
2023-05-02 00:00:00+03:00,40.540000915527344,41.38999938964844,39.709999084472656,40.029998779296875,1619874,0.0,0.0,0.0
2023-05-03 00:00:00+03:00,40.029998779296875,40.9900016784668,39.90999984741211,40.04999923706055,483396,0.0,0.0,0.0
2023-05-07 00:00:00+03:00,40.04999923706055,41.88999938964844,39.5,41.70000076293945,788704,0.0,0.0,0.0
2023-05-08 00:00:00+03:00,41.70000076293945,44.70000076293945,42.11000061035156,44.0,2232373,0.0,0.0,0.0
2023-05-09 00:00:00+03:00,44.0,44.900001525878906,43.29999923706055,43.79999923706055,1059610,0.0,0.0,0.0
2023-05-10 00:00:00+03:00,43.79999923706055,44.36000061035156,42.939998626708984,44.29999923706055,505580,0.0,0.0,0.0
2023-05-11 00:00:00+03:00,44.29999923706055,46.279998779296875,44.400001525878906,44.709999084472656,1679758,0.0,0.0,0.0
2023-05-14 00:00:00+03:00,44.709999084472656,45.20000076293945,43.65999984741211,43.970001220703125,340908,0.0,0.0,0.0
2023-05-15 00:00:00+03:00,43.970001220703125,45.16999816894531,43.20000076293945,43.5,703626,0.0,0.0,0.0
2023-05-16 00:00:00+03:00,43.5,43.869998931884766,42.400001525878906,42.939998626708984,589371,0.0,0.0,0.0
2023-05-17 00:00:00+03:00,42.939998626708984,43.29999923706055,40.349998474121094,40.70000076293945,1462621,0.0,0.0,0.0
2023-05-18 00:00:00+03:00,40.70000076293945,41.70000076293945,39.5,40.2400016784668,1218756,0.0,0.0,0.0
2023-05-21 00:00:00+03:00,40.2400016784668,40.9900016784668,37.20000076293945,38.79999923706055,725719,0.0,0.0,0.0
2023-05-22 00:00:00+03:00,38.79999923706055,39.5,36.5,37.77000045776367,2781053,0.0,0.0,0.0
2023-05-23 00:00:00+03:00,37.77000045776367,38.45000076293945,36.0,38.25,3455106,0.0,0.0,0.0
2023-05-24 00:00:00+03:00,38.25,39.25,38.29999923706055,38.810001373291016,823605,0.0,0.0,0.0
2023-05-25 00:00:00+03:00,38.810001373291016,39.4900016784668,37.90999984741211,37.939998626708984,712314,0.0,0.0,0.0
2023-05-28 00:00:00+03:00,37.939998626708984,38.47999954223633,36.90999984741211,37.400001525878906,875747,0.0,0.0,0.0
2023-05-29 00:00:00+03:00,37.400001525878906,38.0,36.900001525878906,37.79999923706055,899732,0.0,0.0,0.0
2023-05-30 00:00:00+03:00,37.79999923706055,39.599998474121094,38.099998474121094,39.4900016784668,969869,0.0,0.0,0.0
2023-05-31 00:00:00+03:00,39.4900016784668,39.9900016784668,38.720001220703125,39.189998626708984,706524,0.0,0.0,0.0
2023-06-01 00:00:00+03:00,39.189998626708984,39.349998474121094,38.15999984741211,38.5,461246,0.0,0.0,0.0
2023-06-04 00:00:00+03:00,38.5,38.900001525878906,37.93000030517578,38.0,244862,0.0,0.0,0.0
2023-06-05 00:00:00+03:00,38.0,38.400001525878906,37.029998779296875,37.060001373291016,696516,0.0,0.0,0.0
2023-06-06 00:00:00+03:00,37.060001373291016,37.47999954223633,36.0099983215332,36.04999923706055,1232539,0.0,0.0,0.0
2023-06-07 00:00:00+03:00,36.04999923706055,36.400001525878906,33.599998474121094,34.310001373291016,2635798,0.0,0.0,0.0
2023-06-08 00:00:00+03:00,34.310001373291016,35.189998626708984,33.810001373291016,34.560001373291016,1338068,0.0,0.0,0.0
2023-06-11 00:00:00+03:00,34.560001373291016,35.93000030517578,34.7599983215332,35.58000183105469,564723,0.0,0.0,0.0
2023-06-12 00:00:00+03:00,35.58000183105469,35.9900016784668,35.400001525878906,35.4900016784668,135515,0.0,0.0,0.0
2023-06-13 00:00:00+03:00,35.4900016784668,36.09000015258789,34.79999923706055,35.400001525878906,1078151,0.0,0.0,0.0
2023-06-14 00:00:00+03:00,35.400001525878906,36.400001525878906,35.599998474121094,35.900001525878906,913533,0.0,0.0,0.0
2023-06-15 00:00:00+03:00,35.900001525878906,36.150001525878906,35.2599983215332,36.02000045776367,939600,0.0,0.0,0.0
2023-06-18 00:00:00+03:00,36.02000045776367,39.5,36.279998779296875,38.5,3843533,0.0,0.0,0.0
2023-06-19 00:00:00+03:00,38.5,38.79999923706055,37.0,38.33000183105469,1162460,0.0,0.0,0.0
2023-06-20 00:00:00+03:00,38.33000183105469,38.400001525878906,36.5099983215332,36.5099983215332,726899,0.0,0.0,0.0
2023-06-21 00:00:00+03:00,36.5099983215332,37.099998474121094,35.70000076293945,35.70000076293945,860734,0.0,0.0,0.0
2023-06-22 00:00:00+03:00,35.70000076293945,36.400001525878906,35.0,35.970001220703125,545567,0.0,0.0,0.0
2023-06-25 00:00:00+03:00,35.970001220703125,37.0,35.52000045776367,35.59000015258789,632947,0.0,0.0,0.0
2023-06-26 00:00:00+03:00,35.59000015258789,36.290000915527344,35.5,36.0,272934,0.0,0.0,0.0
2023-07-04 00:00:00+03:00,36.0,36.599998474121094,35.900001525878906,36.400001525878906,278816,0.0,0.0,0.0
2023-07-05 00:00:00+03:00,36.400001525878906,37.5,36.150001525878906,37.459999084472656,326655,0.0,0.0,0.0
2023-07-06 00:00:00+03:00,37.459999084472656,38.18000030517578,36.220001220703125,36.599998474121094,256919,0.0,0.0,0.0
2023-07-09 00:00:00+03:00,36.599998474121094,37.47999954223633,35.91999816894531,36.0,804018,0.0,0.0,0.0
2023-07-10 00:00:00+03:00,36.0,40.0,36.0,39.0,1236444,0.0,0.0,0.0
2023-07-11 00:00:00+03:00,39.0,42.0,39.75,41.150001525878906,3805451,0.0,0.0,0.0
2023-07-12 00:00:00+03:00,41.150001525878906,41.95000076293945,40.400001525878906,40.560001373291016,746616,0.0,0.0,0.0
2023-07-13 00:00:00+03:00,40.560001373291016,41.54999923706055,40.099998474121094,40.099998474121094,717163,0.0,0.0,0.0
2023-07-16 00:00:00+03:00,40.099998474121094,41.29999923706055,40.349998474121094,40.599998474121094,492276,0.0,0.0,0.0
2023-07-17 00:00:00+03:00,40.599998474121094,41.130001068115234,40.0,40.97999954223633,996156,0.0,0.0,0.0
2023-07-18 00:00:00+03:00,40.97999954223633,41.22999954223633,40.5,40.650001525878906,465509,0.0,0.0,0.0
2023-07-19 00:00:00+03:00,40.650001525878906,40.650001525878906,40.650001525878906,40.650001525878906,0,0.0,0.0,0.0
2023-07-24 00:00:00+03:00,40.209999084472656,40.45000076293945,36.41999816894531,38.4900016784668,440325,0.0,0.0,0.0
2023-07-25 00:00:00+03:00,38.4900016784668,41.130001068115234,38.880001068115234,40.70000076293945,1353053,0.0,0.0,0.0
2023-07-26 00:00:00+03:00,40.70000076293945,40.900001525878906,39.349998474121094,39.369998931884766,910595,0.0,0.0,0.0
2023-07-27 00:00:00+03:00,39.369998931884766,39.650001525878906,38.150001525878906,38.400001525878906,1322035,0.0,0.0,0.0
2023-07-30 00:00:00+03:00,38.400001525878906,39.68000030517578,38.5,39.06999969482422,805625,0.0,0.0,0.0
2023-07-31 00:00:00+03:00,39.06999969482422,40.0,39.130001068115234,40.0,724458,0.0,0.0,0.0
2023-08-01 00:00:00+03:00,40.0,40.400001525878906,39.0,39.220001220703125,827699,0.0,0.0,0.0
2023-08-02 00:00:00+03:00,39.220001220703125,39.939998626708984,39.0,39.779998779296875,609304,0.0,0.0,0.0
2023-08-03 00:00:00+03:00,39.779998779296875,40.18000030517578,39.5099983215332,40.0,343900,0.0,0.0,0.0
2023-08-06 00:00:00+03:00,40.0,41.68000030517578,39.709999084472656,41.5,1397758,0.0,0.0,0.0
2023-08-07 00:00:00+03:00,41.5,43.5,41.0099983215332,43.5,2418477,0.0,0.0,0.0
2023-08-08 00:00:00+03:00,43.5,44.0,43.04999923706055,43.13999938964844,627863,0.0,0.0,0.0
2023-08-09 00:00:00+03:00,43.13999938964844,46.0,43.20000076293945,45.029998779296875,1683537,0.0,0.0,0.0
2023-08-10 00:00:00+03:00,45.029998779296875,45.5,44.11000061035156,44.599998474121094,1027370,0.0,0.0,0.0
2023-08-13 00:00:00+03:00,44.599998474121094,49.9900016784668,44.599998474121094,47.150001525878906,2617861,0.0,0.0,0.0
2023-08-14 00:00:00+03:00,47.150001525878906,49.47999954223633,47.5,47.77000045776367,2286769,0.0,0.0,0.0
2023-08-15 00:00:00+03:00,47.77000045776367,48.09000015258789,46.0099983215332,46.0099983215332,1333351,0.0,0.0,0.0
2023-08-16 00:00:00+03:00,46.0099983215332,47.400001525878906,45.720001220703125,47.290000915527344,1137145,0.0,0.0,0.0
2023-08-17 00:00:00+03:00,47.290000915527344,47.5,46.54999923706055,46.900001525878906,490889,0.0,0.0,0.0
2023-08-20 00:00:00+03:00,46.900001525878906,47.5,46.709999084472656,46.72999954223633,611569,0.0,0.0,0.0
2023-08-21 00:00:00+03:00,46.72999954223633,47.25,46.66999816894531,46.83000183105469,291446,0.0,0.0,0.0
2023-08-22 00:00:00+03:00,46.83000183105469,49.459999084472656,46.70000076293945,48.619998931884766,1623794,0.0,0.0,0.0
2023-08-23 00:00:00+03:00,48.619998931884766,49.09000015258789,47.27000045776367,47.5099983215332,637904,0.0,0.0,0.0
2023-08-24 00:00:00+03:00,47.5099983215332,51.0,47.79999923706055,51.0,2160460,0.0,0.0,0.0
2023-08-27 00:00:00+03:00,51.0,52.70000076293945,50.900001525878906,50.95000076293945,1131470,0.0,0.0,0.0
2023-08-28 00:00:00+03:00,50.95000076293945,51.95000076293945,50.310001373291016,50.720001220703125,854252,0.0,0.0,0.0
2023-08-29 00:00:00+03:00,50.720001220703125,51.79999923706055,50.5,51.119998931884766,563864,0.0,0.0,0.0
2023-08-30 00:00:00+03:00,51.119998931884766,52.0099983215332,50.86000061035156,51.689998626708984,235450,0.0,0.0,0.0
2023-08-31 00:00:00+03:00,51.689998626708984,51.689998626708984,51.689998626708984,51.689998626708984,0,0.0,0.0,0.0
2023-09-03 00:00:00+03:00,50.720001220703125,51.689998626708984,49.0099983215332,49.54999923706055,489965,0.0,0.0,0.0
2023-09-04 00:00:00+03:00,49.54999923706055,52.45000076293945,49.560001373291016,51.599998474121094,920033,0.0,0.0,0.0
2023-09-05 00:00:00+03:00,51.599998474121094,52.599998474121094,50.97999954223633,51.060001373291016,647517,0.0,0.0,0.0
2023-09-06 00:00:00+03:00,51.060001373291016,51.5,49.900001525878906,50.790000915527344,878118,0.0,0.0,0.0
2023-09-07 00:00:00+03:00,50.790000915527344,50.779998779296875,49.41999816894531,49.810001373291016,859906,0.0,0.0,0.0
2023-09-10 00:00:00+03:00,49.810001373291016,49.810001373291016,49.810001373291016,49.810001373291016,0,0.0,0.0,0.0
2023-09-11 00:00:00+03:00,50.22999954223633,50.849998474121094,49.15999984741211,49.15999984741211,559287,0.0,0.0,0.0
2023-09-12 00:00:00+03:00,49.15999984741211,49.5,48.11000061035156,48.5,715062,0.0,0.0,0.0
2023-09-13 00:00:00+03:00,48.5,51.0,47.900001525878906,50.95000076293945,1035136,0.0,0.0,0.0
2023-09-14 00:00:00+03:00,50.95000076293945,51.599998474121094,50.560001373291016,50.970001220703125,587566,0.0,0.0,0.0
2023-09-17 00:00:00+03:00,50.970001220703125,51.970001220703125,50.560001373291016,50.880001068115234,802902,0.0,0.0,0.0
2023-09-18 00:00:00+03:00,50.880001068115234,51.400001525878906,50.349998474121094,51.0,510497,0.0,0.0,0.0
2023-09-19 00:00:00+03:00,51.0,51.72999954223633,50.4900016784668,50.4900016784668,518589,0.0,0.0,0.0
2023-09-20 00:00:00+03:00,50.4900016784668,50.4900016784668,50.4900016784668,50.4900016784668,0,0.0,0.0,0.0
2023-09-21 00:00:00+03:00,50.4900016784668,50.4900016784668,50.4900016784668,50.4900016784668,0,0.0,0.0,0.0
2023-09-24 00:00:00+03:00,50.4900016784668,50.4900016784668,50.4900016784668,50.4900016784668,0,0.0,0.0,0.0
2023-09-25 00:00:00+03:00,51.900001525878906,54.900001525878906,51.849998474121094,54.900001525878906,2035342,0.0,0.0,0.0
2023-09-26 00:00:00+03:00,54.900001525878906,55.5,53.0,53.599998474121094,1254564,0.0,0.0,0.0
2023-09-27 00:00:00+03:00,53.599998474121094,53.599998474121094,53.599998474121094,53.599998474121094,0,0.0,0.0,0.0
2023-10-01 00:00:00+03:00,53.599998474121094,53.599998474121094,53.599998474121094,53.599998474121094,0,0.0,0.0,0.0
2023-10-02 00:00:00+03:00,51.5099983215332,52.0,50.29999923706055,51.4900016784668,330692,0.0,0.0,0.0
2023-10-03 00:00:00+03:00,51.4900016784668,51.93000030517578,49.099998474121094,49.099998474121094,299251,0.0,0.0,0.0
2023-10-04 00:00:00+03:00,49.099998474121094,51.2400016784668,49.209999084472656,51.099998474121094,342543,0.0,0.0,0.0
2023-10-08 00:00:00+03:00,51.099998474121094,51.5,45.79999923706055,51.4900016784668,1303307,0.0,0.0,0.0
2023-10-09 00:00:00+03:00,51.4900016784668,51.70000076293945,49.04999923706055,51.52000045776367,686962,0.0,0.0,0.0
2023-10-10 00:00:00+03:00,51.52000045776367,52.9900016784668,50.599998474121094,51.599998474121094,972991,0.0,0.0,0.0
2023-10-11 00:00:00+03:00,51.599998474121094,56.09000015258789,52.0,56.09000015258789,2930373,0.0,0.0,0.0
2023-10-12 00:00:00+03:00,56.09000015258789,58.9900016784668,55.29999923706055,57.2599983215332,935434,0.0,0.0,0.0
2023-10-15 00:00:00+03:00,57.2599983215332,61.70000076293945,57.5099983215332,59.70000076293945,706023,0.0,0.0,0.0
2023-10-16 00:00:00+03:00,59.70000076293945,62.20000076293945,59.58000183105469,60.040000915527344,1332177,0.0,0.0,0.0
2023-10-17 00:00:00+03:00,60.040000915527344,71.0,59.720001220703125,66.9000015258789,2385690,0.0,0.0,0.0
2023-10-18 00:00:00+03:00,66.9000015258789,68.8499984741211,64.5,67.5199966430664,1380433,0.0,0.0,0.0
2023-10-19 00:00:00+03:00,67.5199966430664,67.5199966430664,67.5199966430664,67.5199966430664,0,0.0,0.0,0.0
2023-10-22 00:00:00+03:00,65.5,72.0,65.5999984741211,71.58999633789062,551351,0.0,0.0,0.0
2023-10-23 00:00:00+03:00,71.58999633789062,75.0,72.5,74.9000015258789,1196656,0.0,0.0,0.0
2023-10-24 00:00:00+03:00,74.9000015258789,79.94999694824219,72.51000213623047,78.01000213623047,2415464,0.0,0.0,0.0
2023-10-25 00:00:00+03:00,78.01000213623047,83.70999908447266,79.0,81.6500015258789,1892121,0.0,0.0,0.0
2023-10-26 00:00:00+03:00,81.6500015258789,83.0,78.0,79.0,1021319,0.0,0.0,0.0
2023-10-29 00:00:00+02:00,79.0,81.5,79.19999694824219,79.68000030517578,872421,0.0,0.0,0.0
2023-10-30 00:00:00+02:00,79.68000030517578,80.55000305175781,75.75,77.0,1587864,0.0,0.0,0.0
2023-10-31 00:00:00+02:00,77.0,77.5,73.69999694824219,74.91000366210938,1339754,0.0,0.0,0.0
2023-11-01 00:00:00+02:00,74.91000366210938,75.80000305175781,69.5,72.5999984741211,665047,0.0,0.0,0.0
2023-11-02 00:00:00+02:00,72.5999984741211,74.88999938964844,72.80000305175781,73.1500015258789,869599,0.0,0.0,0.0
2023-11-05 00:00:00+02:00,73.1500015258789,76.44999694824219,73.30999755859375,75.05000305175781,847471,0.0,0.0,0.0
2023-11-06 00:00:00+02:00,75.05000305175781,76.36000061035156,74.5,75.2300033569336,440510,0.0,0.0,0.0
2023-11-07 00:00:00+02:00,75.2300033569336,77.0,74.91999816894531,75.5,576906,0.0,0.0,0.0
2023-11-08 00:00:00+02:00,75.5,78.5,75.5,77.1500015258789,489468,0.0,0.0,0.0
2023-11-09 00:00:00+02:00,77.1500015258789,79.22000122070312,77.1500015258789,78.94999694824219,298392,0.0,0.0,0.0
2023-11-12 00:00:00+02:00,78.94999694824219,81.0,76.0199966430664,76.4800033569336,601994,0.0,0.0,0.0
2023-11-13 00:00:00+02:00,76.4800033569336,78.19000244140625,75.0,77.01000213623047,343479,0.0,0.0,0.0
2023-11-14 00:00:00+02:00,77.01000213623047,81.69999694824219,77.11000061035156,81.5,1452058,0.0,0.0,0.0
2023-11-15 00:00:00+02:00,81.5,82.5999984741211,79.75,79.94000244140625,852147,0.0,0.0,0.0
2023-11-16 00:00:00+02:00,79.94000244140625,81.0,80.0,80.18000030517578,469433,0.0,0.0,0.0
2023-11-19 00:00:00+02:00,80.18000030517578,81.0,79.75,79.91999816894531,207953,0.0,0.0,0.0
2023-11-20 00:00:00+02:00,79.91999816894531,80.4000015258789,77.36000061035156,77.4800033569336,660323,0.0,0.0,0.0
2023-11-21 00:00:00+02:00,77.4800033569336,78.0,74.94999694824219,77.98999786376953,1001348,0.0,0.0,0.0
2023-11-22 00:00:00+02:00,77.98999786376953,80.0,78.01000213623047,78.94999694824219,515101,0.0,0.0,0.0
2023-11-23 00:00:00+02:00,78.94999694824219,79.36000061035156,78.23999786376953,78.87999725341797,101877,0.0,0.0,0.0
2023-11-26 00:00:00+02:00,78.87999725341797,79.94999694824219,78.4000015258789,78.56999969482422,108240,0.0,0.0,0.0
2023-11-27 00:00:00+02:00,78.56999969482422,79.48999786376953,78.0,78.1500015258789,137496,0.0,0.0,0.0
2023-11-28 00:00:00+02:00,78.1500015258789,78.87999725341797,77.25,77.41999816894531,122688,0.0,0.0,0.0
2023-11-29 00:00:00+02:00,77.41999816894531,77.4000015258789,74.9000015258789,76.0,427243,0.0,0.0,0.0
2023-11-30 00:00:00+02:00,76.0,75.98999786376953,74.19999694824219,75.97000122070312,383373,0.0,0.0,0.0
2023-12-03 00:00:00+02:00,75.97000122070312,76.01000213623047,73.25,73.25,249501,0.0,0.0,0.0
2023-12-04 00:00:00+02:00,73.25,77.75,73.19999694824219,76.0,607480,0.0,0.0,0.0
2023-12-05 00:00:00+02:00,76.0,78.0,74.0,74.0,667191,0.0,0.0,0.0
2023-12-06 00:00:00+02:00,74.0,77.43000030517578,74.01000213623047,76.0,950610,0.0,0.0,0.0
2023-12-07 00:00:00+02:00,76.0,76.05000305175781,74.05000305175781,74.55000305175781,551456,0.0,0.0,0.0
2023-12-10 00:00:00+02:00,74.55000305175781,76.0,70.55000305175781,70.72000122070312,514618,0.0,0.0,0.0
2023-12-11 00:00:00+02:00,70.72000122070312,72.44999694824219,69.5,69.5,620885,0.0,0.0,0.0
2023-12-12 00:00:00+02:00,69.5,75.0,69.5,72.0,686675,0.0,0.0,0.0
2023-12-13 00:00:00+02:00,72.0,76.0,72.0,74.27999877929688,1188435,0.0,0.0,0.0
2023-12-14 00:00:00+02:00,74.27999877929688,76.69999694824219,75.0,75.30000305175781,730212,0.0,0.0,0.0
2023-12-17 00:00:00+02:00,75.30000305175781,80.0,75.94999694824219,77.04000091552734,1512705,0.0,0.0,0.0
2023-12-18 00:00:00+02:00,77.04000091552734,81.69999694824219,77.41000366210938,79.94999694824219,2859800,0.0,0.0,0.0
2023-12-19 00:00:00+02:00,79.94999694824219,84.5,80.0,82.7699966430664,7636248,0.0,0.0,0.0
2023-12-20 00:00:00+02:00,82.7699966430664,85.55999755859375,82.51000213623047,82.5999984741211,2368658,0.0,0.0,0.0
2023-12-21 00:00:00+02:00,82.5999984741211,84.5,79.5999984741211,80.97000122070312,1492661,0.0,0.0,0.0
2023-12-24 00:00:00+02:00,80.97000122070312,80.97000122070312,80.97000122070312,80.97000122070312,0,0.0,0.0,0.0
2023-12-25 00:00:00+02:00,79.05000305175781,85.5,78.0999984741211,82.80000305175781,1776693,0.0,0.0,0.0
2023-12-26 00:00:00+02:00,82.80000305175781,88.0,83.69999694824219,85.51000213623047,1321469,0.0,0.0,0.0
2023-12-27 00:00:00+02:00,85.51000213623047,90.69999694824219,86.5,89.80000305175781,1531731,0.0,0.0,0.0
2023-12-28 00:00:00+02:00,89.80000305175781,90.0999984741211,85.9000015258789,89.94999694824219,847003,0.0,0.0,0.0
2023-12-31 00:00:00+02:00,89.94999694824219,92.5999984741211,90.0,92.0,289326,0.0,0.0,0.0
2024-01-02 00:00:00+02:00,92.0,94.9000015258789,91.0,91.98999786376953,889294,0.0,0.0,0.0
2024-01-03 00:00:00+02:00,91.98999786376953,93.0,91.41000366210938,91.5,568566,0.0,0.0,0.0
2024-01-04 00:00:00+02:00,91.5,91.44999694824219,89.80999755859375,90.76000213623047,322613,0.0,0.0,0.0
2024-01-08 00:00:00+02:00,90.76000213623047,93.0,89.80000305175781,90.22000122070312,255818,0.0,0.0,0.0
2024-01-09 00:00:00+02:00,90.22000122070312,90.25,87.20999908447266,88.88999938964844,626725,0.0,0.0,0.0
2024-01-10 00:00:00+02:00,88.88999938964844,89.8499984741211,86.91000366210938,88.0,1456934,0.0,0.0,0.0
2024-01-11 00:00:00+02:00,88.0,88.8499984741211,86.30000305175781,86.80000305175781,1087886,0.0,0.0,0.0
2024-01-14 00:00:00+02:00,86.80000305175781,90.80999755859375,87.80000305175781,88.8499984741211,801856,0.0,0.0,0.0
2024-01-15 00:00:00+02:00,88.8499984741211,91.0,87.98999786376953,89.58000183105469,1121152,0.0,0.0,0.0
2024-01-16 00:00:00+02:00,89.58000183105469,90.5999984741211,89.0199966430664,89.58000183105469,603846,0.0,0.0,0.0
2024-01-17 00:00:00+02:00,89.58000183105469,91.4000015258789,86.0,89.86000061035156,6115817,0.0,0.0,0.0
2024-01-18 00:00:00+02:00,89.86000061035156,90.5,89.0,89.75,221678,0.0,0.0,0.0
2024-01-21 00:00:00+02:00,89.75,91.69999694824219,90.0999984741211,91.0,2098212,0.0,0.0,0.0
2024-01-22 00:00:00+02:00,91.0,91.3499984741211,88.0,88.05999755859375,10317179,0.0,0.0,0.0
2024-01-23 00:00:00+02:00,88.05999755859375,88.4000015258789,84.31999969482422,84.5,2538371,0.0,0.0,0.0
2024-01-24 00:00:00+02:00,84.5,88.0,84.55000305175781,85.5,1291631,0.0,0.0,0.0
2024-01-28 00:00:00+02:00,85.5,90.25,87.0,89.51000213623047,3116314,0.0,0.0,0.0
2024-01-29 00:00:00+02:00,89.51000213623047,90.80000305175781,85.0,85.5,2341142,0.0,0.0,0.0
2024-01-30 00:00:00+02:00,85.5,88.5,85.6500015258789,88.4000015258789,637006,0.0,0.0,0.0
2024-01-31 00:00:00+02:00,88.4000015258789,89.19000244140625,79.19999694824219,79.19999694824219,1296938,0.0,0.0,0.0
2024-02-01 00:00:00+02:00,79.19999694824219,83.94999694824219,74.0,83.69999694824219,1023701,0.0,0.0,0.0
2024-02-04 00:00:00+02:00,83.69999694824219,84.0,78.0,80.08999633789062,1292929,0.0,0.0,0.0
2024-02-05 00:00:00+02:00,80.08999633789062,81.5,80.0999984741211,80.16000366210938,419073,0.0,0.0,0.0
2024-02-06 00:00:00+02:00,80.16000366210938,81.19000244140625,78.5,78.5,1603101,0.0,0.0,0.0
2024-02-07 00:00:00+02:00,78.5,79.48999786376953,76.0999984741211,76.55000305175781,1081176,0.0,0.0,0.0
2024-02-08 00:00:00+02:00,76.55000305175781,79.5,77.0,79.0,378822,0.0,0.0,0.0
2024-02-11 00:00:00+02:00,79.0,79.9800033569336,77.0199966430664,77.1500015258789,405257,0.0,0.0,0.0
2024-02-12 00:00:00+02:00,77.1500015258789,78.9000015258789,76.20999908447266,78.06999969482422,635585,0.0,0.0,0.0
2024-02-13 00:00:00+02:00,78.06999969482422,80.9000015258789,78.80000305175781,79.02999877929688,910670,0.0,0.0,0.0
2024-02-14 00:00:00+02:00,79.02999877929688,79.97000122070312,78.0999984741211,79.02999877929688,260542,0.0,0.0,0.0
2024-02-15 00:00:00+02:00,79.02999877929688,79.8499984741211,78.48999786376953,79.0,390634,0.0,0.0,0.0
2024-02-18 00:00:00+02:00,79.0,79.0,79.0,79.0,0,0.0,0.0,0.0
2024-02-19 00:00:00+02:00,79.22000122070312,82.30000305175781,79.0,81.47000122070312,1141647,0.0,0.0,0.0
2024-02-20 00:00:00+02:00,81.47000122070312,82.58999633789062,80.86000061035156,81.19999694824219,820785,0.0,0.0,0.0
2024-02-21 00:00:00+02:00,81.19999694824219,82.0,80.75,80.76000213623047,245310,0.0,0.0,0.0
2024-02-22 00:00:00+02:00,80.76000213623047,81.41999816894531,78.5,80.75,513860,0.0,0.0,0.0
2024-02-25 00:00:00+02:00,80.75,78.23999786376953,72.0999984741211,74.0,1745823,0.0,0.0,0.0
2024-02-26 00:00:00+02:00,74.0,77.0,72.5999984741211,75.0,1739248,0.0,0.0,0.0
2024-02-27 00:00:00+02:00,75.0,76.0,69.0,71.98999786376953,2294918,0.0,0.0,0.0
2024-02-28 00:00:00+02:00,71.98999786376953,76.0,69.0,72.0999984741211,2578510,0.0,0.0,0.0
2024-02-29 00:00:00+02:00,72.0999984741211,81.48999786376953,72.5999984741211,78.5,4313387,0.0,0.0,0.0
2024-03-03 00:00:00+02:00,78.5,84.0,77.0,77.0,797245,0.0,0.0,0.0
2024-03-04 00:00:00+02:00,77.0,80.80000305175781,77.0199966430664,79.80000305175781,605928,0.0,0.0,0.0
2024-03-05 00:00:00+02:00,79.80000305175781,81.5,77.06999969482422,77.9000015258789,1497771,0.0,0.0,0.0
2024-03-06 00:00:00+02:00,77.9000015258789,82.0999984741211,73.80000305175781,74.5,2504499,0.0,0.0,0.0
2024-03-07 00:00:00+02:00,74.5,78.5,72.0,78.01000213623047,1812198,0.0,0.0,0.0
2024-03-10 00:00:00+02:00,78.01000213623047,80.5999984741211,77.30999755859375,77.30999755859375,1401909,0.0,0.0,0.0
2024-03-11 00:00:00+02:00,77.30999755859375,78.0,73.98999786376953,74.0,1402992,0.0,0.0,0.0
2024-03-12 00:00:00+02:00,74.0,75.79000091552734,70.0,70.94999694824219,1213717,0.0,0.0,0.0
2024-03-13 00:00:00+02:00,70.94999694824219,72.0,59.5099983215332,65.0,3117385,0.0,0.0,0.0
2024-03-14 00:00:00+02:00,65.0,66.0,62.029998779296875,64.0,837855,0.0,0.0,0.0
2024-03-17 00:00:00+02:00,64.0,65.97000122070312,61.0,62.0,1281816,0.0,0.0,0.0
2024-03-18 00:00:00+02:00,62.0,62.4900016784668,57.099998474121094,59.9900016784668,897264,0.0,0.0,0.0
2024-03-19 00:00:00+02:00,59.9900016784668,59.75,57.02000045776367,59.0,1044733,0.0,0.0,0.0
2024-03-20 00:00:00+02:00,59.0,63.459999084472656,59.0,59.040000915527344,513205,0.0,0.0,0.0
2024-03-21 00:00:00+02:00,59.040000915527344,62.880001068115234,59.04999923706055,62.0,335642,0.0,0.0,0.0
2024-03-24 00:00:00+02:00,62.0,62.970001220703125,60.5,61.0,262462,0.0,0.0,0.0
2024-03-25 00:00:00+02:00,61.0,64.63999938964844,60.70000076293945,64.0,717775,0.0,0.0,0.0
2024-03-26 00:00:00+02:00,64.0,65.25,60.0,61.099998474121094,1067002,0.0,0.0,0.0
2024-03-27 00:00:00+02:00,61.099998474121094,61.25,59.25,59.2599983215332,537447,0.0,0.0,0.0
2024-03-28 00:00:00+02:00,59.2599983215332,60.439998626708984,59.0099983215332,59.209999084472656,158107,0.0,0.0,0.0
2024-03-31 00:00:00+02:00,59.209999084472656,64.4000015258789,57.25,63.810001373291016,919319,0.0,0.0,0.0
2024-04-01 00:00:00+02:00,63.810001373291016,63.810001373291016,60.9900016784668,62.060001373291016,602843,0.0,0.0,0.0
2024-04-02 00:00:00+02:00,62.060001373291016,64.30000305175781,60.81999969482422,60.81999969482422,768544,0.0,0.0,0.0
2024-04-03 00:00:00+02:00,60.81999969482422,61.0,59.189998626708984,59.599998474121094,331626,0.0,0.0,0.0
2024-04-04 00:00:00+02:00,59.599998474121094,61.5,60.040000915527344,60.599998474121094,502867,0.0,0.0,0.0
2024-04-07 00:00:00+02:00,60.599998474121094,61.560001373291016,57.25,58.0,686700,0.0,0.0,0.0
2024-04-08 00:00:00+02:00,58.0,58.70000076293945,56.79999923706055,58.29999923706055,1319010,0.0,0.0,0.0
2024-04-15 00:00:00+02:00,58.29999923706055,62.150001525878906,58.70000076293945,61.93000030517578,1460729,0.0,0.0,0.0
2024-04-16 00:00:00+02:00,61.93000030517578,66.5,62.619998931884766,65.05000305175781,2366368,0.0,0.0,0.0
2024-04-17 00:00:00+02:00,65.05000305175781,66.9800033569336,65.0999984741211,65.95999908447266,1871089,0.0,0.0,0.0
2024-04-18 00:00:00+02:00,65.95999908447266,69.0,59.650001525878906,62.0,2741403,0.0,0.0,0.0
2024-04-21 00:00:00+02:00,62.0,68.19999694824219,63.0,65.79000091552734,2034591,0.0,0.0,0.0
2024-04-22 00:00:00+02:00,65.79000091552734,68.0199966430664,64.9000015258789,65.5,1683782,0.0,0.0,0.0
2024-04-23 00:00:00+02:00,65.5,65.69999694824219,62.0,62.0,788546,0.0,0.0,0.0
2024-04-24 00:00:00+02:00,62.0,61.900001525878906,57.61000061035156,60.02000045776367,778852,0.0,0.0,0.0
2024-04-28 00:00:00+03:00,60.02000045776367,60.02000045776367,60.02000045776367,60.02000045776367,0,0.0,0.0,0.0
2024-04-29 00:00:00+03:00,59.0,62.0,59.0099983215332,61.5,1222366,0.0,0.0,0.0
2024-04-30 00:00:00+03:00,61.5,62.349998474121094,57.0,57.150001525878906,1077680,0.0,0.0,0.0
2024-05-02 00:00:00+03:00,58.459999084472656,61.099998474121094,58.599998474121094,60.5,1038545,0.0,0.0,0.0
2024-05-07 00:00:00+03:00,60.5,62.0,59.099998474121094,60.86000061035156,523584,0.0,0.0,0.0
2024-05-08 00:00:00+03:00,60.86000061035156,62.5,60.900001525878906,61.72999954223633,686511,0.0,0.0,0.0
2024-05-09 00:00:00+03:00,61.72999954223633,63.95000076293945,61.5099983215332,63.02000045776367,1203847,0.0,0.0,0.0
2024-05-12 00:00:00+03:00,63.02000045776367,64.37999725341797,58.9900016784668,59.0,833633,0.0,0.0,0.0
2024-05-13 00:00:00+03:00,59.0,61.4900016784668,57.20000076293945,61.0,419479,0.0,0.0,0.0
2024-05-14 00:00:00+03:00,61.0,61.9900016784668,60.25,60.83000183105469,227245,0.0,0.0,0.0
2024-05-15 00:00:00+03:00,60.83000183105469,61.0099983215332,58.5,60.400001525878906,278941,0.0,0.0,0.0
2024-05-16 00:00:00+03:00,60.400001525878906,65.0,59.29999923706055,64.0,731348,0.0,0.0,0.0
2024-05-19 00:00:00+03:00,64.0,70.77999877929688,64.06999969482422,68.9800033569336,3228971,0.0,0.0,0.0
2024-05-20 00:00:00+03:00,68.9800033569336,71.9000015258789,68.31999969482422,70.0,1569487,0.0,0.0,0.0
2024-05-21 00:00:00+03:00,70.0,79.0,70.4000015258789,75.0199966430664,2898653,0.0,0.0,0.0
2024-05-22 00:00:00+03:00,75.0199966430664,75.9800033569336,73.05000305175781,74.0999984741211,1021283,0.0,0.0,0.0
2024-05-23 00:00:00+03:00,74.0999984741211,77.0,73.9000015258789,75.55000305175781,989554,0.0,0.0,0.0
2024-05-26 00:00:00+03:00,75.55000305175781,75.55000305175781,75.55000305175781,75.55000305175781,0,0.0,0.0,0.0
2024-05-27 00:00:00+03:00,78.5,79.75,77.26000213623047,77.2699966430664,1194077,0.0,0.0,0.0
2024-05-28 00:00:00+03:00,77.2699966430664,78.0,73.62000274658203,77.3499984741211,858422,0.0,0.0,0.0
2024-05-29 00:00:00+03:00,77.3499984741211,77.5999984741211,74.0999984741211,75.37999725341797,1377034,0.0,0.0,0.0
2024-05-30 00:00:00+03:00,75.37999725341797,76.0,74.0,75.5999984741211,2735919,0.0,0.0,0.0
2024-06-02 00:00:00+03:00,75.5999984741211,75.94999694824219,74.16000366210938,75.0999984741211,820288,0.0,0.0,0.0
2024-06-03 00:00:00+03:00,75.0999984741211,76.0,75.0,75.19999694824219,974711,0.0,0.0,0.0
2024-06-04 00:00:00+03:00,75.19999694824219,76.5,75.0,75.0,235536,0.0,0.0,0.0
2024-06-05 00:00:00+03:00,75.0,75.0,70.12000274658203,72.93000030517578,1170758,0.0,0.0,0.0
2024-06-06 00:00:00+03:00,72.93000030517578,73.88999938964844,71.9000015258789,72.5,440900,0.0,0.0,0.0
2024-06-09 00:00:00+03:00,72.5,73.0,70.05999755859375,72.0,554734,0.0,0.0,0.0
2024-06-10 00:00:00+03:00,72.0,75.05000305175781,70.30000305175781,74.5999984741211,924432,0.0,0.0,0.0
2024-06-11 00:00:00+03:00,74.5999984741211,80.0,74.19999694824219,75.93000030517578,1433945,0.0,0.0,0.0
2024-06-12 00:00:00+03:00,75.93000030517578,77.38999938964844,74.5,74.88999938964844,289009,0.0,0.0,0.0
2024-06-13 00:00:00+03:00,74.88999938964844,79.0,74.88999938964844,78.5,1430521,0.0,0.0,0.0
2024-06-23 00:00:00+03:00,78.5,82.0,79.0,81.62000274658203,950119,0.0,0.0,0.0
2024-06-24 00:00:00+03:00,81.62000274658203,82.25,79.91999816894531,80.41000366210938,1205170,0.0,0.0,0.0
2024-06-25 00:00:00+03:00,80.41000366210938,87.0,79.52999877929688,85.5,3668487,0.0,0.0,0.0
2024-06-26 00:00:00+03:00,85.5,89.45999908447266,84.22000122070312,85.0,1485548,0.0,0.0,0.0
2024-06-27 00:00:00+03:00,85.0,87.0,83.05000305175781,83.81999969482422,2346243,0.0,0.0,0.0
2024-07-02 00:00:00+03:00,83.38999938964844,85.19999694824219,83.52999877929688,84.1500015258789,349993,0.0,0.0,0.0
2024-07-03 00:00:00+03:00,84.1500015258789,90.5,84.1500015258789,85.5,927427,0.0,0.0,0.0
2024-07-04 00:00:00+03:00,85.5,86.0,84.1500015258789,84.68000030517578,208271,0.0,0.0,0.0
2024-07-07 00:00:00+03:00,84.68000030517578,87.0,84.0,84.05000305175781,274249,0.0,0.0,0.0
2024-07-08 00:00:00+03:00,84.05000305175781,85.5,82.05000305175781,84.0,695862,0.0,0.0,0.0
2024-07-09 00:00:00+03:00,84.0,90.0,84.0,86.51000213623047,2332550,0.0,0.0,0.0
2024-07-10 00:00:00+03:00,86.51000213623047,87.0,82.0,82.0999984741211,2369101,0.0,0.0,0.0
2024-07-14 00:00:00+03:00,82.0999984741211,83.37999725341797,80.5999984741211,80.5999984741211,652656,0.0,0.0,0.0
2024-07-15 00:00:00+03:00,80.5999984741211,82.5,80.69999694824219,80.7699966430664,897687,0.0,0.0,0.0
2024-07-16 00:00:00+03:00,80.7699966430664,81.8499984741211,78.5199966430664,79.95999908447266,929341,0.0,0.0,0.0
2024-07-17 00:00:00+03:00,79.95999908447266,80.5,79.51000213623047,80.02999877929688,937432,0.0,0.0,0.0
2024-07-18 00:00:00+03:00,80.02999877929688,82.0,80.19999694824219,81.69999694824219,987726,0.0,0.0,0.0
2024-07-21 00:00:00+03:00,81.69999694824219,84.7300033569336,81.01000213623047,84.69999694824219,2512046,0.0,0.0,0.0
2024-07-22 00:00:00+03:00,84.69999694824219,86.5,83.04000091552734,83.2699966430664,2769076,0.0,0.0,0.0
2024-07-23 00:00:00+03:00,83.2699966430664,85.0,83.12000274658203,83.19999694824219,1171775,0.0,0.0,0.0
2024-07-24 00:00:00+03:00,83.19999694824219,84.5,81.05999755859375,81.16000366210938,663822,0.0,0.0,0.0
2024-07-28 00:00:00+03:00,81.16000366210938,82.0,79.80999755859375,80.0199966430664,770159,0.0,0.0,0.0
2024-07-29 00:00:00+03:00,80.0199966430664,82.30000305175781,79.98999786376953,80.31999969482422,1369150,0.0,0.0,0.0
2024-07-30 00:00:00+03:00,80.31999969482422,83.4000015258789,80.30000305175781,82.30000305175781,1701411,0.0,0.0,0.0
2024-07-31 00:00:00+03:00,82.30000305175781,82.80000305175781,82.12000274658203,82.30000305175781,980984,0.0,0.0,0.0
2024-08-01 00:00:00+03:00,82.30000305175781,87.0999984741211,82.11000061035156,85.51000213623047,4568872,0.0,0.0,0.0
2024-08-04 00:00:00+03:00,85.51000213623047,86.19000244140625,83.0,85.05999755859375,1459916,0.0,0.0,0.0
2024-08-05 00:00:00+03:00,85.05999755859375,84.26000213623047,81.19999694824219,82.69999694824219,1373456,0.0,0.0,0.0
2024-08-06 00:00:00+03:00,82.69999694824219,85.44999694824219,82.75,85.0,1570683,0.0,0.0,0.0
2024-08-07 00:00:00+03:00,85.0,95.0199966430664,85.11000061035156,95.0199966430664,5500784,0.0,0.0,0.0
2024-08-08 00:00:00+03:00,95.0199966430664,99.0,92.5,92.80999755859375,4087071,0.0,0.0,0.0
2024-08-11 00:00:00+03:00,92.80999755859375,100.0,93.5,97.0,2613954,0.0,0.0,0.0
2024-08-12 00:00:00+03:00,97.0,101.9800033569336,96.19999694824219,96.51000213623047,2844053,0.0,0.0,0.0
2024-08-13 00:00:00+03:00,96.51000213623047,94.98999786376953,91.0,92.05000305175781,2881964,0.0,0.0,0.0
2024-08-14 00:00:00+03:00,92.05000305175781,97.0,91.0,91.87999725341797,3060585,0.0,0.0,0.0
2024-08-15 00:00:00+03:00,91.87999725341797,93.69999694824219,91.0,91.05000305175781,696681,0.0,0.0,0.0
2024-08-18 00:00:00+03:00,91.05000305175781,93.4800033569336,91.11000061035156,92.98999786376953,541794,0.0,0.0,0.0
2024-08-19 00:00:00+03:00,92.98999786376953,94.75,91.80000305175781,93.0,450312,0.0,0.0,0.0
2024-08-20 00:00:00+03:00,93.0,95.80000305175781,93.05000305175781,95.5,934971,0.0,0.0,0.0
2024-08-21 00:00:00+03:00,95.5,96.5,92.2300033569336,92.30000305175781,1291575,0.0,0.0,0.0
2024-08-22 00:00:00+03:00,92.30000305175781,99.0,92.3499984741211,99.0,1584441,0.0,0.0,0.0
2024-08-25 00:00:00+03:00,99.0,105.0,95.5,103.0,2313754,0.0,0.0,0.0
2024-08-26 00:00:00+03:00,103.0,105.5,96.69999694824219,97.51000213623047,1873983,0.0,0.0,0.0
2024-08-27 00:00:00+03:00,97.51000213623047,99.44000244140625,97.0,97.5999984741211,491107,0.0,0.0,0.0
2024-08-28 00:00:00+03:00,97.5999984741211,109.22000122070312,98.01000213623047,108.80000305175781,2394287,0.0,0.0,0.0
2024-08-29 00:00:00+03:00,108.80000305175781,110.91999816894531,105.12000274658203,110.91999816894531,2246238,0.0,0.0,0.0
2024-09-01 00:00:00+03:00,110.91999816894531,112.80000305175781,105.5999984741211,106.11000061035156,1101713,0.0,0.0,0.0
2024-09-02 00:00:00+03:00,106.11000061035156,108.9000015258789,104.5,105.0,621898,0.0,0.0,0.0
2024-09-03 00:00:00+03:00,105.0,106.9000015258789,105.0,105.01000213623047,498852,0.0,0.0,0.0
2024-09-04 00:00:00+03:00,105.01000213623047,109.80999755859375,104.0,106.9800033569336,920281,0.0,0.0,0.0
2024-09-05 00:00:00+03:00,106.9800033569336,109.80000305175781,107.11000061035156,108.5,988441,0.0,0.0,0.0
2024-09-08 00:00:00+03:00,108.5,108.0,101.80000305175781,102.01000213623047,1163210,0.0,0.0,0.0
2024-09-09 00:00:00+03:00,102.01000213623047,105.0,100.12000274658203,102.5999984741211,851721,0.0,0.0,0.0
2024-09-10 00:00:00+03:00,102.5999984741211,102.5999984741211,97.33999633789062,97.98999786376953,2042738,0.0,0.0,0.0
2024-09-11 00:00:00+03:00,97.98999786376953,101.95999908447266,95.0,101.52999877929688,1696165,0.0,0.0,0.0
2024-09-12 00:00:00+03:00,101.52999877929688,103.0,97.97000122070312,97.97000122070312,528272,0.0,0.0,0.0
2024-09-16 00:00:00+03:00,97.97000122070312,101.1500015258789,98.0,99.0,1745174,0.0,0.0,0.0
2024-09-17 00:00:00+03:00,99.0,101.0,99.05000305175781,99.19999694824219,389185,0.0,0.0,0.0
2024-09-18 00:00:00+03:00,99.19999694824219,109.0,99.19999694824219,108.19999694824219,2119451,0.0,0.0,0.0
2024-09-19 00:00:00+03:00,108.19999694824219,109.5999984741211,105.11000061035156,105.12000274658203,756275,0.0,0.0,0.0
2024-09-22 00:00:00+03:00,105.12000274658203,110.55000305175781,106.12000274658203,108.69999694824219,627827,0.0,0.0,0.0
2024-09-23 00:00:00+03:00,108.69999694824219,114.19999694824219,109.0,112.0,1159939,0.0,0.0,0.0
2024-09-24 00:00:00+03:00,112.0999984741211,114.9000015258789,111.0999984741211,111.51000213623047,569504,0.0,0.0,0.0
2024-09-25 00:00:00+03:00,109.12000274658203,112.18000030517578,109.25,112.0999984741211,848039,0.0,0.0,0.0
2024-09-26 00:00:00+03:00,112.0999984741211,114.9000015258789,111.0999984741211,111.51000213623047,569504,0.0,0.0,0.0
2024-09-29 00:00:00+03:00,111.51000213623047,116.3499984741211,111.80000305175781,114.0,1348099,0.0,0.0,0.0
2024-09-30 00:00:00+03:00,114.0,117.0,112.0,116.94000244140625,789768,0.0,0.0,0.0
2024-10-01 00:00:00+03:00,116.94000244140625,117.0,112.01000213623047,112.6500015258789,1169324,0.0,0.0,0.0
2024-10-02 00:00:00+03:00,112.6500015258789,112.48999786376953,108.0199966430664,109.0,1503663,0.0,0.0,0.0
2024-10-03 00:00:00+03:00,109.0,110.98999786376953,108.98999786376953,109.0,231113,0.0,0.0,0.0
2024-10-07 00:00:00+03:00,109.0,110.9000015258789,106.11000061035156,108.0,661796,0.0,0.0,0.0
2024-10-08 00:00:00+03:00,108.0,107.7699966430664,101.61000061035156,104.5,1619453,0.0,0.0,0.0
2024-10-09 00:00:00+03:00,104.5,107.0,102.0,107.0,596658,0.0,0.0,0.0
2024-10-10 00:00:00+03:00,107.0,108.9000015258789,99.0,99.0,1963505,0.0,0.0,0.0
2024-10-13 00:00:00+03:00,99.0,105.0,99.0,99.0,1605111,0.0,0.0,0.0
2024-10-14 00:00:00+03:00,99.0,103.5,97.05000305175781,100.30000305175781,697618,0.0,0.0,0.0
2024-10-15 00:00:00+03:00,100.30000305175781,102.87999725341797,99.0,100.80000305175781,581442,0.0,0.0,0.0
2024-10-16 00:00:00+03:00,100.80000305175781,103.5,99.51000213623047,99.55000305175781,798792,0.0,0.0,0.0
2024-10-17 00:00:00+03:00,99.55000305175781,101.80000305175781,98.5199966430664,99.0,355162,0.0,0.0,0.0
2024-10-20 00:00:00+03:00,99.0,108.0,99.5,105.0,2128670,0.0,0.0,0.0
2024-10-21 00:00:00+03:00,105.0,108.94999694824219,102.25,106.3499984741211,874270,0.0,0.0,0.0
2024-10-22 00:00:00+03:00,106.3499984741211,107.69999694824219,104.51000213623047,106.02999877929688,925772,0.0,0.0,0.0
2024-10-23 00:00:00+03:00,106.02999877929688,106.69999694824219,100.05000305175781,102.44999694824219,534903,0.0,0.0,0.0
2024-10-24 00:00:00+03:00,102.44999694824219,104.19999694824219,101.5199966430664,101.9000015258789,406125,0.0,0.0,0.0
2024-10-27 00:00:00+03:00,101.9000015258789,103.38999938964844,102.01000213623047,103.0,152933,0.0,0.0,0.0
2024-10-28 00:00:00+03:00,103.0,108.5,102.51000213623047,107.0,1771301,0.0,0.0,0.0
2024-10-29 00:00:00+03:00,107.0,111.0,106.5999984741211,110.4000015258789,2027232,0.0,0.0,0.0
2024-10-30 00:00:00+03:00,110.4000015258789,112.94000244140625,107.01000213623047,107.12999725341797,843832,0.0,0.0,0.0
2024-10-31 00:00:00+03:00,107.12999725341797,111.98999786376953,106.5,111.0,1057846,0.0,0.0,0.0
2024-11-03 00:00:00+02:00,111.0,112.76000213623047,109.61000061035156,110.3499984741211,490480,0.0,0.0,0.0
2024-11-04 00:00:00+02:00,110.3499984741211,112.3499984741211,110.0999984741211,111.26000213623047,522531,0.0,0.0,0.0
2024-11-05 00:00:00+02:00,111.26000213623047,117.4000015258789,111.51000213623047,114.44999694824219,2155471,0.0,0.0,0.0
2024-11-06 00:00:00+02:00,114.44999694824219,117.0,113.12000274658203,116.0,1281578,0.0,0.0,0.0
2024-11-07 00:00:00+02:00,116.0,118.9800033569336,116.11000061035156,118.9800033569336,1262403,0.0,0.0,0.0
2024-11-10 00:00:00+02:00,118.9800033569336,119.0,114.25,114.25,910396,0.0,0.0,0.0
2024-11-11 00:00:00+02:00,114.25,116.38999938964844,114.29000091552734,115.0,346155,0.0,0.0,0.0
2024-11-12 00:00:00+02:00,115.0,116.01000213623047,113.5199966430664,116.0,883461,0.0,0.0,0.0
2024-11-13 00:00:00+02:00,116.0,117.0,113.80000305175781,114.0199966430664,302074,0.0,0.0,0.0
2024-11-14 00:00:00+02:00,114.0199966430664,118.69000244140625,114.19999694824219,116.30000305175781,1337707,0.0,0.0,0.0
2024-11-17 00:00:00+02:00,116.30000305175781,117.5,115.5,117.01000213623047,500736,0.0,0.0,0.0
2024-11-18 00:00:00+02:00,117.01000213623047,117.5,113.98999786376953,114.0999984741211,1091981,0.0,0.0,0.0
2024-11-19 00:00:00+02:00,114.0999984741211,116.0,114.0,115.26000213623047,357205,0.0,0.0,0.0
2024-11-20 00:00:00+02:00,115.26000213623047,116.55000305175781,113.77999877929688,114.5,588320,0.0,0.0,0.0
2024-11-21 00:00:00+02:00,114.5,116.4800033569336,113.94000244140625,115.4800033569336,1210796,0.0,0.0,0.0
2024-11-24 00:00:00+02:00,115.4800033569336,116.4000015258789,112.55000305175781,112.5999984741211,299166,0.0,0.0,0.0
2024-11-25 00:00:00+02:00,112.5999984741211,115.76000213623047,110.51000213623047,115.76000213623047,691543,0.0,0.0,0.0
2024-11-26 00:00:00+02:00,115.76000213623047,115.69999694824219,113.0,113.0,538388,0.0,0.0,0.0
2024-11-27 00:00:00+02:00,113.0,110.0,103.05000305175781,107.51000213623047,2140078,0.0,0.0,0.0
2024-11-28 00:00:00+02:00,107.51000213623047,109.98999786376953,103.9000015258789,104.69999694824219,1158379,0.0,0.0,0.0
2024-12-01 00:00:00+02:00,104.69999694824219,106.75,101.80000305175781,106.4000015258789,1667732,0.0,0.0,0.0
2024-12-02 00:00:00+02:00,106.4000015258789,107.38999938964844,102.80000305175781,102.80000305175781,766954,0.0,0.0,0.0
2024-12-03 00:00:00+02:00,102.80000305175781,106.47000122070312,103.0199966430664,104.66000366210938,851452,0.0,0.0,0.0
2024-12-04 00:00:00+02:00,104.66000366210938,109.0,105.26000213623047,107.25,1990166,0.0,0.0,0.0
2024-12-05 00:00:00+02:00,107.25,115.0,107.5,112.0,1478579,0.0,0.0,0.0
2024-12-08 00:00:00+02:00,112.0,114.0,109.0,109.5999984741211,2660189,0.0,0.0,0.0
2024-12-09 00:00:00+02:00,109.5999984741211,110.0,105.66000366210938,107.0,2305252,0.0,0.0,0.0
2024-12-10 00:00:00+02:00,107.0,108.11000061035156,106.1500015258789,106.55000305175781,1314979,0.0,0.0,0.0
2024-12-11 00:00:00+02:00,106.55000305175781,107.88999938964844,106.04000091552734,107.5,408865,0.0,0.0,0.0
2024-12-12 00:00:00+02:00,107.5,107.97000122070312,105.30999755859375,106.0199966430664,834008,0.0,0.0,0.0
2024-12-15 00:00:00+02:00,106.0199966430664,107.29000091552734,105.7699966430664,105.7699966430664,1253784,0.0,0.0,0.0
2024-12-16 00:00:00+02:00,105.7699966430664,106.69000244140625,104.5199966430664,105.79000091552734,1060805,0.0,0.0,0.0
2024-12-17 00:00:00+02:00,105.79000091552734,106.3499984741211,104.19999694824219,105.05999755859375,890523,0.0,0.0,0.0
2024-12-18 00:00:00+02:00,105.05999755859375,105.5,103.61000061035156,103.9800033569336,458709,0.0,0.0,0.0
2024-12-19 00:00:00+02:00,103.9800033569336,106.19999694824219,103.0,105.0,2161825,0.0,0.0,0.0
2024-12-22 00:00:00+02:00,105.0,108.0,105.12000274658203,108.0,1056083,0.0,0.0,0.0
2024-12-23 00:00:00+02:00,108.0,110.69999694824219,107.30000305175781,109.98999786376953,1546541,0.0,0.0,0.0
2024-12-24 00:00:00+02:00,109.98999786376953,111.0,108.30999755859375,108.41999816894531,1118979,0.0,0.0,0.0
2024-12-25 00:00:00+02:00,108.41999816894531,109.4800033569336,107.75,108.22000122070312,111076,0.0,0.0,0.0
2024-12-26 00:00:00+02:00,108.22000122070312,109.0999984741211,107.7699966430664,108.9000015258789,539064,0.0,0.0,0.0
2024-12-29 00:00:00+02:00,108.9000015258789,112.0,107.51000213623047,111.30999755859375,3153719,0.0,0.0,0.0
2024-12-30 00:00:00+02:00,111.30999755859375,112.98999786376953,111.0199966430664,112.4800033569336,534824,0.0,0.0,0.0
2024-12-31 00:00:00+02:00,112.4800033569336,115.0,111.0,114.9000015258789,2737153,0.0,0.0,0.0
2025-01-02 00:00:00+02:00,114.9000015258789,119.6500015258789,113.9800033569336,114.5199966430664,880540,0.0,0.0,0.0
2025-01-05 00:00:00+02:00,114.5199966430664,115.37999725341797,113.9000015258789,114.01000213623047,532542,0.0,0.0,0.0
2025-01-06 00:00:00+02:00,114.01000213623047,115.48999786376953,113.9000015258789,115.0,595106,0.0,0.0,0.0
2025-01-08 00:00:00+02:00,115.0,117.25,115.05000305175781,117.0,1346619,0.0,0.0,0.0
2025-01-09 00:00:00+02:00,117.0,119.0999984741211,117.0,117.80999755859375,1654226,0.0,0.0,0.0
2025-01-12 00:00:00+02:00,117.80999755859375,118.0,116.11000061035156,117.9800033569336,1071248,0.0,0.0,0.0
2025-01-13 00:00:00+02:00,117.9800033569336,123.0,118.0,120.69000244140625,2452963,0.0,0.0,0.0
2025-01-14 00:00:00+02:00,120.69000244140625,128.89999389648438,125.0,127.98999786376953,3765945,0.0,0.0,0.0
2025-01-15 00:00:00+02:00,127.98999786376953,130.5,128.1999969482422,130.0,1234365,0.0,0.0,0.0
2025-01-16 00:00:00+02:00,130.0,131.25,128.0,130.0,1600206,0.0,0.0,0.0
2025-01-19 00:00:00+02:00,130.0,131.25,128.0,129.5,2555211,0.0,0.0,0.0
2025-01-20 00:00:00+02:00,129.1699981689453,129.75,128.50999450683594,128.75,1244335,0.0,0.0,0.0
2025-01-21 00:00:00+02:00,128.75,129.0,128.0,128.80999755859375,319001,0.0,0.0,0.0
2025-01-22 00:00:00+02:00,128.80999755859375,130.27000427246094,128.10000610351562,129.5,682457,0.0,0.0,0.0
2025-01-23 00:00:00+02:00,129.5,130.5,128.61000061035156,129.02999877929688,999461,0.0,0.0,0.0
2025-01-26 00:00:00+02:00,129.02999877929688,130.5,129.02999877929688,129.99000549316406,1152711,0.0,0.0,0.0
2025-01-27 00:00:00+02:00,129.99000549316406,130.6999969482422,129.80999755859375,130.3000030517578,722066,0.0,0.0,0.0
2025-01-28 00:00:00+02:00,130.3000030517578,132.0,129.89999389648438,131.0,891971,0.0,0.0,0.0
2025-01-29 00:00:00+02:00,131.0,134.10000610351562,131.99000549316406,133.0,3513882,0.0,0.0,0.0
2025-01-30 00:00:00+02:00,133.0,134.0,133.0500030517578,133.61000061035156,2123033,0.0,0.0,0.0
2025-02-02 00:00:00+02:00,133.61000061035156,133.82000732421875,132.6999969482422,133.0,749112,0.0,0.0,0.0
2025-02-03 00:00:00+02:00,133.0,133.5500030517578,132.75999450683594,133.00999450683594,640508,0.0,0.0,0.0
2025-02-04 00:00:00+02:00,133.00999450683594,133.3300018310547,132.3300018310547,132.50999450683594,484319,0.0,0.0,0.0
2025-02-05 00:00:00+02:00,132.50999450683594,133.0,132.11000061035156,132.33999633789062,680175,0.0,0.0,0.0
2025-02-06 00:00:00+02:00,132.33999633789062,133.0,131.86000061035156,132.97999572753906,1128835,0.0,0.0,0.0
2025-02-09 00:00:00+02:00,132.97999572753906,133.39999389648438,131.3000030517578,131.52999877929688,853083,0.0,0.0,0.0
2025-02-10 00:00:00+02:00,131.52999877929688,132.4600067138672,131.6999969482422,132.00999450683594,947534,0.0,0.0,0.0
2025-02-11 00:00:00+02:00,132.00999450683594,132.22999572753906,131.75999450683594,132.00999450683594,829972,0.0,0.0,0.0
2025-02-12 00:00:00+02:00,132.00999450683594,133.97000122070312,131.75999450683594,133.92999267578125,719757,0.0,0.0,0.0
2025-02-13 00:00:00+02:00,133.92999267578125,134.0,133.0,133.88999938964844,1145115,0.0,0.0,0.0
2025-02-16 00:00:00+02:00,133.88999938964844,134.0,132.99000549316406,133.6999969482422,1092261,0.0,0.0,0.0
2025-02-17 00:00:00+02:00,133.6999969482422,134.5,133.10000610351562,134.49000549316406,1666477,0.0,0.0,0.0
2025-02-18 00:00:00+02:00,134.49000549316406,135.5,134.11000061035156,135.25,1288824,0.0,0.0,0.0
2025-02-19 00:00:00+02:00,135.25,135.49000549316406,134.5,135.0,2290774,0.0,0.0,0.0
2025-02-20 00:00:00+02:00,135.0,136.10000610351562,135.10000610351562,136.0,2911853,0.0,0.0,0.0
2025-02-23 00:00:00+02:00,136.0,136.92999267578125,136.02000427246094,136.5,1381959,0.0,0.0,0.0
2025-02-24 00:00:00+02:00,136.5,136.8000030517578,136.25999450683594,136.5,347990,0.0,0.0,0.0
2025-02-25 00:00:00+02:00,136.5,137.0,136.50999450683594,136.89999389648438,385978,0.0,0.0,0.0
2025-02-26 00:00:00+02:00,136.89999389648438,137.0,136.50999450683594,136.6199951171875,12192,0.0,0.0,0.0
2025-02-27 00:00:00+02:00,136.6199951171875,137.6699981689453,136.61000061035156,137.0800018310547,72925,0.0,0.0,0.0
2025-03-02 00:00:00+02:00,137.0800018310547,137.5,137.0,137.1300048828125,8119,0.0,0.0,0.0
2025-03-03 00:00:00+02:00,137.1300048828125,137.5,137.02000427246094,137.16000366210938,8078,0.0,0.0,0.0
2025-03-04 00:00:00+02:00,137.16000366210938,137.5,137.17999267578125,137.30999755859375,8180,0.0,0.0,0.0
2025-03-05 00:00:00+02:00,137.30999755859375,137.25,128.0,135.5800018310547,7799,0.0,0.0,0.0
2025-03-06 00:00:00+02:00,135.5800018310547,140.0,133.25,138.44000244140625,15086,0.0,0.0,0.0
2025-03-09 00:00:00+02:00,138.14999389648438,138.0,134.00999450683594,138.14999389648438,1797,0.0,0.0,0.0
2025-03-10 00:00:00+02:00,138.14999389648438,137.89999389648438,131.0,133.89999389648438,8099,0.0,0.0,0.0
2025-03-11 00:00:00+02:00,133.89999389648438,136.14999389648438,133.89999389648438,133.89999389648438,1947,0.0,0.0,0.0
2025-03-12 00:00:00+02:00,133.89999389648438,135.89999389648438,134.14999389648438,133.89999389648438,1352,0.0,0.0,0.0
2025-03-13 00:00:00+02:00,133.89999389648438,133.89999389648438,133.89999389648438,133.89999389648438,0,0.0,0.0,0.0
