Date,Open,High,Low,Close,Volume,Dividends,Stock Splits,Capital Gains
2021-01-03 00:00:00+02:00,2.125,2.25,2.1649999618530273,2.125,19998,0.0,0.0,0.0
2021-01-04 00:00:00+02:00,2.125,2.248332977294922,2.0683329105377197,2.125,15000,0.0,0.0,0.0
2021-01-05 00:00:00+02:00,2.125,2.163332939147949,2.163332939147949,2.125,24,0.0,0.0,0.0
2021-01-06 00:00:00+02:00,2.125,2.125,2.0666658878326416,2.0933330059051514,67476,0.0,0.0,0.0
2021-01-10 00:00:00+02:00,2.0933330059051514,2.0683329105377197,2.0,2.036665916442871,85770,0.0,0.0,0.0
2021-01-11 00:00:00+02:00,2.036665916442871,2.041666030883789,1.9416660070419312,2.0,92208,0.0,0.0,0.0
2021-01-12 00:00:00+02:00,2.0,2.0,1.9983329772949219,2.0,57450,0.0,0.0,0.0
2021-01-13 00:00:00+02:00,2.0,2.0,1.934999942779541,2.0,13380,0.0,0.0,0.0
2021-01-14 00:00:00+02:00,2.0,1.9583330154418945,1.9333330392837524,2.0,21042,0.0,0.0,0.0
2021-01-17 00:00:00+02:00,2.0,1.9500000476837158,1.9183330535888672,2.0,12726,0.0,0.0,0.0
2021-01-18 00:00:00+02:00,2.0,2.0,1.9183330535888672,2.0,24966,0.0,0.0,0.0
2021-01-19 00:00:00+02:00,2.0,2.1649999618530273,2.0,2.0,45696,0.0,0.0,0.0
2021-01-20 00:00:00+02:00,2.0,2.115000009536743,2.0,2.0450000762939453,104400,0.0,0.0,0.0
2021-01-21 00:00:00+02:00,2.0450000762939453,2.055000066757202,2.049999952316284,2.0450000762939453,27300,0.0,0.0,0.0
2021-01-24 00:00:00+02:00,2.0450000762939453,2.248332977294922,2.1416659355163574,2.2183330059051514,322926,0.0,0.0,0.0
2021-01-25 00:00:00+02:00,2.2183330059051514,2.2183330059051514,2.2183330059051514,2.2183330059051514,0,0.0,0.0,0.0
2021-01-26 00:00:00+02:00,2.2233328819274902,2.363332986831665,2.233333110809326,2.2816660404205322,159702,0.0,0.0,0.0
2021-01-27 00:00:00+02:00,2.2816660404205322,2.3966660499572754,2.2616660594940186,2.3233330249786377,166302,0.0,0.0,0.0
2021-01-31 00:00:00+02:00,2.3233330249786377,2.555000066757202,2.3333330154418945,2.490000009536743,354048,0.0,0.0,0.0
2021-02-01 00:00:00+02:00,2.490000009536743,2.738332986831665,2.5816659927368164,2.7100000381469727,599250,0.0,0.0,0.0
2021-02-02 00:00:00+02:00,2.7100000381469727,2.981666088104248,2.683332920074463,2.8299999237060547,449016,0.0,0.0,0.0
2021-02-03 00:00:00+02:00,2.8299999237060547,2.798332929611206,2.5999999046325684,2.8299999237060547,28710,0.0,0.0,0.0
2021-02-04 00:00:00+02:00,2.8299999237060547,3.111665964126587,2.6050000190734863,2.9516661167144775,898344,0.0,0.0,0.0
2021-02-07 00:00:00+02:00,2.9516661167144775,3.2466659545898438,3.233333110809326,3.2466659545898438,756030,0.0,0.0,0.0
2021-02-08 00:00:00+02:00,3.2466659545898438,3.558332920074463,2.924999952316284,3.166666030883789,649950,0.0,0.0,0.0
2021-02-09 00:00:00+02:00,3.166666030883789,3.483333110809326,2.868333101272583,3.315000057220459,998892,0.0,0.0,0.0
2021-02-10 00:00:00+02:00,3.315000057220459,3.6449999809265137,3.4666659832000732,3.606666088104248,1261620,0.0,0.0,0.0
2021-02-11 00:00:00+02:00,3.606666088104248,3.7149999141693115,3.2666659355163574,3.491666078567505,466584,0.0,0.0,0.0
2021-02-14 00:00:00+02:00,3.491666078567505,3.6649999618530273,3.3333330154418945,3.4966659545898438,604542,0.0,0.0,0.0
2021-02-15 00:00:00+02:00,3.4966659545898438,3.483333110809326,3.166666030883789,3.3216660022735596,276060,0.0,0.0,0.0
2021-02-16 00:00:00+02:00,3.3216660022735596,3.6316659450531006,3.171665906906128,3.483333110809326,593424,0.0,0.0,0.0
2021-02-17 00:00:00+02:00,3.483333110809326,3.748332977294922,3.3316659927368164,3.4366660118103027,826872,0.0,0.0,0.0
2021-02-18 00:00:00+02:00,3.4366660118103027,3.366666078567505,3.166666030883789,3.236665964126587,180582,0.0,0.0,0.0
2021-02-21 00:00:00+02:00,3.236665964126587,3.549999952316284,3.3416659832000732,3.423332929611206,505452,0.0,0.0,0.0
2021-02-22 00:00:00+02:00,3.423332929611206,3.5816659927368164,3.2833330631256104,3.424999952316284,415218,0.0,0.0,0.0
2021-02-23 00:00:00+02:00,3.424999952316284,3.7666659355163574,3.4200000762939453,3.6500000953674316,1247352,0.0,0.0,0.0
2021-02-24 00:00:00+02:00,3.6500000953674316,4.0,3.616666078567505,3.859999895095825,759762,0.0,0.0,0.0
2021-02-25 00:00:00+02:00,3.859999895095825,4.166666030883789,3.875,4.0233330726623535,677946,0.0,0.0,0.0
2021-02-28 00:00:00+02:00,4.0233330726623535,4.308332920074463,3.7833330631256104,4.118332862854004,382692,0.0,0.0,0.0
2021-03-01 00:00:00+02:00,4.118332862854004,4.324999809265137,3.8333330154418945,4.081665992736816,683394,0.0,0.0,0.0
2021-03-02 00:00:00+02:00,4.081665992736816,4.266665935516357,3.9200000762939453,4.034999847412109,996894,0.0,0.0,0.0
2021-03-03 00:00:00+02:00,4.034999847412109,4.0,3.6316659450531006,3.755000114440918,728892,0.0,0.0,0.0
2021-03-04 00:00:00+02:00,3.755000114440918,3.755000114440918,3.755000114440918,3.755000114440918,0,0.0,0.0,0.0
2021-03-07 00:00:00+02:00,3.9149999618530273,4.150000095367432,3.6483330726623535,3.990000009536743,398844,0.0,0.0,0.0
2021-03-08 00:00:00+02:00,3.990000009536743,4.349999904632568,3.8333330154418945,4.0233330726623535,901680,0.0,0.0,0.0
2021-03-09 00:00:00+02:00,4.0233330726623535,4.316666126251221,4.025000095367432,4.171666145324707,1174860,0.0,0.0,0.0
2021-03-10 00:00:00+02:00,4.171666145324707,4.239999771118164,4.026666164398193,4.146666049957275,450414,0.0,0.0,0.0
2021-03-11 00:00:00+02:00,4.146666049957275,4.416666030883789,4.166666030883789,4.316666126251221,823458,0.0,0.0,0.0
2021-03-14 00:00:00+02:00,4.316666126251221,4.633333206176758,4.166666030883789,4.328332901000977,955182,0.0,0.0,0.0
2021-03-15 00:00:00+02:00,4.328332901000977,4.361666202545166,3.8966660499572754,3.981666088104248,770322,0.0,0.0,0.0
2021-03-16 00:00:00+02:00,3.981666088104248,3.990000009536743,3.5999999046325684,3.765000104904175,862326,0.0,0.0,0.0
2021-03-17 00:00:00+02:00,3.765000104904175,4.0833330154418945,3.846666097640991,3.9433329105377197,466692,0.0,0.0,0.0
2021-03-18 00:00:00+02:00,3.9433329105377197,4.241665840148926,3.7750000953674316,4.059999942779541,665760,0.0,0.0,0.0
2021-03-21 00:00:00+02:00,4.059999942779541,4.315000057220459,3.7950000762939453,3.9666659832000732,532980,0.0,0.0,0.0
2021-03-22 00:00:00+02:00,3.9666659832000732,4.065000057220459,3.791666030883789,3.9000000953674316,650994,0.0,0.0,0.0
2021-03-23 00:00:00+02:00,3.9000000953674316,3.9666659832000732,3.5950000286102295,3.7466659545898438,742518,0.0,0.0,0.0
2021-03-24 00:00:00+02:00,3.7466659545898438,3.8333330154418945,3.384999990463257,3.5666658878326416,215646,0.0,0.0,0.0
2021-03-25 00:00:00+02:00,3.5666658878326416,3.666666030883789,3.438333034515381,3.555000066757202,125682,0.0,0.0,0.0
2021-03-28 00:00:00+02:00,3.555000066757202,3.8216660022735596,3.575000047683716,3.6966660022735596,222042,0.0,0.0,0.0
2021-03-29 00:00:00+02:00,3.6966660022735596,3.9000000953674316,3.616666078567505,3.7666659355163574,275430,0.0,0.0,0.0
2021-03-30 00:00:00+02:00,3.7666659355163574,3.924999952316284,3.668333053588867,3.819999933242798,425952,0.0,0.0,0.0
2021-03-31 00:00:00+02:00,3.819999933242798,3.873332977294922,3.6383330821990967,3.743333101272583,290010,0.0,0.0,0.0
2021-04-01 00:00:00+02:00,3.743333101272583,3.911665916442871,3.805000066757202,3.846666097640991,370038,0.0,0.0,0.0
2021-04-04 00:00:00+02:00,3.846666097640991,4.230000019073486,3.8333330154418945,3.9700000286102295,537462,0.0,0.0,0.0
2021-04-05 00:00:00+02:00,3.9700000286102295,4.001666069030762,3.7083330154418945,3.85166597366333,164508,0.0,0.0,0.0
2021-04-06 00:00:00+02:00,3.85166597366333,3.950000047683716,3.666666030883789,3.8166658878326416,205296,0.0,0.0,0.0
2021-04-07 00:00:00+02:00,3.8166658878326416,3.983333110809326,3.7100000381469727,3.7833330631256104,95712,0.0,0.0,0.0
2021-04-08 00:00:00+02:00,3.7833330631256104,4.0833330154418945,3.866666078567505,3.9633328914642334,488814,0.0,0.0,0.0
2021-04-11 00:00:00+02:00,3.9633328914642334,4.25,4.041666030883789,4.144999980926514,788004,0.0,0.0,0.0
2021-04-12 00:00:00+02:00,4.144999980926514,4.316666126251221,4.138332843780518,4.22333288192749,470994,0.0,0.0,0.0
2021-04-13 00:00:00+02:00,4.22333288192749,4.0833330154418945,4.0,4.014999866485596,160350,0.0,0.0,0.0
2021-04-14 00:00:00+02:00,4.014999866485596,4.079999923706055,3.7699999809265137,3.8933329582214355,249168,0.0,0.0,0.0
2021-04-15 00:00:00+02:00,3.8933329582214355,3.916666030883789,3.666666030883789,3.7699999809265137,99774,0.0,0.0,0.0
2021-04-18 00:00:00+02:00,3.7699999809265137,3.75,3.666666030883789,3.6866660118103027,118536,0.0,0.0,0.0
2021-04-19 00:00:00+02:00,3.6866660118103027,3.9000000953674316,3.666666030883789,3.788332939147949,325110,0.0,0.0,0.0
2021-04-20 00:00:00+02:00,3.788332939147949,4.0,3.8333330154418945,3.9100000858306885,207120,0.0,0.0,0.0
2021-04-21 00:00:00+02:00,3.9100000858306885,3.994999885559082,3.791666030883789,3.8916659355163574,119916,0.0,0.0,0.0
2021-04-22 00:00:00+02:00,3.8916659355163574,4.050000190734863,3.7833330631256104,3.924999952316284,518586,0.0,0.0,0.0
2021-04-25 00:00:00+02:00,3.924999952316284,4.163332939147949,3.8766660690307617,4.050000190734863,568266,0.0,0.0,0.0
2021-04-26 00:00:00+02:00,4.050000190734863,4.454999923706055,4.021666049957275,4.340000152587891,1355448,0.0,0.0,0.0
2021-04-27 00:00:00+02:00,4.340000152587891,4.5833330154418945,4.40500020980835,4.493332862854004,197922,0.0,0.0,0.0
2021-04-28 00:00:00+02:00,4.493332862854004,4.828332901000977,4.426665782928467,4.664999961853027,810408,0.0,0.0,0.0
2021-05-04 00:00:00+02:00,4.664999961853027,4.97333288192749,4.666666030883789,4.836666107177734,461634,0.0,0.0,0.0
2021-05-05 00:00:00+02:00,4.836666107177734,5.25,4.908332824707031,5.0883331298828125,858696,0.0,0.0,0.0
2021-05-06 00:00:00+02:00,5.0883331298828125,5.5,5.158332824707031,5.306665897369385,896400,0.0,0.0,0.0
2021-05-09 00:00:00+02:00,5.306665897369385,5.449999809265137,5.166666030883789,5.293333053588867,1158456,0.0,0.0,0.0
2021-05-10 00:00:00+02:00,5.293333053588867,5.416666030883789,5.0833330154418945,5.263332843780518,333180,0.0,0.0,0.0
2021-05-11 00:00:00+02:00,5.263332843780518,5.300000190734863,5.0,5.125,630000,0.0,0.0,0.0
2021-05-17 00:00:00+02:00,5.125,5.6366658210754395,5.329999923706055,5.568333148956299,1685826,0.0,0.0,0.0
2021-05-18 00:00:00+02:00,5.568333148956299,6.125,5.621665954589844,6.014999866485596,2042346,0.0,0.0,0.0
2021-05-19 00:00:00+02:00,6.014999866485596,6.449999809265137,6.0,6.203332901000977,822204,0.0,0.0,0.0
2021-05-20 00:00:00+02:00,6.203332901000977,6.8216657638549805,6.0,6.541666030883789,1111212,0.0,0.0,0.0
2021-05-23 00:00:00+02:00,6.541666030883789,6.816666126251221,6.371665954589844,6.581665992736816,832746,0.0,0.0,0.0
2021-05-24 00:00:00+02:00,6.581665992736816,6.744999885559082,6.276666164398193,6.466666221618652,965988,0.0,0.0,0.0
2021-05-25 00:00:00+02:00,6.466666221618652,6.5,6.0833330154418945,6.320000171661377,494556,0.0,0.0,0.0
2021-05-26 00:00:00+02:00,6.320000171661377,6.941666126251221,6.5833330154418945,6.741665840148926,699396,0.0,0.0,0.0
2021-05-27 00:00:00+02:00,6.741665840148926,7.158332824707031,6.7083330154418945,6.861666202545166,442620,0.0,0.0,0.0
2021-05-30 00:00:00+02:00,6.861666202545166,7.058332920074463,6.666666030883789,6.7683329582214355,542694,0.0,0.0,0.0
2021-05-31 00:00:00+02:00,6.7683329582214355,7.329999923706055,6.5833330154418945,6.909999847412109,829944,0.0,0.0,0.0
2021-06-01 00:00:00+02:00,6.909999847412109,7.063333034515381,6.766665935516357,6.989999771118164,1008360,0.0,0.0,0.0
2021-06-02 00:00:00+02:00,6.989999771118164,7.1483330726623535,6.383333206176758,6.784999847412109,488250,0.0,0.0,0.0
2021-06-03 00:00:00+02:00,6.784999847412109,6.731666088104248,6.166666030883789,6.508333206176758,232356,0.0,0.0,0.0
2021-06-06 00:00:00+02:00,6.508333206176758,6.5,5.866665840148926,6.114999771118164,448512,0.0,0.0,0.0
2021-06-07 00:00:00+02:00,6.114999771118164,6.416666030883789,6.0,6.224999904632568,773964,0.0,0.0,0.0
2021-06-08 00:00:00+02:00,6.224999904632568,6.565000057220459,6.168333053588867,6.371665954589844,283818,0.0,0.0,0.0
2021-06-09 00:00:00+02:00,6.371665954589844,6.616665840148926,6.168333053588867,6.300000190734863,98934,0.0,0.0,0.0
2021-06-10 00:00:00+02:00,6.300000190734863,6.3333330154418945,5.891665935516357,6.068333148956299,127932,0.0,0.0,0.0
2021-06-13 00:00:00+02:00,6.068333148956299,6.001666069030762,5.50333309173584,5.813333034515381,98166,0.0,0.0,0.0
2021-06-14 00:00:00+02:00,5.813333034515381,6.3933329582214355,5.233333110809326,6.105000019073486,218118,0.0,0.0,0.0
2021-06-15 00:00:00+02:00,6.105000019073486,6.596665859222412,5.5,5.914999961853027,352950,0.0,0.0,0.0
2021-06-16 00:00:00+02:00,5.914999961853027,6.505000114440918,5.961666107177734,6.3333330154418945,97512,0.0,0.0,0.0
2021-06-17 00:00:00+02:00,6.3333330154418945,6.966666221618652,6.291666030883789,6.800000190734863,397362,0.0,0.0,0.0
2021-06-20 00:00:00+02:00,6.800000190734863,7.150000095367432,6.8333330154418945,6.9633331298828125,45648,0.0,0.0,0.0
2021-06-21 00:00:00+02:00,6.9633331298828125,7.231666088104248,6.741665840148926,7.125,118782,0.0,0.0,0.0
2021-06-22 00:00:00+02:00,7.125,7.75,6.775000095367432,7.425000190734863,374952,0.0,0.0,0.0
2021-06-23 00:00:00+02:00,7.425000190734863,7.650000095367432,7.2683329582214355,7.491665840148926,273396,0.0,0.0,0.0
2021-06-24 00:00:00+02:00,7.491665840148926,7.998332977294922,7.216666221618652,7.59499979019165,831210,0.0,0.0,0.0
2021-06-27 00:00:00+02:00,7.59499979019165,7.63166618347168,7.166666030883789,7.364999771118164,91926,0.0,0.0,0.0
2021-06-28 00:00:00+02:00,7.364999771118164,7.25,7.0,7.096665859222412,249984,0.0,0.0,0.0
2021-06-29 00:00:00+02:00,7.096665859222412,7.300000190734863,6.983333110809326,7.15500020980835,75054,0.0,0.0,0.0
2021-06-30 00:00:00+02:00,7.15500020980835,7.335000038146973,6.501666069030762,6.9583330154418945,175320,0.0,0.0,0.0
2021-07-04 00:00:00+02:00,6.9583330154418945,6.8333330154418945,6.541666030883789,6.675000190734863,200844,0.0,0.0,0.0
2021-07-05 00:00:00+02:00,6.675000190734863,6.666666030883789,6.016665935516357,6.340000152587891,230886,0.0,0.0,0.0
2021-07-06 00:00:00+02:00,6.340000152587891,6.748332977294922,6.0,6.46999979019165,343188,0.0,0.0,0.0
2021-07-07 00:00:00+02:00,6.46999979019165,7.116665840148926,6.5,6.956665992736816,602886,0.0,0.0,0.0
2021-07-08 00:00:00+02:00,6.956665992736816,7.413332939147949,6.983333110809326,7.141665935516357,226572,0.0,0.0,0.0
2021-07-11 00:00:00+02:00,7.141665935516357,7.326665878295898,6.8333330154418945,7.031665802001953,451854,0.0,0.0,0.0
2021-07-12 00:00:00+02:00,7.031665802001953,7.246665954589844,6.541666030883789,6.731666088104248,487776,0.0,0.0,0.0
2021-07-13 00:00:00+02:00,6.731666088104248,7.298333168029785,6.716666221618652,7.074999809265137,417552,0.0,0.0,0.0
2021-07-14 00:00:00+02:00,7.074999809265137,7.248332977294922,6.688333034515381,6.856666088104248,277404,0.0,0.0,0.0
2021-07-15 00:00:00+02:00,6.856666088104248,7.248332977294922,6.681665897369385,7.016665935516357,266196,0.0,0.0,0.0
2021-07-18 00:00:00+02:00,7.016665935516357,7.073332786560059,6.681665897369385,6.798333168029785,100866,0.0,0.0,0.0
2021-07-25 00:00:00+02:00,6.798333168029785,7.400000095367432,6.75,7.230000019073486,298236,0.0,0.0,0.0
2021-07-26 00:00:00+02:00,7.230000019073486,7.952000141143799,7.0,7.670000076293945,139365,0.0,1.2,0.0
2021-07-27 00:00:00+02:00,7.670000076293945,7.7779998779296875,7.007999897003174,7.374000072479248,248270,0.0,0.0,0.0
2021-07-28 00:00:00+02:00,7.374000072479248,7.199999809265137,6.639999866485596,6.875999927520752,330585,0.0,0.0,0.0
2021-07-29 00:00:00+02:00,6.875999927520752,7.093999862670898,6.400000095367432,6.734000205993652,448905,0.0,0.0,0.0
2021-08-01 00:00:00+02:00,6.734000205993652,7.406000137329102,6.599999904632568,7.28000020980835,1307455,0.0,0.0,0.0
2021-08-02 00:00:00+02:00,7.28000020980835,7.679999828338623,6.739999771118164,7.021999835968018,1383055,0.0,0.0,0.0
2021-08-03 00:00:00+02:00,7.021999835968018,7.099999904632568,6.53000020980835,6.802000045776367,485130,0.0,0.0,0.0
2021-08-04 00:00:00+02:00,6.802000045776367,7.400000095367432,6.800000190734863,7.208000183105469,632600,0.0,0.0,0.0
2021-08-05 00:00:00+02:00,7.208000183105469,7.857999801635742,7.389999866485596,7.644000053405762,436345,0.0,0.0,0.0
2021-08-08 00:00:00+02:00,7.644000053405762,7.644000053405762,7.644000053405762,7.644000053405762,0,0.0,0.0,0.0
2021-08-09 00:00:00+02:00,7.644000053405762,7.644000053405762,7.644000053405762,7.644000053405762,0,0.0,0.0,0.0
2021-08-10 00:00:00+02:00,7.929999828338623,8.399999618530273,8.0,8.184000015258789,413150,0.0,0.0,0.0
2021-08-11 00:00:00+02:00,8.184000015258789,9.0,8.437999725341797,8.815999984741211,531060,0.0,0.0,0.0
2021-08-15 00:00:00+02:00,8.815999984741211,8.989999771118164,8.3100004196167,8.699999809265137,131920,0.0,0.0,0.0
2021-08-16 00:00:00+02:00,8.699999809265137,9.0,7.829999923706055,8.100000381469727,143140,0.0,0.0,0.0
2021-08-17 00:00:00+02:00,8.100000381469727,7.289999961853027,7.289999961853027,7.289999961853027,13850,0.0,0.0,0.0
2021-08-18 00:00:00+02:00,7.289999961853027,7.5960001945495605,6.561999797821045,6.77400016784668,996380,0.0,0.0,0.0
2021-08-19 00:00:00+02:00,6.77400016784668,7.449999809265137,7.210000038146973,7.429999828338623,479205,0.0,0.0,0.0
2021-08-22 00:00:00+02:00,7.429999828338623,8.116000175476074,7.449999809265137,7.826000213623047,385785,0.0,0.0,0.0
2021-08-23 00:00:00+02:00,7.826000213623047,8.17199993133545,7.546000003814697,7.745999813079834,187110,0.0,0.0,0.0
2021-08-24 00:00:00+02:00,7.745999813079834,7.650000095367432,7.211999893188477,7.4679999351501465,75290,0.0,0.0,0.0
2021-08-25 00:00:00+02:00,7.4679999351501465,7.599999904632568,7.234000205993652,7.432000160217285,90870,0.0,0.0,0.0
2021-08-26 00:00:00+02:00,7.432000160217285,7.75,7.199999809265137,7.317999839782715,169250,0.0,0.0,0.0
2021-08-29 00:00:00+02:00,7.317999839782715,7.849999904632568,7.461999893188477,7.625999927520752,167545,0.0,0.0,0.0
2021-08-30 00:00:00+02:00,7.625999927520752,7.441999912261963,7.199999809265137,7.372000217437744,45975,0.0,0.0,0.0
2021-08-31 00:00:00+02:00,7.372000217437744,7.400000095367432,7.389999866485596,7.400000095367432,82880,0.0,0.0,0.0
2021-09-01 00:00:00+02:00,7.400000095367432,8.140000343322754,7.400000095367432,8.062000274658203,517785,0.0,0.0,0.0
2021-09-02 00:00:00+02:00,8.062000274658203,8.800000190734863,7.822000026702881,8.59000015258789,338665,0.0,0.0,0.0
2021-09-05 00:00:00+02:00,8.59000015258789,9.0,8.359999656677246,8.482000350952148,208645,0.0,0.0,0.0
2021-09-06 00:00:00+02:00,8.482000350952148,10.0,7.800000190734863,8.406000137329102,524000,0.0,0.0,0.0
2021-09-07 00:00:00+02:00,8.406000137329102,9.380000114440918,8.0600004196167,9.079999923706055,127950,0.0,0.0,0.0
2021-09-08 00:00:00+02:00,9.079999923706055,8.800000190734863,8.600000381469727,8.70199966430664,38430,0.0,0.0,0.0
2021-09-09 00:00:00+02:00,8.70199966430664,8.550000190734863,7.920000076293945,8.458000183105469,69250,0.0,0.0,0.0
2021-09-12 00:00:00+02:00,8.458000183105469,9.800000190734863,8.520000457763672,9.357999801635742,469340,0.0,0.0,0.0
2021-09-13 00:00:00+02:00,9.357999801635742,10.079999923706055,9.307999610900879,9.960000038146973,293955,0.0,0.0,0.0
2021-09-14 00:00:00+02:00,9.960000038146973,10.39799976348877,9.600000381469727,9.600000381469727,596695,0.0,0.0,0.0
2021-09-15 00:00:00+02:00,9.600000381469727,9.649999618530273,7.679999828338623,7.684000015258789,1545615,0.0,0.0,0.0
2021-09-16 00:00:00+02:00,7.684000015258789,7.900000095367432,7.00600004196167,7.723999977111816,313650,0.0,0.0,0.0
2021-09-19 00:00:00+02:00,7.723999977111816,8.180000305175781,7.400000095367432,7.765999794006348,147915,0.0,0.0,0.0
2021-09-20 00:00:00+02:00,7.765999794006348,7.593999862670898,7.03000020980835,7.349999904632568,153480,0.0,0.0,0.0
2021-09-21 00:00:00+02:00,7.349999904632568,7.349999904632568,7.349999904632568,7.349999904632568,0,0.0,0.0,0.0
2021-09-22 00:00:00+02:00,7.676000118255615,7.989999771118164,7.421999931335449,7.894000053405762,84560,0.0,0.0,0.0
2021-09-23 00:00:00+02:00,7.894000053405762,7.980000019073486,7.599999904632568,7.877999782562256,118460,0.0,0.0,0.0
2021-09-26 00:00:00+02:00,7.877999782562256,7.900000095367432,7.570000171661377,7.690000057220459,188265,0.0,0.0,0.0
2021-09-27 00:00:00+02:00,7.690000057220459,7.800000190734863,7.300000190734863,7.625999927520752,171155,0.0,0.0,0.0
2021-09-28 00:00:00+02:00,7.625999927520752,7.631999969482422,7.251999855041504,7.578000068664551,43250,0.0,0.0,0.0
2021-09-29 00:00:00+02:00,7.578000068664551,7.980000019073486,7.4019999504089355,7.73799991607666,398535,0.0,0.0,0.0
2021-09-30 00:00:00+02:00,7.73799991607666,7.796000003814697,7.484000205993652,7.73799991607666,12000,0.0,0.0,0.0
2021-10-03 00:00:00+02:00,7.73799991607666,7.909999847412109,7.489999771118164,7.73799991607666,6525,0.0,0.0,0.0
2021-10-04 00:00:00+02:00,7.73799991607666,7.73799991607666,7.73799991607666,7.73799991607666,0,0.0,0.0,0.0
2021-10-05 00:00:00+02:00,7.73799991607666,7.73799991607666,7.070000171661377,7.73799991607666,18920,0.0,0.0,0.0
2021-10-06 00:00:00+02:00,7.73799991607666,7.877999782562256,7.265999794006348,7.748000144958496,59635,0.0,0.0,0.0
2021-10-10 00:00:00+02:00,7.748000144958496,7.434000015258789,7.004000186920166,7.748000144958496,20200,0.0,0.0,0.0
2021-10-11 00:00:00+02:00,7.748000144958496,7.748000144958496,7.105999946594238,7.748000144958496,27300,0.0,0.0,0.0
2021-10-12 00:00:00+02:00,7.748000144958496,7.495999813079834,7.111999988555908,7.748000144958496,1005,0.0,0.0,0.0
2021-10-13 00:00:00+02:00,7.748000144958496,7.49399995803833,7.0,7.748000144958496,26510,0.0,0.0,0.0
2021-10-14 00:00:00+02:00,7.748000144958496,7.748000144958496,7.0,7.748000144958496,550,0.0,0.0,0.0
2021-10-17 00:00:00+02:00,7.748000144958496,7.748000144958496,7.748000144958496,7.748000144958496,0,0.0,0.0,0.0
2021-10-18 00:00:00+02:00,7.748000144958496,7.748000144958496,7.748000144958496,7.748000144958496,0,0.0,0.0,0.0
2021-10-19 00:00:00+02:00,7.748000144958496,6.739999771118164,6.199999809265137,6.199999809265137,210305,0.0,0.0,0.0
2021-10-20 00:00:00+02:00,6.199999809265137,7.389999866485596,4.960000038146973,4.978000164031982,911335,0.0,0.0,0.0
2021-10-24 00:00:00+02:00,4.978000164031982,5.800000190734863,4.980000019073486,5.665999889373779,505080,0.0,0.0,0.0
2021-10-25 00:00:00+02:00,5.665999889373779,6.004000186920166,5.510000228881836,5.926000118255615,436040,0.0,0.0,0.0
2021-10-26 00:00:00+02:00,5.926000118255615,6.300000190734863,4.742000102996826,4.742000102996826,588240,0.0,0.0,0.0
2021-10-27 00:00:00+02:00,4.742000102996826,3.9800000190734863,3.7939999103546143,3.7939999103546143,2802140,0.0,0.0,0.0
2021-10-28 00:00:00+02:00,3.7939999103546143,4.150000095367432,3.5999999046325684,3.9800000190734863,1838885,0.0,0.0,0.0
2021-10-31 00:00:00+02:00,3.9800000190734863,4.136000156402588,3.864000082015991,4.010000228881836,674305,0.0,0.0,0.0
2021-11-01 00:00:00+02:00,4.010000228881836,4.300000190734863,4.0,4.142000198364258,856435,0.0,0.0,0.0
2021-11-02 00:00:00+02:00,4.142000198364258,4.25,3.921999931335449,4.013999938964844,766880,0.0,0.0,0.0
2021-11-03 00:00:00+02:00,4.013999938964844,4.059999942779541,3.5999999046325684,3.640000104904175,758590,0.0,0.0,0.0
2021-11-04 00:00:00+02:00,3.640000104904175,3.700000047683716,3.259999990463257,3.624000072479248,549535,0.0,0.0,0.0
2021-11-07 00:00:00+02:00,3.624000072479248,3.624000072479248,3.624000072479248,3.624000072479248,0,0.0,0.0,0.0
2021-11-08 00:00:00+02:00,3.624000072479248,3.624000072479248,3.624000072479248,3.624000072479248,0,0.0,0.0,0.0
2021-11-09 00:00:00+02:00,3.624000072479248,3.624000072479248,3.624000072479248,3.624000072479248,0,0.0,0.0,0.0
2021-11-10 00:00:00+02:00,3.7300000190734863,3.76200008392334,3.444000005722046,3.5959999561309814,393585,0.0,0.0,0.0
2021-11-11 00:00:00+02:00,3.5959999561309814,3.937999963760376,3.5959999561309814,3.805999994277954,83000,0.0,0.0,0.0
2021-11-14 00:00:00+02:00,3.805999994277954,3.9200000762939453,3.746000051498413,3.828000068664551,271040,0.0,0.0,0.0
2021-11-15 00:00:00+02:00,3.828000068664551,3.828000068664551,3.3239998817443848,3.686000108718872,482335,0.0,0.0,0.0
2021-11-16 00:00:00+02:00,3.686000108718872,3.694000005722046,3.3499999046325684,3.4739999771118164,433940,0.0,0.0,0.0
2021-11-17 00:00:00+02:00,3.4739999771118164,3.4739999771118164,3.4739999771118164,3.4739999771118164,0,0.0,0.0,0.0
2021-11-18 00:00:00+02:00,3.4739999771118164,3.4739999771118164,3.4739999771118164,3.4739999771118164,0,0.0,0.0,0.0
2021-11-21 00:00:00+02:00,3.375999927520752,3.4779999256134033,3.3259999752044678,3.4019999504089355,196095,0.0,0.0,0.0
2021-11-22 00:00:00+02:00,3.4019999504089355,3.4019999504089355,3.4019999504089355,3.4019999504089355,0,0.0,0.0,0.0
2021-11-23 00:00:00+02:00,3.4019999504089355,3.4019999504089355,3.4019999504089355,3.4019999504089355,0,0.0,0.0,0.0
2021-11-24 00:00:00+02:00,3.7339999675750732,3.799999952316284,3.5420000553131104,3.563999891281128,416935,0.0,0.0,0.0
2021-11-25 00:00:00+02:00,3.563999891281128,3.8580000400543213,3.624000072479248,3.7860000133514404,232825,0.0,0.0,0.0
2021-11-28 00:00:00+02:00,3.7860000133514404,3.7860000133514404,3.7860000133514404,3.7860000133514404,0,0.0,0.0,0.0
2021-11-29 00:00:00+02:00,3.609999895095825,4.073999881744385,3.5999999046325684,3.8399999141693115,877185,0.0,0.0,0.0
2021-11-30 00:00:00+02:00,3.8399999141693115,3.9779999256134033,3.799999952316284,3.885999917984009,730090,0.0,0.0,0.0
2021-12-01 00:00:00+02:00,3.885999917984009,3.885999917984009,3.885999917984009,3.885999917984009,0,0.0,0.0,0.0
2021-12-02 00:00:00+02:00,4.4019999504089355,4.599999904632568,4.00600004196167,4.193999767303467,490360,0.0,0.0,0.0
2021-12-05 00:00:00+02:00,4.193999767303467,4.392000198364258,4.203999996185303,4.223999977111816,196020,0.0,0.0,0.0
2021-12-06 00:00:00+02:00,4.223999977111816,4.48799991607666,3.885999917984009,4.02400016784668,516145,0.0,0.0,0.0
2021-12-07 00:00:00+02:00,4.02400016784668,3.950000047683716,3.812000036239624,3.8399999141693115,290970,0.0,0.0,0.0
2021-12-08 00:00:00+02:00,3.8399999141693115,3.805999994277954,3.4260001182556152,3.5799999237060547,363000,0.0,0.0,0.0
2021-12-09 00:00:00+02:00,3.5799999237060547,3.7360000610351562,3.5,3.6500000953674316,192765,0.0,0.0,0.0
2021-12-12 00:00:00+02:00,3.6500000953674316,3.869999885559082,3.6040000915527344,3.6619999408721924,193675,0.0,0.0,0.0
2021-12-13 00:00:00+02:00,3.6619999408721924,3.757999897003174,3.4600000381469727,3.4820001125335693,577980,0.0,0.0,0.0
2021-12-14 00:00:00+02:00,3.4820001125335693,3.747999906539917,3.5360000133514404,3.5859999656677246,452605,0.0,0.0,0.0
2021-12-15 00:00:00+02:00,3.5859999656677246,3.7260000705718994,3.563999891281128,3.5880000591278076,307060,0.0,0.0,0.0
2021-12-16 00:00:00+02:00,3.5880000591278076,3.6600000858306885,3.5360000133514404,3.5759999752044678,164880,0.0,0.0,0.0
2021-12-19 00:00:00+02:00,3.5759999752044678,3.630000114440918,3.559999942779541,3.5859999656677246,126850,0.0,0.0,0.0
2021-12-20 00:00:00+02:00,3.5859999656677246,3.5859999656677246,3.5859999656677246,3.5859999656677246,0,0.0,0.0,0.0
2021-12-21 00:00:00+02:00,3.4839999675750732,3.559999942779541,3.4660000801086426,3.4839999675750732,56000,0.0,0.0,0.0
2021-12-22 00:00:00+02:00,3.4839999675750732,3.700000047683716,3.563999891281128,3.5999999046325684,333635,0.0,0.0,0.0
2021-12-23 00:00:00+02:00,3.5999999046325684,3.9639999866485596,3.5840001106262207,3.9260001182556152,864035,0.0,0.0,0.0
2021-12-26 00:00:00+02:00,3.9260001182556152,4.1479997634887695,3.9019999504089355,3.927999973297119,376865,0.0,0.0,0.0
2021-12-27 00:00:00+02:00,3.927999973297119,3.9579999446868896,3.7100000381469727,3.7320001125335693,197145,0.0,0.0,0.0
2021-12-28 00:00:00+02:00,3.7320001125335693,3.8959999084472656,3.5999999046325684,3.6480000019073486,197615,0.0,0.0,0.0
2021-12-29 00:00:00+02:00,3.6480000019073486,3.803999900817871,3.630000114440918,3.700000047683716,183850,0.0,0.0,0.0
2021-12-30 00:00:00+02:00,3.700000047683716,3.8959999084472656,3.7320001125335693,3.7799999713897705,252350,0.0,0.0,0.0
2022-01-02 00:00:00+02:00,3.7799999713897705,3.927999973297119,3.799999952316284,3.809999942779541,180755,0.0,0.0,0.0
2022-01-03 00:00:00+02:00,3.809999942779541,3.937999963760376,3.7980000972747803,3.803999900817871,239275,0.0,0.0,0.0
2022-01-04 00:00:00+02:00,3.803999900817871,3.8959999084472656,3.799999952316284,3.8259999752044678,302610,0.0,0.0,0.0
2022-01-05 00:00:00+02:00,3.8259999752044678,3.869999885559082,3.7860000133514404,3.799999952316284,276350,0.0,0.0,0.0
2022-01-09 00:00:00+02:00,3.799999952316284,3.799999952316284,3.799999952316284,3.799999952316284,0,0.0,0.0,0.0
2022-01-10 00:00:00+02:00,3.799999952316284,3.8440001010894775,3.7019999027252197,3.740000009536743,134995,0.0,0.0,0.0
2022-01-11 00:00:00+02:00,3.740000009536743,3.864000082015991,3.6519999504089355,3.687999963760376,162580,0.0,0.0,0.0
2022-01-12 00:00:00+02:00,3.687999963760376,3.7780001163482666,3.619999885559082,3.6459999084472656,130865,0.0,0.0,0.0
2022-01-13 00:00:00+02:00,3.6459999084472656,3.681999921798706,3.5859999656677246,3.5999999046325684,103070,0.0,0.0,0.0
2022-01-16 00:00:00+02:00,3.5999999046325684,3.5999999046325684,3.4260001182556152,3.450000047683716,163920,0.0,0.0,0.0
2022-01-17 00:00:00+02:00,3.450000047683716,3.700000047683716,3.440000057220459,3.5999999046325684,400745,0.0,0.0,0.0
2022-01-18 00:00:00+02:00,3.5999999046325684,3.6700000762939453,3.609999895095825,3.634000062942505,180670,0.0,0.0,0.0
2022-01-19 00:00:00+02:00,3.634000062942505,3.7239999771118164,3.618000030517578,3.6760001182556152,136000,0.0,0.0,0.0
2022-01-20 00:00:00+02:00,3.6760001182556152,3.8959999084472656,3.625999927520752,3.7920000553131104,704025,0.0,0.0,0.0
2022-01-23 00:00:00+02:00,3.7920000553131104,3.802000045776367,3.700000047683716,3.7160000801086426,494025,0.0,0.0,0.0
2022-01-24 00:00:00+02:00,3.7160000801086426,3.75600004196167,3.5899999141693115,3.6419999599456787,329015,0.0,0.0,0.0
2022-01-25 00:00:00+02:00,3.6419999599456787,3.7300000190734863,3.609999895095825,3.611999988555908,266445,0.0,0.0,0.0
2022-01-26 00:00:00+02:00,3.611999988555908,3.6600000858306885,3.559999942779541,3.5799999237060547,298450,0.0,0.0,0.0
2022-01-30 00:00:00+02:00,3.5799999237060547,3.8559999465942383,3.6640000343322754,3.8299999237060547,1094895,0.0,0.0,0.0
2022-01-31 00:00:00+02:00,3.8299999237060547,3.996000051498413,3.799999952316284,3.9140000343322754,1227000,0.0,0.0,0.0
2022-02-01 00:00:00+02:00,3.9140000343322754,4.136000156402588,3.934000015258789,4.019999980926514,1051055,0.0,0.0,0.0
2022-02-02 00:00:00+02:00,4.019999980926514,4.110000133514404,3.947999954223633,3.9760000705718994,546710,0.0,0.0,0.0
2022-02-03 00:00:00+02:00,3.9760000705718994,4.058000087738037,3.9019999504089355,3.931999921798706,479375,0.0,0.0,0.0
2022-02-06 00:00:00+02:00,3.931999921798706,3.9800000190734863,3.861999988555908,3.865999937057495,439180,0.0,0.0,0.0
2022-02-07 00:00:00+02:00,3.865999937057495,3.878000020980835,3.759999990463257,3.7799999713897705,166450,0.0,0.0,0.0
2022-02-08 00:00:00+02:00,3.7799999713897705,3.759999990463257,3.7279999256134033,3.7799999713897705,67965,0.0,0.0,0.0
2022-02-09 00:00:00+02:00,3.7799999713897705,3.875999927520752,3.700000047683716,3.757999897003174,221260,0.0,0.0,0.0
2022-02-10 00:00:00+02:00,3.757999897003174,3.799999952316284,3.5999999046325684,3.618000030517578,287850,0.0,0.0,0.0
2022-02-13 00:00:00+02:00,3.618000030517578,3.671999931335449,3.2720000743865967,3.4079999923706055,352100,0.0,0.0,0.0
2022-02-14 00:00:00+02:00,3.4079999923706055,3.5179998874664307,3.2880001068115234,3.378000020980835,228010,0.0,0.0,0.0
2022-02-15 00:00:00+02:00,3.378000020980835,3.5880000591278076,3.4000000953674316,3.5,277455,0.0,0.0,0.0
2022-02-16 00:00:00+02:00,3.5,3.6600000858306885,3.4800000190734863,3.5859999656677246,413580,0.0,0.0,0.0
2022-02-17 00:00:00+02:00,3.5859999656677246,3.700000047683716,3.5799999237060547,3.6640000343322754,282725,0.0,0.0,0.0
2022-02-20 00:00:00+02:00,3.6640000343322754,3.680000066757202,3.5139999389648438,3.5399999618530273,358880,0.0,0.0,0.0
2022-02-21 00:00:00+02:00,3.5399999618530273,3.5999999046325684,3.490000009536743,3.5220000743865967,104110,0.0,0.0,0.0
2022-02-22 00:00:00+02:00,3.5220000743865967,3.5220000743865967,3.4000000953674316,3.5220000743865967,39010,0.0,0.0,0.0
2022-02-23 00:00:00+02:00,3.5220000743865967,3.5899999141693115,3.427999973297119,3.5820000171661377,101085,0.0,0.0,0.0
2022-02-24 00:00:00+02:00,3.5820000171661377,3.3940000534057617,3.0,3.0380001068115234,267370,0.0,0.0,0.0
2022-02-27 00:00:00+02:00,3.0380001068115234,3.3359999656677246,3.1619999408721924,3.2200000286102295,153410,0.0,0.0,0.0
2022-02-28 00:00:00+02:00,3.2200000286102295,3.200000047683716,3.111999988555908,3.2200000286102295,68690,0.0,0.0,0.0
2022-03-01 00:00:00+02:00,3.2200000286102295,3.319999933242798,3.2019999027252197,3.2160000801086426,165835,0.0,0.0,0.0
2022-03-02 00:00:00+02:00,3.2160000801086426,3.25,3.1600000858306885,3.2260000705718994,117365,0.0,0.0,0.0
2022-03-03 00:00:00+02:00,3.2260000705718994,3.2899999618530273,3.200000047683716,3.24399995803833,140505,0.0,0.0,0.0
2022-03-06 00:00:00+02:00,3.24399995803833,3.5999999046325684,3.200000047683716,3.563999891281128,622650,0.0,0.0,0.0
2022-03-07 00:00:00+02:00,3.563999891281128,3.5,3.3540000915527344,3.444000005722046,116845,0.0,0.0,0.0
2022-03-08 00:00:00+02:00,3.444000005722046,3.444000005722046,3.444000005722046,3.444000005722046,0,0.0,0.0,0.0
2022-03-09 00:00:00+02:00,3.388000011444092,3.5,3.380000114440918,3.388000011444092,60645,0.0,0.0,0.0
2022-03-10 00:00:00+02:00,3.388000011444092,3.4560000896453857,3.2860000133514404,3.388000011444092,30290,0.0,0.0,0.0
2022-03-13 00:00:00+02:00,3.388000011444092,3.49399995803833,3.2639999389648438,3.3259999752044678,243080,0.0,0.0,0.0
2022-03-14 00:00:00+02:00,3.3259999752044678,3.3420000076293945,3.3259999752044678,3.3420000076293945,108490,0.0,0.0,0.0
2022-03-15 00:00:00+02:00,3.3420000076293945,3.549999952316284,3.4000000953674316,3.50600004196167,310550,0.0,0.0,0.0
2022-03-16 00:00:00+02:00,3.50600004196167,3.7780001163482666,3.549999952316284,3.73799991607666,220845,0.0,0.0,0.0
2022-03-17 00:00:00+02:00,3.73799991607666,3.8480000495910645,3.740000009536743,3.799999952316284,302525,0.0,0.0,0.0
2022-03-20 00:00:00+02:00,3.799999952316284,3.8440001010894775,3.625999927520752,3.753999948501587,82055,0.0,0.0,0.0
2022-03-21 00:00:00+02:00,3.753999948501587,3.8299999237060547,3.6019999980926514,3.638000011444092,144485,0.0,0.0,0.0
2022-03-22 00:00:00+02:00,3.638000011444092,3.7799999713897705,3.5999999046325684,3.625999927520752,108275,0.0,0.0,0.0
2022-03-23 00:00:00+02:00,3.625999927520752,3.700000047683716,3.4000000953674316,3.490000009536743,171040,0.0,0.0,0.0
2022-03-24 00:00:00+02:00,3.490000009536743,3.640000104904175,3.5,3.490000009536743,31390,0.0,0.0,0.0
2022-03-27 00:00:00+02:00,3.490000009536743,3.5,3.374000072479248,3.490000009536743,59695,0.0,0.0,0.0
2022-03-28 00:00:00+02:00,3.490000009536743,3.440000057220459,3.319999933242798,3.490000009536743,20625,0.0,0.0,0.0
2022-03-29 00:00:00+02:00,3.490000009536743,3.490000009536743,3.3420000076293945,3.490000009536743,81325,0.0,0.0,0.0
2022-03-30 00:00:00+02:00,3.490000009536743,3.3940000534057617,3.3299999237060547,3.490000009536743,27895,0.0,0.0,0.0
2022-03-31 00:00:00+02:00,3.490000009536743,3.369999885559082,3.2720000743865967,3.490000009536743,24950,0.0,0.0,0.0
2022-04-03 00:00:00+02:00,3.490000009536743,3.4600000381469727,3.2139999866485596,3.490000009536743,270,0.0,0.0,0.0
2022-04-04 00:00:00+02:00,3.490000009536743,3.450000047683716,3.200000047683716,3.490000009536743,57015,0.0,0.0,0.0
2022-04-05 00:00:00+02:00,3.490000009536743,3.490000009536743,3.25600004196167,3.490000009536743,53075,0.0,0.0,0.0
2022-04-06 00:00:00+02:00,3.490000009536743,3.490000009536743,3.2160000801086426,3.490000009536743,86175,0.0,0.0,0.0
2022-04-07 00:00:00+02:00,3.490000009536743,3.490000009536743,3.1500000953674316,3.490000009536743,11325,0.0,0.0,0.0
2022-04-10 00:00:00+02:00,3.490000009536743,3.427999973297119,3.0,3.490000009536743,54375,0.0,0.0,0.0
2022-04-11 00:00:00+02:00,3.490000009536743,3.0999999046325684,2.940000057220459,2.9760000705718994,101345,0.0,0.0,0.0
2022-04-12 00:00:00+02:00,2.9760000705718994,3.0999999046325684,2.9019999504089355,3.0999999046325684,158955,0.0,0.0,0.0
2022-04-13 00:00:00+02:00,3.0999999046325684,3.200000047683716,3.0,3.0959999561309814,256955,0.0,0.0,0.0
2022-04-14 00:00:00+02:00,3.0959999561309814,3.0199999809265137,2.8380000591278076,3.0959999561309814,67305,0.0,0.0,0.0
2022-04-17 00:00:00+02:00,3.0959999561309814,3.0,2.802000045776367,3.0959999561309814,95605,0.0,0.0,0.0
2022-04-18 00:00:00+02:00,3.0959999561309814,2.9000000953674316,2.700000047683716,2.881999969482422,129775,0.0,0.0,0.0
2022-04-19 00:00:00+02:00,2.881999969482422,2.9800000190734863,2.871999979019165,2.8980000019073486,167175,0.0,0.0,0.0
2022-04-20 00:00:00+02:00,2.8980000019073486,3.0999999046325684,2.9800000190734863,3.0299999713897705,263970,0.0,0.0,0.0
2022-04-21 00:00:00+02:00,3.0299999713897705,3.3239998817443848,3.072000026702881,3.2679998874664307,525075,0.0,0.0,0.0
2022-04-26 00:00:00+02:00,3.2679998874664307,3.2880001068115234,3.0920000076293945,3.2679998874664307,73955,0.0,0.0,0.0
2022-04-27 00:00:00+02:00,3.2679998874664307,3.059999942779541,3.0339999198913574,3.2679998874664307,37500,0.0,0.0,0.0
2022-04-28 00:00:00+02:00,3.2679998874664307,3.1019999980926514,3.0,3.2679998874664307,87245,0.0,0.0,0.0
2022-05-08 00:00:00+02:00,3.2679998874664307,3.140000104904175,2.9639999866485596,3.0320000648498535,188830,0.0,0.0,0.0
2022-05-09 00:00:00+02:00,3.0320000648498535,3.119999885559082,3.0,3.00600004196167,193370,0.0,0.0,0.0
2022-05-10 00:00:00+02:00,3.00600004196167,3.0139999389648438,2.9539999961853027,2.9719998836517334,191315,0.0,0.0,0.0
2022-05-11 00:00:00+02:00,2.9719998836517334,3.0380001068115234,2.9800000190734863,3.002000093460083,125475,0.0,0.0,0.0
2022-05-12 00:00:00+02:00,3.002000093460083,3.002000093460083,2.921999931335449,3.002000093460083,58495,0.0,0.0,0.0
2022-05-15 00:00:00+02:00,3.002000093460083,3.002000093460083,2.9040000438690186,3.002000093460083,47370,0.0,0.0,0.0
2022-05-16 00:00:00+02:00,3.002000093460083,2.9000000953674316,2.819999933242798,2.8559999465942383,147590,0.0,0.0,0.0
2022-05-17 00:00:00+02:00,2.8559999465942383,2.940000057220459,2.8519999980926514,2.8919999599456787,158725,0.0,0.0,0.0
2022-05-18 00:00:00+02:00,2.8919999599456787,2.9560000896453857,2.8359999656677246,2.8919999599456787,103720,0.0,0.0,0.0
2022-05-19 00:00:00+02:00,2.8919999599456787,2.8919999599456787,2.76200008392334,2.8919999599456787,68860,0.0,0.0,0.0
2022-05-22 00:00:00+02:00,2.8919999599456787,2.950000047683716,2.8980000019073486,2.9019999504089355,205190,0.0,0.0,0.0
2022-05-23 00:00:00+02:00,2.9019999504089355,2.940000057220459,2.890000104904175,2.9019999504089355,79905,0.0,0.0,0.0
2022-05-24 00:00:00+02:00,2.9019999504089355,2.9019999504089355,2.9000000953674316,2.9019999504089355,46675,0.0,0.0,0.0
2022-05-25 00:00:00+02:00,2.9019999504089355,2.936000108718872,2.802000045776367,2.9019999504089355,103485,0.0,0.0,0.0
2022-05-26 00:00:00+02:00,2.9019999504089355,2.890000104904175,2.700000047683716,2.8380000591278076,146050,0.0,0.0,0.0
2022-05-29 00:00:00+02:00,2.8380000591278076,2.865999937057495,2.7200000286102295,2.7739999294281006,227195,0.0,0.0,0.0
2022-05-30 00:00:00+02:00,2.7739999294281006,2.8320000171661377,2.619999885559082,2.7100000381469727,296545,0.0,0.0,0.0
2022-05-31 00:00:00+02:00,2.7100000381469727,2.9000000953674316,2.7699999809265137,2.8459999561309814,148720,0.0,0.0,0.0
2022-06-01 00:00:00+02:00,2.8459999561309814,2.930000066757202,2.822000026702881,2.8340001106262207,139145,0.0,0.0,0.0
2022-06-02 00:00:00+02:00,2.8340001106262207,3.0339999198913574,2.880000114440918,2.890000104904175,134255,0.0,0.0,0.0
2022-06-05 00:00:00+02:00,2.890000104904175,2.890000104904175,2.890000104904175,2.890000104904175,0,0.0,0.0,0.0
2022-06-06 00:00:00+02:00,2.890000104904175,3.072000026702881,3.0199999809265137,2.890000104904175,45000,0.0,0.0,0.0
2022-06-07 00:00:00+02:00,2.890000104904175,3.0199999809265137,3.0,2.890000104904175,16000,0.0,0.0,0.0
2022-06-08 00:00:00+02:00,2.890000104904175,3.1540000438690186,3.049999952316284,3.134000062942505,124750,0.0,0.0,0.0
2022-06-09 00:00:00+02:00,3.134000062942505,3.190000057220459,3.055999994277954,3.134000062942505,24790,0.0,0.0,0.0
2022-06-12 00:00:00+02:00,3.134000062942505,3.1760001182556152,3.007999897003174,3.134000062942505,2550,0.0,0.0,0.0
2022-06-13 00:00:00+02:00,3.134000062942505,3.0999999046325684,2.9839999675750732,2.9839999675750732,177800,0.0,0.0,0.0
2022-06-14 00:00:00+02:00,2.9839999675750732,3.1059999465942383,3.0,3.0820000171661377,142500,0.0,0.0,0.0
2022-06-15 00:00:00+02:00,3.0820000171661377,3.2660000324249268,3.0999999046325684,3.2239999771118164,96900,0.0,0.0,0.0
2022-06-16 00:00:00+02:00,3.2239999771118164,3.259999990463257,3.200000047683716,3.200000047683716,134915,0.0,0.0,0.0
2022-06-19 00:00:00+02:00,3.200000047683716,3.200000047683716,3.009999990463257,3.0179998874664307,101875,0.0,0.0,0.0
2022-06-20 00:00:00+02:00,3.0179998874664307,3.0980000495910645,2.940000057220459,3.0820000171661377,131500,0.0,0.0,0.0
2022-06-21 00:00:00+02:00,3.0820000171661377,3.0980000495910645,3.009999990463257,3.0320000648498535,129000,0.0,0.0,0.0
2022-06-22 00:00:00+02:00,3.0320000648498535,3.0840001106262207,3.0,3.0320000648498535,73110,0.0,0.0,0.0
2022-06-23 00:00:00+02:00,3.0320000648498535,3.135999917984009,2.9000000953674316,3.0320000648498535,38075,0.0,0.0,0.0
2022-06-26 00:00:00+02:00,3.0320000648498535,3.200000047683716,3.1040000915527344,3.200000047683716,169425,0.0,0.0,0.0
2022-06-27 00:00:00+02:00,3.200000047683716,3.200000047683716,3.0999999046325684,3.186000108718872,103595,0.0,0.0,0.0
2022-06-28 00:00:00+02:00,3.186000108718872,3.2699999809265137,3.1600000858306885,3.2119998931884766,183100,0.0,0.0,0.0
2022-06-29 00:00:00+02:00,3.2119998931884766,3.2100000381469727,3.200000047683716,3.2119998931884766,24510,0.0,0.0,0.0
2022-07-03 00:00:00+02:00,3.2119998931884766,3.3380000591278076,3.200000047683716,3.2119998931884766,49255,0.0,0.0,0.0
2022-07-04 00:00:00+02:00,3.2119998931884766,3.440000057220459,3.240000009536743,3.364000082015991,125800,0.0,0.0,0.0
2022-07-05 00:00:00+02:00,3.364000082015991,3.549999952316284,3.299999952316284,3.364000082015991,25500,0.0,0.0,0.0
2022-07-06 00:00:00+02:00,3.364000082015991,3.4000000953674316,3.299999952316284,3.364000082015991,5510,0.0,0.0,0.0
2022-07-07 00:00:00+02:00,3.364000082015991,3.437999963760376,3.3980000019073486,3.364000082015991,13590,0.0,0.0,0.0
2022-07-17 00:00:00+02:00,3.364000082015991,3.680000066757202,3.4000000953674316,3.563999891281128,90275,0.0,0.0,0.0
2022-07-18 00:00:00+02:00,3.563999891281128,3.680000066757202,3.492000102996826,3.563999891281128,54550,0.0,0.0,0.0
2022-07-19 00:00:00+02:00,3.563999891281128,3.747999906539917,3.563999891281128,3.696000099182129,204465,0.0,0.0,0.0
2022-07-20 00:00:00+02:00,3.696000099182129,3.747999906539917,3.696000099182129,3.696000099182129,43350,0.0,0.0,0.0
2022-07-21 00:00:00+02:00,3.696000099182129,3.7939999103546143,3.700000047683716,3.696000099182129,29900,0.0,0.0,0.0
2022-07-24 00:00:00+02:00,3.696000099182129,3.696000099182129,3.696000099182129,3.696000099182129,0,0.0,0.0,0.0
2022-07-25 00:00:00+02:00,3.696000099182129,3.880000114440918,3.740000009536743,3.696000099182129,54110,0.0,0.0,0.0
2022-07-26 00:00:00+02:00,3.696000099182129,3.8940000534057617,3.799999952316284,3.871999979019165,156775,0.0,0.0,0.0
2022-07-27 00:00:00+02:00,3.871999979019165,3.9700000286102295,3.799999952316284,3.8299999237060547,103010,0.0,0.0,0.0
2022-07-28 00:00:00+02:00,3.8299999237060547,3.9000000953674316,3.799999952316284,3.865999937057495,97000,0.0,0.0,0.0
2022-07-31 00:00:00+02:00,3.865999937057495,4.0,3.890000104904175,3.865999937057495,51985,0.0,0.0,0.0
2022-08-01 00:00:00+02:00,3.865999937057495,3.9779999256134033,3.9000000953674316,3.865999937057495,63205,0.0,0.0,0.0
2022-08-02 00:00:00+02:00,3.865999937057495,4.0980000495910645,3.9260001182556152,3.865999937057495,4585,0.0,0.0,0.0
2022-08-03 00:00:00+02:00,3.865999937057495,4.276000022888184,4.004000186920166,4.199999809265137,80250,0.0,0.0,0.0
2022-08-04 00:00:00+02:00,4.199999809265137,4.260000228881836,4.061999797821045,4.199999809265137,11300,0.0,0.0,0.0
2022-08-07 00:00:00+02:00,4.199999809265137,4.434000015258789,4.269999980926514,4.199999809265137,30000,0.0,0.0,0.0
2022-08-08 00:00:00+02:00,4.199999809265137,5.00600004196167,4.538000106811523,4.6479997634887695,96645,0.0,0.0,0.0
2022-08-09 00:00:00+02:00,4.6479997634887695,4.860000133514404,4.659999847412109,4.6479997634887695,30910,0.0,0.0,0.0
2022-08-10 00:00:00+02:00,4.6479997634887695,5.0,4.559999942779541,4.881999969482422,91435,0.0,0.0,0.0
2022-08-11 00:00:00+02:00,4.881999969482422,5.199999809265137,4.829999923706055,5.007999897003174,85100,0.0,0.0,0.0
2022-08-14 00:00:00+02:00,5.007999897003174,5.139999866485596,5.053999900817871,5.007999897003174,24125,0.0,0.0,0.0
2022-08-15 00:00:00+02:00,5.007999897003174,5.400000095367432,5.039999961853027,5.007999897003174,25230,0.0,0.0,0.0
2022-08-16 00:00:00+02:00,5.007999897003174,5.1020002365112305,5.0,5.004000186920166,60370,0.0,0.0,0.0
2022-08-17 00:00:00+02:00,5.004000186920166,5.176000118255615,5.001999855041504,5.004000186920166,23910,0.0,0.0,0.0
2022-08-18 00:00:00+02:00,5.004000186920166,5.004000186920166,5.004000186920166,5.004000186920166,0,0.0,0.0,0.0
2022-08-21 00:00:00+02:00,5.76200008392334,5.849999904632568,5.5,5.521999835968018,106580,0.0,0.0,0.0
2022-08-22 00:00:00+02:00,5.521999835968018,5.521999835968018,5.144000053405762,5.521999835968018,52315,0.0,0.0,0.0
2022-08-23 00:00:00+02:00,5.521999835968018,5.521999835968018,5.521999835968018,5.521999835968018,0,0.0,0.0,0.0
2022-08-24 00:00:00+02:00,5.188000202178955,5.473999977111816,5.199999809265137,5.242000102996826,100280,0.0,0.0,0.0
2022-08-25 00:00:00+02:00,5.242000102996826,5.309999942779541,5.199999809265137,5.2220001220703125,75750,0.0,0.0,0.0
2022-08-28 00:00:00+02:00,5.2220001220703125,5.300000190734863,5.144000053405762,5.2220001220703125,50305,0.0,0.0,0.0
2022-08-29 00:00:00+02:00,5.2220001220703125,5.170000076293945,4.630000114440918,4.806000232696533,146955,0.0,0.0,0.0
2022-08-30 00:00:00+02:00,4.806000232696533,5.176000118255615,4.806000232696533,4.806000232696533,10480,0.0,0.0,0.0
2022-08-31 00:00:00+02:00,4.806000232696533,5.099999904632568,4.599999904632568,4.894000053405762,146370,0.0,0.0,0.0
2022-09-01 00:00:00+02:00,4.894000053405762,4.811999797821045,4.800000190734863,4.894000053405762,17000,0.0,0.0,0.0
2022-09-04 00:00:00+02:00,4.894000053405762,5.340000152587891,4.980000019073486,5.107999801635742,84500,0.0,0.0,0.0
2022-09-05 00:00:00+02:00,5.107999801635742,5.394000053405762,5.380000114440918,5.107999801635742,2520,0.0,0.0,0.0
2022-09-06 00:00:00+02:00,5.107999801635742,5.449999809265137,5.383999824523926,5.107999801635742,32425,0.0,0.0,0.0
2022-09-07 00:00:00+02:00,5.107999801635742,5.118000030517578,5.0,5.107999801635742,5650,0.0,0.0,0.0
2022-09-08 00:00:00+02:00,5.107999801635742,5.107999801635742,5.107999801635742,5.107999801635742,0,0.0,0.0,0.0
2022-09-11 00:00:00+02:00,5.107999801635742,5.300000190734863,5.0,5.107999801635742,11700,0.0,0.0,0.0
2022-09-12 00:00:00+02:00,5.107999801635742,5.159999847412109,4.800000190734863,5.107999801635742,28960,0.0,0.0,0.0
2022-09-13 00:00:00+02:00,5.107999801635742,5.0,4.995999813079834,5.107999801635742,5180,0.0,0.0,0.0
2022-09-14 00:00:00+02:00,5.107999801635742,4.99399995803833,4.800000190734863,5.107999801635742,10850,0.0,0.0,0.0
2022-09-15 00:00:00+02:00,5.107999801635742,5.197999954223633,4.808000087738037,5.107999801635742,7705,0.0,0.0,0.0
2022-09-18 00:00:00+02:00,5.107999801635742,5.0980000495910645,4.699999809265137,4.7820000648498535,167555,0.0,0.0,0.0
2022-09-19 00:00:00+02:00,4.7820000648498535,5.349999904632568,4.800000190734863,5.056000232696533,140005,0.0,0.0,0.0
2022-09-20 00:00:00+02:00,5.056000232696533,5.579999923706055,5.02400016784668,5.085999965667725,153150,0.0,0.0,0.0
2022-09-21 00:00:00+02:00,5.085999965667725,5.050000190734863,4.883999824523926,5.085999965667725,26100,0.0,0.0,0.0
2022-09-22 00:00:00+02:00,5.085999965667725,5.269999980926514,5.159999847412109,5.085999965667725,35500,0.0,0.0,0.0
2022-09-25 00:00:00+02:00,5.085999965667725,4.806000232696533,4.803999900817871,5.085999965667725,7500,0.0,0.0,0.0
2022-09-26 00:00:00+02:00,5.085999965667725,5.191999912261963,4.855999946594238,5.085999965667725,21505,0.0,0.0,0.0
2022-09-27 00:00:00+02:00,5.085999965667725,5.197999954223633,4.823999881744385,5.085999965667725,19330,0.0,0.0,0.0
2022-09-28 00:00:00+02:00,5.085999965667725,5.1579999923706055,5.0,5.136000156402588,115530,0.0,0.0,0.0
2022-09-29 00:00:00+02:00,5.136000156402588,5.1579999923706055,4.861999988555908,5.136000156402588,7610,0.0,0.0,0.0
2022-10-02 00:00:00+02:00,5.136000156402588,5.138000011444092,5.0,5.136000156402588,5000,0.0,0.0,0.0
2022-10-03 00:00:00+02:00,5.136000156402588,4.8460001945495605,4.806000232696533,5.136000156402588,10,0.0,0.0,0.0
2022-10-04 00:00:00+02:00,5.136000156402588,5.300000190734863,4.940000057220459,5.124000072479248,73000,0.0,0.0,0.0
2022-10-05 00:00:00+02:00,5.124000072479248,5.239999771118164,5.110000133514404,5.124000072479248,29625,0.0,0.0,0.0
2022-10-09 00:00:00+02:00,5.124000072479248,5.395999908447266,5.00600004196167,5.170000076293945,64025,0.0,0.0,0.0
2022-10-10 00:00:00+02:00,5.170000076293945,5.139999866485596,5.139999866485596,5.170000076293945,8250,0.0,0.0,0.0
2022-10-11 00:00:00+02:00,5.170000076293945,5.170000076293945,5.170000076293945,5.170000076293945,0,0.0,0.0,0.0
2022-10-12 00:00:00+02:00,5.170000076293945,5.300000190734863,5.300000190734863,5.170000076293945,250,0.0,0.0,0.0
2022-10-13 00:00:00+02:00,5.170000076293945,5.300000190734863,4.4019999504089355,5.170000076293945,2885,0.0,0.0,0.0
2022-10-16 00:00:00+02:00,5.170000076293945,5.6579999923706055,5.010000228881836,5.630000114440918,180875,0.0,0.0,0.0
2022-10-17 00:00:00+02:00,5.630000114440918,5.599999904632568,5.214000225067139,5.630000114440918,53095,0.0,0.0,0.0
2022-10-18 00:00:00+02:00,5.630000114440918,6.0,5.010000228881836,5.914000034332275,85295,0.0,0.0,0.0
2022-10-19 00:00:00+02:00,5.914000034332275,6.001999855041504,5.800000190734863,5.914000034332275,39670,0.0,0.0,0.0
2022-10-20 00:00:00+02:00,5.914000034332275,6.188000202178955,5.900000095367432,6.021999835968018,96810,0.0,0.0,0.0
2022-10-23 00:00:00+02:00,6.021999835968018,6.0,5.699999809265137,5.797999858856201,59225,0.0,0.0,0.0
2022-10-24 00:00:00+02:00,5.797999858856201,5.604000091552734,5.604000091552734,5.797999858856201,500,0.0,0.0,0.0
2022-10-25 00:00:00+02:00,5.797999858856201,6.0,5.650000095367432,5.797999858856201,4185,0.0,0.0,0.0
2022-10-26 00:00:00+02:00,5.797999858856201,5.797999858856201,5.797999858856201,5.797999858856201,0,0.0,0.0,0.0
2022-10-27 00:00:00+02:00,5.797999858856201,6.498000144958496,5.820000171661377,5.797999858856201,20005,0.0,0.0,0.0
2022-10-30 00:00:00+02:00,5.797999858856201,5.521999835968018,5.521999835968018,5.797999858856201,500,0.0,0.0,0.0
2022-10-31 00:00:00+02:00,5.797999858856201,5.900000095367432,5.849999904632568,5.797999858856201,1560,0.0,0.0,0.0
2022-11-01 00:00:00+02:00,5.797999858856201,6.400000095367432,5.900000095367432,6.078000068664551,52935,0.0,0.0,0.0
2022-11-02 00:00:00+02:00,6.078000068664551,6.199999809265137,6.0,6.001999855041504,98330,0.0,0.0,0.0
2022-11-03 00:00:00+02:00,6.001999855041504,6.480000019073486,6.019999980926514,6.197999954223633,69405,0.0,0.0,0.0
2022-11-06 00:00:00+02:00,6.197999954223633,6.480000019073486,6.21999979019165,6.197999954223633,13130,0.0,0.0,0.0
2022-11-07 00:00:00+02:00,6.197999954223633,6.550000190734863,6.421999931335449,6.197999954223633,18010,0.0,0.0,0.0
2022-11-08 00:00:00+02:00,6.197999954223633,7.099999904632568,6.326000213623047,6.900000095367432,389730,0.0,0.0,0.0
2022-11-09 00:00:00+02:00,6.900000095367432,7.289999961853027,6.702000141143799,7.041999816894531,135710,0.0,0.0,0.0
2022-11-10 00:00:00+02:00,7.041999816894531,7.559999942779541,7.099999904632568,7.214000225067139,232720,0.0,0.0,0.0
2022-11-13 00:00:00+02:00,7.214000225067139,7.297999858856201,6.705999851226807,7.203999996185303,49975,0.0,0.0,0.0
2022-11-14 00:00:00+02:00,7.203999996185303,7.495999813079834,7.00600004196167,7.203999996185303,26395,0.0,0.0,0.0
2022-11-15 00:00:00+02:00,7.203999996185303,7.199999809265137,6.966000080108643,7.203999996185303,13375,0.0,0.0,0.0
2022-11-16 00:00:00+02:00,7.203999996185303,7.196000099182129,7.0,7.203999996185303,34165,0.0,0.0,0.0
2022-11-17 00:00:00+02:00,7.203999996185303,7.099999904632568,6.920000076293945,6.97599983215332,112195,0.0,0.0,0.0
2022-11-20 00:00:00+02:00,6.97599983215332,7.599999904632568,6.915999889373779,7.2779998779296875,102065,0.0,0.0,0.0
2022-11-21 00:00:00+02:00,7.2779998779296875,7.368000030517578,6.814000129699707,7.078000068664551,55150,0.0,0.0,0.0
2022-11-22 00:00:00+02:00,7.078000068664551,7.199999809265137,7.0,7.078000068664551,4250,0.0,0.0,0.0
2022-11-23 00:00:00+02:00,7.078000068664551,7.019999980926514,7.004000186920166,7.078000068664551,10000,0.0,0.0,0.0
2022-11-24 00:00:00+02:00,7.078000068664551,7.400000095367432,7.0,7.078000068664551,2275,0.0,0.0,0.0
2022-11-27 00:00:00+02:00,7.078000068664551,6.921999931335449,6.320000171661377,6.369999885559082,110775,0.0,0.0,0.0
2022-11-28 00:00:00+02:00,6.369999885559082,6.539999961853027,6.300000190734863,6.369999885559082,17175,0.0,0.0,0.0
2022-11-29 00:00:00+02:00,6.369999885559082,6.460000038146973,6.406000137329102,6.369999885559082,15955,0.0,0.0,0.0
2022-11-30 00:00:00+02:00,6.369999885559082,6.800000190734863,6.400000095367432,6.7220001220703125,46125,0.0,0.0,0.0
2022-12-01 00:00:00+02:00,6.7220001220703125,6.796000003814697,6.453999996185303,6.7220001220703125,20865,0.0,0.0,0.0
2022-12-04 00:00:00+02:00,6.7220001220703125,6.791999816894531,6.46999979019165,6.7220001220703125,26345,0.0,0.0,0.0
2022-12-05 00:00:00+02:00,6.7220001220703125,6.599999904632568,6.449999809265137,6.7220001220703125,2250,0.0,0.0,0.0
2022-12-06 00:00:00+02:00,6.7220001220703125,6.5980000495910645,6.4019999504089355,6.7220001220703125,7075,0.0,0.0,0.0
2022-12-07 00:00:00+02:00,6.7220001220703125,6.796000003814697,6.449999809265137,6.458000183105469,52705,0.0,0.0,0.0
2022-12-08 00:00:00+02:00,6.458000183105469,6.789999961853027,6.504000186920166,6.458000183105469,16320,0.0,0.0,0.0
2022-12-11 00:00:00+02:00,6.458000183105469,7.0960001945495605,6.519999980926514,6.921999931335449,116245,0.0,0.0,0.0
2022-12-12 00:00:00+02:00,6.921999931335449,7.0960001945495605,6.599999904632568,6.921999931335449,21905,0.0,0.0,0.0
2022-12-13 00:00:00+02:00,6.921999931335449,6.921999931335449,6.699999809265137,6.921999931335449,14300,0.0,0.0,0.0
2022-12-14 00:00:00+02:00,6.921999931335449,6.995999813079834,6.730000019073486,6.921999931335449,11900,0.0,0.0,0.0
2022-12-15 00:00:00+02:00,6.921999931335449,6.99399995803833,6.5,6.921999931335449,3050,0.0,0.0,0.0
2022-12-18 00:00:00+02:00,6.921999931335449,6.760000228881836,6.760000228881836,6.921999931335449,7505,0.0,0.0,0.0
2022-12-19 00:00:00+02:00,6.921999931335449,7.0,6.739999771118164,6.806000232696533,65985,0.0,0.0,0.0
2022-12-20 00:00:00+02:00,6.806000232696533,6.809999942779541,6.800000190734863,6.806000232696533,6650,0.0,0.0,0.0
2022-12-21 00:00:00+02:00,6.806000232696533,6.650000095367432,6.599999904632568,6.806000232696533,24500,0.0,0.0,0.0
2022-12-22 00:00:00+02:00,6.806000232696533,6.806000232696533,6.806000232696533,6.806000232696533,0,0.0,0.0,0.0
2022-12-25 00:00:00+02:00,6.806000232696533,7.0960001945495605,6.501999855041504,6.806000232696533,15625,0.0,0.0,0.0
2022-12-26 00:00:00+02:00,6.806000232696533,6.745999813079834,6.599999904632568,6.806000232696533,31495,0.0,0.0,0.0
2022-12-27 00:00:00+02:00,6.806000232696533,6.998000144958496,6.625999927520752,6.806000232696533,16270,0.0,0.0,0.0
2022-12-28 00:00:00+02:00,6.806000232696533,6.800000190734863,6.599999904632568,6.7779998779296875,47065,0.0,0.0,0.0
2022-12-29 00:00:00+02:00,6.7779998779296875,6.699999809265137,6.630000114440918,6.7779998779296875,7750,0.0,0.0,0.0
2023-01-02 00:00:00+02:00,6.7779998779296875,6.800000190734863,6.800000190734863,6.7779998779296875,2000,0.0,0.0,0.0
2023-01-03 00:00:00+02:00,6.7779998779296875,7.199999809265137,6.796000003814697,7.03000020980835,123960,0.0,0.0,0.0
2023-01-04 00:00:00+02:00,7.03000020980835,7.019999980926514,6.820000171661377,7.001999855041504,49515,0.0,0.0,0.0
2023-01-05 00:00:00+02:00,7.001999855041504,7.400000095367432,7.004000186920166,7.236000061035156,641865,0.0,0.0,0.0
2023-01-09 00:00:00+02:00,7.236000061035156,7.449999809265137,7.260000228881836,7.418000221252441,178895,0.0,0.0,0.0
2023-01-10 00:00:00+02:00,7.418000221252441,7.800000190734863,7.409999847412109,7.458000183105469,126830,0.0,0.0,0.0
2023-01-11 00:00:00+02:00,7.458000183105469,7.599999904632568,7.210000038146973,7.51800012588501,119395,0.0,0.0,0.0
2023-01-12 00:00:00+02:00,7.51800012588501,7.691999912261963,7.400000095367432,7.564000129699707,54000,0.0,0.0,0.0
2023-01-15 00:00:00+02:00,7.564000129699707,7.696000099182129,7.449999809265137,7.625999927520752,108385,0.0,0.0,0.0
2023-01-16 00:00:00+02:00,7.625999927520752,7.696000099182129,7.216000080108643,7.5960001945495605,85580,0.0,0.0,0.0
2023-01-17 00:00:00+02:00,7.5960001945495605,7.538000106811523,7.3420000076293945,7.414000034332275,91260,0.0,0.0,0.0
2023-01-18 00:00:00+02:00,7.414000034332275,7.21999979019165,7.199999809265137,7.210000038146973,58365,0.0,0.0,0.0
2023-01-19 00:00:00+02:00,7.210000038146973,7.360000133514404,7.150000095367432,7.203999996185303,200250,0.0,0.0,0.0
2023-01-22 00:00:00+02:00,7.203999996185303,7.395999908447266,7.104000091552734,7.203999996185303,23575,0.0,0.0,0.0
2023-01-23 00:00:00+02:00,7.203999996185303,7.400000095367432,7.395999908447266,7.203999996185303,545,0.0,0.0,0.0
2023-01-24 00:00:00+02:00,7.203999996185303,7.25,7.0,7.004000186920166,106130,0.0,0.0,0.0
2023-01-25 00:00:00+02:00,7.004000186920166,7.0,6.869999885559082,7.004000186920166,21920,0.0,0.0,0.0
2023-01-29 00:00:00+02:00,7.004000186920166,7.25,6.834000110626221,7.041999816894531,52570,0.0,0.0,0.0
2023-01-30 00:00:00+02:00,7.041999816894531,7.23799991607666,7.0,7.041999816894531,24975,0.0,0.0,0.0
2023-01-31 00:00:00+02:00,7.041999816894531,7.199999809265137,6.998000144958496,7.0,145260,0.0,0.0,0.0
2023-02-01 00:00:00+02:00,7.0,7.3979997634887695,7.0,7.0,21680,0.0,0.0,0.0
2023-02-02 00:00:00+02:00,7.0,7.447999954223633,7.122000217437744,7.291999816894531,129625,0.0,0.0,0.0
2023-02-05 00:00:00+02:00,7.291999816894531,7.125999927520752,6.800000190734863,7.291999816894531,34260,0.0,0.0,0.0
2023-02-06 00:00:00+02:00,7.291999816894531,7.199999809265137,7.021999835968018,7.291999816894531,34150,0.0,0.0,0.0
2023-02-07 00:00:00+02:00,7.291999816894531,7.25,7.199999809265137,7.291999816894531,21250,0.0,0.0,0.0
2023-02-08 00:00:00+02:00,7.291999816894531,7.3979997634887695,7.150000095367432,7.199999809265137,52925,0.0,0.0,0.0
2023-02-09 00:00:00+02:00,7.199999809265137,7.395999908447266,7.197999954223633,7.210000038146973,65155,0.0,0.0,0.0
2023-02-12 00:00:00+02:00,7.210000038146973,7.300000190734863,7.079999923706055,7.210000038146973,36105,0.0,0.0,0.0
2023-02-13 00:00:00+02:00,7.210000038146973,7.300000190734863,7.004000186920166,7.0920000076293945,77425,0.0,0.0,0.0
2023-02-14 00:00:00+02:00,7.0920000076293945,7.294000148773193,7.099999904632568,7.263999938964844,119335,0.0,0.0,0.0
2023-02-15 00:00:00+02:00,7.263999938964844,7.297999858856201,7.199999809265137,7.210000038146973,47990,0.0,0.0,0.0
2023-02-16 00:00:00+02:00,7.210000038146973,7.400000095367432,7.211999893188477,7.302000045776367,73575,0.0,0.0,0.0
2023-02-19 00:00:00+02:00,7.302000045776367,7.745999813079834,7.300000190734863,7.52400016784668,293540,0.0,0.0,0.0
2023-02-20 00:00:00+02:00,7.52400016784668,7.75,7.2820000648498535,7.335999965667725,211970,0.0,0.0,0.0
2023-02-21 00:00:00+02:00,7.335999965667725,7.679999828338623,7.400000095367432,7.427999973297119,117090,0.0,0.0,0.0
2023-02-22 00:00:00+02:00,7.427999973297119,7.498000144958496,7.033999919891357,7.2179999351501465,102440,0.0,0.0,0.0
2023-02-23 00:00:00+02:00,7.2179999351501465,7.498000144958496,7.064000129699707,7.211999893188477,50750,0.0,0.0,0.0
2023-02-26 00:00:00+02:00,7.211999893188477,7.958000183105469,7.21999979019165,7.702000141143799,371585,0.0,0.0,0.0
2023-02-27 00:00:00+02:00,7.702000141143799,8.795999526977539,7.880000114440918,8.366000175476074,703725,0.0,0.0,0.0
2023-02-28 00:00:00+02:00,8.366000175476074,9.0,8.413999557495117,8.574000358581543,408205,0.0,0.0,0.0
2023-03-01 00:00:00+02:00,8.574000358581543,8.800000190734863,7.880000114440918,8.383999824523926,481455,0.0,0.0,0.0
2023-03-02 00:00:00+02:00,8.383999824523926,9.149999618530273,8.359999656677246,8.654000282287598,305955,0.0,0.0,0.0
2023-03-05 00:00:00+02:00,8.654000282287598,9.34000015258789,8.699999809265137,8.741999626159668,488925,0.0,0.0,0.0
2023-03-06 00:00:00+02:00,8.741999626159668,9.979999542236328,9.001999855041504,9.36400032043457,913020,0.0,0.0,0.0
2023-03-07 00:00:00+02:00,9.36400032043457,9.79800033569336,8.609999656677246,8.803999900817871,318170,0.0,0.0,0.0
2023-03-08 00:00:00+02:00,8.803999900817871,9.350000381469727,8.805999755859375,9.013999938964844,566275,0.0,0.0,0.0
2023-03-09 00:00:00+02:00,9.013999938964844,9.194000244140625,8.649999618530273,8.727999687194824,132905,0.0,0.0,0.0
2023-03-12 00:00:00+02:00,8.727999687194824,8.649999618530273,8.069999694824219,8.267999649047852,458380,0.0,0.0,0.0
2023-03-13 00:00:00+02:00,8.267999649047852,8.420000076293945,7.400000095367432,7.561999797821045,1226020,0.0,0.0,0.0
2023-03-14 00:00:00+02:00,7.561999797821045,8.0,7.619999885559082,7.8979997634887695,151420,0.0,0.0,0.0
2023-03-15 00:00:00+02:00,7.8979997634887695,8.199999809265137,6.619999885559082,7.105999946594238,337240,0.0,0.0,0.0
2023-03-16 00:00:00+02:00,7.105999946594238,7.800000190734863,6.803999900817871,7.693999767303467,342605,0.0,0.0,0.0
2023-03-19 00:00:00+02:00,7.693999767303467,7.900000095367432,7.429999828338623,7.567999839782715,381665,0.0,0.0,0.0
2023-03-20 00:00:00+02:00,7.567999839782715,8.399999618530273,7.441999912261963,8.163999557495117,515525,0.0,0.0,0.0
2023-03-21 00:00:00+02:00,8.163999557495117,8.579999923706055,8.008000373840332,8.435999870300293,478505,0.0,0.0,0.0
2023-03-22 00:00:00+02:00,8.435999870300293,8.5,7.860000133514404,7.900000095367432,459125,0.0,0.0,0.0
2023-03-23 00:00:00+02:00,7.900000095367432,8.199999809265137,7.8420000076293945,8.02400016784668,170080,0.0,0.0,0.0
2023-03-26 00:00:00+02:00,8.02400016784668,8.567999839782715,7.642000198364258,7.763999938964844,184755,0.0,0.0,0.0
2023-03-27 00:00:00+02:00,7.763999938964844,8.149999618530273,7.671999931335449,7.788000106811523,222930,0.0,0.0,0.0
2023-03-28 00:00:00+02:00,7.788000106811523,7.900000095367432,7.6620001792907715,7.734000205993652,226280,0.0,0.0,0.0
2023-03-29 00:00:00+02:00,7.734000205993652,8.039999961853027,7.736000061035156,7.934000015258789,395225,0.0,0.0,0.0
2023-03-30 00:00:00+02:00,7.934000015258789,8.0,7.739999771118164,7.815999984741211,519050,0.0,0.0,0.0
2023-04-02 00:00:00+02:00,7.815999984741211,7.980000019073486,7.699999809265137,7.745999813079834,210775,0.0,0.0,0.0
2023-04-03 00:00:00+02:00,7.745999813079834,8.15999984741211,7.599999904632568,7.776000022888184,235970,0.0,0.0,0.0
2023-04-04 00:00:00+02:00,7.776000022888184,8.180000305175781,7.800000190734863,8.001999855041504,382345,0.0,0.0,0.0
2023-04-05 00:00:00+02:00,8.001999855041504,8.197999954223633,7.900000095367432,7.943999767303467,229450,0.0,0.0,0.0
2023-04-06 00:00:00+02:00,7.943999767303467,8.039999961853027,7.613999843597412,7.677999973297119,275390,0.0,0.0,0.0
2023-04-09 00:00:00+02:00,7.677999973297119,7.958000183105469,7.6020002365112305,7.75600004196167,343140,0.0,0.0,0.0
2023-04-10 00:00:00+02:00,7.75600004196167,7.797999858856201,7.199999809265137,7.48799991607666,287825,0.0,0.0,0.0
2023-04-11 00:00:00+02:00,7.48799991607666,7.679999828338623,7.340000152587891,7.369999885559082,161410,0.0,0.0,0.0
2023-04-12 00:00:00+02:00,7.369999885559082,7.599999904632568,6.599999904632568,6.881999969482422,227735,0.0,0.0,0.0
2023-04-13 00:00:00+02:00,6.881999969482422,7.297999858856201,6.802000045776367,6.914000034332275,213125,0.0,0.0,0.0
2023-04-18 00:00:00+02:00,6.914000034332275,7.584000110626221,7.159999847412109,7.446000099182129,537335,0.0,0.0,0.0
2023-04-19 00:00:00+02:00,7.446000099182129,7.7179999351501465,7.5,7.619999885559082,281920,0.0,0.0,0.0
2023-04-26 00:00:00+02:00,7.619999885559082,7.978000164031982,7.619999885559082,7.829999923706055,131125,0.0,0.0,0.0
2023-04-27 00:00:00+02:00,7.829999923706055,8.0600004196167,7.400000095367432,7.420000076293945,323340,0.0,0.0,0.0
2023-04-30 00:00:00+03:00,7.420000076293945,7.599999904632568,6.802000045776367,6.861999988555908,489980,0.0,0.0,0.0
2023-05-01 00:00:00+03:00,6.861999988555908,6.861999988555908,6.861999988555908,6.861999988555908,0,0.0,0.0,0.0
2023-05-02 00:00:00+03:00,6.98799991607666,7.0,6.800000190734863,6.815999984741211,181090,0.0,0.0,0.0
2023-05-03 00:00:00+03:00,6.815999984741211,7.3979997634887695,6.702000141143799,6.920000076293945,71060,0.0,0.0,0.0
2023-05-07 00:00:00+03:00,6.920000076293945,7.193999767303467,6.8420000076293945,6.96999979019165,181250,0.0,0.0,0.0
2023-05-08 00:00:00+03:00,6.96999979019165,7.242000102996826,6.760000228881836,6.843999862670898,121930,0.0,0.0,0.0
2023-05-09 00:00:00+03:00,6.843999862670898,6.900000095367432,6.599999904632568,6.7220001220703125,127860,0.0,0.0,0.0
2023-05-10 00:00:00+03:00,6.7220001220703125,6.840000152587891,6.599999904632568,6.664000034332275,311260,0.0,0.0,0.0
2023-05-11 00:00:00+03:00,6.664000034332275,6.99399995803833,6.622000217437744,6.857999801635742,360450,0.0,0.0,0.0
2023-05-14 00:00:00+03:00,6.857999801635742,7.199999809265137,6.800000190734863,6.894000053405762,422445,0.0,0.0,0.0
2023-05-15 00:00:00+03:00,6.894000053405762,6.935999870300293,6.001999855041504,6.190000057220459,734830,0.0,0.0,0.0
2023-05-16 00:00:00+03:00,6.190000057220459,6.289999961853027,6.099999904632568,6.133999824523926,347415,0.0,0.0,0.0
2023-05-17 00:00:00+03:00,6.133999824523926,6.3379998207092285,6.0,6.02400016784668,201740,0.0,0.0,0.0
2023-05-18 00:00:00+03:00,6.02400016784668,6.191999912261963,6.010000228881836,6.072000026702881,92615,0.0,0.0,0.0
2023-05-21 00:00:00+03:00,6.072000026702881,6.605999946594238,6.202000141143799,6.526000022888184,403245,0.0,0.0,0.0
2023-05-22 00:00:00+03:00,6.526000022888184,6.679999828338623,6.432000160217285,6.533999919891357,238085,0.0,0.0,0.0
2023-05-23 00:00:00+03:00,6.533999919891357,6.877999782562256,6.559999942779541,6.607999801635742,309465,0.0,0.0,0.0
2023-05-24 00:00:00+03:00,6.607999801635742,6.691999912261963,6.434000015258789,6.5320000648498535,271785,0.0,0.0,0.0
2023-05-25 00:00:00+03:00,6.5320000648498535,6.676000118255615,6.52400016784668,6.605999946594238,173350,0.0,0.0,0.0
2023-05-28 00:00:00+03:00,6.605999946594238,7.0,6.559999942779541,6.973999977111816,616030,0.0,0.0,0.0
2023-05-29 00:00:00+03:00,6.973999977111816,7.190000057220459,6.802000045776367,6.860000133514404,114545,0.0,0.0,0.0
2023-05-30 00:00:00+03:00,6.860000133514404,7.28000020980835,6.880000114440918,6.941999912261963,950470,0.0,0.0,0.0
2023-05-31 00:00:00+03:00,6.941999912261963,7.440000057220459,6.869999885559082,6.989999771118164,162509,0.0,5.0,0.0
2023-06-01 00:00:00+03:00,6.989999771118164,7.199999809265137,6.619999885559082,6.679999828338623,369683,0.0,0.0,0.0
2023-06-04 00:00:00+03:00,6.679999828338623,7.440000057220459,6.760000228881836,7.369999885559082,1112789,0.0,0.0,0.0
2023-06-05 00:00:00+03:00,7.369999885559082,7.699999809265137,7.110000133514404,7.21999979019165,1526986,0.0,0.0,0.0
2023-06-06 00:00:00+03:00,7.21999979019165,7.340000152587891,7.130000114440918,7.289999961853027,310924,0.0,0.0,0.0
2023-06-07 00:00:00+03:00,7.289999961853027,7.650000095367432,7.25,7.380000114440918,1072733,0.0,0.0,0.0
2023-06-08 00:00:00+03:00,7.380000114440918,7.510000228881836,7.199999809265137,7.309999942779541,350704,0.0,0.0,0.0
2023-06-11 00:00:00+03:00,7.309999942779541,7.449999809265137,6.769999980926514,7.079999923706055,322908,0.0,0.0,0.0
2023-06-12 00:00:00+03:00,7.079999923706055,7.21999979019165,7.0,7.099999904632568,78770,0.0,0.0,0.0
2023-06-13 00:00:00+03:00,7.099999904632568,7.199999809265137,6.809999942779541,7.179999828338623,221629,0.0,0.0,0.0
2023-06-14 00:00:00+03:00,7.179999828338623,7.199999809265137,6.829999923706055,6.860000133514404,246853,0.0,0.0,0.0
2023-06-15 00:00:00+03:00,6.860000133514404,6.96999979019165,6.5,6.800000190734863,350149,0.0,0.0,0.0
2023-06-18 00:00:00+03:00,6.800000190734863,7.0,6.769999980926514,6.820000171661377,192969,0.0,0.0,0.0
2023-06-19 00:00:00+03:00,6.820000171661377,6.949999809265137,6.599999904632568,6.619999885559082,299656,0.0,0.0,0.0
2023-06-20 00:00:00+03:00,6.619999885559082,7.0,6.699999809265137,6.789999961853027,400916,0.0,0.0,0.0
2023-06-21 00:00:00+03:00,6.789999961853027,6.820000171661377,6.5,6.539999961853027,763229,0.0,0.0,0.0
2023-06-22 00:00:00+03:00,6.539999961853027,6.650000095367432,6.400000095367432,6.449999809265137,695792,0.0,0.0,0.0
2023-06-25 00:00:00+03:00,6.449999809265137,6.639999866485596,6.269999980926514,6.289999961853027,367487,0.0,0.0,0.0
2023-06-26 00:00:00+03:00,6.289999961853027,6.5,6.159999847412109,6.360000133514404,168060,0.0,0.0,0.0
2023-07-04 00:00:00+03:00,6.360000133514404,6.650000095367432,6.400000095367432,6.46999979019165,238370,0.0,0.0,0.0
2023-07-05 00:00:00+03:00,6.46999979019165,6.590000152587891,6.380000114440918,6.400000095367432,197905,0.0,0.0,0.0
2023-07-06 00:00:00+03:00,6.400000095367432,6.5,6.269999980926514,6.440000057220459,284524,0.0,0.0,0.0
2023-07-09 00:00:00+03:00,6.440000057220459,6.900000095367432,6.329999923706055,6.409999847412109,385836,0.0,0.0,0.0
2023-07-10 00:00:00+03:00,6.409999847412109,6.699999809265137,6.25,6.619999885559082,261959,0.0,0.0,0.0
2023-07-11 00:00:00+03:00,6.619999885559082,6.949999809265137,6.619999885559082,6.769999980926514,523566,0.0,0.0,0.0
2023-07-12 00:00:00+03:00,6.769999980926514,6.96999979019165,6.679999828338623,6.809999942779541,213428,0.0,0.0,0.0
2023-07-13 00:00:00+03:00,6.809999942779541,6.889999866485596,6.679999828338623,6.730000019073486,105747,0.0,0.0,0.0
2023-07-16 00:00:00+03:00,6.730000019073486,6.78000020980835,6.650000095367432,6.690000057220459,98289,0.0,0.0,0.0
2023-07-17 00:00:00+03:00,6.690000057220459,6.699999809265137,6.5,6.510000228881836,161062,0.0,0.0,0.0
2023-07-18 00:00:00+03:00,6.510000228881836,7.099999904632568,6.460000038146973,6.809999942779541,1153336,0.0,0.0,0.0
2023-07-19 00:00:00+03:00,6.809999942779541,6.809999942779541,6.809999942779541,6.809999942779541,0,0.0,0.0,0.0
2023-07-24 00:00:00+03:00,6.650000095367432,7.889999866485596,6.400000095367432,7.840000152587891,3441209,0.0,0.0,0.0
2023-07-25 00:00:00+03:00,7.840000152587891,7.820000171661377,7.199999809265137,7.25,1066163,0.0,0.0,0.0
2023-07-26 00:00:00+03:00,7.25,7.5,7.099999904632568,7.139999866485596,601411,0.0,0.0,0.0
2023-07-27 00:00:00+03:00,7.139999866485596,8.199999809265137,7.070000171661377,7.460000038146973,1668407,0.0,0.0,0.0
2023-07-30 00:00:00+03:00,7.460000038146973,7.630000114440918,7.300000190734863,7.320000171661377,323944,0.0,0.0,0.0
2023-07-31 00:00:00+03:00,7.320000171661377,7.480000019073486,7.300000190734863,7.349999904632568,167652,0.0,0.0,0.0
2023-08-01 00:00:00+03:00,7.349999904632568,7.579999923706055,7.300000190734863,7.329999923706055,202048,0.0,0.0,0.0
2023-08-02 00:00:00+03:00,7.329999923706055,7.710000038146973,7.300000190734863,7.349999904632568,208735,0.0,0.0,0.0
2023-08-03 00:00:00+03:00,7.349999904632568,7.610000133514404,7.309999942779541,7.320000171661377,137407,0.0,0.0,0.0
2023-08-06 00:00:00+03:00,7.320000171661377,7.460000038146973,7.320000171661377,7.360000133514404,86381,0.0,0.0,0.0
2023-08-07 00:00:00+03:00,7.360000133514404,7.559999942779541,7.360000133514404,7.510000228881836,142675,0.0,0.0,0.0
2023-08-08 00:00:00+03:00,7.510000228881836,7.650000095367432,7.380000114440918,7.429999828338623,359933,0.0,0.0,0.0
2023-08-09 00:00:00+03:00,7.429999828338623,7.570000171661377,7.360000133514404,7.420000076293945,155701,0.0,0.0,0.0
2023-08-10 00:00:00+03:00,7.420000076293945,7.440000057220459,7.25,7.349999904632568,122606,0.0,0.0,0.0
2023-08-13 00:00:00+03:00,7.349999904632568,7.429999828338623,7.269999980926514,7.300000190734863,199081,0.0,0.0,0.0
2023-08-14 00:00:00+03:00,7.300000190734863,7.699999809265137,7.260000228881836,7.409999847412109,425013,0.0,0.0,0.0
2023-08-15 00:00:00+03:00,7.409999847412109,7.5,7.199999809265137,7.239999771118164,277350,0.0,0.0,0.0
2023-08-16 00:00:00+03:00,7.239999771118164,7.510000228881836,7.210000038146973,7.230000019073486,221105,0.0,0.0,0.0
2023-08-17 00:00:00+03:00,7.230000019073486,7.389999866485596,7.099999904632568,7.210000038146973,181895,0.0,0.0,0.0
2023-08-20 00:00:00+03:00,7.210000038146973,7.400000095367432,7.119999885559082,7.159999847412109,125751,0.0,0.0,0.0
2023-08-21 00:00:00+03:00,7.159999847412109,7.699999809265137,7.150000095367432,7.349999904632568,581347,0.0,0.0,0.0
2023-08-22 00:00:00+03:00,7.349999904632568,7.489999771118164,7.170000076293945,7.260000228881836,177187,0.0,0.0,0.0
2023-08-23 00:00:00+03:00,7.260000228881836,7.409999847412109,6.840000152587891,7.019999980926514,181337,0.0,0.0,0.0
2023-08-24 00:00:00+03:00,7.019999980926514,7.239999771118164,7.019999980926514,7.059999942779541,170379,0.0,0.0,0.0
2023-08-27 00:00:00+03:00,7.059999942779541,7.199999809265137,7.070000171661377,7.170000076293945,117290,0.0,0.0,0.0
2023-08-28 00:00:00+03:00,7.170000076293945,7.210000038146973,6.920000076293945,6.96999979019165,217737,0.0,0.0,0.0
2023-08-29 00:00:00+03:00,6.96999979019165,7.139999866485596,6.849999904632568,7.0,130356,0.0,0.0,0.0
2023-08-30 00:00:00+03:00,7.0,7.369999885559082,6.960000038146973,7.159999847412109,513327,0.0,0.0,0.0
2023-08-31 00:00:00+03:00,7.159999847412109,7.159999847412109,7.159999847412109,7.159999847412109,0,0.0,0.0,0.0
2023-09-03 00:00:00+03:00,7.03000020980835,7.349999904632568,7.0,7.150000095367432,228984,0.0,0.0,0.0
2023-09-04 00:00:00+03:00,7.150000095367432,7.309999942779541,7.0,7.039999961853027,159216,0.0,0.0,0.0
2023-09-05 00:00:00+03:00,7.039999961853027,7.179999828338623,7.010000228881836,7.039999961853027,89187,0.0,0.0,0.0
2023-09-06 00:00:00+03:00,7.039999961853027,7.119999885559082,6.909999847412109,6.940000057220459,99786,0.0,0.0,0.0
2023-09-07 00:00:00+03:00,6.940000057220459,7.039999961853027,6.96999979019165,6.940000057220459,11352,0.0,0.0,0.0
2023-09-10 00:00:00+03:00,6.940000057220459,6.940000057220459,6.940000057220459,6.940000057220459,0,0.0,0.0,0.0
2023-09-11 00:00:00+03:00,6.940000057220459,7.070000171661377,6.949999809265137,7.03000020980835,59792,0.0,0.0,0.0
2023-09-12 00:00:00+03:00,7.03000020980835,7.119999885559082,6.869999885559082,6.920000076293945,110256,0.0,0.0,0.0
2023-09-13 00:00:00+03:00,6.920000076293945,7.059999942779541,6.699999809265137,6.699999809265137,468283,0.0,0.0,0.0
2023-09-14 00:00:00+03:00,6.699999809265137,7.059999942779541,6.75,6.929999828338623,419523,0.0,0.0,0.0
2023-09-17 00:00:00+03:00,6.929999828338623,7.110000133514404,6.980000019073486,7.0,130366,0.0,0.0,0.0
2023-09-18 00:00:00+03:00,7.0,7.110000133514404,6.949999809265137,6.989999771118164,50455,0.0,0.0,0.0
2023-09-19 00:00:00+03:00,6.989999771118164,7.119999885559082,7.0,7.070000171661377,240270,0.0,0.0,0.0
2023-09-20 00:00:00+03:00,7.070000171661377,7.070000171661377,7.070000171661377,7.070000171661377,0,0.0,0.0,0.0
2023-09-21 00:00:00+03:00,7.070000171661377,7.070000171661377,7.070000171661377,7.070000171661377,0,0.0,0.0,0.0
2023-09-24 00:00:00+03:00,7.070000171661377,7.070000171661377,7.070000171661377,7.070000171661377,0,0.0,0.0,0.0
2023-09-25 00:00:00+03:00,6.909999847412109,7.050000190734863,6.849999904632568,6.989999771118164,43294,0.0,0.0,0.0
2023-09-26 00:00:00+03:00,6.989999771118164,7.090000152587891,6.860000133514404,6.989999771118164,37185,0.0,0.0,0.0
2023-09-27 00:00:00+03:00,6.989999771118164,6.989999771118164,6.989999771118164,6.989999771118164,0,0.0,0.0,0.0
2023-10-01 00:00:00+03:00,6.989999771118164,6.989999771118164,6.989999771118164,6.989999771118164,0,0.0,0.0,0.0
2023-10-02 00:00:00+03:00,6.96999979019165,7.119999885559082,6.889999866485596,6.929999828338623,55737,0.0,0.0,0.0
2023-10-03 00:00:00+03:00,6.929999828338623,7.079999923706055,6.050000190734863,6.929999828338623,14253,0.0,0.0,0.0
2023-10-04 00:00:00+03:00,6.929999828338623,6.929999828338623,6.659999847412109,6.929999828338623,3825,0.0,0.0,0.0
2023-10-08 00:00:00+03:00,6.929999828338623,7.03000020980835,6.099999904632568,6.489999771118164,299406,0.0,0.0,0.0
2023-10-09 00:00:00+03:00,6.489999771118164,6.679999828338623,6.210000038146973,6.28000020980835,137698,0.0,0.0,0.0
2023-10-10 00:00:00+03:00,6.28000020980835,6.579999923706055,6.260000228881836,6.409999847412109,243960,0.0,0.0,0.0
2023-10-11 00:00:00+03:00,6.409999847412109,6.730000019073486,6.400000095367432,6.650000095367432,179402,0.0,0.0,0.0
2023-10-12 00:00:00+03:00,6.650000095367432,6.670000076293945,6.489999771118164,6.53000020980835,224523,0.0,0.0,0.0
2023-10-15 00:00:00+03:00,6.53000020980835,6.630000114440918,6.46999979019165,6.5,131909,0.0,0.0,0.0
2023-10-16 00:00:00+03:00,6.5,6.579999923706055,6.369999885559082,6.400000095367432,212921,0.0,0.0,0.0
2023-10-17 00:00:00+03:00,6.400000095367432,6.519999980926514,6.360000133514404,6.409999847412109,75961,0.0,0.0,0.0
2023-10-18 00:00:00+03:00,6.409999847412109,6.539999961853027,6.150000095367432,6.210000038146973,339845,0.0,0.0,0.0
2023-10-19 00:00:00+03:00,6.210000038146973,6.210000038146973,6.210000038146973,6.210000038146973,0,0.0,0.0,0.0
2023-10-22 00:00:00+03:00,6.25,6.599999904632568,6.269999980926514,6.480000019073486,275557,0.0,0.0,0.0
2023-10-23 00:00:00+03:00,6.480000019073486,6.559999942779541,6.239999771118164,6.260000228881836,364928,0.0,0.0,0.0
2023-10-24 00:00:00+03:00,6.260000228881836,6.769999980926514,6.300000190734863,6.329999923706055,931754,0.0,0.0,0.0
2023-10-25 00:00:00+03:00,6.329999923706055,6.630000114440918,6.369999885559082,6.409999847412109,316884,0.0,0.0,0.0
2023-10-26 00:00:00+03:00,6.409999847412109,6.590000152587891,6.269999980926514,6.309999942779541,451380,0.0,0.0,0.0
2023-10-29 00:00:00+02:00,6.309999942779541,6.5,6.28000020980835,6.360000133514404,212122,0.0,0.0,0.0
2023-10-30 00:00:00+02:00,6.360000133514404,6.5,6.28000020980835,6.289999961853027,467927,0.0,0.0,0.0
2023-10-31 00:00:00+02:00,6.289999961853027,6.440000057220459,6.159999847412109,6.210000038146973,175366,0.0,0.0,0.0
2023-11-01 00:00:00+02:00,6.210000038146973,6.440000057220459,6.019999980926514,6.150000095367432,922062,0.0,0.0,0.0
2023-11-02 00:00:00+02:00,6.150000095367432,6.239999771118164,6.070000171661377,6.130000114440918,705540,0.0,0.0,0.0
2023-11-05 00:00:00+02:00,6.130000114440918,6.369999885559082,6.130000114440918,6.25,311441,0.0,0.0,0.0
2023-11-06 00:00:00+02:00,6.25,6.369999885559082,6.199999809265137,6.210000038146973,316969,0.0,0.0,0.0
2023-11-07 00:00:00+02:00,6.210000038146973,6.25,6.139999866485596,6.190000057220459,167169,0.0,0.0,0.0
2023-11-08 00:00:00+02:00,6.190000057220459,6.320000171661377,6.159999847412109,6.199999809265137,99110,0.0,0.0,0.0
2023-11-09 00:00:00+02:00,6.199999809265137,6.570000171661377,6.190000057220459,6.320000171661377,632608,0.0,0.0,0.0
2023-11-12 00:00:00+02:00,6.320000171661377,7.300000190734863,6.710000038146973,6.820000171661377,1290459,0.0,0.0,0.0
2023-11-13 00:00:00+02:00,6.820000171661377,6.980000019073486,6.679999828338623,6.699999809265137,819228,0.0,0.0,0.0
2023-11-14 00:00:00+02:00,6.699999809265137,6.900000095367432,6.420000076293945,6.460000038146973,569511,0.0,0.0,0.0
2023-11-15 00:00:00+02:00,6.460000038146973,6.75,6.480000019073486,6.510000228881836,224180,0.0,0.0,0.0
2023-11-16 00:00:00+02:00,6.510000228881836,6.900000095367432,6.5,6.840000152587891,332159,0.0,0.0,0.0
2023-11-19 00:00:00+02:00,6.840000152587891,7.119999885559082,6.769999980926514,6.809999942779541,720395,0.0,0.0,0.0
2023-11-20 00:00:00+02:00,6.809999942779541,6.929999828338623,6.619999885559082,6.670000076293945,294476,0.0,0.0,0.0
2023-11-21 00:00:00+02:00,6.670000076293945,7.150000095367432,6.510000228881836,6.71999979019165,397515,0.0,0.0,0.0
2023-11-22 00:00:00+02:00,6.71999979019165,6.880000114440918,6.619999885559082,6.650000095367432,293432,0.0,0.0,0.0
2023-11-23 00:00:00+02:00,6.650000095367432,6.789999961853027,6.559999942779541,6.639999866485596,462665,0.0,0.0,0.0
2023-11-26 00:00:00+02:00,6.639999866485596,7.179999828338623,6.670000076293945,6.929999828338623,1220860,0.0,0.0,0.0
2023-11-27 00:00:00+02:00,6.929999828338623,7.039999961853027,6.829999923706055,6.860000133514404,629382,0.0,0.0,0.0
2023-11-28 00:00:00+02:00,6.860000133514404,6.900000095367432,6.75,6.769999980926514,373523,0.0,0.0,0.0
2023-11-29 00:00:00+02:00,6.769999980926514,7.010000228881836,6.71999979019165,6.869999885559082,965100,0.0,0.0,0.0
2023-11-30 00:00:00+02:00,6.869999885559082,7.980000019073486,6.75,7.710000038146973,9657071,0.0,0.0,0.0
2023-12-03 00:00:00+02:00,4.623000144958496,5.539999961853027,4.800000190734863,4.869999885559082,2041255,0.0,0.0,0.0
2023-12-04 00:00:00+02:00,4.869999885559082,4.900000095367432,4.210000038146973,4.599999904632568,1337900,0.0,0.0,0.0
2023-12-05 00:00:00+02:00,4.599999904632568,4.650000095367432,4.309999942779541,4.409999847412109,1050321,0.0,0.0,0.0
2023-12-06 00:00:00+02:00,4.409999847412109,4.699999809265137,4.309999942779541,4.579999923706055,1026491,0.0,0.0,0.0
2023-12-07 00:00:00+02:00,4.579999923706055,4.900000095367432,4.550000190734863,4.599999904632568,1354268,0.0,0.0,0.0
2023-12-10 00:00:00+02:00,4.599999904632568,4.699999809265137,4.300000190734863,4.360000133514404,505436,0.0,0.0,0.0
2023-12-11 00:00:00+02:00,4.360000133514404,4.329999923706055,4.03000020980835,4.130000114440918,320762,0.0,0.0,0.0
2023-12-12 00:00:00+02:00,4.130000114440918,4.25,4.0,4.119999885559082,393535,0.0,0.0,0.0
2023-12-13 00:00:00+02:00,4.119999885559082,4.590000152587891,4.059999942779541,4.269999980926514,346495,0.0,0.0,0.0
2023-12-14 00:00:00+02:00,4.269999980926514,4.570000171661377,4.110000133514404,4.150000095367432,268308,0.0,0.0,0.0
2023-12-17 00:00:00+02:00,4.150000095367432,4.460000038146973,4.150000095367432,4.369999885559082,386694,0.0,0.0,0.0
2023-12-18 00:00:00+02:00,4.369999885559082,4.400000095367432,4.199999809265137,4.289999961853027,490112,0.0,0.0,0.0
2023-12-19 00:00:00+02:00,4.289999961853027,4.349999904632568,4.170000076293945,4.199999809265137,196690,0.0,0.0,0.0
2023-12-20 00:00:00+02:00,4.199999809265137,4.21999979019165,4.099999904632568,4.119999885559082,184712,0.0,0.0,0.0
2023-12-21 00:00:00+02:00,4.119999885559082,4.21999979019165,4.059999942779541,4.139999866485596,156499,0.0,0.0,0.0
2023-12-24 00:00:00+02:00,4.139999866485596,4.139999866485596,4.139999866485596,4.139999866485596,0,0.0,0.0,0.0
2023-12-25 00:00:00+02:00,4.170000076293945,4.21999979019165,4.079999923706055,4.099999904632568,332431,0.0,0.0,0.0
2023-12-26 00:00:00+02:00,4.099999904632568,4.150000095367432,4.010000228881836,4.03000020980835,310202,0.0,0.0,0.0
2023-12-27 00:00:00+02:00,4.03000020980835,4.199999809265137,4.0,4.010000228881836,507785,0.0,0.0,0.0
2023-12-28 00:00:00+02:00,4.010000228881836,4.139999866485596,4.010000228881836,4.110000133514404,686501,0.0,0.0,0.0
2023-12-31 00:00:00+02:00,4.110000133514404,4.190000057220459,4.0,4.03000020980835,400375,0.0,0.0,0.0
2024-01-02 00:00:00+02:00,4.03000020980835,4.239999771118164,4.050000190734863,4.179999828338623,738631,0.0,0.0,0.0
2024-01-03 00:00:00+02:00,4.179999828338623,4.25,4.150000095367432,4.230000019073486,336314,0.0,0.0,0.0
2024-01-04 00:00:00+02:00,4.230000019073486,4.269999980926514,4.190000057220459,4.210000038146973,271014,0.0,0.0,0.0
2024-01-08 00:00:00+02:00,4.210000038146973,4.25,4.099999904632568,4.170000076293945,401977,0.0,0.0,0.0
2024-01-09 00:00:00+02:00,4.170000076293945,4.269999980926514,4.150000095367432,4.159999847412109,489941,0.0,0.0,0.0
2024-01-10 00:00:00+02:00,4.159999847412109,4.25,4.110000133514404,4.199999809265137,1011832,0.0,0.0,0.0
2024-01-11 00:00:00+02:00,4.199999809265137,4.900000095367432,4.300000190734863,4.440000057220459,3387877,0.0,0.0,0.0
2024-01-14 00:00:00+02:00,4.440000057220459,4.739999771118164,4.519999980926514,4.539999961853027,1512230,0.0,0.0,0.0
2024-01-15 00:00:00+02:00,4.539999961853027,4.630000114440918,4.460000038146973,4.480000019073486,897447,0.0,0.0,0.0
2024-01-16 00:00:00+02:00,4.480000019073486,4.559999942779541,4.349999904632568,4.400000095367432,1195478,0.0,0.0,0.0
2024-01-17 00:00:00+02:00,4.400000095367432,4.5,4.199999809265137,4.269999980926514,4105022,0.0,0.0,0.0
2024-01-18 00:00:00+02:00,4.269999980926514,4.369999885559082,4.199999809265137,4.309999942779541,1529267,0.0,0.0,0.0
2024-01-21 00:00:00+02:00,4.309999942779541,4.400000095367432,4.28000020980835,4.300000190734863,1096013,0.0,0.0,0.0
2024-01-22 00:00:00+02:00,4.300000190734863,4.369999885559082,4.25,4.289999961853027,632222,0.0,0.0,0.0
2024-01-23 00:00:00+02:00,4.289999961853027,4.349999904632568,4.21999979019165,4.269999980926514,486956,0.0,0.0,0.0
2024-01-24 00:00:00+02:00,4.269999980926514,4.400000095367432,4.21999979019165,4.300000190734863,816531,0.0,0.0,0.0
2024-01-28 00:00:00+02:00,4.300000190734863,4.400000095367432,4.28000020980835,4.289999961853027,558577,0.0,0.0,0.0
2024-01-29 00:00:00+02:00,4.289999961853027,4.329999923706055,4.170000076293945,4.199999809265137,678088,0.0,0.0,0.0
2024-01-30 00:00:00+02:00,4.199999809265137,4.289999961853027,4.139999866485596,4.159999847412109,802785,0.0,0.0,0.0
2024-01-31 00:00:00+02:00,4.159999847412109,4.230000019073486,3.880000114440918,3.9600000381469727,1015584,0.0,0.0,0.0
2024-02-01 00:00:00+02:00,3.9600000381469727,4.199999809265137,3.799999952316284,4.150000095367432,739704,0.0,0.0,0.0
2024-02-04 00:00:00+02:00,4.150000095367432,4.139999866485596,4.039999961853027,4.090000152587891,201445,0.0,0.0,0.0
2024-02-05 00:00:00+02:00,4.090000152587891,4.199999809265137,4.079999923706055,4.139999866485596,465234,0.0,0.0,0.0
2024-02-06 00:00:00+02:00,4.139999866485596,4.210000038146973,4.070000171661377,4.090000152587891,586074,0.0,0.0,0.0
2024-02-07 00:00:00+02:00,4.090000152587891,4.170000076293945,4.070000171661377,4.119999885559082,210650,0.0,0.0,0.0
2024-02-08 00:00:00+02:00,4.119999885559082,4.150000095367432,4.03000020980835,4.090000152587891,253831,0.0,0.0,0.0
2024-02-11 00:00:00+02:00,4.090000152587891,4.119999885559082,4.0,4.010000228881836,293048,0.0,0.0,0.0
2024-02-12 00:00:00+02:00,4.010000228881836,4.099999904632568,3.9000000953674316,4.019999980926514,309340,0.0,0.0,0.0
2024-02-13 00:00:00+02:00,4.019999980926514,4.300000190734863,3.950000047683716,4.130000114440918,1018332,0.0,0.0,0.0
2024-02-14 00:00:00+02:00,4.130000114440918,4.179999828338623,4.079999923706055,4.099999904632568,383713,0.0,0.0,0.0
2024-02-15 00:00:00+02:00,4.099999904632568,4.150000095367432,4.039999961853027,4.059999942779541,518065,0.0,0.0,0.0
2024-02-18 00:00:00+02:00,4.059999942779541,4.059999942779541,4.059999942779541,4.059999942779541,0,0.0,0.0,0.0
2024-02-19 00:00:00+02:00,4.170000076293945,4.260000228881836,4.119999885559082,4.21999979019165,1818222,0.0,0.0,0.0
2024-02-20 00:00:00+02:00,4.21999979019165,4.150000095367432,3.9200000762939453,4.139999866485596,9798227,0.0,0.0,0.0
2024-02-21 00:00:00+02:00,4.139999866485596,4.199999809265137,4.070000171661377,4.090000152587891,3108643,0.0,0.0,0.0
2024-02-22 00:00:00+02:00,4.090000152587891,4.110000133514404,3.990000009536743,4.039999961853027,2683105,0.0,0.0,0.0
2024-02-25 00:00:00+02:00,4.039999961853027,4.199999809265137,3.799999952316284,4.059999942779541,4129094,0.0,0.0,0.0
2024-02-26 00:00:00+02:00,4.059999942779541,4.119999885559082,3.990000009536743,4.0,3638311,0.0,0.0,0.0
2024-02-27 00:00:00+02:00,4.0,4.039999961853027,3.9200000762939453,3.950000047683716,1677639,0.0,0.0,0.0
2024-02-28 00:00:00+02:00,3.950000047683716,3.990000009536743,3.8299999237060547,3.8299999237060547,2465512,0.0,0.0,0.0
2024-02-29 00:00:00+02:00,3.8299999237060547,3.8499999046325684,3.7300000190734863,3.75,1568277,0.0,0.0,0.0
2024-03-03 00:00:00+02:00,3.75,3.890000104904175,3.7100000381469727,3.7200000286102295,1937232,0.0,0.0,0.0
2024-03-04 00:00:00+02:00,3.7200000286102295,3.8299999237060547,3.7200000286102295,3.7699999809265137,1638937,0.0,0.0,0.0
2024-03-05 00:00:00+02:00,3.7699999809265137,3.819999933242798,3.630000114440918,3.6600000858306885,1324775,0.0,0.0,0.0
2024-03-06 00:00:00+02:00,3.6600000858306885,3.700000047683716,3.359999895095825,3.4000000953674316,1210858,0.0,0.0,0.0
2024-03-07 00:00:00+02:00,3.4000000953674316,3.4700000286102295,3.3499999046325684,3.369999885559082,737442,0.0,0.0,0.0
2024-03-10 00:00:00+02:00,3.369999885559082,3.4800000190734863,3.369999885559082,3.4100000858306885,1245917,0.0,0.0,0.0
2024-03-11 00:00:00+02:00,3.4100000858306885,3.490000009536743,3.4000000953674316,3.4100000858306885,838765,0.0,0.0,0.0
2024-03-12 00:00:00+02:00,3.4100000858306885,3.4600000381469727,3.25,3.2899999618530273,568747,0.0,0.0,0.0
2024-03-13 00:00:00+02:00,3.2899999618530273,3.3399999141693115,3.130000114440918,3.2100000381469727,845211,0.0,0.0,0.0
2024-03-14 00:00:00+02:00,3.2100000381469727,3.4000000953674316,3.2100000381469727,3.309999942779541,506348,0.0,0.0,0.0
2024-03-17 00:00:00+02:00,3.309999942779541,3.440000057220459,3.180000066757202,3.190000057220459,1201795,0.0,0.0,0.0
2024-03-18 00:00:00+02:00,3.190000057220459,3.200000047683716,2.640000104904175,2.8399999141693115,947033,0.0,0.0,0.0
2024-03-19 00:00:00+02:00,2.8399999141693115,2.9200000762939453,2.6500000953674316,2.7899999618530273,897795,0.0,0.0,0.0
2024-03-20 00:00:00+02:00,2.7899999618530273,2.9000000953674316,2.7200000286102295,2.740000009536743,1098356,0.0,0.0,0.0
2024-03-21 00:00:00+02:00,2.740000009536743,2.9000000953674316,2.7300000190734863,2.880000114440918,863382,0.0,0.0,0.0
2024-03-24 00:00:00+02:00,2.880000114440918,3.2799999713897705,2.880000114440918,3.0,449322,0.0,0.0,0.0
2024-03-25 00:00:00+02:00,3.0,3.0899999141693115,2.950000047683716,3.0199999809265137,471481,0.0,0.0,0.0
2024-03-26 00:00:00+02:00,3.0199999809265137,3.069999933242798,2.9600000381469727,3.0,260657,0.0,0.0,0.0
2024-03-27 00:00:00+02:00,3.0,3.049999952316284,2.950000047683716,2.990000009536743,522505,0.0,0.0,0.0
2024-03-28 00:00:00+02:00,2.990000009536743,3.049999952316284,2.930000066757202,3.009999990463257,297798,0.0,0.0,0.0
2024-03-31 00:00:00+02:00,3.009999990463257,3.049999952316284,2.5999999046325684,2.5999999046325684,469440,0.0,0.0,0.0
2024-04-01 00:00:00+02:00,2.5999999046325684,2.950000047683716,2.7300000190734863,2.869999885559082,460941,0.0,0.0,0.0
2024-04-02 00:00:00+02:00,2.869999885559082,2.930000066757202,2.8499999046325684,2.9000000953674316,195221,0.0,0.0,0.0
2024-04-03 00:00:00+02:00,2.9000000953674316,2.950000047683716,2.759999990463257,2.799999952316284,640517,0.0,0.0,0.0
2024-04-04 00:00:00+02:00,2.799999952316284,2.9000000953674316,2.8499999046325684,2.880000114440918,217882,0.0,0.0,0.0
2024-04-07 00:00:00+02:00,2.880000114440918,2.9100000858306885,2.8499999046325684,2.890000104904175,156635,0.0,0.0,0.0
2024-04-08 00:00:00+02:00,2.890000104904175,2.930000066757202,2.819999933242798,2.890000104904175,233787,0.0,0.0,0.0
2024-04-15 00:00:00+02:00,2.890000104904175,2.940000057220459,2.880000114440918,2.9100000858306885,269045,0.0,0.0,0.0
2024-04-16 00:00:00+02:00,2.9100000858306885,3.0399999618530273,2.890000104904175,2.9800000190734863,876888,0.0,0.0,0.0
2024-04-17 00:00:00+02:00,2.9800000190734863,3.059999942779541,2.9700000286102295,3.0199999809265137,324331,0.0,0.0,0.0
2024-04-18 00:00:00+02:00,3.0199999809265137,3.0399999618530273,2.8299999237060547,2.8499999046325684,640794,0.0,0.0,0.0
2024-04-21 00:00:00+02:00,2.8499999046325684,2.9200000762939453,2.819999933242798,2.8399999141693115,393136,0.0,0.0,0.0
2024-04-22 00:00:00+02:00,2.8399999141693115,2.9000000953674316,2.7899999618530273,2.8399999141693115,530877,0.0,0.0,0.0
2024-04-23 00:00:00+02:00,2.8399999141693115,2.859999895095825,2.759999990463257,2.799999952316284,302338,0.0,0.0,0.0
2024-04-24 00:00:00+02:00,2.799999952316284,2.799999952316284,2.609999895095825,2.700000047683716,507520,0.0,0.0,0.0
2024-04-28 00:00:00+03:00,2.700000047683716,2.700000047683716,2.700000047683716,2.700000047683716,0,0.0,0.0,0.0
2024-04-29 00:00:00+03:00,2.5799999237060547,2.690000057220459,2.5,2.6500000953674316,630661,0.0,0.0,0.0
2024-04-30 00:00:00+03:00,2.6500000953674316,2.690000057220459,2.509999990463257,2.5799999237060547,695171,0.0,0.0,0.0
2024-05-02 00:00:00+03:00,2.799999952316284,2.799999952316284,2.6700000762939453,2.7300000190734863,114388,0.0,0.0,0.0
2024-05-07 00:00:00+03:00,2.7300000190734863,2.799999952316284,2.680000066757202,2.7200000286102295,143236,0.0,0.0,0.0
2024-05-08 00:00:00+03:00,2.7200000286102295,2.7799999713897705,2.640000104904175,2.680000066757202,150812,0.0,0.0,0.0
2024-05-09 00:00:00+03:00,2.680000066757202,2.7200000286102295,2.6500000953674316,2.680000066757202,84970,0.0,0.0,0.0
2024-05-12 00:00:00+03:00,2.680000066757202,2.759999990463257,2.6600000858306885,2.7100000381469727,540291,0.0,0.0,0.0
2024-05-13 00:00:00+03:00,2.7100000381469727,2.9000000953674316,2.630000114440918,2.869999885559082,1921679,0.0,0.0,0.0
2024-05-14 00:00:00+03:00,2.869999885559082,2.990000009536743,2.799999952316284,2.9600000381469727,2424255,0.0,0.0,0.0
2024-05-15 00:00:00+03:00,2.9600000381469727,3.0,2.799999952316284,3.0,1839406,0.0,0.0,0.0
2024-05-16 00:00:00+03:00,3.0,3.190000057220459,2.9600000381469727,3.119999885559082,1255876,0.0,0.0,0.0
2024-05-19 00:00:00+03:00,3.119999885559082,3.1500000953674316,3.009999990463257,3.049999952316284,471558,0.0,0.0,0.0
2024-05-20 00:00:00+03:00,3.049999952316284,3.049999952316284,2.9000000953674316,2.9200000762939453,477770,0.0,0.0,0.0
2024-05-21 00:00:00+03:00,2.9200000762939453,2.9600000381469727,2.869999885559082,2.9000000953674316,192938,0.0,0.0,0.0
2024-05-22 00:00:00+03:00,2.9000000953674316,2.950000047683716,2.8499999046325684,2.869999885559082,207281,0.0,0.0,0.0
2024-05-23 00:00:00+03:00,2.869999885559082,3.0,2.8499999046325684,2.9000000953674316,240219,0.0,0.0,0.0
2024-05-26 00:00:00+03:00,2.9000000953674316,2.9000000953674316,2.9000000953674316,2.9000000953674316,0,0.0,0.0,0.0
2024-05-27 00:00:00+03:00,2.9100000858306885,2.9000000953674316,2.819999933242798,2.8399999141693115,256403,0.0,0.0,0.0
2024-05-28 00:00:00+03:00,2.8399999141693115,2.9000000953674316,2.819999933242798,2.8499999046325684,140754,0.0,0.0,0.0
2024-05-29 00:00:00+03:00,2.8499999046325684,2.930000066757202,2.859999895095825,2.9100000858306885,252804,0.0,0.0,0.0
2024-05-30 00:00:00+03:00,2.9100000858306885,2.9100000858306885,2.809999942779541,2.8299999237060547,173894,0.0,0.0,0.0
2024-06-02 00:00:00+03:00,2.8299999237060547,2.880000114440918,2.75,2.8299999237060547,70374,0.0,0.0,0.0
2024-06-03 00:00:00+03:00,2.8299999237060547,2.9000000953674316,2.75,2.819999933242798,112291,0.0,0.0,0.0
2024-06-04 00:00:00+03:00,2.819999933242798,2.9000000953674316,2.799999952316284,2.819999933242798,87995,0.0,0.0,0.0
2024-06-05 00:00:00+03:00,2.819999933242798,2.8399999141693115,2.7100000381469727,2.7799999713897705,137577,0.0,0.0,0.0
2024-06-06 00:00:00+03:00,2.7799999713897705,2.880000114440918,2.5399999618530273,2.7699999809265137,899139,0.0,0.0,0.0
2024-06-09 00:00:00+03:00,2.7699999809265137,2.859999895095825,2.700000047683716,2.8399999141693115,233570,0.0,0.0,0.0
2024-06-10 00:00:00+03:00,2.8399999141693115,3.0,2.8399999141693115,2.9800000190734863,880772,0.0,0.0,0.0
2024-06-11 00:00:00+03:00,2.9800000190734863,3.049999952316284,2.859999895095825,2.9700000286102295,413484,0.0,0.0,0.0
2024-06-12 00:00:00+03:00,2.9700000286102295,3.0,2.9100000858306885,3.0,419236,0.0,0.0,0.0
2024-06-13 00:00:00+03:00,3.0,3.049999952316284,2.9000000953674316,3.009999990463257,356413,0.0,0.0,0.0
2024-06-23 00:00:00+03:00,3.009999990463257,3.200000047683716,2.9700000286102295,3.190000057220459,696665,0.0,0.0,0.0
2024-06-24 00:00:00+03:00,3.190000057220459,3.369999885559082,3.109999895095825,3.299999952316284,1266259,0.0,0.0,0.0
2024-06-25 00:00:00+03:00,3.299999952316284,3.359999895095825,3.2200000286102295,3.309999942779541,269876,0.0,0.0,0.0
2024-06-26 00:00:00+03:00,3.309999942779541,3.490000009536743,3.259999990463257,3.380000114440918,906606,0.0,0.0,0.0
2024-06-27 00:00:00+03:00,3.380000114440918,3.450000047683716,3.3499999046325684,3.390000104904175,286824,0.0,0.0,0.0
2024-07-02 00:00:00+03:00,3.259999990463257,3.380000114440918,3.200000047683716,3.240000009536743,117660,0.0,0.0,0.0
2024-07-03 00:00:00+03:00,3.240000009536743,3.3399999141693115,3.1700000762939453,3.240000009536743,46719,0.0,0.0,0.0
2024-07-04 00:00:00+03:00,3.240000009536743,3.299999952316284,3.1700000762939453,3.2100000381469727,134932,0.0,0.0,0.0
2024-07-07 00:00:00+03:00,3.2100000381469727,3.2699999809265137,3.1700000762939453,3.200000047683716,166015,0.0,0.0,0.0
2024-07-08 00:00:00+03:00,3.200000047683716,3.299999952316284,3.180000066757202,3.2100000381469727,301376,0.0,0.0,0.0
2024-07-09 00:00:00+03:00,3.2100000381469727,3.2200000286102295,3.180000066757202,3.2100000381469727,112570,0.0,0.0,0.0
2024-07-10 00:00:00+03:00,3.2100000381469727,3.299999952316284,3.200000047683716,3.25,178073,0.0,0.0,0.0
2024-07-14 00:00:00+03:00,3.25,3.2799999713897705,3.190000057220459,3.25,35541,0.0,0.0,0.0
2024-07-15 00:00:00+03:00,3.25,3.380000114440918,3.130000114440918,3.1600000858306885,222589,0.0,0.0,0.0
2024-07-16 00:00:00+03:00,3.1600000858306885,3.259999990463257,3.1700000762939453,3.1600000858306885,20231,0.0,0.0,0.0
2024-07-17 00:00:00+03:00,3.1600000858306885,3.2300000190734863,3.109999895095825,3.180000066757202,105014,0.0,0.0,0.0
2024-07-18 00:00:00+03:00,3.180000066757202,3.299999952316284,3.2200000286102295,3.259999990463257,127807,0.0,0.0,0.0
2024-07-21 00:00:00+03:00,3.259999990463257,3.2799999713897705,3.1500000953674316,3.240000009536743,165338,0.0,0.0,0.0
2024-07-22 00:00:00+03:00,3.240000009536743,3.25,3.1600000858306885,3.240000009536743,29755,0.0,0.0,0.0
2024-07-23 00:00:00+03:00,3.240000009536743,3.390000104904175,3.200000047683716,3.369999885559082,547219,0.0,0.0,0.0
2024-07-24 00:00:00+03:00,3.369999885559082,3.5399999618530273,3.380000114440918,3.4200000762939453,1119656,0.0,0.0,0.0
2024-07-28 00:00:00+03:00,3.4200000762939453,3.4100000858306885,3.25,3.2799999713897705,254501,0.0,0.0,0.0
2024-07-29 00:00:00+03:00,3.2799999713897705,3.4100000858306885,3.299999952316284,3.359999895095825,384526,0.0,0.0,0.0
2024-07-30 00:00:00+03:00,3.359999895095825,3.390000104904175,3.319999933242798,3.369999885559082,133567,0.0,0.0,0.0
2024-07-31 00:00:00+03:00,3.369999885559082,3.440000057220459,3.299999952316284,3.390000104904175,131956,0.0,0.0,0.0
2024-08-01 00:00:00+03:00,3.390000104904175,3.440000057220459,3.309999942779541,3.3299999237060547,191849,0.0,0.0,0.0
2024-08-04 00:00:00+03:00,3.3299999237060547,3.309999942779541,3.130000114440918,3.180000066757202,445349,0.0,0.0,0.0
2024-08-05 00:00:00+03:00,3.180000066757202,3.1500000953674316,2.799999952316284,3.069999933242798,371588,0.0,0.0,0.0
2024-08-06 00:00:00+03:00,3.069999933242798,3.25,3.049999952316284,3.109999895095825,155811,0.0,0.0,0.0
2024-08-07 00:00:00+03:00,3.109999895095825,3.190000057220459,3.049999952316284,3.0999999046325684,398227,0.0,0.0,0.0
2024-08-08 00:00:00+03:00,3.0999999046325684,3.1500000953674316,3.049999952316284,3.130000114440918,141576,0.0,0.0,0.0
2024-08-11 00:00:00+03:00,3.130000114440918,3.2200000286102295,3.0299999713897705,3.180000066757202,347508,0.0,0.0,0.0
2024-08-12 00:00:00+03:00,3.180000066757202,3.430000066757202,3.140000104904175,3.190000057220459,3166514,0.0,0.0,0.0
2024-08-13 00:00:00+03:00,3.190000057220459,3.25,3.1500000953674316,3.1600000858306885,381133,0.0,0.0,0.0
2024-08-14 00:00:00+03:00,3.1600000858306885,3.200000047683716,3.130000114440918,3.1500000953674316,160858,0.0,0.0,0.0
2024-08-15 00:00:00+03:00,3.1500000953674316,3.2100000381469727,3.0999999046325684,3.1500000953674316,278706,0.0,0.0,0.0
2024-08-18 00:00:00+03:00,3.1500000953674316,3.309999942779541,3.1500000953674316,3.240000009536743,716697,0.0,0.0,0.0
2024-08-19 00:00:00+03:00,3.240000009536743,3.299999952316284,3.1600000858306885,3.25,415697,0.0,0.0,0.0
2024-08-20 00:00:00+03:00,3.25,3.2899999618530273,3.1700000762939453,3.2100000381469727,519403,0.0,0.0,0.0
2024-08-21 00:00:00+03:00,3.2100000381469727,3.3299999237060547,3.2100000381469727,3.2699999809265137,435108,0.0,0.0,0.0
2024-08-22 00:00:00+03:00,3.2699999809265137,3.359999895095825,3.2100000381469727,3.2699999809265137,697988,0.0,0.0,0.0
2024-08-25 00:00:00+03:00,3.2699999809265137,3.3499999046325684,3.2100000381469727,3.3299999237060547,606589,0.0,0.0,0.0
2024-08-26 00:00:00+03:00,3.3299999237060547,3.450000047683716,3.309999942779541,3.380000114440918,763957,0.0,0.0,0.0
2024-08-27 00:00:00+03:00,3.380000114440918,3.4200000762939453,3.3399999141693115,3.380000114440918,306278,0.0,0.0,0.0
2024-08-28 00:00:00+03:00,3.380000114440918,3.5,3.3499999046325684,3.380000114440918,565776,0.0,0.0,0.0
2024-08-29 00:00:00+03:00,3.380000114440918,3.5999999046325684,3.359999895095825,3.5999999046325684,1823020,0.0,0.0,0.0
2024-09-01 00:00:00+03:00,3.5999999046325684,3.700000047683716,3.5199999809265137,3.5299999713897705,819529,0.0,0.0,0.0
2024-09-02 00:00:00+03:00,3.5299999713897705,3.6600000858306885,3.5299999713897705,3.619999885559082,835481,0.0,0.0,0.0
2024-09-03 00:00:00+03:00,3.619999885559082,3.75,3.5799999237060547,3.700000047683716,992071,0.0,0.0,0.0
2024-09-04 00:00:00+03:00,3.700000047683716,4.099999904632568,3.700000047683716,4.0,3702112,0.0,0.0,0.0
2024-09-05 00:00:00+03:00,4.0,4.480000019073486,4.0,4.380000114440918,9011457,0.0,0.0,0.0
2024-09-08 00:00:00+03:00,4.380000114440918,4.420000076293945,4.230000019073486,4.320000171661377,1901741,0.0,0.0,0.0
2024-09-09 00:00:00+03:00,4.320000171661377,4.449999809265137,4.21999979019165,4.25,2157880,0.0,0.0,0.0
2024-09-10 00:00:00+03:00,4.25,4.5,4.239999771118164,4.420000076293945,5550445,0.0,0.0,0.0
2024-09-11 00:00:00+03:00,4.420000076293945,4.400000095367432,4.150000095367432,4.329999923706055,1239316,0.0,0.0,0.0
2024-09-12 00:00:00+03:00,4.329999923706055,4.480000019073486,4.300000190734863,4.400000095367432,1763360,0.0,0.0,0.0
2024-09-16 00:00:00+03:00,4.400000095367432,4.550000190734863,4.239999771118164,4.380000114440918,1488065,0.0,0.0,0.0
2024-09-17 00:00:00+03:00,4.380000114440918,4.400000095367432,4.179999828338623,4.309999942779541,1517402,0.0,0.0,0.0
2024-09-18 00:00:00+03:00,4.309999942779541,4.389999866485596,4.159999847412109,4.230000019073486,398184,0.0,0.0,0.0
2024-09-19 00:00:00+03:00,4.230000019073486,4.329999923706055,4.079999923706055,4.210000038146973,1155420,0.0,0.0,0.0
2024-09-22 00:00:00+03:00,4.210000038146973,4.699999809265137,4.159999847412109,4.480000019073486,2270029,0.0,0.0,0.0
2024-09-23 00:00:00+03:00,4.480000019073486,4.590000152587891,4.289999961853027,4.590000152587891,2971061,0.0,0.0,0.0
2024-09-24 00:00:00+03:00,4.28000020980835,4.389999866485596,4.230000019073486,4.25,822776,0.0,0.0,0.0
2024-09-25 00:00:00+03:00,4.380000114440918,4.400000095367432,4.230000019073486,4.28000020980835,841729,0.0,0.0,0.0
2024-09-26 00:00:00+03:00,4.28000020980835,4.389999866485596,4.230000019073486,4.25,822776,0.0,0.0,0.0
2024-09-29 00:00:00+03:00,4.25,4.679999828338623,4.119999885559082,4.5,1767207,0.0,0.0,0.0
2024-09-30 00:00:00+03:00,4.5,4.75,4.460000038146973,4.610000133514404,2938283,0.0,0.0,0.0
2024-10-01 00:00:00+03:00,4.610000133514404,4.599999904632568,4.400000095367432,4.409999847412109,1048959,0.0,0.0,0.0
2024-10-02 00:00:00+03:00,4.409999847412109,4.420000076293945,4.300000190734863,4.349999904632568,167700,0.0,0.0,0.0
2024-10-03 00:00:00+03:00,4.349999904632568,4.480000019073486,4.309999942779541,4.429999828338623,428220,0.0,0.0,0.0
2024-10-07 00:00:00+03:00,4.429999828338623,4.449999809265137,4.230000019073486,4.289999961853027,627140,0.0,0.0,0.0
2024-10-08 00:00:00+03:00,4.289999961853027,4.420000076293945,4.050000190734863,4.25,414055,0.0,0.0,0.0
2024-10-09 00:00:00+03:00,4.25,4.329999923706055,4.110000133514404,4.150000095367432,338497,0.0,0.0,0.0
2024-10-10 00:00:00+03:00,4.150000095367432,4.199999809265137,4.0,4.019999980926514,928376,0.0,0.0,0.0
2024-10-13 00:00:00+03:00,4.019999980926514,4.03000020980835,3.809999942779541,3.8499999046325684,409554,0.0,0.0,0.0
2024-10-14 00:00:00+03:00,3.8499999046325684,3.9600000381469727,3.7100000381469727,3.809999942779541,500333,0.0,0.0,0.0
2024-10-15 00:00:00+03:00,3.809999942779541,4.199999809265137,3.8499999046325684,4.019999980926514,883484,0.0,0.0,0.0
2024-10-16 00:00:00+03:00,4.019999980926514,4.159999847412109,3.8499999046325684,3.869999885559082,984983,0.0,0.0,0.0
2024-10-17 00:00:00+03:00,3.869999885559082,3.9600000381469727,3.799999952316284,3.809999942779541,392938,0.0,0.0,0.0
2024-10-20 00:00:00+03:00,3.809999942779541,3.990000009536743,3.7799999713897705,3.9000000953674316,175040,0.0,0.0,0.0
2024-10-21 00:00:00+03:00,3.9000000953674316,4.170000076293945,3.75,3.990000009536743,546985,0.0,0.0,0.0
2024-10-22 00:00:00+03:00,3.990000009536743,4.090000152587891,3.9200000762939453,4.039999961853027,446222,0.0,0.0,0.0
2024-10-23 00:00:00+03:00,4.039999961853027,4.150000095367432,3.9200000762939453,3.9800000190734863,491931,0.0,0.0,0.0
2024-10-24 00:00:00+03:00,3.9800000190734863,4.039999961853027,3.9200000762939453,3.950000047683716,124908,0.0,0.0,0.0
2024-10-27 00:00:00+03:00,3.950000047683716,4.170000076293945,3.9100000858306885,4.119999885559082,1389365,0.0,0.0,0.0
2024-10-28 00:00:00+03:00,4.119999885559082,4.260000228881836,4.0,4.050000190734863,1498786,0.0,0.0,0.0
2024-10-29 00:00:00+03:00,4.050000190734863,4.079999923706055,3.9000000953674316,3.9600000381469727,935298,0.0,0.0,0.0
2024-10-30 00:00:00+03:00,3.9600000381469727,3.9600000381469727,3.859999895095825,3.9100000858306885,272973,0.0,0.0,0.0
2024-10-31 00:00:00+03:00,3.9100000858306885,4.03000020980835,3.880000114440918,3.990000009536743,785378,0.0,0.0,0.0
2024-11-03 00:00:00+02:00,3.990000009536743,4.119999885559082,3.9800000190734863,4.010000228881836,855364,0.0,0.0,0.0
2024-11-04 00:00:00+02:00,4.010000228881836,4.079999923706055,3.990000009536743,3.990000009536743,253323,0.0,0.0,0.0
2024-11-05 00:00:00+02:00,3.990000009536743,4.010000228881836,3.930000066757202,3.940000057220459,556253,0.0,0.0,0.0
2024-11-06 00:00:00+02:00,3.940000057220459,4.010000228881836,3.940000057220459,3.950000047683716,206572,0.0,0.0,0.0
2024-11-07 00:00:00+02:00,3.950000047683716,4.0,3.930000066757202,3.9700000286102295,103527,0.0,0.0,0.0
2024-11-10 00:00:00+02:00,3.9700000286102295,3.9600000381469727,3.9000000953674316,3.940000057220459,496090,0.0,0.0,0.0
2024-11-11 00:00:00+02:00,3.940000057220459,3.9800000190734863,3.859999895095825,3.9700000286102295,1015917,0.0,0.0,0.0
2024-11-12 00:00:00+02:00,3.9700000286102295,3.990000009536743,3.9100000858306885,3.9600000381469727,314615,0.0,0.0,0.0
2024-11-13 00:00:00+02:00,3.9600000381469727,3.9700000286102295,3.880000114440918,3.890000104904175,1009624,0.0,0.0,0.0
2024-11-14 00:00:00+02:00,3.890000104904175,4.139999866485596,3.9000000953674316,4.090000152587891,2633210,0.0,0.0,0.0
2024-11-17 00:00:00+02:00,4.090000152587891,4.25,3.9800000190734863,4.010000228881836,5343537,0.0,0.0,0.0
2024-11-18 00:00:00+02:00,4.010000228881836,4.090000152587891,3.880000114440918,3.890000104904175,1942696,0.0,0.0,0.0
2024-11-19 00:00:00+02:00,3.890000104904175,3.950000047683716,3.809999942779541,3.8299999237060547,884195,0.0,0.0,0.0
2024-11-20 00:00:00+02:00,3.8299999237060547,3.950000047683716,3.799999952316284,3.809999942779541,921416,0.0,0.0,0.0
2024-11-21 00:00:00+02:00,3.809999942779541,3.890000104904175,3.809999942779541,3.8299999237060547,495033,0.0,0.0,0.0
2024-11-24 00:00:00+02:00,3.8299999237060547,3.869999885559082,3.7300000190734863,3.740000009536743,599600,0.0,0.0,0.0
2024-11-25 00:00:00+02:00,3.740000009536743,3.7899999618530273,3.6600000858306885,3.690000057220459,1063349,0.0,0.0,0.0
2024-11-26 00:00:00+02:00,3.690000057220459,3.7799999713897705,3.6700000762939453,3.700000047683716,555445,0.0,0.0,0.0
2024-11-27 00:00:00+02:00,3.700000047683716,3.75,3.5399999618530273,3.5799999237060547,231375,0.0,0.0,0.0
2024-11-28 00:00:00+02:00,3.5799999237060547,3.5999999046325684,3.440000057220459,3.5,378236,0.0,0.0,0.0
2024-12-01 00:00:00+02:00,3.5,3.6600000858306885,3.5,3.549999952316284,428581,0.0,0.0,0.0
2024-12-02 00:00:00+02:00,3.549999952316284,3.6500000953674316,3.569999933242798,3.5899999141693115,276560,0.0,0.0,0.0
2024-12-03 00:00:00+02:00,3.5899999141693115,3.6700000762939453,3.5799999237060547,3.609999895095825,185104,0.0,0.0,0.0
2024-12-04 00:00:00+02:00,3.609999895095825,3.7899999618530273,3.5799999237060547,3.759999990463257,888227,0.0,0.0,0.0
2024-12-05 00:00:00+02:00,3.759999990463257,3.7899999618530273,3.6500000953674316,3.680000066757202,523928,0.0,0.0,0.0
2024-12-08 00:00:00+02:00,3.680000066757202,3.740000009536743,3.5799999237060547,3.5999999046325684,626594,0.0,0.0,0.0
2024-12-09 00:00:00+02:00,3.5999999046325684,3.6700000762939453,3.5299999713897705,3.549999952316284,642074,0.0,0.0,0.0
2024-12-10 00:00:00+02:00,3.549999952316284,3.5799999237060547,3.4700000286102295,3.5,478097,0.0,0.0,0.0
2024-12-11 00:00:00+02:00,3.5,3.5899999141693115,3.5,3.509999990463257,416990,0.0,0.0,0.0
2024-12-12 00:00:00+02:00,3.509999990463257,3.559999942779541,3.490000009536743,3.5,380565,0.0,0.0,0.0
2024-12-15 00:00:00+02:00,3.5,3.549999952316284,3.490000009536743,3.509999990463257,204828,0.0,0.0,0.0
2024-12-16 00:00:00+02:00,3.509999990463257,3.5799999237060547,3.509999990463257,3.5199999809265137,313296,0.0,0.0,0.0
2024-12-17 00:00:00+02:00,3.5199999809265137,3.5399999618530273,3.4800000190734863,3.5,266964,0.0,0.0,0.0
2024-12-18 00:00:00+02:00,3.5,3.5399999618530273,3.2100000381469727,3.3299999237060547,807146,0.0,0.0,0.0
2024-12-19 00:00:00+02:00,3.3299999237060547,3.4700000286102295,3.2100000381469727,3.380000114440918,386853,0.0,0.0,0.0
2024-12-22 00:00:00+02:00,3.380000114440918,3.4000000953674316,3.299999952316284,3.319999933242798,397479,0.0,0.0,0.0
2024-12-23 00:00:00+02:00,3.319999933242798,3.380000114440918,3.25,3.2899999618530273,450646,0.0,0.0,0.0
2024-12-24 00:00:00+02:00,3.2899999618530273,3.299999952316284,3.2100000381469727,3.25,225060,0.0,0.0,0.0
2024-12-25 00:00:00+02:00,3.25,3.5,3.25,3.380000114440918,1028291,0.0,0.0,0.0
2024-12-26 00:00:00+02:00,3.380000114440918,3.4600000381469727,3.3299999237060547,3.440000057220459,880382,0.0,0.0,0.0
2024-12-29 00:00:00+02:00,3.440000057220459,3.5,3.3299999237060547,3.359999895095825,498104,0.0,0.0,0.0
2024-12-30 00:00:00+02:00,3.359999895095825,3.630000114440918,3.359999895095825,3.5399999618530273,2165309,0.0,0.0,0.0
2024-12-31 00:00:00+02:00,3.5399999618530273,3.6500000953674316,3.5,3.5199999809265137,1172564,0.0,0.0,0.0
2025-01-02 00:00:00+02:00,3.5199999809265137,3.7100000381469727,3.5399999618530273,3.5899999141693115,2208085,0.0,0.0,0.0
2025-01-05 00:00:00+02:00,3.5899999141693115,3.680000066757202,3.5399999618530273,3.569999933242798,1005916,0.0,0.0,0.0
2025-01-06 00:00:00+02:00,3.569999933242798,3.619999885559082,3.5199999809265137,3.5399999618530273,416704,0.0,0.0,0.0
2025-01-08 00:00:00+02:00,3.5399999618530273,3.559999942779541,3.4200000762939453,3.4800000190734863,497660,0.0,0.0,0.0
2025-01-09 00:00:00+02:00,3.4800000190734863,3.490000009536743,3.369999885559082,3.4000000953674316,597465,0.0,0.0,0.0
2025-01-12 00:00:00+02:00,3.4000000953674316,3.4000000953674316,3.299999952316284,3.369999885559082,303813,0.0,0.0,0.0
2025-01-13 00:00:00+02:00,3.369999885559082,3.4000000953674316,3.2100000381469727,3.2200000286102295,791304,0.0,0.0,0.0
2025-01-14 00:00:00+02:00,3.2200000286102295,3.359999895095825,3.1500000953674316,3.2899999618530273,924936,0.0,0.0,0.0
2025-01-15 00:00:00+02:00,3.2899999618530273,3.4000000953674316,3.2699999809265137,3.299999952316284,1340198,0.0,0.0,0.0
2025-01-16 00:00:00+02:00,3.299999952316284,3.3499999046325684,3.309999942779541,3.309999942779541,405219,0.0,0.0,0.0
2025-01-19 00:00:00+02:00,3.299999952316284,3.4200000762939453,3.309999942779541,3.390000104904175,1208539,0.0,0.0,0.0
2025-01-20 00:00:00+02:00,3.390000104904175,3.450000047683716,3.3499999046325684,3.380000114440918,473647,0.0,0.0,0.0
2025-01-21 00:00:00+02:00,3.380000114440918,3.450000047683716,3.390000104904175,3.430000066757202,313512,0.0,0.0,0.0
2025-01-22 00:00:00+02:00,3.430000066757202,3.5999999046325684,3.440000057220459,3.4700000286102295,1366388,0.0,0.0,0.0
2025-01-23 00:00:00+02:00,3.4700000286102295,3.549999952316284,3.4200000762939453,3.430000066757202,531651,0.0,0.0,0.0
2025-01-26 00:00:00+02:00,3.430000066757202,3.609999895095825,3.4200000762939453,3.430000066757202,828401,0.0,0.0,0.0
2025-01-27 00:00:00+02:00,3.430000066757202,3.4700000286102295,3.299999952316284,3.319999933242798,503868,0.0,0.0,0.0
2025-01-28 00:00:00+02:00,3.319999933242798,3.369999885559082,3.309999942779541,3.3299999237060547,370365,0.0,0.0,0.0
2025-01-29 00:00:00+02:00,3.3299999237060547,3.4000000953674316,3.309999942779541,3.3399999141693115,370704,0.0,0.0,0.0
2025-01-30 00:00:00+02:00,3.3399999141693115,3.5,3.299999952316284,3.5,559555,0.0,0.0,0.0
2025-02-02 00:00:00+02:00,3.5,3.4600000381469727,3.359999895095825,3.390000104904175,199847,0.0,0.0,0.0
2025-02-03 00:00:00+02:00,3.390000104904175,3.390000104904175,3.309999942779541,3.3499999046325684,122406,0.0,0.0,0.0
2025-02-04 00:00:00+02:00,3.3499999046325684,3.390000104904175,3.319999933242798,3.3399999141693115,143019,0.0,0.0,0.0
2025-02-05 00:00:00+02:00,3.3399999141693115,3.4100000858306885,3.319999933242798,3.390000104904175,420016,0.0,0.0,0.0
2025-02-06 00:00:00+02:00,3.390000104904175,3.3499999046325684,3.309999942779541,3.319999933242798,405201,0.0,0.0,0.0
2025-02-09 00:00:00+02:00,3.319999933242798,3.3499999046325684,3.2799999713897705,3.299999952316284,843538,0.0,0.0,0.0
2025-02-10 00:00:00+02:00,3.299999952316284,3.3399999141693115,3.259999990463257,3.2799999713897705,530518,0.0,0.0,0.0
2025-02-11 00:00:00+02:00,3.2799999713897705,3.2899999618530273,3.0999999046325684,3.130000114440918,633318,0.0,0.0,0.0
2025-02-12 00:00:00+02:00,3.130000114440918,3.190000057220459,3.0799999237060547,3.109999895095825,494179,0.0,0.0,0.0
2025-02-13 00:00:00+02:00,3.109999895095825,3.180000066757202,3.0899999141693115,3.1700000762939453,704425,0.0,0.0,0.0
2025-02-16 00:00:00+02:00,3.1700000762939453,3.2699999809265137,3.140000104904175,3.200000047683716,458610,0.0,0.0,0.0
2025-02-17 00:00:00+02:00,3.200000047683716,3.240000009536743,3.1600000858306885,3.2200000286102295,342257,0.0,0.0,0.0
2025-02-18 00:00:00+02:00,3.2200000286102295,3.259999990463257,3.180000066757202,3.2200000286102295,340928,0.0,0.0,0.0
2025-02-19 00:00:00+02:00,3.2200000286102295,3.299999952316284,3.2200000286102295,3.2799999713897705,926768,0.0,0.0,0.0
2025-02-20 00:00:00+02:00,3.2799999713897705,3.3299999237060547,3.2200000286102295,3.240000009536743,902840,0.0,0.0,0.0
2025-02-23 00:00:00+02:00,3.240000009536743,3.319999933242798,3.2100000381469727,3.299999952316284,345141,0.0,0.0,0.0
2025-02-24 00:00:00+02:00,3.299999952316284,3.319999933242798,3.2300000190734863,3.2899999618530273,570183,0.0,0.0,0.0
2025-02-25 00:00:00+02:00,3.2899999618530273,3.319999933242798,3.2300000190734863,3.259999990463257,344207,0.0,0.0,0.0
2025-02-26 00:00:00+02:00,3.259999990463257,3.2899999618530273,3.190000057220459,3.2699999809265137,531417,0.0,0.0,0.0
2025-02-27 00:00:00+02:00,3.2699999809265137,3.2799999713897705,3.1700000762939453,3.180000066757202,305352,0.0,0.0,0.0
2025-03-02 00:00:00+02:00,3.180000066757202,3.25,3.140000104904175,3.2300000190734863,355504,0.0,0.0,0.0
2025-03-03 00:00:00+02:00,3.2300000190734863,3.2300000190734863,3.1500000953674316,3.2300000190734863,386263,0.0,0.0,0.0
2025-03-04 00:00:00+02:00,3.2300000190734863,3.200000047683716,3.1500000953674316,3.1600000858306885,409499,0.0,0.0,0.0
2025-03-05 00:00:00+02:00,3.1600000858306885,3.180000066757202,3.140000104904175,3.1500000953674316,164946,0.0,0.0,0.0
2025-03-06 00:00:00+02:00,3.1500000953674316,3.180000066757202,3.130000114440918,3.1500000953674316,305236,0.0,0.0,0.0
2025-03-09 00:00:00+02:00,3.1500000953674316,3.1700000762939453,3.109999895095825,3.1500000953674316,241948,0.0,0.0,0.0
2025-03-10 00:00:00+02:00,3.1500000953674316,3.180000066757202,3.140000104904175,3.1500000953674316,182816,0.0,0.0,0.0
2025-03-11 00:00:00+02:00,3.1500000953674316,3.240000009536743,3.119999885559082,3.180000066757202,277097,0.0,0.0,0.0
2025-03-12 00:00:00+02:00,3.180000066757202,3.2200000286102295,3.130000114440918,3.1600000858306885,291478,0.0,0.0,0.0
2025-03-13 00:00:00+02:00,3.1600000858306885,3.2100000381469727,3.140000104904175,3.1700000762939453,170933,0.0,0.0,0.0
2025-03-16 00:00:00+02:00,3.1700000762939453,3.200000047683716,3.119999885559082,3.140000104904175,366395,0.0,0.0,0.0
2025-03-17 00:00:00+02:00,3.140000104904175,3.1700000762939453,3.130000114440918,3.1500000953674316,166635,0.0,0.0,0.0
2025-03-18 00:00:00+02:00,3.1500000953674316,3.2300000190734863,3.130000114440918,3.1600000858306885,332107,0.0,0.0,0.0
2025-03-19 00:00:00+02:00,3.1600000858306885,3.190000057220459,3.130000114440918,3.140000104904175,246010,0.0,0.0,0.0
2025-03-20 00:00:00+02:00,3.140000104904175,3.1600000858306885,3.119999885559082,3.130000114440918,364104,0.0,0.0,0.0
2025-03-23 00:00:00+02:00,3.130000114440918,3.1500000953674316,3.130000114440918,3.140000104904175,214615,0.0,0.0,0.0
2025-03-24 00:00:00+02:00,3.140000104904175,3.180000066757202,3.130000114440918,3.1600000858306885,307900,0.0,0.0,0.0
2025-03-25 00:00:00+02:00,3.1600000858306885,3.7899999618530273,3.180000066757202,3.700000047683716,13644323,0.0,0.0,0.0
2025-03-26 00:00:00+02:00,3.700000047683716,3.7799999713897705,3.4200000762939453,3.5,5320437,0.0,0.0,0.0
2025-03-27 00:00:00+02:00,3.5,3.5299999713897705,3.3399999141693115,3.380000114440918,2537453,0.0,0.0,0.0
2025-04-03 00:00:00+02:00,3.380000114440918,3.430000066757202,3.299999952316284,3.369999885559082,2897733,0.0,0.0,0.0
2025-04-06 00:00:00+02:00,3.369999885559082,3.25,3.130000114440918,3.1500000953674316,2748064,0.0,0.0,0.0
2025-04-07 00:00:00+02:00,3.1500000953674316,3.2300000190734863,3.119999885559082,3.190000057220459,1757513,0.0,0.0,0.0
2025-04-08 00:00:00+02:00,3.190000057220459,3.490000009536743,3.200000047683716,3.380000114440918,9085238,0.0,0.0,0.0
2025-04-09 00:00:00+02:00,3.380000114440918,3.490000009536743,3.200000047683716,3.2100000381469727,4474771,0.0,0.0,0.0
2025-04-10 00:00:00+02:00,3.2100000381469727,3.380000114440918,3.2699999809265137,3.2899999618530273,1948258,0.0,0.0,0.0
2025-04-13 00:00:00+02:00,3.2899999618530273,3.4600000381469727,3.2699999809265137,3.440000057220459,3135417,0.0,0.0,0.0
2025-04-14 00:00:00+02:00,3.440000057220459,3.5399999618530273,3.359999895095825,3.380000114440918,2793594,0.0,0.0,0.0
2025-04-15 00:00:00+02:00,3.380000114440918,3.440000057220459,3.319999933242798,3.3499999046325684,1222498,0.0,0.0,0.0
2025-04-16 00:00:00+02:00,3.3499999046325684,3.4000000953674316,3.299999952316284,3.3299999237060547,964636,0.0,0.0,0.0
2025-04-17 00:00:00+02:00,3.3299999237060547,3.4000000953674316,3.3299999237060547,3.359999895095825,1102144,0.0,0.0,0.0
2025-04-22 00:00:00+02:00,3.359999895095825,3.7100000381469727,3.4000000953674316,3.559999942779541,6512842,0.0,0.0,0.0
2025-04-23 00:00:00+02:00,3.559999942779541,3.619999885559082,3.5199999809265137,3.5399999618530273,1641132,0.0,0.0,0.0
2025-04-27 00:00:00+03:00,3.5399999618530273,3.680000066757202,3.490000009536743,3.6600000858306885,1356107,0.0,0.0,0.0
2025-04-28 00:00:00+03:00,3.6600000858306885,3.890000104904175,3.6600000858306885,3.740000009536743,4748925,0.0,0.0,0.0
2025-04-29 00:00:00+03:00,3.740000009536743,3.950000047683716,3.7100000381469727,3.880000114440918,3363164,0.0,0.0,0.0
2025-04-30 00:00:00+03:00,3.880000114440918,3.940000057220459,3.8399999141693115,3.859999895095825,1823556,0.0,0.0,0.0
2025-05-04 00:00:00+03:00,3.859999895095825,3.9000000953674316,3.6700000762939453,3.740000009536743,3813326,0.0,0.0,0.0
2025-05-05 00:00:00+03:00,3.740000009536743,3.9100000858306885,3.75,3.819999933242798,2469566,0.0,0.0,0.0
2025-05-06 00:00:00+03:00,3.819999933242798,4.150000095367432,3.869999885559082,3.880000114440918,10686732,0.0,0.0,0.0
2025-05-07 00:00:00+03:00,3.880000114440918,3.9000000953674316,3.700000047683716,3.7100000381469727,3426083,0.0,0.0,0.0
2025-05-08 00:00:00+03:00,3.7100000381469727,3.809999942779541,3.6700000762939453,3.75,1547694,0.0,0.0,0.0
2025-05-11 00:00:00+03:00,3.75,3.7799999713897705,3.6500000953674316,3.6600000858306885,914842,0.0,0.0,0.0
2025-05-12 00:00:00+03:00,3.6600000858306885,3.9200000762939453,3.630000114440918,3.819999933242798,3005870,0.0,0.0,0.0
2025-05-13 00:00:00+03:00,3.819999933242798,3.859999895095825,3.7100000381469727,3.740000009536743,633735,0.0,0.0,0.0
2025-05-14 00:00:00+03:00,3.740000009536743,3.8299999237060547,3.7100000381469727,3.7899999618530273,980123,0.0,0.0,0.0
2025-05-15 00:00:00+03:00,3.7899999618530273,3.8499999046325684,3.700000047683716,3.7100000381469727,1832771,0.0,0.0,0.0
2025-05-18 00:00:00+03:00,3.7100000381469727,3.75,3.6600000858306885,3.680000066757202,802419,0.0,0.0,0.0
2025-05-19 00:00:00+03:00,3.680000066757202,3.700000047683716,3.5899999141693115,3.609999895095825,595321,0.0,0.0,0.0
2025-05-20 00:00:00+03:00,3.609999895095825,3.619999885559082,3.4200000762939453,3.569999933242798,649358,0.0,0.0,0.0
2025-05-21 00:00:00+03:00,3.569999933242798,3.5999999046325684,3.509999990463257,3.5299999713897705,422147,0.0,0.0,0.0
2025-05-22 00:00:00+03:00,3.5299999713897705,3.6600000858306885,3.5,3.509999990463257,657845,0.0,0.0,0.0
2025-05-25 00:00:00+03:00,3.509999990463257,3.5799999237060547,3.5,3.5299999713897705,472957,0.0,0.0,0.0
2025-05-26 00:00:00+03:00,3.5299999713897705,3.559999942779541,3.4700000286102295,3.5,613743,0.0,0.0,0.0
2025-05-27 00:00:00+03:00,3.5,3.6600000858306885,3.5,3.5199999809265137,790943,0.0,0.0,0.0
2025-05-28 00:00:00+03:00,3.5199999809265137,3.5899999141693115,3.509999990463257,3.509999990463257,371971,0.0,0.0,0.0
2025-05-29 00:00:00+03:00,3.509999990463257,3.549999952316284,3.490000009536743,3.5,546525,0.0,0.0,0.0
2025-06-01 00:00:00+03:00,3.5,3.5399999618530273,3.4800000190734863,3.490000009536743,212600,0.0,0.0,0.0
2025-06-02 00:00:00+03:00,3.490000009536743,3.5399999618530273,3.490000009536743,3.509999990463257,199517,0.0,0.0,0.0
2025-06-03 00:00:00+03:00,3.509999990463257,3.509999990463257,3.430000066757202,3.4700000286102295,624797,0.0,0.0,0.0
2025-06-04 00:00:00+03:00,3.4700000286102295,3.5299999713897705,3.4700000286102295,3.4800000190734863,445000,0.0,0.0,0.0
2025-06-10 00:00:00+03:00,3.4800000190734863,3.549999952316284,3.4700000286102295,3.5,503016,0.0,0.0,0.0
2025-06-11 00:00:00+03:00,3.5,3.5999999046325684,3.5,3.5799999237060547,528865,0.0,0.0,0.0
2025-06-12 00:00:00+03:00,3.5799999237060547,3.5799999237060547,3.4100000858306885,3.440000057220459,772246,0.0,0.0,0.0
2025-06-15 00:00:00+03:00,3.440000057220459,3.299999952316284,3.0,3.119999885559082,720260,0.0,0.0,0.0
2025-06-16 00:00:00+03:00,3.119999885559082,3.2200000286102295,3.119999885559082,3.140000104904175,509736,0.0,0.0,0.0
2025-06-17 00:00:00+03:00,3.140000104904175,3.1700000762939453,2.9800000190734863,3.0199999809265137,526210,0.0,0.0,0.0
2025-06-18 00:00:00+03:00,3.0199999809265137,3.0899999141693115,2.9200000762939453,3.049999952316284,153247,0.0,0.0,0.0
2025-06-19 00:00:00+03:00,3.049999952316284,3.0899999141693115,2.880000114440918,2.9000000953674316,632605,0.0,0.0,0.0
2025-06-22 00:00:00+03:00,2.9000000953674316,3.109999895095825,2.7699999809265137,3.0999999046325684,603198,0.0,0.0,0.0
2025-06-23 00:00:00+03:00,3.0999999046325684,3.1600000858306885,3.069999933242798,3.130000114440918,564950,0.0,0.0,0.0
2025-06-24 00:00:00+03:00,3.130000114440918,3.4700000286102295,3.1600000858306885,3.309999942779541,789010,0.0,0.0,0.0
2025-06-25 00:00:00+03:00,3.309999942779541,3.5999999046325684,3.259999990463257,3.549999952316284,2296432,0.0,0.0,0.0
2025-06-29 00:00:00+03:00,3.549999952316284,3.6500000953674316,3.5,3.549999952316284,1469809,0.0,0.0,0.0
2025-06-30 00:00:00+03:00,3.549999952316284,3.6700000762939453,3.5,3.569999933242798,897734,0.0,0.0,0.0
2025-07-01 00:00:00+03:00,3.569999933242798,3.5999999046325684,3.5,3.5,480678,0.0,0.0,0.0
2025-07-02 00:00:00+03:00,3.5,3.5899999141693115,3.5,3.549999952316284,462711,0.0,0.0,0.0
2025-07-06 00:00:00+03:00,3.549999952316284,3.680000066757202,3.5199999809265137,3.619999885559082,1206327,0.0,0.0,0.0
2025-07-07 00:00:00+03:00,3.619999885559082,3.7100000381469727,3.5899999141693115,3.630000114440918,607713,0.0,0.0,0.0
2025-07-09 00:00:00+03:00,3.630000114440918,3.6500000953674316,3.549999952316284,3.549999952316284,618919,0.0,0.0,0.0
2025-07-10 00:00:00+03:00,3.549999952316284,3.690000057220459,3.509999990463257,3.5399999618530273,1355631,0.0,0.0,0.0
2025-07-13 00:00:00+03:00,3.5399999618530273,3.5799999237060547,3.5299999713897705,3.5399999618530273,181631,0.0,0.0,0.0
2025-07-14 00:00:00+03:00,3.5399999618530273,3.549999952316284,3.4800000190734863,3.5,256496,0.0,0.0,0.0
2025-07-15 00:00:00+03:00,3.5,3.5,3.369999885559082,3.4200000762939453,343287,0.0,0.0,0.0
2025-07-16 00:00:00+03:00,3.4200000762939453,3.5,3.4200000762939453,3.4600000381469727,215181,0.0,0.0,0.0
2025-07-17 00:00:00+03:00,3.4600000381469727,3.5299999713897705,3.430000066757202,3.440000057220459,427796,0.0,0.0,0.0
2025-07-20 00:00:00+03:00,3.440000057220459,3.5,3.4000000953674316,3.430000066757202,446145,0.0,0.0,0.0
2025-07-21 00:00:00+03:00,3.430000066757202,3.5899999141693115,3.430000066757202,3.4700000286102295,452999,0.0,0.0,0.0
2025-07-22 00:00:00+03:00,3.4700000286102295,3.5299999713897705,3.440000057220459,3.4800000190734863,331173,0.0,0.0,0.0
2025-07-23 00:00:00+03:00,3.4800000190734863,3.4800000190734863,3.4800000190734863,3.4800000190734863,0,0.0,0.0,0.0
2025-07-27 00:00:00+03:00,3.4800000190734863,3.5899999141693115,3.490000009536743,3.5,591942,0.0,0.0,0.0
2025-07-28 00:00:00+03:00,3.5,3.7799999713897705,3.509999990463257,3.690000057220459,3993204,0.0,0.0,0.0
2025-07-29 00:00:00+03:00,3.690000057220459,3.7899999618530273,3.640000104904175,3.6600000858306885,852715,0.0,0.0,0.0
2025-07-30 00:00:00+03:00,3.6600000858306885,3.6700000762939453,3.359999895095825,3.4600000381469727,880411,0.0,0.0,0.0
2025-07-31 00:00:00+03:00,3.4600000381469727,3.5,3.450000047683716,3.490000009536743,251895,0.0,0.0,0.0
2025-08-03 00:00:00+03:00,3.490000009536743,3.490000009536743,3.490000009536743,3.490000009536743,0,0.0,0.0,0.0
2025-08-04 00:00:00+03:00,3.490000009536743,3.490000009536743,3.490000009536743,3.490000009536743,0,0.0,0.0,0.0
2025-08-05 00:00:00+03:00,3.490000009536743,3.490000009536743,3.490000009536743,3.490000009536743,0,0.0,0.0,0.0
2025-08-06 00:00:00+03:00,3.490000009536743,3.490000009536743,3.490000009536743,3.490000009536743,0,0.0,0.0,0.0
2025-08-07 00:00:00+03:00,3.490000009536743,3.490000009536743,3.490000009536743,3.490000009536743,0,0.0,0.0,0.0
2025-08-10 00:00:00+03:00,3.5199999809265137,3.740000009536743,3.5999999046325684,3.619999885559082,1820823,0.0,0.0,0.0
2025-08-11 00:00:00+03:00,3.619999885559082,3.740000009536743,3.5999999046325684,3.609999895095825,2135508,0.0,0.0,0.0
2025-08-12 00:00:00+03:00,3.609999895095825,3.640000104904175,3.569999933242798,3.5899999141693115,747420,0.0,0.0,0.0
2025-08-13 00:00:00+03:00,3.5899999141693115,3.700000047683716,3.549999952316284,3.569999933242798,659434,0.0,0.0,0.0
2025-08-14 00:00:00+03:00,3.569999933242798,3.680000066757202,3.559999942779541,3.569999933242798,520095,0.0,0.0,0.0
2025-08-17 00:00:00+03:00,3.569999933242798,3.6500000953674316,3.569999933242798,3.5799999237060547,396834,0.0,0.0,0.0
2025-08-18 00:00:00+03:00,3.5799999237060547,3.680000066757202,3.549999952316284,3.549999952316284,1403456,0.0,0.0,0.0
2025-08-19 00:00:00+03:00,3.549999952316284,3.609999895095825,3.5399999618530273,3.549999952316284,412712,0.0,0.0,0.0
2025-08-20 00:00:00+03:00,3.549999952316284,3.5899999141693115,3.5,3.509999990463257,790444,0.0,0.0,0.0
2025-08-21 00:00:00+03:00,3.509999990463257,3.700000047683716,3.509999990463257,3.609999895095825,4202718,0.0,0.0,0.0
2025-08-24 00:00:00+03:00,3.609999895095825,3.8299999237060547,3.630000114440918,3.7100000381469727,4756231,0.0,0.0,0.0
2025-08-25 00:00:00+03:00,3.7100000381469727,3.869999885559082,3.75,3.75,2973963,0.0,0.0,0.0
2025-08-26 00:00:00+03:00,3.75,3.819999933242798,3.700000047683716,3.7200000286102295,1147590,0.0,0.0,0.0
2025-08-27 00:00:00+03:00,3.7200000286102295,4.050000190734863,3.7300000190734863,3.940000057220459,6789239,0.0,0.0,0.0
2025-08-28 00:00:00+03:00,3.940000057220459,4.039999961853027,3.809999942779541,3.819999933242798,2196093,0.0,0.0,0.0
2025-08-31 00:00:00+03:00,3.819999933242798,4.070000171661377,3.7200000286102295,3.75,3249426,0.0,0.0,0.0
2025-09-01 00:00:00+03:00,3.75,3.8299999237060547,3.75,3.7799999713897705,1110335,0.0,0.0,0.0
2025-09-02 00:00:00+03:00,3.7799999713897705,4.079999923706055,3.8299999237060547,4.03000020980835,4671627,0.0,0.0,0.0
2025-09-03 00:00:00+03:00,4.03000020980835,4.25,4.059999942779541,4.090000152587891,6567417,0.0,0.0,0.0
2025-09-07 00:00:00+03:00,4.090000152587891,4.119999885559082,3.9800000190734863,4.019999980926514,956622,0.0,0.0,0.0
2025-09-08 00:00:00+03:00,4.019999980926514,4.050000190734863,3.869999885559082,3.950000047683716,1082186,0.0,0.0,0.0
2025-09-09 00:00:00+03:00,3.950000047683716,4.170000076293945,3.9800000190734863,3.9800000190734863,2884009,0.0,0.0,0.0
2025-09-10 00:00:00+03:00,3.9800000190734863,4.079999923706055,3.9200000762939453,3.9700000286102295,603388,0.0,0.0,0.0
2025-09-11 00:00:00+03:00,3.9700000286102295,4.03000020980835,3.9000000953674316,3.9000000953674316,802672,0.0,0.0,0.0
2025-09-14 00:00:00+03:00,3.9000000953674316,3.950000047683716,3.819999933242798,3.8399999141693115,794737,0.0,0.0,0.0
2025-09-15 00:00:00+03:00,3.8399999141693115,3.890000104904175,3.75,3.7799999713897705,1266286,0.0,0.0,0.0
2025-09-16 00:00:00+03:00,3.7799999713897705,3.859999895095825,3.6700000762939453,3.700000047683716,793911,0.0,0.0,0.0
2025-09-17 00:00:00+03:00,3.700000047683716,3.75,3.6700000762939453,3.7100000381469727,344550,0.0,0.0,0.0
2025-09-18 00:00:00+03:00,3.7100000381469727,3.809999942779541,3.690000057220459,3.700000047683716,754621,0.0,0.0,0.0
2025-09-21 00:00:00+03:00,3.700000047683716,3.75,3.5999999046325684,3.640000104904175,531667,0.0,0.0,0.0
2025-09-22 00:00:00+03:00,3.640000104904175,3.6500000953674316,3.559999942779541,3.5799999237060547,361770,0.0,0.0,0.0
2025-09-23 00:00:00+03:00,3.5799999237060547,3.6500000953674316,3.5799999237060547,3.5799999237060547,325105,0.0,0.0,0.0
2025-09-24 00:00:00+03:00,3.5799999237060547,3.700000047683716,3.5799999237060547,3.680000066757202,406540,0.0,0.0,0.0
2025-09-25 00:00:00+03:00,3.680000066757202,3.880000114440918,3.6500000953674316,3.759999990463257,1722723,0.0,0.0,0.0
2025-09-28 00:00:00+03:00,3.759999990463257,3.8499999046325684,3.75,3.75,503510,0.0,0.0,0.0
2025-09-29 00:00:00+03:00,3.75,3.7899999618530273,3.700000047683716,3.7100000381469727,391552,0.0,0.0,0.0
2025-09-30 00:00:00+03:00,3.7100000381469727,3.75,3.7100000381469727,3.7100000381469727,428177,0.0,0.0,0.0
2025-10-01 00:00:00+03:00,3.7100000381469727,3.75,3.700000047683716,3.7100000381469727,407056,0.0,0.0,0.0
2025-10-02 00:00:00+03:00,3.7100000381469727,3.740000009536743,3.6500000953674316,3.6600000858306885,332587,0.0,0.0,0.0
2025-10-05 00:00:00+03:00,3.6600000858306885,3.869999885559082,3.6500000953674316,3.7899999618530273,1525964,0.0,0.0,0.0
2025-10-06 00:00:00+03:00,3.7899999618530273,4.050000190734863,3.759999990463257,3.9100000858306885,2880488,0.0,0.0,0.0
2025-10-07 00:00:00+03:00,3.9100000858306885,4.119999885559082,3.9100000858306885,3.9700000286102295,3756924,0.0,0.0,0.0
2025-10-08 00:00:00+03:00,3.9700000286102295,4.099999904632568,3.950000047683716,3.9600000381469727,765209,0.0,0.0,0.0
2025-10-12 00:00:00+03:00,3.9600000381469727,4.079999923706055,3.9000000953674316,3.9200000762939453,620077,0.0,0.0,0.0
2025-10-13 00:00:00+03:00,3.9200000762939453,3.9700000286102295,3.869999885559082,3.890000104904175,286410,0.0,0.0,0.0
2025-10-14 00:00:00+03:00,3.890000104904175,3.940000057220459,3.890000104904175,3.9000000953674316,252095,0.0,0.0,0.0
2025-10-15 00:00:00+03:00,3.9000000953674316,4.119999885559082,3.9200000762939453,3.950000047683716,1847599,0.0,0.0,0.0
2025-10-16 00:00:00+03:00,3.950000047683716,4.050000190734863,3.9700000286102295,4.03000020980835,411635,0.0,0.0,0.0
2025-10-19 00:00:00+03:00,4.03000020980835,4.380000114440918,4.039999961853027,4.139999866485596,6375904,0.0,0.0,0.0
2025-10-20 00:00:00+03:00,4.139999866485596,4.159999847412109,4.010000228881836,4.019999980926514,1919025,0.0,0.0,0.0
2025-10-21 00:00:00+03:00,4.019999980926514,4.070000171661377,3.950000047683716,3.9800000190734863,778032,0.0,0.0,0.0
2025-10-22 00:00:00+03:00,3.9800000190734863,4.03000020980835,3.930000066757202,3.990000009536743,695290,0.0,0.0,0.0
2025-10-23 00:00:00+03:00,3.990000009536743,4.070000171661377,3.990000009536743,4.019999980926514,458630,0.0,0.0,0.0
2025-10-26 00:00:00+03:00,4.019999980926514,4.179999828338623,4.010000228881836,4.039999961853027,896976,0.0,0.0,0.0
2025-10-27 00:00:00+03:00,4.039999961853027,4.059999942779541,3.9800000190734863,4.0,506801,0.0,0.0,0.0
2025-10-28 00:00:00+03:00,4.0,4.019999980926514,3.890000104904175,3.9100000858306885,548532,0.0,0.0,0.0
2025-10-29 00:00:00+03:00,3.9100000858306885,3.950000047683716,3.880000114440918,3.9100000858306885,340712,0.0,0.0,0.0
2025-10-30 00:00:00+03:00,3.9100000858306885,3.9600000381469727,3.890000104904175,3.930000066757202,244759,0.0,0.0,0.0
2025-11-02 00:00:00+02:00,3.930000066757202,3.990000009536743,3.8399999141693115,3.859999895095825,839166,0.0,0.0,0.0
2025-11-03 00:00:00+02:00,3.859999895095825,3.880000114440918,3.7300000190734863,3.819999933242798,474706,0.0,0.0,0.0
2025-11-04 00:00:00+02:00,3.819999933242798,3.880000114440918,3.7699999809265137,3.8399999141693115,195208,0.0,0.0,0.0
2025-11-05 00:00:00+02:00,3.8399999141693115,4.079999923706055,3.8499999046325684,3.9000000953674316,1476161,0.0,0.0,0.0
2025-11-06 00:00:00+02:00,3.9000000953674316,3.9700000286102295,3.859999895095825,3.869999885559082,337075,0.0,0.0,0.0
2025-11-09 00:00:00+02:00,3.869999885559082,3.9200000762939453,3.859999895095825,3.869999885559082,404906,0.0,0.0,0.0
2025-11-10 00:00:00+02:00,3.869999885559082,3.9000000953674316,3.809999942779541,3.8399999141693115,331359,0.0,0.0,0.0
2025-11-11 00:00:00+02:00,3.8399999141693115,3.990000009536743,3.8299999237060547,3.869999885559082,689416,0.0,0.0,0.0
2025-11-12 00:00:00+02:00,3.869999885559082,3.890000104904175,3.819999933242798,3.8399999141693115,215221,0.0,0.0,0.0
2025-11-13 00:00:00+02:00,3.8399999141693115,3.880000114440918,3.819999933242798,3.8399999141693115,189992,0.0,0.0,0.0
2025-11-16 00:00:00+02:00,3.8399999141693115,3.9000000953674316,3.819999933242798,3.8499999046325684,227266,0.0,0.0,0.0
2025-11-17 00:00:00+02:00,3.8499999046325684,3.890000104904175,3.819999933242798,3.8499999046325684,273428,0.0,0.0,0.0
2025-11-18 00:00:00+02:00,3.8499999046325684,3.890000104904175,3.8299999237060547,3.8399999141693115,172301,0.0,0.0,0.0
2025-11-19 00:00:00+02:00,3.8399999141693115,3.880000114440918,3.7699999809265137,3.799999952316284,477439,0.0,0.0,0.0
2025-11-20 00:00:00+02:00,3.799999952316284,3.9000000953674316,3.7899999618530273,3.819999933242798,479112,0.0,0.0,0.0
2025-11-23 00:00:00+02:00,3.819999933242798,3.9800000190734863,3.799999952316284,3.9800000190734863,798149,0.0,0.0,0.0
2025-11-24 00:00:00+02:00,3.9800000190734863,4.070000171661377,3.869999885559082,3.890000104904175,1418965,0.0,0.0,0.0
2025-11-25 00:00:00+02:00,3.890000104904175,3.9600000381469727,3.8299999237060547,3.8399999141693115,385017,0.0,0.0,0.0
2025-11-26 00:00:00+02:00,3.8399999141693115,3.890000104904175,3.809999942779541,3.869999885559082,162456,0.0,0.0,0.0
2025-11-27 00:00:00+02:00,3.869999885559082,3.9200000762939453,3.8499999046325684,3.9000000953674316,378424,0.0,0.0,0.0
2025-11-30 00:00:00+02:00,3.9000000953674316,4.039999961853027,3.9100000858306885,3.9600000381469727,1041624,0.0,0.0,0.0
2025-12-01 00:00:00+02:00,3.9600000381469727,4.0,3.9000000953674316,3.9100000858306885,537447,0.0,0.0,0.0
2025-12-02 00:00:00+02:00,3.9100000858306885,3.9700000286102295,3.890000104904175,3.9000000953674316,692425,0.0,0.0,0.0
2025-12-03 00:00:00+02:00,3.9000000953674316,3.9200000762939453,3.859999895095825,3.9000000953674316,377971,0.0,0.0,0.0
2025-12-04 00:00:00+02:00,3.9000000953674316,4.059999942779541,3.9100000858306885,3.9600000381469727,1568090,0.0,0.0,0.0
2025-12-07 00:00:00+02:00,3.9600000381469727,4.0,3.9200000762939453,3.930000066757202,438116,0.0,0.0,0.0
2025-12-08 00:00:00+02:00,3.930000066757202,3.9600000381469727,3.9100000858306885,3.9200000762939453,446612,0.0,0.0,0.0
2025-12-09 00:00:00+02:00,3.9200000762939453,4.070000171661377,3.9200000762939453,4.03000020980835,1615346,0.0,0.0,0.0
2025-12-10 00:00:00+02:00,4.03000020980835,4.800000190734863,4.050000190734863,4.489999771118164,21340820,0.0,0.0,0.0
2025-12-11 00:00:00+02:00,4.489999771118164,4.590000152587891,4.369999885559082,4.400000095367432,5667828,0.0,0.0,0.0
2025-12-14 00:00:00+02:00,4.400000095367432,4.550000190734863,4.329999923706055,4.409999847412109,4212607,0.0,0.0,0.0
2025-12-15 00:00:00+02:00,4.409999847412109,4.590000152587891,4.340000152587891,4.369999885559082,3920700,0.0,0.0,0.0
2025-12-16 00:00:00+02:00,4.369999885559082,4.400000095367432,4.25,4.260000228881836,2922397,0.0,0.0,0.0
2025-12-17 00:00:00+02:00,4.260000228881836,4.300000190734863,4.199999809265137,4.21999979019165,1395431,0.0,0.0,0.0
2025-12-18 00:00:00+02:00,4.21999979019165,4.25,4.170000076293945,4.199999809265137,1034762,0.0,0.0,0.0
2025-12-21 00:00:00+02:00,4.199999809265137,4.489999771118164,4.150000095367432,4.309999942779541,2094506,0.0,0.0,0.0
2025-12-22 00:00:00+02:00,4.309999942779541,4.420000076293945,4.28000020980835,4.329999923706055,1280129,0.0,0.0,0.0
2025-12-23 00:00:00+02:00,4.329999923706055,4.46999979019165,4.340000152587891,4.420000076293945,2322561,0.0,0.0,0.0
2025-12-24 00:00:00+02:00,4.420000076293945,4.46999979019165,4.369999885559082,4.389999866485596,484329,0.0,0.0,0.0
2025-12-25 00:00:00+02:00,4.389999866485596,4.420000076293945,4.340000152587891,4.400000095367432,936038,0.0,0.0,0.0
2025-12-28 00:00:00+02:00,4.400000095367432,4.449999809265137,4.380000114440918,4.380000114440918,374150,0.0,0.0,0.0
2025-12-29 00:00:00+02:00,4.380000114440918,4.420000076293945,4.349999904632568,4.360000133514404,483894,0.0,0.0,0.0
2025-12-30 00:00:00+02:00,4.360000133514404,4.989999771118164,4.429999828338623,4.71999979019165,15285975,0.0,0.0,0.0
2025-12-31 00:00:00+02:00,4.71999979019165,4.760000228881836,4.519999980926514,4.679999828338623,7417332,0.0,0.0,0.0
2026-01-04 00:00:00+02:00,4.679999828338623,4.679999828338623,4.5,4.519999980926514,1289594,0.0,0.0,0.0
2026-01-05 00:00:00+02:00,4.519999980926514,4.539999961853027,4.400000095367432,4.420000076293945,874213,0.0,0.0,0.0
2026-01-06 00:00:00+02:00,4.420000076293945,4.5,4.380000114440918,4.429999828338623,1099850,0.0,0.0,0.0
2026-01-08 00:00:00+02:00,4.429999828338623,4.510000228881836,4.340000152587891,4.349999904632568,1102385,0.0,0.0,0.0
2026-01-11 00:00:00+02:00,4.349999904632568,4.409999847412109,4.300000190734863,4.329999923706055,322206,0.0,0.0,0.0
2026-01-12 00:00:00+02:00,4.329999923706055,4.409999847412109,4.300000190734863,4.300000190734863,617451,0.0,0.0,0.0
2026-01-13 00:00:00+02:00,4.300000190734863,4.300000190734863,4.159999847412109,4.170000076293945,681506,0.0,0.0,0.0
2026-01-14 00:00:00+02:00,4.170000076293945,4.179999828338623,3.809999942779541,3.869999885559082,1307291,0.0,0.0,0.0
2026-01-15 00:00:00+02:00,3.869999885559082,3.9700000286102295,3.6600000858306885,3.7899999618530273,1401337,0.0,0.0,0.0
2026-01-18 00:00:00+02:00,3.7899999618530273,3.9000000953674316,3.7799999713897705,3.890000104904175,261717,0.0,0.0,0.0
2026-01-19 00:00:00+02:00,3.890000104904175,3.9600000381469727,3.819999933242798,3.940000057220459,1160669,0.0,0.0,0.0
2026-01-20 00:00:00+02:00,3.940000057220459,3.940000057220459,3.8399999141693115,3.9000000953674316,426559,0.0,0.0,0.0
2026-01-21 00:00:00+02:00,3.9000000953674316,3.9000000953674316,3.8499999046325684,3.880000114440918,262968,0.0,0.0,0.0
2026-01-22 00:00:00+02:00,3.880000114440918,3.940000057220459,3.8499999046325684,3.890000104904175,571937,0.0,0.0,0.0
2026-01-25 00:00:00+02:00,3.890000104904175,3.859999895095825,3.7200000286102295,3.759999990463257,1768183,0.0,0.0,0.0
2026-01-26 00:00:00+02:00,3.759999990463257,3.8499999046325684,3.7200000286102295,3.799999952316284,728987,0.0,0.0,0.0
2026-01-27 00:00:00+02:00,3.799999952316284,3.8299999237060547,3.6700000762939453,3.680000066757202,744246,0.0,0.0,0.0
2026-01-28 00:00:00+02:00,3.680000066757202,3.7799999713897705,3.5999999046325684,3.619999885559082,1096889,0.0,0.0,0.0
2026-02-01 00:00:00+02:00,3.619999885559082,3.6700000762939453,3.609999895095825,3.6500000953674316,310824,0.0,0.0,0.0
2026-02-02 00:00:00+02:00,3.6500000953674316,3.880000114440918,3.6700000762939453,3.7899999618530273,1304167,0.0,0.0,0.0
2026-02-03 00:00:00+02:00,3.7899999618530273,3.8299999237060547,3.75,3.799999952316284,300484,0.0,0.0,0.0
2026-02-04 00:00:00+02:00,3.799999952316284,3.930000066757202,3.7799999713897705,3.9000000953674316,940770,0.0,0.0,0.0
