Date,Open,High,Low,Close,Volume,Dividends,Stock Splits,Capital Gains
2021-01-03 00:00:00+02:00,10.072870304090083,10.037773062064751,9.546413681982745,9.862287521362305,739884,0.0,0.0,0.0
2021-01-04 00:00:00+02:00,9.862286957584582,10.325568651447663,9.904403110068039,10.122005462646484,898898,0.0,0.0,0.0
2021-01-05 00:00:00+02:00,10.122006289011686,9.967578821975073,9.52535516825038,9.792093276977539,221647,0.0,0.0,0.0
2021-01-06 00:00:00+02:00,9.792093809905392,9.925463206239622,9.672763579258666,9.742958068847656,178345,0.0,0.0,0.0
2021-01-10 00:00:00+02:00,9.742957954102058,9.93248200268143,9.735938371340978,9.820171356201172,236452,0.0,0.0,0.0
2021-01-11 00:00:00+02:00,9.820172018722802,9.88334692898613,9.588531127373463,9.756997108459473,83880,0.0,0.0,0.0
2021-01-12 00:00:00+02:00,9.756995379091745,9.98863622938416,9.721898807987705,9.834209442138672,333252,0.0,0.0,0.0
2021-01-13 00:00:00+02:00,9.834210053163082,10.220278384112573,9.827190470736456,10.023734092712402,490191,0.0,0.0,0.0
2021-01-14 00:00:00+02:00,10.023733863695204,10.178161326431566,10.016714950853169,10.1360445022583,258262,0.0,0.0,0.0
2021-01-17 00:00:00+02:00,10.136045276084763,10.143064858886913,9.897385485630043,9.995656967163086,214988,0.0,0.0,0.0
2021-01-18 00:00:00+02:00,9.995656242942916,9.988636660649359,9.764015382649271,9.883345603942871,135072,0.0,0.0,0.0
2021-01-19 00:00:00+02:00,9.883345495189543,10.037772956827437,9.827190176307436,9.960558891296387,251825,0.0,0.0,0.0
2021-01-20 00:00:00+02:00,9.96055960206913,10.66952139032658,10.065851334554717,10.437880516052246,1525321,0.0,0.0,0.0
2021-01-21 00:00:00+02:00,10.437880394491513,10.536152543115387,10.367686576409527,10.472977638244629,508016,0.0,0.0,0.0
2021-01-24 00:00:00+02:00,11.162738319337107,11.215110187417572,10.960731319289842,11.080439567565918,872518,0.921926,0.0,0.0
2021-01-25 00:00:00+02:00,11.080439567565918,11.080439567565918,11.080439567565918,11.080439567565918,0,0.0,0.0,0.0
2021-01-26 00:00:00+02:00,10.047961144561285,10.092851113942086,9.868399126498483,9.973143577575684,272858,0.0,0.0,0.0
2021-01-27 00:00:00+02:00,9.973143577575684,9.973143577575684,9.973143577575684,9.973143577575684,0,0.0,0.0,0.0
2021-01-31 00:00:00+02:00,9.883361690464097,9.875879791997694,9.554166006586522,9.643946647644043,187554,0.0,0.0,0.0
2021-02-01 00:00:00+02:00,9.64394785256808,10.175150580328884,9.50179461799808,9.973143577575684,511234,0.0,0.0,0.0
2021-02-02 00:00:00+02:00,9.97314294999788,10.092850478831473,9.72624599340031,9.778617858886719,137012,0.0,0.0,0.0
2021-02-03 00:00:00+02:00,9.778619009527404,9.838472780987136,9.673875266229492,9.7412109375,89292,0.0,0.0,0.0
2021-02-04 00:00:00+02:00,9.741209254340193,9.875879860098564,9.576611054509835,9.658909797668457,225710,0.0,0.0,0.0
2021-02-07 00:00:00+02:00,9.65891010385684,9.801063326152594,9.57661135808934,9.673873901367188,100120,0.0,0.0,0.0
2021-02-08 00:00:00+02:00,9.673874343911042,9.726246210566801,9.052890989086675,9.531721115112305,502059,0.0,0.0,0.0
2021-02-09 00:00:00+02:00,9.531720478893773,9.45690363345269,9.210006687822187,9.33719539642334,53973,0.0,0.0,0.0
2021-02-10 00:00:00+02:00,9.337196019657808,9.688837428592757,9.284824153002047,9.531721115112305,626386,0.0,0.0,0.0
2021-02-11 00:00:00+02:00,9.531720007520036,9.726245080370589,9.46438435049384,9.628982543945312,193158,0.0,0.0,0.0
2021-02-14 00:00:00+02:00,9.628982021436036,9.501792612513515,9.180078854809244,9.359640121459961,133944,0.0,0.0,0.0
2021-02-15 00:00:00+02:00,9.359640857833,9.426976516502938,9.16511578023387,9.232451438903809,40599,0.0,0.0,0.0
2021-02-16 00:00:00+02:00,9.232452134205456,9.3895684450968,9.12770768910684,9.254897117614746,261394,0.0,0.0,0.0
2021-02-17 00:00:00+02:00,9.254895871488458,9.29230464780914,9.000517048723506,9.112743377685547,77046,0.0,0.0,0.0
2021-02-18 00:00:00+02:00,9.112743751826056,9.284823131047935,8.978072436947652,9.142670631408691,120697,0.0,0.0,0.0
2021-02-21 00:00:00+02:00,9.142671751513541,9.262379284509924,8.978073536886924,9.045409202575684,114109,0.0,0.0,0.0
2021-02-22 00:00:00+02:00,9.045408356438617,9.127707099296842,8.71621195797949,8.910737037658691,215811,0.0,0.0,0.0
2021-02-23 00:00:00+02:00,8.91073696054034,8.955627637582845,8.566577481591494,8.708730697631836,173088,0.0,0.0,0.0
2021-02-24 00:00:00+02:00,8.70873167038016,8.820957305252147,8.559096539199933,8.686285972595215,65570,0.0,0.0,0.0
2021-02-25 00:00:00+02:00,8.686285533127005,9.239933920753922,8.820956858970463,9.015481948852539,284141,0.0,0.0,0.0
2021-02-28 00:00:00+02:00,9.01548121669968,9.052889994564111,8.835919939166118,8.933181762695312,96956,0.0,0.0,0.0
2021-03-01 00:00:00+02:00,8.933182440570818,9.210006989665999,8.753621149411629,8.978073120117188,192247,0.0,0.0,0.0
2021-03-02 00:00:00+02:00,8.978073844170275,9.008000728443648,8.43190802780292,8.626432418823242,113296,0.0,0.0,0.0
2021-03-03 00:00:00+02:00,8.626431381222474,8.499241959980884,7.766033026718175,7.945594310760498,96713,0.0,0.0,0.0
2021-03-04 00:00:00+02:00,7.945594310760498,7.945594310760498,7.945594310760498,7.945594310760498,0,0.0,0.0,0.0
2021-03-07 00:00:00+02:00,8.18500998435175,8.431907660750795,8.08026625071118,8.244864463806152,72580,0.0,0.0,0.0
2021-03-08 00:00:00+02:00,8.244864482508971,8.416943881602068,8.050339386002118,8.222418785095215,44503,0.0,0.0,0.0
2021-03-09 00:00:00+02:00,8.222417630856087,8.71621148843062,8.22989952894372,8.49176025390625,161258,0.0,0.0,0.0
2021-03-10 00:00:00+02:00,8.491760234590714,8.416942680910724,8.199972631454436,8.304717063903809,56707,0.0,0.0,0.0
2021-03-11 00:00:00+02:00,8.304717661896424,8.379534507450634,8.117674477741218,8.252345085144043,31886,0.0,0.0,0.0
2021-03-14 00:00:00+02:00,8.252345668133717,8.334645131624479,8.050339386002118,8.222418785095215,19130,0.0,0.0,0.0
2021-03-15 00:00:00+02:00,8.222418695236959,8.237382493349267,7.4069102494585355,7.691215991973877,117096,0.0,0.0,0.0
2021-03-16 00:00:00+02:00,7.691214897148814,7.818404308945668,7.347055438200807,7.4517998695373535,164759,0.0,0.0,0.0
2021-03-17 00:00:00+02:00,7.451800245564307,7.556544682186385,7.29468394738774,7.376982688903809,38198,0.0,0.0,0.0
2021-03-18 00:00:00+02:00,7.376982621967865,7.4817270576395325,7.197421343827659,7.3620195388793945,21376,0.0,0.0,0.0
2021-03-21 00:00:00+02:00,7.362020014232152,7.33209313260979,6.95800675557371,7.174976825714111,83293,0.0,0.0,0.0
2021-03-22 00:00:00+02:00,7.174976832587371,7.1076411704942695,6.741036691890876,6.8831892013549805,98738,0.0,0.0,0.0
2021-03-23 00:00:00+02:00,6.88318969016993,6.88318969016993,6.591402751729209,6.696146488189697,56462,0.0,0.0,0.0
2021-03-24 00:00:00+02:00,6.6961460062431994,7.347056216664401,6.898152992328989,7.174976825714111,76887,0.0,0.0,0.0
2021-03-25 00:00:00+02:00,7.174977209899154,7.204904093123954,6.9729702129968745,7.100159645080566,21889,0.0,0.0,0.0
2021-03-28 00:00:00+02:00,7.100159937112585,7.616399585864962,7.085196851641338,7.466764450073242,209326,0.0,0.0,0.0
2021-03-29 00:00:00+02:00,7.466764387852061,7.6912163761560555,7.429356317729063,7.53410005569458,101094,0.0,0.0,0.0
2021-03-30 00:00:00+02:00,7.534099249329167,7.743588129865265,7.496691183209909,7.646325588226318,41526,0.0,0.0,0.0
2021-03-31 00:00:00+02:00,7.646325199111388,7.556544560670401,7.332092607811393,7.429355144500732,27180,0.0,0.0,0.0
2021-04-01 00:00:00+02:00,7.429356057107311,7.556545488900664,7.294684726146543,7.474246025085449,107657,0.0,0.0,0.0
2021-04-04 00:00:00+02:00,7.474245972487881,7.4817278716026445,7.2198671106912835,7.354538440704346,24814,0.0,0.0,0.0
2021-04-05 00:00:00+02:00,7.354538462749175,7.182459063672837,6.621329471620684,6.7934088706970215,103689,0.0,0.0,0.0
2021-04-06 00:00:00+02:00,6.79340854692862,6.920597972146416,6.628810341320918,6.8008904457092285,131501,0.0,0.0,0.0
2021-04-07 00:00:00+02:00,6.800890330500253,6.853262194051044,6.666219008783218,6.748518466949463,71917,0.0,0.0,0.0
2021-04-08 00:00:00+02:00,6.748518890158297,7.070232703805144,6.815853841726355,6.898153305053711,55740,0.0,0.0,0.0
2021-04-11 00:00:00+02:00,6.898153213213593,7.2348308206241345,6.958006978374883,7.092677593231201,119874,0.0,0.0,0.0
2021-04-12 00:00:00+02:00,7.092676932004023,7.182458284889096,6.958006329702607,7.025341987609863,38450,0.0,0.0,0.0
2021-04-13 00:00:00+02:00,7.025342367252583,7.070232332607834,6.8831891454303085,6.950524806976318,17001,0.0,0.0,0.0
2021-04-14 00:00:00+02:00,6.950524902639914,6.995415582126152,6.561475438982806,6.651256084442139,77761,0.0,0.0,0.0
2021-04-15 00:00:00+02:00,6.6512558273597495,6.7335545708048645,6.4043588835112875,6.67370080947876,43427,0.0,0.0,0.0
2021-04-18 00:00:00+02:00,6.673701123710429,7.085196287337515,6.733554887854752,6.770963668823242,37220,0.0,0.0,0.0
2021-04-19 00:00:00+02:00,6.770963573541906,6.9580067622391235,6.6961460126577625,6.8831892013549805,34014,0.0,0.0,0.0
2021-04-20 00:00:00+02:00,6.8831891454303085,7.017860468522329,6.8831891454303085,6.950524806976318,88318,0.0,0.0,0.0
2021-04-21 00:00:00+02:00,6.9505256727759255,6.972970658249435,6.778446261623652,6.875708103179932,31268,0.0,0.0,0.0
2021-04-22 00:00:00+02:00,6.8757069268109525,7.05526892041732,6.748518221879715,6.958006381988525,32560,0.0,0.0,0.0
2021-04-25 00:00:00+02:00,6.958006506347368,7.27972029388611,6.958006506347368,7.197421550750732,269494,0.0,0.0,0.0
2021-04-26 00:00:00+02:00,7.197422567936745,7.32461200662954,6.972970575331035,7.130086898803711,101025,0.0,0.0,0.0
2021-04-27 00:00:00+02:00,7.130086042875235,7.257275466299625,7.1076410603630285,7.204903602600098,110557,0.0,0.0,0.0
2021-04-28 00:00:00+02:00,7.204904154605109,7.145050387644764,6.935562203283555,7.0328240394592285,86308,0.0,0.0,0.0
2021-05-04 00:00:00+02:00,7.032823458500049,7.107641017776632,7.0403053571303325,7.062750339508057,31229,0.0,0.0,0.0
2021-05-05 00:00:00+02:00,7.062750745500563,7.29468462177987,7.070232644560933,7.234830856323242,89353,0.0,0.0,0.0
2021-05-06 00:00:00+02:00,7.234830844544776,7.399429056039116,7.287202710855771,7.339575290679932,41100,0.0,0.0,0.0
2021-05-09 00:00:00+02:00,7.339575396906674,7.474246014157363,7.167495283873604,7.309648513793945,67700,0.0,0.0,0.0
2021-05-10 00:00:00+02:00,7.309648262537616,7.7809964769830255,7.399428908789749,7.60143518447876,221999,0.0,0.0,0.0
2021-05-11 00:00:00+02:00,7.601434844378255,8.357089475082601,7.780996128848658,8.214936256408691,247541,0.0,0.0,0.0
2021-05-17 00:00:00+02:00,8.214936305610378,8.603986471139507,8.080265698207553,8.252345085144043,100575,0.0,0.0,0.0
2021-05-18 00:00:00+02:00,8.252346127769066,8.566578773931914,8.117675503351569,8.327163696289062,222494,0.0,0.0,0.0
2021-05-19 00:00:00+02:00,8.327163118515482,8.521688212359937,7.855814181975381,8.17004680633545,257466,0.0,0.0,0.0
2021-05-20 00:00:00+02:00,8.17004730111703,8.222419170510983,7.855814657726898,8.065302848815918,91537,0.0,0.0,0.0
2021-05-23 00:00:00+02:00,8.065301218520785,8.334643837561503,8.012929359713118,8.229899406433105,146592,0.0,0.0,0.0
2021-05-24 00:00:00+02:00,8.229900203598572,8.963109151978323,8.267308983590281,8.514205932617188,658801,0.0,0.0,0.0
2021-05-25 00:00:00+02:00,8.514205558871092,8.865846933736242,7.825886605885865,8.484278678894043,441429,0.0,0.0,0.0
2021-05-26 00:00:00+02:00,8.484278355818617,8.791029042280792,8.334643961631347,8.49176025390625,220147,0.0,0.0,0.0
2021-05-27 00:00:00+02:00,8.491761751844084,8.753621809485379,8.387017300679647,8.58902359008789,259053,0.0,0.0,0.0
2021-05-30 00:00:00+02:00,8.589022742905918,9.277341723206554,8.67880409991307,9.03792667388916,730449,0.0,0.0,0.0
2021-05-31 00:00:00+02:00,9.037927210098726,9.307269156560533,8.618950848935913,8.97059154510498,206397,0.0,0.0,0.0
2021-06-01 00:00:00+02:00,8.9705907415292,9.389567778673676,8.319680560752781,9.082817077636719,484220,0.0,0.0,0.0
2021-06-02 00:00:00+02:00,9.082816398215162,9.913287798426163,9.135188256373235,9.584092140197754,1123842,0.0,0.0,0.0
2021-06-03 00:00:00+02:00,9.584093853528884,9.875880788015296,9.404531839791268,9.621501922607422,673685,0.0,0.0,0.0
2021-06-06 00:00:00+02:00,9.62150229181145,9.853436181969517,9.426977899193789,9.651429176330566,512343,0.0,0.0,0.0
2021-06-07 00:00:00+02:00,9.651428805978162,9.838472005423577,9.569130055086925,9.621501922607422,587240,0.0,0.0,0.0
2021-06-08 00:00:00+02:00,9.6215007883593,9.576610825351718,9.284823211750037,9.344676971435547,380839,0.0,0.0,0.0
2021-06-09 00:00:00+02:00,9.344677228520208,9.539202309606308,9.210006622279392,9.322232246398926,238572,0.0,0.0,0.0
2021-06-10 00:00:00+02:00,9.322232089995023,9.643946586892687,9.314750191575751,9.41949462890625,125602,0.0,0.0,0.0
2021-06-13 00:00:00+02:00,9.419495262639733,9.501794010249386,8.484279302703511,9.05289077758789,212760,0.0,0.0,0.0
2021-06-14 00:00:00+02:00,9.052890587783088,9.441940047932825,8.90325546652005,9.277341842651367,110496,0.0,0.0,0.0
2021-06-15 00:00:00+02:00,9.277341842651367,9.561647574132744,9.052890587783088,9.277341842651367,164255,0.0,0.0,0.0
2021-06-16 00:00:00+02:00,9.277341611186898,9.352159169951761,8.97807280315369,9.172597885131836,166540,0.0,0.0,0.0
2021-06-17 00:00:00+02:00,9.172598736289903,9.49431255640029,9.09029927130907,9.28482437133789,199296,0.0,0.0,0.0
2021-06-20 00:00:00+02:00,9.284823945691576,10.092850478831473,9.239933979135555,9.778617858886719,535767,0.0,0.0,0.0
2021-06-21 00:00:00+02:00,9.778617852706367,10.698870728680994,10.092850472452517,10.339747428894043,992805,0.0,0.0,0.0
2021-06-22 00:00:00+02:00,10.339746563123354,10.60908919378918,10.062922747671438,10.227520942687988,412769,0.0,0.0,0.0
2021-06-23 00:00:00+02:00,10.227522055041891,10.549236581765753,10.02551506007207,10.317302703857422,571113,0.0,0.0,0.0
2021-06-24 00:00:00+02:00,10.317302284512815,10.624053000543016,10.317302284512815,10.437009811401367,514475,0.0,0.0,0.0
2021-06-27 00:00:00+02:00,10.437009500685837,11.147773455561639,10.347228858192244,10.818577766418457,532380,0.0,0.0,0.0
2021-06-28 00:00:00+02:00,10.818577821762641,10.923322261964234,10.249966369547929,10.459454536437988,248067,0.0,0.0,0.0
2021-06-29 00:00:00+02:00,10.459455219437052,10.549236581765753,10.175150188277792,10.317302703857422,178704,0.0,0.0,0.0
2021-06-30 00:00:00+02:00,10.31730316334504,10.53427325269043,10.249967495356263,10.42204761505127,170920,0.0,0.0,0.0
2021-07-04 00:00:00+02:00,10.422046120072672,10.49686296326236,10.107813523541921,10.302338600158691,72345,0.0,0.0,0.0
2021-07-05 00:00:00+02:00,10.30233860490438,10.339746669759904,9.726245273161597,10.092849731445312,166386,0.0,0.0,0.0
2021-07-06 00:00:00+02:00,10.092849862603583,10.062922982222396,9.352159038034404,9.830989837646484,177540,0.0,0.0,0.0
2021-07-07 00:00:00+02:00,9.830991208161635,10.175150737280289,9.95818064589113,10.0629243850708,143735,0.0,0.0,0.0
2021-07-08 00:00:00+02:00,10.062923150957571,10.205076370286662,9.875879967060541,9.920770645141602,117589,0.0,0.0,0.0
2021-07-11 00:00:00+02:00,9.920771017777813,9.898325321137635,9.651428366200856,9.763654708862305,66463,0.0,0.0,0.0
2021-07-12 00:00:00+02:00,9.763655235594198,9.973143420945343,9.86091778574267,9.883362770080566,44590,0.0,0.0,0.0
2021-07-13 00:00:00+02:00,9.883362297126133,10.53427251988226,10.010551724809726,10.339747428894043,261877,0.0,0.0,0.0
2021-07-14 00:00:00+02:00,10.339748181168089,11.200147355362564,10.287376311904437,10.811097145080566,546778,0.0,0.0,0.0
2021-07-15 00:00:00+02:00,10.811096089746913,11.88846524881097,11.080438736269494,11.693940162658691,899679,0.0,0.0,0.0
2021-07-18 00:00:00+02:00,11.693940535349332,12.861090375947413,12.344850762668454,12.636637687683105,444164,0.0,0.0,0.0
2021-07-25 00:00:00+02:00,12.636638257989812,13.89356880251251,13.242659259330216,13.579336166381836,638752,0.0,0.0,0.0
2021-07-26 00:00:00+02:00,13.579336043987356,14.739004741005301,13.212731542976945,14.065648078918457,656723,0.0,0.0,0.0
2021-07-27 00:00:00+02:00,14.065647940258552,14.514551901549007,13.990831802565438,14.22276496887207,132279,0.0,0.0,0.0
2021-07-28 00:00:00+02:00,14.222764357368582,14.439733715997518,13.497037292952774,13.818750381469727,270929,0.0,0.0,0.0
2021-07-29 00:00:00+02:00,13.818748001805872,14.73151952630736,13.721486187519771,14.282615661621094,181104,0.0,0.0,0.0
2021-08-01 00:00:00+02:00,14.28261844674095,14.589369171570846,13.871123989635379,14.185355186462402,94095,0.0,0.0,0.0
2021-08-02 00:00:00+02:00,14.185355971012585,15.561994072886346,13.998312766160458,14.881156921386719,487608,0.0,0.0,0.0
2021-08-03 00:00:00+02:00,14.88115539660898,14.58936848358567,13.399773708454276,14.035720825195312,439646,0.0,0.0,0.0
2021-08-04 00:00:00+02:00,14.035720272254663,14.065646438731978,13.46710883892363,13.72896957397461,149413,0.0,0.0,0.0
2021-08-05 00:00:00+02:00,13.728971253367297,14.67166915865036,14.110539555055182,14.327508926391602,179918,0.0,0.0,0.0
2021-08-08 00:00:00+02:00,14.327508926391602,14.327508926391602,14.327508926391602,14.327508926391602,0,0.0,0.0,0.0
2021-08-09 00:00:00+02:00,14.327508926391602,14.327508926391602,14.327508926391602,14.327508926391602,0,0.0,0.0,0.0
2021-08-10 00:00:00+02:00,14.132982361550448,14.649221942936597,13.990830570827343,14.394843101501465,116098,0.0,0.0,0.0
2021-08-11 00:00:00+02:00,14.394842790386088,15.0681979449739,14.215281510964418,14.589367866516113,184726,0.0,0.0,0.0
2021-08-15 00:00:00+02:00,14.58937024369932,14.88115719192485,13.990832548101714,14.260173797607422,50669,0.0,0.0,0.0
2021-08-16 00:00:00+02:00,14.260172000308714,14.574404607649361,13.878603732321766,14.125500679016113,77765,0.0,0.0,0.0
2021-08-17 00:00:00+02:00,14.125500369311837,15.53206588638838,13.923494818828198,15.113089561462402,492997,0.0,0.0,0.0
2021-08-18 00:00:00+02:00,15.11308980344685,15.524584236495263,14.739003436302387,15.008344650268555,526259,0.0,0.0,0.0
2021-08-19 00:00:00+02:00,15.008343456898189,15.337539833377011,14.477141542763526,14.903599739074707,122111,0.0,0.0,0.0
2021-08-22 00:00:00+02:00,14.903601436475583,15.150498390197754,14.611814516720187,14.776412010192871,69145,0.0,0.0,0.0
2021-08-23 00:00:00+02:00,14.776411283597668,15.861262303077352,14.716557522821105,15.487175941467285,220336,0.0,0.0,0.0
2021-08-24 00:00:00+02:00,15.487176248615134,15.487176248615134,14.551960326042389,14.918564796447754,121125,0.0,0.0,0.0
2021-08-25 00:00:00+02:00,14.918566428941936,15.023310167083478,14.364918713438007,14.529516220092773,43606,0.0,0.0,0.0
2021-08-26 00:00:00+02:00,14.529516255194993,14.963456434720841,14.140466045405914,14.320027351379395,149406,0.0,0.0,0.0
2021-08-29 00:00:00+02:00,14.320025644926591,14.57440448816578,13.803787486905508,14.073128700256348,49783,0.0,0.0,0.0
2021-08-30 00:00:00+02:00,14.073128575705116,14.417288771699493,14.005792916206785,14.230245590209961,33895,0.0,0.0,0.0
2021-08-31 00:00:00+02:00,14.230245804063635,13.953421263407439,13.699042418596743,13.773859977722168,25057,0.0,0.0,0.0
2021-09-01 00:00:00+02:00,13.773860005550299,14.215282035553264,13.848677564826883,14.125500679016113,21255,0.0,0.0,0.0
2021-09-02 00:00:00+02:00,14.12550252885308,14.963456733839738,14.312545738026076,14.68663215637207,81393,0.0,0.0,0.0
2021-09-05 00:00:00+02:00,14.686630874839235,15.038272990697639,13.467109885336455,13.781342506408691,64099,0.0,0.0,0.0
2021-09-06 00:00:00+02:00,13.781341867280382,13.766378070059881,11.611641216226452,11.940836906433105,254248,0.0,0.0,0.0
2021-09-07 00:00:00+02:00,11.940837591719282,12.344850864188563,11.90342881003426,12.337368965148926,45008,0.0,0.0,0.0
2021-09-08 00:00:00+02:00,12.337369672602296,13.317475670575082,12.494486707391479,12.771309852600098,85409,0.0,0.0,0.0
2021-09-09 00:00:00+02:00,12.771308572100832,13.235176303464183,12.270032774171229,12.591747283935547,40648,0.0,0.0,0.0
2021-09-12 00:00:00+02:00,12.591746887807698,13.467109031966576,11.776238504487624,13.085540771484375,74849,0.0,0.0,0.0
2021-09-13 00:00:00+02:00,13.085542239293924,13.504518612162258,13.137914107524168,13.392292976379395,73544,0.0,0.0,0.0
2021-09-14 00:00:00+02:00,13.392292209992567,14.963455302120476,13.556891131612725,14.103056907653809,113286,0.0,0.0,0.0
2021-09-15 00:00:00+02:00,14.103057567158677,14.589369601813866,13.474592300918433,13.549409866333008,86698,0.0,0.0,0.0
2021-09-16 00:00:00+02:00,13.549410516615877,14.185356285595077,13.579336688002147,13.699044227600098,14050,0.0,0.0,0.0
2021-09-19 00:00:00+02:00,13.699041866112768,14.207799535215903,13.429700661960549,13.467108726501465,65291,0.0,0.0,0.0
2021-09-20 00:00:00+02:00,13.467109796846199,13.339920369461598,12.988279682940084,13.145395278930664,27708,0.0,0.0,0.0
2021-09-21 00:00:00+02:00,13.145395165047375,12.943388177358429,12.352332439004385,12.718936920166016,31563,0.0,0.0,0.0
2021-09-22 00:00:00+02:00,12.718936920166016,13.167840861577133,12.494485662973602,12.718936920166016,11165,0.0,0.0,0.0
2021-09-23 00:00:00+02:00,12.718936815119033,14.035721033103922,12.74138251146341,13.788824081420898,61454,0.0,0.0,0.0
2021-09-26 00:00:00+02:00,13.788824792722245,15.711628640931016,14.043203656308952,14.948492050170898,428766,0.0,0.0,0.0
2021-09-27 00:00:00+02:00,14.94849176253858,15.18042635118661,13.841196393541573,14.185355186462402,134118,0.0,0.0,0.0
2021-09-28 00:00:00+02:00,14.18535424851328,14.589368206907936,13.459627215540122,14.559440612792969,108538,0.0,0.0,0.0
2021-09-29 00:00:00+02:00,14.559440870985288,14.963454836544594,13.856159521126596,14.05816650390625,38137,0.0,0.0,0.0
2021-09-30 00:00:00+02:00,14.058165684405827,14.918564001946216,13.646669844172651,14.088091850280762,74674,0.0,0.0,0.0
2021-10-03 00:00:00+02:00,14.088092801130163,14.78389368575476,13.766378290860617,13.901049613952637,21920,0.0,0.0,0.0
2021-10-04 00:00:00+02:00,13.901049613952638,13.901049613952638,13.901049613952638,13.901049613952637,0,0.0,0.0,0.0
2021-10-05 00:00:00+02:00,13.631706626554951,13.841195504679545,13.347401617053077,13.74393367767334,45737,0.0,0.0,0.0
2021-10-06 00:00:00+02:00,13.74393367767334,13.990830621486575,13.467109139688207,13.74393367767334,13362,0.0,0.0,0.0
2021-10-10 00:00:00+02:00,13.743934441529657,13.990831399064858,13.339920459912248,13.59429931640625,28726,0.0,0.0,0.0
2021-10-11 00:00:00+02:00,13.59429848751569,13.878603495483544,13.10050460255358,13.83371353149414,104448,0.0,0.0,0.0
2021-10-12 00:00:00+02:00,13.833714704815936,13.654153406602408,13.257621314489402,13.586817741394043,55425,0.0,0.0,0.0
2021-10-13 00:00:00+02:00,13.58681678185854,13.519481121405589,13.205248514967233,13.399773597717285,37718,0.0,0.0,0.0
2021-10-14 00:00:00+02:00,13.399774985862248,13.467110653290813,13.19776798357655,13.44466495513916,18831,0.0,0.0,0.0
2021-10-17 00:00:00+02:00,13.44466495513916,13.467110653290813,13.107988045022728,13.44466495513916,6127,0.0,0.0,0.0
2021-10-18 00:00:00+02:00,13.44466495513916,13.44466495513916,13.44466495513916,13.44466495513916,0,0.0,0.0,0.0
2021-10-19 00:00:00+02:00,13.46710924497549,13.841195612891475,12.045581332299992,12.44211196899414,73662,0.0,0.0,0.0
2021-10-20 00:00:00+02:00,12.442112057516725,13.452145543481278,11.222591117325566,12.142843246459961,78779,0.0,0.0,0.0
2021-10-24 00:00:00+02:00,12.142844449755302,13.30251316967875,12.34485145237135,12.905981063842773,22416,0.0,0.0,0.0
2021-10-25 00:00:00+02:00,12.905978814638345,12.846125056926866,11.970762958505132,12.726417541503906,100824,0.0,0.0,0.0
2021-10-26 00:00:00+02:00,12.726418800673024,13.392292099473911,12.329886724709707,12.36729621887207,38925,0.0,0.0,0.0
2021-10-27 00:00:00+02:00,12.367295748995673,12.329886256254625,10.998138995737397,11.866019248962402,155577,0.0,0.0,0.0
2021-10-28 00:00:00+02:00,11.86601971689015,12.045581721562485,11.596677780151367,11.97076416015625,42792,0.0,0.0,0.0
2021-10-31 00:00:00+02:00,11.970764808628951,12.344851208898605,11.880984158185816,11.955801010131836,43106,0.0,0.0,0.0
2021-11-01 00:00:00+02:00,11.955801010131836,12.307443139682189,11.821130391223726,11.955801010131836,14198,0.0,0.0,0.0
2021-11-02 00:00:00+02:00,11.955800074601374,11.82861136489422,11.297408689536908,11.454524993896484,76463,0.0,0.0,0.0
2021-11-03 00:00:00+02:00,11.454524956941796,11.596677463516546,10.773687164571411,11.207627296447754,134561,0.0,0.0,0.0
2021-11-04 00:00:00+02:00,11.207626856468535,11.117846216864834,10.17514914426943,10.451972961425781,72015,0.0,0.0,0.0
2021-11-07 00:00:00+02:00,10.451972961425781,10.451972961425781,10.451972961425781,10.451972961425781,0,0.0,0.0,0.0
2021-11-08 00:00:00+02:00,10.451972961425781,10.451972961425781,10.451972961425781,10.451972961425781,0,0.0,0.0,0.0
2021-11-09 00:00:00+02:00,10.451972961425781,10.451972961425781,10.451972961425781,10.451972961425781,0,0.0,0.0,0.0
2021-11-10 00:00:00+02:00,11.110365867614746,11.110365867614746,10.100332347463167,11.110365867614746,16125,0.0,0.0,0.0
2021-11-11 00:00:00+02:00,11.110365867614746,11.170219631851994,10.549236292755682,11.110365867614746,5273,0.0,0.0,0.0
2021-11-14 00:00:00+02:00,11.110365498492326,10.96073037935742,10.474418382708354,10.49686336517334,27460,0.0,0.0,0.0
2021-11-15 00:00:00+02:00,10.496864336955317,10.624053771887096,9.067854382324022,9.524239540100098,66794,0.0,0.0,0.0
2021-11-16 00:00:00+02:00,9.524237908890926,9.352158534345248,8.155081956543828,8.304717063903809,476009,0.0,0.0,0.0
2021-11-17 00:00:00+02:00,8.304717283621097,8.716211699208706,8.080265330155887,8.431906700134277,209853,0.0,0.0,0.0
2021-11-18 00:00:00+02:00,8.431908279904757,8.603987691243274,8.020413073707868,8.192492485046387,253855,0.0,0.0,0.0
2021-11-21 00:00:00+02:00,8.192491637895017,8.192491637895017,7.930631598129923,7.975521564483643,55990,0.0,0.0,0.0
2021-11-22 00:00:00+02:00,7.975521042725285,8.439388041275398,7.6837341399753525,8.334644317626953,32672,0.0,0.0,0.0
2021-11-23 00:00:00+02:00,8.334645445845135,8.603987403345997,8.229900994504865,8.40198040008545,83458,0.0,0.0,0.0
2021-11-24 00:00:00+02:00,8.40198040008545,8.40198040008545,8.40198040008545,8.40198040008545,0,0.0,0.0,0.0
2021-11-25 00:00:00+02:00,8.401980044395916,9.052890996115428,8.45435262460551,8.805994033813477,173553,0.0,0.0,0.0
2021-11-28 00:00:00+02:00,8.805994033813477,8.805994033813477,8.805994033813477,8.805994033813477,0,0.0,0.0,0.0
2021-11-29 00:00:00+02:00,8.611469451390937,9.352160382436757,8.656359421659234,9.090299606323242,156717,0.0,0.0,0.0
2021-11-30 00:00:00+02:00,9.090299606323242,9.090299606323242,9.090299606323242,9.090299606323242,0,0.0,0.0,0.0
2021-12-01 00:00:00+02:00,9.090299606323242,9.090299606323242,9.090299606323242,9.090299606323242,0,0.0,0.0,0.0
2021-12-02 00:00:00+02:00,9.359641398965323,9.569129571984377,9.329714517105458,9.35215950012207,99331,0.0,0.0,0.0
2021-12-05 00:00:00+02:00,9.352159237520283,9.531720523637523,8.985554766652637,9.18756103515625,101435,0.0,0.0,0.0
2021-12-06 00:00:00+02:00,9.187561079712532,9.494311790028725,9.015481691393937,9.03792667388916,143111,0.0,0.0,0.0
2021-12-07 00:00:00+02:00,9.037926979742599,9.337195801516929,8.963109417542439,9.05289077758789,88879,0.0,0.0,0.0
2021-12-08 00:00:00+02:00,9.052890681523422,9.195043191979494,8.843401794991223,8.978073120117188,36861,0.0,0.0,0.0
2021-12-09 00:00:00+02:00,8.978073120117188,9.120225630573259,8.92570125524071,8.978073120117188,10500,0.0,0.0,0.0
2021-12-12 00:00:00+02:00,8.978073120117188,9.576611470827629,9.015481900820305,9.35215950012207,100688,0.0,0.0,0.0
2021-12-13 00:00:00+02:00,9.352160409401284,9.576612401929557,9.292306639862172,9.314751625061035,80337,0.0,0.0,0.0
2021-12-14 00:00:00+02:00,9.314751625061035,9.314751625061035,9.314751625061035,9.314751625061035,0,0.0,0.0,0.0
2021-12-15 00:00:00+02:00,9.03792655811844,9.344677264505329,8.978072796555782,8.985554695129395,31048,0.0,0.0,0.0
2021-12-16 00:00:00+02:00,8.985555436077492,9.232452401260828,8.978073536886924,9.045409202575684,35827,0.0,0.0,0.0
2021-12-19 00:00:00+02:00,9.045409267624535,9.27734243609465,8.978073601451538,9.060372352600098,27529,0.0,0.0,0.0
2021-12-20 00:00:00+02:00,9.060372398437508,9.292306281594186,8.955628662539102,9.09778118133545,37311,0.0,0.0,0.0
2021-12-21 00:00:00+02:00,9.097781296800166,10.032997313552045,9.25489761615501,9.74869155883789,356639,0.0,0.0,0.0
2021-12-22 00:00:00+02:00,9.74868982738221,10.459453731172887,9.875879240151528,10.047959327697754,384945,0.0,0.0,0.0
2021-12-23 00:00:00+02:00,10.047961299550794,10.324785160046396,9.726246755468754,10.0629243850708,74365,0.0,0.0,0.0
2021-12-26 00:00:00+02:00,10.06292305828072,10.324783798730143,9.958179332911444,10.03299617767334,40242,0.0,0.0,0.0
2021-12-27 00:00:00+02:00,10.032995511381676,10.272410540341165,9.756171705769003,9.860916137695312,51532,0.0,0.0,0.0
2021-12-28 00:00:00+02:00,9.860917110765621,10.100332163350465,9.830990229192516,10.025514602661133,48105,0.0,0.0,0.0
2021-12-29 00:00:00+02:00,10.025514978915448,10.10033254241266,9.82350869909404,9.868398666381836,60758,0.0,0.0,0.0
2021-12-30 00:00:00+02:00,9.868397721763223,10.459454133572214,9.875879620099399,10.26492977142334,76071,0.0,0.0,0.0
2022-01-02 00:00:00+02:00,10.264930947957723,10.526790998119562,10.257449048763997,10.369674682617188,92154,0.0,0.0,0.0
2022-01-03 00:00:00+02:00,10.369674405913424,10.766206490441775,10.407083187370665,10.414565086364746,100297,0.0,0.0,0.0
2022-01-04 00:00:00+02:00,10.414565245101953,10.586644643509654,10.466937111832442,10.504345893859863,45602,0.0,0.0,0.0
2022-01-05 00:00:00+02:00,10.504345893859863,10.676426005780735,10.437010228913138,10.504345893859863,71263,0.0,0.0,0.0
2022-01-09 00:00:00+02:00,10.504345893859863,10.504345893859863,10.504345893859863,10.504345893859863,0,0.0,0.0,0.0
2022-01-10 00:00:00+02:00,10.422047254810206,10.848505519314203,10.459455323721437,10.556717872619629,70091,0.0,0.0,0.0
2022-01-11 00:00:00+02:00,10.556717689454159,10.990657845616546,10.624053353947144,10.67642593383789,172184,0.0,0.0,0.0
2022-01-12 00:00:00+02:00,10.6764259392946,10.841023437569172,10.474418945712397,10.48938274383545,44544,0.0,0.0,0.0
2022-01-13 00:00:00+02:00,10.489381482786484,10.624052082137819,10.474417686462402,10.474417686462402,59613,0.0,0.0,0.0
2022-01-16 00:00:00+02:00,10.474417686462402,10.683905840407988,10.100331340517316,10.474417686462402,10057,0.0,0.0,0.0
2022-01-17 00:00:00+02:00,10.474418473825839,10.451973491165603,10.025514539542334,10.19759464263916,44787,0.0,0.0,0.0
2022-01-18 00:00:00+02:00,10.19759464263916,10.377155930947309,10.220039625299394,10.19759464263916,16336,0.0,0.0,0.0
2022-01-19 00:00:00+02:00,10.19759417975381,10.317301699858856,10.21255726301039,10.279892921447754,38314,0.0,0.0,0.0
2022-01-20 00:00:00+02:00,10.279894414555452,10.324785097871562,10.025515540628309,10.21255874633789,114572,0.0,0.0,0.0
2022-01-23 00:00:00+02:00,10.21255874633789,10.294858213498557,10.040479339571414,10.21255874633789,18469,0.0,0.0,0.0
2022-01-24 00:00:00+02:00,10.212557888728043,10.17514982153807,9.980624732692377,10.100332260131836,30425,0.0,0.0,0.0
2022-01-25 00:00:00+02:00,10.100332260131836,10.2350035852578,9.950697850832512,10.100332260131836,16860,0.0,0.0,0.0
2022-01-26 00:00:00+02:00,10.100332908754872,10.324784893874286,9.883362822959183,10.085369110107422,29584,0.0,0.0,0.0
2022-01-30 00:00:00+02:00,10.085369110107422,10.17515047496574,10.025515342544004,10.085369110107422,5711,0.0,0.0,0.0
2022-01-31 00:00:00+02:00,10.085369110107422,10.31730299455056,10.100332908754872,10.085369110107422,18616,0.0,0.0,0.0
2022-02-01 00:00:00+02:00,10.085369110107422,10.45945551413538,10.324784893874286,10.085369110107422,12075,0.0,0.0,0.0
2022-02-02 00:00:00+02:00,10.085368416031388,10.504345473654464,10.324784183321635,10.437009811401367,23450,0.0,0.0,0.0
2022-02-03 00:00:00+02:00,10.437009164735283,10.661461120501082,10.407082284867382,10.451972961425781,66863,0.0,0.0,0.0
2022-02-06 00:00:00+02:00,10.451972705489359,10.616570183975778,10.332265188949025,10.474417686462402,25885,0.0,0.0,0.0
2022-02-07 00:00:00+02:00,10.474417686462402,10.586643304840695,10.362192068084108,10.474417686462402,7246,0.0,0.0,0.0
2022-02-08 00:00:00+02:00,10.474417686462402,10.451972705489359,10.264929532516817,10.474417686462402,6967,0.0,0.0,0.0
2022-02-09 00:00:00+02:00,10.474418688865072,10.549236250619368,10.324784278869629,10.324784278869629,52570,0.0,0.0,0.0
2022-02-10 00:00:00+02:00,10.324784278869629,10.429528009109864,10.29485739687054,10.324784278869629,11122,0.0,0.0,0.0
2022-02-13 00:00:00+02:00,10.324784549071653,10.28737576721551,9.778618046403547,9.928253173828125,66481,0.0,0.0,0.0
2022-02-14 00:00:00+02:00,10.604942141118004,10.708833138161424,10.317241650398588,10.3971586227417,92356,0.846744,0.0,0.0
2022-02-15 00:00:00+02:00,10.39715943038032,10.708833970010541,10.389167580096265,10.620925903320312,92914,0.0,0.0,0.0
2022-02-16 00:00:00+02:00,10.62092515945168,9.949625025503446,8.646983244083843,9.510083198547363,41132,0.0,0.0,0.0
2022-02-17 00:00:00+02:00,9.510083627329573,9.821758921328005,8.886733801477485,9.478116989135742,41150,0.0,0.0,0.0
2022-02-20 00:00:00+02:00,9.478116989135742,9.510083627329573,9.454142201026563,9.478116989135742,2292,0.0,0.0,0.0
2022-02-21 00:00:00+02:00,9.478116989135742,9.486108839220394,9.070542542700592,9.478116989135742,13660,0.0,0.0,0.0
2022-02-22 00:00:00+02:00,9.478116989135742,9.33426749833589,9.03058405442211,9.478116989135742,8569,0.0,0.0,0.0
2022-02-23 00:00:00+02:00,9.478116989135742,9.38221707455425,9.262342371863577,9.478116989135742,15014,0.0,0.0,0.0
2022-02-24 00:00:00+02:00,9.478116750573072,9.270333988615416,7.831833781810299,8.199450492858887,67360,0.0,0.0,0.0
2022-02-27 00:00:00+02:00,8.199450492858887,8.790833665632126,8.391250317194302,8.199450492858887,22625,0.0,0.0,0.0
2022-02-28 00:00:00+02:00,8.199450492858887,8.942675002694807,8.527108716634743,8.199450492858887,23199,0.0,0.0,0.0
2022-03-01 00:00:00+02:00,8.199451551229545,9.158451558837392,8.55108460789931,8.615017890930176,93137,0.0,0.0,0.0
2022-03-02 00:00:00+02:00,8.615017890930176,8.790834800337485,8.55108460789931,8.615017890930176,19480,0.0,0.0,0.0
2022-03-03 00:00:00+02:00,8.615017890930176,8.84677623245328,8.591043100329815,8.615017890930176,19972,0.0,0.0,0.0
2022-03-06 00:00:00+02:00,8.615018094466437,8.99062671275545,8.631001796674207,8.814809799194336,36217,0.0,0.0,0.0
2022-03-07 00:00:00+02:00,8.81480810068482,8.902716921598818,8.654974920129442,8.734891891479492,53728,0.0,0.0,0.0
2022-03-08 00:00:00+02:00,8.734891891479492,8.734891891479492,8.734891891479492,8.734891891479492,0,0.0,0.0,0.0
2022-03-09 00:00:00+02:00,8.830791473388672,8.95066616383794,8.806816687727757,8.830791473388672,25206,0.0,0.0,0.0
2022-03-10 00:00:00+02:00,8.830791473388672,9.006608346573,8.750874504992698,8.830791473388672,15103,0.0,0.0,0.0
2022-03-13 00:00:00+02:00,8.830791473388672,8.790832989190685,8.487149576288552,8.830791473388672,14941,0.0,0.0,0.0
2022-03-14 00:00:00+02:00,8.830791473388672,8.830791473388672,8.830791473388672,8.830791473388672,7641,0.0,0.0,0.0
2022-03-15 00:00:00+02:00,8.830791473388672,8.76685820352977,8.487149576288552,8.830791473388672,1922,0.0,0.0,0.0
2022-03-16 00:00:00+02:00,8.83079298125395,9.502093191542189,8.51911766586446,9.36623477935791,277526,0.0,0.0,0.0
2022-03-17 00:00:00+02:00,9.366234374309448,10.229334389599094,9.190417478707543,9.318284034729004,204896,0.0,0.0,0.0
2022-03-20 00:00:00+02:00,9.318283532911977,10.1893753515783,9.238367320774683,10.157408714294434,275387,0.0,0.0,0.0
2022-03-21 00:00:00+02:00,10.157409165934904,10.70084278606871,10.037534461326464,10.556992530822754,371622,0.0,0.0,0.0
2022-03-22 00:00:00+02:00,10.55699279984671,10.78875112690177,10.229334554232121,10.317242622375488,105332,0.0,0.0,0.0
2022-03-23 00:00:00+02:00,10.317242134512076,10.509041962561643,9.997575754429464,10.357200622558594,87301,0.0,0.0,0.0
2022-03-24 00:00:00+02:00,10.357200487086265,10.588958800150948,10.205359149069302,10.221342086791992,122882,0.0,0.0,0.0
2022-03-27 00:00:00+02:00,10.221342456675854,10.229334306898782,10.005567835670295,10.197367668151855,35426,0.0,0.0,0.0
2022-03-28 00:00:00+02:00,10.197367607837661,10.157409119104148,9.59000071309365,9.693892478942871,73654,0.0,0.0,0.0
2022-03-29 00:00:00+02:00,9.693892110112996,9.973599996315796,9.510083373790241,9.717866897583008,51530,0.0,0.0,0.0
2022-03-30 00:00:00+02:00,9.717866897583008,9.85372529682099,9.6299588354298,9.717866897583008,15483,0.0,0.0,0.0
2022-03-31 00:00:00+02:00,9.717866897583008,9.909666721632599,9.438159011380208,9.717866897583008,2886,0.0,0.0,0.0
2022-04-03 00:00:00+02:00,9.717866897583008,10.181383520108565,9.34225833721066,9.717866897583008,11660,0.0,0.0,0.0
2022-04-04 00:00:00+02:00,9.717866897583008,9.526067073533415,9.518075223661828,9.717866897583008,48,0.0,0.0,0.0
2022-04-05 00:00:00+02:00,9.717866897583008,9.901675633905764,9.43016716150862,9.717866897583008,14369,0.0,0.0,0.0
2022-04-06 00:00:00+02:00,9.717866897583008,9.893683784034176,8.790833652531896,9.717866897583008,12000,0.0,0.0,0.0
2022-04-07 00:00:00+02:00,9.717866897583008,9.749833534924607,9.230375487587441,9.717866897583008,14698,0.0,0.0,0.0
2022-04-10 00:00:00+02:00,9.717866897583008,9.278325062527463,8.934683901641465,9.717866897583008,15523,0.0,0.0,0.0
2022-04-11 00:00:00+02:00,9.717866897583008,9.422175311637032,8.790833652531896,9.717866897583008,7829,0.0,0.0,0.0
2022-04-12 00:00:00+02:00,9.71786616428946,9.030583132233915,8.734891568600318,8.830791473388672,35560,0.0,0.0,0.0
2022-04-13 00:00:00+02:00,8.830791473388672,9.326274695867511,8.63099981454343,8.830791473388672,17545,0.0,0.0,0.0
2022-04-14 00:00:00+02:00,8.830791473388672,8.71091602079471,8.263383131782394,8.830791473388672,15474,0.0,0.0,0.0
2022-04-17 00:00:00+02:00,8.830792402681192,8.782842064168701,7.280408540089228,7.52815055847168,32172,0.0,0.0,0.0
2022-04-18 00:00:00+02:00,7.52815055847168,8.543091895895794,7.472209131994419,7.52815055847168,24247,0.0,0.0,0.0
2022-04-19 00:00:00+02:00,7.52815055847168,8.391250554538326,7.871792491734339,7.52815055847168,15679,0.0,0.0,0.0
2022-04-20 00:00:00+02:00,7.528150818491815,8.455184123164727,7.624050736684378,8.079575538635254,46860,0.0,0.0,0.0
2022-04-21 00:00:00+02:00,8.079575163184254,8.575058431893545,8.159492139036784,8.335309028625488,66430,0.0,0.0,0.0
2022-04-26 00:00:00+02:00,8.335309028625488,8.463175580273722,7.991667099462285,8.335309028625488,22615,0.0,0.0,0.0
2022-04-27 00:00:00+02:00,8.335309028625488,8.31133347858287,7.991667099462285,8.335309028625488,20315,0.0,0.0,0.0
2022-04-28 00:00:00+02:00,8.335309254000995,8.710917069087419,7.991667315546177,8.535100936889648,66236,0.0,0.0,0.0
2022-05-08 00:00:00+02:00,8.535100664731576,9.03058393103863,8.575058390319349,8.623008728027344,50953,0.0,0.0,0.0
2022-05-09 00:00:00+02:00,8.623008749652303,8.926692190178487,8.479158498312332,8.543091773986816,28317,0.0,0.0,0.0
2022-05-10 00:00:00+02:00,8.543091773986816,8.623008749652303,8.231417245609896,8.543091773986816,26228,0.0,0.0,0.0
2022-05-11 00:00:00+02:00,8.543091773986816,8.631000599647805,8.239409095605398,8.543091773986816,28175,0.0,0.0,0.0
2022-05-12 00:00:00+02:00,8.543091773986816,8.551083623982318,8.271375733442639,8.543091773986816,21160,0.0,0.0,0.0
2022-05-15 00:00:00+02:00,8.543091929224257,8.591042267923813,8.255392183461254,8.47116756439209,48228,0.0,0.0,0.0
2022-05-16 00:00:00+02:00,8.471167219688608,9.110499962035506,8.551083431409596,9.006608963012695,104540,0.0,0.0,0.0
2022-05-17 00:00:00+02:00,9.006608986667853,9.502092244360421,9.190416960039158,9.286316871643066,139123,0.0,0.0,0.0
2022-05-18 00:00:00+02:00,9.286317322675151,10.069501115363062,9.4381594283648,9.685900688171387,335649,0.0,0.0,0.0
2022-05-19 00:00:00+02:00,9.685900652368973,9.749833929640468,9.454142331723606,9.613975524902344,104583,0.0,0.0,0.0
2022-05-22 00:00:00+02:00,9.613975636064827,9.789792531666732,9.206401179282622,9.318284034729004,77685,0.0,0.0,0.0
2022-05-23 00:00:00+02:00,9.31828458761608,9.590001416356007,9.078534399778212,9.422176361083984,42022,0.0,0.0,0.0
2022-05-24 00:00:00+02:00,9.422175599136786,9.741841982306784,9.3102919839549,9.550042152404785,96572,0.0,0.0,0.0
2022-05-25 00:00:00+02:00,9.550041155643864,9.589999639905745,9.182424472295024,9.270333290100098,69789,0.0,0.0,0.0
2022-05-26 00:00:00+02:00,9.270333290100098,9.358241345760478,9.070541630935395,9.270333290100098,11100,0.0,0.0,0.0
2022-05-29 00:00:00+02:00,9.270333290100098,8.950666178149756,8.55108285982035,9.270333290100098,18187,0.0,0.0,0.0
2022-05-30 00:00:00+02:00,9.270333290100098,8.782841153965617,8.559074709101665,9.270333290100098,21500,0.0,0.0,0.0
2022-05-31 00:00:00+02:00,9.270333290100098,9.094516416634644,8.67095831260599,9.270333290100098,13190,0.0,0.0,0.0
2022-06-01 00:00:00+02:00,9.270335311055087,9.062551757311763,8.631001709922863,8.750876426696777,35898,0.0,0.0,0.0
2022-06-02 00:00:00+02:00,8.750876117043166,8.950667812693215,8.551084421393117,8.918701171875,32583,0.0,0.0,0.0
2022-06-05 00:00:00+02:00,8.918701171875,8.918701171875,8.918701171875,8.918701171875,0,0.0,0.0,0.0
2022-06-06 00:00:00+02:00,9.550042152404785,9.550042152404785,9.270334257667232,9.550042152404785,15672,0.0,0.0,0.0
2022-06-07 00:00:00+02:00,9.550042152404785,9.590000640837228,9.286317195753343,9.550042152404785,15352,0.0,0.0,0.0
2022-06-08 00:00:00+02:00,9.550042739406189,9.789792922592522,9.502093160055816,9.725859642028809,178133,0.0,0.0,0.0
2022-06-09 00:00:00+02:00,9.725858945934274,9.645941969877002,9.278325251874135,9.486108779907227,58583,0.0,0.0,0.0
2022-06-12 00:00:00+02:00,9.486108779907227,9.470125841982632,9.230375675955585,9.486108779907227,21281,0.0,0.0,0.0
2022-06-13 00:00:00+02:00,9.486109777433201,9.31828471978085,8.886734680409786,8.974642753601074,84963,0.0,0.0,0.0
2022-06-14 00:00:00+02:00,8.97464251067947,9.166443115765475,8.790834518397048,8.854767799377441,109372,0.0,0.0,0.0
2022-06-15 00:00:00+02:00,8.854766259049587,9.094516402092816,8.790832989190685,8.830791473388672,122096,0.0,0.0,0.0
2022-06-16 00:00:00+02:00,8.83079184140859,9.110499718161833,8.718908233420457,8.806817054748535,183492,0.0,0.0,0.0
2022-06-19 00:00:00+02:00,8.806817346030902,8.950666832893729,8.591041972519536,8.638992309570312,286699,0.0,0.0,0.0
2022-06-20 00:00:00+02:00,8.638992952337013,8.798826150823745,8.591042611718589,8.654975891113281,127172,0.0,0.0,0.0
2022-06-21 00:00:00+02:00,8.65497567744858,8.79083408334458,8.551083910460768,8.607026100158691,135017,0.0,0.0,0.0
2022-06-22 00:00:00+02:00,8.607025433103695,8.623008370246698,8.391250065587684,8.439200401306152,133074,0.0,0.0,0.0
2022-06-23 00:00:00+02:00,8.439200925973978,8.607025968205258,8.35928394885631,8.47116756439209,109245,0.0,0.0,0.0
2022-06-26 00:00:00+02:00,8.47116668189806,9.110499383657032,8.47116668189806,8.902716636657715,758372,0.0,0.0,0.0
2022-06-27 00:00:00+02:00,8.902716226665234,9.070541243684374,8.391249326667696,8.567066192626953,354926,0.0,0.0,0.0
2022-06-28 00:00:00+02:00,8.567067479646424,8.67095924504148,8.135517479929531,8.47116756439209,223923,0.0,0.0,0.0
2022-06-29 00:00:00+02:00,8.471167368363416,8.830792232781397,8.423217030773463,8.702925682067871,336036,0.0,0.0,0.0
2022-07-03 00:00:00+02:00,8.70292457603029,8.854765895169196,8.55108249474672,8.567066192626953,231563,0.0,0.0,0.0
2022-07-04 00:00:00+02:00,8.567068004313887,8.710917504932683,8.31133411916247,8.351292610168457,169957,0.0,0.0,0.0
2022-07-05 00:00:00+02:00,8.351292701217343,8.54309254556336,8.311334209775715,8.415225982666016,59841,0.0,0.0,0.0
2022-07-06 00:00:00+02:00,8.415224587387018,8.60702516207654,8.391249801355093,8.527108192443848,221878,0.0,0.0,0.0
2022-07-07 00:00:00+02:00,8.527109086659355,8.70292598100191,8.455183958876272,8.535100936889648,174065,0.0,0.0,0.0
2022-07-17 00:00:00+02:00,8.53510086470106,8.631000780219134,8.351292121682837,8.391250610351562,97348,0.0,0.0,0.0
2022-07-18 00:00:00+02:00,8.391250318670583,8.710916692619179,8.40723401844039,8.559075355529785,246519,0.0,0.0,0.0
2022-07-19 00:00:00+02:00,8.55907618430692,8.92669293101659,8.543092482989408,8.854767799377441,337327,0.0,0.0,0.0
2022-07-20 00:00:00+02:00,8.854767298712975,8.99861755385772,8.710917043568232,8.742883682250977,163400,0.0,0.0,0.0
2022-07-21 00:00:00+02:00,8.742884663549113,8.910709726006342,8.726901723486213,8.814809799194336,240338,0.0,0.0,0.0
2022-07-24 00:00:00+02:00,8.814808939710028,9.086525753589514,8.854767429188446,8.878742218017578,187192,0.0,0.0,0.0
2022-07-25 00:00:00+02:00,8.87874147409314,8.966650296008988,8.631000231945114,8.79882526397705,165711,0.0,0.0,0.0
2022-07-26 00:00:00+02:00,8.798824982492258,9.230374942176484,8.838783467344347,8.966650009155273,319887,0.0,0.0,0.0
2022-07-27 00:00:00+02:00,8.966650891049204,9.134475934218258,8.750875508912655,8.822800636291504,165328,0.0,0.0,0.0
2022-07-28 00:00:00+02:00,8.822799624120135,8.95066616383794,8.782841139922148,8.830791473388672,82853,0.0,0.0,0.0
2022-07-31 00:00:00+02:00,8.83079274125664,9.166442837278689,8.910708958981774,9.094517707824707,261486,0.0,0.0,0.0
2022-08-01 00:00:00+02:00,9.09451825891132,9.637951925808979,9.190418183279462,9.198410034179688,666804,0.0,0.0,0.0
2022-08-02 00:00:00+02:00,9.198408770913446,9.462133717243306,9.038575585583947,9.214391708374023,197743,0.0,0.0,0.0
2022-08-03 00:00:00+02:00,9.214392173346516,9.478117132984346,9.198409235079415,9.254350662231445,174832,0.0,0.0,0.0
2022-08-04 00:00:00+02:00,9.254350427300775,9.510083530240628,9.230375639436355,9.414183616638184,142432,0.0,0.0,0.0
2022-08-07 00:00:00+02:00,9.414184179916798,9.885692688282482,9.350250900356516,9.669918060302734,405280,0.0,0.0,0.0
2022-08-08 00:00:00+02:00,9.669917970460538,10.205359753411772,9.813767467062275,9.885692596435547,592746,0.0,0.0,0.0
2022-08-09 00:00:00+02:00,9.885691952520682,10.109458414327415,9.749833553030406,9.869709014892578,249368,0.0,0.0,0.0
2022-08-10 00:00:00+02:00,9.869709464628565,10.349209047492492,9.837742825770968,10.269292831420898,501173,0.0,0.0,0.0
2022-08-11 00:00:00+02:00,10.269292595216,10.549000488250174,10.269292595216,10.429125785827637,273206,0.0,0.0,0.0
2022-08-14 00:00:00+02:00,10.429125940545926,10.708833837729628,10.437117790731262,10.485067367553711,330123,0.0,0.0,0.0
2022-08-15 00:00:00+02:00,10.485067670390864,10.668876419238561,10.149417574360113,10.317242622375488,180206,0.0,0.0,0.0
2022-08-16 00:00:00+02:00,10.317241941183314,10.82870890187618,10.2533086663648,10.588958740234375,440857,0.0,0.0,0.0
2022-08-17 00:00:00+02:00,10.588958969822636,11.100425941605055,10.628917457986772,10.788750648498535,503773,0.0,0.0,0.0
2022-08-18 00:00:00+02:00,10.788750648498535,10.788750648498535,10.788750648498535,10.788750648498535,0,0.0,0.0,0.0
2022-08-21 00:00:00+02:00,10.58096737893663,10.892642679677488,10.477075612023011,10.54900074005127,159708,0.0,0.0,0.0
2022-08-22 00:00:00+02:00,10.549000949430548,10.636909779718719,10.285275982855644,10.317242622375488,145511,0.0,0.0,0.0
2022-08-23 00:00:00+02:00,10.317242622375488,10.317242622375488,10.317242622375488,10.317242622375488,0,0.0,0.0,0.0
2022-08-24 00:00:00+02:00,10.23732542855661,10.245316516066048,9.997575273944692,10.0375337600708,58114,0.0,0.0,0.0
2022-08-25 00:00:00+02:00,10.037533261555378,10.588957903845955,10.069499896439691,10.365191459655762,103171,0.0,0.0,0.0
2022-08-28 00:00:00+02:00,10.365191974444372,10.389166761262144,10.013558211108297,10.0375337600708,59088,0.0,0.0,0.0
2022-08-29 00:00:00+02:00,10.03753440342574,10.341217088301326,10.005567764904901,10.05351734161377,73312,0.0,0.0,0.0
2022-08-30 00:00:00+02:00,10.053516697234405,10.229333578902443,10.013558211108297,10.0375337600708,41206,0.0,0.0,0.0
2022-08-31 00:00:00+02:00,10.037533937141802,10.261300396392823,9.989583600515639,10.013558387756348,58864,0.0,0.0,0.0
2022-09-01 00:00:00+02:00,10.013559214823847,10.213350903335906,9.82975122722226,9.877700805664062,25474,0.0,0.0,0.0
2022-09-04 00:00:00+02:00,9.877699752024796,9.989583360029226,9.190416691226886,9.813766479492188,46171,0.0,0.0,0.0
2022-09-05 00:00:00+02:00,9.813766647109489,10.509041569385321,10.069500503752536,10.461091995239258,138829,0.0,0.0,0.0
2022-09-06 00:00:00+02:00,10.46109313368194,11.46804344606888,10.541009353337284,11.020509719848633,600473,0.0,0.0,0.0
2022-09-07 00:00:00+02:00,11.020509086584386,11.268251106213205,10.692850851892397,10.772767066955566,259324,0.0,0.0,0.0
2022-09-08 00:00:00+02:00,10.772767377702674,11.004526465862005,10.628917881581629,10.756784439086914,46467,0.0,0.0,0.0
2022-09-11 00:00:00+02:00,10.756784930485821,11.028501758669709,10.652893157230523,10.716826438903809,80379,0.0,0.0,0.0
2022-09-12 00:00:00+02:00,10.716825544536421,11.012517138134786,10.6369093301866,10.708833694458008,81396,0.0,0.0,0.0
2022-09-13 00:00:00+02:00,10.70883345920281,11.787708807454887,10.908625133905435,11.460050582885742,729588,0.0,0.0,0.0
2022-09-14 00:00:00+02:00,11.460050879284077,11.69180919744744,11.14837558431482,11.29222583770752,261428,0.0,0.0,0.0
2022-09-15 00:00:00+02:00,11.292226361018637,11.56394318017701,11.244276020284001,11.324193000793457,145473,0.0,0.0,0.0
2022-09-18 00:00:00+02:00,11.32419331522485,11.42808508791391,9.98958473381551,10.141426086425781,132484,0.0,0.0,0.0
2022-09-19 00:00:00+02:00,10.14142537360928,10.604942773852038,9.909667054560291,10.493059158325195,49591,0.0,0.0,0.0
2022-09-20 00:00:00+02:00,10.493059217739045,10.604942833899395,10.229334258781234,10.485067367553711,66599,0.0,0.0,0.0
2022-09-21 00:00:00+02:00,10.485067764784036,10.764776434709377,10.309250864769686,10.381175994873047,39994,0.0,0.0,0.0
2022-09-22 00:00:00+02:00,10.381176054635679,10.588959595653831,10.213351004143298,10.373184204101562,34744,0.0,0.0,0.0
2022-09-25 00:00:00+02:00,10.373183265130958,10.429125451661129,9.989583619954196,10.165400505065918,95902,0.0,0.0,0.0
2022-09-26 00:00:00+02:00,10.165400178759269,10.38916663126287,10.173391266168714,10.261300086975098,40065,0.0,0.0,0.0
2022-09-27 00:00:00+02:00,10.26130100551681,10.469084539656572,10.149417388177373,10.189375877380371,121908,0.0,0.0,0.0
2022-09-28 00:00:00+02:00,10.189375111411893,10.301258720340677,9.9096664701623,9.957616806030273,89322,0.0,0.0,0.0
2022-09-29 00:00:00+02:00,9.95761770008973,10.261301155467612,9.925651060689153,9.965609550476074,75850,0.0,0.0,0.0
2022-10-02 00:00:00+02:00,9.965609797026515,10.221342918558,9.62995969394403,9.805776596069336,75953,0.0,0.0,0.0
2022-10-03 00:00:00+02:00,9.805776428409908,9.989584415831704,9.40619305177664,9.446150779724121,63118,0.0,0.0,0.0
2022-10-04 00:00:00+02:00,9.44615044608588,9.949625574318423,9.510083723117495,9.5420503616333,72987,0.0,0.0,0.0
2022-10-05 00:00:00+02:00,9.54205003132789,10.74879192728066,9.62995885581191,10.588958740234375,565814,0.0,0.0,0.0
2022-10-09 00:00:00+02:00,10.588959144550739,11.643858981480028,10.596950994744391,11.27624225616455,548596,0.0,0.0,0.0
2022-10-10 00:00:00+02:00,11.276241978092223,11.827667433539668,10.916617111838756,11.595909118652344,333923,0.0,0.0,0.0
2022-10-11 00:00:00+02:00,11.595909513026195,11.907584052044946,11.108417316682338,11.49201774597168,469958,0.0,0.0,0.0
2022-10-12 00:00:00+02:00,11.492017570345025,12.467001185987769,11.508000508492728,12.155325889587402,788398,0.0,0.0,0.0
2022-10-13 00:00:00+02:00,12.155325718561818,12.387084034528495,11.867625976648112,11.947542190551758,476673,0.0,0.0,0.0
2022-10-16 00:00:00+02:00,11.947541995430031,12.227250644886638,11.763734020523222,11.81967544555664,339169,0.0,0.0,0.0
2022-10-17 00:00:00+02:00,11.81967483658166,12.371099495036264,11.82766668607318,12.083399772644043,504539,0.0,0.0,0.0
2022-10-18 00:00:00+02:00,12.083400703576151,12.506958851377187,12.06741776550647,12.163317680358887,375632,0.0,0.0,0.0
2022-10-19 00:00:00+02:00,12.163318190132065,13.026417459976912,12.31515953780931,12.986459732055664,977122,0.0,0.0,0.0
2022-10-20 00:00:00+02:00,12.986458858228449,13.106333558215733,12.66679248349919,12.898550033569336,409522,0.0,0.0,0.0
2022-10-23 00:00:00+02:00,12.898550171366045,12.906542021355843,12.554909005397121,12.674783706665039,174448,0.0,0.0,0.0
2022-10-24 00:00:00+02:00,12.674783242155545,13.10633321790714,12.786666851478083,12.866583824157715,370819,0.0,0.0,0.0
2022-10-25 00:00:00+02:00,12.866584036461045,12.986458735313736,12.427042203759939,12.554908752441406,189324,0.0,0.0,0.0
2022-10-26 00:00:00+02:00,12.554908752441406,12.554908752441406,12.554908752441406,12.554908752441406,0,0.0,0.0,0.0
2022-10-27 00:00:00+02:00,12.355117347707083,12.938509441407323,12.347125497704873,12.467000961303711,407860,0.0,0.0,0.0
2022-10-30 00:00:00+02:00,12.467001697040212,12.866585074994772,12.331143287564077,12.546917915344238,175589,0.0,0.0,0.0
2022-10-31 00:00:00+02:00,12.546917474960766,12.674784029475077,11.995492768081611,12.299176216125488,148525,0.0,0.0,0.0
2022-11-01 00:00:00+02:00,12.29917571067342,12.658800571001818,12.147333611819256,12.187292098999023,183852,0.0,0.0,0.0
2022-11-02 00:00:00+02:00,12.18729311243132,12.530935063750151,12.067418403068611,12.179301261901855,146977,0.0,0.0,0.0
2022-11-03 00:00:00+02:00,12.179299903988605,12.746708271856374,12.035450421220604,12.36310863494873,317815,0.0,0.0,0.0
2022-11-06 00:00:00+02:00,12.363109986179886,12.65080974530488,12.379092925058867,12.538926124572754,107611,0.0,0.0,0.0
2022-11-07 00:00:00+02:00,12.538926496033742,12.594868689129479,12.403068844030816,12.514951705932617,48491,0.0,0.0,0.0
2022-11-08 00:00:00+02:00,12.5149504991257,12.586875624638221,12.355117310289405,12.395075798034668,174996,0.0,0.0,0.0
2022-11-09 00:00:00+02:00,12.395075835573362,12.586875662757784,12.2272507962508,12.467000961303711,48713,0.0,0.0,0.0
2022-11-10 00:00:00+02:00,12.467000445794396,12.858591933973177,12.387083473366395,12.794658660888672,194780,0.0,0.0,0.0
2022-11-13 00:00:00+02:00,12.794660713419319,13.74566963686631,12.866585847713864,13.633785247802734,438532,0.0,0.0,0.0
2022-11-14 00:00:00+02:00,13.633783435475893,14.185208883670338,13.529892435465973,13.929475784301758,427572,0.0,0.0,0.0
2022-11-15 00:00:00+02:00,13.929476489615082,14.049351195477723,13.66575152700144,13.809601783752441,182526,0.0,0.0,0.0
2022-11-16 00:00:00+02:00,13.809601352621875,15.264084526736552,14.017384880965334,15.072284698486328,429524,0.0,0.0,0.0
2022-11-17 00:00:00+02:00,15.072284817162448,15.168183969897882,14.744626584118878,15.05630111694336,203143,0.0,0.0,0.0
2022-11-20 00:00:00+02:00,15.056301270532888,16.023292279308798,14.792576311385861,15.751575469970703,292077,0.0,0.0,0.0
2022-11-21 00:00:00+02:00,15.751574076379052,16.526766709143814,15.583749810083237,16.30299949645996,266419,0.0,0.0,0.0
2022-11-22 00:00:00+02:00,16.30300131186401,17.182085037231445,15.983334918354831,17.182085037231445,241271,0.0,0.0,0.0
2022-11-23 00:00:00+02:00,17.182084858673267,17.8214176390476,16.966309473688334,17.2060604095459,416674,0.0,0.0,0.0
2022-11-24 00:00:00+02:00,17.206058007055262,17.58166577254268,16.622665211597333,17.533716201782227,362594,0.0,0.0,0.0
2022-11-27 00:00:00+02:00,17.533719390249633,17.501751987736547,16.462835794695657,16.550743103027344,313692,0.0,0.0,0.0
2022-11-28 00:00:00+02:00,16.550742325763196,17.17409292688742,16.18312635986477,16.910367965698242,244177,0.0,0.0,0.0
2022-11-29 00:00:00+02:00,16.910368585510803,17.75748492760863,16.98229371613407,17.43781852722168,384718,0.0,0.0,0.0
2022-11-30 00:00:00+02:00,17.437818155424527,19.25991888521501,17.581668413603985,19.068119049072266,399594,0.0,0.0,0.0
2022-12-01 00:00:00+02:00,19.06811736293245,19.971175035452575,18.98020854086529,19.915233612060547,323178,0.0,0.0,0.0
2022-12-04 00:00:00+02:00,19.91523494853128,20.178959908141344,19.42774275604708,19.531635284423828,327743,0.0,0.0,0.0
2022-12-05 00:00:00+02:00,19.531635224514485,21.241851531631625,19.45971009717876,20.81829261779785,1664157,0.0,0.0,0.0
2022-12-06 00:00:00+02:00,20.81829258085241,21.16992636672643,19.97916812914418,20.10703468322754,527995,0.0,0.0,0.0
2022-12-07 00:00:00+02:00,20.10703474264608,21.0980013018653,19.259918438268116,20.099042892456055,671218,0.0,0.0,0.0
2022-12-08 00:00:00+02:00,20.099042521750384,20.778334532477757,19.89925084355348,19.99515151977539,316259,0.0,0.0,0.0
2022-12-11 00:00:00+02:00,19.9951528744359,20.61051165080206,19.25991938788806,19.611553192138672,530078,0.0,0.0,0.0
2022-12-12 00:00:00+02:00,19.611550923275217,19.859292165561413,18.74045912615432,19.19598388671875,249465,0.0,0.0,0.0
2022-12-13 00:00:00+02:00,19.19598519725742,19.787368393828793,19.25991847460866,19.531635284423828,208559,0.0,0.0,0.0
2022-12-14 00:00:00+02:00,19.53163570082297,19.963184951071746,18.988202069607055,19.068119049072266,555994,0.0,0.0,0.0
2022-12-15 00:00:00+02:00,19.06811838344322,19.93121837810132,18.94025183047828,19.259918212890625,502975,0.0,0.0,0.0
2022-12-18 00:00:00+02:00,19.25991955753136,20.01912707822893,19.140044846293815,19.283893585205078,809273,0.0,0.0,0.0
2022-12-19 00:00:00+02:00,19.283894149604553,19.571594684426785,19.02816101833577,19.108078002929688,563095,0.0,0.0,0.0
2022-12-20 00:00:00+02:00,19.108075917846644,19.467701547131902,19.07611004207103,19.132051467895508,525908,0.0,0.0,0.0
2022-12-21 00:00:00+02:00,19.132051467895508,19.65150952463791,18.980209366165116,19.132051467895508,838822,0.0,0.0,0.0
2022-12-22 00:00:00+02:00,19.132054370331193,19.483686678655147,18.796404240174866,18.90029525756836,510372,0.0,0.0,0.0
2022-12-25 00:00:00+02:00,18.900291143916004,19.219957502039495,17.901332822099203,18.061166763305664,112570,0.0,0.0,0.0
2022-12-26 00:00:00+02:00,18.06116787313312,18.380834250899554,16.38291748449743,18.117109298706055,97159,0.0,0.0,0.0
2022-12-27 00:00:00+02:00,18.117109180392703,18.380834130863953,17.901333805200903,18.133092880249023,127828,0.0,0.0,0.0
2022-12-28 00:00:00+02:00,18.133094723999527,18.221002033568574,17.59765291868581,17.83740234375,79877,0.0,0.0,0.0
2022-12-29 00:00:00+02:00,17.837398800136576,18.516690735255175,17.98124903631338,18.268949508666992,178805,0.0,0.0,0.0
2023-01-02 00:00:00+02:00,18.26895083894844,18.924267274325647,18.220999740538296,18.60460090637207,359719,0.0,0.0,0.0
2023-01-03 00:00:00+02:00,18.604602379961445,18.980210201520972,18.644560107511968,18.764434814453125,222439,0.0,0.0,0.0
2023-01-04 00:00:00+02:00,19.192656002253308,19.192656002253308,17.98289779733774,18.92291259765625,137694,0.523879,0.0,0.0
2023-01-05 00:00:00+02:00,18.922911696916827,19.454224249277846,18.440642972400237,18.734909057617188,106853,0.0,0.0,0.0
2023-01-09 00:00:00+02:00,18.734909139528742,19.372485140594645,18.309858472151475,18.56325340270996,74978,0.0,0.0,0.0
2023-01-10 00:00:00+02:00,18.563252002251414,18.80030001162357,18.30985709080968,18.416120529174805,53919,0.0,0.0,0.0
2023-01-11 00:00:00+02:00,18.416121024340896,18.96378201481129,18.309857583118596,18.473339080810547,54945,0.0,0.0,0.0
2023-01-12 00:00:00+02:00,18.473339411218852,18.9637823539915,18.072811449692473,18.179073333740234,53155,0.0,0.0,0.0
2023-01-15 00:00:00+02:00,18.179074489029155,18.743083987014533,18.18724872048694,18.24446678161621,34209,0.0,0.0,0.0
2023-01-16 00:00:00+02:00,18.24446427884967,21.80834763364056,18.800299469128067,19.233524322509766,923282,0.0,0.0,0.0
2023-01-17 00:00:00+02:00,19.233525957872658,19.854753484588546,18.800301067655283,19.6585750579834,745620,0.0,0.0,0.0
2023-01-18 00:00:00+02:00,19.658575637342604,20.582243503144017,19.6177060400559,19.74031639099121,1436784,0.0,0.0,0.0
2023-01-19 00:00:00+02:00,19.740315998012406,19.98553825407648,19.04552194444361,19.209003448486328,203028,0.0,0.0,0.0
2023-01-22 00:00:00+02:00,19.209003640999597,19.552313555669834,18.48151421477644,18.759431838989258,154415,0.0,0.0,0.0
2023-01-23 00:00:00+02:00,18.759431766077213,18.800301362801058,18.17089959517272,18.236291885375977,131527,0.0,0.0,0.0
2023-01-24 00:00:00+02:00,18.23629114562879,18.71855985096799,18.064636975461507,18.39977264404297,70249,0.0,0.0,0.0
2023-01-25 00:00:00+02:00,18.399773375709074,20.3942405639264,18.571427552702175,18.734909057617188,146034,0.0,0.0,0.0
2023-01-29 00:00:00+02:00,18.734909462889448,19.454224670110285,18.734909462889448,18.865694046020508,184175,0.0,0.0,0.0
2023-01-30 00:00:00+02:00,18.86569471064268,19.413355756450827,18.63682090256269,18.873868942260742,279732,0.0,0.0,0.0
2023-01-31 00:00:00+02:00,18.873868627473247,19.568662712667905,18.399774115059586,18.571428298950195,457413,0.0,0.0,0.0
2023-02-01 00:00:00+02:00,18.571426232823736,18.80030001162357,18.211769442091942,18.416120529174805,187347,0.0,0.0,0.0
2023-02-02 00:00:00+02:00,18.416122027400103,18.751257712754626,18.105507476682373,18.18724822998047,95187,0.0,0.0,0.0
2023-02-05 00:00:00+02:00,18.187247412879692,18.07281129884876,16.43800254263485,17.124622344970703,57451,0.0,0.0,0.0
2023-02-06 00:00:00+02:00,17.12462290142708,17.901156150416686,17.263581712583665,17.41071319580078,33802,0.0,0.0,0.0
2023-02-07 00:00:00+02:00,17.410712062592797,18.228116414058658,17.672282764684933,17.942026138305664,373161,0.0,0.0,0.0
2023-02-08 00:00:00+02:00,17.942026797273883,18.228117083534293,17.00201051130351,17.85211181640625,141518,0.0,0.0,0.0
2023-02-09 00:00:00+02:00,17.852111572544196,18.285336450081548,17.852111572544196,18.072811126708984,79782,0.0,0.0,0.0
2023-02-12 00:00:00+02:00,18.072812044077676,18.38342503457333,17.68045674151055,17.762197494506836,201582,0.0,0.0,0.0
2023-02-13 00:00:00+02:00,17.76219737743074,18.8983905625322,17.76219737743074,18.734909057617188,394600,0.0,0.0,0.0
2023-02-14 00:00:00+02:00,18.734908069473065,19.53596397134076,18.800300356175015,19.020999908447266,457719,0.0,0.0,0.0
2023-02-15 00:00:00+02:00,19.02100176490769,19.323440535769254,18.424296895629254,18.595951080322266,214417,0.0,0.0,0.0
2023-02-16 00:00:00+02:00,18.595948924540703,18.718559264975408,18.285335958167778,18.416120529174805,185904,0.0,0.0,0.0
2023-02-19 00:00:00+02:00,18.41612160784847,18.71856036136359,17.778545617538647,17.9583740234375,111694,0.0,0.0,0.0
2023-02-20 00:00:00+02:00,17.9583728333812,18.219943532457474,16.80583283582892,17.0919246673584,146582,0.0,0.0,0.0
2023-02-21 00:00:00+02:00,17.09192696748795,17.11644966231633,16.225478684863706,16.495222091674805,929890,0.0,0.0,0.0
2023-02-22 00:00:00+02:00,16.495220964943055,17.9583740234375,16.87122623884297,17.9583740234375,431056,0.0,0.0,0.0
2023-02-23 00:00:00+02:00,17.958372763018453,18.064636200149504,17.10009883086787,17.263580322265625,536922,0.0,0.0,0.0
2023-02-26 00:00:00+02:00,17.26358214697126,18.718561026082686,17.26358214697126,18.367076873779297,542962,0.0,0.0,0.0
2023-02-27 00:00:00+02:00,18.367075557577618,18.67769008999038,17.8357630310638,18.146377563476562,208142,0.0,0.0,0.0
2023-02-28 00:00:00+02:00,18.14637796906213,18.636819352759645,18.023766064062613,18.179073333740234,197673,0.0,0.0,0.0
2023-03-01 00:00:00+02:00,18.179073589224664,18.46516543978564,17.982896721173606,18.05646324157715,208825,0.0,0.0,0.0
2023-03-02 00:00:00+02:00,18.056463142376643,18.59594991632195,18.08098583540148,18.43246841430664,243748,0.0,0.0,0.0
2023-03-05 00:00:00+02:00,18.432467785429484,20.6803297865343,18.473338939076445,20.3206729888916,1155575,0.0,0.0,0.0
2023-03-06 00:00:00+02:00,20.320674295911804,21.816524315951217,20.189889713979685,20.737550735473633,1147227,0.0,0.0,0.0
2023-03-07 00:00:00+02:00,20.73755035379323,21.252514440788495,18.89021621915875,19.70762062072754,538541,0.0,0.0,0.0
2023-03-08 00:00:00+02:00,19.707620668196583,20.51685084060983,19.617705684903388,20.337020874023438,383993,0.0,0.0,0.0
2023-03-09 00:00:00+02:00,20.337018725473733,20.721199752356874,19.78935777059937,20.255279541015625,569292,0.0,0.0,0.0
2023-03-12 00:00:00+02:00,20.255281648484814,20.508676576634546,19.168133855884157,19.307092666625977,240625,0.0,0.0,0.0
2023-03-13 00:00:00+02:00,19.307092171460912,19.862925841097677,18.25263977127363,18.751256942749023,476677,0.0,0.0,0.0
2023-03-14 00:00:00+02:00,18.751258011490364,19.168134456784454,17.81941590356672,18.79212760925293,147238,0.0,0.0,0.0
2023-03-15 00:00:00+02:00,18.792128120539083,19.20900457717532,15.04024156988818,16.895750045776367,269212,0.0,0.0,0.0
2023-03-16 00:00:00+02:00,16.895749641043807,17.737676765738136,15.735035287353913,16.6668758392334,185833,0.0,0.0,0.0
2023-03-19 00:00:00+02:00,16.66687525049248,17.892981852949315,15.857645079959992,17.181840896606445,372718,0.0,0.0,0.0
2023-03-20 00:00:00+02:00,17.181839409445043,17.729500373503047,17.002009458841652,17.312623977661133,692930,0.0,0.0,0.0
2023-03-21 00:00:00+02:00,17.312624963251334,17.97472207242217,17.36984302021886,17.82758903503418,362162,0.0,0.0,0.0
2023-03-22 00:00:00+02:00,17.827590365030357,18.391599864069555,17.615065023956525,17.745849609375,383166,0.0,0.0,0.0
2023-03-23 00:00:00+02:00,17.745848544134084,18.06463731614632,17.615063966566293,17.803068161010742,140318,0.0,0.0,0.0
2023-03-26 00:00:00+02:00,17.803068886034815,18.350729911556428,17.901156543667675,18.13820457458496,143737,0.0,0.0,0.0
2023-03-27 00:00:00+02:00,18.138203096871337,19.707619522814067,18.146377327520657,19.070043563842773,497666,0.0,0.0,0.0
2023-03-28 00:00:00+02:00,19.07004529781069,19.609532097118734,18.800301898156672,19.217178344726562,249248,0.0,0.0,0.0
2023-03-29 00:00:00+02:00,19.217177253000802,21.00729329032222,20.14901775176326,20.377891540527344,556837,0.0,0.0,0.0
2023-03-30 00:00:00+02:00,20.377891790770718,20.835637814844937,19.707620437178967,20.15719223022461,402049,0.0,0.0,0.0
2023-04-02 00:00:00+02:00,20.157192363015138,21.5794758307789,20.475979579853952,21.407821655273438,849233,0.0,0.0,0.0
2023-04-03 00:00:00+02:00,21.407820989861555,21.98817734699834,21.18712143472146,21.399646759033203,504948,0.0,0.0,0.0
2023-04-04 00:00:00+02:00,21.399647438947923,21.57130161457176,20.639461097584853,21.007293701171875,214224,0.0,0.0,0.0
2023-04-05 00:00:00+02:00,21.0072924298037,21.21981618893068,20.271627267152347,20.418760299682617,255108,0.0,0.0,0.0
2023-04-06 00:00:00+02:00,20.41876161362795,21.22799178554325,20.44328430698605,20.83563804626465,298567,0.0,0.0,0.0
2023-04-09 00:00:00+02:00,20.835638034043132,21.947308520422265,21.048163365796505,21.33425521850586,490295,0.0,0.0,0.0
2023-04-10 00:00:00+02:00,21.33425535070758,22.32331393557218,21.49773529678655,21.988178253173828,767111,0.0,0.0,0.0
2023-04-11 00:00:00+02:00,21.98817822064913,23.034456422122666,21.996352451802263,22.8873233795166,889158,0.0,0.0,0.0
2023-04-12 00:00:00+02:00,22.887322625439555,23.287850584295732,22.650274607034298,22.854625701904297,321049,0.0,0.0,0.0
2023-04-13 00:00:00+02:00,22.854626283070516,23.05080471112041,22.617579817712574,22.93636703491211,207232,0.0,0.0,0.0
2023-04-18 00:00:00+02:00,22.936365217603516,23.173413223254684,22.723839903284375,22.960887908935547,173009,0.0,0.0,0.0
2023-04-19 00:00:00+02:00,22.960889157485195,23.296024828538155,22.887322638563802,23.050804138183594,183503,0.0,0.0,0.0
2023-04-26 00:00:00+02:00,23.050804779532434,23.418635825298537,22.96906402744824,23.263328552246094,210527,0.0,0.0,0.0
2023-04-27 00:00:00+02:00,23.263328143257585,24.11342945546742,23.45950656844073,23.729249954223633,377255,0.0,0.0,0.0
2023-04-30 00:00:00+03:00,23.72924918283319,24.031687923598174,22.560360696080465,22.797407150268555,238419,0.0,0.0,0.0
2023-05-01 00:00:00+03:00,22.797407150268555,22.797407150268555,22.797407150268555,22.797407150268555,0,0.0,0.0,0.0
2023-05-02 00:00:00+03:00,22.12713656236357,22.789233680959974,21.726608598813886,21.832870483398438,146661,0.0,0.0,0.0
2023-05-03 00:00:00+03:00,21.83286940026775,22.315138090612926,20.85198511750431,21.39147186279297,182350,0.0,0.0,0.0
2023-05-07 00:00:00+03:00,21.391472285959352,21.82469716050518,21.170772733318547,21.620346069335938,143407,0.0,0.0,0.0
2023-05-08 00:00:00+03:00,21.620346944633116,22.79740815488707,21.620346944633116,22.609405517578125,134764,0.0,0.0,0.0
2023-05-09 00:00:00+03:00,22.609404779034424,23.279676113858745,22.23339951669887,22.372358322143555,158648,0.0,0.0,0.0
2023-05-10 00:00:00+03:00,22.372359562323865,22.699321017060974,21.988178488816963,22.266096115112305,144577,0.0,0.0,0.0
2023-05-11 00:00:00+03:00,22.26609628854056,22.72384232873785,22.16800863089303,22.217052459716797,80636,0.0,0.0,0.0
2023-05-14 00:00:00+03:00,22.21705305234343,23.238808608031963,22.061745771337705,22.928194046020508,160572,0.0,0.0,0.0
2023-05-15 00:00:00+03:00,22.92819163725252,23.41863456427358,22.396879115927657,22.47044563293457,216039,0.0,0.0,0.0
2023-05-16 00:00:00+03:00,22.470446304791267,22.88732272726984,22.06991834415306,22.078092575073242,142546,0.0,0.0,0.0
2023-05-17 00:00:00+03:00,22.07809282997826,22.478620795240804,21.881915962854265,21.955482482910156,72449,0.0,0.0,0.0
2023-05-18 00:00:00+03:00,21.95548299289287,21.947308761688436,21.1707739470945,21.514083862304688,149404,0.0,0.0,0.0
2023-05-21 00:00:00+03:00,21.514083285465997,21.906437018307745,21.33425488101565,21.530431747436523,47732,0.0,0.0,0.0
2023-05-22 00:00:00+03:00,21.530431569761078,22.552187048359933,21.285210878527405,22.478620529174805,224456,0.0,0.0,0.0
2023-05-23 00:00:00+03:00,22.47862182928828,23.108023614686406,22.20887842969983,22.895498275756836,288215,0.0,0.0,0.0
2023-05-24 00:00:00+03:00,22.89549782306618,23.541246499402487,22.650275563422806,23.467679977416992,163346,0.0,0.0,0.0
2023-05-25 00:00:00+03:00,23.467678322346377,23.69655210339037,22.928191571883822,23.04262924194336,94237,0.0,0.0,0.0
2023-05-28 00:00:00+03:00,23.042632426266902,24.113431844516196,22.96906589930337,24.088909149169922,211440,0.0,0.0,0.0
2023-05-29 00:00:00+03:00,24.088905909534923,24.146125524314296,23.312372703573057,23.369590759277344,93533,0.0,0.0,0.0
2023-05-30 00:00:00+03:00,23.36959159038115,23.647509207178615,23.132543569375905,23.230632781982422,66023,0.0,0.0,0.0
2023-05-31 00:00:00+03:00,23.230631781151054,23.533072077839076,22.486793944438034,22.715667724609375,99661,0.0,0.0,0.0
2023-06-01 00:00:00+03:00,22.71567035974881,23.704728993536808,22.748365726951796,23.680206298828125,49652,0.0,0.0,0.0
2023-06-04 00:00:00+03:00,23.680204827999088,23.81098940683823,22.887323123902384,23.009933471679688,96296,0.0,0.0,0.0
2023-06-05 00:00:00+03:00,23.009933405255573,23.60663823937102,22.584882745717795,22.78106117248535,52540,0.0,0.0,0.0
2023-06-06 00:00:00+03:00,22.78106042671301,23.287850261892395,22.72384081131847,23.246980667114258,98429,0.0,0.0,0.0
2023-06-07 00:00:00+03:00,23.24698306037158,23.255157291983757,22.233401726590365,22.38053321838379,81577,0.0,0.0,0.0
2023-06-08 00:00:00+03:00,22.380530978491027,22.887322374198472,21.98817725482565,22.176179885864258,71186,0.0,0.0,0.0
2023-06-11 00:00:00+03:00,22.17618089274848,22.88732341337131,21.677565264271156,21.988178253173828,140013,0.0,0.0,0.0
2023-06-12 00:00:00+03:00,21.988179495909446,22.47862248001575,21.824699540590856,21.980005264282227,53407,0.0,0.0,0.0
2023-06-13 00:00:00+03:00,21.980004773684637,22.437752380140324,21.79200212768064,21.922786712646484,99200,0.0,0.0,0.0
2023-06-14 00:00:00+03:00,21.9227839656474,22.298790769615703,21.47321220604458,21.66121482849121,62239,0.0,0.0,0.0
2023-06-15 00:00:00+03:00,21.66121623599565,22.061744198175987,21.375124388988226,21.505908966064453,40637,0.0,0.0,0.0
2023-06-18 00:00:00+03:00,21.50591020872393,22.029050106332164,21.440517916407302,21.5958251953125,79203,0.0,0.0,0.0
2023-06-19 00:00:00+03:00,21.595824961286752,21.82469876145234,21.17077428629718,21.219818115234375,205497,0.0,0.0,0.0
2023-06-20 00:00:00+03:00,21.219816629123283,21.383298126231594,20.84381136847931,21.04816246032715,149100,0.0,0.0,0.0
2023-06-21 00:00:00+03:00,21.048163217899667,21.22799162393117,20.426935689233805,20.484153747558594,57400,0.0,0.0,0.0
2023-06-22 00:00:00+03:00,20.484153424443623,20.925552540115397,20.230758501970083,20.377891540527344,48468,0.0,0.0,0.0
2023-06-25 00:00:00+03:00,20.37789220268464,20.84381246720544,20.108148809589697,20.28797721862793,38975,0.0,0.0,0.0
2023-06-26 00:00:00+03:00,20.287976138732205,20.43510917423874,20.116321970024647,20.149017333984375,32390,0.0,0.0,0.0
2023-07-04 00:00:00+03:00,20.14901825576849,20.43511010911108,19.985538310340704,20.034582138061523,29886,0.0,0.0,0.0
2023-07-05 00:00:00+03:00,20.034581310393538,20.189888577347784,19.642227586685554,19.773012161254883,28894,0.0,0.0,0.0
2023-07-06 00:00:00+03:00,19.773013696360305,20.099975158167737,18.800301983292375,19.143611907958984,64037,0.0,0.0,0.0
2023-07-09 00:00:00+03:00,19.143611012909375,19.397005939078383,17.982896708455172,18.45699119567871,30871,0.0,0.0,0.0
2023-07-10 00:00:00+03:00,18.45699053978975,19.209002619600962,17.982896069413666,18.947433471679688,48733,0.0,0.0,0.0
2023-07-11 00:00:00+03:00,18.947433709964827,20.925552364840385,18.963782171684283,20.42693519592285,172966,0.0,0.0,0.0
2023-07-12 00:00:00+03:00,20.426934766571947,20.598590492867974,19.78118613297758,19.79753303527832,104319,0.0,0.0,0.0
2023-07-13 00:00:00+03:00,19.797533872215286,20.026407663927223,19.47874665728539,19.756664276123047,80833,0.0,0.0,0.0
2023-07-16 00:00:00+03:00,19.75666402955373,20.075451240505057,19.2253514916098,19.47874641418457,71272,0.0,0.0,0.0
2023-07-17 00:00:00+03:00,19.47874608133777,19.961014784527205,19.446050717245747,19.674922943115234,80594,0.0,0.0,0.0
2023-07-18 00:00:00+03:00,19.674923927725146,20.02640807398591,19.70762085252856,19.78936004638672,51402,0.0,0.0,0.0
2023-07-19 00:00:00+03:00,19.78936004638672,19.78936004638672,19.78936004638672,19.78936004638672,0,0.0,0.0,0.0
2023-07-24 00:00:00+03:00,20.33702136682228,20.557720935303394,20.03458260326687,20.492328643798828,100727,0.0,0.0,0.0
2023-07-25 00:00:00+03:00,20.492327914292236,20.84381205326999,19.617705461901167,19.6585750579834,160588,0.0,0.0,0.0
2023-07-26 00:00:00+03:00,19.658575381232644,20.099974509739496,19.61770578447839,19.862926483154297,81755,0.0,0.0,0.0
2023-07-27 00:00:00+03:00,19.862926241169482,20.35336919162154,19.45422404230529,19.58500862121582,303963,0.0,0.0,0.0
2023-07-30 00:00:00+03:00,19.585008133406202,19.879274208163096,19.52779007644239,19.625879287719727,156969,0.0,0.0,0.0
2023-07-31 00:00:00+03:00,19.62587986479401,19.85475365845413,19.552313343941652,19.60953140258789,112117,0.0,0.0,0.0
2023-08-01 00:00:00+03:00,19.6095318941431,20.1898898444068,19.61770612545106,19.666749954223633,178660,0.0,0.0,0.0
2023-08-02 00:00:00+03:00,19.666748629950014,19.93649200864861,19.110913411037735,19.34796142578125,171616,0.0,0.0,0.0
2023-08-03 00:00:00+03:00,19.347962259200088,19.601357187298646,19.135436927574624,19.209003448486328,27858,0.0,0.0,0.0
2023-08-06 00:00:00+03:00,19.209003035670683,19.82205632404315,18.98830347767856,19.57683563232422,93888,0.0,0.0,0.0
2023-08-07 00:00:00+03:00,19.57683678772621,19.94466784701357,19.486921801220863,19.544139862060547,82074,0.0,0.0,0.0
2023-08-08 00:00:00+03:00,19.544138376625956,19.601356433116834,19.339787283972754,19.37248420715332,114345,0.0,0.0,0.0
2023-08-09 00:00:00+03:00,19.372484956441237,19.60135719125706,19.233526145699415,19.307092666625977,58322,0.0,0.0,0.0
2023-08-10 00:00:00+03:00,19.30709315671606,19.49509579982278,19.258047768803273,19.26622200012207,40721,0.0,0.0,0.0
2023-08-13 00:00:00+03:00,19.266221722133597,20.1898895798526,19.372485168669503,19.78936004638672,207156,0.0,0.0,0.0
2023-08-14 00:00:00+03:00,19.789361197030093,20.353370710081556,19.862927723040077,19.952842712402344,162775,0.0,0.0,0.0
2023-08-15 00:00:00+03:00,19.952841399419544,20.026407920588536,19.511443831480765,19.535964965820312,122515,0.0,0.0,0.0
2023-08-16 00:00:00+03:00,19.53596471066155,20.35336910490743,19.413354363339696,19.6585750579834,161705,0.0,0.0,0.0
2023-08-17 00:00:00+03:00,19.658575697898407,20.31250017002639,19.576836503073213,20.067277908325195,165218,0.0,0.0,0.0
2023-08-20 00:00:00+03:00,20.067278225057322,20.753898074137613,20.067278225057322,20.271629333496094,169274,0.0,0.0,0.0
2023-08-21 00:00:00+03:00,20.271628021122194,20.4351095209196,19.911971216088098,20.05093002319336,71539,0.0,0.0,0.0
2023-08-22 00:00:00+03:00,20.050931008059052,20.680331227321286,19.862926806335064,20.263456344604492,168070,0.0,0.0,0.0
2023-08-23 00:00:00+03:00,20.263455502333937,20.42693544429085,20.116322463220115,20.206235885620117,89131,0.0,0.0,0.0
2023-08-24 00:00:00+03:00,20.206236984781903,20.337021569091803,19.862927061199617,19.94466781616211,114633,0.0,0.0,0.0
2023-08-27 00:00:00+03:00,19.944666491892654,21.007293117699202,19.862925742357515,20.925552368164062,215087,0.0,0.0,0.0
2023-08-28 00:00:00+03:00,20.925552790017136,21.440516872042327,20.45145830404588,20.65580940246582,470101,0.0,0.0,0.0
2023-08-29 00:00:00+03:00,20.65580825069591,21.17077230400665,20.680329383330903,20.990943908691406,102951,0.0,0.0,0.0
2023-08-30 00:00:00+03:00,20.990944888711205,21.742956986437076,21.007293350614518,21.505908966064453,289115,0.0,0.0,0.0
2023-08-31 00:00:00+03:00,21.505908966064453,21.505908966064453,21.505908966064453,21.505908966064453,0,0.0,0.0,0.0
2023-09-03 00:00:00+03:00,21.415994716656378,21.661215399435044,20.598590361960717,20.9419002532959,111907,0.0,0.0,0.0
2023-09-04 00:00:00+03:00,20.941900994312327,21.49773466555015,20.843811782284988,21.277036666870117,243178,0.0,0.0,0.0
2023-09-05 00:00:00+03:00,21.27703649981257,21.456864901529777,20.89285544471996,20.925552368164062,69822,0.0,0.0,0.0
2023-09-06 00:00:00+03:00,20.925552443808662,21.24433965316546,20.688504425207363,20.753896713256836,56853,0.0,0.0,0.0
2023-09-07 00:00:00+03:00,20.753895015010638,21.366948249962824,20.69667696253377,21.203468322753906,200678,0.0,0.0,0.0
2023-09-10 00:00:00+03:00,21.203468322753906,21.203468322753906,21.203468322753906,21.203468322753906,0,0.0,0.0,0.0
2023-09-11 00:00:00+03:00,21.28521132186537,21.41599590112405,20.84381219756094,21.007293701171875,32419,0.0,0.0,0.0
2023-09-12 00:00:00+03:00,21.0072926197215,21.25251330343884,20.762070376929078,20.86833381652832,17272,0.0,0.0,0.0
2023-09-13 00:00:00+03:00,20.868333568291234,21.089031557381514,20.802941282806138,20.990943908691406,31722,0.0,0.0,0.0
2023-09-14 00:00:00+03:00,20.99094489674617,21.21164445529996,20.84381185771031,21.10538101196289,26330,0.0,0.0,0.0
2023-09-17 00:00:00+03:00,21.105379517727837,21.252512546346857,20.843810381994032,20.933725357055664,71040,0.0,0.0,0.0
2023-09-18 00:00:00+03:00,20.93372659902509,21.203469981138458,20.843811618628926,20.925552368164062,29099,0.0,0.0,0.0
2023-09-19 00:00:00+03:00,20.92555228451473,21.43234212327149,21.048162628789747,21.399646759033203,110767,0.0,0.0,0.0
2023-09-20 00:00:00+03:00,21.399646759033203,21.399646759033203,21.399646759033203,21.399646759033203,0,0.0,0.0,0.0
2023-09-21 00:00:00+03:00,21.399646759033203,21.399646759033203,21.399646759033203,21.399646759033203,0,0.0,0.0,0.0
2023-09-24 00:00:00+03:00,21.399646759033203,21.399646759033203,21.399646759033203,21.399646759033203,0,0.0,0.0,0.0
2023-09-25 00:00:00+03:00,21.424168706488523,21.742957484606585,21.358776416452155,21.563127517700195,162927,0.0,0.0,0.0
2023-09-26 00:00:00+03:00,21.563126443073784,21.702085247360266,21.08903197416845,21.121728897094727,87559,0.0,0.0,0.0
2023-09-27 00:00:00+03:00,21.121728897094727,21.121728897094727,21.121728897094727,21.121728897094727,0,0.0,0.0,0.0
2023-10-01 00:00:00+03:00,21.121728897094727,21.121728897094727,21.121728897094727,21.121728897094727,0,0.0,0.0,0.0
2023-10-02 00:00:00+03:00,21.064512106143663,23.17341543021726,21.064512106143663,22.43775177001953,1138083,0.0,0.0,0.0
2023-10-03 00:00:00+03:00,22.437752647811777,23.050805981805812,21.84104621782706,21.898265838623047,300134,0.0,0.0,0.0
2023-10-04 00:00:00+03:00,21.898263760149195,22.143484446841583,21.293383156034437,21.54677963256836,111543,0.0,0.0,0.0
2023-10-08 00:00:00+03:00,21.546780650312996,21.734783289595654,19.04552204434521,20.76207160949707,130017,0.0,0.0,0.0
2023-10-09 00:00:00+03:00,20.76206973268466,21.407819903684565,20.230757228400268,21.26068687438965,97133,0.0,0.0,0.0
2023-10-10 00:00:00+03:00,21.260688697549877,21.620347071215217,20.851986496272275,21.33425521850586,86049,0.0,0.0,0.0
2023-10-11 00:00:00+03:00,21.334254308860437,21.57947499554126,20.92555212500899,21.146251678466797,58124,0.0,0.0,0.0
2023-10-12 00:00:00+03:00,21.146251181870877,21.54677912555033,20.860159348078387,21.39147186279297,81509,0.0,0.0,0.0
2023-10-15 00:00:00+03:00,21.39147345030921,21.742957595703803,21.178948116836313,21.28521156311035,119330,0.0,0.0,0.0
2023-10-16 00:00:00+03:00,21.285211360004332,22.478621037646963,21.252514435593493,22.135311126708984,431176,0.0,0.0,0.0
2023-10-17 00:00:00+03:00,22.13531080431496,22.388705728507674,21.685739013739962,22.029048919677734,226605,0.0,0.0,0.0
2023-10-18 00:00:00+03:00,22.029048748998925,22.290617902148686,21.089032461138665,21.57947540283203,100699,0.0,0.0,0.0
2023-10-19 00:00:00+03:00,21.57947540283203,21.57947540283203,21.57947540283203,21.57947540283203,0,0.0,0.0,0.0
2023-10-22 00:00:00+03:00,21.21981671781114,22.23339950959875,21.2525136409995,21.873741149902344,281983,0.0,0.0,0.0
2023-10-23 00:00:00+03:00,21.87374049480176,22.151658097278972,21.538604837533658,21.963655471801758,162035,0.0,0.0,0.0
2023-10-24 00:00:00+03:00,21.96365579091697,25.952588372956267,21.96365579091697,25.64197540283203,1629607,0.0,0.0,0.0
2023-10-25 00:00:00+03:00,25.641978107275662,29.05872737530502,26.402162930957928,27.75905418395996,1645151,0.0,0.0,0.0
2023-10-26 00:00:00+03:00,27.759054024807302,28.069668584986083,26.565644291160513,26.68008041381836,305816,0.0,0.0,0.0
2023-10-29 00:00:00+02:00,26.680078195863622,29.385687788976163,26.165112568562698,27.170522689819336,762925,0.0,0.0,0.0
2023-10-30 00:00:00+02:00,27.170523440885944,27.6037467720946,26.402161314560786,26.508424758911133,268057,0.0,0.0,0.0
2023-10-31 00:00:00+02:00,26.50842476627901,26.96617234978824,25.666497678575574,26.009807586669922,307747,0.0,0.0,0.0
2023-11-01 00:00:00+02:00,26.009807594181808,26.47572784978545,25.36405893298163,25.51119041442871,124472,0.0,0.0,0.0
2023-11-02 00:00:00+02:00,25.511189694771968,27.750879045424224,25.511189694771968,27.170522689819336,463062,0.0,0.0,0.0
2023-11-05 00:00:00+02:00,27.170524297071687,29.827088662490695,26.974345864254566,29.026029586791992,596221,0.0,0.0,0.0
2023-11-06 00:00:00+02:00,29.026027424370035,29.426556932380176,27.996099303722804,28.748109817504883,332952,0.0,0.0,0.0
2023-11-07 00:00:00+02:00,28.74811185685433,29.01785681124855,27.423917574042843,27.873489379882812,613349,0.0,0.0,0.0
2023-11-08 00:00:00+02:00,27.87348958222592,28.58463367543653,27.546529683855336,27.62009620666504,147127,0.0,0.0,0.0
2023-11-09 00:00:00+02:00,27.62009439651347,29.344818115234375,27.301307191280735,29.344818115234375,419703,0.0,0.0,0.0
2023-11-12 00:00:00+02:00,29.34481907588954,31.388330066741172,29.50829746063742,30.260311126708984,399346,0.0,0.0,0.0
2023-11-13 00:00:00+02:00,30.26031095561348,30.963279231395823,29.467427697838005,29.712648391723633,82220,0.0,0.0,0.0
2023-11-14 00:00:00+02:00,29.712647825281035,30.23578924525423,29.426557540893555,29.426557540893555,142043,0.0,0.0,0.0
2023-11-15 00:00:00+02:00,29.42655771823987,30.243962099302088,29.042376661332543,29.475603103637695,380440,0.0,0.0,0.0
2023-11-16 00:00:00+02:00,29.475601042071695,30.121348088152175,29.475601042071695,29.62273406982422,97324,0.0,0.0,0.0
2023-11-19 00:00:00+02:00,29.622735805813075,30.93875422515578,29.671778072504594,30.072307586669922,135702,0.0,0.0,0.0
2023-11-20 00:00:00+02:00,30.072307903743507,30.570925074699364,29.75352069428655,30.080480575561523,107586,0.0,0.0,0.0
2023-11-21 00:00:00+02:00,30.080481504462288,30.628144077689107,29.843433478466345,30.16222381591797,128429,0.0,0.0,0.0
2023-11-22 00:00:00+02:00,30.16222201689508,32.205732909146775,30.546399944296283,31.388328552246094,1185487,0.0,0.0,0.0
2023-11-23 00:00:00+02:00,31.38832902424615,31.715288901032963,30.652663844712954,31.551807403564453,302576,0.0,0.0,0.0
2023-11-26 00:00:00+02:00,31.551807082034742,31.87877007363984,30.24396135191472,30.440139770507812,364330,0.0,0.0,0.0
2023-11-27 00:00:00+02:00,30.440142638091388,30.791623677675048,29.71265006914484,29.827089309692383,249986,0.0,0.0,0.0
2023-11-28 00:00:00+02:00,29.827088666024537,30.243963548353502,28.650024305283168,29.22220802307129,184344,0.0,0.0,0.0
2023-11-29 00:00:00+02:00,29.22220774275238,29.41838617371087,28.20045222727153,28.216800689697266,225399,0.0,0.0,0.0
2023-11-30 00:00:00+02:00,28.21679928404161,28.85437369613196,27.87348782650434,28.772634506225586,166622,0.0,0.0,0.0
2023-12-03 00:00:00+02:00,28.772634906009856,29.00968292544234,28.143233156904763,28.2086238861084,110608,0.0,0.0,0.0
2023-12-04 00:00:00+02:00,28.208624770399716,29.254904533809302,28.20045209829941,28.895244598388672,130979,0.0,0.0,0.0
2023-12-05 00:00:00+02:00,28.895243803367784,29.385688305951778,27.889836782573475,28.028797149658203,161626,0.0,0.0,0.0
2023-12-06 00:00:00+02:00,28.028795740612953,29.0178542497848,28.20044990472044,28.388452529907227,196152,0.0,0.0,0.0
2023-12-07 00:00:00+02:00,28.388455447761757,28.527415822143542,27.383048374171715,28.004274368286133,126014,0.0,0.0,0.0
2023-12-10 00:00:00+02:00,28.004272208174964,29.017854994037286,27.62826694815757,27.726354598999023,169317,0.0,0.0,0.0
2023-12-11 00:00:00+02:00,27.726354104498494,27.791747949326627,27.056082785760864,27.064258575439453,84013,0.0,0.0,0.0
2023-12-12 00:00:00+02:00,27.064262077250433,27.79175154526656,27.064262077250433,27.783578872680664,101810,0.0,0.0,0.0
2023-12-13 00:00:00+02:00,27.783578574183597,28.192280798399505,27.472964010697364,28.110538482666016,70800,0.0,0.0,0.0
2023-12-14 00:00:00+02:00,28.110537455127705,29.017856858625407,28.11871324547746,28.993335723876953,113782,0.0,0.0,0.0
2023-12-17 00:00:00+02:00,28.993337189514527,30.113180426458808,28.36393538123401,28.437501907348633,116561,0.0,0.0,0.0
2023-12-18 00:00:00+02:00,28.437501645609743,28.699070820909675,28.184105142847077,28.46202278137207,151350,0.0,0.0,0.0
2023-12-19 00:00:00+02:00,29.243716979992936,28.513044873160148,27.8999518175661,27.99233627319336,258260,0.930754,0.0,0.0
2023-12-20 00:00:00+02:00,27.99233762694911,28.563435445758103,27.89155283205133,27.975540161132812,153587,0.0,0.0,0.0
2023-12-21 00:00:00+02:00,27.975538296787708,28.445854493145138,26.883725518012117,27.076894760131836,153801,0.0,0.0,0.0
2023-12-24 00:00:00+02:00,27.076894760131836,27.076894760131836,27.076894760131836,27.076894760131836,0,0.0,0.0,0.0
2023-12-25 00:00:00+02:00,26.774544973454905,26.87532815888425,26.29582844692788,26.581378936767578,77240,0.0,0.0,0.0
2023-12-26 00:00:00+02:00,26.581379608305856,27.001308223291673,26.42180689480069,26.50579261779785,115355,0.0,0.0,0.0
2023-12-27 00:00:00+02:00,26.50579307209513,27.118887739156484,26.6653657883353,26.950916290283203,39147,0.0,0.0,0.0
2023-12-28 00:00:00+02:00,26.950915891323902,27.992336295890777,27.04330034702607,27.379240036010742,119036,0.0,0.0,0.0
2023-12-31 00:00:00+02:00,27.37923952312245,30.016383813279376,27.547210966362652,29.949193954467773,536813,0.0,0.0,0.0
2024-01-02 00:00:00+02:00,29.949196537266005,30.9402246136811,29.40329010060395,29.47047996520996,262078,0.0,0.0,0.0
2024-01-03 00:00:00+02:00,29.470479651262224,30.469904848211694,28.563435711478263,28.86578369140625,92385,0.0,0.0,0.0
2024-01-04 00:00:00+02:00,28.865781029517652,29.47887406392836,28.69780958907076,29.302505493164062,58985,0.0,0.0,0.0
2024-01-08 00:00:00+02:00,29.30250695747541,29.394891414527294,28.97496439431976,29.058948516845703,63377,0.0,0.0,0.0
2024-01-09 00:00:00+02:00,29.058948398548814,30.654672350356925,28.471053135682677,29.15133285522461,339330,0.0,0.0,0.0
2024-01-10 00:00:00+02:00,29.1513326016782,29.688838668074457,28.647421465378923,29.06734848022461,75378,0.0,0.0,0.0
2024-01-11 00:00:00+02:00,29.06734994874911,29.394892524270453,27.715184380026425,28.555038452148438,260945,0.0,0.0,0.0
2024-01-14 00:00:00+02:00,28.555038452148438,28.890981362512857,28.051127290390845,28.555038452148438,91184,0.0,0.0,0.0
2024-01-15 00:00:00+02:00,28.5550379084159,29.579660882106822,28.5550379084159,28.80699348449707,211765,0.0,0.0,0.0
2024-01-16 00:00:00+02:00,28.806993358862634,29.184928323230604,28.61382731124988,28.76500129699707,76627,0.0,0.0,0.0
2024-01-17 00:00:00+02:00,28.7650017292628,29.991187895381866,28.7230096667662,28.874183654785156,326569,0.0,0.0,0.0
2024-01-18 00:00:00+02:00,28.87418300794549,29.856810704266852,28.806993146424915,29.487276077270508,654393,0.0,0.0,0.0
2024-01-21 00:00:00+02:00,29.487274103649927,30.62947604273916,29.56286109090697,29.9827880859375,522253,0.0,0.0,0.0
2024-01-22 00:00:00+02:00,29.98278905654488,30.906627194003185,29.604854108025094,30.5286922454834,662113,0.0,0.0,0.0
2024-01-23 00:00:00+02:00,30.52869445441693,32.15801341619568,30.02478328912211,30.1927547454834,1162179,0.0,0.0,0.0
2024-01-24 00:00:00+02:00,30.192752654518713,30.982214279817747,29.814817704826524,30.16755485534668,304717,0.0,0.0,0.0
2024-01-28 00:00:00+02:00,30.16755706963529,31.15858514210756,30.17595740457216,30.369123458862305,282150,0.0,0.0,0.0
2024-01-29 00:00:00+02:00,30.369122435688794,31.897656556216138,30.696665003831946,30.990615844726562,491668,0.0,0.0,0.0
2024-01-30 00:00:00+02:00,30.990614872540068,31.57011299770743,31.041004063726618,31.13338851928711,207138,0.0,0.0,0.0
2024-01-31 00:00:00+02:00,31.133389339187993,31.53651889824116,27.71518361616419,28.857385635375977,318454,0.0,0.0,0.0
2024-02-01 00:00:00+02:00,28.85738347132567,30.066772057791656,27.992334890965264,29.806419372558594,144886,0.0,0.0,0.0
2024-02-04 00:00:00+02:00,29.80642072543497,30.486700434541575,29.47887496484829,29.789623260498047,120812,0.0,0.0,0.0
2024-02-05 00:00:00+02:00,19.85974694514032,20.145297437273136,19.607791382385198,19.994123458862305,260358,0.0,0.0,0.0
2024-02-06 00:00:00+02:00,19.99412537143939,19.96053204074266,18.762340544492417,18.98630142211914,419796,0.0,0.0,0.0
2024-02-07 00:00:00+02:00,18.986300870122076,19.680579570579845,18.986300870122076,19.036691665649414,399535,0.0,0.0,0.0
2024-02-08 00:00:00+02:00,19.036691423843664,19.56859888646005,19.06468773379836,19.199064254760742,159075,0.0,0.0,0.0
2024-02-11 00:00:00+02:00,19.199064501310723,19.809357474711835,19.04789051281308,19.148672103881836,452248,0.0,0.0,0.0
2024-02-12 00:00:00+02:00,19.14867133373489,19.820555522046735,18.76233924701849,19.63018798828125,303060,0.0,0.0,0.0
2024-02-13 00:00:00+02:00,19.630189645023226,20.268478956937102,19.602194935366757,19.770166397094727,582141,0.0,0.0,0.0
2024-02-14 00:00:00+02:00,19.770164738558528,20.996350859865327,16.79708068789226,19.78696060180664,409356,0.0,1.5,0.0
2024-02-15 00:00:00+02:00,19.78696046074124,20.05571349352841,19.350237583409307,19.54340362548828,169347,0.0,0.0,0.0
2024-02-18 00:00:00+02:00,19.54340362548828,19.54340362548828,19.54340362548828,19.54340362548828,0,0.0,0.0,0.0
2024-02-19 00:00:00+02:00,19.61899173286997,20.36646134809055,19.493012339922863,19.98012924194336,726527,0.0,0.0,0.0
2024-02-20 00:00:00+02:00,19.980128685254602,20.24048299309519,19.73657024103041,19.896142959594727,263468,0.0,0.0,0.0
2024-02-21 00:00:00+02:00,19.89614170738538,19.98012742775942,19.660982010716936,19.68617820739746,287706,0.0,0.0,0.0
2024-02-22 00:00:00+02:00,19.686179809953813,23.51591391296305,19.59379534983236,22.583675384521484,6909750,0.0,0.0,0.0
2024-02-25 00:00:00+02:00,22.58367648352543,23.423530592715895,20.576425675166476,20.618417739868164,2378232,0.0,0.0,0.0
2024-02-26 00:00:00+02:00,20.618415900958837,24.742099081150606,22.264530641144134,24.68330955505371,5684917,0.0,0.0,0.0
2024-02-27 00:00:00+02:00,24.68331028889297,25.69953453357644,22.356915762196927,22.701255798339844,3978941,0.0,0.0,0.0
2024-02-28 00:00:00+02:00,22.7012540120811,24.179397232288537,21.248305386456384,21.575849533081055,2353024,0.0,0.0,0.0
2024-02-29 00:00:00+02:00,21.575851119242326,22.382110243049336,20.67720753678866,21.172719955444336,1163438,0.0,0.0,0.0
2024-03-03 00:00:00+02:00,21.172721200157703,21.836206711453574,20.425251559948826,20.442049026489258,933903,0.0,0.0,0.0
2024-03-04 00:00:00+02:00,20.442048243601356,21.55065536249929,20.181693929773996,21.416278839111328,1049461,0.0,0.0,0.0
2024-03-05 00:00:00+02:00,21.416278746532342,23.893848889339964,21.836205780778073,22.785240173339844,2662167,0.0,0.0,0.0
2024-03-06 00:00:00+02:00,22.785241144463903,22.86082814200127,20.18169470269087,20.442049026489258,1592368,0.0,0.0,0.0
2024-03-07 00:00:00+02:00,20.442048348627544,21.41627894914287,20.27407689258234,20.383258819580078,821799,0.0,0.0,0.0
2024-03-10 00:00:00+02:00,20.383258294657793,22.21414039044351,20.584823075584502,21.105531692504883,1651433,0.0,0.0,0.0
2024-03-11 00:00:00+02:00,21.10553164227682,21.37428628476732,19.526606727827957,19.896142959594727,1073670,0.0,0.0,0.0
2024-03-12 00:00:00+02:00,19.89614178913448,20.15649608165881,18.66155537892047,19.25785255432129,461338,0.0,0.0,0.0
2024-03-13 00:00:00+02:00,19.257853645809956,19.652584473099516,17.015443265555227,17.401775360107422,961546,0.0,0.0,0.0
2024-03-14 00:00:00+02:00,17.401774447397493,17.956077963835348,17.02384110540499,17.527753829956055,679467,0.0,0.0,0.0
2024-03-17 00:00:00+02:00,17.527754494810065,18.476788853832446,17.217007795616595,17.317790985107422,786677,0.0,0.0,0.0
2024-03-18 00:00:00+02:00,17.317789979892524,17.30939124776459,14.781430545453485,14.99139404296875,605042,0.0,0.0,0.0
2024-03-19 00:00:00+02:00,14.991394850204697,15.621285376667966,14.260721134673748,15.09217643737793,485470,0.0,0.0,0.0
2024-03-20 00:00:00+02:00,15.092176759385772,16.503131825070852,15.117372957663893,15.495307922363281,475130,0.0,0.0,0.0
2024-03-21 00:00:00+02:00,15.495308481032675,16.788682936612464,15.39452528618103,16.58711814880371,438054,0.0,0.0,0.0
2024-03-24 00:00:00+02:00,16.587116901691143,17.376580129340045,15.999218446696222,16.377153396606445,417443,0.0,0.0,0.0
2024-03-25 00:00:00+02:00,16.377154629240692,16.96505312848407,15.873241858731301,16.855871200561523,458044,0.0,0.0,0.0
2024-03-26 00:00:00+02:00,16.855870529872263,17.300993753124924,16.679501948253616,16.998645782470703,545233,0.0,0.0,0.0
2024-03-27 00:00:00+02:00,16.998644698824975,16.797079931869863,15.797653227393182,16.06640625,291242,0.0,0.0,0.0
2024-03-28 00:00:00+02:00,16.066407469610862,16.234378922438125,15.453314390011988,15.73886489868164,131891,0.0,0.0,0.0
2024-03-31 00:00:00+02:00,15.73886529455346,15.95722754796346,14.638656896355922,15.1173734664917,211897,0.0,0.0,0.0
2024-04-01 00:00:00+02:00,15.117373618245423,15.537300663196685,15.117373618245423,15.486909866333008,237036,0.0,0.0,0.0
2024-04-02 00:00:00+02:00,15.486909467799416,15.957227297511395,15.495308200709657,15.570895195007324,224149,0.0,0.0,0.0
2024-04-03 00:00:00+02:00,15.570894591655936,15.638082850439906,15.117372643443302,15.226552963256836,198730,0.0,0.0,0.0
2024-04-04 00:00:00+02:00,15.226552598806036,15.789254853363804,15.251748795957367,15.646479606628418,227561,0.0,0.0,0.0
2024-04-07 00:00:00+02:00,15.646480049948245,16.71309506449271,15.71366830902773,15.89003849029541,414749,0.0,0.0,0.0
2024-04-08 00:00:00+02:00,15.890038261370924,17.099428509272666,15.965625251983184,16.55352210998535,1544091,0.0,0.0,0.0
2024-04-15 00:00:00+02:00,16.553522990287554,17.88889109292532,16.67110364965637,17.712522506713867,1127195,0.0,0.0,0.0
2024-04-16 00:00:00+02:00,17.712520695819553,18.014868643435726,17.435368944469513,17.485759735107422,473256,0.0,0.0,0.0
2024-04-17 00:00:00+02:00,17.48576010749408,18.686751589552706,17.48576010749408,18.157644271850586,1134405,0.0,0.0,0.0
2024-04-18 00:00:00+02:00,18.157645853574827,18.451593499073983,15.789256010321527,16.54512596130371,703136,0.0,0.0,0.0
2024-04-21 00:00:00+02:00,16.545124096030747,17.494158391423554,16.309964404248454,16.881065368652344,382540,0.0,0.0,0.0
2024-04-22 00:00:00+02:00,16.881066706577446,17.300993731109745,16.293168231474432,16.52832794189453,239011,0.0,0.0,0.0
2024-04-23 00:00:00+02:00,16.528327854930364,16.629109443226948,15.125771536296277,15.394524574279785,391928,0.0,0.0,0.0
2024-04-24 00:00:00+02:00,15.394524679117168,15.932030758744624,14.697445881389886,14.966198921203613,356389,0.0,0.0,0.0
2024-04-28 00:00:00+03:00,14.966198921203613,14.966198921203613,14.966198921203613,14.966198921203613,0,0.0,0.0,0.0
2024-04-29 00:00:00+03:00,14.05075711686702,15.117372087494926,14.109546640904178,14.865416526794434,404252,0.0,0.0,0.0
2024-04-30 00:00:00+03:00,14.865417291274131,15.654878943078776,14.033960374035743,14.092751502990723,635658,0.0,0.0,0.0
2024-05-02 00:00:00+03:00,14.563068972959023,15.537299517239802,14.445489921650994,14.982995986938477,487262,0.0,0.0,0.0
2024-05-07 00:00:00+03:00,14.982996157722585,15.302139987151191,14.084352593866448,15.285344123840332,386030,0.0,0.0,0.0
2024-05-08 00:00:00+03:00,15.285344632876562,15.444915751957716,14.613460419339036,14.70584487915039,280978,0.0,0.0,0.0
2024-05-09 00:00:00+03:00,14.705845279583263,14.941005001008856,14.285918235398343,14.75623607635498,131375,0.0,0.0,0.0
2024-05-12 00:00:00+03:00,14.756234488769515,15.016588779622841,13.949975419587199,14.0003662109375,245370,0.0,0.0,0.0
2024-05-13 00:00:00+03:00,14.000367561446573,14.025563760499397,11.338030066856971,13.647628784179688,384949,0.0,0.0,0.0
2024-05-14 00:00:00+03:00,13.647627922930027,13.857591429436642,13.160512651910455,13.2193021774292,249126,0.0,0.0,0.0
2024-05-15 00:00:00+03:00,13.219303131060416,13.4040712543805,13.017738342500655,13.185708999633789,189510,0.0,0.0,0.0
2024-05-16 00:00:00+03:00,13.18570783581596,13.75680801966127,13.101722915135838,13.605635643005371,368885,0.0,0.0,0.0
2024-05-19 00:00:00+03:00,13.605637010119231,15.360932200737793,13.815600534337772,15.058584213256836,1386824,0.0,0.0,0.0
2024-05-20 00:00:00+03:00,15.05858320484695,15.453314027262302,14.537872994821132,14.596662521362305,595782,0.0,0.0,0.0
2024-05-21 00:00:00+03:00,14.596662587829174,16.116799561660365,14.865417227646764,15.327336311340332,1129940,0.0,0.0,0.0
2024-05-22 00:00:00+03:00,15.327336286363211,15.520502331818872,13.86599044361674,14.85701847076416,899630,0.0,0.0,0.0
2024-05-23 00:00:00+03:00,14.857018324382286,15.369328196330335,14.857018324382286,14.957799911499023,349142,0.0,0.0,0.0
2024-05-26 00:00:00+03:00,14.957799911499023,14.957799911499023,14.957799911499023,14.957799911499023,0,0.0,0.0,0.0
2024-05-27 00:00:00+03:00,15.024987560990548,15.789254573530615,14.99979296618015,15.360930442810059,707396,0.0,0.0,0.0
2024-05-28 00:00:00+03:00,15.360931920029998,15.377727784220681,14.86541788377777,15.251749992370605,273443,0.0,0.0,0.0
2024-05-29 00:00:00+03:00,15.251748476532057,15.621284684206799,14.982995453457473,15.167762756347656,336670,0.0,0.0,0.0
2024-05-30 00:00:00+03:00,15.167764105417419,15.411322555425619,14.798229466769453,14.882213592529297,343894,0.0,0.0,0.0
2024-06-02 00:00:00+03:00,14.88221359132901,15.369328889411605,14.756235800804886,14.815025329589844,273277,0.0,0.0,0.0
2024-06-03 00:00:00+03:00,14.81502451145538,15.167763266580243,14.529474014359328,14.579866409301758,222714,0.0,0.0,0.0
2024-06-04 00:00:00+03:00,14.5798660369902,15.167762879256149,14.621858096475487,14.865416526794434,227085,0.0,0.0,0.0
2024-06-05 00:00:00+03:00,14.86541743425666,15.117373010337829,13.949976384923533,14.403496742248535,640057,0.0,0.0,0.0
2024-06-06 00:00:00+03:00,14.403496737151297,14.613460251109464,14.19353322319313,14.269120216369629,159683,0.0,0.0,0.0
2024-06-09 00:00:00+03:00,14.269120482778185,14.445490670781057,13.664426127970865,13.740013122558594,303341,0.0,0.0,0.0
2024-06-10 00:00:00+03:00,13.740012468508594,14.277518536084372,13.521650228082324,14.084352493286133,264616,0.0,0.0,0.0
2024-06-11 00:00:00+03:00,14.08435260778702,14.252322454322767,13.88278783080745,13.924779891967773,167208,0.0,0.0,0.0
2024-06-12 00:00:00+03:00,13.924779769795425,14.185134070872948,13.882787709003528,13.949975967407227,117090,0.0,0.0,0.0
2024-06-13 00:00:00+03:00,13.94997556001026,14.369902563243375,14.017163816451784,14.176734924316406,149792,0.0,0.0,0.0
2024-06-23 00:00:00+03:00,14.176735542498548,14.882213066844356,14.176735542498548,14.85701847076416,328385,0.0,0.0,0.0
2024-06-24 00:00:00+03:00,14.857018709173222,14.94940156610717,14.57146820178941,14.605061531066895,256611,0.0,0.0,0.0
2024-06-25 00:00:00+03:00,14.605061414382243,14.806626194120245,14.420294100096026,14.764634132385254,160173,0.0,0.0,0.0
2024-06-26 00:00:00+03:00,14.76463364284932,15.612886397306136,14.82342316808687,15.209756851196289,1373682,0.0,0.0,0.0
2024-06-27 00:00:00+03:00,15.209756155677038,15.86484123767588,15.285343142352957,15.293740272521973,1126408,0.0,0.0,0.0
2024-07-02 00:00:00+03:00,15.3357350474577,15.747263337106755,15.243350589940446,15.394524574279785,911997,0.0,0.0,0.0
2024-07-03 00:00:00+03:00,15.394525679990021,15.999220058885024,15.411323146544083,15.428120613098145,1170174,0.0,0.0,0.0
2024-07-04 00:00:00+03:00,15.42811937832898,15.72206701002645,15.285344127835442,15.352532386779785,254122,0.0,0.0,0.0
2024-07-07 00:00:00+03:00,15.35253267466295,15.789255565043172,15.377727271055484,15.629684448242188,469218,0.0,0.0,0.0
2024-07-08 00:00:00+03:00,15.629684584213273,16.461139912184265,15.755662372955333,16.007617950439453,1570348,0.0,0.0,0.0
2024-07-09 00:00:00+03:00,16.007618349365035,16.167191073425418,15.747264032557224,15.78925609588623,542255,0.0,0.0,0.0
2024-07-10 00:00:00+03:00,15.789255693772022,16.12519859942655,15.66327790509882,15.73886489868164,298255,0.0,0.0,0.0
2024-07-14 00:00:00+03:00,15.738865172351884,15.948828691089602,15.495308323601286,15.545699119567871,228807,0.0,0.0,0.0
2024-07-15 00:00:00+03:00,15.545699240269641,15.722067828469335,15.092177267365514,15.1173734664917,337433,0.0,0.0,0.0
2024-07-16 00:00:00+03:00,15.117373068849068,15.344134049336482,15.033387342532118,15.201358795166016,420344,0.0,0.0,0.0
2024-07-17 00:00:00+03:00,15.201358268375888,15.780857997796824,15.352532250128693,15.587690353393555,681271,0.0,0.0,0.0
2024-07-18 00:00:00+03:00,15.587691060480324,15.87324157187885,15.50370533326408,15.638083457946777,561429,0.0,0.0,0.0
2024-07-21 00:00:00+03:00,15.638084396693573,16.267974985785674,15.579293262786841,16.041213989257812,923215,0.0,0.0,0.0
2024-07-22 00:00:00+03:00,16.041212213823655,16.486333822303667,16.049610946309336,16.150392532348633,1190059,0.0,0.0,0.0
2024-07-23 00:00:00+03:00,16.150392925367044,16.29316817730916,15.974024344559146,15.999218940734863,431021,0.0,0.0,0.0
2024-07-24 00:00:00+03:00,15.999218934051882,16.175589116680577,15.831249086004208,15.864842414855957,309448,0.0,0.0,0.0
2024-07-28 00:00:00+03:00,15.864841842923386,15.915234237226047,15.629683743755274,15.646479606628418,209436,0.0,0.0,0.0
2024-07-29 00:00:00+03:00,15.646480173970563,16.335161837362204,15.663277639347193,15.93203067779541,797511,0.0,0.0,0.0
2024-07-30 00:00:00+03:00,15.932032054293522,16.150394317372413,15.932032054293522,16.108402252197266,304565,0.0,0.0,0.0
2024-07-31 00:00:00+03:00,16.108399850095623,16.671102089762687,15.957225874976952,16.629108428955078,1302064,0.0,0.0,0.0
2024-08-01 00:00:00+03:00,16.629109090818265,16.939855785585305,16.301566532954045,16.419145584106445,972360,0.0,0.0,0.0
2024-08-04 00:00:00+03:00,16.41914665718852,15.957227552991322,15.537300512123128,15.78925609588623,528569,0.0,0.0,0.0
2024-08-05 00:00:00+03:00,15.789256220595194,15.74726415693452,13.689620999670591,14.75623607635498,532262,0.0,0.0,0.0
2024-08-06 00:00:00+03:00,14.756235010207511,15.276945212208767,14.621858493928691,14.915807723999023,290588,0.0,0.0,0.0
2024-08-07 00:00:00+03:00,14.915808409421706,15.327336709673263,14.72264235863119,15.243350982666016,379033,0.0,0.0,0.0
2024-08-08 00:00:00+03:00,15.243350291915146,15.436516333952362,14.907409001003806,15.05018424987793,374046,0.0,0.0,0.0
2024-08-11 00:00:00+03:00,15.050184439745852,15.68847370147705,15.192959690421178,15.68847370147705,710492,0.0,0.0,0.0
2024-08-12 00:00:00+03:00,15.68847286887272,16.318363364559403,15.554096357944443,15.663276672363281,1434778,0.0,0.0,0.0
2024-08-13 00:00:00+03:00,15.663276924182526,15.8228496341857,15.377726433395537,15.402922630310059,300227,0.0,0.0,0.0
2024-08-14 00:00:00+03:00,15.40292302962034,15.621285269523892,15.386125564575195,15.386125564575195,355615,0.0,0.0,0.0
2024-08-15 00:00:00+03:00,15.386125573801252,15.654878607106951,15.117372540495552,15.520502090454102,367711,0.0,0.0,0.0
2024-08-18 00:00:00+03:00,15.520502920637318,15.906836628099867,15.53730038659102,15.545699119567871,525501,0.0,0.0,0.0
2024-08-19 00:00:00+03:00,15.545698960873166,15.705271682015335,15.28534464882663,15.310539245605469,261076,0.0,0.0,0.0
2024-08-20 00:00:00+03:00,15.310538849436323,15.604488085441208,15.327336314783908,15.394524574279785,223892,0.0,0.0,0.0
2024-08-21 00:00:00+03:00,15.394524297097767,15.545698278715184,15.369328099530053,15.386125564575195,222159,0.0,0.0,0.0
2024-08-22 00:00:00+03:00,15.386125172060787,15.596088674085403,15.394523904369098,15.470110893249512,326608,0.0,0.0,0.0
2024-08-25 00:00:00+03:00,15.470111032252333,15.688473268547302,15.53729928942814,15.646479606628418,362317,0.0,0.0,0.0
2024-08-26 00:00:00+03:00,15.646480038399336,16.167190247301836,15.654878771014879,15.68847370147705,760827,0.0,0.0,0.0
2024-08-27 00:00:00+03:00,15.688473444294264,16.335161428039783,15.713668039833422,15.948827743530273,909107,0.0,0.0,0.0
2024-08-28 00:00:00+03:00,15.948826929925364,16.08320343892729,15.81445042092344,15.848045349121094,303332,0.0,0.0,0.0
2024-08-29 00:00:00+03:00,15.848046827955658,16.032814144600977,15.789255698123768,15.873241424560547,230307,0.0,0.0,0.0
2024-09-01 00:00:00+03:00,15.873240648162044,16.486333697942033,15.83964732036716,16.175588607788086,1520705,0.0,0.0,0.0
2024-09-02 00:00:00+03:00,16.17558817392472,16.5283269167291,16.049610394757664,16.133594512939453,1131018,0.0,0.0,0.0
2024-09-03 00:00:00+03:00,16.133595062413324,16.32676270573566,15.999218546472655,16.08320426940918,426182,0.0,0.0,0.0
2024-09-04 00:00:00+03:00,16.083204254312626,16.032813461355783,15.797653757733128,15.88163948059082,518865,0.0,0.0,0.0
2024-09-05 00:00:00+03:00,15.881639761515352,16.116799469297657,15.8984372267629,15.957226753234863,201486,0.0,0.0,0.0
2024-09-08 00:00:00+03:00,15.957227832445756,16.209183420621287,15.789256372399029,15.79765510559082,318244,0.0,0.0,0.0
2024-09-09 00:00:00+03:00,15.797654430956895,16.10840113820463,15.806053163790022,15.873241424560547,233535,0.0,0.0,0.0
2024-09-10 00:00:00+03:00,15.873241021179664,16.351957567241016,15.80605276211657,15.822850227355957,382224,0.0,0.0,0.0
2024-09-11 00:00:00+03:00,15.8228499601512,15.957226476008135,15.402922947624669,15.948827743530273,149102,0.0,0.0,0.0
2024-09-12 00:00:00+03:00,15.948826884604903,16.032812602966036,15.713667193572597,15.722065925598145,172608,0.0,0.0,0.0
2024-09-16 00:00:00+03:00,15.72206786417185,16.251176833761527,15.747264063355251,16.183988571166992,641359,0.0,0.0,0.0
2024-09-17 00:00:00+03:00,16.18398746229135,16.956653230135146,16.041212213823655,16.150392532348633,2660122,0.0,0.0,0.0
2024-09-18 00:00:00+03:00,16.15039296048832,16.377153937929712,16.08320470071618,16.125198364257812,342538,0.0,0.0,0.0
2024-09-19 00:00:00+03:00,16.125197936786023,16.351957306321655,16.041212213823655,16.150392532348633,283986,0.0,0.0,0.0
2024-09-22 00:00:00+03:00,16.150392532348633,16.377153503778693,16.091603006843304,16.150392532348633,343899,0.0,0.0,0.0
2024-09-23 00:00:00+03:00,16.150392527379516,16.267973180248422,16.06640680444299,16.08320426940918,328325,0.0,0.0,0.0
2024-09-24 00:00:00+03:00,16.20918329224823,16.52832874343054,16.20918329224823,16.293169021606445,671589,0.0,0.0,0.0
2024-09-25 00:00:00+03:00,16.007616073181055,16.309964012220398,16.041211000582894,16.20918083190918,225517,0.0,0.0,0.0
2024-09-26 00:00:00+03:00,16.20918329224823,16.52832874343054,16.20918329224823,16.293169021606445,671589,0.0,0.0,0.0
2024-09-29 00:00:00+03:00,16.293168469985638,16.461139923015235,16.20918274347084,16.34355926513672,342328,0.0,0.0,0.0
2024-09-30 00:00:00+03:00,16.34355957311211,16.54512596130371,16.25117671391003,16.54512596130371,683309,0.0,0.0,0.0
2024-10-01 00:00:00+03:00,16.545124675359286,17.578144725552338,16.620711664582622,17.300992965698242,2893536,0.0,0.0,0.0
2024-10-02 00:00:00+03:00,17.300993178090195,17.300993178090195,16.69629725688009,16.847471237182617,1016865,0.0,0.0,0.0
2024-10-03 00:00:00+03:00,16.847471791140443,17.175015959863963,16.763486065778142,16.864269256591797,439339,0.0,0.0,0.0
2024-10-07 00:00:00+03:00,16.86426869681773,17.107827132094542,16.637507726434723,16.780282974243164,453213,0.0,0.0,0.0
2024-10-08 00:00:00+03:00,16.780282941914404,17.217007416945236,16.20918195178092,16.377153396606445,910385,0.0,0.0,0.0
2024-10-09 00:00:00+03:00,16.37715273673498,16.77188353370765,16.33516067816776,16.519927978515625,329744,0.0,0.0,0.0
2024-10-10 00:00:00+03:00,16.51992811464402,16.755087809483545,16.52832684680554,16.629108428955078,331690,0.0,0.0,0.0
2024-10-13 00:00:00+03:00,16.62911091127368,16.62911091127368,15.999220322181577,16.041213989257812,305430,0.0,0.0,0.0
2024-10-14 00:00:00+03:00,16.04121205953038,16.16718984181499,15.394524081403121,15.772459030151367,233459,0.0,0.0,0.0
2024-10-15 00:00:00+03:00,15.772460383324074,16.46114048066559,15.87324197704039,16.15879249572754,297943,0.0,0.0,0.0
2024-10-16 00:00:00+03:00,16.158791254849195,16.360356028697662,15.982422678442196,16.016016006469727,256552,0.0,0.0,0.0
2024-10-17 00:00:00+03:00,16.016016263814375,18.14084755868711,16.08320452284344,17.317790985107422,3803202,0.0,0.0,0.0
2024-10-20 00:00:00+03:00,17.317789907031546,18.1324476972813,17.091028946214465,17.552947998046875,1756833,0.0,0.0,0.0
2024-10-21 00:00:00+03:00,17.55294968809773,18.81273078918457,17.049036927284092,18.81273078918457,2069720,0.0,0.0,0.0
2024-10-22 00:00:00+03:00,18.81273012854201,19.64418543383395,18.854723791573594,19.089881896972656,2073736,0.0,0.0,0.0
2024-10-23 00:00:00+03:00,19.089881175044475,19.274650081607078,18.518780194568063,18.627962112426758,659166,0.0,0.0,0.0
2024-10-24 00:00:00+03:00,18.627964273557463,18.644761740083627,18.25002928619168,18.308818817138672,800388,0.0,0.0,0.0
2024-10-27 00:00:00+03:00,18.308816718318848,18.89671516418457,18.308816718318848,18.89671516418457,680413,0.0,0.0,0.0
2024-10-28 00:00:00+03:00,18.89671595609232,19.148671528082435,18.560774659474014,18.728744506835938,710374,0.0,0.0,0.0
2024-10-29 00:00:00+03:00,18.7287444770549,18.896715926044187,18.166042205403585,18.191238403320312,645791,0.0,0.0,0.0
2024-10-30 00:00:00+03:00,18.19123896678052,18.854724448755274,18.05686244418466,18.61116600036621,776962,0.0,0.0,0.0
2024-10-31 00:00:00+03:00,18.611165431460343,18.79593274390806,18.32561492919922,18.32561492919922,687232,0.0,0.0,0.0
2024-11-03 00:00:00+02:00,18.325614745872926,19.31664276123047,18.392803004444907,19.31664276123047,1701422,0.0,0.0,0.0
2024-11-04 00:00:00+02:00,19.316641547063274,19.904539974035977,19.02269233357692,19.44261932373047,3153977,0.0,0.0,0.0
2024-11-05 00:00:00+02:00,19.442620523447324,19.518207514490644,18.955505248887285,18.980701446533203,949083,0.0,0.0,0.0
2024-11-06 00:00:00+02:00,18.980702243420616,19.215860357077677,18.804332056283315,18.81273078918457,960066,0.0,0.0,0.0
2024-11-07 00:00:00+02:00,18.81273134125508,19.115079326994742,18.896717070837717,19.03109359741211,542169,0.0,0.0,0.0
2024-11-10 00:00:00+02:00,19.03109303893363,19.215860357077677,18.770738726572812,18.81273078918457,701815,0.0,0.0,0.0
2024-11-11 00:00:00+02:00,18.81273056272433,19.58539635949899,18.804331829924177,19.4006290435791,2967211,0.0,0.0,0.0
2024-11-12 00:00:00+02:00,19.400628484919057,19.652584054090372,19.19066497664481,19.31664276123047,977860,0.0,0.0,0.0
2024-11-13 00:00:00+02:00,19.316642012569588,20.03051823341299,19.32504074480238,19.820554733276367,1796595,0.0,0.0,0.0
2024-11-14 00:00:00+02:00,19.820554938664728,19.946532719673257,18.81272948680769,19.367033004760742,793296,0.0,0.0,0.0
2024-11-17 00:00:00+02:00,19.367033689149068,19.73656991480783,19.215859705838916,19.493011474609375,306512,0.0,0.0,0.0
2024-11-18 00:00:00+02:00,19.493012456036226,19.71137470937886,19.283048935733063,19.350238800048828,604606,0.0,0.0,0.0
2024-11-19 00:00:00+02:00,19.35023769146368,19.47621547604934,19.19066497664481,19.31664276123047,360802,0.0,0.0,0.0
2024-11-20 00:00:00+02:00,19.31664386840648,19.602194384177963,19.27465180510254,19.41742706298828,652116,0.0,0.0,0.0
2024-11-21 00:00:00+02:00,19.417426400312603,20.07251153610678,19.442620996677313,19.76176643371582,1587102,0.0,0.0,0.0
2024-11-24 00:00:00+02:00,19.761766554289807,20.05571419296813,19.6525846297283,19.669382095336914,408397,0.0,0.0,0.0
2024-11-25 00:00:00+02:00,19.669381647842147,19.770164837306446,19.148671439083092,19.35863494873047,484526,0.0,0.0,0.0
2024-11-26 00:00:00+02:00,19.358634051202188,19.736568991802972,19.24945373608106,19.618989944458008,584877,0.0,0.0,0.0
2024-11-27 00:00:00+02:00,19.618991536813315,19.6861797981629,19.0646879802056,19.21586036682129,573713,0.0,0.0,0.0
2024-11-28 00:00:00+02:00,19.21586067382468,19.484615325411305,18.989101289331057,19.41742706298828,870280,0.0,0.0,0.0
2024-12-01 00:00:00+02:00,21.30818329020915,20.156140550333344,19.44648180067919,19.575510025024414,507054,2.051527,0.0,0.0
2024-12-02 00:00:00+02:00,19.5755095519401,23.483238220214844,19.464914435996313,23.483238220214844,5314839,0.0,0.0,0.0
2024-12-03 00:00:00+02:00,23.483238479307744,27.372535843087974,24.331141995035036,25.824190139770508,9115272,0.0,0.0,0.0
2024-12-04 00:00:00+02:00,25.82419013356735,25.897920797618198,24.61684809265285,24.884122848510742,1564217,0.0,0.0,0.0
2024-12-05 00:00:00+02:00,24.884124113147823,25.75046077818171,24.884124113147823,25.040802001953125,698654,0.0,0.0,0.0
2024-12-08 00:00:00+02:00,25.040800299805078,26.395601887703396,24.884122421649955,25.437103271484375,1664394,0.0,0.0,0.0
2024-12-09 00:00:00+02:00,25.43710358614332,27.418616711173605,25.43710358614332,27.372535705566406,3630930,0.0,0.0,0.0
2024-12-10 00:00:00+02:00,27.372536354881944,28.202006780631578,26.27579116821289,26.27579116821289,1328222,0.0,0.0,0.0
2024-12-11 00:00:00+02:00,26.27579072858173,27.086828034930345,26.082246636347705,26.35873794555664,746280,0.0,0.0,0.0
2024-12-12 00:00:00+02:00,26.358737486881274,26.635227033401247,25.25277578504605,25.501617431640625,971277,0.0,0.0,0.0
2024-12-15 00:00:00+02:00,25.501618725891753,25.92556961978897,24.51547039994341,24.718229293823242,548969,0.0,0.0,0.0
2024-12-16 00:00:00+02:00,24.718229626036077,25.059235062652924,24.74587928561402,24.976287841796875,876249,0.0,0.0,0.0
2024-12-17 00:00:00+02:00,24.976286765861747,25.18826220652777,24.616848238343593,24.745878219604492,262779,0.0,0.0,0.0
2024-12-18 00:00:00+02:00,24.7458788714701,24.88412365129061,24.027003555374606,24.11916732788086,411902,0.0,0.0,0.0
2024-12-19 00:00:00+02:00,24.11916702973566,24.782743019398065,23.547753053562513,24.533903121948242,389193,0.0,0.0,0.0
2024-12-22 00:00:00+02:00,24.533903964495828,24.672148747355074,24.082301645076356,24.303495407104492,209339,0.0,0.0,0.0
2024-12-23 00:00:00+02:00,24.303494332112013,24.74587832084518,23.980922014456606,24.07308578491211,275128,0.0,0.0,0.0
2024-12-24 00:00:00+02:00,24.07308554395139,25.32650683281584,23.501671579149033,24.884122848510742,500062,0.0,0.0,0.0
2024-12-25 00:00:00+02:00,24.884124290635032,25.243561078978868,24.423307174141794,24.432523727416992,230249,0.0,0.0,0.0
2024-12-26 00:00:00+02:00,24.432523134067274,24.976287458954072,24.4233065810159,24.653715133666992,179601,0.0,0.0,0.0
2024-12-29 00:00:00+02:00,24.65371449710108,25.722810013167585,24.533902826282294,25.280426025390625,578716,0.0,0.0,0.0
2024-12-30 00:00:00+02:00,25.280426323427122,25.70437721057533,24.699795794481687,24.865690231323242,428839,0.0,0.0,0.0
2024-12-31 00:00:00+02:00,24.86569087366846,27.455484301702246,25.086882875878583,27.188209533691406,1038540,0.0,0.0,0.0
2025-01-02 00:00:00+02:00,27.18820916067918,27.372536705597593,26.137546725126352,26.533849716186523,1005330,0.0,0.0,0.0
2025-01-05 00:00:00+02:00,26.533849557701014,27.03153111340371,26.091463804114717,27.003881454467773,828214,0.0,0.0,0.0
2025-01-06 00:00:00+02:00,27.003881864617263,26.97623396313913,26.321872754738408,26.524633407592773,502408,0.0,0.0,0.0
2025-01-08 00:00:00+02:00,26.524632525997486,26.911718954725654,26.0361657742117,26.082246780395508,476839,0.0,0.0,0.0
2025-01-09 00:00:00+02:00,26.082247181995488,26.349521944034485,25.55691596874944,25.602998733520508,306489,0.0,0.0,0.0
2025-01-12 00:00:00+02:00,25.602997702222467,25.805756585414766,25.077664752259288,25.437103271484375,458756,0.0,0.0,0.0
2025-01-13 00:00:00+02:00,25.43710371094269,26.266574121085647,25.34493994139843,25.354156494140625,721711,0.0,0.0,0.0
2025-01-14 00:00:00+02:00,25.35415703030162,25.695160699585543,23.971705731536282,25.400238037109375,318302,0.0,0.0,0.0
2025-01-15 00:00:00+02:00,25.400238234551544,26.128330101342232,25.261993455175947,25.326507568359375,2949272,0.0,0.0,0.0
2025-01-16 00:00:00+02:00,25.326508234148644,25.971652898698142,25.391022349028034,25.704378128051758,2649864,0.0,0.0,0.0
2025-01-19 00:00:00+02:00,25.326506884575537,26.082246632110675,25.391020996017165,25.418670654296875,4252873,0.0,0.0,0.0
2025-01-20 00:00:00+02:00,25.234343063282857,25.547698824968393,24.78274252623669,24.884122848510742,3389015,0.0,0.0,0.0
2025-01-21 00:00:00+02:00,24.88412244963687,24.93020345472587,24.358791256960515,24.56155014038086,1178490,0.0,0.0,0.0
2025-01-22 00:00:00+02:00,24.56155125679684,25.48318546348999,24.727445695262045,24.994720458984375,1875971,0.0,0.0,0.0
2025-01-23 00:00:00+02:00,24.994720812988422,25.20669626163943,24.515470596829633,24.644498825073242,1183669,0.0,0.0,0.0
2025-01-26 00:00:00+02:00,24.644497600758697,24.930203702480703,24.33114184098191,24.55233383178711,1072738,0.0,0.0,0.0
2025-01-27 00:00:00+02:00,24.552335428971745,24.70901331905239,23.916409073242484,23.96249008178711,731093,0.0,0.0,0.0
2025-01-28 00:00:00+02:00,23.962489501428102,24.165248395142655,23.630700622733603,23.713647842407227,641965,0.0,0.0,0.0
2025-01-29 00:00:00+02:00,23.71364841673942,23.96249008178711,23.54775397337429,23.96249008178711,687970,0.0,0.0,0.0
2025-01-30 00:00:00+02:00,23.962488659437913,24.506252965801526,23.409507800336883,23.474021911621094,1580905,0.0,0.0,0.0
2025-02-02 00:00:00+02:00,23.47402200999838,23.695214002990248,23.243613464230474,23.271263122558594,599976,0.0,0.0,0.0
2025-02-03 00:00:00+02:00,23.27126372590357,23.27126372590357,22.487874298406513,22.58003807067871,1172542,0.0,0.0,0.0
2025-02-04 00:00:00+02:00,22.580037773195016,23.492455415125733,22.48787400213704,22.85652732849121,1006261,0.0,0.0,0.0
2025-02-05 00:00:00+02:00,22.856527086176534,23.133018396419217,22.48787376373066,22.53395652770996,761183,0.0,0.0,0.0
2025-02-06 00:00:00+02:00,22.53395637792098,22.718282158979804,22.119220294252663,22.202167510986328,667077,0.0,0.0,0.0
2025-02-09 00:00:00+02:00,22.20216879843501,22.349630134984064,21.879596465529787,21.888813018798828,594049,0.0,0.0,0.0
2025-02-10 00:00:00+02:00,21.888813108571174,22.303549217989957,21.75978487803102,22.017841339111328,797333,0.0,0.0,0.0
2025-02-11 00:00:00+02:00,22.017839660684523,22.266681307366518,21.1975858155598,21.206802368164062,648260,0.0,0.0,0.0
2025-02-12 00:00:00+02:00,21.206803790458643,21.40034613449555,20.74598667660568,21.086990356445312,400905,0.0,0.0,0.0
2025-02-13 00:00:00+02:00,21.086989623520406,21.612322591671013,21.050125169789922,21.114639282226562,356574,0.0,0.0,0.0
2025-02-16 00:00:00+02:00,21.114639084895682,22.487873812668543,21.271316967010854,22.128437042236328,826759,0.0,0.0,0.0
2025-02-17 00:00:00+02:00,22.128437238790863,22.46944090662019,21.990192461079577,22.054706573486328,447574,0.0,0.0,0.0
2025-02-18 00:00:00+02:00,22.05470613427961,22.321979131481815,22.00862337070841,22.137653350830078,228615,0.0,0.0,0.0
2025-02-19 00:00:00+02:00,22.13765413092676,22.368062683268935,22.063923464492373,22.174518585205078,283059,0.0,0.0,0.0
2025-02-20 00:00:00+02:00,22.174518192448154,22.52474017021664,22.119220633071237,22.321979522705078,436489,0.0,0.0,0.0
2025-02-23 00:00:00+02:00,22.32197918415936,22.828879037372655,22.220600619818853,22.67220115661621,487992,0.0,0.0,0.0
2025-02-24 00:00:00+02:00,22.672202152081,22.755149372469166,22.137654375067118,22.165302276611328,420275,0.0,0.0,0.0
2025-02-25 00:00:00+02:00,22.165301105768265,22.41414275378815,22.128436653030697,22.275897979736328,308094,0.0,0.0,0.0
2025-02-26 00:00:00+02:00,22.275898472375527,22.34962913735892,21.842731035332797,21.925678253173828,192581,0.0,0.0,0.0
2025-02-27 00:00:00+02:00,21.925679140885013,22.02705771066815,21.704485379101577,21.759784698486328,444066,0.0,0.0,0.0
2025-03-02 00:00:00+02:00,21.7597833779604,22.008623268579406,21.704484061931574,21.870378494262695,97682,0.0,0.0,0.0
2025-03-03 00:00:00+02:00,21.870378837023782,22.257465265903747,21.65840339589082,22.128437042236328,225703,0.0,0.0,0.0
2025-03-04 00:00:00+02:00,22.12843758866779,22.395710595418485,21.842731475830078,21.842731475830078,225321,0.0,0.0,0.0
2025-03-05 00:00:00+02:00,21.84273163029617,22.119221192045636,21.47407653745987,21.566240310668945,128854,0.0,0.0,0.0
2025-03-06 00:00:00+02:00,21.566239477821437,21.888811792657187,21.19758615709959,21.326614379882812,237343,0.0,0.0,0.0
2025-03-09 00:00:00+02:00,21.32661526297562,21.483293150504835,21.289750808315798,21.298967361450195,209545,0.0,0.0,0.0
2025-03-10 00:00:00+02:00,21.298966479502234,21.842730786771092,21.326614379882812,21.326614379882812,167037,0.0,0.0,0.0
2025-03-11 00:00:00+02:00,21.326615668715352,21.372698435264063,20.985611985643885,21.013259887695312,253764,0.0,0.0,0.0
2025-03-12 00:00:00+02:00,21.013259398692288,21.464861710971352,20.967178391093736,21.031692504882812,257592,0.0,0.0,0.0
2025-03-13 00:00:00+02:00,21.031692520576485,22.653768951120107,21.19758696065948,22.036273956298828,2284265,0.0,0.0,0.0
2025-03-16 00:00:00+02:00,22.03627327195487,22.70906580661742,22.06392293040262,22.128437042236328,395236,0.0,0.0,0.0
2025-03-17 00:00:00+02:00,22.128437975076213,22.303548970205142,21.888812865393934,22.027057647705078,221532,0.0,0.0,0.0
2025-03-18 00:00:00+02:00,22.02705681757046,22.02705681757046,21.68605315124625,21.787431716918945,269394,0.0,0.0,0.0
2025-03-19 00:00:00+02:00,21.787431818020426,22.10078758510513,21.298966819471353,21.584672927856445,330030,0.0,0.0,0.0
2025-03-20 00:00:00+02:00,21.584672828952055,21.953326153869032,21.474075952538104,21.925678253173828,636953,0.0,0.0,0.0
2025-03-23 00:00:00+02:00,21.925679321798533,22.054707552338687,21.805865886687418,22.017841339111328,227658,0.0,0.0,0.0
2025-03-24 00:00:00+02:00,22.01783962585246,22.349628487570232,21.934892410423018,21.944108963012695,292132,0.0,0.0,0.0
2025-03-25 00:00:00+02:00,21.944109108110393,22.110003540066195,21.778214676154587,21.805864334106445,312100,0.0,0.0,0.0
2025-03-26 00:00:00+02:00,21.805864626900405,22.119220389718297,21.78743152135166,21.861162185668945,342396,0.0,0.0,0.0
2025-03-27 00:00:00+02:00,21.86116199075903,22.1653011980909,21.759783426900192,21.934892654418945,222946,0.0,0.0,0.0
2025-04-03 00:00:00+02:00,21.93489398188667,22.165302539502612,21.778216092392714,21.824298858642578,323173,0.0,0.0,0.0
2025-04-06 00:00:00+02:00,21.824297938691885,21.123855742119535,18.432683832290074,20.51557731628418,522371,0.0,0.0,0.0
2025-04-07 00:00:00+02:00,20.515577805258964,20.55244225970577,20.091625152915256,20.49714469909668,272076,0.0,0.0,0.0
2025-04-08 00:00:00+02:00,20.497143772197642,20.819716083939547,20.515576877526364,20.59852409362793,150627,0.0,0.0,0.0
2025-04-09 00:00:00+02:00,20.59852388797043,20.727552108227894,20.082409249062927,20.202220916748047,187938,0.0,0.0,0.0
2025-04-10 00:00:00+02:00,20.202221837538588,20.93031194516235,20.414197282731024,20.57087516784668,187739,0.0,0.0,0.0
2025-04-13 00:00:00+02:00,20.57087501249865,21.363480985083715,20.30360200924784,21.179153442382812,490849,0.0,0.0,0.0
2025-04-14 00:00:00+02:00,21.179153346651088,21.64918699632384,21.01325891054568,21.050125122070312,328336,0.0,0.0,0.0
2025-04-15 00:00:00+02:00,21.050124633922955,21.354263840437383,21.02247497592067,21.068557739257812,250004,0.0,0.0,0.0
2025-04-16 00:00:00+02:00,21.068559200918244,23.04085590375913,21.39112977726863,22.017841339111328,3784965,0.0,0.0,0.0
2025-04-17 00:00:00+02:00,22.01784031311227,22.211384407781434,21.713701099670203,21.851945877075195,566288,0.0,0.0,0.0
2025-04-22 00:00:00+02:00,21.851946225343497,22.11000443638931,21.603106325199683,21.639970779418945,605471,0.0,0.0,0.0
2025-04-23 00:00:00+02:00,21.63996980335977,21.953325560539604,21.52937468781257,21.676836013793945,333613,0.0,0.0,0.0
2025-04-27 00:00:00+03:00,21.676836454047876,22.331195881645474,21.759783671331757,22.063922882080078,894813,0.0,0.0,0.0
2025-04-28 00:00:00+03:00,22.063924060533225,22.395711189512074,21.944110625667083,21.953327178955078,167480,0.0,0.0,0.0
2025-04-29 00:00:00+03:00,21.9533259065722,22.110003787631705,21.75978357237512,21.796648025512695,177135,0.0,0.0,0.0
2025-04-30 00:00:00+03:00,21.796648514246144,22.02705706462481,21.75978406028198,21.778215408325195,327771,0.0,0.0,0.0
2025-05-04 00:00:00+03:00,21.778216221390274,22.30354921248364,21.842732094522226,22.15608787536621,685980,0.0,0.0,0.0
2025-05-05 00:00:00+03:00,22.15608754445537,24.884123998261195,22.672202216657976,24.23897933959961,6796483,0.0,0.0,0.0
2025-05-06 00:00:00+03:00,24.238978265491674,24.699795356150283,23.87032494454033,24.14681625366211,2456702,0.0,0.0,0.0
2025-05-07 00:00:00+03:00,24.14681644356302,26.63522769796281,24.04543612029996,25.344940185546875,5611486,0.0,0.0,0.0
2025-05-08 00:00:00+03:00,25.344940627249798,25.99008527363998,25.02236830405471,25.261993408203125,975911,0.0,0.0,0.0
2025-05-11 00:00:00+03:00,25.261993979800877,26.10068098435826,24.469387983366424,24.506254196166992,713535,0.0,0.0,0.0
2025-05-12 00:00:00+03:00,24.506253366841985,24.828825686419563,24.073085928360943,24.26662826538086,307665,0.0,0.0,0.0
2025-05-13 00:00:00+03:00,24.266627687988887,25.667512051870492,24.266627687988887,24.957853317260742,1670561,0.0,0.0,0.0
2025-05-14 00:00:00+03:00,24.957853100549904,26.238924026489258,24.653713896626257,26.238924026489258,1093297,0.0,0.0,0.0
2025-05-15 00:00:00+03:00,26.238924956550463,27.132911252709345,25.944002294761948,26.27579116821289,3308659,0.0,0.0,0.0
2025-05-18 00:00:00+03:00,26.275790623787515,26.441685057075713,25.354156445855484,25.621429443359375,632765,0.0,0.0,0.0
2025-05-19 00:00:00+03:00,25.621430290919847,25.59378238970901,24.97628739975262,25.059234619140625,384614,0.0,0.0,0.0
2025-05-20 00:00:00+03:00,25.059234608975938,25.94400260491876,25.059234608975938,25.391021728515625,2071210,0.0,0.0,0.0
2025-05-21 00:00:00+03:00,25.391021000141905,26.957799812026128,25.400237552903306,26.35873794555664,2314631,0.0,0.0,0.0
2025-05-22 00:00:00+03:00,26.35873934112704,26.718176128463668,25.713594676693198,25.84262466430664,850779,0.0,0.0,0.0
2025-05-25 00:00:00+03:00,25.842622946845463,26.165193499747048,25.529267188703056,25.630645751953125,306387,0.0,0.0,0.0
2025-05-26 00:00:00+03:00,25.630645702252092,25.805756686257446,25.298858597357025,25.566131591796875,435672,0.0,0.0,0.0
2025-05-27 00:00:00+03:00,25.566132179857235,25.79654072699857,25.32650707988492,25.344940185546875,1502570,0.0,0.0,0.0
2025-05-28 00:00:00+03:00,25.344940088619207,25.80575718113956,25.16982910125572,25.215911865234375,452827,0.0,0.0,0.0
2025-05-29 00:00:00+03:00,25.21591286176106,25.713594427254883,24.699796432069526,24.709012985229492,485940,0.0,0.0,0.0
2025-06-01 00:00:00+03:00,24.709011661991294,24.92098885756301,24.45095521884296,24.48781967163086,115968,0.0,0.0,0.0
2025-06-02 00:00:00+03:00,24.48782068209615,25.43710455137389,24.33114279605764,25.123748779296875,464865,0.0,0.0,0.0
2025-06-03 00:00:00+03:00,25.12374794614543,25.7504594695165,24.874906295769673,24.884122848510742,1550051,0.0,0.0,0.0
2025-06-04 00:00:00+03:00,24.88412318657754,25.796540825806723,24.88412318657754,25.612215042114258,454494,0.0,0.0,0.0
2025-06-10 00:00:00+03:00,25.612215714997145,29.252669814689433,25.63064706333622,28.801069259643555,5221834,0.0,0.0,0.0
2025-06-11 00:00:00+03:00,28.80106805578242,31.510671272798493,29.040693152951853,31.059072494506836,3945335,0.0,0.0,0.0
2025-06-12 00:00:00+03:00,31.059073330309662,32.53368664814557,30.165087028759192,30.828664779663086,5100128,0.0,0.0,0.0
2025-06-15 00:00:00+03:00,30.828663739536925,29.86094856262207,27.04996328484683,29.86094856262207,1448800,0.0,0.0,0.0
2025-06-16 00:00:00+03:00,29.860949091392254,31.61205193878071,29.870163886337984,31.510671615600586,2660523,0.0,0.0,0.0
2025-06-17 00:00:00+03:00,31.510672431828535,32.118950870910226,29.999192887186478,30.413928985595703,2196955,0.0,0.0,0.0
2025-06-18 00:00:00+03:00,30.413928351040404,30.94847787022736,29.142073938917637,29.962326049804688,1822428,0.0,0.0,0.0
2025-06-19 00:00:00+03:00,29.962325756060668,30.41392805286898,28.21122291701539,28.635173797607422,1751758,0.0,0.0,0.0
2025-06-22 00:00:00+03:00,28.635174654608978,30.29411553126364,27.39096811817911,29.54759407043457,1876011,0.0,0.0,0.0
2025-06-23 00:00:00+03:00,29.547593771195046,30.87474575592711,29.132857677292694,29.685836791992188,1788592,0.0,0.0,0.0
2025-06-24 00:00:00+03:00,29.685835781930624,30.966906716141825,29.962325329872805,30.598255157470703,2008754,0.0,0.0,0.0
2025-06-25 00:00:00+03:00,30.598257192325498,33.16961754227541,30.22960209338261,32.939208984375,3616002,0.0,0.0,0.0
2025-06-29 00:00:00+03:00,32.93920763082287,33.777894606486456,31.068287826838393,31.24340057373047,2464590,0.0,0.0,0.0
2025-06-30 00:00:00+03:00,31.243401062596632,31.685785060618105,29.695055311643724,31.22496795654297,2236273,0.0,0.0,0.0
2025-07-01 00:00:00+03:00,31.224966966905555,31.151234545027755,29.95311081555657,30.045272827148438,502558,0.0,0.0,0.0
2025-07-02 00:00:00+03:00,30.045273317442632,31.33556259531667,29.980759205124475,30.303333282470703,957606,0.0,0.0,0.0
2025-07-06 00:00:00+03:00,30.30333318507981,30.78258338629977,29.860949195281876,30.03605842590332,516966,0.0,0.0,0.0
2025-07-07 00:00:00+03:00,30.036058724998348,30.506090620165597,29.70426985040713,29.75956916809082,362758,0.0,0.0,0.0
2025-07-09 00:00:00+03:00,29.7595696127767,29.953111953928456,29.363266619510437,29.538375854492188,362208,0.0,0.0,0.0
2025-07-10 00:00:00+03:00,29.53837562079373,29.943896921814392,29.059127169309633,29.077558517456055,486454,0.0,0.0,0.0
2025-07-13 00:00:00+03:00,29.077558729612267,29.252669722364,28.478496842477956,28.533794403076172,277372,0.0,0.0,0.0
2025-07-14 00:00:00+03:00,28.53379361964075,29.49229401904088,28.478496060560808,29.436996459960938,424909,0.0,0.0,0.0
2025-07-15 00:00:00+03:00,29.436995965148753,29.483076970627838,28.847148899325948,28.985395431518555,248032,0.0,0.0,0.0
2025-07-16 00:00:00+03:00,28.985396370345423,29.298752139810176,28.31260206656655,28.413982391357422,357589,0.0,0.0,0.0
2025-07-17 00:00:00+03:00,28.413983104810626,29.768784783600793,28.340252437078053,28.856367111206055,937926,0.0,0.0,0.0
2025-07-20 00:00:00+03:00,28.856365743547013,29.40013005150697,28.985395724371923,29.040693283081055,256845,0.0,0.0,0.0
2025-07-21 00:00:00+03:00,29.040693627891425,29.390913847711154,28.801068526803096,28.828718185424805,309369,0.0,0.0,0.0
2025-07-22 00:00:00+03:00,28.828717989562225,29.492293971075448,28.57065978447934,28.902448654174805,743686,0.0,0.0,0.0
2025-07-23 00:00:00+03:00,28.902448654174805,28.902448654174805,28.902448654174805,28.902448654174805,0,0.0,0.0,0.0
2025-07-27 00:00:00+03:00,28.86558366440735,29.261886662674087,28.782636443473482,28.856367111206055,343978,0.0,0.0,0.0
2025-07-28 00:00:00+03:00,28.856366283143945,29.24345271710156,28.57066017361357,28.616741180419922,626127,0.0,0.0,0.0
2025-07-29 00:00:00+03:00,28.616740940332285,28.754987475346937,27.879434290350144,28.294170379638672,373931,0.0,0.0,0.0
2025-07-30 00:00:00+03:00,28.294170435252912,28.681256866723814,27.289589024004098,27.418617248535156,248111,0.0,0.0,0.0
2025-07-31 00:00:00+03:00,27.41861720363075,28.10984284741976,26.77347256627659,26.884069442749023,356809,0.0,0.0,0.0
2025-08-03 00:00:00+03:00,26.884069442749023,26.884069442749023,26.884069442749023,26.884069442749023,0,0.0,0.0,0.0
2025-08-04 00:00:00+03:00,26.884069442749023,26.884069442749023,26.884069442749023,26.884069442749023,0,0.0,0.0,0.0
2025-08-05 00:00:00+03:00,26.884069442749023,26.884069442749023,26.884069442749023,26.884069442749023,0,0.0,0.0,0.0
2025-08-06 00:00:00+03:00,26.884069442749023,26.884069442749023,26.884069442749023,26.884069442749023,0,0.0,0.0,0.0
2025-08-07 00:00:00+03:00,26.884069442749023,26.884069442749023,26.884069442749023,26.884069442749023,0,0.0,0.0,0.0
2025-08-10 00:00:00+03:00,26.62601045666281,27.169774754486458,26.58914600416981,26.70895767211914,341606,0.0,0.0,0.0
2025-08-11 00:00:00+03:00,26.708958720730095,30.183520080083838,27.667459133466743,28.349468231201172,2787948,0.0,0.0,0.0
2025-08-12 00:00:00+03:00,28.349468343964823,28.524579335041647,27.566078918492444,27.67667579650879,523256,0.0,0.0,0.0
2025-08-13 00:00:00+03:00,27.67667630391237,27.92551620772515,27.16055987421098,27.188209533691406,402093,0.0,0.0,0.0
2025-08-14 00:00:00+03:00,27.188209687212375,27.46469925206681,26.82877290132605,27.049964904785156,257000,0.0,0.0,0.0
2025-08-17 00:00:00+03:00,27.04996473417583,28.100627183449298,27.003881968405555,27.65824317932129,369061,0.0,0.0,0.0
2025-08-18 00:00:00+03:00,27.65824166449529,28.109842197043452,27.768836780531174,27.842567443847656,201534,0.0,0.0,0.0
2025-08-19 00:00:00+03:00,27.842567344408764,28.017678328364134,27.649025013098356,27.713539123535156,149031,0.0,0.0,0.0
2025-08-20 00:00:00+03:00,27.71354061726809,28.017679838489876,26.967017393883307,26.994667053222656,385208,0.0,0.0,0.0
2025-08-21 00:00:00+03:00,26.99466696240315,27.464698864446387,26.727392196655273,26.727392196655273,217678,0.0,0.0,0.0
2025-08-24 00:00:00+03:00,26.727391857729106,27.28037273049905,26.589147079006054,26.607580184936523,497789,0.0,0.0,0.0
2025-08-25 00:00:00+03:00,26.607579939721806,26.81955538233544,26.423252397871337,26.47854995727539,237923,0.0,0.0,0.0
2025-08-26 00:00:00+03:00,26.478549180271223,27.096044142109072,26.450901280319375,26.77347183227539,367385,0.0,0.0,0.0
2025-08-27 00:00:00+03:00,26.773472903634847,27.049964219361,26.63522812471064,27.003881454467773,144888,0.0,0.0,0.0
2025-08-28 00:00:00+03:00,27.00388101732071,27.03153067580904,26.736608016777634,26.755041122436523,77330,0.0,0.0,0.0
2025-08-31 00:00:00+03:00,26.755042233506348,27.28037346145645,26.764258786718536,27.049964904785156,185825,0.0,0.0,0.0
2025-09-01 00:00:00+03:00,27.049963173921437,29.261884824854597,26.819554631993448,28.653606414794922,1116682,0.0,0.0,0.0
2025-09-02 00:00:00+03:00,28.653607097354353,29.768783623069233,28.66282365019634,29.031476974487305,2005826,0.0,0.0,0.0
2025-09-03 00:00:00+03:00,29.03147808038671,29.436997631493128,28.312602752226848,28.321819305419922,349109,0.0,0.0,0.0
2025-09-07 00:00:00+03:00,28.32181909376471,28.570660754484756,27.326454208762286,27.390968322753906,383192,0.0,0.0,0.0
2025-09-08 00:00:00+03:00,27.390967394233414,28.091409587028426,27.40940049985695,27.492347717285156,221094,0.0,0.0,0.0
2025-09-09 00:00:00+03:00,27.492348894760443,27.90708499966429,27.363320665624926,27.381752014160156,228304,0.0,0.0,0.0
2025-09-10 00:00:00+03:00,27.381750989085603,27.649025748435115,27.2342896590575,27.354103088378906,92091,0.0,0.0,0.0
2025-09-11 00:00:00+03:00,27.354103237392387,27.77805412406326,27.197425353649297,27.215858459472656,136747,0.0,0.0,0.0
2025-09-14 00:00:00+03:00,27.21585816444294,27.74118936956977,27.280372276247608,27.492347717285156,116333,0.0,0.0,0.0
2025-09-15 00:00:00+03:00,27.492348063334614,27.824136937223702,27.280372619628906,27.280372619628906,134370,0.0,0.0,0.0
2025-09-16 00:00:00+03:00,27.280373187279416,27.46469897603724,26.174411423221397,26.38638687133789,287640,0.0,0.0,0.0
2025-09-17 00:00:00+03:00,26.386386335152768,26.644444543623166,26.100680225763288,26.34030532836914,99163,0.0,0.0,0.0
2025-09-18 00:00:00+03:00,26.34030474279517,26.865635943111815,26.321871637340415,26.56149673461914,104225,0.0,0.0,0.0
2025-09-21 00:00:00+03:00,26.56149728305536,26.727391719818115,25.805757522583008,25.805757522583008,297382,0.0,0.0,0.0
2025-09-22 00:00:00+03:00,25.805758272269625,26.155978503927063,25.160613612311774,25.446321487426758,211130,0.0,0.0,0.0
2025-09-23 00:00:00+03:00,25.446321165356842,25.796541392581602,24.395656967927064,24.718229293823242,462934,0.0,0.0,0.0
2025-09-24 00:00:00+03:00,24.718228234442922,25.91635371386805,24.838041661324276,25.897920608520508,365828,0.0,0.0,0.0
2025-09-25 00:00:00+03:00,25.897921984156625,25.990085757912183,25.62143066288995,25.713594436645508,231597,0.0,0.0,0.0
2025-09-28 00:00:00+03:00,25.713593506494448,26.33108848307862,26.00851616554163,26.28500747680664,358957,0.0,0.0,0.0
2025-09-29 00:00:00+03:00,26.285006991683794,27.36331904259701,26.312654891785623,26.63522720336914,544443,0.0,0.0,0.0
2025-09-30 00:00:00+03:00,26.63522818015064,27.169775948880556,26.6536612861463,26.736608505249023,182387,0.0,0.0,0.0
2025-10-01 00:00:00+03:00,26.736607819385593,27.003880817955434,26.312655181749637,26.35873794555664,175903,0.0,0.0,0.0
2025-10-02 00:00:00+03:00,26.358737851955155,27.09604449147204,26.26657408254612,27.031530380249023,246750,0.0,0.0,0.0
2025-10-05 00:00:00+03:00,27.03153024085111,28.082192636213975,27.096044351741437,27.639808654785156,804732,0.0,0.0,0.0
2025-10-06 00:00:00+03:00,27.639809980732664,28.017679869398474,27.372536971668495,27.52921485900879,134352,0.0,0.0,0.0
2025-10-07 00:00:00+03:00,27.529213779526014,27.649025449675086,27.105261141867928,27.160558700561523,233936,0.0,0.0,0.0
2025-10-08 00:00:00+03:00,27.16055899711354,27.261939320723464,26.58914678265948,26.884069442749023,200018,0.0,0.0,0.0
2025-10-12 00:00:00+03:00,26.88406980882474,28.47849656031844,27.18820902591821,28.146709442138672,788679,0.0,0.0,0.0
2025-10-13 00:00:00+03:00,28.146709871211183,28.939314103607728,28.29417120551183,28.395549774169922,564240,0.0,0.0,0.0
2025-10-14 00:00:00+03:00,28.395548845481,28.939313157134755,28.47849606304701,28.496929168701172,279966,0.0,0.0,0.0
2025-10-15 00:00:00+03:00,28.496930300332796,28.754988516105566,28.30338619903377,28.321819305419922,142386,0.0,0.0,0.0
2025-10-16 00:00:00+03:00,28.321817592528912,28.478495471579826,28.20200592402065,28.24808692932129,135323,0.0,0.0,0.0
2025-10-19 00:00:00+03:00,28.24808770635967,29.003827464495867,28.20200669979145,28.893232345581055,194234,0.0,0.0,0.0
2025-10-20 00:00:00+03:00,28.893232188520823,31.704217520844995,29.031476965351718,30.773365020751953,5011034,0.0,0.0,0.0
2025-10-21 00:00:00+03:00,30.773365111272835,32.90234136066636,30.837879223458508,31.9807071685791,2581792,0.0,0.0,0.0
2025-10-22 00:00:00+03:00,31.980707848610827,33.63964872649222,30.183520432674523,30.413928985595703,2036007,0.0,0.0,0.0
2025-10-23 00:00:00+03:00,30.413929203424715,30.773365986035213,29.538375992902292,29.731918334960938,992516,0.0,0.0,0.0
2025-10-26 00:00:00+03:00,29.73191830015104,31.289482377313657,29.76878451262063,30.810232162475586,1347297,0.0,0.0,0.0
2025-10-27 00:00:00+03:00,30.810230594751552,31.372428001162014,30.515307941512514,30.598255157470703,641300,0.0,0.0,0.0
2025-10-28 00:00:00+03:00,30.598255202668415,31.123586399261146,30.42314245996727,30.52452278137207,253859,0.0,0.0,0.0
2025-10-29 00:00:00+03:00,30.52452326980361,30.874745245054548,30.460009158014675,30.50609016418457,225259,0.0,0.0,0.0
2025-10-30 00:00:00+03:00,30.506090930591554,31.704218215641934,30.552175453674646,31.151235580444336,887724,0.0,0.0,0.0
2025-11-02 00:00:00+02:00,31.151234989398393,32.26641151804268,31.188101200863187,31.9807071685791,1718533,0.0,0.0,0.0
2025-11-03 00:00:00+02:00,31.980706305836957,33.63964710368977,31.888540779661316,32.948421478271484,2560389,0.0,0.0,0.0
2025-11-04 00:00:00+02:00,32.948423144470425,34.44146958646565,32.800961810887635,34.432254791259766,1500891,0.0,0.0,0.0
2025-11-05 00:00:00+02:00,34.432254992062376,34.82855798758146,32.81017679743647,33.02215576171875,1393736,0.0,0.0,0.0
2025-11-06 00:00:00+02:00,33.02215522719425,33.538268131511906,32.62585223809006,32.699581146240234,271265,0.0,0.0,0.0
2025-11-09 00:00:00+02:00,32.69958056123967,32.99450322007512,32.22954867239425,32.588985443115234,296069,0.0,0.0,0.0
2025-11-10 00:00:00+02:00,32.58898609384757,32.58898609384757,31.36321091203538,31.82402801513672,368893,0.0,0.0,0.0
2025-11-11 00:00:00+02:00,31.824028130033838,32.128169106741424,31.16045388988588,31.28948211669922,375234,0.0,0.0,0.0
2025-11-12 00:00:00+02:00,31.289483086879148,32.257198333740234,31.169669651513686,32.257198333740234,227879,0.0,0.0,0.0
2025-11-13 00:00:00+02:00,32.2571961277333,32.67193220966952,31.57518529124315,31.73186492919922,246297,0.0,0.0,0.0
2025-11-16 00:00:00+02:00,31.73186492919922,31.73186492919922,31.73186492919922,31.73186492919922,0,0.0,0.0,0.0
2025-11-17 00:00:00+02:00,31.73186492919922,31.73186492919922,31.73186492919922,31.73186492919922,0,0.0,0.0,0.0
2025-11-18 00:00:00+02:00,31.73186492919922,31.73186492919922,31.73186492919922,31.73186492919922,0,0.0,0.0,0.0
2025-11-19 00:00:00+02:00,31.73186492919922,31.73186492919922,31.73186492919922,31.73186492919922,0,0.0,0.0,0.0
2025-11-20 00:00:00+02:00,31.73186492919922,31.73186492919922,31.73186492919922,31.73186492919922,0,0.0,0.0,0.0
2025-11-23 00:00:00+02:00,31.73186546713136,33.88848961400433,31.89775990271816,31.91619300842285,1199333,0.0,0.0,0.0
2025-11-24 00:00:00+02:00,31.916192195391677,34.03595007685668,32.21111484764305,32.948421478271484,2741463,0.0,0.0,0.0
2025-11-25 00:00:00+02:00,32.948422311057506,33.34472529424115,32.33092909097232,32.718013763427734,878020,0.0,0.0,0.0
2025-11-26 00:00:00+02:00,32.718012418678335,33.08666748603598,31.989920594312398,32.02678680419922,272715,0.0,0.0,0.0
2025-11-27 00:00:00+02:00,32.026787341913405,32.487604425969714,31.90697391564727,32.07286834716797,369383,0.0,0.0,0.0
2025-11-30 00:00:00+02:00,32.07287113849187,32.44152624412336,31.814814674003216,32.045223236083984,229030,0.0,0.0,0.0
2025-12-01 00:00:00+02:00,32.04522279159895,32.441525794141384,31.704219108860908,32.128170013427734,312899,0.0,0.0,0.0
2025-12-02 00:00:00+02:00,32.12817010292617,32.718015452793665,32.257198333740234,32.257198333740234,351732,0.0,0.0,0.0
2025-12-03 00:00:00+02:00,32.25719752242188,32.579768091343894,31.64891908120072,31.6857852935791,306377,0.0,0.0,0.0
2025-12-04 00:00:00+02:00,31.685784966021945,32.17424996984155,30.561390110393667,30.957693099975586,550069,0.0,0.0,0.0
2025-12-07 00:00:00+02:00,30.957692744636805,32.155816494751825,31.059073068587885,31.97148895263672,247011,0.0,0.0,0.0
2025-12-08 00:00:00+02:00,31.971488218153798,32.2571960776564,31.612051452952198,31.66735076904297,268787,0.0,0.0,0.0
2025-12-09 00:00:00+02:00,31.66735218738991,32.00835586250111,31.44615842887516,31.6857852935791,132476,0.0,0.0,0.0
2025-12-10 00:00:00+02:00,31.68578503801579,32.74566226717928,31.722647734341333,32.165035247802734,500876,0.0,0.0,0.0
2025-12-11 00:00:00+02:00,32.16503431424893,32.48760487120698,31.851678552165936,31.98992156982422,282144,0.0,0.0,0.0
2025-12-14 00:00:00+02:00,31.98992190913635,33.15118295801344,32.02678812053842,32.718013763427734,798181,0.0,0.0,0.0
2025-12-15 00:00:00+02:00,32.718012985732265,33.538266833276246,32.90234052260577,33.012935638427734,1762381,0.0,0.0,0.0
2025-12-16 00:00:00+02:00,33.01293689767792,34.0728176383123,33.19726444158243,33.6396484375,1997098,0.0,0.0,0.0
2025-12-17 00:00:00+02:00,33.63964678790118,34.423034416385796,33.63964678790118,34.1004638671875,1576101,0.0,0.0,0.0
2025-12-18 00:00:00+02:00,37.0,35.29999923706055,34.130001068115234,35.20000076293945,1905101,2.899535,0.0,0.0
2025-12-21 00:00:00+02:00,35.20000076293945,35.400001525878906,34.0099983215332,34.29999923706055,516763,0.0,0.0,0.0
2025-12-22 00:00:00+02:00,34.29999923706055,37.599998474121094,34.220001220703125,35.959999084472656,2065731,0.0,0.0,0.0
2025-12-23 00:00:00+02:00,35.959999084472656,36.900001525878906,35.20000076293945,35.599998474121094,1075459,0.0,0.0,0.0
2025-12-24 00:00:00+02:00,35.599998474121094,36.0,34.61000061035156,35.0,500770,0.0,0.0,0.0
2025-12-25 00:00:00+02:00,35.0,35.5,34.83000183105469,34.900001525878906,202868,0.0,0.0,0.0
2025-12-28 00:00:00+02:00,34.900001525878906,36.0,34.650001525878906,35.47999954223633,338093,0.0,0.0,0.0
2025-12-29 00:00:00+02:00,35.47999954223633,35.70000076293945,35.04999923706055,35.209999084472656,182034,0.0,0.0,0.0
2025-12-30 00:00:00+02:00,35.209999084472656,35.599998474121094,34.13999938964844,34.4900016784668,345159,0.0,0.0,0.0
2025-12-31 00:00:00+02:00,34.4900016784668,34.90999984741211,34.0,34.86000061035156,209042,0.0,0.0,0.0
2026-01-04 00:00:00+02:00,34.86000061035156,35.0,34.0,34.29999923706055,208703,0.0,0.0,0.0
2026-01-05 00:00:00+02:00,34.29999923706055,34.4900016784668,32.5,32.529998779296875,317267,0.0,0.0,0.0
2026-01-06 00:00:00+02:00,32.529998779296875,34.900001525878906,32.70000076293945,34.29999923706055,1007269,0.0,0.0,0.0
2026-01-08 00:00:00+02:00,34.29999923706055,34.779998779296875,33.349998474121094,33.90999984741211,148391,0.0,0.0,0.0
2026-01-11 00:00:00+02:00,33.90999984741211,34.0,32.75,33.0,507998,0.0,0.0,0.0
2026-01-12 00:00:00+02:00,33.0,33.36000061035156,32.599998474121094,32.7599983215332,99344,0.0,0.0,0.0
2026-01-13 00:00:00+02:00,32.7599983215332,33.119998931884766,32.04999923706055,32.22999954223633,269802,0.0,0.0,0.0
2026-01-14 00:00:00+02:00,32.22999954223633,32.22999954223633,30.729999542236328,31.229999542236328,154430,0.0,0.0,0.0
2026-01-15 00:00:00+02:00,31.229999542236328,31.649999618530273,29.520000457763672,29.56999969482422,279168,0.0,0.0,0.0
2026-01-18 00:00:00+02:00,29.56999969482422,32.869998931884766,30.399999618530273,31.0,683366,0.0,0.0,0.0
2026-01-19 00:00:00+02:00,31.0,31.790000915527344,30.860000610351562,31.329999923706055,494557,0.0,0.0,0.0
2026-01-20 00:00:00+02:00,31.329999923706055,31.579999923706055,31.049999237060547,31.260000228881836,226870,0.0,0.0,0.0
2026-01-21 00:00:00+02:00,31.260000228881836,32.5,30.68000030517578,31.290000915527344,1082764,0.0,0.0,0.0
2026-01-22 00:00:00+02:00,31.290000915527344,32.11000061035156,31.290000915527344,31.5,956476,0.0,0.0,0.0
2026-01-25 00:00:00+02:00,31.5,32.29999923706055,31.329999923706055,31.559999465942383,537528,0.0,0.0,0.0
2026-01-26 00:00:00+02:00,31.559999465942383,31.969999313354492,31.010000228881836,31.1299991607666,251878,0.0,0.0,0.0
2026-01-27 00:00:00+02:00,31.1299991607666,31.799999237060547,31.110000610351562,31.399999618530273,329219,0.0,0.0,0.0
2026-01-28 00:00:00+02:00,31.399999618530273,31.75,30.110000610351562,30.860000610351562,348795,0.0,0.0,0.0
2026-02-01 00:00:00+02:00,30.860000610351562,31.280000686645508,30.0,30.770000457763672,239436,0.0,0.0,0.0
2026-02-02 00:00:00+02:00,30.770000457763672,31.690000534057617,30.600000381469727,31.399999618530273,212770,0.0,0.0,0.0
2026-02-03 00:00:00+02:00,31.399999618530273,33.0,31.5,32.65999984741211,793237,0.0,0.0,0.0
2026-02-04 00:00:00+02:00,32.65999984741211,35.0,32.720001220703125,34.0,1538696,0.0,0.0,0.0
