Date,Open,High,Low,Close,Volume,Dividends,Stock Splits,Capital Gains
2021-01-03 00:00:00+02:00,8.127777099609375,8.127777099609375,8.005555152893066,8.061111450195312,712584,0.0,0.0,0.0
2021-01-04 00:00:00+02:00,8.061111450195312,8.133333206176758,7.94999885559082,8.016666412353516,3147634,0.0,0.0,0.0
2021-01-05 00:00:00+02:00,8.016666412353516,8.11111068725586,7.999999046325684,8.04444408416748,3152718,0.0,0.0,0.0
2021-01-06 00:00:00+02:00,8.04444408416748,8.333333015441895,8.11111068725586,8.255555152893066,9668556,0.0,0.0,0.0
2021-01-10 00:00:00+02:00,8.255555152893066,8.86111068725586,8.461111068725586,8.677777290344238,9424828,0.0,0.0,0.0
2021-01-11 00:00:00+02:00,8.677777290344238,8.783332824707031,8.527776718139648,8.616665840148926,4672954,0.0,0.0,0.0
2021-01-12 00:00:00+02:00,8.616665840148926,8.722222328186035,8.499999046325684,8.633333206176758,2312773,0.0,0.0,0.0
2021-01-13 00:00:00+02:00,8.633333206176758,8.777776718139648,8.527776718139648,8.644444465637207,4013866,0.0,0.0,0.0
2021-01-14 00:00:00+02:00,8.644444465637207,8.694443702697754,8.55555534362793,8.616665840148926,962782,0.0,0.0,0.0
2021-01-17 00:00:00+02:00,8.616665840148926,8.80555534362793,8.572221755981445,8.683333396911621,2429670,0.0,0.0,0.0
2021-01-18 00:00:00+02:00,8.683333396911621,8.722222328186035,8.61111068725586,8.661110877990723,1728545,0.0,0.0,0.0
2021-01-19 00:00:00+02:00,8.661110877990723,8.827776908874512,8.572221755981445,8.755555152893066,2502651,0.0,0.0,0.0
2021-01-20 00:00:00+02:00,8.755555152893066,8.933333396911621,8.749999046325684,8.86111068725586,2642310,0.0,0.0,0.0
2021-01-21 00:00:00+02:00,8.86111068725586,8.944443702697754,8.755555152893066,8.86111068725586,2396982,0.0,0.0,0.0
2021-01-24 00:00:00+02:00,8.86111068725586,8.799999237060547,8.666666030883789,8.727776527404785,1051455,0.0,0.0,0.0
2021-01-25 00:00:00+02:00,8.727776527404785,8.727776527404785,8.727776527404785,8.727776527404785,0,0.0,0.0,0.0
2021-01-26 00:00:00+02:00,8.788887977600098,8.816665649414062,8.666666030883789,8.755555152893066,1534993,0.0,0.0,0.0
2021-01-27 00:00:00+02:00,8.755555152893066,8.888888359069824,8.727776527404785,8.777776718139648,1778895,0.0,0.0,0.0
2021-01-31 00:00:00+02:00,8.777776718139648,8.777776718139648,8.677777290344238,8.722222328186035,674348,0.0,0.0,0.0
2021-02-01 00:00:00+02:00,8.722222328186035,8.90555477142334,8.705554962158203,8.816665649414062,1691251,0.0,0.0,0.0
2021-02-02 00:00:00+02:00,8.816665649414062,8.833333015441895,8.76111125946045,8.79444408416748,846813,0.0,0.0,0.0
2021-02-03 00:00:00+02:00,8.79444408416748,8.827776908874512,8.638888359069824,8.705554962158203,2744337,0.0,0.0,0.0
2021-02-04 00:00:00+02:00,8.705554962158203,8.683333396911621,8.399998664855957,8.499999046325684,2170911,0.0,0.0,0.0
2021-02-07 00:00:00+02:00,8.499999046325684,8.694443702697754,8.477776527404785,8.561111450195312,1164654,0.0,0.0,0.0
2021-02-08 00:00:00+02:00,8.561111450195312,8.855554580688477,8.51111125946045,8.722222328186035,7522603,0.0,0.0,0.0
2021-02-09 00:00:00+02:00,8.722222328186035,8.783332824707031,8.622221946716309,8.755555152893066,963313,0.0,0.0,0.0
2021-02-10 00:00:00+02:00,8.755555152893066,8.833333015441895,8.722222328186035,8.79444408416748,5264521,0.0,0.0,0.0
2021-02-11 00:00:00+02:00,8.79444408416748,8.833333015441895,8.722222328186035,8.772221565246582,674559,0.0,0.0,0.0
2021-02-14 00:00:00+02:00,8.772221565246582,8.838888168334961,8.749999046325684,8.816665649414062,3485122,0.0,0.0,0.0
2021-02-15 00:00:00+02:00,8.816665649414062,8.80555534362793,8.738887786865234,8.766666412353516,268399,0.0,0.0,0.0
2021-02-16 00:00:00+02:00,8.766666412353516,8.788887977600098,8.722222328186035,8.733332633972168,784881,0.0,0.0,0.0
2021-02-17 00:00:00+02:00,8.733332633972168,8.777776718139648,8.633333206176758,8.677777290344238,727457,0.0,0.0,0.0
2021-02-18 00:00:00+02:00,8.677777290344238,8.716666221618652,8.616665840148926,8.644444465637207,563139,0.0,0.0,0.0
2021-02-21 00:00:00+02:00,8.644444465637207,8.649998664855957,8.55555534362793,8.583333015441895,1108506,0.0,0.0,0.0
2021-02-22 00:00:00+02:00,8.583333015441895,8.722222328186035,8.505555152893066,8.616665840148926,1322298,0.0,0.0,0.0
2021-02-23 00:00:00+02:00,8.616665840148926,8.666666030883789,8.55555534362793,8.594444274902344,868181,0.0,0.0,0.0
2021-02-24 00:00:00+02:00,8.594444274902344,8.61111068725586,8.499999046325684,8.54444408416748,1145520,0.0,0.0,0.0
2021-02-25 00:00:00+02:00,8.54444408416748,8.772221565246582,8.605554580688477,8.666666030883789,1684429,0.0,0.0,0.0
2021-02-28 00:00:00+02:00,8.666666030883789,8.722222328186035,8.472222328186035,8.566665649414062,1615638,0.0,0.0,0.0
2021-03-01 00:00:00+02:00,8.566665649414062,8.59999942779541,8.427777290344238,8.549999237060547,1631296,0.0,0.0,0.0
2021-03-02 00:00:00+02:00,8.549999237060547,8.61111068725586,8.455554962158203,8.505555152893066,689733,0.0,0.0,0.0
2021-03-03 00:00:00+02:00,8.505555152893066,8.455554962158203,8.227776527404785,8.322221755981445,3758842,0.0,0.0,0.0
2021-03-04 00:00:00+02:00,8.322221755981445,8.322221755981445,8.322221755981445,8.322221755981445,0,0.0,0.0,0.0
2021-03-07 00:00:00+02:00,8.327776908874512,8.333333015441895,8.283332824707031,8.316665649414062,1098079,0.0,0.0,0.0
2021-03-08 00:00:00+02:00,8.316665649414062,8.383333206176758,8.138888359069824,8.19999885559082,1602700,0.0,0.0,0.0
2021-03-09 00:00:00+02:00,8.19999885559082,8.166666030883789,7.944444179534912,8.066665649414062,1113289,0.0,0.0,0.0
2021-03-10 00:00:00+02:00,8.066665649414062,8.266666412353516,7.999999046325684,8.144444465637207,4218134,0.0,0.0,0.0
2021-03-11 00:00:00+02:00,8.144444465637207,8.166666030883789,8.066665649414062,8.122221946716309,1016622,0.0,0.0,0.0
2021-03-14 00:00:00+02:00,8.122221946716309,8.11111068725586,7.999999046325684,8.077776908874512,626256,0.0,0.0,0.0
2021-03-15 00:00:00+02:00,8.077776908874512,8.166666030883789,7.92777681350708,8.01111125946045,1653710,0.0,0.0,0.0
2021-03-16 00:00:00+02:00,8.01111125946045,8.11111068725586,7.888887882232666,8.01111125946045,1999053,0.0,0.0,0.0
2021-03-17 00:00:00+02:00,8.01111125946045,8.105554580688477,7.861111164093018,7.955554962158203,1313740,0.0,0.0,0.0
2021-03-18 00:00:00+02:00,7.955554962158203,8.05555534362793,7.888887882232666,7.983333110809326,1113514,0.0,0.0,0.0
2021-03-21 00:00:00+02:00,7.983333110809326,8.166666030883789,7.838888168334961,7.961111068725586,406524,0.0,0.0,0.0
2021-03-22 00:00:00+02:00,7.961111068725586,7.916666030883789,7.561110973358154,7.8055548667907715,2841150,0.0,0.0,0.0
2021-03-23 00:00:00+02:00,7.8055548667907715,7.888887882232666,7.616665840148926,7.755555152893066,2889097,0.0,0.0,0.0
2021-03-24 00:00:00+02:00,7.755555152893066,7.911110877990723,7.666666030883789,7.744443893432617,1146205,0.0,0.0,0.0
2021-03-25 00:00:00+02:00,7.744443893432617,7.861111164093018,7.611111164093018,7.77222204208374,3171796,0.0,0.0,0.0
2021-03-28 00:00:00+02:00,7.77222204208374,7.916666030883789,7.749999046325684,7.838888168334961,1175031,0.0,0.0,0.0
2021-03-29 00:00:00+02:00,7.838888168334961,8.194443702697754,7.944444179534912,8.072221755981445,3574846,0.0,0.0,0.0
2021-03-30 00:00:00+02:00,8.072221755981445,8.244443893432617,8.11111068725586,8.127777099609375,1131780,0.0,0.0,0.0
2021-03-31 00:00:00+02:00,8.127777099609375,8.122221946716309,7.999999046325684,8.083333015441895,2787825,0.0,0.0,0.0
2021-04-01 00:00:00+02:00,8.083333015441895,8.188887596130371,8.072221755981445,8.122221946716309,804430,0.0,0.0,0.0
2021-04-04 00:00:00+02:00,8.122221946716309,8.138888359069824,7.899999141693115,8.05555534362793,398048,0.0,0.0,0.0
2021-04-05 00:00:00+02:00,8.05555534362793,8.11111068725586,7.783332824707031,7.933332920074463,910526,0.0,0.0,0.0
2021-04-06 00:00:00+02:00,7.933332920074463,8.05555534362793,7.894443988800049,7.955554962158203,2893681,0.0,0.0,0.0
2021-04-07 00:00:00+02:00,7.955554962158203,7.999999046325684,7.861111164093018,7.933332920074463,1290358,0.0,0.0,0.0
2021-04-08 00:00:00+02:00,7.933332920074463,8.105554580688477,7.988887786865234,7.999999046325684,1399044,0.0,0.0,0.0
2021-04-11 00:00:00+02:00,7.999999046325684,8.11111068725586,7.888887882232666,8.072221755981445,865258,0.0,0.0,0.0
2021-04-12 00:00:00+02:00,8.072221755981445,8.166666030883789,7.999999046325684,8.066665649414062,657858,0.0,0.0,0.0
2021-04-13 00:00:00+02:00,8.066665649414062,8.05555534362793,7.888887882232666,7.961111068725586,657120,0.0,0.0,0.0
2021-04-14 00:00:00+02:00,7.961111068725586,8.05555534362793,7.627777099609375,7.777777194976807,3078298,0.0,0.0,0.0
2021-04-15 00:00:00+02:00,7.777777194976807,7.999999046325684,7.611111164093018,7.722221851348877,811477,0.0,0.0,0.0
2021-04-18 00:00:00+02:00,7.722221851348877,7.816666126251221,7.727777004241943,7.777777194976807,1811340,0.0,0.0,0.0
2021-04-19 00:00:00+02:00,7.777777194976807,7.883333206176758,7.672222137451172,7.766665935516357,1033817,0.0,0.0,0.0
2021-04-20 00:00:00+02:00,7.766665935516357,8.05555534362793,7.8333330154418945,7.994443893432617,1565568,0.0,0.0,0.0
2021-04-21 00:00:00+02:00,7.994443893432617,8.05555534362793,7.916666030883789,7.961111068725586,577972,0.0,0.0,0.0
2021-04-22 00:00:00+02:00,7.961111068725586,7.999999046325684,7.94999885559082,7.983333110809326,1129410,0.0,0.0,0.0
2021-04-25 00:00:00+02:00,7.983333110809326,8.027776718139648,7.944444179534912,7.961111068725586,129108,0.0,0.0,0.0
2021-04-26 00:00:00+02:00,7.961111068725586,7.972221851348877,7.872221946716309,7.938888072967529,225304,0.0,0.0,0.0
2021-04-27 00:00:00+02:00,7.938888072967529,7.894443988800049,7.8333330154418945,7.866665840148926,258852,0.0,0.0,0.0
2021-04-28 00:00:00+02:00,7.866665840148926,7.888887882232666,7.777777194976807,7.8055548667907715,203913,0.0,0.0,0.0
2021-05-04 00:00:00+02:00,7.8055548667907715,7.866665840148926,7.8055548667907715,7.827776908874512,405559,0.0,0.0,0.0
2021-05-05 00:00:00+02:00,7.827776908874512,7.972221851348877,7.811110973358154,7.855555057525635,1217601,0.0,0.0,0.0
2021-05-06 00:00:00+02:00,7.855555057525635,7.888887882232666,7.8055548667907715,7.827776908874512,885079,0.0,0.0,0.0
2021-05-09 00:00:00+02:00,7.827776908874512,7.938888072967529,7.8055548667907715,7.855555057525635,322705,0.0,0.0,0.0
2021-05-10 00:00:00+02:00,7.855555057525635,7.933332920074463,7.811110973358154,7.838888168334961,520768,0.0,0.0,0.0
2021-05-11 00:00:00+02:00,7.838888168334961,7.944444179534912,7.7944440841674805,7.849998950958252,1155987,0.0,0.0,0.0
2021-05-17 00:00:00+02:00,7.849998950958252,7.888887882232666,7.744443893432617,7.816666126251221,1086492,0.0,0.0,0.0
2021-05-18 00:00:00+02:00,7.816666126251221,7.972221851348877,7.777777194976807,7.894443988800049,1866256,0.0,0.0,0.0
2021-05-19 00:00:00+02:00,7.894443988800049,8.09999942779541,7.888887882232666,8.01111125946045,4028900,0.0,0.0,0.0
2021-05-20 00:00:00+02:00,8.01111125946045,8.499999046325684,8.05555534362793,8.177777290344238,5577249,0.0,0.0,0.0
2021-05-23 00:00:00+02:00,8.177777290344238,8.222222328186035,8.066665649414062,8.166666030883789,679683,0.0,0.0,0.0
2021-05-24 00:00:00+02:00,8.166666030883789,8.194443702697754,7.888887882232666,7.977777004241943,993776,0.0,0.0,0.0
2021-05-25 00:00:00+02:00,7.977777004241943,8.027776718139648,7.811110973358154,7.861111164093018,1111851,0.0,0.0,0.0
2021-05-26 00:00:00+02:00,7.861111164093018,7.961111068725586,7.777777194976807,7.816666126251221,795965,0.0,0.0,0.0
2021-05-27 00:00:00+02:00,7.816666126251221,7.894443988800049,7.744443893432617,7.799999237060547,2448775,0.0,0.0,0.0
2021-05-30 00:00:00+02:00,7.799999237060547,7.861111164093018,7.649999141693115,7.69999885559082,3140073,0.0,0.0,0.0
2021-05-31 00:00:00+02:00,7.69999885559082,7.777777194976807,7.611111164093018,7.661110877990723,1004720,0.0,0.0,0.0
2021-06-01 00:00:00+02:00,7.661110877990723,7.827776908874512,7.577776908874512,7.733333110809326,533311,0.0,0.0,0.0
2021-06-02 00:00:00+02:00,7.733333110809326,7.722221851348877,7.527777194976807,7.622221946716309,1037932,0.0,0.0,0.0
2021-06-03 00:00:00+02:00,7.622221946716309,7.666666030883789,7.388887882232666,7.516665935516357,1688725,0.0,0.0,0.0
2021-06-06 00:00:00+02:00,7.516665935516357,7.811110973358154,7.527777194976807,7.716666221618652,2628586,0.0,0.0,0.0
2021-06-07 00:00:00+02:00,7.716666221618652,7.8055548667907715,7.666666030883789,7.716666221618652,1232060,0.0,0.0,0.0
2021-06-08 00:00:00+02:00,7.716666221618652,7.694444179534912,7.483333110809326,7.5444440841674805,1084235,0.0,0.0,0.0
2021-06-09 00:00:00+02:00,7.5444440841674805,7.711111068725586,7.499999046325684,7.588888168334961,443064,0.0,0.0,0.0
2021-06-10 00:00:00+02:00,7.588888168334961,7.5833330154418945,7.499999046325684,7.52222204208374,1050121,0.0,0.0,0.0
2021-06-13 00:00:00+02:00,7.52222204208374,7.5833330154418945,7.40555477142334,7.466666221618652,984214,0.0,0.0,0.0
2021-06-14 00:00:00+02:00,7.466666221618652,7.638887882232666,7.366665840148926,7.549999237060547,415918,0.0,0.0,0.0
2021-06-15 00:00:00+02:00,7.549999237060547,7.611111164093018,7.388887882232666,7.433332920074463,1379196,0.0,0.0,0.0
2021-06-16 00:00:00+02:00,7.433332920074463,7.499999046325684,7.361111164093018,7.416666030883789,2276240,0.0,0.0,0.0
2021-06-17 00:00:00+02:00,7.416666030883789,7.416666030883789,7.222221851348877,7.316666126251221,2456134,0.0,0.0,0.0
2021-06-20 00:00:00+02:00,7.316666126251221,7.3333330154418945,7.194444179534912,7.277777194976807,603109,0.0,0.0,0.0
2021-06-21 00:00:00+02:00,7.277777194976807,7.5555548667907715,7.3222222328186035,7.483333110809326,3061031,0.0,0.0,0.0
2021-06-22 00:00:00+02:00,7.483333110809326,7.749999046325684,7.44999885559082,7.5722222328186035,1748752,0.0,0.0,0.0
2021-06-23 00:00:00+02:00,7.5722222328186035,7.722221851348877,7.488887786865234,7.5944437980651855,4329291,0.0,0.0,0.0
2021-06-24 00:00:00+02:00,7.5944437980651855,7.605555057525635,7.444444179534912,7.488887786865234,2360280,0.0,0.0,0.0
2021-06-27 00:00:00+02:00,7.488887786865234,7.5555548667907715,7.444444179534912,7.483333110809326,2073828,0.0,0.0,0.0
2021-06-28 00:00:00+02:00,7.483333110809326,7.505555152893066,7.3444437980651855,7.422222137451172,1739908,0.0,0.0,0.0
2021-06-29 00:00:00+02:00,7.422222137451172,7.394443988800049,7.222221851348877,7.283332824707031,2066005,0.0,0.0,0.0
2021-06-30 00:00:00+02:00,7.283332824707031,7.605555057525635,7.288887977600098,7.366665840148926,716414,0.0,0.0,0.0
2021-07-04 00:00:00+02:00,7.366665840148926,7.611111164093018,7.388887882232666,7.52222204208374,1159781,0.0,0.0,0.0
2021-07-05 00:00:00+02:00,7.52222204208374,7.5444440841674805,7.422222137451172,7.477777004241943,1202052,0.0,0.0,0.0
2021-07-06 00:00:00+02:00,7.477777004241943,7.361111164093018,7.222221851348877,7.277777194976807,1935541,0.0,0.0,0.0
2021-07-07 00:00:00+02:00,7.277777194976807,7.416666030883789,7.283332824707031,7.3444437980651855,2466385,0.0,0.0,0.0
2021-07-08 00:00:00+02:00,7.3444437980651855,7.40555477142334,7.172222137451172,7.249999046325684,1135396,0.0,0.0,0.0
2021-07-11 00:00:00+02:00,7.249999046325684,7.3055548667907715,7.088888168334961,7.17777681350708,1015376,0.0,0.0,0.0
2021-07-12 00:00:00+02:00,7.17777681350708,7.483333110809326,7.222221851348877,7.416666030883789,1761193,0.0,0.0,0.0
2021-07-13 00:00:00+02:00,7.416666030883789,7.549999237060547,7.388887882232666,7.466666221618652,1285903,0.0,0.0,0.0
2021-07-14 00:00:00+02:00,7.466666221618652,7.611111164093018,7.394443988800049,7.488887786865234,5196389,0.0,0.0,0.0
2021-07-15 00:00:00+02:00,7.488887786865234,7.527777194976807,7.399999141693115,7.477777004241943,1319076,0.0,0.0,0.0
2021-07-18 00:00:00+02:00,7.477777004241943,7.499999046325684,7.444444179534912,7.477777004241943,1324089,0.0,0.0,0.0
2021-07-25 00:00:00+02:00,7.477777004241943,7.638887882232666,7.499999046325684,7.577776908874512,2544872,0.0,0.0,0.0
2021-07-26 00:00:00+02:00,7.577999114990234,7.7733330726623535,7.533332824707031,7.646666049957275,2098182,0.0,1.2,0.0
2021-07-27 00:00:00+02:00,7.646666049957275,7.793333053588867,7.633333206176758,7.686666011810303,10622352,0.0,0.0,0.0
2021-07-28 00:00:00+02:00,7.686666011810303,7.8333330154418945,7.679998874664307,7.786665916442871,1423579,0.0,0.0,0.0
2021-07-29 00:00:00+02:00,7.786665916442871,7.866665840148926,7.633333206176758,7.733333110809326,899584,0.0,0.0,0.0
2021-08-01 00:00:00+02:00,7.733333110809326,7.733333110809326,7.646666049957275,7.69999885559082,470731,0.0,0.0,0.0
2021-08-02 00:00:00+02:00,7.69999885559082,7.766665935516357,7.586666107177734,7.646666049957275,1318287,0.0,0.0,0.0
2021-08-03 00:00:00+02:00,7.646666049957275,7.666666030883789,7.566666126251221,7.606666088104248,1235626,0.0,0.0,0.0
2021-08-04 00:00:00+02:00,7.606666088104248,7.75333309173584,7.566666126251221,7.686666011810303,1525534,0.0,0.0,0.0
2021-08-05 00:00:00+02:00,7.686666011810303,7.719998836517334,7.586666107177734,7.626666069030762,1027621,0.0,0.0,0.0
2021-08-08 00:00:00+02:00,7.626666069030762,7.626666069030762,7.626666069030762,7.626666069030762,0,0.0,0.0,0.0
2021-08-09 00:00:00+02:00,7.626666069030762,7.626666069030762,7.626666069030762,7.626666069030762,0,0.0,0.0,0.0
2021-08-10 00:00:00+02:00,7.566666126251221,7.613333225250244,7.493332862854004,7.559998989105225,1218892,0.0,0.0,0.0
2021-08-11 00:00:00+02:00,7.559998989105225,7.606666088104248,7.47999906539917,7.513332843780518,670162,0.0,0.0,0.0
2021-08-15 00:00:00+02:00,7.513332843780518,7.719998836517334,7.499999046325684,7.673333168029785,2096869,0.0,0.0,0.0
2021-08-16 00:00:00+02:00,7.673333168029785,7.846665859222412,7.666666030883789,7.786665916442871,2489527,0.0,0.0,0.0
2021-08-17 00:00:00+02:00,7.786665916442871,7.8199992179870605,7.686666011810303,7.72666597366333,782350,0.0,0.0,0.0
2021-08-18 00:00:00+02:00,7.72666597366333,7.799999237060547,7.639998912811279,7.69999885559082,315087,0.0,0.0,0.0
2021-08-19 00:00:00+02:00,7.69999885559082,7.733333110809326,7.599998950958252,7.686666011810303,2238516,0.0,0.0,0.0
2021-08-22 00:00:00+02:00,7.686666011810303,7.706665992736816,7.606666088104248,7.646666049957275,94066,0.0,0.0,0.0
2021-08-23 00:00:00+02:00,7.646666049957275,7.766665935516357,7.613333225250244,7.693333148956299,1011646,0.0,0.0,0.0
2021-08-24 00:00:00+02:00,7.693333148956299,7.7733330726623535,7.69999885559082,7.72666597366333,1697100,0.0,0.0,0.0
2021-08-25 00:00:00+02:00,7.72666597366333,7.919999122619629,7.733333110809326,7.853332996368408,3118255,0.0,0.0,0.0
2021-08-26 00:00:00+02:00,7.853332996368408,8.299999237060547,7.919999122619629,8.133333206176758,5917024,0.0,0.0,0.0
2021-08-29 00:00:00+02:00,8.133333206176758,8.219999313354492,7.999999046325684,8.079998970031738,1915086,0.0,0.0,0.0
2021-08-30 00:00:00+02:00,8.079998970031738,8.586666107177734,8.073332786560059,8.353333473205566,5307363,0.0,0.0,0.0
2021-08-31 00:00:00+02:00,8.353333473205566,8.466666221618652,8.133333206176758,8.313332557678223,4735834,0.0,0.0,0.0
2021-09-01 00:00:00+02:00,8.313332557678223,8.59999942779541,8.333333015441895,8.466666221618652,3788542,0.0,0.0,0.0
2021-09-02 00:00:00+02:00,8.466666221618652,8.659998893737793,8.406665802001953,8.579998970031738,3349027,0.0,0.0,0.0
2021-09-05 00:00:00+02:00,8.579998970031738,8.619998931884766,8.233332633972168,8.293333053588867,1947180,0.0,0.0,0.0
2021-09-06 00:00:00+02:00,8.293333053588867,8.353333473205566,7.933332920074463,8.293333053588867,4792614,0.0,0.0,0.0
2021-09-07 00:00:00+02:00,8.293333053588867,8.386666297912598,8.233332633972168,8.34666633605957,1714801,0.0,0.0,0.0
2021-09-08 00:00:00+02:00,8.34666633605957,8.339999198913574,8.226666450500488,8.279998779296875,1559779,0.0,0.0,0.0
2021-09-09 00:00:00+02:00,8.279998779296875,8.333333015441895,8.09999942779541,8.146665573120117,1520928,0.0,0.0,0.0
2021-09-12 00:00:00+02:00,8.146665573120117,8.19999885559082,8.066665649414062,8.119998931884766,733141,0.0,0.0,0.0
2021-09-13 00:00:00+02:00,8.119998931884766,8.319998741149902,8.086666107177734,8.25999927520752,464850,0.0,0.0,0.0
2021-09-14 00:00:00+02:00,8.25999927520752,8.513333320617676,8.213333129882812,8.373332977294922,1213783,0.0,0.0,0.0
2021-09-15 00:00:00+02:00,8.373332977294922,8.499999046325684,8.273332595825195,8.353333473205566,750351,0.0,0.0,0.0
2021-09-16 00:00:00+02:00,8.353333473205566,8.526665687561035,8.35999870300293,8.526665687561035,1277068,0.0,0.0,0.0
2021-09-19 00:00:00+02:00,8.526665687561035,8.526665687561035,8.233332633972168,8.286665916442871,270147,0.0,0.0,0.0
2021-09-20 00:00:00+02:00,8.286665916442871,8.333333015441895,7.999999046325684,8.059999465942383,1331662,0.0,0.0,0.0
2021-09-21 00:00:00+02:00,8.059999465942383,8.119998931884766,7.806665897369385,8.066665649414062,2624479,0.0,0.0,0.0
2021-09-22 00:00:00+02:00,8.066665649414062,8.19999885559082,7.999999046325684,8.133333206176758,508074,0.0,0.0,0.0
2021-09-23 00:00:00+02:00,8.133333206176758,8.233332633972168,8.10666561126709,8.186665534973145,749979,0.0,0.0,0.0
2021-09-26 00:00:00+02:00,8.186665534973145,8.266666412353516,8.126666069030762,8.179999351501465,192060,0.0,0.0,0.0
2021-09-27 00:00:00+02:00,8.179999351501465,8.19999885559082,7.999999046325684,8.026665687561035,625981,0.0,0.0,0.0
2021-09-28 00:00:00+02:00,8.026665687561035,8.159998893737793,7.939999103546143,7.97333288192749,835407,0.0,0.0,0.0
2021-09-29 00:00:00+02:00,7.97333288192749,7.97333288192749,7.97333288192749,7.97333288192749,0,0.0,0.0,0.0
2021-09-30 00:00:00+02:00,7.999999046325684,8.146665573120117,7.993332862854004,8.10666561126709,1150413,0.0,0.0,0.0
2021-10-03 00:00:00+02:00,8.10666561126709,8.19999885559082,7.8333330154418945,7.9466657638549805,1216732,0.0,0.0,0.0
2021-10-04 00:00:00+02:00,7.9466657638549805,7.999999046325684,7.793333053588867,7.839999198913574,1129747,0.0,0.0,0.0
2021-10-05 00:00:00+02:00,7.839999198913574,7.926665782928467,7.733333110809326,7.793333053588867,1006135,0.0,0.0,0.0
2021-10-06 00:00:00+02:00,7.793333053588867,7.8866658210754395,7.799999237060547,7.826665878295898,1309281,0.0,0.0,0.0
2021-10-10 00:00:00+02:00,7.826665878295898,7.953332901000977,7.799999237060547,7.826665878295898,1093734,0.0,0.0,0.0
2021-10-11 00:00:00+02:00,7.826665878295898,7.9466657638549805,7.8333330154418945,7.899999141693115,709309,0.0,0.0,0.0
2021-10-12 00:00:00+02:00,7.899999141693115,8.066665649414062,7.8933329582214355,7.993332862854004,602031,0.0,0.0,0.0
2021-10-13 00:00:00+02:00,7.993332862854004,8.233332633972168,7.999999046325684,8.139999389648438,1544286,0.0,0.0,0.0
2021-10-14 00:00:00+02:00,8.139999389648438,8.19999885559082,8.053333282470703,8.079998970031738,464499,0.0,0.0,0.0
2021-10-17 00:00:00+02:00,8.079998970031738,8.313332557678223,8.09999942779541,8.266666412353516,1458690,0.0,0.0,0.0
2021-10-18 00:00:00+02:00,8.266666412353516,8.266666412353516,8.266666412353516,8.266666412353516,0,0.0,0.0,0.0
2021-10-19 00:00:00+02:00,8.333333015441895,8.399998664855957,8.206665992736816,8.233332633972168,1779450,0.0,0.0,0.0
2021-10-20 00:00:00+02:00,8.233332633972168,8.273332595825195,8.09999942779541,8.219999313354492,1852774,0.0,0.0,0.0
2021-10-24 00:00:00+02:00,8.219999313354492,8.313332557678223,8.166666030883789,8.19999885559082,589524,0.0,0.0,0.0
2021-10-25 00:00:00+02:00,8.19999885559082,8.386666297912598,8.133333206176758,8.226666450500488,6040666,0.0,0.0,0.0
2021-10-26 00:00:00+02:00,8.226666450500488,8.50666618347168,8.213333129882812,8.226666450500488,3537568,0.0,0.0,0.0
2021-10-27 00:00:00+02:00,8.226666450500488,8.313332557678223,8.153332710266113,8.25999927520752,370377,0.0,0.0,0.0
2021-10-28 00:00:00+02:00,8.25999927520752,8.34666633605957,8.233332633972168,8.279998779296875,1284586,0.0,0.0,0.0
2021-10-31 00:00:00+02:00,8.279998779296875,8.326665878295898,8.206665992736816,8.25333309173584,803379,0.0,0.0,0.0
2021-11-01 00:00:00+02:00,8.25333309173584,8.59999942779541,8.25333309173584,8.533332824707031,6833743,0.0,0.0,0.0
2021-11-02 00:00:00+02:00,8.533332824707031,8.799999237060547,8.533332824707031,8.706665992736816,6606441,0.0,0.0,0.0
2021-11-03 00:00:00+02:00,8.706665992736816,8.739998817443848,8.50666618347168,8.706665992736816,5469165,0.0,0.0,0.0
2021-11-04 00:00:00+02:00,8.706665992736816,8.726666450500488,8.573332786560059,8.633333206176758,1275636,0.0,0.0,0.0
2021-11-07 00:00:00+02:00,8.633333206176758,8.633333206176758,8.633333206176758,8.633333206176758,0,0.0,0.0,0.0
2021-11-08 00:00:00+02:00,8.633333206176758,8.633333206176758,8.633333206176758,8.633333206176758,0,0.0,0.0,0.0
2021-11-09 00:00:00+02:00,8.633333206176758,8.633333206176758,8.633333206176758,8.633333206176758,0,0.0,0.0,0.0
2021-11-10 00:00:00+02:00,8.566665649414062,8.59999942779541,8.366665840148926,8.44666576385498,841270,0.0,0.0,0.0
2021-11-11 00:00:00+02:00,8.44666576385498,8.59999942779541,8.44666576385498,8.519998550415039,573982,0.0,0.0,0.0
2021-11-14 00:00:00+02:00,8.519998550415039,8.726666450500488,8.479998588562012,8.666666030883789,638908,0.0,0.0,0.0
2021-11-15 00:00:00+02:00,8.666666030883789,8.766666412353516,8.579998970031738,8.60666561126709,3615525,0.0,0.0,0.0
2021-11-16 00:00:00+02:00,8.60666561126709,8.633333206176758,8.499999046325684,8.60666561126709,1694299,0.0,0.0,0.0
2021-11-17 00:00:00+02:00,8.60666561126709,8.653332710266113,8.366665840148926,8.50666618347168,4564432,0.0,0.0,0.0
2021-11-18 00:00:00+02:00,8.50666618347168,8.50666618347168,8.50666618347168,8.50666618347168,0,0.0,0.0,0.0
2021-11-21 00:00:00+02:00,8.426666259765625,8.59333324432373,8.466666221618652,8.499999046325684,1189611,0.0,0.0,0.0
2021-11-22 00:00:00+02:00,8.056666374206543,8.533332824707031,8.406665802001953,8.533332824707031,1347271,0.0,0.0,0.0
2021-11-23 00:00:00+02:00,8.533332824707031,8.533332824707031,8.533332824707031,8.533332824707031,0,0.0,0.0,0.0
2021-11-24 00:00:00+02:00,8.533332824707031,8.533332824707031,8.533332824707031,8.533332824707031,0,0.0,0.0,0.0
2021-11-25 00:00:00+02:00,9.246665954589844,9.459999084472656,9.166666030883789,9.339999198913574,10152160,0.0,0.0,0.0
2021-11-28 00:00:00+02:00,9.339999198913574,9.339999198913574,9.339999198913574,9.339999198913574,0,0.0,0.0,0.0
2021-11-29 00:00:00+02:00,9.19999885559082,9.306666374206543,9.066665649414062,9.126666069030762,1242910,0.0,0.0,0.0
2021-11-30 00:00:00+02:00,9.126666069030762,9.126666069030762,9.126666069030762,9.126666069030762,0,0.0,0.0,0.0
2021-12-01 00:00:00+02:00,9.126666069030762,9.126666069030762,9.126666069030762,9.126666069030762,0,0.0,0.0,0.0
2021-12-02 00:00:00+02:00,9.479998588562012,9.59333324432373,9.353333473205566,9.399998664855957,972705,0.0,0.0,0.0
2021-12-05 00:00:00+02:00,9.399998664855957,9.673333168029785,9.399998664855957,9.553333282470703,4193532,0.0,0.0,0.0
2021-12-06 00:00:00+02:00,9.553333282470703,9.799999237060547,9.533332824707031,9.646665573120117,3203781,0.0,0.0,0.0
2021-12-07 00:00:00+02:00,9.646665573120117,9.793333053588867,9.566665649414062,9.566665649414062,2075404,0.0,0.0,0.0
2021-12-08 00:00:00+02:00,9.566665649414062,9.799999237060547,9.539999008178711,9.739998817443848,1683568,0.0,0.0,0.0
2021-12-09 00:00:00+02:00,9.739998817443848,9.799999237060547,9.546666145324707,9.713333129882812,7948474,0.0,0.0,0.0
2021-12-12 00:00:00+02:00,9.713333129882812,9.966666221618652,9.539999008178711,9.893333435058594,2033889,0.0,0.0,0.0
2021-12-13 00:00:00+02:00,9.893333435058594,9.966666221618652,9.799999237060547,9.899998664855957,1213023,0.0,0.0,0.0
2021-12-14 00:00:00+02:00,9.899998664855957,9.899998664855957,9.899998664855957,9.899998664855957,0,0.0,0.0,0.0
2021-12-15 00:00:00+02:00,9.839999198913574,9.866665840148926,9.766666412353516,9.813332557678223,1890753,0.0,0.0,0.0
2021-12-16 00:00:00+02:00,9.813332557678223,9.993332862854004,9.819998741149902,9.993332862854004,2756247,0.0,0.0,0.0
2021-12-19 00:00:00+02:00,9.993332862854004,10.166666030883789,9.866665840148926,9.939998626708984,4007074,0.0,0.0,0.0
2021-12-20 00:00:00+02:00,9.939998626708984,9.939998626708984,9.813332557678223,9.899998664855957,690892,0.0,0.0,0.0
2021-12-21 00:00:00+02:00,9.899998664855957,9.993332862854004,9.833333015441895,9.853333473205566,880533,0.0,0.0,0.0
2021-12-22 00:00:00+02:00,9.853333473205566,9.866665840148926,9.746665954589844,9.819998741149902,835968,0.0,0.0,0.0
2021-12-23 00:00:00+02:00,9.819998741149902,9.999999046325684,9.799999237060547,9.979998588562012,1787331,0.0,0.0,0.0
2021-12-26 00:00:00+02:00,9.979998588562012,10.119998931884766,9.873332977294922,10.019998550415039,2144851,0.0,0.0,0.0
2021-12-27 00:00:00+02:00,10.019998550415039,9.999999046325684,9.813332557678223,9.886666297912598,3810918,0.0,0.0,0.0
2021-12-28 00:00:00+02:00,9.886666297912598,9.91333293914795,9.779998779296875,9.799999237060547,1035841,0.0,0.0,0.0
2021-12-29 00:00:00+02:00,9.799999237060547,9.919999122619629,9.773332595825195,9.806666374206543,1173400,0.0,0.0,0.0
2021-12-30 00:00:00+02:00,9.806666374206543,9.899998664855957,9.746665954589844,9.873332977294922,1128793,0.0,0.0,0.0
2022-01-02 00:00:00+02:00,9.873332977294922,9.999999046325684,9.799999237060547,9.866665840148926,1083952,0.0,0.0,0.0
2022-01-03 00:00:00+02:00,9.866665840148926,9.966666221618652,9.866665840148926,9.933333396911621,864930,0.0,0.0,0.0
2022-01-04 00:00:00+02:00,9.933333396911621,9.94666576385498,9.833333015441895,9.893333435058594,1027825,0.0,0.0,0.0
2022-01-05 00:00:00+02:00,9.893333435058594,9.966666221618652,9.853333473205566,9.879999160766602,569103,0.0,0.0,0.0
2022-01-09 00:00:00+02:00,9.879999160766602,9.879999160766602,9.879999160766602,9.879999160766602,0,0.0,0.0,0.0
2022-01-10 00:00:00+02:00,9.866665840148926,10.299999237060547,9.866665840148926,10.153332710266113,6584458,0.0,0.0,0.0
2022-01-11 00:00:00+02:00,10.153332710266113,10.19999885559082,9.999999046325684,10.066665649414062,2270499,0.0,0.0,0.0
2022-01-12 00:00:00+02:00,10.066665649414062,10.133333206176758,9.993332862854004,10.09333324432373,1212022,0.0,0.0,0.0
2022-01-13 00:00:00+02:00,10.09333324432373,10.053333282470703,9.84666633605957,9.873332977294922,2238268,0.0,0.0,0.0
2022-01-16 00:00:00+02:00,9.873332977294922,9.919999122619629,9.746665954589844,9.893333435058594,1130995,0.0,0.0,0.0
2022-01-17 00:00:00+02:00,9.893333435058594,9.866665840148926,9.666666030883789,9.713333129882812,1325097,0.0,0.0,0.0
2022-01-18 00:00:00+02:00,9.713333129882812,9.766666412353516,9.60666561126709,9.713333129882812,1409653,0.0,0.0,0.0
2022-01-19 00:00:00+02:00,9.713333129882812,9.713333129882812,9.533332824707031,9.59999942779541,1433509,0.0,0.0,0.0
2022-01-20 00:00:00+02:00,9.59999942779541,9.786665916442871,9.519998550415039,9.733332633972168,919255,0.0,0.0,0.0
2022-01-23 00:00:00+02:00,9.733332633972168,9.786665916442871,9.553333282470703,9.639999389648438,1014814,0.0,0.0,0.0
2022-01-24 00:00:00+02:00,9.639999389648438,9.893333435058594,9.539999008178711,9.746665954589844,3130554,0.0,0.0,0.0
2022-01-25 00:00:00+02:00,9.746665954589844,9.84666633605957,9.679999351501465,9.75333309173584,930037,0.0,0.0,0.0
2022-01-26 00:00:00+02:00,9.75333309173584,9.826665878295898,9.719999313354492,9.733332633972168,1247790,0.0,0.0,0.0
2022-01-30 00:00:00+02:00,9.733332633972168,9.75999927520752,9.646665573120117,9.666666030883789,500674,0.0,0.0,0.0
2022-01-31 00:00:00+02:00,9.666666030883789,9.806666374206543,9.59999942779541,9.773332595825195,1989495,0.0,0.0,0.0
2022-02-01 00:00:00+02:00,9.773332595825195,9.973333358764648,9.773332595825195,9.939998626708984,2001064,0.0,0.0,0.0
2022-02-02 00:00:00+02:00,9.939998626708984,10.133333206176758,9.953332901000977,10.086666107177734,4330300,0.0,0.0,0.0
2022-02-03 00:00:00+02:00,10.086666107177734,10.313332557678223,10.066665649414062,10.113332748413086,3645733,0.0,0.0,0.0
2022-02-06 00:00:00+02:00,10.113332748413086,10.25999927520752,10.09999942779541,10.213333129882812,1936372,0.0,0.0,0.0
2022-02-07 00:00:00+02:00,10.213333129882812,10.466666221618652,10.233332633972168,10.266666412353516,7403982,0.0,0.0,0.0
2022-02-08 00:00:00+02:00,10.266666412353516,10.60666561126709,10.319998741149902,10.493332862854004,7107114,0.0,0.0,0.0
2022-02-09 00:00:00+02:00,10.493332862854004,12.533332824707031,11.266666412353516,11.466666221618652,18274006,0.0,0.0,0.0
2022-02-10 00:00:00+02:00,11.466666221618652,11.899998664855957,11.499999046325684,11.799999237060547,6453217,0.0,0.0,0.0
2022-02-13 00:00:00+02:00,11.799999237060547,12.333333015441895,11.866665840148926,11.866665840148926,7078639,0.0,0.0,0.0
2022-02-14 00:00:00+02:00,11.866665840148926,12.159998893737793,11.733332633972168,12.159998893737793,3115015,0.0,0.0,0.0
2022-02-15 00:00:00+02:00,12.159998893737793,12.233332633972168,11.999999046325684,12.133333206176758,3839538,0.0,0.0,0.0
2022-02-16 00:00:00+02:00,12.133333206176758,12.19999885559082,12.079998970031738,12.113332748413086,1786851,0.0,0.0,0.0
2022-02-17 00:00:00+02:00,12.113332748413086,12.133333206176758,11.979998588562012,12.066665649414062,2934657,0.0,0.0,0.0
2022-02-20 00:00:00+02:00,12.066665649414062,12.119998931884766,11.879999160766602,11.899998664855957,1832082,0.0,0.0,0.0
2022-02-21 00:00:00+02:00,11.899998664855957,11.999999046325684,11.839999198913574,11.933333396911621,2895850,0.0,0.0,0.0
2022-02-22 00:00:00+02:00,11.933333396911621,11.986665725708008,11.75333309173584,11.986665725708008,2193414,0.0,0.0,0.0
2022-02-23 00:00:00+02:00,11.986665725708008,12.053333282470703,11.866665840148926,11.899998664855957,1731586,0.0,0.0,0.0
2022-02-24 00:00:00+02:00,11.899998664855957,11.799999237060547,11.333333015441895,11.69999885559082,7086091,0.0,0.0,0.0
2022-02-27 00:00:00+02:00,11.69999885559082,11.979998588562012,11.69999885559082,11.826665878295898,1222051,0.0,0.0,0.0
2022-02-28 00:00:00+02:00,11.826665878295898,11.793333053588867,11.533332824707031,11.566665649414062,2469825,0.0,0.0,0.0
2022-03-01 00:00:00+02:00,11.566665649414062,11.94666576385498,11.666666030883789,11.786665916442871,4134402,0.0,0.0,0.0
2022-03-02 00:00:00+02:00,11.786665916442871,11.833333015441895,11.639999389648438,11.666666030883789,5589465,0.0,0.0,0.0
2022-03-03 00:00:00+02:00,11.666666030883789,11.746665954589844,11.59999942779541,11.706665992736816,1997616,0.0,0.0,0.0
2022-03-06 00:00:00+02:00,11.706665992736816,11.779998779296875,11.513333320617676,11.539999008178711,1592818,0.0,0.0,0.0
2022-03-07 00:00:00+02:00,11.539999008178711,11.59999942779541,11.273332595825195,11.333333015441895,4362981,0.0,0.0,0.0
2022-03-08 00:00:00+02:00,11.333333015441895,11.333333015441895,11.333333015441895,11.333333015441895,0,0.0,0.0,0.0
2022-03-09 00:00:00+02:00,11.453332901000977,11.553333282470703,11.379999160766602,11.553333282470703,1972404,0.0,0.0,0.0
2022-03-10 00:00:00+02:00,11.553333282470703,11.85999870300293,11.499999046325684,11.779998779296875,3078486,0.0,0.0,0.0
2022-03-13 00:00:00+02:00,11.779998779296875,11.799999237060547,11.533332824707031,11.533332824707031,3356733,0.0,0.0,0.0
2022-03-14 00:00:00+02:00,11.533332824707031,11.533332824707031,11.44666576385498,11.44666576385498,1260151,0.0,0.0,0.0
2022-03-15 00:00:00+02:00,11.44666576385498,11.466666221618652,10.999999046325684,11.333333015441895,4667737,0.0,0.0,0.0
2022-03-16 00:00:00+02:00,11.333333015441895,11.59999942779541,11.333333015441895,11.559999465942383,3095878,0.0,0.0,0.0
2022-03-17 00:00:00+02:00,11.559999465942383,11.666666030883789,11.399998664855957,11.539999008178711,5271295,0.0,0.0,0.0
2022-03-20 00:00:00+02:00,11.539999008178711,11.826665878295898,11.539999008178711,11.773332595825195,1620024,0.0,0.0,0.0
2022-03-21 00:00:00+02:00,11.773332595825195,12.313332557678223,11.726666450500488,12.186665534973145,8783151,0.0,0.0,0.0
2022-03-22 00:00:00+02:00,12.186665534973145,12.533332824707031,11.999999046325684,12.066665649414062,6913606,0.0,0.0,0.0
2022-03-23 00:00:00+02:00,12.066665649414062,12.333333015441895,11.999999046325684,12.266666412353516,1959117,0.0,0.0,0.0
2022-03-24 00:00:00+02:00,12.266666412353516,12.339999198913574,12.10666561126709,12.186665534973145,1953909,0.0,0.0,0.0
2022-03-27 00:00:00+02:00,12.186665534973145,12.326665878295898,12.059999465942383,12.09999942779541,1241011,0.0,0.0,0.0
2022-03-28 00:00:00+02:00,12.09999942779541,12.146665573120117,11.739998817443848,11.739998817443848,3004863,0.0,0.0,0.0
2022-03-29 00:00:00+02:00,11.739998817443848,11.993332862854004,11.633333206176758,11.879999160766602,1197234,0.0,0.0,0.0
2022-03-30 00:00:00+02:00,11.879999160766602,11.933333396911621,11.513333320617676,11.706665992736816,1526493,0.0,0.0,0.0
2022-03-31 00:00:00+02:00,11.706665992736816,11.85999870300293,11.666666030883789,11.793333053588867,1088778,0.0,0.0,0.0
2022-04-03 00:00:00+02:00,11.793333053588867,12.866665840148926,12.00666618347168,12.866665840148926,5794012,0.0,0.0,0.0
2022-04-04 00:00:00+02:00,12.866665840148926,12.85999870300293,12.533332824707031,12.533332824707031,4414423,0.0,0.0,0.0
2022-04-05 00:00:00+02:00,12.533332824707031,13.066665649414062,12.526665687561035,13.066665649414062,5130465,0.0,0.0,0.0
2022-04-06 00:00:00+02:00,13.066665649414062,13.333333015441895,12.999999046325684,13.126666069030762,5487913,0.0,0.0,0.0
2022-04-07 00:00:00+02:00,13.126666069030762,13.333333015441895,12.566665649414062,12.666666030883789,5431384,0.0,0.0,0.0
2022-04-10 00:00:00+02:00,12.666666030883789,12.659998893737793,12.373332977294922,12.466666221618652,2396971,0.0,0.0,0.0
2022-04-11 00:00:00+02:00,12.466666221618652,12.666666030883789,12.146665573120117,12.60666561126709,10743978,0.0,0.0,0.0
2022-04-12 00:00:00+02:00,12.60666561126709,12.899998664855957,12.286665916442871,12.719999313354492,5042091,0.0,0.0,0.0
2022-04-13 00:00:00+02:00,12.719999313354492,13.133333206176758,12.546666145324707,12.879999160766602,5409634,0.0,0.0,0.0
2022-04-14 00:00:00+02:00,12.879999160766602,11.19333267211914,10.306666374206543,10.306666374206543,13913910,0.0,0.0,0.0
2022-04-17 00:00:00+02:00,10.306666374206543,10.486665725708008,9.679999351501465,10.466666221618652,5364919,0.0,0.0,0.0
2022-04-18 00:00:00+02:00,10.466666221618652,10.139999389648438,9.853333473205566,9.999999046325684,4897741,0.0,0.0,0.0
2022-04-19 00:00:00+02:00,9.999999046325684,10.399998664855957,9.933333396911621,10.366665840148926,4467666,0.0,0.0,0.0
2022-04-20 00:00:00+02:00,10.366665840148926,10.559999465942383,10.19999885559082,10.453332901000977,2069983,0.0,0.0,0.0
2022-04-21 00:00:00+02:00,10.453332901000977,11.10666561126709,10.453332901000977,10.959999084472656,6091926,0.0,0.0,0.0
2022-04-26 00:00:00+02:00,10.959999084472656,11.499999046325684,10.993332862854004,11.499999046325684,4555755,0.0,0.0,0.0
2022-04-27 00:00:00+02:00,11.499999046325684,11.666666030883789,11.219999313354492,11.333333015441895,2838148,0.0,0.0,0.0
2022-04-28 00:00:00+02:00,11.333333015441895,11.439998626708984,11.179999351501465,11.339999198913574,4675596,0.0,0.0,0.0
2022-05-08 00:00:00+02:00,11.339999198913574,11.333333015441895,10.866665840148926,10.94666576385498,2237502,0.0,0.0,0.0
2022-05-09 00:00:00+02:00,10.94666576385498,11.153332710266113,10.733332633972168,10.799999237060547,6003798,0.0,0.0,0.0
2022-05-10 00:00:00+02:00,10.799999237060547,10.833333015441895,10.513333320617676,10.539999008178711,5156860,0.0,0.0,0.0
2022-05-11 00:00:00+02:00,10.539999008178711,10.726666450500488,10.539999008178711,10.59999942779541,3936591,0.0,0.0,0.0
2022-05-12 00:00:00+02:00,10.59999942779541,10.59999942779541,10.233332633972168,10.25333309173584,4724041,0.0,0.0,0.0
2022-05-15 00:00:00+02:00,10.25333309173584,11.09333324432373,9.733332633972168,9.799999237060547,22800673,0.0,0.0,0.0
2022-05-16 00:00:00+02:00,9.799999237060547,10.41333293914795,9.666666030883789,10.119998931884766,14880178,0.0,0.0,0.0
2022-05-17 00:00:00+02:00,10.119998931884766,10.333333015441895,10.079998970031738,10.126666069030762,5890008,0.0,0.0,0.0
2022-05-18 00:00:00+02:00,10.126666069030762,10.25333309173584,9.919999122619629,10.033332824707031,5538340,0.0,0.0,0.0
2022-05-19 00:00:00+02:00,10.033332824707031,10.053333282470703,9.85999870300293,9.893333435058594,6512062,0.0,0.0,0.0
2022-05-22 00:00:00+02:00,9.893333435058594,10.09999942779541,9.906665802001953,9.953332901000977,2155572,0.0,0.0,0.0
2022-05-23 00:00:00+02:00,9.953332901000977,10.186665534973145,9.993332862854004,10.113332748413086,3103317,0.0,0.0,0.0
2022-05-24 00:00:00+02:00,10.113332748413086,10.166666030883789,10.033332824707031,10.10666561126709,1234155,0.0,0.0,0.0
2022-05-25 00:00:00+02:00,10.10666561126709,10.153332710266113,10.053333282470703,10.073332786560059,5004127,0.0,0.0,0.0
2022-05-26 00:00:00+02:00,10.073332786560059,10.379999160766602,10.073332786560059,10.379999160766602,6553758,0.0,0.0,0.0
2022-05-29 00:00:00+02:00,10.379999160766602,10.433333396911621,9.94666576385498,10.019998550415039,4323202,0.0,0.0,0.0
2022-05-30 00:00:00+02:00,10.019998550415039,10.039999008178711,9.806666374206543,9.866665840148926,11353461,0.0,0.0,0.0
2022-05-31 00:00:00+02:00,9.866665840148926,10.126666069030762,9.479998588562012,9.479998588562012,53467179,0.0,0.0,0.0
2022-06-01 00:00:00+02:00,9.479998588562012,9.766666412353516,9.179999351501465,9.179999351501465,10530388,0.0,0.0,0.0
2022-06-02 00:00:00+02:00,9.179999351501465,9.306666374206543,8.999999046325684,8.999999046325684,3811078,0.0,0.0,0.0
2022-06-05 00:00:00+02:00,8.999999046325684,8.999999046325684,8.999999046325684,8.999999046325684,0,0.0,0.0,0.0
2022-06-06 00:00:00+02:00,8.806666374206543,8.999999046325684,8.806666374206543,8.839999198913574,2429797,0.0,0.0,0.0
2022-06-07 00:00:00+02:00,8.839999198913574,8.973333358764648,8.793333053588867,8.973333358764648,1861668,0.0,0.0,0.0
2022-06-08 00:00:00+02:00,8.973333358764648,9.399998664855957,8.986665725708008,9.386666297912598,4914418,0.0,0.0,0.0
2022-06-09 00:00:00+02:00,9.386666297912598,9.499999046325684,9.19333267211914,9.213333129882812,1968100,0.0,0.0,0.0
2022-06-12 00:00:00+02:00,9.213333129882812,9.226666450500488,9.086666107177734,9.086666107177734,1500558,0.0,0.0,0.0
2022-06-13 00:00:00+02:00,9.086666107177734,9.166666030883789,8.906665802001953,8.979998588562012,797812,0.0,0.0,0.0
2022-06-14 00:00:00+02:00,8.979998588562012,9.033332824707031,8.893333435058594,8.926666259765625,1928038,0.0,0.0,0.0
2022-06-15 00:00:00+02:00,8.926666259765625,8.993332862854004,8.69999885559082,8.733332633972168,4361143,0.0,0.0,0.0
2022-06-16 00:00:00+02:00,8.733332633972168,8.853333473205566,8.59999942779541,8.60666561126709,5672253,0.0,0.0,0.0
2022-06-19 00:00:00+02:00,8.60666561126709,8.633333206176758,8.333333015441895,8.379999160766602,3711903,0.0,0.0,0.0
2022-06-20 00:00:00+02:00,8.379999160766602,8.546666145324707,8.219999313354492,8.333333015441895,13117327,0.0,0.0,0.0
2022-06-21 00:00:00+02:00,8.333333015441895,8.486665725708008,8.299999237060547,8.299999237060547,3914671,0.0,0.0,0.0
2022-06-22 00:00:00+02:00,8.299999237060547,8.34666633605957,8.173333168029785,8.273332595825195,2946775,0.0,0.0,0.0
2022-06-23 00:00:00+02:00,8.273332595825195,8.286665916442871,8.159998893737793,8.166666030883789,1603818,0.0,0.0,0.0
2022-06-26 00:00:00+02:00,8.166666030883789,8.333333015441895,8.053333282470703,8.166666030883789,4642783,0.0,0.0,0.0
2022-06-27 00:00:00+02:00,8.166666030883789,8.399998664855957,7.953332901000977,8.159998893737793,5049949,0.0,0.0,0.0
2022-06-28 00:00:00+02:00,8.159998893737793,8.213333129882812,7.779998779296875,8.00666618347168,5354382,0.0,0.0,0.0
2022-06-29 00:00:00+02:00,8.00666618347168,8.09999942779541,7.879999160766602,7.953332901000977,5394952,0.0,0.0,0.0
2022-07-03 00:00:00+02:00,7.953332901000977,7.986666202545166,7.673333168029785,7.673333168029785,3984916,0.0,0.0,0.0
2022-07-04 00:00:00+02:00,7.673333168029785,7.793333053588867,7.466666221618652,7.533332824707031,2154291,0.0,0.0,0.0
2022-07-05 00:00:00+02:00,7.533332824707031,7.766665935516357,7.533332824707031,7.693333148956299,2063853,0.0,0.0,0.0
2022-07-06 00:00:00+02:00,7.693333148956299,7.999999046325684,7.666666030883789,7.999999046325684,2379189,0.0,0.0,0.0
2022-07-07 00:00:00+02:00,7.999999046325684,8.09999942779541,7.933332920074463,8.00666618347168,1642563,0.0,0.0,0.0
2022-07-17 00:00:00+02:00,8.00666618347168,8.233332633972168,7.993332862854004,8.19999885559082,1394103,0.0,0.0,0.0
2022-07-18 00:00:00+02:00,8.19999885559082,8.466666221618652,8.213333129882812,8.373332977294922,3033489,0.0,0.0,0.0
2022-07-19 00:00:00+02:00,8.3735990524292,8.73599910736084,8.399998664855957,8.719999313354492,3786157,0.0,1.2,0.0
2022-07-20 00:00:00+02:00,8.719999313354492,8.743998527526855,8.463998794555664,8.527998924255371,4267015,0.0,0.0,0.0
2022-07-21 00:00:00+02:00,8.527998924255371,9.127999305725098,8.519998550415039,9.103999137878418,5056183,0.0,0.0,0.0
2022-07-24 00:00:00+02:00,9.103999137878418,9.17599868774414,9.039999008178711,9.17599868774414,1350555,0.0,0.0,0.0
2022-07-25 00:00:00+02:00,9.17599868774414,9.17599868774414,9.031998634338379,9.039999008178711,1542468,0.0,0.0,0.0
2022-07-26 00:00:00+02:00,9.039999008178711,9.423998832702637,9.007999420166016,9.423998832702637,4844963,0.0,0.0,0.0
2022-07-27 00:00:00+02:00,9.423998832702637,9.479998588562012,9.151999473571777,9.239998817443848,2493316,0.0,0.0,0.0
2022-07-28 00:00:00+02:00,9.239998817443848,9.311999320983887,9.071998596191406,9.167999267578125,1630678,0.0,0.0,0.0
2022-07-31 00:00:00+02:00,9.167999267578125,9.519998550415039,9.127999305725098,9.471999168395996,2895893,0.0,0.0,0.0
2022-08-01 00:00:00+02:00,9.471999168395996,9.567998886108398,9.19999885559082,9.351999282836914,4859980,0.0,0.0,0.0
2022-08-02 00:00:00+02:00,9.351999282836914,9.35999870300293,9.239998817443848,9.35999870300293,1706238,0.0,0.0,0.0
2022-08-03 00:00:00+02:00,9.35999870300293,9.503998756408691,9.24799919128418,9.503998756408691,1247378,0.0,0.0,0.0
2022-08-04 00:00:00+02:00,9.503998756408691,10.183999061584473,9.439998626708984,10.079998970031738,9843518,0.0,0.0,0.0
2022-08-07 00:00:00+02:00,10.079998970031738,10.2239990234375,9.84799861907959,9.903999328613281,2740831,0.0,0.0,0.0
2022-08-08 00:00:00+02:00,9.903999328613281,10.191999435424805,9.647998809814453,9.999999046325684,13925881,0.0,0.0,0.0
2022-08-09 00:00:00+02:00,9.999999046325684,10.159998893737793,9.927998542785645,9.927998542785645,1878233,0.0,0.0,0.0
2022-08-10 00:00:00+02:00,9.927998542785645,10.055998802185059,9.719999313354492,9.831998825073242,2112018,0.0,0.0,0.0
2022-08-11 00:00:00+02:00,9.831998825073242,9.975998878479004,9.743998527526855,9.919999122619629,1809498,0.0,0.0,0.0
2022-08-14 00:00:00+02:00,9.919999122619629,9.959999084472656,9.743998527526855,9.75999927520752,1036913,0.0,0.0,0.0
2022-08-15 00:00:00+02:00,9.75999927520752,9.839999198913574,9.583998680114746,9.71199893951416,19365411,0.0,0.0,0.0
2022-08-16 00:00:00+02:00,9.71199893951416,9.831998825073242,9.615999221801758,9.831998825073242,929351,0.0,0.0,0.0
2022-08-17 00:00:00+02:00,9.831998825073242,10.519998550415039,9.679999351501465,10.319998741149902,12448560,0.0,0.0,0.0
2022-08-18 00:00:00+02:00,10.319998741149902,10.319998741149902,10.319998741149902,10.319998741149902,0,0.0,0.0,0.0
2022-08-21 00:00:00+02:00,10.33599853515625,10.559999465942383,10.35999870300293,10.527998924255371,1829088,0.0,0.0,0.0
2022-08-22 00:00:00+02:00,10.527998924255371,10.59999942779541,10.327999114990234,10.415999412536621,1983130,0.0,0.0,0.0
2022-08-23 00:00:00+02:00,10.415999412536621,10.415999412536621,10.415999412536621,10.415999412536621,0,0.0,0.0,0.0
2022-08-24 00:00:00+02:00,10.503998756408691,10.639999389648438,10.35999870300293,10.35999870300293,2413451,0.0,0.0,0.0
2022-08-25 00:00:00+02:00,10.35999870300293,10.679999351501465,10.399998664855957,10.519998550415039,4554963,0.0,0.0,0.0
2022-08-28 00:00:00+02:00,10.519998550415039,10.511999130249023,10.311999320983887,10.35999870300293,1295890,0.0,0.0,0.0
2022-08-29 00:00:00+02:00,10.35999870300293,10.447999000549316,10.127999305725098,10.255998611450195,1354963,0.0,0.0,0.0
2022-08-30 00:00:00+02:00,10.255998611450195,10.367999076843262,10.08799934387207,10.24799919128418,1109426,0.0,0.0,0.0
2022-08-31 00:00:00+02:00,10.24799919128418,10.35999870300293,10.151999473571777,10.24799919128418,3068056,0.0,0.0,0.0
2022-09-01 00:00:00+02:00,10.24799919128418,10.319998741149902,10.103999137878418,10.103999137878418,872706,0.0,0.0,0.0
2022-09-04 00:00:00+02:00,10.103999137878418,10.191999435424805,10.015998840332031,10.119998931884766,1144935,0.0,0.0,0.0
2022-09-05 00:00:00+02:00,10.119998931884766,10.519998550415039,10.079998970031738,10.407999038696289,2860755,0.0,0.0,0.0
2022-09-06 00:00:00+02:00,10.407999038696289,10.671998977661133,10.375999450683594,10.59999942779541,6642427,0.0,0.0,0.0
2022-09-07 00:00:00+02:00,10.59999942779541,10.679999351501465,10.415999412536621,10.439998626708984,2341387,0.0,0.0,0.0
2022-09-08 00:00:00+02:00,10.439998626708984,10.55199909210205,10.263998985290527,10.319998741149902,2071705,0.0,0.0,0.0
2022-09-11 00:00:00+02:00,10.319998741149902,10.471999168395996,10.343998908996582,10.415999412536621,865780,0.0,0.0,0.0
2022-09-12 00:00:00+02:00,10.415999412536621,10.799999237060547,10.455999374389648,10.591999053955078,5348572,0.0,0.0,0.0
2022-09-13 00:00:00+02:00,10.591999053955078,10.695999145507812,10.431999206542969,10.479998588562012,2703227,0.0,0.0,0.0
2022-09-14 00:00:00+02:00,10.479998588562012,10.391999244689941,10.039999008178711,10.239998817443848,5079156,0.0,0.0,0.0
2022-09-15 00:00:00+02:00,10.239998817443848,10.319998741149902,9.999999046325684,9.999999046325684,2364318,0.0,0.0,0.0
2022-09-18 00:00:00+02:00,9.999999046325684,10.079998970031738,9.559999465942383,9.59999942779541,3656397,0.0,0.0,0.0
2022-09-19 00:00:00+02:00,9.59999942779541,9.839999198913574,9.439998626708984,9.7839994430542,2391836,0.0,0.0,0.0
2022-09-20 00:00:00+02:00,9.7839994430542,10.08799934387207,9.799999237060547,9.983999252319336,2152246,0.0,0.0,0.0
2022-09-21 00:00:00+02:00,9.983999252319336,10.151999473571777,9.799999237060547,9.799999237060547,1265777,0.0,0.0,0.0
2022-09-22 00:00:00+02:00,9.799999237060547,9.799999237060547,9.511999130249023,9.655999183654785,3370612,0.0,0.0,0.0
2022-09-25 00:00:00+02:00,9.655999183654785,9.775999069213867,9.463998794555664,9.75999927520752,1211987,0.0,0.0,0.0
2022-09-26 00:00:00+02:00,9.75999927520752,9.823999404907227,9.567998886108398,9.59999942779541,1985698,0.0,0.0,0.0
2022-09-27 00:00:00+02:00,9.59999942779541,9.71199893951416,9.535999298095703,9.559999465942383,1131031,0.0,0.0,0.0
2022-09-28 00:00:00+02:00,9.559999465942383,9.567998886108398,9.319998741149902,9.319998741149902,3131255,0.0,0.0,0.0
2022-09-29 00:00:00+02:00,9.319998741149902,9.463998794555664,9.151999473571777,9.215998649597168,6802083,0.0,0.0,0.0
2022-10-02 00:00:00+02:00,9.215998649597168,9.319998741149902,8.919999122619629,8.959999084472656,1620877,0.0,0.0,0.0
2022-10-03 00:00:00+02:00,8.959999084472656,9.151999473571777,8.959999084472656,9.119998931884766,1682176,0.0,0.0,0.0
2022-10-04 00:00:00+02:00,9.119998931884766,9.559999465942383,9.19999885559082,9.431999206542969,4197411,0.0,0.0,0.0
2022-10-05 00:00:00+02:00,9.431999206542969,9.559999465942383,9.279998779296875,9.35999870300293,1724375,0.0,0.0,0.0
2022-10-09 00:00:00+02:00,9.35999870300293,9.35999870300293,9.239998817443848,9.287999153137207,733506,0.0,0.0,0.0
2022-10-10 00:00:00+02:00,9.287999153137207,9.439998626708984,9.19999885559082,9.215998649597168,10218622,0.0,0.0,0.0
2022-10-11 00:00:00+02:00,9.215998649597168,9.327999114990234,8.999999046325684,8.999999046325684,6549995,0.0,0.0,0.0
2022-10-12 00:00:00+02:00,8.999999046325684,9.191999435424805,8.959999084472656,9.103999137878418,4151945,0.0,0.0,0.0
2022-10-13 00:00:00+02:00,9.103999137878418,9.27199935913086,9.119998931884766,9.19999885559082,10207388,0.0,0.0,0.0
2022-10-16 00:00:00+02:00,9.19999885559082,9.679999351501465,9.2239990234375,9.59999942779541,2825920,0.0,0.0,0.0
2022-10-17 00:00:00+02:00,9.59999942779541,9.919999122619629,9.591999053955078,9.919999122619629,10695225,0.0,0.0,0.0
2022-10-18 00:00:00+02:00,9.919999122619629,9.999999046325684,9.791998863220215,9.903999328613281,8864677,0.0,0.0,0.0
2022-10-19 00:00:00+02:00,9.903999328613281,9.89599895477295,9.679999351501465,9.75999927520752,2985730,0.0,0.0,0.0
2022-10-20 00:00:00+02:00,9.75999927520752,9.919999122619629,9.679999351501465,9.89599895477295,3152438,0.0,0.0,0.0
2022-10-23 00:00:00+02:00,9.89599895477295,9.999999046325684,9.7839994430542,9.815999031066895,3109776,0.0,0.0,0.0
2022-10-24 00:00:00+02:00,9.815999031066895,9.903999328613281,9.71199893951416,9.775999069213867,4651653,0.0,0.0,0.0
2022-10-25 00:00:00+02:00,9.775999069213867,9.951998710632324,9.679999351501465,9.855998992919922,6468795,0.0,0.0,0.0
2022-10-26 00:00:00+02:00,9.855998992919922,9.855998992919922,9.855998992919922,9.855998992919922,0,0.0,0.0,0.0
2022-10-27 00:00:00+02:00,10.015998840332031,10.519998550415039,10.207999229431152,10.399998664855957,12789311,0.0,0.0,0.0
2022-10-30 00:00:00+02:00,10.399998664855957,10.639999389648438,10.215998649597168,10.27199935913086,6215981,0.0,0.0,0.0
2022-10-31 00:00:00+02:00,10.27199935913086,10.719999313354492,10.159998893737793,10.719999313354492,11974355,0.0,0.0,0.0
2022-11-01 00:00:00+02:00,10.719999313354492,10.799999237060547,10.59999942779541,10.655999183654785,4922927,0.0,0.0,0.0
2022-11-02 00:00:00+02:00,10.655999183654785,10.655999183654785,10.35999870300293,10.399998664855957,3699340,0.0,0.0,0.0
2022-11-03 00:00:00+02:00,10.399998664855957,10.463998794555664,10.319998741149902,10.463998794555664,3883838,0.0,0.0,0.0
2022-11-06 00:00:00+02:00,10.463998794555664,10.623998641967773,10.399998664855957,10.431999206542969,1811868,0.0,0.0,0.0
2022-11-07 00:00:00+02:00,10.431999206542969,10.591999053955078,10.391999244689941,10.559999465942383,2869962,0.0,0.0,0.0
2022-11-08 00:00:00+02:00,10.559999465942383,10.919999122619629,10.511999130249023,10.639999389648438,10658073,0.0,0.0,0.0
2022-11-09 00:00:00+02:00,10.639999389648438,10.799999237060547,10.399998664855957,10.799999237060547,5968618,0.0,0.0,0.0
2022-11-10 00:00:00+02:00,10.799999237060547,10.999999046325684,10.655999183654785,10.807998657226562,8833381,0.0,0.0,0.0
2022-11-13 00:00:00+02:00,10.807998657226562,11.079998970031738,10.879999160766602,10.927998542785645,4056668,0.0,0.0,0.0
2022-11-14 00:00:00+02:00,10.927998542785645,10.999999046325684,10.59999942779541,10.767998695373535,7309882,0.0,0.0,0.0
2022-11-15 00:00:00+02:00,10.767998695373535,10.863999366760254,10.535999298095703,10.59999942779541,4742390,0.0,0.0,0.0
2022-11-16 00:00:00+02:00,10.59999942779541,10.89599895477295,10.59999942779541,10.879999160766602,7181605,0.0,0.0,0.0
2022-11-17 00:00:00+02:00,10.879999160766602,10.959999084472656,10.719999313354492,10.799999237060547,7336350,0.0,0.0,0.0
2022-11-20 00:00:00+02:00,10.799999237060547,10.89599895477295,10.695999145507812,10.807998657226562,4290125,0.0,0.0,0.0
2022-11-21 00:00:00+02:00,10.807998657226562,10.87199878692627,10.639999389648438,10.71199893951416,9299586,0.0,0.0,0.0
2022-11-22 00:00:00+02:00,10.71199893951416,10.967999458312988,10.623998641967773,10.943999290466309,8596877,0.0,0.0,0.0
2022-11-23 00:00:00+02:00,10.943999290466309,11.08799934387207,10.887998580932617,10.943999290466309,6594530,0.0,0.0,0.0
2022-11-24 00:00:00+02:00,10.943999290466309,11.24799919128418,10.89599895477295,11.207999229431152,13428582,0.0,0.0,0.0
2022-11-27 00:00:00+02:00,11.207999229431152,11.495999336242676,11.27199935913086,11.415999412536621,9812658,0.0,0.0,0.0
2022-11-28 00:00:00+02:00,11.415999412536621,11.447999000549316,11.143999099731445,11.27199935913086,8734503,0.0,0.0,0.0
2022-11-29 00:00:00+02:00,11.27199935913086,11.463998794555664,11.239998817443848,11.415999412536621,7386796,0.0,0.0,0.0
2022-11-30 00:00:00+02:00,11.415999412536621,12.079998970031738,11.439998626708984,12.079998970031738,25696722,0.0,0.0,0.0
2022-12-01 00:00:00+02:00,12.079998970031738,12.35999870300293,12.023999214172363,12.35999870300293,4223391,0.0,0.0,0.0
2022-12-04 00:00:00+02:00,12.35999870300293,13.24799919128418,12.447999000549316,12.879999160766602,5509725,0.0,0.0,0.0
2022-12-05 00:00:00+02:00,12.879999160766602,13.239998817443848,12.679999351501465,12.919999122619629,11564712,0.0,0.0,0.0
2022-12-06 00:00:00+02:00,12.919999122619629,13.559999465942383,12.719999313354492,13.447999000549316,11056083,0.0,0.0,0.0
2022-12-07 00:00:00+02:00,13.447999000549316,14.519998550415039,13.479998588562012,14.35999870300293,12306756,0.0,0.0,0.0
2022-12-08 00:00:00+02:00,14.35999870300293,14.479998588562012,13.839999198913574,14.159998893737793,17245263,0.0,0.0,0.0
2022-12-11 00:00:00+02:00,14.159998893737793,14.943999290466309,14.159998893737793,14.33599853515625,10746042,0.0,0.0,0.0
2022-12-12 00:00:00+02:00,14.33599853515625,14.543998718261719,13.703998565673828,14.399998664855957,12123637,0.0,0.0,0.0
2022-12-13 00:00:00+02:00,14.399998664855957,14.991998672485352,14.415999412536621,14.719999313354492,16035163,0.0,0.0,0.0
2022-12-14 00:00:00+02:00,14.719999313354492,14.983999252319336,14.479998588562012,14.535999298095703,5487933,0.0,0.0,0.0
2022-12-15 00:00:00+02:00,14.535999298095703,15.38399887084961,14.59999942779541,14.6639986038208,10427856,0.0,0.0,0.0
2022-12-18 00:00:00+02:00,14.6639986038208,14.799999237060547,14.239998817443848,14.479998588562012,8772692,0.0,0.0,0.0
2022-12-19 00:00:00+02:00,14.479998588562012,14.583998680114746,14.015998840332031,14.583998680114746,5172683,0.0,0.0,0.0
2022-12-20 00:00:00+02:00,14.583998680114746,14.719999313354492,13.943999290466309,13.983999252319336,18214357,0.0,0.0,0.0
2022-12-21 00:00:00+02:00,13.983999252319336,14.079998970031738,13.727998733520508,13.887998580932617,3308258,0.0,0.0,0.0
2022-12-22 00:00:00+02:00,13.887998580932617,14.319998741149902,13.887998580932617,13.999999046325684,4485085,0.0,0.0,0.0
2022-12-25 00:00:00+02:00,13.999999046325684,14.159998893737793,13.463998794555664,14.095998764038086,2429567,0.0,0.0,0.0
2022-12-26 00:00:00+02:00,14.095998764038086,14.431999206542969,13.839999198913574,14.367999076843262,3233911,0.0,0.0,0.0
2022-12-27 00:00:00+02:00,14.367999076843262,14.471999168395996,14.159998893737793,14.319998741149902,2023303,0.0,0.0,0.0
2022-12-28 00:00:00+02:00,14.319998741149902,14.439998626708984,14.17599868774414,14.319998741149902,1318501,0.0,0.0,0.0
2022-12-29 00:00:00+02:00,14.319998741149902,14.471999168395996,14.151999473571777,14.303998947143555,1409866,0.0,0.0,0.0
2023-01-02 00:00:00+02:00,14.303998947143555,14.471999168395996,14.167999267578125,14.447999000549316,3569138,0.0,0.0,0.0
2023-01-03 00:00:00+02:00,14.447999000549316,14.791998863220215,14.455999374389648,14.559999465942383,3860560,0.0,0.0,0.0
2023-01-04 00:00:00+02:00,14.559999465942383,15.103999137878418,14.079998970031738,14.855998992919922,8024460,0.0,0.0,0.0
2023-01-05 00:00:00+02:00,14.855998992919922,15.471999168395996,14.879999160766602,15.439998626708984,7369448,0.0,0.0,0.0
2023-01-09 00:00:00+02:00,15.439998626708984,15.703998565673828,14.879999160766602,15.119998931884766,9909385,0.0,0.0,0.0
2023-01-10 00:00:00+02:00,15.119998931884766,15.19999885559082,14.159998893737793,14.159998893737793,12360911,0.0,0.0,0.0
2023-01-11 00:00:00+02:00,14.159998893737793,14.775999069213867,13.68799877166748,13.839999198913574,17629516,0.0,0.0,0.0
2023-01-12 00:00:00+02:00,13.839999198913574,14.399998664855957,13.479998588562012,14.319998741149902,7248477,0.0,0.0,0.0
2023-01-15 00:00:00+02:00,14.319998741149902,14.35999870300293,13.999999046325684,14.047999382019043,3434242,0.0,0.0,0.0
2023-01-16 00:00:00+02:00,14.047999382019043,14.59999942779541,14.047999382019043,14.479998588562012,8851383,0.0,0.0,0.0
2023-01-17 00:00:00+02:00,14.479998588562012,14.879999160766602,14.519998550415039,14.719999313354492,10381917,0.0,0.0,0.0
2023-01-18 00:00:00+02:00,14.719999313354492,14.799999237060547,14.319998741149902,14.519998550415039,4250895,0.0,0.0,0.0
2023-01-19 00:00:00+02:00,14.519998550415039,14.639999389648438,14.215998649597168,14.24799919128418,4096408,0.0,0.0,0.0
2023-01-22 00:00:00+02:00,14.24799919128418,14.639999389648438,14.27199935913086,14.439998626708984,5379737,0.0,0.0,0.0
2023-01-23 00:00:00+02:00,14.439998626708984,14.815999031066895,14.495999336242676,14.703998565673828,8158242,0.0,0.0,0.0
2023-01-24 00:00:00+02:00,14.703998565673828,15.479998588562012,14.559999465942383,15.391999244689941,20315598,0.0,0.0,0.0
2023-01-25 00:00:00+02:00,15.391999244689941,15.839999198913574,15.327999114990234,15.375999450683594,13815061,0.0,0.0,0.0
2023-01-29 00:00:00+02:00,15.375999450683594,16.27199935913086,15.367999076843262,16.191999435424805,13500578,0.0,0.0,0.0
2023-01-30 00:00:00+02:00,16.191999435424805,16.559999465942383,15.447999000549316,15.719999313354492,14054923,0.0,0.0,0.0
2023-01-31 00:00:00+02:00,15.719999313354492,15.919999122619629,14.887998580932617,15.183999061584473,7555691,0.0,0.0,0.0
2023-02-01 00:00:00+02:00,15.183999061584473,15.35999870300293,14.719999313354492,14.815999031066895,4092330,0.0,0.0,0.0
2023-02-02 00:00:00+02:00,14.815999031066895,15.19999885559082,14.24799919128418,14.511999130249023,3574906,0.0,0.0,0.0
2023-02-05 00:00:00+02:00,14.511999130249023,14.679999351501465,14.015998840332031,14.623998641967773,3820671,0.0,0.0,0.0
2023-02-06 00:00:00+02:00,14.623998641967773,14.775999069213867,14.319998741149902,14.479998588562012,2631630,0.0,0.0,0.0
2023-02-07 00:00:00+02:00,14.479998588562012,14.879999160766602,14.559999465942383,14.719999313354492,4046121,0.0,0.0,0.0
2023-02-08 00:00:00+02:00,14.719999313354492,14.775999069213867,14.319998741149902,14.38399887084961,5823661,0.0,0.0,0.0
2023-02-09 00:00:00+02:00,14.38399887084961,15.57599925994873,14.327999114990234,15.559999465942383,10142576,0.0,0.0,0.0
2023-02-12 00:00:00+02:00,15.559999465942383,15.703998565673828,15.143999099731445,15.455999374389648,5234396,0.0,0.0,0.0
2023-02-13 00:00:00+02:00,15.455999374389648,15.919999122619629,15.127999305725098,15.84799861907959,10177565,0.0,0.0,0.0
2023-02-14 00:00:00+02:00,15.84799861907959,16.399999618530273,15.927998542785645,15.999999046325684,14494153,0.0,0.0,0.0
2023-02-15 00:00:00+02:00,15.999999046325684,16.575998306274414,15.927998542785645,16.511999130249023,11131875,0.0,0.0,0.0
2023-02-16 00:00:00+02:00,16.511999130249023,17.071998596191406,16.559999465942383,16.727998733520508,13166821,0.0,0.0,0.0
2023-02-19 00:00:00+02:00,16.727998733520508,16.959999084472656,16.15999984741211,16.231998443603516,3321611,0.0,0.0,0.0
2023-02-20 00:00:00+02:00,16.231998443603516,16.463998794555664,15.439998626708984,15.559999465942383,6042026,0.0,0.0,0.0
2023-02-21 00:00:00+02:00,15.559999465942383,16.079999923706055,15.35999870300293,15.967999458312988,6296225,0.0,0.0,0.0
2023-02-22 00:00:00+02:00,15.967999458312988,16.191999435424805,15.287999153137207,15.839999198913574,5595973,0.0,0.0,0.0
2023-02-23 00:00:00+02:00,15.839999198913574,15.791998863220215,15.439998626708984,15.639999389648438,3352818,0.0,0.0,0.0
2023-02-26 00:00:00+02:00,15.639999389648438,16.079999923706055,15.567998886108398,15.87199878692627,4973150,0.0,0.0,0.0
2023-02-27 00:00:00+02:00,15.87199878692627,16.487998962402344,16.031999588012695,16.167999267578125,7622217,0.0,0.0,0.0
2023-02-28 00:00:00+02:00,16.167999267578125,16.51999855041504,15.839999198913574,16.51999855041504,8624413,0.0,0.0,0.0
2023-03-01 00:00:00+02:00,16.51999855041504,16.45599937438965,15.999999046325684,16.31199836730957,5331072,0.0,0.0,0.0
2023-03-02 00:00:00+02:00,16.31199836730957,16.38399887084961,15.887998580932617,15.927998542785645,4500236,0.0,0.0,0.0
2023-03-05 00:00:00+02:00,15.927998542785645,16.079999923706055,15.615999221801758,15.68799877166748,3314457,0.0,0.0,0.0
2023-03-06 00:00:00+02:00,15.68799877166748,15.999999046325684,15.59999942779541,15.719999313354492,1956336,0.0,0.0,0.0
2023-03-07 00:00:00+02:00,15.719999313354492,15.75999927520752,15.415999412536621,15.527998924255371,1395616,0.0,0.0,0.0
2023-03-08 00:00:00+02:00,15.527998924255371,15.495999336242676,15.127999305725098,15.423998832702637,2121430,0.0,0.0,0.0
2023-03-09 00:00:00+02:00,15.423998832702637,15.959999084472656,15.35999870300293,15.767998695373535,3731783,0.0,0.0,0.0
2023-03-12 00:00:00+02:00,15.767998695373535,15.775999069213867,14.887998580932617,14.887998580932617,3520186,0.0,0.0,0.0
2023-03-13 00:00:00+02:00,14.887998580932617,15.191999435424805,13.19999885559082,14.239998817443848,8155392,0.0,0.0,0.0
2023-03-14 00:00:00+02:00,14.239998817443848,14.351999282836914,13.679999351501465,14.351999282836914,2208753,0.0,0.0,0.0
2023-03-15 00:00:00+02:00,14.351999282836914,14.479998588562012,12.407999038696289,12.519998550415039,4467108,0.0,0.0,0.0
2023-03-16 00:00:00+02:00,12.519998550415039,13.519998550415039,12.399998664855957,12.799999237060547,4011372,0.0,0.0,0.0
2023-03-19 00:00:00+02:00,12.799999237060547,12.999999046325684,12.287999153137207,12.799999237060547,2511563,0.0,0.0,0.0
2023-03-20 00:00:00+02:00,12.799999237060547,13.423998832702637,12.559999465942383,13.119998931884766,5800576,0.0,0.0,0.0
2023-03-21 00:00:00+02:00,13.119998931884766,13.647998809814453,13.279998779296875,13.583998680114746,3763271,0.0,0.0,0.0
2023-03-22 00:00:00+02:00,13.583998680114746,13.919999122619629,13.375999450683594,13.527998924255371,4352533,0.0,0.0,0.0
2023-03-23 00:00:00+02:00,13.527998924255371,13.679999351501465,13.143999099731445,13.19999885559082,23817083,0.0,0.0,0.0
2023-03-26 00:00:00+02:00,13.19999885559082,13.71199893951416,13.19999885559082,13.59999942779541,15430177,0.0,0.0,0.0
2023-03-27 00:00:00+02:00,13.59999942779541,13.75999927520752,13.19999885559082,13.19999885559082,48251263,0.0,0.0,0.0
2023-03-28 00:00:00+02:00,13.19999885559082,13.35999870300293,12.655999183654785,12.975998878479004,12976336,0.0,0.0,0.0
2023-03-29 00:00:00+02:00,12.975998878479004,13.535999298095703,12.999999046325684,13.439998626708984,13532981,0.0,0.0,0.0
2023-03-30 00:00:00+02:00,13.439998626708984,13.719999313354492,13.327999114990234,13.399998664855957,11912023,0.0,0.0,0.0
2023-04-02 00:00:00+02:00,13.399998664855957,13.59999942779541,13.38399887084961,13.519998550415039,4954037,0.0,0.0,0.0
2023-04-03 00:00:00+02:00,13.519998550415039,14.24799919128418,13.59999942779541,14.239998817443848,26072118,0.0,0.0,0.0
2023-04-04 00:00:00+02:00,14.239998817443848,14.399998664855957,14.039999008178711,14.06399917602539,11828052,0.0,0.0,0.0
2023-04-05 00:00:00+02:00,14.06399917602539,14.17599868774414,13.935998916625977,13.975998878479004,9179630,0.0,0.0,0.0
2023-04-06 00:00:00+02:00,13.975998878479004,14.06399917602539,13.607998847961426,13.719999313354492,10184365,0.0,0.0,0.0
2023-04-09 00:00:00+02:00,13.719999313354492,13.791998863220215,13.375999450683594,13.439998626708984,6518717,0.0,0.0,0.0
2023-04-10 00:00:00+02:00,13.439998626708984,13.671998977661133,13.38399887084961,13.455999374389648,6382656,0.0,0.0,0.0
2023-04-11 00:00:00+02:00,13.455999374389648,13.903999328613281,13.471999168395996,13.839999198913574,8750310,0.0,0.0,0.0
2023-04-12 00:00:00+02:00,13.839999198913574,13.903999328613281,13.535999298095703,13.567998886108398,7318740,0.0,0.0,0.0
2023-04-13 00:00:00+02:00,13.567998886108398,13.75999927520752,13.439998626708984,13.439998626708984,10084382,0.0,0.0,0.0
2023-04-18 00:00:00+02:00,13.439998626708984,14.159998893737793,13.535999298095703,14.079998970031738,14603013,0.0,0.0,0.0
2023-04-19 00:00:00+02:00,14.079998970031738,14.319998741149902,13.911998748779297,14.06399917602539,12805381,0.0,0.0,0.0
2023-04-26 00:00:00+02:00,14.06399917602539,14.143999099731445,13.863999366760254,13.863999366760254,6873122,0.0,0.0,0.0
2023-04-27 00:00:00+02:00,13.863999366760254,14.959999084472656,13.959999084472656,14.59999942779541,20442506,0.0,0.0,0.0
2023-04-30 00:00:00+03:00,14.59999942779541,15.103999137878418,14.527998924255371,14.559999465942383,22173253,0.0,0.0,0.0
2023-05-01 00:00:00+03:00,14.559999465942383,14.559999465942383,14.559999465942383,14.559999465942383,0,0.0,0.0,0.0
2023-05-02 00:00:00+03:00,14.327999114990234,14.519998550415039,14.167999267578125,14.415999412536621,9206105,0.0,0.0,0.0
2023-05-03 00:00:00+03:00,14.415999412536621,14.591999053955078,14.2239990234375,14.559999465942383,14306942,0.0,0.0,0.0
2023-05-07 00:00:00+03:00,14.559999465942383,14.55199909210205,14.19999885559082,14.33599853515625,10540020,0.0,0.0,0.0
2023-05-08 00:00:00+03:00,14.33599853515625,14.911998748779297,14.343998908996582,14.863999366760254,11814203,0.0,0.0,0.0
2023-05-09 00:00:00+03:00,14.863999366760254,15.263998985290527,14.815999031066895,14.919999122619629,22796160,0.0,0.0,0.0
2023-05-10 00:00:00+03:00,14.919999122619629,15.57599925994873,14.719999313354492,15.431999206542969,25441022,0.0,0.0,0.0
2023-05-11 00:00:00+03:00,15.431999206542969,15.559999465942383,15.135998725891113,15.159998893737793,16000706,0.0,0.0,0.0
2023-05-14 00:00:00+03:00,15.159998893737793,15.38399887084961,14.975998878479004,15.35999870300293,9622720,0.0,0.0,0.0
2023-05-15 00:00:00+03:00,15.35999870300293,15.463998794555664,14.919999122619629,15.039999008178711,16971386,0.0,0.0,0.0
2023-05-16 00:00:00+03:00,15.039999008178711,15.167999267578125,14.73599910736084,15.151999473571777,15793298,0.0,0.0,0.0
2023-05-17 00:00:00+03:00,15.151999473571777,15.19999885559082,14.655999183654785,14.719999313354492,14924161,0.0,0.0,0.0
2023-05-18 00:00:00+03:00,14.719999313354492,14.879999160766602,14.57599925994873,14.879999160766602,7254080,0.0,0.0,0.0
2023-05-21 00:00:00+03:00,14.879999160766602,14.959999084472656,14.719999313354492,14.815999031066895,4107558,0.0,0.0,0.0
2023-05-22 00:00:00+03:00,14.815999031066895,15.007999420166016,14.559999465942383,14.679999351501465,10524765,0.0,0.0,0.0
2023-05-23 00:00:00+03:00,14.679999351501465,14.719999313354492,14.399998664855957,14.639999389648438,7014367,0.0,0.0,0.0
2023-05-24 00:00:00+03:00,14.639999389648438,14.959999084472656,14.719999313354492,14.959999084472656,6776201,0.0,0.0,0.0
2023-05-25 00:00:00+03:00,14.959999084472656,15.119998931884766,14.831998825073242,14.855998992919922,4985907,0.0,0.0,0.0
2023-05-28 00:00:00+03:00,14.855998992919922,14.983999252319336,14.799999237060547,14.84799861907959,3642831,0.0,0.0,0.0
2023-05-29 00:00:00+03:00,14.84799861907959,15.031998634338379,14.799999237060547,15.007999420166016,5259840,0.0,0.0,0.0
2023-05-30 00:00:00+03:00,15.007999420166016,15.38399887084961,14.999999046325684,15.255998611450195,13579598,0.0,0.0,0.0
2023-05-31 00:00:00+03:00,15.255998611450195,15.439998626708984,15.127999305725098,15.151999473571777,12806842,0.0,0.0,0.0
2023-06-01 00:00:00+03:00,15.151999473571777,15.567998886108398,15.127999305725098,15.407999038696289,9535667,0.0,0.0,0.0
2023-06-04 00:00:00+03:00,15.407999038696289,15.751998901367188,15.431999206542969,15.439998626708984,10332513,0.0,0.0,0.0
2023-06-05 00:00:00+03:00,15.439998626708984,16.03999900817871,15.479998588562012,15.84799861907959,16571721,0.0,0.0,0.0
2023-06-06 00:00:00+03:00,15.84799861907959,16.119998931884766,15.799999237060547,15.823999404907227,7915073,0.0,0.0,0.0
2023-06-07 00:00:00+03:00,15.823999404907227,16.08799934387207,15.647998809814453,15.647998809814453,8038197,0.0,0.0,0.0
2023-06-08 00:00:00+03:00,15.647998809814453,15.863999366760254,15.623998641967773,15.75999927520752,3515581,0.0,0.0,0.0
2023-06-11 00:00:00+03:00,15.75999927520752,16.119998931884766,15.839999198913574,15.911998748779297,4773511,0.0,0.0,0.0
2023-06-12 00:00:00+03:00,15.911998748779297,16.031999588012695,15.839999198913574,15.84799861907959,876383,0.0,0.0,0.0
2023-06-13 00:00:00+03:00,15.84799861907959,16.055999755859375,15.743998527526855,15.807998657226562,9796063,0.0,0.0,0.0
2023-06-14 00:00:00+03:00,15.807998657226562,16.279998779296875,15.87199878692627,15.999999046325684,12582915,0.0,0.0,0.0
2023-06-15 00:00:00+03:00,15.999999046325684,16.119998931884766,15.863999366760254,15.903999328613281,3824212,0.0,0.0,0.0
2023-06-18 00:00:00+03:00,15.903999328613281,16.03999900817871,15.903999328613281,15.943999290466309,2097748,0.0,0.0,0.0
2023-06-19 00:00:00+03:00,15.943999290466309,16.071998596191406,15.38399887084961,15.607998847961426,9650041,0.0,0.0,0.0
2023-06-20 00:00:00+03:00,15.607998847961426,15.799999237060547,15.447999000549316,15.59999942779541,6340750,0.0,0.0,0.0
2023-06-21 00:00:00+03:00,15.59999942779541,15.6639986038208,15.279998779296875,15.423998832702637,3717210,0.0,0.0,0.0
2023-06-22 00:00:00+03:00,15.423998832702637,15.511999130249023,15.19999885559082,15.343998908996582,4460325,0.0,0.0,0.0
2023-06-25 00:00:00+03:00,15.343998908996582,15.439998626708984,14.727998733520508,14.799999237060547,7211025,0.0,0.0,0.0
2023-06-26 00:00:00+03:00,14.799999237060547,15.119998931884766,14.727998733520508,15.039999008178711,2513721,0.0,0.0,0.0
2023-07-04 00:00:00+03:00,15.039999008178711,15.19999885559082,14.839999198913574,14.87199878692627,2254767,0.0,0.0,0.0
2023-07-05 00:00:00+03:00,14.87199878692627,15.031998634338379,14.84799861907959,14.87199878692627,6722296,0.0,0.0,0.0
2023-07-06 00:00:00+03:00,14.87199878692627,15.319998741149902,15.06399917602539,15.183999061584473,3636016,0.0,0.0,0.0
2023-07-09 00:00:00+03:00,15.183999061584473,15.207999229431152,14.439998626708984,14.447999000549316,2272276,0.0,0.0,0.0
2023-07-10 00:00:00+03:00,14.447999000549316,15.183999061584473,14.439998626708984,14.999999046325684,4578227,0.0,0.0,0.0
2023-07-11 00:00:00+03:00,14.999999046325684,15.879999160766602,14.975998878479004,15.535999298095703,8695503,0.0,0.0,0.0
2023-07-12 00:00:00+03:00,15.535999298095703,15.671998977661133,15.239998817443848,15.399998664855957,6114373,0.0,0.0,0.0
2023-07-13 00:00:00+03:00,15.399998664855957,15.799999237060547,15.455999374389648,15.527998924255371,4276002,0.0,0.0,0.0
2023-07-16 00:00:00+03:00,15.527998924255371,15.6639986038208,15.487998962402344,15.543998718261719,1560858,0.0,0.0,0.0
2023-07-17 00:00:00+03:00,15.543998718261719,15.75999927520752,15.495999336242676,15.671998977661133,4125343,0.0,0.0,0.0
2023-07-18 00:00:00+03:00,15.671998977661133,15.831998825073242,15.647998809814453,15.695999145507812,5443230,0.0,0.0,0.0
2023-07-19 00:00:00+03:00,15.695999145507812,15.695999145507812,15.695999145507812,15.695999145507812,0,0.0,0.0,0.0
2023-07-24 00:00:00+03:00,15.84799861907959,16.08799934387207,15.84799861907959,15.959999084472656,5975675,0.0,0.0,0.0
2023-07-25 00:00:00+03:00,15.959999084472656,16.119998931884766,15.727998733520508,15.743998527526855,4403568,0.0,0.0,0.0
2023-07-26 00:00:00+03:00,15.743998527526855,15.887998580932617,15.6639986038208,15.855998992919922,3058775,0.0,0.0,0.0
2023-07-27 00:00:00+03:00,15.855998992919922,16.06399917602539,15.815999031066895,15.879999160766602,6594490,0.0,0.0,0.0
2023-07-30 00:00:00+03:00,15.879999160766602,16.847999572753906,15.919999122619629,16.599998474121094,20688010,0.0,0.0,0.0
2023-07-31 00:00:00+03:00,16.600000381469727,16.8799991607666,16.399999618530273,16.479999542236328,10569693,0.0,1.25,0.0
2023-08-01 00:00:00+03:00,16.479999542236328,16.760000228881836,16.34000015258789,16.34000015258789,10338200,0.0,0.0,0.0
2023-08-02 00:00:00+03:00,16.34000015258789,16.600000381469727,15.899999618530273,15.899999618530273,8186347,0.0,0.0,0.0
2023-08-03 00:00:00+03:00,15.899999618530273,16.079999923706055,15.680000305175781,15.899999618530273,6340218,0.0,0.0,0.0
2023-08-06 00:00:00+03:00,15.899999618530273,16.18000030517578,15.800000190734863,16.149999618530273,3624652,0.0,0.0,0.0
2023-08-07 00:00:00+03:00,16.149999618530273,16.31999969482422,16.0,16.139999389648438,6180586,0.0,0.0,0.0
2023-08-08 00:00:00+03:00,16.139999389648438,16.469999313354492,16.059999465942383,16.149999618530273,13262470,0.0,0.0,0.0
2023-08-09 00:00:00+03:00,16.149999618530273,16.3799991607666,16.139999389648438,16.139999389648438,7080909,0.0,0.0,0.0
2023-08-10 00:00:00+03:00,16.139999389648438,16.25,16.0,16.100000381469727,3688086,0.0,0.0,0.0
2023-08-13 00:00:00+03:00,16.100000381469727,16.200000762939453,16.0,16.100000381469727,2557586,0.0,0.0,0.0
2023-08-14 00:00:00+03:00,16.100000381469727,16.34000015258789,16.040000915527344,16.040000915527344,8375156,0.0,0.0,0.0
2023-08-15 00:00:00+03:00,16.040000915527344,16.18000030517578,15.949999809265137,15.949999809265137,3074916,0.0,0.0,0.0
2023-08-16 00:00:00+03:00,15.949999809265137,16.260000228881836,15.920000076293945,15.949999809265137,5400298,0.0,0.0,0.0
2023-08-17 00:00:00+03:00,15.949999809265137,16.1200008392334,15.819999694824219,15.819999694824219,5946368,0.0,0.0,0.0
2023-08-20 00:00:00+03:00,15.819999694824219,16.049999237060547,15.800000190734863,15.890000343322754,2244375,0.0,0.0,0.0
2023-08-21 00:00:00+03:00,15.890000343322754,15.989999771118164,15.630000114440918,15.630000114440918,5077087,0.0,0.0,0.0
2023-08-22 00:00:00+03:00,15.630000114440918,15.90999984741211,15.680000305175781,15.8100004196167,6512508,0.0,0.0,0.0
2023-08-23 00:00:00+03:00,15.8100004196167,16.049999237060547,15.699999809265137,15.729999542236328,3968888,0.0,0.0,0.0
2023-08-24 00:00:00+03:00,15.729999542236328,15.800000190734863,15.579999923706055,15.699999809265137,2819429,0.0,0.0,0.0
2023-08-27 00:00:00+03:00,15.699999809265137,15.970000267028809,15.710000038146973,15.800000190734863,3044320,0.0,0.0,0.0
2023-08-28 00:00:00+03:00,15.800000190734863,16.200000762939453,15.850000381469727,15.920000076293945,4980429,0.0,0.0,0.0
2023-08-29 00:00:00+03:00,15.920000076293945,16.170000076293945,15.979999542236328,16.059999465942383,4098558,0.0,0.0,0.0
2023-08-30 00:00:00+03:00,16.059999465942383,16.170000076293945,15.949999809265137,16.010000228881836,2218142,0.0,0.0,0.0
2023-08-31 00:00:00+03:00,16.010000228881836,16.010000228881836,16.010000228881836,16.010000228881836,0,0.0,0.0,0.0
2023-09-03 00:00:00+03:00,15.9399995803833,16.059999465942383,15.75,15.75,1480464,0.0,0.0,0.0
2023-09-04 00:00:00+03:00,15.75,16.049999237060547,15.770000457763672,16.049999237060547,1840159,0.0,0.0,0.0
2023-09-05 00:00:00+03:00,16.049999237060547,16.059999465942383,15.8100004196167,15.899999618530273,2918768,0.0,0.0,0.0
2023-09-06 00:00:00+03:00,15.899999618530273,16.229999542236328,15.84000015258789,16.0,7381672,0.0,0.0,0.0
2023-09-07 00:00:00+03:00,16.0,16.1200008392334,15.859999656677246,15.899999618530273,4036275,0.0,0.0,0.0
2023-09-10 00:00:00+03:00,15.899999618530273,15.899999618530273,15.899999618530273,15.899999618530273,0,0.0,0.0,0.0
2023-09-11 00:00:00+03:00,15.899999618530273,15.979999542236328,15.65999984741211,15.710000038146973,7440227,0.0,0.0,0.0
2023-09-12 00:00:00+03:00,15.710000038146973,15.75,15.579999923706055,15.600000381469727,4141301,0.0,0.0,0.0
2023-09-13 00:00:00+03:00,15.600000381469727,15.800000190734863,15.550000190734863,15.75,1367857,0.0,0.0,0.0
2023-09-14 00:00:00+03:00,15.75,15.800000190734863,15.65999984741211,15.770000457763672,1854892,0.0,0.0,0.0
2023-09-17 00:00:00+03:00,15.770000457763672,15.800000190734863,15.680000305175781,15.710000038146973,3220829,0.0,0.0,0.0
2023-09-18 00:00:00+03:00,15.710000038146973,15.850000381469727,15.630000114440918,15.649999618530273,5640880,0.0,0.0,0.0
2023-09-19 00:00:00+03:00,15.649999618530273,15.75,15.489999771118164,15.510000228881836,8765738,0.0,0.0,0.0
2023-09-20 00:00:00+03:00,15.510000228881836,15.510000228881836,15.510000228881836,15.510000228881836,0,0.0,0.0,0.0
2023-09-21 00:00:00+03:00,15.510000228881836,15.510000228881836,15.510000228881836,15.510000228881836,0,0.0,0.0,0.0
2023-09-24 00:00:00+03:00,15.510000228881836,15.510000228881836,15.510000228881836,15.510000228881836,0,0.0,0.0,0.0
2023-09-25 00:00:00+03:00,15.020000457763672,15.220000267028809,14.979999542236328,15.069999694824219,3236921,0.0,0.0,0.0
2023-09-26 00:00:00+03:00,15.069999694824219,15.489999771118164,15.010000228881836,15.180000305175781,12876477,0.0,0.0,0.0
2023-09-27 00:00:00+03:00,15.180000305175781,15.180000305175781,15.180000305175781,15.180000305175781,0,0.0,0.0,0.0
2023-10-01 00:00:00+03:00,15.180000305175781,15.180000305175781,15.180000305175781,15.180000305175781,0,0.0,0.0,0.0
2023-10-02 00:00:00+03:00,14.350000381469727,14.9399995803833,14.300000190734863,14.8100004196167,4154887,0.0,0.0,0.0
2023-10-03 00:00:00+03:00,14.8100004196167,15.0,14.630000114440918,15.0,2990221,0.0,0.0,0.0
2023-10-04 00:00:00+03:00,15.0,15.199999809265137,14.720000267028809,15.180000305175781,2964232,0.0,0.0,0.0
2023-10-08 00:00:00+03:00,15.180000305175781,15.149999618530273,13.899999618530273,14.699999809265137,3119654,0.0,0.0,0.0
2023-10-09 00:00:00+03:00,14.699999809265137,14.699999809265137,14.460000038146973,14.550000190734863,1281486,0.0,0.0,0.0
2023-10-10 00:00:00+03:00,14.550000190734863,14.899999618530273,14.460000038146973,14.899999618530273,7568457,0.0,0.0,0.0
2023-10-11 00:00:00+03:00,14.899999618530273,15.0,14.75,15.0,4824944,0.0,0.0,0.0
2023-10-12 00:00:00+03:00,15.0,15.140000343322754,14.770000457763672,14.800000190734863,4879868,0.0,0.0,0.0
2023-10-15 00:00:00+03:00,14.800000190734863,14.920000076293945,14.390000343322754,14.390000343322754,7643586,0.0,0.0,0.0
2023-10-16 00:00:00+03:00,14.390000343322754,14.699999809265137,14.4399995803833,14.619999885559082,3244432,0.0,0.0,0.0
2023-10-17 00:00:00+03:00,14.619999885559082,15.720000267028809,14.720000267028809,15.699999809265137,20695919,0.0,0.0,0.0
2023-10-18 00:00:00+03:00,15.699999809265137,16.09000015258789,15.579999923706055,15.84000015258789,14095095,0.0,0.0,0.0
2023-10-19 00:00:00+03:00,15.84000015258789,15.84000015258789,15.84000015258789,15.84000015258789,0,0.0,0.0,0.0
2023-10-22 00:00:00+03:00,15.600000381469727,15.850000381469727,15.600000381469727,15.699999809265137,3075387,0.0,0.0,0.0
2023-10-23 00:00:00+03:00,15.699999809265137,15.84000015258789,15.430000305175781,15.470000267028809,5942794,0.0,0.0,0.0
2023-10-24 00:00:00+03:00,15.470000267028809,15.9399995803833,15.5,15.65999984741211,14543759,0.0,0.0,0.0
2023-10-25 00:00:00+03:00,15.65999984741211,16.549999237060547,15.75,16.469999313354492,16956029,0.0,0.0,0.0
2023-10-26 00:00:00+03:00,16.469999313354492,17.149999618530273,16.420000076293945,16.90999984741211,17247229,0.0,0.0,0.0
2023-10-29 00:00:00+02:00,16.90999984741211,17.649999618530273,16.940000534057617,17.309999465942383,12878109,0.0,0.0,0.0
2023-10-30 00:00:00+02:00,17.309999465942383,17.670000076293945,16.889999389648438,17.0,6882722,0.0,0.0,0.0
2023-10-31 00:00:00+02:00,17.0,17.100000381469727,16.510000228881836,16.700000762939453,11915050,0.0,0.0,0.0
2023-11-01 00:00:00+02:00,16.700000762939453,16.889999389648438,16.309999465942383,16.549999237060547,3934082,0.0,0.0,0.0
2023-11-02 00:00:00+02:00,16.549999237060547,17.170000076293945,16.469999313354492,17.0,5567737,0.0,0.0,0.0
2023-11-05 00:00:00+02:00,17.0,17.829999923706055,17.100000381469727,17.829999923706055,9129300,0.0,0.0,0.0
2023-11-06 00:00:00+02:00,17.829999923706055,18.100000381469727,17.6200008392334,17.899999618530273,20563828,0.0,0.0,0.0
2023-11-07 00:00:00+02:00,17.899999618530273,18.469999313354492,17.809999465942383,18.399999618530273,9963872,0.0,0.0,0.0
2023-11-08 00:00:00+02:00,18.399999618530273,18.600000381469727,18.110000610351562,18.15999984741211,3373674,0.0,0.0,0.0
2023-11-09 00:00:00+02:00,18.15999984741211,18.479999542236328,17.709999084472656,17.8700008392334,5242711,0.0,0.0,0.0
2023-11-12 00:00:00+02:00,17.8700008392334,18.0,17.649999618530273,17.690000534057617,3028458,0.0,0.0,0.0
2023-11-13 00:00:00+02:00,17.690000534057617,18.010000228881836,17.549999237060547,17.700000762939453,3819450,0.0,0.0,0.0
2023-11-14 00:00:00+02:00,17.700000762939453,18.0,17.65999984741211,17.770000457763672,12842903,0.0,0.0,0.0
2023-11-15 00:00:00+02:00,17.770000457763672,17.979999542236328,17.479999542236328,17.549999237060547,3363728,0.0,0.0,0.0
2023-11-16 00:00:00+02:00,17.549999237060547,17.799999237060547,17.489999771118164,17.68000030517578,4573771,0.0,0.0,0.0
2023-11-19 00:00:00+02:00,17.68000030517578,17.920000076293945,17.68000030517578,17.770000457763672,4599275,0.0,0.0,0.0
2023-11-20 00:00:00+02:00,17.770000457763672,18.290000915527344,17.829999923706055,17.90999984741211,9484168,0.0,0.0,0.0
2023-11-21 00:00:00+02:00,17.90999984741211,18.0,17.670000076293945,17.860000610351562,6872950,0.0,0.0,0.0
2023-11-22 00:00:00+02:00,17.860000610351562,18.3799991607666,17.899999618530273,18.219999313354492,7169560,0.0,0.0,0.0
2023-11-23 00:00:00+02:00,18.219999313354492,18.93000030517578,18.25,18.81999969482422,14791817,0.0,0.0,0.0
2023-11-26 00:00:00+02:00,18.81999969482422,19.15999984741211,18.8700008392334,19.049999237060547,7128142,0.0,0.0,0.0
2023-11-27 00:00:00+02:00,19.049999237060547,19.709999084472656,18.920000076293945,19.459999084472656,7937387,0.0,0.0,0.0
2023-11-28 00:00:00+02:00,19.459999084472656,19.59000015258789,18.959999084472656,19.229999542236328,18354273,0.0,0.0,0.0
2023-11-29 00:00:00+02:00,19.229999542236328,19.239999771118164,18.600000381469727,18.75,10932908,0.0,0.0,0.0
2023-11-30 00:00:00+02:00,18.75,18.770000457763672,18.299999237060547,18.459999084472656,6531201,0.0,0.0,0.0
2023-12-03 00:00:00+02:00,18.459999084472656,18.649999618530273,18.270000457763672,18.5,1710234,0.0,0.0,0.0
2023-12-04 00:00:00+02:00,18.5,19.049999237060547,18.600000381469727,18.75,4811781,0.0,0.0,0.0
2023-12-05 00:00:00+02:00,18.75,19.100000381469727,18.479999542236328,18.510000228881836,8342795,0.0,0.0,0.0
2023-12-06 00:00:00+02:00,18.510000228881836,18.690000534057617,17.899999618530273,17.899999618530273,9589028,0.0,0.0,0.0
2023-12-07 00:00:00+02:00,17.899999618530273,17.979999542236328,17.399999618530273,17.5,5321540,0.0,0.0,0.0
2023-12-10 00:00:00+02:00,17.5,18.110000610351562,17.5,17.600000381469727,4815324,0.0,0.0,0.0
2023-12-11 00:00:00+02:00,17.600000381469727,17.739999771118164,17.40999984741211,17.520000457763672,1698749,0.0,0.0,0.0
2023-12-12 00:00:00+02:00,17.520000457763672,17.739999771118164,17.209999084472656,17.31999969482422,1881030,0.0,0.0,0.0
2023-12-13 00:00:00+02:00,17.31999969482422,17.520000457763672,17.100000381469727,17.399999618530273,16774342,0.0,0.0,0.0
2023-12-14 00:00:00+02:00,17.399999618530273,17.729999542236328,17.399999618530273,17.399999618530273,11926500,0.0,0.0,0.0
2023-12-17 00:00:00+02:00,17.399999618530273,17.739999771118164,17.43000030517578,17.450000762939453,2315962,0.0,0.0,0.0
2023-12-18 00:00:00+02:00,17.450000762939453,17.729999542236328,17.450000762939453,17.670000076293945,8394807,0.0,0.0,0.0
2023-12-19 00:00:00+02:00,17.670000076293945,17.8799991607666,17.510000228881836,17.600000381469727,13219924,0.0,0.0,0.0
2023-12-20 00:00:00+02:00,17.600000381469727,17.700000762939453,17.360000610351562,17.520000457763672,1960362,0.0,0.0,0.0
2023-12-21 00:00:00+02:00,17.520000457763672,17.6200008392334,17.100000381469727,17.200000762939453,8357491,0.0,0.0,0.0
2023-12-24 00:00:00+02:00,17.200000762939453,17.200000762939453,17.200000762939453,17.200000762939453,0,0.0,0.0,0.0
2023-12-25 00:00:00+02:00,16.84000015258789,17.0,16.65999984741211,16.719999313354492,2997081,0.0,0.0,0.0
2023-12-26 00:00:00+02:00,16.719999313354492,16.899999618530273,16.329999923706055,16.450000762939453,2541857,0.0,0.0,0.0
2023-12-27 00:00:00+02:00,16.450000762939453,16.739999771118164,16.43000030517578,16.690000534057617,2648968,0.0,0.0,0.0
2023-12-28 00:00:00+02:00,16.690000534057617,16.889999389648438,16.399999618530273,16.670000076293945,4220755,0.0,0.0,0.0
2023-12-31 00:00:00+02:00,16.670000076293945,16.8799991607666,16.290000915527344,16.31999969482422,6385101,0.0,0.0,0.0
2024-01-02 00:00:00+02:00,16.31999969482422,17.149999618530273,16.399999618530273,17.020000457763672,5163795,0.0,0.0,0.0
2024-01-03 00:00:00+02:00,17.020000457763672,17.200000762939453,16.84000015258789,16.850000381469727,3022323,0.0,0.0,0.0
2024-01-04 00:00:00+02:00,16.850000381469727,17.1299991607666,16.799999237060547,16.899999618530273,2833328,0.0,0.0,0.0
2024-01-08 00:00:00+02:00,16.899999618530273,17.440000534057617,16.899999618530273,17.260000228881836,8632290,0.0,0.0,0.0
2024-01-09 00:00:00+02:00,17.260000228881836,17.420000076293945,17.18000030517578,17.290000915527344,8634644,0.0,0.0,0.0
2024-01-10 00:00:00+02:00,17.290000915527344,17.530000686645508,17.100000381469727,17.100000381469727,4524550,0.0,0.0,0.0
2024-01-11 00:00:00+02:00,17.100000381469727,17.170000076293945,16.700000762939453,16.809999465942383,7399996,0.0,0.0,0.0
2024-01-14 00:00:00+02:00,16.809999465942383,17.1299991607666,16.860000610351562,17.079999923706055,3718755,0.0,0.0,0.0
2024-01-15 00:00:00+02:00,17.079999923706055,17.309999465942383,17.1299991607666,17.149999618530273,10932350,0.0,0.0,0.0
2024-01-16 00:00:00+02:00,17.149999618530273,17.540000915527344,17.110000610351562,17.399999618530273,11794711,0.0,0.0,0.0
2024-01-17 00:00:00+02:00,17.399999618530273,17.719999313354492,17.280000686645508,17.299999237060547,12328672,0.0,0.0,0.0
2024-01-18 00:00:00+02:00,17.299999237060547,17.5,17.1200008392334,17.34000015258789,4885982,0.0,0.0,0.0
2024-01-21 00:00:00+02:00,17.34000015258789,18.15999984741211,17.239999771118164,18.0,13348789,0.0,0.0,0.0
2024-01-22 00:00:00+02:00,18.0,18.290000915527344,17.8700008392334,17.940000534057617,9887282,0.0,0.0,0.0
2024-01-23 00:00:00+02:00,17.940000534057617,18.06999969482422,17.600000381469727,18.0,12267697,0.0,0.0,0.0
2024-01-24 00:00:00+02:00,18.0,18.25,17.920000076293945,18.0,8385107,0.0,0.0,0.0
2024-01-28 00:00:00+02:00,18.0,18.360000610351562,18.059999465942383,18.299999237060547,6982925,0.0,0.0,0.0
2024-01-29 00:00:00+02:00,18.299999237060547,18.700000762939453,18.100000381469727,18.299999237060547,13777583,0.0,0.0,0.0
2024-01-30 00:00:00+02:00,18.299999237060547,19.149999618530273,18.149999618530273,19.149999618530273,22919311,0.0,0.0,0.0
2024-01-31 00:00:00+02:00,19.149999618530273,19.399999618530273,17.809999465942383,18.100000381469727,13885676,0.0,0.0,0.0
2024-02-01 00:00:00+02:00,18.100000381469727,18.3799991607666,16.450000762939453,18.3799991607666,10112763,0.0,0.0,0.0
2024-02-04 00:00:00+02:00,18.3799991607666,18.260000228881836,17.100000381469727,18.200000762939453,5941258,0.0,0.0,0.0
2024-02-05 00:00:00+02:00,18.200000762939453,18.639999389648438,18.059999465942383,18.209999084472656,5622927,0.0,0.0,0.0
2024-02-06 00:00:00+02:00,18.209999084472656,19.149999618530273,18.450000762939453,18.799999237060547,18381121,0.0,0.0,0.0
2024-02-07 00:00:00+02:00,18.799999237060547,19.399999618530273,18.5,18.959999084472656,11455506,0.0,0.0,0.0
2024-02-08 00:00:00+02:00,18.959999084472656,19.149999618530273,18.770000457763672,19.010000228881836,3577064,0.0,0.0,0.0
2024-02-11 00:00:00+02:00,19.010000228881836,19.329999923706055,18.75,18.899999618530273,8354202,0.0,0.0,0.0
2024-02-12 00:00:00+02:00,18.899999618530273,19.3799991607666,18.399999618530273,19.020000457763672,9296669,0.0,0.0,0.0
2024-02-13 00:00:00+02:00,19.020000457763672,19.200000762939453,18.649999618530273,18.950000762939453,7646498,0.0,0.0,0.0
2024-02-14 00:00:00+02:00,18.950000762939453,19.760000228881836,19.010000228881836,19.700000762939453,18287375,0.0,0.0,0.0
2024-02-15 00:00:00+02:00,19.700000762939453,19.940000534057617,19.43000030517578,19.780000686645508,9362371,0.0,0.0,0.0
2024-02-18 00:00:00+02:00,19.780000686645508,19.780000686645508,19.780000686645508,19.780000686645508,0,0.0,0.0,0.0
2024-02-19 00:00:00+02:00,20.299999237060547,20.5,19.920000076293945,20.100000381469727,9279089,0.0,0.0,0.0
2024-02-20 00:00:00+02:00,20.100000381469727,20.440000534057617,19.950000762939453,20.200000762939453,17853809,0.0,0.0,0.0
2024-02-21 00:00:00+02:00,20.200000762939453,20.399999618530273,19.899999618530273,20.049999237060547,8156063,0.0,0.0,0.0
2024-02-22 00:00:00+02:00,20.049999237060547,20.200000762939453,19.899999618530273,20.049999237060547,5005533,0.0,0.0,0.0
2024-02-25 00:00:00+02:00,20.049999237060547,19.299999237060547,18.299999237060547,18.600000381469727,10691523,0.0,0.0,0.0
2024-02-26 00:00:00+02:00,18.600000381469727,19.06999969482422,18.049999237060547,18.600000381469727,11891938,0.0,0.0,0.0
2024-02-27 00:00:00+02:00,18.600000381469727,19.690000534057617,18.729999542236328,19.399999618530273,26703438,0.0,0.0,0.0
2024-02-28 00:00:00+02:00,19.399999618530273,19.690000534057617,18.950000762939453,19.0,3727710,0.0,0.0,0.0
2024-02-29 00:00:00+02:00,19.0,19.15999984741211,18.520000457763672,18.809999465942383,12065543,0.0,0.0,0.0
2024-03-03 00:00:00+02:00,18.809999465942383,19.200000762939453,18.520000457763672,19.010000228881836,5141779,0.0,0.0,0.0
2024-03-04 00:00:00+02:00,19.010000228881836,20.049999237060547,19.190000534057617,20.0,11477710,0.0,0.0,0.0
2024-03-05 00:00:00+02:00,20.0,21.0,20.0,20.700000762939453,18729028,0.0,0.0,0.0
2024-03-06 00:00:00+02:00,20.700000762939453,22.0,20.149999618530273,20.149999618530273,33543002,0.0,0.0,0.0
2024-03-07 00:00:00+02:00,20.149999618530273,21.299999237060547,19.600000381469727,21.299999237060547,13157123,0.0,0.0,0.0
2024-03-10 00:00:00+02:00,21.299999237060547,23.34000015258789,21.899999618530273,22.889999389648438,36867883,0.0,0.0,0.0
2024-03-11 00:00:00+02:00,22.889999389648438,23.969999313354492,22.799999237060547,23.0,17988812,0.0,0.0,0.0
2024-03-12 00:00:00+02:00,23.0,23.059999465942383,21.420000076293945,22.030000686645508,10621774,0.0,0.0,0.0
2024-03-13 00:00:00+02:00,22.030000686645508,22.299999237060547,20.399999618530273,20.530000686645508,17134089,0.0,0.0,0.0
2024-03-14 00:00:00+02:00,20.530000686645508,20.899999618530273,20.0,20.520000457763672,10656588,0.0,0.0,0.0
2024-03-17 00:00:00+02:00,20.520000457763672,20.950000762939453,19.809999465942383,19.829999923706055,6084670,0.0,0.0,0.0
2024-03-18 00:00:00+02:00,19.829999923706055,19.829999923706055,18.209999084472656,18.209999084472656,8562501,0.0,0.0,0.0
2024-03-19 00:00:00+02:00,18.209999084472656,18.450000762939453,17.059999465942383,17.719999313354492,12790036,0.0,0.0,0.0
2024-03-20 00:00:00+02:00,17.719999313354492,18.200000762939453,17.600000381469727,17.739999771118164,5569085,0.0,0.0,0.0
2024-03-21 00:00:00+02:00,17.739999771118164,18.6299991607666,17.809999465942383,18.5,4866552,0.0,0.0,0.0
2024-03-24 00:00:00+02:00,18.5,18.700000762939453,18.239999771118164,18.309999465942383,2690813,0.0,0.0,0.0
2024-03-25 00:00:00+02:00,18.309999465942383,18.969999313354492,18.1299991607666,18.899999618530273,6577642,0.0,0.0,0.0
2024-03-26 00:00:00+02:00,18.899999618530273,19.350000381469727,18.760000228881836,18.920000076293945,8935395,0.0,0.0,0.0
2024-03-27 00:00:00+02:00,18.920000076293945,18.899999618530273,17.799999237060547,18.100000381469727,12365775,0.0,0.0,0.0
2024-03-28 00:00:00+02:00,18.100000381469727,18.100000381469727,17.649999618530273,17.649999618530273,3058491,0.0,0.0,0.0
2024-03-31 00:00:00+02:00,17.649999618530273,17.790000915527344,17.0,17.350000381469727,3493392,0.0,0.0,0.0
2024-04-01 00:00:00+02:00,17.350000381469727,17.8700008392334,17.0,17.799999237060547,6555469,0.0,0.0,0.0
2024-04-02 00:00:00+02:00,17.799999237060547,18.0,17.309999465942383,17.31999969482422,6634895,0.0,0.0,0.0
2024-04-03 00:00:00+02:00,17.31999969482422,17.450000762939453,17.030000686645508,17.149999618530273,4619355,0.0,0.0,0.0
2024-04-04 00:00:00+02:00,17.149999618530273,17.59000015258789,17.190000534057617,17.360000610351562,5519339,0.0,0.0,0.0
2024-04-07 00:00:00+02:00,17.360000610351562,17.59000015258789,17.149999618530273,17.149999618530273,2125534,0.0,0.0,0.0
2024-04-08 00:00:00+02:00,17.149999618530273,17.299999237060547,17.0,17.209999084472656,4861829,0.0,0.0,0.0
2024-04-15 00:00:00+02:00,17.209999084472656,17.639999389648438,17.1299991607666,17.600000381469727,6179410,0.0,0.0,0.0
2024-04-16 00:00:00+02:00,17.600000381469727,17.860000610351562,17.520000457763672,17.760000228881836,6716943,0.0,0.0,0.0
2024-04-17 00:00:00+02:00,17.760000228881836,17.889999389648438,17.610000610351562,17.610000610351562,4198540,0.0,0.0,0.0
2024-04-18 00:00:00+02:00,17.610000610351562,18.010000228881836,16.5,17.100000381469727,5899186,0.0,0.0,0.0
2024-04-21 00:00:00+02:00,17.100000381469727,17.40999984741211,17.149999618530273,17.399999618530273,1359085,0.0,0.0,0.0
2024-04-22 00:00:00+02:00,17.399999618530273,17.65999984741211,17.1200008392334,17.1200008392334,4553790,0.0,0.0,0.0
2024-04-23 00:00:00+02:00,17.1200008392334,17.25,16.5,16.510000228881836,10419324,0.0,0.0,0.0
2024-04-24 00:00:00+02:00,16.510000228881836,16.649999618530273,15.649999618530273,16.229999542236328,4471735,0.0,0.0,0.0
2024-04-28 00:00:00+03:00,16.229999542236328,16.229999542236328,16.229999542236328,16.229999542236328,0,0.0,0.0,0.0
2024-04-29 00:00:00+03:00,15.699999809265137,15.979999542236328,15.600000381469727,15.9399995803833,2163010,0.0,0.0,0.0
2024-04-30 00:00:00+03:00,15.9399995803833,16.059999465942383,14.40999984741211,14.800000190734863,5531019,0.0,0.0,0.0
2024-05-02 00:00:00+03:00,15.140000343322754,15.800000190734863,15.029999732971191,15.380000114440918,2019306,0.0,0.0,0.0
2024-05-07 00:00:00+03:00,15.380000114440918,15.890000343322754,15.0,15.890000343322754,1632157,0.0,0.0,0.0
2024-05-08 00:00:00+03:00,15.890000343322754,15.989999771118164,14.720000267028809,14.720000267028809,10570585,0.0,0.0,0.0
2024-05-09 00:00:00+03:00,14.720000267028809,15.079999923706055,14.75,14.760000228881836,3614855,0.0,0.0,0.0
2024-05-12 00:00:00+03:00,14.760000228881836,14.890000343322754,14.0,14.270000457763672,2859360,0.0,0.0,0.0
2024-05-13 00:00:00+03:00,14.270000457763672,14.270000457763672,13.869999885559082,14.119999885559082,7620807,0.0,0.0,0.0
2024-05-14 00:00:00+03:00,14.119999885559082,14.390000343322754,14.069999694824219,14.25,2325394,0.0,0.0,0.0
2024-05-15 00:00:00+03:00,14.25,14.569999694824219,14.010000228881836,14.380000114440918,4155301,0.0,0.0,0.0
2024-05-16 00:00:00+03:00,14.380000114440918,15.0,14.350000381469727,14.8100004196167,7357133,0.0,0.0,0.0
2024-05-19 00:00:00+03:00,14.8100004196167,15.680000305175781,14.890000343322754,15.550000190734863,4707562,0.0,0.0,0.0
2024-05-20 00:00:00+03:00,15.550000190734863,15.680000305175781,15.119999885559082,15.119999885559082,3873435,0.0,0.0,0.0
2024-05-21 00:00:00+03:00,15.119999885559082,15.600000381469727,15.050000190734863,15.369999885559082,3952359,0.0,0.0,0.0
2024-05-22 00:00:00+03:00,15.369999885559082,15.640000343322754,15.210000038146973,15.600000381469727,3505067,0.0,0.0,0.0
2024-05-23 00:00:00+03:00,15.600000381469727,16.559999465942383,15.720000267028809,16.1200008392334,10492425,0.0,0.0,0.0
2024-05-26 00:00:00+03:00,16.1200008392334,16.1200008392334,16.1200008392334,16.1200008392334,0,0.0,0.0,0.0
2024-05-27 00:00:00+03:00,16.5,16.59000015258789,16.200000762939453,16.25,2626861,0.0,0.0,0.0
2024-05-28 00:00:00+03:00,16.25,16.40999984741211,15.8100004196167,16.31999969482422,3509075,0.0,0.0,0.0
2024-05-29 00:00:00+03:00,16.31999969482422,16.399999618530273,15.960000038146973,15.960000038146973,4340988,0.0,0.0,0.0
2024-05-30 00:00:00+03:00,15.960000038146973,16.139999389648438,15.25,15.399999618530273,45637175,0.0,0.0,0.0
2024-06-02 00:00:00+03:00,15.399999618530273,16.5,15.399999618530273,16.25,19974007,0.0,0.0,0.0
2024-06-03 00:00:00+03:00,16.25,17.399999618530273,16.299999237060547,17.020000457763672,30893930,0.0,0.0,0.0
2024-06-04 00:00:00+03:00,17.020000457763672,17.969999313354492,16.90999984741211,17.600000381469727,23917413,0.0,0.0,0.0
2024-06-05 00:00:00+03:00,17.600000381469727,17.75,16.860000610351562,17.209999084472656,5879196,0.0,0.0,0.0
2024-06-06 00:00:00+03:00,17.209999084472656,17.440000534057617,16.799999237060547,17.0,5469860,0.0,0.0,0.0
2024-06-09 00:00:00+03:00,17.0,17.149999618530273,16.700000762939453,16.989999771118164,2389763,0.0,0.0,0.0
2024-06-10 00:00:00+03:00,16.989999771118164,17.200000762939453,16.799999237060547,17.139999389648438,2079402,0.0,0.0,0.0
2024-06-11 00:00:00+03:00,17.139999389648438,17.59000015258789,17.1200008392334,17.350000381469727,7137125,0.0,0.0,0.0
2024-06-12 00:00:00+03:00,17.350000381469727,17.690000534057617,17.100000381469727,17.100000381469727,5692741,0.0,0.0,0.0
2024-06-13 00:00:00+03:00,17.100000381469727,17.43000030517578,17.100000381469727,17.399999618530273,5301846,0.0,0.0,0.0
2024-06-23 00:00:00+03:00,17.399999618530273,18.649999618530273,17.440000534057617,18.489999771118164,9711257,0.0,0.0,0.0
2024-06-24 00:00:00+03:00,18.489999771118164,18.5,18.239999771118164,18.31999969482422,4083707,0.0,0.0,0.0
2024-06-25 00:00:00+03:00,18.31999969482422,18.5,17.799999237060547,18.459999084472656,6926032,0.0,0.0,0.0
2024-06-26 00:00:00+03:00,18.459999084472656,19.100000381469727,18.5,18.829999923706055,13153911,0.0,0.0,0.0
2024-06-27 00:00:00+03:00,18.829999923706055,20.0,18.93000030517578,19.700000762939453,13587506,0.0,0.0,0.0
2024-07-02 00:00:00+03:00,19.3799991607666,19.510000228881836,19.200000762939453,19.399999618530273,2603750,0.0,0.0,0.0
2024-07-03 00:00:00+03:00,19.399999618530273,20.649999618530273,19.43000030517578,20.040000915527344,12610163,0.0,0.0,0.0
2024-07-04 00:00:00+03:00,20.040000915527344,20.489999771118164,19.969999313354492,20.09000015258789,5285390,0.0,0.0,0.0
2024-07-07 00:00:00+03:00,20.09000015258789,22.799999237060547,20.25,21.719999313354492,22672954,0.0,0.0,0.0
2024-07-08 00:00:00+03:00,21.719999313354492,22.579999923706055,21.5,21.65999984741211,11316570,0.0,0.0,0.0
2024-07-09 00:00:00+03:00,21.65999984741211,22.899999618530273,21.540000915527344,22.799999237060547,13244686,0.0,0.0,0.0
2024-07-10 00:00:00+03:00,22.799999237060547,23.100000381469727,21.989999771118164,22.399999618530273,17809822,0.0,0.0,0.0
2024-07-14 00:00:00+03:00,22.399999618530273,22.600000381469727,21.399999618530273,21.549999237060547,5012187,0.0,0.0,0.0
2024-07-15 00:00:00+03:00,21.549999237060547,21.770000457763672,20.950000762939453,21.0,16687239,0.0,0.0,0.0
2024-07-16 00:00:00+03:00,21.0,22.0,20.84000015258789,21.5,11420879,0.0,0.0,0.0
2024-07-17 00:00:00+03:00,21.5,21.850000381469727,21.420000076293945,21.5,7041983,0.0,0.0,0.0
2024-07-18 00:00:00+03:00,21.5,21.899999618530273,21.139999389648438,21.200000762939453,6968088,0.0,0.0,0.0
2024-07-21 00:00:00+03:00,21.200000762939453,21.389999389648438,20.989999771118164,21.1299991607666,2293686,0.0,0.0,0.0
2024-07-22 00:00:00+03:00,21.1299991607666,21.989999771118164,20.899999618530273,21.219999313354492,10800391,0.0,0.0,0.0
2024-07-23 00:00:00+03:00,21.219999313354492,21.780000686645508,21.149999618530273,21.549999237060547,6768702,0.0,0.0,0.0
2024-07-24 00:00:00+03:00,21.549999237060547,21.700000762939453,21.1200008392334,21.1200008392334,5895204,0.0,0.0,0.0
2024-07-28 00:00:00+03:00,21.1200008392334,21.389999389648438,20.899999618530273,21.030000686645508,2179041,0.0,0.0,0.0
2024-07-29 00:00:00+03:00,21.030000686645508,21.549999237060547,21.0,21.100000381469727,7868594,0.0,0.0,0.0
2024-07-30 00:00:00+03:00,21.100000381469727,21.229999542236328,20.899999618530273,21.0,3342933,0.0,0.0,0.0
2024-07-31 00:00:00+03:00,21.0,21.399999618530273,21.049999237060547,21.1200008392334,7864764,0.0,0.0,0.0
2024-08-01 00:00:00+03:00,21.1200008392334,21.3799991607666,20.510000228881836,20.549999237060547,5150823,0.0,0.0,0.0
2024-08-04 00:00:00+03:00,20.549999237060547,20.0,19.059999465942383,19.190000534057617,7129193,0.0,0.0,0.0
2024-08-05 00:00:00+03:00,19.190000534057617,19.049999237060547,17.90999984741211,18.450000762939453,10641401,0.0,0.0,0.0
2024-08-06 00:00:00+03:00,18.450000762939453,18.8700008392334,18.510000228881836,18.799999237060547,3088228,0.0,0.0,0.0
2024-08-07 00:00:00+03:00,18.799999237060547,19.200000762939453,18.700000762939453,19.06999969482422,4341585,0.0,0.0,0.0
2024-08-08 00:00:00+03:00,19.06999969482422,19.399999618530273,18.959999084472656,19.299999237060547,3553267,0.0,0.0,0.0
2024-08-11 00:00:00+03:00,19.299999237060547,19.700000762939453,19.360000610351562,19.649999618530273,2136302,0.0,0.0,0.0
2024-08-12 00:00:00+03:00,19.649999618530273,19.75,19.139999389648438,19.209999084472656,6721663,0.0,0.0,0.0
2024-08-13 00:00:00+03:00,19.209999084472656,19.600000381469727,18.899999618530273,19.5,19156237,0.0,0.0,0.0
2024-08-14 00:00:00+03:00,19.5,19.940000534057617,19.399999618530273,19.5,6514581,0.0,0.0,0.0
2024-08-15 00:00:00+03:00,19.5,19.690000534057617,19.399999618530273,19.43000030517578,1987719,0.0,0.0,0.0
2024-08-18 00:00:00+03:00,19.43000030517578,19.600000381469727,19.200000762939453,19.200000762939453,1669475,0.0,0.0,0.0
2024-08-19 00:00:00+03:00,19.200000762939453,19.31999969482422,19.010000228881836,19.280000686645508,4796922,0.0,0.0,0.0
2024-08-20 00:00:00+03:00,19.280000686645508,20.549999237060547,19.200000762939453,20.520000457763672,12407583,0.0,0.0,0.0
2024-08-21 00:00:00+03:00,20.520000457763672,21.3799991607666,20.1299991607666,21.1200008392334,8819289,0.0,0.0,0.0
2024-08-22 00:00:00+03:00,21.1200008392334,22.170000076293945,21.100000381469727,21.610000610351562,16098761,0.0,0.0,0.0
2024-08-25 00:00:00+03:00,21.610000610351562,22.450000762939453,21.6200008392334,21.799999237060547,6050306,0.0,0.0,0.0
2024-08-26 00:00:00+03:00,21.799999237060547,23.270000457763672,21.81999969482422,23.190000534057617,17809889,0.0,0.0,0.0
2024-08-27 00:00:00+03:00,23.190000534057617,25.200000762939453,23.25,24.0,30959538,0.0,0.0,0.0
2024-08-28 00:00:00+03:00,24.0,24.700000762939453,24.0,24.31999969482422,8934006,0.0,0.0,0.0
2024-08-29 00:00:00+03:00,24.31999969482422,24.5,23.420000076293945,23.899999618530273,11224062,0.0,0.0,0.0
2024-09-01 00:00:00+03:00,23.899999618530273,24.3700008392334,23.649999618530273,24.299999237060547,4007062,0.0,0.0,0.0
2024-09-02 00:00:00+03:00,24.299999237060547,24.399999618530273,23.020000457763672,23.420000076293945,12625686,0.0,0.0,0.0
2024-09-03 00:00:00+03:00,23.420000076293945,23.899999618530273,23.260000228881836,23.809999465942383,10152490,0.0,0.0,0.0
2024-09-04 00:00:00+03:00,23.809999465942383,24.0,23.360000610351562,23.56999969482422,3079775,0.0,0.0,0.0
2024-09-05 00:00:00+03:00,23.56999969482422,23.889999389648438,23.290000915527344,23.450000762939453,1717029,0.0,0.0,0.0
2024-09-08 00:00:00+03:00,23.450000762939453,23.600000381469727,22.799999237060547,23.459999084472656,3580198,0.0,0.0,0.0
2024-09-09 00:00:00+03:00,23.459999084472656,24.0,23.260000228881836,23.360000610351562,3941650,0.0,0.0,0.0
2024-09-10 00:00:00+03:00,23.360000610351562,23.600000381469727,22.809999465942383,22.809999465942383,6714455,0.0,0.0,0.0
2024-09-11 00:00:00+03:00,22.809999465942383,23.799999237060547,22.40999984741211,23.489999771118164,8404213,0.0,0.0,0.0
2024-09-12 00:00:00+03:00,23.489999771118164,23.780000686645508,23.06999969482422,23.149999618530273,6539661,0.0,0.0,0.0
2024-09-16 00:00:00+03:00,23.149999618530273,23.450000762939453,22.81999969482422,22.81999969482422,3053440,0.0,0.0,0.0
2024-09-17 00:00:00+03:00,22.81999969482422,23.200000762939453,22.850000381469727,22.90999984741211,2457341,0.0,0.0,0.0
2024-09-18 00:00:00+03:00,22.90999984741211,23.950000762939453,22.6299991607666,23.649999618530273,14206359,0.0,0.0,0.0
2024-09-19 00:00:00+03:00,23.649999618530273,23.809999465942383,23.0,23.0,6238854,0.0,0.0,0.0
2024-09-22 00:00:00+03:00,23.0,24.219999313354492,23.25,23.790000915527344,7665706,0.0,0.0,0.0
2024-09-23 00:00:00+03:00,23.790000915527344,24.350000381469727,23.760000228881836,24.350000381469727,7910890,0.0,0.0,0.0
2024-09-24 00:00:00+03:00,23.799999237060547,24.110000610351562,23.600000381469727,23.950000762939453,11353982,0.0,0.0,0.0
2024-09-25 00:00:00+03:00,23.670000076293945,24.100000381469727,23.700000762939453,23.799999237060547,9877102,0.0,0.0,0.0
2024-09-26 00:00:00+03:00,23.799999237060547,24.110000610351562,23.600000381469727,23.950000762939453,11353982,0.0,0.0,0.0
2024-09-29 00:00:00+03:00,23.950000762939453,24.790000915527344,24.049999237060547,24.59000015258789,13497232,0.0,0.0,0.0
2024-09-30 00:00:00+03:00,24.59000015258789,25.049999237060547,24.389999389648438,24.450000762939453,10992484,0.0,0.0,0.0
2024-10-01 00:00:00+03:00,24.450000762939453,25.149999618530273,24.5,24.93000030517578,12959375,0.0,0.0,0.0
2024-10-02 00:00:00+03:00,24.93000030517578,24.8799991607666,24.219999313354492,24.350000381469727,3988248,0.0,0.0,0.0
2024-10-03 00:00:00+03:00,24.350000381469727,24.649999618530273,24.350000381469727,24.649999618530273,3468379,0.0,0.0,0.0
2024-10-07 00:00:00+03:00,24.649999618530273,24.799999237060547,24.25,24.5,2895315,0.0,0.0,0.0
2024-10-08 00:00:00+03:00,24.5,24.450000762939453,23.010000228881836,23.450000762939453,16148883,0.0,0.0,0.0
2024-10-09 00:00:00+03:00,23.450000762939453,23.93000030517578,23.299999237060547,23.75,3809792,0.0,0.0,0.0
2024-10-10 00:00:00+03:00,23.75,23.799999237060547,23.299999237060547,23.299999237060547,4507252,0.0,0.0,0.0
2024-10-13 00:00:00+03:00,23.299999237060547,23.5,21.5,21.600000381469727,7568753,0.0,0.0,0.0
2024-10-14 00:00:00+03:00,21.600000381469727,21.989999771118164,21.010000228881836,21.43000030517578,11568696,0.0,0.0,0.0
2024-10-15 00:00:00+03:00,21.43000030517578,21.940000534057617,21.389999389648438,21.5,12738671,0.0,0.0,0.0
2024-10-16 00:00:00+03:00,21.5,22.299999237060547,21.5,21.530000686645508,11400106,0.0,0.0,0.0
2024-10-17 00:00:00+03:00,21.530000686645508,21.65999984741211,20.799999237060547,21.100000381469727,4659923,0.0,0.0,0.0
2024-10-20 00:00:00+03:00,21.100000381469727,21.020000457763672,20.299999237060547,20.299999237060547,6144019,0.0,0.0,0.0
2024-10-21 00:00:00+03:00,20.299999237060547,21.040000915527344,20.100000381469727,21.0,12041778,0.0,0.0,0.0
2024-10-22 00:00:00+03:00,21.0,21.389999389648438,21.020000457763672,21.190000534057617,3961406,0.0,0.0,0.0
2024-10-23 00:00:00+03:00,21.190000534057617,22.0,21.139999389648438,21.829999923706055,16701594,0.0,0.0,0.0
2024-10-24 00:00:00+03:00,21.829999923706055,22.100000381469727,21.770000457763672,22.0,4076680,0.0,0.0,0.0
2024-10-27 00:00:00+03:00,22.0,22.549999237060547,21.799999237060547,21.850000381469727,3631304,0.0,0.0,0.0
2024-10-28 00:00:00+03:00,21.850000381469727,22.09000015258789,21.549999237060547,21.709999084472656,3605322,0.0,0.0,0.0
2024-10-29 00:00:00+03:00,21.709999084472656,22.25,21.8700008392334,22.0,10368751,0.0,0.0,0.0
2024-10-30 00:00:00+03:00,22.0,22.389999389648438,21.799999237060547,21.850000381469727,10807595,0.0,0.0,0.0
2024-10-31 00:00:00+03:00,21.850000381469727,22.149999618530273,21.770000457763672,22.139999389648438,4702898,0.0,0.0,0.0
2024-11-03 00:00:00+02:00,22.139999389648438,22.299999237060547,21.93000030517578,22.0,2478565,0.0,0.0,0.0
2024-11-04 00:00:00+02:00,22.0,22.25,21.940000534057617,22.0,4251780,0.0,0.0,0.0
2024-11-05 00:00:00+02:00,22.0,22.399999618530273,22.020000457763672,22.239999771118164,9277224,0.0,0.0,0.0
2024-11-06 00:00:00+02:00,22.239999771118164,22.700000762939453,22.31999969482422,22.5,12789078,0.0,0.0,0.0
2024-11-07 00:00:00+02:00,22.5,23.049999237060547,22.5,22.780000686645508,7360794,0.0,0.0,0.0
2024-11-10 00:00:00+02:00,22.780000686645508,23.350000381469727,22.850000381469727,22.8700008392334,5471926,0.0,0.0,0.0
2024-11-11 00:00:00+02:00,22.8700008392334,23.290000915527344,22.709999084472656,23.290000915527344,12674212,0.0,0.0,0.0
2024-11-12 00:00:00+02:00,23.290000915527344,23.600000381469727,23.170000076293945,23.350000381469727,5243789,0.0,0.0,0.0
2024-11-13 00:00:00+02:00,23.350000381469727,23.399999618530273,23.0,23.079999923706055,6380159,0.0,0.0,0.0
2024-11-14 00:00:00+02:00,23.079999923706055,23.219999313354492,23.0,23.079999923706055,1691333,0.0,0.0,0.0
2024-11-17 00:00:00+02:00,23.079999923706055,23.110000610351562,22.559999465942383,22.690000534057617,1862883,0.0,0.0,0.0
2024-11-18 00:00:00+02:00,22.690000534057617,23.0,22.100000381469727,22.190000534057617,16475299,0.0,0.0,0.0
2024-11-19 00:00:00+02:00,22.190000534057617,22.219999313354492,21.549999237060547,21.709999084472656,4583905,0.0,0.0,0.0
2024-11-20 00:00:00+02:00,21.709999084472656,21.950000762939453,21.270000457763672,21.450000762939453,3568415,0.0,0.0,0.0
2024-11-21 00:00:00+02:00,21.450000762939453,21.84000015258789,21.299999237060547,21.420000076293945,4505105,0.0,0.0,0.0
2024-11-24 00:00:00+02:00,21.420000076293945,22.0,21.219999313354492,21.219999313354492,2889854,0.0,0.0,0.0
2024-11-25 00:00:00+02:00,21.219999313354492,21.5,20.649999618530273,20.649999618530273,13243972,0.0,0.0,0.0
2024-11-26 00:00:00+02:00,20.649999618530273,21.100000381469727,20.440000534057617,20.6299991607666,20689276,0.0,0.0,0.0
2024-11-27 00:00:00+02:00,20.6299991607666,20.809999465942383,20.139999389648438,20.399999618530273,3816736,0.0,0.0,0.0
2024-11-28 00:00:00+02:00,20.399999618530273,20.579999923706055,20.100000381469727,20.450000762939453,5307160,0.0,0.0,0.0
2024-12-01 00:00:00+02:00,20.450000762939453,21.100000381469727,20.5,21.010000228881836,11750143,0.0,0.0,0.0
2024-12-02 00:00:00+02:00,21.010000228881836,21.299999237060547,20.649999618530273,20.75,5913045,0.0,0.0,0.0
2024-12-03 00:00:00+02:00,20.75,20.899999618530273,20.510000228881836,20.579999923706055,24689822,0.0,0.0,0.0
2024-12-04 00:00:00+02:00,20.579999923706055,21.059999465942383,20.6299991607666,21.0,5316453,0.0,0.0,0.0
2024-12-05 00:00:00+02:00,21.0,21.18000030517578,20.81999969482422,20.829999923706055,3328076,0.0,0.0,0.0
2024-12-08 00:00:00+02:00,20.829999923706055,21.229999542236328,20.84000015258789,20.950000762939453,4097946,0.0,0.0,0.0
2024-12-09 00:00:00+02:00,20.950000762939453,21.93000030517578,20.959999084472656,21.700000762939453,15670545,0.0,0.0,0.0
2024-12-10 00:00:00+02:00,21.700000762939453,22.049999237060547,21.350000381469727,21.43000030517578,16146139,0.0,0.0,0.0
2024-12-11 00:00:00+02:00,21.43000030517578,21.780000686645508,21.25,21.399999618530273,3825189,0.0,0.0,0.0
2024-12-12 00:00:00+02:00,21.399999618530273,21.649999618530273,21.110000610351562,21.149999618530273,2927591,0.0,0.0,0.0
2024-12-15 00:00:00+02:00,21.149999618530273,21.270000457763672,21.0,21.15999984741211,1319364,0.0,0.0,0.0
2024-12-16 00:00:00+02:00,21.15999984741211,21.5,21.040000915527344,21.1299991607666,15639447,0.0,0.0,0.0
2024-12-17 00:00:00+02:00,21.1299991607666,21.450000762939453,21.149999618530273,21.219999313354492,8266463,0.0,0.0,0.0
2024-12-18 00:00:00+02:00,21.219999313354492,21.450000762939453,20.65999984741211,20.65999984741211,2307310,0.0,0.0,0.0
2024-12-19 00:00:00+02:00,20.65999984741211,20.950000762939453,20.399999618530273,20.950000762939453,2828273,0.0,0.0,0.0
2024-12-22 00:00:00+02:00,20.950000762939453,21.09000015258789,20.649999618530273,20.649999618530273,885052,0.0,0.0,0.0
2024-12-23 00:00:00+02:00,20.649999618530273,21.0,20.100000381469727,20.110000610351562,3040922,0.0,0.0,0.0
2024-12-24 00:00:00+02:00,20.110000610351562,20.770000457763672,19.860000610351562,20.530000686645508,2952171,0.0,0.0,0.0
2024-12-25 00:00:00+02:00,20.530000686645508,21.0,20.399999618530273,20.399999618530273,1472640,0.0,0.0,0.0
2024-12-26 00:00:00+02:00,20.399999618530273,20.68000030517578,20.270000457763672,20.610000610351562,722415,0.0,0.0,0.0
2024-12-29 00:00:00+02:00,20.610000610351562,20.75,20.059999465942383,20.1299991607666,1741329,0.0,0.0,0.0
2024-12-30 00:00:00+02:00,20.1299991607666,20.299999237060547,19.850000381469727,20.200000762939453,2240838,0.0,0.0,0.0
2024-12-31 00:00:00+02:00,20.200000762939453,20.799999237060547,20.200000762939453,20.700000762939453,1726077,0.0,0.0,0.0
2025-01-02 00:00:00+02:00,20.700000762939453,21.200000762939453,20.700000762939453,20.93000030517578,1724480,0.0,0.0,0.0
2025-01-05 00:00:00+02:00,20.93000030517578,21.200000762939453,20.829999923706055,20.899999618530273,903142,0.0,0.0,0.0
2025-01-06 00:00:00+02:00,20.899999618530273,21.0,20.5,20.6299991607666,18918136,0.0,0.0,0.0
2025-01-08 00:00:00+02:00,20.6299991607666,20.799999237060547,20.25,20.799999237060547,4389883,0.0,0.0,0.0
2025-01-09 00:00:00+02:00,20.799999237060547,20.899999618530273,20.5,20.700000762939453,2258734,0.0,0.0,0.0
2025-01-12 00:00:00+02:00,20.700000762939453,20.68000030517578,20.15999984741211,20.299999237060547,3752041,0.0,0.0,0.0
2025-01-13 00:00:00+02:00,20.299999237060547,20.5,19.200000762939453,19.260000228881836,9051683,0.0,0.0,0.0
2025-01-14 00:00:00+02:00,19.260000228881836,19.969999313354492,19.309999465942383,19.450000762939453,10780352,0.0,0.0,0.0
2025-01-15 00:00:00+02:00,19.450000762939453,19.770000457763672,19.420000076293945,19.700000762939453,2558635,0.0,0.0,0.0
2025-01-16 00:00:00+02:00,19.700000762939453,20.34000015258789,19.799999237060547,20.1200008392334,9265555,0.0,0.0,0.0
2025-01-19 00:00:00+02:00,19.700000762939453,20.34000015258789,19.799999237060547,19.989999771118164,12614525,0.0,0.0,0.0
2025-01-20 00:00:00+02:00,20.0,20.219999313354492,19.93000030517578,20.0,4190937,0.0,0.0,0.0
2025-01-21 00:00:00+02:00,20.0,20.600000381469727,20.0,20.450000762939453,5934556,0.0,0.0,0.0
2025-01-22 00:00:00+02:00,20.450000762939453,20.889999389648438,20.399999618530273,20.540000915527344,7991005,0.0,0.0,0.0
2025-01-23 00:00:00+02:00,20.540000915527344,20.719999313354492,20.270000457763672,20.329999923706055,2617816,0.0,0.0,0.0
2025-01-26 00:00:00+02:00,20.329999923706055,20.799999237060547,20.299999237060547,20.520000457763672,10026607,0.0,0.0,0.0
2025-01-27 00:00:00+02:00,20.520000457763672,21.200000762939453,20.559999465942383,20.799999237060547,22522377,0.0,0.0,0.0
2025-01-28 00:00:00+02:00,20.799999237060547,21.350000381469727,20.809999465942383,20.959999084472656,7586997,0.0,0.0,0.0
2025-01-29 00:00:00+02:00,20.959999084472656,21.600000381469727,21.0,21.40999984741211,7827859,0.0,0.0,0.0
2025-01-30 00:00:00+02:00,21.40999984741211,21.8700008392334,20.799999237060547,21.399999618530273,19922789,0.0,0.0,0.0
2025-02-02 00:00:00+02:00,21.399999618530273,21.799999237060547,21.399999618530273,21.700000762939453,9445752,0.0,0.0,0.0
2025-02-03 00:00:00+02:00,21.700000762939453,21.700000762939453,21.25,21.40999984741211,6202951,0.0,0.0,0.0
2025-02-04 00:00:00+02:00,21.40999984741211,21.829999923706055,21.399999618530273,21.5,6439679,0.0,0.0,0.0
2025-02-05 00:00:00+02:00,21.5,21.75,21.299999237060547,21.690000534057617,3683200,0.0,0.0,0.0
2025-02-06 00:00:00+02:00,21.690000534057617,21.700000762939453,21.350000381469727,21.649999618530273,1710164,0.0,0.0,0.0
2025-02-09 00:00:00+02:00,21.649999618530273,22.190000534057617,21.520000457763672,21.989999771118164,6716041,0.0,0.0,0.0
2025-02-10 00:00:00+02:00,21.989999771118164,22.549999237060547,21.90999984741211,22.479999542236328,6726605,0.0,0.0,0.0
2025-02-11 00:00:00+02:00,22.479999542236328,22.600000381469727,21.450000762939453,21.600000381469727,4797462,0.0,0.0,0.0
2025-02-12 00:00:00+02:00,21.600000381469727,22.0,21.219999313354492,21.989999771118164,8562218,0.0,0.0,0.0
2025-02-13 00:00:00+02:00,21.989999771118164,23.0,21.8799991607666,22.889999389648438,11949520,0.0,0.0,0.0
2025-02-16 00:00:00+02:00,22.889999389648438,23.700000762939453,23.0,23.6299991607666,7965150,0.0,0.0,0.0
2025-02-17 00:00:00+02:00,23.6299991607666,23.709999084472656,23.18000030517578,23.209999084472656,6928593,0.0,0.0,0.0
2025-02-18 00:00:00+02:00,23.209999084472656,24.280000686645508,23.200000762939453,24.25,18569552,0.0,0.0,0.0
2025-02-19 00:00:00+02:00,24.25,25.43000030517578,24.260000228881836,25.15999984741211,25244006,0.0,0.0,0.0
2025-02-20 00:00:00+02:00,25.15999984741211,25.889999389648438,25.100000381469727,25.59000015258789,10338968,0.0,0.0,0.0
2025-02-23 00:00:00+02:00,25.59000015258789,25.799999237060547,24.899999618530273,25.799999237060547,7063848,0.0,0.0,0.0
2025-02-24 00:00:00+02:00,25.799999237060547,25.799999237060547,25.200000762939453,25.200000762939453,13768985,0.0,0.0,0.0
2025-02-25 00:00:00+02:00,25.200000762939453,25.459999084472656,24.979999542236328,25.100000381469727,11886163,0.0,0.0,0.0
2025-02-26 00:00:00+02:00,25.100000381469727,26.0,24.950000762939453,25.899999618530273,13682331,0.0,0.0,0.0
2025-02-27 00:00:00+02:00,25.899999618530273,26.389999389648438,25.75,26.0,11293892,0.0,0.0,0.0
2025-03-02 00:00:00+02:00,26.0,26.440000534057617,25.940000534057617,26.049999237060547,10372249,0.0,0.0,0.0
2025-03-03 00:00:00+02:00,26.049999237060547,26.350000381469727,26.049999237060547,26.200000762939453,13786522,0.0,0.0,0.0
2025-03-04 00:00:00+02:00,26.200000762939453,26.200000762939453,25.75,26.020000457763672,13136240,0.0,0.0,0.0
2025-03-05 00:00:00+02:00,26.020000457763672,26.100000381469727,25.799999237060547,25.899999618530273,11827730,0.0,0.0,0.0
2025-03-06 00:00:00+02:00,25.899999618530273,27.0,25.920000076293945,27.0,19853579,0.0,0.0,0.0
2025-03-09 00:00:00+02:00,27.0,28.389999389648438,27.149999618530273,27.799999237060547,13045104,0.0,0.0,0.0
2025-03-10 00:00:00+02:00,27.799999237060547,27.989999771118164,27.149999618530273,27.549999237060547,9320061,0.0,0.0,0.0
2025-03-11 00:00:00+02:00,27.549999237060547,27.93000030517578,27.100000381469727,27.799999237060547,8532323,0.0,0.0,0.0
2025-03-12 00:00:00+02:00,27.799999237060547,28.510000228881836,27.719999313354492,27.850000381469727,9631233,0.0,0.0,0.0
2025-03-13 00:00:00+02:00,27.850000381469727,27.899999618530273,27.040000915527344,27.350000381469727,5520336,0.0,0.0,0.0
2025-03-16 00:00:00+02:00,27.350000381469727,28.299999237060547,27.600000381469727,27.799999237060547,8175719,0.0,0.0,0.0
2025-03-17 00:00:00+02:00,27.799999237060547,28.3700008392334,27.729999542236328,28.200000762939453,9582309,0.0,0.0,0.0
2025-03-18 00:00:00+02:00,28.200000762939453,28.649999618530273,28.200000762939453,28.299999237060547,8182754,0.0,0.0,0.0
2025-03-19 00:00:00+02:00,28.299999237060547,28.889999389648438,27.959999084472656,28.0,15315312,0.0,0.0,0.0
2025-03-20 00:00:00+02:00,28.0,28.700000762939453,28.0,28.459999084472656,8369811,0.0,0.0,0.0
2025-03-23 00:00:00+02:00,28.459999084472656,28.690000534057617,28.030000686645508,28.100000381469727,3570797,0.0,0.0,0.0
2025-03-24 00:00:00+02:00,28.100000381469727,28.3799991607666,28.0,28.0,3550213,0.0,0.0,0.0
2025-03-25 00:00:00+02:00,28.0,28.200000762939453,27.799999237060547,27.799999237060547,4420824,0.0,0.0,0.0
2025-03-26 00:00:00+02:00,27.799999237060547,27.799999237060547,27.299999237060547,27.31999969482422,6708981,0.0,0.0,0.0
2025-03-27 00:00:00+02:00,27.31999969482422,27.729999542236328,27.31999969482422,27.5,5468262,0.0,0.0,0.0
2025-04-03 00:00:00+02:00,27.5,27.5,27.1200008392334,27.5,1541082,0.0,0.0,0.0
2025-04-06 00:00:00+02:00,27.5,27.010000228881836,25.600000381469727,26.149999618530273,3872130,0.0,0.0,0.0
2025-04-07 00:00:00+02:00,26.149999618530273,26.700000762939453,25.610000610351562,26.700000762939453,4582284,0.0,0.0,0.0
2025-04-08 00:00:00+02:00,26.700000762939453,27.479999542236328,26.549999237060547,27.229999542236328,4521461,0.0,0.0,0.0
2025-04-09 00:00:00+02:00,27.229999542236328,27.079999923706055,26.030000686645508,26.110000610351562,3422897,0.0,0.0,0.0
2025-04-10 00:00:00+02:00,26.110000610351562,26.989999771118164,26.530000686645508,26.530000686645508,3713749,0.0,0.0,0.0
2025-04-13 00:00:00+02:00,26.530000686645508,28.18000030517578,26.68000030517578,27.959999084472656,3369299,0.0,0.0,0.0
2025-04-14 00:00:00+02:00,27.959999084472656,29.09000015258789,28.010000228881836,28.6200008392334,17303350,0.0,0.0,0.0
2025-04-15 00:00:00+02:00,28.6200008392334,29.0,28.299999237060547,28.639999389648438,4860965,0.0,0.0,0.0
2025-04-16 00:00:00+02:00,28.639999389648438,28.649999618530273,27.899999618530273,28.059999465942383,3305839,0.0,0.0,0.0
2025-04-17 00:00:00+02:00,28.059999465942383,28.3799991607666,27.600000381469727,28.200000762939453,6378872,0.0,0.0,0.0
2025-04-22 00:00:00+02:00,28.200000762939453,28.200000762939453,27.65999984741211,27.760000228881836,1929620,0.0,0.0,0.0
2025-04-23 00:00:00+02:00,27.760000228881836,28.5,27.799999237060547,28.450000762939453,2496497,0.0,0.0,0.0
2025-04-27 00:00:00+03:00,28.450000762939453,29.190000534057617,28.56999969482422,28.56999969482422,3838900,0.0,0.0,0.0
2025-04-28 00:00:00+03:00,28.56999969482422,29.299999237060547,28.5,29.190000534057617,10054672,0.0,0.0,0.0
2025-04-29 00:00:00+03:00,29.190000534057617,29.399999618530273,28.850000381469727,28.850000381469727,6207776,0.0,0.0,0.0
2025-04-30 00:00:00+03:00,28.850000381469727,29.040000915527344,28.510000228881836,28.510000228881836,1850261,0.0,0.0,0.0
2025-05-04 00:00:00+03:00,28.510000228881836,28.899999618530273,28.549999237060547,28.700000762939453,1782707,0.0,0.0,0.0
2025-05-05 00:00:00+03:00,28.700000762939453,28.899999618530273,28.450000762939453,28.5,3013883,0.0,0.0,0.0
2025-05-06 00:00:00+03:00,28.5,28.559999465942383,28.100000381469727,28.25,5145003,0.0,0.0,0.0
2025-05-07 00:00:00+03:00,28.25,28.59000015258789,27.899999618530273,28.0,3421104,0.0,0.0,0.0
2025-05-08 00:00:00+03:00,28.0,28.229999542236328,27.799999237060547,27.799999237060547,1767804,0.0,0.0,0.0
2025-05-11 00:00:00+03:00,27.799999237060547,28.399999618530273,27.6200008392334,27.700000762939453,2081854,0.0,0.0,0.0
2025-05-12 00:00:00+03:00,27.700000762939453,28.329999923706055,27.760000228881836,27.93000030517578,4464762,0.0,0.0,0.0
2025-05-13 00:00:00+03:00,27.93000030517578,28.290000915527344,27.860000610351562,28.0,5342487,0.0,0.0,0.0
2025-05-14 00:00:00+03:00,28.0,28.170000076293945,27.799999237060547,28.0,3489745,0.0,0.0,0.0
2025-05-15 00:00:00+03:00,28.0,28.75,28.0,28.75,4049253,0.0,0.0,0.0
2025-05-18 00:00:00+03:00,28.75,30.450000762939453,28.809999465942383,29.549999237060547,12398551,0.0,0.0,0.0
2025-05-19 00:00:00+03:00,29.549999237060547,30.5,29.399999618530273,29.700000762939453,10004581,0.0,0.0,0.0
2025-05-20 00:00:00+03:00,29.700000762939453,30.56999969482422,29.799999237060547,30.299999237060547,7146587,0.0,0.0,0.0
2025-05-21 00:00:00+03:00,30.299999237060547,31.200000762939453,30.139999389648438,30.809999465942383,9047929,0.0,0.0,0.0
2025-05-22 00:00:00+03:00,30.809999465942383,31.75,30.65999984741211,31.75,6521390,0.0,0.0,0.0
2025-05-25 00:00:00+03:00,31.75,31.889999389648438,31.0,31.110000610351562,2100666,0.0,0.0,0.0
2025-05-26 00:00:00+03:00,31.110000610351562,31.5,30.030000686645508,30.309999465942383,4315363,0.0,0.0,0.0
2025-05-27 00:00:00+03:00,30.309999465942383,30.690000534057617,30.170000076293945,30.350000381469727,11406004,0.0,0.0,0.0
2025-05-28 00:00:00+03:00,30.350000381469727,30.899999618530273,30.139999389648438,30.81999969482422,8944964,0.0,0.0,0.0
2025-05-29 00:00:00+03:00,30.81999969482422,31.329999923706055,30.600000381469727,31.329999923706055,8884276,0.0,0.0,0.0
2025-06-01 00:00:00+03:00,31.329999923706055,31.5,30.25,30.350000381469727,4881599,0.0,0.0,0.0
2025-06-02 00:00:00+03:00,30.350000381469727,30.479999542236328,29.399999618530273,29.8700008392334,8432941,0.0,0.0,0.0
2025-06-03 00:00:00+03:00,29.8700008392334,30.299999237060547,29.549999237060547,29.700000762939453,5620107,0.0,0.0,0.0
2025-06-04 00:00:00+03:00,29.700000762939453,30.100000381469727,29.639999389648438,30.0,3298015,0.0,0.0,0.0
2025-06-10 00:00:00+03:00,30.0,30.84000015258789,30.299999237060547,30.610000610351562,11060966,0.0,0.0,0.0
2025-06-11 00:00:00+03:00,30.610000610351562,30.799999237060547,30.5,30.579999923706055,7708939,0.0,0.0,0.0
2025-06-12 00:00:00+03:00,30.579999923706055,30.799999237060547,29.979999542236328,30.700000762939453,14366965,0.0,0.0,0.0
2025-06-15 00:00:00+03:00,30.700000762939453,28.549999237060547,24.559999465942383,26.899999618530273,11893839,0.0,0.0,0.0
2025-06-16 00:00:00+03:00,26.899999618530273,27.399999618530273,26.31999969482422,26.479999542236328,4871656,0.0,0.0,0.0
2025-06-17 00:00:00+03:00,26.479999542236328,26.700000762939453,25.229999542236328,25.229999542236328,4264277,0.0,0.0,0.0
2025-06-18 00:00:00+03:00,25.229999542236328,25.420000076293945,24.600000381469727,24.729999542236328,3229359,0.0,0.0,0.0
2025-06-19 00:00:00+03:00,24.729999542236328,24.899999618530273,23.850000381469727,24.059999465942383,17759008,0.0,0.0,0.0
2025-06-22 00:00:00+03:00,24.059999465942383,25.649999618530273,23.510000228881836,25.649999618530273,7264124,0.0,0.0,0.0
2025-06-23 00:00:00+03:00,25.649999618530273,27.5,26.100000381469727,27.5,19235616,0.0,0.0,0.0
2025-06-24 00:00:00+03:00,27.5,28.469999313354492,27.549999237060547,28.100000381469727,12006757,0.0,0.0,0.0
2025-06-25 00:00:00+03:00,28.100000381469727,28.190000534057617,26.899999618530273,27.389999389648438,8581614,0.0,0.0,0.0
2025-06-29 00:00:00+03:00,27.389999389648438,27.469999313354492,26.899999618530273,27.010000228881836,6896579,0.0,0.0,0.0
2025-06-30 00:00:00+03:00,27.010000228881836,27.100000381469727,26.209999084472656,26.209999084472656,4336578,0.0,0.0,0.0
2025-07-01 00:00:00+03:00,26.209999084472656,26.43000030517578,25.700000762939453,25.75,2414572,0.0,0.0,0.0
2025-07-02 00:00:00+03:00,25.75,26.420000076293945,25.700000762939453,26.020000457763672,3954379,0.0,0.0,0.0
2025-07-06 00:00:00+03:00,26.020000457763672,26.209999084472656,25.450000762939453,25.600000381469727,3965531,0.0,0.0,0.0
2025-07-07 00:00:00+03:00,25.600000381469727,25.799999237060547,24.920000076293945,25.079999923706055,7256517,0.0,0.0,0.0
2025-07-09 00:00:00+03:00,25.079999923706055,25.3799991607666,24.469999313354492,24.469999313354492,3513196,0.0,0.0,0.0
2025-07-10 00:00:00+03:00,24.469999313354492,25.100000381469727,24.479999542236328,24.75,9015472,0.0,0.0,0.0
2025-07-13 00:00:00+03:00,24.75,25.049999237060547,24.530000686645508,24.530000686645508,2637398,0.0,0.0,0.0
2025-07-14 00:00:00+03:00,24.530000686645508,25.270000457763672,24.450000762939453,25.209999084472656,7307074,0.0,0.0,0.0
2025-07-15 00:00:00+03:00,25.209999084472656,25.3799991607666,24.90999984741211,24.90999984741211,6484688,0.0,0.0,0.0
2025-07-16 00:00:00+03:00,24.90999984741211,25.1200008392334,24.84000015258789,24.920000076293945,3824352,0.0,0.0,0.0
2025-07-17 00:00:00+03:00,24.920000076293945,25.149999618530273,24.729999542236328,25.010000228881836,4268014,0.0,0.0,0.0
2025-07-20 00:00:00+03:00,25.010000228881836,25.170000076293945,25.0,25.0,2559142,0.0,0.0,0.0
2025-07-21 00:00:00+03:00,25.0,25.399999618530273,24.899999618530273,25.010000228881836,6471666,0.0,0.0,0.0
2025-07-22 00:00:00+03:00,25.010000228881836,25.31999969482422,24.920000076293945,25.0,2376243,0.0,0.0,0.0
2025-07-23 00:00:00+03:00,25.0,25.0,25.0,25.0,0,0.0,0.0,0.0
2025-07-27 00:00:00+03:00,24.809999465942383,24.969999313354492,24.510000228881836,24.510000228881836,2555818,0.0,0.0,0.0
2025-07-28 00:00:00+03:00,24.510000228881836,24.700000762939453,23.700000762939453,23.799999237060547,7158961,0.0,0.0,0.0
2025-07-29 00:00:00+03:00,23.799999237060547,23.920000076293945,23.360000610351562,23.360000610351562,4208077,0.0,0.0,0.0
2025-07-30 00:00:00+03:00,23.360000610351562,23.729999542236328,23.049999237060547,23.110000610351562,9689884,0.0,0.0,0.0
2025-07-31 00:00:00+03:00,23.110000610351562,23.829999923706055,23.219999313354492,23.790000915527344,3332269,0.0,0.0,0.0
2025-08-03 00:00:00+03:00,23.790000915527344,23.790000915527344,23.790000915527344,23.790000915527344,0,0.0,0.0,0.0
2025-08-04 00:00:00+03:00,23.790000915527344,23.790000915527344,23.790000915527344,23.790000915527344,0,0.0,0.0,0.0
2025-08-05 00:00:00+03:00,23.790000915527344,23.790000915527344,23.790000915527344,23.790000915527344,0,0.0,0.0,0.0
2025-08-06 00:00:00+03:00,23.790000915527344,23.790000915527344,23.790000915527344,23.790000915527344,0,0.0,0.0,0.0
2025-08-07 00:00:00+03:00,23.790000915527344,23.790000915527344,23.790000915527344,23.790000915527344,0,0.0,0.0,0.0
2025-08-10 00:00:00+03:00,23.440000534057617,24.25,23.450000762939453,24.25,6969515,0.0,0.0,0.0
2025-08-11 00:00:00+03:00,24.25,24.329999923706055,24.0,24.040000915527344,7791161,0.0,0.0,0.0
2025-08-12 00:00:00+03:00,24.040000915527344,24.200000762939453,23.899999618530273,24.059999465942383,12446045,0.0,0.0,0.0
2025-08-13 00:00:00+03:00,24.059999465942383,24.43000030517578,24.0,24.209999084472656,6190473,0.0,0.0,0.0
2025-08-14 00:00:00+03:00,24.209999084472656,24.299999237060547,23.899999618530273,24.049999237060547,6294650,0.0,0.0,0.0
2025-08-17 00:00:00+03:00,24.049999237060547,24.850000381469727,24.06999969482422,24.68000030517578,7374403,0.0,0.0,0.0
2025-08-18 00:00:00+03:00,24.68000030517578,24.84000015258789,24.549999237060547,24.700000762939453,12600815,0.0,0.0,0.0
2025-08-19 00:00:00+03:00,24.700000762939453,25.0,24.700000762939453,24.889999389648438,17193960,0.0,0.0,0.0
2025-08-20 00:00:00+03:00,24.889999389648438,26.049999237060547,24.889999389648438,25.899999618530273,23789582,0.0,0.0,0.0
2025-08-21 00:00:00+03:00,25.899999618530273,26.0,25.649999618530273,25.75,4603628,0.0,0.0,0.0
2025-08-24 00:00:00+03:00,25.75,26.639999389648438,25.700000762939453,26.299999237060547,6930190,0.0,0.0,0.0
2025-08-25 00:00:00+03:00,26.299999237060547,26.5,26.170000076293945,26.18000030517578,2192314,0.0,0.0,0.0
2025-08-26 00:00:00+03:00,26.18000030517578,26.350000381469727,25.75,25.75,3599223,0.0,0.0,0.0
2025-08-27 00:00:00+03:00,25.75,25.93000030517578,25.56999969482422,25.799999237060547,2784776,0.0,0.0,0.0
2025-08-28 00:00:00+03:00,25.799999237060547,26.200000762939453,25.700000762939453,26.09000015258789,4644905,0.0,0.0,0.0
2025-08-31 00:00:00+03:00,26.09000015258789,26.34000015258789,25.350000381469727,25.610000610351562,4591119,0.0,0.0,0.0
2025-09-01 00:00:00+03:00,25.610000610351562,26.190000534057617,25.200000762939453,26.09000015258789,3832795,0.0,0.0,0.0
2025-09-02 00:00:00+03:00,26.09000015258789,26.149999618530273,25.549999237060547,25.709999084472656,2112627,0.0,0.0,0.0
2025-09-03 00:00:00+03:00,25.709999084472656,25.84000015258789,25.40999984741211,25.479999542236328,2932207,0.0,0.0,0.0
2025-09-07 00:00:00+03:00,25.479999542236328,25.489999771118164,24.860000610351562,25.149999618530273,6437537,0.0,0.0,0.0
2025-09-08 00:00:00+03:00,25.149999618530273,25.200000762939453,24.770000457763672,25.0,18602362,0.0,0.0,0.0
2025-09-09 00:00:00+03:00,25.0,25.25,24.81999969482422,25.0,5623424,0.0,0.0,0.0
2025-09-10 00:00:00+03:00,25.0,25.75,24.799999237060547,25.709999084472656,2757307,0.0,0.0,0.0
2025-09-11 00:00:00+03:00,25.709999084472656,26.100000381469727,25.510000228881836,25.700000762939453,4579816,0.0,0.0,0.0
2025-09-14 00:00:00+03:00,25.700000762939453,25.899999618530273,25.5,25.5,1581510,0.0,0.0,0.0
2025-09-15 00:00:00+03:00,25.5,25.850000381469727,25.219999313354492,25.43000030517578,5928111,0.0,0.0,0.0
2025-09-16 00:00:00+03:00,25.43000030517578,25.700000762939453,24.81999969482422,25.100000381469727,2887349,0.0,0.0,0.0
2025-09-17 00:00:00+03:00,25.100000381469727,25.25,24.899999618530273,25.209999084472656,951919,0.0,0.0,0.0
2025-09-18 00:00:00+03:00,25.209999084472656,26.389999389648438,25.18000030517578,26.389999389648438,15670336,0.0,0.0,0.0
2025-09-21 00:00:00+03:00,26.389999389648438,26.469999313354492,25.899999618530273,26.200000762939453,1664899,0.0,0.0,0.0
2025-09-22 00:00:00+03:00,26.200000762939453,26.299999237060547,25.610000610351562,26.049999237060547,18317923,0.0,0.0,0.0
2025-09-23 00:00:00+03:00,26.049999237060547,26.200000762939453,25.860000610351562,26.0,3593474,0.0,0.0,0.0
2025-09-24 00:00:00+03:00,26.0,26.270000457763672,25.809999465942383,26.200000762939453,2451097,0.0,0.0,0.0
2025-09-25 00:00:00+03:00,26.200000762939453,26.389999389648438,26.15999984741211,26.200000762939453,2945662,0.0,0.0,0.0
2025-09-28 00:00:00+03:00,26.200000762939453,26.950000762939453,26.100000381469727,26.700000762939453,12848249,0.0,0.0,0.0
2025-09-29 00:00:00+03:00,26.700000762939453,27.09000015258789,26.600000381469727,26.649999618530273,10654927,0.0,0.0,0.0
2025-09-30 00:00:00+03:00,26.649999618530273,27.299999237060547,26.65999984741211,26.790000915527344,5755627,0.0,0.0,0.0
2025-10-01 00:00:00+03:00,26.790000915527344,27.0,26.450000762939453,26.610000610351562,3186406,0.0,0.0,0.0
2025-10-02 00:00:00+03:00,26.610000610351562,26.899999618530273,26.280000686645508,26.299999237060547,4631475,0.0,0.0,0.0
2025-10-05 00:00:00+03:00,26.299999237060547,26.799999237060547,26.350000381469727,26.600000381469727,872510,0.0,0.0,0.0
2025-10-06 00:00:00+03:00,26.600000381469727,27.200000762939453,26.700000762939453,26.75,10221106,0.0,0.0,0.0
2025-10-07 00:00:00+03:00,26.75,27.030000686645508,26.690000534057617,26.760000228881836,3294075,0.0,0.0,0.0
2025-10-08 00:00:00+03:00,26.760000228881836,27.489999771118164,26.610000610351562,27.329999923706055,7365896,0.0,0.0,0.0
2025-10-12 00:00:00+03:00,27.329999923706055,27.5,26.93000030517578,27.309999465942383,3828298,0.0,0.0,0.0
2025-10-13 00:00:00+03:00,27.309999465942383,27.899999618530273,27.010000228881836,27.899999618530273,17341822,0.0,0.0,0.0
2025-10-14 00:00:00+03:00,27.899999618530273,28.799999237060547,27.950000762939453,28.799999237060547,19256049,0.0,0.0,0.0
2025-10-15 00:00:00+03:00,28.799999237060547,29.09000015258789,28.65999984741211,29.020000457763672,5508231,0.0,0.0,0.0
2025-10-16 00:00:00+03:00,29.020000457763672,29.8799991607666,28.84000015258789,29.790000915527344,9217000,0.0,0.0,0.0
2025-10-19 00:00:00+03:00,29.790000915527344,30.0,29.149999618530273,29.799999237060547,3728034,0.0,0.0,0.0
2025-10-20 00:00:00+03:00,29.799999237060547,30.0,29.600000381469727,29.899999618530273,6748784,0.0,0.0,0.0
2025-10-21 00:00:00+03:00,29.899999618530273,29.889999389648438,29.15999984741211,29.5,7104355,0.0,0.0,0.0
2025-10-22 00:00:00+03:00,29.5,29.450000762939453,28.440000534057617,28.709999084472656,2777933,0.0,0.0,0.0
2025-10-23 00:00:00+03:00,28.709999084472656,29.049999237060547,28.0,28.799999237060547,25541451,0.0,0.0,0.0
2025-10-26 00:00:00+03:00,28.799999237060547,29.65999984741211,28.899999618530273,29.200000762939453,10125366,0.0,0.0,0.0
2025-10-27 00:00:00+03:00,29.200000762939453,29.549999237060547,29.06999969482422,29.260000228881836,2875629,0.0,0.0,0.0
2025-10-28 00:00:00+03:00,29.260000228881836,29.399999618530273,28.809999465942383,29.0,8423841,0.0,0.0,0.0
2025-10-29 00:00:00+03:00,29.0,29.0,28.6200008392334,28.809999465942383,1094344,0.0,0.0,0.0
2025-10-30 00:00:00+03:00,28.809999465942383,29.0,28.020000457763672,28.149999618530273,5136102,0.0,0.0,0.0
2025-11-02 00:00:00+02:00,28.149999618530273,28.780000686645508,28.209999084472656,28.5,664097,0.0,0.0,0.0
2025-11-03 00:00:00+02:00,28.5,28.899999618530273,28.399999618530273,28.5,2648006,0.0,0.0,0.0
2025-11-04 00:00:00+02:00,28.5,29.100000381469727,28.5,28.59000015258789,5601582,0.0,0.0,0.0
2025-11-05 00:00:00+02:00,28.59000015258789,28.790000915527344,28.40999984741211,28.600000381469727,2756335,0.0,0.0,0.0
2025-11-06 00:00:00+02:00,28.600000381469727,28.799999237060547,28.450000762939453,28.600000381469727,4853670,0.0,0.0,0.0
2025-11-09 00:00:00+02:00,28.600000381469727,29.5,28.709999084472656,29.450000762939453,10935462,0.0,0.0,0.0
2025-11-10 00:00:00+02:00,29.450000762939453,30.100000381469727,29.450000762939453,29.760000228881836,11721040,0.0,0.0,0.0
2025-11-11 00:00:00+02:00,29.760000228881836,29.799999237060547,29.149999618530273,29.170000076293945,2564950,0.0,0.0,0.0
2025-11-12 00:00:00+02:00,29.170000076293945,29.469999313354492,28.31999969482422,28.65999984741211,4858191,0.0,0.0,0.0
2025-11-13 00:00:00+02:00,28.65999984741211,28.850000381469727,27.860000610351562,27.989999771118164,4605252,0.0,0.0,0.0
2025-11-16 00:00:00+02:00,27.989999771118164,28.190000534057617,27.5,27.600000381469727,3459282,0.0,0.0,0.0
2025-11-17 00:00:00+02:00,27.600000381469727,28.350000381469727,27.549999237060547,28.149999618530273,4163555,0.0,0.0,0.0
2025-11-18 00:00:00+02:00,28.149999618530273,28.3799991607666,27.450000762939453,27.450000762939453,1366311,0.0,0.0,0.0
2025-11-19 00:00:00+02:00,27.450000762939453,27.690000534057617,26.75,26.75,5899827,0.0,0.0,0.0
2025-11-20 00:00:00+02:00,26.75,27.100000381469727,26.219999313354492,26.5,6086009,0.0,0.0,0.0
2025-11-23 00:00:00+02:00,26.5,27.06999969482422,26.139999389648438,26.809999465942383,5998469,0.0,0.0,0.0
2025-11-24 00:00:00+02:00,26.809999465942383,27.549999237060547,26.809999465942383,27.299999237060547,12672051,0.0,0.0,0.0
2025-11-25 00:00:00+02:00,27.299999237060547,27.600000381469727,26.600000381469727,26.600000381469727,5240356,0.0,0.0,0.0
2025-11-26 00:00:00+02:00,26.600000381469727,27.200000762939453,26.350000381469727,26.5,1765527,0.0,0.0,0.0
2025-11-27 00:00:00+02:00,26.5,26.950000762939453,26.40999984741211,26.799999237060547,3175401,0.0,0.0,0.0
2025-11-30 00:00:00+02:00,26.799999237060547,27.209999084472656,26.6299991607666,26.700000762939453,6444885,0.0,0.0,0.0
2025-12-01 00:00:00+02:00,26.700000762939453,27.200000762939453,26.649999618530273,26.739999771118164,4363826,0.0,0.0,0.0
2025-12-02 00:00:00+02:00,26.739999771118164,26.989999771118164,26.020000457763672,26.020000457763672,3331729,0.0,0.0,0.0
2025-12-03 00:00:00+02:00,26.020000457763672,26.43000030517578,26.110000610351562,26.299999237060547,1907187,0.0,0.0,0.0
2025-12-04 00:00:00+02:00,26.299999237060547,26.399999618530273,25.969999313354492,26.290000915527344,2760989,0.0,0.0,0.0
2025-12-07 00:00:00+02:00,26.290000915527344,26.34000015258789,25.690000534057617,26.100000381469727,3912531,0.0,0.0,0.0
2025-12-08 00:00:00+02:00,26.100000381469727,26.280000686645508,25.799999237060547,25.90999984741211,2672547,0.0,0.0,0.0
2025-12-09 00:00:00+02:00,25.90999984741211,26.440000534057617,25.920000076293945,26.299999237060547,3865944,0.0,0.0,0.0
2025-12-10 00:00:00+02:00,26.299999237060547,26.799999237060547,26.280000686645508,26.43000030517578,2632581,0.0,0.0,0.0
2025-12-11 00:00:00+02:00,26.43000030517578,26.540000915527344,25.959999084472656,26.0,3190662,0.0,0.0,0.0
2025-12-14 00:00:00+02:00,26.0,26.25,25.700000762939453,25.700000762939453,2813331,0.0,0.0,0.0
2025-12-15 00:00:00+02:00,25.700000762939453,25.959999084472656,25.290000915527344,25.399999618530273,4381689,0.0,0.0,0.0
2025-12-16 00:00:00+02:00,25.399999618530273,25.549999237060547,25.200000762939453,25.219999313354492,2856869,0.0,0.0,0.0
2025-12-17 00:00:00+02:00,25.219999313354492,25.3700008392334,25.0,25.059999465942383,2978446,0.0,0.0,0.0
2025-12-18 00:00:00+02:00,25.059999465942383,25.3700008392334,24.799999237060547,24.799999237060547,6264233,0.0,0.0,0.0
2025-12-21 00:00:00+02:00,24.799999237060547,25.15999984741211,24.84000015258789,25.010000228881836,2602384,0.0,0.0,0.0
2025-12-22 00:00:00+02:00,25.010000228881836,25.309999465942383,24.979999542236328,25.059999465942383,3105911,0.0,0.0,0.0
2025-12-23 00:00:00+02:00,25.059999465942383,25.25,24.899999618530273,25.200000762939453,3059169,0.0,0.0,0.0
2025-12-24 00:00:00+02:00,25.200000762939453,25.309999465942383,25.040000915527344,25.040000915527344,1056121,0.0,0.0,0.0
2025-12-25 00:00:00+02:00,25.040000915527344,25.209999084472656,24.760000228881836,24.850000381469727,2060017,0.0,0.0,0.0
2025-12-28 00:00:00+02:00,24.850000381469727,25.100000381469727,24.8700008392334,25.0,931500,0.0,0.0,0.0
2025-12-29 00:00:00+02:00,25.0,25.25,24.959999084472656,25.200000762939453,2520152,0.0,0.0,0.0
2025-12-30 00:00:00+02:00,25.200000762939453,25.389999389648438,24.969999313354492,24.969999313354492,2020868,0.0,0.0,0.0
2025-12-31 00:00:00+02:00,24.969999313354492,25.170000076293945,24.899999618530273,24.920000076293945,1994823,0.0,0.0,0.0
2026-01-04 00:00:00+02:00,24.920000076293945,25.100000381469727,24.610000610351562,24.799999237060547,1705706,0.0,0.0,0.0
2026-01-05 00:00:00+02:00,24.799999237060547,24.899999618530273,24.18000030517578,24.450000762939453,3903620,0.0,0.0,0.0
2026-01-06 00:00:00+02:00,24.450000762939453,24.8799991607666,24.290000915527344,24.729999542236328,3298583,0.0,0.0,0.0
2026-01-08 00:00:00+02:00,24.729999542236328,25.899999618530273,24.420000076293945,25.610000610351562,7508541,0.0,0.0,0.0
2026-01-11 00:00:00+02:00,25.610000610351562,27.0,25.90999984741211,26.799999237060547,16066190,0.0,0.0,0.0
2026-01-12 00:00:00+02:00,26.799999237060547,26.969999313354492,26.030000686645508,26.06999969482422,3660854,0.0,0.0,0.0
2026-01-13 00:00:00+02:00,26.06999969482422,26.520000457763672,25.709999084472656,25.709999084472656,3155640,0.0,0.0,0.0
2026-01-14 00:00:00+02:00,25.709999084472656,25.719999313354492,24.959999084472656,25.299999237060547,5470861,0.0,0.0,0.0
2026-01-15 00:00:00+02:00,25.299999237060547,25.579999923706055,24.219999313354492,24.299999237060547,3547435,0.0,0.0,0.0
2026-01-18 00:00:00+02:00,24.299999237060547,25.510000228881836,24.649999618530273,25.299999237060547,4114395,0.0,0.0,0.0
2026-01-19 00:00:00+02:00,25.299999237060547,25.700000762939453,25.299999237060547,25.420000076293945,3431736,0.0,0.0,0.0
2026-01-20 00:00:00+02:00,25.420000076293945,26.0,25.399999618530273,25.770000457763672,7043252,0.0,0.0,0.0
2026-01-21 00:00:00+02:00,25.770000457763672,26.329999923706055,25.700000762939453,26.139999389648438,6965411,0.0,0.0,0.0
2026-01-22 00:00:00+02:00,26.139999389648438,27.290000915527344,26.1200008392334,27.030000686645508,11351784,0.0,0.0,0.0
2026-01-25 00:00:00+02:00,27.030000686645508,28.799999237060547,27.5,28.100000381469727,11116013,0.0,0.0,0.0
2026-01-26 00:00:00+02:00,28.100000381469727,28.5,27.270000457763672,27.780000686645508,6932155,0.0,0.0,0.0
2026-01-27 00:00:00+02:00,27.780000686645508,29.040000915527344,27.959999084472656,29.010000228881836,17199891,0.0,0.0,0.0
2026-01-28 00:00:00+02:00,29.010000228881836,29.350000381469727,28.309999465942383,28.780000686645508,15870850,0.0,0.0,0.0
2026-02-01 00:00:00+02:00,28.780000686645508,28.889999389648438,28.200000762939453,28.399999618530273,3214360,0.0,0.0,0.0
2026-02-02 00:00:00+02:00,28.399999618530273,28.399999618530273,27.3799991607666,28.350000381469727,9949876,0.0,0.0,0.0
2026-02-03 00:00:00+02:00,28.350000381469727,29.600000381469727,28.40999984741211,29.290000915527344,14713799,0.0,0.0,0.0
2026-02-04 00:00:00+02:00,29.290000915527344,29.489999771118164,29.0,29.3799991607666,5916202,0.0,0.0,0.0
