Date,Open,High,Low,Close,Volume,Dividends,Stock Splits,Capital Gains
2021-01-03 00:00:00+02:00,14.800000190734863,14.899999618530273,14.5,14.75,68934,0.0,0.0,0.0
2021-01-04 00:00:00+02:00,14.75,14.949999809265137,14.399999618530273,14.550000190734863,100674,0.0,0.0,0.0
2021-01-05 00:00:00+02:00,14.550000190734863,14.600000381469727,14.300000190734863,14.399999618530273,56356,0.0,0.0,0.0
2021-01-06 00:00:00+02:00,14.399999618530273,14.800000190734863,14.399999618530273,14.550000190734863,175330,0.0,0.0,0.0
2021-01-10 00:00:00+02:00,14.550000190734863,15.050000190734863,14.600000381469727,14.850000381469727,148147,0.0,0.0,0.0
2021-01-11 00:00:00+02:00,14.850000381469727,15.0,14.399999618530273,14.550000190734863,148643,0.0,0.0,0.0
2021-01-12 00:00:00+02:00,14.550000190734863,15.850000381469727,14.399999618530273,15.199999809265137,893093,0.0,0.0,0.0
2021-01-13 00:00:00+02:00,15.199999809265137,16.200000762939453,15.649999618530273,15.899999618530273,286724,0.0,0.0,0.0
2021-01-14 00:00:00+02:00,15.899999618530273,16.049999237060547,15.649999618530273,15.899999618530273,210071,0.0,0.0,0.0
2021-01-17 00:00:00+02:00,15.899999618530273,16.649999618530273,16.100000381469727,16.350000381469727,277298,0.0,0.0,0.0
2021-01-18 00:00:00+02:00,16.350000381469727,16.450000762939453,15.5,15.850000381469727,265582,0.0,0.0,0.0
2021-01-19 00:00:00+02:00,15.850000381469727,17.049999237060547,15.5,16.600000381469727,884278,0.0,0.0,0.0
2021-01-20 00:00:00+02:00,16.600000381469727,17.049999237060547,16.5,16.75,231593,0.0,0.0,0.0
2021-01-21 00:00:00+02:00,16.75,16.950000762939453,16.0,16.299999237060547,310845,0.0,0.0,0.0
2021-01-24 00:00:00+02:00,16.299999237060547,16.75,16.200000762939453,16.399999618530273,496218,0.0,0.0,0.0
2021-01-25 00:00:00+02:00,16.399999618530273,16.399999618530273,16.399999618530273,16.399999618530273,0,0.0,0.0,0.0
2021-01-26 00:00:00+02:00,16.450000762939453,16.649999618530273,16.25,16.399999618530273,152072,0.0,0.0,0.0
2021-01-27 00:00:00+02:00,16.399999618530273,18.0,16.049999237060547,17.450000762939453,1427295,0.0,0.0,0.0
2021-01-31 00:00:00+02:00,17.450000762939453,18.200000762939453,17.149999618530273,17.600000381469727,595524,0.0,0.0,0.0
2021-02-01 00:00:00+02:00,17.600000381469727,17.700000762939453,17.0,17.350000381469727,400983,0.0,0.0,0.0
2021-02-02 00:00:00+02:00,17.350000381469727,18.25,17.350000381469727,17.899999618530273,632375,0.0,0.0,0.0
2021-02-03 00:00:00+02:00,17.899999618530273,18.149999618530273,17.25,17.5,349842,0.0,0.0,0.0
2021-02-04 00:00:00+02:00,17.5,17.649999618530273,17.100000381469727,17.299999237060547,311650,0.0,0.0,0.0
2021-02-07 00:00:00+02:00,17.299999237060547,17.950000762939453,16.950000762939453,17.25,308718,0.0,0.0,0.0
2021-02-08 00:00:00+02:00,17.25,17.450000762939453,16.25,16.75,254948,0.0,0.0,0.0
2021-02-09 00:00:00+02:00,16.75,16.75,16.299999237060547,16.5,186850,0.0,0.0,0.0
2021-02-10 00:00:00+02:00,16.5,17.700000762939453,16.5,17.149999618530273,472033,0.0,0.0,0.0
2021-02-11 00:00:00+02:00,17.149999618530273,17.5,17.0,17.200000762939453,190526,0.0,0.0,0.0
2021-02-14 00:00:00+02:00,17.200000762939453,17.350000381469727,16.299999237060547,16.850000381469727,249090,0.0,0.0,0.0
2021-02-15 00:00:00+02:00,16.850000381469727,16.75,16.149999618530273,16.350000381469727,176125,0.0,0.0,0.0
2021-02-16 00:00:00+02:00,16.350000381469727,16.649999618530273,16.350000381469727,16.5,186953,0.0,0.0,0.0
2021-02-17 00:00:00+02:00,16.5,16.549999237060547,15.699999809265137,16.049999237060547,168311,0.0,0.0,0.0
2021-02-18 00:00:00+02:00,16.049999237060547,16.350000381469727,15.75,16.049999237060547,134732,0.0,0.0,0.0
2021-02-21 00:00:00+02:00,16.049999237060547,16.399999618530273,15.949999809265137,16.149999618530273,77937,0.0,0.0,0.0
2021-02-22 00:00:00+02:00,16.149999618530273,17.25,16.549999237060547,16.899999618530273,576735,0.0,0.0,0.0
2021-02-23 00:00:00+02:00,16.899999618530273,16.899999618530273,15.800000190734863,16.200000762939453,217510,0.0,0.0,0.0
2021-02-24 00:00:00+02:00,16.200000762939453,16.149999618530273,15.75,15.899999618530273,145487,0.0,0.0,0.0
2021-02-25 00:00:00+02:00,15.899999618530273,16.299999237060547,15.899999618530273,16.049999237060547,188937,0.0,0.0,0.0
2021-02-28 00:00:00+02:00,16.049999237060547,16.149999618530273,15.350000381469727,15.699999809265137,149940,0.0,0.0,0.0
2021-03-01 00:00:00+02:00,15.699999809265137,15.850000381469727,15.399999618530273,15.550000190734863,97720,0.0,0.0,0.0
2021-03-02 00:00:00+02:00,15.550000190734863,16.200000762939453,14.800000190734863,15.550000190734863,177102,0.0,0.0,0.0
2021-03-03 00:00:00+02:00,15.550000190734863,15.25,14.0,14.350000381469727,152792,0.0,0.0,0.0
2021-03-04 00:00:00+02:00,14.350000381469727,14.350000381469727,14.350000381469727,14.350000381469727,0,0.0,0.0,0.0
2021-03-07 00:00:00+02:00,14.649999618530273,15.25,14.75,14.949999809265137,140544,0.0,0.0,0.0
2021-03-08 00:00:00+02:00,14.949999809265137,15.149999618530273,14.300000190734863,14.600000381469727,138664,0.0,0.0,0.0
2021-03-09 00:00:00+02:00,14.600000381469727,14.949999809265137,14.199999809265137,14.449999809265137,75271,0.0,0.0,0.0
2021-03-10 00:00:00+02:00,14.449999809265137,14.5,13.800000190734863,14.199999809265137,96525,0.0,0.0,0.0
2021-03-11 00:00:00+02:00,14.199999809265137,14.5,13.949999809265137,14.100000381469727,96923,0.0,0.0,0.0
2021-03-14 00:00:00+02:00,14.100000381469727,14.25,13.850000381469727,13.949999809265137,43789,0.0,0.0,0.0
2021-03-15 00:00:00+02:00,13.949999809265137,14.0,12.800000190734863,13.300000190734863,146085,0.0,0.0,0.0
2021-03-16 00:00:00+02:00,13.300000190734863,13.5,12.75,13.050000190734863,92955,0.0,0.0,0.0
2021-03-17 00:00:00+02:00,13.050000190734863,13.350000381469727,12.649999618530273,12.899999618530273,62400,0.0,0.0,0.0
2021-03-18 00:00:00+02:00,12.899999618530273,13.0,12.449999809265137,12.649999618530273,79107,0.0,0.0,0.0
2021-03-21 00:00:00+02:00,12.649999618530273,12.600000381469727,11.399999618530273,12.100000381469727,121622,0.0,0.0,0.0
2021-03-22 00:00:00+02:00,12.100000381469727,11.699999809265137,10.899999618530273,11.149999618530273,167663,0.0,0.0,0.0
2021-03-23 00:00:00+02:00,11.149999618530273,10.75,10.050000190734863,10.300000190734863,203226,0.0,0.0,0.0
2021-03-24 00:00:00+02:00,10.300000190734863,11.0,10.5,10.75,103093,0.0,0.0,0.0
2021-03-25 00:00:00+02:00,10.75,10.899999618530273,10.050000190734863,10.550000190734863,70943,0.0,0.0,0.0
2021-03-28 00:00:00+02:00,10.550000190734863,11.25,10.899999618530273,11.0,143717,0.0,0.0,0.0
2021-03-29 00:00:00+02:00,11.0,12.100000381469727,11.350000381469727,11.899999618530273,203549,0.0,0.0,0.0
2021-03-30 00:00:00+02:00,11.899999618530273,12.399999618530273,12.050000190734863,12.199999809265137,124510,0.0,0.0,0.0
2021-03-31 00:00:00+02:00,12.199999809265137,12.100000381469727,11.600000381469727,11.850000381469727,59974,0.0,0.0,0.0
2021-04-01 00:00:00+02:00,11.850000381469727,12.399999618530273,11.899999618530273,12.199999809265137,127618,0.0,0.0,0.0
2021-04-04 00:00:00+02:00,12.199999809265137,12.800000190734863,12.0,12.5,259557,0.0,0.0,0.0
2021-04-05 00:00:00+02:00,12.5,12.949999809265137,11.350000381469727,12.0,134378,0.0,0.0,0.0
2021-04-06 00:00:00+02:00,12.0,11.899999618530273,11.149999618530273,11.600000381469727,43961,0.0,0.0,0.0
2021-04-07 00:00:00+02:00,11.600000381469727,11.850000381469727,11.25,11.600000381469727,28725,0.0,0.0,0.0
2021-04-08 00:00:00+02:00,11.600000381469727,11.949999809265137,11.5,11.699999809265137,48705,0.0,0.0,0.0
2021-04-11 00:00:00+02:00,11.699999809265137,12.75,11.800000190734863,12.350000381469727,70934,0.0,0.0,0.0
2021-04-12 00:00:00+02:00,12.350000381469727,13.050000190734863,12.5,12.850000381469727,221718,0.0,0.0,0.0
2021-04-13 00:00:00+02:00,12.850000381469727,12.850000381469727,12.199999809265137,12.600000381469727,107617,0.0,0.0,0.0
2021-04-14 00:00:00+02:00,12.600000381469727,13.25,11.800000190734863,12.5,200941,0.0,0.0,0.0
2021-04-15 00:00:00+02:00,12.5,13.5,12.350000381469727,13.050000190734863,302058,0.0,0.0,0.0
2021-04-18 00:00:00+02:00,13.050000190734863,14.149999618530273,13.300000190734863,13.850000381469727,230096,0.0,0.0,0.0
2021-04-19 00:00:00+02:00,13.850000381469727,14.899999618530273,13.949999809265137,14.5,337546,0.0,0.0,0.0
2021-04-20 00:00:00+02:00,14.5,15.300000190734863,14.550000190734863,14.949999809265137,290694,0.0,0.0,0.0
2021-04-21 00:00:00+02:00,14.949999809265137,15.75,14.949999809265137,15.399999618530273,461920,0.0,0.0,0.0
2021-04-22 00:00:00+02:00,15.399999618530273,16.899999618530273,15.25,16.299999237060547,644752,0.0,0.0,0.0
2021-04-25 00:00:00+02:00,16.299999237060547,17.600000381469727,16.450000762939453,17.25,681289,0.0,0.0,0.0
2021-04-26 00:00:00+02:00,17.25,17.700000762939453,16.75,17.200000762939453,364545,0.0,0.0,0.0
2021-04-27 00:00:00+02:00,17.200000762939453,18.200000762939453,16.100000381469727,16.549999237060547,237460,0.0,0.0,0.0
2021-04-28 00:00:00+02:00,16.549999237060547,16.799999237060547,16.299999237060547,16.549999237060547,365899,0.0,0.0,0.0
2021-05-04 00:00:00+02:00,16.549999237060547,18.200000762939453,16.049999237060547,17.549999237060547,561117,0.0,0.0,0.0
2021-05-05 00:00:00+02:00,17.549999237060547,19.299999237060547,18.100000381469727,19.0,518082,0.0,0.0,0.0
2021-05-06 00:00:00+02:00,19.0,21.799999237060547,19.549999237060547,20.850000381469727,1154656,0.0,0.0,0.0
2021-05-09 00:00:00+02:00,20.850000381469727,22.649999618530273,21.100000381469727,22.049999237060547,613162,0.0,0.0,0.0
2021-05-10 00:00:00+02:00,22.049999237060547,24.25,21.5,23.700000762939453,630840,0.0,0.0,0.0
2021-05-11 00:00:00+02:00,23.700000762939453,26.049999237060547,24.25,25.549999237060547,364058,0.0,0.0,0.0
2021-05-17 00:00:00+02:00,25.549999237060547,29.799999237060547,26.549999237060547,28.149999618530273,692501,0.0,0.0,0.0
2021-05-18 00:00:00+02:00,28.149999618530273,30.950000762939453,26.100000381469727,30.25,572073,0.0,0.0,0.0
2021-05-19 00:00:00+02:00,30.25,33.150001525878906,30.0,32.0,824254,0.0,0.0,0.0
2021-05-20 00:00:00+02:00,32.0,33.45000076293945,28.799999237060547,30.799999237060547,1281602,0.0,0.0,0.0
2021-05-23 00:00:00+02:00,30.799999237060547,30.350000381469727,28.049999237060547,29.200000762939453,986924,0.0,0.0,0.0
2021-05-24 00:00:00+02:00,29.200000762939453,29.399999618530273,26.299999237060547,27.299999237060547,896867,0.0,0.0,0.0
2021-05-25 00:00:00+02:00,27.299999237060547,26.25,24.600000381469727,25.149999618530273,757280,0.0,0.0,0.0
2021-05-26 00:00:00+02:00,25.149999618530273,27.649999618530273,25.5,27.25,450628,0.0,0.0,0.0
2021-05-27 00:00:00+02:00,27.25,29.700000762939453,27.5,28.600000381469727,680272,0.0,0.0,0.0
2021-05-30 00:00:00+02:00,28.600000381469727,30.450000762939453,28.25,29.350000381469727,705325,0.0,0.0,0.0
2021-05-31 00:00:00+02:00,29.350000381469727,29.149999618530273,26.450000762939453,28.0,420296,0.0,0.0,0.0
2021-06-01 00:00:00+02:00,28.0,30.799999237060547,27.75,29.399999618530273,1582843,0.0,0.0,0.0
2021-06-02 00:00:00+02:00,29.399999618530273,35.0,30.75,33.650001525878906,1104311,0.0,0.0,0.0
2021-06-03 00:00:00+02:00,33.650001525878906,40.54999923706055,35.0,39.099998474121094,1460921,0.0,0.0,0.0
2021-06-06 00:00:00+02:00,39.099998474121094,41.150001525878906,36.5,38.70000076293945,1184354,0.0,0.0,0.0
2021-06-07 00:00:00+02:00,38.70000076293945,39.150001525878906,35.150001525878906,37.04999923706055,702529,0.0,0.0,0.0
2021-06-08 00:00:00+02:00,37.04999923706055,38.099998474121094,35.54999923706055,36.79999923706055,615785,0.0,0.0,0.0
2021-06-09 00:00:00+02:00,36.79999923706055,40.0,35.54999923706055,37.099998474121094,1128860,0.0,0.0,0.0
2021-06-10 00:00:00+02:00,37.099998474121094,35.79999923706055,33.400001525878906,34.0,547314,0.0,0.0,0.0
2021-06-13 00:00:00+02:00,34.0,33.75,30.600000381469727,32.150001525878906,682611,0.0,0.0,0.0
2021-06-14 00:00:00+02:00,32.150001525878906,31.0,28.950000762939453,29.799999237060547,774116,0.0,0.0,0.0
2021-06-15 00:00:00+02:00,29.799999237060547,29.979999542236328,26.81999969482422,27.5,73030,0.0,0.2,0.0
2021-06-16 00:00:00+02:00,27.5,27.0,24.75,25.790000915527344,457197,0.0,0.0,0.0
2021-06-17 00:00:00+02:00,25.790000915527344,28.360000610351562,26.510000228881836,27.989999771118164,277243,0.0,0.0,0.0
2021-06-20 00:00:00+02:00,27.989999771118164,30.780000686645508,29.5,30.3799991607666,678344,0.0,0.0,0.0
2021-06-21 00:00:00+02:00,30.3799991607666,33.0,30.600000381469727,31.920000076293945,558398,0.0,0.0,0.0
2021-06-22 00:00:00+02:00,31.920000076293945,32.400001525878906,28.729999542236328,29.860000610351562,395469,0.0,0.0,0.0
2021-06-23 00:00:00+02:00,29.860000610351562,28.799999237060547,26.8799991607666,27.219999313354492,215449,0.0,0.0,0.0
2021-06-24 00:00:00+02:00,27.219999313354492,26.5,24.5,25.09000015258789,707770,0.0,0.0,0.0
2021-06-27 00:00:00+02:00,25.09000015258789,26.399999618530273,23.0,24.139999389648438,519638,0.0,0.0,0.0
2021-06-28 00:00:00+02:00,24.139999389648438,25.0,22.0,23.690000534057617,602852,0.0,0.0,0.0
2021-06-29 00:00:00+02:00,23.690000534057617,24.700000762939453,23.200000762939453,23.90999984741211,410549,0.0,0.0,0.0
2021-06-30 00:00:00+02:00,23.90999984741211,24.229999542236328,23.5,23.799999237060547,170373,0.0,0.0,0.0
2021-07-04 00:00:00+02:00,23.799999237060547,24.149999618530273,23.139999389648438,23.479999542236328,184476,0.0,0.0,0.0
2021-07-05 00:00:00+02:00,23.479999542236328,23.5,21.139999389648438,21.81999969482422,505129,0.0,0.0,0.0
2021-07-06 00:00:00+02:00,21.81999969482422,21.549999237060547,19.709999084472656,20.809999465942383,409802,0.0,0.0,0.0
2021-07-07 00:00:00+02:00,20.809999465942383,21.5,20.299999237060547,20.8700008392334,190627,0.0,0.0,0.0
2021-07-08 00:00:00+02:00,20.8700008392334,20.43000030517578,18.790000915527344,19.15999984741211,542635,0.0,0.0,0.0
2021-07-11 00:00:00+02:00,19.15999984741211,20.899999618530273,18.700000762939453,19.959999084472656,382806,0.0,0.0,0.0
2021-07-12 00:00:00+02:00,19.959999084472656,21.350000381469727,19.510000228881836,20.3799991607666,306049,0.0,0.0,0.0
2021-07-13 00:00:00+02:00,20.3799991607666,21.739999771118164,19.5,20.600000381469727,535214,0.0,0.0,0.0
2021-07-14 00:00:00+02:00,20.600000381469727,22.65999984741211,21.100000381469727,22.209999084472656,460702,0.0,0.0,0.0
2021-07-15 00:00:00+02:00,22.209999084472656,24.43000030517578,22.799999237060547,23.989999771118164,561245,0.0,0.0,0.0
2021-07-18 00:00:00+02:00,23.989999771118164,26.3799991607666,24.649999618530273,26.0,831037,0.0,0.0,0.0
2021-07-25 00:00:00+02:00,26.0,27.8700008392334,25.899999618530273,26.75,1052453,0.0,0.0,0.0
2021-07-26 00:00:00+02:00,26.75,29.420000076293945,25.0,27.920000076293945,744192,0.0,0.0,0.0
2021-07-27 00:00:00+02:00,27.920000076293945,30.709999084472656,30.709999084472656,30.709999084472656,63170,0.0,0.0,0.0
2021-07-28 00:00:00+02:00,30.709999084472656,33.779998779296875,31.399999618530273,33.61000061035156,972556,0.0,0.0,0.0
2021-07-29 00:00:00+02:00,33.61000061035156,36.970001220703125,34.41999816894531,36.310001373291016,907832,0.0,0.0,0.0
2021-08-01 00:00:00+02:00,36.310001373291016,39.939998626708984,36.630001068115234,38.61000061035156,924321,0.0,0.0,0.0
2021-08-02 00:00:00+02:00,38.61000061035156,41.0,34.75,37.689998626708984,1415507,0.0,0.0,0.0
2021-08-03 00:00:00+02:00,37.689998626708984,34.75,33.93000030517578,33.95000076293945,328948,0.0,0.0,0.0
2021-08-04 00:00:00+02:00,33.95000076293945,36.099998474121094,30.809999465942383,34.15999984741211,1439501,0.0,0.0,0.0
2021-08-05 00:00:00+02:00,34.15999984741211,34.47999954223633,31.65999984741211,32.70000076293945,345202,0.0,0.0,0.0
2021-08-08 00:00:00+02:00,32.70000076293945,32.70000076293945,32.70000076293945,32.70000076293945,0,0.0,0.0,0.0
2021-08-09 00:00:00+02:00,32.70000076293945,32.70000076293945,32.70000076293945,32.70000076293945,0,0.0,0.0,0.0
2021-08-10 00:00:00+02:00,31.600000381469727,31.59000015258789,30.15999984741211,30.59000015258789,166827,0.0,0.0,0.0
2021-08-11 00:00:00+02:00,30.59000015258789,33.20000076293945,27.540000915527344,29.06999969482422,1726540,0.0,0.0,0.0
2021-08-15 00:00:00+02:00,29.06999969482422,29.75,27.600000381469727,28.850000381469727,565968,0.0,0.0,0.0
2021-08-16 00:00:00+02:00,28.850000381469727,29.459999084472656,28.40999984741211,28.93000030517578,321359,0.0,0.0,0.0
2021-08-17 00:00:00+02:00,28.93000030517578,31.81999969482422,28.989999771118164,31.229999542236328,877096,0.0,0.0,0.0
2021-08-18 00:00:00+02:00,31.229999542236328,34.349998474121094,31.200000762939453,32.720001220703125,723888,0.0,0.0,0.0
2021-08-19 00:00:00+02:00,32.720001220703125,32.880001068115234,31.290000915527344,32.02000045776367,456252,0.0,0.0,0.0
2021-08-22 00:00:00+02:00,32.02000045776367,34.29999923706055,32.65999984741211,33.439998626708984,576944,0.0,0.0,0.0
2021-08-23 00:00:00+02:00,33.439998626708984,34.9900016784668,33.5,34.40999984741211,577031,0.0,0.0,0.0
2021-08-24 00:00:00+02:00,34.40999984741211,34.599998474121094,31.510000228881836,32.900001525878906,423096,0.0,0.0,0.0
2021-08-25 00:00:00+02:00,32.900001525878906,32.54999923706055,29.920000076293945,31.030000686645508,356414,0.0,0.0,0.0
2021-08-26 00:00:00+02:00,31.030000686645508,30.979999542236328,28.540000915527344,29.540000915527344,330315,0.0,0.0,0.0
2021-08-29 00:00:00+02:00,29.540000915527344,29.420000076293945,28.0,28.81999969482422,198347,0.0,0.0,0.0
2021-08-30 00:00:00+02:00,28.81999969482422,30.399999618530273,28.5,29.31999969482422,249227,0.0,0.0,0.0
2021-08-31 00:00:00+02:00,29.31999969482422,29.1200008392334,28.1200008392334,28.700000762939453,105919,0.0,0.0,0.0
2021-09-01 00:00:00+02:00,28.700000762939453,31.280000686645508,28.68000030517578,30.420000076293945,193317,0.0,0.0,0.0
2021-09-02 00:00:00+02:00,30.420000076293945,31.0,29.200000762939453,29.729999542236328,204001,0.0,0.0,0.0
2021-09-05 00:00:00+02:00,29.729999542236328,30.0,27.110000610351562,27.6299991607666,220418,0.0,0.0,0.0
2021-09-06 00:00:00+02:00,27.6299991607666,27.0,24.010000228881836,25.0,203129,0.0,0.0,0.0
2021-09-07 00:00:00+02:00,25.0,26.329999923706055,24.200000762939453,25.34000015258789,128192,0.0,0.0,0.0
2021-09-08 00:00:00+02:00,25.34000015258789,28.5,25.5,27.010000228881836,349193,0.0,0.0,0.0
2021-09-09 00:00:00+02:00,27.010000228881836,27.68000030517578,25.0,25.3700008392334,168200,0.0,0.0,0.0
2021-09-12 00:00:00+02:00,25.3700008392334,29.989999771118164,25.0,29.15999984741211,410021,0.0,0.0,0.0
2021-09-13 00:00:00+02:00,29.15999984741211,31.489999771118164,28.34000015258789,28.809999465942383,335619,0.0,0.0,0.0
2021-09-14 00:00:00+02:00,28.809999465942383,29.5,26.559999465942383,27.420000076293945,168502,0.0,0.0,0.0
2021-09-15 00:00:00+02:00,27.420000076293945,28.0,26.700000762939453,27.170000076293945,141262,0.0,0.0,0.0
2021-09-16 00:00:00+02:00,27.170000076293945,27.920000076293945,25.610000610351562,25.950000762939453,256927,0.0,0.0,0.0
2021-09-19 00:00:00+02:00,25.950000762939453,26.100000381469727,23.0,23.489999771118164,234859,0.0,0.0,0.0
2021-09-20 00:00:00+02:00,23.489999771118164,24.0,22.0,22.709999084472656,218935,0.0,0.0,0.0
2021-09-21 00:00:00+02:00,22.709999084472656,23.25,20.5,21.360000610351562,169887,0.0,0.0,0.0
2021-09-22 00:00:00+02:00,21.360000610351562,23.0,22.059999465942383,22.709999084472656,121227,0.0,0.0,0.0
2021-09-23 00:00:00+02:00,22.709999084472656,26.0,22.709999084472656,24.899999618530273,374317,0.0,0.0,0.0
2021-09-26 00:00:00+02:00,24.899999618530273,25.540000915527344,24.020000457763672,24.440000534057617,150282,0.0,0.0,0.0
2021-09-27 00:00:00+02:00,24.440000534057617,26.600000381469727,24.0,25.049999237060547,423496,0.0,0.0,0.0
2021-09-28 00:00:00+02:00,25.049999237060547,25.399999618530273,24.299999237060547,24.610000610351562,119656,0.0,0.0,0.0
2021-09-29 00:00:00+02:00,24.610000610351562,26.0,24.5,24.56999969482422,137667,0.0,0.0,0.0
2021-09-30 00:00:00+02:00,24.56999969482422,25.040000915527344,24.5,24.829999923706055,93960,0.0,0.0,0.0
2021-10-03 00:00:00+02:00,24.829999923706055,25.670000076293945,23.799999237060547,24.059999465942383,70177,0.0,0.0,0.0
2021-10-04 00:00:00+02:00,24.059999465942383,24.75,23.200000762939453,23.540000915527344,108058,0.0,0.0,0.0
2021-10-05 00:00:00+02:00,23.540000915527344,23.889999389648438,23.059999465942383,23.34000015258789,75792,0.0,0.0,0.0
2021-10-06 00:00:00+02:00,23.34000015258789,25.389999389648438,23.0,24.729999542236328,336034,0.0,0.0,0.0
2021-10-10 00:00:00+02:00,24.729999542236328,25.979999542236328,24.700000762939453,24.90999984741211,185420,0.0,0.0,0.0
2021-10-11 00:00:00+02:00,24.90999984741211,25.200000762939453,24.260000228881836,24.670000076293945,160216,0.0,0.0,0.0
2021-10-12 00:00:00+02:00,24.670000076293945,25.5,24.040000915527344,24.700000762939453,208255,0.0,0.0,0.0
2021-10-13 00:00:00+02:00,24.700000762939453,25.15999984741211,24.010000228881836,24.100000381469727,86012,0.0,0.0,0.0
2021-10-14 00:00:00+02:00,24.100000381469727,24.729999542236328,23.1200008392334,24.149999618530273,121447,0.0,0.0,0.0
2021-10-17 00:00:00+02:00,24.149999618530273,24.75,23.65999984741211,23.84000015258789,91396,0.0,0.0,0.0
2021-10-18 00:00:00+02:00,23.84000015258789,23.84000015258789,23.84000015258789,23.84000015258789,0,0.0,0.0,0.0
2021-10-19 00:00:00+02:00,23.719999313354492,23.850000381469727,20.049999237060547,20.690000534057617,197989,0.0,0.0,0.0
2021-10-20 00:00:00+02:00,20.690000534057617,20.690000534057617,16.559999465942383,18.979999542236328,217439,0.0,0.0,0.0
2021-10-24 00:00:00+02:00,18.979999542236328,20.899999618530273,19.309999465942383,19.440000534057617,107872,0.0,0.0,0.0
2021-10-25 00:00:00+02:00,19.440000534057617,19.450000762939453,17.020000457763672,18.09000015258789,105504,0.0,0.0,0.0
2021-10-26 00:00:00+02:00,18.09000015258789,18.850000381469727,16.0,16.549999237060547,197217,0.0,0.0,0.0
2021-10-27 00:00:00+02:00,16.549999237060547,16.989999771118164,15.0,16.84000015258789,201722,0.0,0.0,0.0
2021-10-28 00:00:00+02:00,16.84000015258789,18.950000762939453,16.719999313354492,18.1200008392334,255232,0.0,0.0,0.0
2021-10-31 00:00:00+02:00,18.1200008392334,19.420000076293945,17.520000457763672,19.18000030517578,95855,0.0,0.0,0.0
2021-11-01 00:00:00+02:00,19.18000030517578,20.31999969482422,18.719999313354492,18.969999313354492,173788,0.0,0.0,0.0
2021-11-02 00:00:00+02:00,18.969999313354492,19.0,18.190000534057617,18.40999984741211,56377,0.0,0.0,0.0
2021-11-03 00:00:00+02:00,18.40999984741211,18.440000534057617,15.800000190734863,16.15999984741211,257790,0.0,0.0,0.0
2021-11-04 00:00:00+02:00,16.15999984741211,16.399999618530273,14.800000190734863,15.180000305175781,620128,0.0,0.0,0.0
2021-11-07 00:00:00+02:00,15.180000305175781,15.180000305175781,15.180000305175781,15.180000305175781,0,0.0,0.0,0.0
2021-11-08 00:00:00+02:00,15.180000305175781,15.180000305175781,15.180000305175781,15.180000305175781,0,0.0,0.0,0.0
2021-11-09 00:00:00+02:00,15.180000305175781,15.180000305175781,15.180000305175781,15.180000305175781,0,0.0,0.0,0.0
2021-11-10 00:00:00+02:00,16.43000030517578,16.43000030517578,14.989999771118164,15.460000038146973,210915,0.0,0.0,0.0
2021-11-11 00:00:00+02:00,15.460000038146973,16.600000381469727,15.460000038146973,16.170000076293945,160766,0.0,0.0,0.0
2021-11-14 00:00:00+02:00,16.170000076293945,16.440000534057617,15.859999656677246,16.06999969482422,152499,0.0,0.0,0.0
2021-11-15 00:00:00+02:00,16.06999969482422,16.25,15.029999732971191,15.229999542236328,144993,0.0,0.0,0.0
2021-11-16 00:00:00+02:00,15.229999542236328,15.289999961853027,14.010000228881836,14.09000015258789,115857,0.0,0.0,0.0
2021-11-17 00:00:00+02:00,14.09000015258789,14.890000343322754,13.5,13.970000267028809,120278,0.0,0.0,0.0
2021-11-18 00:00:00+02:00,13.970000267028809,13.970000267028809,13.970000267028809,13.970000267028809,0,0.0,0.0,0.0
2021-11-21 00:00:00+02:00,14.020000457763672,14.180000305175781,13.130000114440918,13.449999809265137,108724,0.0,0.0,0.0
2021-11-22 00:00:00+02:00,13.449999809265137,14.449999809265137,13.0600004196167,14.1899995803833,176708,0.0,0.0,0.0
2021-11-23 00:00:00+02:00,14.1899995803833,15.449999809265137,13.949999809265137,14.960000038146973,399692,0.0,0.0,0.0
2021-11-24 00:00:00+02:00,14.960000038146973,15.100000381469727,14.470000267028809,14.65999984741211,169346,0.0,0.0,0.0
2021-11-25 00:00:00+02:00,14.65999984741211,15.699999809265137,14.65999984741211,15.399999618530273,202783,0.0,0.0,0.0
2021-11-28 00:00:00+02:00,15.399999618530273,15.399999618530273,15.399999618530273,15.399999618530273,0,0.0,0.0,0.0
2021-11-29 00:00:00+02:00,15.770000457763672,17.079999923706055,15.600000381469727,16.729999542236328,594991,0.0,0.0,0.0
2021-11-30 00:00:00+02:00,16.729999542236328,16.729999542236328,16.729999542236328,16.729999542236328,0,0.0,0.0,0.0
2021-12-01 00:00:00+02:00,16.729999542236328,16.729999542236328,16.729999542236328,16.729999542236328,0,0.0,0.0,0.0
2021-12-02 00:00:00+02:00,16.729999542236328,16.729999542236328,16.729999542236328,16.729999542236328,0,0.0,0.0,0.0
2021-12-05 00:00:00+02:00,16.309999465942383,17.479999542236328,16.200000762939453,17.170000076293945,276719,0.0,0.0,0.0
2021-12-06 00:00:00+02:00,17.170000076293945,19.100000381469727,17.43000030517578,18.079999923706055,652808,0.0,0.0,0.0
2021-12-07 00:00:00+02:00,18.079999923706055,18.25,16.6200008392334,17.010000228881836,209360,0.0,0.0,0.0
2021-12-08 00:00:00+02:00,17.010000228881836,17.600000381469727,16.719999313354492,17.049999237060547,186517,0.0,0.0,0.0
2021-12-09 00:00:00+02:00,17.049999237060547,17.450000762939453,16.889999389648438,17.0,115239,0.0,0.0,0.0
2021-12-12 00:00:00+02:00,17.0,17.399999618530273,17.010000228881836,17.100000381469727,100182,0.0,0.0,0.0
2021-12-13 00:00:00+02:00,17.100000381469727,17.350000381469727,16.350000381469727,16.610000610351562,125113,0.0,0.0,0.0
2021-12-14 00:00:00+02:00,16.610000610351562,16.989999771118164,16.299999237060547,16.469999313354492,51861,0.0,0.0,0.0
2021-12-15 00:00:00+02:00,16.469999313354492,16.75,15.920000076293945,16.079999923706055,131378,0.0,0.0,0.0
2021-12-16 00:00:00+02:00,16.079999923706055,16.59000015258789,15.90999984741211,16.18000030517578,135772,0.0,0.0,0.0
2021-12-19 00:00:00+02:00,16.18000030517578,16.59000015258789,16.0,16.190000534057617,191145,0.0,0.0,0.0
2021-12-20 00:00:00+02:00,16.190000534057617,16.1200008392334,15.899999618530273,16.059999465942383,38013,0.0,0.0,0.0
2021-12-21 00:00:00+02:00,16.059999465942383,16.799999237060547,16.010000228881836,16.549999237060547,144296,0.0,0.0,0.0
2021-12-22 00:00:00+02:00,16.549999237060547,17.100000381469727,16.600000381469727,16.799999237060547,149111,0.0,0.0,0.0
2021-12-23 00:00:00+02:00,16.799999237060547,17.200000762939453,16.420000076293945,17.079999923706055,132131,0.0,0.0,0.0
2021-12-26 00:00:00+02:00,17.079999923706055,17.299999237060547,16.75,16.829999923706055,104884,0.0,0.0,0.0
2021-12-27 00:00:00+02:00,16.829999923706055,17.200000762939453,16.760000228881836,16.81999969482422,102775,0.0,0.0,0.0
2021-12-28 00:00:00+02:00,16.81999969482422,17.0,16.600000381469727,16.8700008392334,59720,0.0,0.0,0.0
2021-12-29 00:00:00+02:00,16.8700008392334,17.649999618530273,16.899999618530273,17.149999618530273,396504,0.0,0.0,0.0
2021-12-30 00:00:00+02:00,17.149999618530273,17.479999542236328,16.959999084472656,17.31999969482422,149188,0.0,0.0,0.0
2022-01-02 00:00:00+02:00,17.31999969482422,17.690000534057617,17.31999969482422,17.510000228881836,97554,0.0,0.0,0.0
2022-01-03 00:00:00+02:00,17.510000228881836,17.989999771118164,17.399999618530273,17.709999084472656,247861,0.0,0.0,0.0
2022-01-04 00:00:00+02:00,17.709999084472656,18.5,17.639999389648438,18.440000534057617,357388,0.0,0.0,0.0
2022-01-05 00:00:00+02:00,18.440000534057617,18.799999237060547,18.190000534057617,18.299999237060547,115404,0.0,0.0,0.0
2022-01-09 00:00:00+02:00,18.299999237060547,18.299999237060547,18.299999237060547,18.299999237060547,0,0.0,0.0,0.0
2022-01-10 00:00:00+02:00,18.020000457763672,18.469999313354492,17.950000762939453,18.1299991607666,122749,0.0,0.0,0.0
2022-01-11 00:00:00+02:00,18.1299991607666,18.229999542236328,17.760000228881836,17.81999969482422,115155,0.0,0.0,0.0
2022-01-12 00:00:00+02:00,17.81999969482422,17.790000915527344,17.450000762939453,17.520000457763672,88190,0.0,0.0,0.0
2022-01-13 00:00:00+02:00,17.520000457763672,17.540000915527344,16.90999984741211,17.030000686645508,204250,0.0,0.0,0.0
2022-01-16 00:00:00+02:00,17.030000686645508,17.190000534057617,16.709999084472656,16.989999771118164,96417,0.0,0.0,0.0
2022-01-17 00:00:00+02:00,16.989999771118164,17.790000915527344,16.799999237060547,17.639999389648438,299131,0.0,0.0,0.0
2022-01-18 00:00:00+02:00,17.639999389648438,19.0,17.899999618530273,18.540000915527344,295180,0.0,0.0,0.0
2022-01-19 00:00:00+02:00,18.540000915527344,19.540000915527344,18.799999237060547,19.299999237060547,378408,0.0,0.0,0.0
2022-01-20 00:00:00+02:00,19.299999237060547,19.65999984741211,19.010000228881836,19.219999313354492,153851,0.0,0.0,0.0
2022-01-23 00:00:00+02:00,19.219999313354492,19.5,18.649999618530273,18.760000228881836,184713,0.0,0.0,0.0
2022-01-24 00:00:00+02:00,18.760000228881836,18.93000030517578,18.15999984741211,18.34000015258789,184410,0.0,0.0,0.0
2022-01-25 00:00:00+02:00,18.34000015258789,19.299999237060547,18.209999084472656,19.15999984741211,279758,0.0,0.0,0.0
2022-01-26 00:00:00+02:00,19.15999984741211,19.700000762939453,19.100000381469727,19.5,188088,0.0,0.0,0.0
2022-01-30 00:00:00+02:00,19.5,20.0,19.209999084472656,19.309999465942383,227409,0.0,0.0,0.0
2022-01-31 00:00:00+02:00,19.309999465942383,19.700000762939453,19.18000030517578,19.229999542236328,99986,0.0,0.0,0.0
2022-02-01 00:00:00+02:00,19.229999542236328,19.559999465942383,19.0,19.110000610351562,134852,0.0,0.0,0.0
2022-02-02 00:00:00+02:00,19.110000610351562,19.700000762939453,19.030000686645508,19.510000228881836,203008,0.0,0.0,0.0
2022-02-03 00:00:00+02:00,19.510000228881836,19.799999237060547,19.260000228881836,19.5,125018,0.0,0.0,0.0
2022-02-06 00:00:00+02:00,19.5,19.600000381469727,19.100000381469727,19.5,189340,0.0,0.0,0.0
2022-02-07 00:00:00+02:00,19.5,19.600000381469727,18.920000076293945,19.059999465942383,114232,0.0,0.0,0.0
2022-02-08 00:00:00+02:00,19.059999465942383,19.100000381469727,18.799999237060547,18.81999969482422,89020,0.0,0.0,0.0
2022-02-09 00:00:00+02:00,18.81999969482422,18.989999771118164,18.40999984741211,18.5,45963,0.0,0.0,0.0
2022-02-10 00:00:00+02:00,18.5,18.799999237060547,18.299999237060547,18.59000015258789,111643,0.0,0.0,0.0
2022-02-13 00:00:00+02:00,18.59000015258789,18.649999618530273,17.700000762939453,17.8700008392334,101259,0.0,0.0,0.0
2022-02-14 00:00:00+02:00,17.8700008392334,17.700000762939453,16.450000762939453,16.549999237060547,147937,0.0,0.0,0.0
2022-02-15 00:00:00+02:00,16.549999237060547,17.200000762939453,16.420000076293945,16.920000076293945,169546,0.0,0.0,0.0
2022-02-16 00:00:00+02:00,16.920000076293945,17.549999237060547,17.030000686645508,17.09000015258789,105447,0.0,0.0,0.0
2022-02-17 00:00:00+02:00,17.09000015258789,18.139999389648438,16.899999618530273,17.940000534057617,145847,0.0,0.0,0.0
2022-02-20 00:00:00+02:00,17.940000534057617,18.200000762939453,17.350000381469727,17.649999618530273,292089,0.0,0.0,0.0
2022-02-21 00:00:00+02:00,17.649999618530273,18.18000030517578,17.549999237060547,17.950000762939453,188775,0.0,0.0,0.0
2022-02-22 00:00:00+02:00,17.950000762939453,18.049999237060547,17.639999389648438,17.770000457763672,92252,0.0,0.0,0.0
2022-02-23 00:00:00+02:00,17.770000457763672,18.450000762939453,17.950000762939453,18.18000030517578,285897,0.0,0.0,0.0
2022-02-24 00:00:00+02:00,18.18000030517578,17.600000381469727,15.5,15.84000015258789,272557,0.0,0.0,0.0
2022-02-27 00:00:00+02:00,15.84000015258789,17.3799991607666,16.010000228881836,17.040000915527344,223468,0.0,0.0,0.0
2022-02-28 00:00:00+02:00,17.040000915527344,17.079999923706055,16.469999313354492,16.600000381469727,108640,0.0,0.0,0.0
2022-03-01 00:00:00+02:00,16.600000381469727,17.200000762939453,16.75,16.770000457763672,95124,0.0,0.0,0.0
2022-03-02 00:00:00+02:00,16.770000457763672,17.350000381469727,16.670000076293945,17.020000457763672,165135,0.0,0.0,0.0
2022-03-03 00:00:00+02:00,17.020000457763672,17.170000076293945,16.920000076293945,17.09000015258789,49912,0.0,0.0,0.0
2022-03-06 00:00:00+02:00,17.09000015258789,17.3799991607666,16.989999771118164,17.020000457763672,117117,0.0,0.0,0.0
2022-03-07 00:00:00+02:00,17.020000457763672,17.049999237060547,16.010000228881836,16.100000381469727,162166,0.0,0.0,0.0
2022-03-08 00:00:00+02:00,16.100000381469727,16.100000381469727,16.100000381469727,16.100000381469727,0,0.0,0.0,0.0
2022-03-09 00:00:00+02:00,16.5,16.8799991607666,16.559999465942383,16.729999542236328,49041,0.0,0.0,0.0
2022-03-10 00:00:00+02:00,16.729999542236328,16.899999618530273,16.520000457763672,16.59000015258789,38208,0.0,0.0,0.0
2022-03-13 00:00:00+02:00,16.59000015258789,16.610000610351562,16.100000381469727,16.229999542236328,79118,0.0,0.0,0.0
2022-03-14 00:00:00+02:00,16.229999542236328,16.229999542236328,16.209999084472656,16.209999084472656,121463,0.0,0.0,0.0
2022-03-15 00:00:00+02:00,16.209999084472656,16.329999923706055,16.0,16.15999984741211,51534,0.0,0.0,0.0
2022-03-16 00:00:00+02:00,16.15999984741211,16.399999618530273,16.059999465942383,16.299999237060547,66451,0.0,0.0,0.0
2022-03-17 00:00:00+02:00,16.299999237060547,16.5,16.209999084472656,16.219999313354492,41111,0.0,0.0,0.0
2022-03-20 00:00:00+02:00,16.219999313354492,16.739999771118164,16.299999237060547,16.559999465942383,67383,0.0,0.0,0.0
2022-03-21 00:00:00+02:00,16.559999465942383,17.149999618530273,16.600000381469727,16.899999618530273,171383,0.0,0.0,0.0
2022-03-22 00:00:00+02:00,16.899999618530273,17.969999313354492,17.25,17.450000762939453,247333,0.0,0.0,0.0
2022-03-23 00:00:00+02:00,17.450000762939453,17.5,17.25,17.3799991607666,100695,0.0,0.0,0.0
2022-03-24 00:00:00+02:00,17.3799991607666,17.600000381469727,17.0,17.1200008392334,118240,0.0,0.0,0.0
2022-03-27 00:00:00+02:00,17.1200008392334,17.270000457763672,16.700000762939453,16.84000015258789,71510,0.0,0.0,0.0
2022-03-28 00:00:00+02:00,16.84000015258789,16.959999084472656,16.0,16.110000610351562,105779,0.0,0.0,0.0
2022-03-29 00:00:00+02:00,16.110000610351562,16.5,16.020000457763672,16.290000915527344,75947,0.0,0.0,0.0
2022-03-30 00:00:00+02:00,16.290000915527344,16.420000076293945,16.0,16.040000915527344,39269,0.0,0.0,0.0
2022-03-31 00:00:00+02:00,16.040000915527344,16.100000381469727,15.850000381469727,15.90999984741211,32807,0.0,0.0,0.0
2022-04-03 00:00:00+02:00,15.90999984741211,16.469999313354492,16.0,16.209999084472656,20008,0.0,0.0,0.0
2022-04-04 00:00:00+02:00,16.209999084472656,16.399999618530273,16.020000457763672,16.149999618530273,77531,0.0,0.0,0.0
2022-04-05 00:00:00+02:00,16.149999618530273,16.31999969482422,16.0,16.040000915527344,32657,0.0,0.0,0.0
2022-04-06 00:00:00+02:00,16.040000915527344,16.399999618530273,15.899999618530273,16.040000915527344,127873,0.0,0.0,0.0
2022-04-07 00:00:00+02:00,16.040000915527344,16.010000228881836,15.449999809265137,15.600000381469727,34509,0.0,0.0,0.0
2022-04-10 00:00:00+02:00,15.600000381469727,15.510000228881836,14.319999694824219,14.420000076293945,122602,0.0,0.0,0.0
2022-04-11 00:00:00+02:00,14.420000076293945,14.640000343322754,13.600000381469727,13.779999732971191,56530,0.0,0.0,0.0
2022-04-12 00:00:00+02:00,13.779999732971191,14.989999771118164,13.350000381469727,13.979999542236328,45629,0.0,0.0,0.0
2022-04-13 00:00:00+02:00,13.979999542236328,14.520000457763672,13.829999923706055,14.020000457763672,69562,0.0,0.0,0.0
2022-04-14 00:00:00+02:00,14.020000457763672,13.949999809265137,13.380000114440918,13.510000228881836,68353,0.0,0.0,0.0
2022-04-17 00:00:00+02:00,13.510000228881836,13.760000228881836,12.5,12.670000076293945,99351,0.0,0.0,0.0
2022-04-18 00:00:00+02:00,12.670000076293945,13.399999618530273,12.5,12.880000114440918,83422,0.0,0.0,0.0
2022-04-19 00:00:00+02:00,12.880000114440918,13.229999542236328,12.699999809265137,13.09000015258789,84941,0.0,0.0,0.0
2022-04-20 00:00:00+02:00,13.09000015258789,13.979999542236328,13.029999732971191,13.729999542236328,141042,0.0,0.0,0.0
2022-04-21 00:00:00+02:00,13.729999542236328,14.800000190734863,13.899999618530273,14.4399995803833,173262,0.0,0.0,0.0
2022-04-26 00:00:00+02:00,14.4399995803833,14.4399995803833,13.729999542236328,13.899999618530273,54374,0.0,0.0,0.0
2022-04-27 00:00:00+02:00,13.899999618530273,13.890000343322754,13.5,13.609999656677246,75631,0.0,0.0,0.0
2022-04-28 00:00:00+02:00,13.609999656677246,14.239999771118164,13.699999809265137,14.0,59931,0.0,0.0,0.0
2022-05-08 00:00:00+02:00,14.0,14.25,13.710000038146973,13.920000076293945,90217,0.0,0.0,0.0
2022-05-09 00:00:00+02:00,13.920000076293945,14.199999809265137,13.760000228881836,13.859999656677246,107442,0.0,0.0,0.0
2022-05-10 00:00:00+02:00,13.859999656677246,14.680000305175781,13.989999771118164,14.3100004196167,278565,0.0,0.0,0.0
2022-05-11 00:00:00+02:00,14.3100004196167,14.550000190734863,14.0,14.1899995803833,122408,0.0,0.0,0.0
2022-05-12 00:00:00+02:00,14.1899995803833,14.199999809265137,13.800000190734863,13.880000114440918,55434,0.0,0.0,0.0
2022-05-15 00:00:00+02:00,13.880000114440918,14.09000015258789,13.850000381469727,13.890000343322754,27531,0.0,0.0,0.0
2022-05-16 00:00:00+02:00,13.890000343322754,13.869999885559082,13.600000381469727,13.729999542236328,27754,0.0,0.0,0.0
2022-05-17 00:00:00+02:00,13.729999542236328,13.989999771118164,13.6899995803833,13.729999542236328,23910,0.0,0.0,0.0
2022-05-18 00:00:00+02:00,13.729999542236328,13.859999656677246,13.600000381469727,13.649999618530273,43857,0.0,0.0,0.0
2022-05-19 00:00:00+02:00,13.649999618530273,13.979999542236328,13.449999809265137,13.6899995803833,25083,0.0,0.0,0.0
2022-05-22 00:00:00+02:00,13.6899995803833,13.890000343322754,13.609999656677246,13.6899995803833,18690,0.0,0.0,0.0
2022-05-23 00:00:00+02:00,13.6899995803833,13.729999542236328,13.329999923706055,13.40999984741211,45061,0.0,0.0,0.0
2022-05-24 00:00:00+02:00,13.40999984741211,13.789999961853027,13.0,13.140000343322754,93198,0.0,0.0,0.0
2022-05-25 00:00:00+02:00,13.140000343322754,13.25,12.829999923706055,12.890000343322754,59427,0.0,0.0,0.0
2022-05-26 00:00:00+02:00,12.890000343322754,13.0,12.510000228881836,12.529999732971191,81295,0.0,0.0,0.0
2022-05-29 00:00:00+02:00,12.529999732971191,12.75,10.0600004196167,11.539999961853027,127141,0.0,0.0,0.0
2022-05-30 00:00:00+02:00,11.539999961853027,12.0,11.569999694824219,11.649999618530273,36095,0.0,0.0,0.0
2022-05-31 00:00:00+02:00,11.649999618530273,12.0,11.15999984741211,11.579999923706055,43765,0.0,0.0,0.0
2022-06-01 00:00:00+02:00,11.579999923706055,11.899999618530273,11.3100004196167,11.460000038146973,78809,0.0,0.0,0.0
2022-06-02 00:00:00+02:00,11.460000038146973,11.720000267028809,11.229999542236328,11.489999771118164,90764,0.0,0.0,0.0
2022-06-05 00:00:00+02:00,11.489999771118164,11.489999771118164,11.489999771118164,11.489999771118164,0,0.0,0.0,0.0
2022-06-06 00:00:00+02:00,11.489999771118164,12.899999618530273,11.789999961853027,12.199999809265137,129847,0.0,0.0,0.0
2022-06-07 00:00:00+02:00,12.199999809265137,12.399999618530273,12.119999885559082,12.1899995803833,38178,0.0,0.0,0.0
2022-06-08 00:00:00+02:00,12.1899995803833,12.680000305175781,12.039999961853027,12.579999923706055,110002,0.0,0.0,0.0
2022-06-09 00:00:00+02:00,12.579999923706055,13.0,12.600000381469727,12.710000038146973,74573,0.0,0.0,0.0
2022-06-12 00:00:00+02:00,12.710000038146973,12.699999809265137,12.279999732971191,12.5,53558,0.0,0.0,0.0
2022-06-13 00:00:00+02:00,12.5,12.529999732971191,12.300000190734863,12.350000381469727,32530,0.0,0.0,0.0
2022-06-14 00:00:00+02:00,12.350000381469727,12.470000267028809,12.0600004196167,12.3100004196167,47474,0.0,0.0,0.0
2022-06-15 00:00:00+02:00,12.3100004196167,13.449999809265137,12.199999809265137,13.279999732971191,204984,0.0,0.0,0.0
2022-06-16 00:00:00+02:00,13.279999732971191,13.699999809265137,13.100000381469727,13.130000114440918,218259,0.0,0.0,0.0
2022-06-19 00:00:00+02:00,13.130000114440918,13.880000114440918,12.949999809265137,13.039999961853027,151753,0.0,0.0,0.0
2022-06-20 00:00:00+02:00,13.039999961853027,13.100000381469727,12.760000228881836,12.9399995803833,55819,0.0,0.0,0.0
2022-06-21 00:00:00+02:00,12.9399995803833,13.069999694824219,12.710000038146973,12.84000015258789,62853,0.0,0.0,0.0
2022-06-22 00:00:00+02:00,12.84000015258789,12.920000076293945,10.430000305175781,12.15999984741211,62645,0.0,0.0,0.0
2022-06-23 00:00:00+02:00,12.15999984741211,12.199999809265137,11.510000228881836,11.670000076293945,54480,0.0,0.0,0.0
2022-06-26 00:00:00+02:00,11.670000076293945,13.399999618530273,12.149999618530273,12.8100004196167,124265,0.0,0.0,0.0
2022-06-27 00:00:00+02:00,12.8100004196167,12.829999923706055,12.399999618530273,12.399999618530273,44930,0.0,0.0,0.0
2022-06-28 00:00:00+02:00,12.399999618530273,12.770000457763672,11.40999984741211,11.739999771118164,64783,0.0,0.0,0.0
2022-06-29 00:00:00+02:00,11.739999771118164,12.289999961853027,11.75,11.970000267028809,46014,0.0,0.0,0.0
2022-07-03 00:00:00+02:00,11.970000267028809,12.300000190734863,11.600000381469727,11.819999694824219,159405,0.0,0.0,0.0
2022-07-04 00:00:00+02:00,11.819999694824219,11.869999885559082,11.119999885559082,11.510000228881836,64862,0.0,0.0,0.0
2022-07-05 00:00:00+02:00,11.510000228881836,12.079999923706055,10.210000038146973,11.050000190734863,88500,0.0,0.0,0.0
2022-07-06 00:00:00+02:00,11.050000190734863,11.6899995803833,10.729999542236328,11.550000190734863,143433,0.0,0.0,0.0
2022-07-07 00:00:00+02:00,11.550000190734863,12.350000381469727,11.5,12.109999656677246,128266,0.0,0.0,0.0
2022-07-17 00:00:00+02:00,12.109999656677246,12.850000381469727,11.979999542236328,12.359999656677246,225205,0.0,0.0,0.0
2022-07-18 00:00:00+02:00,12.359999656677246,14.829999923706055,12.550000190734863,14.699999809265137,724107,0.0,0.0,0.0
2022-07-19 00:00:00+02:00,14.699999809265137,14.699999809265137,14.699999809265137,14.699999809265137,0,0.0,0.0,0.0
2022-07-20 00:00:00+02:00,14.699999809265137,14.699999809265137,14.699999809265137,14.699999809265137,0,0.0,0.0,0.0
2022-07-21 00:00:00+02:00,14.699999809265137,14.699999809265137,14.699999809265137,14.699999809265137,0,0.0,0.0,0.0
2022-07-24 00:00:00+02:00,14.699999809265137,14.699999809265137,14.699999809265137,14.699999809265137,0,0.0,0.0,0.0
2022-07-25 00:00:00+02:00,12.359999656677246,14.829999923706055,13.449999809265137,14.829999923706055,770964,0.0,0.0,0.0
2022-07-26 00:00:00+02:00,14.829999923706055,17.700000762939453,15.600000381469727,17.530000686645508,753471,0.0,0.0,0.0
2022-07-27 00:00:00+02:00,17.530000686645508,19.549999237060547,17.549999237060547,17.860000610351562,1060672,0.0,0.0,0.0
2022-07-28 00:00:00+02:00,17.860000610351562,18.450000762939453,17.299999237060547,17.540000915527344,466144,0.0,0.0,0.0
2022-07-31 00:00:00+02:00,17.540000915527344,17.540000915527344,17.540000915527344,17.540000915527344,0,0.0,0.0,0.0
2022-08-01 00:00:00+02:00,17.540000915527344,18.5,16.540000915527344,16.65999984741211,880231,0.0,0.0,0.0
2022-08-02 00:00:00+02:00,16.65999984741211,17.25,15.800000190734863,17.190000534057617,575299,0.0,0.0,0.0
2022-08-03 00:00:00+02:00,17.190000534057617,17.8799991607666,17.139999389648438,17.209999084472656,364763,0.0,0.0,0.0
2022-08-04 00:00:00+02:00,17.209999084472656,17.3799991607666,16.850000381469727,17.020000457763672,271449,0.0,0.0,0.0
2022-08-07 00:00:00+02:00,17.020000457763672,17.5,17.06999969482422,17.329999923706055,309101,0.0,0.0,0.0
2022-08-08 00:00:00+02:00,17.329999923706055,18.489999771118164,17.219999313354492,17.84000015258789,827160,0.0,0.0,0.0
2022-08-09 00:00:00+02:00,17.84000015258789,18.190000534057617,17.229999542236328,17.350000381469727,268709,0.0,0.0,0.0
2022-08-10 00:00:00+02:00,17.350000381469727,17.790000915527344,16.850000381469727,16.950000762939453,277303,0.0,0.0,0.0
2022-08-11 00:00:00+02:00,16.950000762939453,17.469999313354492,16.959999084472656,17.030000686645508,256290,0.0,0.0,0.0
2022-08-14 00:00:00+02:00,17.030000686645508,17.959999084472656,17.260000228881836,17.389999389648438,406311,0.0,0.0,0.0
2022-08-15 00:00:00+02:00,17.389999389648438,17.950000762939453,17.010000228881836,17.1200008392334,259401,0.0,0.0,0.0
2022-08-16 00:00:00+02:00,17.1200008392334,17.3700008392334,16.799999237060547,16.8700008392334,219535,0.0,0.0,0.0
2022-08-17 00:00:00+02:00,16.8700008392334,17.100000381469727,16.309999465942383,16.540000915527344,269410,0.0,0.0,0.0
2022-08-18 00:00:00+02:00,16.540000915527344,16.540000915527344,16.540000915527344,16.540000915527344,0,0.0,0.0,0.0
2022-08-21 00:00:00+02:00,16.610000610351562,18.399999618530273,16.75,17.8799991607666,728434,0.0,0.0,0.0
2022-08-22 00:00:00+02:00,17.8799991607666,18.450000762939453,17.360000610351562,17.43000030517578,539778,0.0,0.0,0.0
2022-08-23 00:00:00+02:00,17.43000030517578,17.43000030517578,17.43000030517578,17.43000030517578,0,0.0,0.0,0.0
2022-08-24 00:00:00+02:00,17.170000076293945,17.690000534057617,17.020000457763672,17.1299991607666,264039,0.0,0.0,0.0
2022-08-25 00:00:00+02:00,17.1299991607666,17.75,17.170000076293945,17.420000076293945,230792,0.0,0.0,0.0
2022-08-28 00:00:00+02:00,17.420000076293945,17.520000457763672,17.049999237060547,17.110000610351562,207910,0.0,0.0,0.0
2022-08-29 00:00:00+02:00,17.110000610351562,17.690000534057617,17.0,17.030000686645508,289614,0.0,0.0,0.0
2022-08-30 00:00:00+02:00,17.030000686645508,17.459999084472656,17.010000228881836,17.15999984741211,139106,0.0,0.0,0.0
2022-08-31 00:00:00+02:00,17.15999984741211,17.540000915527344,17.110000610351562,17.170000076293945,239335,0.0,0.0,0.0
2022-09-01 00:00:00+02:00,17.170000076293945,17.360000610351562,16.649999618530273,16.790000915527344,187971,0.0,0.0,0.0
2022-09-04 00:00:00+02:00,16.790000915527344,17.0,16.68000030517578,16.81999969482422,133738,0.0,0.0,0.0
2022-09-05 00:00:00+02:00,16.81999969482422,17.309999465942383,16.920000076293945,17.149999618530273,257542,0.0,0.0,0.0
2022-09-06 00:00:00+02:00,17.149999618530273,17.399999618530273,17.06999969482422,17.149999618530273,180483,0.0,0.0,0.0
2022-09-07 00:00:00+02:00,17.149999618530273,17.81999969482422,17.170000076293945,17.299999237060547,616055,0.0,0.0,0.0
2022-09-08 00:00:00+02:00,17.299999237060547,17.639999389648438,17.299999237060547,17.34000015258789,204406,0.0,0.0,0.0
2022-09-11 00:00:00+02:00,17.34000015258789,17.700000762939453,17.40999984741211,17.459999084472656,192106,0.0,0.0,0.0
2022-09-12 00:00:00+02:00,17.459999084472656,18.579999923706055,17.5,17.969999313354492,502340,0.0,0.0,0.0
2022-09-13 00:00:00+02:00,17.969999313354492,18.93000030517578,18.229999542236328,18.31999969482422,555902,0.0,0.0,0.0
2022-09-14 00:00:00+02:00,18.31999969482422,18.5,17.81999969482422,17.940000534057617,313863,0.0,0.0,0.0
2022-09-15 00:00:00+02:00,17.940000534057617,18.200000762939453,17.81999969482422,17.969999313354492,179664,0.0,0.0,0.0
2022-09-18 00:00:00+02:00,17.969999313354492,18.309999465942383,15.520000457763672,15.760000228881836,255277,0.0,0.0,0.0
2022-09-19 00:00:00+02:00,15.760000228881836,16.100000381469727,15.0,16.0,272228,0.0,0.0,0.0
2022-09-20 00:00:00+02:00,16.0,16.6200008392334,16.100000381469727,16.280000686645508,242645,0.0,0.0,0.0
2022-09-21 00:00:00+02:00,16.280000686645508,16.43000030517578,16.100000381469727,16.1299991607666,100283,0.0,0.0,0.0
2022-09-22 00:00:00+02:00,16.1299991607666,16.18000030517578,15.710000038146973,15.970000267028809,142889,0.0,0.0,0.0
2022-09-25 00:00:00+02:00,15.970000267028809,16.450000762939453,15.779999732971191,15.859999656677246,101906,0.0,0.0,0.0
2022-09-26 00:00:00+02:00,15.859999656677246,16.350000381469727,15.989999771118164,16.09000015258789,267899,0.0,0.0,0.0
2022-09-27 00:00:00+02:00,16.09000015258789,17.0,16.290000915527344,16.829999923706055,512307,0.0,0.0,0.0
2022-09-28 00:00:00+02:00,16.829999923706055,17.0,16.329999923706055,16.399999618530273,290190,0.0,0.0,0.0
2022-09-29 00:00:00+02:00,16.399999618530273,16.690000534057617,16.149999618530273,16.229999542236328,126426,0.0,0.0,0.0
2022-10-02 00:00:00+02:00,16.229999542236328,16.649999618530273,15.5,16.100000381469727,227347,0.0,0.0,0.0
2022-10-03 00:00:00+02:00,16.100000381469727,17.5,16.0,17.280000686645508,819742,0.0,0.0,0.0
2022-10-04 00:00:00+02:00,17.280000686645508,17.899999618530273,17.239999771118164,17.270000457763672,461119,0.0,0.0,0.0
2022-10-05 00:00:00+02:00,17.270000457763672,17.579999923706055,17.0,17.09000015258789,308410,0.0,0.0,0.0
2022-10-09 00:00:00+02:00,17.09000015258789,17.190000534057617,16.729999542236328,16.860000610351562,128289,0.0,0.0,0.0
2022-10-10 00:00:00+02:00,16.860000610351562,17.059999465942383,16.5,16.549999237060547,94381,0.0,0.0,0.0
2022-10-11 00:00:00+02:00,16.549999237060547,16.899999618530273,15.829999923706055,15.859999656677246,164743,0.0,0.0,0.0
2022-10-12 00:00:00+02:00,15.859999656677246,16.200000762939453,15.760000228881836,15.979999542236328,77634,0.0,0.0,0.0
2022-10-13 00:00:00+02:00,15.979999542236328,16.190000534057617,15.800000190734863,16.030000686645508,101318,0.0,0.0,0.0
2022-10-16 00:00:00+02:00,16.030000686645508,17.489999771118164,16.149999618530273,17.389999389648438,437041,0.0,0.0,0.0
2022-10-17 00:00:00+02:00,17.389999389648438,17.5,16.809999465942383,16.8799991607666,193157,0.0,0.0,0.0
2022-10-18 00:00:00+02:00,16.8799991607666,17.1200008392334,16.65999984741211,16.770000457763672,386554,0.0,0.0,0.0
2022-10-19 00:00:00+02:00,16.770000457763672,17.0,16.010000228881836,16.31999969482422,177982,0.0,0.0,0.0
2022-10-20 00:00:00+02:00,16.31999969482422,16.889999389648438,16.1299991607666,16.549999237060547,117194,0.0,0.0,0.0
2022-10-23 00:00:00+02:00,16.549999237060547,17.049999237060547,16.530000686645508,16.690000534057617,137922,0.0,0.0,0.0
2022-10-24 00:00:00+02:00,16.690000534057617,17.729999542236328,16.610000610351562,17.040000915527344,589973,0.0,0.0,0.0
2022-10-25 00:00:00+02:00,17.040000915527344,17.5,16.799999237060547,16.8700008392334,243229,0.0,0.0,0.0
2022-10-26 00:00:00+02:00,16.8700008392334,16.8700008392334,16.8700008392334,16.8700008392334,0,0.0,0.0,0.0
2022-10-27 00:00:00+02:00,16.850000381469727,17.200000762939453,16.829999923706055,16.950000762939453,113481,0.0,0.0,0.0
2022-10-30 00:00:00+02:00,16.950000762939453,17.299999237060547,16.600000381469727,16.649999618530273,69434,0.0,0.0,0.0
2022-10-31 00:00:00+02:00,16.649999618530273,16.670000076293945,16.25,16.549999237060547,109917,0.0,0.0,0.0
2022-11-01 00:00:00+02:00,16.549999237060547,17.290000915527344,16.5,17.290000915527344,265359,0.0,0.0,0.0
2022-11-02 00:00:00+02:00,17.290000915527344,17.389999389648438,16.399999618530273,16.479999542236328,253773,0.0,0.0,0.0
2022-11-03 00:00:00+02:00,16.479999542236328,16.799999237060547,16.280000686645508,16.329999923706055,86008,0.0,0.0,0.0
2022-11-06 00:00:00+02:00,16.329999923706055,16.600000381469727,16.299999237060547,16.329999923706055,56113,0.0,0.0,0.0
2022-11-07 00:00:00+02:00,16.329999923706055,16.780000686645508,16.3700008392334,16.420000076293945,56350,0.0,0.0,0.0
2022-11-08 00:00:00+02:00,16.420000076293945,16.540000915527344,16.149999618530273,16.239999771118164,51612,0.0,0.0,0.0
2022-11-09 00:00:00+02:00,16.239999771118164,16.399999618530273,16.049999237060547,16.110000610351562,84248,0.0,0.0,0.0
2022-11-10 00:00:00+02:00,16.110000610351562,17.0,16.1200008392334,16.719999313354492,79019,0.0,0.0,0.0
2022-11-13 00:00:00+02:00,16.719999313354492,17.100000381469727,16.6299991607666,17.0,218963,0.0,0.0,0.0
2022-11-14 00:00:00+02:00,17.0,17.200000762939453,16.709999084472656,16.809999465942383,161731,0.0,0.0,0.0
2022-11-15 00:00:00+02:00,16.809999465942383,16.959999084472656,16.5,16.65999984741211,118349,0.0,0.0,0.0
2022-11-16 00:00:00+02:00,16.65999984741211,17.139999389648438,16.5,16.959999084472656,206104,0.0,0.0,0.0
2022-11-17 00:00:00+02:00,16.959999084472656,17.649999618530273,16.920000076293945,17.489999771118164,470221,0.0,0.0,0.0
2022-11-20 00:00:00+02:00,17.489999771118164,18.149999618530273,17.610000610351562,17.75,329147,0.0,0.0,0.0
2022-11-21 00:00:00+02:00,17.75,17.889999389648438,17.299999237060547,17.690000534057617,215677,0.0,0.0,0.0
2022-11-22 00:00:00+02:00,17.690000534057617,17.8700008392334,17.450000762939453,17.540000915527344,185084,0.0,0.0,0.0
2022-11-23 00:00:00+02:00,17.540000915527344,18.200000762939453,17.690000534057617,18.030000686645508,379091,0.0,0.0,0.0
2022-11-24 00:00:00+02:00,18.030000686645508,19.979999542236328,18.15999984741211,19.969999313354492,998181,0.0,0.0,0.0
2022-11-27 00:00:00+02:00,19.969999313354492,20.299999237060547,19.399999618530273,19.540000915527344,576350,0.0,0.0,0.0
2022-11-28 00:00:00+02:00,19.540000915527344,19.979999542236328,19.229999542236328,19.5,694228,0.0,0.0,0.0
2022-11-29 00:00:00+02:00,19.5,21.0,19.6299991607666,20.889999389648438,1248788,0.0,0.0,0.0
2022-11-30 00:00:00+02:00,20.889999389648438,21.0,20.200000762939453,20.389999389648438,449321,0.0,0.0,0.0
2022-12-01 00:00:00+02:00,20.389999389648438,22.0,20.389999389648438,21.06999969482422,1035023,0.0,0.0,0.0
2022-12-04 00:00:00+02:00,21.06999969482422,21.489999771118164,20.649999618530273,20.739999771118164,390474,0.0,0.0,0.0
2022-12-05 00:00:00+02:00,20.739999771118164,20.989999771118164,19.559999465942383,19.829999923706055,521444,0.0,0.0,0.0
2022-12-06 00:00:00+02:00,19.829999923706055,20.5,19.549999237060547,20.299999237060547,233994,0.0,0.0,0.0
2022-12-07 00:00:00+02:00,20.299999237060547,21.969999313354492,20.399999618530273,21.969999313354492,1006779,0.0,0.0,0.0
2022-12-08 00:00:00+02:00,21.969999313354492,22.350000381469727,21.59000015258789,21.75,774268,0.0,0.0,0.0
2022-12-11 00:00:00+02:00,21.75,21.920000076293945,20.510000228881836,20.989999771118164,332549,0.0,0.0,0.0
2022-12-12 00:00:00+02:00,20.989999771118164,20.75,20.100000381469727,20.399999618530273,283091,0.0,0.0,0.0
2022-12-13 00:00:00+02:00,20.399999618530273,21.139999389648438,20.350000381469727,20.530000686645508,268656,0.0,0.0,0.0
2022-12-14 00:00:00+02:00,20.530000686645508,21.100000381469727,20.5,20.579999923706055,388251,0.0,0.0,0.0
2022-12-15 00:00:00+02:00,20.579999923706055,21.0,19.610000610351562,19.700000762939453,407021,0.0,0.0,0.0
2022-12-18 00:00:00+02:00,19.700000762939453,19.950000762939453,18.899999618530273,19.0,154551,0.0,0.0,0.0
2022-12-19 00:00:00+02:00,19.0,19.170000076293945,18.450000762939453,18.59000015258789,148062,0.0,0.0,0.0
2022-12-20 00:00:00+02:00,18.59000015258789,18.889999389648438,18.219999313354492,18.3700008392334,199554,0.0,0.0,0.0
2022-12-21 00:00:00+02:00,18.3700008392334,18.59000015258789,18.0,18.290000915527344,212785,0.0,0.0,0.0
2022-12-22 00:00:00+02:00,18.290000915527344,19.399999618530273,18.399999618530273,18.5,304267,0.0,0.0,0.0
2022-12-25 00:00:00+02:00,18.5,19.100000381469727,18.200000762939453,18.760000228881836,239375,0.0,0.0,0.0
2022-12-26 00:00:00+02:00,18.760000228881836,18.979999542236328,18.700000762939453,18.739999771118164,60200,0.0,0.0,0.0
2022-12-27 00:00:00+02:00,18.739999771118164,19.0,18.440000534057617,18.600000381469727,148483,0.0,0.0,0.0
2022-12-28 00:00:00+02:00,18.600000381469727,18.790000915527344,18.25,18.5,102050,0.0,0.0,0.0
2022-12-29 00:00:00+02:00,18.5,18.899999618530273,18.309999465942383,18.540000915527344,228772,0.0,0.0,0.0
2023-01-02 00:00:00+02:00,18.540000915527344,18.90999984741211,18.649999618530273,18.790000915527344,104064,0.0,0.0,0.0
2023-01-03 00:00:00+02:00,18.790000915527344,19.299999237060547,18.799999237060547,19.09000015258789,287238,0.0,0.0,0.0
2023-01-04 00:00:00+02:00,19.09000015258789,19.530000686645508,18.700000762939453,19.049999237060547,288745,0.0,0.0,0.0
2023-01-05 00:00:00+02:00,19.049999237060547,19.8700008392334,19.0,19.610000610351562,381711,0.0,0.0,0.0
2023-01-09 00:00:00+02:00,19.610000610351562,19.979999542236328,19.010000228881836,19.280000686645508,156303,0.0,0.0,0.0
2023-01-10 00:00:00+02:00,19.280000686645508,19.25,17.0,18.270000457763672,149407,0.0,0.0,0.0
2023-01-11 00:00:00+02:00,18.270000457763672,18.889999389648438,17.6200008392334,17.770000457763672,285834,0.0,0.0,0.0
2023-01-12 00:00:00+02:00,17.770000457763672,18.200000762939453,17.149999618530273,17.270000457763672,99253,0.0,0.0,0.0
2023-01-15 00:00:00+02:00,17.270000457763672,17.8700008392334,17.09000015258789,17.25,69628,0.0,0.0,0.0
2023-01-16 00:00:00+02:00,17.25,18.010000228881836,17.399999618530273,17.760000228881836,116336,0.0,0.0,0.0
2023-01-17 00:00:00+02:00,17.760000228881836,18.190000534057617,17.899999618530273,18.049999237060547,114225,0.0,0.0,0.0
2023-01-18 00:00:00+02:00,18.049999237060547,19.600000381469727,18.1200008392334,18.90999984741211,377526,0.0,0.0,0.0
2023-01-19 00:00:00+02:00,18.90999984741211,19.450000762939453,18.600000381469727,18.75,252398,0.0,0.0,0.0
2023-01-22 00:00:00+02:00,18.75,19.450000762939453,18.809999465942383,18.860000610351562,131466,0.0,0.0,0.0
2023-01-23 00:00:00+02:00,18.860000610351562,18.90999984741211,18.100000381469727,18.270000457763672,123019,0.0,0.0,0.0
2023-01-24 00:00:00+02:00,18.270000457763672,18.5,17.899999618530273,18.09000015258789,89304,0.0,0.0,0.0
2023-01-25 00:00:00+02:00,18.09000015258789,18.56999969482422,18.18000030517578,18.229999542236328,63659,0.0,0.0,0.0
2023-01-29 00:00:00+02:00,18.229999542236328,18.5,18.1200008392334,18.18000030517578,48016,0.0,0.0,0.0
2023-01-30 00:00:00+02:00,18.18000030517578,18.420000076293945,17.270000457763672,17.459999084472656,137745,0.0,0.0,0.0
2023-01-31 00:00:00+02:00,17.459999084472656,17.850000381469727,17.0,17.1200008392334,124765,0.0,0.0,0.0
2023-02-01 00:00:00+02:00,17.1200008392334,17.440000534057617,16.84000015258789,17.209999084472656,46854,0.0,0.0,0.0
2023-02-02 00:00:00+02:00,17.209999084472656,17.420000076293945,16.709999084472656,16.850000381469727,83279,0.0,0.0,0.0
2023-02-05 00:00:00+02:00,16.850000381469727,17.0,16.139999389648438,16.229999542236328,97248,0.0,0.0,0.0
2023-02-06 00:00:00+02:00,16.229999542236328,16.75,16.200000762939453,16.3700008392334,99600,0.0,0.0,0.0
2023-02-07 00:00:00+02:00,16.3700008392334,17.0,16.3700008392334,16.700000762939453,72847,0.0,0.0,0.0
2023-02-08 00:00:00+02:00,16.700000762939453,17.0,16.0,16.40999984741211,128231,0.0,0.0,0.0
2023-02-09 00:00:00+02:00,16.40999984741211,16.969999313354492,16.450000762939453,16.8700008392334,102246,0.0,0.0,0.0
2023-02-12 00:00:00+02:00,16.8700008392334,17.079999923706055,16.760000228881836,16.959999084472656,71659,0.0,0.0,0.0
2023-02-13 00:00:00+02:00,16.959999084472656,17.270000457763672,16.899999618530273,16.969999313354492,88962,0.0,0.0,0.0
2023-02-14 00:00:00+02:00,16.969999313354492,17.3799991607666,17.0,17.18000030517578,78472,0.0,0.0,0.0
2023-02-15 00:00:00+02:00,17.18000030517578,17.399999618530273,17.049999237060547,17.15999984741211,76775,0.0,0.0,0.0
2023-02-16 00:00:00+02:00,17.15999984741211,18.350000381469727,17.15999984741211,18.049999237060547,416198,0.0,0.0,0.0
2023-02-19 00:00:00+02:00,18.049999237060547,20.75,18.5,20.1299991607666,1425748,0.0,0.0,0.0
2023-02-20 00:00:00+02:00,20.1299991607666,20.829999923706055,19.200000762939453,19.5,796932,0.0,0.0,0.0
2023-02-21 00:00:00+02:00,19.5,19.920000076293945,18.860000610351562,19.1200008392334,475043,0.0,0.0,0.0
2023-02-22 00:00:00+02:00,19.1200008392334,19.610000610351562,18.399999618530273,18.540000915527344,380323,0.0,0.0,0.0
2023-02-23 00:00:00+02:00,18.540000915527344,19.8799991607666,18.149999618530273,19.56999969482422,547171,0.0,0.0,0.0
2023-02-26 00:00:00+02:00,19.56999969482422,20.59000015258789,19.770000457763672,19.799999237060547,603563,0.0,0.0,0.0
2023-02-27 00:00:00+02:00,19.799999237060547,20.399999618530273,19.6200008392334,19.770000457763672,366253,0.0,0.0,0.0
2023-02-28 00:00:00+02:00,19.770000457763672,20.170000076293945,19.6200008392334,19.729999542236328,229892,0.0,0.0,0.0
2023-03-01 00:00:00+02:00,19.729999542236328,20.18000030517578,19.610000610351562,19.75,227776,0.0,0.0,0.0
2023-03-02 00:00:00+02:00,19.75,20.020000457763672,19.399999618530273,19.799999237060547,231058,0.0,0.0,0.0
2023-03-05 00:00:00+02:00,19.799999237060547,21.100000381469727,19.899999618530273,20.860000610351562,685946,0.0,0.0,0.0
2023-03-06 00:00:00+02:00,20.860000610351562,21.8799991607666,21.110000610351562,21.229999542236328,592454,0.0,0.0,0.0
2023-03-07 00:00:00+02:00,21.229999542236328,21.489999771118164,20.200000762939453,20.260000228881836,290747,0.0,0.0,0.0
2023-03-08 00:00:00+02:00,20.260000228881836,20.6299991607666,19.75,20.34000015258789,288764,0.0,0.0,0.0
2023-03-09 00:00:00+02:00,20.34000015258789,21.200000762939453,20.049999237060547,21.040000915527344,467753,0.0,0.0,0.0
2023-03-12 00:00:00+02:00,21.040000915527344,20.899999618530273,19.510000228881836,19.56999969482422,312705,0.0,0.0,0.0
2023-03-13 00:00:00+02:00,19.56999969482422,19.8700008392334,17.0,17.239999771118164,318276,0.0,0.0,0.0
2023-03-14 00:00:00+02:00,17.239999771118164,17.799999237060547,16.75,17.5,306372,0.0,0.0,0.0
2023-03-15 00:00:00+02:00,17.5,18.09000015258789,15.0,15.8100004196167,493484,0.0,0.0,0.0
2023-03-16 00:00:00+02:00,15.8100004196167,15.600000381469727,14.0,15.130000114440918,451279,0.0,0.0,0.0
2023-03-19 00:00:00+02:00,15.130000114440918,15.9399995803833,14.520000457763672,15.789999961853027,305040,0.0,0.0,0.0
2023-03-20 00:00:00+02:00,15.789999961853027,17.399999618530273,15.699999809265137,16.81999969482422,510887,0.0,0.0,0.0
2023-03-21 00:00:00+02:00,16.81999969482422,17.299999237060547,16.760000228881836,17.110000610351562,364095,0.0,0.0,0.0
2023-03-22 00:00:00+02:00,17.110000610351562,18.670000076293945,17.239999771118164,18.010000228881836,938877,0.0,0.0,0.0
2023-03-23 00:00:00+02:00,18.010000228881836,18.850000381469727,17.899999618530273,18.399999618530273,532033,0.0,0.0,0.0
2023-03-26 00:00:00+02:00,18.399999618530273,18.690000534057617,18.15999984741211,18.309999465942383,348099,0.0,0.0,0.0
2023-03-27 00:00:00+02:00,18.309999465942383,18.540000915527344,17.600000381469727,17.799999237060547,182215,0.0,0.0,0.0
2023-03-28 00:00:00+02:00,17.799999237060547,18.0,17.010000228881836,17.530000686645508,152401,0.0,0.0,0.0
2023-03-29 00:00:00+02:00,17.530000686645508,18.100000381469727,17.520000457763672,17.8700008392334,149100,0.0,0.0,0.0
2023-03-30 00:00:00+02:00,17.8700008392334,18.079999923706055,17.100000381469727,17.479999542236328,183084,0.0,0.0,0.0
2023-04-02 00:00:00+02:00,17.479999542236328,18.25,17.5,18.110000610351562,152586,0.0,0.0,0.0
2023-04-03 00:00:00+02:00,18.110000610351562,18.770000457763672,18.299999237060547,18.530000686645508,238492,0.0,0.0,0.0
2023-04-04 00:00:00+02:00,18.530000686645508,20.149999618530273,18.739999771118164,19.950000762939453,612017,0.0,0.0,0.0
2023-04-05 00:00:00+02:00,19.950000762939453,21.299999237060547,19.610000610351562,20.1200008392334,556647,0.0,0.0,0.0
2023-04-06 00:00:00+02:00,20.1200008392334,20.450000762939453,19.139999389648438,19.360000610351562,309440,0.0,0.0,0.0
2023-04-09 00:00:00+02:00,19.360000610351562,19.59000015258789,18.770000457763672,19.260000228881836,115768,0.0,0.0,0.0
2023-04-10 00:00:00+02:00,19.260000228881836,19.899999618530273,19.149999618530273,19.389999389648438,164389,0.0,0.0,0.0
2023-04-11 00:00:00+02:00,19.389999389648438,20.399999618530273,19.209999084472656,20.239999771118164,345787,0.0,0.0,0.0
2023-04-12 00:00:00+02:00,20.239999771118164,20.5,19.700000762939453,19.799999237060547,202131,0.0,0.0,0.0
2023-04-13 00:00:00+02:00,19.799999237060547,19.8700008392334,19.40999984741211,19.56999969482422,108073,0.0,0.0,0.0
2023-04-18 00:00:00+02:00,19.56999969482422,19.850000381469727,19.209999084472656,19.360000610351562,107356,0.0,0.0,0.0
2023-04-19 00:00:00+02:00,19.360000610351562,19.510000228881836,19.25,19.309999465942383,78633,0.0,0.0,0.0
2023-04-26 00:00:00+02:00,19.309999465942383,19.5,19.010000228881836,19.1200008392334,101037,0.0,0.0,0.0
2023-04-27 00:00:00+02:00,19.1200008392334,19.739999771118164,19.020000457763672,19.56999969482422,158669,0.0,0.0,0.0
2023-04-30 00:00:00+03:00,19.56999969482422,20.459999084472656,19.530000686645508,19.600000381469727,339323,0.0,0.0,0.0
2023-05-01 00:00:00+03:00,19.600000381469727,19.600000381469727,19.600000381469727,19.600000381469727,0,0.0,0.0,0.0
2023-05-02 00:00:00+03:00,18.989999771118164,19.25,18.510000228881836,18.790000915527344,94700,0.0,0.0,0.0
2023-05-03 00:00:00+03:00,18.790000915527344,19.040000915527344,18.5,18.739999771118164,166942,0.0,0.0,0.0
2023-05-07 00:00:00+03:00,18.739999771118164,19.0,18.5,18.690000534057617,75115,0.0,0.0,0.0
2023-05-08 00:00:00+03:00,18.690000534057617,19.399999618530273,18.709999084472656,19.290000915527344,120793,0.0,0.0,0.0
2023-05-09 00:00:00+03:00,19.290000915527344,19.760000228881836,18.610000610351562,18.739999771118164,177908,0.0,0.0,0.0
2023-05-10 00:00:00+03:00,18.739999771118164,19.690000534057617,18.34000015258789,19.479999542236328,210825,0.0,0.0,0.0
2023-05-11 00:00:00+03:00,19.479999542236328,20.0,18.75,18.940000534057617,193468,0.0,0.0,0.0
2023-05-14 00:00:00+03:00,18.940000534057617,19.25,18.700000762939453,19.09000015258789,54149,0.0,0.0,0.0
2023-05-15 00:00:00+03:00,19.09000015258789,19.989999771118164,19.010000228881836,19.100000381469727,226846,0.0,0.0,0.0
2023-05-16 00:00:00+03:00,19.100000381469727,19.329999923706055,18.700000762939453,18.739999771118164,160064,0.0,0.0,0.0
2023-05-17 00:00:00+03:00,18.739999771118164,19.0,18.25,18.25,114724,0.0,0.0,0.0
2023-05-18 00:00:00+03:00,18.25,18.350000381469727,17.719999313354492,17.90999984741211,112261,0.0,0.0,0.0
2023-05-21 00:00:00+03:00,17.90999984741211,18.280000686645508,17.649999618530273,17.889999389648438,74263,0.0,0.0,0.0
2023-05-22 00:00:00+03:00,17.889999389648438,18.350000381469727,17.739999771118164,17.93000030517578,124157,0.0,0.0,0.0
2023-05-23 00:00:00+03:00,17.93000030517578,19.0,17.979999542236328,18.559999465942383,208969,0.0,0.0,0.0
2023-05-24 00:00:00+03:00,18.559999465942383,18.799999237060547,18.520000457763672,18.709999084472656,93412,0.0,0.0,0.0
2023-05-25 00:00:00+03:00,18.709999084472656,19.8799991607666,18.799999237060547,19.520000457763672,501537,0.0,0.0,0.0
2023-05-28 00:00:00+03:00,19.520000457763672,23.200000762939453,19.56999969482422,23.200000762939453,1617394,0.0,0.0,0.0
2023-05-29 00:00:00+03:00,23.200000762939453,24.200000762939453,23.0,23.579999923706055,1151408,0.0,0.0,0.0
2023-05-30 00:00:00+03:00,23.579999923706055,23.600000381469727,22.469999313354492,22.780000686645508,447549,0.0,0.0,0.0
2023-05-31 00:00:00+03:00,22.780000686645508,23.25,22.020000457763672,22.149999618530273,279274,0.0,0.0,0.0
2023-06-01 00:00:00+03:00,22.149999618530273,22.84000015258789,22.299999237060547,22.530000686645508,200907,0.0,0.0,0.0
2023-06-04 00:00:00+03:00,22.530000686645508,23.450000762939453,22.1200008392334,22.290000915527344,375531,0.0,0.0,0.0
2023-06-05 00:00:00+03:00,22.290000915527344,22.6200008392334,20.0,21.030000686645508,265493,0.0,0.0,0.0
2023-06-06 00:00:00+03:00,21.030000686645508,21.8700008392334,21.0,21.260000228881836,160939,0.0,0.0,0.0
2023-06-07 00:00:00+03:00,21.260000228881836,21.700000762939453,20.510000228881836,20.649999618530273,229302,0.0,0.0,0.0
2023-06-08 00:00:00+03:00,20.649999618530273,20.8799991607666,19.8799991607666,20.229999542236328,253116,0.0,0.0,0.0
2023-06-11 00:00:00+03:00,20.229999542236328,20.979999542236328,20.059999465942383,20.3700008392334,91550,0.0,0.0,0.0
2023-06-12 00:00:00+03:00,20.3700008392334,20.649999618530273,20.200000762939453,20.25,86026,0.0,0.0,0.0
2023-06-13 00:00:00+03:00,20.25,20.530000686645508,19.799999237060547,19.850000381469727,193837,0.0,0.0,0.0
2023-06-14 00:00:00+03:00,19.850000381469727,22.5,19.950000762939453,22.139999389648438,779940,0.0,0.0,0.0
2023-06-15 00:00:00+03:00,22.139999389648438,22.5,21.3700008392334,21.459999084472656,238827,0.0,0.0,0.0
2023-06-18 00:00:00+03:00,21.459999084472656,21.739999771118164,21.299999237060547,21.489999771118164,74680,0.0,0.0,0.0
2023-06-19 00:00:00+03:00,21.489999771118164,22.0,21.1200008392334,21.190000534057617,168024,0.0,0.0,0.0
2023-06-20 00:00:00+03:00,21.190000534057617,21.479999542236328,20.93000030517578,21.239999771118164,136929,0.0,0.0,0.0
2023-06-21 00:00:00+03:00,21.239999771118164,21.65999984741211,20.719999313354492,20.979999542236328,146075,0.0,0.0,0.0
2023-06-22 00:00:00+03:00,20.979999542236328,21.229999542236328,20.920000076293945,21.020000457763672,90083,0.0,0.0,0.0
2023-06-25 00:00:00+03:00,21.020000457763672,21.700000762939453,20.770000457763672,21.010000228881836,135509,0.0,0.0,0.0
2023-06-26 00:00:00+03:00,21.010000228881836,21.299999237060547,20.850000381469727,21.139999389648438,46792,0.0,0.0,0.0
2023-07-04 00:00:00+03:00,21.139999389648438,22.18000030517578,21.15999984741211,21.610000610351562,179238,0.0,0.0,0.0
2023-07-05 00:00:00+03:00,21.610000610351562,22.75,21.709999084472656,22.020000457763672,333749,0.0,0.0,0.0
2023-07-06 00:00:00+03:00,22.020000457763672,22.399999618530273,21.350000381469727,21.399999618530273,175407,0.0,0.0,0.0
2023-07-09 00:00:00+03:00,21.399999618530273,21.56999969482422,19.950000762939453,20.020000457763672,99453,0.0,0.0,0.0
2023-07-10 00:00:00+03:00,20.020000457763672,20.5,19.0,20.290000915527344,90943,0.0,0.0,0.0
2023-07-11 00:00:00+03:00,20.290000915527344,20.649999618530273,20.0,20.190000534057617,128241,0.0,0.0,0.0
2023-07-12 00:00:00+03:00,20.190000534057617,20.68000030517578,20.15999984741211,20.239999771118164,71931,0.0,0.0,0.0
2023-07-13 00:00:00+03:00,20.239999771118164,20.59000015258789,19.899999618530273,20.0,149291,0.0,0.0,0.0
2023-07-16 00:00:00+03:00,20.0,20.270000457763672,19.809999465942383,19.8799991607666,91180,0.0,0.0,0.0
2023-07-17 00:00:00+03:00,19.8799991607666,20.010000228881836,19.110000610351562,19.700000762939453,76454,0.0,0.0,0.0
2023-07-18 00:00:00+03:00,19.700000762939453,20.0,19.75,19.8700008392334,57783,0.0,0.0,0.0
2023-07-19 00:00:00+03:00,19.8700008392334,19.8700008392334,19.8700008392334,19.8700008392334,0,0.0,0.0,0.0
2023-07-24 00:00:00+03:00,20.09000015258789,20.5,20.059999465942383,20.1299991607666,104649,0.0,0.0,0.0
2023-07-25 00:00:00+03:00,20.1299991607666,20.739999771118164,19.81999969482422,19.979999542236328,194287,0.0,0.0,0.0
2023-07-26 00:00:00+03:00,19.979999542236328,20.0,19.5,19.600000381469727,178405,0.0,0.0,0.0
2023-07-27 00:00:00+03:00,19.600000381469727,19.889999389648438,19.65999984741211,19.75,68369,0.0,0.0,0.0
2023-07-30 00:00:00+03:00,19.75,20.18000030517578,19.350000381469727,19.940000534057617,54530,0.0,0.0,0.0
2023-07-31 00:00:00+03:00,19.940000534057617,20.18000030517578,19.600000381469727,19.649999618530273,71284,0.0,0.0,0.0
2023-08-01 00:00:00+03:00,19.649999618530273,19.950000762939453,19.31999969482422,19.350000381469727,92626,0.0,0.0,0.0
2023-08-02 00:00:00+03:00,19.350000381469727,19.549999237060547,19.200000762939453,19.260000228881836,88482,0.0,0.0,0.0
2023-08-03 00:00:00+03:00,19.260000228881836,19.540000915527344,19.15999984741211,19.200000762939453,56907,0.0,0.0,0.0
2023-08-06 00:00:00+03:00,19.200000762939453,19.540000915527344,19.059999465942383,19.3700008392334,59666,0.0,0.0,0.0
2023-08-07 00:00:00+03:00,19.3700008392334,20.190000534057617,19.5,19.690000534057617,160010,0.0,0.0,0.0
2023-08-08 00:00:00+03:00,19.690000534057617,20.18000030517578,19.6299991607666,19.690000534057617,125698,0.0,0.0,0.0
2023-08-09 00:00:00+03:00,19.690000534057617,19.950000762939453,19.65999984741211,19.700000762939453,60189,0.0,0.0,0.0
2023-08-10 00:00:00+03:00,19.700000762939453,19.889999389648438,19.40999984741211,19.520000457763672,55803,0.0,0.0,0.0
2023-08-13 00:00:00+03:00,19.520000457763672,20.399999618530273,19.600000381469727,20.110000610351562,404862,0.0,0.0,0.0
2023-08-14 00:00:00+03:00,20.110000610351562,20.799999237060547,20.020000457763672,20.549999237060547,381644,0.0,0.0,0.0
2023-08-15 00:00:00+03:00,20.549999237060547,21.75,20.56999969482422,21.670000076293945,471389,0.0,0.0,0.0
2023-08-16 00:00:00+03:00,21.670000076293945,22.389999389648438,21.0,21.010000228881836,400880,0.0,0.0,0.0
2023-08-17 00:00:00+03:00,21.010000228881836,21.469999313354492,20.899999618530273,21.09000015258789,237860,0.0,0.0,0.0
2023-08-20 00:00:00+03:00,21.09000015258789,22.299999237060547,21.25,21.8799991607666,404277,0.0,0.0,0.0
2023-08-21 00:00:00+03:00,21.8799991607666,23.100000381469727,22.0,22.239999771118164,709365,0.0,0.0,0.0
2023-08-22 00:00:00+03:00,22.239999771118164,22.579999923706055,21.6299991607666,21.68000030517578,228956,0.0,0.0,0.0
2023-08-23 00:00:00+03:00,21.68000030517578,22.049999237060547,21.049999237060547,21.5,272190,0.0,0.0,0.0
2023-08-24 00:00:00+03:00,21.5,21.5,21.0,21.190000534057617,112212,0.0,0.0,0.0
2023-08-27 00:00:00+03:00,21.190000534057617,21.690000534057617,21.030000686645508,21.079999923706055,105130,0.0,0.0,0.0
2023-08-28 00:00:00+03:00,21.079999923706055,21.850000381469727,20.899999618530273,20.979999542236328,244772,0.0,0.0,0.0
2023-08-29 00:00:00+03:00,20.979999542236328,21.489999771118164,21.0,21.219999313354492,205100,0.0,0.0,0.0
2023-08-30 00:00:00+03:00,21.219999313354492,22.299999237060547,21.25,21.469999313354492,527147,0.0,0.0,0.0
2023-08-31 00:00:00+03:00,21.469999313354492,21.469999313354492,21.469999313354492,21.469999313354492,0,0.0,0.0,0.0
2023-09-03 00:00:00+03:00,21.43000030517578,22.729999542236328,21.40999984741211,21.639999389648438,496598,0.0,0.0,0.0
2023-09-04 00:00:00+03:00,21.639999389648438,21.989999771118164,21.299999237060547,21.31999969482422,284115,0.0,0.0,0.0
2023-09-05 00:00:00+03:00,21.31999969482422,21.75,21.15999984741211,21.170000076293945,292064,0.0,0.0,0.0
2023-09-06 00:00:00+03:00,21.170000076293945,21.34000015258789,20.610000610351562,20.670000076293945,181125,0.0,0.0,0.0
2023-09-07 00:00:00+03:00,20.670000076293945,20.899999618530273,20.299999237060547,20.40999984741211,152386,0.0,0.0,0.0
2023-09-10 00:00:00+03:00,20.40999984741211,20.40999984741211,20.40999984741211,20.40999984741211,0,0.0,0.0,0.0
2023-09-11 00:00:00+03:00,20.780000686645508,20.989999771118164,20.360000610351562,20.399999618530273,98791,0.0,0.0,0.0
2023-09-12 00:00:00+03:00,20.399999618530273,20.780000686645508,20.209999084472656,20.56999969482422,118332,0.0,0.0,0.0
2023-09-13 00:00:00+03:00,20.56999969482422,21.950000762939453,20.799999237060547,21.549999237060547,745610,0.0,0.0,0.0
2023-09-14 00:00:00+03:00,21.549999237060547,21.809999465942383,21.15999984741211,21.200000762939453,258133,0.0,0.0,0.0
2023-09-17 00:00:00+03:00,21.200000762939453,21.549999237060547,21.049999237060547,21.260000228881836,126797,0.0,0.0,0.0
2023-09-18 00:00:00+03:00,21.260000228881836,21.600000381469727,21.1299991607666,21.15999984741211,170611,0.0,0.0,0.0
2023-09-19 00:00:00+03:00,21.15999984741211,21.5,20.8700008392334,20.93000030517578,138957,0.0,0.0,0.0
2023-09-20 00:00:00+03:00,20.93000030517578,20.93000030517578,20.93000030517578,20.93000030517578,0,0.0,0.0,0.0
2023-09-21 00:00:00+03:00,20.93000030517578,20.93000030517578,20.93000030517578,20.93000030517578,0,0.0,0.0,0.0
2023-09-24 00:00:00+03:00,20.93000030517578,20.93000030517578,20.93000030517578,20.93000030517578,0,0.0,0.0,0.0
2023-09-25 00:00:00+03:00,20.209999084472656,20.579999923706055,20.170000076293945,20.190000534057617,81213,0.0,0.0,0.0
2023-09-26 00:00:00+03:00,20.190000534057617,20.450000762939453,19.809999465942383,19.8700008392334,103056,0.0,0.0,0.0
2023-09-27 00:00:00+03:00,19.8700008392334,19.8700008392334,19.8700008392334,19.8700008392334,0,0.0,0.0,0.0
2023-10-01 00:00:00+03:00,19.8700008392334,19.8700008392334,19.8700008392334,19.8700008392334,0,0.0,0.0,0.0
2023-10-02 00:00:00+03:00,19.3799991607666,19.68000030517578,19.010000228881836,19.190000534057617,85854,0.0,0.0,0.0
2023-10-03 00:00:00+03:00,19.190000534057617,19.5,18.950000762939453,19.030000686645508,86327,0.0,0.0,0.0
2023-10-04 00:00:00+03:00,19.030000686645508,19.280000686645508,18.5,19.09000015258789,95440,0.0,0.0,0.0
2023-10-08 00:00:00+03:00,19.09000015258789,19.149999618530273,17.649999618530273,17.8799991607666,136969,0.0,0.0,0.0
2023-10-09 00:00:00+03:00,17.8799991607666,18.399999618530273,17.989999771118164,18.1299991607666,55246,0.0,0.0,0.0
2023-10-10 00:00:00+03:00,18.1299991607666,18.350000381469727,18.06999969482422,18.329999923706055,44777,0.0,0.0,0.0
2023-10-11 00:00:00+03:00,18.329999923706055,19.239999771118164,18.350000381469727,19.049999237060547,323289,0.0,0.0,0.0
2023-10-12 00:00:00+03:00,19.049999237060547,19.100000381469727,18.68000030517578,18.739999771118164,55812,0.0,0.0,0.0
2023-10-15 00:00:00+03:00,18.739999771118164,19.0,18.709999084472656,18.729999542236328,109861,0.0,0.0,0.0
2023-10-16 00:00:00+03:00,18.729999542236328,18.8799991607666,18.5,18.75,131378,0.0,0.0,0.0
2023-10-17 00:00:00+03:00,18.75,19.190000534057617,18.700000762939453,19.09000015258789,113063,0.0,0.0,0.0
2023-10-18 00:00:00+03:00,19.09000015258789,19.3700008392334,19.0,19.030000686645508,98928,0.0,0.0,0.0
2023-10-19 00:00:00+03:00,19.030000686645508,19.030000686645508,19.030000686645508,19.030000686645508,0,0.0,0.0,0.0
2023-10-22 00:00:00+03:00,19.360000610351562,19.690000534057617,19.31999969482422,19.5,107360,0.0,0.0,0.0
2023-10-23 00:00:00+03:00,19.5,20.15999984741211,19.530000686645508,19.610000610351562,214719,0.0,0.0,0.0
2023-10-24 00:00:00+03:00,19.610000610351562,20.190000534057617,19.649999618530273,19.690000534057617,224179,0.0,0.0,0.0
2023-10-25 00:00:00+03:00,19.690000534057617,20.899999618530273,19.709999084472656,20.5,458353,0.0,0.0,0.0
2023-10-26 00:00:00+03:00,20.5,21.389999389648438,20.610000610351562,21.170000076293945,547704,0.0,0.0,0.0
2023-10-29 00:00:00+02:00,21.170000076293945,21.899999618530273,21.09000015258789,21.229999542236328,239654,0.0,0.0,0.0
2023-10-30 00:00:00+02:00,21.229999542236328,21.600000381469727,20.75,21.010000228881836,180187,0.0,0.0,0.0
2023-10-31 00:00:00+02:00,21.010000228881836,22.219999313354492,20.610000610351562,21.979999542236328,429155,0.0,0.0,0.0
2023-11-01 00:00:00+02:00,21.979999542236328,22.0,20.81999969482422,21.600000381469727,195102,0.0,0.0,0.0
2023-11-02 00:00:00+02:00,21.600000381469727,21.68000030517578,21.0,21.489999771118164,144090,0.0,0.0,0.0
2023-11-05 00:00:00+02:00,21.489999771118164,24.899999618530273,21.5,24.1200008392334,1301258,0.0,0.0,0.0
2023-11-06 00:00:00+02:00,24.1200008392334,24.68000030517578,23.25,23.329999923706055,424773,0.0,0.0,0.0
2023-11-07 00:00:00+02:00,23.329999923706055,23.969999313354492,23.0,23.100000381469727,327062,0.0,0.0,0.0
2023-11-08 00:00:00+02:00,23.100000381469727,24.290000915527344,23.100000381469727,23.950000762939453,429469,0.0,0.0,0.0
2023-11-09 00:00:00+02:00,23.950000762939453,25.700000762939453,23.700000762939453,24.200000762939453,909329,0.0,0.0,0.0
2023-11-12 00:00:00+02:00,24.200000762939453,27.360000610351562,24.399999618530273,26.65999984741211,912175,0.0,0.0,0.0
2023-11-13 00:00:00+02:00,26.65999984741211,27.899999618530273,25.760000228881836,26.420000076293945,755223,0.0,0.0,0.0
2023-11-14 00:00:00+02:00,26.420000076293945,27.5,25.520000457763672,25.84000015258789,486770,0.0,0.0,0.0
2023-11-15 00:00:00+02:00,25.84000015258789,27.0,25.5,27.0,556827,0.0,0.0,0.0
2023-11-16 00:00:00+02:00,27.0,32.400001525878906,27.229999542236328,29.59000015258789,1408126,0.0,0.0,0.0
2023-11-19 00:00:00+02:00,29.59000015258789,31.299999237060547,29.399999618530273,29.799999237060547,424931,0.0,0.0,0.0
2023-11-20 00:00:00+02:00,29.799999237060547,31.489999771118164,29.510000228881836,29.56999969482422,976419,0.0,0.0,0.0
2023-11-21 00:00:00+02:00,29.56999969482422,29.700000762939453,28.3700008392334,28.43000030517578,621217,0.0,0.0,0.0
2023-11-22 00:00:00+02:00,28.43000030517578,31.399999618530273,28.43000030517578,31.280000686645508,912549,0.0,0.0,0.0
2023-11-23 00:00:00+02:00,31.280000686645508,31.729999542236328,30.0,30.440000534057617,319035,0.0,0.0,0.0
2023-11-26 00:00:00+02:00,30.440000534057617,32.400001525878906,30.549999237060547,31.809999465942383,684693,0.0,0.0,0.0
2023-11-27 00:00:00+02:00,31.809999465942383,33.29999923706055,31.0,31.889999389648438,543901,0.0,0.0,0.0
2023-11-28 00:00:00+02:00,31.889999389648438,32.47999954223633,31.110000610351562,31.8700008392334,408180,0.0,0.0,0.0
2023-11-29 00:00:00+02:00,31.8700008392334,32.599998474121094,31.649999618530273,31.90999984741211,296422,0.0,0.0,0.0
2023-11-30 00:00:00+02:00,31.90999984741211,34.70000076293945,32.04999923706055,34.5,464434,0.0,0.0,0.0
2023-12-03 00:00:00+02:00,34.5,36.5,33.70000076293945,34.209999084472656,325235,0.0,0.0,0.0
2023-12-04 00:00:00+02:00,34.209999084472656,34.5,33.349998474121094,34.06999969482422,123883,0.0,0.0,0.0
2023-12-05 00:00:00+02:00,34.06999969482422,39.599998474121094,34.06999969482422,37.45000076293945,797481,0.0,0.0,0.0
2023-12-06 00:00:00+02:00,37.45000076293945,39.2400016784668,36.79999923706055,39.0,1191311,0.0,0.0,0.0
2023-12-07 00:00:00+02:00,39.0,38.9900016784668,36.900001525878906,37.5099983215332,388302,0.0,0.0,0.0
2023-12-10 00:00:00+02:00,37.5099983215332,38.29999923706055,34.099998474121094,34.90999984741211,304780,0.0,0.0,0.0
2023-12-11 00:00:00+02:00,34.90999984741211,37.5,34.0,37.0,407794,0.0,0.0,0.0
2023-12-12 00:00:00+02:00,37.0,37.959999084472656,36.0,36.880001068115234,170576,0.0,0.0,0.0
2023-12-13 00:00:00+02:00,36.880001068115234,39.900001525878906,36.5,38.33000183105469,309733,0.0,0.0,0.0
2023-12-14 00:00:00+02:00,38.33000183105469,39.79999923706055,37.70000076293945,38.959999084472656,124013,0.0,0.0,0.0
2023-12-17 00:00:00+02:00,38.959999084472656,39.34000015258789,38.5,38.599998474121094,138180,0.0,0.0,0.0
2023-12-18 00:00:00+02:00,38.599998474121094,39.0,37.150001525878906,37.790000915527344,96796,0.0,0.0,0.0
2023-12-19 00:00:00+02:00,37.790000915527344,38.189998626708984,36.099998474121094,36.5099983215332,209626,0.0,0.0,0.0
2023-12-20 00:00:00+02:00,36.5099983215332,37.5,35.5099983215332,36.34000015258789,358836,0.0,0.0,0.0
2023-12-21 00:00:00+02:00,36.34000015258789,36.68000030517578,35.040000915527344,36.369998931884766,250405,0.0,0.0,0.0
2023-12-24 00:00:00+02:00,36.369998931884766,36.369998931884766,36.369998931884766,36.369998931884766,0,0.0,0.0,0.0
2023-12-25 00:00:00+02:00,35.709999084472656,36.70000076293945,35.2599983215332,35.86000061035156,164878,0.0,0.0,0.0
2023-12-26 00:00:00+02:00,35.86000061035156,36.70000076293945,35.400001525878906,35.630001068115234,121567,0.0,0.0,0.0
2023-12-27 00:00:00+02:00,35.630001068115234,36.36000061035156,35.61000061035156,35.810001373291016,26662,0.0,0.0,0.0
2023-12-28 00:00:00+02:00,35.810001373291016,37.0,35.5,36.959999084472656,102348,0.0,0.0,0.0
2023-12-31 00:00:00+02:00,36.959999084472656,37.58000183105469,36.0,36.70000076293945,73441,0.0,0.0,0.0
2024-01-02 00:00:00+02:00,36.70000076293945,37.70000076293945,36.400001525878906,37.52000045776367,83657,0.0,0.0,0.0
2024-01-03 00:00:00+02:00,37.52000045776367,38.5,37.099998474121094,37.7599983215332,108918,0.0,0.0,0.0
2024-01-04 00:00:00+02:00,37.7599983215332,38.4900016784668,37.650001525878906,37.900001525878906,95208,0.0,0.0,0.0
2024-01-08 00:00:00+02:00,37.900001525878906,38.970001220703125,37.2400016784668,38.84000015258789,101039,0.0,0.0,0.0
2024-01-09 00:00:00+02:00,38.84000015258789,42.380001068115234,38.560001373291016,41.130001068115234,591541,0.0,0.0,0.0
2024-01-10 00:00:00+02:00,41.130001068115234,41.900001525878906,39.66999816894531,40.150001525878906,123575,0.0,0.0,0.0
2024-01-11 00:00:00+02:00,40.150001525878906,41.5,39.52000045776367,40.08000183105469,179722,0.0,0.0,0.0
2024-01-14 00:00:00+02:00,40.08000183105469,42.380001068115234,40.02000045776367,42.0099983215332,216473,0.0,0.0,0.0
2024-01-15 00:00:00+02:00,42.0099983215332,44.0,41.560001373291016,43.959999084472656,196135,0.0,0.0,0.0
2024-01-16 00:00:00+02:00,43.959999084472656,46.79999923706055,43.060001373291016,46.41999816894531,395462,0.0,0.0,0.0
2024-01-17 00:00:00+02:00,46.41999816894531,49.0,44.25,46.91999816894531,159426,0.0,0.0,0.0
2024-01-18 00:00:00+02:00,46.91999816894531,48.0,46.0099983215332,46.470001220703125,36292,0.0,0.0,0.0
2024-01-21 00:00:00+02:00,46.470001220703125,54.900001525878906,46.75,53.22999954223633,520764,0.0,0.0,0.0
2024-01-22 00:00:00+02:00,53.22999954223633,63.869998931884766,48.0,63.209999084472656,1412757,0.0,0.0,0.0
2024-01-23 00:00:00+02:00,63.209999084472656,75.8499984741211,63.5,75.8499984741211,869723,0.0,0.0,0.0
2024-01-24 00:00:00+02:00,75.8499984741211,77.88999938964844,64.05000305175781,64.88999938964844,762090,0.0,0.0,0.0
2024-01-28 00:00:00+02:00,64.88999938964844,74.5,62.0,68.66000366210938,643431,0.0,0.0,0.0
2024-01-29 00:00:00+02:00,68.66000366210938,71.98999786376953,66.01000213623047,67.19000244140625,251012,0.0,0.0,0.0
2024-01-30 00:00:00+02:00,67.19000244140625,78.87000274658203,55.0,72.11000061035156,656917,0.0,0.0,0.0
2024-01-31 00:00:00+02:00,72.11000061035156,73.93000030517578,60.02000045776367,63.4900016784668,333142,0.0,0.0,0.0
2024-02-01 00:00:00+02:00,63.4900016784668,68.0,61.36000061035156,66.88999938964844,150254,0.0,0.0,0.0
2024-02-04 00:00:00+02:00,66.88999938964844,71.9000015258789,66.0999984741211,67.94000244140625,192364,0.0,0.0,0.0
2024-02-05 00:00:00+02:00,67.94000244140625,70.79000091552734,64.5,64.97000122070312,299194,0.0,0.0,0.0
2024-02-06 00:00:00+02:00,64.97000122070312,66.30000305175781,61.61000061035156,62.2599983215332,233577,0.0,0.0,0.0
2024-02-07 00:00:00+02:00,62.2599983215332,65.97000122070312,60.099998474121094,60.83000183105469,235283,0.0,0.0,0.0
2024-02-08 00:00:00+02:00,60.83000183105469,63.400001525878906,60.900001525878906,61.0,272075,0.0,0.0,0.0
2024-02-11 00:00:00+02:00,61.0,63.9900016784668,60.0,61.68000030517578,386023,0.0,0.0,0.0
2024-02-12 00:00:00+02:00,61.68000030517578,65.5999984741211,61.599998474121094,62.0,735041,0.0,0.0,0.0
2024-02-13 00:00:00+02:00,62.0,63.47999954223633,60.54999923706055,60.939998626708984,357423,0.0,0.0,0.0
2024-02-14 00:00:00+02:00,60.939998626708984,61.9900016784668,60.29999923706055,60.790000915527344,111148,0.0,0.0,0.0
2024-02-15 00:00:00+02:00,60.790000915527344,61.75,60.45000076293945,60.52000045776367,104420,0.0,0.0,0.0
2024-02-18 00:00:00+02:00,60.52000045776367,60.52000045776367,60.52000045776367,60.52000045776367,0,0.0,0.0,0.0
2024-02-19 00:00:00+02:00,60.099998474121094,62.45000076293945,59.02000045776367,59.45000076293945,416106,0.0,0.0,0.0
2024-02-20 00:00:00+02:00,59.45000076293945,59.900001525878906,58.119998931884766,59.0099983215332,133605,0.0,0.0,0.0
2024-02-21 00:00:00+02:00,59.0099983215332,62.79999923706055,57.5099983215332,59.630001068115234,746684,0.0,0.0,0.0
2024-02-22 00:00:00+02:00,59.630001068115234,60.939998626708984,57.79999923706055,58.209999084472656,240703,0.0,0.0,0.0
2024-02-25 00:00:00+02:00,58.209999084472656,58.0,50.65999984741211,52.04999923706055,248549,0.0,0.0,0.0
2024-02-26 00:00:00+02:00,52.04999923706055,53.900001525878906,51.0099983215332,52.540000915527344,193417,0.0,0.0,0.0
2024-02-27 00:00:00+02:00,52.540000915527344,55.5,51.5,51.56999969482422,90036,0.0,0.0,0.0
2024-02-28 00:00:00+02:00,51.56999969482422,54.0,50.099998474121094,51.040000915527344,206892,0.0,0.0,0.0
2024-02-29 00:00:00+02:00,51.040000915527344,51.939998626708984,50.02000045776367,51.63999938964844,84117,0.0,0.0,0.0
2024-03-03 00:00:00+02:00,51.63999938964844,55.470001220703125,50.5099983215332,53.04999923706055,253071,0.0,0.0,0.0
2024-03-04 00:00:00+02:00,53.04999923706055,55.790000915527344,53.130001068115234,55.7599983215332,282316,0.0,0.0,0.0
2024-03-05 00:00:00+02:00,55.7599983215332,56.95000076293945,53.04999923706055,53.40999984741211,208547,0.0,0.0,0.0
2024-03-06 00:00:00+02:00,53.40999984741211,54.38999938964844,51.5099983215332,51.630001068115234,132459,0.0,0.0,0.0
2024-03-07 00:00:00+02:00,51.630001068115234,52.9900016784668,50.5,50.619998931884766,99193,0.0,0.0,0.0
2024-03-10 00:00:00+02:00,50.619998931884766,54.900001525878906,50.79999923706055,52.939998626708984,171548,0.0,0.0,0.0
2024-03-11 00:00:00+02:00,52.939998626708984,53.9900016784668,51.349998474121094,51.459999084472656,45150,0.0,0.0,0.0
2024-03-12 00:00:00+02:00,51.459999084472656,55.29999923706055,51.29999923706055,51.540000915527344,256193,0.0,0.0,0.0
2024-03-13 00:00:00+02:00,51.540000915527344,53.38999938964844,50.11000061035156,51.09000015258789,47132,0.0,0.0,0.0
2024-03-14 00:00:00+02:00,51.09000015258789,52.0,50.0,50.310001373291016,79510,0.0,0.0,0.0
2024-03-17 00:00:00+02:00,50.310001373291016,52.0,48.130001068115234,48.5,88187,0.0,0.0,0.0
2024-03-18 00:00:00+02:00,48.5,48.5,43.0,44.0,139628,0.0,0.0,0.0
2024-03-19 00:00:00+02:00,44.0,43.9900016784668,36.0099983215332,41.529998779296875,65290,0.0,0.0,0.0
2024-03-20 00:00:00+02:00,41.529998779296875,47.709999084472656,41.54999923706055,46.060001373291016,196726,0.0,0.0,0.0
2024-03-21 00:00:00+02:00,46.060001373291016,49.45000076293945,46.130001068115234,47.060001373291016,133009,0.0,0.0,0.0
2024-03-24 00:00:00+02:00,47.060001373291016,47.060001373291016,47.060001373291016,47.060001373291016,132,0.0,0.0,0.0
2024-03-25 00:00:00+02:00,47.060001373291016,48.4900016784668,40.2599983215332,48.209999084472656,96704,0.0,0.0,0.0
2024-03-26 00:00:00+02:00,48.209999084472656,50.0,48.0,48.83000183105469,91871,0.0,0.0,0.0
2024-03-27 00:00:00+02:00,48.83000183105469,49.099998474121094,46.79999923706055,47.849998474121094,36545,0.0,0.0,0.0
2024-03-28 00:00:00+02:00,47.849998474121094,48.0,42.599998474121094,46.91999816894531,53891,0.0,0.0,0.0
2024-03-31 00:00:00+02:00,46.91999816894531,48.150001525878906,45.5,46.130001068115234,28646,0.0,0.0,0.0
2024-04-01 00:00:00+02:00,46.130001068115234,48.5,46.209999084472656,47.95000076293945,48976,0.0,0.0,0.0
2024-04-02 00:00:00+02:00,47.95000076293945,49.0,47.720001220703125,48.18000030517578,107065,0.0,0.0,0.0
2024-04-03 00:00:00+02:00,48.18000030517578,51.38999938964844,47.599998474121094,48.939998626708984,324566,0.0,0.0,0.0
2024-04-04 00:00:00+02:00,48.939998626708984,50.099998474121094,48.0,48.04999923706055,114380,0.0,0.0,0.0
2024-04-07 00:00:00+02:00,48.04999923706055,48.599998474121094,46.0,46.77000045776367,64792,0.0,0.0,0.0
2024-04-08 00:00:00+02:00,46.77000045776367,47.79999923706055,45.560001373291016,46.18000030517578,35590,0.0,0.0,0.0
2024-04-15 00:00:00+02:00,46.18000030517578,47.369998931884766,45.810001373291016,46.4900016784668,43149,0.0,0.0,0.0
2024-04-16 00:00:00+02:00,46.4900016784668,46.95000076293945,45.599998474121094,46.119998931884766,52642,0.0,0.0,0.0
2024-04-17 00:00:00+02:00,46.119998931884766,46.779998779296875,45.0099983215332,46.41999816894531,82345,0.0,0.0,0.0
2024-04-18 00:00:00+02:00,46.41999816894531,47.279998779296875,43.0,44.970001220703125,147525,0.0,0.0,0.0
2024-04-21 00:00:00+02:00,44.970001220703125,45.689998626708984,43.75,44.720001220703125,173861,0.0,0.0,0.0
2024-04-22 00:00:00+02:00,44.720001220703125,45.95000076293945,43.75,44.59000015258789,62682,0.0,0.0,0.0
2024-04-23 00:00:00+02:00,44.59000015258789,45.0,40.0099983215332,43.68000030517578,255510,0.0,0.0,0.0
2024-04-24 00:00:00+02:00,43.68000030517578,43.0,40.7400016784668,41.959999084472656,55531,0.0,0.0,0.0
2024-04-28 00:00:00+03:00,41.959999084472656,41.959999084472656,41.959999084472656,41.959999084472656,0,0.0,0.0,0.0
2024-04-29 00:00:00+03:00,41.459999084472656,43.900001525878906,41.45000076293945,43.4900016784668,107223,0.0,0.0,0.0
2024-04-30 00:00:00+03:00,43.4900016784668,44.0,40.79999923706055,41.130001068115234,64443,0.0,0.0,0.0
2024-05-02 00:00:00+03:00,42.290000915527344,44.20000076293945,41.060001373291016,42.970001220703125,81483,0.0,0.0,0.0
2024-05-07 00:00:00+03:00,42.970001220703125,42.9900016784668,41.619998931884766,42.599998474121094,132789,0.0,0.0,0.0
2024-05-08 00:00:00+03:00,42.599998474121094,44.29999923706055,42.029998779296875,42.970001220703125,118244,0.0,0.0,0.0
2024-05-09 00:00:00+03:00,42.970001220703125,44.45000076293945,42.130001068115234,43.5099983215332,94786,0.0,0.0,0.0
2024-05-12 00:00:00+03:00,43.5099983215332,44.0,41.70000076293945,42.0099983215332,94537,0.0,0.0,0.0
2024-05-13 00:00:00+03:00,42.0099983215332,44.0,40.849998474121094,41.810001373291016,93749,0.0,0.0,0.0
2024-05-14 00:00:00+03:00,41.810001373291016,42.939998626708984,41.75,41.88999938964844,94113,0.0,0.0,0.0
2024-05-15 00:00:00+03:00,41.88999938964844,42.88999938964844,41.77000045776367,42.0,43456,0.0,0.0,0.0
2024-05-16 00:00:00+03:00,42.0,42.79999923706055,42.0099983215332,42.540000915527344,22639,0.0,0.0,0.0
2024-05-19 00:00:00+03:00,42.540000915527344,43.5,42.209999084472656,43.119998931884766,129846,0.0,0.0,0.0
2024-05-20 00:00:00+03:00,43.33000183105469,47.0,43.5,45.869998931884766,194980,0.0,0.0,0.0
2024-05-21 00:00:00+03:00,45.869998931884766,47.9900016784668,45.02000045776367,45.08000183105469,441220,0.0,0.0,0.0
2024-05-22 00:00:00+03:00,45.08000183105469,45.880001068115234,44.150001525878906,45.0,93289,0.0,0.0,0.0
2024-05-23 00:00:00+03:00,45.0,46.0,44.5,45.150001525878906,59978,0.0,0.0,0.0
2024-05-26 00:00:00+03:00,45.150001525878906,45.150001525878906,45.150001525878906,45.150001525878906,0,0.0,0.0,0.0
2024-05-27 00:00:00+03:00,45.0,45.65999984741211,44.099998474121094,44.599998474121094,64079,0.0,0.0,0.0
2024-05-28 00:00:00+03:00,44.599998474121094,44.900001525878906,42.099998474121094,44.5,56945,0.0,0.0,0.0
2024-05-29 00:00:00+03:00,44.5,44.9900016784668,44.130001068115234,44.849998474121094,29427,0.0,0.0,0.0
2024-05-30 00:00:00+03:00,44.849998474121094,45.79999923706055,44.02000045776367,45.0,79359,0.0,0.0,0.0
2024-06-02 00:00:00+03:00,45.0,45.400001525878906,44.91999816894531,45.099998474121094,55034,0.0,0.0,0.0
2024-06-03 00:00:00+03:00,45.099998474121094,45.599998474121094,44.66999816894531,44.9900016784668,77387,0.0,0.0,0.0
2024-06-04 00:00:00+03:00,44.9900016784668,45.650001525878906,44.54999923706055,45.61000061035156,34050,0.0,0.0,0.0
2024-06-05 00:00:00+03:00,45.61000061035156,46.75,45.099998474121094,46.0,147198,0.0,0.0,0.0
2024-06-06 00:00:00+03:00,46.0,49.95000076293945,46.4900016784668,49.5,292329,0.0,0.0,0.0
2024-06-09 00:00:00+03:00,49.5,51.95000076293945,48.29999923706055,48.59000015258789,208467,0.0,0.0,0.0
2024-06-10 00:00:00+03:00,48.59000015258789,49.4900016784668,46.15999984741211,48.77000045776367,55013,0.0,0.0,0.0
2024-06-11 00:00:00+03:00,48.77000045776367,49.97999954223633,46.650001525878906,48.84000015258789,33064,0.0,0.0,0.0
2024-06-12 00:00:00+03:00,48.84000015258789,49.349998474121094,48.150001525878906,48.900001525878906,106498,0.0,0.0,0.0
2024-06-13 00:00:00+03:00,48.900001525878906,51.0,48.599998474121094,49.09000015258789,132358,0.0,0.0,0.0
2024-06-23 00:00:00+03:00,49.09000015258789,50.099998474121094,48.5,49.15999984741211,270869,0.0,0.0,0.0
2024-06-24 00:00:00+03:00,49.15999984741211,49.5,48.0,48.86000061035156,66131,0.0,0.0,0.0
2024-06-25 00:00:00+03:00,48.86000061035156,49.400001525878906,48.16999816894531,48.599998474121094,91060,0.0,0.0,0.0
2024-06-26 00:00:00+03:00,48.599998474121094,49.4900016784668,48.599998474121094,48.81999969482422,35958,0.0,0.0,0.0
2024-06-27 00:00:00+03:00,48.81999969482422,50.75,48.779998779296875,50.369998931884766,77080,0.0,0.0,0.0
2024-07-02 00:00:00+03:00,57.970001220703125,59.0,56.0,58.36000061035156,119246,0.0,0.0,0.0
2024-07-03 00:00:00+03:00,58.36000061035156,64.5,57.119998931884766,62.20000076293945,842340,0.0,0.0,0.0
2024-07-04 00:00:00+03:00,62.20000076293945,62.95000076293945,59.04999923706055,60.209999084472656,120404,0.0,0.0,0.0
2024-07-07 00:00:00+03:00,60.209999084472656,66.88999938964844,60.209999084472656,64.04000091552734,383552,0.0,0.0,0.0
2024-07-08 00:00:00+03:00,64.04000091552734,67.5,62.15999984741211,64.41999816894531,488834,0.0,0.0,0.0
2024-07-09 00:00:00+03:00,64.41999816894531,64.97000122070312,63.08000183105469,63.58000183105469,100819,0.0,0.0,0.0
2024-07-10 00:00:00+03:00,63.58000183105469,64.88999938964844,62.849998474121094,63.06999969482422,189501,0.0,0.0,0.0
2024-07-14 00:00:00+03:00,63.06999969482422,66.48999786376953,63.0,64.3499984741211,154002,0.0,0.0,0.0
2024-07-15 00:00:00+03:00,64.3499984741211,65.0,63.33000183105469,63.56999969482422,246346,0.0,0.0,0.0
2024-07-16 00:00:00+03:00,63.56999969482422,72.80000305175781,63.11000061035156,69.0,1000882,0.0,0.0,0.0
2024-07-17 00:00:00+03:00,69.0,74.0,67.0,67.0,465085,0.0,0.0,0.0
2024-07-18 00:00:00+03:00,67.0,68.5999984741211,66.6500015258789,67.18000030517578,59419,0.0,0.0,0.0
2024-07-21 00:00:00+03:00,67.18000030517578,70.12000274658203,66.6500015258789,67.54000091552734,145127,0.0,0.0,0.0
2024-07-22 00:00:00+03:00,67.54000091552734,70.80000305175781,65.19999694824219,65.5999984741211,105037,0.0,0.0,0.0
2024-07-23 00:00:00+03:00,65.5999984741211,67.66999816894531,65.0,65.04000091552734,83751,0.0,0.0,0.0
2024-07-24 00:00:00+03:00,65.04000091552734,68.4800033569336,65.0,66.55000305175781,132134,0.0,0.0,0.0
2024-07-28 00:00:00+03:00,66.55000305175781,71.0,56.0,65.30000305175781,65189,0.0,0.0,0.0
2024-07-29 00:00:00+03:00,65.30000305175781,66.55000305175781,65.19999694824219,65.55000305175781,16544,0.0,0.0,0.0
2024-07-30 00:00:00+03:00,65.55000305175781,68.38999938964844,65.05999755859375,66.87999725341797,96083,0.0,0.0,0.0
2024-07-31 00:00:00+03:00,66.87999725341797,67.41999816894531,66.05999755859375,66.26000213623047,35420,0.0,0.0,0.0
2024-08-01 00:00:00+03:00,66.26000213623047,69.5,66.30000305175781,68.1500015258789,373057,0.0,0.0,0.0
2024-08-04 00:00:00+03:00,68.1500015258789,68.0,64.01000213623047,65.05000305175781,117858,0.0,0.0,0.0
2024-08-05 00:00:00+03:00,65.05000305175781,65.0,59.61000061035156,62.720001220703125,124385,0.0,0.0,0.0
2024-08-06 00:00:00+03:00,62.720001220703125,65.0,62.11000061035156,62.72999954223633,30585,0.0,0.0,0.0
2024-08-07 00:00:00+03:00,62.72999954223633,64.8499984741211,62.54999923706055,64.2300033569336,36057,0.0,0.0,0.0
2024-08-08 00:00:00+03:00,64.2300033569336,65.01000213623047,63.029998779296875,63.61000061035156,93287,0.0,0.0,0.0
2024-08-11 00:00:00+03:00,63.61000061035156,65.5,63.0,64.08999633789062,81889,0.0,0.0,0.0
2024-08-12 00:00:00+03:00,64.08999633789062,64.98999786376953,60.0,62.369998931884766,114025,0.0,0.0,0.0
2024-08-13 00:00:00+03:00,62.369998931884766,64.0,62.0,63.11000061035156,47903,0.0,0.0,0.0
2024-08-14 00:00:00+03:00,63.11000061035156,69.9000015258789,63.0,63.81999969482422,1423476,0.0,0.0,0.0
2024-08-15 00:00:00+03:00,63.81999969482422,64.87000274658203,61.099998474121094,63.5,137498,0.0,0.0,0.0
2024-08-18 00:00:00+03:00,63.5,66.0,63.5,63.689998626708984,88756,0.0,0.0,0.0
2024-08-19 00:00:00+03:00,63.689998626708984,64.4000015258789,63.0,64.12999725341797,60476,0.0,0.0,0.0
2024-08-20 00:00:00+03:00,64.12999725341797,65.23999786376953,63.5,65.01000213623047,88080,0.0,0.0,0.0
2024-08-21 00:00:00+03:00,65.01000213623047,67.4000015258789,64.75,65.0,174748,0.0,0.0,0.0
2024-08-22 00:00:00+03:00,65.0,66.0,64.30999755859375,65.01000213623047,116120,0.0,0.0,0.0
2024-08-25 00:00:00+03:00,65.01000213623047,66.79000091552734,64.31999969482422,66.0199966430664,84167,0.0,0.0,0.0
2024-08-26 00:00:00+03:00,66.0199966430664,75.97000122070312,66.6500015258789,72.0,1115133,0.0,0.0,0.0
2024-08-27 00:00:00+03:00,72.0,74.9000015258789,72.0,72.27999877929688,280564,0.0,0.0,0.0
2024-08-28 00:00:00+03:00,72.27999877929688,73.91999816894531,70.1500015258789,71.05999755859375,147027,0.0,0.0,0.0
2024-08-29 00:00:00+03:00,71.05999755859375,73.16000366210938,67.5,71.36000061035156,333576,0.0,0.0,0.0
2024-09-01 00:00:00+03:00,71.36000061035156,72.87999725341797,71.19999694824219,71.70999908447266,42674,0.0,0.0,0.0
2024-09-02 00:00:00+03:00,71.70999908447266,86.05000305175781,71.25,84.0,1175830,0.0,0.0,0.0
2024-09-03 00:00:00+03:00,84.0,92.4000015258789,74.5,74.62000274658203,1842125,0.0,0.0,0.0
2024-09-04 00:00:00+03:00,74.62000274658203,75.9000015258789,72.5,72.51000213623047,419047,0.0,0.0,0.0
2024-09-05 00:00:00+03:00,72.51000213623047,74.9000015258789,71.0,71.20999908447266,443485,0.0,0.0,0.0
2024-09-08 00:00:00+03:00,71.20999908447266,73.4000015258789,70.80000305175781,71.02999877929688,314066,0.0,0.0,0.0
2024-09-09 00:00:00+03:00,71.02999877929688,72.0,68.76000213623047,68.76000213623047,216152,0.0,0.0,0.0
2024-09-10 00:00:00+03:00,68.76000213623047,70.9000015258789,67.5,67.62000274658203,257822,0.0,0.0,0.0
2024-09-11 00:00:00+03:00,67.62000274658203,69.29000091552734,66.66000366210938,67.41999816894531,156793,0.0,0.0,0.0
2024-09-12 00:00:00+03:00,67.41999816894531,68.69999694824219,66.5,66.54000091552734,111446,0.0,0.0,0.0
2024-09-16 00:00:00+03:00,66.54000091552734,67.5,65.5,65.91000366210938,151259,0.0,0.0,0.0
2024-09-17 00:00:00+03:00,65.91000366210938,66.88999938964844,65.0,65.27999877929688,129601,0.0,0.0,0.0
2024-09-18 00:00:00+03:00,65.27999877929688,69.0,65.0,66.1500015258789,312509,0.0,0.0,0.0
2024-09-19 00:00:00+03:00,66.1500015258789,67.05000305175781,65.6500015258789,65.73999786376953,144836,0.0,0.0,0.0
2024-09-22 00:00:00+03:00,65.73999786376953,68.94999694824219,66.0,67.30999755859375,174245,0.0,0.0,0.0
2024-09-23 00:00:00+03:00,67.30999755859375,69.0,67.26000213623047,67.4800033569336,183974,0.0,0.0,0.0
2024-09-24 00:00:00+03:00,68.38999938964844,69.5,68.0,68.2699966430664,108836,0.0,0.0,0.0
2024-09-25 00:00:00+03:00,68.04000091552734,69.0999984741211,67.72000122070312,68.38999938964844,115078,0.0,0.0,0.0
2024-09-26 00:00:00+03:00,68.38999938964844,69.5,68.0,68.2699966430664,108836,0.0,0.0,0.0
2024-09-29 00:00:00+03:00,68.2699966430664,68.58999633789062,67.26000213623047,67.4000015258789,92719,0.0,0.0,0.0
2024-09-30 00:00:00+03:00,67.4000015258789,68.9800033569336,67.25,67.5199966430664,161083,0.0,0.0,0.0
2024-10-01 00:00:00+03:00,67.5199966430664,68.0999984741211,67.0,67.04000091552734,108883,0.0,0.0,0.0
2024-10-02 00:00:00+03:00,67.04000091552734,67.04000091552734,64.5,64.63999938964844,201795,0.0,0.0,0.0
2024-10-03 00:00:00+03:00,64.63999938964844,65.8499984741211,64.63999938964844,64.88999938964844,100841,0.0,0.0,0.0
2024-10-07 00:00:00+03:00,64.88999938964844,65.0,63.099998474121094,63.150001525878906,117428,0.0,0.0,0.0
2024-10-08 00:00:00+03:00,63.150001525878906,63.29999923706055,61.5,62.06999969482422,170233,0.0,0.0,0.0
2024-10-09 00:00:00+03:00,62.06999969482422,63.20000076293945,62.08000183105469,62.25,87275,0.0,0.0,0.0
2024-10-10 00:00:00+03:00,62.25,64.94999694824219,62.25,63.15999984741211,153380,0.0,0.0,0.0
2024-10-13 00:00:00+03:00,63.15999984741211,63.689998626708984,62.0,62.0099983215332,123634,0.0,0.0,0.0
2024-10-14 00:00:00+03:00,62.0099983215332,62.599998474121094,60.040000915527344,61.02000045776367,86169,0.0,0.0,0.0
2024-10-15 00:00:00+03:00,61.02000045776367,61.5,61.0099983215332,61.09000015258789,39376,0.0,0.0,0.0
2024-10-16 00:00:00+03:00,61.09000015258789,67.87999725341797,62.0,62.02000045776367,334505,0.0,0.0,0.0
2024-10-17 00:00:00+03:00,62.02000045776367,64.75,62.11000061035156,62.40999984741211,80058,0.0,0.0,0.0
2024-10-20 00:00:00+03:00,62.40999984741211,62.900001525878906,60.0,60.27000045776367,76848,0.0,0.0,0.0
2024-10-21 00:00:00+03:00,60.27000045776367,62.5,57.0,61.400001525878906,137923,0.0,0.0,0.0
2024-10-22 00:00:00+03:00,61.400001525878906,63.290000915527344,61.20000076293945,62.880001068115234,91285,0.0,0.0,0.0
2024-10-23 00:00:00+03:00,62.880001068115234,63.900001525878906,62.0,62.0,43071,0.0,0.0,0.0
2024-10-24 00:00:00+03:00,62.0,63.2400016784668,62.0,62.029998779296875,109696,0.0,0.0,0.0
2024-10-27 00:00:00+03:00,62.029998779296875,63.0,62.0,62.349998474121094,30371,0.0,0.0,0.0
2024-10-28 00:00:00+03:00,62.349998474121094,62.7400016784668,61.029998779296875,61.790000915527344,143480,0.0,0.0,0.0
2024-10-29 00:00:00+03:00,61.790000915527344,63.4900016784668,61.25,61.4900016784668,70446,0.0,0.0,0.0
2024-10-30 00:00:00+03:00,61.4900016784668,62.45000076293945,60.849998474121094,61.5,38061,0.0,0.0,0.0
2024-10-31 00:00:00+03:00,61.5,63.0,61.0099983215332,62.029998779296875,80984,0.0,0.0,0.0
2024-11-03 00:00:00+02:00,62.029998779296875,63.400001525878906,62.0,62.02000045776367,56408,0.0,0.0,0.0
2024-11-04 00:00:00+02:00,62.02000045776367,64.0,62.029998779296875,63.43000030517578,160752,0.0,0.0,0.0
2024-11-05 00:00:00+02:00,63.43000030517578,65.7699966430664,62.5099983215332,62.58000183105469,558972,0.0,0.0,0.0
2024-11-06 00:00:00+02:00,62.58000183105469,63.939998626708984,62.16999816894531,62.38999938964844,88981,0.0,0.0,0.0
2024-11-07 00:00:00+02:00,62.38999938964844,63.29999923706055,62.20000076293945,63.18000030517578,136846,0.0,0.0,0.0
2024-11-10 00:00:00+02:00,63.18000030517578,63.900001525878906,62.61000061035156,62.61000061035156,62232,0.0,0.0,0.0
2024-11-11 00:00:00+02:00,62.61000061035156,63.0,62.02000045776367,62.130001068115234,67126,0.0,0.0,0.0
2024-11-12 00:00:00+02:00,62.130001068115234,63.0099983215332,62.0,62.91999816894531,95817,0.0,0.0,0.0
2024-11-13 00:00:00+02:00,62.91999816894531,63.630001068115234,62.130001068115234,63.470001220703125,99898,0.0,0.0,0.0
2024-11-14 00:00:00+02:00,63.470001220703125,64.16999816894531,63.439998626708984,63.9900016784668,128541,0.0,0.0,0.0
2024-11-17 00:00:00+02:00,63.9900016784668,67.9000015258789,64.0,65.5,408374,0.0,0.0,0.0
2024-11-18 00:00:00+02:00,65.5,66.76000213623047,64.5199966430664,64.97000122070312,99341,0.0,0.0,0.0
2024-11-19 00:00:00+02:00,64.97000122070312,67.4000015258789,64.25,67.0,261155,0.0,0.0,0.0
2024-11-20 00:00:00+02:00,67.0,70.97000122070312,66.45999908447266,68.95999908447266,795192,0.0,0.0,0.0
2024-11-21 00:00:00+02:00,68.95999908447266,69.48999786376953,67.7300033569336,68.12000274658203,191156,0.0,0.0,0.0
2024-11-24 00:00:00+02:00,68.12000274658203,69.0,66.1500015258789,68.0,78306,0.0,0.0,0.0
2024-11-25 00:00:00+02:00,68.0,70.0,66.86000061035156,69.56999969482422,92730,0.0,0.0,0.0
2024-11-26 00:00:00+02:00,69.56999969482422,70.5,68.01000213623047,68.4800033569336,120283,0.0,0.0,0.0
2024-11-27 00:00:00+02:00,68.4800033569336,69.66000366210938,68.05000305175781,68.9800033569336,111482,0.0,0.0,0.0
2024-11-28 00:00:00+02:00,68.9800033569336,69.3499984741211,68.12000274658203,69.11000061035156,72283,0.0,0.0,0.0
2024-12-01 00:00:00+02:00,69.11000061035156,69.4000015258789,67.51000213623047,68.9800033569336,41829,0.0,0.0,0.0
2024-12-02 00:00:00+02:00,68.9800033569336,78.9800033569336,68.5,78.95999908447266,662392,0.0,0.0,0.0
2024-12-03 00:00:00+02:00,78.95999908447266,82.0,76.22000122070312,79.2300033569336,349869,0.0,0.0,0.0
2024-12-04 00:00:00+02:00,79.2300033569336,95.06999969482422,78.01000213623047,91.20999908447266,1306136,0.0,0.0,0.0
2024-12-05 00:00:00+02:00,91.20999908447266,93.80000305175781,87.18000030517578,88.9000015258789,202151,0.0,0.0,0.0
2024-12-08 00:00:00+02:00,88.9000015258789,91.48999786376953,88.91000366210938,89.1500015258789,114864,0.0,0.0,0.0
2024-12-09 00:00:00+02:00,89.1500015258789,89.79000091552734,86.62999725341797,87.08999633789062,104548,0.0,0.0,0.0
2024-12-10 00:00:00+02:00,87.08999633789062,88.9000015258789,84.26000213623047,86.80999755859375,58136,0.0,0.0,0.0
2024-12-11 00:00:00+02:00,86.80999755859375,93.0,86.8499984741211,88.6500015258789,175149,0.0,0.0,0.0
2024-12-12 00:00:00+02:00,88.6500015258789,89.5,87.0,88.0,84680,0.0,0.0,0.0
2024-12-15 00:00:00+02:00,88.0,91.0,88.01000213623047,88.38999938964844,67146,0.0,0.0,0.0
2024-12-16 00:00:00+02:00,88.38999938964844,92.4000015258789,88.01000213623047,88.02999877929688,155480,0.0,0.0,0.0
2024-12-17 00:00:00+02:00,88.02999877929688,89.9800033569336,87.0,87.98999786376953,43877,0.0,0.0,0.0
2024-12-18 00:00:00+02:00,87.98999786376953,89.86000061035156,86.05000305175781,87.54000091552734,40042,0.0,0.0,0.0
2024-12-19 00:00:00+02:00,87.54000091552734,87.91999816894531,85.55999755859375,86.93000030517578,77279,0.0,0.0,0.0
2024-12-22 00:00:00+02:00,86.93000030517578,87.83999633789062,86.25,86.75,48083,0.0,0.0,0.0
2024-12-23 00:00:00+02:00,86.75,87.5,86.06999969482422,86.62000274658203,42353,0.0,0.0,0.0
2024-12-24 00:00:00+02:00,86.62000274658203,92.80000305175781,85.11000061035156,88.23999786376953,91648,0.0,0.0,0.0
2024-12-25 00:00:00+02:00,88.23999786376953,90.5,86.01000213623047,86.44000244140625,60076,0.0,0.0,0.0
2024-12-26 00:00:00+02:00,86.44000244140625,91.98999786376953,87.0,89.86000061035156,58128,0.0,0.0,0.0
2024-12-29 00:00:00+02:00,89.86000061035156,99.0,87.0999984741211,99.0,360024,0.0,0.0,0.0
2024-12-30 00:00:00+02:00,99.0,101.9000015258789,95.0999984741211,99.0,215539,0.0,0.0,0.0
2024-12-31 00:00:00+02:00,99.0,99.97000122070312,97.0,97.63999938964844,75885,0.0,0.0,0.0
2025-01-02 00:00:00+02:00,97.63999938964844,100.0,97.01000213623047,98.38999938964844,40198,0.0,0.0,0.0
2025-01-05 00:00:00+02:00,98.38999938964844,98.38999938964844,96.62999725341797,96.81999969482422,55809,0.0,0.0,0.0
2025-01-06 00:00:00+02:00,96.81999969482422,97.19000244140625,94.0,94.9800033569336,79013,0.0,0.0,0.0
2025-01-08 00:00:00+02:00,94.9800033569336,96.98999786376953,93.56999969482422,94.62999725341797,81643,0.0,0.0,0.0
2025-01-09 00:00:00+02:00,94.62999725341797,96.69000244140625,93.0199966430664,93.94999694824219,24853,0.0,0.0,0.0
2025-01-12 00:00:00+02:00,93.94999694824219,93.95999908447266,92.0,93.19000244140625,48666,0.0,0.0,0.0
2025-01-13 00:00:00+02:00,93.19000244140625,97.9800033569336,93.5,93.87999725341797,86568,0.0,0.0,0.0
2025-01-14 00:00:00+02:00,93.87999725341797,96.0,91.01000213623047,94.4800033569336,31903,0.0,0.0,0.0
2025-01-15 00:00:00+02:00,94.4800033569336,96.0,92.4000015258789,93.80000305175781,16660,0.0,0.0,0.0
2025-01-16 00:00:00+02:00,93.80000305175781,98.75,93.5,97.30000305175781,70232,0.0,0.0,0.0
2025-01-19 00:00:00+02:00,93.80000305175781,104.87000274658203,93.5,100.56999969482422,168096,0.0,0.0,0.0
2025-01-20 00:00:00+02:00,100.06999969482422,103.94000244140625,98.01000213623047,99.31999969482422,31012,0.0,0.0,0.0
2025-01-21 00:00:00+02:00,99.31999969482422,106.25,99.0999984741211,102.20999908447266,59408,0.0,0.0,0.0
2025-01-22 00:00:00+02:00,102.20999908447266,105.0,99.01000213623047,100.44000244140625,23095,0.0,0.0,0.0
2025-01-23 00:00:00+02:00,100.44000244140625,103.0,98.0,98.95999908447266,47299,0.0,0.0,0.0
2025-01-26 00:00:00+02:00,98.95999908447266,105.0,99.0,100.33999633789062,29980,0.0,0.0,0.0
2025-01-27 00:00:00+02:00,100.33999633789062,102.43000030517578,99.0,99.83999633789062,43714,0.0,0.0,0.0
2025-01-28 00:00:00+02:00,99.83999633789062,104.9000015258789,98.0,102.79000091552734,96480,0.0,0.0,0.0
2025-01-29 00:00:00+02:00,102.79000091552734,104.47000122070312,101.25,102.43000030517578,15339,0.0,0.0,0.0
2025-01-30 00:00:00+02:00,102.43000030517578,106.0,101.0,102.80000305175781,297629,0.0,0.0,0.0
2025-02-02 00:00:00+02:00,102.80000305175781,104.9000015258789,101.0,103.68000030517578,47772,0.0,0.0,0.0
2025-02-03 00:00:00+02:00,103.68000030517578,103.6500015258789,100.0999984741211,102.37999725341797,20320,0.0,0.0,0.0
2025-02-04 00:00:00+02:00,102.37999725341797,106.0,100.26000213623047,100.51000213623047,9362,0.0,0.0,0.0
2025-02-05 00:00:00+02:00,100.51000213623047,120.0,100.0,100.37000274658203,8300,0.0,0.0,0.0
2025-02-06 00:00:00+02:00,100.37000274658203,102.48999786376953,100.30000305175781,100.58000183105469,33292,0.0,0.0,0.0
2025-02-09 00:00:00+02:00,100.58000183105469,100.98999786376953,97.0999984741211,99.93000030517578,17473,0.0,0.0,0.0
2025-02-10 00:00:00+02:00,99.93000030517578,102.98999786376953,99.01000213623047,100.69999694824219,39772,0.0,0.0,0.0
2025-02-11 00:00:00+02:00,100.69999694824219,102.76000213623047,100.0,100.47000122070312,48410,0.0,0.0,0.0
2025-02-12 00:00:00+02:00,100.47000122070312,108.80000305175781,98.0,104.44999694824219,179038,0.0,0.0,0.0
2025-02-13 00:00:00+02:00,104.44999694824219,118.97000122070312,104.44999694824219,116.0999984741211,436842,0.0,0.0,0.0
2025-02-16 00:00:00+02:00,116.0999984741211,124.98999786376953,115.0,123.86000061035156,282822,0.0,0.0,0.0
2025-02-17 00:00:00+02:00,123.86000061035156,124.0,118.01000213623047,118.91000366210938,176661,0.0,0.0,0.0
2025-02-18 00:00:00+02:00,118.91000366210938,119.7699966430664,115.0,116.43000030517578,115745,0.0,0.0,0.0
2025-02-19 00:00:00+02:00,116.43000030517578,116.41999816894531,112.30000305175781,112.9800033569336,23162,0.0,0.0,0.0
2025-02-20 00:00:00+02:00,112.9800033569336,114.98999786376953,112.30000305175781,113.51000213623047,42732,0.0,0.0,0.0
2025-02-23 00:00:00+02:00,113.51000213623047,116.94999694824219,112.36000061035156,115.37000274658203,44354,0.0,0.0,0.0
2025-02-24 00:00:00+02:00,115.37000274658203,117.0,113.51000213623047,113.91999816894531,46061,0.0,0.0,0.0
2025-02-25 00:00:00+02:00,113.91999816894531,114.98999786376953,110.05999755859375,112.98999786376953,37169,0.0,0.0,0.0
2025-02-26 00:00:00+02:00,112.98999786376953,115.0,112.25,114.5,33222,0.0,0.0,0.0
2025-02-27 00:00:00+02:00,114.5,115.77999877929688,113.30999755859375,114.98999786376953,41901,0.0,0.0,0.0
2025-03-02 00:00:00+02:00,114.98999786376953,115.47000122070312,113.55999755859375,114.76000213623047,15177,0.0,0.0,0.0
2025-03-03 00:00:00+02:00,114.76000213623047,126.5,114.0999984741211,126.5,61520,0.0,0.0,0.0
2025-03-04 00:00:00+02:00,126.5,120.0,117.0,118.0999984741211,53997,0.0,0.0,0.0
2025-03-05 00:00:00+02:00,118.0999984741211,118.9000015258789,116.0,116.19999694824219,9686,0.0,0.0,0.0
2025-03-06 00:00:00+02:00,116.19999694824219,118.73999786376953,115.0,116.11000061035156,33978,0.0,0.0,0.0
2025-03-09 00:00:00+02:00,116.11000061035156,120.0,114.56999969482422,118.0999984741211,43932,0.0,0.0,0.0
2025-03-10 00:00:00+02:00,118.0999984741211,118.5,115.19999694824219,117.80999755859375,16731,0.0,0.0,0.0
2025-03-11 00:00:00+02:00,117.80999755859375,117.0,115.01000213623047,115.62000274658203,22776,0.0,0.0,0.0
2025-03-12 00:00:00+02:00,115.62000274658203,117.0,107.30000305175781,113.04000091552734,40520,0.0,0.0,0.0
2025-03-13 00:00:00+02:00,113.04000091552734,116.69999694824219,112.05000305175781,115.52999877929688,36625,0.0,0.0,0.0
2025-03-16 00:00:00+02:00,115.52999877929688,116.0,113.66000366210938,114.6500015258789,47172,0.0,0.0,0.0
2025-03-17 00:00:00+02:00,114.6500015258789,115.97000122070312,114.4000015258789,114.97000122070312,35494,0.0,0.0,0.0
2025-03-18 00:00:00+02:00,114.97000122070312,117.0,114.25,116.66000366210938,47357,0.0,0.0,0.0
2025-03-19 00:00:00+02:00,116.66000366210938,118.5,113.5999984741211,113.5999984741211,173370,0.0,0.0,0.0
2025-03-20 00:00:00+02:00,113.5999984741211,119.0,114.01000213623047,118.9800033569336,25069,0.0,0.0,0.0
2025-03-23 00:00:00+02:00,118.9800033569336,125.0,113.5,119.58000183105469,929934,0.0,0.0,0.0
2025-03-24 00:00:00+02:00,119.58000183105469,132.0,118.05000305175781,132.0,236039,0.0,0.0,0.0
2025-03-25 00:00:00+02:00,132.0,139.0,122.05999755859375,122.55999755859375,310194,0.0,0.0,0.0
2025-03-26 00:00:00+02:00,122.55999755859375,126.0,122.5,123.0199966430664,28415,0.0,0.0,0.0
2025-03-27 00:00:00+02:00,123.0199966430664,124.9800033569336,120.01000213623047,120.25,22539,0.0,0.0,0.0
2025-04-03 00:00:00+02:00,120.25,120.25,116.0,117.0,42932,0.0,0.0,0.0
2025-04-06 00:00:00+02:00,117.0,114.37999725341797,108.5,111.37999725341797,119066,0.0,0.0,0.0
2025-04-07 00:00:00+02:00,111.37999725341797,113.0,109.11000061035156,111.5,64443,0.0,0.0,0.0
2025-04-08 00:00:00+02:00,111.5,114.0,110.08000183105469,110.51000213623047,61365,0.0,0.0,0.0
2025-04-09 00:00:00+02:00,110.51000213623047,111.8499984741211,105.0199966430664,108.2699966430664,36367,0.0,0.0,0.0
2025-04-10 00:00:00+02:00,108.2699966430664,112.98999786376953,109.12999725341797,110.05000305175781,79010,0.0,0.0,0.0
2025-04-13 00:00:00+02:00,110.05000305175781,115.0,110.05000305175781,114.22000122070312,174249,0.0,0.0,0.0
2025-04-14 00:00:00+02:00,114.22000122070312,115.19999694824219,112.52999877929688,112.91999816894531,65690,0.0,0.0,0.0
2025-04-15 00:00:00+02:00,112.91999816894531,114.44999694824219,113.0,113.47000122070312,58108,0.0,0.0,0.0
2025-04-16 00:00:00+02:00,113.47000122070312,117.0,112.0,112.75,125137,0.0,0.0,0.0
2025-04-17 00:00:00+02:00,112.75,114.75,113.0,113.43000030517578,22449,0.0,0.0,0.0
2025-04-22 00:00:00+02:00,113.43000030517578,116.97000122070312,112.6500015258789,113.30000305175781,9854,0.0,0.0,0.0
2025-04-23 00:00:00+02:00,113.30000305175781,116.79000091552734,111.0,112.0,336922,0.0,0.0,0.0
2025-04-27 00:00:00+03:00,112.0,113.4800033569336,109.75,110.93000030517578,43082,0.0,0.0,0.0
2025-04-28 00:00:00+03:00,110.93000030517578,112.6500015258789,110.0,112.0,19927,0.0,0.0,0.0
2025-04-29 00:00:00+03:00,112.0,114.0,111.0,111.44000244140625,26885,0.0,0.0,0.0
2025-04-30 00:00:00+03:00,111.44000244140625,111.9800033569336,109.0,110.0199966430664,39139,0.0,0.0,0.0
2025-05-04 00:00:00+03:00,110.0199966430664,113.87999725341797,110.05999755859375,112.88999938964844,84065,0.0,0.0,0.0
2025-05-05 00:00:00+03:00,112.88999938964844,114.25,111.80999755859375,112.1500015258789,35699,0.0,0.0,0.0
2025-05-06 00:00:00+03:00,112.1500015258789,113.5,110.66000366210938,110.66000366210938,14495,0.0,0.0,0.0
2025-05-07 00:00:00+03:00,110.66000366210938,115.0,110.70999908447266,112.0,83847,0.0,0.0,0.0
2025-05-08 00:00:00+03:00,112.0,116.0,111.19999694824219,111.9800033569336,168670,0.0,0.0,0.0
2025-05-11 00:00:00+03:00,111.9800033569336,114.87000274658203,110.0,111.9800033569336,60185,0.0,0.0,0.0
2025-05-12 00:00:00+03:00,111.9800033569336,112.5,111.30000305175781,111.55000305175781,27874,0.0,0.0,0.0
2025-05-13 00:00:00+03:00,111.55000305175781,112.5,111.30999755859375,111.58999633789062,34684,0.0,0.0,0.0
2025-05-14 00:00:00+03:00,111.58999633789062,113.98999786376953,111.54000091552734,112.7699966430664,92485,0.0,0.0,0.0
2025-05-15 00:00:00+03:00,112.7699966430664,114.69000244140625,112.0999984741211,113.25,76706,0.0,0.0,0.0
2025-05-18 00:00:00+03:00,113.25,115.95999908447266,112.20999908447266,113.0,110450,0.0,0.0,0.0
2025-05-19 00:00:00+03:00,113.0,115.0,112.75,112.87000274658203,49004,0.0,0.0,0.0
2025-05-20 00:00:00+03:00,112.87000274658203,114.30000305175781,111.5,112.0999984741211,44045,0.0,0.0,0.0
2025-05-21 00:00:00+03:00,112.0999984741211,112.9000015258789,111.0,112.76000213623047,42183,0.0,0.0,0.0
2025-05-22 00:00:00+03:00,112.76000213623047,113.44999694824219,111.01000213623047,112.29000091552734,65118,0.0,0.0,0.0
2025-05-25 00:00:00+03:00,112.29000091552734,114.5,111.76000213623047,112.1500015258789,56400,0.0,0.0,0.0
2025-05-26 00:00:00+03:00,112.1500015258789,113.44999694824219,112.0,112.30999755859375,56745,0.0,0.0,0.0
2025-05-27 00:00:00+03:00,112.30999755859375,115.9800033569336,112.2300033569336,114.31999969482422,106020,0.0,0.0,0.0
2025-05-28 00:00:00+03:00,114.31999969482422,114.98999786376953,112.5999984741211,113.72000122070312,115763,0.0,0.0,0.0
2025-05-29 00:00:00+03:00,113.72000122070312,114.7699966430664,113.72000122070312,113.80000305175781,25789,0.0,0.0,0.0
2025-06-01 00:00:00+03:00,113.80000305175781,115.87999725341797,112.6500015258789,115.05000305175781,131768,0.0,0.0,0.0
2025-06-02 00:00:00+03:00,115.05000305175781,120.0,115.0999984741211,118.3499984741211,154953,0.0,0.0,0.0
2025-06-03 00:00:00+03:00,118.3499984741211,121.98999786376953,117.0199966430664,118.22000122070312,66126,0.0,0.0,0.0
2025-06-04 00:00:00+03:00,118.22000122070312,121.0,117.02999877929688,121.0,43532,0.0,0.0,0.0
2025-06-10 00:00:00+03:00,121.0,121.9800033569336,118.44000244140625,120.16999816894531,27254,0.0,0.0,0.0
2025-06-11 00:00:00+03:00,120.16999816894531,123.0,118.5,118.77999877929688,33054,0.0,0.0,0.0
2025-06-12 00:00:00+03:00,118.77999877929688,118.80000305175781,114.05000305175781,117.3499984741211,21815,0.0,0.0,0.0
2025-06-15 00:00:00+03:00,117.3499984741211,116.0,100.0199966430664,112.70999908447266,25927,0.0,0.0,0.0
2025-06-16 00:00:00+03:00,112.70999908447266,115.80000305175781,110.19999694824219,112.63999938964844,18561,0.0,0.0,0.0
2025-06-17 00:00:00+03:00,112.63999938964844,114.98999786376953,110.70999908447266,113.0,46539,0.0,0.0,0.0
2025-06-18 00:00:00+03:00,113.0,113.80000305175781,111.0,112.95999908447266,35586,0.0,0.0,0.0
2025-06-19 00:00:00+03:00,112.95999908447266,112.98999786376953,110.73999786376953,110.93000030517578,35745,0.0,0.0,0.0
2025-06-22 00:00:00+03:00,110.93000030517578,114.9000015258789,110.01000213623047,112.1500015258789,34501,0.0,0.0,0.0
2025-06-23 00:00:00+03:00,112.1500015258789,115.8499984741211,112.1500015258789,113.1500015258789,42108,0.0,0.0,0.0
2025-06-24 00:00:00+03:00,113.1500015258789,115.5,113.0,114.05000305175781,29408,0.0,0.0,0.0
2025-06-25 00:00:00+03:00,114.05000305175781,118.80000305175781,114.0,116.19000244140625,154598,0.0,0.0,0.0
2025-06-29 00:00:00+03:00,116.19000244140625,118.79000091552734,115.5,115.94999694824219,47577,0.0,0.0,0.0
2025-06-30 00:00:00+03:00,115.94999694824219,117.98999786376953,115.0,115.1500015258789,17169,0.0,0.0,0.0
2025-07-01 00:00:00+03:00,115.1500015258789,122.98999786376953,114.51000213623047,120.45999908447266,233300,0.0,0.0,0.0
2025-07-02 00:00:00+03:00,120.45999908447266,123.94999694824219,120.19999694824219,122.0999984741211,105815,0.0,0.0,0.0
2025-07-06 00:00:00+03:00,122.0999984741211,124.9000015258789,120.55000305175781,122.69999694824219,89649,0.0,0.0,0.0
2025-07-07 00:00:00+03:00,122.69999694824219,124.97000122070312,121.0999984741211,123.0,82080,0.0,0.0,0.0
2025-07-09 00:00:00+03:00,123.0,127.7699966430664,124.0,126.0,137037,0.0,0.0,0.0
2025-07-10 00:00:00+03:00,126.0,128.0,124.25,126.66000366210938,142123,0.0,0.0,0.0
2025-07-13 00:00:00+03:00,126.66000366210938,128.8000030517578,124.0,124.05000305175781,47169,0.0,0.0,0.0
2025-07-14 00:00:00+03:00,124.05000305175781,125.7300033569336,122.0,124.13999938964844,58602,0.0,0.0,0.0
2025-07-15 00:00:00+03:00,124.13999938964844,126.80000305175781,123.0,124.19999694824219,42669,0.0,0.0,0.0
2025-07-16 00:00:00+03:00,124.19999694824219,124.30000305175781,120.0,120.13999938964844,35407,0.0,0.0,0.0
2025-07-17 00:00:00+03:00,120.13999938964844,122.80000305175781,120.0,121.12999725341797,66625,0.0,0.0,0.0
2025-07-20 00:00:00+03:00,121.12999725341797,131.8000030517578,121.25,130.0500030517578,186124,0.0,0.0,0.0
2025-07-21 00:00:00+03:00,130.0500030517578,132.00999450683594,128.0,128.0,85083,0.0,0.0,0.0
2025-07-22 00:00:00+03:00,128.0,130.0,126.37999725341797,128.99000549316406,72376,0.0,0.0,0.0
2025-07-23 00:00:00+03:00,128.99000549316406,128.99000549316406,128.99000549316406,128.99000549316406,0,0.0,0.0,0.0
2025-07-27 00:00:00+03:00,127.72000122070312,130.0,125.30000305175781,126.19999694824219,30525,0.0,0.0,0.0
2025-07-28 00:00:00+03:00,126.19999694824219,127.4000015258789,122.9000015258789,125.05000305175781,62789,0.0,0.0,0.0
2025-07-29 00:00:00+03:00,125.05000305175781,128.0,123.20999908447266,124.05999755859375,38745,0.0,0.0,0.0
2025-07-30 00:00:00+03:00,124.05999755859375,125.9000015258789,122.5,123.37000274658203,65187,0.0,0.0,0.0
2025-07-31 00:00:00+03:00,123.37000274658203,124.9000015258789,123.0,123.77999877929688,30429,0.0,0.0,0.0
2025-08-03 00:00:00+03:00,123.77999877929688,123.77999877929688,123.77999877929688,123.77999877929688,0,0.0,0.0,0.0
2025-08-04 00:00:00+03:00,123.77999877929688,123.77999877929688,123.77999877929688,123.77999877929688,0,0.0,0.0,0.0
2025-08-05 00:00:00+03:00,123.77999877929688,123.77999877929688,123.77999877929688,123.77999877929688,0,0.0,0.0,0.0
2025-08-06 00:00:00+03:00,123.77999877929688,123.77999877929688,123.77999877929688,123.77999877929688,0,0.0,0.0,0.0
2025-08-07 00:00:00+03:00,123.77999877929688,123.77999877929688,123.77999877929688,123.77999877929688,0,0.0,0.0,0.0
2025-08-10 00:00:00+03:00,128.55999755859375,133.0,126.11000061035156,130.36000061035156,56436,0.0,0.0,0.0
2025-08-11 00:00:00+03:00,130.36000061035156,131.6999969482422,127.0999984741211,128.1300048828125,32924,0.0,0.0,0.0
2025-08-12 00:00:00+03:00,128.1300048828125,129.97999572753906,127.19999694824219,127.4800033569336,46500,0.0,0.0,0.0
2025-08-13 00:00:00+03:00,127.4800033569336,128.75,126.0,127.75,41974,0.0,0.0,0.0
2025-08-14 00:00:00+03:00,127.75,131.47999572753906,127.0,128.0,41184,0.0,0.0,0.0
2025-08-17 00:00:00+03:00,128.0,130.64999389648438,126.12999725341797,127.9800033569336,30118,0.0,0.0,0.0
2025-08-18 00:00:00+03:00,127.9800033569336,128.99000549316406,127.1500015258789,127.45999908447266,13289,0.0,0.0,0.0
2025-08-19 00:00:00+03:00,127.45999908447266,131.6999969482422,127.9000015258789,129.57000732421875,84087,0.0,0.0,0.0
2025-08-20 00:00:00+03:00,129.57000732421875,132.97999572753906,127.68000030517578,127.80000305175781,116733,0.0,0.0,0.0
2025-08-21 00:00:00+03:00,127.80000305175781,128.99000549316406,127.01000213623047,128.0,19864,0.0,0.0,0.0
2025-08-24 00:00:00+03:00,128.0,130.0,126.0,128.97999572753906,59987,0.0,0.0,0.0
2025-08-25 00:00:00+03:00,128.97999572753906,129.97999572753906,126.0,126.54000091552734,44961,0.0,0.0,0.0
2025-08-26 00:00:00+03:00,126.54000091552734,128.5,125.5999984741211,125.95999908447266,29044,0.0,0.0,0.0
2025-08-27 00:00:00+03:00,125.95999908447266,128.0,124.0,125.0,33434,0.0,0.0,0.0
2025-08-28 00:00:00+03:00,125.0,131.0,125.01000213623047,128.00999450683594,81678,0.0,0.0,0.0
2025-08-31 00:00:00+03:00,128.00999450683594,131.83999633789062,128.1199951171875,130.35000610351562,145690,0.0,0.0,0.0
2025-09-01 00:00:00+03:00,130.35000610351562,134.7899932861328,128.10000610351562,133.85000610351562,155356,0.0,0.0,0.0
2025-09-02 00:00:00+03:00,133.85000610351562,136.5,131.32000732421875,134.05999755859375,217068,0.0,0.0,0.0
2025-09-03 00:00:00+03:00,134.05999755859375,135.88999938964844,132.0,133.02000427246094,113643,0.0,0.0,0.0
2025-09-07 00:00:00+03:00,133.02000427246094,133.58999633789062,131.1199951171875,131.25999450683594,64899,0.0,0.0,0.0
2025-09-08 00:00:00+03:00,131.25999450683594,135.49000549316406,130.00999450683594,134.94000244140625,48141,0.0,0.0,0.0
2025-09-09 00:00:00+03:00,134.94000244140625,134.97000122070312,131.00999450683594,132.63999938964844,22552,0.0,0.0,0.0
2025-09-10 00:00:00+03:00,132.63999938964844,133.6999969482422,130.50999450683594,130.92999267578125,10508,0.0,0.0,0.0
2025-09-11 00:00:00+03:00,130.92999267578125,132.25,130.60000610351562,131.86000061035156,21376,0.0,0.0,0.0
2025-09-14 00:00:00+03:00,131.86000061035156,134.7899932861328,131.86000061035156,133.6699981689453,26380,0.0,0.0,0.0
2025-09-15 00:00:00+03:00,133.6699981689453,134.8000030517578,131.1999969482422,133.2899932861328,224052,0.0,0.0,0.0
2025-09-16 00:00:00+03:00,133.2899932861328,133.99000549316406,131.00999450683594,131.52999877929688,18373,0.0,0.0,0.0
2025-09-17 00:00:00+03:00,131.52999877929688,133.9499969482422,130.85000610351562,133.10000610351562,31607,0.0,0.0,0.0
2025-09-18 00:00:00+03:00,133.10000610351562,145.5,131.50999450683594,141.66000366210938,162652,0.0,0.0,0.0
2025-09-21 00:00:00+03:00,141.66000366210938,150.0,139.0,141.61000061035156,153688,0.0,0.0,0.0
2025-09-22 00:00:00+03:00,141.61000061035156,145.97999572753906,139.0,140.00999450683594,76008,0.0,0.0,0.0
2025-09-23 00:00:00+03:00,140.00999450683594,141.5,137.61000061035156,137.97000122070312,31252,0.0,0.0,0.0
2025-09-24 00:00:00+03:00,137.97000122070312,144.0,136.10000610351562,144.0,96642,0.0,0.0,0.0
2025-09-25 00:00:00+03:00,144.0,142.3000030517578,138.80999755859375,139.19000244140625,40129,0.0,0.0,0.0
2025-09-28 00:00:00+03:00,139.19000244140625,141.3000030517578,137.60000610351562,139.0800018310547,19944,0.0,0.0,0.0
2025-09-29 00:00:00+03:00,139.0800018310547,140.0,137.89999389648438,138.05999755859375,13169,0.0,0.0,0.0
2025-09-30 00:00:00+03:00,138.05999755859375,150.5,137.10000610351562,150.0,195252,0.0,0.0,0.0
2025-10-01 00:00:00+03:00,150.0,153.0,146.0,146.85000610351562,72011,0.0,0.0,0.0
2025-10-02 00:00:00+03:00,146.85000610351562,155.5,147.10000610351562,147.24000549316406,182782,0.0,0.0,0.0
2025-10-05 00:00:00+03:00,147.24000549316406,150.0,147.0,147.4600067138672,48510,0.0,0.0,0.0
2025-10-06 00:00:00+03:00,147.4600067138672,149.9499969482422,145.60000610351562,146.22999572753906,71065,0.0,0.0,0.0
2025-10-07 00:00:00+03:00,146.22999572753906,147.49000549316406,142.75,142.97999572753906,62254,0.0,0.0,0.0
2025-10-08 00:00:00+03:00,142.97999572753906,146.9499969482422,141.6300048828125,142.10000610351562,60043,0.0,0.0,0.0
2025-10-12 00:00:00+03:00,142.10000610351562,144.8000030517578,141.5,142.8000030517578,22028,0.0,0.0,0.0
2025-10-13 00:00:00+03:00,142.8000030517578,144.0,141.0,141.36000061035156,41983,0.0,0.0,0.0
2025-10-14 00:00:00+03:00,141.36000061035156,143.0,139.0,139.5500030517578,43428,0.0,0.0,0.0
2025-10-15 00:00:00+03:00,139.5500030517578,141.5,138.0,139.5399932861328,25738,0.0,0.0,0.0
2025-10-16 00:00:00+03:00,139.5399932861328,143.39999389648438,138.6999969482422,143.05999755859375,59389,0.0,0.0,0.0
2025-10-19 00:00:00+03:00,143.05999755859375,146.8000030517578,140.0,141.10000610351562,117259,0.0,0.0,0.0
2025-10-20 00:00:00+03:00,141.10000610351562,141.7899932861328,138.02999877929688,138.91000366210938,34853,0.0,0.0,0.0
2025-10-21 00:00:00+03:00,138.91000366210938,140.49000549316406,137.00999450683594,137.08999633789062,28918,0.0,0.0,0.0
2025-10-22 00:00:00+03:00,137.08999633789062,139.5,135.25,135.3300018310547,43731,0.0,0.0,0.0
2025-10-23 00:00:00+03:00,135.3300018310547,138.8000030517578,135.33999633789062,137.5500030517578,70090,0.0,0.0,0.0
2025-10-26 00:00:00+03:00,137.5500030517578,138.8000030517578,135.35000610351562,135.5500030517578,67673,0.0,0.0,0.0
2025-10-27 00:00:00+03:00,135.5500030517578,137.0,133.1199951171875,135.0,72221,0.0,0.0,0.0
2025-10-28 00:00:00+03:00,135.0,136.3000030517578,132.14999389648438,132.7899932861328,33631,0.0,0.0,0.0
2025-10-29 00:00:00+03:00,132.7899932861328,134.85000610351562,131.0,131.88999938964844,24515,0.0,0.0,0.0
2025-10-30 00:00:00+03:00,131.88999938964844,132.88999938964844,130.60000610351562,131.91000366210938,25529,0.0,0.0,0.0
2025-11-02 00:00:00+02:00,131.91000366210938,132.0,130.10000610351562,131.77000427246094,14289,0.0,0.0,0.0
2025-11-03 00:00:00+02:00,131.77000427246094,132.0,130.10000610351562,130.1300048828125,34219,0.0,0.0,0.0
2025-11-04 00:00:00+02:00,130.1300048828125,140.0,130.10000610351562,135.7100067138672,61528,0.0,0.0,0.0
2025-11-05 00:00:00+02:00,135.7100067138672,136.89999389648438,132.44000244140625,132.86000061035156,28920,0.0,0.0,0.0
2025-11-06 00:00:00+02:00,132.86000061035156,134.0,131.0,132.9600067138672,28413,0.0,0.0,0.0
2025-11-09 00:00:00+02:00,132.9600067138672,134.89999389648438,131.5,132.42999267578125,34296,0.0,0.0,0.0
2025-11-10 00:00:00+02:00,132.42999267578125,134.8000030517578,132.2100067138672,132.57000732421875,13770,0.0,0.0,0.0
2025-11-11 00:00:00+02:00,132.57000732421875,133.5500030517578,131.0,131.07000732421875,15715,0.0,0.0,0.0
2025-11-12 00:00:00+02:00,131.07000732421875,135.99000549316406,131.11000061035156,132.72000122070312,25394,0.0,0.0,0.0
2025-11-13 00:00:00+02:00,132.72000122070312,133.0,131.14999389648438,131.4600067138672,13757,0.0,0.0,0.0
2025-11-16 00:00:00+02:00,131.4600067138672,134.0,130.0,133.50999450683594,67789,0.0,0.0,0.0
2025-11-17 00:00:00+02:00,133.50999450683594,133.50999450683594,133.50999450683594,133.50999450683594,0,0.0,0.0,0.0
2025-11-18 00:00:00+02:00,133.50999450683594,134.0,127.0,130.0800018310547,22406,0.0,0.0,0.0
2025-11-19 00:00:00+02:00,130.0800018310547,131.58999633789062,130.02000427246094,130.1999969482422,8183,0.0,0.0,0.0
2025-11-20 00:00:00+02:00,130.1999969482422,132.0,128.0,129.5,49435,0.0,0.0,0.0
2025-11-23 00:00:00+02:00,129.5,132.0,129.02000427246094,129.2899932861328,12453,0.0,0.0,0.0
2025-11-24 00:00:00+02:00,129.2899932861328,131.0,126.01000213623047,127.0199966430664,56726,0.0,0.0,0.0
2025-11-25 00:00:00+02:00,127.0199966430664,129.58999633789062,122.31999969482422,123.6500015258789,37411,0.0,0.0,0.0
2025-11-26 00:00:00+02:00,123.6500015258789,125.69999694824219,120.0,120.48999786376953,33539,0.0,0.0,0.0
2025-11-27 00:00:00+02:00,120.48999786376953,124.48999786376953,120.01000213623047,121.98999786376953,37678,0.0,0.0,0.0
2025-11-30 00:00:00+02:00,121.98999786376953,125.0,121.0,123.47000122070312,12006,0.0,0.0,0.0
2025-12-01 00:00:00+02:00,123.47000122070312,130.0,122.04000091552734,126.69000244140625,67290,0.0,0.0,0.0
2025-12-02 00:00:00+02:00,126.69000244140625,128.99000549316406,125.0,126.30000305175781,5008,0.0,0.0,0.0
2025-12-03 00:00:00+02:00,126.30000305175781,128.99000549316406,126.0,128.1999969482422,9254,0.0,0.0,0.0
2025-12-04 00:00:00+02:00,128.1999969482422,130.0,126.54000091552734,127.27999877929688,4542,0.0,0.0,0.0
2025-12-07 00:00:00+02:00,127.27999877929688,130.0,125.01000213623047,126.0,35769,0.0,0.0,0.0
2025-12-08 00:00:00+02:00,126.0,128.89999389648438,126.0,127.38999938964844,6974,0.0,0.0,0.0
2025-12-09 00:00:00+02:00,127.38999938964844,128.8000030517578,126.0,126.73999786376953,9040,0.0,0.0,0.0
2025-12-10 00:00:00+02:00,126.73999786376953,128.0,126.0,126.01000213623047,11772,0.0,0.0,0.0
2025-12-11 00:00:00+02:00,126.01000213623047,127.80000305175781,123.0,123.29000091552734,15051,0.0,0.0,0.0
2025-12-14 00:00:00+02:00,123.29000091552734,127.7699966430664,123.0999984741211,126.41999816894531,12795,0.0,0.0,0.0
2025-12-15 00:00:00+02:00,126.41999816894531,127.12000274658203,125.0,125.0,6880,0.0,0.0,0.0
2025-12-16 00:00:00+02:00,125.0,130.10000610351562,124.0,125.5999984741211,59189,0.0,0.0,0.0
2025-12-17 00:00:00+02:00,125.5999984741211,126.88999938964844,124.0,124.44000244140625,7302,0.0,0.0,0.0
2025-12-18 00:00:00+02:00,124.44000244140625,125.98999786376953,123.0,123.44000244140625,7843,0.0,0.0,0.0
2025-12-21 00:00:00+02:00,123.44000244140625,125.48999786376953,122.0,122.5199966430664,13149,0.0,0.0,0.0
2025-12-22 00:00:00+02:00,122.5199966430664,124.6500015258789,122.0,123.0,3005,0.0,0.0,0.0
2025-12-23 00:00:00+02:00,123.0,124.4000015258789,121.0,121.87000274658203,10415,0.0,0.0,0.0
2025-12-24 00:00:00+02:00,121.87000274658203,123.9800033569336,121.0999984741211,121.83000183105469,12218,0.0,0.0,0.0
2025-12-25 00:00:00+02:00,121.83000183105469,124.69999694824219,121.5,122.38999938964844,40715,0.0,0.0,0.0
2025-12-28 00:00:00+02:00,122.38999938964844,123.4000015258789,121.75,121.77999877929688,10523,0.0,0.0,0.0
2025-12-29 00:00:00+02:00,121.77999877929688,123.0,120.0,121.91999816894531,15106,0.0,0.0,0.0
2025-12-30 00:00:00+02:00,121.91999816894531,128.5,121.5,125.44999694824219,90177,0.0,0.0,0.0
2025-12-31 00:00:00+02:00,125.44999694824219,130.0,125.0,129.1300048828125,120366,0.0,0.0,0.0
2026-01-04 00:00:00+02:00,129.1300048828125,131.8000030517578,125.51000213623047,126.94000244140625,29936,0.0,0.0,0.0
2026-01-05 00:00:00+02:00,126.94000244140625,128.39999389648438,125.0,125.72000122070312,29733,0.0,0.0,0.0
2026-01-06 00:00:00+02:00,125.72000122070312,127.48999786376953,125.20999908447266,126.44000244140625,2886,0.0,0.0,0.0
2026-01-08 00:00:00+02:00,126.44000244140625,126.44000244140625,124.0999984741211,124.52999877929688,6356,0.0,0.0,0.0
2026-01-11 00:00:00+02:00,124.52999877929688,125.80000305175781,122.0999984741211,123.76000213623047,3614,0.0,0.0,0.0
2026-01-12 00:00:00+02:00,123.76000213623047,125.08000183105469,122.25,122.37000274658203,11375,0.0,0.0,0.0
2026-01-13 00:00:00+02:00,122.37000274658203,123.0,119.5999984741211,120.18000030517578,10380,0.0,0.0,0.0
2026-01-14 00:00:00+02:00,120.18000030517578,122.5,117.0199966430664,119.7300033569336,13795,0.0,0.0,0.0
2026-01-15 00:00:00+02:00,119.7300033569336,120.0,117.5,118.54000091552734,8130,0.0,0.0,0.0
2026-01-18 00:00:00+02:00,118.54000091552734,121.8499984741211,118.0,118.55000305175781,7362,0.0,0.0,0.0
2026-01-19 00:00:00+02:00,118.55000305175781,120.79000091552734,117.73999786376953,118.22000122070312,7568,0.0,0.0,0.0
2026-01-20 00:00:00+02:00,118.22000122070312,119.20999908447266,118.0,118.38999938964844,9994,0.0,0.0,0.0
2026-01-21 00:00:00+02:00,118.38999938964844,118.5,116.5999984741211,117.1500015258789,20009,0.0,0.0,0.0
2026-01-22 00:00:00+02:00,117.1500015258789,119.0,116.80000305175781,116.95999908447266,32191,0.0,0.0,0.0
2026-01-25 00:00:00+02:00,116.95999908447266,122.0,116.75,118.94000244140625,44067,0.0,0.0,0.0
2026-01-26 00:00:00+02:00,118.94000244140625,121.5,117.0,117.5199966430664,32862,0.0,0.0,0.0
2026-01-27 00:00:00+02:00,117.5199966430664,119.8499984741211,117.06999969482422,117.86000061035156,3248,0.0,0.0,0.0
2026-01-28 00:00:00+02:00,117.86000061035156,118.0,116.80000305175781,116.9000015258789,11960,0.0,0.0,0.0
2026-02-01 00:00:00+02:00,116.9000015258789,119.5,113.05000305175781,117.06999969482422,3376,0.0,0.0,0.0
2026-02-02 00:00:00+02:00,117.06999969482422,129.97999572753906,101.0,115.5,2627,0.0,0.0,0.0
2026-02-03 00:00:00+02:00,115.5,117.88999938964844,115.0199966430664,115.66000366210938,5096,0.0,0.0,0.0
2026-02-04 00:00:00+02:00,115.66000366210938,117.5,115.5,116.6500015258789,6767,0.0,0.0,0.0
