Date,Open,High,Low,Close,Volume,Dividends,Stock Splits,Capital Gains
2021-01-03 00:00:00+02:00,39.81962183766087,40.669570442673326,38.41217968674355,39.53630447387695,81483,0.0,0.0,0.0
2021-01-04 00:00:00+02:00,39.53630238048506,40.660430594436754,38.860001399485206,39.37179946899414,590250,0.0,0.0,0.0
2021-01-05 00:00:00+02:00,39.371797789765175,43.30166532137822,39.755643710771295,41.75713348388672,543892,0.0,0.0,0.0
2021-01-06 00:00:00+02:00,41.75713522715669,42.040452575683595,40.441087532043454,41.126529693603516,902411,0.0,0.0,0.0
2021-01-10 00:00:00+02:00,41.126529362955075,41.58349080032124,39.764782745614696,40.276580810546875,113324,0.0,0.0,0.0
2021-01-11 00:00:00+02:00,40.276579281530154,40.61472975616899,39.115896856322294,39.43577194213867,91213,0.0,0.0,0.0
2021-01-12 00:00:00+02:00,39.43577439100445,40.14863313487176,38.841723113555574,39.134178161621094,56926,0.0,0.0,0.0
2021-01-13 00:00:00+02:00,39.13417310253469,39.874451808316486,38.97880790360817,39.42662811279297,20681,0.0,0.0,0.0
2021-01-14 00:00:00+02:00,39.42663527707505,39.98412883116386,39.11590133641929,39.35352325439453,719884,0.0,0.0,0.0
2021-01-17 00:00:00+02:00,39.35351840770294,39.974986212475876,39.134175393996465,39.46318817138672,23762,0.0,0.0,0.0
2021-01-18 00:00:00+02:00,39.46318861229632,39.792201393362525,38.29336848969556,38.68635559082031,65156,0.0,0.0,0.0
2021-01-19 00:00:00+02:00,38.68635860956467,38.887419279863835,38.20197709460299,38.613243103027344,54352,0.0,0.0,0.0
2021-01-20 00:00:00+02:00,38.61324369460598,38.841724426526724,38.2568143106239,38.40304183959961,143899,0.0,0.0,0.0
2021-01-21 00:00:00+02:00,38.40303402577986,38.6954890242258,37.47083241085646,37.808982849121094,84032,0.0,0.0,0.0
2021-01-24 00:00:00+02:00,37.80898597325415,38.11058217638769,37.4799732012317,37.891239166259766,12065,0.0,0.0,0.0
2021-01-25 00:00:00+02:00,37.891239166259766,37.891239166259766,37.891239166259766,37.891239166259766,0,0.0,0.0,0.0
2021-01-26 00:00:00+02:00,38.03746794434731,38.38475960264136,37.50739450558806,38.06488800048828,25458,0.0,0.0,0.0
2021-01-27 00:00:00+02:00,38.064891442352554,38.31164756556029,36.218766704745974,37.059574127197266,141975,0.0,0.0,0.0
2021-01-31 00:00:00+02:00,37.059569462317114,36.584329180011096,35.55159890890921,36.10908889770508,94630,0.0,0.0,0.0
2021-02-01 00:00:00+02:00,36.109089844279126,38.110583093465884,35.77093936993621,37.18751907348633,674570,0.0,0.0,0.0
2021-02-02 00:00:00+02:00,37.18752056241914,38.37562309006873,36.712280248627124,37.6170654296875,78447,0.0,0.0,0.0
2021-02-03 00:00:00+02:00,37.617067672506586,37.470840143109,36.72142361915397,37.059574127197266,26261,0.0,0.0,0.0
2021-02-04 00:00:00+02:00,37.05957088630274,37.836407400943,36.55691401585257,36.849369049072266,34378,0.0,0.0,0.0
2021-02-07 00:00:00+02:00,36.84936764520844,37.47083543870877,36.46552173610822,36.575191497802734,650800,0.0,0.0,0.0
2021-02-08 00:00:00+02:00,36.57519380943172,36.73970020554006,35.64299206026412,36.17306900024414,334638,0.0,0.0,0.0
2021-02-09 00:00:00+02:00,36.173068079412566,36.55691400300136,35.74352322424882,35.97200393676758,13945,0.0,0.0,0.0
2021-02-10 00:00:00+02:00,35.97200740819332,36.556917530872994,35.65213228799458,35.99942398071289,289069,0.0,0.0,0.0
2021-02-11 00:00:00+02:00,35.99941891172479,36.968178344966496,35.83491252709245,36.291873931884766,26686,0.0,0.0,0.0
2021-02-14 00:00:00+02:00,36.291872867032886,36.55691131075717,35.55159764424685,35.962860107421875,51719,0.0,0.0,0.0
2021-02-15 00:00:00+02:00,35.962864736819775,36.23704439601582,35.28656374286214,35.59729766845703,47208,0.0,0.0,0.0
2021-02-16 00:00:00+02:00,35.597293037022524,35.844052606390456,35.33225459366377,35.551597595214844,519057,0.0,0.0,0.0
2021-02-17 00:00:00+02:00,35.551602808732206,35.64299370574971,34.82960286874047,35.3870964050293,27578,0.0,0.0,0.0
2021-02-18 00:00:00+02:00,35.38709457132978,35.451068893194844,34.72906899061592,34.98496627807617,29994,0.0,0.0,0.0
2021-02-21 00:00:00+02:00,34.98496480459543,37.01387460211774,34.91185279111711,35.898887634277344,70454,0.0,0.0,0.0
2021-02-22 00:00:00+02:00,35.89888923605391,38.293369666824155,36.54777712369846,37.33374786376953,139971,0.0,0.0,0.0
2021-02-23 00:00:00+02:00,37.33374870133321,37.479976224433834,35.917168917607235,36.502079010009766,471729,0.0,0.0,0.0
2021-02-24 00:00:00+02:00,36.5020760906599,36.11823018059701,35.42364688666577,35.79835510253906,29201,0.0,0.0,0.0
2021-02-25 00:00:00+02:00,35.79836166522046,36.10909561971478,35.10378173029527,35.93545150756836,355775,0.0,0.0,0.0
2021-02-28 00:00:00+02:00,35.93544948676568,35.64299442678637,34.73820918811711,35.27742385864258,704536,0.0,0.0,0.0
2021-03-01 00:00:00+02:00,35.27741884973115,35.35053434751423,34.5005858606494,34.847877502441406,42784,0.0,0.0,0.0
2021-03-02 00:00:00+02:00,34.8478784395764,35.6429903244862,33.860840110994104,35.021522521972656,36902,0.0,0.0,0.0
2021-03-03 00:00:00+02:00,35.02152111215848,35.40537049771246,31.996435415416105,33.093143463134766,49181,0.0,0.0,0.0
2021-03-04 00:00:00+02:00,33.093143463134766,33.093143463134766,33.093143463134766,33.093143463134766,0,0.0,0.0,0.0
2021-03-07 00:00:00+02:00,32.88294584526625,34.719932844583695,33.35818617627526,33.65978240966797,6575,0.0,0.0,0.0
2021-03-08 00:00:00+02:00,33.659779980733056,34.26296891765233,33.175398503238306,33.49527359008789,15049,0.0,0.0,0.0
2021-03-09 00:00:00+02:00,33.49527184114973,33.79686455069238,32.45339692601832,33.248512268066406,22234,0.0,0.0,0.0
2021-03-10 00:00:00+02:00,33.24851435456526,34.22641152796374,32.03299528713521,33.44043731689453,38751,0.0,0.0,0.0
2021-03-11 00:00:00+02:00,33.44043963637211,34.27210935049044,33.04745250357934,33.44957733154297,553784,0.0,0.0,0.0
2021-03-14 00:00:00+02:00,33.44957891918587,34.71993476126489,31.073380619304253,32.56307601928711,72171,0.0,0.0,0.0
2021-03-15 00:00:00+02:00,32.56307375992532,32.07869225434553,30.168593262294767,31.210468292236328,45405,0.0,0.0,0.0
2021-03-16 00:00:00+02:00,31.21046517789031,31.98729816742071,30.62555165430429,31.100791931152344,15750,0.0,0.0,0.0
2021-03-17 00:00:00+02:00,31.100792873950404,32.71843670581547,31.228741512684547,32.206642150878906,656136,0.0,0.0,0.0
2021-03-18 00:00:00+02:00,32.206640057366975,33.815142604000684,32.44425844437903,33.17539596557617,38376,0.0,0.0,0.0
2021-03-21 00:00:00+02:00,33.17539932350025,33.796867151005785,31.16476832194347,32.19750213623047,10300,0.0,0.0,0.0
2021-03-22 00:00:00+02:00,32.197500381591894,32.90122136810366,30.387933624706854,31.978160858154297,30150,0.0,0.0,0.0
2021-03-23 00:00:00+02:00,31.97816045580176,31.987298149855494,29.39175724624224,31.94160270690918,1061401,0.0,0.0,0.0
2021-03-24 00:00:00+02:00,31.941605276133313,35.131194167281,31.07337784496214,34.052764892578125,210069,0.0,0.0,0.0
2021-03-25 00:00:00+02:00,34.05276112974225,34.90270959107742,31.53033579975119,32.1152458190918,159141,0.0,0.0,0.0
2021-03-28 00:00:00+02:00,32.115246104352266,34.61939606902817,31.073374687355145,32.83724594116211,675031,0.0,0.0,0.0
2021-03-29 00:00:00+02:00,32.83724694652682,32.718436004674494,31.11907108209352,32.28889465332031,229714,0.0,0.0,0.0
2021-03-30 00:00:00+02:00,32.28889627346502,34.72906863291387,31.713123896270734,33.7237548828125,365733,0.0,0.0,0.0
2021-03-31 00:00:00+02:00,33.72375772234706,35.11291751665228,31.073379814243502,32.95606231689453,998391,0.0,0.0,0.0
2021-04-01 00:00:00+02:00,32.956057461366036,31.713121894107946,30.07719924348623,30.972843170166016,933216,0.0,0.0,0.0
2021-04-04 00:00:00+02:00,30.972844135842813,30.707805678550194,29.51970669739502,30.333097457885742,632401,0.0,0.0,0.0
2021-04-05 00:00:00+02:00,30.333097929636864,29.958389703144814,27.308013804846357,27.61874771118164,346510,0.0,0.0,0.0
2021-04-06 00:00:00+02:00,27.618749535519058,27.737560489232017,25.7360688410816,26.83277702331543,150879,0.0,0.0,0.0
2021-04-07 00:00:00+02:00,26.832778325018037,27.737561834827172,25.343082942829998,26.01024627685547,298369,0.0,0.0,0.0
2021-04-08 00:00:00+02:00,26.010242507939388,28.578366876109808,25.763484672415817,27.134368896484375,484986,0.0,0.0,0.0
2021-04-11 00:00:00+02:00,27.134371287453533,29.83958396776913,28.42300243217329,29.364343643188477,278622,0.0,0.0,0.0
2021-04-12 00:00:00+02:00,29.3643467477568,32.2614809627643,29.702497279066485,31.04596519470215,431136,0.0,0.0,0.0
2021-04-13 00:00:00+02:00,31.045957443325324,32.26147290790454,30.16858893928965,30.890588760375977,80496,0.0,0.0,0.0
2021-04-14 00:00:00+02:00,30.890593723463816,31.073379003102854,28.331610267534955,28.9987735748291,101025,0.0,0.0,0.0
2021-04-15 00:00:00+02:00,28.998771727127078,30.06806327876338,28.377303907755675,29.062746047973633,57711,0.0,0.0,0.0
2021-04-18 00:00:00+02:00,29.062748347520078,30.38793728739619,29.24553362997528,30.040645599365234,44030,0.0,0.0,0.0
2021-04-19 00:00:00+02:00,30.040642627268728,31.914183742810778,29.70249215430234,31.429805755615234,433985,0.0,0.0,0.0
2021-04-20 00:00:00+02:00,31.429807922537496,31.89591055313633,30.38793637603071,30.808340072631836,50798,0.0,0.0,0.0
2021-04-21 00:00:00+02:00,30.808336154280916,30.97284253400025,30.15945181557618,30.305679321289062,144943,0.0,0.0,0.0
2021-04-22 00:00:00+02:00,30.92746430848355,31.01140509617138,30.31189971806225,30.712949752807617,38390,0.666667,0.0,0.0
2021-04-25 00:00:00+02:00,30.7129490814785,31.31918848573579,30.591700489053387,30.871501922607422,41711,0.0,0.0,0.0
2021-04-26 00:00:00+02:00,30.87150249486686,31.207265644502986,30.330553521017357,30.768911361694336,426447,0.0,0.0,0.0
2021-04-27 00:00:00+02:00,30.768912422535703,31.244574529007732,29.93882969270779,30.405166625976562,43387,0.0,0.0,0.0
2021-04-28 00:00:00+02:00,30.405164811040088,30.302573680454294,29.379225042236275,29.864215850830078,347765,0.0,0.0,0.0
2021-05-04 00:00:00+02:00,29.864214987186106,30.4051639317524,29.84556108456408,30.13469123840332,34877,0.0,0.0,0.0
2021-05-05 00:00:00+02:00,30.13469408709939,30.675643082802733,29.65902841994232,29.83623695373535,25131,0.0,0.0,0.0
2021-05-06 00:00:00+02:00,29.836235029609952,30.013443551974888,29.659026507245017,29.845561981201172,625708,0.0,0.0,0.0
2021-05-09 00:00:00+02:00,29.845561610745595,30.144016942223594,29.239323996314145,29.416532516479492,11308,0.0,0.0,0.0
2021-05-10 00:00:00+02:00,29.416532848559235,30.171996358323927,29.612393494952435,29.864215850830078,19567,0.0,0.0,0.0
2021-05-11 00:00:00+02:00,29.86421807867587,30.162673435787614,29.29528644234769,29.76162338256836,42757,0.0,0.0,0.0
2021-05-17 00:00:00+02:00,29.761622202298412,29.845562990523995,27.980215303616244,29.024810791015625,31342,0.0,0.0,0.0
2021-05-18 00:00:00+02:00,29.024811535769935,31.421781311387143,28.91288988895261,31.0020809173584,148804,0.0,0.0,0.0
2021-05-19 00:00:00+02:00,31.002079195316536,31.61764377128412,29.6776805271025,30.33987808227539,158263,0.0,0.0,0.0
2021-05-20 00:00:00+02:00,30.339879954967408,30.032099426920368,29.61239547243034,29.817583084106445,59151,0.0,0.0,0.0
2021-05-23 00:00:00+02:00,29.817580992673598,30.684969697424958,29.565760416576747,29.920177459716797,16576,0.0,0.0,0.0
2021-05-24 00:00:00+02:00,29.920177324420504,30.209303926473364,29.024809548003883,29.360570907592773,62740,0.0,0.0,0.0
2021-05-25 00:00:00+02:00,29.360569225609403,29.845560002595743,28.56779618225365,29.304609298706055,50829,0.0,0.0,0.0
2021-05-26 00:00:00+02:00,29.30461206841725,29.332592923980524,28.390592133893765,29.0434627532959,24967,0.0,0.0,0.0
2021-05-27 00:00:00+02:00,29.043462438553572,29.19269010873884,29.043462438553572,29.14605712890625,6405,0.0,0.0,0.0
2021-05-30 00:00:00+02:00,29.146056705050995,32.05599801028018,28.9222152030283,31.477741241455078,268808,0.0,0.0,0.0
2021-05-31 00:00:00+02:00,31.477743943958306,33.57626020688886,30.40516754197971,31.79485321044922,205929,0.0,0.0,0.0
2021-06-01 00:00:00+02:00,31.79485262503173,32.27051473707577,29.948158774599015,31.431110382080078,89846,0.0,0.0,0.0
2021-06-02 00:00:00+02:00,31.43110761750264,31.244572146843375,29.892194431898908,30.563720703125,55291,0.0,0.0,0.0
2021-06-03 00:00:00+02:00,30.563720923926404,30.591699999473562,29.388551719725058,29.948156356811523,46158,0.0,0.0,0.0
2021-06-06 00:00:00+02:00,29.948157946826345,30.759583201588118,29.752295512926963,30.050752639770508,36225,0.0,0.0,0.0
2021-06-07 00:00:00+02:00,30.05075109147868,31.608314635764156,30.405164575192995,31.0487117767334,171411,0.0,0.0,0.0
2021-06-08 00:00:00+02:00,31.048713476261575,31.048713476261575,30.40516623949502,30.545068740844727,14512,0.0,0.0,0.0
2021-06-09 00:00:00+02:00,30.545068075980808,31.058037973316747,30.330553521017357,30.768911361694336,6399,0.0,0.0,0.0
2021-06-10 00:00:00+02:00,30.768910104666247,31.524373602615622,30.647661514947046,31.113998413085938,33035,0.0,0.0,0.0
2021-06-13 00:00:00+02:00,31.113999598909277,30.77823645019369,29.85488779122582,30.190650939941406,19588,0.0,0.0,0.0
2021-06-14 00:00:00+02:00,30.19065317622899,30.87150469694851,29.873543907605107,30.684972763061523,36572,0.0,0.0,0.0
2021-06-15 00:00:00+02:00,30.684968846600608,33.27780082167552,30.778234801640146,32.3824348449707,284184,0.0,0.0,0.0
2021-06-16 00:00:00+02:00,32.3824360146906,32.457048069843744,30.90880967833224,31.459087371826172,61596,0.0,0.0,0.0
2021-06-17 00:00:00+02:00,31.459088575920465,32.27051383031003,31.337839979054035,31.70158576965332,50691,0.0,0.0,0.0
2021-06-20 00:00:00+02:00,31.701586310628368,32.08398245385403,30.77823761666626,30.936790466308594,45678,0.0,0.0,0.0
2021-06-21 00:00:00+02:00,30.936788512761286,31.94407793347687,30.84352255508091,31.52437400817871,39202,0.0,0.0,0.0
2021-06-22 00:00:00+02:00,31.524376346678995,31.981388112098045,30.974098616661028,31.431110382080078,28777,0.0,0.0,0.0
2021-06-23 00:00:00+02:00,31.4311097471193,31.710911193132077,30.778237334510543,31.02073097229004,29475,0.0,0.0,0.0
2021-06-24 00:00:00+02:00,31.02072980493537,31.61764404059988,30.77823617628126,30.82486915588379,18330,0.0,0.0,0.0
2021-06-27 00:00:00+02:00,30.82486999759384,31.701585692681572,30.97409767111774,31.673603057861328,138318,0.0,0.0,0.0
2021-06-28 00:00:00+02:00,31.67360045861265,31.43110684323685,30.796888393339422,31.347166061401367,67089,0.0,0.0,0.0
2021-06-29 00:00:00+02:00,31.34716601875372,31.561680559181877,30.59169898326216,30.79688835144043,13308,0.0,0.0,0.0
2021-06-30 00:00:00+02:00,30.79689152801567,31.56168381464236,30.619684774045055,31.0020809173584,18686,0.0,0.0,0.0
2021-07-04 00:00:00+02:00,31.00207978257284,31.58966173585289,30.601029749647417,31.272552490234375,8716,0.0,0.0,0.0
2021-07-05 00:00:00+02:00,31.272552528280197,31.011404993171357,30.49843509583542,30.768911361694336,19960,0.0,0.0,0.0
2021-07-06 00:00:00+02:00,30.76891171251018,31.0393844235846,29.892196021160235,30.647663116455078,16831,0.0,0.0,0.0
2021-07-07 00:00:00+02:00,30.647662065581383,31.291205715742805,30.283919847756742,30.946117401123047,20935,0.0,0.0,0.0
2021-07-08 00:00:00+02:00,30.946116012515148,31.337837288635754,30.442471322187437,30.79688835144043,32365,0.0,0.0,0.0
2021-07-11 00:00:00+02:00,30.79688801156082,31.421777723581044,30.778234109398838,30.918136596679688,11948,0.0,0.0,0.0
2021-07-12 00:00:00+02:00,30.918140119889397,31.151308586682322,30.59170213165823,30.936790466308594,6828,0.0,0.0,0.0
2021-07-13 00:00:00+02:00,30.936791727656658,34.02394363469632,30.330555823998804,33.33376693725586,200085,0.0,0.0,0.0
2021-07-14 00:00:00+02:00,33.33376531902614,36.66341071431339,33.57625895714341,34.88200378417969,274339,0.0,0.0,0.0
2021-07-15 00:00:00+02:00,34.88200540446582,38.37020381019125,33.669526483954,37.62406539916992,384139,0.0,0.0,0.0
2021-07-18 00:00:00+02:00,37.62405975417708,41.38273388179231,38.47279273647304,39.81584167480469,701244,0.0,0.0,0.0
2021-07-25 00:00:00+02:00,39.81584540794157,43.60250252284361,39.26556769368079,41.50398635864258,1309509,0.0,0.0,0.0
2021-07-26 00:00:00+02:00,41.503986798239616,42.5299266217903,39.68527205842847,40.860443115234375,396227,0.0,0.0,0.0
2021-07-27 00:00:00+02:00,40.86043985472159,41.951666476811354,39.17229902084776,40.69255828857422,360304,0.0,0.0,0.0
2021-07-28 00:00:00+02:00,40.69255601226896,40.97235742090668,39.65728759822821,40.244873046875,196364,0.0,0.0,0.0
2021-07-29 00:00:00+02:00,40.24487586287773,40.54333119402379,38.705962670887914,39.38681411743164,286904,0.0,0.0,0.0
2021-08-01 00:00:00+02:00,39.38681737705933,40.785828191788326,39.17230281241177,40.08632278442383,202183,0.0,0.0,0.0
2021-08-02 00:00:00+02:00,40.08631957585222,41.87705512546368,39.64796175047273,41.01899337768555,552271,0.0,0.0,0.0
2021-08-03 00:00:00+02:00,41.01899261880074,40.80447807529195,36.92455527376177,39.0230712890625,756034,0.0,0.0,0.0
2021-08-04 00:00:00+02:00,39.023070747142434,40.29150764581255,38.7152866947292,39.759883880615234,359377,0.0,0.0,0.0
2021-08-05 00:00:00+02:00,39.75988371640136,43.733072401655924,40.095646842058834,42.58588409423828,621043,0.0,0.0,0.0
2021-08-08 00:00:00+02:00,42.58588409423828,42.58588409423828,42.58588409423828,42.58588409423828,0,0.0,0.0,0.0
2021-08-09 00:00:00+02:00,42.58588409423828,42.58588409423828,42.58588409423828,42.58588409423828,0,0.0,0.0,0.0
2021-08-10 00:00:00+02:00,48.62028586524053,53.39557469312092,50.476304722429305,51.6981086730957,489066,0.0,0.0,0.0
2021-08-11 00:00:00+02:00,51.69811084943216,52.229734649629286,49.05864219418304,50.513614654541016,469314,0.0,0.0,0.0
2021-08-15 00:00:00+02:00,50.513613062956956,54.095080611258446,50.10323787018686,52.099159240722656,310672,0.0,0.0,0.0
2021-08-16 00:00:00+02:00,52.09916131836654,51.297061245988516,47.33319742243486,48.76951599121094,543652,0.0,0.0,0.0
2021-08-17 00:00:00+02:00,48.769517209012804,50.27112269951387,46.64301837945604,47.846168518066406,479684,0.0,0.0,0.0
2021-08-18 00:00:00+02:00,47.84616354448556,48.45240291629631,45.710339763767294,47.06271743774414,239338,0.0,0.0,0.0
2021-08-19 00:00:00+02:00,47.06272114842655,48.92806882985005,44.87093904590127,46.56840515136719,384473,0.0,0.0,0.0
2021-08-22 00:00:00+02:00,46.56840356392324,48.76951432222949,46.074087583714345,47.585018157958984,323646,0.0,0.0,0.0
2021-08-23 00:00:00+02:00,47.5850182358916,51.19446488611395,46.9601249328014,49.786128997802734,778933,0.0,0.0,0.0
2021-08-24 00:00:00+02:00,49.786131153727744,51.29706179587585,48.51769414733442,49.72084426879883,299872,0.0,0.0,0.0
2021-08-25 00:00:00+02:00,49.72084212988571,50.075255616291116,48.499038157020514,49.21719741821289,125744,0.0,0.0,0.0
2021-08-26 00:00:00+02:00,49.21720138813247,50.17785435213537,45.98082186539391,48.06068420410156,170134,0.0,0.0,0.0
2021-08-29 00:00:00+02:00,48.060681412321,48.965376167650696,47.10935367697673,47.780879974365234,103503,0.0,0.0,0.0
2021-08-30 00:00:00+02:00,47.780878715256115,48.732206425531245,45.70101655217284,47.07204818725586,123312,0.0,0.0,0.0
2021-08-31 00:00:00+02:00,47.072048254226985,47.56636423422165,45.467848165064815,47.03474044799805,63861,0.0,0.0,0.0
2021-09-01 00:00:00+02:00,47.03473895896879,49.758144685835575,46.633688949374715,48.01404571533203,400647,0.0,0.0,0.0
2021-09-02 00:00:00+02:00,48.01405223123285,47.986073152584034,46.76426905546906,47.267913818359375,89725,0.0,0.0,0.0
2021-09-05 00:00:00+02:00,47.26791484643769,48.49904414392317,46.21399231402998,46.47514343261719,82192,0.0,0.0,0.0
2021-09-06 00:00:00+02:00,46.47514033635345,47.98607099935747,43.46260062565193,45.68236541748047,93862,0.0,0.0,0.0
2021-09-07 00:00:00+02:00,45.682367728227646,46.63369554427509,43.82634863797192,44.479217529296875,124112,0.0,0.0,0.0
2021-09-08 00:00:00+02:00,44.479212565367924,45.60775057557345,44.302005822908846,44.8336296081543,143253,0.0,0.0,0.0
2021-09-09 00:00:00+02:00,44.83362611375082,45.37457858730776,43.83566550288895,44.208736419677734,28776,0.0,0.0,0.0
2021-09-12 00:00:00+02:00,44.208741393237744,44.749690369784446,41.98897666013978,43.304046630859375,45536,0.0,0.0,0.0
2021-09-13 00:00:00+02:00,43.30404626026597,46.213987616937835,43.04289872608992,45.02949142456055,72492,0.0,0.0,0.0
2021-09-14 00:00:00+02:00,45.02949027804664,45.701016557822264,43.46259799714898,43.69576644897461,84221,0.0,0.0,0.0
2021-09-15 00:00:00+02:00,43.695768484771854,43.7610553696953,41.03764943326457,41.50398635864258,57776,0.0,0.0,0.0
2021-09-16 00:00:00+02:00,41.50398368506923,42.865686565567415,41.41071772914893,41.71849822998047,57091,0.0,0.0,0.0
2021-09-19 00:00:00+02:00,41.71849974449279,42.80040123863831,39.172300630457265,39.63863754272461,75511,0.0,0.0,0.0
2021-09-20 00:00:00+02:00,39.638638541640525,39.638638541640525,37.30695392154402,38.27693557739258,88722,0.0,0.0,0.0
2021-09-21 00:00:00+02:00,38.2769362146745,41.028324823770575,35.68410045460794,38.071746826171875,169385,0.0,0.0,0.0
2021-09-22 00:00:00+02:00,38.07174489979463,45.234680094183446,39.73190315442414,43.602500915527344,263174,0.0,0.0,0.0
2021-09-23 00:00:00+02:00,43.60249945169285,45.234678575553005,41.13091249812878,43.99422073364258,267863,0.0,0.0,0.0
2021-09-26 00:00:00+02:00,43.99422342313406,47.75290142606671,43.92893653881793,46.531097412109375,196521,0.0,0.0,0.0
2021-09-27 00:00:00+02:00,46.53109793074959,47.557041303193806,43.84499623941666,44.19941329956055,114019,0.0,0.0,0.0
2021-09-28 00:00:00+02:00,44.19941386783119,44.87094018876532,43.84499680313057,44.031532287597656,30935,0.0,0.0,0.0
2021-09-29 00:00:00+02:00,44.031532287597656,44.031532287597656,44.031532287597656,44.031532287597656,0,0.0,0.0,0.0
2021-09-30 00:00:00+02:00,44.488543371023,45.467850202267385,44.07816459985394,44.255374908447266,55206,0.0,0.0,0.0
2021-10-03 00:00:00+02:00,44.25537230024613,46.260618825496685,43.83566838077149,44.432579040527344,48947,0.0,0.0,0.0
2021-10-04 00:00:00+02:00,44.432579040527344,44.432579040527344,44.432579040527344,44.432579040527344,0,0.0,0.0,0.0
2021-10-05 00:00:00+02:00,43.49990772220276,43.71442228040083,41.18687700500406,41.5599479675293,80691,0.0,0.0,0.0
2021-10-06 00:00:00+02:00,41.55994589052562,42.28743031743779,40.57131037974973,41.01899337768555,132200,0.0,0.0,0.0
2021-10-10 00:00:00+02:00,41.018996201810644,43.817017799952175,41.0376501060758,42.36204528808594,99163,0.0,0.0,0.0
2021-10-11 00:00:00+02:00,42.36203958202203,43.108181420651036,42.02628002408054,42.427330017089844,11147,0.0,0.0,0.0
2021-10-12 00:00:00+02:00,42.427337146439314,44.28335620934495,42.445987493457814,43.089534759521484,53903,0.0,0.0,0.0
2021-10-13 00:00:00+02:00,43.08953217541087,44.19941276561649,42.250124295175794,42.69780731201172,32996,0.0,0.0,0.0
2021-10-14 00:00:00+02:00,42.69780777959605,42.90299716542684,41.503986388293356,42.03561019897461,76937,0.0,0.0,0.0
2021-10-17 00:00:00+02:00,42.035608210494,43.83566894321727,42.27810539279885,43.69576644897461,33699,0.0,0.0,0.0
2021-10-18 00:00:00+02:00,43.69576644897461,43.69576644897461,43.69576644897461,43.69576644897461,0,0.0,0.0,0.0
2021-10-19 00:00:00+02:00,42.93097483752509,43.46259863080883,36.37427901511351,37.49348831176758,255076,0.0,0.0,0.0
2021-10-20 00:00:00+02:00,37.49348834919484,38.61269764696614,32.1212851430399,34.68613815307617,834403,0.0,0.0,0.0
2021-10-24 00:00:00+02:00,34.686137982073596,36.9245565665808,35.450930227575434,35.898616790771484,136829,0.0,0.0,0.0
2021-10-25 00:00:00+02:00,35.898618024753645,35.90794319778449,34.05192067222912,35.506893157958984,109855,0.0,0.0,0.0
2021-10-26 00:00:00+02:00,35.50688770579345,36.747345442654925,35.273719279273735,35.42294692993164,97364,0.0,0.0,0.0
2021-10-27 00:00:00+02:00,35.422951841443655,35.81467670240203,34.58354752430712,35.65612030029297,72434,0.0,0.0,0.0
2021-10-28 00:00:00+02:00,35.65612126279885,35.768041129864564,34.993923675679746,35.41362762451172,70987,0.0,0.0,0.0
2021-10-31 00:00:00+02:00,35.41362762451172,35.41362762451172,35.41362762451172,35.41362762451172,0,0.0,0.0,0.0
2021-11-01 00:00:00+02:00,35.413624148946425,38.51942594975646,36.38360216476774,37.52146530151367,242638,0.0,0.0,0.0
2021-11-02 00:00:00+02:00,37.52146634662194,38.13703090901897,37.07378335195758,37.2230110168457,26673,0.0,0.0,0.0
2021-11-03 00:00:00+02:00,37.22300976059524,37.30695054162862,35.25506755026544,35.33900833129883,91276,0.0,0.0,0.0
2021-11-04 00:00:00+02:00,35.339009312065414,36.25302919875802,32.64358262988522,33.37106704711914,270362,0.0,0.0,0.0
2021-11-07 00:00:00+02:00,33.37106704711914,33.37106704711914,33.37106704711914,33.37106704711914,0,0.0,0.0,0.0
2021-11-08 00:00:00+02:00,33.37106704711914,33.37106704711914,33.37106704711914,33.37106704711914,0,0.0,0.0,0.0
2021-11-09 00:00:00+02:00,33.37106704711914,33.37106704711914,33.37106704711914,33.37106704711914,0,0.0,0.0,0.0
2021-11-10 00:00:00+02:00,33.66952458493373,34.49960730061221,32.92338621599592,33.28712844848633,27923,0.0,0.0,0.0
2021-11-11 00:00:00+02:00,33.2871258173425,34.975266634395155,33.2871258173425,34.051918029785156,34142,0.0,0.0,0.0
2021-11-14 00:00:00+02:00,34.05192064509866,34.88200335891761,33.57625854780024,34.424991607666016,85621,0.0,0.0,0.0
2021-11-15 00:00:00+02:00,34.424992082341845,34.64883537454244,33.58558418392514,33.762794494628906,64125,0.0,0.0,0.0
2021-11-16 00:00:00+02:00,33.76279458803573,34.406338273356646,32.46637848634766,32.62493133544922,80888,0.0,0.0,0.0
2021-11-17 00:00:00+02:00,32.62493118778872,33.86538912905883,32.736851054757885,33.24982452392578,62848,0.0,0.0,0.0
2021-11-18 00:00:00+02:00,33.24982149870881,33.85605731767982,33.20318496366881,33.520294189453125,16527,0.0,0.0,0.0
2021-11-21 00:00:00+02:00,33.520296670111854,33.641545266026256,32.876752998630835,33.41770553588867,41605,0.0,0.0,0.0
2021-11-22 00:00:00+02:00,33.41770553588867,33.41770553588867,33.41770553588867,33.41770553588867,0,0.0,0.0,0.0
2021-11-23 00:00:00+02:00,33.10991994481519,33.48299088846743,32.87675149449959,33.277801513671875,24866,0.0,0.0,0.0
2021-11-24 00:00:00+02:00,33.277800925113546,33.520294543690966,32.67156154186778,32.89540481567383,25101,0.0,0.0,0.0
2021-11-25 00:00:00+02:00,32.89540877505116,34.08923022472649,32.89540877505116,33.3524169921875,44704,0.0,0.0,0.0
2021-11-28 00:00:00+02:00,33.3524169921875,33.3524169921875,33.3524169921875,33.3524169921875,0,0.0,0.0,0.0
2021-11-29 00:00:00+02:00,32.29849687197046,32.876753670828684,32.13994046516849,32.643585205078125,52539,0.0,0.0,0.0
2021-11-30 00:00:00+02:00,32.64358746028016,33.38040071684354,32.25186611853377,33.05396270751953,86599,0.0,0.0,0.0
2021-12-01 00:00:00+02:00,33.05396270751953,33.05396270751953,33.05396270751953,33.05396270751953,0,0.0,0.0,0.0
2021-12-02 00:00:00+02:00,32.70887049389243,33.10059534731951,32.419740329645485,32.54098892211914,28570,0.0,0.0,0.0
2021-12-05 00:00:00+02:00,32.54098833202675,32.97001742639265,32.22387909752408,32.72752380371094,39978,0.0,0.0,0.0
2021-12-06 00:00:00+02:00,32.72752705657039,35.2457472799278,32.774160039659336,33.958656311035156,259710,0.0,0.0,0.0
2021-12-07 00:00:00+02:00,33.95865183642712,34.97526638843228,33.58558090513662,33.613563537597656,77118,0.0,0.0,0.0
2021-12-08 00:00:00+02:00,33.61356675997689,34.32239732793951,32.839445748591466,33.24982452392578,26092,0.0,0.0,0.0
2021-12-09 00:00:00+02:00,33.24982420273805,34.22913103446228,32.485031929744395,32.73685073852539,88411,0.0,0.0,0.0
2021-12-12 00:00:00+02:00,32.73685321747556,33.46434129550676,32.6435872484845,33.16588592529297,45160,0.0,0.0,0.0
2021-12-13 00:00:00+02:00,33.16588334437327,33.88404263489808,32.6435847082093,32.7741584777832,58809,0.0,0.0,0.0
2021-12-14 00:00:00+02:00,32.7741585464442,33.20318766390535,32.55031881466812,32.73685073852539,42705,0.0,0.0,0.0
2021-12-15 00:00:00+02:00,32.736847472884584,33.10059322700519,32.47569995924027,32.568965911865234,32107,0.0,0.0,0.0
2021-12-16 00:00:00+02:00,32.56896811281828,33.90269196112045,32.643583726255066,33.03530502319336,111568,0.0,0.0,0.0
2021-12-19 00:00:00+02:00,33.03530427418131,33.5762567857281,32.67156206159483,32.746177673339844,26324,0.0,0.0,0.0
2021-12-20 00:00:00+02:00,32.746177673339844,32.746177673339844,32.746177673339844,32.746177673339844,0,0.0,0.0,0.0
2021-12-21 00:00:00+02:00,32.73684787371638,33.27780036759507,32.830117385351365,33.06328582763672,23635,0.0,0.0,0.0
2021-12-22 00:00:00+02:00,33.06328767036147,33.76279303620324,33.203186608808856,33.5855827331543,140771,0.0,0.0,0.0
2021-12-23 00:00:00+02:00,33.58558418392514,34.182498443837254,33.43635650841422,33.762794494628906,79955,0.0,0.0,0.0
2021-12-26 00:00:00+02:00,33.762792799712464,34.31307049263498,33.58558249790478,33.71615982055664,51553,0.0,0.0,0.0
2021-12-27 00:00:00+02:00,33.716160443994205,33.99596188197114,32.78348661215888,32.960693359375,52393,0.0,0.0,0.0
2021-12-28 00:00:00+02:00,32.96069128319442,33.75346256717078,32.997999088006225,33.55760192871094,41082,0.0,0.0,0.0
2021-12-29 00:00:00+02:00,33.55760394752445,33.856059288237674,33.21251562692509,33.566932678222656,16552,0.0,0.0,0.0
2021-12-30 00:00:00+02:00,33.56693605720639,33.930678317949635,33.4829952618142,33.66020202636719,26341,0.0,0.0,0.0
2022-01-02 00:00:00+02:00,33.66020141515589,34.22913306716446,33.50164500101924,33.846736907958984,27778,0.0,0.0,0.0
2022-01-03 00:00:00+02:00,33.846734394024004,34.18249754455736,33.80942658666066,33.967979431152344,27745,0.0,0.0,0.0
2022-01-04 00:00:00+02:00,33.96797558451474,34.508928056419,33.90268870795636,33.986629486083984,75999,0.0,0.0,0.0
2022-01-05 00:00:00+02:00,33.986633692703506,34.97526925103195,34.098557115972035,34.46229934692383,85106,0.0,0.0,0.0
2022-01-09 00:00:00+02:00,34.46229934692383,34.46229934692383,34.46229934692383,34.46229934692383,0,0.0,0.0,0.0
2022-01-10 00:00:00+02:00,34.145188129005625,34.9752672354685,34.32239486883279,34.4343147277832,64661,0.0,0.0,0.0
2022-01-11 00:00:00+02:00,34.434316815003605,34.68613918130726,34.042595505999074,34.40633773803711,17161,0.0,0.0,0.0
2022-01-12 00:00:00+02:00,34.406338880330225,34.508933576438054,34.04259663621592,34.07057571411133,12171,0.0,0.0,0.0
2022-01-13 00:00:00+02:00,34.07057727169083,34.1265389879085,33.576261230975,33.66020202636719,31943,0.0,0.0,0.0
2022-01-16 00:00:00+02:00,33.66020042523363,33.7814490256701,32.98867409403903,33.02598190307617,20783,0.0,0.0,0.0
2022-01-17 00:00:00+02:00,33.02597910164727,33.25914755154816,32.606275180252034,32.746177673339844,30943,0.0,0.0,0.0
2022-01-18 00:00:00+02:00,32.74617933239053,33.25914923658793,32.69021762074652,32.811466217041016,26810,0.0,0.0,0.0
2022-01-19 00:00:00+02:00,32.81146664635236,33.259149671756845,32.643585067092125,32.71820068359375,20677,0.0,0.0,0.0
2022-01-20 00:00:00+02:00,32.71819859786956,32.97934612324073,32.4943553205027,32.746177673339844,32951,0.0,0.0,0.0
2022-01-23 00:00:00+02:00,32.74617836831095,32.988671995892304,32.4570482034651,32.50368118286133,37875,0.0,0.0,0.0
2022-01-24 00:00:00+02:00,32.50367839547958,32.708867756668724,32.177244009831384,32.205223083496094,27930,0.0,0.0,0.0
2022-01-25 00:00:00+02:00,32.20522458492152,33.52962320672693,32.02801784700358,32.93271255493164,60957,0.0,0.0,0.0
2022-01-26 00:00:00+02:00,32.9327114370773,33.29645363080158,32.578294415403484,32.69954299926758,16313,0.0,0.0,0.0
2022-01-30 00:00:00+02:00,32.699545749631355,33.27780252783368,32.17724712417448,32.447723388671875,20698,0.0,0.0,0.0
2022-01-31 00:00:00+02:00,32.447725185077005,32.97002028158142,32.17724890560521,32.43839645385742,19626,0.0,0.0,0.0
2022-02-01 00:00:00+02:00,32.43839428100527,33.10992056909346,32.55031770093215,33.07261276245117,11952,0.0,0.0,0.0
2022-02-02 00:00:00+02:00,33.07261155394701,33.20318531455548,32.78348495770487,32.89540481567383,16957,0.0,0.0,0.0
2022-02-03 00:00:00+02:00,32.89540710876901,33.10992166727475,32.64358474238356,32.7555046081543,36729,0.0,0.0,0.0
2022-02-06 00:00:00+02:00,32.755502979445566,33.109920020943264,32.64358311923984,32.67156219482422,18542,0.0,0.0,0.0
2022-02-07 00:00:00+02:00,32.67156765604314,33.091271649305526,32.17725159612789,32.22388458251953,85472,0.0,0.0,0.0
2022-02-08 00:00:00+02:00,32.22387861639173,32.55031657643209,32.20522471371501,32.28916549682617,9705,0.0,0.0,0.0
2022-02-09 00:00:00+02:00,32.28916988295652,32.886080618222735,32.46638020352336,32.65291213989258,34287,0.0,0.0,0.0
2022-02-10 00:00:00+02:00,32.65290753773262,32.81146393074158,32.35445221216434,32.3824348449707,16281,0.0,0.0,0.0
2022-02-13 00:00:00+02:00,32.38243440526123,32.410413479819546,30.78755955594361,30.834196090698242,61432,0.0,0.0,0.0
2022-02-14 00:00:00+02:00,30.834198313704405,31.505721056594343,30.26526670421402,30.731603622436523,35700,0.0,0.0,0.0
2022-02-15 00:00:00+02:00,30.73160436217028,31.431109756341673,30.07873194936996,30.4704532623291,54481,0.0,0.0,0.0
2022-02-16 00:00:00+02:00,30.47045249977387,32.1679221537211,30.778236573283504,31.300535202026367,35981,0.0,0.0,0.0
2022-02-17 00:00:00+02:00,31.300534097019238,31.710909289342887,30.899484077259856,31.067365646362305,24781,0.0,0.0,0.0
2022-02-20 00:00:00+02:00,31.067366557284856,31.431108781716002,30.61035481513527,30.778236389160156,22095,0.0,0.0,0.0
2022-02-21 00:00:00+02:00,30.778237343541356,31.197941291617877,30.395841203709065,30.4704532623291,50280,0.0,0.0,0.0
2022-02-22 00:00:00+02:00,30.470452060922202,30.48910596430882,29.854887480636954,30.293245315551758,26823,0.0,0.0,0.0
2022-02-23 00:00:00+02:00,30.293246228761998,31.048713328286798,30.31190013271095,30.554393768310547,20088,0.0,0.0,0.0
2022-02-24 00:00:00+02:00,30.554392719170284,30.40516505057106,27.047540728154374,28.12944221496582,89252,0.0,0.0,0.0
2022-02-27 00:00:00+02:00,28.12944305921203,30.0787315400941,28.586453030380113,28.97817611694336,47512,0.0,0.0,0.0
2022-02-28 00:00:00+02:00,28.97817522826259,29.267303613617635,28.679719891259435,28.698373794555664,29193,0.0,0.0,0.0
2022-03-01 00:00:00+02:00,28.698374938143804,29.313939539975696,28.735680967288722,28.903562545776367,18974,0.0,0.0,0.0
2022-03-02 00:00:00+02:00,28.903560950438028,29.192689331355908,28.7543332842266,28.800966262817383,15896,0.0,0.0,0.0
2022-03-03 00:00:00+02:00,28.80096808983584,29.61239513290152,28.903562783964684,29.388553619384766,25360,0.0,0.0,0.0
2022-03-06 00:00:00+02:00,29.388553761468472,30.498436161255732,29.752296000324993,29.854888916015625,61549,0.0,0.0,0.0
2022-03-07 00:00:00+02:00,29.85488754725744,30.768911025899907,29.864216277905705,30.255937576293945,45920,0.0,0.0,0.0
2022-03-08 00:00:00+02:00,30.255937576293945,30.255937576293945,30.255937576293945,30.255937576293945,0,0.0,0.0,0.0
2022-03-09 00:00:00+02:00,34.005289181038876,35.30170531909063,33.17520998806292,33.482994079589844,274395,0.0,0.0,0.0
2022-03-10 00:00:00+02:00,33.482991366909275,34.74209959345776,32.64358351063145,33.71615982055664,116420,0.0,0.0,0.0
2022-03-13 00:00:00+02:00,33.71616051930321,34.508931854986656,33.3803973698336,33.473663330078125,75375,0.0,0.0,0.0
2022-03-14 00:00:00+02:00,33.473662687055544,33.473662687055544,33.12857437133789,33.12857437133789,42918,0.0,0.0,0.0
2022-03-15 00:00:00+02:00,33.12857070446755,33.45500508078925,31.72956013531538,31.9254207611084,52688,0.0,0.0,0.0
2022-03-16 00:00:00+02:00,31.925423225627867,33.34308780541778,31.598988824106694,32.89540481567383,40434,0.0,0.0,0.0
2022-03-17 00:00:00+02:00,32.89540764479682,33.576259139288176,32.56896965733268,32.60627746582031,19897,0.0,0.0,0.0
2022-03-20 00:00:00+02:00,32.60627890651609,33.57626062284222,32.64358671665216,33.31511306762695,30794,0.0,0.0,0.0
2022-03-21 00:00:00+02:00,33.315108895593184,34.27576176014894,33.01665356761726,33.939998626708984,69815,0.0,0.0,0.0
2022-03-22 00:00:00+02:00,33.94000294395084,36.18774691998827,34.04259764309311,34.3410530090332,185574,0.0,0.0,0.0
2022-03-23 00:00:00+02:00,34.34104965308288,35.06853409173547,33.9679787031815,34.229129791259766,14643,0.0,0.0,0.0
2022-03-24 00:00:00+02:00,34.22913361602375,34.97527204133176,33.66952712864125,33.697509765625,26648,0.0,0.0,0.0
2022-03-27 00:00:00+02:00,33.697505435813596,34.508930646708784,32.28916600350118,33.277801513671875,25177,0.0,0.0,0.0
2022-03-28 00:00:00+02:00,33.27780145448442,34.50893058533166,32.65290815865857,32.746177673339844,90174,0.0,0.0,0.0
2022-03-29 00:00:00+02:00,32.7461808449537,33.930677112118154,32.64358614780164,32.95137023925781,48133,0.0,0.0,0.0
2022-03-30 00:00:00+02:00,32.95136665616014,32.979345731297904,32.64358259817209,32.8207893371582,25482,0.0,0.0,0.0
2022-03-31 00:00:00+02:00,32.82079372891978,33.48299491135757,32.298498614496154,32.65291213989258,50469,0.0,0.0,0.0
2022-04-03 00:00:00+02:00,32.65291213989258,33.37107148009369,32.64358696622157,32.65291213989258,1530,0.0,0.0,0.0
2022-04-04 00:00:00+02:00,32.652909949642265,33.20318766390535,32.67156385360167,32.73685073852539,17296,0.0,0.0,0.0
2022-04-05 00:00:00+02:00,32.73684557435702,33.324431003848545,32.4570441748408,32.634254455566406,15441,0.0,0.0,0.0
2022-04-06 00:00:00+02:00,32.634257229034,33.14722709805381,32.634257229034,32.93271255493164,11818,0.0,0.0,0.0
2022-04-07 00:00:00+02:00,32.93271367351215,33.20318637575932,32.5503175518507,32.59695053100586,14428,0.0,0.0,0.0
2022-04-10 00:00:00+02:00,32.596948964689844,32.92338336095866,32.354451792146094,32.47570037841797,10981,0.0,0.0,0.0
2022-04-11 00:00:00+02:00,32.47570322089442,32.643584798774725,30.7782370959876,31.151308059692383,15685,0.0,0.0,0.0
2022-04-12 00:00:00+02:00,31.151308059692383,31.68293187035724,30.79689099995968,31.151308059692383,6592,0.0,0.0,0.0
2022-04-13 00:00:00+02:00,31.15130607095966,32.08397986281033,31.24457202699746,31.6922550201416,15338,0.0,0.0,0.0
2022-04-14 00:00:00+02:00,31.69225869156573,31.944081071482227,30.93679155181624,31.23525047302246,12773,0.0,0.0,0.0
2022-04-17 00:00:00+02:00,31.235246141544117,31.710908199068182,28.9875007178732,29.659025192260742,18814,0.0,0.0,0.0
2022-04-18 00:00:00+02:00,30.621982808467962,31.29605236327679,29.957544865327243,30.67013168334961,27665,1.0,0.0,0.0
2022-04-19 00:00:00+02:00,30.67013021482665,32.711596494766134,30.5738343063659,31.81604766845703,23262,0.0,0.0,0.0
2022-04-20 00:00:00+02:00,31.816047588804633,32.65381776592489,31.77752849084009,32.076045989990234,10085,0.0,0.0,0.0
2022-04-21 00:00:00+02:00,32.07604793299408,32.61530064362938,31.77753041576126,32.47085952758789,15310,0.0,0.0,0.0
2022-04-26 00:00:00+02:00,32.47085952758789,32.644191805544544,31.77753041576126,32.47085952758789,8816,0.0,0.0,0.0
2022-04-27 00:00:00+02:00,32.47085952758789,32.72122633275662,31.103460854083547,32.47085952758789,3741,0.0,0.0,0.0
2022-04-28 00:00:00+02:00,32.470856643253185,32.50937206674616,31.536788747612253,32.23011779785156,29312,0.0,0.0,0.0
2022-05-08 00:00:00+02:00,32.23012028783753,32.22048867618273,31.536791184034044,32.11456298828125,17661,0.0,0.0,0.0
2022-05-09 00:00:00+02:00,32.114561549305,32.25900633058635,31.5464177087862,31.642715454101562,16679,0.0,0.0,0.0
2022-05-10 00:00:00+02:00,31.642715454101562,32.162712258654366,31.141978198611827,31.642715454101562,8457,0.0,0.0,0.0
2022-05-11 00:00:00+02:00,31.642714357032453,32.01826636728333,31.488641643253036,31.83530616760254,10671,0.0,0.0,0.0
2022-05-12 00:00:00+02:00,31.835307744944068,31.979748854990802,31.228644797274157,31.305679321289062,22673,0.0,0.0,0.0
2022-05-15 00:00:00+02:00,31.305680197190767,31.63308519852731,30.333096804817135,30.448652267456055,53901,0.0,0.0,0.0
2022-05-16 00:00:00+02:00,30.44865071824327,30.81457296404699,29.967173015680036,30.45827865600586,14654,0.0,0.0,0.0
2022-05-17 00:00:00+02:00,30.45827865600586,30.804943189592727,30.333095261483756,30.45827865600586,6182,0.0,0.0,0.0
2022-05-18 00:00:00+02:00,30.458278865475112,30.81457317596657,30.33309547009209,30.593093872070312,15458,0.0,0.0,0.0
2022-05-19 00:00:00+02:00,30.593093872070312,30.679760006063056,30.28494843418132,30.593093872070312,7329,0.0,0.0,0.0
2022-05-22 00:00:00+02:00,30.593093494716985,31.24790346050013,30.294575998338885,30.410131454467773,19785,0.0,0.0,0.0
2022-05-23 00:00:00+02:00,30.410132368280344,30.978274381520517,30.150133961696245,30.256059646606445,22250,0.0,0.0,0.0
2022-05-24 00:00:00+02:00,30.256058725515636,30.333095084007354,29.75532147697364,29.84198760986328,22330,0.0,0.0,0.0
2022-05-25 00:00:00+02:00,29.841989945307432,29.75532380563527,28.40718650817871,28.88866424560547,36427,0.0,0.0,0.0
2022-05-26 00:00:00+02:00,28.88866427819767,29.312365201884944,28.522742005484897,28.801998138427734,12817,0.0,0.0,0.0
2022-05-29 00:00:00+02:00,28.801998138427734,29.264216326072862,28.503482455160064,28.801998138427734,7326,0.0,0.0,0.0
2022-05-30 00:00:00+02:00,28.801998138427734,28.88866427819767,28.40718654022771,28.801998138427734,7856,0.0,0.0,0.0
2022-05-31 00:00:00+02:00,28.801997586433583,29.504954629591424,28.879033949564693,29.1390323638916,11436,0.0,0.0,0.0
2022-06-01 00:00:00+02:00,29.139032025282898,29.80347179749998,28.83088657633925,28.869403839111328,14426,0.0,0.0,0.0
2022-06-02 00:00:00+02:00,28.869403839111328,28.965699751079157,28.426445215427773,28.869403839111328,8654,0.0,0.0,0.0
2022-06-05 00:00:00+02:00,28.869403839111328,28.869403839111328,28.869403839111328,28.869403839111328,0,0.0,0.0,0.0
2022-06-06 00:00:00+02:00,28.40718562159699,28.78273765732759,28.16644676039702,28.474592208862305,14615,0.0,0.0,0.0
2022-06-07 00:00:00+02:00,28.474590680153185,28.850142695721605,28.503480003155236,28.65755271911621,20807,0.0,0.0,0.0
2022-06-08 00:00:00+02:00,28.657553290971652,29.659025964702167,28.647923516445474,29.370140075683594,27175,0.0,0.0,0.0
2022-06-09 00:00:00+02:00,29.37013985696236,32.153080390093855,29.379769631416828,31.286422729492188,85704,0.0,0.0,0.0
2022-06-12 00:00:00+02:00,31.286422771567068,33.89603104141103,31.00716482208708,32.33604431152344,159622,0.0,0.0,0.0
2022-06-13 00:00:00+02:00,32.33604582991774,33.4530740069063,31.401977866326227,31.498271942138672,35175,0.0,0.0,0.0
2022-06-14 00:00:00+02:00,31.49827185166485,32.11456275121475,30.47753959011239,31.758270263671875,48270,0.0,0.0,0.0
2022-06-15 00:00:00+02:00,31.758268092331225,32.45159714361311,31.31530949773814,32.056785583496094,35265,0.0,0.0,0.0
2022-06-16 00:00:00+02:00,32.056785464074,32.73085496437766,31.594567322735745,31.83530616760254,58771,0.0,0.0,0.0
2022-06-19 00:00:00+02:00,31.835307865706735,31.777529217438804,28.88866292494437,29.514583587646484,67807,0.0,0.0,0.0
2022-06-20 00:00:00+02:00,29.51458271432671,31.199756505110184,28.93680910558547,30.15013313293457,51296,0.0,0.0,0.0
2022-06-21 00:00:00+02:00,30.150133825141317,30.959018365303297,29.93828429297214,30.121246337890625,10404,0.0,0.0,0.0
2022-06-22 00:00:00+02:00,30.121244978647464,30.910866260498842,29.957542490411114,30.352354049682617,22928,0.0,0.0,0.0
2022-06-23 00:00:00+02:00,30.35235477509199,30.35235477509199,29.851617524202588,29.9768009185791,11386,0.0,0.0,0.0
2022-06-26 00:00:00+02:00,29.976801833124,30.236800240943907,29.562732539589597,29.822729110717773,15876,0.0,0.0,0.0
2022-06-27 00:00:00+02:00,29.82272979415415,30.313837296837924,29.129402527437403,29.31236457824707,28636,0.0,0.0,0.0
2022-06-28 00:00:00+02:00,29.312362798327168,29.755321399325705,28.455331246065157,28.879032135009766,24532,0.0,0.0,0.0
2022-06-29 00:00:00+02:00,28.879032135009766,28.879032135009766,28.879032135009766,28.879032135009766,0,0.0,0.0,0.0
2022-07-03 00:00:00+02:00,28.879033395895075,28.888663170688314,24.073885975573596,27.37682342529297,39370,0.0,0.0,0.0
2022-07-04 00:00:00+02:00,27.376822913708708,28.87903285623937,26.625717024097526,27.6271915435791,10638,0.0,0.0,0.0
2022-07-05 00:00:00+02:00,27.627191516015408,28.079779902238204,27.078307220447506,27.713857650756836,21036,0.0,0.0,0.0
2022-07-06 00:00:00+02:00,27.71385880249877,28.214594245858002,26.96275288242225,27.916078567504883,43510,0.0,0.0,0.0
2022-07-07 00:00:00+02:00,27.916077147520724,28.503480536035898,27.829411013585972,28.320518493652344,23841,0.0,0.0,0.0
2022-07-17 00:00:00+02:00,28.320518493652344,28.88866233313942,28.214592810689492,28.320518493652344,8363,0.0,0.0,0.0
2022-07-18 00:00:00+02:00,28.320518039397946,28.792365962867894,28.060519641764,28.397554397583008,12986,0.0,0.0,0.0
2022-07-19 00:00:00+02:00,28.39755443506521,28.503480116468854,27.444228812507426,27.656078338623047,30811,0.0,0.0,0.0
2022-07-20 00:00:00+02:00,27.656078497434848,28.378295049279657,27.74274463059156,27.96422576904297,19967,0.0,0.0,0.0
2022-07-21 00:00:00+02:00,27.964226571757514,29.851618333144287,27.92570747294143,29.033105850219727,66993,0.0,0.0,0.0
2022-07-24 00:00:00+02:00,29.033105364061548,29.033105364061548,28.40718471231498,28.628664016723633,24675,0.0,0.0,0.0
2022-07-25 00:00:00+02:00,28.62866393133516,28.5997764444847,28.243482134231638,28.320518493652344,11904,0.0,0.0,0.0
2022-07-26 00:00:00+02:00,28.320517493330946,29.841986915668134,28.214591814109543,28.82125473022461,39240,0.0,0.0,0.0
2022-07-27 00:00:00+02:00,28.821255660378622,28.888662245079807,27.92570683691048,28.012372970581055,50998,0.0,0.0,0.0
2022-07-28 00:00:00+02:00,28.012373531243835,29.11977190546461,27.010899005091392,28.724960327148438,60267,0.0,0.0,0.0
2022-07-31 00:00:00+02:00,28.724960463125456,29.225697728572047,28.580517515663633,28.859773635864258,39365,0.0,0.0,0.0
2022-08-01 00:00:00+02:00,28.85977265108697,28.88866197427024,27.973853610408348,28.05088996887207,35446,0.0,0.0,0.0
2022-08-02 00:00:00+02:00,28.05089048113791,28.744219556664646,27.925707085107636,28.36866569519043,35451,0.0,0.0,0.0
2022-08-03 00:00:00+02:00,28.36866638787098,28.782737521045046,28.13755730261629,28.339778900146484,20066,0.0,0.0,0.0
2022-08-04 00:00:00+02:00,28.339778876931877,30.15013429495656,28.407185463822813,29.47606658935547,110117,0.0,0.0,0.0
2022-08-07 00:00:00+02:00,29.476067006786227,30.57383563556597,28.88866359266076,29.00421905517578,118971,0.0,0.0,0.0
2022-08-08 00:00:00+02:00,29.004217129764765,29.601248442499138,28.282000587891744,28.436073303222656,118577,0.0,0.0,0.0
2022-08-09 00:00:00+02:00,28.43607438503036,28.686443016140903,27.55015531982833,27.762004852294922,83887,0.0,0.0,0.0
2022-08-10 00:00:00+02:00,27.762005251417158,28.541998643253656,27.733115927018865,27.858301162719727,64025,0.0,0.0,0.0
2022-08-11 00:00:00+02:00,27.858301560467098,28.166447011681477,27.713858609796826,27.95459747314453,36844,0.0,0.0,0.0
2022-08-14 00:00:00+02:00,27.95459693799041,28.079780336390364,27.444229896254548,27.723487854003906,34570,0.0,0.0,0.0
2022-08-15 00:00:00+02:00,27.723487873611976,29.56273260874402,27.54052582656719,28.204965591430664,166726,0.0,0.0,0.0
2022-08-16 00:00:00+02:00,28.204964509221526,29.06199422631367,28.32051812851691,28.705699920654297,71400,0.0,0.0,0.0
2022-08-17 00:00:00+02:00,28.705700542463994,31.440495917608473,28.647923731564767,30.381242752075195,248872,0.0,0.0,0.0
2022-08-18 00:00:00+02:00,30.381242752075195,30.381242752075195,30.381242752075195,30.381242752075195,0,0.0,0.0,0.0
2022-08-21 00:00:00+02:00,30.044210033497926,30.814573639816658,29.562732320375794,29.947914123535156,87308,0.0,0.0,0.0
2022-08-22 00:00:00+02:00,29.947912284580052,30.323464290013153,29.206436211096378,29.68791389465332,59938,0.0,0.0,0.0
2022-08-23 00:00:00+02:00,29.68791389465332,29.68791389465332,29.68791389465332,29.68791389465332,0,0.0,0.0,0.0
2022-08-24 00:00:00+02:00,28.946440861424378,29.167922015008433,28.41681608856171,28.44570541381836,35764,0.0,0.0,0.0
2022-08-25 00:00:00+02:00,28.44570283840244,29.668654776474956,28.031631730671933,29.042734146118164,189491,0.0,0.0,0.0
2022-08-28 00:00:00+02:00,29.042735516282995,29.129401651603267,28.513110766385076,28.811626434326172,118069,0.0,0.0,0.0
2022-08-29 00:00:00+02:00,28.81162743925602,29.273845619291517,27.656080152475496,27.916078567504883,86935,0.0,0.0,0.0
2022-08-30 00:00:00+02:00,27.91607697543788,28.79236624720607,27.540524955163416,27.704227447509766,50219,0.0,0.0,0.0
2022-08-31 00:00:00+02:00,27.70422885492145,27.90644861866791,27.270898165905088,27.38645362854004,72917,0.0,0.0,0.0
2022-09-01 00:00:00+02:00,27.3864519129143,27.540524628981167,27.155342838814004,27.347932815551758,31424,0.0,0.0,0.0
2022-09-04 00:00:00+02:00,27.347933130766094,27.77163402317941,27.020528146177398,27.136083602905273,81371,0.0,0.0,0.0
2022-09-05 00:00:00+02:00,27.136083768582928,27.733115094695684,27.116824219562083,27.18423080444336,42641,0.0,0.0,0.0
2022-09-06 00:00:00+02:00,27.18423206822876,28.089410710681438,27.434600707064256,27.781265258789062,75587,0.0,0.0,0.0
2022-09-07 00:00:00+02:00,27.781263451907385,28.34940728064153,27.34793279043502,27.434598922729492,57052,0.0,0.0,0.0
2022-09-08 00:00:00+02:00,27.434598302779516,27.82940985800301,27.34793217244347,27.46348762512207,43742,0.0,0.0,0.0
2022-09-11 00:00:00+02:00,27.463489184571156,28.0508907453577,27.36719327465299,27.762004852294922,46041,0.0,0.0,0.0
2022-09-12 00:00:00+02:00,27.762004306857015,30.40050190130277,27.92570679949413,29.321992874145508,366638,0.0,0.0,0.0
2022-09-13 00:00:00+02:00,29.32199167062642,32.68270384559963,29.177546896169936,32.133819580078125,456186,0.0,0.0,0.0
2022-09-14 00:00:00+02:00,32.133820868190696,32.259006099512256,30.71827708264498,31.199756622314453,329800,0.0,0.0,0.0
2022-09-15 00:00:00+02:00,31.199757672742486,31.77752946641482,30.833833577612154,31.180498123168945,105266,0.0,0.0,0.0
2022-09-18 00:00:00+02:00,31.18049833144691,31.97012150231921,28.503481533670225,29.524213790893555,226194,0.0,0.0,0.0
2022-09-19 00:00:00+02:00,29.524213520365247,31.24790463239046,28.888663079550476,30.872352600097656,166267,0.0,0.0,0.0
2022-09-20 00:00:00+02:00,30.872353035808274,31.43086528640263,29.85161893684019,30.140504837036133,758272,0.0,0.0,0.0
2022-09-21 00:00:00+02:00,30.140505020985795,30.333096846753,28.898293438531823,29.31236457824707,804112,0.0,0.0,0.0
2022-09-22 00:00:00+02:00,29.312364254716762,32.624931499185074,29.04273606895701,31.623456954956055,717702,0.0,0.0,0.0
2022-09-25 00:00:00+02:00,31.623459146861958,33.70344290491569,31.77753188177765,32.682708740234375,883291,0.0,0.0,0.0
2022-09-26 00:00:00+02:00,32.68270384559963,33.22196017373621,31.95085938269869,32.133819580078125,324196,0.0,0.0,0.0
2022-09-27 00:00:00+02:00,32.13382106640042,33.029369893333765,30.959017961788792,31.161237716674805,267533,0.0,0.0,0.0
2022-09-28 00:00:00+02:00,31.161237936835622,32.71159674868209,30.525687507429726,31.036052703857422,254117,0.0,0.0,0.0
2022-09-29 00:00:00+02:00,31.036052507143367,31.729381579694728,30.333095496754737,30.506427764892578,202704,0.0,0.0,0.0
2022-10-02 00:00:00+02:00,30.506426448742335,30.71827596916441,29.851616502557512,29.909393310546875,124992,0.0,0.0,0.0
2022-10-03 00:00:00+02:00,29.909395858661078,30.236800859646575,28.89829336759466,29.00421905517578,184818,0.0,0.0,0.0
2022-10-04 00:00:00+02:00,29.004216838196182,30.140502643166094,29.05236387249372,29.216066360473633,106289,0.0,0.0,0.0
2022-10-05 00:00:00+02:00,29.216067271197137,29.476065672568424,28.888662285031444,29.061994552612305,145581,0.0,0.0,0.0
2022-10-09 00:00:00+02:00,29.06199601479256,29.033106689845027,27.93533805552374,28.08941078186035,186880,0.0,0.0,0.0
2022-10-10 00:00:00+02:00,28.089408469292312,28.407183670785983,27.935335755640327,27.993112564086914,109139,0.0,0.0,0.0
2022-10-11 00:00:00+02:00,27.993114617756994,29.65902710426834,27.925708030175528,28.609405517578125,231890,0.0,0.0,0.0
2022-10-12 00:00:00+02:00,28.609405774073462,29.07162578977507,28.041263743639576,28.08941078186035,96964,0.0,0.0,0.0
2022-10-13 00:00:00+02:00,28.08940984048004,28.599776877298126,27.983484155914166,28.330148696899414,89331,0.0,0.0,0.0
2022-10-16 00:00:00+02:00,28.330148696899414,28.946439581591658,28.12792710242745,28.330148696899414,95366,0.0,0.0,0.0
2022-10-17 00:00:00+02:00,28.330147788527835,28.88866184404504,28.28200075346442,28.484220504760742,126918,0.0,0.0,0.0
2022-10-18 00:00:00+02:00,28.484221712685798,28.80199693297846,27.95459695776194,28.204965591430664,112843,0.0,0.0,0.0
2022-10-19 00:00:00+02:00,28.204965803467026,30.227170764154444,28.118299666672794,29.697546005249023,617260,0.0,0.0,0.0
2022-10-20 00:00:00+02:00,29.697545228738694,30.0923568030595,28.647923676512644,28.850143432617188,251292,0.0,0.0,0.0
2022-10-23 00:00:00+02:00,28.85014375300789,29.370140565951516,28.484221498363343,28.638294219970703,172121,0.0,0.0,0.0
2022-10-24 00:00:00+02:00,28.63829307837001,29.225696454014884,28.2338517410999,28.349407196044922,189704,0.0,0.0,0.0
2022-10-25 00:00:00+02:00,28.349407901750048,29.013845814976005,28.359037676292818,28.628664016723633,184082,0.0,0.0,0.0
2022-10-26 00:00:00+02:00,28.628664016723633,28.628664016723633,28.628664016723633,28.628664016723633,0,0.0,0.0,0.0
2022-10-27 00:00:00+02:00,28.185704398574213,29.167919326463345,27.511634898252268,27.90644645690918,518532,0.0,0.0,0.0
2022-10-30 00:00:00+02:00,27.906447335152727,28.320518455236726,27.25163736261912,27.270896911621094,204813,0.0,0.0,0.0
2022-10-31 00:00:00+02:00,27.270897284586017,27.925707266075,27.280527059218702,27.453859329223633,211372,0.0,0.0,0.0
2022-11-01 00:00:00+02:00,27.453858839629266,27.925706768066,26.972381136731574,27.04941749572754,1479590,0.0,0.0,0.0
2022-11-02 00:00:00+02:00,27.049417896984075,27.71385765111299,26.481274052201506,26.57756996154785,1112282,0.0,0.0,0.0
2022-11-03 00:00:00+02:00,26.57756903000479,27.338302830124647,26.288681312091256,26.818307876586914,967588,0.0,0.0,0.0
2022-11-06 00:00:00+02:00,26.818308541342326,28.79236639757079,26.770159668817435,28.407184600830078,2562320,0.0,0.0,0.0
2022-11-07 00:00:00+02:00,28.407183646670074,28.744218396257025,27.96422505446957,28.07977867126465,746369,0.0,0.0,0.0
2022-11-08 00:00:00+02:00,28.07978015005488,29.321993534517294,28.02200333861459,28.07015037536621,1622752,0.0,0.0,0.0
2022-11-09 00:00:00+02:00,28.07015046114643,28.397555454794798,27.636821618982452,27.810152053833008,573297,0.0,0.0,0.0
2022-11-10 00:00:00+02:00,27.810151913059478,28.54199825770469,27.810151913059478,28.24348258972168,522765,0.0,0.0,0.0
2022-11-13 00:00:00+02:00,28.243483238112656,29.37014118660757,28.262742787893504,29.177549362182617,1553745,0.0,0.0,0.0
2022-11-14 00:00:00+02:00,29.17754865983705,29.649398434650898,28.77310730763355,28.898292541503906,1058031,0.0,0.0,0.0
2022-11-15 00:00:00+02:00,28.89829392248785,29.225698929760043,28.599778240572075,28.667184829711914,852438,0.0,0.0,0.0
2022-11-16 00:00:00+02:00,28.667182843775674,29.081253961740295,28.676812618227373,28.927181243896484,1143554,0.0,0.0,0.0
2022-11-17 00:00:00+02:00,28.92718225406055,29.93828472980566,29.2353277005089,29.562732696533203,1868286,0.0,0.0,0.0
2022-11-20 00:00:00+02:00,29.562731268178865,29.94791305762884,29.293103097218058,29.399028778076172,539617,0.0,0.0,0.0
2022-11-21 00:00:00+02:00,29.39902986103502,29.514583483780786,28.638294191743256,28.724960327148438,575610,0.0,0.0,0.0
2022-11-22 00:00:00+02:00,28.72496063894092,29.167921095452336,28.744220188504837,29.081254959106445,377676,0.0,0.0,0.0
2022-11-23 00:00:00+02:00,29.081254723739832,29.389400167501613,28.75384973057001,29.033105850219727,817192,0.0,0.0,0.0
2022-11-24 00:00:00+02:00,29.03310571334117,29.273844569731544,28.840515730243894,28.898292541503906,624168,0.0,0.0,0.0
2022-11-27 00:00:00+02:00,28.898292224062992,29.54347242556972,28.98495835834686,29.11014175415039,957840,0.0,0.0,0.0
2022-11-28 00:00:00+02:00,29.110141918583107,30.689390057027286,29.148661017012046,30.29457664489746,2612589,0.0,0.0,0.0
2022-11-29 00:00:00+02:00,30.294578511935306,32.066416741646464,30.554576932279097,31.8256778717041,2037304,0.0,0.0,0.0
2022-11-30 00:00:00+02:00,31.825677351143213,32.547893949157285,31.15160779165337,31.767902374267578,1569741,0.0,0.0,0.0
2022-12-01 00:00:00+02:00,31.76789894030917,32.21085752426403,31.536788037637884,31.690860748291016,724972,0.0,0.0,0.0
2022-12-04 00:00:00+02:00,31.69086289822034,33.06788945020626,31.873823106600835,32.615299224853516,1485946,0.0,0.0,0.0
2022-12-05 00:00:00+02:00,32.61530054856441,33.50122148591439,32.605672610209815,32.730857849121094,920816,0.0,0.0,0.0
2022-12-06 00:00:00+02:00,32.730856652053156,33.47232909989757,32.41307959721974,33.31825637817383,945883,0.0,0.0,0.0
2022-12-07 00:00:00+02:00,33.31825457044405,35.51379532761454,33.46269934632826,34.93601989746094,1089977,0.0,0.0,0.0
2022-12-08 00:00:00+02:00,34.93602166118427,36.49601209530922,34.762689390725946,35.937496185302734,1013488,0.0,0.0,0.0
2022-12-11 00:00:00+02:00,35.93749587896408,36.49601178420966,34.18491731338783,34.618247985839844,538108,0.0,0.0,0.0
2022-12-12 00:00:00+02:00,34.618248177052806,35.53305656319701,33.76121843868248,35.14787292480469,1140284,0.0,0.0,0.0
2022-12-13 00:00:00+02:00,35.14786948054105,37.52637031676161,35.48490237606972,36.727115631103516,1082641,0.0,0.0,0.0
2022-12-14 00:00:00+02:00,36.72711786704353,38.50858753676181,36.987116262301335,37.47822189331055,1368731,0.0,0.0,0.0
2022-12-15 00:00:00+02:00,37.478222656135515,38.03673855510538,36.27452839806256,36.621192932128906,608710,0.0,0.0,0.0
2022-12-18 00:00:00+02:00,36.62119249397475,37.0545231563731,35.53305554253183,35.64860916137695,406199,0.0,0.0,0.0
2022-12-19 00:00:00+02:00,35.64860771571483,36.11082584573425,34.85898461775876,35.96638107299805,589729,0.0,0.0,0.0
2022-12-20 00:00:00+02:00,35.96638370072649,36.39971437721137,35.44639056232807,35.850830078125,596276,0.0,0.0,0.0
2022-12-21 00:00:00+02:00,35.85083195370287,35.821944464887075,35.24416897488577,35.45602035522461,255954,0.0,0.0,0.0
2022-12-22 00:00:00+02:00,35.456018311966005,35.77379536416142,34.18491744995117,34.18491744995117,304480,0.0,0.0,0.0
2022-12-25 00:00:00+02:00,34.18491848265788,35.01306075758476,33.70344075755002,34.733802795410156,363258,0.0,0.0,0.0
2022-12-26 00:00:00+02:00,34.7338027351568,35.147873871901936,34.66639614762931,34.907135009765625,104191,0.0,0.0,0.0
2022-12-27 00:00:00+02:00,34.90713557166957,35.52342648091768,34.66639670565806,34.74343490600586,237892,0.0,0.0,0.0
2022-12-28 00:00:00+02:00,34.74343178439716,35.23453741064729,34.66639359097105,34.8493537902832,120456,0.0,0.0,0.0
2022-12-29 00:00:00+02:00,34.84935437112524,36.08193977280415,34.955280052160006,35.82194137573242,320392,0.0,0.0,0.0
2023-01-02 00:00:00+02:00,35.82194092137512,37.12192921686168,36.11082680110733,36.9485969543457,421468,0.0,0.0,0.0
2023-01-03 00:00:00+02:00,36.94859521640834,37.747849908569236,36.83304160462736,36.996742248535156,484131,0.0,0.0,0.0
2023-01-04 00:00:00+02:00,36.99674837640672,37.25674680101548,34.66639784036211,36.7849006652832,587429,0.0,0.0,0.0
2023-01-05 00:00:00+02:00,36.78489862337314,37.55526224238641,36.6211942880546,36.65008544921875,513330,0.0,0.0,0.0
2023-01-09 00:00:00+02:00,36.65008473124529,37.25674400305561,35.937496101752906,36.19749450683594,445404,0.0,0.0,0.0
2023-01-10 00:00:00+02:00,36.197491438259426,36.130084858216996,34.82046500587871,35.16712951660156,218103,0.0,0.0,0.0
2023-01-11 00:00:00+02:00,35.167132614831125,36.592306205174,34.57972921695409,34.714542388916016,364109,0.0,0.0,0.0
2023-01-12 00:00:00+02:00,34.71454203089409,35.58120337511607,34.18491728648439,34.70491409301758,210353,0.0,0.0,0.0
2023-01-15 00:00:00+02:00,34.70491406584098,35.31157333293791,34.6663949675983,34.79158020019531,203283,0.0,0.0,0.0
2023-01-16 00:00:00+02:00,34.79158103458876,36.881192573692665,35.147873518419885,35.94712829589844,1032568,0.0,0.0,0.0
2023-01-17 00:00:00+02:00,35.947128589990804,38.47007083189959,36.3515681143971,38.229331970214844,1914611,0.0,0.0,0.0
2023-01-18 00:00:00+02:00,38.22933116935516,39.3848784159113,37.844147529375306,38.036739349365234,1419510,0.0,0.0,0.0
2023-01-19 00:00:00+02:00,38.03673912962759,38.42192276738225,37.33378211310124,37.593780517578125,430434,0.0,0.0,0.0
2023-01-22 00:00:00+02:00,37.59378040799704,38.98043488778173,37.747853127973116,37.94044494628906,539528,0.0,0.0,0.0
2023-01-23 00:00:00+02:00,37.940444402526914,38.2196986780302,36.784897182575925,36.88119125366211,519164,0.0,0.0,0.0
2023-01-24 00:00:00+02:00,36.881193141012616,37.64192883102661,36.64045427759428,37.449337005615234,400395,0.0,0.0,0.0
2023-01-25 00:00:00+02:00,37.44933241176887,37.86340349992569,36.97748635444427,37.08340835571289,489600,0.0,0.0,0.0
2023-01-29 00:00:00+02:00,37.08341004799747,37.613038445425374,37.025635076193154,37.208595275878906,170788,0.0,0.0,0.0
2023-01-30 00:00:00+02:00,37.20859457907453,37.40118638604317,35.55231018188065,35.70638656616211,476536,0.0,0.0,0.0
2023-01-31 00:00:00+02:00,35.70638809392344,35.78342261597704,34.66639449582469,34.695281982421875,400667,0.0,0.0,0.0
2023-02-01 00:00:00+02:00,34.695281100503216,35.2441653721977,34.30046954238292,34.76268768310547,198356,0.0,0.0,0.0
2023-02-02 00:00:00+02:00,34.762690562418705,35.13824627665898,33.7515880662544,33.95380783081055,211528,0.0,0.0,0.0
2023-02-05 00:00:00+02:00,33.953808089065824,34.12714036668477,31.864196492658078,32.64419174194336,342692,0.0,0.0,0.0
2023-02-06 00:00:00+02:00,32.64419109335467,33.35677606640034,32.499746307080905,33.06789016723633,304708,0.0,0.0,0.0
2023-02-07 00:00:00+02:00,33.067890342693055,33.7034407935795,33.12566899218584,33.59751510620117,205443,0.0,0.0,0.0
2023-02-08 00:00:00+02:00,33.59751176968589,34.26195331602585,33.067887058773955,33.693809509277344,353540,0.0,0.0,0.0
2023-02-09 00:00:00+02:00,33.693811032014835,34.05973143885006,33.231589207852814,33.90565872192383,176206,0.0,0.0,0.0
2023-02-12 00:00:00+02:00,33.90566070050927,34.89750731739858,33.607146860322864,34.21380615234375,303119,0.0,0.0,0.0
2023-02-13 00:00:00+02:00,34.213804632558436,34.66639485194146,33.915290805632075,34.001956939697266,91387,0.0,0.0,0.0
2023-02-14 00:00:00+02:00,34.00195748583427,35.05157904931234,34.00195748583427,34.54121017456055,243582,0.0,0.0,0.0
2023-02-15 00:00:00+02:00,34.54121094065611,35.0419482151389,34.48343596465885,34.82046890258789,171626,0.0,0.0,0.0
2023-02-16 00:00:00+02:00,34.82046991973825,36.09157085617755,35.051580850628866,35.369354248046875,747919,0.0,0.0,0.0
2023-02-19 00:00:00+02:00,35.369349511252416,36.30341737482369,35.5234222200843,35.61008834838867,431783,0.0,0.0,0.0
2023-02-20 00:00:00+02:00,35.61009367146311,35.76416640332612,34.098253842124976,34.32936477661133,268406,0.0,0.0,0.0
2023-02-21 00:00:00+02:00,34.329360415968615,34.81083810105438,33.703437956003825,34.49306106567383,211939,0.0,0.0,0.0
2023-02-22 00:00:00+02:00,34.493064000989634,35.02268876497773,33.51084899902344,33.51084899902344,253213,0.0,0.0,0.0
2023-02-23 00:00:00+02:00,33.510845974829,34.34861611401935,33.27010713352508,33.790103912353516,156393,0.0,0.0,0.0
2023-02-26 00:00:00+02:00,33.790104041274994,34.8300939295166,33.558993136452855,34.6663932800293,218768,0.0,0.0,0.0
2023-02-27 00:00:00+02:00,34.666396360765845,35.09972704995213,34.26195683311435,34.300472259521484,110471,0.0,0.0,0.0
2023-02-28 00:00:00+02:00,34.30047205250311,34.47380432713148,33.79973477839708,33.857513427734375,114720,0.0,0.0,0.0
2023-03-01 00:00:00+02:00,33.857511836086395,34.839726788345246,33.9441779693264,34.60861587524414,197849,0.0,0.0,0.0
2023-03-02 00:00:00+02:00,34.6086141472193,36.25527059656089,34.90713162978158,36.05304718017578,923132,0.0,0.0,0.0
2023-03-05 00:00:00+02:00,36.053049531079274,36.55378678929496,35.475277749575305,35.667869567871094,284862,0.0,0.0,0.0
2023-03-06 00:00:00+02:00,35.667870097776856,35.898977344458565,35.05157920878102,35.157501220703125,195631,0.0,0.0,0.0
2023-03-07 00:00:00+02:00,35.15750092394799,35.629350698130864,33.664920751000274,33.838253021240234,305885,0.0,0.0,0.0
2023-03-08 00:00:00+02:00,33.838254204404684,34.57010240953678,33.549368301698244,33.95380783081055,316948,0.0,0.0,0.0
2023-03-09 00:00:00+02:00,33.953809333318524,34.57010393931674,33.80936821226534,34.512325286865234,176941,0.0,0.0,0.0
2023-03-12 00:00:00+02:00,34.51232136344479,34.66639407908316,33.37603370809307,33.63603210449219,185641,0.0,0.0,0.0
2023-03-13 00:00:00+02:00,33.63603231971033,34.078990920831984,30.814572711905793,31.064939498901367,353147,0.0,0.0,0.0
2023-03-14 00:00:00+02:00,31.064939918260585,31.60419627041659,30.63161108566471,31.334569931030273,166955,0.0,0.0,0.0
2023-03-15 00:00:00+02:00,31.334569651470854,32.008639167306136,25.999795844689277,29.013845443725586,219412,0.0,0.0,0.0
2023-03-16 00:00:00+02:00,29.013845818377412,29.45680626393834,27.010898630538566,29.196807861328125,212962,0.0,0.0,0.0
2023-03-19 00:00:00+02:00,29.196808688707073,29.659026859762445,28.40718552064788,29.302734375,82079,0.0,0.0,0.0
2023-03-20 00:00:00+02:00,29.30273385977289,30.573834726171388,29.370140445613462,30.121246337890625,152870,0.0,0.0,0.0
2023-03-21 00:00:00+02:00,30.12124766225566,31.488644498558568,30.429393117756295,31.026426315307617,176498,0.0,0.0,0.0
2023-03-22 00:00:00+02:00,31.026424737448195,31.77752878786039,30.525687479378934,30.554574966430664,111196,0.0,0.0,0.0
2023-03-23 00:00:00+02:00,30.554573798079012,30.670129251942402,29.755320905323085,30.352354049682617,86856,0.0,0.0,0.0
2023-03-26 00:00:00+02:00,30.352353978523443,31.710120915604026,30.439020109544895,31.267162322998047,129763,0.0,0.0,0.0
2023-03-27 00:00:00+02:00,31.267163153100185,31.681234270819807,30.477538178753267,30.544944763183594,148011,0.0,0.0,0.0
2023-03-28 00:00:00+02:00,30.544944913554268,31.007164905779366,29.64939792596766,30.284948348999023,131900,0.0,0.0,0.0
2023-03-29 00:00:00+02:00,30.284947791283344,31.527161127681428,30.333094826172037,31.103458404541016,194004,0.0,0.0,0.0
2023-03-30 00:00:00+02:00,31.103459805548646,31.681235270387862,30.59309460064995,30.78568458557129,221219,0.0,0.0,0.0
2023-04-02 00:00:00+02:00,30.785684129336726,31.180497541461683,30.602723921876628,30.862720489501953,112815,0.0,0.0,0.0
2023-04-03 00:00:00+02:00,30.862720980005744,33.1256684579673,31.103459838934626,33.05826187133789,605348,0.0,0.0,0.0
2023-04-04 00:00:00+02:00,33.05826247339548,33.51084903852353,32.28789517208635,32.37456130981445,380774,0.0,0.0,0.0
2023-04-05 00:00:00+02:00,32.37456177684331,33.019743849989446,32.35530222669439,32.47085952758789,193105,0.0,0.0,0.0
2023-04-06 00:00:00+02:00,32.470859591530406,32.93307777586384,32.16271413530812,32.29752731323242,152794,0.0,0.0,0.0
2023-04-09 00:00:00+02:00,32.29752504664984,32.69233661431396,32.162711878186485,32.422706604003906,101823,0.0,0.0,0.0
2023-04-10 00:00:00+02:00,32.422707377334525,33.02937032327279,32.3167853662893,32.70196533203125,273115,0.0,0.0,0.0
2023-04-11 00:00:00+02:00,33.52461372953164,32.94217769451662,32.379485700697636,32.73487091064453,243257,0.833333,0.0,0.0
2023-04-12 00:00:00+02:00,32.734870266552285,32.863204648905956,32.379485063597954,32.53743362426758,119238,0.0,0.0,0.0
2023-04-13 00:00:00+02:00,32.53743385463088,32.764484676839054,32.02410008737256,32.1326904296875,371248,0.0,0.0,0.0
2023-04-18 00:00:00+02:00,32.132691937203006,33.317308089084186,32.280770368359754,32.85333251953125,193672,0.0,0.0,0.0
2023-04-19 00:00:00+02:00,32.853330904149665,33.07051158828998,32.68551220516178,32.813846588134766,222158,0.0,0.0,0.0
2023-04-26 00:00:00+02:00,32.81384761422245,33.03102453936313,32.21166752812379,32.65589904785156,179894,0.0,0.0,0.0
2023-04-27 00:00:00+02:00,32.65589731174813,33.26794750317271,32.5769211498659,33.07051086425781,191333,0.0,0.0,0.0
2023-04-30 00:00:00+03:00,33.07051203543293,33.860254853270185,32.79410299063759,32.96192169189453,349516,0.0,0.0,0.0
2023-05-01 00:00:00+03:00,32.96192169189453,32.96192169189453,32.96192169189453,32.96192169189453,0,0.0,0.0,0.0
2023-05-02 00:00:00+03:00,32.29063843583951,32.46833103551712,31.787178580613435,31.846406936645508,145119,0.0,0.0,0.0
2023-05-03 00:00:00+03:00,31.846408112211023,32.2708955864668,31.836537974438233,31.964872360229492,106738,0.0,0.0,0.0
2023-05-07 00:00:00+03:00,31.96487280005231,32.12282136712608,31.491025215935565,31.747692108154297,51794,0.0,0.0,0.0
2023-05-08 00:00:00+03:00,31.747692012410543,32.28076983684845,31.78718009550762,32.2017936706543,207499,0.0,0.0,0.0
2023-05-09 00:00:00+03:00,32.20179207900454,32.47820488123084,31.639100102951645,31.708202362060547,192418,0.0,0.0,0.0
2023-05-10 00:00:00+03:00,31.70820328957263,31.984616099884416,31.342947942771207,31.639101028442383,174896,0.0,0.0,0.0
2023-05-11 00:00:00+03:00,31.63910088027137,32.280769034379546,31.55025457840702,31.58974266052246,270048,0.0,0.0,0.0
2023-05-14 00:00:00+03:00,31.589742337740386,32.18204850025672,31.589742337740386,32.08333206176758,143995,0.0,0.0,0.0
2023-05-15 00:00:00+03:00,32.083331449972746,32.576921164587716,31.599611872702187,31.658843994140625,181537,0.0,0.0,0.0
2023-05-16 00:00:00+03:00,31.658845827734538,31.69833391098054,30.948077275365534,31.155384063720703,161361,0.0,0.0,0.0
2023-05-17 00:00:00+03:00,31.155382473129812,31.53051171323338,30.622306556792303,30.661792755126953,164761,0.0,0.0,0.0
2023-05-18 00:00:00+03:00,30.66179307709917,31.165254820696262,30.503844516311304,30.76051139831543,182549,0.0,0.0,0.0
2023-05-21 00:00:00+03:00,30.76051154683659,31.036922470997638,30.65192120468486,30.80986976623535,54951,0.0,0.0,0.0
2023-05-22 00:00:00+03:00,30.809870278181258,31.066537165689503,30.66179373462911,30.73089599609375,63305,0.0,0.0,0.0
2023-05-23 00:00:00+03:00,30.730895431403795,30.888845875571825,30.10897320675463,30.67166519165039,149392,0.0,0.0,0.0
2023-05-24 00:00:00+03:00,30.671664353722157,32.270893963641825,30.701280414237456,32.0635871887207,532636,0.0,0.0,0.0
2023-05-25 00:00:00+03:00,32.063588197906476,32.527563746106274,31.491024190190124,31.54038429260254,259086,0.0,0.0,0.0
2023-05-28 00:00:00+03:00,31.54038262889801,32.95204947420846,31.451536332137543,32.09320068359375,285800,0.0,0.0,0.0
2023-05-29 00:00:00+03:00,32.093202980229925,32.42884415136726,31.797049891765408,31.964872360229492,103399,0.0,0.0,0.0
2023-05-30 00:00:00+03:00,31.964871884572933,32.87307517778827,31.885895720402498,32.40910339355469,417323,0.0,0.0,0.0
2023-05-31 00:00:00+03:00,32.409102211907104,32.87307397922412,32.18204763109099,32.2906379699707,224714,0.0,0.0,0.0
2023-06-01 00:00:00+03:00,32.29063953063689,32.576922480467154,32.03397452561753,32.05371856689453,200646,0.0,0.0,0.0
2023-06-04 00:00:00+03:00,32.05371782881025,32.54730755199715,31.89576926802207,31.945127487182617,123286,0.0,0.0,0.0
2023-06-05 00:00:00+03:00,31.945126032853345,32.675636681070024,31.589740845811477,32.09320068359375,389781,0.0,0.0,0.0
2023-06-06 00:00:00+03:00,32.09320347125714,32.57692307692308,32.083333333333336,32.25115203857422,132237,0.0,0.0,0.0
2023-06-07 00:00:00+03:00,32.2511519387759,32.527564755068624,31.589743491991936,31.609487533569336,153267,0.0,0.0,0.0
2023-06-08 00:00:00+03:00,31.609487631382088,32.03397511213254,31.392306939149517,31.520641326904297,176562,0.0,0.0,0.0
2023-06-11 00:00:00+03:00,31.520640642857717,31.935254210895717,31.402178278492997,31.550254821777344,129467,0.0,0.0,0.0
2023-06-12 00:00:00+03:00,31.550255334864744,31.856282329910623,31.421922830703405,31.471281051635742,35130,0.0,0.0,0.0
2023-06-13 00:00:00+03:00,31.471280244066577,32.08333233555734,31.402177983376333,31.4515380859375,108867,0.0,0.0,0.0
2023-06-14 00:00:00+03:00,31.45153889300007,31.73782184651484,31.402178789172297,31.471281051635742,86631,0.0,0.0,0.0
2023-06-15 00:00:00+03:00,31.471279791533405,32.87307467489221,31.491023832273967,32.261024475097656,683003,0.0,0.0,0.0
2023-06-18 00:00:00+03:00,32.261025115937784,33.14948813795811,32.33999751467804,32.45846176147461,545315,0.0,0.0,0.0
2023-06-19 00:00:00+03:00,32.45846214785301,32.81384736089157,31.984616452398544,32.10307693481445,128670,0.0,0.0,0.0
2023-06-20 00:00:00+03:00,32.10307458645078,32.310381356961685,32.08333054652728,32.09320068359375,65126,0.0,0.0,0.0
2023-06-21 00:00:00+03:00,32.09320347125714,32.182049775734924,31.491025264446552,31.520641326904297,152245,0.0,0.0,0.0
2023-06-22 00:00:00+03:00,31.520639454978102,31.78717835258244,31.106024019669796,31.293588638305664,147616,0.0,0.0,0.0
2023-06-25 00:00:00+03:00,31.293589861566137,31.83653781533619,31.21461557951058,31.323204040527344,43521,0.0,0.0,0.0
2023-06-26 00:00:00+03:00,31.323204143045842,31.688459492662485,30.997434993138512,31.599613189697266,122878,0.0,0.0,0.0
2023-07-04 00:00:00+03:00,31.59961367842257,31.98461684108693,31.313332606692292,31.382436752319336,53893,0.0,0.0,0.0
2023-07-05 00:00:00+03:00,31.38243503057046,31.619355985283118,31.194870411378375,31.204742431640625,55141,0.0,0.0,0.0
2023-07-06 00:00:00+03:00,31.204742998117137,31.471280018455136,30.612434951896986,30.67166519165039,109075,0.0,0.0,0.0
2023-07-09 00:00:00+03:00,30.671665332229857,30.878973996659997,29.7239739602503,29.763460159301758,77516,0.0,0.0,0.0
2023-07-10 00:00:00+03:00,29.763460613110187,30.5532053180299,29.812820716296336,30.50384521484375,55907,0.0,0.0,0.0
2023-07-11 00:00:00+03:00,30.50384470410522,30.997434430329882,30.30640994335258,30.58281898498535,75617,0.0,0.0,0.0
2023-07-12 00:00:00+03:00,30.582819593751466,31.086281350469722,30.217564243496035,30.41499900817871,37175,0.0,0.0,0.0
2023-07-13 00:00:00+03:00,30.41499917982647,30.721026173589124,30.306410717651573,30.464359283447266,99892,0.0,0.0,0.0
2023-07-16 00:00:00+03:00,30.46435859970792,31.09615284871076,30.118845413698725,30.493972778320312,81463,0.0,0.0,0.0
2023-07-17 00:00:00+03:00,30.493972535369668,30.98756225919447,30.48410051494573,30.53346061706543,43723,0.0,0.0,0.0
2023-07-18 00:00:00+03:00,30.533461595745102,30.997435273169685,30.30641076740299,30.602563858032227,175239,0.0,0.0,0.0
2023-07-19 00:00:00+03:00,30.602563858032227,30.602563858032227,30.602563858032227,30.602563858032227,0,0.0,0.0,0.0
2023-07-24 00:00:00+03:00,30.750640599631904,30.790128682845424,30.40512740309539,30.42487144470215,40005,0.0,0.0,0.0
2023-07-25 00:00:00+03:00,30.424869665087364,30.68153654227592,30.059614331204088,30.108972549438477,62349,0.0,0.0,0.0
2023-07-26 00:00:00+03:00,30.10897423594199,30.503845652621155,29.911537586154687,29.921409606933594,54683,0.0,0.0,0.0
2023-07-27 00:00:00+03:00,29.92140977802536,30.306411059022512,29.911537757190004,29.97076988220215,60582,0.0,0.0,0.0
2023-07-30 00:00:00+03:00,29.970769339515396,30.197820165931017,29.61538412745935,29.684486389160156,88755,0.0,0.0,0.0
2023-07-31 00:00:00+03:00,29.68448546323297,29.92140830291503,29.615383203687625,29.75358772277832,84609,0.0,0.0,0.0
2023-08-01 00:00:00+03:00,29.753588650860962,30.099101842260403,29.61538412745935,29.684486389160156,111431,0.0,0.0,0.0
2023-08-02 00:00:00+03:00,29.68448540760922,29.862178007761635,29.566024929437845,29.61538314819336,133975,0.0,0.0,0.0
2023-08-03 00:00:00+03:00,29.61538314819336,29.664741366948874,29.378460308955255,29.61538314819336,76283,0.0,0.0,0.0
2023-08-06 00:00:00+03:00,29.615383789482273,29.951024956394704,29.49692142585037,29.812820434570312,95084,0.0,0.0,0.0
2023-08-07 00:00:00+03:00,29.812820729784015,30.01025549393171,29.66474230305398,29.911537170410156,105881,0.0,0.0,0.0
2023-08-08 00:00:00+03:00,29.911535946005923,30.336023401745763,29.76345940823269,29.881921768188477,107965,0.0,0.0,0.0
2023-08-09 00:00:00+03:00,29.881923209343423,30.010255712830727,29.714102623001303,29.73384666442871,46313,0.0,0.0,0.0
2023-08-10 00:00:00+03:00,29.733845184102993,30.07935647740393,29.477178307011346,29.516664505004883,295834,0.0,0.0,0.0
2023-08-13 00:00:00+03:00,29.516665188589,29.733845872716856,29.329100565813683,29.487051010131836,105245,0.0,0.0,0.0
2023-08-14 00:00:00+03:00,29.487052037677866,29.951025717663622,29.467307996088145,29.694358825683594,277266,0.0,0.0,0.0
2023-08-15 00:00:00+03:00,29.694358825683594,30.099102263795636,29.664742763299017,29.694358825683594,95148,0.0,0.0,0.0
2023-08-16 00:00:00+03:00,29.694357940268983,29.91153674259382,29.51666533705076,29.536409378051758,150071,0.0,0.0,0.0
2023-08-17 00:00:00+03:00,29.536408731572624,29.733845371470448,29.319229934001296,29.338972091674805,134368,0.0,0.0,0.0
2023-08-20 00:00:00+03:00,29.338972870905394,29.625255818071256,29.181024307950228,29.22051239013672,134464,0.0,0.0,0.0
2023-08-21 00:00:00+03:00,29.220512068432225,29.31923038991621,29.052691486778066,29.121793746948242,158563,0.0,0.0,0.0
2023-08-22 00:00:00+03:00,29.121793746948242,29.516665149988803,29.023075425464256,29.121793746948242,167096,0.0,0.0,0.0
2023-08-23 00:00:00+03:00,29.121794258802833,29.487051489844845,29.02307593558374,29.04281997680664,183417,0.0,0.0,0.0
2023-08-24 00:00:00+03:00,29.042820588136333,29.121794871794872,28.845383937542255,28.875,95018,0.0,0.0,0.0
2023-08-27 00:00:00+03:00,28.874999168022736,29.121794032706692,28.8256409482441,28.855255126953125,151392,0.0,0.0,0.0
2023-08-28 00:00:00+03:00,28.855254201938262,29.22051141843541,28.855254201938262,28.92435646057129,201307,0.0,0.0,0.0
2023-08-29 00:00:00+03:00,28.924357063685445,30.197819454974482,29.023075385031905,29.941152572631836,2150797,0.0,0.0,0.0
2023-08-30 00:00:00+03:00,29.941152297016238,31.569997994105083,30.553204377413895,30.799999237060547,1758289,0.0,0.0,0.0
2023-08-31 00:00:00+03:00,30.799999237060547,30.799999237060547,30.799999237060547,30.799999237060547,0,0.0,0.0,0.0
2023-09-03 00:00:00+03:00,30.651920810184563,31.04679409187402,30.19781917229518,30.207691192626953,428333,0.0,0.0,0.0
2023-09-04 00:00:00+03:00,30.207692587876217,30.77038459250966,30.217564608663963,30.65192222595215,386089,0.0,0.0,0.0
2023-09-05 00:00:00+03:00,30.65192052827365,30.888845248266428,30.454485772140114,30.47422981262207,464339,0.0,0.0,0.0
2023-09-06 00:00:00+03:00,30.47423103582747,31.204743616923803,30.50384521484375,30.50384521484375,653928,0.0,0.0,0.0
2023-09-07 00:00:00+03:00,30.50384497135515,30.83948613876017,30.454486751458397,30.543333053588867,185129,0.0,0.0,0.0
2023-09-10 00:00:00+03:00,30.543333053588867,30.543333053588867,30.543333053588867,30.543333053588867,0,0.0,0.0,0.0
2023-09-11 00:00:00+03:00,30.63217954832612,30.869102394531946,30.316280537156278,30.36564064025879,201039,0.0,0.0,0.0
2023-09-12 00:00:00+03:00,30.365639752144595,30.69140889151165,30.207691192626953,30.207691192626953,188295,0.0,0.0,0.0
2023-09-13 00:00:00+03:00,30.20769160868265,30.52358873206884,30.15833150634395,30.21756362915039,106110,0.0,0.0,0.0
2023-09-14 00:00:00+03:00,30.21756475380604,30.55320593061981,30.20769273297088,30.33602523803711,192423,0.0,0.0,0.0
2023-09-17 00:00:00+03:00,30.336024014230787,30.503844595867506,30.23730569275706,30.30640983581543,145613,0.0,0.0,0.0
2023-09-18 00:00:00+03:00,30.306410437596718,31.293589906145208,30.306410437596718,31.096153259277344,752456,0.0,0.0,0.0
2023-09-19 00:00:00+03:00,31.09615297332053,31.806923389192338,31.283717597830638,31.36269187927246,924488,0.0,0.0,0.0
2023-09-20 00:00:00+03:00,31.36269187927246,31.36269187927246,31.36269187927246,31.36269187927246,0,0.0,0.0,0.0
2023-09-21 00:00:00+03:00,31.36269187927246,31.36269187927246,31.36269187927246,31.36269187927246,0,0.0,0.0,0.0
2023-09-24 00:00:00+03:00,31.36269187927246,31.36269187927246,31.36269187927246,31.36269187927246,0,0.0,0.0,0.0
2023-09-25 00:00:00+03:00,30.375512808400345,31.076409329801276,30.405126987510265,30.41499900817871,292732,0.0,0.0,0.0
2023-09-26 00:00:00+03:00,30.414998443751447,30.770383649638774,30.306409984204507,30.35576820373535,105484,0.0,0.0,0.0
2023-09-27 00:00:00+03:00,30.35576820373535,30.35576820373535,30.35576820373535,30.35576820373535,0,0.0,0.0,0.0
2023-10-01 00:00:00+03:00,30.35576820373535,30.35576820373535,30.35576820373535,30.35576820373535,0,0.0,0.0,0.0
2023-10-02 00:00:00+03:00,29.71410234769802,29.99051139353909,29.023075967304532,29.408077239990234,230707,0.0,0.0,0.0
2023-10-03 00:00:00+03:00,29.408076840794994,29.60551160187351,29.141537936298846,29.171152114868164,125290,0.0,0.0,0.0
2023-10-04 00:00:00+03:00,29.171153117391064,29.378461788977756,28.628205152146464,29.240257263183594,103477,0.0,0.0,0.0
2023-10-08 00:00:00+03:00,29.2402562934314,29.2402562934314,27.048716697689446,27.98653793334961,270633,0.0,0.0,0.0
2023-10-09 00:00:00+03:00,27.986538400276785,28.61833265966089,28.065512682699797,28.134614944458008,68991,0.0,0.0,0.0
2023-10-10 00:00:00+03:00,28.134615311868426,28.786153621090588,28.134615311868426,28.371538162231445,98122,0.0,0.0,0.0
2023-10-11 00:00:00+03:00,28.371537141289703,29.171151967852907,28.430767381025216,28.52948570251465,241041,0.0,0.0,0.0
2023-10-12 00:00:00+03:00,28.52948653410905,29.082306514510282,28.43076820974212,28.549230575561523,168716,0.0,0.0,0.0
2023-10-15 00:00:00+03:00,28.549229084525678,28.95397249868575,28.46038278552514,28.559101104736328,99308,0.0,0.0,0.0
2023-10-16 00:00:00+03:00,28.55910121848837,28.924356553260665,28.55910121848837,28.83551025390625,86296,0.0,0.0,0.0
2023-10-17 00:00:00+03:00,28.835510633162585,30.158331237731776,28.88487073506165,29.66474151611328,509500,0.0,0.0,0.0
2023-10-18 00:00:00+03:00,29.66474174310584,30.39525619363897,29.74371602385329,29.852306365966797,251684,0.0,0.0,0.0
2023-10-19 00:00:00+03:00,29.852306365966797,29.852306365966797,29.852306365966797,29.852306365966797,0,0.0,0.0,0.0
2023-10-22 00:00:00+03:00,30.079357978833702,30.355768910167004,29.46730775766803,30.099102020263672,332871,0.0,0.0,0.0
2023-10-23 00:00:00+03:00,30.09910215239923,32.07346299746893,29.753588957439646,31.698333740234375,1405610,0.0,0.0,0.0
2023-10-24 00:00:00+03:00,31.698332948761525,34.600639195005556,32.103076375269616,34.5512809753418,2471641,0.0,0.0,0.0
2023-10-25 00:00:00+03:00,34.55128160122337,35.53846107554404,33.56410212690271,33.79115295410156,1328228,0.0,0.0,0.0
2023-10-26 00:00:00+03:00,33.791152631152265,35.29166586967385,33.860254892431016,34.64999771118164,1233975,0.0,0.0,0.0
2023-10-29 00:00:00+02:00,34.64999688937184,36.51576919701925,34.65987079262937,34.85730743408203,1224509,0.0,0.0,0.0
2023-10-30 00:00:00+02:00,34.85730973248784,35.48910401416276,34.6499991741081,34.86717987060547,504684,0.0,0.0,0.0
2023-10-31 00:00:00+02:00,34.86717882785842,35.2423080835558,33.267949129471894,33.33705139160156,703194,0.0,0.0,0.0
2023-11-01 00:00:00+02:00,33.337052034231334,33.71218129715999,32.18205006561634,32.57692337036133,456929,0.0,0.0,0.0
2023-11-02 00:00:00+02:00,32.57692086994634,34.25512663761686,32.685511208706004,33.92935562133789,399177,0.0,0.0,0.0
2023-11-05 00:00:00+02:00,33.929358406735126,35.19295072919192,33.958976352513254,34.08730697631836,579473,0.0,0.0,0.0
2023-11-06 00:00:00+02:00,34.08730387555155,34.55127940403009,33.58384403261212,33.83063888549805,347654,0.0,0.0,0.0
2023-11-07 00:00:00+02:00,33.83063891722114,34.30448458331157,33.465383589028825,33.60358810424805,264359,0.0,0.0,0.0
2023-11-08 00:00:00+02:00,33.60358775340153,34.34397230502341,33.37653694279902,33.50486755371094,382178,0.0,0.0,0.0
2023-11-09 00:00:00+02:00,33.50486959986524,34.04782131684532,33.09025603321586,33.18897247314453,326570,0.0,0.0,0.0
2023-11-12 00:00:00+02:00,33.18897330455291,33.76153921469664,33.16922926291441,33.208717346191406,162838,0.0,0.0,0.0
2023-11-13 00:00:00+02:00,33.208715162927774,34.04781993133903,33.21858906599332,33.47525405883789,235474,0.0,0.0,0.0
2023-11-14 00:00:00+02:00,33.47525679147805,34.4624362943418,33.48512692955867,33.86025619506836,313290,0.0,0.0,0.0
2023-11-15 00:00:00+02:00,33.860254643947215,34.79807588186485,33.860254643947215,34.3242301940918,494103,0.0,0.0,0.0
2023-11-16 00:00:00+02:00,34.32423083211232,35.04487139769107,34.35384501133899,34.52166748046875,377547,0.0,0.0,0.0
2023-11-19 00:00:00+02:00,34.5216674344384,35.11397361292707,34.452565172474415,34.74871826171875,286841,0.0,0.0,0.0
2023-11-20 00:00:00+02:00,34.748719103979354,35.04487220040203,33.682563437908605,33.81089782714844,420318,0.0,0.0,0.0
2023-11-21 00:00:00+02:00,33.81089511213777,34.353843039612514,33.672690595957725,34.15640640258789,315433,0.0,0.0,0.0
2023-11-22 00:00:00+02:00,34.15640888260451,38.89487345208175,35.163332415328874,37.81884765625,2879078,0.0,0.0,0.0
2023-11-23 00:00:00+02:00,37.818847853491604,38.598716793455196,37.31538420160819,37.64115524291992,670084,0.0,0.0,0.0
2023-11-26 00:00:00+02:00,37.64115263933664,38.99358740110549,38.00640797322941,38.2630729675293,434691,0.0,0.0,0.0
2023-11-27 00:00:00+02:00,38.26307329057689,41.95512603895263,38.26307329057689,40.731021881103516,1674250,0.0,0.0,0.0
2023-11-28 00:00:00+02:00,40.73102149981561,43.23845814810802,41.17525299511004,42.49807357788086,1435588,0.0,0.0,0.0
2023-11-29 00:00:00+02:00,42.4980751546763,44.39346168299302,42.4980751546763,42.99166488647461,1015438,0.0,0.0,0.0
2023-11-30 00:00:00+02:00,42.99166356923232,43.830768347054196,41.47140633808363,43.05089569091797,832170,0.0,0.0,0.0
2023-12-03 00:00:00+02:00,43.050895367048504,45.26217517227428,43.090383447875205,44.13679122924805,586668,0.0,0.0,0.0
2023-12-04 00:00:00+02:00,44.13679302507554,45.11410235345218,43.2483337650694,43.4951286315918,458927,0.0,0.0,0.0
2023-12-05 00:00:00+02:00,43.495129462531736,44.40333278110507,43.05089794114657,43.287818908691406,308574,0.0,0.0,0.0
2023-12-06 00:00:00+02:00,43.287819672193685,43.91961771696884,41.06666579188245,41.34307861328125,335232,0.0,0.0,0.0
2023-12-07 00:00:00+02:00,41.34307671706819,41.92551274737894,39.48717828333025,41.70833206176758,481343,0.0,0.0,0.0
2023-12-10 00:00:00+02:00,41.70833192220549,42.843589800368804,40.47435760498047,40.47435760498047,200367,0.0,0.0,0.0
2023-12-11 00:00:00+02:00,40.47435867810268,40.81986998977014,39.497049336000515,40.089359283447266,191937,0.0,0.0,0.0
2023-12-12 00:00:00+02:00,40.08936007477671,40.87910292117036,38.993590227871984,39.37858963012695,218426,0.0,0.0,0.0
2023-12-13 00:00:00+02:00,39.37858762508437,41.264100222377955,39.487177967020195,40.65205001831055,260032,0.0,0.0,0.0
2023-12-14 00:00:00+02:00,40.652051777431616,41.95512840546757,40.78038616579921,40.96794891357422,336322,0.0,0.0,0.0
2023-12-17 00:00:00+02:00,40.96794611587877,41.95512554035777,40.65204900130874,40.80999755859375,100268,0.0,0.0,0.0
2023-12-18 00:00:00+02:00,40.81000063663876,41.589873344587886,40.93833502592188,41.06666564941406,166988,0.0,0.0,0.0
2023-12-19 00:00:00+02:00,41.06666511065551,41.50102649459503,40.32628049616683,40.41512680053711,164846,0.0,0.0,0.0
2023-12-20 00:00:00+02:00,40.415126553620745,40.86923197640051,39.9017927721499,40.089359283447266,94400,0.0,0.0,0.0
2023-12-21 00:00:00+02:00,40.08935715542964,40.65204912787126,39.595767441653436,39.674739837646484,77748,0.0,0.0,0.0
2023-12-24 00:00:00+02:00,39.674739837646484,39.674739837646484,39.674739837646484,39.674739837646484,0,0.0,0.0,0.0
2023-12-25 00:00:00+02:00,39.487180230437474,39.92153785728755,38.00641097179607,38.973846435546875,100504,0.0,0.0,0.0
2023-12-26 00:00:00+02:00,38.97384326895773,39.82281817746025,39.04294552748322,39.17127990722656,69290,0.0,0.0,0.0
2023-12-27 00:00:00+02:00,39.171281148994765,40.42499951108671,39.19102519002662,39.79320526123047,60264,0.0,0.0,0.0
2023-12-28 00:00:00+02:00,39.79320465484291,40.47435711400368,39.28974103067957,39.368717193603516,169574,0.0,0.0,0.0
2023-12-31 00:00:00+02:00,39.36871832050419,40.079484978211255,39.388462361800336,39.487178802490234,295103,0.0,0.0,0.0
2024-01-02 00:00:00+02:00,39.487179534375024,41.46153851109378,39.497049672310624,40.9185905456543,289256,0.0,0.0,0.0
2024-01-03 00:00:00+02:00,40.91858862156707,41.16538348205204,40.42499890059711,40.5533332824707,131296,0.0,0.0,0.0
2024-01-04 00:00:00+02:00,40.55333489661894,41.36282176996649,40.33615420569467,40.59281921386719,108592,0.0,0.0,0.0
2024-01-08 00:00:00+02:00,40.592819361247855,41.28384575377783,40.592819361247855,40.869232177734375,123896,0.0,0.0,0.0
2024-01-09 00:00:00+02:00,40.86922931803242,43.33717785738726,41.06666218854831,42.577049255371094,817487,0.0,0.0,0.0
2024-01-10 00:00:00+02:00,42.577051258282594,43.31743585491825,42.45858701145152,42.48820495605469,215160,0.0,0.0,0.0
2024-01-11 00:00:00+02:00,42.48820657885925,42.735001453830606,41.71820400821076,41.79718017578125,205152,0.0,0.0,0.0
2024-01-14 00:00:00+02:00,41.79717684487045,42.2907665554779,41.56025212683099,41.71820068359375,128570,0.0,0.0,0.0
2024-01-15 00:00:00+02:00,41.71820273206422,41.955127461737284,41.36282128624085,41.402305603027344,271926,0.0,0.0,0.0
2024-01-16 00:00:00+02:00,41.40230366537959,43.4358946334484,41.40230366537959,42.44871520996094,635763,0.0,0.0,0.0
2024-01-17 00:00:00+02:00,42.44871853764888,43.67282277568258,42.28089983007969,42.30064010620117,364450,0.0,0.0,0.0
2024-01-18 00:00:00+02:00,42.30063649066365,42.94230461770422,42.11307375721348,42.349998474121094,91294,0.0,0.0,0.0
2024-01-21 00:00:00+02:00,42.349999608457004,44.42307493231544,42.59679446919209,43.653076171875,735105,0.0,0.0,0.0
2024-01-22 00:00:00+02:00,43.6530772989717,45.36089732745852,43.43589661086432,43.77153778076172,593666,0.0,0.0,0.0
2024-01-23 00:00:00+02:00,43.77153578806576,44.41320391964888,42.38948308886706,42.44871520996094,477258,0.0,0.0,0.0
2024-01-24 00:00:00+02:00,42.44871853764888,43.15948898333238,42.25128188431558,42.30064010620117,226955,0.0,0.0,0.0
2024-01-28 00:00:00+02:00,42.300637915519964,44.423075238801204,42.45858647684851,42.567176818847656,337856,0.0,0.0,0.0
2024-01-29 00:00:00+02:00,42.567176775979114,44.896920877572086,42.25127965364015,43.978843688964844,770814,0.0,0.0,0.0
2024-01-30 00:00:00+02:00,43.97884349821979,49.457688661899965,44.432945138888684,47.48332977294922,2832328,0.0,0.0,0.0
2024-01-31 00:00:00+02:00,47.483332367300974,48.125000547585145,41.95512868251013,42.98179626464844,768626,0.0,0.0,0.0
2024-02-01 00:00:00+02:00,42.98179549765775,45.38064193725586,40.47435871264551,45.38064193725586,439428,0.0,0.0,0.0
2024-02-04 00:00:00+02:00,45.38063898489067,45.429997202561175,43.31743385362253,43.76166534423828,414649,0.0,0.0,0.0
2024-02-05 00:00:00+02:00,43.761665920233405,44.423074330462995,43.29769038328444,44.413204193115234,498533,0.0,0.0,0.0
2024-02-06 00:00:00+02:00,44.41320580789442,47.84858989579267,44.42307594560104,44.45269012451172,696132,0.0,0.0,0.0
2024-02-07 00:00:00+02:00,44.452690809005354,46.10128249991653,44.16641162161541,44.42307662963867,651435,0.0,0.0,0.0
2024-02-08 00:00:00+02:00,44.42307609735686,45.75576687396124,44.452690276368706,44.729103088378906,279761,0.0,0.0,0.0
2024-02-11 00:00:00+02:00,44.72910070389902,45.39050910517637,43.16935541871682,43.534610748291016,255235,0.0,0.0,0.0
2024-02-12 00:00:00+02:00,43.53461447907089,43.88012956382631,42.142691533571096,42.52769470214844,383072,0.0,0.0,0.0
2024-02-13 00:00:00+02:00,42.527691371419444,43.337178197415916,42.340124870850815,42.44871520996094,309542,0.0,0.0,0.0
2024-02-14 00:00:00+02:00,42.448717803149826,43.13974419496393,42.45858794103979,42.784358978271484,226694,0.0,0.0,0.0
2024-02-15 00:00:00+02:00,42.78435902831547,44.11704982668009,42.84359115309712,43.287818908691406,456189,0.0,0.0,0.0
2024-02-18 00:00:00+02:00,43.287818908691406,43.287818908691406,43.287818908691406,43.287818908691406,0,0.0,0.0,0.0
2024-02-19 00:00:00+02:00,44.600766951779065,44.91666406813788,43.57409944071758,43.95909881591797,339726,0.0,0.0,0.0
2024-02-20 00:00:00+02:00,43.959101755013265,44.42307732321999,43.13974473148516,43.43589782714844,344131,0.0,0.0,0.0
2024-02-21 00:00:00+02:00,43.43589571675077,43.58397414028327,42.981794074410885,43.24833297729492,182340,0.0,0.0,0.0
2024-02-22 00:00:00+02:00,43.248334444430334,43.682692060648115,43.18910231984983,43.238460540771484,180466,0.0,0.0,0.0
2024-02-25 00:00:00+02:00,43.2384601969615,43.18910197643231,37.52269014017642,39.536537170410156,412642,0.0,0.0,0.0
2024-02-26 00:00:00+02:00,39.536535965848174,41.264099992271674,39.48717774682279,41.056793212890625,212751,0.0,0.0,0.0
2024-02-27 00:00:00+02:00,41.05679298841035,42.428971805083464,41.23448558856277,41.4615364074707,167628,0.0,0.0,0.0
2024-02-28 00:00:00+02:00,41.46153592063315,41.74781885816061,39.88205034425863,39.901790618896484,215287,0.0,0.0,0.0
2024-02-29 00:00:00+02:00,39.90179370763897,40.425001405018726,38.598717064812966,39.427947998046875,194849,0.0,0.0,0.0
2024-03-03 00:00:00+02:00,39.42794459859684,40.316407581098694,38.7862802363816,39.07256317138672,152427,0.0,0.0,0.0
2024-03-04 00:00:00+02:00,39.07256634437679,39.911667411488345,39.09230662044378,39.60564041137695,80004,0.0,0.0,0.0
2024-03-05 00:00:00+02:00,39.60563751334782,42.20192045792955,39.98076674961747,41.76756286621094,438140,0.0,0.0,0.0
2024-03-06 00:00:00+02:00,41.76756299488119,43.41615083366088,40.47435658726208,40.63230514526367,344412,0.0,0.0,0.0
2024-03-07 00:00:00+02:00,40.632307443887065,41.28384575322584,39.62538391749242,40.64217758178711,113902,0.0,0.0,0.0
2024-03-10 00:00:00+02:00,40.64217659294801,46.298718217143225,40.77051097727151,43.899871826171875,768072,0.0,0.0,0.0
2024-03-11 00:00:00+02:00,43.89987068141136,44.91666429445254,42.54743214403327,42.59679412841797,339307,0.0,0.0,0.0
2024-03-12 00:00:00+02:00,42.59679658151462,44.17628226222762,40.484229305598475,40.96794891357422,461461,0.0,0.0,0.0
2024-03-13 00:00:00+02:00,40.96794729828322,41.85641031227314,39.11204887227693,39.51679229736328,211725,0.0,0.0,0.0
2024-03-14 00:00:00+02:00,39.51679185101849,42.448715998278175,39.11204843050374,41.510894775390625,129578,0.0,0.0,0.0
2024-03-17 00:00:00+02:00,41.51089642809426,42.25128103893705,39.487179244948805,39.862308502197266,128451,0.0,0.0,0.0
2024-03-18 00:00:00+02:00,39.8623083160117,39.8623083160117,36.03205089272027,36.20974349975586,256287,0.0,0.0,0.0
2024-03-19 00:00:00+02:00,36.20974143362894,36.959996136021246,35.834612199537474,36.752689361572266,166857,0.0,0.0,0.0
2024-03-20 00:00:00+02:00,36.75269215387941,37.51282081706753,36.13076801749078,36.18013000488281,155246,0.0,0.0,0.0
2024-03-21 00:00:00+02:00,36.180128113664516,36.94025297132825,35.726022707614995,36.54538345336914,108520,0.0,0.0,0.0
2024-03-24 00:00:00+02:00,36.54538240547059,37.7299984569618,36.53550850247507,36.930381774902344,168275,0.0,0.0,0.0
2024-03-25 00:00:00+02:00,36.93038286580198,37.463460669588386,36.32820280216815,37.27589416503906,102258,0.0,0.0,0.0
2024-03-26 00:00:00+02:00,37.275896171135216,38.006410656281886,37.019231158716124,37.187049865722656,87768,0.0,0.0,0.0
2024-03-27 00:00:00+02:00,37.18704841393534,37.49307540191813,35.93333381486802,36.012306213378906,92591,0.0,0.0,0.0
2024-03-28 00:00:00+02:00,36.012304678776225,36.06166289646606,34.84743266550114,35.064613342285156,100397,0.0,0.0,0.0
2024-03-31 00:00:00+02:00,35.064616090480236,35.34102514383942,33.56410280720442,33.761539459228516,120024,0.0,0.0,0.0
2024-04-01 00:00:00+02:00,33.76153921469664,35.044871794871796,34.05769230769231,34.896793365478516,77835,0.0,0.0,0.0
2024-04-02 00:00:00+02:00,34.89679356210523,35.50884755897458,34.62038450919062,34.71910095214844,92078,0.0,0.0,0.0
2024-04-03 00:00:00+02:00,34.7191013855098,35.143588873950456,34.43282219104246,35.09423065185547,56193,0.0,0.0,0.0
2024-04-04 00:00:00+02:00,35.09422982553872,36.18012951501511,35.14358804647154,36.03205108642578,87761,0.0,0.0,0.0
2024-04-07 00:00:00+02:00,36.032049421018414,36.45653687984435,34.906665466285716,35.03499984741211,151883,0.0,0.0,0.0
2024-04-08 00:00:00+02:00,35.035000441140056,35.528590167600925,34.99551235923341,35.2324333190918,92989,0.0,0.0,0.0
2024-04-15 00:00:00+02:00,35.232433578734096,35.893845775277065,35.04487083698141,35.785255432128906,63413,0.0,0.0,0.0
2024-04-16 00:00:00+02:00,35.785257132887985,36.41705141491449,35.63717870050448,36.32820510864258,98988,0.0,0.0,0.0
2024-04-17 00:00:00+02:00,36.32820423288624,37.95705188667469,36.88102609922815,37.49307632446289,140851,0.0,0.0,0.0
2024-04-18 00:00:00+02:00,37.493077340111284,37.75961625972189,35.53846236209119,35.87410354614258,143261,0.0,0.0,0.0
2024-04-21 00:00:00+02:00,35.87410138238568,37.31538247634937,36.032049943836626,36.871150970458984,79723,0.0,0.0,0.0
2024-04-22 00:00:00+02:00,36.871151395702306,37.41410311238073,36.032050359402405,36.28871536254883,53981,0.0,0.0,0.0
2024-04-23 00:00:00+02:00,36.28871675419304,36.7230781441932,34.07743678357579,34.541412353515625,50827,0.0,0.0,0.0
2024-04-24 00:00:00+02:00,34.54141262616032,34.561152902415294,32.60653792935907,33.17910385131836,70593,0.0,0.0,0.0
2024-04-28 00:00:00+03:00,33.17910385131836,33.17910385131836,33.17910385131836,33.17910385131836,0,0.0,0.0,0.0
2024-04-29 00:00:00+03:00,31.737822725700674,33.14948972505787,31.74769286384421,32.95205307006836,59592,0.0,0.0,0.0
2024-04-30 00:00:00+03:00,32.95205087103741,35.311409137945056,32.685511969457494,32.99153518676758,180089,0.0,0.0,0.0
2024-05-01 00:00:00+03:00,32.99153518676758,32.99153518676758,32.99153518676758,32.99153518676758,0,0.0,0.0,0.0
2024-05-02 00:00:00+03:00,34.80794585307219,35.51871626422888,34.067561263380895,35.2324333190918,83333,0.0,0.0,0.0
2024-05-07 00:00:00+03:00,23.488289345280176,24.218801909464318,23.04076842316035,24.106922149658203,215024,0.0,0.0,0.0
2024-05-08 00:00:00+03:00,24.10692295274663,24.317521040759974,23.58042584981784,23.639657974243164,152749,0.0,0.0,0.0
2024-05-09 00:00:00+03:00,23.639658318156542,23.69230784092583,22.39581193056048,23.389572143554688,144551,0.0,0.0,0.0
2024-05-12 00:00:00+03:00,23.38957083312858,23.922648633472967,23.040768235047945,23.099998474121094,103025,0.0,0.0,0.0
2024-05-13 00:00:00+03:00,23.099999623420914,23.336922474396534,22.395811790075058,23.218461990356445,157135,0.0,0.0,0.0
2024-05-14 00:00:00+03:00,23.21846223530491,23.3698282017424,22.93547057848579,23.178974151611328,122135,0.0,0.0,0.0
2024-05-15 00:00:00+03:00,23.17897358837361,23.396154277619996,22.968375501513176,23.11974334716797,162701,0.0,0.0,0.0
2024-05-16 00:00:00+03:00,23.11974320671149,23.47512841757715,22.724871796247093,23.435640335083008,237355,0.0,1.5,0.0
2024-05-19 00:00:00+03:00,23.435640461339652,23.87987197731497,23.297435937656406,23.712051391601562,220946,0.0,0.0,0.0
2024-05-20 00:00:00+03:00,23.712050234812263,24.18589590680583,23.59358787536621,23.59358787536621,241921,0.0,0.0,0.0
2024-05-21 00:00:00+03:00,23.593589169734315,23.82063999799222,23.297436079214915,23.396154403686523,152443,0.0,0.0,0.0
2024-05-22 00:00:00+03:00,23.39615306265145,23.66269007568321,23.36653700213889,23.45538330078125,102945,0.0,0.0,0.0
2024-05-23 00:00:00+03:00,23.455384401174687,25.173076450685798,23.46525642180868,24.758460998535156,562073,0.0,0.0,0.0
2024-05-26 00:00:00+03:00,24.758460998535156,24.758460998535156,24.758460998535156,24.758460998535156,0,0.0,0.0,0.0
2024-05-27 00:00:00+03:00,25.11384497670314,25.27179353330103,24.482048867416278,24.501792907714844,425351,0.0,0.0,0.0
2024-05-28 00:00:00+03:00,24.50179464515391,24.48205060345528,23.494871113269255,24.08717918395996,139424,0.0,0.0,0.0
2024-05-29 00:00:00+03:00,24.087177959885825,24.659741959781062,23.850255120228695,24.05756378173828,47136,0.0,0.0,0.0
2024-05-30 00:00:00+03:00,24.057564202294508,25.666665889180713,23.327049746962192,25.024999618530273,792568,0.0,0.0,0.0
2024-06-02 00:00:00+03:00,25.02500008486694,25.864103015767313,25.084230326196547,25.173076629638672,417590,0.0,0.0,0.0
2024-06-03 00:00:00+03:00,25.173077125202134,25.646922830958086,24.264871914388827,24.363590240478516,158956,0.0,0.0,0.0
2024-06-04 00:00:00+03:00,24.363589358245097,25.21256429582042,24.482049838946764,25.163204193115234,152838,0.0,0.0,0.0
2024-06-05 00:00:00+03:00,25.163204826613043,25.222435068455034,23.692307621084815,24.403076171875,116756,0.0,0.0,0.0
2024-06-06 00:00:00+03:00,24.403074573048457,24.67948548836041,23.889742705891003,23.90948486328125,178763,0.0,0.0,0.0
2024-06-09 00:00:00+03:00,23.909486207477837,24.28461546241214,23.761409662801842,23.850255966186523,98276,0.0,0.0,0.0
2024-06-10 00:00:00+03:00,23.850256283977167,24.20564150225119,23.761409979408658,23.948974609375,91355,0.0,0.0,0.0
2024-06-11 00:00:00+03:00,23.948973049661067,24.758459875992422,23.968717090033863,24.412946701049805,158682,0.0,0.0,0.0
2024-06-12 00:00:00+03:00,24.412948266053814,25.074358597779888,24.126667193877392,24.906538009643555,130924,0.0,0.0,0.0
2024-06-13 00:00:00+03:00,24.906536554214505,25.51858862897414,24.580767417797617,24.68935775756836,189836,0.0,0.0,0.0
2024-06-23 00:00:00+03:00,24.689358673500145,25.370513032330663,24.69923069410875,25.21256446838379,177328,0.0,0.0,0.0
2024-06-24 00:00:00+03:00,25.212563973252426,25.607435375365014,24.975639249089504,25.064485549926758,227843,0.0,0.0,0.0
2024-06-25 00:00:00+03:00,25.06448499666048,26.308331298030353,24.985510717981217,25.597562789916992,606294,0.0,0.0,0.0
2024-06-26 00:00:00+03:00,25.59756418442559,26.10102594451931,25.498845859974686,25.676538467407227,255375,0.0,0.0,0.0
2024-06-27 00:00:00+03:00,25.676538051458497,26.160255762246937,25.637049969159655,25.66666603088379,258360,0.0,0.0,0.0
2024-07-02 00:00:00+03:00,25.824613944675185,25.962818463453832,25.419870525770275,25.469228744506836,107771,0.0,0.0,0.0
2024-07-03 00:00:00+03:00,25.469229747815373,25.80487092055286,25.37051330645352,25.538333892822266,129593,0.0,0.0,0.0
2024-07-04 00:00:00+03:00,25.53833319543229,25.79499819543872,25.173075970523282,25.20269203186035,103638,0.0,0.0,0.0
2024-07-07 00:00:00+03:00,25.202691418875567,25.962818145751953,25.18294737846441,25.962818145751953,298176,0.0,0.0,0.0
2024-07-08 00:00:00+03:00,25.962819540251054,26.624229866387566,26.022051664665977,26.041793823242188,427339,0.0,0.0,0.0
2024-07-09 00:00:00+03:00,26.041793527849947,26.160255892440638,25.686410199868686,25.943077087402344,127896,0.0,0.0,0.0
2024-07-10 00:00:00+03:00,25.943076261110377,27.325127095207687,25.91346020018213,26.515640258789062,866469,0.0,0.0,0.0
2024-07-14 00:00:00+03:00,26.515641207767906,26.920384640462743,26.130639933503115,26.219486236572266,236884,0.0,0.0,0.0
2024-07-15 00:00:00+03:00,26.2194854818239,26.545254622734795,25.686409561649416,25.74563980102539,146541,0.0,0.0,0.0
2024-07-16 00:00:00+03:00,25.74564095032521,26.258974735553448,25.785129033602203,25.864103317260742,64642,0.0,0.0,0.0
2024-07-17 00:00:00+03:00,25.86410346370041,26.3576932100848,25.89371764343038,25.913461685180664,135368,0.0,0.0,0.0
2024-07-18 00:00:00+03:00,25.91346024980632,26.357691750103996,25.94307631079128,26.06153678894043,153246,0.0,0.0,0.0
2024-07-21 00:00:00+03:00,26.061536882654405,26.308331743063814,25.77525582368508,25.97269058227539,90481,0.0,0.0,0.0
2024-07-22 00:00:00+03:00,25.972691085083248,27.009230648606447,25.962819064528315,26.486024856567383,369529,0.0,0.0,0.0
2024-07-23 00:00:00+03:00,26.48602425355178,27.14743455251058,26.55512651296764,26.653844833374023,326092,0.0,0.0,0.0
2024-07-24 00:00:00+03:00,26.653846104574804,27.01910334263001,26.456409454345703,26.456409454345703,159593,0.0,0.0,0.0
2024-07-28 00:00:00+03:00,26.456408363520964,26.65384500560955,26.031922783952623,26.110897064208984,76354,0.0,0.0,0.0
2024-07-29 00:00:00+03:00,26.110896760896033,26.722946955049217,26.160254979397138,26.37743377685547,125760,0.0,0.0,0.0
2024-07-30 00:00:00+03:00,26.377434704727776,26.555127310214942,26.09115363813933,26.308332443237305,134708,0.0,0.0,0.0
2024-07-31 00:00:00+03:00,26.308332199841534,26.60448716721202,26.17012767813921,26.347820281982422,65606,0.0,0.0,0.0
2024-08-01 00:00:00+03:00,26.347819729775676,26.555126507984358,26.06153678894043,26.06153678894043,159057,0.0,0.0,0.0
2024-08-04 00:00:00+03:00,26.061537953640386,25.91346140788868,23.899614360400093,24.26487159729004,222918,0.0,0.0,0.0
2024-08-05 00:00:00+03:00,24.264871173138403,24.58076830065892,23.49487051263559,23.88974380493164,246325,0.0,0.0,0.0
2024-08-06 00:00:00+03:00,23.889743480407148,24.67948628848037,23.514614234400838,24.383333206176758,59139,0.0,0.0,0.0
2024-08-07 00:00:00+03:00,24.38333248939259,24.837434119961856,24.45243474770571,24.639997482299805,93973,0.0,0.0,0.0
2024-08-08 00:00:00+03:00,24.639997656356506,25.015126893985247,24.590639438039986,24.68935775756836,132972,0.0,0.0,0.0
2024-08-11 00:00:00+03:00,24.689357778601124,25.340896051989947,24.689357778601124,25.05461311340332,154503,0.0,0.0,0.0
2024-08-12 00:00:00+03:00,25.05461299840522,25.567946751717635,24.689357665279505,24.7782039642334,210820,0.0,0.0,0.0
2024-08-13 00:00:00+03:00,24.77820388182137,25.222433492218002,24.58076724415932,24.639997482299805,92265,0.0,0.0,0.0
2024-08-14 00:00:00+03:00,24.639998808985933,25.173076629638672,24.67948689180262,25.173076629638672,71999,0.0,0.0,0.0
2024-08-15 00:00:00+03:00,25.173075282747302,26.7525627358909,25.27179360161165,26.643972396850586,988777,0.0,0.0,0.0
2024-08-18 00:00:00+03:00,26.64397379169401,26.98948698435959,26.5649995090472,26.72294807434082,479872,0.0,0.0,0.0
2024-08-19 00:00:00+03:00,26.722946992335736,26.65384473317964,25.686409339203557,26.15038299560547,124057,0.0,0.0,0.0
2024-08-20 00:00:00+03:00,26.150383954208777,26.564999407239416,25.78512860445287,26.4465389251709,76779,0.0,0.0,0.0
2024-08-21 00:00:00+03:00,26.44653787098477,26.930255566423128,25.69628127717364,26.8315372467041,225224,0.0,0.0,0.0
2024-08-22 00:00:00+03:00,26.831538564031597,26.7525642809581,26.199744299443648,26.40705108642578,44025,0.0,0.0,0.0
2024-08-25 00:00:00+03:00,26.40705030574862,27.147434893760263,26.35769208637266,27.11781883239746,172377,0.0,0.0,0.0
2024-08-26 00:00:00+03:00,27.117818220129042,28.08525549095519,26.66371658685776,27.512691497802734,614274,0.0,0.0,0.0
2024-08-27 00:00:00+03:00,27.512692991318193,28.085257015552056,27.522563129190033,27.86807632446289,535511,0.0,0.0,0.0
2024-08-28 00:00:00+03:00,27.86807603519456,28.332051591963246,27.542306884837704,28.134614944458008,539409,0.0,0.0,0.0
2024-08-29 00:00:00+03:00,28.134615236492994,28.26294774067669,27.739743820279195,27.86807632446289,236728,0.0,0.0,0.0
2024-09-01 00:00:00+03:00,27.86807659362144,28.035897182495095,27.78910230961592,27.828590393066406,69269,0.0,0.0,0.0
2024-09-02 00:00:00+03:00,27.828589430448975,28.07538429479128,27.39422994199581,27.532434463500977,90827,0.0,0.0,0.0
2024-09-03 00:00:00+03:00,27.53243544322383,27.8285904207103,27.048717717847595,27.236282348632812,70434,0.0,0.0,0.0
2024-09-04 00:00:00+03:00,27.23628220191369,27.93717873402131,26.81179472116324,27.55217933654785,182314,0.0,0.0,0.0
2024-09-05 00:00:00+03:00,27.55217793870946,27.93717731665027,27.22640879978369,27.473203659057617,59267,0.0,0.0,0.0
2024-09-08 00:00:00+03:00,27.473204955670425,27.937178635160567,27.443588893317482,27.64102554321289,608317,0.0,0.0,0.0
2024-09-09 00:00:00+03:00,27.641025399256836,28.134615138529277,27.483076833321288,27.95692253112793,294266,0.0,0.0,0.0
2024-09-10 00:00:00+03:00,27.956922019746337,28.529486031513347,27.956922019746337,28.03589630126953,512960,0.0,0.0,0.0
2024-09-11 00:00:00+03:00,28.035895979576168,28.233332622566397,27.492948035696102,27.937177658081055,163417,0.0,0.0,0.0
2024-09-12 00:00:00+03:00,27.93717705500937,31.106023997514864,27.789100517410873,30.108972549438477,3314733,0.0,0.0,0.0
2024-09-16 00:00:00+03:00,30.108974434158053,30.7901288092235,29.121794944513525,29.378461837768555,412878,0.0,0.0,0.0
2024-09-17 00:00:00+03:00,29.378461049258906,30.108973626041646,29.13166618347168,29.13166618347168,264680,0.0,0.0,0.0
2024-09-18 00:00:00+03:00,29.131665823886827,32.971795168504556,29.368588666170677,31.99448585510254,2073302,0.0,0.0,0.0
2024-09-19 00:00:00+03:00,31.994486098486142,33.317306723471916,31.49102434871734,31.954998016357422,908669,0.0,0.0,0.0
2024-09-22 00:00:00+03:00,31.95499843264506,33.534487846253214,31.589743082673085,33.51474380493164,1240511,0.0,0.0,0.0
2024-09-23 00:00:00+03:00,33.514744860738055,35.04487233635008,33.66281952662835,34.81782150268555,2016668,0.0,0.0,0.0
2024-09-24 00:00:00+03:00,35.943202164777844,39.28973976190085,36.48615008707908,38.74679183959961,2518270,0.0,0.0,0.0
2024-09-25 00:00:00+03:00,34.55128012377179,36.22948591151312,34.69935854490423,35.94320297241211,1293694,0.0,0.0,0.0
2024-09-26 00:00:00+03:00,35.943202164777844,39.28973976190085,36.48615008707908,38.74679183959961,2518270,0.0,0.0,0.0
2024-09-29 00:00:00+03:00,38.746794749242724,46.38756561279297,39.00345975814959,46.38756561279297,2579746,0.0,0.0,0.0
2024-09-30 00:00:00+03:00,46.38756285169862,49.34910112759247,43.445764850414946,48.37179183959961,3619593,0.0,0.0,0.0
2024-10-01 00:00:00+03:00,48.371792152097775,50.346151015448704,44.9462783191309,46.101280212402344,2979267,0.0,0.0,0.0
2024-10-02 00:00:00+03:00,46.10128256746909,48.361924485279715,44.126923603258774,47.57217788696289,2225412,0.0,0.0,0.0
2024-10-03 00:00:00+03:00,47.572177747573264,49.84269356239506,47.60179569268743,48.480384826660156,1755108,0.0,0.0,0.0
2024-10-07 00:00:00+03:00,48.48038340523786,53.19909997247071,48.37179306318175,52.32051086425781,2169478,0.0,0.0,0.0
2024-10-08 00:00:00+03:00,52.3205121179366,55.282050539706596,50.3560233078812,54.63051223754883,1849970,0.0,0.0,0.0
2024-10-09 00:00:00+03:00,54.630509624952474,56.259357185345884,53.120126307133944,54.29486846923828,1980833,0.0,0.0,0.0
2024-10-10 00:00:00+03:00,54.29486976479584,54.788459489930354,49.85256223858527,52.32051086425781,5121719,0.0,0.0,0.0
2024-10-13 00:00:00+03:00,52.32051249433356,54.26525727700621,46.703462602985105,47.06871795654297,3177653,0.0,0.0,0.0
2024-10-14 00:00:00+03:00,47.068717939067085,47.828846591069144,43.99858915169219,44.42307662963867,4427765,0.0,0.0,0.0
2024-10-15 00:00:00+03:00,44.423074211543806,48.96409806907425,44.620510850086575,48.87525177001953,3607600,0.0,0.0,0.0
2024-10-16 00:00:00+03:00,48.87525276214904,50.61269069764527,45.61756134033203,45.61756134033203,2478385,0.0,0.0,0.0
2024-10-17 00:00:00+03:00,45.6175633017339,46.69358909581978,42.6560248335112,43.337181091308594,1552486,0.0,0.0,0.0
2024-10-20 00:00:00+03:00,43.337180488321735,44.11704941210166,40.32628007488914,41.95512771606445,2788950,0.0,0.0,0.0
2024-10-21 00:00:00+03:00,41.955125524682686,44.89691975663615,41.36281937653284,43.633331298828125,2800490,0.0,0.0,0.0
2024-10-22 00:00:00+03:00,43.63333114878586,45.044998021672356,43.238457874183375,43.5839729309082,2117303,0.0,0.0,0.0
2024-10-23 00:00:00+03:00,43.58397653553461,43.97884607700426,40.48422973485809,41.34307861328125,1270532,0.0,0.0,0.0
2024-10-24 00:00:00+03:00,41.34307673011769,42.1525635839182,40.52371597290039,40.52371597290039,1105793,0.0,0.0,0.0
2024-10-27 00:00:00+03:00,40.523714553972006,42.44871518164667,40.77050940967925,41.26409912109375,899536,0.0,0.0,0.0
2024-10-28 00:00:00+03:00,41.26410126274471,41.925513468579275,40.3855121333537,40.494102478027344,848014,0.0,0.0,0.0
2024-10-29 00:00:00+03:00,40.49410338075011,43.87025544973519,40.83961469805879,43.43589782714844,3702817,0.0,0.0,0.0
2024-10-30 00:00:00+03:00,43.43589638031488,44.028202551911946,42.26115417480469,42.26115417480469,1544122,0.0,0.0,0.0
2024-10-31 00:00:00+03:00,42.26115247518295,43.58397305328778,41.78730680380385,42.44871520996094,901767,0.0,0.0,0.0
2024-11-03 00:00:00+02:00,42.448718243872214,42.843591547806,41.95512849685044,42.20192337036133,663866,0.0,0.0,0.0
2024-11-04 00:00:00+02:00,42.201921576835105,44.62051198761304,42.32038205666446,44.028202056884766,2915988,0.0,0.0,0.0
2024-11-05 00:00:00+02:00,44.0282030728392,44.314486024341,43.06076763936252,43.13974380493164,268729,0.0,0.0,0.0
2024-11-06 00:00:00+02:00,43.13974251786968,44.42307504375329,42.77448717748689,43.92948532104492,504534,0.0,0.0,0.0
2024-11-07 00:00:00+02:00,43.929487422979435,45.01538335857941,43.53461411960258,44.11705017089844,1266233,0.0,0.0,0.0
2024-11-10 00:00:00+02:00,44.11704922536403,44.59089491978605,42.942307009971344,43.09038543701172,403823,0.0,0.0,0.0
2024-11-11 00:00:00+02:00,43.09038421914672,44.324358523637855,42.85345949573651,43.198970794677734,278166,0.0,0.0,0.0
2024-11-12 00:00:00+02:00,43.19897040830369,43.62345786651525,42.34999925767124,42.3697395324707,319692,0.0,0.0,0.0
2024-11-13 00:00:00+02:00,42.36974178216396,42.94230769230769,41.984742384690506,42.103206634521484,272497,0.0,0.0,0.0
2024-11-14 00:00:00+02:00,42.10320584740567,42.74487024260194,41.74782063613841,41.85641098022461,219663,0.0,0.0,0.0
2024-11-17 00:00:00+02:00,41.85640866408537,42.25127817025034,41.36281895703621,41.619483947753906,293373,0.0,0.0,0.0
2024-11-18 00:00:00+02:00,41.619484502268946,41.85640922175707,40.997560408679455,41.08640670776367,187435,0.0,0.0,0.0
2024-11-19 00:00:00+02:00,41.086408240721575,42.94230668761943,40.770511113478214,41.80704879760742,570111,0.0,0.0,0.0
2024-11-20 00:00:00+02:00,41.80704705049157,42.44871518164667,41.26409912109375,41.26409912109375,145683,0.0,0.0,0.0
2024-11-21 00:00:00+02:00,41.26409929416893,43.81102402332987,41.46153593272097,42.49807357788086,1204992,0.0,0.0,0.0
2024-11-24 00:00:00+02:00,42.49807422271004,43.7814067440845,42.567176482383154,42.69551086425781,289631,0.0,0.0,0.0
2024-11-25 00:00:00+02:00,42.695511518850836,43.33717967227126,41.609615622375564,41.70833206176758,197174,0.0,0.0,0.0
2024-11-26 00:00:00+02:00,41.70833021366264,42.44871477366849,41.718200350848186,41.846534729003906,130320,0.0,0.0,0.0
2024-11-27 00:00:00+02:00,41.8465359752394,42.05384275442511,41.23448577516175,41.283843994140625,147921,0.0,0.0,0.0
2024-11-28 00:00:00+02:00,41.28384414290381,41.46153674450065,41.09628140379193,41.33320236206055,121434,0.0,0.0,0.0
2024-12-01 00:00:00+02:00,41.333204657315335,42.20192367271909,41.48128308879915,41.57012939453125,235789,0.0,0.0,0.0
2024-12-02 00:00:00+02:00,41.57012826814721,42.1821784878337,41.412179702880024,41.45166778564453,169092,0.0,0.0,0.0
2024-12-03 00:00:00+02:00,41.45166832361466,41.945258067204406,41.06666516035031,41.1456413269043,135891,0.0,0.0,0.0
2024-12-04 00:00:00+02:00,41.145640985624134,41.570128462853695,41.204873110048325,41.27397537231445,62694,0.0,0.0,0.0
2024-12-05 00:00:00+02:00,41.2739741537616,41.64909963333388,41.16538381175197,41.38256072998047,148837,0.0,0.0,0.0
2024-12-08 00:00:00+02:00,41.38256234357787,41.84653790815013,41.412180288965835,41.64910125732422,195229,0.0,0.0,0.0
2024-12-09 00:00:00+02:00,41.649098844664344,42.1525624633952,41.18512707276005,41.36281967163086,165249,0.0,0.0,0.0
2024-12-10 00:00:00+02:00,41.36282061969879,41.80704836126718,40.37564116591877,40.47435760498047,151295,0.0,0.0,0.0
2024-12-11 00:00:00+02:00,40.474358289168386,40.9087159004894,40.38551198619467,40.44474411010742,69481,0.0,0.0,0.0
2024-12-12 00:00:00+02:00,40.444741761860975,40.95807550859451,40.38550964138728,40.43486785888672,67087,0.0,0.0,0.0
2024-12-15 00:00:00+02:00,40.434869225825985,40.94820298991326,40.375640869140625,40.375640869140625,184795,0.0,0.0,0.0
2024-12-16 00:00:00+02:00,40.37563963446225,40.47435606977962,39.51679083088061,39.52666473388672,145348,0.0,0.0,0.0
2024-12-17 00:00:00+02:00,39.52666563064843,39.58589398686634,38.49999811057661,38.86525344848633,109507,0.0,0.0,0.0
2024-12-18 00:00:00+02:00,38.86525337390608,39.16140645179946,37.789227637120604,38.361793518066406,138098,0.0,0.0,0.0
2024-12-19 00:00:00+02:00,38.36179562314692,38.35192171939392,36.96987269145548,37.81884765625,98452,0.0,0.0,0.0
2024-12-22 00:00:00+02:00,37.81884562674321,41.57999687554431,37.828715764175634,40.276920318603516,689446,0.0,0.0,0.0
2024-12-23 00:00:00+02:00,40.27692000003115,41.06666279105319,38.904741194544584,38.993587493896484,213004,0.0,0.0,0.0
2024-12-24 00:00:00+02:00,38.99358909633654,39.48717883173321,37.62141023446035,38.30256271362305,222853,0.0,0.0,0.0
2024-12-25 00:00:00+02:00,38.30256275470063,42.35000084876846,38.41115309913089,40.948204040527344,1044797,0.0,0.0,0.0
2024-12-26 00:00:00+02:00,40.94820170876059,42.05384159985355,40.47435604114933,41.165382385253906,243386,0.0,0.0,0.0
2024-12-29 00:00:00+02:00,41.165384364903076,41.649100192984804,39.61551290908146,40.11897277832031,65072,0.0,0.0,0.0
2024-12-30 00:00:00+02:00,40.11897395625229,40.652051785773914,38.993589937789466,39.27987289428711,100296,0.0,0.0,0.0
2024-12-31 00:00:00+02:00,39.27987265025403,40.415126799636845,39.14166812474576,39.68461608886719,63162,0.0,0.0,0.0
2025-01-02 00:00:00+02:00,39.68461632727104,41.846538058832756,40.030127643117346,40.96794891357422,298049,0.0,0.0,0.0
2025-01-05 00:00:00+02:00,40.96794720876057,41.55038323537217,41.017305428143096,41.15550994873047,176131,0.0,0.0,0.0
2025-01-06 00:00:00+02:00,41.15550957380876,42.05384271523371,41.16538347706977,41.510894775390625,207310,0.0,0.0,0.0
2025-01-08 00:00:00+02:00,41.51089573847278,41.925513071867954,40.75076709874065,40.8494873046875,131358,0.0,0.0,0.0
2025-01-09 00:00:00+02:00,40.84948655157717,41.461536754000534,40.19794826750308,40.375640869140625,68433,0.0,0.0,0.0
2025-01-12 00:00:00+02:00,40.375641831862595,40.38551196961525,38.549357552772925,39.487178802490234,94496,0.0,0.0,0.0
2025-01-13 00:00:00+02:00,39.487177970323415,41.35294652689468,39.28974132731365,39.46743392944336,178624,0.0,0.0,0.0
2025-01-14 00:00:00+02:00,39.46743266293595,39.88204997653049,37.53256190826976,38.84550857543945,146509,0.0,0.0,0.0
2025-01-15 00:00:00+02:00,38.84551068512795,39.88205214251325,38.54935759692822,39.260128021240234,72247,0.0,0.0,0.0
2025-01-16 00:00:00+02:00,39.260126070068466,40.83961163916277,39.32922832835443,40.07948303222656,111984,0.0,0.0,0.0
2025-01-19 00:00:00+02:00,39.260128936344316,41.36282231341795,39.32923119967524,41.24435806274414,242123,0.0,0.0,0.0
2025-01-20 00:00:00+02:00,40.97781591865985,41.64909822308892,40.869229346117734,40.938331604003906,154744,0.0,0.0,0.0
2025-01-21 00:00:00+02:00,40.93833204374022,41.26409929644701,39.48717708096186,40.12884521484375,111287,0.0,0.0,0.0
2025-01-22 00:00:00+02:00,40.128846302473775,40.86923089280878,40.128846302473775,40.47435760498047,133785,0.0,0.0,0.0
2025-01-23 00:00:00+02:00,40.47435922313831,40.869232526753585,39.684616381698675,39.78333282470703,277525,0.0,0.0,0.0
2025-01-26 00:00:00+02:00,39.783332006814604,40.84948764518256,39.50692295944106,40.721153259277344,254973,0.0,0.0,0.0
2025-01-27 00:00:00+02:00,40.72115089505878,42.84358814499627,41.086406224423385,41.165382385253906,2207249,0.0,0.0,0.0
2025-01-28 00:00:00+02:00,41.165384197317614,42.03410317574048,41.165384197317614,41.25423049926758,248452,0.0,0.0,0.0
2025-01-29 00:00:00+02:00,41.25422935500698,41.658972771377,40.81986799494795,40.908714294433594,217383,0.0,0.0,0.0
2025-01-30 00:00:00+02:00,40.90871630058301,41.461538165136204,40.47435868501391,41.04692459106445,123585,0.0,0.0,0.0
2025-02-02 00:00:00+02:00,41.04692212651,41.461535675687365,40.50397043241015,40.76063919067383,107840,0.0,0.0,0.0
2025-02-03 00:00:00+02:00,40.760641728250846,40.86923207383117,39.635257720947266,39.635257720947266,118043,0.0,0.0,0.0
2025-02-04 00:00:00+02:00,39.63525805452998,42.94230784177565,39.63525805452998,42.152565002441406,1883005,0.0,0.0,0.0
2025-02-05 00:00:00+02:00,42.152562284757785,43.317434309845105,42.221664543382396,42.49807357788086,867363,0.0,0.0,0.0
2025-02-06 00:00:00+02:00,42.49807336010907,43.9294842750381,42.49807336010907,42.90281677246094,1170392,0.0,0.0,0.0
2025-02-09 00:00:00+02:00,42.90281910891987,43.23846028128002,41.95512771606445,41.95512771606445,243275,0.0,0.0,0.0
2025-02-10 00:00:00+02:00,41.95512735695595,42.4487170905672,40.96794788973346,41.12589645385742,177330,0.0,0.0,0.0
2025-02-11 00:00:00+02:00,41.12589426683679,41.658972054578356,39.98076629638672,39.98076629638672,146729,0.0,0.0,0.0
2025-02-12 00:00:00+02:00,39.980767277889555,40.15845987816566,39.48717755840944,40.049869537353516,116837,0.0,0.0,0.0
2025-02-13 00:00:00+02:00,40.049869053102306,40.64217520300047,39.88205035808774,40.12884521484375,165826,0.0,0.0,0.0
2025-02-16 00:00:00+02:00,40.12884712704486,40.85935782900984,40.27692178868005,40.494102478027344,248780,0.0,0.0,0.0
2025-02-17 00:00:00+02:00,40.49410051323051,41.24435522016889,40.21769147895699,40.35589599609375,245902,0.0,0.0,0.0
2025-02-18 00:00:00+02:00,40.35589863664428,41.21474373918304,40.28679637355443,40.4644889831543,258134,0.0,0.0,0.0
2025-02-19 00:00:00+02:00,40.46448652145726,41.16538301346651,40.17820358276367,40.17820358276367,447577,0.0,0.0,0.0
2025-02-20 00:00:00+02:00,40.178206420260274,40.74089843423651,39.980769767018046,40.10910415649414,194689,0.0,0.0,0.0
2025-02-23 00:00:00+02:00,40.109103177607004,40.47435852942673,39.911666529183336,40.040000915527344,282426,0.0,0.0,0.0
2025-02-24 00:00:00+02:00,40.04000057124866,40.247307355705125,39.89192214475643,39.941280364990234,111083,0.0,0.0,0.0
2025-02-25 00:00:00+02:00,39.941278770613025,40.049869110267174,39.4082009754694,39.447689056396484,264946,0.0,0.0,0.0
2025-02-26 00:00:00+02:00,39.44768942986332,39.73397237060903,39.09230422973633,39.09230422973633,117670,0.0,0.0,0.0
2025-02-27 00:00:00+02:00,39.09230457614631,39.56615402437504,39.09230457614631,39.19102478027344,125165,0.0,0.0,0.0
2025-03-02 00:00:00+02:00,39.191025759519995,39.487178847719726,39.191025759519995,39.260128021240234,40424,0.0,0.0,0.0
2025-03-03 00:00:00+02:00,39.26012919648535,39.457565849792346,39.023204459358766,39.15153884887695,67414,0.0,0.0,0.0
2025-03-04 00:00:00+02:00,39.15153575099334,39.28974026763545,38.68756021730282,38.89487075805664,102581,0.0,0.0,0.0
2025-03-05 00:00:00+02:00,38.89487246082151,38.89487246082151,38.00640943523984,38.480255126953125,112458,0.0,0.0,0.0
2025-03-06 00:00:00+02:00,38.4802533113055,38.69743398859822,38.302560714573396,38.39140701293945,35235,0.0,0.0,0.0
2025-03-09 00:00:00+02:00,38.391407361179574,38.67769029915485,38.01627812403234,38.49012756347656,76915,0.0,0.0,0.0
2025-03-10 00:00:00+02:00,38.490126912564044,38.97384271537178,38.28281637414156,38.29269027709961,99086,0.0,0.0,0.0
2025-03-11 00:00:00+02:00,38.29269174391244,38.440766401839866,38.01627893735792,38.28281784057617,69432,0.0,0.0,0.0
2025-03-12 00:00:00+02:00,38.2828190152344,38.68756245125356,38.21371675292315,38.401283264160156,34267,0.0,0.0,0.0
2025-03-13 00:00:00+02:00,38.401283322029066,40.05974515158018,38.42102359775558,39.862308502197266,367348,0.0,0.0,0.0
2025-03-16 00:00:00+02:00,39.8623080277342,40.96794797901139,39.96102446835525,40.67179489135742,318529,0.0,0.0,0.0
2025-03-17 00:00:00+02:00,40.671792944979906,40.77050938087681,39.86230612009525,40.07948303222656,88678,0.0,0.0,0.0
2025-03-18 00:00:00+02:00,40.07948431715216,40.50397178354083,39.497048288790324,40.47435760498047,332677,0.0,0.0,0.0
2025-03-19 00:00:00+02:00,40.47435760498047,40.63230616695364,40.07948431715216,40.47435760498047,200151,0.0,0.0,0.0
2025-03-20 00:00:00+02:00,40.47435912111389,40.75076817347328,40.17820602704441,40.4644889831543,478757,0.0,0.0,0.0
2025-03-23 00:00:00+02:00,40.464487467390605,40.85935698942815,40.227562741535465,40.47435760498047,550207,0.0,0.0,0.0
2025-03-24 00:00:00+02:00,40.47435807607862,40.661920818795274,39.487178610808414,39.66487121582031,43811,0.0,0.0,0.0
2025-03-25 00:00:00+02:00,39.664871408364704,39.87217819328798,39.10217941169248,39.487178802490234,83883,0.0,0.0,0.0
2025-03-26 00:00:00+02:00,39.487179388028196,39.98076913037855,38.865255258245305,38.9541015625,77301,0.0,0.0,0.0
2025-03-27 00:00:00+02:00,38.95409880128235,40.17820293248996,38.99358688166112,39.98076629638672,132497,0.0,0.0,0.0
2025-04-03 00:00:00+02:00,39.98076742657905,40.237432424715344,39.585894143210126,40.09922790527344,73564,0.0,0.0,0.0
2025-04-06 00:00:00+02:00,40.099226833475335,39.46743260960464,36.57499661874176,38.11499786376953,121830,0.0,0.0,0.0
2025-04-07 00:00:00+02:00,38.115000747592504,38.74679501926544,37.51282065559457,38.54935836791992,137160,0.0,0.0,0.0
2025-04-08 00:00:00+02:00,38.54935711253696,39.279871568988476,38.727049716382176,39.1120491027832,55442,0.0,0.0,0.0
2025-04-09 00:00:00+02:00,39.11204798813668,39.0923039476287,37.51281836489669,37.5819206237793,90415,0.0,0.0,0.0
2025-04-10 00:00:00+02:00,37.581920588089105,39.09230391050416,37.75961318670154,37.8089714050293,102736,0.0,0.0,0.0
2025-04-13 00:00:00+02:00,37.80897268619944,39.33910010095262,38.00640933199132,38.2038459777832,106423,0.0,0.0,0.0
2025-04-14 00:00:00+02:00,38.2038451072346,38.786281127863774,38.35191976386124,38.41115188598633,80044,0.0,0.0,0.0
2025-04-15 00:00:00+02:00,38.411152413744354,38.78628166077597,38.00640898813866,38.105125427246094,92079,0.0,0.0,0.0
2025-04-16 00:00:00+02:00,38.10512694340708,38.46051216359944,38.026154542137064,38.09525680541992,70083,0.0,0.0,0.0
2025-04-17 00:00:00+02:00,38.09525518186098,38.292691825307955,37.60166545613891,37.82871627807617,120646,0.0,0.0,0.0
2025-04-22 00:00:00+02:00,37.82871507821279,38.49012724791267,37.75961282006677,38.16435623168945,46968,0.0,0.0,0.0
2025-04-23 00:00:00+02:00,38.164356877540584,38.49999803669727,38.164356877540584,38.361793518066406,31545,0.0,0.0,0.0
2025-04-27 00:00:00+03:00,38.36179547432142,38.746794871794876,38.36179547432142,38.5,132051,0.0,0.0,0.0
2025-04-28 00:00:00+03:00,39.0,38.97999954223633,38.630001068115234,38.650001525878906,33741,0.5,0.0,0.0
2025-04-29 00:00:00+03:00,38.650001525878906,38.79999923706055,38.599998474121094,38.61000061035156,79953,0.0,0.0,0.0
2025-04-30 00:00:00+03:00,38.61000061035156,38.720001220703125,38.560001373291016,38.58000183105469,31052,0.0,0.0,0.0
2025-05-04 00:00:00+03:00,38.58000183105469,39.0,38.61000061035156,38.77000045776367,50470,0.0,0.0,0.0
2025-05-05 00:00:00+03:00,38.77000045776367,39.900001525878906,38.79999923706055,39.04999923706055,226941,0.0,0.0,0.0
2025-05-06 00:00:00+03:00,39.04999923706055,40.0,39.150001525878906,40.0,342233,0.0,0.0,0.0
2025-05-07 00:00:00+03:00,40.0,41.459999084472656,39.900001525878906,39.939998626708984,472424,0.0,0.0,0.0
2025-05-08 00:00:00+03:00,39.939998626708984,40.369998931884766,39.29999923706055,39.91999816894531,102107,0.0,0.0,0.0
2025-05-11 00:00:00+03:00,39.91999816894531,40.130001068115234,39.06999969482422,39.349998474121094,62007,0.0,0.0,0.0
2025-05-12 00:00:00+03:00,39.349998474121094,39.790000915527344,38.619998931884766,38.72999954223633,71273,0.0,0.0,0.0
2025-05-13 00:00:00+03:00,38.72999954223633,39.290000915527344,38.63999938964844,38.66999816894531,55660,0.0,0.0,0.0
2025-05-14 00:00:00+03:00,38.66999816894531,39.18000030517578,38.5,39.16999816894531,84015,0.0,0.0,0.0
2025-05-15 00:00:00+03:00,39.16999816894531,39.22999954223633,38.38999938964844,38.38999938964844,115503,0.0,0.0,0.0
2025-05-18 00:00:00+03:00,38.38999938964844,39.0,38.380001068115234,38.95000076293945,70598,0.0,0.0,0.0
2025-05-19 00:00:00+03:00,38.95000076293945,38.91999816894531,38.220001220703125,38.439998626708984,27080,0.0,0.0,0.0
2025-05-20 00:00:00+03:00,38.439998626708984,38.900001525878906,38.470001220703125,38.7400016784668,25195,0.0,0.0,0.0
2025-05-21 00:00:00+03:00,38.7400016784668,38.849998474121094,38.40999984741211,38.45000076293945,67707,0.0,0.0,0.0
2025-05-22 00:00:00+03:00,38.45000076293945,38.689998626708984,38.40999984741211,38.5099983215332,58358,0.0,0.0,0.0
2025-05-25 00:00:00+03:00,38.5099983215332,38.75,38.5,38.54999923706055,33076,0.0,0.0,0.0
2025-05-26 00:00:00+03:00,38.54999923706055,38.720001220703125,38.400001525878906,38.43000030517578,64925,0.0,0.0,0.0
2025-05-27 00:00:00+03:00,38.43000030517578,38.7599983215332,38.29999923706055,38.33000183105469,104974,0.0,0.0,0.0
2025-05-28 00:00:00+03:00,38.33000183105469,38.59000015258789,38.040000915527344,38.08000183105469,73818,0.0,0.0,0.0
2025-05-29 00:00:00+03:00,38.08000183105469,38.380001068115234,37.900001525878906,38.0099983215332,65271,0.0,0.0,0.0
2025-06-01 00:00:00+03:00,38.0099983215332,38.56999969482422,37.900001525878906,37.9900016784668,46705,0.0,0.0,0.0
2025-06-02 00:00:00+03:00,37.9900016784668,38.20000076293945,37.40999984741211,37.56999969482422,57732,0.0,0.0,0.0
2025-06-03 00:00:00+03:00,37.56999969482422,38.0,37.5,37.72999954223633,40505,0.0,0.0,0.0
2025-06-04 00:00:00+03:00,37.72999954223633,38.0,37.650001525878906,37.939998626708984,60010,0.0,0.0,0.0
2025-06-10 00:00:00+03:00,37.939998626708984,38.5,37.90999984741211,38.189998626708984,49972,0.0,0.0,0.0
2025-06-11 00:00:00+03:00,38.189998626708984,40.59000015258789,38.189998626708984,39.20000076293945,446775,0.0,0.0,0.0
2025-06-12 00:00:00+03:00,39.20000076293945,39.2599983215332,38.40999984741211,38.4900016784668,135512,0.0,0.0,0.0
2025-06-15 00:00:00+03:00,38.4900016784668,38.25,33.029998779296875,35.790000915527344,230240,0.0,0.0,0.0
2025-06-16 00:00:00+03:00,35.790000915527344,38.279998779296875,35.65999984741211,36.150001525878906,117770,0.0,0.0,0.0
2025-06-17 00:00:00+03:00,36.150001525878906,38.0,36.27000045776367,36.380001068115234,139624,0.0,0.0,0.0
2025-06-18 00:00:00+03:00,36.380001068115234,37.470001220703125,36.0099983215332,36.61000061035156,87727,0.0,0.0,0.0
2025-06-19 00:00:00+03:00,36.61000061035156,37.0,36.0,36.08000183105469,90557,0.0,0.0,0.0
2025-06-22 00:00:00+03:00,36.08000183105469,36.70000076293945,33.5,36.310001373291016,56353,0.0,0.0,0.0
2025-06-23 00:00:00+03:00,36.310001373291016,36.970001220703125,36.25,36.849998474121094,57782,0.0,0.0,0.0
2025-06-24 00:00:00+03:00,36.849998474121094,38.4900016784668,37.02000045776367,38.15999984741211,158315,0.0,0.0,0.0
2025-06-25 00:00:00+03:00,38.15999984741211,38.599998474121094,37.619998931884766,38.5,137237,0.0,0.0,0.0
2025-06-29 00:00:00+03:00,38.5,40.93000030517578,38.52000045776367,40.130001068115234,487908,0.0,0.0,0.0
2025-06-30 00:00:00+03:00,40.130001068115234,41.900001525878906,40.400001525878906,40.459999084472656,338522,0.0,0.0,0.0
2025-07-01 00:00:00+03:00,40.459999084472656,41.189998626708984,40.16999816894531,40.2599983215332,107588,0.0,0.0,0.0
2025-07-02 00:00:00+03:00,40.2599983215332,40.4900016784668,39.72999954223633,39.79999923706055,90446,0.0,0.0,0.0
2025-07-06 00:00:00+03:00,39.79999923706055,40.34000015258789,39.56999969482422,39.93000030517578,57784,0.0,0.0,0.0
2025-07-07 00:00:00+03:00,39.93000030517578,40.29999923706055,39.810001373291016,40.209999084472656,120817,0.0,0.0,0.0
2025-07-09 00:00:00+03:00,40.209999084472656,40.59000015258789,39.810001373291016,40.02000045776367,27914,0.0,0.0,0.0
2025-07-10 00:00:00+03:00,40.02000045776367,40.34000015258789,39.90999984741211,40.0,229973,0.0,0.0,0.0
2025-07-13 00:00:00+03:00,40.0,40.5,39.91999816894531,40.0,39111,0.0,0.0,0.0
2025-07-14 00:00:00+03:00,40.0,40.95000076293945,39.900001525878906,40.400001525878906,125982,0.0,0.0,0.0
2025-07-15 00:00:00+03:00,40.400001525878906,40.79999923706055,40.0,40.38999938964844,86306,0.0,0.0,0.0
2025-07-16 00:00:00+03:00,40.38999938964844,40.599998474121094,40.0,40.20000076293945,66169,0.0,0.0,0.0
2025-07-17 00:00:00+03:00,40.20000076293945,40.380001068115234,40.0099983215332,40.04999923706055,30550,0.0,0.0,0.0
2025-07-20 00:00:00+03:00,40.04999923706055,41.380001068115234,40.16999816894531,40.20000076293945,349400,0.0,0.0,0.0
2025-07-21 00:00:00+03:00,40.20000076293945,40.5,40.0,40.0099983215332,85481,0.0,0.0,0.0
2025-07-22 00:00:00+03:00,40.0099983215332,40.470001220703125,40.0099983215332,40.02000045776367,35758,0.0,0.0,0.0
2025-07-23 00:00:00+03:00,40.02000045776367,40.02000045776367,40.02000045776367,40.02000045776367,0,0.0,0.0,0.0
2025-07-27 00:00:00+03:00,40.0,40.5,40.0099983215332,40.08000183105469,71807,0.0,0.0,0.0
2025-07-28 00:00:00+03:00,40.08000183105469,41.099998474121094,40.08000183105469,40.11000061035156,161165,0.0,0.0,0.0
2025-07-29 00:00:00+03:00,40.11000061035156,40.529998779296875,39.70000076293945,39.900001525878906,29106,0.0,0.0,0.0
2025-07-30 00:00:00+03:00,39.900001525878906,40.290000915527344,38.70000076293945,38.790000915527344,48712,0.0,0.0,0.0
2025-07-31 00:00:00+03:00,38.790000915527344,39.5,38.04999923706055,39.5,63841,0.0,0.0,0.0
2025-08-03 00:00:00+03:00,39.5,39.5,39.5,39.5,0,0.0,0.0,0.0
2025-08-04 00:00:00+03:00,39.5,39.5,39.5,39.5,0,0.0,0.0,0.0
2025-08-05 00:00:00+03:00,39.5,39.5,39.5,39.5,0,0.0,0.0,0.0
2025-08-06 00:00:00+03:00,39.5,39.5,39.5,39.5,0,0.0,0.0,0.0
2025-08-07 00:00:00+03:00,39.5,39.5,39.5,39.5,0,0.0,0.0,0.0
2025-08-10 00:00:00+03:00,39.83000183105469,40.29999923706055,39.900001525878906,40.2400016784668,88426,0.0,0.0,0.0
2025-08-11 00:00:00+03:00,40.2400016784668,40.5,39.0,40.11000061035156,73001,0.0,0.0,0.0
2025-08-12 00:00:00+03:00,40.11000061035156,40.400001525878906,40.0,40.04999923706055,51908,0.0,0.0,0.0
2025-08-13 00:00:00+03:00,40.04999923706055,40.2400016784668,39.810001373291016,40.040000915527344,86534,0.0,0.0,0.0
2025-08-14 00:00:00+03:00,40.040000915527344,40.06999969482422,39.54999923706055,39.61000061035156,28210,0.0,0.0,0.0
2025-08-17 00:00:00+03:00,39.61000061035156,40.0,39.5,39.59000015258789,17027,0.0,0.0,0.0
2025-08-18 00:00:00+03:00,39.59000015258789,39.97999954223633,39.599998474121094,39.869998931884766,19234,0.0,0.0,0.0
2025-08-19 00:00:00+03:00,39.869998931884766,42.5,39.869998931884766,41.97999954223633,1432583,0.0,0.0,0.0
2025-08-20 00:00:00+03:00,41.97999954223633,44.0,42.119998931884766,43.880001068115234,1001320,0.0,0.0,0.0
2025-08-21 00:00:00+03:00,43.880001068115234,45.20000076293945,43.4900016784668,44.86000061035156,1649729,0.0,0.0,0.0
2025-08-24 00:00:00+03:00,44.86000061035156,45.650001525878906,43.5,43.529998779296875,1002687,0.0,0.0,0.0
2025-08-25 00:00:00+03:00,43.529998779296875,45.279998779296875,42.65999984741211,45.279998779296875,1021540,0.0,0.0,0.0
2025-08-26 00:00:00+03:00,45.279998779296875,46.9900016784668,45.0,46.11000061035156,1879458,0.0,0.0,0.0
2025-08-27 00:00:00+03:00,46.11000061035156,46.5,45.20000076293945,45.20000076293945,396541,0.0,0.0,0.0
2025-08-28 00:00:00+03:00,45.20000076293945,46.5099983215332,44.0,44.54999923706055,346351,0.0,0.0,0.0
2025-08-31 00:00:00+03:00,44.54999923706055,45.5,44.04999923706055,44.41999816894531,217653,0.0,0.0,0.0
2025-09-01 00:00:00+03:00,44.41999816894531,45.33000183105469,43.79999923706055,43.900001525878906,173559,0.0,0.0,0.0
2025-09-02 00:00:00+03:00,43.900001525878906,46.0,43.9900016784668,46.0,739199,0.0,0.0,0.0
2025-09-03 00:00:00+03:00,46.0,47.43000030517578,46.54999923706055,46.599998474121094,898861,0.0,0.0,0.0
2025-09-07 00:00:00+03:00,46.599998474121094,46.97999954223633,45.0099983215332,45.16999816894531,196048,0.0,0.0,0.0
2025-09-08 00:00:00+03:00,45.16999816894531,46.38999938964844,45.0,45.349998474121094,229565,0.0,0.0,0.0
2025-09-09 00:00:00+03:00,45.349998474121094,46.11000061035156,44.79999923706055,45.0,278468,0.0,0.0,0.0
2025-09-10 00:00:00+03:00,45.0,45.86000061035156,43.810001373291016,45.27000045776367,213157,0.0,0.0,0.0
2025-09-11 00:00:00+03:00,45.27000045776367,46.81999969482422,45.0,45.33000183105469,477885,0.0,0.0,0.0
2025-09-14 00:00:00+03:00,45.33000183105469,46.20000076293945,45.0,45.0,463180,0.0,0.0,0.0
2025-09-15 00:00:00+03:00,45.0,45.790000915527344,44.5,44.790000915527344,113228,0.0,0.0,0.0
2025-09-16 00:00:00+03:00,44.790000915527344,45.0,42.5,42.709999084472656,222926,0.0,0.0,0.0
2025-09-17 00:00:00+03:00,42.709999084472656,43.13999938964844,42.0099983215332,42.88999938964844,196660,0.0,0.0,0.0
2025-09-18 00:00:00+03:00,42.88999938964844,43.599998474121094,42.5,42.5099983215332,95295,0.0,0.0,0.0
2025-09-21 00:00:00+03:00,42.5099983215332,43.599998474121094,42.5099983215332,42.9900016784668,106129,0.0,0.0,0.0
2025-09-22 00:00:00+03:00,42.9900016784668,43.45000076293945,41.5,42.08000183105469,104504,0.0,0.0,0.0
2025-09-23 00:00:00+03:00,42.08000183105469,43.0,42.20000076293945,42.220001220703125,48895,0.0,0.0,0.0
2025-09-24 00:00:00+03:00,42.220001220703125,43.0,42.0,42.04999923706055,75451,0.0,0.0,0.0
2025-09-25 00:00:00+03:00,42.04999923706055,42.849998474121094,42.0,42.22999954223633,159227,0.0,0.0,0.0
2025-09-28 00:00:00+03:00,42.22999954223633,42.709999084472656,42.0,42.11000061035156,61646,0.0,0.0,0.0
2025-09-29 00:00:00+03:00,42.11000061035156,43.13999938964844,42.04999923706055,43.0,181329,0.0,0.0,0.0
2025-09-30 00:00:00+03:00,43.0,43.619998931884766,42.810001373291016,43.02000045776367,135048,0.0,0.0,0.0
2025-10-01 00:00:00+03:00,43.02000045776367,43.70000076293945,42.70000076293945,43.29999923706055,292877,0.0,0.0,0.0
2025-10-02 00:00:00+03:00,43.29999923706055,44.0,43.04999923706055,43.52000045776367,112963,0.0,0.0,0.0
2025-10-05 00:00:00+03:00,43.52000045776367,43.77000045776367,43.099998474121094,43.130001068115234,91338,0.0,0.0,0.0
2025-10-06 00:00:00+03:00,43.130001068115234,43.40999984741211,42.72999954223633,42.900001525878906,84892,0.0,0.0,0.0
2025-10-07 00:00:00+03:00,42.900001525878906,44.970001220703125,42.880001068115234,44.400001525878906,460995,0.0,0.0,0.0
2025-10-08 00:00:00+03:00,44.400001525878906,44.970001220703125,44.25,44.279998779296875,143471,0.0,0.0,0.0
2025-10-12 00:00:00+03:00,44.279998779296875,44.47999954223633,43.630001068115234,43.970001220703125,117815,0.0,0.0,0.0
2025-10-13 00:00:00+03:00,43.970001220703125,45.20000076293945,43.84000015258789,44.689998626708984,228326,0.0,0.0,0.0
2025-10-14 00:00:00+03:00,44.689998626708984,45.0,44.0,44.25,264704,0.0,0.0,0.0
2025-10-15 00:00:00+03:00,44.25,44.56999969482422,43.5,43.5,213217,0.0,0.0,0.0
2025-10-16 00:00:00+03:00,43.5,44.04999923706055,43.599998474121094,43.84000015258789,114331,0.0,0.0,0.0
2025-10-19 00:00:00+03:00,43.84000015258789,44.439998626708984,43.79999923706055,43.9900016784668,127535,0.0,0.0,0.0
2025-10-20 00:00:00+03:00,43.9900016784668,44.5,43.619998931884766,43.7400016784668,129640,0.0,0.0,0.0
2025-10-21 00:00:00+03:00,43.7400016784668,43.869998931884766,43.0099983215332,43.43000030517578,138187,0.0,0.0,0.0
2025-10-22 00:00:00+03:00,43.43000030517578,43.849998474121094,43.08000183105469,43.400001525878906,175448,0.0,0.0,0.0
2025-10-23 00:00:00+03:00,43.400001525878906,43.790000915527344,43.13999938964844,43.15999984741211,82249,0.0,0.0,0.0
2025-10-26 00:00:00+03:00,43.15999984741211,43.849998474121094,43.25,43.59000015258789,107385,0.0,0.0,0.0
2025-10-27 00:00:00+03:00,43.59000015258789,44.900001525878906,43.61000061035156,44.56999969482422,298103,0.0,0.0,0.0
2025-10-28 00:00:00+03:00,44.56999969482422,44.900001525878906,44.0099983215332,44.2400016784668,123174,0.0,0.0,0.0
2025-10-29 00:00:00+03:00,44.2400016784668,44.75,44.0099983215332,44.2400016784668,122305,0.0,0.0,0.0
2025-10-30 00:00:00+03:00,44.2400016784668,44.79999923706055,44.029998779296875,44.029998779296875,156672,0.0,0.0,0.0
2025-11-02 00:00:00+02:00,44.029998779296875,44.70000076293945,44.0,44.59000015258789,130707,0.0,0.0,0.0
2025-11-03 00:00:00+02:00,44.59000015258789,44.68000030517578,44.099998474121094,44.45000076293945,186604,0.0,0.0,0.0
2025-11-04 00:00:00+02:00,44.45000076293945,46.5,44.45000076293945,46.0,601221,0.0,0.0,0.0
2025-11-05 00:00:00+02:00,46.0,47.099998474121094,45.310001373291016,45.97999954223633,574140,0.0,0.0,0.0
2025-11-06 00:00:00+02:00,45.97999954223633,46.790000915527344,45.16999816894531,45.599998474121094,121003,0.0,0.0,0.0
2025-11-09 00:00:00+02:00,45.599998474121094,48.0,45.2599983215332,47.20000076293945,691064,0.0,0.0,0.0
2025-11-10 00:00:00+02:00,47.20000076293945,47.900001525878906,46.40999984741211,47.0,299799,0.0,0.0,0.0
2025-11-11 00:00:00+02:00,47.0,48.5,47.560001373291016,47.599998474121094,667957,0.0,0.0,0.0
2025-11-12 00:00:00+02:00,47.599998474121094,48.0,46.93000030517578,47.540000915527344,350005,0.0,0.0,0.0
2025-11-13 00:00:00+02:00,47.540000915527344,48.4900016784668,47.310001373291016,47.5,229011,0.0,0.0,0.0
2025-11-16 00:00:00+02:00,47.5,47.880001068115234,46.77000045776367,47.0,153060,0.0,0.0,0.0
2025-11-17 00:00:00+02:00,47.0,47.310001373291016,46.61000061035156,46.70000076293945,156637,0.0,0.0,0.0
2025-11-18 00:00:00+02:00,46.70000076293945,47.0,45.20000076293945,45.20000076293945,141767,0.0,0.0,0.0
2025-11-19 00:00:00+02:00,45.20000076293945,45.70000076293945,44.599998474121094,45.38999938964844,90881,0.0,0.0,0.0
2025-11-20 00:00:00+02:00,45.38999938964844,45.70000076293945,44.61000061035156,44.810001373291016,97741,0.0,0.0,0.0
2025-11-23 00:00:00+02:00,44.810001373291016,45.0,44.029998779296875,44.65999984741211,64685,0.0,0.0,0.0
2025-11-24 00:00:00+02:00,44.65999984741211,44.79999923706055,44.04999923706055,44.540000915527344,93693,0.0,0.0,0.0
2025-11-25 00:00:00+02:00,44.540000915527344,46.25,44.20000076293945,44.59000015258789,224657,0.0,0.0,0.0
2025-11-26 00:00:00+02:00,44.59000015258789,45.20000076293945,44.0,44.13999938964844,87934,0.0,0.0,0.0
2025-11-27 00:00:00+02:00,44.13999938964844,44.58000183105469,44.0,44.36000061035156,27919,0.0,0.0,0.0
2025-11-30 00:00:00+02:00,44.36000061035156,45.15999984741211,44.29999923706055,45.08000183105469,128065,0.0,0.0,0.0
2025-12-01 00:00:00+02:00,45.08000183105469,45.70000076293945,44.459999084472656,44.52000045776367,94299,0.0,0.0,0.0
2025-12-02 00:00:00+02:00,44.52000045776367,45.20000076293945,44.310001373291016,45.099998474121094,142718,0.0,0.0,0.0
2025-12-03 00:00:00+02:00,45.099998474121094,45.59000015258789,44.88999938964844,44.9900016784668,102634,0.0,0.0,0.0
2025-12-04 00:00:00+02:00,44.9900016784668,45.20000076293945,44.5,44.5,52612,0.0,0.0,0.0
2025-12-07 00:00:00+02:00,44.5,44.9900016784668,44.5,44.619998931884766,68133,0.0,0.0,0.0
2025-12-08 00:00:00+02:00,44.619998931884766,44.9900016784668,44.52000045776367,44.54999923706055,62544,0.0,0.0,0.0
2025-12-09 00:00:00+02:00,44.54999923706055,45.400001525878906,44.5099983215332,45.33000183105469,88972,0.0,0.0,0.0
2025-12-10 00:00:00+02:00,45.33000183105469,45.790000915527344,45.33000183105469,45.619998931884766,72857,0.0,0.0,0.0
2025-12-11 00:00:00+02:00,45.619998931884766,45.86000061035156,44.560001373291016,45.15999984741211,83888,0.0,0.0,0.0
2025-12-14 00:00:00+02:00,45.15999984741211,45.630001068115234,44.70000076293945,44.9900016784668,18272,0.0,0.0,0.0
2025-12-15 00:00:00+02:00,44.9900016784668,45.45000076293945,44.810001373291016,45.029998779296875,72232,0.0,0.0,0.0
2025-12-16 00:00:00+02:00,45.029998779296875,45.189998626708984,44.810001373291016,44.959999084472656,37885,0.0,0.0,0.0
2025-12-17 00:00:00+02:00,44.959999084472656,45.0,44.54999923706055,44.779998779296875,48030,0.0,0.0,0.0
2025-12-18 00:00:00+02:00,44.779998779296875,45.47999954223633,44.720001220703125,44.75,95543,0.0,0.0,0.0
2025-12-21 00:00:00+02:00,44.75,45.0,44.310001373291016,44.56999969482422,69912,0.0,0.0,0.0
2025-12-22 00:00:00+02:00,44.56999969482422,44.790000915527344,44.310001373291016,44.40999984741211,45615,0.0,0.0,0.0
2025-12-23 00:00:00+02:00,44.40999984741211,44.5,44.029998779296875,44.470001220703125,106011,0.0,0.0,0.0
2025-12-24 00:00:00+02:00,44.470001220703125,44.61000061035156,44.099998474121094,44.11000061035156,94862,0.0,0.0,0.0
2025-12-25 00:00:00+02:00,44.11000061035156,44.25,44.0,44.0099983215332,60145,0.0,0.0,0.0
2025-12-28 00:00:00+02:00,44.0099983215332,44.470001220703125,43.90999984741211,44.0099983215332,76883,0.0,0.0,0.0
2025-12-29 00:00:00+02:00,44.0099983215332,44.900001525878906,43.959999084472656,44.66999816894531,120620,0.0,0.0,0.0
2025-12-30 00:00:00+02:00,44.66999816894531,44.810001373291016,44.47999954223633,44.58000183105469,70577,0.0,0.0,0.0
2025-12-31 00:00:00+02:00,44.58000183105469,44.75,44.15999984741211,44.2599983215332,54145,0.0,0.0,0.0
2026-01-04 00:00:00+02:00,44.2599983215332,44.7400016784668,44.189998626708984,44.63999938964844,67230,0.0,0.0,0.0
2026-01-05 00:00:00+02:00,44.63999938964844,44.650001525878906,43.79999923706055,43.97999954223633,99917,0.0,0.0,0.0
2026-01-06 00:00:00+02:00,43.97999954223633,44.5,44.0,44.20000076293945,35684,0.0,0.0,0.0
2026-01-08 00:00:00+02:00,44.20000076293945,44.349998474121094,43.959999084472656,44.040000915527344,43665,0.0,0.0,0.0
2026-01-11 00:00:00+02:00,44.040000915527344,44.29999923706055,43.90999984741211,44.0,75123,0.0,0.0,0.0
2026-01-12 00:00:00+02:00,44.0,44.349998474121094,43.70000076293945,43.880001068115234,72860,0.0,0.0,0.0
2026-01-13 00:00:00+02:00,43.880001068115234,44.0,43.29999923706055,43.599998474121094,93856,0.0,0.0,0.0
2026-01-14 00:00:00+02:00,43.599998474121094,43.599998474121094,40.5,41.560001373291016,92256,0.0,0.0,0.0
2026-01-15 00:00:00+02:00,41.560001373291016,42.939998626708984,40.7599983215332,41.16999816894531,66718,0.0,0.0,0.0
2026-01-18 00:00:00+02:00,41.16999816894531,42.38999938964844,41.02000045776367,41.7400016784668,59951,0.0,0.0,0.0
2026-01-19 00:00:00+02:00,41.7400016784668,42.380001068115234,41.40999984741211,41.5,111411,0.0,0.0,0.0
2026-01-20 00:00:00+02:00,41.5,43.5,42.0,42.90999984741211,159614,0.0,0.0,0.0
2026-01-21 00:00:00+02:00,42.90999984741211,44.290000915527344,42.619998931884766,43.52000045776367,207579,0.0,0.0,0.0
2026-01-22 00:00:00+02:00,43.52000045776367,45.869998931884766,43.599998474121094,43.70000076293945,1025340,0.0,0.0,0.0
2026-01-25 00:00:00+02:00,43.70000076293945,45.0,43.619998931884766,43.70000076293945,189407,0.0,0.0,0.0
2026-01-26 00:00:00+02:00,43.70000076293945,44.0,43.099998474121094,43.810001373291016,199839,0.0,0.0,0.0
2026-01-27 00:00:00+02:00,43.810001373291016,43.9900016784668,42.25,42.25,151318,0.0,0.0,0.0
2026-01-28 00:00:00+02:00,42.25,43.599998474121094,41.70000076293945,41.779998779296875,183718,0.0,0.0,0.0
2026-02-01 00:00:00+02:00,41.779998779296875,42.939998626708984,41.79999923706055,42.4900016784668,44367,0.0,0.0,0.0
2026-02-02 00:00:00+02:00,42.4900016784668,43.349998474121094,41.45000076293945,41.869998931884766,353488,0.0,0.0,0.0
2026-02-03 00:00:00+02:00,41.869998931884766,43.0,41.869998931884766,42.029998779296875,147407,0.0,0.0,0.0
2026-02-04 00:00:00+02:00,42.029998779296875,42.849998474121094,42.099998474121094,42.709999084472656,91295,0.0,0.0,0.0
