Date,Open,High,Low,Close,Volume,Dividends,Stock Splits,Capital Gains
2021-01-03 00:00:00+02:00,4.500504970550537,4.587471008300781,4.46136999130249,4.500504970550537,16022,0.0,0.0,0.0
2021-01-04 00:00:00+02:00,4.500504970550537,4.543988227844238,4.422235012054443,4.500504970550537,11190,0.0,0.0,0.0
2021-01-05 00:00:00+02:00,4.500504970550537,4.500504970550537,4.4831109046936035,4.500504970550537,10958,0.0,0.0,0.0
2021-01-06 00:00:00+02:00,4.500504970550537,4.630953788757324,4.500504970550537,4.500504970550537,19683,0.0,0.0,0.0
2021-01-10 00:00:00+02:00,4.500504970550537,4.783144950866699,4.448325157165527,4.683134078979492,107864,0.0,0.0,0.0
2021-01-11 00:00:00+02:00,4.683134078979492,4.944033145904541,4.739662170410156,4.8266282081604,91076,0.0,0.0,0.0
2021-01-12 00:00:00+02:00,4.8266282081604,4.996212005615234,4.413537979125977,4.822279930114746,185395,0.0,0.0,0.0
2021-01-13 00:00:00+02:00,4.822279930114746,4.81793212890625,4.570077896118164,4.674437046051025,54860,0.0,0.0,0.0
2021-01-14 00:00:00+02:00,4.674437046051025,4.757054805755615,4.630953788757324,4.674437046051025,84453,0.0,0.0,0.0
2021-01-17 00:00:00+02:00,4.674437046051025,4.922290802001953,4.783144950866699,4.8570661544799805,34406,0.0,0.0,0.0
2021-01-18 00:00:00+02:00,4.8570661544799805,4.8266282081604,4.744009971618652,4.8570661544799805,13890,0.0,0.0,0.0
2021-01-19 00:00:00+02:00,4.8570661544799805,4.839673042297363,4.835324764251709,4.835324764251709,30825,0.0,0.0,0.0
2021-01-20 00:00:00+02:00,4.835324764251709,4.957077980041504,4.7874932289123535,4.93098783493042,176505,0.0,0.0,0.0
2021-01-21 00:00:00+02:00,4.93098783493042,4.891852855682373,4.835324764251709,4.93098783493042,3909,0.0,0.0,0.0
2021-01-24 00:00:00+02:00,4.93098783493042,5.087526798248291,4.809235095977783,4.93098783493042,4450,0.0,0.0,0.0
2021-01-25 00:00:00+02:00,4.93098783493042,4.93098783493042,4.93098783493042,4.93098783493042,0,0.0,0.0,0.0
2021-01-26 00:00:00+02:00,4.93098783493042,5.083178997039795,4.84837007522583,4.96142578125,98900,0.0,0.0,0.0
2021-01-27 00:00:00+02:00,4.96142578125,4.96142578125,4.96142578125,4.96142578125,0,0.0,0.0,0.0
2021-01-31 00:00:00+02:00,5.139707088470459,5.187538146972656,4.8266282081604,5.052741050720215,43681,0.0,0.0,0.0
2021-02-01 00:00:00+02:00,5.052741050720215,5.148403167724609,4.96142578125,5.052741050720215,632,0.0,0.0,0.0
2021-02-02 00:00:00+02:00,5.052741050720215,5.409302234649658,5.004909038543701,5.28754997253418,162288,0.0,0.0,0.0
2021-02-03 00:00:00+02:00,5.28754997253418,5.544099807739258,5.217977046966553,5.409302234649658,330164,0.0,0.0,0.0
2021-02-04 00:00:00+02:00,5.409302234649658,5.948493003845215,5.478875160217285,5.900661945343018,1193646,0.0,0.0,0.0
2021-02-07 00:00:00+02:00,5.900661945343018,6.0224151611328125,5.518010139465332,5.839785099029541,303347,0.0,0.0,0.0
2021-02-08 00:00:00+02:00,5.839785099029541,5.804998874664307,5.257111072540283,5.387560844421387,499483,0.0,0.0,0.0
2021-02-09 00:00:00+02:00,5.387560844421387,5.435391902923584,5.217977046966553,5.252762794494629,387055,0.0,0.0,0.0
2021-02-10 00:00:00+02:00,5.252762794494629,5.500617027282715,5.26580810546875,5.396256923675537,490475,0.0,0.0,0.0
2021-02-11 00:00:00+02:00,5.396256923675537,5.696290969848633,5.391909122467041,5.596280097961426,484976,0.0,0.0,0.0
2021-02-14 00:00:00+02:00,5.596280097961426,5.500617027282715,5.213627815246582,5.278852939605713,154749,0.0,0.0,0.0
2021-02-15 00:00:00+02:00,5.278852939605713,5.574538230895996,5.174492835998535,5.422347068786621,240470,0.0,0.0,0.0
2021-02-16 00:00:00+02:00,5.422347068786621,5.457133769989014,5.261459827423096,5.361471176147461,51937,0.0,0.0,0.0
2021-02-17 00:00:00+02:00,5.361471176147461,5.417998790740967,5.174492835998535,5.231020927429199,86628,0.0,0.0,0.0
2021-02-18 00:00:00+02:00,5.231020927429199,5.409302234649658,5.091875076293945,5.217977046966553,25046,0.0,0.0,0.0
2021-02-21 00:00:00+02:00,5.217977046966553,5.387560844421387,5.213627815246582,5.252762794494629,289204,0.0,0.0,0.0
2021-02-22 00:00:00+02:00,5.252762794494629,5.478875160217285,5.161448001861572,5.426695823669434,298649,0.0,0.0,0.0
2021-02-23 00:00:00+02:00,5.426695823669434,5.426695823669434,5.426695823669434,5.426695823669434,0,0.0,0.0,0.0
2021-02-24 00:00:00+02:00,5.417998790740967,5.5223588943481445,5.361471176147461,5.448437213897705,55959,0.0,0.0,0.0
2021-02-25 00:00:00+02:00,5.448437213897705,5.561492919921875,5.396256923675537,5.491919994354248,88466,0.0,0.0,0.0
2021-02-28 00:00:00+02:00,5.491919994354248,5.574538230895996,5.217977046966553,5.439741134643555,92106,0.0,0.0,0.0
2021-03-01 00:00:00+02:00,5.439741134643555,5.518010139465332,5.270155906677246,5.300593852996826,36115,0.0,0.0,0.0
2021-03-02 00:00:00+02:00,5.300593852996826,5.491919994354248,4.935336112976074,5.20493221282959,99896,0.0,0.0,0.0
2021-03-03 00:00:00+02:00,5.20493221282959,5.300593852996826,5.009256839752197,5.152751922607422,26539,0.0,0.0,0.0
2021-03-04 00:00:00+02:00,5.152751922607422,5.065785884857178,4.7874932289123535,4.944033145904541,50141,0.0,0.0,0.0
2021-03-07 00:00:00+02:00,4.944033145904541,5.391909122467041,4.87880802154541,5.209280014038086,25028,0.0,0.0,0.0
2021-03-08 00:00:00+02:00,5.209280014038086,5.29624605178833,4.944033145904541,5.035346984863281,55660,0.0,0.0,0.0
2021-03-09 00:00:00+02:00,5.035346984863281,5.304943084716797,4.93968391418457,4.987515926361084,40323,0.0,0.0,0.0
2021-03-10 00:00:00+02:00,4.987515926361084,5.274505138397217,4.944033145904541,4.987515926361084,4300,0.0,0.0,0.0
2021-03-11 00:00:00+02:00,4.987515926361084,5.29624605178833,4.974471092224121,4.987515926361084,13393,0.0,0.0,0.0
2021-03-14 00:00:00+02:00,4.987515926361084,5.187538146972656,4.87880802154541,4.987515926361084,6439,0.0,0.0,0.0
2021-03-15 00:00:00+02:00,4.987515926361084,5.131010055541992,4.5135498046875,4.84837007522583,29724,0.0,0.0,0.0
2021-03-16 00:00:00+02:00,4.84837007522583,5.044044017791748,4.700527191162109,4.8570661544799805,56893,0.0,0.0,0.0
2021-03-17 00:00:00+02:00,4.8570661544799805,5.044044017791748,4.8570661544799805,4.8570661544799805,6733,0.0,0.0,0.0
2021-03-18 00:00:00+02:00,4.8570661544799805,5.065785884857178,4.800538063049316,4.935336112976074,24936,0.0,0.0,0.0
2021-03-21 00:00:00+02:00,4.935336112976074,5.044044017791748,4.565729141235352,4.800538063049316,56001,0.0,0.0,0.0
2021-03-22 00:00:00+02:00,4.800538063049316,4.970122814178467,4.443976879119873,4.604864120483398,32913,0.0,0.0,0.0
2021-03-23 00:00:00+02:00,4.604864120483398,4.735313892364502,4.178729057312012,4.604864120483398,19382,0.0,0.0,0.0
2021-03-24 00:00:00+02:00,4.604864120483398,4.778797149658203,4.4091901779174805,4.583123207092285,65071,0.0,0.0,0.0
2021-03-25 00:00:00+02:00,4.583123207092285,4.726616859436035,4.265696048736572,4.517898082733154,40549,0.0,0.0,0.0
2021-03-28 00:00:00+02:00,4.517898082733154,4.739662170410156,4.352662086486816,4.543988227844238,33714,0.0,0.0,0.0
2021-03-29 00:00:00+02:00,4.543988227844238,4.81793212890625,4.391797065734863,4.548336029052734,107554,0.0,0.0,0.0
2021-03-30 00:00:00+02:00,4.548336029052734,4.630953788757324,4.504852771759033,4.561380863189697,26014,0.0,0.0,0.0
2021-03-31 00:00:00+02:00,4.561380863189697,4.84837007522583,4.539639949798584,4.665740966796875,44683,0.0,0.0,0.0
2021-04-01 00:00:00+02:00,4.665957927703857,4.974471092224121,4.687481880187988,4.85967493057251,34786,0.0,1.1,0.0
2021-04-04 00:00:00+02:00,4.85967493057251,4.850109100341797,4.6061692237854,4.85967493057251,8199,0.0,0.0,0.0
2021-04-05 00:00:00+02:00,4.85967493057251,4.783144950866699,4.543988227844238,4.85967493057251,7806,0.0,0.0,0.0
2021-04-06 00:00:00+02:00,4.85967493057251,4.548770904541016,4.543988227844238,4.85967493057251,14444,0.0,0.0,0.0
2021-04-07 00:00:00+02:00,4.85967493057251,4.658782958984375,4.462674140930176,4.85967493057251,6318,0.0,0.0,0.0
2021-04-08 00:00:00+02:00,4.85967493057251,4.639650821685791,4.477024078369141,4.85967493057251,15529,0.0,0.0,0.0
2021-04-11 00:00:00+02:00,4.85967493057251,4.783144950866699,4.505722999572754,4.6539998054504395,109528,0.0,0.0,0.0
2021-04-12 00:00:00+02:00,4.6539998054504395,4.783144950866699,4.6061692237854,4.744880199432373,53458,0.0,0.0,0.0
2021-04-13 00:00:00+02:00,4.744880199432373,4.610951900482178,4.567903995513916,4.744880199432373,3752,0.0,0.0,0.0
2021-04-14 00:00:00+02:00,4.744880199432373,4.5822529792785645,4.572687149047852,4.744880199432373,5717,0.0,0.0,0.0
2021-04-15 00:00:00+02:00,4.744880199432373,4.395709991455078,4.304831027984619,4.744880199432373,336,0.0,0.0,0.0
2021-04-18 00:00:00+02:00,4.744880199432373,4.639650821685791,4.453107833862305,4.744880199432373,1377,0.0,0.0,0.0
2021-04-19 00:00:00+02:00,4.744880199432373,4.778361797332764,4.505722999572754,4.620518207550049,46348,0.0,0.0,0.0
2021-04-20 00:00:00+02:00,4.620518207550049,4.591818809509277,4.543988227844238,4.620518207550049,19299,0.0,0.0,0.0
2021-04-21 00:00:00+02:00,4.620518207550049,4.649217128753662,4.5105061531066895,4.563119888305664,28479,0.0,0.0,0.0
2021-04-22 00:00:00+02:00,4.563119888305664,4.682699203491211,4.505722999572754,4.5870361328125,31707,0.0,0.0,0.0
2021-04-25 00:00:00+02:00,4.5870361328125,4.682699203491211,4.572687149047852,4.639650821685791,28504,0.0,0.0,0.0
2021-04-26 00:00:00+02:00,4.639650821685791,4.73052978515625,4.543988227844238,4.601386070251465,48154,0.0,0.0,0.0
2021-04-27 00:00:00+02:00,4.601386070251465,4.687481880187988,4.563119888305664,4.601386070251465,20214,0.0,0.0,0.0
2021-04-28 00:00:00+02:00,4.601386070251465,4.783144950866699,4.687481880187988,4.7592291831970215,46971,0.0,0.0,0.0
2021-05-04 00:00:00+02:00,4.7592291831970215,4.826192855834961,4.658782958984375,4.764012813568115,25945,0.0,0.0,0.0
2021-05-05 00:00:00+02:00,4.764012813568115,4.902723789215088,4.687481880187988,4.778361797332764,75393,0.0,0.0,0.0
2021-05-06 00:00:00+02:00,4.778361797332764,4.735313892364502,4.687481880187988,4.720963954925537,36751,0.0,0.0,0.0
2021-05-09 00:00:00+02:00,4.720963954925537,4.773579120635986,4.649217128753662,4.720963954925537,12144,0.0,0.0,0.0
2021-05-10 00:00:00+02:00,4.720963954925537,4.87880802154541,4.6635661125183105,4.792710781097412,188700,0.0,0.0,0.0
2021-05-11 00:00:00+02:00,4.792710781097412,4.926639080047607,4.787928104400635,4.869242191314697,55252,0.0,0.0,0.0
2021-05-17 00:00:00+02:00,4.869242191314697,4.792710781097412,4.639650821685791,4.74966287612915,31721,0.0,0.0,0.0
2021-05-18 00:00:00+02:00,4.74966287612915,5.070134162902832,4.744880199432373,4.902723789215088,181825,0.0,0.0,0.0
2021-05-19 00:00:00+02:00,4.902723789215088,5.09404993057251,4.821410179138184,4.936205863952637,44420,0.0,0.0,0.0
2021-05-20 00:00:00+02:00,4.936205863952637,5.003170013427734,4.74966287612915,4.936205863952637,6430,0.0,0.0,0.0
2021-05-23 00:00:00+02:00,4.936205863952637,5.022302150726318,4.840542793273926,4.8979411125183105,39390,0.0,0.0,0.0
2021-05-24 00:00:00+02:00,4.8979411125183105,4.9888200759887695,4.7592291831970215,4.821410179138184,39413,0.0,0.0,0.0
2021-05-25 00:00:00+02:00,4.821410179138184,4.783144950866699,4.7400970458984375,4.754446029663086,21625,0.0,0.0,0.0
2021-05-26 00:00:00+02:00,4.754446029663086,4.735313892364502,4.563119888305664,4.754446029663086,13411,0.0,0.0,0.0
2021-05-27 00:00:00+02:00,4.754446029663086,4.783144950866699,4.67313289642334,4.725747108459473,43389,0.0,0.0,0.0
2021-05-30 00:00:00+02:00,4.725747108459473,5.022302150726318,4.778361797332764,4.950554847717285,92008,0.0,0.0,0.0
2021-05-31 00:00:00+02:00,4.950554847717285,5.443219184875488,5.00795316696167,5.400170803070068,496514,0.0,0.0,0.0
2021-06-01 00:00:00+02:00,5.400170803070068,5.548448085784912,5.165797233581543,5.395388126373291,243707,0.0,0.0,0.0
2021-06-02 00:00:00+02:00,5.395388126373291,5.538881778717041,5.127532005310059,5.251893043518066,157321,0.0,0.0,0.0
2021-06-03 00:00:00+02:00,5.251893043518066,5.443219184875488,5.031868934631348,5.323640823364258,151318,0.0,0.0,0.0
2021-06-06 00:00:00+02:00,5.323640823364258,5.500617027282715,5.2949419021606445,5.419302940368652,169342,0.0,0.0,0.0
2021-06-07 00:00:00+02:00,5.419302940368652,5.955016136169434,5.467134952545166,5.7110748291015625,424584,0.0,0.0,0.0
2021-06-08 00:00:00+02:00,5.7110748291015625,5.840219974517822,5.529315948486328,5.677593231201172,92236,0.0,0.0,0.0
2021-06-09 00:00:00+02:00,5.677593231201172,6.0506792068481445,5.811521053314209,5.911966800689697,173513,0.0,0.0,0.0
2021-06-10 00:00:00+02:00,5.911966800689697,5.911966800689697,5.624979019165039,5.911966800689697,9132,0.0,0.0,0.0
2021-06-13 00:00:00+02:00,5.911966800689697,6.074594020843506,5.644111156463623,5.845003128051758,151082,0.0,0.0,0.0
2021-06-14 00:00:00+02:00,5.845003128051758,5.739774227142334,5.50540018081665,5.586713790893555,92434,0.0,0.0,0.0
2021-06-15 00:00:00+02:00,5.586713790893555,5.586713790893555,5.261459827423096,5.500617027282715,126807,0.0,0.0,0.0
2021-06-16 00:00:00+02:00,5.500617027282715,5.763689994812012,5.500617027282715,5.658461093902588,42827,0.0,0.0,0.0
2021-06-17 00:00:00+02:00,5.658461093902588,5.725424766540527,5.548448085784912,5.658461093902588,2264,0.0,0.0,0.0
2021-06-20 00:00:00+02:00,5.658461093902588,5.596280097961426,5.4814839363098145,5.529315948486328,22899,0.0,0.0,0.0
2021-06-21 00:00:00+02:00,5.529315948486328,5.663243770599365,5.4814839363098145,5.538881778717041,26317,0.0,0.0,0.0
2021-06-22 00:00:00+02:00,5.538881778717041,5.677593231201172,5.357122898101807,5.548448085784912,36923,0.0,0.0,0.0
2021-06-23 00:00:00+02:00,5.548448085784912,6.074594020843506,5.668026924133301,5.84978723526001,268685,0.0,0.0,0.0
2021-06-24 00:00:00+02:00,5.84978723526001,6.007629871368408,5.749341011047363,5.840219974517822,84877,0.0,0.0,0.0
2021-06-27 00:00:00+02:00,5.840219974517822,6.06981086730957,5.644111156463623,5.8689188957214355,231680,0.0,0.0,0.0
2021-06-28 00:00:00+02:00,5.8689188957214355,6.208521842956543,5.816305160522461,6.0363287925720215,83020,0.0,0.0,0.0
2021-06-29 00:00:00+02:00,6.0363287925720215,6.127209186553955,5.739774227142334,6.002847194671631,32915,0.0,0.0,0.0
2021-06-30 00:00:00+02:00,6.002847194671631,6.1224260330200195,5.8928351402282715,5.931099891662598,61942,0.0,0.0,0.0
2021-07-04 00:00:00+02:00,5.931099891662598,5.978930950164795,5.744556903839111,5.873702049255371,72065,0.0,0.0,0.0
2021-07-05 00:00:00+02:00,5.873702049255371,6.021979808807373,5.749341011047363,5.878485202789307,71467,0.0,0.0,0.0
2021-07-06 00:00:00+02:00,5.878485202789307,5.706292152404785,5.2949419021606445,5.476700782775879,99279,0.0,0.0,0.0
2021-07-07 00:00:00+02:00,5.476700782775879,5.715857982635498,5.50540018081665,5.562798023223877,27143,0.0,0.0,0.0
2021-07-08 00:00:00+02:00,5.562798023223877,5.452785015106201,5.414519786834717,5.433652877807617,21316,0.0,0.0,0.0
2021-07-11 00:00:00+02:00,5.433652877807617,5.596280097961426,5.433652877807617,5.433652877807617,1582,0.0,0.0,0.0
2021-07-12 00:00:00+02:00,5.433652877807617,5.706292152404785,5.433652877807617,5.601062774658203,27943,0.0,0.0,0.0
2021-07-13 00:00:00+02:00,5.601062774658203,5.830654144287109,5.404953956604004,5.558014869689941,49912,0.0,0.0,0.0
2021-07-14 00:00:00+02:00,5.558014869689941,5.90718412399292,5.5675811767578125,5.835436820983887,86047,0.0,0.0,0.0
2021-07-15 00:00:00+02:00,5.835436820983887,5.8832688331604,5.691943168640137,5.758906841278076,44512,0.0,0.0,0.0
2021-07-18 00:00:00+02:00,5.758906841278076,5.897617816925049,5.696725845336914,5.758906841278076,45,0.0,0.0,0.0
2021-07-25 00:00:00+02:00,5.758906841278076,5.739774227142334,5.696725845336914,5.72064208984375,47146,0.0,0.0,0.0
2021-07-26 00:00:00+02:00,5.72064208984375,5.8832688331604,5.404953956604004,5.59149694442749,35167,0.0,0.0,0.0
2021-07-27 00:00:00+02:00,5.59149694442749,5.916750907897949,5.476700782775879,5.806737899780273,99273,0.0,0.0,0.0
2021-07-28 00:00:00+02:00,5.806737899780273,6.3759331703186035,5.8832688331604,6.189390182495117,373578,0.0,0.0,0.0
2021-07-29 00:00:00+02:00,6.189390182495117,6.457245826721191,6.208521842956543,6.308969020843506,233212,0.0,0.0,0.0
2021-08-01 00:00:00+02:00,6.308969020843506,6.935561180114746,6.222871780395508,6.672488212585449,696641,0.0,0.0,0.0
2021-08-02 00:00:00+02:00,6.672488212585449,7.337345123291016,6.964259147644043,7.308646202087402,816997,0.0,0.0,0.0
2021-08-03 00:00:00+02:00,7.308646202087402,7.366044044494629,6.6964030265808105,7.031223773956299,145579,0.0,0.0,0.0
2021-08-04 00:00:00+02:00,7.031223773956299,7.007308006286621,6.528993129730225,6.6390061378479,91776,0.0,0.0,0.0
2021-08-05 00:00:00+02:00,6.6390061378479,7.031223773956299,6.457245826721191,6.74901819229126,557835,0.0,0.0,0.0
2021-08-08 00:00:00+02:00,6.74901819229126,6.74901819229126,6.74901819229126,6.74901819229126,0,0.0,0.0,0.0
2021-08-09 00:00:00+02:00,6.74901819229126,6.74901819229126,6.74901819229126,6.74901819229126,0,0.0,0.0,0.0
2021-08-10 00:00:00+02:00,6.514644145965576,6.643788814544678,6.1224260330200195,6.275486946105957,190550,0.0,0.0,0.0
2021-08-11 00:00:00+02:00,6.275486946105957,6.361583232879639,5.988498210906982,6.155908107757568,239829,0.0,0.0,0.0
2021-08-15 00:00:00+02:00,6.155908107757568,6.332883834838867,6.055461883544922,6.155908107757568,205856,0.0,0.0,0.0
2021-08-16 00:00:00+02:00,6.155908107757568,6.442896842956543,6.026762962341309,6.2898359298706055,277858,0.0,0.0,0.0
2021-08-17 00:00:00+02:00,6.2898359298706055,6.409414768218994,6.098509788513184,6.160690784454346,142818,0.0,0.0,0.0
2021-08-18 00:00:00+02:00,6.160690784454346,6.103292942047119,5.739774227142334,5.8689188957214355,305077,0.0,0.0,0.0
2021-08-19 00:00:00+02:00,5.8689188957214355,5.8832688331604,5.696725845336914,5.811521053314209,67476,0.0,0.0,0.0
2021-08-22 00:00:00+02:00,5.811521053314209,5.840219974517822,5.739774227142334,5.754124164581299,76685,0.0,0.0,0.0
2021-08-23 00:00:00+02:00,5.754124164581299,6.265920162200928,5.7876057624816895,6.074594020843506,258081,0.0,0.0,0.0
2021-08-24 00:00:00+02:00,6.074594020843506,6.251571178436279,5.84978723526001,6.017197132110596,176003,0.0,0.0,0.0
2021-08-25 00:00:00+02:00,6.017197132110596,6.409414768218994,5.825870990753174,6.131991863250732,366495,0.0,0.0,0.0
2021-08-26 00:00:00+02:00,6.131991863250732,6.098509788513184,5.888051986694336,6.021979808807373,69389,0.0,0.0,0.0
2021-08-29 00:00:00+02:00,6.021979808807373,6.155908107757568,5.8928351402282715,5.99328088760376,28780,0.0,0.0,0.0
2021-08-30 00:00:00+02:00,5.99328088760376,6.265920162200928,5.8928351402282715,6.026762962341309,74823,0.0,0.0,0.0
2021-08-31 00:00:00+02:00,6.026762962341309,5.931099891662598,5.7971720695495605,5.8928351402282715,31694,0.0,0.0,0.0
2021-09-01 00:00:00+02:00,5.8928351402282715,6.112860202789307,5.864136219024658,5.959798812866211,118250,0.0,0.0,0.0
2021-09-02 00:00:00+02:00,5.959798812866211,6.0506792068481445,5.706292152404785,5.7971720695495605,125917,0.0,0.0,0.0
2021-09-05 00:00:00+02:00,5.7971720695495605,5.811521053314209,5.706292152404785,5.706292152404785,103549,0.0,0.0,0.0
2021-09-06 00:00:00+02:00,5.706292152404785,5.668026924133301,5.381038188934326,5.433652877807617,44497,0.0,0.0,0.0
2021-09-07 00:00:00+02:00,5.433652877807617,5.596280097961426,5.376255035400391,5.514966011047363,29842,0.0,0.0,0.0
2021-09-08 00:00:00+02:00,5.514966011047363,5.610629081726074,5.433652877807617,5.514966011047363,15987,0.0,0.0,0.0
2021-09-09 00:00:00+02:00,5.514966011047363,5.524532794952393,5.361906051635742,5.404953956604004,21508,0.0,0.0,0.0
2021-09-12 00:00:00+02:00,5.404953956604004,5.4097371101379395,5.3906049728393555,5.404953956604004,1260,0.0,0.0,0.0
2021-09-13 00:00:00+02:00,5.404953956604004,5.500617027282715,5.500617027282715,5.404953956604004,2002,0.0,0.0,0.0
2021-09-14 00:00:00+02:00,5.404953956604004,5.811521053314209,5.586713790893555,5.601062774658203,52214,0.0,0.0,0.0
2021-09-15 00:00:00+02:00,5.601062774658203,5.691943168640137,5.596280097961426,5.601062774658203,11331,0.0,0.0,0.0
2021-09-16 00:00:00+02:00,5.601062774658203,5.529315948486328,5.500617027282715,5.510182857513428,25539,0.0,0.0,0.0
2021-09-19 00:00:00+02:00,5.510182857513428,5.42887020111084,5.165797233581543,5.2949419021606445,108401,0.0,0.0,0.0
2021-09-20 00:00:00+02:00,5.2949419021606445,5.2423272132873535,4.979253768920898,5.2949419021606445,50073,0.0,0.0,0.0
2021-09-21 00:00:00+02:00,5.2949419021606445,5.070134162902832,4.883591175079346,5.2949419021606445,26549,0.0,0.0,0.0
2021-09-22 00:00:00+02:00,5.2949419021606445,5.237544059753418,4.888373851776123,5.2949419021606445,26415,0.0,0.0,0.0
2021-09-23 00:00:00+02:00,5.2949419021606445,5.419302940368652,5.227978229522705,5.2949419021606445,31366,0.0,0.0,0.0
2021-09-26 00:00:00+02:00,5.2949419021606445,5.596280097961426,5.122747898101807,5.275808811187744,98027,0.0,0.0,0.0
2021-09-27 00:00:00+02:00,5.275808811187744,5.404953956604004,5.141880989074707,5.275808811187744,22600,0.0,0.0,0.0
2021-09-28 00:00:00+02:00,5.275808811187744,5.275808811187744,5.275808811187744,5.275808811187744,0,0.0,0.0,0.0
2021-09-29 00:00:00+02:00,5.275808811187744,5.275808811187744,5.275808811187744,5.275808811187744,0,0.0,0.0,0.0
2021-09-30 00:00:00+02:00,5.275808811187744,5.318857192993164,5.141880989074707,5.275808811187744,18402,0.0,0.0,0.0
2021-10-03 00:00:00+02:00,5.275808811187744,5.261459827423096,5.031868934631348,5.275808811187744,11730,0.0,0.0,0.0
2021-10-04 00:00:00+02:00,5.275808811187744,5.261459827423096,5.060567855834961,5.275808811187744,2554,0.0,0.0,0.0
2021-10-05 00:00:00+02:00,5.275808811187744,5.117965221405029,5.003170013427734,5.275808811187744,12598,0.0,0.0,0.0
2021-10-06 00:00:00+02:00,5.275808811187744,5.213627815246582,5.022302150726318,5.275808811187744,5393,0.0,0.0,0.0
2021-10-10 00:00:00+02:00,5.275808811187744,5.189712047576904,5.046217918395996,5.275808811187744,2247,0.0,0.0,0.0
2021-10-11 00:00:00+02:00,5.275808811187744,5.739774227142334,5.237544059753418,5.424087047576904,196694,0.0,0.0,0.0
2021-10-12 00:00:00+02:00,5.424087047576904,5.61541223526001,5.381038188934326,5.400170803070068,59086,0.0,0.0,0.0
2021-10-13 00:00:00+02:00,5.400170803070068,5.476700782775879,5.17057991027832,5.271026134490967,93248,0.0,0.0,0.0
2021-10-14 00:00:00+02:00,5.271026134490967,5.395388126373291,5.194496154785156,5.271026134490967,4080,0.0,0.0,0.0
2021-10-17 00:00:00+02:00,5.271026134490967,5.419302940368652,5.218410968780518,5.271026134490967,7405,0.0,0.0,0.0
2021-10-18 00:00:00+02:00,5.271026134490967,5.271026134490967,5.271026134490967,5.271026134490967,0,0.0,0.0,0.0
2021-10-19 00:00:00+02:00,5.271026134490967,5.395388126373291,5.213627815246582,5.271026134490967,17101,0.0,0.0,0.0
2021-10-20 00:00:00+02:00,5.271026134490967,5.213627815246582,4.783144950866699,4.854891777038574,132565,0.0,0.0,0.0
2021-10-24 00:00:00+02:00,4.854891777038574,5.2423272132873535,5.046217918395996,4.854891777038574,41775,0.0,0.0,0.0
2021-10-25 00:00:00+02:00,4.854891777038574,5.113182067871094,4.85967493057251,4.854891777038574,10852,0.0,0.0,0.0
2021-10-26 00:00:00+02:00,4.854891777038574,5.027085781097412,4.931423187255859,4.854891777038574,26969,0.0,0.0,0.0
2021-10-27 00:00:00+02:00,4.854891777038574,5.2949419021606445,4.87880802154541,4.854891777038574,10518,0.0,0.0,0.0
2021-10-28 00:00:00+02:00,4.854891777038574,4.940989017486572,4.902723789215088,4.854891777038574,4181,0.0,0.0,0.0
2021-10-31 00:00:00+02:00,4.854891777038574,5.141880989074707,4.917072772979736,4.854891777038574,38405,0.0,0.0,0.0
2021-11-01 00:00:00+02:00,4.854891777038574,5.232760906219482,4.907506942749023,5.09404993057251,65636,0.0,0.0,0.0
2021-11-02 00:00:00+02:00,5.09404993057251,5.261459827423096,5.022302150726318,5.251893043518066,61789,0.0,0.0,0.0
2021-11-03 00:00:00+02:00,5.251893043518066,5.261459827423096,4.945772171020508,5.251893043518066,12803,0.0,0.0,0.0
2021-11-04 00:00:00+02:00,5.251893043518066,5.261459827423096,4.902723789215088,5.251893043518066,41918,0.0,0.0,0.0
2021-11-07 00:00:00+02:00,5.251893043518066,5.251893043518066,5.251893043518066,5.251893043518066,0,0.0,0.0,0.0
2021-11-08 00:00:00+02:00,5.251893043518066,5.251893043518066,5.251893043518066,5.251893043518066,0,0.0,0.0,0.0
2021-11-09 00:00:00+02:00,5.251893043518066,5.251893043518066,5.251893043518066,5.251893043518066,0,0.0,0.0,0.0
2021-11-10 00:00:00+02:00,5.251893043518066,5.251893043518066,5.022302150726318,5.251893043518066,9098,0.0,0.0,0.0
2021-11-11 00:00:00+02:00,5.251893043518066,5.251893043518066,4.9888200759887695,5.251893043518066,30191,0.0,0.0,0.0
2021-11-14 00:00:00+02:00,5.251893043518066,5.256677150726318,4.998386859893799,5.251893043518066,14118,0.0,0.0,0.0
2021-11-15 00:00:00+02:00,5.251893043518066,5.251893043518066,5.055784225463867,5.251893043518066,4651,0.0,0.0,0.0
2021-11-16 00:00:00+02:00,5.251893043518066,5.055784225463867,4.945772171020508,5.251893043518066,1097,0.0,0.0,0.0
2021-11-17 00:00:00+02:00,5.251893043518066,5.232760906219482,4.950554847717285,5.251893043518066,8458,0.0,0.0,0.0
2021-11-18 00:00:00+02:00,5.251893043518066,5.204061985015869,4.945772171020508,5.251893043518066,3211,0.0,0.0,0.0
2021-11-21 00:00:00+02:00,5.251893043518066,5.022302150726318,4.945772171020508,5.251893043518066,3257,0.0,0.0,0.0
2021-11-22 00:00:00+02:00,5.251893043518066,5.251893043518066,5.251893043518066,5.251893043518066,0,0.0,0.0,0.0
2021-11-23 00:00:00+02:00,5.251893043518066,5.251893043518066,5.251893043518066,5.251893043518066,0,0.0,0.0,0.0
2021-11-24 00:00:00+02:00,5.251893043518066,5.070134162902832,4.979253768920898,5.251893043518066,12857,0.0,0.0,0.0
2021-11-25 00:00:00+02:00,5.251893043518066,5.261459827423096,4.926639080047607,5.251893043518066,44959,0.0,0.0,0.0
2021-11-28 00:00:00+02:00,5.251893043518066,5.251893043518066,5.251893043518066,5.251893043518066,0,0.0,0.0,0.0
2021-11-29 00:00:00+02:00,5.251893043518066,5.251893043518066,5.251893043518066,5.251893043518066,2216,0.0,0.0,0.0
2021-11-30 00:00:00+02:00,5.251893043518066,5.400170803070068,4.998386859893799,5.251893043518066,10169,0.0,0.0,0.0
2021-12-01 00:00:00+02:00,5.251893043518066,5.381038188934326,5.022302150726318,5.17057991027832,85533,0.0,0.0,0.0
2021-12-02 00:00:00+02:00,5.17057991027832,5.261459827423096,5.132315158843994,5.17057991027832,9387,0.0,0.0,0.0
2021-12-05 00:00:00+02:00,5.17057991027832,5.247109889984131,5.247109889984131,5.17057991027832,1045,0.0,0.0,0.0
2021-12-06 00:00:00+02:00,5.17057991027832,5.261459827423096,5.256677150726318,5.17057991027832,38598,0.0,0.0,0.0
2021-12-07 00:00:00+02:00,5.17057991027832,5.500617027282715,5.194496154785156,5.304508209228516,65444,0.0,0.0,0.0
2021-12-08 00:00:00+02:00,5.304508209228516,5.42887020111084,5.189712047576904,5.304508209228516,12698,0.0,0.0,0.0
2021-12-09 00:00:00+02:00,5.304508209228516,5.17057991027832,5.079699993133545,5.304508209228516,6272,0.0,0.0,0.0
2021-12-12 00:00:00+02:00,5.304508209228516,5.261459827423096,5.027085781097412,5.204061985015869,280710,0.0,0.0,0.0
2021-12-13 00:00:00+02:00,5.204061985015869,5.347556114196777,5.165797233581543,5.256677150726318,82345,0.0,0.0,0.0
2021-12-14 00:00:00+02:00,5.256677150726318,5.256677150726318,5.256677150726318,5.256677150726318,0,0.0,0.0,0.0
2021-12-15 00:00:00+02:00,5.256677150726318,5.452785015106201,5.237544059753418,5.256677150726318,11103,0.0,0.0,0.0
2021-12-16 00:00:00+02:00,5.256677150726318,5.448001861572266,5.261459827423096,5.256677150726318,40529,0.0,0.0,0.0
2021-12-19 00:00:00+02:00,5.256677150726318,5.381038188934326,5.17057991027832,5.256677150726318,10808,0.0,0.0,0.0
2021-12-20 00:00:00+02:00,5.256677150726318,5.256677150726318,5.256677150726318,5.256677150726318,0,0.0,0.0,0.0
2021-12-21 00:00:00+02:00,5.256677150726318,5.261459827423096,5.122747898101807,5.256677150726318,7413,0.0,0.0,0.0
2021-12-22 00:00:00+02:00,5.256677150726318,5.256677150726318,5.165797233581543,5.256677150726318,28836,0.0,0.0,0.0
2021-12-23 00:00:00+02:00,5.256677150726318,5.261459827423096,5.15144681930542,5.256677150726318,15075,0.0,0.0,0.0
2021-12-26 00:00:00+02:00,5.256677150726318,5.256677150726318,5.256677150726318,5.256677150726318,1254,0.0,0.0,0.0
2021-12-27 00:00:00+02:00,5.256677150726318,5.275808811187744,5.184928894042969,5.256677150726318,6075,0.0,0.0,0.0
2021-12-28 00:00:00+02:00,5.256677150726318,5.256677150726318,5.180146217346191,5.256677150726318,7735,0.0,0.0,0.0
2021-12-29 00:00:00+02:00,5.256677150726318,5.400170803070068,5.266242980957031,5.256677150726318,21159,0.0,0.0,0.0
2021-12-30 00:00:00+02:00,5.256677150726318,5.500617027282715,5.227978229522705,5.256677150726318,49429,0.0,0.0,0.0
2022-01-02 00:00:00+02:00,5.256677150726318,5.663243770599365,5.395388126373291,5.256677150726318,23242,0.0,0.0,0.0
2022-01-03 00:00:00+02:00,5.256677150726318,5.491051197052002,5.443219184875488,5.256677150726318,46099,0.0,0.0,0.0
2022-01-04 00:00:00+02:00,5.256677150726318,5.596280097961426,5.366689205169678,5.476700782775879,124595,0.0,0.0,0.0
2022-01-05 00:00:00+02:00,5.476700782775879,5.57236385345459,5.510182857513428,5.476700782775879,4124,0.0,0.0,0.0
2022-01-09 00:00:00+02:00,5.476700782775879,5.476700782775879,5.476700782775879,5.476700782775879,0,0.0,0.0,0.0
2022-01-10 00:00:00+02:00,5.476700782775879,5.514966011047363,5.404953956604004,5.476700782775879,15682,0.0,0.0,0.0
2022-01-11 00:00:00+02:00,5.476700782775879,5.500617027282715,5.404953956604004,5.476700782775879,6909,0.0,0.0,0.0
2022-01-12 00:00:00+02:00,5.476700782775879,5.691943168640137,5.371471881866455,5.476700782775879,1381,0.0,0.0,0.0
2022-01-13 00:00:00+02:00,5.476700782775879,5.524532794952393,5.357122898101807,5.476700782775879,35813,0.0,0.0,0.0
2022-01-16 00:00:00+02:00,5.476700782775879,5.404953956604004,5.17057991027832,5.476700782775879,2738,0.0,0.0,0.0
2022-01-17 00:00:00+02:00,5.476700782775879,5.15144681930542,5.146664142608643,5.476700782775879,1149,0.0,0.0,0.0
2022-01-18 00:00:00+02:00,5.476700782775879,5.476700782775879,5.0844831466674805,5.476700782775879,4212,0.0,0.0,0.0
2022-01-19 00:00:00+02:00,5.476700782775879,5.414519786834717,5.122747898101807,5.476700782775879,6780,0.0,0.0,0.0
2022-01-20 00:00:00+02:00,5.476700782775879,5.256677150726318,5.180146217346191,5.476700782775879,3136,0.0,0.0,0.0
2022-01-23 00:00:00+02:00,5.476700782775879,5.261459827423096,5.027085781097412,5.476700782775879,25359,0.0,0.0,0.0
2022-01-24 00:00:00+02:00,5.476700782775879,5.476700782775879,5.476700782775879,5.476700782775879,0,0.0,0.0,0.0
2022-01-25 00:00:00+02:00,5.476700782775879,5.586713790893555,5.247109889984131,5.486268043518066,57842,0.0,0.0,0.0
2022-01-26 00:00:00+02:00,5.486268043518066,5.500617027282715,5.266242980957031,5.486268043518066,2552,0.0,0.0,0.0
2022-01-30 00:00:00+02:00,5.486268043518066,5.404953956604004,5.309290885925293,5.486268043518066,45388,0.0,0.0,0.0
2022-01-31 00:00:00+02:00,5.486268043518066,5.3906049728393555,5.309290885925293,5.486268043518066,6092,0.0,0.0,0.0
2022-02-01 00:00:00+02:00,5.486268043518066,5.486268043518066,5.486268043518066,5.486268043518066,0,0.0,0.0,0.0
2022-02-02 00:00:00+02:00,5.486268043518066,5.562798023223877,5.3140740394592285,5.486268043518066,9757,0.0,0.0,0.0
2022-02-03 00:00:00+02:00,5.486268043518066,5.495833873748779,5.361906051635742,5.486268043518066,2172,0.0,0.0,0.0
2022-02-06 00:00:00+02:00,5.486268043518066,5.495833873748779,5.361906051635742,5.486268043518066,12838,0.0,0.0,0.0
2022-02-07 00:00:00+02:00,5.486268043518066,5.361906051635742,5.333207130432129,5.486268043518066,14962,0.0,0.0,0.0
2022-02-08 00:00:00+02:00,5.486268043518066,5.677593231201172,5.476700782775879,5.50540018081665,118815,0.0,0.0,0.0
2022-02-09 00:00:00+02:00,5.50540018081665,5.548448085784912,5.366689205169678,5.50540018081665,20413,0.0,0.0,0.0
2022-02-10 00:00:00+02:00,5.50540018081665,5.519750118255615,5.366689205169678,5.50540018081665,10016,0.0,0.0,0.0
2022-02-13 00:00:00+02:00,5.50540018081665,5.366689205169678,5.261459827423096,5.50540018081665,7087,0.0,0.0,0.0
2022-02-14 00:00:00+02:00,5.50540018081665,5.467134952545166,5.141880989074707,5.50540018081665,10296,0.0,0.0,0.0
2022-02-15 00:00:00+02:00,5.50540018081665,5.404953956604004,5.261459827423096,5.50540018081665,30735,0.0,0.0,0.0
2022-02-16 00:00:00+02:00,5.50540018081665,5.500617027282715,5.333207130432129,5.50540018081665,16202,0.0,0.0,0.0
2022-02-17 00:00:00+02:00,5.50540018081665,5.486268043518066,5.2949419021606445,5.50540018081665,4156,0.0,0.0,0.0
2022-02-20 00:00:00+02:00,5.50540018081665,5.486268043518066,5.275808811187744,5.50540018081665,45833,0.0,0.0,0.0
2022-02-21 00:00:00+02:00,5.50540018081665,5.491051197052002,5.452785015106201,5.50540018081665,24467,0.0,0.0,0.0
2022-02-22 00:00:00+02:00,5.50540018081665,5.42887020111084,5.357122898101807,5.50540018081665,52565,0.0,0.0,0.0
2022-02-23 00:00:00+02:00,5.50540018081665,5.486268043518066,5.404953956604004,5.50540018081665,43157,0.0,1.32,0.0
2022-02-24 00:00:00+02:00,5.504960060119629,5.524532794952393,5.051001071929932,5.076255798339844,65639,0.0,1.32,0.0
2022-02-27 00:00:00+02:00,5.076255798339844,5.505590915679932,5.1393938064575195,5.076255798339844,23238,0.0,0.0,0.0
2022-02-28 00:00:00+02:00,5.076255798339844,5.4803361892700195,5.158335208892822,5.177276134490967,130781,0.0,0.0,0.0
2022-03-01 00:00:00+02:00,5.177276134490967,5.341434001922607,5.158335208892822,5.177276134490967,12216,0.0,0.0,0.0
2022-03-02 00:00:00+02:00,5.177276134490967,5.2719831466674805,5.183589935302734,5.177276134490967,12130,0.0,0.0,0.0
2022-03-03 00:00:00+02:00,5.177276134490967,5.234099864959717,5.183589935302734,5.177276134490967,17311,0.0,0.0,0.0
2022-03-06 00:00:00+02:00,5.177276134490967,5.373003005981445,5.183589935302734,5.177276134490967,9930,0.0,0.0,0.0
2022-03-07 00:00:00+02:00,5.177276134490967,5.354061126708984,5.158335208892822,5.177276134490967,43037,0.0,0.0,0.0
2022-03-08 00:00:00+02:00,5.177276134490967,5.177276134490967,5.177276134490967,5.177276134490967,0,0.0,0.0,0.0
2022-03-09 00:00:00+02:00,5.177276134490967,5.208845138549805,5.095198154449463,5.177276134490967,8707,0.0,0.0,0.0
2022-03-10 00:00:00+02:00,5.177276134490967,5.221473217010498,5.0825700759887695,5.177276134490967,18058,0.0,0.0,0.0
2022-03-13 00:00:00+02:00,5.177276134490967,5.265668869018555,5.114139080047607,5.177276134490967,15315,0.0,0.0,0.0
2022-03-14 00:00:00+02:00,5.177276134490967,5.177276134490967,5.177276134490967,5.177276134490967,18280,0.0,0.0,0.0
2022-03-15 00:00:00+02:00,5.177276134490967,5.253040790557861,5.120452880859375,5.177276134490967,14167,0.0,0.0,0.0
2022-03-16 00:00:00+02:00,5.177276134490967,5.145708084106445,5.145708084106445,5.177276134490967,706,0.0,0.0,0.0
2022-03-17 00:00:00+02:00,5.177276134490967,5.290924072265625,5.126766204833984,5.177276134490967,12049,0.0,0.0,0.0
2022-03-20 00:00:00+02:00,5.177276134490967,5.290924072265625,5.145708084106445,5.177276134490967,4612,0.0,0.0,0.0
2022-03-21 00:00:00+02:00,5.177276134490967,5.492963790893555,5.18990421295166,5.177276134490967,44691,0.0,0.0,0.0
2022-03-22 00:00:00+02:00,5.177276134490967,5.492963790893555,5.240414142608643,5.177276134490967,16392,0.0,0.0,0.0
2022-03-23 00:00:00+02:00,5.177276134490967,5.486649990081787,5.290924072265625,5.177276134490967,8983,0.0,0.0,0.0
2022-03-24 00:00:00+02:00,5.177276134490967,5.448768138885498,5.303551197052002,5.177276134490967,15238,0.0,0.0,0.0
2022-03-27 00:00:00+02:00,5.177276134490967,5.41719913482666,5.290924072265625,5.177276134490967,6698,0.0,0.0,0.0
2022-03-28 00:00:00+02:00,5.177276134490967,5.177276134490967,5.177276134490967,5.177276134490967,395,0.0,0.0,0.0
2022-03-29 00:00:00+02:00,5.177276134490967,5.33512020111084,4.9120988845825195,5.177276134490967,3726,0.0,0.0,0.0
2022-03-30 00:00:00+02:00,5.177276134490967,5.114139080047607,5.032060146331787,5.177276134490967,6492,0.0,0.0,0.0
2022-03-31 00:00:00+02:00,5.177276134490967,5.051001071929932,5.051001071929932,5.177276134490967,1229,0.0,0.0,0.0
2022-04-03 00:00:00+02:00,5.177276134490967,5.057314872741699,4.93735408782959,5.177276134490967,19767,0.0,0.0,0.0
2022-04-04 00:00:00+02:00,5.177276134490967,5.051001071929932,5.051001071929932,5.177276134490967,6001,0.0,0.0,0.0
2022-04-05 00:00:00+02:00,5.177276134490967,5.000491142272949,4.994176864624023,5.177276134490967,1013,0.0,0.0,0.0
2022-04-06 00:00:00+02:00,5.177276134490967,5.019432067871094,5.000491142272949,5.177276134490967,63,0.0,0.0,0.0
2022-04-07 00:00:00+02:00,5.177276134490967,4.994176864624023,4.9247260093688965,5.177276134490967,27801,0.0,0.0,0.0
2022-04-10 00:00:00+02:00,5.177276134490967,5.076255798339844,4.956295013427734,5.177276134490967,4464,0.0,0.0,0.0
2022-04-11 00:00:00+02:00,5.177276134490967,4.9247260093688965,4.861588954925537,5.177276134490967,7968,0.0,0.0,0.0
2022-04-12 00:00:00+02:00,5.177276134490967,5.038373947143555,4.672175884246826,5.177276134490967,742,0.0,0.0,0.0
2022-04-13 00:00:00+02:00,5.177276134490967,4.987864017486572,4.766881942749023,5.177276134490967,1843,0.0,0.0,0.0
2022-04-14 00:00:00+02:00,5.177276134490967,4.861588954925537,4.678490161895752,5.177276134490967,3151,0.0,0.0,0.0
2022-04-17 00:00:00+02:00,5.177276134490967,4.861588954925537,4.552215099334717,5.177276134490967,5261,0.0,0.0,0.0
2022-04-18 00:00:00+02:00,5.177276134490967,4.722685813903809,4.552215099334717,5.177276134490967,8709,0.0,0.0,0.0
2022-04-19 00:00:00+02:00,5.177276134490967,4.918412208557129,4.425940036773682,5.177276134490967,9293,0.0,0.0,0.0
2022-04-20 00:00:00+02:00,5.177276134490967,4.9120988845825195,4.653234958648682,5.177276134490967,2173,0.0,0.0,0.0
2022-04-21 00:00:00+02:00,5.177276134490967,4.861588954925537,4.735313892364502,5.177276134490967,6287,0.0,0.0,0.0
2022-04-26 00:00:00+02:00,5.177276134490967,4.981550216674805,4.621665954589844,5.177276134490967,19006,0.0,0.0,0.0
2022-04-27 00:00:00+02:00,5.177276134490967,4.975235939025879,4.609038829803467,5.177276134490967,253,0.0,0.0,0.0
2022-04-28 00:00:00+02:00,5.177276134490967,5.000491142272949,4.735313892364502,5.177276134490967,1805,0.0,0.0,0.0
2022-05-08 00:00:00+02:00,5.177276134490967,5.177276134490967,4.735313892364502,5.177276134490967,11101,0.0,0.0,0.0
2022-05-09 00:00:00+02:00,5.177276134490967,5.013119220733643,4.735313892364502,5.177276134490967,19037,0.0,0.0,0.0
2022-05-10 00:00:00+02:00,5.177276134490967,4.785823822021484,4.7542548179626465,5.177276134490967,20084,0.0,0.0,0.0
2022-05-11 00:00:00+02:00,5.177276134490967,4.949981212615967,4.747941017150879,5.177276134490967,2860,0.0,0.0,0.0
2022-05-12 00:00:00+02:00,5.177276134490967,4.899470806121826,4.735313892364502,5.177276134490967,17525,0.0,0.0,0.0
2022-05-15 00:00:00+02:00,5.177276134490967,4.798450946807861,4.735313892364502,5.177276134490967,5543,0.0,0.0,0.0
2022-05-16 00:00:00+02:00,5.177276134490967,4.830019950866699,4.672175884246826,5.177276134490967,9145,0.0,0.0,0.0
2022-05-17 00:00:00+02:00,5.177276134490967,4.830019950866699,4.747941017150879,5.177276134490967,15402,0.0,0.0,0.0
2022-05-18 00:00:00+02:00,5.177276134490967,4.880529880523682,4.779510021209717,5.177276134490967,3204,0.0,0.0,0.0
2022-05-19 00:00:00+02:00,5.177276134490967,4.830019950866699,4.747941017150879,5.177276134490967,24772,0.0,0.0,0.0
2022-05-22 00:00:00+02:00,5.177276134490967,4.9247260093688965,4.609038829803467,5.177276134490967,1021,0.0,0.0,0.0
2022-05-23 00:00:00+02:00,5.177276134490967,4.640606880187988,4.609038829803467,5.177276134490967,150,0.0,0.0,0.0
2022-05-24 00:00:00+02:00,5.177276134490967,4.861588954925537,4.621665954589844,5.177276134490967,3025,0.0,0.0,0.0
2022-05-25 00:00:00+02:00,5.177276134490967,4.842647075653076,4.621665954589844,5.177276134490967,14975,0.0,0.0,0.0
2022-05-26 00:00:00+02:00,5.177276134490967,4.817391872406006,4.590096950531006,5.177276134490967,6249,0.0,0.0,0.0
2022-05-29 00:00:00+02:00,5.177276134490967,5.177276134490967,5.177276134490967,5.177276134490967,0,0.0,0.0,0.0
2022-05-30 00:00:00+02:00,5.177276134490967,4.798450946807861,4.451194763183594,5.177276134490967,1257,0.0,0.0,0.0
2022-05-31 00:00:00+02:00,5.177276134490967,4.773196220397949,4.451194763183594,5.177276134490967,3007,0.0,0.0,0.0
2022-06-01 00:00:00+02:00,5.177276134490967,4.640606880187988,4.640606880187988,5.177276134490967,10448,0.0,0.0,0.0
2022-06-02 00:00:00+02:00,5.177276134490967,4.640606880187988,4.167076110839844,5.177276134490967,2798,0.0,0.0,0.0
2022-06-05 00:00:00+02:00,5.177276134490967,5.177276134490967,5.177276134490967,5.177276134490967,0,0.0,0.0,0.0
2022-06-06 00:00:00+02:00,5.177276134490967,4.545900821685791,4.501705169677734,5.177276134490967,1583,0.0,0.0,0.0
2022-06-07 00:00:00+02:00,5.177276134490967,4.735313892364502,4.514331817626953,5.177276134490967,10969,0.0,0.0,0.0
2022-06-08 00:00:00+02:00,5.177276134490967,4.760569095611572,4.729000091552734,5.177276134490967,4122,0.0,0.0,0.0
2022-06-09 00:00:00+02:00,5.177276134490967,4.760569095611572,4.6279802322387695,5.177276134490967,8584,0.0,0.0,0.0
2022-06-12 00:00:00+02:00,5.177276134490967,4.735313892364502,4.615352153778076,5.177276134490967,3845,0.0,0.0,0.0
2022-06-13 00:00:00+02:00,5.177276134490967,4.729000091552734,4.691116809844971,5.177276134490967,2296,0.0,0.0,0.0
2022-06-14 00:00:00+02:00,5.177276134490967,4.798450946807861,4.6974310874938965,5.177276134490967,4175,0.0,0.0,0.0
2022-06-15 00:00:00+02:00,5.177276134490967,4.968922138214111,4.861588954925537,5.177276134490967,8380,0.0,0.0,0.0
2022-06-16 00:00:00+02:00,5.177276134490967,5.051001071929932,4.893157005310059,5.177276134490967,4506,0.0,0.0,0.0
2022-06-19 00:00:00+02:00,5.177276134490967,4.886844158172607,4.747941017150879,5.177276134490967,3213,0.0,0.0,0.0
2022-06-20 00:00:00+02:00,5.177276134490967,4.766881942749023,4.747941017150879,5.177276134490967,45559,0.0,0.0,0.0
2022-06-21 00:00:00+02:00,5.177276134490967,4.9247260093688965,4.766881942749023,5.177276134490967,1816,0.0,0.0,0.0
2022-06-22 00:00:00+02:00,5.177276134490967,4.766881942749023,4.766881942749023,5.177276134490967,129,0.0,0.0,0.0
2022-06-23 00:00:00+02:00,5.177276134490967,4.861588954925537,4.766881942749023,5.177276134490967,12233,0.0,0.0,0.0
2022-06-26 00:00:00+02:00,5.177276134490967,5.038373947143555,4.766881942749023,5.177276134490967,11351,0.0,0.0,0.0
2022-06-27 00:00:00+02:00,5.177276134490967,4.804765224456787,4.773196220397949,5.177276134490967,3074,0.0,0.0,0.0
2022-06-28 00:00:00+02:00,5.177276134490967,5.038373947143555,4.804765224456787,5.177276134490967,1119,0.0,0.0,0.0
2022-06-29 00:00:00+02:00,5.177276134490967,5.000491142272949,4.798450946807861,5.177276134490967,6210,0.0,0.0,0.0
2022-07-03 00:00:00+02:00,5.177276134490967,4.798450946807861,4.798450946807861,5.177276134490967,32169,0.0,0.0,0.0
2022-07-04 00:00:00+02:00,5.177276134490967,4.861588954925537,4.798450946807861,5.177276134490967,20570,0.0,0.0,0.0
2022-07-05 00:00:00+02:00,5.177276134490967,4.798450946807861,4.798450946807861,5.177276134490967,1590,0.0,0.0,0.0
2022-07-06 00:00:00+02:00,5.177276134490967,4.798450946807861,4.798450946807861,5.177276134490967,12537,0.0,0.0,0.0
2022-07-07 00:00:00+02:00,5.177276134490967,4.918412208557129,4.640606880187988,5.177276134490967,3809,0.0,0.0,0.0
2022-07-17 00:00:00+02:00,5.177276134490967,5.1393938064575195,4.6279802322387695,5.177276134490967,3034,0.0,0.0,0.0
2022-07-18 00:00:00+02:00,5.177276134490967,4.861588954925537,4.6279802322387695,5.177276134490967,7304,0.0,0.0,0.0
2022-07-19 00:00:00+02:00,5.177276134490967,5.177276134490967,5.177276134490967,5.177276134490967,0,0.0,0.0,0.0
2022-07-20 00:00:00+02:00,5.177276134490967,4.9247260093688965,4.501705169677734,5.177276134490967,11799,0.0,0.0,0.0
2022-07-21 00:00:00+02:00,5.177276134490967,4.8552751541137695,4.640606880187988,5.177276134490967,3875,0.0,0.0,0.0
2022-07-24 00:00:00+02:00,5.177276134490967,4.9247260093688965,4.691116809844971,5.177276134490967,4110,0.0,0.0,0.0
2022-07-25 00:00:00+02:00,5.177276134490967,4.981550216674805,4.6848039627075195,5.177276134490967,4719,0.0,0.0,0.0
2022-07-26 00:00:00+02:00,5.177276134490967,4.987864017486572,4.691116809844971,5.177276134490967,3112,0.0,0.0,0.0
2022-07-27 00:00:00+02:00,5.177276134490967,4.830019950866699,4.804765224456787,5.177276134490967,29842,0.0,0.0,0.0
2022-07-28 00:00:00+02:00,5.177276134490967,4.798450946807861,4.773196220397949,5.177276134490967,1686,0.0,0.0,0.0
2022-07-31 00:00:00+02:00,5.177276134490967,5.177276134490967,5.177276134490967,5.177276134490967,0,0.0,0.0,0.0
2022-08-01 00:00:00+02:00,5.177276134490967,4.798450946807861,4.741627216339111,5.177276134490967,3185,0.0,0.0,0.0
2022-08-02 00:00:00+02:00,5.177276134490967,5.177276134490967,5.177276134490967,5.177276134490967,0,0.0,0.0,0.0
2022-08-03 00:00:00+02:00,5.177276134490967,4.861588954925537,4.552215099334717,5.177276134490967,822,0.0,0.0,0.0
2022-08-04 00:00:00+02:00,5.177276134490967,4.848960876464844,4.545900821685791,5.177276134490967,8226,0.0,0.0,0.0
2022-08-07 00:00:00+02:00,5.177276134490967,5.051001071929932,4.691116809844971,5.177276134490967,14487,0.0,0.0,0.0
2022-08-08 00:00:00+02:00,5.177276134490967,4.9247260093688965,4.6848039627075195,5.177276134490967,26236,0.0,0.0,0.0
2022-08-09 00:00:00+02:00,5.177276134490967,5.051001071929932,4.703744888305664,5.177276134490967,27625,0.0,0.0,0.0
2022-08-10 00:00:00+02:00,5.177276134490967,4.987864017486572,4.735313892364502,5.177276134490967,29983,0.0,0.0,0.0
2022-08-11 00:00:00+02:00,5.177276134490967,4.8552751541137695,4.678490161895752,5.177276134490967,29201,0.0,0.0,0.0
2022-08-14 00:00:00+02:00,5.177276134490967,4.9247260093688965,4.7542548179626465,5.177276134490967,41707,0.0,0.0,0.0
2022-08-15 00:00:00+02:00,5.177276134490967,4.8552751541137695,4.735313892364502,5.177276134490967,24413,0.0,0.0,0.0
2022-08-16 00:00:00+02:00,5.177276134490967,4.798450946807861,4.747941017150879,5.177276134490967,6186,0.0,0.0,0.0
2022-08-17 00:00:00+02:00,5.177276134490967,4.823706150054932,4.6848039627075195,5.177276134490967,36572,0.0,0.0,0.0
2022-08-18 00:00:00+02:00,5.177276134490967,5.177276134490967,5.177276134490967,5.177276134490967,0,0.0,0.0,0.0
2022-08-21 00:00:00+02:00,5.177276134490967,4.9247260093688965,4.735313892364502,4.918412208557129,67390,0.0,0.0,0.0
2022-08-22 00:00:00+02:00,4.918412208557129,4.9247260093688965,4.848960876464844,4.918412208557129,2234,0.0,0.0,0.0
2022-08-23 00:00:00+02:00,4.918412208557129,4.918412208557129,4.918412208557129,4.918412208557129,0,0.0,0.0,0.0
2022-08-24 00:00:00+02:00,4.918412208557129,4.893157005310059,4.722685813903809,4.918412208557129,7699,0.0,0.0,0.0
2022-08-25 00:00:00+02:00,4.918412208557129,4.798450946807861,4.729000091552734,4.918412208557129,41949,0.0,0.0,0.0
2022-08-28 00:00:00+02:00,4.918412208557129,4.8552751541137695,4.766881942749023,4.918412208557129,27067,0.0,0.0,0.0
2022-08-29 00:00:00+02:00,4.918412208557129,4.842647075653076,4.735313892364502,4.918412208557129,44087,0.0,0.0,0.0
2022-08-30 00:00:00+02:00,4.918412208557129,4.7542548179626465,4.7542548179626465,4.918412208557129,7919,0.0,0.0,0.0
2022-08-31 00:00:00+02:00,4.918412208557129,4.848960876464844,4.691116809844971,4.918412208557129,22677,0.0,0.0,0.0
2022-09-01 00:00:00+02:00,4.918412208557129,4.766881942749023,4.6848039627075195,4.918412208557129,6544,0.0,0.0,0.0
2022-09-04 00:00:00+02:00,4.918412208557129,4.798450946807861,4.798450946807861,4.918412208557129,395,0.0,0.0,0.0
2022-09-05 00:00:00+02:00,4.918412208557129,4.798450946807861,4.678490161895752,4.918412208557129,19772,0.0,0.0,0.0
2022-09-06 00:00:00+02:00,4.918412208557129,4.792137145996094,4.71005916595459,4.918412208557129,823,0.0,0.0,0.0
2022-09-07 00:00:00+02:00,4.918412208557129,4.773196220397949,4.6974310874938965,4.766881942749023,80650,0.0,0.0,0.0
2022-09-08 00:00:00+02:00,4.766881942749023,4.760569095611572,4.691116809844971,4.766881942749023,7203,0.0,0.0,0.0
2022-09-11 00:00:00+02:00,4.766881942749023,4.741627216339111,4.640606880187988,4.766881942749023,34568,0.0,0.0,0.0
2022-09-12 00:00:00+02:00,4.766881942749023,4.735313892364502,4.640606880187988,4.766881942749023,8511,0.0,0.0,0.0
2022-09-13 00:00:00+02:00,4.766881942749023,4.735313892364502,4.659549236297607,4.766881942749023,21776,0.0,0.0,0.0
2022-09-14 00:00:00+02:00,4.766881942749023,4.747941017150879,4.653234958648682,4.766881942749023,40323,0.0,0.0,0.0
2022-09-15 00:00:00+02:00,4.766881942749023,4.735313892364502,4.653234958648682,4.766881942749023,5052,0.0,0.0,0.0
2022-09-18 00:00:00+02:00,4.766881942749023,4.672175884246826,4.672175884246826,4.766881942749023,8711,0.0,0.0,0.0
2022-09-19 00:00:00+02:00,4.766881942749023,4.672175884246826,4.609038829803467,4.766881942749023,9297,0.0,0.0,0.0
2022-09-20 00:00:00+02:00,4.766881942749023,4.703744888305664,4.577469825744629,4.766881942749023,9656,0.0,0.0,0.0
2022-09-21 00:00:00+02:00,4.766881942749023,4.665862083435059,4.577469825744629,4.766881942749023,1156,0.0,0.0,0.0
2022-09-22 00:00:00+02:00,4.766881942749023,4.747941017150879,4.577469825744629,4.766881942749023,15963,0.0,0.0,0.0
2022-09-25 00:00:00+02:00,4.766881942749023,4.602725028991699,4.590096950531006,4.766881942749023,11910,0.0,0.0,0.0
2022-09-26 00:00:00+02:00,4.766881942749023,4.609038829803467,4.545900821685791,4.766881942749023,27305,0.0,0.0,0.0
2022-09-27 00:00:00+02:00,4.766881942749023,4.741627216339111,4.482763767242432,4.766881942749023,16251,0.0,0.0,0.0
2022-09-28 00:00:00+02:00,4.766881942749023,4.640606880187988,4.5269598960876465,4.766881942749023,3728,0.0,0.0,0.0
2022-09-29 00:00:00+02:00,4.766881942749023,4.640606880187988,4.514331817626953,4.766881942749023,29826,0.0,0.0,0.0
2022-10-02 00:00:00+02:00,4.766881942749023,4.533274173736572,4.533274173736572,4.766881942749023,2708,0.0,0.0,0.0
2022-10-03 00:00:00+02:00,4.766881942749023,4.735313892364502,4.545900821685791,4.766881942749023,880,0.0,0.0,0.0
2022-10-04 00:00:00+02:00,4.766881942749023,4.552215099334717,4.545900821685791,4.766881942749023,1210,0.0,0.0,0.0
2022-10-05 00:00:00+02:00,4.766881942749023,4.741627216339111,4.545900821685791,4.766881942749023,8274,0.0,0.0,0.0
2022-10-09 00:00:00+02:00,4.766881942749023,4.722685813903809,4.545900821685791,4.766881942749023,5898,0.0,0.0,0.0
2022-10-10 00:00:00+02:00,4.766881942749023,4.6974310874938965,4.495390892028809,4.766881942749023,39,0.0,0.0,0.0
2022-10-11 00:00:00+02:00,4.766881942749023,4.6974310874938965,4.501705169677734,4.766881942749023,2378,0.0,0.0,0.0
2022-10-12 00:00:00+02:00,4.766881942749023,4.545900821685791,4.495390892028809,4.766881942749023,926,0.0,0.0,0.0
2022-10-13 00:00:00+02:00,4.766881942749023,4.508018970489502,4.495390892028809,4.766881942749023,19,0.0,0.0,0.0
2022-10-16 00:00:00+02:00,4.766881942749023,4.520646095275879,4.501705169677734,4.766881942749023,1835,0.0,0.0,0.0
2022-10-17 00:00:00+02:00,4.766881942749023,4.691116809844971,4.501705169677734,4.766881942749023,6302,0.0,0.0,0.0
2022-10-18 00:00:00+02:00,4.766881942749023,4.6974310874938965,4.508018970489502,4.766881942749023,2616,0.0,0.0,0.0
2022-10-19 00:00:00+02:00,4.766881942749023,4.672175884246826,4.514331817626953,4.766881942749023,6224,0.0,0.0,0.0
2022-10-20 00:00:00+02:00,4.766881942749023,4.729000091552734,4.514331817626953,4.766881942749023,6203,0.0,0.0,0.0
2022-10-23 00:00:00+02:00,4.766881942749023,4.729000091552734,4.520646095275879,4.766881942749023,966,0.0,0.0,0.0
2022-10-24 00:00:00+02:00,4.766881942749023,4.703744888305664,4.577469825744629,4.766881942749023,1658,0.0,0.0,0.0
2022-10-25 00:00:00+02:00,4.766881942749023,4.703744888305664,4.545900821685791,4.766881942749023,1339,0.0,0.0,0.0
2022-10-26 00:00:00+02:00,4.766881942749023,4.766881942749023,4.766881942749023,4.766881942749023,0,0.0,0.0,0.0
2022-10-27 00:00:00+02:00,4.766881942749023,4.703744888305664,4.545900821685791,4.766881942749023,23005,0.0,0.0,0.0
2022-10-30 00:00:00+02:00,4.766881942749023,4.703744888305664,4.577469825744629,4.766881942749023,16025,0.0,0.0,0.0
2022-10-31 00:00:00+02:00,4.766881942749023,4.672175884246826,4.583784103393555,4.766881942749023,160818,0.0,0.0,0.0
2022-11-01 00:00:00+02:00,4.766881942749023,4.716372013092041,4.596411228179932,4.766881942749023,6964,0.0,0.0,0.0
2022-11-02 00:00:00+02:00,4.766881942749023,4.703744888305664,4.609038829803467,4.766881942749023,3977,0.0,0.0,0.0
2022-11-03 00:00:00+02:00,4.766881942749023,4.609038829803467,4.552215099334717,4.766881942749023,21771,0.0,0.0,0.0
2022-11-06 00:00:00+02:00,4.766881942749023,4.71005916595459,4.539587020874023,4.766881942749023,2035,0.0,0.0,0.0
2022-11-07 00:00:00+02:00,4.766881942749023,4.672175884246826,4.318605899810791,4.766881942749023,3056,0.0,0.0,0.0
2022-11-08 00:00:00+02:00,4.766881942749023,4.665862083435059,4.665862083435059,4.766881942749023,1,0.0,0.0,0.0
2022-11-09 00:00:00+02:00,4.766881942749023,4.665862083435059,4.482763767242432,4.766881942749023,460,0.0,0.0,0.0
2022-11-10 00:00:00+02:00,4.766881942749023,4.691116809844971,4.438567161560059,4.766881942749023,13416,0.0,0.0,0.0
2022-11-13 00:00:00+02:00,4.766881942749023,4.735313892364502,4.564842224121094,4.766881942749023,11221,0.0,0.0,0.0
2022-11-14 00:00:00+02:00,4.766881942749023,5.234099864959717,4.571156024932861,4.931039810180664,156661,0.0,0.0,0.0
2022-11-15 00:00:00+02:00,4.931039810180664,5.114139080047607,4.861588954925537,5.057314872741699,96410,0.0,0.0,0.0
2022-11-16 00:00:00+02:00,5.057314872741699,5.303551197052002,4.956295013427734,5.177276134490967,82776,0.0,0.0,0.0
2022-11-17 00:00:00+02:00,5.177276134490967,5.758141040802002,5.063629150390625,5.7076311111450195,377968,0.0,0.0,0.0
2022-11-20 00:00:00+02:00,5.7076311111450195,5.840219974517822,5.524532794952393,5.682375907897949,83885,0.0,0.0,0.0
2022-11-21 00:00:00+02:00,5.682375907897949,6.376889228820801,5.682375907897949,6.313752174377441,287176,0.0,0.0,0.0
2022-11-22 00:00:00+02:00,6.313752174377441,6.5663018226623535,6.061202049255371,6.3516340255737305,82152,0.0,0.0,0.0
2022-11-23 00:00:00+02:00,6.3516340255737305,6.433712959289551,6.187477111816406,6.3516340255737305,60471,0.0,0.0,0.0
2022-11-24 00:00:00+02:00,6.3516340255737305,6.440027236938477,5.941239833831787,6.345320224761963,85852,0.0,0.0,0.0
2022-11-27 00:00:00+02:00,6.345320224761963,6.440027236938477,6.1243391036987305,6.193789958953857,73187,0.0,0.0,0.0
2022-11-28 00:00:00+02:00,6.193789958953857,6.313752174377441,6.061202049255371,6.143280029296875,53902,0.0,0.0,0.0
2022-11-29 00:00:00+02:00,6.143280029296875,6.711517810821533,6.143280029296875,6.47159481048584,233355,0.0,0.0,0.0
2022-11-30 00:00:00+02:00,6.47159481048584,6.47159481048584,6.200104236602783,6.47159481048584,41862,0.0,0.0,0.0
2022-12-01 00:00:00+02:00,6.47159481048584,6.465281963348389,6.219045162200928,6.47159481048584,31341,0.0,0.0,0.0
2022-12-04 00:00:00+02:00,6.47159481048584,6.629438877105713,6.231672763824463,6.47159481048584,37988,0.0,0.0,0.0
2022-12-05 00:00:00+02:00,6.47159481048584,6.591557025909424,6.313752174377441,6.3516340255737305,66256,0.0,0.0,0.0
2022-12-06 00:00:00+02:00,6.3516340255737305,6.591557025909424,6.376889228820801,6.3516340255737305,41808,0.0,0.0,0.0
2022-12-07 00:00:00+02:00,6.3516340255737305,6.5663018226623535,6.345320224761963,6.3516340255737305,38991,0.0,0.0,0.0
2022-12-08 00:00:00+02:00,6.3516340255737305,6.503163814544678,6.357947826385498,6.3516340255737305,11972,0.0,0.0,0.0
2022-12-11 00:00:00+02:00,6.3516340255737305,6.547360897064209,6.376889228820801,6.3516340255737305,14241,0.0,0.0,0.0
2022-12-12 00:00:00+02:00,6.3516340255737305,6.395830154418945,6.2821831703186035,6.3516340255737305,49115,0.0,0.0,0.0
2022-12-13 00:00:00+02:00,6.3516340255737305,6.597870826721191,6.3516340255737305,6.452653884887695,117095,0.0,0.0,0.0
2022-12-14 00:00:00+02:00,6.452653884887695,6.534732818603516,6.383203029632568,6.452653884887695,19072,0.0,0.0,0.0
2022-12-15 00:00:00+02:00,6.452653884887695,6.629438877105713,6.320065021514893,6.383203029632568,96443,0.0,0.0,0.0
2022-12-18 00:00:00+02:00,6.383203029632568,6.5663018226623535,6.250614166259766,6.383203029632568,40201,0.0,0.0,0.0
2022-12-19 00:00:00+02:00,6.383203029632568,6.402143955230713,6.130652904510498,6.383203029632568,4339,0.0,0.0,0.0
2022-12-20 00:00:00+02:00,6.383203029632568,6.534732818603516,6.237987041473389,6.383203029632568,42906,0.0,0.0,0.0
2022-12-21 00:00:00+02:00,6.383203029632568,6.496850967407227,6.219045162200928,6.383203029632568,8711,0.0,0.0,0.0
2022-12-22 00:00:00+02:00,6.383203029632568,6.503163814544678,6.168535232543945,6.383203029632568,32578,0.0,0.0,0.0
2022-12-25 00:00:00+02:00,6.383203029632568,6.376889228820801,6.168535232543945,6.383203029632568,4735,0.0,0.0,0.0
2022-12-26 00:00:00+02:00,6.383203029632568,6.440027236938477,6.237987041473389,6.383203029632568,7798,0.0,0.0,0.0
2022-12-27 00:00:00+02:00,6.383203029632568,6.440027236938477,6.332693099975586,6.383203029632568,6984,0.0,0.0,0.0
2022-12-28 00:00:00+02:00,6.383203029632568,6.661007881164551,6.187477111816406,6.5789289474487305,70246,0.0,0.0,0.0
2022-12-29 00:00:00+02:00,6.5789289474487305,6.490537166595459,6.376889228820801,6.5789289474487305,2955,0.0,0.0,0.0
2023-01-02 00:00:00+02:00,6.5789289474487305,6.610497951507568,6.389516830444336,6.5789289474487305,10024,0.0,0.0,0.0
2023-01-03 00:00:00+02:00,6.5789289474487305,6.5663018226623535,6.395830154418945,6.5789289474487305,7412,0.0,0.0,0.0
2023-01-04 00:00:00+02:00,6.5789289474487305,7.121912002563477,6.320065021514893,7.096656799316406,183336,0.0,0.0,0.0
2023-01-05 00:00:00+02:00,7.096656799316406,7.039833068847656,6.629438877105713,6.863048076629639,75883,0.0,0.0,0.0
2023-01-09 00:00:00+02:00,6.863048076629639,7.216618061065674,6.6988911628723145,7.046146869659424,67394,0.0,0.0,0.0
2023-01-10 00:00:00+02:00,7.046146869659424,6.869361877441406,6.6988911628723145,7.046146869659424,35318,0.0,0.0,0.0
2023-01-11 00:00:00+02:00,7.046146869659424,7.046146869659424,6.661007881164551,6.6988911628723145,64272,0.0,0.0,0.0
2023-01-12 00:00:00+02:00,6.6988911628723145,6.686263084411621,6.629438877105713,6.6988911628723145,16723,0.0,0.0,0.0
2023-01-15 00:00:00+02:00,6.6988911628723145,6.818851947784424,6.515791893005371,6.6988911628723145,18386,0.0,0.0,0.0
2023-01-16 00:00:00+02:00,6.6988911628723145,6.780969142913818,6.534732818603516,6.6988911628723145,26762,0.0,0.0,0.0
2023-01-17 00:00:00+02:00,6.6988911628723145,7.046146869659424,6.572616100311279,6.989323139190674,55792,0.0,0.0,0.0
2023-01-18 00:00:00+02:00,6.989323139190674,6.945127010345459,6.686263084411621,6.717832088470459,70718,0.0,0.0,0.0
2023-01-19 00:00:00+02:00,6.717832088470459,7.039833068847656,6.686263084411621,6.983008861541748,89381,0.0,0.0,0.0
2023-01-22 00:00:00+02:00,6.983008861541748,7.039833068847656,6.793597221374512,6.919871807098389,65206,0.0,0.0,0.0
2023-01-23 00:00:00+02:00,6.919871807098389,7.197677135467529,6.951440811157227,7.102971076965332,112541,0.0,0.0,0.0
2023-01-24 00:00:00+02:00,7.102971076965332,7.292383193969727,7.039833068847656,7.248187065124512,68151,0.0,0.0,0.0
2023-01-25 00:00:00+02:00,7.248187065124512,7.450226783752441,7.039833068847656,7.4186577796936035,163967,0.0,0.0,0.0
2023-01-29 00:00:00+02:00,7.4186577796936035,8.454113960266113,7.576501846313477,8.334152221679688,420417,0.0,0.0,0.0
2023-01-30 00:00:00+02:00,8.334152221679688,8.763487815856934,8.012150764465332,8.081602096557617,251964,0.0,0.0,0.0
2023-01-31 00:00:00+02:00,8.081602096557617,8.422545433044434,7.740660190582275,7.8353657722473145,180220,0.0,0.0,0.0
2023-02-01 00:00:00+02:00,7.8353657722473145,7.892189979553223,7.61438512802124,7.664895057678223,118663,0.0,0.0,0.0
2023-02-02 00:00:00+02:00,7.664895057678223,7.892189979553223,7.53230619430542,7.582816123962402,69147,0.0,0.0,0.0
2023-02-05 00:00:00+02:00,7.582816123962402,7.6775221824646,7.450226783752441,7.582816123962402,32334,0.0,0.0,0.0
2023-02-06 00:00:00+02:00,7.582816123962402,7.892189979553223,7.456541061401367,7.582816123962402,27878,0.0,0.0,0.0
2023-02-07 00:00:00+02:00,7.582816123962402,7.949014186859131,7.519678115844727,7.582816123962402,20292,0.0,0.0,0.0
2023-02-08 00:00:00+02:00,7.582816123962402,8.012150764465332,7.75960111618042,7.582816123962402,10627,0.0,0.0,0.0
2023-02-09 00:00:00+02:00,7.582816123962402,7.980582237243652,7.75960111618042,7.582816123962402,21755,0.0,0.0,0.0
2023-02-12 00:00:00+02:00,7.582816123962402,8.706664085388184,7.892189979553223,8.586702346801758,268231,0.0,0.0,0.0
2023-02-13 00:00:00+02:00,8.586702346801758,8.776115417480469,8.226819038391113,8.384661674499512,69831,0.0,0.0,0.0
2023-02-14 00:00:00+02:00,8.384661674499512,8.567761421203613,8.226819038391113,8.327838897705078,98046,0.0,0.0,0.0
2023-02-15 00:00:00+02:00,8.327838897705078,8.473054885864258,8.207877159118652,8.416231155395508,98245,0.0,0.0,0.0
2023-02-16 00:00:00+02:00,8.416231155395508,8.504624366760254,8.302583694458008,8.353094100952148,71589,0.0,0.0,0.0
2023-02-19 00:00:00+02:00,8.353094100952148,8.555133819580078,8.207877159118652,8.308897018432617,68642,0.0,0.0,0.0
2023-02-20 00:00:00+02:00,8.308897018432617,8.447799682617188,8.176308631896973,8.308897018432617,31084,0.0,0.0,0.0
2023-02-21 00:00:00+02:00,8.308897018432617,8.296270370483398,8.144740104675293,8.308897018432617,13589,0.0,0.0,0.0
2023-02-22 00:00:00+02:00,8.308897018432617,8.296270370483398,8.144740104675293,8.176308631896973,46579,0.0,0.0,0.0
2023-02-23 00:00:00+02:00,8.176308631896973,8.296270370483398,8.081602096557617,8.176308631896973,33829,0.0,0.0,0.0
2023-02-26 00:00:00+02:00,8.176308631896973,8.447799682617188,8.144740104675293,8.207877159118652,152720,0.0,0.0,0.0
2023-02-27 00:00:00+02:00,8.207999229431152,8.491304397583008,7.826086044311523,8.209565162658691,28995,0.0,1.23953,0.0
2023-02-28 00:00:00+02:00,8.209565162658691,8.217391014099121,7.912172794342041,7.998260021209717,55108,0.0,0.0,0.0
2023-03-01 00:00:00+02:00,7.998260021209717,8.060869216918945,7.912172794342041,7.998260021209717,32501,0.0,0.0,0.0
2023-03-02 00:00:00+02:00,7.998260021209717,8.139129638671875,7.927825927734375,7.998260021209717,23352,0.0,0.0,0.0
2023-03-05 00:00:00+02:00,7.998260021209717,8.084346771240234,7.912172794342041,7.998260021209717,25259,0.0,0.0,0.0
2023-03-06 00:00:00+02:00,7.998260021209717,8.02173900604248,7.880868911743164,7.998260021209717,24815,0.0,0.0,0.0
2023-03-07 00:00:00+02:00,7.998260021209717,8.006086349487305,7.826086044311523,7.857390880584717,42859,0.0,0.0,0.0
2023-03-08 00:00:00+02:00,7.857390880584717,7.959129810333252,7.732172966003418,7.857390880584717,27018,0.0,0.0,0.0
2023-03-09 00:00:00+02:00,7.857390880584717,7.873043060302734,7.591303825378418,7.677391052246094,44802,0.0,0.0,0.0
2023-03-12 00:00:00+02:00,7.677391052246094,7.849565029144287,7.52086877822876,7.614781856536865,41067,0.0,0.0,0.0
2023-03-13 00:00:00+02:00,7.614781856536865,7.630434036254883,6.495652198791504,7.614781856536865,11304,0.0,0.0,0.0
2023-03-14 00:00:00+02:00,7.614781856536865,7.434782028198242,6.260869026184082,7.614781856536865,8075,0.0,0.0,0.0
2023-03-15 00:00:00+02:00,7.614781856536865,7.434782028198242,6.433043003082275,7.614781856536865,17349,0.0,0.0,0.0
2023-03-16 00:00:00+02:00,7.614781856536865,7.145216941833496,6.299999237060547,7.614781856536865,31894,0.0,0.0,0.0
2023-03-19 00:00:00+02:00,7.614781856536865,7.145216941833496,6.652173042297363,7.614781856536865,25346,0.0,0.0,0.0
2023-03-20 00:00:00+02:00,7.614781856536865,7.379999160766602,6.730433940887451,7.614781856536865,23046,0.0,0.0,0.0
2023-03-21 00:00:00+02:00,7.614781856536865,7.4269561767578125,6.863478183746338,7.614781856536865,2673,0.0,0.0,0.0
2023-03-22 00:00:00+02:00,7.614781856536865,7.419129848480225,6.9495649337768555,7.614781856536865,16515,0.0,0.0,0.0
2023-03-23 00:00:00+02:00,7.614781856536865,7.30173921585083,6.824347019195557,7.614781856536865,2200,0.0,0.0,0.0
2023-03-26 00:00:00+02:00,7.614781856536865,7.30173921585083,6.832172870635986,7.614781856536865,10435,0.0,0.0,0.0
2023-03-27 00:00:00+02:00,7.614781856536865,7.246955871582031,6.933913230895996,7.614781856536865,7651,0.0,0.0,0.0
2023-03-28 00:00:00+02:00,7.614781856536865,7.19999885559082,6.753912925720215,7.614781856536865,14850,0.0,0.0,0.0
2023-03-29 00:00:00+02:00,7.614781856536865,7.231304168701172,6.863478183746338,7.614781856536865,4703,0.0,0.0,0.0
2023-03-30 00:00:00+02:00,7.614781856536865,7.176520824432373,6.973042964935303,7.614781856536865,3865,0.0,0.0,0.0
2023-04-02 00:00:00+02:00,7.614781856536865,7.223477840423584,7.00434684753418,7.614781856536865,7017,0.0,0.0,0.0
2023-04-03 00:00:00+02:00,7.614781856536865,7.826086044311523,7.082608222961426,7.669565200805664,58437,0.0,0.0,0.0
2023-04-04 00:00:00+02:00,7.669565200805664,7.739998817443848,7.434782028198242,7.669565200805664,17699,0.0,0.0,0.0
2023-04-05 00:00:00+02:00,7.669565200805664,7.826086044311523,7.434782028198242,7.669565200805664,24161,0.0,0.0,0.0
2023-04-06 00:00:00+02:00,7.669565200805664,7.747826099395752,7.51304292678833,7.669565200805664,7443,0.0,0.0,0.0
2023-04-09 00:00:00+02:00,7.669565200805664,7.810433864593506,7.466085910797119,7.669565200805664,32552,0.0,0.0,0.0
2023-04-10 00:00:00+02:00,7.669565200805664,7.669565200805664,7.51304292678833,7.669565200805664,16326,0.0,0.0,0.0
2023-04-11 00:00:00+02:00,7.669565200805664,7.669565200805664,7.528695106506348,7.669565200805664,4412,0.0,0.0,0.0
2023-04-12 00:00:00+02:00,7.669565200805664,7.669565200805664,7.434782028198242,7.669565200805664,4325,0.0,0.0,0.0
2023-04-13 00:00:00+02:00,7.669565200805664,7.732172966003418,7.1295647621154785,7.669565200805664,3466,0.0,0.0,0.0
2023-04-18 00:00:00+02:00,7.669565200805664,7.818260192871094,7.356521129608154,7.669565200805664,18967,0.0,0.0,0.0
2023-04-19 00:00:00+02:00,7.669565200805664,7.826086044311523,7.669565200805664,7.669565200805664,15803,0.0,0.0,0.0
2023-04-26 00:00:00+02:00,7.669565200805664,8.01391315460205,7.685216903686523,7.669565200805664,19147,0.0,0.0,0.0
2023-04-27 00:00:00+02:00,7.669565200805664,8.342608451843262,7.826086044311523,8.139129638671875,46854,0.0,0.0,0.0
2023-04-30 00:00:00+03:00,8.139129638671875,8.295652389526367,7.434782028198242,7.873043060302734,82056,0.0,0.0,0.0
2023-05-01 00:00:00+03:00,7.873043060302734,7.873043060302734,7.873043060302734,7.873043060302734,0,0.0,0.0,0.0
2023-05-02 00:00:00+03:00,7.873043060302734,7.919999122619629,7.591303825378418,7.873043060302734,992,0.0,0.0,0.0
2023-05-03 00:00:00+03:00,7.873043060302734,7.904346942901611,7.51304292678833,7.873043060302734,19566,0.0,0.0,0.0
2023-05-07 00:00:00+03:00,7.873043060302734,7.826086044311523,7.52086877822876,7.873043060302734,6079,0.0,0.0,0.0
2023-05-08 00:00:00+03:00,7.873043060302734,7.826086044311523,7.575652122497559,7.873043060302734,12744,0.0,0.0,0.0
2023-05-09 00:00:00+03:00,7.873043060302734,7.826086044311523,7.614781856536865,7.677391052246094,40228,0.0,0.0,0.0
2023-05-10 00:00:00+03:00,7.677391052246094,7.669565200805664,7.082608222961426,7.356521129608154,58611,0.0,0.0,0.0
2023-05-11 00:00:00+03:00,7.356521129608154,7.873043060302734,7.434782028198242,7.786955833435059,54493,0.0,0.0,0.0
2023-05-14 00:00:00+03:00,7.786955833435059,8.193913459777832,7.786955833435059,7.896521091461182,47864,0.0,0.0,0.0
2023-05-15 00:00:00+03:00,7.896521091461182,7.96695613861084,7.442607879638672,7.896521091461182,34497,0.0,0.0,0.0
2023-05-16 00:00:00+03:00,7.896521091461182,7.896521091461182,7.544346809387207,7.896521091461182,8359,0.0,0.0,0.0
2023-05-17 00:00:00+03:00,7.896521091461182,7.888694763183594,7.442607879638672,7.896521091461182,21262,0.0,0.0,0.0
2023-05-18 00:00:00+03:00,7.896521091461182,7.739998817443848,7.544346809387207,7.896521091461182,18065,0.0,0.0,0.0
2023-05-21 00:00:00+03:00,7.896521091461182,7.747826099395752,7.559998989105225,7.896521091461182,29625,0.0,0.0,0.0
2023-05-22 00:00:00+03:00,7.896521091461182,7.599130153656006,7.559998989105225,7.567825794219971,44308,0.0,0.0,0.0
2023-05-23 00:00:00+03:00,7.567825794219971,7.732172966003418,7.19999885559082,7.411303997039795,55594,0.0,0.0,0.0
2023-05-24 00:00:00+03:00,7.411303997039795,7.669565200805664,7.434782028198242,7.411303997039795,7469,0.0,0.0,0.0
2023-05-25 00:00:00+03:00,7.411303997039795,7.622608184814453,7.356521129608154,7.434782028198242,55921,0.0,0.0,0.0
2023-05-28 00:00:00+03:00,7.434782028198242,7.614781856536865,7.434782028198242,7.434782028198242,16027,0.0,0.0,0.0
2023-05-29 00:00:00+03:00,7.434782028198242,7.591303825378418,7.379999160766602,7.419129848480225,104750,0.0,0.0,0.0
2023-05-30 00:00:00+03:00,7.419129848480225,7.732172966003418,7.434782028198242,7.6460862159729,49637,0.0,0.0,0.0
2023-05-31 00:00:00+03:00,7.6460862159729,7.935651779174805,7.544346809387207,7.818260192871094,68616,0.0,0.0,0.0
2023-06-01 00:00:00+03:00,7.818260192871094,7.904346942901611,7.708694934844971,7.8339128494262695,46396,0.0,0.0,0.0
2023-06-04 00:00:00+03:00,7.8339128494262695,7.943478107452393,7.544346809387207,7.8339128494262695,16051,0.0,0.0,0.0
2023-06-05 00:00:00+03:00,7.8339128494262695,7.826086044311523,7.559998989105225,7.599130153656006,45937,0.0,0.0,0.0
2023-06-06 00:00:00+03:00,7.599130153656006,7.826086044311523,7.567825794219971,7.599130153656006,33215,0.0,0.0,0.0
2023-06-07 00:00:00+03:00,7.599130153656006,7.802608013153076,7.567825794219971,7.599130153656006,24300,0.0,0.0,0.0
2023-06-08 00:00:00+03:00,7.599130153656006,7.802608013153076,7.591303825378418,7.599130153656006,10588,0.0,0.0,0.0
2023-06-11 00:00:00+03:00,7.599130153656006,7.786955833435059,7.591303825378418,7.599130153656006,6390,0.0,0.0,0.0
2023-06-12 00:00:00+03:00,7.599130153656006,7.771304130554199,7.599130153656006,7.599130153656006,1450,0.0,0.0,0.0
2023-06-13 00:00:00+03:00,7.599130153656006,7.919999122619629,7.669565200805664,7.826086044311523,174576,0.0,0.0,0.0
2023-06-14 00:00:00+03:00,7.826086044311523,7.943478107452393,7.700869083404541,7.818260192871094,39097,0.0,0.0,0.0
2023-06-15 00:00:00+03:00,7.818260192871094,7.826086044311523,7.6460862159729,7.747826099395752,44522,0.0,0.0,0.0
2023-06-18 00:00:00+03:00,7.747826099395752,7.818260192871094,7.6382598876953125,7.747826099395752,31165,0.0,0.0,0.0
2023-06-19 00:00:00+03:00,7.747826099395752,7.904346942901611,7.630434036254883,7.708694934844971,129492,0.0,0.0,0.0
2023-06-20 00:00:00+03:00,7.708694934844971,7.865217208862305,7.693043231964111,7.708694934844971,26317,0.0,0.0,0.0
2023-06-21 00:00:00+03:00,7.708694934844971,7.865217208862305,7.669565200805664,7.669565200805664,95832,0.0,0.0,0.0
2023-06-22 00:00:00+03:00,7.669565200805664,7.771304130554199,7.614781856536865,7.724347114562988,48558,0.0,0.0,0.0
2023-06-25 00:00:00+03:00,7.724347114562988,7.826086044311523,7.6539130210876465,7.724347114562988,14056,0.0,0.0,0.0
2023-06-26 00:00:00+03:00,7.724347114562988,7.810433864593506,7.669565200805664,7.739998817443848,44977,0.0,0.0,0.0
2023-07-04 00:00:00+03:00,7.739998817443848,7.904346942901611,7.724347114562988,7.739998817443848,19589,0.0,0.0,0.0
2023-07-05 00:00:00+03:00,7.739998817443848,7.826086044311523,7.708694934844971,7.739998817443848,42998,0.0,0.0,0.0
2023-07-06 00:00:00+03:00,7.739998817443848,7.818260192871094,7.591303825378418,7.739998817443848,37766,0.0,0.0,0.0
2023-07-09 00:00:00+03:00,7.739998817443848,7.669565200805664,7.434782028198242,7.497391223907471,45947,0.0,0.0,0.0
2023-07-10 00:00:00+03:00,7.497391223907471,7.810433864593506,7.30173921585083,7.497391223907471,7876,0.0,0.0,0.0
2023-07-11 00:00:00+03:00,7.497391223907471,8.084346771240234,7.51304292678833,7.747826099395752,38795,0.0,0.0,0.0
2023-07-12 00:00:00+03:00,7.747826099395752,7.927825927734375,7.708694934844971,7.747826099395752,31423,0.0,0.0,0.0
2023-07-13 00:00:00+03:00,7.747826099395752,8.02173900604248,7.724347114562988,7.747826099395752,17878,0.0,0.0,0.0
2023-07-16 00:00:00+03:00,7.747826099395752,7.927825927734375,7.599130153656006,7.747826099395752,35836,0.0,0.0,0.0
2023-07-17 00:00:00+03:00,7.747826099395752,7.896521091461182,7.669565200805664,7.747826099395752,18521,0.0,0.0,0.0
2023-07-18 00:00:00+03:00,7.747826099395752,7.912172794342041,7.747826099395752,7.747826099395752,17965,0.0,0.0,0.0
2023-07-19 00:00:00+03:00,7.747826099395752,7.747826099395752,7.747826099395752,7.747826099395752,0,0.0,0.0,0.0
2023-07-24 00:00:00+03:00,7.747826099395752,7.896521091461182,7.669565200805664,7.747826099395752,20344,0.0,0.0,0.0
2023-07-25 00:00:00+03:00,7.747826099395752,7.826086044311523,7.669565200805664,7.747826099395752,26057,0.0,0.0,0.0
2023-07-26 00:00:00+03:00,7.747826099395752,7.888694763183594,7.708694934844971,7.747826099395752,21894,0.0,0.0,0.0
2023-07-27 00:00:00+03:00,7.747826099395752,7.904346942901611,7.747826099395752,7.747826099395752,2108,0.0,0.0,0.0
2023-07-30 00:00:00+03:00,7.747826099395752,7.865217208862305,7.747826099395752,7.747826099395752,10168,0.0,0.0,0.0
2023-07-31 00:00:00+03:00,7.747826099395752,7.826086044311523,7.747826099395752,7.747826099395752,3669,0.0,0.0,0.0
2023-08-01 00:00:00+03:00,7.747826099395752,7.896521091461182,7.747826099395752,7.747826099395752,10795,0.0,0.0,0.0
2023-08-02 00:00:00+03:00,7.747826099395752,7.826086044311523,7.747826099395752,7.747826099395752,6516,0.0,0.0,0.0
2023-08-03 00:00:00+03:00,7.747826099395752,7.904346942901611,7.693043231964111,7.747826099395752,21208,0.0,0.0,0.0
2023-08-06 00:00:00+03:00,7.747826099395752,7.904346942901611,7.896521091461182,7.747826099395752,6644,0.0,0.0,0.0
2023-08-07 00:00:00+03:00,7.747826099395752,8.02173900604248,7.677391052246094,7.8339128494262695,87180,0.0,0.0,0.0
2023-08-08 00:00:00+03:00,7.8339128494262695,8.01391315460205,7.7165207862854,7.943478107452393,50413,0.0,0.0,0.0
2023-08-09 00:00:00+03:00,7.943478107452393,7.982607841491699,7.826086044311523,7.943478107452393,31020,0.0,0.0,0.0
2023-08-10 00:00:00+03:00,7.943478107452393,7.8339128494262695,7.747826099395752,7.943478107452393,3880,0.0,0.0,0.0
2023-08-13 00:00:00+03:00,7.943478107452393,8.084346771240234,7.8339128494262695,8.006086349487305,58733,0.0,0.0,0.0
2023-08-14 00:00:00+03:00,8.006086349487305,8.264347076416016,8.060869216918945,8.146956443786621,111118,0.0,0.0,0.0
2023-08-15 00:00:00+03:00,8.146956443786621,8.139129638671875,7.912172794342041,8.146956443786621,4085,0.0,0.0,0.0
2023-08-16 00:00:00+03:00,8.146956443786621,8.209565162658691,7.841739177703857,7.943478107452393,56748,0.0,0.0,0.0
2023-08-17 00:00:00+03:00,7.943478107452393,7.982607841491699,7.841739177703857,7.943478107452393,23741,0.0,0.0,0.0
2023-08-20 00:00:00+03:00,7.943478107452393,8.123477935791016,7.841739177703857,7.888694763183594,65383,0.0,0.0,0.0
2023-08-21 00:00:00+03:00,7.888694763183594,8.060869216918945,7.865217208862305,7.919999122619629,73975,0.0,0.0,0.0
2023-08-22 00:00:00+03:00,7.919999122619629,8.217391014099121,7.919999122619629,8.15478229522705,190917,0.0,0.0,0.0
2023-08-23 00:00:00+03:00,8.15478229522705,8.217391014099121,8.006086349487305,8.084346771240234,52286,0.0,0.0,0.0
2023-08-24 00:00:00+03:00,8.084346771240234,8.295652389526367,8.17043399810791,8.248695373535156,53363,0.0,0.0,0.0
2023-08-27 00:00:00+03:00,8.248695373535156,8.428694725036621,8.24086856842041,8.350434303283691,53524,0.0,0.0,0.0
2023-08-28 00:00:00+03:00,8.350434303283691,9.273913383483887,8.342608451843262,8.819998741149902,441381,0.0,0.0,0.0
2023-08-29 00:00:00+03:00,8.819998741149902,9.070433616638184,8.608695030212402,8.686956405639648,123203,0.0,0.0,0.0
2023-08-30 00:00:00+03:00,8.686956405639648,9.117390632629395,8.608695030212402,8.796521186828613,210456,0.0,0.0,0.0
2023-08-31 00:00:00+03:00,8.796521186828613,8.796521186828613,8.796521186828613,8.796521186828613,0,0.0,0.0,0.0
2023-09-03 00:00:00+03:00,8.741739273071289,9.469565391540527,8.647826194763184,9.070433616638184,199564,0.0,0.0,0.0
2023-09-04 00:00:00+03:00,9.070433616638184,9.3521728515625,8.866955757141113,9.054781913757324,128328,0.0,0.0,0.0
2023-09-05 00:00:00+03:00,9.054781913757324,9.461738586425781,8.921738624572754,9.19565200805664,162935,0.0,0.0,0.0
2023-09-06 00:00:00+03:00,9.19565200805664,9.266085624694824,8.921738624572754,8.94521713256836,90595,0.0,0.0,0.0
2023-09-07 00:00:00+03:00,8.94521713256836,9.305216789245605,8.686956405639648,9.12521743774414,103664,0.0,0.0,0.0
2023-09-10 00:00:00+03:00,9.12521743774414,9.12521743774414,9.12521743774414,9.12521743774414,0,0.0,0.0,0.0
2023-09-11 00:00:00+03:00,9.12521743774414,9.07826042175293,8.804347038269043,9.12521743774414,28429,0.0,0.0,0.0
2023-09-12 00:00:00+03:00,9.12521743774414,9.07826042175293,8.882608413696289,8.976520538330078,309797,0.0,0.0,0.0
2023-09-13 00:00:00+03:00,8.976520538330078,8.992173194885254,8.804347038269043,8.976520538330078,25389,0.0,0.0,0.0
2023-09-14 00:00:00+03:00,8.976520538330078,9.508694648742676,8.992173194885254,9.179999351501465,297736,0.0,0.0,0.0
2023-09-17 00:00:00+03:00,9.179999351501465,9.313042640686035,9.101738929748535,9.14869499206543,118260,0.0,0.0,0.0
2023-09-18 00:00:00+03:00,9.14869499206543,9.782608032226562,9.054781913757324,9.774782180786133,352146,0.0,0.0,0.0
2023-09-19 00:00:00+03:00,9.774782180786133,10.18173885345459,9.547825813293457,9.696520805358887,486205,0.0,0.0,0.0
2023-09-20 00:00:00+03:00,9.696520805358887,9.696520805358887,9.696520805358887,9.696520805358887,0,0.0,0.0,0.0
2023-09-21 00:00:00+03:00,9.696520805358887,9.696520805358887,9.696520805358887,9.696520805358887,0,0.0,0.0,0.0
2023-09-24 00:00:00+03:00,9.696520805358887,9.696520805358887,9.696520805358887,9.696520805358887,0,0.0,0.0,0.0
2023-09-25 00:00:00+03:00,9.469565391540527,10.017391204833984,9.594781875610352,9.673043251037598,173646,0.0,0.0,0.0
2023-09-26 00:00:00+03:00,9.673043251037598,10.095651626586914,9.477391242980957,9.626086235046387,181876,0.0,0.0,0.0
2023-09-27 00:00:00+03:00,9.626086235046387,9.626086235046387,9.626086235046387,9.626086235046387,0,0.0,0.0,0.0
2023-10-01 00:00:00+03:00,9.626086235046387,9.626086235046387,9.626086235046387,9.626086235046387,0,0.0,0.0,0.0
2023-10-02 00:00:00+03:00,9.986085891723633,10.134781837463379,9.680869102478027,9.782608032226562,71739,0.0,0.0,0.0
2023-10-03 00:00:00+03:00,9.782608032226562,9.931303977966309,9.399129867553711,9.446085929870605,83382,0.0,0.0,0.0
2023-10-04 00:00:00+03:00,9.446085929870605,9.845216751098633,9.391304016113281,9.743477821350098,96936,0.0,0.0,0.0
2023-10-08 00:00:00+03:00,9.743477821350098,9.782608032226562,9.281739234924316,9.383478164672852,107569,0.0,0.0,0.0
2023-10-09 00:00:00+03:00,9.383478164672852,9.539999008178711,9.289565086364746,9.383478164672852,70477,0.0,0.0,0.0
2023-10-10 00:00:00+03:00,9.383478164672852,9.766956329345703,9.391304016113281,9.673043251037598,50723,0.0,0.0,0.0
2023-10-11 00:00:00+03:00,9.673043251037598,9.91565227508545,9.500868797302246,9.626086235046387,145031,0.0,0.0,0.0
2023-10-12 00:00:00+03:00,9.62600040435791,9.600000381469727,8.130000114440918,9.149999618530273,325359,0.0,1.277778,0.0
2023-10-15 00:00:00+03:00,9.149999618530273,9.390000343322754,9.029999732971191,9.15999984741211,112725,0.0,0.0,0.0
2023-10-16 00:00:00+03:00,9.15999984741211,9.369999885559082,9.109999656677246,9.180000305175781,121660,0.0,0.0,0.0
2023-10-17 00:00:00+03:00,9.180000305175781,9.399999618530273,9.119999885559082,9.220000267028809,91403,0.0,0.0,0.0
2023-10-18 00:00:00+03:00,9.220000267028809,9.319999694824219,9.15999984741211,9.229999542236328,89888,0.0,0.0,0.0
2023-10-19 00:00:00+03:00,9.229999542236328,9.229999542236328,9.229999542236328,9.229999542236328,0,0.0,0.0,0.0
2023-10-22 00:00:00+03:00,8.930000305175781,9.100000381469727,8.819999694824219,9.010000228881836,64915,0.0,0.0,0.0
2023-10-23 00:00:00+03:00,9.010000228881836,9.210000038146973,8.920000076293945,9.1899995803833,119220,0.0,0.0,0.0
2023-10-24 00:00:00+03:00,9.1899995803833,9.699999809265137,9.050000190734863,9.569999694824219,346380,0.0,0.0,0.0
2023-10-25 00:00:00+03:00,9.569999694824219,9.989999771118164,9.5,9.880000114440918,144014,0.0,0.0,0.0
2023-10-26 00:00:00+03:00,9.880000114440918,10.100000381469727,9.770000457763672,9.850000381469727,100185,0.0,0.0,0.0
2023-10-29 00:00:00+02:00,9.850000381469727,10.149999618530273,9.800000190734863,9.84000015258789,57196,0.0,0.0,0.0
2023-10-30 00:00:00+02:00,9.84000015258789,10.390000343322754,9.699999809265137,10.149999618530273,138194,0.0,0.0,0.0
2023-10-31 00:00:00+02:00,10.149999618530273,10.369999885559082,9.819999694824219,9.880000114440918,143146,0.0,0.0,0.0
2023-11-01 00:00:00+02:00,9.880000114440918,10.260000228881836,9.770000457763672,9.979999542236328,115438,0.0,0.0,0.0
2023-11-02 00:00:00+02:00,9.979999542236328,10.199999809265137,9.880000114440918,9.960000038146973,39593,0.0,0.0,0.0
2023-11-05 00:00:00+02:00,9.960000038146973,10.350000381469727,9.970000267028809,10.050000190734863,45173,0.0,0.0,0.0
2023-11-06 00:00:00+02:00,10.050000190734863,10.199999809265137,9.899999618530273,9.9399995803833,84476,0.0,0.0,0.0
2023-11-07 00:00:00+02:00,9.9399995803833,10.140000343322754,9.899999618530273,10.010000228881836,110914,0.0,0.0,0.0
2023-11-08 00:00:00+02:00,10.010000228881836,10.9399995803833,10.050000190734863,10.369999885559082,424761,0.0,0.0,0.0
2023-11-09 00:00:00+02:00,10.369999885559082,11.0,10.300000190734863,10.520000457763672,328820,0.0,0.0,0.0
2023-11-12 00:00:00+02:00,10.520000457763672,10.960000038146973,10.470000267028809,10.739999771118164,244224,0.0,0.0,0.0
2023-11-13 00:00:00+02:00,10.739999771118164,11.0,10.699999809265137,10.710000038146973,94288,0.0,0.0,0.0
2023-11-14 00:00:00+02:00,10.710000038146973,11.0,10.25,10.890000343322754,241193,0.0,0.0,0.0
2023-11-15 00:00:00+02:00,10.890000343322754,12.4399995803833,11.0,12.140000343322754,481476,0.0,0.0,0.0
2023-11-16 00:00:00+02:00,12.140000343322754,12.449999809265137,11.949999809265137,12.079999923706055,125014,0.0,0.0,0.0
2023-11-19 00:00:00+02:00,12.079999923706055,12.800000190734863,12.0,12.520000457763672,121815,0.0,0.0,0.0
2023-11-20 00:00:00+02:00,12.520000457763672,12.649999618530273,12.149999618530273,12.359999656677246,58308,0.0,0.0,0.0
2023-11-21 00:00:00+02:00,12.359999656677246,12.59000015258789,12.170000076293945,12.279999732971191,29395,0.0,0.0,0.0
2023-11-22 00:00:00+02:00,12.279999732971191,12.59000015258789,12.0,12.109999656677246,174188,0.0,0.0,0.0
2023-11-23 00:00:00+02:00,12.109999656677246,12.380000114440918,12.050000190734863,12.289999961853027,34766,0.0,0.0,0.0
2023-11-26 00:00:00+02:00,12.289999961853027,12.5,12.0,12.050000190734863,65715,0.0,0.0,0.0
2023-11-27 00:00:00+02:00,12.050000190734863,12.550000190734863,12.010000228881836,12.460000038146973,68145,0.0,0.0,0.0
2023-11-28 00:00:00+02:00,12.460000038146973,13.199999809265137,12.5,12.779999732971191,153962,0.0,0.0,0.0
2023-11-29 00:00:00+02:00,12.779999732971191,12.800000190734863,12.399999618530273,12.420000076293945,84190,0.0,0.0,0.0
2023-11-30 00:00:00+02:00,12.420000076293945,12.680000305175781,12.220000267028809,12.430000305175781,81586,0.0,0.0,0.0
2023-12-03 00:00:00+02:00,12.430000305175781,12.739999771118164,12.0,12.199999809265137,93024,0.0,0.0,0.0
2023-12-04 00:00:00+02:00,12.199999809265137,12.739999771118164,12.199999809265137,12.210000038146973,94865,0.0,0.0,0.0
2023-12-05 00:00:00+02:00,12.210000038146973,12.449999809265137,12.050000190734863,12.079999923706055,266135,0.0,0.0,0.0
2023-12-06 00:00:00+02:00,12.079999923706055,12.199999809265137,11.90999984741211,12.029999732971191,136429,0.0,0.0,0.0
2023-12-07 00:00:00+02:00,12.029999732971191,12.0,11.800000190734863,11.90999984741211,50190,0.0,0.0,0.0
2023-12-10 00:00:00+02:00,11.90999984741211,12.09000015258789,11.699999809265137,11.779999732971191,118537,0.0,0.0,0.0
2023-12-11 00:00:00+02:00,11.779999732971191,11.869999885559082,11.600000381469727,11.670000076293945,42257,0.0,0.0,0.0
2023-12-12 00:00:00+02:00,11.670000076293945,11.979999542236328,11.5,11.630000114440918,36139,0.0,0.0,0.0
2023-12-13 00:00:00+02:00,11.630000114440918,11.989999771118164,11.529999732971191,11.619999885559082,45322,0.0,0.0,0.0
2023-12-14 00:00:00+02:00,11.619999885559082,12.5,11.720000267028809,12.34000015258789,151501,0.0,0.0,0.0
2023-12-17 00:00:00+02:00,12.34000015258789,12.770000457763672,12.25,12.579999923706055,65334,0.0,0.0,0.0
2023-12-18 00:00:00+02:00,12.579999923706055,12.899999618530273,12.520000457763672,12.699999809265137,69035,0.0,0.0,0.0
2023-12-19 00:00:00+02:00,12.699999809265137,12.859999656677246,12.399999618530273,12.59000015258789,32581,0.0,0.0,0.0
2023-12-20 00:00:00+02:00,12.59000015258789,12.699999809265137,12.3100004196167,12.59000015258789,23740,0.0,0.0,0.0
2023-12-21 00:00:00+02:00,12.59000015258789,12.630000114440918,12.0,12.130000114440918,55661,0.0,0.0,0.0
2023-12-24 00:00:00+02:00,12.130000114440918,12.130000114440918,12.130000114440918,12.130000114440918,0,0.0,0.0,0.0
2023-12-25 00:00:00+02:00,11.979999542236328,12.100000381469727,11.859999656677246,11.979999542236328,7174,0.0,0.0,0.0
2023-12-26 00:00:00+02:00,11.979999542236328,12.0,11.800000190734863,11.979999542236328,15273,0.0,0.0,0.0
2023-12-27 00:00:00+02:00,11.979999542236328,12.3100004196167,11.850000381469727,12.039999961853027,49457,0.0,0.0,0.0
2023-12-28 00:00:00+02:00,12.039999961853027,12.229999542236328,11.899999618530273,11.979999542236328,45268,0.0,0.0,0.0
2023-12-31 00:00:00+02:00,11.979999542236328,12.390000343322754,11.899999618530273,12.010000228881836,47965,0.0,0.0,0.0
2024-01-02 00:00:00+02:00,12.010000228881836,12.399999618530273,12.0,12.229999542236328,32108,0.0,0.0,0.0
2024-01-03 00:00:00+02:00,12.229999542236328,12.600000381469727,12.1899995803833,12.359999656677246,69510,0.0,0.0,0.0
2024-01-04 00:00:00+02:00,12.359999656677246,12.649999618530273,12.210000038146973,12.569999694824219,110036,0.0,0.0,0.0
2024-01-08 00:00:00+02:00,12.569999694824219,13.100000381469727,12.5,12.979999542236328,90128,0.0,0.0,0.0
2024-01-09 00:00:00+02:00,12.979999542236328,15.0,13.0,13.979999542236328,379075,0.0,0.0,0.0
2024-01-10 00:00:00+02:00,13.979999542236328,14.75,13.75,14.039999961853027,94605,0.0,0.0,0.0
2024-01-11 00:00:00+02:00,14.039999961853027,14.25,13.699999809265137,13.8100004196167,27857,0.0,0.0,0.0
2024-01-14 00:00:00+02:00,13.8100004196167,14.0,13.25,13.800000190734863,45813,0.0,0.0,0.0
2024-01-15 00:00:00+02:00,13.800000190734863,14.300000190734863,13.75,14.0,40416,0.0,0.0,0.0
2024-01-16 00:00:00+02:00,14.0,14.300000190734863,13.899999618530273,14.069999694824219,57186,0.0,0.0,0.0
2024-01-17 00:00:00+02:00,14.069999694824219,14.970000267028809,13.920000076293945,14.039999961853027,211842,0.0,0.0,0.0
2024-01-18 00:00:00+02:00,14.039999961853027,14.800000190734863,14.109999656677246,14.180000305175781,69596,0.0,0.0,0.0
2024-01-21 00:00:00+02:00,14.180000305175781,15.1899995803833,14.350000381469727,15.0,164337,0.0,0.0,0.0
2024-01-22 00:00:00+02:00,15.0,15.199999809265137,14.420000076293945,14.510000228881836,78009,0.0,0.0,0.0
2024-01-23 00:00:00+02:00,14.510000228881836,14.84000015258789,14.260000228881836,14.4399995803833,43034,0.0,0.0,0.0
2024-01-24 00:00:00+02:00,14.4399995803833,15.25,14.359999656677246,15.100000381469727,266781,0.0,0.0,0.0
2024-01-28 00:00:00+02:00,15.100000381469727,15.75,15.170000076293945,15.550000190734863,108350,0.0,0.0,0.0
2024-01-29 00:00:00+02:00,15.550000190734863,15.899999618530273,15.399999618530273,15.5,171761,0.0,0.0,0.0
2024-01-30 00:00:00+02:00,15.5,16.15999984741211,15.4399995803833,16.030000686645508,198201,0.0,0.0,0.0
2024-01-31 00:00:00+02:00,16.030000686645508,16.030000686645508,14.699999809265137,14.859999656677246,112728,0.0,0.0,0.0
2024-02-01 00:00:00+02:00,14.859999656677246,15.989999771118164,14.5,14.949999809265137,98092,0.0,0.0,0.0
2024-02-04 00:00:00+02:00,14.949999809265137,15.600000381469727,14.600000381469727,15.029999732971191,91514,0.0,0.0,0.0
2024-02-05 00:00:00+02:00,15.029999732971191,15.680000305175781,15.0,15.380000114440918,40053,0.0,0.0,0.0
2024-02-06 00:00:00+02:00,15.380000114440918,15.880000114440918,15.029999732971191,15.40999984741211,27291,0.0,0.0,0.0
2024-02-07 00:00:00+02:00,14.177200317382812,14.250800132751465,13.661999702453613,13.855199813842773,97938,0.0,0.0,0.0
2024-02-08 00:00:00+02:00,13.855199813842773,14.508399963378906,13.708000183105469,13.726400375366211,159117,0.0,0.0,0.0
2024-02-11 00:00:00+02:00,13.726400375366211,14.029999732971191,13.708000183105469,13.735600471496582,43515,0.0,0.0,0.0
2024-02-12 00:00:00+02:00,13.735600471496582,14.029999732971191,13.616000175476074,13.956399917602539,39858,0.0,0.0,0.0
2024-02-13 00:00:00+02:00,13.956399917602539,14.250800132751465,13.708000183105469,13.82759952545166,74022,0.0,0.0,0.0
2024-02-14 00:00:00+02:00,13.82800006866455,14.5,13.8100004196167,13.989999771118164,43549,0.0,1.086957,0.0
2024-02-15 00:00:00+02:00,13.989999771118164,14.399999618530273,13.90999984741211,14.0,51699,0.0,0.0,0.0
2024-02-18 00:00:00+02:00,14.0,14.0,14.0,14.0,0,0.0,0.0,0.0
2024-02-19 00:00:00+02:00,14.130000114440918,14.399999618530273,14.149999618530273,14.210000038146973,76102,0.0,0.0,0.0
2024-02-20 00:00:00+02:00,14.210000038146973,14.479999542236328,14.100000381469727,14.229999542236328,102165,0.0,0.0,0.0
2024-02-21 00:00:00+02:00,14.229999542236328,14.479999542236328,14.199999809265137,14.350000381469727,82195,0.0,0.0,0.0
2024-02-22 00:00:00+02:00,14.350000381469727,15.300000190734863,14.5,14.989999771118164,586852,0.0,0.0,0.0
2024-02-25 00:00:00+02:00,14.989999771118164,14.6899995803833,14.210000038146973,14.470000267028809,125448,0.0,0.0,0.0
2024-02-26 00:00:00+02:00,14.470000267028809,14.729999542236328,14.220000267028809,14.539999961853027,112360,0.0,0.0,0.0
2024-02-27 00:00:00+02:00,14.539999961853027,14.989999771118164,14.5,14.670000076293945,116499,0.0,0.0,0.0
2024-02-28 00:00:00+02:00,14.670000076293945,14.949999809265137,14.40999984741211,14.489999771118164,102323,0.0,0.0,0.0
2024-02-29 00:00:00+02:00,14.489999771118164,15.800000190734863,14.319999694824219,15.229999542236328,252756,0.0,0.0,0.0
2024-03-03 00:00:00+02:00,15.229999542236328,15.699999809265137,15.199999809265137,15.569999694824219,195437,0.0,0.0,0.0
2024-03-04 00:00:00+02:00,15.569999694824219,15.800000190734863,15.460000038146973,15.600000381469727,182168,0.0,0.0,0.0
2024-03-05 00:00:00+02:00,15.600000381469727,15.979999542236328,15.390000343322754,15.399999618530273,150135,0.0,0.0,0.0
2024-03-06 00:00:00+02:00,15.399999618530273,17.969999313354492,15.699999809265137,16.31999969482422,936755,0.0,0.0,0.0
2024-03-07 00:00:00+02:00,16.31999969482422,17.5,16.010000228881836,16.700000762939453,192817,0.0,0.0,0.0
2024-03-10 00:00:00+02:00,16.700000762939453,17.0,16.40999984741211,16.520000457763672,161121,0.0,0.0,0.0
2024-03-11 00:00:00+02:00,16.520000457763672,16.969999313354492,16.010000228881836,16.049999237060547,78403,0.0,0.0,0.0
2024-03-12 00:00:00+02:00,16.049999237060547,16.479999542236328,15.75,15.789999961853027,76907,0.0,0.0,0.0
2024-03-13 00:00:00+02:00,15.789999961853027,15.739999771118164,15.25,15.3100004196167,33106,0.0,0.0,0.0
2024-03-14 00:00:00+02:00,15.3100004196167,15.5,15.0,15.199999809265137,20632,0.0,0.0,0.0
2024-03-17 00:00:00+02:00,15.199999809265137,15.510000228881836,15.0,15.09000015258789,35381,0.0,0.0,0.0
2024-03-18 00:00:00+02:00,15.09000015258789,14.800000190734863,14.010000228881836,14.170000076293945,57558,0.0,0.0,0.0
2024-03-19 00:00:00+02:00,14.170000076293945,14.050000190734863,13.520000457763672,13.920000076293945,69708,0.0,0.0,0.0
2024-03-20 00:00:00+02:00,13.920000076293945,14.289999961853027,13.819999694824219,13.920000076293945,19312,0.0,0.0,0.0
2024-03-21 00:00:00+02:00,13.920000076293945,14.140000343322754,13.8100004196167,13.920000076293945,14635,0.0,0.0,0.0
2024-03-24 00:00:00+02:00,13.920000076293945,14.199999809265137,13.699999809265137,13.789999961853027,44874,0.0,0.0,0.0
2024-03-25 00:00:00+02:00,13.789999961853027,14.600000381469727,13.699999809265137,13.960000038146973,47125,0.0,0.0,0.0
2024-03-26 00:00:00+02:00,13.960000038146973,14.220000267028809,13.949999809265137,13.960000038146973,16773,0.0,0.0,0.0
2024-03-27 00:00:00+02:00,13.960000038146973,13.960000038146973,13.779999732971191,13.960000038146973,20167,0.0,0.0,0.0
2024-03-28 00:00:00+02:00,13.960000038146973,13.800000190734863,13.100000381469727,13.420000076293945,38124,0.0,0.0,0.0
2024-03-31 00:00:00+02:00,13.420000076293945,13.5,12.699999809265137,13.050000190734863,35338,0.0,0.0,0.0
2024-04-01 00:00:00+02:00,13.050000190734863,13.949999809265137,12.800000190734863,13.140000343322754,61661,0.0,0.0,0.0
2024-04-02 00:00:00+02:00,13.140000343322754,14.0,13.600000381469727,13.9399995803833,78492,0.0,0.0,0.0
2024-04-03 00:00:00+02:00,13.9399995803833,14.0,13.680000305175781,13.9399995803833,6889,0.0,0.0,0.0
2024-04-04 00:00:00+02:00,13.9399995803833,13.979999542236328,13.699999809265137,13.9399995803833,19156,0.0,0.0,0.0
2024-04-07 00:00:00+02:00,13.9399995803833,14.399999618530273,13.699999809265137,14.010000228881836,102910,0.0,0.0,0.0
2024-04-08 00:00:00+02:00,14.010000228881836,14.399999618530273,13.800000190734863,14.010000228881836,3727,0.0,0.0,0.0
2024-04-15 00:00:00+02:00,14.010000228881836,14.420000076293945,13.770000457763672,14.140000343322754,52854,0.0,0.0,0.0
2024-04-16 00:00:00+02:00,14.140000343322754,14.699999809265137,14.350000381469727,14.520000457763672,56615,0.0,0.0,0.0
2024-04-17 00:00:00+02:00,14.520000457763672,14.779999732971191,14.350000381469727,14.4399995803833,32683,0.0,0.0,0.0
2024-04-18 00:00:00+02:00,14.4399995803833,14.5,14.020000457763672,14.039999961853027,69889,0.0,0.0,0.0
2024-04-21 00:00:00+02:00,14.039999961853027,14.289999961853027,14.0,14.039999961853027,4672,0.0,0.0,0.0
2024-04-22 00:00:00+02:00,14.039999961853027,14.25,13.520000457763672,14.039999961853027,13753,0.0,0.0,0.0
2024-04-23 00:00:00+02:00,14.039999961853027,13.949999809265137,13.199999809265137,13.460000038146973,55942,0.0,0.0,0.0
2024-04-24 00:00:00+02:00,13.460000038146973,13.479999542236328,12.899999618530273,12.989999771118164,33251,0.0,0.0,0.0
2024-04-28 00:00:00+03:00,12.989999771118164,12.989999771118164,12.989999771118164,12.989999771118164,0,0.0,0.0,0.0
2024-04-29 00:00:00+03:00,12.989999771118164,13.0,12.710000038146973,12.899999618530273,52043,0.0,0.0,0.0
2024-04-30 00:00:00+03:00,12.899999618530273,13.210000038146973,12.0,12.109999656677246,56422,0.0,0.0,0.0
2024-05-02 00:00:00+03:00,12.279999732971191,13.199999809265137,12.270000457763672,12.960000038146973,74825,0.0,0.0,0.0
2024-05-07 00:00:00+03:00,12.960000038146973,13.949999809265137,13.029999732971191,13.319999694824219,42124,0.0,0.0,0.0
2024-05-08 00:00:00+03:00,13.319999694824219,13.729999542236328,12.90999984741211,13.319999694824219,19461,0.0,0.0,0.0
2024-05-09 00:00:00+03:00,13.319999694824219,13.100000381469727,12.699999809265137,13.319999694824219,11117,0.0,0.0,0.0
2024-05-12 00:00:00+03:00,13.319999694824219,13.0,12.3100004196167,12.59000015258789,34323,0.0,0.0,0.0
2024-05-13 00:00:00+03:00,12.59000015258789,12.770000457763672,12.020000457763672,12.399999618530273,56290,0.0,0.0,0.0
2024-05-14 00:00:00+03:00,12.399999618530273,12.800000190734863,12.300000190734863,12.489999771118164,52463,0.0,0.0,0.0
2024-05-15 00:00:00+03:00,12.489999771118164,12.65999984741211,12.270000457763672,12.489999771118164,10899,0.0,0.0,0.0
2024-05-16 00:00:00+03:00,12.489999771118164,12.600000381469727,12.199999809265137,12.470000267028809,44843,0.0,0.0,0.0
2024-05-19 00:00:00+03:00,12.470000267028809,13.1899995803833,12.859999656677246,13.0,110009,0.0,0.0,0.0
2024-05-20 00:00:00+03:00,13.0,13.289999961853027,12.90999984741211,13.020000457763672,94548,0.0,0.0,0.0
2024-05-21 00:00:00+03:00,13.020000457763672,13.1899995803833,12.850000381469727,13.020000457763672,14326,0.0,0.0,0.0
2024-05-22 00:00:00+03:00,13.020000457763672,13.130000114440918,12.649999618530273,12.779999732971191,66785,0.0,0.0,0.0
2024-05-23 00:00:00+03:00,12.779999732971191,12.979999542236328,12.710000038146973,12.8100004196167,40719,0.0,0.0,0.0
2024-05-26 00:00:00+03:00,12.8100004196167,12.8100004196167,12.8100004196167,12.8100004196167,0,0.0,0.0,0.0
2024-05-27 00:00:00+03:00,12.989999771118164,13.010000228881836,12.640000343322754,12.699999809265137,66153,0.0,0.0,0.0
2024-05-28 00:00:00+03:00,12.699999809265137,12.84000015258789,12.619999885559082,12.699999809265137,14719,0.0,0.0,0.0
2024-05-29 00:00:00+03:00,12.699999809265137,12.979999542236328,12.670000076293945,12.699999809265137,21509,0.0,0.0,0.0
2024-05-30 00:00:00+03:00,12.699999809265137,12.800000190734863,12.65999984741211,12.699999809265137,22373,0.0,0.0,0.0
2024-06-02 00:00:00+03:00,12.699999809265137,12.970000267028809,12.649999618530273,12.6899995803833,83299,0.0,0.0,0.0
2024-06-03 00:00:00+03:00,12.6899995803833,12.899999618530273,12.59000015258789,12.670000076293945,30913,0.0,0.0,0.0
2024-06-04 00:00:00+03:00,12.670000076293945,12.859999656677246,12.670000076293945,12.670000076293945,4523,0.0,0.0,0.0
2024-06-05 00:00:00+03:00,12.670000076293945,12.829999923706055,12.609999656677246,12.670000076293945,16233,0.0,0.0,0.0
2024-06-06 00:00:00+03:00,12.670000076293945,12.800000190734863,12.430000305175781,12.670000076293945,14425,0.0,0.0,0.0
2024-06-09 00:00:00+03:00,12.670000076293945,12.6899995803833,12.34000015258789,12.670000076293945,6951,0.0,0.0,0.0
2024-06-10 00:00:00+03:00,12.670000076293945,12.600000381469727,12.380000114440918,12.670000076293945,19470,0.0,0.0,0.0
2024-06-11 00:00:00+03:00,12.670000076293945,12.630000114440918,12.399999618530273,12.670000076293945,12448,0.0,0.0,0.0
2024-06-12 00:00:00+03:00,12.670000076293945,12.670000076293945,12.369999885559082,12.670000076293945,4432,0.0,0.0,0.0
2024-06-13 00:00:00+03:00,12.670000076293945,12.680000305175781,12.5,12.670000076293945,8539,0.0,0.0,0.0
2024-06-23 00:00:00+03:00,12.670000076293945,12.720000267028809,12.399999618530273,12.65999984741211,34094,0.0,0.0,0.0
2024-06-24 00:00:00+03:00,12.65999984741211,13.0,12.670000076293945,12.720000267028809,47851,0.0,0.0,0.0
2024-06-25 00:00:00+03:00,12.720000267028809,12.800000190734863,12.600000381469727,12.75,26194,0.0,0.0,0.0
2024-06-26 00:00:00+03:00,12.75,12.869999885559082,12.699999809265137,12.800000190734863,96898,0.0,0.0,0.0
2024-06-27 00:00:00+03:00,12.800000190734863,13.5,12.819999694824219,13.210000038146973,46835,0.0,0.0,0.0
2024-07-02 00:00:00+03:00,13.210000038146973,13.430000305175781,13.119999885559082,13.210000038146973,12985,0.0,0.0,0.0
2024-07-03 00:00:00+03:00,13.210000038146973,13.989999771118164,13.180000305175781,13.5,28574,0.0,0.0,0.0
2024-07-04 00:00:00+03:00,13.5,13.670000076293945,13.170000076293945,13.539999961853027,75631,0.0,0.0,0.0
2024-07-07 00:00:00+03:00,13.539999961853027,13.869999885559082,13.260000228881836,13.489999771118164,25602,0.0,0.0,0.0
2024-07-08 00:00:00+03:00,13.489999771118164,13.739999771118164,13.329999923706055,13.430000305175781,29675,0.0,0.0,0.0
2024-07-09 00:00:00+03:00,13.430000305175781,13.800000190734863,13.399999618530273,13.529999732971191,45389,0.0,0.0,0.0
2024-07-10 00:00:00+03:00,13.529999732971191,13.6899995803833,13.399999618530273,13.479999542236328,25630,0.0,0.0,0.0
2024-07-14 00:00:00+03:00,13.479999542236328,13.6899995803833,13.350000381469727,13.479999542236328,21779,0.0,0.0,0.0
2024-07-15 00:00:00+03:00,13.479999542236328,13.720000267028809,13.050000190734863,13.479999542236328,17896,0.0,0.0,0.0
2024-07-16 00:00:00+03:00,13.479999542236328,13.479999542236328,13.039999961853027,13.479999542236328,19231,0.0,0.0,0.0
2024-07-17 00:00:00+03:00,13.479999542236328,13.789999961853027,13.149999618530273,13.729999542236328,73678,0.0,0.0,0.0
2024-07-18 00:00:00+03:00,13.729999542236328,13.869999885559082,13.609999656677246,13.729999542236328,25552,0.0,0.0,0.0
2024-07-21 00:00:00+03:00,13.729999542236328,13.8100004196167,13.5,13.779999732971191,62345,0.0,0.0,0.0
2024-07-22 00:00:00+03:00,13.779999732971191,14.09000015258789,13.630000114440918,13.989999771118164,104153,0.0,0.0,0.0
2024-07-23 00:00:00+03:00,13.989999771118164,15.25,13.920000076293945,15.029999732971191,160153,0.0,0.0,0.0
2024-07-24 00:00:00+03:00,15.029999732971191,15.199999809265137,14.4399995803833,14.6899995803833,92115,0.0,0.0,0.0
2024-07-28 00:00:00+03:00,14.6899995803833,14.880000114440918,14.34000015258789,14.720000267028809,20713,0.0,0.0,0.0
2024-07-29 00:00:00+03:00,14.720000267028809,14.75,14.15999984741211,14.470000267028809,316486,0.0,0.0,0.0
2024-07-30 00:00:00+03:00,14.470000267028809,14.680000305175781,14.170000076293945,14.470000267028809,16584,0.0,0.0,0.0
2024-07-31 00:00:00+03:00,14.470000267028809,14.800000190734863,14.359999656677246,14.520000457763672,46294,0.0,0.0,0.0
2024-08-01 00:00:00+03:00,14.520000457763672,14.850000381469727,14.40999984741211,14.529999732971191,35448,0.0,0.0,0.0
2024-08-04 00:00:00+03:00,14.529999732971191,14.399999618530273,13.899999618530273,13.960000038146973,51119,0.0,0.0,0.0
2024-08-05 00:00:00+03:00,13.960000038146973,13.899999618530273,13.020000457763672,13.539999961853027,33214,0.0,0.0,0.0
2024-08-06 00:00:00+03:00,13.539999961853027,14.079999923706055,13.5,13.960000038146973,68479,0.0,0.0,0.0
2024-08-07 00:00:00+03:00,13.960000038146973,14.09000015258789,13.699999809265137,13.819999694824219,97134,0.0,0.0,0.0
2024-08-08 00:00:00+03:00,13.819999694824219,14.100000381469727,13.729999542236328,13.930000305175781,34124,0.0,0.0,0.0
2024-08-11 00:00:00+03:00,13.930000305175781,14.399999618530273,13.75,14.050000190734863,102563,0.0,0.0,0.0
2024-08-12 00:00:00+03:00,14.050000190734863,14.329999923706055,13.899999618530273,14.020000457763672,60799,0.0,0.0,0.0
2024-08-13 00:00:00+03:00,14.020000457763672,14.119999885559082,13.8100004196167,14.020000457763672,17325,0.0,0.0,0.0
2024-08-14 00:00:00+03:00,14.020000457763672,14.640000343322754,14.0,14.210000038146973,94036,0.0,0.0,0.0
2024-08-15 00:00:00+03:00,14.210000038146973,14.649999618530273,14.0,14.489999771118164,109857,0.0,0.0,0.0
2024-08-18 00:00:00+03:00,14.489999771118164,14.800000190734863,14.3100004196167,14.640000343322754,22070,0.0,0.0,0.0
2024-08-19 00:00:00+03:00,14.640000343322754,14.640000343322754,14.149999618530273,14.640000343322754,9973,0.0,0.0,0.0
2024-08-20 00:00:00+03:00,14.640000343322754,15.25,14.5,15.079999923706055,122685,0.0,0.0,0.0
2024-08-21 00:00:00+03:00,15.079999923706055,16.43000030517578,14.9399995803833,15.609999656677246,16227536,0.0,0.0,0.0
2024-08-22 00:00:00+03:00,15.609999656677246,15.8100004196167,15.199999809265137,15.329999923706055,134501,0.0,0.0,0.0
2024-08-25 00:00:00+03:00,15.329999923706055,15.729999542236328,15.34000015258789,15.350000381469727,101339,0.0,0.0,0.0
2024-08-26 00:00:00+03:00,15.350000381469727,15.59000015258789,15.319999694824219,15.380000114440918,59676,0.0,0.0,0.0
2024-08-27 00:00:00+03:00,15.380000114440918,15.479999542236328,15.199999809265137,15.229999542236328,44478,0.0,0.0,0.0
2024-08-28 00:00:00+03:00,15.229999542236328,15.369999885559082,15.199999809265137,15.210000038146973,43151,0.0,0.0,0.0
2024-08-29 00:00:00+03:00,15.210000038146973,15.380000114440918,15.199999809265137,15.229999542236328,22087,0.0,0.0,0.0
2024-09-01 00:00:00+03:00,15.229999542236328,15.399999618530273,15.149999618530273,15.25,47490,0.0,0.0,0.0
2024-09-02 00:00:00+03:00,15.25,15.300000190734863,15.149999618530273,15.199999809265137,76963,0.0,0.0,0.0
2024-09-03 00:00:00+03:00,15.199999809265137,15.300000190734863,15.15999984741211,15.220000267028809,45726,0.0,0.0,0.0
2024-09-04 00:00:00+03:00,15.220000267028809,15.239999771118164,15.050000190734863,15.210000038146973,92408,0.0,0.0,0.0
2024-09-05 00:00:00+03:00,15.210000038146973,15.300000190734863,15.210000038146973,15.289999961853027,21191,0.0,0.0,0.0
2024-09-08 00:00:00+03:00,15.289999961853027,15.289999961853027,14.6899995803833,15.119999885559082,107717,0.0,0.0,0.0
2024-09-09 00:00:00+03:00,15.119999885559082,15.350000381469727,15.0,15.220000267028809,60640,0.0,0.0,0.0
2024-09-10 00:00:00+03:00,15.220000267028809,15.350000381469727,15.020000457763672,15.220000267028809,7710,0.0,0.0,0.0
2024-09-11 00:00:00+03:00,15.220000267028809,15.399999618530273,15.079999923706055,15.34000015258789,44169,0.0,0.0,0.0
2024-09-12 00:00:00+03:00,15.34000015258789,15.449999809265137,15.220000267028809,15.34000015258789,13957,0.0,0.0,0.0
2024-09-16 00:00:00+03:00,15.34000015258789,15.4399995803833,15.199999809265137,15.399999618530273,29959,0.0,0.0,0.0
2024-09-17 00:00:00+03:00,15.399999618530273,15.399999618530273,15.15999984741211,15.199999809265137,38426,0.0,0.0,0.0
2024-09-18 00:00:00+03:00,15.199999809265137,15.399999618530273,15.100000381469727,15.199999809265137,31204,0.0,0.0,0.0
2024-09-19 00:00:00+03:00,15.199999809265137,16.190000534057617,15.279999732971191,15.770000457763672,124244,0.0,0.0,0.0
2024-09-22 00:00:00+03:00,15.770000457763672,15.800000190734863,15.300000190734863,15.350000381469727,88450,0.0,0.0,0.0
2024-09-23 00:00:00+03:00,15.350000381469727,15.59000015258789,15.199999809265137,15.3100004196167,59308,0.0,0.0,0.0
2024-09-24 00:00:00+03:00,15.350000381469727,15.649999618530273,15.25,15.279999732971191,83191,0.0,0.0,0.0
2024-09-25 00:00:00+03:00,15.460000038146973,15.5,15.229999542236328,15.350000381469727,33938,0.0,0.0,0.0
2024-09-26 00:00:00+03:00,15.350000381469727,15.649999618530273,15.25,15.380000114440918,83191,0.0,0.0,0.0
2024-09-29 00:00:00+03:00,15.380000114440918,15.649999618530273,15.0,15.380000114440918,150097,0.0,0.0,0.0
2024-09-30 00:00:00+03:00,15.380000114440918,16.25,15.550000190734863,15.859999656677246,343244,0.0,0.0,0.0
2024-10-01 00:00:00+03:00,15.859999656677246,16.1299991607666,15.699999809265137,15.819999694824219,75747,0.0,0.0,0.0
2024-10-02 00:00:00+03:00,15.819999694824219,15.869999885559082,15.029999732971191,15.34000015258789,93585,0.0,0.0,0.0
2024-10-03 00:00:00+03:00,15.34000015258789,15.670000076293945,15.3100004196167,15.399999618530273,40977,0.0,0.0,0.0
2024-10-07 00:00:00+03:00,15.399999618530273,16.200000762939453,15.399999618530273,15.59000015258789,173549,0.0,0.0,0.0
2024-10-08 00:00:00+03:00,15.59000015258789,15.850000381469727,15.050000190734863,15.220000267028809,39655,0.0,0.0,0.0
2024-10-09 00:00:00+03:00,15.220000267028809,15.489999771118164,15.100000381469727,15.210000038146973,26172,0.0,0.0,0.0
2024-10-10 00:00:00+03:00,15.210000038146973,15.600000381469727,15.069999694824219,15.210000038146973,22129,0.0,0.0,0.0
2024-10-13 00:00:00+03:00,15.210000038146973,16.100000381469727,15.170000076293945,15.5,109331,0.0,0.0,0.0
2024-10-14 00:00:00+03:00,15.5,15.699999809265137,15.260000228881836,15.5,12159,0.0,0.0,0.0
2024-10-15 00:00:00+03:00,15.5,15.819999694824219,15.270000457763672,15.5,10687,0.0,0.0,0.0
2024-10-16 00:00:00+03:00,15.5,15.600000381469727,15.100000381469727,15.109999656677246,274563,0.0,0.0,0.0
2024-10-17 00:00:00+03:00,15.109999656677246,15.329999923706055,15.0,15.239999771118164,46838,0.0,0.0,0.0
2024-10-20 00:00:00+03:00,15.239999771118164,15.449999809265137,14.510000228881836,15.069999694824219,26883,0.0,0.0,0.0
2024-10-21 00:00:00+03:00,15.069999694824219,15.300000190734863,14.399999618530273,14.640000343322754,53406,0.0,0.0,0.0
2024-10-22 00:00:00+03:00,14.640000343322754,15.34000015258789,14.800000190734863,15.010000228881836,58102,0.0,0.0,0.0
2024-10-23 00:00:00+03:00,15.010000228881836,15.380000114440918,15.0,15.149999618530273,134524,0.0,0.0,0.0
2024-10-24 00:00:00+03:00,15.149999618530273,15.449999809265137,15.109999656677246,15.270000457763672,59349,0.0,0.0,0.0
2024-10-27 00:00:00+03:00,15.270000457763672,15.539999961853027,15.25,15.399999618530273,58256,0.0,0.0,0.0
2024-10-28 00:00:00+03:00,15.399999618530273,15.869999885559082,15.350000381469727,15.449999809265137,93399,0.0,0.0,0.0
2024-10-29 00:00:00+03:00,15.449999809265137,15.600000381469727,15.279999732971191,15.350000381469727,35595,0.0,0.0,0.0
2024-10-30 00:00:00+03:00,15.350000381469727,15.489999771118164,15.149999618530273,15.289999961853027,20999,0.0,0.0,0.0
2024-10-31 00:00:00+03:00,15.289999961853027,15.5,15.170000076293945,15.5,59452,0.0,0.0,0.0
2024-11-03 00:00:00+02:00,15.5,16.170000076293945,15.399999618530273,16.020000457763672,109219,0.0,0.0,0.0
2024-11-04 00:00:00+02:00,16.020000457763672,16.1200008392334,15.75,15.930000305175781,68004,0.0,0.0,0.0
2024-11-05 00:00:00+02:00,15.930000305175781,16.3700008392334,15.930000305175781,16.100000381469727,102130,0.0,0.0,0.0
2024-11-06 00:00:00+02:00,16.100000381469727,16.3799991607666,16.0,16.010000228881836,48182,0.0,0.0,0.0
2024-11-07 00:00:00+02:00,16.010000228881836,18.010000228881836,15.8100004196167,17.1200008392334,653231,0.0,0.0,0.0
2024-11-10 00:00:00+02:00,17.1200008392334,17.600000381469727,16.530000686645508,16.6200008392334,146267,0.0,0.0,0.0
2024-11-11 00:00:00+02:00,16.6200008392334,17.1200008392334,16.649999618530273,16.8700008392334,42752,0.0,0.0,0.0
2024-11-12 00:00:00+02:00,16.8700008392334,19.010000228881836,17.0,18.90999984741211,610753,0.0,0.0,0.0
2024-11-13 00:00:00+02:00,18.90999984741211,18.899999618530273,18.25,18.549999237060547,96217,0.0,0.0,0.0
2024-11-14 00:00:00+02:00,18.549999237060547,20.290000915527344,18.5,19.520000457763672,409740,0.0,0.0,0.0
2024-11-17 00:00:00+02:00,19.520000457763672,20.3700008392334,19.399999618530273,19.989999771118164,286467,0.0,0.0,0.0
2024-11-18 00:00:00+02:00,19.989999771118164,21.940000534057617,20.200000762939453,20.709999084472656,200684,0.0,0.0,0.0
2024-11-19 00:00:00+02:00,20.709999084472656,22.239999771118164,20.799999237060547,21.809999465942383,504261,0.0,0.0,0.0
2024-11-20 00:00:00+02:00,21.809999465942383,22.860000610351562,21.850000381469727,22.780000686645508,452613,0.0,0.0,0.0
2024-11-21 00:00:00+02:00,22.780000686645508,25.489999771118164,22.350000381469727,24.5,604175,0.0,0.0,0.0
2024-11-24 00:00:00+02:00,24.5,26.139999389648438,23.799999237060547,23.90999984741211,509569,0.0,0.0,0.0
2024-11-25 00:00:00+02:00,23.90999984741211,25.600000381469727,23.5,24.459999084472656,316572,0.0,0.0,0.0
2024-11-26 00:00:00+02:00,24.459999084472656,24.959999084472656,23.450000762939453,23.530000686645508,205009,0.0,0.0,0.0
2024-11-27 00:00:00+02:00,23.530000686645508,24.0,22.84000015258789,23.31999969482422,467515,0.0,0.0,0.0
2024-11-28 00:00:00+02:00,23.31999969482422,23.31999969482422,22.420000076293945,22.700000762939453,105175,0.0,0.0,0.0
2024-12-01 00:00:00+02:00,22.700000762939453,24.5,22.850000381469727,23.610000610351562,175631,0.0,0.0,0.0
2024-12-02 00:00:00+02:00,23.610000610351562,24.75,23.799999237060547,24.510000228881836,181966,0.0,0.0,0.0
2024-12-03 00:00:00+02:00,24.510000228881836,24.520000457763672,23.100000381469727,23.639999389648438,483250,0.0,0.0,0.0
2024-12-04 00:00:00+02:00,23.639999389648438,24.899999618530273,23.5,24.559999465942383,137621,0.0,0.0,0.0
2024-12-05 00:00:00+02:00,24.559999465942383,24.700000762939453,24.010000228881836,24.110000610351562,87006,0.0,0.0,0.0
2024-12-08 00:00:00+02:00,24.110000610351562,25.739999771118164,24.010000228881836,24.920000076293945,166102,0.0,0.0,0.0
2024-12-09 00:00:00+02:00,24.920000076293945,27.5,24.100000381469727,26.850000381469727,965540,0.0,0.0,0.0
2024-12-10 00:00:00+02:00,26.850000381469727,27.1299991607666,24.56999969482422,24.799999237060547,765069,0.0,0.0,0.0
2024-12-11 00:00:00+02:00,24.799999237060547,25.489999771118164,24.3700008392334,24.489999771118164,131434,0.0,0.0,0.0
2024-12-12 00:00:00+02:00,24.489999771118164,25.489999771118164,23.899999618530273,24.049999237060547,173373,0.0,0.0,0.0
2024-12-15 00:00:00+02:00,24.049999237060547,24.5,23.200000762939453,23.31999969482422,125438,0.0,0.0,0.0
2024-12-16 00:00:00+02:00,23.31999969482422,23.75,23.350000381469727,23.579999923706055,485403,0.0,0.0,0.0
2024-12-17 00:00:00+02:00,23.579999923706055,23.850000381469727,22.8700008392334,22.93000030517578,131264,0.0,0.0,0.0
2024-12-18 00:00:00+02:00,22.93000030517578,23.670000076293945,22.799999237060547,23.020000457763672,82745,0.0,0.0,0.0
2024-12-19 00:00:00+02:00,23.020000457763672,23.360000610351562,22.850000381469727,23.299999237060547,40958,0.0,0.0,0.0
2024-12-22 00:00:00+02:00,23.299999237060547,23.56999969482422,22.329999923706055,22.84000015258789,88604,0.0,0.0,0.0
2024-12-23 00:00:00+02:00,22.84000015258789,23.190000534057617,22.360000610351562,22.850000381469727,497226,0.0,0.0,0.0
2024-12-24 00:00:00+02:00,22.850000381469727,23.079999923706055,22.139999389648438,22.290000915527344,96884,0.0,0.0,0.0
2024-12-25 00:00:00+02:00,22.290000915527344,22.899999618530273,21.989999771118164,22.040000915527344,137134,0.0,0.0,0.0
2024-12-26 00:00:00+02:00,22.040000915527344,22.670000076293945,22.0,22.299999237060547,70474,0.0,0.0,0.0
2024-12-29 00:00:00+02:00,22.299999237060547,23.350000381469727,21.309999465942383,23.1299991607666,463065,0.0,0.0,0.0
2024-12-30 00:00:00+02:00,23.1299991607666,23.450000762939453,22.1299991607666,22.280000686645508,169038,0.0,0.0,0.0
2024-12-31 00:00:00+02:00,22.280000686645508,22.739999771118164,21.40999984741211,22.549999237060547,76806,0.0,0.0,0.0
2025-01-02 00:00:00+02:00,22.549999237060547,24.190000534057617,22.1200008392334,23.979999542236328,191852,0.0,0.0,0.0
2025-01-05 00:00:00+02:00,23.979999542236328,24.690000534057617,23.75,23.940000534057617,84259,0.0,0.0,0.0
2025-01-06 00:00:00+02:00,18.41538429260254,18.64615249633789,17.46923065185547,17.769229888916016,130426,0.0,0.0,0.0
2025-01-08 00:00:00+02:00,17.769229888916016,17.992307662963867,17.161537170410156,17.484615325927734,64935,0.0,0.0,0.0
2025-01-09 00:00:00+02:00,17.484615325927734,18.261537551879883,16.930768966674805,17.930768966674805,146091,0.0,0.0,0.0
2025-01-12 00:00:00+02:00,17.930768966674805,17.83846092224121,17.30769157409668,17.653846740722656,64369,0.0,0.0,0.0
2025-01-13 00:00:00+02:00,17.653846740722656,18.046152114868164,17.153846740722656,17.515384674072266,307478,0.0,0.0,0.0
2025-01-14 00:00:00+02:00,17.515384674072266,17.60769271850586,16.538461685180664,17.023075103759766,127983,0.0,0.0,0.0
2025-01-15 00:00:00+02:00,17.023000717163086,17.75,14.260000228881836,17.360000610351562,229620,0.0,1.3,0.0
2025-01-16 00:00:00+02:00,17.360000610351562,17.549999237060547,16.75,16.969999313354492,47413,0.0,0.0,0.0
2025-01-19 00:00:00+02:00,17.360000610351562,17.549999237060547,16.75,16.81999969482422,103814,0.0,0.0,0.0
2025-01-20 00:00:00+02:00,16.780000686645508,17.190000534057617,15.8100004196167,17.040000915527344,420009,0.0,0.0,0.0
2025-01-21 00:00:00+02:00,17.040000915527344,18.5,16.299999237060547,17.899999618530273,1600187,0.0,0.0,0.0
2025-01-22 00:00:00+02:00,17.899999618530273,18.989999771118164,17.510000228881836,18.270000457763672,934549,0.0,0.0,0.0
2025-01-23 00:00:00+02:00,18.270000457763672,18.639999389648438,17.75,18.149999618530273,334473,0.0,0.0,0.0
2025-01-26 00:00:00+02:00,18.149999618530273,18.440000534057617,17.829999923706055,17.920000076293945,125070,0.0,0.0,0.0
2025-01-27 00:00:00+02:00,17.920000076293945,18.1200008392334,15.760000228881836,17.68000030517578,687407,0.0,0.0,0.0
2025-01-28 00:00:00+02:00,17.68000030517578,18.0,17.420000076293945,17.770000457763672,90545,0.0,0.0,0.0
2025-01-29 00:00:00+02:00,17.770000457763672,17.989999771118164,17.270000457763672,17.780000686645508,146818,0.0,0.0,0.0
2025-01-30 00:00:00+02:00,17.780000686645508,17.8700008392334,16.600000381469727,16.68000030517578,1103127,0.0,0.0,0.0
2025-02-02 00:00:00+02:00,16.68000030517578,17.209999084472656,16.68000030517578,17.0,233548,0.0,0.0,0.0
2025-02-03 00:00:00+02:00,17.0,17.270000457763672,16.549999237060547,16.84000015258789,55553,0.0,0.0,0.0
2025-02-04 00:00:00+02:00,16.84000015258789,17.200000762939453,16.709999084472656,16.93000030517578,88559,0.0,0.0,0.0
2025-02-05 00:00:00+02:00,16.93000030517578,17.100000381469727,16.760000228881836,16.809999465942383,61187,0.0,0.0,0.0
2025-02-06 00:00:00+02:00,16.809999465942383,17.049999237060547,16.770000457763672,16.850000381469727,41250,0.0,0.0,0.0
2025-02-09 00:00:00+02:00,16.850000381469727,17.5,16.93000030517578,17.100000381469727,99680,0.0,0.0,0.0
2025-02-10 00:00:00+02:00,17.100000381469727,17.149999618530273,16.850000381469727,16.969999313354492,38799,0.0,0.0,0.0
2025-02-11 00:00:00+02:00,16.969999313354492,17.1299991607666,16.549999237060547,16.68000030517578,51489,0.0,0.0,0.0
2025-02-12 00:00:00+02:00,16.68000030517578,17.0,16.5,16.989999771118164,67441,0.0,0.0,0.0
2025-02-13 00:00:00+02:00,16.989999771118164,18.5,17.100000381469727,18.0,526762,0.0,0.0,0.0
2025-02-16 00:00:00+02:00,18.0,19.299999237060547,18.299999237060547,18.600000381469727,718196,0.0,0.0,0.0
2025-02-17 00:00:00+02:00,18.600000381469727,19.25,18.670000076293945,19.18000030517578,342344,0.0,0.0,0.0
2025-02-18 00:00:00+02:00,19.18000030517578,19.34000015258789,18.700000762939453,18.799999237060547,490466,0.0,0.0,0.0
2025-02-19 00:00:00+02:00,18.799999237060547,19.139999389648438,18.709999084472656,18.770000457763672,94682,0.0,0.0,0.0
2025-02-20 00:00:00+02:00,18.770000457763672,19.06999969482422,18.5,18.860000610351562,116668,0.0,0.0,0.0
2025-02-23 00:00:00+02:00,18.860000610351562,18.969999313354492,18.649999618530273,18.739999771118164,174073,0.0,0.0,0.0
2025-02-24 00:00:00+02:00,18.739999771118164,19.25,18.700000762939453,18.81999969482422,112959,0.0,0.0,0.0
2025-02-25 00:00:00+02:00,18.81999969482422,19.5,18.719999313354492,19.110000610351562,135194,0.0,0.0,0.0
2025-02-26 00:00:00+02:00,19.110000610351562,20.170000076293945,18.989999771118164,20.040000915527344,468332,0.0,0.0,0.0
2025-02-27 00:00:00+02:00,20.040000915527344,20.170000076293945,19.40999984741211,19.59000015258789,109036,0.0,0.0,0.0
2025-03-02 00:00:00+02:00,19.59000015258789,19.899999618530273,19.600000381469727,19.760000228881836,93719,0.0,0.0,0.0
2025-03-03 00:00:00+02:00,19.760000228881836,20.489999771118164,19.709999084472656,19.739999771118164,303375,0.0,0.0,0.0
2025-03-04 00:00:00+02:00,19.739999771118164,19.979999542236328,19.6200008392334,19.68000030517578,85981,0.0,0.0,0.0
2025-03-05 00:00:00+02:00,19.68000030517578,19.899999618530273,19.360000610351562,19.559999465942383,117910,0.0,0.0,0.0
2025-03-06 00:00:00+02:00,19.559999465942383,19.799999237060547,19.5,19.65999984741211,109660,0.0,0.0,0.0
2025-03-09 00:00:00+02:00,19.65999984741211,19.969999313354492,19.43000030517578,19.520000457763672,60470,0.0,0.0,0.0
2025-03-10 00:00:00+02:00,19.520000457763672,19.799999237060547,19.34000015258789,19.3700008392334,46186,0.0,0.0,0.0
2025-03-11 00:00:00+02:00,19.3700008392334,19.5,19.200000762939453,19.399999618530273,51733,0.0,0.0,0.0
2025-03-12 00:00:00+02:00,19.399999618530273,19.729999542236328,19.270000457763672,19.459999084472656,73985,0.0,0.0,0.0
2025-03-13 00:00:00+02:00,19.459999084472656,19.979999542236328,19.350000381469727,19.770000457763672,245007,0.0,0.0,0.0
2025-03-16 00:00:00+02:00,19.770000457763672,21.899999618530273,19.829999923706055,21.739999771118164,411641,0.0,0.0,0.0
2025-03-17 00:00:00+02:00,21.739999771118164,22.959999084472656,21.809999465942383,21.93000030517578,262105,0.0,0.0,0.0
2025-03-18 00:00:00+02:00,21.93000030517578,22.5,20.440000534057617,21.389999389648438,391446,0.0,0.0,0.0
2025-03-19 00:00:00+02:00,21.389999389648438,21.899999618530273,21.270000457763672,21.360000610351562,162999,0.0,0.0,0.0
2025-03-20 00:00:00+02:00,21.360000610351562,21.799999237060547,20.100000381469727,21.229999542236328,110979,0.0,0.0,0.0
2025-03-23 00:00:00+02:00,21.229999542236328,22.0,21.0,21.799999237060547,355282,0.0,0.0,0.0
2025-03-24 00:00:00+02:00,21.799999237060547,22.079999923706055,21.700000762939453,21.799999237060547,110488,0.0,0.0,0.0
2025-03-25 00:00:00+02:00,21.799999237060547,21.979999542236328,21.459999084472656,21.829999923706055,103680,0.0,0.0,0.0
2025-03-26 00:00:00+02:00,21.829999923706055,21.979999542236328,21.639999389648438,21.75,66104,0.0,0.0,0.0
2025-03-27 00:00:00+02:00,21.75,21.959999084472656,21.6299991607666,21.899999618530273,158065,0.0,0.0,0.0
2025-04-03 00:00:00+02:00,21.899999618530273,23.5,21.850000381469727,22.510000228881836,167253,0.0,0.0,0.0
2025-04-06 00:00:00+02:00,22.510000228881836,22.219999313354492,21.350000381469727,21.420000076293945,429571,0.0,0.0,0.0
2025-04-07 00:00:00+02:00,21.420000076293945,21.399999618530273,20.799999237060547,21.09000015258789,88078,0.0,0.0,0.0
2025-04-08 00:00:00+02:00,21.09000015258789,21.799999237060547,21.200000762939453,21.3700008392334,96854,0.0,0.0,0.0
2025-04-09 00:00:00+02:00,21.3700008392334,21.729999542236328,20.700000762939453,21.0,169255,0.0,0.0,0.0
2025-04-10 00:00:00+02:00,21.0,21.979999542236328,21.049999237060547,21.389999389648438,68132,0.0,0.0,0.0
2025-04-13 00:00:00+02:00,21.389999389648438,21.700000762939453,20.809999465942383,21.40999984741211,391514,0.0,0.0,0.0
2025-04-14 00:00:00+02:00,21.40999984741211,21.649999618530273,21.09000015258789,21.510000228881836,25194,0.0,0.0,0.0
2025-04-15 00:00:00+02:00,21.510000228881836,21.559999465942383,21.200000762939453,21.399999618530273,40114,0.0,0.0,0.0
2025-04-16 00:00:00+02:00,21.399999618530273,21.549999237060547,21.049999237060547,21.200000762939453,196870,0.0,0.0,0.0
2025-04-17 00:00:00+02:00,21.200000762939453,21.56999969482422,21.049999237060547,21.239999771118164,118145,0.0,0.0,0.0
2025-04-22 00:00:00+02:00,21.239999771118164,22.5,21.209999084472656,22.149999618530273,88776,0.0,0.0,0.0
2025-04-23 00:00:00+02:00,22.149999618530273,22.510000228881836,21.899999618530273,21.989999771118164,135005,0.0,0.0,0.0
2025-04-27 00:00:00+03:00,21.989999771118164,22.790000915527344,21.829999923706055,22.579999923706055,80510,0.0,0.0,0.0
2025-04-28 00:00:00+03:00,22.579999923706055,23.399999618530273,22.110000610351562,22.959999084472656,74346,0.0,0.0,0.0
2025-04-29 00:00:00+03:00,22.959999084472656,23.100000381469727,22.399999618530273,22.489999771118164,57530,0.0,0.0,0.0
2025-04-30 00:00:00+03:00,22.489999771118164,22.799999237060547,22.299999237060547,22.459999084472656,149957,0.0,0.0,0.0
2025-05-04 00:00:00+03:00,22.459999084472656,22.93000030517578,22.469999313354492,22.770000457763672,40265,0.0,0.0,0.0
2025-05-05 00:00:00+03:00,22.770000457763672,22.940000534057617,22.5,22.6200008392334,48713,0.0,0.0,0.0
2025-05-06 00:00:00+03:00,22.6200008392334,22.920000076293945,22.559999465942383,22.68000030517578,31746,0.0,0.0,0.0
2025-05-07 00:00:00+03:00,22.68000030517578,23.469999313354492,22.700000762939453,22.950000762939453,441064,0.0,0.0,0.0
2025-05-08 00:00:00+03:00,22.950000762939453,23.290000915527344,22.700000762939453,22.860000610351562,146519,0.0,0.0,0.0
2025-05-11 00:00:00+03:00,22.860000610351562,23.799999237060547,22.809999465942383,23.06999969482422,36356,0.0,0.0,0.0
2025-05-12 00:00:00+03:00,23.06999969482422,24.200000762939453,23.100000381469727,24.020000457763672,57210,0.0,0.0,0.0
2025-05-13 00:00:00+03:00,24.020000457763672,25.200000762939453,24.040000915527344,24.309999465942383,129102,0.0,0.0,0.0
2025-05-14 00:00:00+03:00,24.309999465942383,24.90999984741211,24.309999465942383,24.530000686645508,352241,0.0,0.0,0.0
2025-05-15 00:00:00+03:00,24.530000686645508,24.799999237060547,24.489999771118164,24.510000228881836,146595,0.0,0.0,0.0
2025-05-18 00:00:00+03:00,24.510000228881836,25.25,24.489999771118164,24.920000076293945,66979,0.0,0.0,0.0
2025-05-19 00:00:00+03:00,24.920000076293945,25.0,24.299999237060547,24.459999084472656,54204,0.0,0.0,0.0
2025-05-20 00:00:00+03:00,24.459999084472656,24.799999237060547,24.260000228881836,24.579999923706055,13860,0.0,0.0,0.0
2025-05-21 00:00:00+03:00,24.579999923706055,24.75,23.25,23.389999389648438,561869,0.0,0.0,0.0
2025-05-22 00:00:00+03:00,23.389999389648438,23.690000534057617,23.06999969482422,23.260000228881836,68208,0.0,0.0,0.0
2025-05-25 00:00:00+03:00,23.260000228881836,23.549999237060547,23.100000381469727,23.40999984741211,151242,0.0,0.0,0.0
2025-05-26 00:00:00+03:00,23.40999984741211,23.610000610351562,23.1200008392334,23.360000610351562,27349,0.0,0.0,0.0
2025-05-27 00:00:00+03:00,23.360000610351562,23.600000381469727,23.15999984741211,23.520000457763672,23708,0.0,0.0,0.0
2025-05-28 00:00:00+03:00,23.520000457763672,23.649999618530273,23.25,23.459999084472656,169094,0.0,0.0,0.0
2025-05-29 00:00:00+03:00,23.459999084472656,23.559999465942383,23.15999984741211,23.420000076293945,26349,0.0,0.0,0.0
2025-06-01 00:00:00+03:00,23.420000076293945,24.479999542236328,23.420000076293945,24.239999771118164,166883,0.0,0.0,0.0
2025-06-02 00:00:00+03:00,24.239999771118164,24.700000762939453,23.75,24.459999084472656,25063,0.0,0.0,0.0
2025-06-03 00:00:00+03:00,24.459999084472656,27.0,24.25,25.940000534057617,280049,0.0,0.0,0.0
2025-06-04 00:00:00+03:00,25.940000534057617,26.5,25.280000686645508,25.489999771118164,78417,0.0,0.0,0.0
2025-06-10 00:00:00+03:00,25.489999771118164,26.479999542236328,25.280000686645508,25.959999084472656,113696,0.0,0.0,0.0
2025-06-11 00:00:00+03:00,25.959999084472656,25.959999084472656,25.200000762939453,25.290000915527344,82942,0.0,0.0,0.0
2025-06-12 00:00:00+03:00,25.290000915527344,25.600000381469727,24.010000228881836,24.209999084472656,258685,0.0,0.0,0.0
2025-06-15 00:00:00+03:00,24.209999084472656,23.899999618530273,22.100000381469727,23.139999389648438,49095,0.0,0.0,0.0
2025-06-16 00:00:00+03:00,23.139999389648438,24.59000015258789,23.09000015258789,23.540000915527344,35907,0.0,0.0,0.0
2025-06-17 00:00:00+03:00,23.540000915527344,24.450000762939453,23.100000381469727,23.75,20196,0.0,0.0,0.0
2025-06-18 00:00:00+03:00,23.75,23.90999984741211,22.5,23.139999389648438,47515,0.0,0.0,0.0
2025-06-19 00:00:00+03:00,23.139999389648438,23.899999618530273,23.020000457763672,23.1299991607666,47900,0.0,0.0,0.0
2025-06-22 00:00:00+03:00,23.1299991607666,23.799999237060547,22.5,23.440000534057617,49500,0.0,0.0,0.0
2025-06-23 00:00:00+03:00,23.440000534057617,24.100000381469727,23.610000610351562,23.780000686645508,71260,0.0,0.0,0.0
2025-06-24 00:00:00+03:00,23.780000686645508,24.8799991607666,24.0,24.479999542236328,189234,0.0,0.0,0.0
2025-06-25 00:00:00+03:00,24.479999542236328,24.899999618530273,24.329999923706055,24.6200008392334,51082,0.0,0.0,0.0
2025-06-29 00:00:00+03:00,24.6200008392334,24.899999618530273,24.059999465942383,24.360000610351562,44768,0.0,0.0,0.0
2025-06-30 00:00:00+03:00,24.360000610351562,24.799999237060547,24.200000762939453,24.329999923706055,27603,0.0,0.0,0.0
2025-07-01 00:00:00+03:00,24.329999923706055,24.0,21.600000381469727,23.309999465942383,182097,0.0,0.0,0.0
2025-07-02 00:00:00+03:00,23.309999465942383,23.549999237060547,23.030000686645508,23.190000534057617,191564,0.0,0.0,0.0
2025-07-06 00:00:00+03:00,23.190000534057617,23.8700008392334,22.899999618530273,23.649999618530273,45325,0.0,0.0,0.0
2025-07-07 00:00:00+03:00,23.649999618530273,23.8700008392334,23.299999237060547,23.639999389648438,36104,0.0,0.0,0.0
2025-07-09 00:00:00+03:00,23.639999389648438,23.860000610351562,23.360000610351562,23.6200008392334,49432,0.0,0.0,0.0
2025-07-10 00:00:00+03:00,23.6200008392334,23.84000015258789,23.299999237060547,23.389999389648438,26363,0.0,0.0,0.0
2025-07-13 00:00:00+03:00,23.389999389648438,23.780000686645508,23.110000610351562,23.389999389648438,54380,0.0,0.0,0.0
2025-07-14 00:00:00+03:00,23.389999389648438,24.170000076293945,23.200000762939453,23.920000076293945,75284,0.0,0.0,0.0
2025-07-15 00:00:00+03:00,23.920000076293945,24.389999389648438,23.719999313354492,23.940000534057617,214199,0.0,0.0,0.0
2025-07-16 00:00:00+03:00,23.940000534057617,24.0,23.5,23.690000534057617,29517,0.0,0.0,0.0
2025-07-17 00:00:00+03:00,23.690000534057617,23.81999969482422,23.5,23.530000686645508,23235,0.0,0.0,0.0
2025-07-20 00:00:00+03:00,23.530000686645508,24.0,23.559999465942383,23.690000534057617,25881,0.0,0.0,0.0
2025-07-21 00:00:00+03:00,23.690000534057617,23.850000381469727,23.649999618530273,23.790000915527344,31443,0.0,0.0,0.0
2025-07-22 00:00:00+03:00,23.790000915527344,24.239999771118164,23.700000762939453,24.059999465942383,57896,0.0,0.0,0.0
2025-07-23 00:00:00+03:00,24.059999465942383,24.059999465942383,24.059999465942383,24.059999465942383,0,0.0,0.0,0.0
2025-07-27 00:00:00+03:00,23.93000030517578,24.239999771118164,23.90999984741211,23.989999771118164,29459,0.0,0.0,0.0
2025-07-28 00:00:00+03:00,23.989999771118164,24.25,23.90999984741211,23.989999771118164,11730,0.0,0.0,0.0
2025-07-29 00:00:00+03:00,23.989999771118164,24.239999771118164,23.75,23.780000686645508,28763,0.0,0.0,0.0
2025-07-30 00:00:00+03:00,23.780000686645508,24.0,23.719999313354492,23.790000915527344,17138,0.0,0.0,0.0
2025-07-31 00:00:00+03:00,23.790000915527344,23.979999542236328,23.450000762939453,23.520000457763672,13722,0.0,0.0,0.0
2025-08-03 00:00:00+03:00,23.520000457763672,23.520000457763672,23.520000457763672,23.520000457763672,0,0.0,0.0,0.0
2025-08-04 00:00:00+03:00,23.520000457763672,23.520000457763672,23.520000457763672,23.520000457763672,0,0.0,0.0,0.0
2025-08-05 00:00:00+03:00,23.520000457763672,23.520000457763672,23.520000457763672,23.520000457763672,0,0.0,0.0,0.0
2025-08-06 00:00:00+03:00,23.520000457763672,23.520000457763672,23.520000457763672,23.520000457763672,0,0.0,0.0,0.0
2025-08-07 00:00:00+03:00,23.520000457763672,23.520000457763672,23.520000457763672,23.520000457763672,0,0.0,0.0,0.0
2025-08-10 00:00:00+03:00,24.469999313354492,25.0,24.5,24.959999084472656,42025,0.0,0.0,0.0
2025-08-11 00:00:00+03:00,24.959999084472656,25.700000762939453,25.049999237060547,25.219999313354492,104490,0.0,0.0,0.0
2025-08-12 00:00:00+03:00,25.219999313354492,25.5,24.579999923706055,25.0,40727,0.0,0.0,0.0
2025-08-13 00:00:00+03:00,25.0,25.5,24.700000762939453,24.959999084472656,20926,0.0,0.0,0.0
2025-08-14 00:00:00+03:00,24.959999084472656,25.25,24.059999465942383,24.81999969482422,26996,0.0,0.0,0.0
2025-08-17 00:00:00+03:00,24.81999969482422,25.18000030517578,24.5,24.6299991607666,107515,0.0,0.0,0.0
2025-08-18 00:00:00+03:00,24.6299991607666,24.75,24.549999237060547,24.670000076293945,13651,0.0,0.0,0.0
2025-08-19 00:00:00+03:00,24.670000076293945,24.979999542236328,24.5,24.739999771118164,18818,0.0,0.0,0.0
2025-08-20 00:00:00+03:00,24.739999771118164,24.950000762939453,24.40999984741211,24.5,33415,0.0,0.0,0.0
2025-08-21 00:00:00+03:00,24.5,24.75,24.209999084472656,24.5,13198,0.0,0.0,0.0
2025-08-24 00:00:00+03:00,24.5,24.75,24.0,24.479999542236328,91426,0.0,0.0,0.0
2025-08-25 00:00:00+03:00,24.479999542236328,24.59000015258789,24.100000381469727,24.3700008392334,16261,0.0,0.0,0.0
2025-08-26 00:00:00+03:00,24.3700008392334,24.559999465942383,23.770000457763672,24.5,74359,0.0,0.0,0.0
2025-08-27 00:00:00+03:00,24.5,29.0,24.100000381469727,24.260000228881836,190664,0.0,0.0,0.0
2025-08-28 00:00:00+03:00,24.260000228881836,25.5,24.5,24.700000762939453,56130,0.0,0.0,0.0
2025-08-31 00:00:00+03:00,24.700000762939453,25.270000457763672,24.600000381469727,24.670000076293945,214483,0.0,0.0,0.0
2025-09-01 00:00:00+03:00,24.670000076293945,25.239999771118164,24.5,25.040000915527344,19154,0.0,0.0,0.0
2025-09-02 00:00:00+03:00,25.040000915527344,25.170000076293945,24.610000610351562,25.040000915527344,199230,0.0,0.0,0.0
2025-09-03 00:00:00+03:00,25.040000915527344,25.239999771118164,24.81999969482422,25.040000915527344,6079,0.0,0.0,0.0
2025-09-07 00:00:00+03:00,25.040000915527344,25.0,24.219999313354492,24.479999542236328,17038,0.0,0.0,0.0
2025-09-08 00:00:00+03:00,24.479999542236328,24.790000915527344,24.329999923706055,24.350000381469727,19048,0.0,0.0,0.0
2025-09-09 00:00:00+03:00,24.350000381469727,24.59000015258789,24.25,24.299999237060547,202799,0.0,0.0,0.0
2025-09-10 00:00:00+03:00,24.299999237060547,24.5,24.229999542236328,24.299999237060547,3825,0.0,0.0,0.0
2025-09-11 00:00:00+03:00,24.299999237060547,24.479999542236328,24.25,24.299999237060547,2796,0.0,0.0,0.0
2025-09-14 00:00:00+03:00,24.299999237060547,24.690000534057617,24.270000457763672,24.299999237060547,4752,0.0,0.0,0.0
2025-09-15 00:00:00+03:00,24.299999237060547,24.5,24.280000686645508,24.299999237060547,7762,0.0,0.0,0.0
2025-09-16 00:00:00+03:00,24.299999237060547,24.299999237060547,24.0,24.290000915527344,184717,0.0,0.0,0.0
2025-09-17 00:00:00+03:00,24.290000915527344,24.200000762939453,23.5,23.760000228881836,20572,0.0,0.0,0.0
2025-09-18 00:00:00+03:00,23.760000228881836,24.68000030517578,23.25,23.799999237060547,23571,0.0,0.0,0.0
2025-09-21 00:00:00+03:00,23.799999237060547,24.0,23.399999618530273,23.799999237060547,1413,0.0,0.0,0.0
2025-09-22 00:00:00+03:00,23.799999237060547,24.0,23.25,23.459999084472656,24438,0.0,0.0,0.0
2025-09-23 00:00:00+03:00,23.459999084472656,23.979999542236328,22.420000076293945,23.200000762939453,201478,0.0,0.0,0.0
2025-09-24 00:00:00+03:00,23.200000762939453,23.399999618530273,23.0,23.229999542236328,24058,0.0,0.0,0.0
2025-09-25 00:00:00+03:00,23.229999542236328,23.889999389648438,23.209999084472656,23.440000534057617,93421,0.0,0.0,0.0
2025-09-28 00:00:00+03:00,23.440000534057617,23.84000015258789,23.239999771118164,23.440000534057617,5592,0.0,0.0,0.0
2025-09-29 00:00:00+03:00,23.440000534057617,24.100000381469727,23.520000457763672,23.610000610351562,31589,0.0,0.0,0.0
2025-09-30 00:00:00+03:00,23.610000610351562,25.780000686645508,23.600000381469727,25.020000457763672,252816,0.0,0.0,0.0
2025-10-01 00:00:00+03:00,25.020000457763672,26.950000762939453,24.5,25.09000015258789,91693,0.0,0.0,0.0
2025-10-02 00:00:00+03:00,25.09000015258789,26.0,25.09000015258789,25.969999313354492,51539,0.0,0.0,0.0
2025-10-05 00:00:00+03:00,25.969999313354492,26.56999969482422,25.399999618530273,26.420000076293945,251335,0.0,0.0,0.0
2025-10-06 00:00:00+03:00,26.420000076293945,26.700000762939453,26.010000228881836,26.510000228881836,65106,0.0,0.0,0.0
2025-10-07 00:00:00+03:00,26.510000228881836,26.700000762939453,26.100000381469727,26.610000610351562,47371,0.0,0.0,0.0
2025-10-08 00:00:00+03:00,26.610000610351562,27.489999771118164,26.1200008392334,27.3799991607666,63492,0.0,0.0,0.0
2025-10-12 00:00:00+03:00,27.3799991607666,27.790000915527344,26.5,26.889999389648438,30400,0.0,0.0,0.0
2025-10-13 00:00:00+03:00,26.889999389648438,27.489999771118164,27.0,27.280000686645508,13597,0.0,0.0,0.0
2025-10-14 00:00:00+03:00,27.280000686645508,28.899999618530273,27.329999923706055,28.709999084472656,115601,0.0,0.0,0.0
2025-10-15 00:00:00+03:00,28.709999084472656,29.399999618530273,28.100000381469727,29.100000381469727,76350,0.0,0.0,0.0
2025-10-16 00:00:00+03:00,29.100000381469727,31.479999542236328,28.65999984741211,30.309999465942383,160849,0.0,0.0,0.0
2025-10-19 00:00:00+03:00,30.309999465942383,31.8799991607666,30.1200008392334,31.170000076293945,30103,0.0,0.0,0.0
2025-10-20 00:00:00+03:00,31.170000076293945,32.97999954223633,31.170000076293945,32.790000915527344,81644,0.0,0.0,0.0
2025-10-21 00:00:00+03:00,32.790000915527344,34.5,29.299999237060547,32.31999969482422,228931,0.0,0.0,0.0
2025-10-22 00:00:00+03:00,32.31999969482422,33.70000076293945,31.25,31.829999923706055,53993,0.0,0.0,0.0
2025-10-23 00:00:00+03:00,31.829999923706055,32.849998474121094,31.799999237060547,31.969999313354492,32554,0.0,0.0,0.0
2025-10-26 00:00:00+03:00,31.969999313354492,32.47999954223633,31.309999465942383,31.610000610351562,36733,0.0,0.0,0.0
2025-10-27 00:00:00+03:00,31.610000610351562,31.989999771118164,30.899999618530273,31.110000610351562,42262,0.0,0.0,0.0
2025-10-28 00:00:00+03:00,31.110000610351562,31.8799991607666,30.200000762939453,30.780000686645508,32757,0.0,0.0,0.0
2025-10-29 00:00:00+03:00,30.780000686645508,36.0,30.5,33.349998474121094,565947,0.0,0.0,0.0
2025-10-30 00:00:00+03:00,33.349998474121094,39.38999938964844,34.0,39.38999938964844,982922,0.0,0.0,0.0
2025-11-02 00:00:00+02:00,39.38999938964844,42.4900016784668,38.11000061035156,38.849998474121094,682743,0.0,0.0,0.0
2025-11-03 00:00:00+02:00,38.849998474121094,39.900001525878906,38.0099983215332,38.939998626708984,215955,0.0,0.0,0.0
2025-11-04 00:00:00+02:00,38.939998626708984,42.0,39.0,40.0,424797,0.0,0.0,0.0
2025-11-05 00:00:00+02:00,40.0,41.45000076293945,38.810001373291016,39.040000915527344,203595,0.0,0.0,0.0
2025-11-06 00:00:00+02:00,39.040000915527344,41.9900016784668,39.06999969482422,40.04999923706055,444466,0.0,0.0,0.0
2025-11-09 00:00:00+02:00,40.04999923706055,42.0,40.0099983215332,41.119998931884766,165220,0.0,0.0,0.0
2025-11-10 00:00:00+02:00,41.119998931884766,41.880001068115234,39.5,39.5099983215332,160506,0.0,0.0,0.0
2025-11-11 00:00:00+02:00,39.5099983215332,41.79999923706055,39.5099983215332,40.04999923706055,413968,0.0,0.0,0.0
2025-11-12 00:00:00+02:00,40.04999923706055,41.290000915527344,39.11000061035156,40.0,93931,0.0,0.0,0.0
2025-11-13 00:00:00+02:00,40.0,41.04999923706055,39.38999938964844,40.0,112144,0.0,0.0,0.0
2025-11-16 00:00:00+02:00,40.0,42.5,40.0,40.56999969482422,414491,0.0,0.0,0.0
2025-11-17 00:00:00+02:00,40.56999969482422,41.0,40.0,40.5099983215332,95486,0.0,0.0,0.0
2025-11-18 00:00:00+02:00,40.5099983215332,41.0,38.27000045776367,39.040000915527344,78176,0.0,0.0,0.0
2025-11-19 00:00:00+02:00,39.040000915527344,40.0,38.40999984741211,38.5099983215332,42299,0.0,0.0,0.0
2025-11-20 00:00:00+02:00,38.5099983215332,39.0,38.20000076293945,38.33000183105469,35758,0.0,0.0,0.0
2025-11-23 00:00:00+02:00,38.33000183105469,40.4900016784668,38.400001525878906,39.15999984741211,63138,0.0,0.0,0.0
2025-11-24 00:00:00+02:00,39.15999984741211,39.439998626708984,38.25,38.5,19560,0.0,0.0,0.0
2025-11-25 00:00:00+02:00,38.5,39.130001068115234,37.540000915527344,37.97999954223633,51035,0.0,0.0,0.0
2025-11-26 00:00:00+02:00,37.97999954223633,38.0,36.619998931884766,37.06999969482422,184228,0.0,0.0,0.0
2025-11-27 00:00:00+02:00,37.06999969482422,38.0,36.79999923706055,37.58000183105469,16473,0.0,0.0,0.0
2025-11-30 00:00:00+02:00,37.58000183105469,39.20000076293945,38.0,38.25,144490,0.0,0.0,0.0
2025-12-01 00:00:00+02:00,38.25,39.439998626708984,38.220001220703125,38.38999938964844,45911,0.0,0.0,0.0
2025-12-02 00:00:00+02:00,38.38999938964844,38.9900016784668,38.22999954223633,38.40999984741211,167449,0.0,0.0,0.0
2025-12-03 00:00:00+02:00,38.40999984741211,39.5,38.41999816894531,38.849998474121094,91807,0.0,0.0,0.0
2025-12-04 00:00:00+02:00,38.849998474121094,39.400001525878906,38.72999954223633,38.779998779296875,52862,0.0,0.0,0.0
2025-12-07 00:00:00+02:00,38.779998779296875,39.20000076293945,38.25,38.380001068115234,38914,0.0,0.0,0.0
2025-12-08 00:00:00+02:00,38.380001068115234,38.88999938964844,37.95000076293945,38.0,43962,0.0,0.0,0.0
2025-12-09 00:00:00+02:00,38.0,38.5,37.900001525878906,38.0099983215332,114412,0.0,0.0,0.0
2025-12-10 00:00:00+02:00,38.0099983215332,38.630001068115234,37.79999923706055,37.810001373291016,75550,0.0,0.0,0.0
2025-12-11 00:00:00+02:00,37.810001373291016,38.34000015258789,37.70000076293945,37.7599983215332,25954,0.0,0.0,0.0
2025-12-14 00:00:00+02:00,37.7599983215332,38.189998626708984,37.349998474121094,37.400001525878906,84161,0.0,0.0,0.0
2025-12-15 00:00:00+02:00,37.400001525878906,37.77000045776367,37.0,37.04999923706055,95522,0.0,0.0,0.0
2025-12-16 00:00:00+02:00,37.04999923706055,37.400001525878906,36.91999816894531,37.150001525878906,31629,0.0,0.0,0.0
2025-12-17 00:00:00+02:00,37.150001525878906,37.290000915527344,36.70000076293945,37.150001525878906,6780,0.0,0.0,0.0
2025-12-18 00:00:00+02:00,37.150001525878906,37.290000915527344,36.79999923706055,37.0099983215332,23672,0.0,0.0,0.0
2025-12-21 00:00:00+02:00,37.0099983215332,38.189998626708984,36.86000061035156,37.25,85072,0.0,0.0,0.0
2025-12-22 00:00:00+02:00,37.25,38.0,37.25,37.290000915527344,21931,0.0,0.0,0.0
2025-12-23 00:00:00+02:00,37.290000915527344,38.18000030517578,37.439998626708984,37.81999969482422,19673,0.0,0.0,0.0
2025-12-24 00:00:00+02:00,37.81999969482422,38.790000915527344,37.900001525878906,38.02000045776367,58855,0.0,0.0,0.0
2025-12-25 00:00:00+02:00,38.02000045776367,38.349998474121094,37.0,37.41999816894531,90021,0.0,0.0,0.0
2025-12-28 00:00:00+02:00,37.41999816894531,38.70000076293945,37.349998474121094,38.369998931884766,44248,0.0,0.0,0.0
2025-12-29 00:00:00+02:00,38.369998931884766,39.880001068115234,37.720001220703125,38.70000076293945,31759,0.0,0.0,0.0
2025-12-30 00:00:00+02:00,38.70000076293945,39.66999816894531,38.33000183105469,38.66999816894531,17133,0.0,0.0,0.0
2025-12-31 00:00:00+02:00,38.66999816894531,39.29999923706055,37.5099983215332,37.58000183105469,49801,0.0,0.0,0.0
2026-01-04 00:00:00+02:00,37.58000183105469,38.34000015258789,37.20000076293945,37.599998474121094,14558,0.0,0.0,0.0
2026-01-05 00:00:00+02:00,37.599998474121094,38.9900016784668,37.11000061035156,37.34000015258789,56486,0.0,0.0,0.0
2026-01-06 00:00:00+02:00,37.34000015258789,37.790000915527344,36.099998474121094,37.150001525878906,29986,0.0,0.0,0.0
2026-01-08 00:00:00+02:00,37.150001525878906,38.650001525878906,37.150001525878906,38.47999954223633,53295,0.0,0.0,0.0
2026-01-11 00:00:00+02:00,38.47999954223633,44.0,38.349998474121094,42.13999938964844,409887,0.0,0.0,0.0
2026-01-12 00:00:00+02:00,42.13999938964844,43.79999923706055,41.16999816894531,42.20000076293945,247604,0.0,0.0,0.0
2026-01-13 00:00:00+02:00,42.20000076293945,42.97999954223633,40.79999923706055,41.0,46402,0.0,0.0,0.0
2026-01-14 00:00:00+02:00,41.0,41.90999984741211,38.56999969482422,40.0,76549,0.0,0.0,0.0
2026-01-15 00:00:00+02:00,40.0,43.79999923706055,39.5,40.220001220703125,357965,0.0,0.0,0.0
2026-01-18 00:00:00+02:00,40.220001220703125,41.5,40.529998779296875,40.97999954223633,113213,0.0,0.0,0.0
2026-01-19 00:00:00+02:00,40.97999954223633,42.779998779296875,41.150001525878906,41.18000030517578,193615,0.0,0.0,0.0
2026-01-20 00:00:00+02:00,41.18000030517578,43.5,41.439998626708984,42.0099983215332,243406,0.0,0.0,0.0
2026-01-21 00:00:00+02:00,42.0099983215332,43.369998931884766,42.0,42.33000183105469,210204,0.0,0.0,0.0
2026-01-22 00:00:00+02:00,42.33000183105469,43.47999954223633,42.400001525878906,42.529998779296875,71148,0.0,0.0,0.0
2026-01-25 00:00:00+02:00,42.529998779296875,43.0,42.0,42.310001373291016,62875,0.0,0.0,0.0
2026-01-26 00:00:00+02:00,42.310001373291016,42.79999923706055,41.20000076293945,41.84000015258789,42307,0.0,0.0,0.0
2026-01-27 00:00:00+02:00,41.84000015258789,42.75,41.70000076293945,42.38999938964844,77003,0.0,0.0,0.0
2026-01-28 00:00:00+02:00,42.38999938964844,42.93000030517578,41.70000076293945,41.93000030517578,119854,0.0,0.0,0.0
2026-02-01 00:00:00+02:00,41.93000030517578,42.79999923706055,40.25,40.7599983215332,55808,0.0,0.0,0.0
2026-02-02 00:00:00+02:00,40.7599983215332,42.47999954223633,40.29999923706055,40.810001373291016,116130,0.0,0.0,0.0
2026-02-03 00:00:00+02:00,40.810001373291016,41.790000915527344,40.720001220703125,40.83000183105469,80595,0.0,0.0,0.0
2026-02-04 00:00:00+02:00,40.83000183105469,41.599998474121094,40.599998474121094,40.720001220703125,131832,0.0,0.0,0.0
