Date,Open,High,Low,Close,Volume,Dividends,Stock Splits,Capital Gains
2021-01-03 00:00:00+02:00,3.309999942779541,3.359999895095825,3.299999952316284,3.3399999141693115,137866,0.0,0.0,0.0
2021-01-04 00:00:00+02:00,3.3399999141693115,3.299999952316284,3.2100000381469727,3.240000009536743,161235,0.0,0.0,0.0
2021-01-05 00:00:00+02:00,3.240000009536743,3.319999933242798,3.1700000762939453,3.25,173625,0.0,0.0,0.0
2021-01-06 00:00:00+02:00,3.25,3.309999942779541,3.200000047683716,3.2699999809265137,390140,0.0,0.0,0.0
2021-01-10 00:00:00+02:00,3.2699999809265137,3.4100000858306885,3.2200000286102295,3.359999895095825,1290110,0.0,0.0,0.0
2021-01-11 00:00:00+02:00,3.359999895095825,3.359999895095825,3.200000047683716,3.2899999618530273,737424,0.0,0.0,0.0
2021-01-12 00:00:00+02:00,3.2899999618530273,3.3299999237060547,3.25,3.2899999618530273,729992,0.0,0.0,0.0
2021-01-13 00:00:00+02:00,3.2899999618530273,3.390000104904175,3.25,3.299999952316284,469840,0.0,0.0,0.0
2021-01-14 00:00:00+02:00,3.299999952316284,3.2899999618530273,3.200000047683716,3.2300000190734863,457967,0.0,0.0,0.0
2021-01-17 00:00:00+02:00,3.2300000190734863,3.4200000762939453,3.25,3.3499999046325684,1292087,0.0,0.0,0.0
2021-01-18 00:00:00+02:00,3.3499999046325684,3.380000114440918,3.240000009536743,3.2699999809265137,544467,0.0,0.0,0.0
2021-01-19 00:00:00+02:00,3.2699999809265137,3.5899999141693115,3.2699999809265137,3.4700000286102295,2836215,0.0,0.0,0.0
2021-01-20 00:00:00+02:00,3.4700000286102295,3.6500000953674316,3.5,3.5799999237060547,1131489,0.0,0.0,0.0
2021-01-21 00:00:00+02:00,3.5799999237060547,3.75,3.450000047683716,3.640000104904175,1748591,0.0,0.0,0.0
2021-01-24 00:00:00+02:00,3.640000104904175,3.9200000762939453,3.6500000953674316,3.8299999237060547,3305840,0.0,0.0,0.0
2021-01-25 00:00:00+02:00,3.8299999237060547,3.8299999237060547,3.8299999237060547,3.8299999237060547,0,0.0,0.0,0.0
2021-01-26 00:00:00+02:00,4.0,4.130000114440918,3.859999895095825,3.9800000190734863,2755669,0.0,0.0,0.0
2021-01-27 00:00:00+02:00,3.9800000190734863,4.170000076293945,3.930000066757202,4.019999980926514,2247842,0.0,0.0,0.0
2021-01-31 00:00:00+02:00,4.019999980926514,4.179999828338623,3.859999895095825,4.070000171661377,2565985,0.0,0.0,0.0
2021-02-01 00:00:00+02:00,4.070000171661377,4.230000019073486,4.019999980926514,4.139999866485596,1915700,0.0,0.0,0.0
2021-02-02 00:00:00+02:00,4.139999866485596,4.190000057220459,4.039999961853027,4.119999885559082,1540783,0.0,0.0,0.0
2021-02-03 00:00:00+02:00,4.119999885559082,4.53000020980835,4.119999885559082,4.369999885559082,4636154,0.0,0.0,0.0
2021-02-04 00:00:00+02:00,4.369999885559082,4.670000076293945,4.440000057220459,4.53000020980835,1473606,0.0,0.0,0.0
2021-02-07 00:00:00+02:00,4.53000020980835,4.900000095367432,4.630000114440918,4.75,1837067,0.0,0.0,0.0
2021-02-08 00:00:00+02:00,4.75,4.849999904632568,4.360000133514404,4.579999923706055,1077130,0.0,0.0,0.0
2021-02-09 00:00:00+02:00,4.579999923706055,4.75,4.400000095367432,4.630000114440918,953790,0.0,0.0,0.0
2021-02-10 00:00:00+02:00,4.630000114440918,4.699999809265137,4.5,4.599999904632568,605917,0.0,0.0,0.0
2021-02-11 00:00:00+02:00,4.599999904632568,4.809999942779541,4.559999942779541,4.739999771118164,1117107,0.0,0.0,0.0
2021-02-14 00:00:00+02:00,4.739999771118164,4.96999979019165,4.699999809265137,4.840000152587891,1701125,0.0,0.0,0.0
2021-02-15 00:00:00+02:00,4.840000152587891,5.059999942779541,4.849999904632568,4.949999809265137,1306544,0.0,0.0,0.0
2021-02-16 00:00:00+02:00,4.949999809265137,5.110000133514404,4.960000038146973,5.03000020980835,1253904,0.0,0.0,0.0
2021-02-17 00:00:00+02:00,5.03000020980835,5.079999923706055,4.809999942779541,4.920000076293945,913366,0.0,0.0,0.0
2021-02-18 00:00:00+02:00,4.920000076293945,5.079999923706055,4.849999904632568,4.960000038146973,981325,0.0,0.0,0.0
2021-02-21 00:00:00+02:00,4.960000038146973,5.239999771118164,5.099999904632568,5.179999828338623,1333663,0.0,0.0,0.0
2021-02-22 00:00:00+02:00,5.179999828338623,5.25,5.079999923706055,5.179999828338623,1022354,0.0,0.0,0.0
2021-02-23 00:00:00+02:00,5.179999828338623,5.190000057220459,4.920000076293945,5.070000171661377,1151024,0.0,0.0,0.0
2021-02-24 00:00:00+02:00,5.070000171661377,5.199999809265137,4.900000095367432,5.059999942779541,1508902,0.0,0.0,0.0
2021-02-25 00:00:00+02:00,5.059999942779541,5.400000095367432,5.159999847412109,5.300000190734863,1873811,0.0,0.0,0.0
2021-02-28 00:00:00+02:00,5.300000190734863,5.5,5.199999809265137,5.369999885559082,925991,0.0,0.0,0.0
2021-03-01 00:00:00+02:00,5.369999885559082,5.480000019073486,5.269999980926514,5.369999885559082,574632,0.0,0.0,0.0
2021-03-02 00:00:00+02:00,5.369999885559082,5.5,5.010000228881836,5.320000171661377,1331025,0.0,0.0,0.0
2021-03-03 00:00:00+02:00,5.320000171661377,5.199999809265137,4.789999961853027,4.909999847412109,1321398,0.0,0.0,0.0
2021-03-04 00:00:00+02:00,4.909999847412109,4.909999847412109,4.909999847412109,4.909999847412109,0,0.0,0.0,0.0
2021-03-07 00:00:00+02:00,5.119999885559082,5.420000076293945,5.199999809265137,5.329999923706055,1456709,0.0,0.0,0.0
2021-03-08 00:00:00+02:00,5.329999923706055,5.360000133514404,5.03000020980835,5.210000038146973,1382058,0.0,0.0,0.0
2021-03-09 00:00:00+02:00,5.210000038146973,5.28000020980835,5.03000020980835,5.139999866485596,860956,0.0,0.0,0.0
2021-03-10 00:00:00+02:00,5.139999866485596,5.199999809265137,4.980000019073486,5.059999942779541,683888,0.0,0.0,0.0
2021-03-11 00:00:00+02:00,5.059999942779541,5.130000114440918,4.989999771118164,5.03000020980835,329737,0.0,0.0,0.0
2021-03-14 00:00:00+02:00,5.03000020980835,5.150000095367432,4.909999847412109,5.039999961853027,868356,0.0,0.0,0.0
2021-03-15 00:00:00+02:00,5.039999961853027,5.0,4.539999961853027,4.760000228881836,1459688,0.0,0.0,0.0
2021-03-16 00:00:00+02:00,4.760000228881836,4.860000133514404,4.650000095367432,4.730000019073486,893531,0.0,0.0,0.0
2021-03-17 00:00:00+02:00,4.730000019073486,4.929999828338623,4.769999980926514,4.860000133514404,424420,0.0,0.0,0.0
2021-03-18 00:00:00+02:00,4.860000133514404,4.889999866485596,4.670000076293945,4.769999980926514,314845,0.0,0.0,0.0
2021-03-21 00:00:00+02:00,4.769999980926514,4.800000190734863,4.449999809265137,4.570000171661377,381310,0.0,0.0,0.0
2021-03-22 00:00:00+02:00,4.570000171661377,4.559999942779541,4.119999885559082,4.21999979019165,984737,0.0,0.0,0.0
2021-03-23 00:00:00+02:00,4.21999979019165,4.25,3.799999952316284,3.950000047683716,1561314,0.0,0.0,0.0
2021-03-24 00:00:00+02:00,3.950000047683716,4.199999809265137,3.869999885559082,3.9700000286102295,924155,0.0,0.0,0.0
2021-03-25 00:00:00+02:00,3.9700000286102295,3.940000057220459,3.630000114440918,3.819999933242798,299650,0.0,0.0,0.0
2021-03-28 00:00:00+02:00,3.819999933242798,3.9000000953674316,3.7799999713897705,3.819999933242798,467598,0.0,0.0,0.0
2021-03-29 00:00:00+02:00,3.819999933242798,4.150000095367432,3.8299999237060547,3.990000009536743,941480,0.0,0.0,0.0
2021-03-30 00:00:00+02:00,3.990000009536743,4.199999809265137,4.050000190734863,4.130000114440918,654161,0.0,0.0,0.0
2021-03-31 00:00:00+02:00,4.130000114440918,4.110000133514404,3.9600000381469727,4.019999980926514,373200,0.0,0.0,0.0
2021-04-01 00:00:00+02:00,4.019999980926514,4.389999866485596,3.990000009536743,4.239999771118164,1535575,0.0,0.0,0.0
2021-04-04 00:00:00+02:00,4.239999771118164,4.420000076293945,4.130000114440918,4.210000038146973,597513,0.0,0.0,0.0
2021-04-05 00:00:00+02:00,4.210000038146973,4.179999828338623,3.7899999618530273,3.859999895095825,1023265,0.0,0.0,0.0
2021-04-06 00:00:00+02:00,3.859999895095825,3.869999885559082,3.5199999809265137,3.7300000190734863,415767,0.0,0.0,0.0
2021-04-07 00:00:00+02:00,3.7300000190734863,3.799999952316284,3.569999933242798,3.700000047683716,498572,0.0,0.0,0.0
2021-04-08 00:00:00+02:00,3.700000047683716,3.950000047683716,3.6500000953674316,3.8399999141693115,790140,0.0,0.0,0.0
2021-04-11 00:00:00+02:00,3.8399999141693115,4.019999980926514,3.880000114440918,3.950000047683716,725044,0.0,0.0,0.0
2021-04-12 00:00:00+02:00,3.950000047683716,4.139999866485596,3.9000000953674316,4.059999942779541,848996,0.0,0.0,0.0
2021-04-13 00:00:00+02:00,4.059999942779541,4.110000133514404,3.680000066757202,3.890000104904175,753085,0.0,0.0,0.0
2021-04-14 00:00:00+02:00,3.890000104904175,3.930000066757202,3.509999990463257,3.609999895095825,689988,0.0,0.0,0.0
2021-04-15 00:00:00+02:00,3.609999895095825,3.8399999141693115,3.609999895095825,3.75,779493,0.0,0.0,0.0
2021-04-18 00:00:00+02:00,3.75,4.119999885559082,3.759999990463257,3.990000009536743,1570576,0.0,0.0,0.0
2021-04-19 00:00:00+02:00,3.990000009536743,4.380000114440918,4.050000190734863,4.269999980926514,1532245,0.0,0.0,0.0
2021-04-20 00:00:00+02:00,4.269999980926514,4.46999979019165,4.25,4.389999866485596,796127,0.0,0.0,0.0
2021-04-21 00:00:00+02:00,4.389999866485596,4.650000095367432,4.429999828338623,4.559999942779541,2090956,0.0,0.0,0.0
2021-04-22 00:00:00+02:00,4.559999942779541,4.789999961853027,4.519999980926514,4.690000057220459,924378,0.0,0.0,0.0
2021-04-25 00:00:00+02:00,4.690000057220459,4.800000190734863,4.550000190734863,4.650000095367432,778208,0.0,0.0,0.0
2021-04-26 00:00:00+02:00,4.650000095367432,4.639999866485596,4.5,4.579999923706055,827240,0.0,0.0,0.0
2021-04-27 00:00:00+02:00,4.579999923706055,4.659999847412109,4.53000020980835,4.619999885559082,1134359,0.0,0.0,0.0
2021-04-28 00:00:00+02:00,4.619999885559082,4.929999828338623,4.5,4.769999980926514,2087297,0.0,0.0,0.0
2021-05-04 00:00:00+02:00,4.769999980926514,5.03000020980835,4.690000057220459,4.909999847412109,906405,0.0,0.0,0.0
2021-05-05 00:00:00+02:00,4.909999847412109,4.909999847412109,4.730000019073486,4.809999942779541,506678,0.0,0.0,0.0
2021-05-06 00:00:00+02:00,4.809999942779541,4.880000114440918,4.710000038146973,4.809999942779541,691473,0.0,0.0,0.0
2021-05-09 00:00:00+02:00,4.809999942779541,4.880000114440918,4.610000133514404,4.739999771118164,1135009,0.0,0.0,0.0
2021-05-10 00:00:00+02:00,4.739999771118164,4.769999980926514,4.510000228881836,4.659999847412109,357046,0.0,0.0,0.0
2021-05-11 00:00:00+02:00,4.659999847412109,4.739999771118164,4.5,4.579999923706055,867624,0.0,0.0,0.0
2021-05-17 00:00:00+02:00,4.579999923706055,4.829999923706055,4.599999904632568,4.679999828338623,1309680,0.0,0.0,0.0
2021-05-18 00:00:00+02:00,4.679999828338623,4.849999904632568,4.619999885559082,4.760000228881836,1682606,0.0,0.0,0.0
2021-05-19 00:00:00+02:00,4.760000228881836,4.869999885559082,4.559999942779541,4.679999828338623,1186869,0.0,0.0,0.0
2021-05-20 00:00:00+02:00,4.679999828338623,4.690000057220459,4.5,4.579999923706055,638567,0.0,0.0,0.0
2021-05-23 00:00:00+02:00,4.579999923706055,4.710000038146973,4.5,4.630000114440918,3651255,0.0,0.0,0.0
2021-05-24 00:00:00+02:00,4.630000114440918,4.659999847412109,4.170000076293945,4.269999980926514,2534452,0.0,0.0,0.0
2021-05-25 00:00:00+02:00,4.269999980926514,4.300000190734863,3.859999895095825,4.070000171661377,1366924,0.0,0.0,0.0
2021-05-26 00:00:00+02:00,4.070000171661377,4.269999980926514,4.099999904632568,4.159999847412109,630576,0.0,0.0,0.0
2021-05-27 00:00:00+02:00,4.159999847412109,4.170000076293945,4.03000020980835,4.090000152587891,653300,0.0,0.0,0.0
2021-05-30 00:00:00+02:00,4.090000152587891,4.369999885559082,3.8499999046325684,4.130000114440918,1862851,0.0,0.0,0.0
2021-05-31 00:00:00+02:00,4.130000114440918,4.090000152587891,3.9100000858306885,4.0,1456647,0.0,0.0,0.0
2021-06-01 00:00:00+02:00,4.0,4.199999809265137,4.0,4.099999904632568,1366625,0.0,0.0,0.0
2021-06-02 00:00:00+02:00,4.099999904632568,4.099999904632568,3.9000000953674316,4.010000228881836,1337236,0.0,0.0,0.0
2021-06-03 00:00:00+02:00,4.010000228881836,4.119999885559082,3.819999933242798,3.9800000190734863,613598,0.0,0.0,0.0
2021-06-06 00:00:00+02:00,3.9800000190734863,4.159999847412109,3.9100000858306885,4.099999904632568,985245,0.0,0.0,0.0
2021-06-07 00:00:00+02:00,4.099999904632568,4.03000020980835,3.8399999141693115,3.930000066757202,1286121,0.0,0.0,0.0
2021-06-08 00:00:00+02:00,3.930000066757202,4.090000152587891,3.9000000953674316,4.0,1082829,0.0,0.0,0.0
2021-06-09 00:00:00+02:00,4.0,4.110000133514404,4.010000228881836,4.070000171661377,1045750,0.0,0.0,0.0
2021-06-10 00:00:00+02:00,4.070000171661377,4.130000114440918,4.03000020980835,4.079999923706055,634123,0.0,0.0,0.0
2021-06-13 00:00:00+02:00,4.079999923706055,4.090000152587891,3.680000066757202,3.809999942779541,890209,0.0,0.0,0.0
2021-06-14 00:00:00+02:00,3.809999942779541,3.9000000953674316,3.450000047683716,3.799999952316284,546900,0.0,0.0,0.0
2021-06-15 00:00:00+02:00,3.799999952316284,3.9000000953674316,3.549999952316284,3.700000047683716,518707,0.0,0.0,0.0
2021-06-16 00:00:00+02:00,3.700000047683716,3.740000009536743,3.4000000953674316,3.5,651275,0.0,0.0,0.0
2021-06-17 00:00:00+02:00,3.5,3.8499999046325684,3.4000000953674316,3.6600000858306885,1308259,0.0,0.0,0.0
2021-06-20 00:00:00+02:00,3.6600000858306885,4.019999980926514,3.809999942779541,3.950000047683716,1411142,0.0,0.0,0.0
2021-06-21 00:00:00+02:00,3.950000047683716,4.099999904632568,3.859999895095825,3.9700000286102295,551445,0.0,0.0,0.0
2021-06-22 00:00:00+02:00,3.9700000286102295,4.050000190734863,3.6700000762939453,3.859999895095825,711445,0.0,0.0,0.0
2021-06-23 00:00:00+02:00,3.859999895095825,4.150000095367432,3.9000000953674316,4.039999961853027,1216943,0.0,0.0,0.0
2021-06-24 00:00:00+02:00,4.039999961853027,4.070000171661377,3.8499999046325684,3.9700000286102295,799120,0.0,0.0,0.0
2021-06-27 00:00:00+02:00,3.9700000286102295,4.019999980926514,3.8499999046325684,3.950000047683716,1130382,0.0,0.0,0.0
2021-06-28 00:00:00+02:00,3.950000047683716,3.990000009536743,3.819999933242798,3.930000066757202,1022379,0.0,0.0,0.0
2021-06-29 00:00:00+02:00,3.930000066757202,3.940000057220459,3.8299999237060547,3.859999895095825,218349,0.0,0.0,0.0
2021-06-30 00:00:00+02:00,3.859999895095825,3.9100000858306885,3.799999952316284,3.859999895095825,482755,0.0,0.0,0.0
2021-07-04 00:00:00+02:00,3.859999895095825,3.9000000953674316,3.809999942779541,3.859999895095825,467593,0.0,0.0,0.0
2021-07-05 00:00:00+02:00,3.859999895095825,3.9700000286102295,3.799999952316284,3.890000104904175,766639,0.0,0.0,0.0
2021-07-06 00:00:00+02:00,3.890000104904175,3.880000114440918,3.549999952316284,3.680000066757202,370622,0.0,0.0,0.0
2021-07-07 00:00:00+02:00,3.680000066757202,3.8499999046325684,3.5999999046325684,3.7300000190734863,907418,0.0,0.0,0.0
2021-07-08 00:00:00+02:00,3.7300000190734863,3.7799999713897705,3.5299999713897705,3.630000114440918,327081,0.0,0.0,0.0
2021-07-11 00:00:00+02:00,3.630000114440918,3.690000057220459,3.4600000381469727,3.5899999141693115,916520,0.0,0.0,0.0
2021-07-12 00:00:00+02:00,3.5899999141693115,3.799999952316284,3.4700000286102295,3.690000057220459,1031475,0.0,0.0,0.0
2021-07-13 00:00:00+02:00,3.690000057220459,3.9000000953674316,3.6700000762939453,3.799999952316284,964703,0.0,0.0,0.0
2021-07-14 00:00:00+02:00,3.799999952316284,3.880000114440918,3.7100000381469727,3.740000009536743,1229580,0.0,0.0,0.0
2021-07-15 00:00:00+02:00,3.740000009536743,3.7899999618530273,3.619999885559082,3.680000066757202,948759,0.0,0.0,0.0
2021-07-18 00:00:00+02:00,3.680000066757202,3.690000057220459,3.440000057220459,3.559999942779541,1813954,0.0,0.0,0.0
2021-07-25 00:00:00+02:00,3.559999942779541,3.880000114440918,3.5299999713897705,3.740000009536743,2644861,0.0,0.0,0.0
2021-07-26 00:00:00+02:00,3.740000009536743,4.0,3.8499999046325684,3.9100000858306885,2022692,0.0,0.0,0.0
2021-07-27 00:00:00+02:00,3.9100000858306885,3.9700000286102295,3.7300000190734863,3.819999933242798,1054683,0.0,0.0,0.0
2021-07-28 00:00:00+02:00,3.819999933242798,4.039999961853027,3.7799999713897705,3.9600000381469727,3125364,0.0,0.0,0.0
2021-07-29 00:00:00+02:00,3.9600000381469727,4.28000020980835,3.809999942779541,3.990000009536743,2546265,0.0,0.0,0.0
2021-08-01 00:00:00+02:00,3.990000009536743,4.199999809265137,4.070000171661377,4.130000114440918,1265358,0.0,0.0,0.0
2021-08-02 00:00:00+02:00,4.130000114440918,4.099999904632568,3.8499999046325684,4.010000228881836,936540,0.0,0.0,0.0
2021-08-03 00:00:00+02:00,4.010000228881836,4.0,3.740000009536743,3.8399999141693115,1006700,0.0,0.0,0.0
2021-08-04 00:00:00+02:00,3.8399999141693115,3.890000104904175,3.740000009536743,3.799999952316284,872669,0.0,0.0,0.0
2021-08-05 00:00:00+02:00,3.799999952316284,3.859999895095825,3.6600000858306885,3.75,783740,0.0,0.0,0.0
2021-08-08 00:00:00+02:00,3.75,3.75,3.75,3.75,0,0.0,0.0,0.0
2021-08-09 00:00:00+02:00,3.75,3.75,3.75,3.75,0,0.0,0.0,0.0
2021-08-10 00:00:00+02:00,3.640000104904175,3.700000047683716,3.559999942779541,3.609999895095825,454502,0.0,0.0,0.0
2021-08-11 00:00:00+02:00,3.609999895095825,3.7300000190734863,3.5999999046325684,3.640000104904175,703550,0.0,0.0,0.0
2021-08-15 00:00:00+02:00,3.640000104904175,3.6700000762939453,3.5899999141693115,3.609999895095825,249655,0.0,0.0,0.0
2021-08-16 00:00:00+02:00,3.609999895095825,3.630000114440918,3.509999990463257,3.569999933242798,544570,0.0,0.0,0.0
2021-08-17 00:00:00+02:00,3.569999933242798,3.5999999046325684,3.4800000190734863,3.5299999713897705,651720,0.0,0.0,0.0
2021-08-18 00:00:00+02:00,3.5299999713897705,3.5999999046325684,3.4800000190734863,3.5199999809265137,1298605,0.0,0.0,0.0
2021-08-19 00:00:00+02:00,3.5199999809265137,3.5899999141693115,3.4800000190734863,3.5,314025,0.0,0.0,0.0
2021-08-22 00:00:00+02:00,3.5,3.559999942779541,3.359999895095825,3.4600000381469727,701065,0.0,0.0,0.0
2021-08-23 00:00:00+02:00,3.4600000381469727,3.75,3.4100000858306885,3.5899999141693115,1033093,0.0,0.0,0.0
2021-08-24 00:00:00+02:00,3.5899999141693115,3.700000047683716,3.5199999809265137,3.5999999046325684,666366,0.0,0.0,0.0
2021-08-25 00:00:00+02:00,3.5999999046325684,3.7899999618530273,3.630000114440918,3.7200000286102295,1257808,0.0,0.0,0.0
2021-08-26 00:00:00+02:00,3.7200000286102295,3.7799999713897705,3.569999933242798,3.6600000858306885,758028,0.0,0.0,0.0
2021-08-29 00:00:00+02:00,3.6600000858306885,3.7699999809265137,3.619999885559082,3.6600000858306885,444641,0.0,0.0,0.0
2021-08-30 00:00:00+02:00,3.6600000858306885,3.7200000286102295,3.5199999809265137,3.609999895095825,568869,0.0,0.0,0.0
2021-08-31 00:00:00+02:00,3.609999895095825,3.6600000858306885,3.5199999809265137,3.5999999046325684,334533,0.0,0.0,0.0
2021-09-01 00:00:00+02:00,3.5999999046325684,3.640000104904175,3.549999952316284,3.5899999141693115,222483,0.0,0.0,0.0
2021-09-02 00:00:00+02:00,3.5899999141693115,3.8499999046325684,3.569999933242798,3.7699999809265137,1910925,0.0,0.0,0.0
2021-09-05 00:00:00+02:00,3.7699999809265137,3.9800000190734863,3.6600000858306885,3.7100000381469727,2128870,0.0,0.0,0.0
2021-09-06 00:00:00+02:00,3.7100000381469727,3.799999952316284,3.5399999618530273,3.569999933242798,905217,0.0,0.0,0.0
2021-09-07 00:00:00+02:00,3.569999933242798,3.700000047683716,3.569999933242798,3.609999895095825,405018,0.0,0.0,0.0
2021-09-08 00:00:00+02:00,3.609999895095825,3.680000066757202,3.4700000286102295,3.509999990463257,413719,0.0,0.0,0.0
2021-09-09 00:00:00+02:00,3.509999990463257,3.630000114440918,3.4100000858306885,3.490000009536743,682845,0.0,0.0,0.0
2021-09-12 00:00:00+02:00,3.490000009536743,3.5899999141693115,3.4700000286102295,3.5,316315,0.0,0.0,0.0
2021-09-13 00:00:00+02:00,3.5,3.6500000953674316,3.5,3.5999999046325684,407004,0.0,0.0,0.0
2021-09-14 00:00:00+02:00,3.5999999046325684,3.7799999713897705,3.630000114440918,3.6700000762939453,1067283,0.0,0.0,0.0
2021-09-15 00:00:00+02:00,3.6700000762939453,3.7100000381469727,3.5,3.5799999237060547,554149,0.0,0.0,0.0
2021-09-16 00:00:00+02:00,3.5799999237060547,3.630000114440918,3.549999952316284,3.609999895095825,194882,0.0,0.0,0.0
2021-09-19 00:00:00+02:00,3.609999895095825,3.569999933242798,3.450000047683716,3.5299999713897705,279020,0.0,0.0,0.0
2021-09-20 00:00:00+02:00,3.5299999713897705,3.569999933242798,3.3399999141693115,3.4700000286102295,578957,0.0,0.0,0.0
2021-09-21 00:00:00+02:00,3.4700000286102295,3.430000066757202,3.299999952316284,3.3299999237060547,254366,0.0,0.0,0.0
2021-09-22 00:00:00+02:00,3.3299999237060547,3.4600000381469727,3.3299999237060547,3.4100000858306885,133293,0.0,0.0,0.0
2021-09-23 00:00:00+02:00,3.4100000858306885,3.5299999713897705,3.369999885559082,3.4100000858306885,433317,0.0,0.0,0.0
2021-09-26 00:00:00+02:00,3.4100000858306885,3.609999895095825,3.369999885559082,3.5799999237060547,1239172,0.0,0.0,0.0
2021-09-27 00:00:00+02:00,3.5799999237060547,3.5399999618530273,3.369999885559082,3.390000104904175,562912,0.0,0.0,0.0
2021-09-28 00:00:00+02:00,3.390000104904175,3.4700000286102295,3.319999933242798,3.359999895095825,303528,0.0,0.0,0.0
2021-09-29 00:00:00+02:00,3.359999895095825,3.4200000762939453,3.319999933242798,3.380000114440918,92933,0.0,0.0,0.0
2021-09-30 00:00:00+02:00,3.380000114440918,3.390000104904175,3.299999952316284,3.359999895095825,926705,0.0,0.0,0.0
2021-10-03 00:00:00+02:00,3.359999895095825,3.369999885559082,3.299999952316284,3.359999895095825,44383,0.0,0.0,0.0
2021-10-04 00:00:00+02:00,3.359999895095825,3.359999895095825,3.359999895095825,3.359999895095825,0,0.0,0.0,0.0
2021-10-05 00:00:00+02:00,3.3399999141693115,3.380000114440918,3.190000057220459,3.309999942779541,1335609,0.0,0.0,0.0
2021-10-06 00:00:00+02:00,3.309999942779541,3.359999895095825,3.2300000190734863,3.2699999809265137,639299,0.0,0.0,0.0
2021-10-10 00:00:00+02:00,3.2699999809265137,3.3299999237060547,3.0999999046325684,3.180000066757202,876572,0.0,0.0,0.0
2021-10-11 00:00:00+02:00,3.180000066757202,3.180000066757202,3.049999952316284,3.0899999141693115,543767,0.0,0.0,0.0
2021-10-12 00:00:00+02:00,3.0899999141693115,3.359999895095825,3.0799999237060547,3.2200000286102295,1476043,0.0,0.0,0.0
2021-10-13 00:00:00+02:00,3.2200000286102295,3.2799999713897705,3.049999952316284,3.109999895095825,676598,0.0,0.0,0.0
2021-10-14 00:00:00+02:00,3.109999895095825,3.180000066757202,3.0299999713897705,3.119999885559082,360969,0.0,0.0,0.0
2021-10-17 00:00:00+02:00,3.119999885559082,3.1700000762939453,3.0799999237060547,3.0999999046325684,189786,0.0,0.0,0.0
2021-10-18 00:00:00+02:00,3.0999999046325684,3.0999999046325684,3.0999999046325684,3.0999999046325684,0,0.0,0.0,0.0
2021-10-19 00:00:00+02:00,3.049999952316284,3.0199999809265137,2.440000057220459,2.440000057220459,2698117,0.0,0.0,0.0
2021-10-20 00:00:00+02:00,2.440000057220459,1.9700000286102295,1.9600000381469727,1.9600000381469727,246544,0.0,0.0,0.0
2021-10-24 00:00:00+02:00,1.9600000381469727,1.8619999885559082,1.8619999885559082,1.8619999885559082,528801,0.0,0.0,0.0
2021-10-25 00:00:00+02:00,1.8619999885559082,1.7690000534057617,1.7690000534057617,1.8619999885559082,113450,0.0,0.0,0.0
2021-10-26 00:00:00+02:00,1.8619999885559082,1.7690000534057617,1.7690000534057617,1.7690000534057617,173828,0.0,0.0,0.0
2021-10-27 00:00:00+02:00,1.7690000534057617,1.7690000534057617,1.680999994277954,1.680999994277954,3223797,0.0,0.0,0.0
2021-10-28 00:00:00+02:00,1.680999994277954,1.6679999828338623,1.597000002861023,1.6460000276565552,1762856,0.0,0.0,0.0
2021-10-31 00:00:00+02:00,1.6460000276565552,1.7280000448226929,1.600000023841858,1.7280000448226929,1462372,0.0,0.0,0.0
2021-11-01 00:00:00+02:00,1.7280000448226929,1.8140000104904175,1.7999999523162842,1.8140000104904175,700337,0.0,0.0,0.0
2021-11-02 00:00:00+02:00,1.8140000104904175,1.9040000438690186,1.7710000276565552,1.7970000505447388,995103,0.0,0.0,0.0
2021-11-03 00:00:00+02:00,1.7970000505447388,1.7599999904632568,1.7079999446868896,1.7079999446868896,675854,0.0,0.0,0.0
2021-11-04 00:00:00+02:00,1.7079999446868896,1.6299999952316284,1.6230000257492065,1.7079999446868896,116160,0.0,0.0,0.0
2021-11-07 00:00:00+02:00,1.7079999446868896,1.7079999446868896,1.7079999446868896,1.7079999446868896,0,0.0,0.0,0.0
2021-11-08 00:00:00+02:00,1.7079999446868896,1.7079999446868896,1.7079999446868896,1.7079999446868896,0,0.0,0.0,0.0
2021-11-09 00:00:00+02:00,1.7079999446868896,1.7079999446868896,1.7079999446868896,1.7079999446868896,0,0.0,0.0,0.0
2021-11-10 00:00:00+02:00,1.5850000381469727,1.600000023841858,1.50600004196167,1.50600004196167,1084064,0.0,0.0,0.0
2021-11-11 00:00:00+02:00,1.50600004196167,1.50600004196167,1.430999994277954,1.430999994277954,520684,0.0,0.0,0.0
2021-11-14 00:00:00+02:00,1.430999994277954,1.4600000381469727,1.3700000047683716,1.3799999952316284,1922955,0.0,0.0,0.0
2021-11-15 00:00:00+02:00,1.3799999952316284,1.3860000371932983,1.3109999895095825,1.3109999895095825,2921451,0.0,0.0,0.0
2021-11-16 00:00:00+02:00,1.3109999895095825,1.246000051498413,1.246000051498413,1.3109999895095825,19050,0.0,0.0,0.0
2021-11-17 00:00:00+02:00,1.3109999895095825,1.246000051498413,1.246000051498413,1.3109999895095825,61450,0.0,0.0,0.0
2021-11-18 00:00:00+02:00,1.3109999895095825,1.3109999895095825,1.246000051498413,1.3109999895095825,11856,0.0,0.0,0.0
2021-11-21 00:00:00+02:00,1.3109999895095825,1.3109999895095825,1.246000051498413,1.3109999895095825,26771,0.0,0.0,0.0
2021-11-22 00:00:00+02:00,1.3109999895095825,1.246000051498413,1.246000051498413,1.246000051498413,366225,0.0,0.0,0.0
2021-11-23 00:00:00+02:00,1.246000051498413,1.246000051498413,1.184000015258789,1.184000015258789,1135425,0.0,0.0,0.0
2021-11-24 00:00:00+02:00,1.184000015258789,1.125,1.125,1.184000015258789,110204,0.0,0.0,0.0
2021-11-25 00:00:00+02:00,1.184000015258789,1.184000015258789,1.125,1.184000015258789,178295,0.0,0.0,0.0
2021-11-28 00:00:00+02:00,1.184000015258789,1.184000015258789,1.184000015258789,1.184000015258789,0,0.0,0.0,0.0
2021-11-29 00:00:00+02:00,1.1449999809265137,1.2020000219345093,1.100000023841858,1.2020000219345093,1131467,0.0,0.0,0.0
2021-11-30 00:00:00+02:00,1.2020000219345093,1.2619999647140503,1.2610000371932983,1.2619999647140503,939287,0.0,0.0,0.0
2021-12-01 00:00:00+02:00,1.2619999647140503,1.2619999647140503,1.2619999647140503,1.2619999647140503,0,0.0,0.0,0.0
2021-12-02 00:00:00+02:00,1.2699999809265137,1.3200000524520874,1.2070000171661377,1.2680000066757202,2086278,0.0,0.0,0.0
2021-12-05 00:00:00+02:00,1.2680000066757202,1.2899999618530273,1.2410000562667847,1.2760000228881836,532077,0.0,0.0,0.0
2021-12-06 00:00:00+02:00,1.2760000228881836,1.2860000133514404,1.215999960899353,1.2369999885559082,1896335,0.0,0.0,0.0
2021-12-07 00:00:00+02:00,1.2369999885559082,1.2480000257492065,1.1759999990463257,1.180999994277954,491225,0.0,0.0,0.0
2021-12-08 00:00:00+02:00,1.180999994277954,1.2200000286102295,1.121999979019165,1.121999979019165,3256234,0.0,0.0,0.0
2021-12-09 00:00:00+02:00,1.121999979019165,1.121000051498413,1.065999984741211,1.0679999589920044,1054249,0.0,0.0,0.0
2021-12-12 00:00:00+02:00,1.0679999589920044,1.281000018119812,1.2769999504089355,1.281000018119812,6426408,0.0,0.0,0.0
2021-12-13 00:00:00+02:00,1.281000018119812,1.5,1.3029999732971191,1.3860000371932983,7945191,0.0,0.0,0.0
2021-12-14 00:00:00+02:00,1.3860000371932983,1.378999948501587,1.2949999570846558,1.3040000200271606,3640058,0.0,0.0,0.0
2021-12-15 00:00:00+02:00,1.3040000200271606,1.3009999990463257,1.13100004196167,1.1970000267028809,2256071,0.0,0.0,0.0
2021-12-16 00:00:00+02:00,1.1970000267028809,1.246999979019165,1.1859999895095825,1.2339999675750732,1442744,0.0,0.0,0.0
2021-12-19 00:00:00+02:00,1.2339999675750732,1.253000020980835,1.2000000476837158,1.215000033378601,1200305,0.0,0.0,0.0
2021-12-20 00:00:00+02:00,1.215000033378601,1.215000033378601,1.215000033378601,1.215000033378601,0,0.0,0.0,0.0
2021-12-21 00:00:00+02:00,1.2089999914169312,1.2640000581741333,1.2009999752044678,1.218999981880188,1115623,0.0,0.0,0.0
2021-12-22 00:00:00+02:00,1.218999981880188,1.2450000047683716,1.2200000286102295,1.2239999771118164,788286,0.0,0.0,0.0
2021-12-23 00:00:00+02:00,1.2239999771118164,1.2389999628067017,1.2100000381469727,1.2209999561309814,532348,0.0,0.0,0.0
2021-12-26 00:00:00+02:00,1.2209999561309814,1.2699999809265137,1.215000033378601,1.25600004196167,1186588,0.0,0.0,0.0
2021-12-27 00:00:00+02:00,1.25600004196167,1.2999999523162842,1.2519999742507935,1.2589999437332153,1400618,0.0,0.0,0.0
2021-12-28 00:00:00+02:00,1.2589999437332153,1.2599999904632568,1.2059999704360962,1.2300000190734863,769459,0.0,0.0,0.0
2021-12-29 00:00:00+02:00,1.2300000190734863,1.2669999599456787,1.2300000190734863,1.253999948501587,578760,0.0,0.0,0.0
2021-12-30 00:00:00+02:00,1.253999948501587,1.25600004196167,1.2309999465942383,1.2410000562667847,947162,0.0,0.0,0.0
2022-01-02 00:00:00+02:00,1.2410000562667847,1.2899999618530273,1.25,1.2799999713897705,779683,0.0,0.0,0.0
2022-01-03 00:00:00+02:00,1.2799999713897705,1.3359999656677246,1.2869999408721924,1.312000036239624,1492960,0.0,0.0,0.0
2022-01-04 00:00:00+02:00,1.312000036239624,1.3650000095367432,1.2929999828338623,1.3489999771118164,2395466,0.0,0.0,0.0
2022-01-05 00:00:00+02:00,1.3489999771118164,1.375,1.3329999446868896,1.3530000448226929,962385,0.0,0.0,0.0
2022-01-09 00:00:00+02:00,1.3530000448226929,1.3530000448226929,1.3530000448226929,1.3530000448226929,0,0.0,0.0,0.0
2022-01-10 00:00:00+02:00,1.3300000429153442,1.3450000286102295,1.309000015258789,1.312000036239624,719833,0.0,0.0,0.0
2022-01-11 00:00:00+02:00,1.312000036239624,1.3200000524520874,1.2549999952316284,1.2660000324249268,838821,0.0,0.0,0.0
2022-01-12 00:00:00+02:00,1.2660000324249268,1.284999966621399,1.2239999771118164,1.2280000448226929,1023505,0.0,0.0,0.0
2022-01-13 00:00:00+02:00,1.2280000448226929,1.2599999904632568,1.2070000171661377,1.2170000076293945,890552,0.0,0.0,0.0
2022-01-16 00:00:00+02:00,1.2170000076293945,1.2200000286102295,1.159999966621399,1.1679999828338623,865656,0.0,0.0,0.0
2022-01-17 00:00:00+02:00,1.1679999828338623,1.2100000381469727,1.152999997138977,1.194000005722046,652553,0.0,0.0,0.0
2022-01-18 00:00:00+02:00,1.194000005722046,1.2289999723434448,1.190999984741211,1.218999981880188,716517,0.0,0.0,0.0
2022-01-19 00:00:00+02:00,1.218999981880188,1.2300000190734863,1.2009999752044678,1.2050000429153442,513909,0.0,0.0,0.0
2022-01-20 00:00:00+02:00,1.2050000429153442,1.225000023841858,1.190999984741211,1.215999960899353,724878,0.0,0.0,0.0
2022-01-23 00:00:00+02:00,1.215999960899353,1.2239999771118164,1.1820000410079956,1.190000057220459,631790,0.0,0.0,0.0
2022-01-24 00:00:00+02:00,1.190000057220459,1.1820000410079956,1.156999945640564,1.1619999408721924,629620,0.0,0.0,0.0
2022-01-25 00:00:00+02:00,1.1619999408721924,1.190000057220459,1.156999945640564,1.1619999408721924,206928,0.0,0.0,0.0
2022-01-26 00:00:00+02:00,1.1619999408721924,1.1699999570846558,1.1330000162124634,1.1480000019073486,656808,0.0,0.0,0.0
2022-01-30 00:00:00+02:00,1.1480000019073486,1.1829999685287476,1.1009999513626099,1.1480000019073486,187504,0.0,0.0,0.0
2022-01-31 00:00:00+02:00,1.1480000019073486,1.1579999923706055,1.1169999837875366,1.1480000019073486,158187,0.0,0.0,0.0
2022-02-01 00:00:00+02:00,1.1480000019073486,1.1829999685287476,1.1579999923706055,1.1480000019073486,123982,0.0,0.0,0.0
2022-02-02 00:00:00+02:00,1.1480000019073486,1.2300000190734863,1.1729999780654907,1.2039999961853027,599723,0.0,0.0,0.0
2022-02-03 00:00:00+02:00,1.2039999961853027,1.2280000448226929,1.190000057220459,1.2200000286102295,754576,0.0,0.0,0.0
2022-02-06 00:00:00+02:00,1.2200000286102295,1.2389999628067017,1.2009999752044678,1.2170000076293945,719017,0.0,0.0,0.0
2022-02-07 00:00:00+02:00,1.2170000076293945,1.2300000190734863,1.1519999504089355,1.1660000085830688,868402,0.0,0.0,0.0
2022-02-08 00:00:00+02:00,1.1660000085830688,1.1929999589920044,1.149999976158142,1.1660000085830688,538026,0.0,0.0,0.0
2022-02-09 00:00:00+02:00,1.1660000085830688,1.1770000457763672,1.1399999856948853,1.1610000133514404,280558,0.0,0.0,0.0
2022-02-10 00:00:00+02:00,1.1610000133514404,1.159999966621399,1.1299999952316284,1.1440000534057617,410764,0.0,0.0,0.0
2022-02-13 00:00:00+02:00,1.1440000534057617,1.1460000276565552,0.9700000286102295,1.003000020980835,736237,0.0,0.0,0.0
2022-02-14 00:00:00+02:00,1.003000020980835,1.0850000381469727,0.9919999837875366,1.034999966621399,781479,0.0,0.0,0.0
2022-02-15 00:00:00+02:00,1.034999966621399,1.100000023841858,1.0399999618530273,1.0609999895095825,624747,0.0,0.0,0.0
2022-02-16 00:00:00+02:00,1.0609999895095825,1.097000002861023,1.0609999895095825,1.062999963760376,316684,0.0,0.0,0.0
2022-02-17 00:00:00+02:00,1.062999963760376,1.0779999494552612,1.0299999713897705,1.062999963760376,127850,0.0,0.0,0.0
2022-02-20 00:00:00+02:00,1.062999963760376,1.059999942779541,1.0219999551773071,1.0299999713897705,367687,0.0,0.0,0.0
2022-02-21 00:00:00+02:00,1.0299999713897705,1.059999942779541,1.0,1.0130000114440918,468485,0.0,0.0,0.0
2022-02-22 00:00:00+02:00,1.0130000114440918,1.0290000438690186,0.9900000095367432,1.0210000276565552,343656,0.0,0.0,0.0
2022-02-23 00:00:00+02:00,1.0210000276565552,1.0499999523162842,1.024999976158142,1.0429999828338623,531320,0.0,0.0,0.0
2022-02-24 00:00:00+02:00,1.0429999828338623,0.9990000128746033,0.8500000238418579,0.9269999861717224,1482120,0.0,0.0,0.0
2022-02-27 00:00:00+02:00,0.9269999861717224,1.0,0.9520000219345093,0.9940000176429749,499790,0.0,0.0,0.0
2022-02-28 00:00:00+02:00,0.9940000176429749,0.9940000176429749,0.9300000071525574,0.9940000176429749,272810,0.0,0.0,0.0
2022-03-01 00:00:00+02:00,0.9940000176429749,1.0299999713897705,0.9769999980926514,1.0180000066757202,1970734,0.0,0.0,0.0
2022-03-02 00:00:00+02:00,1.0180000066757202,1.059999942779541,1.0,1.0299999713897705,491836,0.0,0.0,0.0
2022-03-03 00:00:00+02:00,1.0299999713897705,1.065000057220459,1.0329999923706055,1.0570000410079956,584074,0.0,0.0,0.0
2022-03-06 00:00:00+02:00,1.0570000410079956,1.0700000524520874,1.0420000553131104,1.0570000410079956,145413,0.0,0.0,0.0
2022-03-07 00:00:00+02:00,1.0570000410079956,1.0750000476837158,1.0199999809265137,1.031000018119812,456258,0.0,0.0,0.0
2022-03-08 00:00:00+02:00,1.031000018119812,1.031000018119812,1.031000018119812,1.031000018119812,0,0.0,0.0,0.0
2022-03-09 00:00:00+02:00,1.00600004196167,1.034999966621399,0.9810000061988831,0.9909999966621399,592034,0.0,0.0,0.0
2022-03-10 00:00:00+02:00,0.9909999966621399,1.1180000305175781,0.9909999966621399,1.0989999771118164,3007053,0.0,0.0,0.0
2022-03-13 00:00:00+02:00,1.0989999771118164,1.218999981880188,1.1100000143051147,1.1549999713897705,4337234,0.0,0.0,0.0
2022-03-14 00:00:00+02:00,1.1549999713897705,1.1549999713897705,1.1180000305175781,1.1180000305175781,2682012,0.0,0.0,0.0
2022-03-15 00:00:00+02:00,1.1180000305175781,1.1299999952316284,1.0399999618530273,1.0640000104904175,2250577,0.0,0.0,0.0
2022-03-16 00:00:00+02:00,1.0640000104904175,1.1100000143051147,1.059999942779541,1.0989999771118164,1000685,0.0,0.0,0.0
2022-03-17 00:00:00+02:00,1.0989999771118164,1.1269999742507935,1.0950000286102295,1.097000002861023,1282592,0.0,0.0,0.0
2022-03-20 00:00:00+02:00,1.097000002861023,1.1699999570846558,1.0110000371932983,1.1360000371932983,2626409,0.0,0.0,0.0
2022-03-21 00:00:00+02:00,1.1360000371932983,1.2100000381469727,1.1269999742507935,1.1640000343322754,3103135,0.0,0.0,0.0
2022-03-22 00:00:00+02:00,1.1640000343322754,1.2100000381469727,1.1610000133514404,1.1660000085830688,1172101,0.0,0.0,0.0
2022-03-23 00:00:00+02:00,1.1660000085830688,1.180999994277954,1.1410000324249268,1.1519999504089355,1068666,0.0,0.0,0.0
2022-03-24 00:00:00+02:00,1.1519999504089355,1.1749999523162842,1.1069999933242798,1.1169999837875366,1919281,0.0,0.0,0.0
2022-03-27 00:00:00+02:00,1.1169999837875366,1.1399999856948853,1.0800000429153442,1.090000033378601,2188085,0.0,0.0,0.0
2022-03-28 00:00:00+02:00,1.090000033378601,1.149999976158142,1.090000033378601,1.1030000448226929,3097797,0.0,0.0,0.0
2022-03-29 00:00:00+02:00,1.1030000448226929,1.159000039100647,1.0809999704360962,1.1480000019073486,2333374,0.0,0.0,0.0
2022-03-30 00:00:00+02:00,1.1480000019073486,1.1790000200271606,1.1390000581741333,1.149999976158142,1229622,0.0,0.0,0.0
2022-03-31 00:00:00+02:00,1.149999976158142,1.1679999828338623,1.1260000467300415,1.159999966621399,1194924,0.0,0.0,0.0
2022-04-03 00:00:00+02:00,1.159999966621399,1.1740000247955322,1.149999976158142,1.1519999504089355,602987,0.0,0.0,0.0
2022-04-04 00:00:00+02:00,1.1519999504089355,1.159999966621399,1.1269999742507935,1.1449999809265137,406357,0.0,0.0,0.0
2022-04-05 00:00:00+02:00,1.1449999809265137,1.1549999713897705,1.1339999437332153,1.1369999647140503,348988,0.0,0.0,0.0
2022-04-06 00:00:00+02:00,1.1369999647140503,1.1449999809265137,1.1269999742507935,1.128000020980835,394935,0.0,0.0,0.0
2022-04-07 00:00:00+02:00,1.128000020980835,1.1349999904632568,1.0549999475479126,1.0980000495910645,688591,0.0,0.0,0.0
2022-04-10 00:00:00+02:00,1.0980000495910645,1.100000023841858,1.0119999647140503,1.0219999551773071,1250591,0.0,0.0,0.0
2022-04-11 00:00:00+02:00,1.0219999551773071,1.0399999618530273,1.003000020980835,1.00600004196167,949466,0.0,0.0,0.0
2022-04-12 00:00:00+02:00,1.00600004196167,1.0789999961853027,1.0,1.0509999990463257,1264506,0.0,0.0,0.0
2022-04-13 00:00:00+02:00,1.0509999990463257,1.1080000400543213,1.059999942779541,1.0989999771118164,1374878,0.0,0.0,0.0
2022-04-14 00:00:00+02:00,1.0989999771118164,1.093999981880188,1.0759999752044678,1.0829999446868896,933838,0.0,0.0,0.0
2022-04-17 00:00:00+02:00,1.0829999446868896,1.1200000047683716,1.0499999523162842,1.059999942779541,1562050,0.0,0.0,0.0
2022-04-18 00:00:00+02:00,1.059999942779541,1.090000033378601,1.0299999713897705,1.0800000429153442,637634,0.0,0.0,0.0
2022-04-19 00:00:00+02:00,1.0800000429153442,1.1390000581741333,1.0720000267028809,1.128000020980835,797051,0.0,0.0,0.0
2022-04-20 00:00:00+02:00,1.128000020980835,1.1799999475479126,1.1299999952316284,1.1490000486373901,1362676,0.0,0.0,0.0
2022-04-21 00:00:00+02:00,1.1490000486373901,1.2899999618530273,1.156000018119812,1.2610000371932983,3505400,0.0,0.0,0.0
2022-04-26 00:00:00+02:00,1.2610000371932983,1.3489999771118164,1.2400000095367432,1.2920000553131104,4121759,0.0,0.0,0.0
2022-04-27 00:00:00+02:00,1.2920000553131104,1.2929999828338623,1.2599999904632568,1.2690000534057617,1020579,0.0,0.0,0.0
2022-04-28 00:00:00+02:00,1.2690000534057617,1.3200000524520874,1.2669999599456787,1.3109999895095825,2055969,0.0,0.0,0.0
2022-05-08 00:00:00+02:00,1.3109999895095825,1.36899995803833,1.284000039100647,1.3359999656677246,3227840,0.0,0.0,0.0
2022-05-09 00:00:00+02:00,1.3359999656677246,1.3539999723434448,1.2899999618530273,1.3070000410079956,1936200,0.0,0.0,0.0
2022-05-10 00:00:00+02:00,1.3070000410079956,1.3680000305175781,1.309999942779541,1.3220000267028809,2124162,0.0,0.0,0.0
2022-05-11 00:00:00+02:00,1.3220000267028809,1.3480000495910645,1.2949999570846558,1.2979999780654907,1109670,0.0,0.0,0.0
2022-05-12 00:00:00+02:00,1.2979999780654907,1.2890000343322754,1.246999979019165,1.2599999904632568,1287278,0.0,0.0,0.0
2022-05-15 00:00:00+02:00,1.2599999904632568,1.319000005722046,1.215999960899353,1.2289999723434448,1066472,0.0,0.0,0.0
2022-05-16 00:00:00+02:00,1.2289999723434448,1.2400000095367432,1.1799999475479126,1.1979999542236328,1370202,0.0,0.0,0.0
2022-05-17 00:00:00+02:00,1.1979999542236328,1.2300000190734863,1.1829999685287476,1.190000057220459,693617,0.0,0.0,0.0
2022-05-18 00:00:00+02:00,1.190000057220459,1.2269999980926514,1.1890000104904175,1.2000000476837158,531316,0.0,0.0,0.0
2022-05-19 00:00:00+02:00,1.2000000476837158,1.2000000476837158,1.1619999408721924,1.1670000553131104,802105,0.0,0.0,0.0
2022-05-22 00:00:00+02:00,1.1670000553131104,1.187999963760376,1.1399999856948853,1.1480000019073486,819476,0.0,0.0,0.0
2022-05-23 00:00:00+02:00,1.1480000019073486,1.190000057220459,1.1460000276565552,1.1540000438690186,1628867,0.0,0.0,0.0
2022-05-24 00:00:00+02:00,1.1540000438690186,1.1799999475479126,1.121999979019165,1.1380000114440918,1077093,0.0,0.0,0.0
2022-05-25 00:00:00+02:00,1.1380000114440918,1.149999976158142,1.0700000524520874,1.0880000591278076,1317631,0.0,0.0,0.0
2022-05-26 00:00:00+02:00,1.0880000591278076,1.1100000143051147,1.055999994277954,1.0829999446868896,595437,0.0,0.0,0.0
2022-05-29 00:00:00+02:00,1.0829999446868896,1.0859999656677246,1.0449999570846558,1.0829999446868896,241014,0.0,0.0,0.0
2022-05-30 00:00:00+02:00,1.0829999446868896,1.090000033378601,1.0449999570846558,1.0679999589920044,666560,0.0,0.0,0.0
2022-05-31 00:00:00+02:00,1.0679999589920044,1.1299999952316284,1.062000036239624,1.1059999465942383,609799,0.0,0.0,0.0
2022-06-01 00:00:00+02:00,1.1059999465942383,1.1269999742507935,1.065999984741211,1.0709999799728394,557651,0.0,0.0,0.0
2022-06-02 00:00:00+02:00,1.0709999799728394,1.090000033378601,1.055999994277954,1.0770000219345093,558370,0.0,0.0,0.0
2022-06-05 00:00:00+02:00,1.0770000219345093,1.0770000219345093,1.0770000219345093,1.0770000219345093,0,0.0,0.0,0.0
2022-06-06 00:00:00+02:00,1.0829999446868896,1.1080000400543213,1.0850000381469727,1.0889999866485596,582032,0.0,0.0,0.0
2022-06-07 00:00:00+02:00,1.0889999866485596,1.1260000467300415,1.0880000591278076,1.1069999933242798,563619,0.0,0.0,0.0
2022-06-08 00:00:00+02:00,1.1069999933242798,1.1699999570846558,1.1139999628067017,1.1510000228881836,1260019,0.0,0.0,0.0
2022-06-09 00:00:00+02:00,1.1510000228881836,1.1740000247955322,1.1319999694824219,1.1449999809265137,556434,0.0,0.0,0.0
2022-06-12 00:00:00+02:00,1.1449999809265137,1.159000039100647,1.1299999952316284,1.1399999856948853,716501,0.0,0.0,0.0
2022-06-13 00:00:00+02:00,1.1399999856948853,1.1440000534057617,1.121999979019165,1.125,503470,0.0,0.0,0.0
2022-06-14 00:00:00+02:00,1.125,1.1480000019073486,1.1150000095367432,1.1419999599456787,395870,0.0,0.0,0.0
2022-06-15 00:00:00+02:00,1.1419999599456787,1.1770000457763672,1.1480000019073486,1.156999945640564,897135,0.0,0.0,0.0
2022-06-16 00:00:00+02:00,1.156999945640564,1.218999981880188,1.156999945640564,1.1970000267028809,1820617,0.0,0.0,0.0
2022-06-19 00:00:00+02:00,1.1970000267028809,1.2450000047683716,1.187999963760376,1.190999984741211,2007907,0.0,0.0,0.0
2022-06-20 00:00:00+02:00,1.190999984741211,1.2200000286102295,1.1200000047683716,1.156000018119812,741106,0.0,0.0,0.0
2022-06-21 00:00:00+02:00,1.156000018119812,1.1890000104904175,1.1449999809265137,1.156000018119812,190623,0.0,0.0,0.0
2022-06-22 00:00:00+02:00,1.156000018119812,1.1699999570846558,1.1319999694824219,1.1469999551773071,262528,0.0,0.0,0.0
2022-06-23 00:00:00+02:00,1.1469999551773071,1.187000036239624,1.1360000371932983,1.1469999551773071,159055,0.0,0.0,0.0
2022-06-26 00:00:00+02:00,1.1469999551773071,1.1679999828338623,1.1399999856948853,1.149999976158142,371024,0.0,0.0,0.0
2022-06-27 00:00:00+02:00,1.149999976158142,1.159999966621399,1.0829999446868896,1.0980000495910645,444001,0.0,0.0,0.0
2022-06-28 00:00:00+02:00,1.0980000495910645,1.1399999856948853,1.0499999523162842,1.0809999704360962,530196,0.0,0.0,0.0
2022-06-29 00:00:00+02:00,1.0809999704360962,1.1260000467300415,1.0800000429153442,1.0959999561309814,287150,0.0,0.0,0.0
2022-07-03 00:00:00+02:00,1.0959999561309814,1.090000033378601,1.031999945640564,1.0520000457763672,602330,0.0,0.0,0.0
2022-07-04 00:00:00+02:00,1.0520000457763672,1.0579999685287476,0.9900000095367432,1.0149999856948853,620456,0.0,0.0,0.0
2022-07-05 00:00:00+02:00,1.0149999856948853,1.0549999475479126,1.0099999904632568,1.0190000534057617,325522,0.0,0.0,0.0
2022-07-06 00:00:00+02:00,1.0190000534057617,1.034999966621399,1.0089999437332153,1.0190000534057617,258930,0.0,0.0,0.0
2022-07-07 00:00:00+02:00,1.0190000534057617,1.090000033378601,1.034999966621399,1.0759999752044678,751583,0.0,0.0,0.0
2022-07-17 00:00:00+02:00,1.0759999752044678,1.1100000143051147,1.0800000429153442,1.0980000495910645,416786,0.0,0.0,0.0
2022-07-18 00:00:00+02:00,1.0980000495910645,1.1490000486373901,1.100000023841858,1.1430000066757202,903277,0.0,0.0,0.0
2022-07-19 00:00:00+02:00,1.1430000066757202,1.159999966621399,1.1150000095367432,1.1360000371932983,458417,0.0,0.0,0.0
2022-07-20 00:00:00+02:00,1.1360000371932983,1.1579999923706055,1.1299999952316284,1.1410000324249268,645470,0.0,0.0,0.0
2022-07-21 00:00:00+02:00,1.1410000324249268,1.1690000295639038,1.1349999904632568,1.152999997138977,1177710,0.0,0.0,0.0
2022-07-24 00:00:00+02:00,1.152999997138977,1.1859999895095825,1.1460000276565552,1.1720000505447388,1377951,0.0,0.0,0.0
2022-07-25 00:00:00+02:00,1.1720000505447388,1.2120000123977661,1.1720000505447388,1.1950000524520874,2363525,0.0,0.0,0.0
2022-07-26 00:00:00+02:00,1.1950000524520874,1.2489999532699585,1.184000015258789,1.2450000047683716,3195856,0.0,0.0,0.0
2022-07-27 00:00:00+02:00,1.2450000047683716,1.2799999713897705,1.215000033378601,1.2269999980926514,3185250,0.0,0.0,0.0
2022-07-28 00:00:00+02:00,1.2269999980926514,1.2489999532699585,1.2100000381469727,1.2389999628067017,869182,0.0,0.0,0.0
2022-07-31 00:00:00+02:00,1.2389999628067017,1.2799999713897705,1.2389999628067017,1.2519999742507935,877604,0.0,0.0,0.0
2022-08-01 00:00:00+02:00,1.2519999742507935,1.3009999990463257,1.25,1.284000039100647,2719629,0.0,0.0,0.0
2022-08-02 00:00:00+02:00,1.284000039100647,1.399999976158142,1.2730000019073486,1.3639999628067017,4770556,0.0,0.0,0.0
2022-08-03 00:00:00+02:00,1.3639999628067017,1.4700000286102295,1.3940000534057617,1.434000015258789,4068172,0.0,0.0,0.0
2022-08-04 00:00:00+02:00,1.434000015258789,1.5199999809265137,1.4140000343322754,1.496000051498413,3531442,0.0,0.0,0.0
2022-08-07 00:00:00+02:00,1.496000051498413,1.7899999618530273,1.524999976158142,1.7669999599456787,4487097,0.0,0.0,0.0
2022-08-08 00:00:00+02:00,1.7669999599456787,1.8600000143051147,1.690000057220459,1.7799999713897705,3993082,0.0,0.0,0.0
2022-08-09 00:00:00+02:00,1.7799999713897705,1.8700000047683716,1.7200000286102295,1.7730000019073486,2525052,0.0,0.0,0.0
2022-08-10 00:00:00+02:00,1.7730000019073486,1.996999979019165,1.7999999523162842,1.965999960899353,3488639,0.0,0.0,0.0
2022-08-11 00:00:00+02:00,1.965999960899353,2.118000030517578,1.9900000095367432,2.0980000495910645,1599813,0.0,0.0,0.0
2022-08-14 00:00:00+02:00,2.0980000495910645,2.390000104904175,2.109999895095825,2.2899999618530273,3441534,0.0,0.0,0.0
2022-08-15 00:00:00+02:00,2.2899999618530273,2.4200000762939453,2.140000104904175,2.359999895095825,3544153,0.0,0.0,0.0
2022-08-16 00:00:00+02:00,2.359999895095825,2.440000057220459,2.2699999809265137,2.299999952316284,3357608,0.0,0.0,0.0
2022-08-17 00:00:00+02:00,2.299999952316284,2.390000104904175,2.140000104904175,2.3299999237060547,3362816,0.0,0.0,0.0
2022-08-18 00:00:00+02:00,2.3299999237060547,2.3299999237060547,2.3299999237060547,2.3299999237060547,0,0.0,0.0,0.0
2022-08-21 00:00:00+02:00,2.569999933242798,2.759999990463257,2.5999999046325684,2.690000057220459,3079845,0.0,0.0,0.0
2022-08-22 00:00:00+02:00,2.690000057220459,2.75,2.549999952316284,2.6500000953674316,3002506,0.0,0.0,0.0
2022-08-23 00:00:00+02:00,2.6500000953674316,2.6500000953674316,2.6500000953674316,2.6500000953674316,0,0.0,0.0,0.0
2022-08-24 00:00:00+02:00,2.609999895095825,2.6600000858306885,2.5,2.5799999237060547,4930596,0.0,0.0,0.0
2022-08-25 00:00:00+02:00,2.5799999237060547,2.700000047683716,2.559999942779541,2.630000114440918,2745461,0.0,0.0,0.0
2022-08-28 00:00:00+02:00,2.630000114440918,2.740000009536743,2.619999885559082,2.700000047683716,2961769,0.0,0.0,0.0
2022-08-29 00:00:00+02:00,2.700000047683716,2.8399999141693115,2.5199999809265137,2.640000104904175,3401535,0.0,0.0,0.0
2022-08-30 00:00:00+02:00,2.640000104904175,2.7300000190734863,2.5999999046325684,2.619999885559082,1682088,0.0,0.0,0.0
2022-08-31 00:00:00+02:00,2.619999885559082,2.75,2.609999895095825,2.6700000762939453,3332156,0.0,0.0,0.0
2022-09-01 00:00:00+02:00,2.6700000762939453,2.8299999237060547,2.640000104904175,2.7799999713897705,4716926,0.0,0.0,0.0
2022-09-04 00:00:00+02:00,2.7799999713897705,2.8399999141693115,2.6700000762939453,2.759999990463257,3609795,0.0,0.0,0.0
2022-09-05 00:00:00+02:00,2.759999990463257,2.799999952316284,2.6500000953674316,2.6700000762939453,2122762,0.0,0.0,0.0
2022-09-06 00:00:00+02:00,2.6700000762939453,2.740000009536743,2.5799999237060547,2.619999885559082,3907065,0.0,0.0,0.0
2022-09-07 00:00:00+02:00,2.619999885559082,2.6600000858306885,2.1700000762939453,2.240000009536743,3621434,0.0,0.0,0.0
2022-09-08 00:00:00+02:00,2.240000009536743,2.440000057220459,2.2100000381469727,2.390000104904175,3727546,0.0,0.0,0.0
2022-09-11 00:00:00+02:00,2.390000104904175,2.549999952316284,2.4000000953674316,2.4800000190734863,3155303,0.0,0.0,0.0
2022-09-12 00:00:00+02:00,2.4800000190734863,2.4700000286102295,2.2699999809265137,2.3299999237060547,1915654,0.0,0.0,0.0
2022-09-13 00:00:00+02:00,2.3299999237060547,2.369999885559082,2.2799999713897705,2.299999952316284,1319190,0.0,0.0,0.0
2022-09-14 00:00:00+02:00,2.299999952316284,2.299999952316284,2.1500000953674316,2.259999990463257,2105186,0.0,0.0,0.0
2022-09-15 00:00:00+02:00,2.259999990463257,2.359999895095825,2.240000009536743,2.259999990463257,1115424,0.0,0.0,0.0
2022-09-18 00:00:00+02:00,2.259999990463257,2.299999952316284,2.0199999809265137,2.069999933242798,3429324,0.0,0.0,0.0
2022-09-19 00:00:00+02:00,2.069999933242798,2.25,2.009999990463257,2.180000066757202,1655411,0.0,0.0,0.0
2022-09-20 00:00:00+02:00,2.180000066757202,2.319999933242798,2.180000066757202,2.2799999713897705,1914928,0.0,0.0,0.0
2022-09-21 00:00:00+02:00,2.2799999713897705,2.299999952316284,2.190000057220459,2.200000047683716,1530771,0.0,0.0,0.0
2022-09-22 00:00:00+02:00,2.200000047683716,2.299999952316284,2.140000104904175,2.2699999809265137,1234221,0.0,0.0,0.0
2022-09-25 00:00:00+02:00,2.2699999809265137,2.309999942779541,2.180000066757202,2.2200000286102295,944236,0.0,0.0,0.0
2022-09-26 00:00:00+02:00,2.2200000286102295,2.5299999713897705,2.240000009536743,2.5,5749916,0.0,0.0,0.0
2022-09-27 00:00:00+02:00,2.5,2.569999933242798,2.440000057220459,2.490000009536743,3655717,0.0,0.0,0.0
2022-09-28 00:00:00+02:00,2.490000009536743,2.6500000953674316,2.430000066757202,2.5899999141693115,6151056,0.0,0.0,0.0
2022-09-29 00:00:00+02:00,2.5899999141693115,2.630000114440918,2.4600000381469727,2.4800000190734863,2038328,0.0,0.0,0.0
2022-10-02 00:00:00+02:00,2.4800000190734863,2.509999990463257,2.3299999237060547,2.3499999046325684,2444577,0.0,0.0,0.0
2022-10-03 00:00:00+02:00,2.3499999046325684,2.390000104904175,2.2300000190734863,2.259999990463257,1160880,0.0,0.0,0.0
2022-10-04 00:00:00+02:00,2.259999990463257,2.4100000858306885,2.319999933242798,2.3399999141693115,1513392,0.0,0.0,0.0
2022-10-05 00:00:00+02:00,2.3399999141693115,2.4000000953674316,2.2699999809265137,2.299999952316284,1804148,0.0,0.0,0.0
2022-10-09 00:00:00+02:00,2.299999952316284,2.3399999141693115,2.240000009536743,2.2899999618530273,2514999,0.0,0.0,0.0
2022-10-10 00:00:00+02:00,2.2899999618530273,2.359999895095825,2.25,2.2699999809265137,1511528,0.0,0.0,0.0
2022-10-11 00:00:00+02:00,2.2699999809265137,2.299999952316284,2.1700000762939453,2.200000047683716,1169075,0.0,0.0,0.0
2022-10-12 00:00:00+02:00,2.200000047683716,2.2699999809265137,2.140000104904175,2.1600000858306885,1578230,0.0,0.0,0.0
2022-10-13 00:00:00+02:00,2.1600000858306885,2.2899999618530273,2.1700000762939453,2.200000047683716,1001316,0.0,0.0,0.0
2022-10-16 00:00:00+02:00,2.200000047683716,2.3299999237060547,2.190000057220459,2.2799999713897705,2645488,0.0,0.0,0.0
2022-10-17 00:00:00+02:00,2.2799999713897705,2.380000114440918,2.25,2.2799999713897705,1322254,0.0,0.0,0.0
2022-10-18 00:00:00+02:00,2.2799999713897705,2.319999933242798,2.200000047683716,2.2300000190734863,1107835,0.0,0.0,0.0
2022-10-19 00:00:00+02:00,2.2300000190734863,2.25,2.1700000762939453,2.180000066757202,1366687,0.0,0.0,0.0
2022-10-20 00:00:00+02:00,2.180000066757202,2.2100000381469727,2.1700000762939453,2.180000066757202,925897,0.0,0.0,0.0
2022-10-23 00:00:00+02:00,2.180000066757202,2.4100000858306885,2.200000047683716,2.380000114440918,4543815,0.0,0.0,0.0
2022-10-24 00:00:00+02:00,2.380000114440918,2.4100000858306885,2.2799999713897705,2.299999952316284,3004494,0.0,0.0,0.0
2022-10-25 00:00:00+02:00,2.299999952316284,2.3299999237060547,2.25,2.259999990463257,1274519,0.0,0.0,0.0
2022-10-26 00:00:00+02:00,2.259999990463257,2.259999990463257,2.259999990463257,2.259999990463257,0,0.0,0.0,0.0
2022-10-27 00:00:00+02:00,2.2699999809265137,2.319999933242798,2.2300000190734863,2.25,1271454,0.0,0.0,0.0
2022-10-30 00:00:00+02:00,2.25,2.2799999713897705,2.1500000953674316,2.190000057220459,1149601,0.0,0.0,0.0
2022-10-31 00:00:00+02:00,2.190000057220459,2.2300000190734863,2.0299999713897705,2.200000047683716,1577588,0.0,0.0,0.0
2022-11-01 00:00:00+02:00,2.200000047683716,2.2699999809265137,2.200000047683716,2.240000009536743,1522397,0.0,0.0,0.0
2022-11-02 00:00:00+02:00,2.240000009536743,2.359999895095825,2.1700000762939453,2.2200000286102295,3929260,0.0,0.0,0.0
2022-11-03 00:00:00+02:00,2.2200000286102295,2.240000009536743,2.130000114440918,2.140000104904175,1223760,0.0,0.0,0.0
2022-11-06 00:00:00+02:00,2.140000104904175,2.190000057220459,2.109999895095825,2.140000104904175,725263,0.0,0.0,0.0
2022-11-07 00:00:00+02:00,2.140000104904175,2.2699999809265137,2.1500000953674316,2.25,2808427,0.0,0.0,0.0
2022-11-08 00:00:00+02:00,2.25,2.2899999618530273,2.190000057220459,2.200000047683716,1165076,0.0,0.0,0.0
2022-11-09 00:00:00+02:00,2.200000047683716,2.200000047683716,2.109999895095825,2.119999885559082,1384306,0.0,0.0,0.0
2022-11-10 00:00:00+02:00,2.119999885559082,2.299999952316284,2.0999999046325684,2.180000066757202,1166393,0.0,0.0,0.0
2022-11-13 00:00:00+02:00,2.180000066757202,2.25,2.180000066757202,2.2100000381469727,2072260,0.0,0.0,0.0
2022-11-14 00:00:00+02:00,2.2100000381469727,2.25,2.0999999046325684,2.1600000858306885,3383062,0.0,0.0,0.0
2022-11-15 00:00:00+02:00,2.1600000858306885,2.200000047683716,2.140000104904175,2.1500000953674316,812403,0.0,0.0,0.0
2022-11-16 00:00:00+02:00,2.1500000953674316,2.2100000381469727,2.140000104904175,2.190000057220459,2422915,0.0,0.0,0.0
2022-11-17 00:00:00+02:00,2.190000057220459,2.240000009536743,2.140000104904175,2.1600000858306885,2653309,0.0,0.0,0.0
2022-11-20 00:00:00+02:00,2.1600000858306885,2.2300000190734863,2.1700000762939453,2.190000057220459,1717228,0.0,0.0,0.0
2022-11-21 00:00:00+02:00,2.190000057220459,2.3399999141693115,2.200000047683716,2.2899999618530273,4755812,0.0,0.0,0.0
2022-11-22 00:00:00+02:00,2.2899999618530273,2.3399999141693115,2.259999990463257,2.2699999809265137,2013611,0.0,0.0,0.0
2022-11-23 00:00:00+02:00,2.2699999809265137,2.380000114440918,2.259999990463257,2.299999952316284,4803953,0.0,0.0,0.0
2022-11-24 00:00:00+02:00,2.299999952316284,2.3399999141693115,2.240000009536743,2.25,1572630,0.0,0.0,0.0
2022-11-27 00:00:00+02:00,2.25,2.319999933242798,2.240000009536743,2.2699999809265137,4046837,0.0,0.0,0.0
2022-11-28 00:00:00+02:00,2.2699999809265137,2.309999942779541,2.240000009536743,2.2899999618530273,2591372,0.0,0.0,0.0
2022-11-29 00:00:00+02:00,2.2899999618530273,2.5,2.2899999618530273,2.490000009536743,9198601,0.0,0.0,0.0
2022-11-30 00:00:00+02:00,2.490000009536743,2.5399999618530273,2.369999885559082,2.4200000762939453,4665449,0.0,0.0,0.0
2022-12-01 00:00:00+02:00,2.4200000762939453,2.5899999141693115,2.430000066757202,2.5199999809265137,6714269,0.0,0.0,0.0
2022-12-04 00:00:00+02:00,2.5199999809265137,2.5799999237060547,2.440000057220459,2.4600000381469727,2796314,0.0,0.0,0.0
2022-12-05 00:00:00+02:00,2.4600000381469727,2.490000009536743,2.3499999046325684,2.4000000953674316,2885827,0.0,0.0,0.0
2022-12-06 00:00:00+02:00,2.4000000953674316,2.4200000762939453,2.319999933242798,2.3399999141693115,1195687,0.0,0.0,0.0
2022-12-07 00:00:00+02:00,2.3399999141693115,2.4000000953674316,2.25,2.2799999713897705,3009775,0.0,0.0,0.0
2022-12-08 00:00:00+02:00,2.2799999713897705,2.319999933242798,2.259999990463257,2.2899999618530273,1987425,0.0,0.0,0.0
2022-12-11 00:00:00+02:00,2.2899999618530273,2.319999933242798,2.240000009536743,2.259999990463257,3165488,0.0,0.0,0.0
2022-12-12 00:00:00+02:00,2.259999990463257,2.2799999713897705,2.2200000286102295,2.259999990463257,1908429,0.0,0.0,0.0
2022-12-13 00:00:00+02:00,2.259999990463257,2.299999952316284,2.25,2.2699999809265137,2106205,0.0,0.0,0.0
2022-12-14 00:00:00+02:00,2.2699999809265137,2.359999895095825,2.2699999809265137,2.309999942779541,3337032,0.0,0.0,0.0
2022-12-15 00:00:00+02:00,2.309999942779541,2.3499999046325684,2.25,2.2799999713897705,2981385,0.0,0.0,0.0
2022-12-18 00:00:00+02:00,2.2799999713897705,2.3499999046325684,2.240000009536743,2.25,1565126,0.0,0.0,0.0
2022-12-19 00:00:00+02:00,2.25,2.2899999618530273,2.190000057220459,2.2100000381469727,1423179,0.0,0.0,0.0
2022-12-20 00:00:00+02:00,2.2100000381469727,2.3299999237060547,2.2100000381469727,2.2200000286102295,2695190,0.0,0.0,0.0
2022-12-21 00:00:00+02:00,2.2200000286102295,2.259999990463257,2.180000066757202,2.200000047683716,1395502,0.0,0.0,0.0
2022-12-22 00:00:00+02:00,2.200000047683716,2.2300000190734863,2.109999895095825,2.140000104904175,1190018,0.0,0.0,0.0
2022-12-25 00:00:00+02:00,2.140000104904175,2.1500000953674316,2.0199999809265137,2.049999952316284,695297,0.0,0.0,0.0
2022-12-26 00:00:00+02:00,2.049999952316284,2.0999999046325684,2.0299999713897705,2.0799999237060547,1074734,0.0,0.0,0.0
2022-12-27 00:00:00+02:00,2.0799999237060547,2.180000066757202,2.0999999046325684,2.130000114440918,1687083,0.0,0.0,0.0
2022-12-28 00:00:00+02:00,2.130000114440918,2.190000057220459,2.119999885559082,2.140000104904175,940650,0.0,0.0,0.0
2022-12-29 00:00:00+02:00,2.140000104904175,2.1600000858306885,2.0799999237060547,2.0999999046325684,1205771,0.0,0.0,0.0
2023-01-02 00:00:00+02:00,2.0999999046325684,2.1600000858306885,2.069999933242798,2.140000104904175,2055561,0.0,0.0,0.0
2023-01-03 00:00:00+02:00,2.140000104904175,2.180000066757202,2.140000104904175,2.1600000858306885,1434990,0.0,0.0,0.0
2023-01-04 00:00:00+02:00,2.1600000858306885,2.180000066757202,2.0299999713897705,2.140000104904175,1816405,0.0,0.0,0.0
2023-01-05 00:00:00+02:00,2.140000104904175,2.140000104904175,2.0899999141693115,2.0999999046325684,1580823,0.0,0.0,0.0
2023-01-09 00:00:00+02:00,2.0999999046325684,2.119999885559082,2.009999990463257,2.0299999713897705,940829,0.0,0.0,0.0
2023-01-10 00:00:00+02:00,2.0299999713897705,2.049999952316284,1.8899999856948853,1.899999976158142,1169943,0.0,0.0,0.0
2023-01-11 00:00:00+02:00,1.899999976158142,1.9700000286102295,1.7999999523162842,1.8700000047683716,1402922,0.0,0.0,0.0
2023-01-12 00:00:00+02:00,1.8700000047683716,1.940000057220459,1.7999999523162842,1.8600000143051147,1277745,0.0,0.0,0.0
2023-01-15 00:00:00+02:00,1.8600000143051147,1.8899999856948853,1.809999942779541,1.8200000524520874,508950,0.0,0.0,0.0
2023-01-16 00:00:00+02:00,1.8200000524520874,1.8589999675750732,1.8029999732971191,1.8220000267028809,609973,0.0,0.0,0.0
2023-01-17 00:00:00+02:00,1.8220000267028809,1.86899995803833,1.8029999732971191,1.8229999542236328,1174732,0.0,0.0,0.0
2023-01-18 00:00:00+02:00,1.8229999542236328,1.9249999523162842,1.8229999542236328,1.88100004196167,2288811,0.0,0.0,0.0
2023-01-19 00:00:00+02:00,1.88100004196167,1.9199999570846558,1.840999960899353,1.8589999675750732,1396569,0.0,0.0,0.0
2023-01-22 00:00:00+02:00,1.8589999675750732,1.8799999952316284,1.8320000171661377,1.8380000591278076,759673,0.0,0.0,0.0
2023-01-23 00:00:00+02:00,1.8380000591278076,1.8480000495910645,1.7710000276565552,1.7920000553131104,1445979,0.0,0.0,0.0
2023-01-24 00:00:00+02:00,1.7920000553131104,1.840000033378601,1.7710000276565552,1.812999963760376,1039015,0.0,0.0,0.0
2023-01-25 00:00:00+02:00,1.812999963760376,1.8459999561309814,1.7970000505447388,1.812000036239624,692680,0.0,0.0,0.0
2023-01-29 00:00:00+02:00,1.812000036239624,1.840000033378601,1.7999999523162842,1.8049999475479126,1030006,0.0,0.0,0.0
2023-01-30 00:00:00+02:00,1.8049999475479126,1.815999984741211,1.7230000495910645,1.7480000257492065,851777,0.0,0.0,0.0
2023-01-31 00:00:00+02:00,1.7480000257492065,1.75,1.6239999532699585,1.656000018119812,560484,0.0,0.0,0.0
2023-02-01 00:00:00+02:00,1.656000018119812,1.6790000200271606,1.6030000448226929,1.6119999885559082,779491,0.0,0.0,0.0
2023-02-02 00:00:00+02:00,1.6119999885559082,1.656999945640564,1.5509999990463257,1.5950000286102295,1331761,0.0,0.0,0.0
2023-02-05 00:00:00+02:00,1.5950000286102295,1.6169999837875366,1.5230000019073486,1.5850000381469727,1708560,0.0,0.0,0.0
2023-02-06 00:00:00+02:00,1.5850000381469727,1.7690000534057617,1.5540000200271606,1.7519999742507935,2468677,0.0,0.0,0.0
2023-02-07 00:00:00+02:00,1.7519999742507935,1.7999999523162842,1.690999984741211,1.7430000305175781,2248650,0.0,0.0,0.0
2023-02-08 00:00:00+02:00,1.7430000305175781,1.7740000486373901,1.6299999952316284,1.7510000467300415,1271237,0.0,0.0,0.0
2023-02-09 00:00:00+02:00,1.7510000467300415,1.809999942779541,1.7300000190734863,1.7999999523162842,1078200,0.0,0.0,0.0
2023-02-12 00:00:00+02:00,1.7999999523162842,1.8380000591278076,1.784999966621399,1.8079999685287476,789933,0.0,0.0,0.0
2023-02-13 00:00:00+02:00,1.8079999685287476,1.8890000581741333,1.7999999523162842,1.8580000400543213,1879913,0.0,0.0,0.0
2023-02-14 00:00:00+02:00,1.8580000400543213,1.9079999923706055,1.8200000524520874,1.8969999551773071,1407457,0.0,0.0,0.0
2023-02-15 00:00:00+02:00,1.8969999551773071,1.909999966621399,1.8200000524520874,1.8580000400543213,1084537,0.0,0.0,0.0
2023-02-16 00:00:00+02:00,1.8580000400543213,1.909999966621399,1.8140000104904175,1.8209999799728394,822336,0.0,0.0,0.0
2023-02-19 00:00:00+02:00,1.8209999799728394,1.8550000190734863,1.7740000486373901,1.7999999523162842,913739,0.0,0.0,0.0
2023-02-20 00:00:00+02:00,1.7999999523162842,1.8300000429153442,1.7239999771118164,1.753999948501587,770163,0.0,0.0,0.0
2023-02-21 00:00:00+02:00,1.753999948501587,1.7999999523162842,1.7120000123977661,1.7339999675750732,447841,0.0,0.0,0.0
2023-02-22 00:00:00+02:00,1.7339999675750732,1.7699999809265137,1.690999984741211,1.7029999494552612,403285,0.0,0.0,0.0
2023-02-23 00:00:00+02:00,1.7029999494552612,1.7200000286102295,1.659999966621399,1.6950000524520874,395825,0.0,0.0,0.0
2023-02-26 00:00:00+02:00,1.6950000524520874,1.7999999523162842,1.7000000476837158,1.7890000343322754,1621605,0.0,0.0,0.0
2023-02-27 00:00:00+02:00,1.7890000343322754,1.840000033378601,1.7710000276565552,1.7999999523162842,1774777,0.0,0.0,0.0
2023-02-28 00:00:00+02:00,1.7999999523162842,1.8389999866485596,1.7300000190734863,1.7430000305175781,2182580,0.0,0.0,0.0
2023-03-01 00:00:00+02:00,1.7430000305175781,1.8489999771118164,1.75,1.784999966621399,3956278,0.0,0.0,0.0
2023-03-02 00:00:00+02:00,1.784999966621399,1.8200000524520874,1.7799999713897705,1.8140000104904175,2847943,0.0,0.0,0.0
2023-03-05 00:00:00+02:00,1.8140000104904175,1.8799999952316284,1.809999942779541,1.850000023841858,2668086,0.0,0.0,0.0
2023-03-06 00:00:00+02:00,1.850000023841858,1.9700000286102295,1.8700000047683716,1.9600000381469727,5164861,0.0,0.0,0.0
2023-03-07 00:00:00+02:00,1.9600000381469727,2.0399999618530273,1.9210000038146973,1.9570000171661377,5127128,0.0,0.0,0.0
2023-03-08 00:00:00+02:00,1.9570000171661377,2.0,1.940000057220459,1.9769999980926514,2138912,0.0,0.0,0.0
2023-03-09 00:00:00+02:00,1.9769999980926514,2.0399999618530273,1.9980000257492065,2.01200008392334,4121373,0.0,0.0,0.0
2023-03-12 00:00:00+02:00,2.01200008392334,2.009999990463257,1.8700000047683716,1.8899999856948853,4349625,0.0,0.0,0.0
2023-03-13 00:00:00+02:00,1.8899999856948853,1.9299999475479126,1.5199999809265137,1.5800000429153442,2168608,0.0,0.0,0.0
2023-03-14 00:00:00+02:00,1.5800000429153442,1.7000000476837158,1.5,1.6399999856948853,3243470,0.0,0.0,0.0
2023-03-15 00:00:00+02:00,1.6399999856948853,1.7300000190734863,1.340000033378601,1.4600000381469727,2829752,0.0,0.0,0.0
2023-03-16 00:00:00+02:00,1.4600000381469727,1.5199999809265137,1.2300000190734863,1.4299999475479126,2000104,0.0,0.0,0.0
2023-03-19 00:00:00+02:00,1.4299999475479126,1.4800000190734863,1.3329999446868896,1.4279999732971191,1631180,0.0,0.0,0.0
2023-03-20 00:00:00+02:00,1.4279999732971191,1.5499999523162842,1.4290000200271606,1.5169999599456787,1868782,0.0,0.0,0.0
2023-03-21 00:00:00+02:00,1.5169999599456787,1.649999976158142,1.5099999904632568,1.6130000352859497,2251284,0.0,0.0,0.0
2023-03-22 00:00:00+02:00,1.6130000352859497,1.6699999570846558,1.5700000524520874,1.5820000171661377,1332620,0.0,0.0,0.0
2023-03-23 00:00:00+02:00,1.5820000171661377,1.6039999723434448,1.5670000314712524,1.5720000267028809,554993,0.0,0.0,0.0
2023-03-26 00:00:00+02:00,1.5720000267028809,1.600000023841858,1.5499999523162842,1.5750000476837158,563489,0.0,0.0,0.0
2023-03-27 00:00:00+02:00,1.5750000476837158,1.5889999866485596,1.5,1.5080000162124634,1117365,0.0,0.0,0.0
2023-03-28 00:00:00+02:00,1.5080000162124634,1.5299999713897705,1.4809999465942383,1.5140000581741333,394678,0.0,0.0,0.0
2023-03-29 00:00:00+02:00,1.5140000581741333,1.5299999713897705,1.4800000190734863,1.5130000114440918,496893,0.0,0.0,0.0
2023-03-30 00:00:00+02:00,1.5130000114440918,1.565000057220459,1.4800000190734863,1.5199999809265137,881159,0.0,0.0,0.0
2023-04-02 00:00:00+02:00,1.5199999809265137,1.5479999780654907,1.5019999742507935,1.5230000019073486,746568,0.0,0.0,0.0
2023-04-03 00:00:00+02:00,1.5230000019073486,1.5499999523162842,1.5099999904632568,1.5180000066757202,2044417,0.0,0.0,0.0
2023-04-04 00:00:00+02:00,1.5180000066757202,1.5499999523162842,1.5010000467300415,1.5420000553131104,2727776,0.0,0.0,0.0
2023-04-05 00:00:00+02:00,1.5420000553131104,1.6100000143051147,1.5470000505447388,1.5750000476837158,2582228,0.0,0.0,0.0
2023-04-06 00:00:00+02:00,1.5750000476837158,1.6200000047683716,1.5410000085830688,1.565000057220459,1100590,0.0,0.0,0.0
2023-04-09 00:00:00+02:00,1.565000057220459,1.590000033378601,1.531000018119812,1.5449999570846558,547010,0.0,0.0,0.0
2023-04-10 00:00:00+02:00,1.5449999570846558,1.5579999685287476,1.5169999599456787,1.5210000276565552,665998,0.0,0.0,0.0
2023-04-11 00:00:00+02:00,1.5210000276565552,1.5499999523162842,1.5180000066757202,1.531000018119812,955852,0.0,0.0,0.0
2023-04-12 00:00:00+02:00,1.531000018119812,1.5499999523162842,1.5099999904632568,1.5149999856948853,665575,0.0,0.0,0.0
2023-04-13 00:00:00+02:00,1.5149999856948853,1.5440000295639038,1.5110000371932983,1.5199999809265137,542282,0.0,0.0,0.0
2023-04-18 00:00:00+02:00,1.5199999809265137,1.534999966621399,1.4910000562667847,1.496999979019165,1807411,0.0,0.0,0.0
2023-04-19 00:00:00+02:00,1.496999979019165,1.5099999904632568,1.4880000352859497,1.4950000047683716,668341,0.0,0.0,0.0
2023-04-26 00:00:00+02:00,1.4950000047683716,1.5089999437332153,1.4620000123977661,1.475000023841858,650354,0.0,0.0,0.0
2023-04-27 00:00:00+02:00,1.475000023841858,1.5230000019073486,1.4700000286102295,1.5089999437332153,1300491,0.0,0.0,0.0
2023-04-30 00:00:00+03:00,1.5089999437332153,1.5470000505447388,1.4950000047683716,1.5010000467300415,2608337,0.0,0.0,0.0
2023-05-01 00:00:00+03:00,1.5010000467300415,1.5010000467300415,1.5010000467300415,1.5010000467300415,0,0.0,0.0,0.0
2023-05-02 00:00:00+03:00,1.4609999656677246,1.4800000190734863,1.4320000410079956,1.4359999895095825,757067,0.0,0.0,0.0
2023-05-03 00:00:00+03:00,1.4359999895095825,1.4500000476837158,1.340000033378601,1.3960000276565552,646568,0.0,0.0,0.0
2023-05-07 00:00:00+03:00,1.3960000276565552,1.4140000343322754,1.3600000143051147,1.3930000066757202,498867,0.0,0.0,0.0
2023-05-08 00:00:00+03:00,1.3930000066757202,1.4579999446868896,1.3930000066757202,1.4500000476837158,974925,0.0,0.0,0.0
2023-05-09 00:00:00+03:00,1.4500000476837158,1.4780000448226929,1.437000036239624,1.4500000476837158,1146418,0.0,0.0,0.0
2023-05-10 00:00:00+03:00,1.4500000476837158,1.4529999494552612,1.4010000228881836,1.4359999895095825,787241,0.0,0.0,0.0
2023-05-11 00:00:00+03:00,1.4359999895095825,1.5149999856948853,1.4270000457763672,1.4809999465942383,3209537,0.0,0.0,0.0
2023-05-14 00:00:00+03:00,1.4809999465942383,1.5199999809265137,1.4830000400543213,1.4900000095367432,1055567,0.0,0.0,0.0
2023-05-15 00:00:00+03:00,1.4900000095367432,1.5199999809265137,1.4429999589920044,1.4520000219345093,1077098,0.0,0.0,0.0
2023-05-16 00:00:00+03:00,1.4520000219345093,1.4520000219345093,1.4199999570846558,1.4249999523162842,664225,0.0,0.0,0.0
2023-05-17 00:00:00+03:00,1.4249999523162842,1.4479999542236328,1.4010000228881836,1.4110000133514404,484944,0.0,0.0,0.0
2023-05-18 00:00:00+03:00,1.4110000133514404,1.4199999570846558,1.3910000324249268,1.4049999713897705,385646,0.0,0.0,0.0
2023-05-21 00:00:00+03:00,1.4049999713897705,1.444000005722046,1.399999976158142,1.4199999570846558,233754,0.0,0.0,0.0
2023-05-22 00:00:00+03:00,1.4199999570846558,1.4450000524520874,1.4010000228881836,1.409999966621399,522078,0.0,0.0,0.0
2023-05-23 00:00:00+03:00,1.409999966621399,1.4800000190734863,1.4149999618530273,1.465000033378601,1405095,0.0,0.0,0.0
2023-05-24 00:00:00+03:00,1.465000033378601,1.4950000047683716,1.4500000476837158,1.4630000591278076,928691,0.0,0.0,0.0
2023-05-25 00:00:00+03:00,1.4630000591278076,1.4800000190734863,1.4500000476837158,1.4579999446868896,719676,0.0,0.0,0.0
2023-05-28 00:00:00+03:00,1.4579999446868896,1.5299999713897705,1.4600000381469727,1.5190000534057617,1858759,0.0,0.0,0.0
2023-05-29 00:00:00+03:00,1.5190000534057617,1.7330000400543213,1.5299999713897705,1.7079999446868896,6671574,0.0,0.0,0.0
2023-05-30 00:00:00+03:00,1.7079999446868896,1.746999979019165,1.6130000352859497,1.6169999837875366,3298961,0.0,0.0,0.0
2023-05-31 00:00:00+03:00,1.6169999837875366,1.649999976158142,1.565000057220459,1.5859999656677246,2195857,0.0,0.0,0.0
2023-06-01 00:00:00+03:00,1.5859999656677246,1.6299999952316284,1.5889999866485596,1.593000054359436,1407347,0.0,0.0,0.0
2023-06-04 00:00:00+03:00,1.593000054359436,1.6360000371932983,1.600000023841858,1.625,958954,0.0,0.0,0.0
2023-06-05 00:00:00+03:00,1.625,1.6490000486373901,1.6100000143051147,1.625,1598246,0.0,0.0,0.0
2023-06-06 00:00:00+03:00,1.625,1.6299999952316284,1.5839999914169312,1.590000033378601,1309209,0.0,0.0,0.0
2023-06-07 00:00:00+03:00,1.590000033378601,1.600000023841858,1.5440000295639038,1.5529999732971191,1203977,0.0,0.0,0.0
2023-06-08 00:00:00+03:00,1.5529999732971191,1.5870000123977661,1.5190000534057617,1.527999997138977,770153,0.0,0.0,0.0
2023-06-11 00:00:00+03:00,1.527999997138977,1.5499999523162842,1.5010000467300415,1.5369999408721924,1041181,0.0,0.0,0.0
2023-06-12 00:00:00+03:00,1.5369999408721924,1.5839999914169312,1.5399999618530273,1.5509999990463257,495171,0.0,0.0,0.0
2023-06-13 00:00:00+03:00,1.5509999990463257,1.559000015258789,1.5119999647140503,1.524999976158142,472175,0.0,0.0,0.0
2023-06-14 00:00:00+03:00,1.524999976158142,1.5410000085830688,1.5110000371932983,1.524999976158142,349695,0.0,0.0,0.0
2023-06-15 00:00:00+03:00,1.524999976158142,1.5440000295639038,1.5110000371932983,1.5230000019073486,329684,0.0,0.0,0.0
2023-06-18 00:00:00+03:00,1.5230000019073486,1.5379999876022339,1.5010000467300415,1.5199999809265137,746612,0.0,0.0,0.0
2023-06-19 00:00:00+03:00,1.5199999809265137,1.5399999618530273,1.5149999856948853,1.5210000276565552,602412,0.0,0.0,0.0
2023-06-20 00:00:00+03:00,1.5210000276565552,1.534999966621399,1.5130000114440918,1.5169999599456787,271039,0.0,0.0,0.0
2023-06-21 00:00:00+03:00,1.5169999599456787,1.534000039100647,1.4739999771118164,1.4930000305175781,583763,0.0,0.0,0.0
2023-06-22 00:00:00+03:00,1.4930000305175781,1.5099999904632568,1.4830000400543213,1.4950000047683716,403733,0.0,0.0,0.0
2023-06-25 00:00:00+03:00,1.4950000047683716,1.5089999437332153,1.4800000190734863,1.4889999628067017,218843,0.0,0.0,0.0
2023-06-26 00:00:00+03:00,1.4889999628067017,1.5080000162124634,1.4780000448226929,1.4889999628067017,172102,0.0,0.0,0.0
2023-07-04 00:00:00+03:00,1.4889999628067017,1.524999976158142,1.5,1.5119999647140503,328114,0.0,0.0,0.0
2023-07-05 00:00:00+03:00,1.5119999647140503,1.5199999809265137,1.5,1.5149999856948853,417374,0.0,0.0,0.0
2023-07-06 00:00:00+03:00,1.5149999856948853,1.5390000343322754,1.5,1.50600004196167,685733,0.0,0.0,0.0
2023-07-09 00:00:00+03:00,1.50600004196167,1.5169999599456787,1.2999999523162842,1.437000036239624,660566,0.0,0.0,0.0
2023-07-10 00:00:00+03:00,1.437000036239624,1.4869999885559082,1.3600000143051147,1.4529999494552612,312158,0.0,0.0,0.0
2023-07-11 00:00:00+03:00,1.4529999494552612,1.5,1.440999984741211,1.4609999656677246,638316,0.0,0.0,0.0
2023-07-12 00:00:00+03:00,1.4609999656677246,1.5,1.434999942779541,1.4839999675750732,363908,0.0,0.0,0.0
2023-07-13 00:00:00+03:00,1.4839999675750732,1.4950000047683716,1.465000033378601,1.4839999675750732,196714,0.0,0.0,0.0
2023-07-16 00:00:00+03:00,1.4839999675750732,1.4950000047683716,1.4509999752044678,1.4800000190734863,426361,0.0,0.0,0.0
2023-07-17 00:00:00+03:00,1.4800000190734863,1.4900000095367432,1.4529999494552612,1.4800000190734863,125344,0.0,0.0,0.0
2023-07-18 00:00:00+03:00,1.4800000190734863,1.4850000143051147,1.4520000219345093,1.4800000190734863,189247,0.0,0.0,0.0
2023-07-19 00:00:00+03:00,1.4800000190734863,1.4800000190734863,1.4800000190734863,1.4800000190734863,0,0.0,0.0,0.0
2023-07-24 00:00:00+03:00,1.4800000190734863,1.5449999570846558,1.4900000095367432,1.5119999647140503,375750,0.0,0.0,0.0
2023-07-25 00:00:00+03:00,1.5119999647140503,1.6019999980926514,1.5260000228881836,1.5369999408721924,2919977,0.0,0.0,0.0
2023-07-26 00:00:00+03:00,1.5369999408721924,1.559999942779541,1.5260000228881836,1.5329999923706055,726506,0.0,0.0,0.0
2023-07-27 00:00:00+03:00,1.5329999923706055,1.5549999475479126,1.5,1.5169999599456787,889814,0.0,0.0,0.0
2023-07-30 00:00:00+03:00,1.5169999599456787,1.559999942779541,1.5149999856948853,1.5240000486373901,963545,0.0,0.0,0.0
2023-07-31 00:00:00+03:00,1.5240000486373901,1.5490000247955322,1.5219999551773071,1.527999997138977,307886,0.0,0.0,0.0
2023-08-01 00:00:00+03:00,1.527999997138977,1.5499999523162842,1.5,1.5099999904632568,521645,0.0,0.0,0.0
2023-08-02 00:00:00+03:00,1.5099999904632568,1.5399999618530273,1.503000020980835,1.5110000371932983,483087,0.0,0.0,0.0
2023-08-03 00:00:00+03:00,1.5110000371932983,1.5299999713897705,1.4839999675750732,1.5099999904632568,427857,0.0,0.0,0.0
2023-08-06 00:00:00+03:00,1.5099999904632568,1.524999976158142,1.4850000143051147,1.496000051498413,293669,0.0,0.0,0.0
2023-08-07 00:00:00+03:00,1.496000051498413,1.524999976158142,1.5,1.5080000162124634,341539,0.0,0.0,0.0
2023-08-08 00:00:00+03:00,1.5080000162124634,1.5240000486373901,1.5,1.5049999952316284,347376,0.0,0.0,0.0
2023-08-09 00:00:00+03:00,1.5049999952316284,1.5130000114440918,1.496999979019165,1.5049999952316284,179629,0.0,0.0,0.0
2023-08-10 00:00:00+03:00,1.5049999952316284,1.5240000486373901,1.5,1.5080000162124634,329524,0.0,0.0,0.0
2023-08-13 00:00:00+03:00,1.5080000162124634,1.555999994277954,1.5199999809265137,1.5460000038146973,1162076,0.0,0.0,0.0
2023-08-14 00:00:00+03:00,1.5460000038146973,1.559999942779541,1.5299999713897705,1.534999966621399,1007649,0.0,0.0,0.0
2023-08-15 00:00:00+03:00,1.534999966621399,1.5700000524520874,1.5160000324249268,1.5520000457763672,911357,0.0,0.0,0.0
2023-08-16 00:00:00+03:00,1.5520000457763672,1.6399999856948853,1.5499999523162842,1.5839999914169312,4213388,0.0,0.0,0.0
2023-08-17 00:00:00+03:00,1.5839999914169312,1.5839999914169312,1.5399999618530273,1.5410000085830688,1119592,0.0,0.0,0.0
2023-08-20 00:00:00+03:00,1.5410000085830688,1.6299999952316284,1.5499999523162842,1.5609999895095825,1598894,0.0,0.0,0.0
2023-08-21 00:00:00+03:00,1.5609999895095825,1.5920000076293945,1.5490000247955322,1.5509999990463257,2635243,0.0,0.0,0.0
2023-08-22 00:00:00+03:00,1.5509999990463257,1.590000033378601,1.5509999990463257,1.5549999475479126,843087,0.0,0.0,0.0
2023-08-23 00:00:00+03:00,1.5549999475479126,1.5789999961853027,1.5110000371932983,1.5210000276565552,1262741,0.0,0.0,0.0
2023-08-24 00:00:00+03:00,1.5210000276565552,1.5889999866485596,1.5099999904632568,1.559999942779541,1675344,0.0,0.0,0.0
2023-08-27 00:00:00+03:00,1.559999942779541,1.5950000286102295,1.5609999895095825,1.5670000314712524,1461660,0.0,0.0,0.0
2023-08-28 00:00:00+03:00,1.5670000314712524,1.590000033378601,1.565000057220459,1.5839999914169312,1715500,0.0,0.0,0.0
2023-08-29 00:00:00+03:00,1.5839999914169312,1.7280000448226929,1.590000033378601,1.6610000133514404,6874179,0.0,0.0,0.0
2023-08-30 00:00:00+03:00,1.6610000133514404,1.7359999418258667,1.6410000324249268,1.652999997138977,3769991,0.0,0.0,0.0
2023-08-31 00:00:00+03:00,1.652999997138977,1.652999997138977,1.652999997138977,1.652999997138977,0,0.0,0.0,0.0
2023-09-03 00:00:00+03:00,1.6540000438690186,1.7000000476837158,1.6299999952316284,1.6410000324249268,1460201,0.0,0.0,0.0
2023-09-04 00:00:00+03:00,1.6410000324249268,1.6519999504089355,1.590000033378601,1.6050000190734863,1490045,0.0,0.0,0.0
2023-09-05 00:00:00+03:00,1.6050000190734863,1.6799999475479126,1.590000033378601,1.6100000143051147,2340707,0.0,0.0,0.0
2023-09-06 00:00:00+03:00,1.6100000143051147,1.6540000438690186,1.5750000476837158,1.5779999494552612,1777709,0.0,0.0,0.0
2023-09-07 00:00:00+03:00,1.5779999494552612,1.6100000143051147,1.5499999523162842,1.5679999589920044,1054227,0.0,0.0,0.0
2023-09-10 00:00:00+03:00,1.5679999589920044,1.5679999589920044,1.5679999589920044,1.5679999589920044,0,0.0,0.0,0.0
2023-09-11 00:00:00+03:00,1.5490000247955322,1.5549999475479126,1.531999945640564,1.5399999618530273,682357,0.0,0.0,0.0
2023-09-12 00:00:00+03:00,1.5399999618530273,1.5499999523162842,1.524999976158142,1.527999997138977,634906,0.0,0.0,0.0
2023-09-13 00:00:00+03:00,1.527999997138977,1.5490000247955322,1.527999997138977,1.5440000295639038,457521,0.0,0.0,0.0
2023-09-14 00:00:00+03:00,1.5440000295639038,1.600000023841858,1.5499999523162842,1.5640000104904175,1807084,0.0,0.0,0.0
2023-09-17 00:00:00+03:00,1.5640000104904175,1.659999966621399,1.600000023841858,1.6080000400543213,4784313,0.0,0.0,0.0
2023-09-18 00:00:00+03:00,1.6080000400543213,1.6449999809265137,1.5789999961853027,1.5859999656677246,1732940,0.0,0.0,0.0
2023-09-19 00:00:00+03:00,1.5859999656677246,1.6200000047683716,1.565999984741211,1.5679999589920044,1499748,0.0,0.0,0.0
2023-09-20 00:00:00+03:00,1.5679999589920044,1.5679999589920044,1.5679999589920044,1.5679999589920044,0,0.0,0.0,0.0
2023-09-21 00:00:00+03:00,1.5679999589920044,1.5679999589920044,1.5679999589920044,1.5679999589920044,0,0.0,0.0,0.0
2023-09-24 00:00:00+03:00,1.5679999589920044,1.5679999589920044,1.5679999589920044,1.5679999589920044,0,0.0,0.0,0.0
2023-09-25 00:00:00+03:00,1.531000018119812,1.5509999990463257,1.5,1.503000020980835,766647,0.0,0.0,0.0
2023-09-26 00:00:00+03:00,1.503000020980835,1.531999945640564,1.4950000047683716,1.4989999532699585,531949,0.0,0.0,0.0
2023-09-27 00:00:00+03:00,1.4989999532699585,1.4989999532699585,1.4989999532699585,1.4989999532699585,0,0.0,0.0,0.0
2023-10-01 00:00:00+03:00,1.4989999532699585,1.4989999532699585,1.4989999532699585,1.4989999532699585,0,0.0,0.0,0.0
2023-10-02 00:00:00+03:00,1.4809999465942383,1.4989999532699585,1.4500000476837158,1.4589999914169312,618437,0.0,0.0,0.0
2023-10-03 00:00:00+03:00,1.4589999914169312,1.4859999418258667,1.4299999475479126,1.4490000009536743,398063,0.0,0.0,0.0
2023-10-04 00:00:00+03:00,1.4490000009536743,1.4800000190734863,1.309999942779541,1.468999981880188,990075,0.0,0.0,0.0
2023-10-08 00:00:00+03:00,1.468999981880188,1.4639999866485596,1.350000023841858,1.3830000162124634,842413,0.0,0.0,0.0
2023-10-09 00:00:00+03:00,1.3830000162124634,1.4299999475479126,1.3799999952316284,1.3969999551773071,647189,0.0,0.0,0.0
2023-10-10 00:00:00+03:00,1.3969999551773071,1.437999963760376,1.399999976158142,1.4290000200271606,809110,0.0,0.0,0.0
2023-10-11 00:00:00+03:00,1.4290000200271606,1.434999942779541,1.409999966621399,1.4179999828338623,686217,0.0,0.0,0.0
2023-10-12 00:00:00+03:00,1.4179999828338623,1.4299999475479126,1.4119999408721924,1.4210000038146973,268545,0.0,0.0,0.0
2023-10-15 00:00:00+03:00,1.4210000038146973,1.468999981880188,1.4199999570846558,1.440000057220459,968558,0.0,0.0,0.0
2023-10-16 00:00:00+03:00,1.440000057220459,1.5,1.409999966621399,1.4450000524520874,875697,0.0,0.0,0.0
2023-10-17 00:00:00+03:00,1.4450000524520874,1.4700000286102295,1.4320000410079956,1.4500000476837158,424615,0.0,0.0,0.0
2023-10-18 00:00:00+03:00,1.4500000476837158,1.5080000162124634,1.4320000410079956,1.440000057220459,1010607,0.0,0.0,0.0
2023-10-19 00:00:00+03:00,1.440000057220459,1.440000057220459,1.440000057220459,1.440000057220459,0,0.0,0.0,0.0
2023-10-22 00:00:00+03:00,1.437000036239624,1.5049999952316284,1.437999963760376,1.4880000352859497,1240143,0.0,0.0,0.0
2023-10-23 00:00:00+03:00,1.4880000352859497,1.5299999713897705,1.4609999656677246,1.472000002861023,1573113,0.0,0.0,0.0
2023-10-24 00:00:00+03:00,1.472000002861023,1.524999976158142,1.4420000314712524,1.50600004196167,1836199,0.0,0.0,0.0
2023-10-25 00:00:00+03:00,1.50600004196167,1.6269999742507935,1.5019999742507935,1.6200000047683716,3024316,0.0,0.0,0.0
2023-10-26 00:00:00+03:00,1.6200000047683716,1.937999963760376,1.6200000047683716,1.746999979019165,9392240,0.0,0.0,0.0
2023-10-29 00:00:00+02:00,1.746999979019165,1.777999997138977,1.6100000143051147,1.6330000162124634,3128509,0.0,0.0,0.0
2023-10-30 00:00:00+02:00,1.6330000162124634,1.75,1.6399999856948853,1.6990000009536743,1968219,0.0,0.0,0.0
2023-10-31 00:00:00+02:00,1.6990000009536743,1.7100000381469727,1.6330000162124634,1.6419999599456787,866013,0.0,0.0,0.0
2023-11-01 00:00:00+02:00,1.6419999599456787,1.7400000095367432,1.6299999952316284,1.7000000476837158,2111563,0.0,0.0,0.0
2023-11-02 00:00:00+02:00,1.7000000476837158,1.7599999904632568,1.6699999570846558,1.684999942779541,1175424,0.0,0.0,0.0
2023-11-05 00:00:00+02:00,1.684999942779541,1.7350000143051147,1.6720000505447388,1.6820000410079956,639178,0.0,0.0,0.0
2023-11-06 00:00:00+02:00,1.6820000410079956,1.7100000381469727,1.6649999618530273,1.684000015258789,553830,0.0,0.0,0.0
2023-11-07 00:00:00+02:00,1.684000015258789,1.7089999914169312,1.6619999408721924,1.6720000505447388,1032484,0.0,0.0,0.0
2023-11-08 00:00:00+02:00,1.6720000505447388,1.7039999961853027,1.6749999523162842,1.6959999799728394,1248305,0.0,0.0,0.0
2023-11-09 00:00:00+02:00,1.6959999799728394,1.7050000429153442,1.6829999685287476,1.6970000267028809,1788696,0.0,0.0,0.0
2023-11-12 00:00:00+02:00,1.6970000267028809,1.9490000009536743,1.7009999752044678,1.940000057220459,5564733,0.0,0.0,0.0
2023-11-13 00:00:00+02:00,1.940000057220459,2.0989999771118164,1.8609999418258667,2.056999921798706,4421271,0.0,0.0,0.0
2023-11-14 00:00:00+02:00,2.056999921798706,2.109999895095825,1.9700000286102295,1.996000051498413,1801431,0.0,0.0,0.0
2023-11-15 00:00:00+02:00,1.996000051498413,2.0399999618530273,1.9700000286102295,1.9769999980926514,873899,0.0,0.0,0.0
2023-11-16 00:00:00+02:00,1.9769999980926514,2.0980000495910645,1.9769999980926514,2.0369999408721924,2136080,0.0,0.0,0.0
2023-11-19 00:00:00+02:00,2.0369999408721924,2.0899999141693115,2.0,2.009999990463257,1394061,0.0,0.0,0.0
2023-11-20 00:00:00+02:00,2.009999990463257,2.2799999713897705,1.909999966621399,2.2300000190734863,10936945,0.0,0.0,0.0
2023-11-21 00:00:00+02:00,2.2300000190734863,2.299999952316284,2.1500000953674316,2.2200000286102295,2896346,0.0,0.0,0.0
2023-11-22 00:00:00+02:00,2.2200000286102295,2.299999952316284,2.180000066757202,2.2699999809265137,2388702,0.0,0.0,0.0
2023-11-23 00:00:00+02:00,2.2699999809265137,2.2699999809265137,2.200000047683716,2.240000009536743,1396619,0.0,0.0,0.0
2023-11-26 00:00:00+02:00,2.240000009536743,2.680000066757202,2.240000009536743,2.680000066757202,7522302,0.0,0.0,0.0
2023-11-27 00:00:00+02:00,2.680000066757202,2.9700000286102295,2.6600000858306885,2.8399999141693115,6854785,0.0,0.0,0.0
2023-11-28 00:00:00+02:00,2.8399999141693115,2.9000000953674316,2.6600000858306885,2.700000047683716,2624284,0.0,0.0,0.0
2023-11-29 00:00:00+02:00,2.700000047683716,3.190000057220459,2.7200000286102295,3.0399999618530273,5084080,0.0,0.0,0.0
2023-11-30 00:00:00+02:00,3.0399999618530273,3.3499999046325684,2.9200000762939453,3.299999952316284,3632267,0.0,0.0,0.0
2023-12-03 00:00:00+02:00,3.299999952316284,3.509999990463257,3.2799999713897705,3.309999942779541,2195932,0.0,0.0,0.0
2023-12-04 00:00:00+02:00,3.309999942779541,3.569999933242798,3.180000066757202,3.450000047683716,2857156,0.0,0.0,0.0
2023-12-05 00:00:00+02:00,3.450000047683716,3.509999990463257,3.319999933242798,3.3399999141693115,1394378,0.0,0.0,0.0
2023-12-06 00:00:00+02:00,3.3399999141693115,3.440000057220459,3.1500000953674316,3.1600000858306885,2614097,0.0,0.0,0.0
2023-12-07 00:00:00+02:00,3.1600000858306885,3.240000009536743,3.0299999713897705,3.119999885559082,1701878,0.0,0.0,0.0
2023-12-10 00:00:00+02:00,3.119999885559082,3.4000000953674316,3.0999999046325684,3.0999999046325684,3255936,0.0,0.0,0.0
2023-12-11 00:00:00+02:00,3.0999999046325684,3.109999895095825,2.859999895095825,2.890000104904175,1902115,0.0,0.0,0.0
2023-12-12 00:00:00+02:00,2.890000104904175,3.1500000953674316,2.859999895095825,3.0,3339587,0.0,0.0,0.0
2023-12-13 00:00:00+02:00,3.0,3.2100000381469727,3.0199999809265137,3.069999933242798,2568358,0.0,0.0,0.0
2023-12-14 00:00:00+02:00,3.069999933242798,3.130000114440918,2.9600000381469727,3.0,1323011,0.0,0.0,0.0
2023-12-17 00:00:00+02:00,3.0,3.0799999237060547,2.9700000286102295,2.990000009536743,550576,0.0,0.0,0.0
2023-12-18 00:00:00+02:00,2.990000009536743,3.049999952316284,2.4000000953674316,2.8399999141693115,3144554,0.0,0.0,0.0
2023-12-19 00:00:00+02:00,2.8399999141693115,2.9200000762939453,2.609999895095825,2.690000057220459,1929632,0.0,0.0,0.0
2023-12-20 00:00:00+02:00,2.690000057220459,2.7300000190734863,2.549999952316284,2.700000047683716,1619911,0.0,0.0,0.0
2023-12-21 00:00:00+02:00,2.700000047683716,2.869999885559082,2.630000114440918,2.690000057220459,1518788,0.0,0.0,0.0
2023-12-24 00:00:00+02:00,2.690000057220459,2.690000057220459,2.690000057220459,2.690000057220459,0,0.0,0.0,0.0
2023-12-25 00:00:00+02:00,2.5799999237060547,2.5999999046325684,2.509999990463257,2.549999952316284,518389,0.0,0.0,0.0
2023-12-26 00:00:00+02:00,2.549999952316284,2.630000114440918,2.5,2.509999990463257,450236,0.0,0.0,0.0
2023-12-27 00:00:00+02:00,2.509999990463257,2.680000066757202,2.5,2.5899999141693115,1131051,0.0,0.0,0.0
2023-12-28 00:00:00+02:00,2.5899999141693115,2.640000104904175,2.5399999618530273,2.559999942779541,533195,0.0,0.0,0.0
2023-12-31 00:00:00+02:00,2.559999942779541,2.5999999046325684,2.5299999713897705,2.559999942779541,653294,0.0,0.0,0.0
2024-01-02 00:00:00+02:00,2.559999942779541,2.680000066757202,2.3299999237060547,2.569999933242798,4161893,0.0,0.0,0.0
2024-01-03 00:00:00+02:00,2.569999933242798,3.059999942779541,2.5899999141693115,2.9200000762939453,6715332,0.0,0.0,0.0
2024-01-04 00:00:00+02:00,2.9200000762939453,2.9700000286102295,2.7699999809265137,2.890000104904175,3693260,0.0,0.0,0.0
2024-01-08 00:00:00+02:00,2.890000104904175,2.869999885559082,2.7799999713897705,2.809999942779541,1797284,0.0,0.0,0.0
2024-01-09 00:00:00+02:00,2.809999942779541,3.0199999809265137,2.7899999618530273,3.0,6076049,0.0,0.0,0.0
2024-01-10 00:00:00+02:00,3.0,3.0,3.0,3.0,0,0.0,0.0,0.0
2024-01-11 00:00:00+02:00,3.0,3.1700000762939453,2.950000047683716,3.0,2795526,0.0,0.0,0.0
2024-01-14 00:00:00+02:00,3.0,3.059999942779541,2.9100000858306885,2.9200000762939453,2840305,0.0,0.0,0.0
2024-01-15 00:00:00+02:00,2.9200000762939453,2.9800000190734863,2.890000104904175,2.950000047683716,2719605,0.0,0.0,0.0
2024-01-16 00:00:00+02:00,2.950000047683716,3.069999933242798,2.8399999141693115,2.859999895095825,5066193,0.0,0.0,0.0
2024-01-17 00:00:00+02:00,2.859999895095825,2.9100000858306885,2.75,2.759999990463257,2724173,0.0,0.0,0.0
2024-01-18 00:00:00+02:00,2.759999990463257,2.9200000762939453,2.75,2.9000000953674316,2326841,0.0,0.0,0.0
2024-01-21 00:00:00+02:00,2.9000000953674316,2.9600000381469727,2.799999952316284,2.8399999141693115,2781999,0.0,0.0,0.0
2024-01-22 00:00:00+02:00,2.8399999141693115,2.940000057220459,2.799999952316284,2.819999933242798,1321372,0.0,0.0,0.0
2024-01-23 00:00:00+02:00,2.819999933242798,2.859999895095825,2.799999952316284,2.799999952316284,924440,0.0,0.0,0.0
2024-01-24 00:00:00+02:00,2.799999952316284,2.8299999237060547,2.7799999713897705,2.799999952316284,684790,0.0,0.0,0.0
2024-01-28 00:00:00+02:00,2.799999952316284,3.119999885559082,2.8299999237060547,3.0899999141693115,6763120,0.0,0.0,0.0
2024-01-29 00:00:00+02:00,3.0899999141693115,3.319999933242798,3.0899999141693115,3.180000066757202,10114401,0.0,0.0,0.0
2024-01-30 00:00:00+02:00,3.180000066757202,3.200000047683716,3.0,3.130000114440918,4031529,0.0,0.0,0.0
2024-01-31 00:00:00+02:00,3.130000114440918,3.140000104904175,2.799999952316284,2.809999942779541,3898082,0.0,0.0,0.0
2024-02-01 00:00:00+02:00,2.809999942779541,2.859999895095825,2.5299999713897705,2.819999933242798,2233961,0.0,0.0,0.0
2024-02-04 00:00:00+02:00,2.819999933242798,3.0199999809265137,2.799999952316284,2.950000047683716,2613646,0.0,0.0,0.0
2024-02-05 00:00:00+02:00,2.950000047683716,2.9700000286102295,2.880000114440918,2.9100000858306885,972603,0.0,0.0,0.0
2024-02-06 00:00:00+02:00,2.9100000858306885,3.200000047683716,2.9600000381469727,3.049999952316284,7100216,0.0,0.0,0.0
2024-02-07 00:00:00+02:00,3.049999952316284,3.4100000858306885,3.2200000286102295,3.3299999237060547,12264034,0.0,0.0,0.0
2024-02-08 00:00:00+02:00,3.3299999237060547,3.450000047683716,3.0999999046325684,3.130000114440918,7342137,0.0,0.0,0.0
2024-02-11 00:00:00+02:00,3.130000114440918,3.140000104904175,2.740000009536743,2.8399999141693115,11791230,0.0,0.0,0.0
2024-02-12 00:00:00+02:00,2.8399999141693115,2.880000114440918,2.700000047683716,2.759999990463257,8406590,0.0,0.0,0.0
2024-02-13 00:00:00+02:00,2.759999990463257,2.809999942779541,2.7200000286102295,2.7799999713897705,4751077,0.0,0.0,0.0
2024-02-14 00:00:00+02:00,2.7799999713897705,2.9600000381469727,2.7799999713897705,2.930000066757202,6131873,0.0,0.0,0.0
2024-02-15 00:00:00+02:00,2.930000066757202,2.9600000381469727,2.8399999141693115,2.869999885559082,2590566,0.0,0.0,0.0
2024-02-18 00:00:00+02:00,2.869999885559082,2.869999885559082,2.869999885559082,2.869999885559082,0,0.0,0.0,0.0
2024-02-19 00:00:00+02:00,2.880000114440918,2.9100000858306885,2.809999942779541,2.869999885559082,2206463,0.0,0.0,0.0
2024-02-20 00:00:00+02:00,2.869999885559082,2.890000104904175,2.799999952316284,2.8399999141693115,3493575,0.0,0.0,0.0
2024-02-21 00:00:00+02:00,2.8399999141693115,2.880000114440918,2.809999942779541,2.8399999141693115,1722664,0.0,0.0,0.0
2024-02-22 00:00:00+02:00,2.8399999141693115,2.859999895095825,2.809999942779541,2.8299999237060547,1975714,0.0,0.0,0.0
2024-02-25 00:00:00+02:00,2.8299999237060547,2.799999952316284,2.2799999713897705,2.559999942779541,2349985,0.0,0.0,0.0
2024-02-26 00:00:00+02:00,2.559999942779541,2.5299999713897705,2.2899999618530273,2.3299999237060547,7218944,0.0,0.0,0.0
2024-02-27 00:00:00+02:00,2.3299999237060547,2.390000104904175,2.309999942779541,2.3299999237060547,2128754,0.0,0.0,0.0
2024-02-28 00:00:00+02:00,2.3299999237060547,2.450000047683716,2.2100000381469727,2.259999990463257,1778852,0.0,0.0,0.0
2024-02-29 00:00:00+02:00,2.259999990463257,2.259999990463257,2.0199999809265137,2.190000057220459,1668466,0.0,0.0,0.0
2024-03-03 00:00:00+02:00,2.190000057220459,2.240000009536743,2.1600000858306885,2.180000066757202,1097419,0.0,0.0,0.0
2024-03-04 00:00:00+02:00,2.180000066757202,2.2799999713897705,2.180000066757202,2.2699999809265137,1078520,0.0,0.0,0.0
2024-03-05 00:00:00+02:00,2.2699999809265137,2.309999942779541,2.2200000286102295,2.240000009536743,823619,0.0,0.0,0.0
2024-03-06 00:00:00+02:00,2.240000009536743,2.259999990463257,2.0999999046325684,2.1500000953674316,823024,0.0,0.0,0.0
2024-03-07 00:00:00+02:00,2.1500000953674316,2.200000047683716,2.0899999141693115,2.130000114440918,707929,0.0,0.0,0.0
2024-03-10 00:00:00+02:00,2.130000114440918,2.2799999713897705,2.1500000953674316,2.240000009536743,1590359,0.0,0.0,0.0
2024-03-11 00:00:00+02:00,2.240000009536743,2.299999952316284,2.1500000953674316,2.180000066757202,416406,0.0,0.0,0.0
2024-03-12 00:00:00+02:00,2.180000066757202,2.200000047683716,2.0999999046325684,2.109999895095825,360574,0.0,0.0,0.0
2024-03-13 00:00:00+02:00,2.109999895095825,2.140000104904175,1.909999966621399,1.9700000286102295,815491,0.0,0.0,0.0
2024-03-14 00:00:00+02:00,1.9700000286102295,2.059999942779541,1.9299999475479126,2.0299999713897705,604561,0.0,0.0,0.0
2024-03-17 00:00:00+02:00,2.0299999713897705,2.299999952316284,2.069999933242798,2.0999999046325684,654579,0.0,0.0,0.0
2024-03-18 00:00:00+02:00,2.0999999046325684,2.140000104904175,1.9500000476837158,1.9800000190734863,818970,0.0,0.0,0.0
2024-03-19 00:00:00+02:00,1.9800000190734863,1.9800000190734863,1.809999942779541,1.899999976158142,431940,0.0,0.0,0.0
2024-03-20 00:00:00+02:00,1.899999976158142,2.0,1.899999976158142,1.940000057220459,323450,0.0,0.0,0.0
2024-03-21 00:00:00+02:00,1.940000057220459,1.9900000095367432,1.9299999475479126,1.9700000286102295,307831,0.0,0.0,0.0
2024-03-24 00:00:00+02:00,1.9700000286102295,2.0299999713897705,1.9500000476837158,1.975000023841858,367432,0.0,0.0,0.0
2024-03-25 00:00:00+02:00,1.975000023841858,1.9989999532699585,1.9500000476837158,1.9730000495910645,509889,0.0,0.0,0.0
2024-03-26 00:00:00+02:00,1.9730000495910645,2.0190000534057617,1.975000023841858,1.9830000400543213,465581,0.0,0.0,0.0
2024-03-27 00:00:00+02:00,1.9830000400543213,2.0,1.909999966621399,1.9630000591278076,454678,0.0,0.0,0.0
2024-03-28 00:00:00+02:00,1.9630000591278076,1.9700000286102295,1.909999966621399,1.944000005722046,399888,0.0,0.0,0.0
2024-03-31 00:00:00+02:00,1.944000005722046,1.9620000123977661,1.8509999513626099,1.9049999713897705,254541,0.0,0.0,0.0
2024-04-01 00:00:00+02:00,1.9049999713897705,1.9320000410079956,1.850000023841858,1.9049999713897705,106807,0.0,0.0,0.0
2024-04-02 00:00:00+02:00,1.9049999713897705,1.9869999885559082,1.9229999780654907,1.9550000429153442,256104,0.0,0.0,0.0
2024-04-03 00:00:00+02:00,1.9550000429153442,1.9789999723434448,1.9210000038146973,1.9329999685287476,230590,0.0,0.0,0.0
2024-04-04 00:00:00+02:00,1.9329999685287476,1.9780000448226929,1.9329999685287476,1.9329999685287476,223561,0.0,0.0,0.0
2024-04-07 00:00:00+02:00,1.9329999685287476,2.059000015258789,1.9509999752044678,1.975000023841858,966742,0.0,0.0,0.0
2024-04-08 00:00:00+02:00,1.975000023841858,2.0,1.9500000476837158,1.968999981880188,248192,0.0,0.0,0.0
2024-04-15 00:00:00+02:00,1.968999981880188,2.0,1.9600000381469727,1.9789999723434448,320399,0.0,0.0,0.0
2024-04-16 00:00:00+02:00,1.9789999723434448,2.066999912261963,1.9809999465942383,2.058000087738037,858494,0.0,0.0,0.0
2024-04-17 00:00:00+02:00,2.058000087738037,2.0880000591278076,2.0399999618530273,2.0480000972747803,783634,0.0,0.0,0.0
2024-04-18 00:00:00+02:00,2.0480000972747803,2.0799999237060547,1.9520000219345093,1.9800000190734863,803224,0.0,0.0,0.0
2024-04-21 00:00:00+02:00,1.9800000190734863,2.0290000438690186,1.9520000219345093,1.9730000495910645,361559,0.0,0.0,0.0
2024-04-22 00:00:00+02:00,1.9730000495910645,2.0,1.9500000476837158,1.9539999961853027,831823,0.0,0.0,0.0
2024-04-23 00:00:00+02:00,1.9539999961853027,1.9700000286102295,1.8600000143051147,1.8919999599456787,663333,0.0,0.0,0.0
2024-04-24 00:00:00+02:00,1.8919999599456787,1.909999966621399,1.715000033378601,1.8200000524520874,448315,0.0,0.0,0.0
2024-04-28 00:00:00+03:00,1.8200000524520874,1.8200000524520874,1.8200000524520874,1.8200000524520874,0,0.0,0.0,0.0
2024-04-29 00:00:00+03:00,1.6369999647140503,1.6950000524520874,1.5499999523162842,1.6490000486373901,440753,0.0,0.0,0.0
2024-04-30 00:00:00+03:00,1.6490000486373901,1.6820000410079956,1.590000033378601,1.6050000190734863,411692,0.0,0.0,0.0
2024-05-02 00:00:00+03:00,1.6009999513626099,1.6449999809265137,1.600000023841858,1.6239999532699585,270838,0.0,0.0,0.0
2024-05-07 00:00:00+03:00,1.6239999532699585,1.909999966621399,1.6109999418258667,1.8229999542236328,1694775,0.0,0.0,0.0
2024-05-08 00:00:00+03:00,1.8229999542236328,1.8450000286102295,1.75,1.7580000162124634,475647,0.0,0.0,0.0
2024-05-09 00:00:00+03:00,1.7580000162124634,1.8300000429153442,1.7400000095367432,1.7580000162124634,165667,0.0,0.0,0.0
2024-05-12 00:00:00+03:00,1.7580000162124634,1.8009999990463257,1.7000000476837158,1.7130000591278076,656976,0.0,0.0,0.0
2024-05-13 00:00:00+03:00,1.7130000591278076,1.7100000381469727,1.5700000524520874,1.6360000371932983,393287,0.0,0.0,0.0
2024-05-14 00:00:00+03:00,1.6360000371932983,1.684000015258789,1.600000023841858,1.6380000114440918,354163,0.0,0.0,0.0
2024-05-15 00:00:00+03:00,1.6380000114440918,1.6619999408721924,1.6200000047683716,1.649999976158142,223704,0.0,0.0,0.0
2024-05-16 00:00:00+03:00,1.649999976158142,1.7000000476837158,1.659000039100647,1.690000057220459,372700,0.0,0.0,0.0
2024-05-19 00:00:00+03:00,1.690000057220459,1.7649999856948853,1.6950000524520874,1.7309999465942383,296455,0.0,0.0,0.0
2024-05-20 00:00:00+03:00,1.7309999465942383,1.7769999504089355,1.7359999418258667,1.75600004196167,610899,0.0,0.0,0.0
2024-05-21 00:00:00+03:00,1.75600004196167,1.7710000276565552,1.7070000171661377,1.7450000047683716,419710,0.0,0.0,0.0
2024-05-22 00:00:00+03:00,1.7450000047683716,1.7580000162124634,1.7100000381469727,1.75,466167,0.0,0.0,0.0
2024-05-23 00:00:00+03:00,1.75,1.8200000524520874,1.715999960899353,1.781999945640564,298971,0.0,0.0,0.0
2024-05-26 00:00:00+03:00,1.781999945640564,1.781999945640564,1.781999945640564,1.781999945640564,0,0.0,0.0,0.0
2024-05-27 00:00:00+03:00,1.781999945640564,1.7970000505447388,1.7400000095367432,1.7599999904632568,201708,0.0,0.0,0.0
2024-05-28 00:00:00+03:00,1.7599999904632568,1.7599999904632568,1.7100000381469727,1.7599999904632568,80994,0.0,0.0,0.0
2024-05-29 00:00:00+03:00,1.7599999904632568,1.7680000066757202,1.725000023841858,1.74399995803833,205813,0.0,0.0,0.0
2024-05-30 00:00:00+03:00,1.74399995803833,1.7200000286102295,1.6929999589920044,1.7009999752044678,304025,0.0,0.0,0.0
2024-06-02 00:00:00+03:00,1.7009999752044678,1.7400000095367432,1.680999994277954,1.7009999752044678,125569,0.0,0.0,0.0
2024-06-03 00:00:00+03:00,1.7009999752044678,1.7289999723434448,1.6699999570846558,1.7009999752044678,147356,0.0,0.0,0.0
2024-06-04 00:00:00+03:00,1.7009999752044678,1.7699999809265137,1.7000000476837158,1.7009999752044678,63172,0.0,0.0,0.0
2024-06-05 00:00:00+03:00,1.7009999752044678,1.725000023841858,1.6360000371932983,1.659000039100647,203633,0.0,0.0,0.0
2024-06-06 00:00:00+03:00,1.659000039100647,1.7059999704360962,1.6349999904632568,1.659000039100647,66834,0.0,0.0,0.0
2024-06-09 00:00:00+03:00,1.659000039100647,1.6710000038146973,1.3350000381469727,1.5269999504089355,330805,0.0,0.0,0.0
2024-06-10 00:00:00+03:00,1.5269999504089355,1.625,1.5410000085830688,1.5269999504089355,171470,0.0,0.0,0.0
2024-06-11 00:00:00+03:00,1.5269999504089355,1.6130000352859497,1.5549999475479126,1.5269999504089355,82326,0.0,0.0,0.0
2024-06-12 00:00:00+03:00,1.5269999504089355,1.6130000352859497,1.5800000429153442,1.6039999723434448,232053,0.0,0.0,0.0
2024-06-13 00:00:00+03:00,1.6039999723434448,1.6799999475479126,1.5839999914169312,1.6640000343322754,242909,0.0,0.0,0.0
2024-06-23 00:00:00+03:00,1.6640000343322754,1.9900000095367432,1.6100000143051147,1.819000005722046,835729,0.0,0.0,0.0
2024-06-24 00:00:00+03:00,1.819000005722046,1.8880000114440918,1.7999999523162842,1.812999963760376,442089,0.0,0.0,0.0
2024-06-25 00:00:00+03:00,1.812999963760376,1.809999942779541,1.7619999647140503,1.7799999713897705,446539,0.0,0.0,0.0
2024-06-26 00:00:00+03:00,1.7799999713897705,1.809999942779541,1.781000018119812,1.7890000343322754,343183,0.0,0.0,0.0
2024-06-27 00:00:00+03:00,1.7890000343322754,1.8200000524520874,1.784999966621399,1.8040000200271606,462399,0.0,0.0,0.0
2024-07-02 00:00:00+03:00,1.8270000219345093,1.843000054359436,1.7200000286102295,1.812000036239624,476906,0.0,0.0,0.0
2024-07-03 00:00:00+03:00,1.812000036239624,1.8300000429153442,1.7829999923706055,1.8179999589920044,256202,0.0,0.0,0.0
2024-07-04 00:00:00+03:00,1.8179999589920044,1.819000005722046,1.7960000038146973,1.8029999732971191,318779,0.0,0.0,0.0
2024-07-07 00:00:00+03:00,1.8029999732971191,1.8300000429153442,1.7899999618530273,1.8009999990463257,247344,0.0,0.0,0.0
2024-07-08 00:00:00+03:00,1.8009999990463257,1.8380000591278076,1.7999999523162842,1.8109999895095825,469639,0.0,0.0,0.0
2024-07-09 00:00:00+03:00,1.8109999895095825,1.940000057220459,1.809999942779541,1.8559999465942383,1231119,0.0,0.0,0.0
2024-07-10 00:00:00+03:00,1.8559999465942383,1.934999942779541,1.8769999742507935,1.8960000276565552,1375443,0.0,0.0,0.0
2024-07-14 00:00:00+03:00,1.8960000276565552,1.9299999475479126,1.850000023841858,1.8509999513626099,443108,0.0,0.0,0.0
2024-07-15 00:00:00+03:00,1.8509999513626099,1.8990000486373901,1.840000033378601,1.8669999837875366,323047,0.0,0.0,0.0
2024-07-16 00:00:00+03:00,1.8669999837875366,1.8990000486373901,1.8359999656677246,1.8669999837875366,86543,0.0,0.0,0.0
2024-07-17 00:00:00+03:00,1.8669999837875366,1.902999997138977,1.840000033378601,1.8890000581741333,276155,0.0,0.0,0.0
2024-07-18 00:00:00+03:00,1.8890000581741333,2.190000057220459,1.9299999475479126,2.072999954223633,6370870,0.0,0.0,0.0
2024-07-21 00:00:00+03:00,2.072999954223633,2.109999895095825,2.049999952316284,2.069999933242798,1897144,0.0,0.0,0.0
2024-07-22 00:00:00+03:00,2.069999933242798,2.1600000858306885,2.0399999618530273,2.069999933242798,1483586,0.0,0.0,0.0
2024-07-23 00:00:00+03:00,2.069999933242798,2.2699999809265137,2.049999952316284,2.190000057220459,4121237,0.0,0.0,0.0
2024-07-24 00:00:00+03:00,2.190000057220459,2.25,2.180000066757202,2.2100000381469727,2159223,0.0,0.0,0.0
2024-07-28 00:00:00+03:00,2.2100000381469727,2.319999933242798,2.1500000953674316,2.259999990463257,2165809,0.0,0.0,0.0
2024-07-29 00:00:00+03:00,2.259999990463257,2.2899999618530273,2.2200000286102295,2.240000009536743,765727,0.0,0.0,0.0
2024-07-30 00:00:00+03:00,2.240000009536743,2.2799999713897705,2.2100000381469727,2.25,844322,0.0,0.0,0.0
2024-07-31 00:00:00+03:00,2.25,2.2300000190734863,2.190000057220459,2.2300000190734863,2349155,0.0,0.0,0.0
2024-08-01 00:00:00+03:00,2.2300000190734863,2.2100000381469727,2.140000104904175,2.1500000953674316,2129844,0.0,0.0,0.0
2024-08-04 00:00:00+03:00,2.1500000953674316,2.0999999046325684,1.909999966621399,2.0,1683119,0.0,0.0,0.0
2024-08-05 00:00:00+03:00,2.0,2.0,1.7400000095367432,1.8799999952316284,1361981,0.0,0.0,0.0
2024-08-06 00:00:00+03:00,1.8799999952316284,1.9700000286102295,1.7699999809265137,1.909999966621399,390236,0.0,0.0,0.0
2024-08-07 00:00:00+03:00,1.909999966621399,1.9700000286102295,1.909999966621399,1.9500000476837158,615110,0.0,0.0,0.0
2024-08-08 00:00:00+03:00,1.9500000476837158,1.9800000190734863,1.9199999570846558,1.9500000476837158,552946,0.0,0.0,0.0
2024-08-11 00:00:00+03:00,1.9500000476837158,2.0399999618530273,1.9500000476837158,2.0,295288,0.0,0.0,0.0
2024-08-12 00:00:00+03:00,2.0,2.049999952316284,1.9299999475479126,1.9600000381469727,505999,0.0,0.0,0.0
2024-08-13 00:00:00+03:00,1.9600000381469727,2.0199999809265137,1.9299999475479126,1.9700000286102295,388921,0.0,0.0,0.0
2024-08-14 00:00:00+03:00,1.9700000286102295,2.0199999809265137,1.940000057220459,1.9600000381469727,296338,0.0,0.0,0.0
2024-08-15 00:00:00+03:00,1.9600000381469727,2.0,1.8799999952316284,1.899999976158142,1678515,0.0,0.0,0.0
2024-08-18 00:00:00+03:00,1.899999976158142,2.049999952316284,1.899999976158142,2.0,1794085,0.0,0.0,0.0
2024-08-19 00:00:00+03:00,2.0,2.1500000953674316,2.0299999713897705,2.049999952316284,1982207,0.0,0.0,0.0
2024-08-20 00:00:00+03:00,2.049999952316284,2.0899999141693115,2.0299999713897705,2.0399999618530273,598347,0.0,0.0,0.0
2024-08-21 00:00:00+03:00,2.0399999618530273,2.069999933242798,1.9700000286102295,1.9900000095367432,949998,0.0,0.0,0.0
2024-08-22 00:00:00+03:00,1.9900000095367432,2.049999952316284,1.9800000190734863,2.0,1649999,0.0,0.0,0.0
2024-08-25 00:00:00+03:00,2.0,2.0299999713897705,2.0,2.0199999809265137,611743,0.0,0.0,0.0
2024-08-26 00:00:00+03:00,2.0199999809265137,2.069999933242798,1.9900000095367432,2.049999952316284,1509980,0.0,0.0,0.0
2024-08-27 00:00:00+03:00,2.049999952316284,2.0899999141693115,1.9900000095367432,2.0,2105446,0.0,0.0,0.0
2024-08-28 00:00:00+03:00,2.0,2.0299999713897705,2.0,2.009999990463257,809442,0.0,0.0,0.0
2024-08-29 00:00:00+03:00,2.009999990463257,2.059999942779541,2.0,2.0399999618530273,1120138,0.0,0.0,0.0
2024-09-01 00:00:00+03:00,2.0399999618530273,2.109999895095825,2.0399999618530273,2.0799999237060547,1742206,0.0,0.0,0.0
2024-09-02 00:00:00+03:00,2.0799999237060547,2.130000114440918,2.0399999618530273,2.049999952316284,778527,0.0,0.0,0.0
2024-09-03 00:00:00+03:00,2.049999952316284,2.0999999046325684,2.0299999713897705,2.059999942779541,1704262,0.0,0.0,0.0
2024-09-04 00:00:00+03:00,2.059999942779541,2.2200000286102295,2.0,2.140000104904175,6448486,0.0,0.0,0.0
2024-09-05 00:00:00+03:00,2.140000104904175,2.2100000381469727,2.119999885559082,2.130000114440918,2564963,0.0,0.0,0.0
2024-09-08 00:00:00+03:00,2.130000114440918,2.180000066757202,2.109999895095825,2.119999885559082,1285453,0.0,0.0,0.0
2024-09-09 00:00:00+03:00,2.119999885559082,2.1500000953674316,2.109999895095825,2.130000114440918,552451,0.0,0.0,0.0
2024-09-10 00:00:00+03:00,2.130000114440918,2.240000009536743,2.069999933242798,2.180000066757202,2983096,0.0,0.0,0.0
2024-09-11 00:00:00+03:00,2.180000066757202,2.259999990463257,2.1600000858306885,2.240000009536743,1838121,0.0,0.0,0.0
2024-09-12 00:00:00+03:00,2.240000009536743,2.359999895095825,2.25,2.2699999809265137,5487138,0.0,0.0,0.0
2024-09-16 00:00:00+03:00,2.2699999809265137,2.299999952316284,2.130000114440918,2.1600000858306885,2062561,0.0,0.0,0.0
2024-09-17 00:00:00+03:00,2.1600000858306885,2.1600000858306885,2.0899999141693115,2.109999895095825,701188,0.0,0.0,0.0
2024-09-18 00:00:00+03:00,2.109999895095825,2.140000104904175,2.049999952316284,2.119999885559082,1193122,0.0,0.0,0.0
2024-09-19 00:00:00+03:00,2.119999885559082,2.180000066757202,2.130000114440918,2.140000104904175,638174,0.0,0.0,0.0
2024-09-22 00:00:00+03:00,2.140000104904175,2.2300000190734863,2.140000104904175,2.190000057220459,646379,0.0,0.0,0.0
2024-09-23 00:00:00+03:00,2.190000057220459,2.2699999809265137,2.180000066757202,2.190000057220459,709019,0.0,0.0,0.0
2024-09-24 00:00:00+03:00,2.1700000762939453,2.2100000381469727,2.140000104904175,2.1500000953674316,1085328,0.0,0.0,0.0
2024-09-25 00:00:00+03:00,2.1600000858306885,2.190000057220459,2.119999885559082,2.1700000762939453,656766,0.0,0.0,0.0
2024-09-26 00:00:00+03:00,2.1700000762939453,2.2100000381469727,2.140000104904175,2.1500000953674316,1085328,0.0,0.0,0.0
2024-09-29 00:00:00+03:00,2.1500000953674316,2.180000066757202,2.119999885559082,2.140000104904175,567081,0.0,0.0,0.0
2024-09-30 00:00:00+03:00,2.140000104904175,2.1600000858306885,1.909999966621399,2.0899999141693115,4356287,0.0,0.0,0.0
2024-10-01 00:00:00+03:00,2.0899999141693115,2.1600000858306885,2.0799999237060547,2.119999885559082,790380,0.0,0.0,0.0
2024-10-02 00:00:00+03:00,2.119999885559082,2.130000114440918,2.0,2.0199999809265137,1743824,0.0,0.0,0.0
2024-10-03 00:00:00+03:00,2.0199999809265137,2.059999942779541,2.009999990463257,2.0199999809265137,601045,0.0,0.0,0.0
2024-10-07 00:00:00+03:00,2.0199999809265137,2.059999942779541,1.9800000190734863,2.0,649307,0.0,0.0,0.0
2024-10-08 00:00:00+03:00,2.0,2.0399999618530273,1.9199999570846558,1.9299999475479126,502075,0.0,0.0,0.0
2024-10-09 00:00:00+03:00,1.9299999475479126,2.1500000953674316,1.9800000190734863,2.0199999809265137,1501211,0.0,0.0,0.0
2024-10-10 00:00:00+03:00,2.0199999809265137,2.0799999237060547,2.0199999809265137,2.0299999713897705,735327,0.0,0.0,0.0
2024-10-13 00:00:00+03:00,2.0299999713897705,2.059999942779541,1.9600000381469727,2.0399999618530273,1123707,0.0,0.0,0.0
2024-10-14 00:00:00+03:00,2.0399999618530273,2.059999942779541,2.0,2.0199999809265137,1406911,0.0,0.0,0.0
2024-10-15 00:00:00+03:00,2.0199999809265137,2.0999999046325684,2.0,2.0799999237060547,616734,0.0,0.0,0.0
2024-10-16 00:00:00+03:00,2.0799999237060547,2.1500000953674316,2.0899999141693115,2.130000114440918,1858896,0.0,0.0,0.0
2024-10-17 00:00:00+03:00,2.130000114440918,2.180000066757202,1.7999999523162842,2.0999999046325684,1773512,0.0,0.0,0.0
2024-10-20 00:00:00+03:00,2.0999999046325684,2.119999885559082,2.0,2.009999990463257,568396,0.0,0.0,0.0
2024-10-21 00:00:00+03:00,2.009999990463257,2.0399999618530273,1.9600000381469727,2.0199999809265137,644548,0.0,0.0,0.0
2024-10-22 00:00:00+03:00,2.0199999809265137,2.059999942779541,2.0199999809265137,2.0399999618530273,393585,0.0,0.0,0.0
2024-10-23 00:00:00+03:00,2.0399999618530273,2.119999885559082,2.0399999618530273,2.0399999618530273,318051,0.0,0.0,0.0
2024-10-24 00:00:00+03:00,2.0399999618530273,2.0799999237060547,2.009999990463257,2.059999942779541,283424,0.0,0.0,0.0
2024-10-27 00:00:00+03:00,2.059999942779541,2.0899999141693115,2.049999952316284,2.0899999141693115,336126,0.0,0.0,0.0
2024-10-28 00:00:00+03:00,2.0899999141693115,2.130000114440918,2.069999933242798,2.0899999141693115,512495,0.0,0.0,0.0
2024-10-29 00:00:00+03:00,2.0899999141693115,2.140000104904175,2.0899999141693115,2.0999999046325684,347132,0.0,0.0,0.0
2024-10-30 00:00:00+03:00,2.0999999046325684,2.109999895095825,2.049999952316284,2.0899999141693115,369481,0.0,0.0,0.0
2024-10-31 00:00:00+03:00,2.0899999141693115,2.0999999046325684,2.059999942779541,2.069999933242798,209362,0.0,0.0,0.0
2024-11-03 00:00:00+02:00,2.069999933242798,2.130000114440918,2.069999933242798,2.0999999046325684,472047,0.0,0.0,0.0
2024-11-04 00:00:00+02:00,2.0999999046325684,2.200000047683716,2.109999895095825,2.180000066757202,2134482,0.0,0.0,0.0
2024-11-05 00:00:00+02:00,2.180000066757202,2.2200000286102295,2.140000104904175,2.1600000858306885,1052583,0.0,0.0,0.0
2024-11-06 00:00:00+02:00,2.1600000858306885,2.200000047683716,2.1500000953674316,2.1700000762939453,430105,0.0,0.0,0.0
2024-11-07 00:00:00+02:00,2.1700000762939453,2.190000057220459,2.140000104904175,2.1600000858306885,337327,0.0,0.0,0.0
2024-11-10 00:00:00+02:00,2.1600000858306885,2.3499999046325684,2.130000114440918,2.2699999809265137,2365619,0.0,0.0,0.0
2024-11-11 00:00:00+02:00,2.2699999809265137,2.6700000762939453,2.2699999809265137,2.559999942779541,14556903,0.0,0.0,0.0
2024-11-12 00:00:00+02:00,2.559999942779541,2.559999942779541,2.4000000953674316,2.4600000381469727,4576220,0.0,0.0,0.0
2024-11-13 00:00:00+02:00,2.4600000381469727,2.5999999046325684,2.430000066757202,2.5399999618530273,4433498,0.0,0.0,0.0
2024-11-14 00:00:00+02:00,2.5399999618530273,2.559999942779541,2.4600000381469727,2.5199999809265137,2499634,0.0,0.0,0.0
2024-11-17 00:00:00+02:00,2.5199999809265137,2.5799999237060547,2.490000009536743,2.5,1004449,0.0,0.0,0.0
2024-11-18 00:00:00+02:00,2.5,2.5399999618530273,2.4200000762939453,2.430000066757202,1277222,0.0,0.0,0.0
2024-11-19 00:00:00+02:00,2.430000066757202,2.4700000286102295,2.299999952316284,2.3399999141693115,1599496,0.0,0.0,0.0
2024-11-20 00:00:00+02:00,2.3399999141693115,2.440000057220459,2.299999952316284,2.319999933242798,1618423,0.0,0.0,0.0
2024-11-21 00:00:00+02:00,2.319999933242798,2.380000114440918,2.2699999809265137,2.2799999713897705,1808479,0.0,0.0,0.0
2024-11-24 00:00:00+02:00,2.2799999713897705,2.4000000953674316,2.299999952316284,2.3499999046325684,1891097,0.0,0.0,0.0
2024-11-25 00:00:00+02:00,2.3499999046325684,2.4000000953674316,2.299999952316284,2.309999942779541,925429,0.0,0.0,0.0
2024-11-26 00:00:00+02:00,2.309999942779541,2.3499999046325684,2.2799999713897705,2.2899999618530273,425121,0.0,0.0,0.0
2024-11-27 00:00:00+02:00,2.2899999618530273,2.3299999237060547,2.2200000286102295,2.25,660893,0.0,0.0,0.0
2024-11-28 00:00:00+02:00,2.25,2.3499999046325684,2.2200000286102295,2.3499999046325684,1732883,0.0,0.0,0.0
2024-12-01 00:00:00+02:00,2.3499999046325684,2.450000047683716,2.3499999046325684,2.390000104904175,2007718,0.0,0.0,0.0
2024-12-02 00:00:00+02:00,2.390000104904175,2.4600000381469727,2.3299999237060547,2.3499999046325684,1439453,0.0,0.0,0.0
2024-12-03 00:00:00+02:00,2.3499999046325684,2.5399999618530273,2.3399999141693115,2.4600000381469727,3328709,0.0,0.0,0.0
2024-12-04 00:00:00+02:00,2.4600000381469727,2.5199999809265137,2.450000047683716,2.509999990463257,1619762,0.0,0.0,0.0
2024-12-05 00:00:00+02:00,2.509999990463257,2.5399999618530273,2.4700000286102295,2.490000009536743,1021335,0.0,0.0,0.0
2024-12-08 00:00:00+02:00,2.490000009536743,2.5299999713897705,2.4600000381469727,2.4700000286102295,678073,0.0,0.0,0.0
2024-12-09 00:00:00+02:00,2.4700000286102295,2.4800000190734863,2.430000066757202,2.450000047683716,551043,0.0,0.0,0.0
2024-12-10 00:00:00+02:00,2.450000047683716,2.450000047683716,2.3299999237060547,2.3399999141693115,897338,0.0,0.0,0.0
2024-12-11 00:00:00+02:00,2.3399999141693115,2.380000114440918,2.319999933242798,2.3499999046325684,460632,0.0,0.0,0.0
2024-12-12 00:00:00+02:00,2.3499999046325684,2.4000000953674316,2.309999942779541,2.319999933242798,574530,0.0,0.0,0.0
2024-12-15 00:00:00+02:00,2.319999933242798,2.369999885559082,2.319999933242798,2.359999895095825,482340,0.0,0.0,0.0
2024-12-16 00:00:00+02:00,2.359999895095825,2.4100000858306885,2.319999933242798,2.3299999237060547,1043587,0.0,0.0,0.0
2024-12-17 00:00:00+02:00,2.3299999237060547,2.369999885559082,2.319999933242798,2.3299999237060547,518451,0.0,0.0,0.0
2024-12-18 00:00:00+02:00,2.3299999237060547,2.369999885559082,2.299999952316284,2.309999942779541,564014,0.0,0.0,0.0
2024-12-19 00:00:00+02:00,2.309999942779541,2.309999942779541,2.200000047683716,2.25,539078,0.0,0.0,0.0
2024-12-22 00:00:00+02:00,2.25,2.299999952316284,2.2200000286102295,2.259999990463257,329125,0.0,0.0,0.0
2024-12-23 00:00:00+02:00,2.259999990463257,2.5,2.2300000190734863,2.3499999046325684,3500579,0.0,0.0,0.0
2024-12-24 00:00:00+02:00,2.3499999046325684,2.390000104904175,2.2799999713897705,2.309999942779541,1895822,0.0,0.0,0.0
2024-12-25 00:00:00+02:00,2.309999942779541,2.4200000762939453,2.2899999618530273,2.3499999046325684,2208867,0.0,0.0,0.0
2024-12-26 00:00:00+02:00,2.3499999046325684,2.390000104904175,2.299999952316284,2.299999952316284,1282727,0.0,0.0,0.0
2024-12-29 00:00:00+02:00,2.299999952316284,2.319999933242798,2.2200000286102295,2.2300000190734863,967045,0.0,0.0,0.0
2024-12-30 00:00:00+02:00,2.2300000190734863,2.25,2.069999933242798,2.109999895095825,1718524,0.0,0.0,0.0
2024-12-31 00:00:00+02:00,2.109999895095825,2.1700000762939453,2.069999933242798,2.109999895095825,894799,0.0,0.0,0.0
2025-01-02 00:00:00+02:00,2.109999895095825,2.2300000190734863,2.1700000762939453,2.200000047683716,451227,0.0,0.0,0.0
2025-01-05 00:00:00+02:00,2.200000047683716,2.25,2.2100000381469727,2.2300000190734863,401551,0.0,0.0,0.0
2025-01-06 00:00:00+02:00,2.2300000190734863,2.25,2.200000047683716,2.2100000381469727,446246,0.0,0.0,0.0
2025-01-08 00:00:00+02:00,2.2100000381469727,2.319999933242798,2.2100000381469727,2.25,782647,0.0,0.0,0.0
2025-01-09 00:00:00+02:00,2.25,2.309999942779541,2.25,2.259999990463257,874764,0.0,0.0,0.0
2025-01-12 00:00:00+02:00,2.259999990463257,2.2699999809265137,2.200000047683716,2.2100000381469727,677851,0.0,0.0,0.0
2025-01-13 00:00:00+02:00,2.2100000381469727,2.299999952316284,2.180000066757202,2.200000047683716,1167825,0.0,0.0,0.0
2025-01-14 00:00:00+02:00,2.200000047683716,2.2300000190734863,2.130000114440918,2.180000066757202,534484,0.0,0.0,0.0
2025-01-15 00:00:00+02:00,2.180000066757202,2.2300000190734863,2.190000057220459,2.200000047683716,447461,0.0,0.0,0.0
2025-01-16 00:00:00+02:00,2.200000047683716,2.2699999809265137,2.130000114440918,2.2300000190734863,781022,0.0,0.0,0.0
2025-01-19 00:00:00+02:00,2.200000047683716,2.299999952316284,2.130000114440918,2.2899999618530273,1716921,0.0,0.0,0.0
2025-01-20 00:00:00+02:00,2.259999990463257,2.2899999618530273,2.25,2.259999990463257,738655,0.0,0.0,0.0
2025-01-21 00:00:00+02:00,2.259999990463257,2.4000000953674316,2.25,2.3299999237060547,1196153,0.0,0.0,0.0
2025-01-22 00:00:00+02:00,2.3299999237060547,2.359999895095825,2.25,2.259999990463257,1392593,0.0,0.0,0.0
2025-01-23 00:00:00+02:00,2.259999990463257,2.2899999618530273,2.259999990463257,2.259999990463257,538564,0.0,0.0,0.0
2025-01-26 00:00:00+02:00,2.259999990463257,2.2899999618530273,2.2100000381469727,2.2300000190734863,659434,0.0,0.0,0.0
2025-01-27 00:00:00+02:00,2.2300000190734863,2.25,2.1700000762939453,2.2100000381469727,683855,0.0,0.0,0.0
2025-01-28 00:00:00+02:00,2.2100000381469727,2.6500000953674316,2.190000057220459,2.6500000953674316,8705065,0.0,0.0,0.0
2025-01-29 00:00:00+02:00,2.6500000953674316,3.0999999046325684,2.509999990463257,2.5899999141693115,21772553,0.0,0.0,0.0
2025-01-30 00:00:00+02:00,2.5899999141693115,2.640000104904175,2.450000047683716,2.4600000381469727,4447818,0.0,0.0,0.0
2025-02-02 00:00:00+02:00,2.4600000381469727,2.7200000286102295,2.440000057220459,2.549999952316284,6713927,0.0,0.0,0.0
2025-02-03 00:00:00+02:00,2.549999952316284,2.619999885559082,2.440000057220459,2.5,6757112,0.0,0.0,0.0
2025-02-04 00:00:00+02:00,2.5,2.559999942779541,2.4600000381469727,2.4700000286102295,1761380,0.0,0.0,0.0
2025-02-05 00:00:00+02:00,2.4700000286102295,2.549999952316284,2.450000047683716,2.4700000286102295,4816309,0.0,0.0,0.0
2025-02-06 00:00:00+02:00,2.4700000286102295,2.509999990463257,2.440000057220459,2.450000047683716,1510947,0.0,0.0,0.0
2025-02-09 00:00:00+02:00,2.450000047683716,2.490000009536743,2.4000000953674316,2.4000000953674316,1003258,0.0,0.0,0.0
2025-02-10 00:00:00+02:00,2.4000000953674316,2.430000066757202,2.3499999046325684,2.359999895095825,1579000,0.0,0.0,0.0
2025-02-11 00:00:00+02:00,2.359999895095825,2.5,2.309999942779541,2.319999933242798,4457430,0.0,0.0,0.0
2025-02-12 00:00:00+02:00,2.319999933242798,2.3499999046325684,2.25,2.2699999809265137,1796695,0.0,0.0,0.0
2025-02-13 00:00:00+02:00,2.2699999809265137,2.3299999237060547,2.2899999618530273,2.299999952316284,1071870,0.0,0.0,0.0
2025-02-16 00:00:00+02:00,2.299999952316284,2.369999885559082,2.3299999237060547,2.3399999141693115,986700,0.0,0.0,0.0
2025-02-17 00:00:00+02:00,2.3399999141693115,2.380000114440918,2.309999942779541,2.319999933242798,654860,0.0,0.0,0.0
2025-02-18 00:00:00+02:00,2.319999933242798,2.3399999141693115,2.299999952316284,2.309999942779541,562003,0.0,0.0,0.0
2025-02-19 00:00:00+02:00,2.309999942779541,2.3499999046325684,2.299999952316284,2.299999952316284,1160113,0.0,0.0,0.0
2025-02-20 00:00:00+02:00,2.299999952316284,2.319999933242798,2.2899999618530273,2.2899999618530273,480215,0.0,0.0,0.0
2025-02-23 00:00:00+02:00,2.2899999618530273,2.4200000762939453,2.2799999713897705,2.380000114440918,2588152,0.0,0.0,0.0
2025-02-24 00:00:00+02:00,2.380000114440918,2.430000066757202,2.359999895095825,2.380000114440918,760498,0.0,0.0,0.0
2025-02-25 00:00:00+02:00,2.380000114440918,2.4000000953674316,2.3399999141693115,2.3499999046325684,925751,0.0,0.0,0.0
2025-02-26 00:00:00+02:00,2.3499999046325684,2.380000114440918,2.3499999046325684,2.359999895095825,543157,0.0,0.0,0.0
2025-02-27 00:00:00+02:00,2.359999895095825,2.380000114440918,2.3499999046325684,2.369999885559082,630933,0.0,0.0,0.0
2025-03-02 00:00:00+02:00,2.369999885559082,2.380000114440918,2.309999942779541,2.3399999141693115,910075,0.0,0.0,0.0
2025-03-03 00:00:00+02:00,2.3399999141693115,2.359999895095825,2.3399999141693115,2.3499999046325684,171904,0.0,0.0,0.0
2025-03-04 00:00:00+02:00,2.3499999046325684,2.369999885559082,2.3499999046325684,2.3499999046325684,144659,0.0,0.0,0.0
2025-03-05 00:00:00+02:00,2.3499999046325684,2.359999895095825,2.299999952316284,2.319999933242798,553803,0.0,0.0,0.0
2025-03-06 00:00:00+02:00,2.319999933242798,2.3399999141693115,2.2899999618530273,2.299999952316284,258735,0.0,0.0,0.0
2025-03-09 00:00:00+02:00,2.299999952316284,2.3399999141693115,2.2799999713897705,2.319999933242798,415060,0.0,0.0,0.0
2025-03-10 00:00:00+02:00,2.319999933242798,2.369999885559082,2.309999942779541,2.3499999046325684,424316,0.0,0.0,0.0
2025-03-11 00:00:00+02:00,2.3499999046325684,2.359999895095825,2.299999952316284,2.3499999046325684,401048,0.0,0.0,0.0
2025-03-12 00:00:00+02:00,2.3499999046325684,2.369999885559082,2.3299999237060547,2.3399999141693115,444203,0.0,0.0,0.0
2025-03-13 00:00:00+02:00,2.3399999141693115,2.3499999046325684,2.319999933242798,2.3299999237060547,484689,0.0,0.0,0.0
2025-03-16 00:00:00+02:00,2.3299999237060547,2.3399999141693115,2.2799999713897705,2.2899999618530273,1246450,0.0,0.0,0.0
2025-03-17 00:00:00+02:00,2.2899999618530273,2.3299999237060547,2.2899999618530273,2.299999952316284,320525,0.0,0.0,0.0
2025-03-18 00:00:00+02:00,2.299999952316284,2.380000114440918,2.2899999618530273,2.369999885559082,1108542,0.0,0.0,0.0
2025-03-19 00:00:00+02:00,2.369999885559082,2.7100000381469727,2.490000009536743,2.549999952316284,7379746,0.0,0.0,0.0
2025-03-20 00:00:00+02:00,2.549999952316284,2.5999999046325684,2.4600000381469727,2.509999990463257,1771243,0.0,0.0,0.0
2025-03-23 00:00:00+02:00,2.509999990463257,3.009999990463257,2.5299999713897705,3.009999990463257,12382476,0.0,0.0,0.0
2025-03-24 00:00:00+02:00,3.009999990463257,3.559999942779541,2.9700000286102295,3.369999885559082,24618488,0.0,0.0,0.0
2025-03-25 00:00:00+02:00,3.369999885559082,3.5,2.9100000858306885,2.950000047683716,15614890,0.0,0.0,0.0
2025-03-26 00:00:00+02:00,2.950000047683716,3.4000000953674316,3.009999990463257,3.25,15017141,0.0,0.0,0.0
2025-03-27 00:00:00+02:00,3.25,3.440000057220459,3.1600000858306885,3.2100000381469727,7986120,0.0,0.0,0.0
2025-04-03 00:00:00+02:00,3.2100000381469727,3.25,3.0999999046325684,3.140000104904175,2782734,0.0,0.0,0.0
2025-04-06 00:00:00+02:00,3.140000104904175,2.990000009536743,2.859999895095825,2.950000047683716,5377153,0.0,0.0,0.0
2025-04-07 00:00:00+02:00,2.950000047683716,3.0999999046325684,2.869999885559082,2.9800000190734863,2636900,0.0,0.0,0.0
2025-04-08 00:00:00+02:00,2.9800000190734863,3.059999942779541,2.930000066757202,2.9600000381469727,2401982,0.0,0.0,0.0
2025-04-09 00:00:00+02:00,2.9600000381469727,3.1700000762939453,2.9200000762939453,2.950000047683716,4203468,0.0,0.0,0.0
2025-04-10 00:00:00+02:00,2.950000047683716,3.119999885559082,2.9600000381469727,2.9600000381469727,1873413,0.0,0.0,0.0
2025-04-13 00:00:00+02:00,2.9600000381469727,3.0999999046325684,2.9600000381469727,3.0299999713897705,2665991,0.0,0.0,0.0
2025-04-14 00:00:00+02:00,3.0299999713897705,3.0799999237060547,3.009999990463257,3.0299999713897705,1604331,0.0,0.0,0.0
2025-04-15 00:00:00+02:00,3.0299999713897705,3.059999942779541,2.940000057220459,2.950000047683716,1865099,0.0,0.0,0.0
2025-04-16 00:00:00+02:00,2.950000047683716,3.0199999809265137,2.950000047683716,2.9600000381469727,818444,0.0,0.0,0.0
2025-04-17 00:00:00+02:00,2.9600000381469727,3.0,2.940000057220459,2.950000047683716,585230,0.0,0.0,0.0
2025-04-22 00:00:00+02:00,2.950000047683716,3.2100000381469727,2.950000047683716,3.0999999046325684,6342236,0.0,0.0,0.0
2025-04-23 00:00:00+02:00,3.0999999046325684,3.2699999809265137,3.130000114440918,3.1600000858306885,3726510,0.0,0.0,0.0
2025-04-27 00:00:00+03:00,3.1600000858306885,3.240000009536743,3.180000066757202,3.190000057220459,2537295,0.0,0.0,0.0
2025-04-28 00:00:00+03:00,3.190000057220459,3.2200000286102295,3.130000114440918,3.1500000953674316,866655,0.0,0.0,0.0
2025-04-29 00:00:00+03:00,3.1500000953674316,3.1700000762939453,3.109999895095825,3.130000114440918,881851,0.0,0.0,0.0
2025-04-30 00:00:00+03:00,3.130000114440918,3.1700000762939453,3.109999895095825,3.130000114440918,758069,0.0,0.0,0.0
2025-05-04 00:00:00+03:00,3.130000114440918,3.180000066757202,3.130000114440918,3.130000114440918,886851,0.0,0.0,0.0
2025-05-05 00:00:00+03:00,3.130000114440918,3.1700000762939453,3.119999885559082,3.130000114440918,769851,0.0,0.0,0.0
2025-05-06 00:00:00+03:00,3.130000114440918,3.259999990463257,3.119999885559082,3.180000066757202,2400406,0.0,0.0,0.0
2025-05-07 00:00:00+03:00,3.180000066757202,3.309999942779541,3.1500000953674316,3.1500000953674316,4188410,0.0,0.0,0.0
2025-05-08 00:00:00+03:00,3.1500000953674316,3.190000057220459,3.0799999237060547,3.119999885559082,713660,0.0,0.0,0.0
2025-05-11 00:00:00+03:00,3.119999885559082,3.190000057220459,3.0999999046325684,3.0999999046325684,1021417,0.0,0.0,0.0
2025-05-12 00:00:00+03:00,3.0999999046325684,3.1500000953674316,3.069999933242798,3.0899999141693115,783493,0.0,0.0,0.0
2025-05-13 00:00:00+03:00,3.0899999141693115,3.130000114440918,3.069999933242798,3.0799999237060547,606538,0.0,0.0,0.0
2025-05-14 00:00:00+03:00,3.0799999237060547,3.0999999046325684,3.069999933242798,3.069999933242798,475663,0.0,0.0,0.0
2025-05-15 00:00:00+03:00,3.069999933242798,3.0999999046325684,3.0299999713897705,3.049999952316284,2479931,0.0,0.0,0.0
2025-05-18 00:00:00+03:00,3.049999952316284,3.0999999046325684,3.0,3.0299999713897705,2605924,0.0,0.0,0.0
2025-05-19 00:00:00+03:00,3.0299999713897705,3.490000009536743,3.069999933242798,3.2799999713897705,7206307,0.0,0.0,0.0
2025-05-20 00:00:00+03:00,3.2799999713897705,3.5999999046325684,3.2799999713897705,3.4800000190734863,5930859,0.0,0.0,0.0
2025-05-21 00:00:00+03:00,3.4800000190734863,4.079999923706055,3.430000066757202,3.819999933242798,13809234,0.0,0.0,0.0
2025-05-22 00:00:00+03:00,3.819999933242798,3.9100000858306885,3.5799999237060547,3.680000066757202,7370100,0.0,0.0,0.0
2025-05-25 00:00:00+03:00,3.680000066757202,3.8499999046325684,3.5999999046325684,3.630000114440918,3225232,0.0,0.0,0.0
2025-05-26 00:00:00+03:00,3.630000114440918,3.819999933242798,3.5899999141693115,3.75,4035374,0.0,0.0,0.0
2025-05-27 00:00:00+03:00,3.75,3.869999885559082,3.680000066757202,3.680000066757202,4283562,0.0,0.0,0.0
2025-05-28 00:00:00+03:00,3.680000066757202,3.7200000286102295,3.5199999809265137,3.5199999809265137,6740525,0.0,0.0,0.0
2025-05-29 00:00:00+03:00,3.5199999809265137,3.5299999713897705,3.299999952316284,3.309999942779541,7365691,0.0,0.0,0.0
2025-06-01 00:00:00+03:00,3.309999942779541,3.450000047683716,3.2699999809265137,3.3499999046325684,3827012,0.0,0.0,0.0
2025-06-02 00:00:00+03:00,3.3499999046325684,3.4000000953674316,3.309999942779541,3.309999942779541,1470536,0.0,0.0,0.0
2025-06-03 00:00:00+03:00,3.309999942779541,3.390000104904175,3.2799999713897705,3.2899999618530273,1717218,0.0,0.0,0.0
2025-06-04 00:00:00+03:00,3.2899999618530273,3.359999895095825,3.2899999618530273,3.299999952316284,1036893,0.0,0.0,0.0
2025-06-10 00:00:00+03:00,3.299999952316284,3.2100000381469727,3.0,3.140000104904175,2024368,0.0,0.0,0.0
2025-06-11 00:00:00+03:00,3.140000104904175,3.180000066757202,3.0799999237060547,3.119999885559082,1189615,0.0,0.0,0.0
2025-06-12 00:00:00+03:00,3.119999885559082,3.140000104904175,3.0399999618530273,3.059999942779541,920909,0.0,0.0,0.0
2025-06-15 00:00:00+03:00,3.059999942779541,3.0399999618530273,2.6500000953674316,2.930000066757202,948584,0.0,0.0,0.0
2025-06-16 00:00:00+03:00,2.930000066757202,3.140000104904175,2.9000000953674316,3.119999885559082,2595309,0.0,0.0,0.0
2025-06-17 00:00:00+03:00,3.119999885559082,3.119999885559082,2.9700000286102295,3.059999942779541,705607,0.0,0.0,0.0
2025-06-18 00:00:00+03:00,3.059999942779541,3.0299999713897705,2.809999942779541,3.0,1178370,0.0,0.0,0.0
2025-06-19 00:00:00+03:00,3.0,3.059999942779541,2.819999933242798,2.859999895095825,715044,0.0,0.0,0.0
2025-06-22 00:00:00+03:00,2.859999895095825,2.940000057220459,2.700000047683716,2.9100000858306885,914354,0.0,0.0,0.0
2025-06-23 00:00:00+03:00,2.9100000858306885,3.0,2.859999895095825,2.9800000190734863,542246,0.0,0.0,0.0
2025-06-24 00:00:00+03:00,2.9800000190734863,3.059999942779541,2.990000009536743,3.049999952316284,572586,0.0,0.0,0.0
2025-06-25 00:00:00+03:00,3.049999952316284,3.0899999141693115,3.009999990463257,3.049999952316284,1010635,0.0,0.0,0.0
2025-06-29 00:00:00+03:00,3.049999952316284,3.0799999237060547,3.0,3.0299999713897705,838956,0.0,0.0,0.0
2025-06-30 00:00:00+03:00,3.0299999713897705,3.119999885559082,3.0199999809265137,3.0299999713897705,1247982,0.0,0.0,0.0
2025-07-01 00:00:00+03:00,3.0299999713897705,3.069999933242798,2.9700000286102295,3.009999990463257,374462,0.0,0.0,0.0
2025-07-02 00:00:00+03:00,3.009999990463257,3.049999952316284,2.9700000286102295,3.0299999713897705,428140,0.0,0.0,0.0
2025-07-06 00:00:00+03:00,3.0299999713897705,3.069999933242798,2.990000009536743,3.0,466287,0.0,0.0,0.0
2025-07-07 00:00:00+03:00,3.0,3.0299999713897705,2.990000009536743,3.0,319047,0.0,0.0,0.0
2025-07-09 00:00:00+03:00,3.0,3.009999990463257,2.9700000286102295,2.9800000190734863,251908,0.0,0.0,0.0
2025-07-10 00:00:00+03:00,2.9800000190734863,3.009999990463257,2.9700000286102295,2.9800000190734863,200148,0.0,0.0,0.0
2025-07-13 00:00:00+03:00,2.9800000190734863,3.0299999713897705,2.950000047683716,2.9600000381469727,370514,0.0,0.0,0.0
2025-07-14 00:00:00+03:00,2.9600000381469727,2.990000009536743,2.9200000762939453,2.940000057220459,380625,0.0,0.0,0.0
2025-07-15 00:00:00+03:00,2.940000057220459,2.9700000286102295,2.890000104904175,2.9000000953674316,402870,0.0,0.0,0.0
2025-07-16 00:00:00+03:00,2.9000000953674316,2.940000057220459,2.880000114440918,2.9000000953674316,247660,0.0,0.0,0.0
2025-07-17 00:00:00+03:00,2.9000000953674316,2.950000047683716,2.9000000953674316,2.930000066757202,400109,0.0,0.0,0.0
2025-07-20 00:00:00+03:00,2.930000066757202,2.990000009536743,2.9200000762939453,2.940000057220459,324829,0.0,0.0,0.0
2025-07-21 00:00:00+03:00,2.940000057220459,3.0199999809265137,2.950000047683716,3.0,693226,0.0,0.0,0.0
2025-07-22 00:00:00+03:00,3.0,3.0,2.930000066757202,2.940000057220459,414129,0.0,0.0,0.0
2025-07-23 00:00:00+03:00,2.940000057220459,2.940000057220459,2.940000057220459,2.940000057220459,0,0.0,0.0,0.0
2025-07-27 00:00:00+03:00,2.9000000953674316,3.0,2.880000114440918,2.990000009536743,627275,0.0,0.0,0.0
2025-07-28 00:00:00+03:00,2.990000009536743,3.049999952316284,2.930000066757202,2.950000047683716,1352214,0.0,0.0,0.0
2025-07-29 00:00:00+03:00,2.950000047683716,2.990000009536743,2.9000000953674316,2.950000047683716,231071,0.0,0.0,0.0
2025-07-30 00:00:00+03:00,2.950000047683716,2.9600000381469727,2.859999895095825,2.890000104904175,520422,0.0,0.0,0.0
2025-07-31 00:00:00+03:00,2.890000104904175,2.930000066757202,2.890000104904175,2.9200000762939453,360568,0.0,0.0,0.0
2025-08-03 00:00:00+03:00,2.9200000762939453,2.9200000762939453,2.9200000762939453,2.9200000762939453,0,0.0,0.0,0.0
2025-08-04 00:00:00+03:00,2.9200000762939453,2.9200000762939453,2.9200000762939453,2.9200000762939453,0,0.0,0.0,0.0
2025-08-05 00:00:00+03:00,2.9200000762939453,2.9200000762939453,2.9200000762939453,2.9200000762939453,0,0.0,0.0,0.0
2025-08-06 00:00:00+03:00,2.9200000762939453,2.9200000762939453,2.9200000762939453,2.9200000762939453,0,0.0,0.0,0.0
2025-08-07 00:00:00+03:00,2.9200000762939453,2.9200000762939453,2.9200000762939453,2.9200000762939453,0,0.0,0.0,0.0
2025-08-10 00:00:00+03:00,3.140000104904175,3.2300000190734863,3.119999885559082,3.140000104904175,629197,0.0,0.0,0.0
2025-08-11 00:00:00+03:00,3.140000104904175,3.1700000762939453,3.0199999809265137,3.1500000953674316,753128,0.0,0.0,0.0
2025-08-12 00:00:00+03:00,3.1500000953674316,3.109999895095825,3.0299999713897705,3.069999933242798,365960,0.0,0.0,0.0
2025-08-13 00:00:00+03:00,3.069999933242798,3.069999933242798,3.069999933242798,3.069999933242798,0,0.0,0.0,0.0
2025-08-14 00:00:00+03:00,3.069999933242798,2.9200000762939453,2.9200000762939453,2.9200000762939453,106824,0.0,0.0,0.0
2025-08-17 00:00:00+03:00,2.9200000762939453,2.7799999713897705,2.7799999713897705,2.7799999713897705,227489,0.0,0.0,0.0
2025-08-18 00:00:00+03:00,2.7799999713897705,2.6500000953674316,2.6500000953674316,2.6500000953674316,237440,0.0,0.0,0.0
2025-08-19 00:00:00+03:00,2.6500000953674316,2.5199999809265137,2.5199999809265137,2.5199999809265137,247072,0.0,0.0,0.0
2025-08-20 00:00:00+03:00,2.5199999809265137,2.640000104904175,2.4000000953674316,2.640000104904175,2244795,0.0,0.0,0.0
2025-08-21 00:00:00+03:00,2.640000104904175,2.7699999809265137,2.700000047683716,2.7699999809265137,1705320,0.0,0.0,0.0
2025-08-24 00:00:00+03:00,2.7699999809265137,2.7899999618530273,2.640000104904175,2.640000104904175,1283276,0.0,0.0,0.0
2025-08-25 00:00:00+03:00,2.640000104904175,2.700000047683716,2.5299999713897705,2.5999999046325684,541778,0.0,0.0,0.0
2025-08-26 00:00:00+03:00,2.5999999046325684,2.6600000858306885,2.549999952316284,2.5899999141693115,487668,0.0,0.0,0.0
2025-08-27 00:00:00+03:00,2.5899999141693115,2.609999895095825,2.5299999713897705,2.569999933242798,281701,0.0,0.0,0.0
2025-08-28 00:00:00+03:00,2.569999933242798,2.690000057220459,2.569999933242798,2.619999885559082,424846,0.0,0.0,0.0
2025-08-31 00:00:00+03:00,2.619999885559082,2.6700000762939453,2.5799999237060547,2.619999885559082,258046,0.0,0.0,0.0
2025-09-01 00:00:00+03:00,2.619999885559082,2.619999885559082,2.5,2.509999990463257,553327,0.0,0.0,0.0
2025-09-02 00:00:00+03:00,2.509999990463257,2.5799999237060547,2.4800000190734863,2.5199999809265137,782980,0.0,0.0,0.0
2025-09-03 00:00:00+03:00,2.5199999809265137,2.5899999141693115,2.5,2.509999990463257,487072,0.0,0.0,0.0
2025-09-07 00:00:00+03:00,2.509999990463257,2.5399999618530273,2.4700000286102295,2.5,423357,0.0,0.0,0.0
2025-09-08 00:00:00+03:00,2.5,2.609999895095825,2.4100000858306885,2.5399999618530273,681168,0.0,0.0,0.0
2025-09-09 00:00:00+03:00,2.5399999618530273,2.569999933242798,2.4700000286102295,2.5,218118,0.0,0.0,0.0
2025-09-10 00:00:00+03:00,2.5,2.569999933242798,2.4200000762939453,2.559999942779541,501755,0.0,0.0,0.0
2025-09-11 00:00:00+03:00,2.559999942779541,2.559999942779541,2.509999990463257,2.5299999713897705,275130,0.0,0.0,0.0
2025-09-14 00:00:00+03:00,2.5299999713897705,2.5999999046325684,2.5,2.549999952316284,315369,0.0,0.0,0.0
2025-09-15 00:00:00+03:00,2.549999952316284,2.5999999046325684,2.5,2.5899999141693115,568789,0.0,0.0,0.0
2025-09-16 00:00:00+03:00,2.5899999141693115,2.619999885559082,2.5199999809265137,2.549999952316284,150857,0.0,0.0,0.0
2025-09-17 00:00:00+03:00,2.549999952316284,2.559999942779541,2.5,2.5299999713897705,154746,0.0,0.0,0.0
2025-09-18 00:00:00+03:00,2.5299999713897705,2.559999942779541,2.450000047683716,2.490000009536743,265059,0.0,0.0,0.0
2025-09-21 00:00:00+03:00,2.490000009536743,2.509999990463257,2.380000114440918,2.4100000858306885,253558,0.0,0.0,0.0
2025-09-22 00:00:00+03:00,2.4100000858306885,2.440000057220459,2.380000114440918,2.390000104904175,201234,0.0,0.0,0.0
2025-09-23 00:00:00+03:00,2.390000104904175,2.4800000190734863,2.4000000953674316,2.390000104904175,116443,0.0,0.0,0.0
2025-09-24 00:00:00+03:00,2.390000104904175,2.440000057220459,2.390000104904175,2.390000104904175,92993,0.0,0.0,0.0
2025-09-25 00:00:00+03:00,2.390000104904175,2.4600000381469727,2.4000000953674316,2.390000104904175,91629,0.0,0.0,0.0
2025-09-28 00:00:00+03:00,2.390000104904175,2.5,2.4200000762939453,2.450000047683716,260040,0.0,0.0,0.0
2025-09-29 00:00:00+03:00,2.450000047683716,2.569999933242798,2.430000066757202,2.5199999809265137,270278,0.0,0.0,0.0
2025-09-30 00:00:00+03:00,2.5199999809265137,2.559999942779541,2.5,2.5199999809265137,92178,0.0,0.0,0.0
2025-10-01 00:00:00+03:00,2.5199999809265137,2.5,2.450000047683716,2.4800000190734863,171915,0.0,0.0,0.0
2025-10-02 00:00:00+03:00,2.4800000190734863,2.5299999713897705,2.4600000381469727,2.4800000190734863,161340,0.0,0.0,0.0
2025-10-05 00:00:00+03:00,2.4800000190734863,2.509999990463257,2.440000057220459,2.4600000381469727,275796,0.0,0.0,0.0
2025-10-06 00:00:00+03:00,2.4600000381469727,2.4800000190734863,2.430000066757202,2.4600000381469727,111516,0.0,0.0,0.0
2025-10-07 00:00:00+03:00,2.4600000381469727,2.4800000190734863,2.430000066757202,2.450000047683716,153173,0.0,0.0,0.0
2025-10-08 00:00:00+03:00,2.450000047683716,2.4800000190734863,2.430000066757202,2.440000057220459,154505,0.0,0.0,0.0
2025-10-12 00:00:00+03:00,2.440000057220459,2.450000047683716,2.4000000953674316,2.4200000762939453,310065,0.0,0.0,0.0
2025-10-13 00:00:00+03:00,2.4200000762939453,2.450000047683716,2.299999952316284,2.369999885559082,415980,0.0,0.0,0.0
2025-10-14 00:00:00+03:00,2.369999885559082,2.4600000381469727,2.369999885559082,2.430000066757202,306687,0.0,0.0,0.0
2025-10-15 00:00:00+03:00,2.430000066757202,2.509999990463257,2.4000000953674316,2.490000009536743,393466,0.0,0.0,0.0
2025-10-16 00:00:00+03:00,2.490000009536743,2.5199999809265137,2.440000057220459,2.4800000190734863,431877,0.0,0.0,0.0
2025-10-19 00:00:00+03:00,2.4800000190734863,2.5799999237060547,2.490000009536743,2.549999952316284,596438,0.0,0.0,0.0
2025-10-20 00:00:00+03:00,2.549999952316284,2.569999933242798,2.5,2.5199999809265137,360404,0.0,0.0,0.0
2025-10-21 00:00:00+03:00,2.5199999809265137,2.5399999618530273,2.4700000286102295,2.490000009536743,202308,0.0,0.0,0.0
2025-10-22 00:00:00+03:00,2.490000009536743,2.5,2.430000066757202,2.430000066757202,429830,0.0,0.0,0.0
2025-10-23 00:00:00+03:00,2.430000066757202,2.5,2.4200000762939453,2.430000066757202,561567,0.0,0.0,0.0
2025-10-26 00:00:00+03:00,2.430000066757202,2.4800000190734863,2.430000066757202,2.450000047683716,203637,0.0,0.0,0.0
2025-10-27 00:00:00+03:00,2.450000047683716,2.569999933242798,2.4000000953674316,2.549999952316284,1143371,0.0,0.0,0.0
2025-10-28 00:00:00+03:00,2.549999952316284,2.619999885559082,2.5,2.5199999809265137,521423,0.0,0.0,0.0
2025-10-29 00:00:00+03:00,2.5199999809265137,2.5299999713897705,2.4700000286102295,2.5,335452,0.0,0.0,0.0
2025-10-30 00:00:00+03:00,2.5,2.5199999809265137,2.4600000381469727,2.4800000190734863,268235,0.0,0.0,0.0
2025-11-02 00:00:00+02:00,2.4800000190734863,2.5,2.430000066757202,2.440000057220459,184121,0.0,0.0,0.0
2025-11-03 00:00:00+02:00,2.440000057220459,2.4800000190734863,2.4200000762939453,2.440000057220459,196210,0.0,0.0,0.0
2025-11-04 00:00:00+02:00,2.440000057220459,2.4700000286102295,2.440000057220459,2.440000057220459,117107,0.0,0.0,0.0
2025-11-05 00:00:00+02:00,2.440000057220459,2.4600000381469727,2.4200000762939453,2.430000066757202,165213,0.0,0.0,0.0
2025-11-06 00:00:00+02:00,2.430000066757202,2.450000047683716,2.4100000858306885,2.430000066757202,167323,0.0,0.0,0.0
2025-11-09 00:00:00+02:00,2.430000066757202,2.450000047683716,2.4100000858306885,2.440000057220459,146209,0.0,0.0,0.0
2025-11-10 00:00:00+02:00,2.440000057220459,2.4600000381469727,2.4100000858306885,2.4200000762939453,142257,0.0,0.0,0.0
2025-11-11 00:00:00+02:00,2.4200000762939453,2.440000057220459,2.4000000953674316,2.4000000953674316,343513,0.0,0.0,0.0
2025-11-12 00:00:00+02:00,2.4000000953674316,2.4200000762939453,2.380000114440918,2.4000000953674316,194933,0.0,0.0,0.0
2025-11-13 00:00:00+02:00,2.4000000953674316,2.430000066757202,2.380000114440918,2.4000000953674316,163757,0.0,0.0,0.0
2025-11-16 00:00:00+02:00,2.4000000953674316,2.440000057220459,2.380000114440918,2.4000000953674316,143282,0.0,0.0,0.0
2025-11-17 00:00:00+02:00,2.4000000953674316,2.430000066757202,2.4000000953674316,2.4000000953674316,40697,0.0,0.0,0.0
2025-11-18 00:00:00+02:00,2.4000000953674316,2.4200000762939453,2.380000114440918,2.4000000953674316,108881,0.0,0.0,0.0
2025-11-19 00:00:00+02:00,2.4000000953674316,2.4100000858306885,2.3499999046325684,2.359999895095825,193643,0.0,0.0,0.0
2025-11-20 00:00:00+02:00,2.359999895095825,2.390000104904175,2.3399999141693115,2.359999895095825,103956,0.0,0.0,0.0
2025-11-23 00:00:00+02:00,2.359999895095825,2.430000066757202,2.369999885559082,2.4100000858306885,273008,0.0,0.0,0.0
2025-11-24 00:00:00+02:00,2.4100000858306885,2.4000000953674316,2.369999885559082,2.4100000858306885,123356,0.0,0.0,0.0
2025-11-25 00:00:00+02:00,2.4100000858306885,2.430000066757202,2.369999885559082,2.4100000858306885,366902,0.0,0.0,0.0
2025-11-26 00:00:00+02:00,2.4100000858306885,2.4100000858306885,2.359999895095825,2.4100000858306885,89456,0.0,0.0,0.0
2025-11-27 00:00:00+02:00,2.4100000858306885,2.4100000858306885,2.359999895095825,2.4100000858306885,27588,0.0,0.0,0.0
2025-11-30 00:00:00+02:00,2.4100000858306885,2.4000000953674316,2.369999885559082,2.4100000858306885,85122,0.0,0.0,0.0
2025-12-01 00:00:00+02:00,2.4100000858306885,2.4000000953674316,2.369999885559082,2.4100000858306885,85268,0.0,0.0,0.0
2025-12-02 00:00:00+02:00,2.4100000858306885,2.4000000953674316,2.369999885559082,2.380000114440918,128902,0.0,0.0,0.0
2025-12-03 00:00:00+02:00,2.380000114440918,2.4000000953674316,2.369999885559082,2.380000114440918,140777,0.0,0.0,0.0
2025-12-04 00:00:00+02:00,2.380000114440918,2.4000000953674316,2.369999885559082,2.380000114440918,240627,0.0,0.0,0.0
2025-12-07 00:00:00+02:00,2.380000114440918,2.4000000953674316,2.369999885559082,2.390000104904175,422325,0.0,0.0,0.0
2025-12-08 00:00:00+02:00,2.390000104904175,2.430000066757202,2.380000114440918,2.4000000953674316,416446,0.0,0.0,0.0
2025-12-09 00:00:00+02:00,2.4000000953674316,2.5199999809265137,2.4200000762939453,2.509999990463257,1447790,0.0,0.0,0.0
2025-12-10 00:00:00+02:00,2.509999990463257,2.5799999237060547,2.5,2.509999990463257,679213,0.0,0.0,0.0
2025-12-11 00:00:00+02:00,2.509999990463257,2.509999990463257,2.4200000762939453,2.440000057220459,506850,0.0,0.0,0.0
2025-12-14 00:00:00+02:00,2.440000057220459,2.4600000381469727,2.4200000762939453,2.430000066757202,327991,0.0,0.0,0.0
2025-12-15 00:00:00+02:00,2.430000066757202,2.4600000381469727,2.4100000858306885,2.4200000762939453,356660,0.0,0.0,0.0
2025-12-16 00:00:00+02:00,2.4200000762939453,2.450000047683716,2.4100000858306885,2.430000066757202,360463,0.0,0.0,0.0
2025-12-17 00:00:00+02:00,2.430000066757202,2.4800000190734863,2.430000066757202,2.440000057220459,324855,0.0,0.0,0.0
2025-12-18 00:00:00+02:00,2.440000057220459,2.450000047683716,2.390000104904175,2.390000104904175,429380,0.0,0.0,0.0
2025-12-21 00:00:00+02:00,2.390000104904175,2.440000057220459,2.369999885559082,2.380000114440918,438967,0.0,0.0,0.0
2025-12-22 00:00:00+02:00,2.380000114440918,2.4200000762939453,2.359999895095825,2.369999885559082,274443,0.0,0.0,0.0
2025-12-23 00:00:00+02:00,2.369999885559082,2.430000066757202,2.359999895095825,2.4100000858306885,160270,0.0,0.0,0.0
2025-12-24 00:00:00+02:00,2.4100000858306885,2.4100000858306885,2.380000114440918,2.390000104904175,332085,0.0,0.0,0.0
2025-12-25 00:00:00+02:00,2.390000104904175,2.4000000953674316,2.369999885559082,2.390000104904175,246545,0.0,0.0,0.0
2025-12-28 00:00:00+02:00,2.390000104904175,2.4100000858306885,2.369999885559082,2.390000104904175,159419,0.0,0.0,0.0
2025-12-29 00:00:00+02:00,2.390000104904175,2.4100000858306885,2.380000114440918,2.4100000858306885,491600,0.0,0.0,0.0
2025-12-30 00:00:00+02:00,2.4100000858306885,2.430000066757202,2.390000104904175,2.4100000858306885,282356,0.0,0.0,0.0
2025-12-31 00:00:00+02:00,2.4100000858306885,2.4200000762939453,2.380000114440918,2.390000104904175,401603,0.0,0.0,0.0
2026-01-04 00:00:00+02:00,2.390000104904175,2.4000000953674316,2.369999885559082,2.390000104904175,246514,0.0,0.0,0.0
2026-01-05 00:00:00+02:00,2.390000104904175,2.390000104904175,2.3499999046325684,2.359999895095825,189094,0.0,0.0,0.0
2026-01-06 00:00:00+02:00,2.359999895095825,2.380000114440918,2.319999933242798,2.3299999237060547,221849,0.0,0.0,0.0
2026-01-08 00:00:00+02:00,2.3299999237060547,2.359999895095825,2.299999952316284,2.3299999237060547,163099,0.0,0.0,0.0
2026-01-11 00:00:00+02:00,2.3299999237060547,2.390000104904175,2.3399999141693115,2.3299999237060547,107836,0.0,0.0,0.0
2026-01-12 00:00:00+02:00,2.3299999237060547,2.390000104904175,2.3299999237060547,2.3299999237060547,90227,0.0,0.0,0.0
2026-01-13 00:00:00+02:00,2.3299999237060547,2.440000057220459,2.3399999141693115,2.440000057220459,1229063,0.0,0.0,0.0
2026-01-14 00:00:00+02:00,2.440000057220459,2.5,2.3499999046325684,2.380000114440918,292522,0.0,0.0,0.0
2026-01-15 00:00:00+02:00,2.380000114440918,2.390000104904175,2.2699999809265137,2.2899999618530273,581445,0.0,0.0,0.0
2026-01-18 00:00:00+02:00,2.2899999618530273,2.3399999141693115,2.200000047683716,2.2699999809265137,162856,0.0,0.0,0.0
2026-01-19 00:00:00+02:00,2.2699999809265137,2.3499999046325684,2.259999990463257,2.2699999809265137,107048,0.0,0.0,0.0
2026-01-20 00:00:00+02:00,2.2699999809265137,2.380000114440918,2.299999952316284,2.3499999046325684,388770,0.0,0.0,0.0
2026-01-21 00:00:00+02:00,2.3499999046325684,2.369999885559082,2.309999942779541,2.3499999046325684,109214,0.0,0.0,0.0
2026-01-22 00:00:00+02:00,2.3499999046325684,2.359999895095825,2.299999952316284,2.3299999237060547,133163,0.0,0.0,0.0
2026-01-25 00:00:00+02:00,2.3299999237060547,2.3499999046325684,2.2699999809265137,2.299999952316284,370435,0.0,0.0,0.0
2026-01-26 00:00:00+02:00,2.299999952316284,2.3299999237060547,2.2699999809265137,2.299999952316284,68651,0.0,0.0,0.0
2026-01-27 00:00:00+02:00,2.299999952316284,2.309999942779541,2.259999990463257,2.2699999809265137,255296,0.0,0.0,0.0
2026-01-28 00:00:00+02:00,2.2699999809265137,2.2699999809265137,2.2200000286102295,2.2300000190734863,290480,0.0,0.0,0.0
2026-02-01 00:00:00+02:00,2.2300000190734863,2.25,2.180000066757202,2.2300000190734863,108415,0.0,0.0,0.0
2026-02-02 00:00:00+02:00,2.2300000190734863,2.309999942779541,2.2100000381469727,2.2799999713897705,274456,0.0,0.0,0.0
2026-02-03 00:00:00+02:00,2.2799999713897705,2.319999933242798,2.2799999713897705,2.309999942779541,381933,0.0,0.0,0.0
2026-02-04 00:00:00+02:00,2.309999942779541,2.3299999237060547,2.299999952316284,2.309999942779541,102317,0.0,0.0,0.0
