Date,Open,High,Low,Close,Volume,Dividends,Stock Splits,Capital Gains
2021-01-03 00:00:00+02:00,31.799999237060547,32.25,31.899999618530273,31.799999237060547,100,0.0,0.0,0.0
2021-01-04 00:00:00+02:00,31.799999237060547,34.97999954223633,34.75,34.939998626708984,9485,0.0,0.0,0.0
2021-01-05 00:00:00+02:00,34.939998626708984,38.43000030517578,34.20000076293945,38.150001525878906,29988,0.0,0.0,0.0
2021-01-06 00:00:00+02:00,38.150001525878906,41.939998626708984,37.0,40.43000030517578,83050,0.0,0.0,0.0
2021-01-10 00:00:00+02:00,40.43000030517578,40.220001220703125,40.20000076293945,40.20000076293945,2590,0.0,0.0,0.0
2021-01-11 00:00:00+02:00,40.20000076293945,41.400001525878906,39.0,39.869998931884766,100478,0.0,0.0,0.0
2021-01-12 00:00:00+02:00,39.869998931884766,40.0,39.88999938964844,39.9900016784668,7667,0.0,0.0,0.0
2021-01-13 00:00:00+02:00,39.9900016784668,40.02000045776367,38.0,40.0,37811,0.0,0.0,0.0
2021-01-14 00:00:00+02:00,40.0,42.0,40.0,41.599998474121094,21851,0.0,0.0,0.0
2021-01-17 00:00:00+02:00,41.599998474121094,40.5099983215332,40.04999923706055,41.599998474121094,1585,0.0,0.0,0.0
2021-01-18 00:00:00+02:00,41.599998474121094,42.0,41.0,41.88999938964844,61244,0.0,0.0,0.0
2021-01-19 00:00:00+02:00,41.88999938964844,43.0,41.0,42.2599983215332,22585,0.0,0.0,0.0
2021-01-20 00:00:00+02:00,42.2599983215332,43.869998931884766,40.099998474121094,42.86000061035156,219794,0.0,0.0,0.0
2021-01-21 00:00:00+02:00,42.86000061035156,44.9900016784668,43.0,43.95000076293945,50415,0.0,0.0,0.0
2021-01-24 00:00:00+02:00,43.95000076293945,45.97999954223633,43.0099983215332,43.709999084472656,44022,0.0,0.0,0.0
2021-01-25 00:00:00+02:00,43.709999084472656,43.709999084472656,43.709999084472656,43.709999084472656,0,0.0,0.0,0.0
2021-01-26 00:00:00+02:00,42.560001373291016,43.029998779296875,43.0,43.0,10150,0.0,0.0,0.0
2021-01-27 00:00:00+02:00,43.0,44.9900016784668,43.0099983215332,44.72999954223633,48570,0.0,0.0,0.0
2021-01-31 00:00:00+02:00,44.72999954223633,43.630001068115234,43.540000915527344,43.619998931884766,2409,0.0,0.0,0.0
2021-02-01 00:00:00+02:00,43.619998931884766,45.0,43.650001525878906,44.959999084472656,46399,0.0,0.0,0.0
2021-02-02 00:00:00+02:00,44.959999084472656,45.0,43.349998474121094,44.9900016784668,312911,0.0,0.0,0.0
2021-02-03 00:00:00+02:00,44.9900016784668,45.0,43.52000045776367,43.959999084472656,2500,0.0,0.0,0.0
2021-02-04 00:00:00+02:00,43.959999084472656,46.099998474121094,44.95000076293945,45.02000045776367,62585,0.0,0.0,0.0
2021-02-07 00:00:00+02:00,45.02000045776367,46.5,44.0099983215332,45.56999969482422,229033,0.0,0.0,0.0
2021-02-08 00:00:00+02:00,45.56999969482422,45.9900016784668,43.029998779296875,44.810001373291016,11320,0.0,0.0,0.0
2021-02-09 00:00:00+02:00,44.810001373291016,46.0,45.0,45.63999938964844,30570,0.0,0.0,0.0
2021-02-10 00:00:00+02:00,45.63999938964844,44.0099983215332,44.0099983215332,45.63999938964844,180,0.0,0.0,0.0
2021-02-11 00:00:00+02:00,45.63999938964844,46.599998474121094,45.869998931884766,46.18000030517578,28435,0.0,0.0,0.0
2021-02-14 00:00:00+02:00,46.18000030517578,46.18000030517578,46.18000030517578,46.18000030517578,0,0.0,0.0,0.0
2021-02-15 00:00:00+02:00,46.18000030517578,44.5,43.25,43.70000076293945,2400,0.0,0.0,0.0
2021-02-16 00:00:00+02:00,43.70000076293945,42.0,42.0,43.70000076293945,250,0.0,0.0,0.0
2021-02-17 00:00:00+02:00,43.70000076293945,44.9900016784668,42.029998779296875,43.70000076293945,351,0.0,0.0,0.0
2021-02-18 00:00:00+02:00,43.70000076293945,41.119998931884766,41.11000061035156,43.70000076293945,2,0.0,0.0,0.0
2021-02-21 00:00:00+02:00,43.70000076293945,40.20000076293945,40.20000076293945,43.70000076293945,264,0.0,0.0,0.0
2021-02-22 00:00:00+02:00,43.70000076293945,42.0,40.20000076293945,41.4900016784668,2566,0.0,0.0,0.0
2021-02-23 00:00:00+02:00,41.4900016784668,41.4900016784668,41.4900016784668,41.4900016784668,0,0.0,0.0,0.0
2021-02-24 00:00:00+02:00,41.4900016784668,40.0099983215332,37.349998474121094,37.790000915527344,14979,0.0,0.0,0.0
2021-02-25 00:00:00+02:00,37.790000915527344,38.79999923706055,36.25,37.09000015258789,4818,0.0,0.0,0.0
2021-02-28 00:00:00+02:00,37.09000015258789,39.0,36.0,38.130001068115234,5154,0.0,0.0,0.0
2021-03-01 00:00:00+02:00,38.130001068115234,40.599998474121094,37.9900016784668,38.16999816894531,2827,0.0,0.0,0.0
2021-03-02 00:00:00+02:00,38.16999816894531,40.75,38.04999923706055,39.79999923706055,5391,0.0,0.0,0.0
2021-03-03 00:00:00+02:00,39.79999923706055,38.11000061035156,37.560001373291016,37.880001068115234,3450,0.0,0.0,0.0
2021-03-04 00:00:00+02:00,37.880001068115234,37.880001068115234,37.880001068115234,37.880001068115234,0,0.0,0.0,0.0
2021-03-07 00:00:00+02:00,37.880001068115234,39.150001525878906,39.0099983215332,37.880001068115234,2070,0.0,0.0,0.0
2021-03-08 00:00:00+02:00,37.880001068115234,40.400001525878906,38.02000045776367,37.880001068115234,560,0.0,0.0,0.0
2021-03-09 00:00:00+02:00,37.880001068115234,40.0,38.119998931884766,37.880001068115234,400,0.0,0.0,0.0
2021-03-10 00:00:00+02:00,37.880001068115234,39.79999923706055,38.119998931884766,37.880001068115234,2110,0.0,0.0,0.0
2021-03-11 00:00:00+02:00,37.880001068115234,38.0099983215332,37.5,37.650001525878906,3000,0.0,0.0,0.0
2021-03-14 00:00:00+02:00,37.650001525878906,37.65999984741211,37.560001373291016,37.61000061035156,4000,0.0,0.0,0.0
2021-03-15 00:00:00+02:00,37.61000061035156,37.54999923706055,37.5,37.52000045776367,3070,0.0,0.0,0.0
2021-03-16 00:00:00+02:00,37.52000045776367,37.400001525878906,37.099998474121094,37.52000045776367,2335,0.0,0.0,0.0
2021-03-17 00:00:00+02:00,37.52000045776367,37.529998779296875,37.52000045776367,37.52000045776367,1000,0.0,0.0,0.0
2021-03-18 00:00:00+02:00,37.52000045776367,39.599998474121094,37.54999923706055,37.619998931884766,2785,0.0,0.0,0.0
2021-03-21 00:00:00+02:00,37.619998931884766,37.619998931884766,37.5,37.54999923706055,3800,0.0,0.0,0.0
2021-03-22 00:00:00+02:00,37.54999923706055,37.54999923706055,37.54999923706055,37.54999923706055,0,0.0,0.0,0.0
2021-03-23 00:00:00+02:00,37.54999923706055,36.209999084472656,34.119998931884766,35.9900016784668,4608,0.0,0.0,0.0
2021-03-24 00:00:00+02:00,35.9900016784668,37.84000015258789,37.0,35.9900016784668,2583,0.0,0.0,0.0
2021-03-25 00:00:00+02:00,35.9900016784668,36.79999923706055,36.0,36.189998626708984,3900,0.0,0.0,0.0
2021-03-28 00:00:00+02:00,36.189998626708984,39.20000076293945,36.5,37.900001525878906,187799,0.0,0.0,0.0
2021-03-29 00:00:00+02:00,37.900001525878906,37.900001525878906,37.900001525878906,37.900001525878906,0,0.0,0.0,0.0
2021-03-30 00:00:00+02:00,37.900001525878906,37.0099983215332,36.540000915527344,37.900001525878906,1359,0.0,0.0,0.0
2021-03-31 00:00:00+02:00,37.900001525878906,37.0099983215332,36.04999923706055,37.900001525878906,1610,0.0,0.0,0.0
2021-04-01 00:00:00+02:00,37.900001525878906,36.29999923706055,36.04999923706055,37.900001525878906,1400,0.0,0.0,0.0
2021-04-04 00:00:00+02:00,37.900001525878906,36.119998931884766,35.5,37.900001525878906,800,0.0,0.0,0.0
2021-04-05 00:00:00+02:00,37.900001525878906,35.5,34.119998931884766,34.84000015258789,3300,0.0,0.0,0.0
2021-04-06 00:00:00+02:00,34.84000015258789,35.9900016784668,35.849998474121094,35.93000030517578,170200,0.0,0.0,0.0
2021-04-07 00:00:00+02:00,35.93000030517578,35.0099983215332,35.0099983215332,35.93000030517578,60,0.0,0.0,0.0
2021-04-08 00:00:00+02:00,35.93000030517578,37.599998474121094,37.599998474121094,35.93000030517578,2000,0.0,0.0,0.0
2021-04-11 00:00:00+02:00,35.93000030517578,37.0,37.0,35.93000030517578,100,0.0,0.0,0.0
2021-04-12 00:00:00+02:00,35.93000030517578,36.0,35.5,35.93000030517578,2421,0.0,0.0,0.0
2021-04-13 00:00:00+02:00,35.93000030517578,35.599998474121094,35.599998474121094,35.93000030517578,500,0.0,0.0,0.0
2021-04-14 00:00:00+02:00,35.93000030517578,34.060001373291016,34.040000915527344,35.93000030517578,700,0.0,0.0,0.0
2021-04-15 00:00:00+02:00,35.93000030517578,36.0,34.0,35.93000030517578,170920,0.0,0.0,0.0
2021-04-18 00:00:00+02:00,35.93000030517578,35.04999923706055,34.0,35.93000030517578,975,0.0,0.0,0.0
2021-04-19 00:00:00+02:00,35.93000030517578,35.93000030517578,35.93000030517578,35.93000030517578,0,0.0,0.0,0.0
2021-04-20 00:00:00+02:00,35.93000030517578,35.02000045776367,34.0,34.099998474121094,3570,0.0,0.0,0.0
2021-04-21 00:00:00+02:00,34.099998474121094,34.5,33.79999923706055,34.099998474121094,1112,0.0,0.0,0.0
2021-04-22 00:00:00+02:00,34.099998474121094,34.0,33.79999923706055,34.0,3338,0.0,0.0,0.0
2021-04-25 00:00:00+02:00,34.0,34.0,33.75,34.0,2191,0.0,0.0,0.0
2021-04-26 00:00:00+02:00,34.0,33.52000045776367,33.0,34.0,2052,0.0,0.0,0.0
2021-04-27 00:00:00+02:00,34.0,32.33000183105469,30.600000381469727,30.719999313354492,21337,0.0,0.0,0.0
2021-04-28 00:00:00+02:00,30.719999313354492,33.45000076293945,31.25,33.02000045776367,187700,0.0,0.0,0.0
2021-05-04 00:00:00+02:00,33.02000045776367,32.45000076293945,31.0,33.02000045776367,2500,0.0,0.0,0.0
2021-05-05 00:00:00+02:00,33.02000045776367,31.899999618530273,31.0,33.02000045776367,2709,0.0,0.0,0.0
2021-05-06 00:00:00+02:00,33.02000045776367,31.5,31.0,31.100000381469727,7771,0.0,0.0,0.0
2021-05-09 00:00:00+02:00,31.100000381469727,30.75,30.489999771118164,30.56999969482422,4047,0.0,0.0,0.0
2021-05-10 00:00:00+02:00,30.56999969482422,30.100000381469727,30.010000228881836,30.56999969482422,300,0.0,0.0,0.0
2021-05-11 00:00:00+02:00,30.56999969482422,32.0,30.18000030517578,30.56999969482422,625,0.0,0.0,0.0
2021-05-17 00:00:00+02:00,30.56999969482422,31.0,30.299999237060547,30.56999969482422,1400,0.0,0.0,0.0
2021-05-18 00:00:00+02:00,30.56999969482422,31.59000015258789,30.5,30.889999389648438,6472,0.0,0.0,0.0
2021-05-19 00:00:00+02:00,30.889999389648438,31.700000762939453,31.010000228881836,31.25,5381,0.0,0.0,0.0
2021-05-20 00:00:00+02:00,31.25,31.850000381469727,31.040000915527344,31.25,1117,0.0,0.0,0.0
2021-05-23 00:00:00+02:00,31.25,32.5,31.260000228881836,32.38999938964844,26627,0.0,0.0,0.0
2021-05-24 00:00:00+02:00,32.38999938964844,33.0,31.299999237060547,32.08000183105469,23648,0.0,0.0,0.0
2021-05-25 00:00:00+02:00,32.08000183105469,33.29999923706055,32.95000076293945,32.08000183105469,1596,0.0,0.0,0.0
2021-05-26 00:00:00+02:00,32.08000183105469,33.0,31.309999465942383,32.09000015258789,3602,0.0,0.0,0.0
2021-05-27 00:00:00+02:00,32.09000015258789,32.25,32.04999923706055,32.09000015258789,790,0.0,0.0,0.0
2021-05-30 00:00:00+02:00,32.09000015258789,32.5,31.709999084472656,32.09000015258789,2280,0.0,0.0,0.0
2021-05-31 00:00:00+02:00,32.09000015258789,32.0,31.5,32.09000015258789,2014,0.0,0.0,0.0
2021-06-01 00:00:00+02:00,32.09000015258789,32.88999938964844,31.5,31.860000610351562,3680,0.0,0.0,0.0
2021-06-02 00:00:00+02:00,31.860000610351562,33.45000076293945,32.099998474121094,33.16999816894531,4783,0.0,0.0,0.0
2021-06-03 00:00:00+02:00,33.16999816894531,32.0099983215332,32.0,33.16999816894531,500,0.0,0.0,0.0
2021-06-06 00:00:00+02:00,33.16999816894531,32.5,32.0,33.16999816894531,3090,0.0,0.0,0.0
2021-06-07 00:00:00+02:00,33.16999816894531,32.02000045776367,32.0,33.16999816894531,400,0.0,0.0,0.0
2021-06-08 00:00:00+02:00,33.16999816894531,31.579999923706055,31.059999465942383,33.16999816894531,2470,0.0,0.0,0.0
2021-06-09 00:00:00+02:00,33.16999816894531,31.610000610351562,31.600000381469727,33.16999816894531,500,0.0,0.0,0.0
2021-06-10 00:00:00+02:00,33.16999816894531,32.470001220703125,31.639999389648438,33.16999816894531,310,0.0,0.0,0.0
2021-06-13 00:00:00+02:00,33.16999816894531,31.65999984741211,31.65999984741211,33.16999816894531,156,0.0,0.0,0.0
2021-06-14 00:00:00+02:00,33.16999816894531,31.520000457763672,31.489999771118164,33.16999816894531,708,0.0,0.0,0.0
2021-06-15 00:00:00+02:00,33.16999816894531,32.38999938964844,31.0,33.16999816894531,1591,0.0,0.0,0.0
2021-06-16 00:00:00+02:00,33.16999816894531,31.5,30.100000381469727,33.16999816894531,670,0.0,0.0,0.0
2021-06-17 00:00:00+02:00,33.16999816894531,32.38999938964844,31.0,33.16999816894531,485,0.0,0.0,0.0
2021-06-20 00:00:00+02:00,33.16999816894531,31.270000457763672,31.25,33.16999816894531,2173,0.0,0.0,0.0
2021-06-21 00:00:00+02:00,33.16999816894531,32.29999923706055,32.0,32.04999923706055,4736,0.0,0.0,0.0
2021-06-22 00:00:00+02:00,32.04999923706055,32.040000915527344,32.0,32.04999923706055,1889,0.0,0.0,0.0
2021-06-23 00:00:00+02:00,32.04999923706055,32.310001373291016,32.0,32.04999923706055,2125,0.0,0.0,0.0
2021-06-24 00:00:00+02:00,32.04999923706055,32.5,32.02000045776367,32.04999923706055,2530,0.0,0.0,0.0
2021-06-27 00:00:00+02:00,32.04999923706055,33.0,32.0,32.04999923706055,1580,0.0,0.0,0.0
2021-06-28 00:00:00+02:00,32.04999923706055,32.5,32.310001373291016,32.04999923706055,1300,0.0,0.0,0.0
2021-06-29 00:00:00+02:00,32.04999923706055,32.9900016784668,32.099998474121094,32.04999923706055,580,0.0,0.0,0.0
2021-06-30 00:00:00+02:00,32.04999923706055,33.4900016784668,32.9900016784668,33.209999084472656,3387,0.0,0.0,0.0
2021-07-04 00:00:00+02:00,33.209999084472656,34.5,33.0099983215332,33.70000076293945,8824,0.0,0.0,0.0
2021-07-05 00:00:00+02:00,33.70000076293945,36.0,33.5,34.779998779296875,18425,0.0,0.0,0.0
2021-07-06 00:00:00+02:00,34.779998779296875,36.0,32.5099983215332,33.849998474121094,3592,0.0,0.0,0.0
2021-07-07 00:00:00+02:00,33.849998474121094,34.0,31.31999969482422,33.04999923706055,16336,0.0,0.0,0.0
2021-07-08 00:00:00+02:00,33.04999923706055,32.0099983215332,31.559999465942383,33.04999923706055,1800,0.0,0.0,0.0
2021-07-11 00:00:00+02:00,33.04999923706055,31.719999313354492,31.719999313354492,33.04999923706055,200,0.0,0.0,0.0
2021-07-12 00:00:00+02:00,33.04999923706055,32.04999923706055,30.729999542236328,31.600000381469727,13810,0.0,0.0,0.0
2021-07-13 00:00:00+02:00,31.600000381469727,33.95000076293945,30.770000457763672,31.690000534057617,66124,0.0,0.0,0.0
2021-07-14 00:00:00+02:00,31.690000534057617,33.59000015258789,32.0,32.95000076293945,25576,0.0,0.0,0.0
2021-07-15 00:00:00+02:00,32.95000076293945,33.70000076293945,32.0099983215332,32.939998626708984,49815,0.0,0.0,0.0
2021-07-18 00:00:00+02:00,32.939998626708984,35.900001525878906,33.7400016784668,34.5,80891,0.0,0.0,0.0
2021-07-25 00:00:00+02:00,34.5,36.619998931884766,33.75,34.9900016784668,70795,0.0,0.0,0.0
2021-07-26 00:00:00+02:00,34.9900016784668,34.79999923706055,33.0,33.439998626708984,38123,0.0,0.0,0.0
2021-07-27 00:00:00+02:00,33.439998626708984,34.0,33.0,33.2599983215332,15982,0.0,0.0,0.0
2021-07-28 00:00:00+02:00,33.2599983215332,33.130001068115234,32.5099983215332,32.810001373291016,11656,0.0,0.0,0.0
2021-07-29 00:00:00+02:00,32.810001373291016,33.400001525878906,32.650001525878906,32.720001220703125,3081,0.0,0.0,0.0
2021-08-01 00:00:00+02:00,32.720001220703125,33.880001068115234,32.900001525878906,33.06999969482422,10410,0.0,0.0,0.0
2021-08-02 00:00:00+02:00,33.06999969482422,33.439998626708984,32.90999984741211,33.08000183105469,12383,0.0,0.0,0.0
2021-08-03 00:00:00+02:00,33.08000183105469,33.599998474121094,32.5,33.150001525878906,21710,0.0,0.0,0.0
2021-08-04 00:00:00+02:00,33.150001525878906,33.189998626708984,32.33000183105469,32.939998626708984,12709,0.0,0.0,0.0
2021-08-05 00:00:00+02:00,32.939998626708984,33.79999923706055,32.599998474121094,32.900001525878906,4235,0.0,0.0,0.0
2021-08-08 00:00:00+02:00,32.900001525878906,32.900001525878906,32.900001525878906,32.900001525878906,0,0.0,0.0,0.0
2021-08-09 00:00:00+02:00,32.900001525878906,32.900001525878906,32.900001525878906,32.900001525878906,0,0.0,0.0,0.0
2021-08-10 00:00:00+02:00,35.189998626708984,37.5,34.0,34.900001525878906,599177,0.0,0.0,0.0
2021-08-11 00:00:00+02:00,34.900001525878906,38.38999938964844,35.79999923706055,37.97999954223633,128216,0.0,0.0,0.0
2021-08-15 00:00:00+02:00,37.97999954223633,42.900001525878906,38.56999969482422,40.630001068115234,245950,0.0,0.0,0.0
2021-08-16 00:00:00+02:00,40.630001068115234,41.900001525878906,38.65999984741211,39.939998626708984,132910,0.0,0.0,0.0
2021-08-17 00:00:00+02:00,39.939998626708984,39.5,37.900001525878906,38.54999923706055,86871,0.0,0.0,0.0
2021-08-18 00:00:00+02:00,38.54999923706055,38.70000076293945,37.099998474121094,37.7400016784668,46205,0.0,0.0,0.0
2021-08-19 00:00:00+02:00,37.7400016784668,38.0,36.31999969482422,36.959999084472656,65851,0.0,0.0,0.0
2021-08-22 00:00:00+02:00,36.959999084472656,39.0,36.0,37.83000183105469,73470,0.0,0.0,0.0
2021-08-23 00:00:00+02:00,37.83000183105469,38.150001525878906,37.0,37.54999923706055,68419,0.0,0.0,0.0
2021-08-24 00:00:00+02:00,37.54999923706055,37.88999938964844,35.79999923706055,36.29999923706055,87666,0.0,0.0,0.0
2021-08-25 00:00:00+02:00,36.29999923706055,36.599998474121094,35.0,35.59000015258789,36847,0.0,0.0,0.0
2021-08-26 00:00:00+02:00,35.59000015258789,35.93000030517578,33.709999084472656,34.45000076293945,54065,0.0,0.0,0.0
2021-08-29 00:00:00+02:00,34.45000076293945,35.470001220703125,34.02000045776367,34.7400016784668,24783,0.0,0.0,0.0
2021-08-30 00:00:00+02:00,34.7400016784668,35.599998474121094,34.150001525878906,34.7599983215332,32578,0.0,0.0,0.0
2021-08-31 00:00:00+02:00,34.7599983215332,34.88999938964844,33.0,33.310001373291016,68323,0.0,0.0,0.0
2021-09-01 00:00:00+02:00,33.310001373291016,34.77000045776367,33.84000015258789,34.13999938964844,24548,0.0,0.0,0.0
2021-09-02 00:00:00+02:00,34.13999938964844,34.79999923706055,34.099998474121094,34.29999923706055,13067,0.0,0.0,0.0
2021-09-05 00:00:00+02:00,34.29999923706055,35.2400016784668,32.06999969482422,33.56999969482422,33526,0.0,0.0,0.0
2021-09-06 00:00:00+02:00,33.56999969482422,33.2400016784668,32.060001373291016,32.439998626708984,13313,0.0,0.0,0.0
2021-09-07 00:00:00+02:00,32.439998626708984,33.0,31.040000915527344,31.739999771118164,47065,0.0,0.0,0.0
2021-09-08 00:00:00+02:00,31.739999771118164,32.93000030517578,31.3700008392334,31.93000030517578,12453,0.0,0.0,0.0
2021-09-09 00:00:00+02:00,31.93000030517578,32.47999954223633,31.219999313354492,31.290000915527344,10576,0.0,0.0,0.0
2021-09-12 00:00:00+02:00,31.290000915527344,32.290000915527344,31.309999465942383,31.739999771118164,7185,0.0,0.0,0.0
2021-09-13 00:00:00+02:00,31.739999771118164,32.5,32.0,32.38999938964844,8065,0.0,0.0,0.0
2021-09-14 00:00:00+02:00,32.38999938964844,32.869998931884766,31.75,31.899999618530273,10030,0.0,0.0,0.0
2021-09-15 00:00:00+02:00,31.899999618530273,32.45000076293945,31.5,31.700000762939453,5981,0.0,0.0,0.0
2021-09-16 00:00:00+02:00,31.700000762939453,31.510000228881836,31.030000686645508,31.079999923706055,23400,0.0,0.0,0.0
2021-09-19 00:00:00+02:00,31.079999923706055,31.799999237060547,30.549999237060547,30.940000534057617,19390,0.0,0.0,0.0
2021-09-20 00:00:00+02:00,30.940000534057617,31.25,29.100000381469727,30.010000228881836,15730,0.0,0.0,0.0
2021-09-21 00:00:00+02:00,30.010000228881836,29.969999313354492,29.0,29.649999618530273,15484,0.0,0.0,0.0
2021-09-22 00:00:00+02:00,29.649999618530273,30.43000030517578,29.110000610351562,29.93000030517578,16404,0.0,0.0,0.0
2021-09-23 00:00:00+02:00,29.93000030517578,30.989999771118164,29.270000457763672,30.6200008392334,21876,0.0,0.0,0.0
2021-09-26 00:00:00+02:00,30.6200008392334,30.600000381469727,30.110000610351562,30.6200008392334,7850,0.0,0.0,0.0
2021-09-27 00:00:00+02:00,30.6200008392334,32.689998626708984,30.329999923706055,30.860000610351562,23947,0.0,0.0,0.0
2021-09-28 00:00:00+02:00,30.860000610351562,30.860000610351562,30.860000610351562,30.860000610351562,0,0.0,0.0,0.0
2021-09-29 00:00:00+02:00,30.860000610351562,30.989999771118164,30.0,30.860000610351562,4385,0.0,0.0,0.0
2021-09-30 00:00:00+02:00,30.860000610351562,29.5,27.0,29.010000228881836,65261,0.0,0.0,0.0
2021-10-03 00:00:00+02:00,29.010000228881836,29.700000762939453,28.0,28.09000015258789,43463,0.0,0.0,0.0
2021-10-04 00:00:00+02:00,28.09000015258789,28.889999389648438,27.350000381469727,28.09000015258789,2000,0.0,0.0,0.0
2021-10-05 00:00:00+02:00,28.09000015258789,28.979999542236328,28.0,28.09000015258789,2440,0.0,0.0,0.0
2021-10-06 00:00:00+02:00,28.09000015258789,28.940000534057617,27.549999237060547,28.34000015258789,29250,0.0,0.0,0.0
2021-10-10 00:00:00+02:00,28.34000015258789,28.34000015258789,28.34000015258789,28.34000015258789,0,0.0,0.0,0.0
2021-10-11 00:00:00+02:00,28.34000015258789,28.25,27.0,27.989999771118164,20000,0.0,0.0,0.0
2021-10-12 00:00:00+02:00,27.989999771118164,27.979999542236328,27.219999313354492,27.989999771118164,3293,0.0,0.0,0.0
2021-10-13 00:00:00+02:00,27.989999771118164,28.0,27.799999237060547,27.989999771118164,4430,0.0,0.0,0.0
2021-10-14 00:00:00+02:00,27.989999771118164,28.100000381469727,27.309999465942383,27.989999771118164,3480,0.0,0.0,0.0
2021-10-17 00:00:00+02:00,27.989999771118164,27.5,27.06999969482422,27.989999771118164,6453,0.0,0.0,0.0
2021-10-18 00:00:00+02:00,27.989999771118164,27.989999771118164,27.989999771118164,27.989999771118164,0,0.0,0.0,0.0
2021-10-19 00:00:00+02:00,28.0,27.299999237060547,23.299999237060547,25.959999084472656,106167,0.0,0.0,0.0
2021-10-20 00:00:00+02:00,25.959999084472656,25.049999237060547,23.610000610351562,24.43000030517578,16477,0.0,0.0,0.0
2021-10-24 00:00:00+02:00,24.43000030517578,25.0,23.229999542236328,24.43000030517578,10303,0.0,0.0,0.0
2021-10-25 00:00:00+02:00,24.43000030517578,24.8799991607666,23.6299991607666,24.43000030517578,8000,0.0,0.0,0.0
2021-10-26 00:00:00+02:00,24.43000030517578,24.040000915527344,23.209999084472656,23.34000015258789,25196,0.0,0.0,0.0
2021-10-27 00:00:00+02:00,23.34000015258789,22.989999771118164,22.18000030517578,22.18000030517578,85127,0.0,0.0,0.0
2021-10-28 00:00:00+02:00,22.18000030517578,22.889999389648438,21.899999618530273,22.290000915527344,15475,0.0,0.0,0.0
2021-10-31 00:00:00+02:00,22.290000915527344,23.399999618530273,21.31999969482422,22.920000076293945,20220,0.0,0.0,0.0
2021-11-01 00:00:00+02:00,22.920000076293945,23.950000762939453,23.200000762939453,22.920000076293945,3262,0.0,0.0,0.0
2021-11-02 00:00:00+02:00,22.920000076293945,24.059999465942383,22.809999465942383,24.010000228881836,24353,0.0,0.0,0.0
2021-11-03 00:00:00+02:00,24.010000228881836,23.0,23.0,24.010000228881836,3320,0.0,0.0,0.0
2021-11-04 00:00:00+02:00,24.010000228881836,23.010000228881836,22.809999465942383,23.0,13780,0.0,0.0,0.0
2021-11-07 00:00:00+02:00,23.0,23.0,23.0,23.0,0,0.0,0.0,0.0
2021-11-08 00:00:00+02:00,23.0,23.0,23.0,23.0,0,0.0,0.0,0.0
2021-11-09 00:00:00+02:00,23.0,23.0,23.0,23.0,0,0.0,0.0,0.0
2021-11-10 00:00:00+02:00,23.0,23.399999618530273,22.5,23.200000762939453,62840,0.0,0.0,0.0
2021-11-11 00:00:00+02:00,23.200000762939453,23.200000762939453,23.010000228881836,23.200000762939453,750,0.0,0.0,0.0
2021-11-14 00:00:00+02:00,23.200000762939453,23.010000228881836,22.520000457763672,23.200000762939453,1600,0.0,0.0,0.0
2021-11-15 00:00:00+02:00,23.200000762939453,23.200000762939453,22.639999389648438,23.200000762939453,3440,0.0,0.0,0.0
2021-11-16 00:00:00+02:00,23.200000762939453,23.200000762939453,23.200000762939453,23.200000762939453,0,0.0,0.0,0.0
2021-11-17 00:00:00+02:00,23.200000762939453,23.0,22.049999237060547,23.200000762939453,10910,0.0,0.0,0.0
2021-11-18 00:00:00+02:00,23.200000762939453,23.200000762939453,23.200000762939453,23.200000762939453,0,0.0,0.0,0.0
2021-11-21 00:00:00+02:00,23.200000762939453,22.600000381469727,22.219999313354492,23.200000762939453,1050,0.0,0.0,0.0
2021-11-22 00:00:00+02:00,23.200000762939453,23.0,22.059999465942383,23.200000762939453,4504,0.0,0.0,0.0
2021-11-23 00:00:00+02:00,23.200000762939453,23.200000762939453,23.200000762939453,23.200000762939453,0,0.0,0.0,0.0
2021-11-24 00:00:00+02:00,23.200000762939453,22.5,22.040000915527344,23.200000762939453,4037,0.0,0.0,0.0
2021-11-25 00:00:00+02:00,23.200000762939453,24.360000610351562,23.0,24.1200008392334,12534,0.0,0.0,0.0
2021-11-28 00:00:00+02:00,24.1200008392334,24.1200008392334,24.1200008392334,24.1200008392334,0,0.0,0.0,0.0
2021-11-29 00:00:00+02:00,24.1200008392334,23.799999237060547,22.959999084472656,24.1200008392334,5484,0.0,0.0,0.0
2021-11-30 00:00:00+02:00,24.1200008392334,23.020000457763672,22.969999313354492,24.1200008392334,3292,0.0,0.0,0.0
2021-12-01 00:00:00+02:00,24.1200008392334,24.1200008392334,24.1200008392334,24.1200008392334,0,0.0,0.0,0.0
2021-12-02 00:00:00+02:00,24.100000381469727,23.299999237060547,23.030000686645508,24.100000381469727,1868,0.0,0.0,0.0
2021-12-05 00:00:00+02:00,24.100000381469727,24.0,23.219999313354492,24.0,19120,0.0,0.0,0.0
2021-12-06 00:00:00+02:00,24.0,24.450000762939453,23.329999923706055,24.0,8023,0.0,0.0,0.0
2021-12-07 00:00:00+02:00,24.0,24.0,23.200000762939453,23.68000030517578,20516,0.0,0.0,0.0
2021-12-08 00:00:00+02:00,23.68000030517578,23.510000228881836,23.5,23.5,210692,0.0,0.0,0.0
2021-12-09 00:00:00+02:00,23.5,23.1299991607666,23.100000381469727,23.5,1400,0.0,0.0,0.0
2021-12-12 00:00:00+02:00,23.5,24.0,24.0,23.5,1951,0.0,0.0,0.0
2021-12-13 00:00:00+02:00,23.5,24.65999984741211,23.299999237060547,23.5,711,0.0,0.0,0.0
2021-12-14 00:00:00+02:00,23.5,23.5,23.5,23.5,0,0.0,0.0,0.0
2021-12-15 00:00:00+02:00,23.5,24.670000076293945,23.350000381469727,24.329999923706055,213180,0.0,0.0,0.0
2021-12-16 00:00:00+02:00,24.329999923706055,24.0,24.0,24.329999923706055,2601,0.0,0.0,0.0
2021-12-19 00:00:00+02:00,24.329999923706055,24.329999923706055,24.329999923706055,24.329999923706055,0,0.0,0.0,0.0
2021-12-20 00:00:00+02:00,24.329999923706055,24.329999923706055,24.329999923706055,24.329999923706055,0,0.0,0.0,0.0
2021-12-21 00:00:00+02:00,24.329999923706055,24.329999923706055,24.329999923706055,24.329999923706055,0,0.0,0.0,0.0
2021-12-22 00:00:00+02:00,24.329999923706055,24.329999923706055,24.329999923706055,24.329999923706055,0,0.0,0.0,0.0
2021-12-23 00:00:00+02:00,24.329999923706055,25.239999771118164,23.329999923706055,24.329999923706055,4995,0.0,0.0,0.0
2021-12-26 00:00:00+02:00,24.329999923706055,23.600000381469727,23.510000228881836,23.600000381469727,71056,0.0,0.0,0.0
2021-12-27 00:00:00+02:00,23.600000381469727,23.559999465942383,23.510000228881836,23.600000381469727,2350,0.0,0.0,0.0
2021-12-28 00:00:00+02:00,23.600000381469727,24.0,23.350000381469727,23.600000381469727,6994,0.0,0.0,0.0
2021-12-29 00:00:00+02:00,23.600000381469727,24.0,24.0,23.600000381469727,1050,0.0,0.0,0.0
2021-12-30 00:00:00+02:00,23.600000381469727,23.600000381469727,23.600000381469727,23.600000381469727,0,0.0,0.0,0.0
2022-01-02 00:00:00+02:00,23.600000381469727,23.510000228881836,23.209999084472656,23.600000381469727,880,0.0,0.0,0.0
2022-01-03 00:00:00+02:00,23.600000381469727,23.989999771118164,23.200000762939453,23.600000381469727,3630,0.0,0.0,0.0
2022-01-04 00:00:00+02:00,23.600000381469727,24.200000762939453,24.200000762939453,23.600000381469727,5000,0.0,0.0,0.0
2022-01-05 00:00:00+02:00,23.600000381469727,24.200000762939453,24.149999618530273,23.600000381469727,1940,0.0,0.0,0.0
2022-01-09 00:00:00+02:00,23.600000381469727,23.600000381469727,23.600000381469727,23.600000381469727,0,0.0,0.0,0.0
2022-01-10 00:00:00+02:00,23.600000381469727,24.0,24.0,23.600000381469727,1030,0.0,0.0,0.0
2022-01-11 00:00:00+02:00,23.600000381469727,24.0,24.0,23.600000381469727,2000,0.0,0.0,0.0
2022-01-12 00:00:00+02:00,23.600000381469727,24.0,24.0,23.600000381469727,1080,0.0,0.0,0.0
2022-01-13 00:00:00+02:00,23.600000381469727,23.700000762939453,23.420000076293945,23.600000381469727,5420,0.0,0.0,0.0
2022-01-16 00:00:00+02:00,23.600000381469727,24.75,23.989999771118164,24.0,13693,0.0,0.0,0.0
2022-01-17 00:00:00+02:00,24.0,24.0,24.0,24.0,0,0.0,0.0,0.0
2022-01-18 00:00:00+02:00,24.0,24.0,24.0,24.0,0,0.0,0.0,0.0
2022-01-19 00:00:00+02:00,24.0,24.0,24.0,24.0,0,0.0,0.0,0.0
2022-01-20 00:00:00+02:00,24.0,25.200000762939453,25.0,24.0,9355,0.0,0.0,0.0
2022-01-23 00:00:00+02:00,24.0,25.200000762939453,22.950000762939453,24.0,8897,0.0,0.0,0.0
2022-01-24 00:00:00+02:00,24.0,24.0,24.0,24.0,0,0.0,0.0,0.0
2022-01-25 00:00:00+02:00,24.0,23.979999542236328,23.25,24.0,1100,0.0,0.0,0.0
2022-01-26 00:00:00+02:00,24.0,23.5,23.229999542236328,24.0,650,0.0,0.0,0.0
2022-01-30 00:00:00+02:00,24.0,24.0,24.0,24.0,0,0.0,0.0,0.0
2022-01-31 00:00:00+02:00,24.0,24.0,24.0,24.0,0,0.0,0.0,0.0
2022-02-01 00:00:00+02:00,24.0,24.0,24.0,24.0,0,0.0,0.0,0.0
2022-02-02 00:00:00+02:00,24.0,23.510000228881836,23.5,24.0,334,0.0,0.0,0.0
2022-02-03 00:00:00+02:00,24.0,24.0,24.0,24.0,0,0.0,0.0,0.0
2022-02-06 00:00:00+02:00,24.0,23.40999984741211,23.40999984741211,24.0,150,0.0,0.0,0.0
2022-02-07 00:00:00+02:00,24.0,24.0,24.0,24.0,0,0.0,0.0,0.0
2022-02-08 00:00:00+02:00,24.0,24.0,24.0,24.0,0,0.0,0.0,0.0
2022-02-09 00:00:00+02:00,24.0,23.510000228881836,23.489999771118164,24.0,2105,0.0,0.0,0.0
2022-02-10 00:00:00+02:00,24.0,24.0,24.0,24.0,0,0.0,0.0,0.0
2022-02-13 00:00:00+02:00,24.0,22.799999237060547,22.799999237060547,24.0,1000,0.0,0.0,0.0
2022-02-14 00:00:00+02:00,24.0,24.0,23.739999771118164,24.0,6484,0.0,0.0,0.0
2022-02-15 00:00:00+02:00,24.0,24.0,24.0,24.0,0,0.0,0.0,0.0
2022-02-16 00:00:00+02:00,24.0,23.239999771118164,23.239999771118164,24.0,225,0.0,0.0,0.0
2022-02-17 00:00:00+02:00,24.0,23.239999771118164,23.239999771118164,24.0,75,0.0,0.0,0.0
2022-02-20 00:00:00+02:00,24.0,23.31999969482422,23.229999542236328,24.0,865,0.0,0.0,0.0
2022-02-21 00:00:00+02:00,24.0,23.989999771118164,23.229999542236328,24.0,3570,0.0,0.0,0.0
2022-02-22 00:00:00+02:00,24.0,24.0,23.989999771118164,24.0,13735,0.0,0.0,0.0
2022-02-23 00:00:00+02:00,24.0,24.0,24.0,24.0,1995,0.0,0.0,0.0
2022-02-24 00:00:00+02:00,24.0,23.5,22.799999237060547,24.0,2800,0.0,0.0,0.0
2022-02-27 00:00:00+02:00,24.0,24.0,24.0,24.0,0,0.0,0.0,0.0
2022-02-28 00:00:00+02:00,24.0,22.799999237060547,22.799999237060547,24.0,200,0.0,0.0,0.0
2022-03-01 00:00:00+02:00,24.0,23.0,23.0,24.0,200,0.0,0.0,0.0
2022-03-02 00:00:00+02:00,24.0,22.799999237060547,22.799999237060547,24.0,538,0.0,0.0,0.0
2022-03-03 00:00:00+02:00,24.0,24.0,24.0,24.0,0,0.0,0.0,0.0
2022-03-06 00:00:00+02:00,24.0,24.0,24.0,24.0,0,0.0,0.0,0.0
2022-03-07 00:00:00+02:00,24.0,24.0,24.0,24.0,0,0.0,0.0,0.0
2022-03-08 00:00:00+02:00,24.0,24.0,24.0,24.0,0,0.0,0.0,0.0
2022-03-09 00:00:00+02:00,24.0,22.799999237060547,22.799999237060547,24.0,90,0.0,0.0,0.0
2022-03-10 00:00:00+02:00,24.0,24.0,24.0,24.0,0,0.0,0.0,0.0
2022-03-13 00:00:00+02:00,24.0,22.799999237060547,22.799999237060547,24.0,200,0.0,0.0,0.0
2022-03-14 00:00:00+02:00,24.0,24.0,24.0,24.0,0,0.0,0.0,0.0
2022-03-15 00:00:00+02:00,24.0,22.799999237060547,22.799999237060547,24.0,832,0.0,0.0,0.0
2022-03-16 00:00:00+02:00,24.0,24.0,24.0,24.0,0,0.0,0.0,0.0
2022-03-17 00:00:00+02:00,24.0,24.0,24.0,24.0,0,0.0,0.0,0.0
2022-03-20 00:00:00+02:00,24.0,23.969999313354492,23.969999313354492,24.0,1,0.0,0.0,0.0
2022-03-21 00:00:00+02:00,24.0,24.0,24.0,24.0,0,0.0,0.0,0.0
2022-03-22 00:00:00+02:00,24.0,22.809999465942383,22.799999237060547,24.0,2625,0.0,0.0,0.0
2022-03-23 00:00:00+02:00,24.0,23.979999542236328,22.799999237060547,23.0,13063,0.0,0.0,0.0
2022-03-24 00:00:00+02:00,23.0,23.0,23.0,23.0,0,0.0,0.0,0.0
2022-03-27 00:00:00+02:00,23.0,23.0,23.0,23.0,0,0.0,0.0,0.0
2022-03-28 00:00:00+02:00,23.0,23.0,23.0,23.0,0,0.0,0.0,0.0
2022-03-29 00:00:00+02:00,23.0,23.0,23.0,23.0,0,0.0,0.0,0.0
2022-03-30 00:00:00+02:00,23.0,23.0,22.0,23.0,1419,0.0,0.0,0.0
2022-03-31 00:00:00+02:00,23.0,21.850000381469727,21.850000381469727,23.0,250,0.0,0.0,0.0
2022-04-03 00:00:00+02:00,23.0,23.0,23.0,23.0,0,0.0,0.0,0.0
2022-04-04 00:00:00+02:00,23.0,23.0,23.0,23.0,0,0.0,0.0,0.0
2022-04-05 00:00:00+02:00,23.0,23.0,23.0,23.0,0,0.0,0.0,0.0
2022-04-06 00:00:00+02:00,23.0,23.0,23.0,23.0,0,0.0,0.0,0.0
2022-04-07 00:00:00+02:00,23.0,23.0,23.0,23.0,0,0.0,0.0,0.0
2022-04-10 00:00:00+02:00,23.0,23.0,23.0,23.0,0,0.0,0.0,0.0
2022-04-11 00:00:00+02:00,23.0,23.0,23.0,23.0,0,0.0,0.0,0.0
2022-04-12 00:00:00+02:00,23.0,23.0,23.0,23.0,0,0.0,0.0,0.0
2022-04-13 00:00:00+02:00,23.0,23.0,23.0,23.0,0,0.0,0.0,0.0
2022-04-14 00:00:00+02:00,23.0,23.0,23.0,23.0,0,0.0,0.0,0.0
2022-04-17 00:00:00+02:00,23.0,23.0,23.0,23.0,0,0.0,0.0,0.0
2022-04-18 00:00:00+02:00,23.0,23.0,23.0,23.0,0,0.0,0.0,0.0
2022-04-19 00:00:00+02:00,23.0,23.0,23.0,23.0,0,0.0,0.0,0.0
2022-04-20 00:00:00+02:00,23.0,23.0,23.0,23.0,0,0.0,0.0,0.0
2022-04-21 00:00:00+02:00,23.0,23.0,23.0,23.0,0,0.0,0.0,0.0
2022-04-26 00:00:00+02:00,23.0,23.0,23.0,23.0,0,0.0,0.0,0.0
2022-04-27 00:00:00+02:00,23.0,23.0,23.0,23.0,0,0.0,0.0,0.0
2022-04-28 00:00:00+02:00,23.0,21.850000381469727,21.850000381469727,23.0,687,0.0,0.0,0.0
2022-05-08 00:00:00+02:00,23.0,22.0,21.850000381469727,23.0,1612,0.0,0.0,0.0
2022-05-09 00:00:00+02:00,23.0,21.850000381469727,21.850000381469727,23.0,500,0.0,0.0,0.0
2022-05-10 00:00:00+02:00,23.0,23.0,23.0,23.0,0,0.0,0.0,0.0
2022-05-11 00:00:00+02:00,23.0,23.0,23.0,23.0,0,0.0,0.0,0.0
2022-05-12 00:00:00+02:00,23.0,23.0,23.0,23.0,0,0.0,0.0,0.0
2022-05-15 00:00:00+02:00,23.0,23.0,23.0,23.0,0,0.0,0.0,0.0
2022-05-16 00:00:00+02:00,23.0,21.850000381469727,21.850000381469727,21.850000381469727,15000,0.0,0.0,0.0
2022-05-17 00:00:00+02:00,21.850000381469727,21.850000381469727,21.850000381469727,21.850000381469727,0,0.0,0.0,0.0
2022-05-18 00:00:00+02:00,21.850000381469727,21.780000686645508,21.780000686645508,21.850000381469727,50,0.0,0.0,0.0
2022-05-19 00:00:00+02:00,21.850000381469727,21.850000381469727,21.850000381469727,21.850000381469727,0,0.0,0.0,0.0
2022-05-22 00:00:00+02:00,21.850000381469727,21.850000381469727,21.850000381469727,21.850000381469727,0,0.0,0.0,0.0
2022-05-23 00:00:00+02:00,21.850000381469727,20.770000457763672,20.770000457763672,21.850000381469727,950,0.0,0.0,0.0
2022-05-24 00:00:00+02:00,21.850000381469727,20.799999237060547,20.799999237060547,21.850000381469727,550,0.0,0.0,0.0
2022-05-25 00:00:00+02:00,21.850000381469727,21.850000381469727,21.850000381469727,21.850000381469727,0,0.0,0.0,0.0
2022-05-26 00:00:00+02:00,21.850000381469727,21.850000381469727,21.850000381469727,21.850000381469727,0,0.0,0.0,0.0
2022-05-29 00:00:00+02:00,21.850000381469727,21.850000381469727,21.850000381469727,21.850000381469727,0,0.0,0.0,0.0
2022-05-30 00:00:00+02:00,21.850000381469727,21.850000381469727,21.850000381469727,21.850000381469727,0,0.0,0.0,0.0
2022-05-31 00:00:00+02:00,21.850000381469727,21.850000381469727,21.850000381469727,21.850000381469727,0,0.0,0.0,0.0
2022-06-01 00:00:00+02:00,21.850000381469727,21.850000381469727,21.850000381469727,21.850000381469727,0,0.0,0.0,0.0
2022-06-02 00:00:00+02:00,21.850000381469727,21.850000381469727,21.850000381469727,21.850000381469727,0,0.0,0.0,0.0
2022-06-05 00:00:00+02:00,21.850000381469727,21.850000381469727,21.850000381469727,21.850000381469727,0,0.0,0.0,0.0
2022-06-06 00:00:00+02:00,21.850000381469727,21.850000381469727,21.850000381469727,21.850000381469727,0,0.0,0.0,0.0
2022-06-07 00:00:00+02:00,21.850000381469727,21.850000381469727,21.850000381469727,21.850000381469727,0,0.0,0.0,0.0
2022-06-08 00:00:00+02:00,21.850000381469727,21.799999237060547,20.760000228881836,21.850000381469727,730,0.0,0.0,0.0
2022-06-09 00:00:00+02:00,21.850000381469727,21.799999237060547,21.5,21.850000381469727,605,0.0,0.0,0.0
2022-06-12 00:00:00+02:00,21.850000381469727,21.850000381469727,21.850000381469727,21.850000381469727,0,0.0,0.0,0.0
2022-06-13 00:00:00+02:00,21.850000381469727,21.850000381469727,21.850000381469727,21.850000381469727,0,0.0,0.0,0.0
2022-06-14 00:00:00+02:00,21.850000381469727,21.850000381469727,21.850000381469727,21.850000381469727,0,0.0,0.0,0.0
2022-06-15 00:00:00+02:00,21.850000381469727,21.850000381469727,21.850000381469727,21.850000381469727,0,0.0,0.0,0.0
2022-06-16 00:00:00+02:00,21.850000381469727,20.760000228881836,20.760000228881836,21.850000381469727,22,0.0,0.0,0.0
2022-06-19 00:00:00+02:00,21.850000381469727,21.850000381469727,21.850000381469727,21.850000381469727,0,0.0,0.0,0.0
2022-06-20 00:00:00+02:00,21.850000381469727,20.760000228881836,20.760000228881836,21.850000381469727,2500,0.0,0.0,0.0
2022-06-21 00:00:00+02:00,21.850000381469727,21.850000381469727,21.850000381469727,21.850000381469727,0,0.0,0.0,0.0
2022-06-22 00:00:00+02:00,21.850000381469727,21.850000381469727,21.850000381469727,21.850000381469727,0,0.0,0.0,0.0
2022-06-23 00:00:00+02:00,21.850000381469727,21.850000381469727,21.850000381469727,21.850000381469727,0,0.0,0.0,0.0
2022-06-26 00:00:00+02:00,21.850000381469727,21.850000381469727,21.850000381469727,21.850000381469727,0,0.0,0.0,0.0
2022-06-27 00:00:00+02:00,21.850000381469727,21.850000381469727,21.850000381469727,21.850000381469727,0,0.0,0.0,0.0
2022-06-28 00:00:00+02:00,21.850000381469727,21.850000381469727,21.850000381469727,21.850000381469727,0,0.0,0.0,0.0
2022-06-29 00:00:00+02:00,21.850000381469727,21.850000381469727,21.850000381469727,21.850000381469727,0,0.0,0.0,0.0
2022-07-03 00:00:00+02:00,21.850000381469727,21.850000381469727,21.850000381469727,21.850000381469727,0,0.0,0.0,0.0
2022-07-04 00:00:00+02:00,21.850000381469727,21.850000381469727,21.850000381469727,21.850000381469727,0,0.0,0.0,0.0
2022-07-05 00:00:00+02:00,21.850000381469727,20.760000228881836,20.760000228881836,21.850000381469727,10,0.0,0.0,0.0
2022-07-06 00:00:00+02:00,21.850000381469727,21.850000381469727,21.850000381469727,21.850000381469727,0,0.0,0.0,0.0
2022-07-07 00:00:00+02:00,21.850000381469727,21.850000381469727,21.850000381469727,21.850000381469727,0,0.0,0.0,0.0
2022-07-17 00:00:00+02:00,21.850000381469727,21.850000381469727,21.850000381469727,21.850000381469727,0,0.0,0.0,0.0
2022-07-18 00:00:00+02:00,21.850000381469727,21.850000381469727,21.850000381469727,21.850000381469727,0,0.0,0.0,0.0
2022-07-19 00:00:00+02:00,21.850000381469727,21.850000381469727,21.850000381469727,21.850000381469727,0,0.0,0.0,0.0
2022-07-20 00:00:00+02:00,21.850000381469727,21.850000381469727,21.850000381469727,21.850000381469727,0,0.0,0.0,0.0
2022-07-21 00:00:00+02:00,21.850000381469727,21.850000381469727,21.850000381469727,21.850000381469727,0,0.0,0.0,0.0
2022-07-24 00:00:00+02:00,21.850000381469727,21.850000381469727,21.850000381469727,21.850000381469727,45,0.0,0.0,0.0
2022-07-25 00:00:00+02:00,21.850000381469727,21.850000381469727,21.850000381469727,21.850000381469727,0,0.0,0.0,0.0
2022-07-26 00:00:00+02:00,21.850000381469727,21.850000381469727,21.850000381469727,21.850000381469727,0,0.0,0.0,0.0
2022-07-27 00:00:00+02:00,21.850000381469727,20.760000228881836,20.760000228881836,21.850000381469727,2004,0.0,0.0,0.0
2022-07-28 00:00:00+02:00,21.850000381469727,21.850000381469727,21.850000381469727,21.850000381469727,0,0.0,0.0,0.0
2022-07-31 00:00:00+02:00,21.850000381469727,21.850000381469727,21.850000381469727,21.850000381469727,0,0.0,0.0,0.0
2022-08-01 00:00:00+02:00,21.850000381469727,21.850000381469727,21.850000381469727,21.850000381469727,0,0.0,0.0,0.0
2022-08-02 00:00:00+02:00,21.850000381469727,21.850000381469727,21.850000381469727,21.850000381469727,0,0.0,0.0,0.0
2022-08-03 00:00:00+02:00,21.850000381469727,21.850000381469727,21.850000381469727,21.850000381469727,0,0.0,0.0,0.0
2022-08-04 00:00:00+02:00,21.850000381469727,21.850000381469727,21.850000381469727,21.850000381469727,0,0.0,0.0,0.0
2022-08-07 00:00:00+02:00,21.850000381469727,21.690000534057617,20.760000228881836,21.850000381469727,4986,0.0,0.0,0.0
2022-08-08 00:00:00+02:00,21.850000381469727,21.799999237060547,20.770000457763672,21.850000381469727,2109,0.0,0.0,0.0
2022-08-09 00:00:00+02:00,21.850000381469727,21.790000915527344,20.760000228881836,21.850000381469727,1637,0.0,0.0,0.0
2022-08-10 00:00:00+02:00,21.850000381469727,21.850000381469727,21.850000381469727,21.850000381469727,0,0.0,0.0,0.0
2022-08-11 00:00:00+02:00,21.850000381469727,21.850000381469727,21.850000381469727,21.850000381469727,0,0.0,0.0,0.0
2022-08-14 00:00:00+02:00,21.850000381469727,22.93000030517578,20.760000228881836,21.850000381469727,1192,0.0,0.0,0.0
2022-08-15 00:00:00+02:00,21.850000381469727,21.850000381469727,21.850000381469727,21.850000381469727,0,0.0,0.0,0.0
2022-08-16 00:00:00+02:00,21.850000381469727,21.850000381469727,21.850000381469727,21.850000381469727,0,0.0,0.0,0.0
2022-08-17 00:00:00+02:00,21.850000381469727,21.850000381469727,21.850000381469727,21.850000381469727,0,0.0,0.0,0.0
2022-08-18 00:00:00+02:00,21.850000381469727,21.850000381469727,21.850000381469727,21.850000381469727,0,0.0,0.0,0.0
2022-08-21 00:00:00+02:00,21.850000381469727,20.760000228881836,20.760000228881836,21.850000381469727,7850,0.0,0.0,0.0
2022-08-22 00:00:00+02:00,21.850000381469727,20.770000457763672,20.760000228881836,21.850000381469727,4581,0.0,0.0,0.0
2022-08-23 00:00:00+02:00,21.850000381469727,21.850000381469727,21.850000381469727,21.850000381469727,0,0.0,0.0,0.0
2022-08-24 00:00:00+02:00,21.850000381469727,21.850000381469727,21.850000381469727,21.850000381469727,0,0.0,0.0,0.0
2022-08-25 00:00:00+02:00,21.850000381469727,21.850000381469727,21.850000381469727,21.850000381469727,0,0.0,0.0,0.0
2022-08-28 00:00:00+02:00,21.850000381469727,21.850000381469727,21.850000381469727,21.850000381469727,0,0.0,0.0,0.0
2022-08-29 00:00:00+02:00,21.850000381469727,21.850000381469727,21.850000381469727,21.850000381469727,0,0.0,0.0,0.0
2022-08-30 00:00:00+02:00,21.850000381469727,20.760000228881836,20.760000228881836,21.850000381469727,1600,0.0,0.0,0.0
2022-08-31 00:00:00+02:00,21.850000381469727,21.850000381469727,21.850000381469727,21.850000381469727,0,0.0,0.0,0.0
2022-09-01 00:00:00+02:00,21.850000381469727,20.760000228881836,20.760000228881836,21.850000381469727,100,0.0,0.0,0.0
2022-09-04 00:00:00+02:00,21.850000381469727,21.850000381469727,21.850000381469727,21.850000381469727,0,0.0,0.0,0.0
2022-09-05 00:00:00+02:00,21.850000381469727,20.760000228881836,20.760000228881836,21.850000381469727,230,0.0,0.0,0.0
2022-09-06 00:00:00+02:00,21.850000381469727,21.850000381469727,21.850000381469727,21.850000381469727,0,0.0,0.0,0.0
2022-09-07 00:00:00+02:00,21.850000381469727,21.850000381469727,21.850000381469727,21.850000381469727,0,0.0,0.0,0.0
2022-09-08 00:00:00+02:00,21.850000381469727,21.850000381469727,21.850000381469727,21.850000381469727,0,0.0,0.0,0.0
2022-09-11 00:00:00+02:00,21.850000381469727,20.760000228881836,20.760000228881836,21.850000381469727,237,0.0,0.0,0.0
2022-09-12 00:00:00+02:00,21.850000381469727,21.850000381469727,21.850000381469727,21.850000381469727,0,0.0,0.0,0.0
2022-09-13 00:00:00+02:00,21.850000381469727,21.850000381469727,21.850000381469727,21.850000381469727,0,0.0,0.0,0.0
2022-09-14 00:00:00+02:00,21.850000381469727,21.850000381469727,21.850000381469727,21.850000381469727,0,0.0,0.0,0.0
2022-09-15 00:00:00+02:00,21.850000381469727,21.850000381469727,21.850000381469727,21.850000381469727,0,0.0,0.0,0.0
2022-09-18 00:00:00+02:00,21.850000381469727,21.850000381469727,21.850000381469727,21.850000381469727,0,0.0,0.0,0.0
2022-09-19 00:00:00+02:00,21.850000381469727,21.850000381469727,21.850000381469727,21.850000381469727,0,0.0,0.0,0.0
2022-09-20 00:00:00+02:00,21.850000381469727,21.850000381469727,21.850000381469727,21.850000381469727,0,0.0,0.0,0.0
2022-09-21 00:00:00+02:00,21.850000381469727,21.850000381469727,21.850000381469727,21.850000381469727,0,0.0,0.0,0.0
2022-09-22 00:00:00+02:00,21.850000381469727,21.850000381469727,21.850000381469727,21.850000381469727,0,0.0,0.0,0.0
2022-09-25 00:00:00+02:00,21.850000381469727,21.850000381469727,21.850000381469727,21.850000381469727,0,0.0,0.0,0.0
2022-09-26 00:00:00+02:00,21.850000381469727,21.850000381469727,21.850000381469727,21.850000381469727,0,0.0,0.0,0.0
2022-09-27 00:00:00+02:00,21.850000381469727,21.850000381469727,21.850000381469727,21.850000381469727,0,0.0,0.0,0.0
2022-09-28 00:00:00+02:00,21.850000381469727,21.850000381469727,21.850000381469727,21.850000381469727,0,0.0,0.0,0.0
2022-09-29 00:00:00+02:00,21.850000381469727,21.850000381469727,21.850000381469727,21.850000381469727,0,0.0,0.0,0.0
2022-10-02 00:00:00+02:00,21.850000381469727,21.850000381469727,21.850000381469727,21.850000381469727,0,0.0,0.0,0.0
2022-10-03 00:00:00+02:00,21.850000381469727,21.850000381469727,21.850000381469727,21.850000381469727,0,0.0,0.0,0.0
2022-10-04 00:00:00+02:00,21.850000381469727,21.850000381469727,21.850000381469727,21.850000381469727,0,0.0,0.0,0.0
2022-10-05 00:00:00+02:00,21.850000381469727,21.850000381469727,21.850000381469727,21.850000381469727,0,0.0,0.0,0.0
2022-10-09 00:00:00+02:00,21.850000381469727,21.850000381469727,21.850000381469727,21.850000381469727,0,0.0,0.0,0.0
2022-10-10 00:00:00+02:00,21.850000381469727,21.850000381469727,21.850000381469727,21.850000381469727,0,0.0,0.0,0.0
2022-10-11 00:00:00+02:00,21.850000381469727,21.850000381469727,21.850000381469727,21.850000381469727,0,0.0,0.0,0.0
2022-10-12 00:00:00+02:00,21.850000381469727,21.850000381469727,21.850000381469727,21.850000381469727,0,0.0,0.0,0.0
2022-10-13 00:00:00+02:00,21.850000381469727,21.850000381469727,21.850000381469727,21.850000381469727,0,0.0,0.0,0.0
2022-10-16 00:00:00+02:00,21.850000381469727,21.850000381469727,21.850000381469727,21.850000381469727,0,0.0,0.0,0.0
2022-10-17 00:00:00+02:00,21.850000381469727,21.850000381469727,21.850000381469727,21.850000381469727,0,0.0,0.0,0.0
2022-10-18 00:00:00+02:00,21.850000381469727,21.850000381469727,21.850000381469727,21.850000381469727,0,0.0,0.0,0.0
2022-10-19 00:00:00+02:00,21.850000381469727,21.850000381469727,21.850000381469727,21.850000381469727,0,0.0,0.0,0.0
2022-10-20 00:00:00+02:00,21.850000381469727,21.850000381469727,21.850000381469727,21.850000381469727,0,0.0,0.0,0.0
2022-10-23 00:00:00+02:00,21.850000381469727,21.850000381469727,21.850000381469727,21.850000381469727,0,0.0,0.0,0.0
2022-10-24 00:00:00+02:00,21.850000381469727,21.850000381469727,21.850000381469727,21.850000381469727,0,0.0,0.0,0.0
2022-10-25 00:00:00+02:00,21.850000381469727,21.850000381469727,21.850000381469727,21.850000381469727,0,0.0,0.0,0.0
2022-10-26 00:00:00+02:00,21.850000381469727,21.850000381469727,21.850000381469727,21.850000381469727,0,0.0,0.0,0.0
2022-10-27 00:00:00+02:00,21.850000381469727,21.850000381469727,21.850000381469727,21.850000381469727,0,0.0,0.0,0.0
2022-10-30 00:00:00+02:00,21.850000381469727,21.850000381469727,21.850000381469727,21.850000381469727,0,0.0,0.0,0.0
2022-10-31 00:00:00+02:00,21.850000381469727,21.850000381469727,21.850000381469727,21.850000381469727,0,0.0,0.0,0.0
2022-11-01 00:00:00+02:00,21.850000381469727,21.850000381469727,21.850000381469727,21.850000381469727,0,0.0,0.0,0.0
2022-11-02 00:00:00+02:00,21.850000381469727,21.850000381469727,21.850000381469727,21.850000381469727,0,0.0,0.0,0.0
2022-11-03 00:00:00+02:00,21.850000381469727,21.850000381469727,21.850000381469727,21.850000381469727,0,0.0,0.0,0.0
2022-11-06 00:00:00+02:00,21.850000381469727,21.850000381469727,21.850000381469727,21.850000381469727,0,0.0,0.0,0.0
2022-11-07 00:00:00+02:00,21.850000381469727,21.850000381469727,21.850000381469727,21.850000381469727,0,0.0,0.0,0.0
2022-11-08 00:00:00+02:00,21.850000381469727,21.850000381469727,21.850000381469727,21.850000381469727,0,0.0,0.0,0.0
2022-11-09 00:00:00+02:00,21.850000381469727,20.760000228881836,20.760000228881836,21.850000381469727,100,0.0,0.0,0.0
2022-11-10 00:00:00+02:00,21.850000381469727,21.850000381469727,21.850000381469727,21.850000381469727,0,0.0,0.0,0.0
2022-11-13 00:00:00+02:00,21.850000381469727,21.850000381469727,21.850000381469727,21.850000381469727,0,0.0,0.0,0.0
2022-11-14 00:00:00+02:00,21.850000381469727,21.850000381469727,21.850000381469727,21.850000381469727,0,0.0,0.0,0.0
2022-11-15 00:00:00+02:00,21.850000381469727,21.850000381469727,21.850000381469727,21.850000381469727,0,0.0,0.0,0.0
2022-11-16 00:00:00+02:00,21.850000381469727,20.760000228881836,20.760000228881836,21.850000381469727,200,0.0,0.0,0.0
2022-11-17 00:00:00+02:00,21.850000381469727,21.850000381469727,20.760000228881836,21.850000381469727,13118,0.0,0.0,0.0
2022-11-20 00:00:00+02:00,21.850000381469727,22.940000534057617,21.770000457763672,21.850000381469727,9900,0.0,0.0,0.0
2022-11-21 00:00:00+02:00,21.850000381469727,22.93000030517578,21.950000762939453,21.850000381469727,3484,0.0,0.0,0.0
2022-11-22 00:00:00+02:00,21.850000381469727,22.489999771118164,21.799999237060547,21.850000381469727,1973,0.0,0.0,0.0
2022-11-23 00:00:00+02:00,21.850000381469727,22.290000915527344,20.760000228881836,21.850000381469727,11081,0.0,0.0,0.0
2022-11-24 00:00:00+02:00,21.850000381469727,21.010000228881836,20.760000228881836,21.850000381469727,7387,0.0,0.0,0.0
2022-11-27 00:00:00+02:00,21.850000381469727,20.760000228881836,20.760000228881836,21.850000381469727,1152,0.0,0.0,0.0
2022-11-28 00:00:00+02:00,21.850000381469727,20.81999969482422,20.799999237060547,21.850000381469727,2500,0.0,0.0,0.0
2022-11-29 00:00:00+02:00,21.850000381469727,21.850000381469727,21.850000381469727,21.850000381469727,0,0.0,0.0,0.0
2022-11-30 00:00:00+02:00,21.850000381469727,21.81999969482422,20.760000228881836,21.850000381469727,614,0.0,0.0,0.0
2022-12-01 00:00:00+02:00,21.850000381469727,21.940000534057617,20.799999237060547,21.850000381469727,6010,0.0,0.0,0.0
2022-12-04 00:00:00+02:00,21.850000381469727,20.860000610351562,20.799999237060547,21.850000381469727,1820,0.0,0.0,0.0
2022-12-05 00:00:00+02:00,21.850000381469727,20.799999237060547,20.760000228881836,21.850000381469727,500,0.0,0.0,0.0
2022-12-06 00:00:00+02:00,21.850000381469727,21.549999237060547,20.760000228881836,21.850000381469727,21,0.0,0.0,0.0
2022-12-07 00:00:00+02:00,21.850000381469727,21.0,20.760000228881836,21.850000381469727,1101,0.0,0.0,0.0
2022-12-08 00:00:00+02:00,21.850000381469727,20.760000228881836,20.760000228881836,21.850000381469727,88,0.0,0.0,0.0
2022-12-11 00:00:00+02:00,21.850000381469727,21.0,20.959999084472656,21.850000381469727,280,0.0,0.0,0.0
2022-12-12 00:00:00+02:00,21.850000381469727,21.850000381469727,21.850000381469727,21.850000381469727,0,0.0,0.0,0.0
2022-12-13 00:00:00+02:00,21.850000381469727,21.5,20.760000228881836,21.3799991607666,17733,0.0,0.0,0.0
2022-12-14 00:00:00+02:00,21.3799991607666,21.469999313354492,20.31999969482422,21.3799991607666,14282,0.0,0.0,0.0
2022-12-15 00:00:00+02:00,21.3799991607666,21.3700008392334,20.34000015258789,21.3799991607666,7760,0.0,0.0,0.0
2022-12-18 00:00:00+02:00,21.3799991607666,20.31999969482422,20.31999969482422,21.3799991607666,3300,0.0,0.0,0.0
2022-12-19 00:00:00+02:00,21.3799991607666,20.5,20.31999969482422,21.3799991607666,2600,0.0,0.0,0.0
2022-12-20 00:00:00+02:00,21.3799991607666,21.3799991607666,21.3799991607666,21.3799991607666,0,0.0,0.0,0.0
2022-12-21 00:00:00+02:00,21.3799991607666,20.850000381469727,20.31999969482422,21.3799991607666,64,0.0,0.0,0.0
2022-12-22 00:00:00+02:00,21.3799991607666,20.31999969482422,20.31999969482422,21.3799991607666,153,0.0,0.0,0.0
2022-12-25 00:00:00+02:00,21.3799991607666,20.31999969482422,20.31999969482422,21.3799991607666,798,0.0,0.0,0.0
2022-12-26 00:00:00+02:00,21.3799991607666,20.31999969482422,20.31999969482422,21.3799991607666,1863,0.0,0.0,0.0
2022-12-27 00:00:00+02:00,21.3799991607666,20.31999969482422,20.31999969482422,21.3799991607666,540,0.0,0.0,0.0
2022-12-28 00:00:00+02:00,21.3799991607666,21.3799991607666,21.3799991607666,21.3799991607666,0,0.0,0.0,0.0
2022-12-29 00:00:00+02:00,21.3799991607666,21.3799991607666,21.3799991607666,21.3799991607666,0,0.0,0.0,0.0
2023-01-02 00:00:00+02:00,21.3799991607666,20.31999969482422,20.31999969482422,21.3799991607666,2720,0.0,0.0,0.0
2023-01-03 00:00:00+02:00,21.3799991607666,21.3799991607666,21.3799991607666,21.3799991607666,0,0.0,0.0,0.0
2023-01-04 00:00:00+02:00,21.3799991607666,20.760000228881836,20.31999969482422,21.3799991607666,1107,0.0,0.0,0.0
2023-01-05 00:00:00+02:00,21.3799991607666,20.31999969482422,20.31999969482422,21.3799991607666,794,0.0,0.0,0.0
2023-01-09 00:00:00+02:00,21.3799991607666,21.3799991607666,21.3799991607666,21.3799991607666,0,0.0,0.0,0.0
2023-01-10 00:00:00+02:00,21.3799991607666,21.3799991607666,21.3799991607666,21.3799991607666,0,0.0,0.0,0.0
2023-01-11 00:00:00+02:00,21.3799991607666,21.3799991607666,21.3799991607666,21.3799991607666,0,0.0,0.0,0.0
2023-01-12 00:00:00+02:00,21.3799991607666,21.3799991607666,21.3799991607666,21.3799991607666,0,0.0,0.0,0.0
2023-01-15 00:00:00+02:00,21.3799991607666,21.3799991607666,21.3799991607666,21.3799991607666,0,0.0,0.0,0.0
2023-01-16 00:00:00+02:00,21.3799991607666,21.3799991607666,21.3799991607666,21.3799991607666,0,0.0,0.0,0.0
2023-01-17 00:00:00+02:00,21.3799991607666,20.31999969482422,20.31999969482422,21.3799991607666,1381,0.0,0.0,0.0
2023-01-18 00:00:00+02:00,21.3799991607666,20.31999969482422,20.31999969482422,21.3799991607666,21,0.0,0.0,0.0
2023-01-19 00:00:00+02:00,21.3799991607666,20.31999969482422,20.31999969482422,21.3799991607666,1295,0.0,0.0,0.0
2023-01-22 00:00:00+02:00,21.3799991607666,20.31999969482422,20.31999969482422,21.3799991607666,1004,0.0,0.0,0.0
2023-01-23 00:00:00+02:00,21.3799991607666,21.3799991607666,21.3799991607666,21.3799991607666,0,0.0,0.0,0.0
2023-01-24 00:00:00+02:00,21.3799991607666,21.3799991607666,21.3799991607666,21.3799991607666,0,0.0,0.0,0.0
2023-01-25 00:00:00+02:00,21.3799991607666,21.3799991607666,21.3799991607666,21.3799991607666,0,0.0,0.0,0.0
2023-01-29 00:00:00+02:00,21.3799991607666,21.3799991607666,21.3799991607666,21.3799991607666,0,0.0,0.0,0.0
2023-01-30 00:00:00+02:00,21.3799991607666,21.3799991607666,21.3799991607666,21.3799991607666,0,0.0,0.0,0.0
2023-01-31 00:00:00+02:00,21.3799991607666,21.3799991607666,21.3799991607666,21.3799991607666,0,0.0,0.0,0.0
2023-02-01 00:00:00+02:00,21.3799991607666,20.31999969482422,20.31999969482422,21.3799991607666,800,0.0,0.0,0.0
2023-02-02 00:00:00+02:00,21.3799991607666,21.3799991607666,21.3799991607666,21.3799991607666,0,0.0,0.0,0.0
2023-02-05 00:00:00+02:00,21.3799991607666,21.3799991607666,21.3799991607666,21.3799991607666,0,0.0,0.0,0.0
2023-02-06 00:00:00+02:00,21.3799991607666,21.3799991607666,21.3799991607666,21.3799991607666,0,0.0,0.0,0.0
2023-02-07 00:00:00+02:00,21.3799991607666,21.3799991607666,21.3799991607666,21.3799991607666,0,0.0,0.0,0.0
2023-02-08 00:00:00+02:00,21.3799991607666,21.3799991607666,21.3799991607666,21.3799991607666,0,0.0,0.0,0.0
2023-02-09 00:00:00+02:00,21.3799991607666,21.3799991607666,21.3799991607666,21.3799991607666,0,0.0,0.0,0.0
2023-02-12 00:00:00+02:00,21.3799991607666,21.3799991607666,21.3799991607666,21.3799991607666,0,0.0,0.0,0.0
2023-02-13 00:00:00+02:00,21.3799991607666,21.3799991607666,21.3799991607666,21.3799991607666,0,0.0,0.0,0.0
2023-02-14 00:00:00+02:00,21.3799991607666,20.31999969482422,20.31999969482422,21.3799991607666,5,0.0,0.0,0.0
2023-02-15 00:00:00+02:00,21.3799991607666,20.31999969482422,20.31999969482422,21.3799991607666,7643,0.0,0.0,0.0
2023-02-16 00:00:00+02:00,21.3799991607666,21.3799991607666,21.3799991607666,21.3799991607666,0,0.0,0.0,0.0
2023-02-19 00:00:00+02:00,21.3799991607666,21.3799991607666,21.3799991607666,21.3799991607666,0,0.0,0.0,0.0
2023-02-20 00:00:00+02:00,21.3799991607666,20.31999969482422,20.31999969482422,21.3799991607666,29,0.0,0.0,0.0
2023-02-21 00:00:00+02:00,21.3799991607666,20.31999969482422,20.31999969482422,21.3799991607666,1000,0.0,0.0,0.0
2023-02-22 00:00:00+02:00,21.3799991607666,21.3799991607666,21.3799991607666,21.3799991607666,0,0.0,0.0,0.0
2023-02-23 00:00:00+02:00,21.3799991607666,20.31999969482422,20.31999969482422,21.3799991607666,196,0.0,0.0,0.0
2023-02-26 00:00:00+02:00,21.3799991607666,21.3799991607666,21.3799991607666,21.3799991607666,0,0.0,0.0,0.0
2023-02-27 00:00:00+02:00,21.3799991607666,20.760000228881836,20.31999969482422,20.31999969482422,15541,0.0,0.0,0.0
2023-02-28 00:00:00+02:00,20.31999969482422,20.5,19.309999465942383,20.31999969482422,6517,0.0,0.0,0.0
2023-03-01 00:00:00+02:00,20.31999969482422,20.5,19.309999465942383,20.31999969482422,9651,0.0,0.0,0.0
2023-03-02 00:00:00+02:00,20.31999969482422,20.31999969482422,20.31999969482422,20.31999969482422,0,0.0,0.0,0.0
2023-03-05 00:00:00+02:00,20.31999969482422,20.31999969482422,20.31999969482422,20.31999969482422,0,0.0,0.0,0.0
2023-03-06 00:00:00+02:00,20.31999969482422,20.31999969482422,20.31999969482422,20.31999969482422,0,0.0,0.0,0.0
2023-03-07 00:00:00+02:00,20.31999969482422,19.309999465942383,19.309999465942383,20.31999969482422,2104,0.0,0.0,0.0
2023-03-08 00:00:00+02:00,20.31999969482422,20.31999969482422,20.31999969482422,20.31999969482422,0,0.0,0.0,0.0
2023-03-09 00:00:00+02:00,20.31999969482422,19.399999618530273,19.309999465942383,20.31999969482422,1000,0.0,0.0,0.0
2023-03-12 00:00:00+02:00,20.31999969482422,20.31999969482422,20.31999969482422,20.31999969482422,0,0.0,0.0,0.0
2023-03-13 00:00:00+02:00,20.31999969482422,20.31999969482422,20.31999969482422,20.31999969482422,0,0.0,0.0,0.0
2023-03-14 00:00:00+02:00,20.31999969482422,20.31999969482422,20.31999969482422,20.31999969482422,0,0.0,0.0,0.0
2023-03-15 00:00:00+02:00,20.31999969482422,20.31999969482422,20.31999969482422,20.31999969482422,0,0.0,0.0,0.0
2023-03-16 00:00:00+02:00,20.31999969482422,20.31999969482422,20.31999969482422,20.31999969482422,0,0.0,0.0,0.0
2023-03-19 00:00:00+02:00,20.31999969482422,19.309999465942383,19.309999465942383,20.31999969482422,117,0.0,0.0,0.0
2023-03-20 00:00:00+02:00,20.31999969482422,20.31999969482422,20.31999969482422,20.31999969482422,0,0.0,0.0,0.0
2023-03-21 00:00:00+02:00,20.31999969482422,20.31999969482422,20.31999969482422,20.31999969482422,0,0.0,0.0,0.0
2023-03-22 00:00:00+02:00,20.31999969482422,20.31999969482422,20.31999969482422,20.31999969482422,0,0.0,0.0,0.0
2023-03-23 00:00:00+02:00,20.31999969482422,19.309999465942383,19.309999465942383,20.31999969482422,30,0.0,0.0,0.0
2023-03-26 00:00:00+02:00,20.31999969482422,20.31999969482422,20.31999969482422,20.31999969482422,0,0.0,0.0,0.0
2023-03-27 00:00:00+02:00,20.31999969482422,20.31999969482422,20.31999969482422,20.31999969482422,0,0.0,0.0,0.0
2023-03-28 00:00:00+02:00,20.31999969482422,20.31999969482422,20.31999969482422,20.31999969482422,0,0.0,0.0,0.0
2023-03-29 00:00:00+02:00,20.31999969482422,20.31999969482422,20.31999969482422,20.31999969482422,0,0.0,0.0,0.0
2023-03-30 00:00:00+02:00,20.31999969482422,19.309999465942383,19.309999465942383,20.31999969482422,10,0.0,0.0,0.0
2023-04-02 00:00:00+02:00,20.31999969482422,19.309999465942383,19.309999465942383,20.31999969482422,100,0.0,0.0,0.0
2023-04-03 00:00:00+02:00,20.31999969482422,19.309999465942383,19.309999465942383,20.31999969482422,100,0.0,0.0,0.0
2023-04-04 00:00:00+02:00,20.31999969482422,20.31999969482422,20.31999969482422,20.31999969482422,0,0.0,0.0,0.0
2023-04-05 00:00:00+02:00,20.31999969482422,20.31999969482422,20.31999969482422,20.31999969482422,0,0.0,0.0,0.0
2023-04-06 00:00:00+02:00,20.31999969482422,20.31999969482422,20.31999969482422,20.31999969482422,0,0.0,0.0,0.0
2023-04-09 00:00:00+02:00,20.31999969482422,20.31999969482422,20.31999969482422,20.31999969482422,0,0.0,0.0,0.0
2023-04-10 00:00:00+02:00,20.31999969482422,20.31999969482422,20.31999969482422,20.31999969482422,0,0.0,0.0,0.0
2023-04-11 00:00:00+02:00,20.31999969482422,20.31999969482422,20.31999969482422,20.31999969482422,0,0.0,0.0,0.0
2023-04-12 00:00:00+02:00,20.31999969482422,20.31999969482422,20.31999969482422,20.31999969482422,0,0.0,0.0,0.0
2023-04-13 00:00:00+02:00,20.31999969482422,19.309999465942383,19.309999465942383,20.31999969482422,2,0.0,0.0,0.0
2023-04-18 00:00:00+02:00,20.31999969482422,20.31999969482422,20.31999969482422,20.31999969482422,0,0.0,0.0,0.0
2023-04-19 00:00:00+02:00,20.31999969482422,20.31999969482422,20.31999969482422,20.31999969482422,0,0.0,0.0,0.0
2023-04-26 00:00:00+02:00,20.31999969482422,19.309999465942383,19.309999465942383,20.31999969482422,755,0.0,0.0,0.0
2023-04-27 00:00:00+02:00,20.31999969482422,20.31999969482422,20.31999969482422,20.31999969482422,0,0.0,0.0,0.0
2023-04-30 00:00:00+03:00,20.31999969482422,20.31999969482422,20.31999969482422,20.31999969482422,0,0.0,0.0,0.0
2023-05-01 00:00:00+03:00,20.31999969482422,20.31999969482422,20.31999969482422,20.31999969482422,0,0.0,0.0,0.0
2023-05-02 00:00:00+03:00,20.31999969482422,20.31999969482422,20.31999969482422,20.31999969482422,0,0.0,0.0,0.0
2023-05-03 00:00:00+03:00,20.31999969482422,19.309999465942383,19.309999465942383,20.31999969482422,12,0.0,0.0,0.0
2023-05-07 00:00:00+03:00,20.31999969482422,20.31999969482422,20.31999969482422,20.31999969482422,0,0.0,0.0,0.0
2023-05-08 00:00:00+03:00,20.31999969482422,20.31999969482422,20.31999969482422,20.31999969482422,0,0.0,0.0,0.0
2023-05-09 00:00:00+03:00,20.31999969482422,20.31999969482422,20.31999969482422,20.31999969482422,0,0.0,0.0,0.0
2023-05-10 00:00:00+03:00,20.31999969482422,19.309999465942383,19.309999465942383,20.31999969482422,207,0.0,0.0,0.0
2023-05-11 00:00:00+03:00,20.31999969482422,20.31999969482422,20.31999969482422,20.31999969482422,0,0.0,0.0,0.0
2023-05-14 00:00:00+03:00,20.31999969482422,20.31999969482422,20.31999969482422,20.31999969482422,0,0.0,0.0,0.0
2023-05-15 00:00:00+03:00,20.31999969482422,20.31999969482422,20.31999969482422,20.31999969482422,0,0.0,0.0,0.0
2023-05-16 00:00:00+03:00,20.31999969482422,20.31999969482422,20.31999969482422,20.31999969482422,0,0.0,0.0,0.0
2023-05-17 00:00:00+03:00,20.31999969482422,20.31999969482422,20.31999969482422,20.31999969482422,0,0.0,0.0,0.0
2023-05-18 00:00:00+03:00,20.31999969482422,19.309999465942383,19.309999465942383,20.31999969482422,1,0.0,0.0,0.0
2023-05-21 00:00:00+03:00,20.31999969482422,20.31999969482422,20.31999969482422,20.31999969482422,0,0.0,0.0,0.0
2023-05-22 00:00:00+03:00,20.31999969482422,20.31999969482422,20.31999969482422,20.31999969482422,0,0.0,0.0,0.0
2023-05-23 00:00:00+03:00,20.31999969482422,20.31999969482422,20.31999969482422,20.31999969482422,0,0.0,0.0,0.0
2023-05-24 00:00:00+03:00,20.31999969482422,19.309999465942383,19.309999465942383,20.31999969482422,400,0.0,0.0,0.0
2023-05-25 00:00:00+03:00,20.31999969482422,20.31999969482422,20.31999969482422,20.31999969482422,0,0.0,0.0,0.0
2023-05-28 00:00:00+03:00,20.31999969482422,19.309999465942383,19.309999465942383,20.31999969482422,266,0.0,0.0,0.0
2023-05-29 00:00:00+03:00,20.31999969482422,20.31999969482422,20.31999969482422,20.31999969482422,0,0.0,0.0,0.0
2023-05-30 00:00:00+03:00,20.31999969482422,20.31999969482422,20.31999969482422,20.31999969482422,0,0.0,0.0,0.0
2023-05-31 00:00:00+03:00,20.31999969482422,19.309999465942383,19.309999465942383,20.31999969482422,3,0.0,0.0,0.0
2023-06-01 00:00:00+03:00,20.31999969482422,20.31999969482422,20.31999969482422,20.31999969482422,0,0.0,0.0,0.0
2023-06-04 00:00:00+03:00,20.31999969482422,20.31999969482422,20.31999969482422,20.31999969482422,0,0.0,0.0,0.0
2023-06-05 00:00:00+03:00,20.31999969482422,20.31999969482422,20.31999969482422,20.31999969482422,0,0.0,0.0,0.0
2023-06-06 00:00:00+03:00,20.31999969482422,20.31999969482422,20.31999969482422,20.31999969482422,0,0.0,0.0,0.0
2023-06-07 00:00:00+03:00,20.31999969482422,19.309999465942383,19.309999465942383,20.31999969482422,1700,0.0,0.0,0.0
2023-06-08 00:00:00+03:00,20.31999969482422,20.31999969482422,20.31999969482422,20.31999969482422,0,0.0,0.0,0.0
2023-06-11 00:00:00+03:00,20.31999969482422,20.31999969482422,20.31999969482422,20.31999969482422,0,0.0,0.0,0.0
2023-06-12 00:00:00+03:00,20.31999969482422,20.31999969482422,20.31999969482422,20.31999969482422,0,0.0,0.0,0.0
2023-06-13 00:00:00+03:00,20.31999969482422,19.309999465942383,19.309999465942383,20.31999969482422,1,0.0,0.0,0.0
2023-06-14 00:00:00+03:00,20.31999969482422,20.31999969482422,20.31999969482422,20.31999969482422,0,0.0,0.0,0.0
2023-06-15 00:00:00+03:00,20.31999969482422,19.309999465942383,19.309999465942383,20.31999969482422,100,0.0,0.0,0.0
2023-06-18 00:00:00+03:00,20.31999969482422,19.309999465942383,19.309999465942383,20.31999969482422,8,0.0,0.0,0.0
2023-06-19 00:00:00+03:00,20.31999969482422,20.31999969482422,20.31999969482422,20.31999969482422,0,0.0,0.0,0.0
2023-06-20 00:00:00+03:00,20.31999969482422,19.309999465942383,19.309999465942383,20.31999969482422,200,0.0,0.0,0.0
2023-06-21 00:00:00+03:00,20.31999969482422,20.31999969482422,20.31999969482422,20.31999969482422,0,0.0,0.0,0.0
2023-06-22 00:00:00+03:00,20.31999969482422,20.31999969482422,20.31999969482422,20.31999969482422,0,0.0,0.0,0.0
2023-06-25 00:00:00+03:00,20.31999969482422,20.31999969482422,20.31999969482422,20.31999969482422,0,0.0,0.0,0.0
2023-06-26 00:00:00+03:00,20.31999969482422,20.31999969482422,20.31999969482422,20.31999969482422,0,0.0,0.0,0.0
2023-07-04 00:00:00+03:00,20.31999969482422,20.31999969482422,20.31999969482422,20.31999969482422,0,0.0,0.0,0.0
2023-07-05 00:00:00+03:00,20.31999969482422,20.31999969482422,20.31999969482422,20.31999969482422,0,0.0,0.0,0.0
2023-07-06 00:00:00+03:00,20.31999969482422,20.31999969482422,20.31999969482422,20.31999969482422,0,0.0,0.0,0.0
2023-07-09 00:00:00+03:00,20.31999969482422,20.31999969482422,20.31999969482422,20.31999969482422,0,0.0,0.0,0.0
2023-07-10 00:00:00+03:00,20.31999969482422,20.31999969482422,20.31999969482422,20.31999969482422,0,0.0,0.0,0.0
2023-07-11 00:00:00+03:00,20.31999969482422,20.31999969482422,20.31999969482422,20.31999969482422,0,0.0,0.0,0.0
2023-07-12 00:00:00+03:00,20.31999969482422,20.31999969482422,20.31999969482422,20.31999969482422,0,0.0,0.0,0.0
2023-07-13 00:00:00+03:00,20.31999969482422,20.31999969482422,20.31999969482422,20.31999969482422,0,0.0,0.0,0.0
2023-07-16 00:00:00+03:00,20.31999969482422,20.31999969482422,20.31999969482422,20.31999969482422,0,0.0,0.0,0.0
2023-07-17 00:00:00+03:00,20.31999969482422,19.309999465942383,19.309999465942383,20.31999969482422,81,0.0,0.0,0.0
2023-07-18 00:00:00+03:00,20.31999969482422,19.309999465942383,19.309999465942383,20.31999969482422,2528,0.0,0.0,0.0
2023-07-19 00:00:00+03:00,20.31999969482422,20.31999969482422,20.31999969482422,20.31999969482422,0,0.0,0.0,0.0
2023-07-24 00:00:00+03:00,20.31999969482422,19.309999465942383,19.309999465942383,20.31999969482422,17,0.0,0.0,0.0
2023-07-25 00:00:00+03:00,20.31999969482422,19.309999465942383,19.309999465942383,20.31999969482422,6,0.0,0.0,0.0
2023-07-26 00:00:00+03:00,20.31999969482422,19.309999465942383,19.309999465942383,20.31999969482422,10,0.0,0.0,0.0
2023-07-27 00:00:00+03:00,20.31999969482422,20.31999969482422,20.31999969482422,20.31999969482422,0,0.0,0.0,0.0
2023-07-30 00:00:00+03:00,20.31999969482422,20.31999969482422,20.31999969482422,20.31999969482422,0,0.0,0.0,0.0
2023-07-31 00:00:00+03:00,20.31999969482422,20.31999969482422,20.31999969482422,20.31999969482422,0,0.0,0.0,0.0
2023-08-01 00:00:00+03:00,20.31999969482422,19.309999465942383,19.309999465942383,20.31999969482422,1,0.0,0.0,0.0
2023-08-02 00:00:00+03:00,20.31999969482422,20.31999969482422,20.31999969482422,20.31999969482422,0,0.0,0.0,0.0
2023-08-03 00:00:00+03:00,20.31999969482422,20.31999969482422,20.31999969482422,20.31999969482422,0,0.0,0.0,0.0
2023-08-06 00:00:00+03:00,20.31999969482422,20.31999969482422,20.31999969482422,20.31999969482422,0,0.0,0.0,0.0
2023-08-07 00:00:00+03:00,20.31999969482422,20.31999969482422,20.31999969482422,20.31999969482422,0,0.0,0.0,0.0
2023-08-08 00:00:00+03:00,20.31999969482422,20.31999969482422,20.31999969482422,20.31999969482422,0,0.0,0.0,0.0
2023-08-09 00:00:00+03:00,20.31999969482422,19.309999465942383,19.309999465942383,20.31999969482422,100,0.0,0.0,0.0
2023-08-10 00:00:00+03:00,20.31999969482422,20.31999969482422,20.31999969482422,20.31999969482422,0,0.0,0.0,0.0
2023-08-13 00:00:00+03:00,20.31999969482422,20.31999969482422,20.31999969482422,20.31999969482422,0,0.0,0.0,0.0
2023-08-14 00:00:00+03:00,20.31999969482422,19.309999465942383,19.309999465942383,20.31999969482422,5,0.0,0.0,0.0
2023-08-15 00:00:00+03:00,20.31999969482422,20.31999969482422,20.31999969482422,20.31999969482422,0,0.0,0.0,0.0
2023-08-16 00:00:00+03:00,20.31999969482422,20.31999969482422,20.31999969482422,20.31999969482422,0,0.0,0.0,0.0
2023-08-17 00:00:00+03:00,20.31999969482422,19.309999465942383,19.309999465942383,20.31999969482422,516,0.0,0.0,0.0
2023-08-20 00:00:00+03:00,20.31999969482422,19.309999465942383,19.309999465942383,20.31999969482422,1270,0.0,0.0,0.0
2023-08-21 00:00:00+03:00,20.31999969482422,19.309999465942383,19.309999465942383,20.31999969482422,140,0.0,0.0,0.0
2023-08-22 00:00:00+03:00,20.31999969482422,20.31999969482422,20.31999969482422,20.31999969482422,0,0.0,0.0,0.0
2023-08-23 00:00:00+03:00,20.31999969482422,20.31999969482422,20.31999969482422,20.31999969482422,0,0.0,0.0,0.0
2023-08-24 00:00:00+03:00,20.31999969482422,20.31999969482422,20.31999969482422,20.31999969482422,0,0.0,0.0,0.0
2023-08-27 00:00:00+03:00,20.31999969482422,19.309999465942383,19.309999465942383,20.31999969482422,1038,0.0,0.0,0.0
2023-08-28 00:00:00+03:00,20.31999969482422,19.309999465942383,19.309999465942383,20.31999969482422,64,0.0,0.0,0.0
2023-08-29 00:00:00+03:00,20.31999969482422,20.31999969482422,20.31999969482422,20.31999969482422,0,0.0,0.0,0.0
2023-08-30 00:00:00+03:00,20.31999969482422,19.309999465942383,19.309999465942383,20.31999969482422,20,0.0,0.0,0.0
2023-08-31 00:00:00+03:00,20.31999969482422,20.31999969482422,20.31999969482422,20.31999969482422,0,0.0,0.0,0.0
2023-09-03 00:00:00+03:00,20.31999969482422,20.31999969482422,20.31999969482422,20.31999969482422,0,0.0,0.0,0.0
2023-09-04 00:00:00+03:00,20.31999969482422,19.309999465942383,19.309999465942383,20.31999969482422,4,0.0,0.0,0.0
2023-09-05 00:00:00+03:00,20.31999969482422,20.31999969482422,20.31999969482422,20.31999969482422,0,0.0,0.0,0.0
2023-09-06 00:00:00+03:00,20.31999969482422,20.31999969482422,20.31999969482422,20.31999969482422,0,0.0,0.0,0.0
2023-09-07 00:00:00+03:00,20.31999969482422,20.31999969482422,20.31999969482422,20.31999969482422,0,0.0,0.0,0.0
2023-09-10 00:00:00+03:00,20.31999969482422,20.31999969482422,20.31999969482422,20.31999969482422,0,0.0,0.0,0.0
2023-09-11 00:00:00+03:00,20.31999969482422,19.309999465942383,19.309999465942383,20.31999969482422,15,0.0,0.0,0.0
2023-09-12 00:00:00+03:00,20.31999969482422,20.31999969482422,20.31999969482422,20.31999969482422,0,0.0,0.0,0.0
2023-09-13 00:00:00+03:00,20.31999969482422,19.309999465942383,19.309999465942383,20.31999969482422,2055,0.0,0.0,0.0
2023-09-14 00:00:00+03:00,20.31999969482422,20.31999969482422,20.31999969482422,20.31999969482422,0,0.0,0.0,0.0
2023-09-17 00:00:00+03:00,20.31999969482422,20.31999969482422,20.31999969482422,20.31999969482422,0,0.0,0.0,0.0
2023-09-18 00:00:00+03:00,20.31999969482422,20.31999969482422,20.31999969482422,20.31999969482422,0,0.0,0.0,0.0
2023-09-19 00:00:00+03:00,20.31999969482422,20.31999969482422,20.31999969482422,20.31999969482422,0,0.0,0.0,0.0
2023-09-20 00:00:00+03:00,20.31999969482422,20.31999969482422,20.31999969482422,20.31999969482422,0,0.0,0.0,0.0
2023-09-21 00:00:00+03:00,20.31999969482422,20.31999969482422,20.31999969482422,20.31999969482422,0,0.0,0.0,0.0
2023-09-24 00:00:00+03:00,20.31999969482422,20.31999969482422,20.31999969482422,20.31999969482422,0,0.0,0.0,0.0
2023-09-25 00:00:00+03:00,20.31999969482422,20.31999969482422,20.31999969482422,20.31999969482422,0,0.0,0.0,0.0
2023-09-26 00:00:00+03:00,20.31999969482422,19.309999465942383,19.309999465942383,20.31999969482422,290,0.0,0.0,0.0
2023-09-27 00:00:00+03:00,20.31999969482422,20.31999969482422,20.31999969482422,20.31999969482422,0,0.0,0.0,0.0
2023-10-01 00:00:00+03:00,20.31999969482422,20.31999969482422,20.31999969482422,20.31999969482422,0,0.0,0.0,0.0
2023-10-02 00:00:00+03:00,20.31999969482422,19.309999465942383,19.309999465942383,20.31999969482422,1215,0.0,0.0,0.0
2023-10-03 00:00:00+03:00,20.31999969482422,20.31999969482422,20.31999969482422,20.31999969482422,0,0.0,0.0,0.0
2023-10-04 00:00:00+03:00,20.31999969482422,20.31999969482422,20.31999969482422,20.31999969482422,0,0.0,0.0,0.0
2023-10-08 00:00:00+03:00,20.31999969482422,20.31999969482422,20.31999969482422,20.31999969482422,0,0.0,0.0,0.0
2023-10-09 00:00:00+03:00,20.31999969482422,20.31999969482422,20.31999969482422,20.31999969482422,0,0.0,0.0,0.0
2023-10-10 00:00:00+03:00,20.31999969482422,20.31999969482422,20.31999969482422,20.31999969482422,0,0.0,0.0,0.0
2023-10-11 00:00:00+03:00,20.31999969482422,19.309999465942383,19.309999465942383,20.31999969482422,11,0.0,0.0,0.0
2023-10-12 00:00:00+03:00,20.31999969482422,20.31999969482422,20.31999969482422,20.31999969482422,0,0.0,0.0,0.0
2023-10-15 00:00:00+03:00,20.31999969482422,19.309999465942383,19.309999465942383,20.31999969482422,74,0.0,0.0,0.0
2023-10-16 00:00:00+03:00,20.31999969482422,20.31999969482422,20.31999969482422,20.31999969482422,0,0.0,0.0,0.0
2023-10-17 00:00:00+03:00,20.31999969482422,20.31999969482422,20.31999969482422,20.31999969482422,0,0.0,0.0,0.0
2023-10-18 00:00:00+03:00,20.31999969482422,20.31999969482422,20.31999969482422,20.31999969482422,0,0.0,0.0,0.0
2023-10-19 00:00:00+03:00,20.31999969482422,20.31999969482422,20.31999969482422,20.31999969482422,0,0.0,0.0,0.0
2023-10-22 00:00:00+03:00,20.31999969482422,20.31999969482422,20.31999969482422,20.31999969482422,0,0.0,0.0,0.0
2023-10-23 00:00:00+03:00,20.31999969482422,19.309999465942383,19.309999465942383,20.31999969482422,1230,0.0,0.0,0.0
2023-10-24 00:00:00+03:00,20.31999969482422,20.31999969482422,20.31999969482422,20.31999969482422,0,0.0,0.0,0.0
2023-10-25 00:00:00+03:00,20.31999969482422,20.31999969482422,20.31999969482422,20.31999969482422,0,0.0,0.0,0.0
2023-10-26 00:00:00+03:00,20.31999969482422,20.31999969482422,20.31999969482422,20.31999969482422,0,0.0,0.0,0.0
2023-10-29 00:00:00+02:00,20.31999969482422,20.31999969482422,20.31999969482422,20.31999969482422,0,0.0,0.0,0.0
2023-10-30 00:00:00+02:00,20.31999969482422,19.309999465942383,19.309999465942383,20.31999969482422,337,0.0,0.0,0.0
2023-10-31 00:00:00+02:00,20.31999969482422,19.309999465942383,19.309999465942383,20.31999969482422,235,0.0,0.0,0.0
2023-11-01 00:00:00+02:00,20.31999969482422,20.31999969482422,20.31999969482422,20.31999969482422,0,0.0,0.0,0.0
2023-11-02 00:00:00+02:00,20.31999969482422,20.31999969482422,20.31999969482422,20.31999969482422,0,0.0,0.0,0.0
2023-11-05 00:00:00+02:00,20.31999969482422,20.31999969482422,20.31999969482422,20.31999969482422,0,0.0,0.0,0.0
2023-11-06 00:00:00+02:00,20.31999969482422,20.31999969482422,20.31999969482422,20.31999969482422,0,0.0,0.0,0.0
2023-11-07 00:00:00+02:00,20.31999969482422,19.309999465942383,19.309999465942383,20.31999969482422,11,0.0,0.0,0.0
2023-11-08 00:00:00+02:00,20.31999969482422,20.31999969482422,20.31999969482422,20.31999969482422,0,0.0,0.0,0.0
2023-11-09 00:00:00+02:00,20.31999969482422,20.31999969482422,20.31999969482422,20.31999969482422,0,0.0,0.0,0.0
2023-11-12 00:00:00+02:00,20.31999969482422,19.309999465942383,19.309999465942383,20.31999969482422,110,0.0,0.0,0.0
2023-11-13 00:00:00+02:00,20.31999969482422,20.31999969482422,20.31999969482422,20.31999969482422,0,0.0,0.0,0.0
2023-11-14 00:00:00+02:00,20.31999969482422,20.31999969482422,20.31999969482422,20.31999969482422,0,0.0,0.0,0.0
2023-11-15 00:00:00+02:00,20.31999969482422,20.31999969482422,20.31999969482422,20.31999969482422,0,0.0,0.0,0.0
2023-11-16 00:00:00+02:00,20.31999969482422,19.309999465942383,19.309999465942383,20.31999969482422,104,0.0,0.0,0.0
2023-11-19 00:00:00+02:00,20.31999969482422,19.309999465942383,19.309999465942383,20.31999969482422,47,0.0,0.0,0.0
2023-11-20 00:00:00+02:00,20.31999969482422,20.31999969482422,20.31999969482422,20.31999969482422,0,0.0,0.0,0.0
2023-11-21 00:00:00+02:00,20.31999969482422,20.31999969482422,20.31999969482422,20.31999969482422,0,0.0,0.0,0.0
2023-11-22 00:00:00+02:00,20.31999969482422,20.31999969482422,20.31999969482422,20.31999969482422,0,0.0,0.0,0.0
2023-11-23 00:00:00+02:00,20.31999969482422,20.31999969482422,20.31999969482422,20.31999969482422,0,0.0,0.0,0.0
2023-11-26 00:00:00+02:00,20.31999969482422,20.31999969482422,20.31999969482422,20.31999969482422,0,0.0,0.0,0.0
2023-11-27 00:00:00+02:00,20.31999969482422,20.31999969482422,20.31999969482422,20.31999969482422,0,0.0,0.0,0.0
2023-11-28 00:00:00+02:00,20.31999969482422,19.309999465942383,19.309999465942383,20.31999969482422,75,0.0,0.0,0.0
2023-11-29 00:00:00+02:00,20.31999969482422,21.329999923706055,19.309999465942383,19.459999084472656,51385,0.0,0.0,0.0
2023-11-30 00:00:00+02:00,19.459999084472656,20.399999618530273,18.489999771118164,18.520000457763672,17203,0.0,0.0,0.0
2023-12-03 00:00:00+02:00,18.520000457763672,19.149999618530273,17.600000381469727,18.059999465942383,60927,0.0,0.0,0.0
2023-12-04 00:00:00+02:00,18.059999465942383,18.959999084472656,18.0,18.959999084472656,373409,0.0,0.0,0.0
2023-12-05 00:00:00+02:00,18.959999084472656,19.899999618530273,18.5,19.3700008392334,117543,0.0,0.0,0.0
2023-12-06 00:00:00+02:00,19.3700008392334,19.399999618530273,18.40999984741211,18.530000686645508,59040,0.0,0.0,0.0
2023-12-07 00:00:00+02:00,18.530000686645508,18.5,17.610000610351562,17.610000610351562,136069,0.0,0.0,0.0
2023-12-10 00:00:00+02:00,17.610000610351562,17.899999618530273,16.729999542236328,16.729999542236328,125312,0.0,0.0,0.0
2023-12-11 00:00:00+02:00,16.729999542236328,17.559999465942383,15.899999618530273,17.559999465942383,228366,0.0,0.0,0.0
2023-12-12 00:00:00+02:00,17.559999465942383,18.43000030517578,17.5,18.43000030517578,524262,0.0,0.0,0.0
2023-12-13 00:00:00+02:00,18.43000030517578,19.350000381469727,18.0,18.059999465942383,186971,0.0,0.0,0.0
2023-12-14 00:00:00+02:00,18.059999465942383,18.5,17.799999237060547,17.979999542236328,141594,0.0,0.0,0.0
2023-12-17 00:00:00+02:00,17.979999542236328,18.0,17.190000534057617,17.239999771118164,84942,0.0,0.0,0.0
2023-12-18 00:00:00+02:00,17.239999771118164,17.670000076293945,16.799999237060547,17.059999465942383,50057,0.0,0.0,0.0
2023-12-19 00:00:00+02:00,17.059999465942383,17.90999984741211,17.5,17.90999984741211,82672,0.0,0.0,0.0
2023-12-20 00:00:00+02:00,17.90999984741211,18.799999237060547,17.93000030517578,18.68000030517578,236894,0.0,0.0,0.0
2023-12-21 00:00:00+02:00,18.68000030517578,18.68000030517578,17.75,17.760000228881836,129170,0.0,0.0,0.0
2023-12-24 00:00:00+02:00,17.760000228881836,17.760000228881836,17.760000228881836,17.760000228881836,0,0.0,0.0,0.0
2023-12-25 00:00:00+02:00,17.280000686645508,17.299999237060547,16.559999465942383,16.709999084472656,23700,0.0,0.0,0.0
2023-12-26 00:00:00+02:00,16.709999084472656,17.450000762939453,16.709999084472656,17.15999984741211,30078,0.0,0.0,0.0
2023-12-27 00:00:00+02:00,17.15999984741211,17.469999313354492,16.81999969482422,17.200000762939453,30331,0.0,0.0,0.0
2023-12-28 00:00:00+02:00,17.200000762939453,18.049999237060547,17.049999237060547,17.43000030517578,71591,0.0,0.0,0.0
2023-12-31 00:00:00+02:00,17.43000030517578,17.889999389648438,17.200000762939453,17.510000228881836,22452,0.0,0.0,0.0
2024-01-02 00:00:00+02:00,17.510000228881836,17.899999618530273,17.600000381469727,17.510000228881836,12200,0.0,0.0,0.0
2024-01-03 00:00:00+02:00,17.510000228881836,18.3799991607666,17.520000457763672,18.3799991607666,111495,0.0,0.0,0.0
2024-01-04 00:00:00+02:00,18.3799991607666,18.200000762939453,17.799999237060547,17.989999771118164,33101,0.0,0.0,0.0
2024-01-08 00:00:00+02:00,17.989999771118164,18.200000762939453,17.809999465942383,17.920000076293945,21585,0.0,0.0,0.0
2024-01-09 00:00:00+02:00,17.920000076293945,18.190000534057617,17.719999313354492,17.809999465942383,26908,0.0,0.0,0.0
2024-01-10 00:00:00+02:00,17.809999465942383,17.950000762939453,17.299999237060547,17.610000610351562,39750,0.0,0.0,0.0
2024-01-11 00:00:00+02:00,17.610000610351562,18.489999771118164,17.600000381469727,18.389999389648438,120711,0.0,0.0,0.0
2024-01-14 00:00:00+02:00,18.389999389648438,18.68000030517578,18.040000915527344,18.309999465942383,31073,0.0,0.0,0.0
2024-01-15 00:00:00+02:00,18.309999465942383,18.3799991607666,18.0,18.1200008392334,44009,0.0,0.0,0.0
2024-01-16 00:00:00+02:00,18.1200008392334,18.299999237060547,18.020000457763672,18.100000381469727,28847,0.0,0.0,0.0
2024-01-17 00:00:00+02:00,18.100000381469727,18.59000015258789,17.600000381469727,17.8799991607666,55080,0.0,0.0,0.0
2024-01-18 00:00:00+02:00,17.8799991607666,18.0,17.6299991607666,17.8700008392334,24224,0.0,0.0,0.0
2024-01-21 00:00:00+02:00,17.8700008392334,18.0,17.700000762939453,17.770000457763672,45124,0.0,0.0,0.0
2024-01-22 00:00:00+02:00,17.770000457763672,17.93000030517578,17.200000762939453,17.389999389648438,53705,0.0,0.0,0.0
2024-01-23 00:00:00+02:00,17.389999389648438,17.700000762939453,17.040000915527344,17.389999389648438,7767,0.0,0.0,0.0
2024-01-24 00:00:00+02:00,17.389999389648438,17.600000381469727,17.100000381469727,17.260000228881836,23042,0.0,0.0,0.0
2024-01-28 00:00:00+02:00,17.260000228881836,17.700000762939453,17.110000610351562,17.5,22920,0.0,0.0,0.0
2024-01-29 00:00:00+02:00,17.5,17.649999618530273,16.799999237060547,17.010000228881836,41169,0.0,0.0,0.0
2024-01-30 00:00:00+02:00,17.010000228881836,17.299999237060547,16.8700008392334,17.09000015258789,19059,0.0,0.0,0.0
2024-01-31 00:00:00+02:00,17.09000015258789,17.399999618530273,16.239999771118164,16.25,82048,0.0,0.0,0.0
2024-02-01 00:00:00+02:00,16.25,16.239999771118164,15.4399995803833,15.609999656677246,62584,0.0,0.0,0.0
2024-02-04 00:00:00+02:00,15.609999656677246,15.850000381469727,15.4399995803833,15.609999656677246,9795,0.0,0.0,0.0
2024-02-05 00:00:00+02:00,15.609999656677246,15.899999618530273,15.5600004196167,15.609999656677246,11430,0.0,0.0,0.0
2024-02-06 00:00:00+02:00,15.609999656677246,16.219999313354492,15.75,15.960000038146973,46142,0.0,0.0,0.0
2024-02-07 00:00:00+02:00,15.960000038146973,16.229999542236328,15.710000038146973,15.960000038146973,15924,0.0,0.0,0.0
2024-02-08 00:00:00+02:00,15.960000038146973,16.139999389648438,15.449999809265137,15.960000038146973,11721,0.0,0.0,0.0
2024-02-11 00:00:00+02:00,15.960000038146973,15.850000381469727,15.550000190734863,15.960000038146973,8678,0.0,0.0,0.0
2024-02-12 00:00:00+02:00,15.960000038146973,15.899999618530273,15.170000076293945,15.960000038146973,5581,0.0,0.0,0.0
2024-02-13 00:00:00+02:00,15.960000038146973,15.850000381469727,15.220000267028809,15.960000038146973,9672,0.0,0.0,0.0
2024-02-14 00:00:00+02:00,15.960000038146973,15.90999984741211,15.420000076293945,15.960000038146973,6198,0.0,0.0,0.0
2024-02-15 00:00:00+02:00,15.960000038146973,15.899999618530273,15.5,15.960000038146973,14793,0.0,0.0,0.0
2024-02-18 00:00:00+02:00,15.960000038146973,15.960000038146973,15.960000038146973,15.960000038146973,0,0.0,0.0,0.0
2024-02-19 00:00:00+02:00,15.960000038146973,16.0,15.65999984741211,15.960000038146973,12180,0.0,0.0,0.0
2024-02-20 00:00:00+02:00,15.960000038146973,15.949999809265137,15.170000076293945,15.329999923706055,48648,0.0,0.0,0.0
2024-02-21 00:00:00+02:00,15.329999923706055,16.09000015258789,15.399999618530273,16.040000915527344,44930,0.0,0.0,0.0
2024-02-22 00:00:00+02:00,16.040000915527344,16.59000015258789,15.859999656677246,16.329999923706055,28220,0.0,0.0,0.0
2024-02-25 00:00:00+02:00,16.329999923706055,16.1200008392334,15.539999961853027,15.680000305175781,28977,0.0,0.0,0.0
2024-02-26 00:00:00+02:00,15.680000305175781,15.770000457763672,14.899999618530273,15.680000305175781,14502,0.0,0.0,0.0
2024-02-27 00:00:00+02:00,15.680000305175781,15.5,15.0,15.680000305175781,13412,0.0,0.0,0.0
2024-02-28 00:00:00+02:00,15.680000305175781,15.380000114440918,14.899999618530273,15.680000305175781,12440,0.0,0.0,0.0
2024-02-29 00:00:00+02:00,15.680000305175781,15.399999618530273,14.899999618530273,15.680000305175781,16778,0.0,0.0,0.0
2024-03-03 00:00:00+02:00,15.680000305175781,15.399999618530273,14.920000076293945,15.680000305175781,7060,0.0,0.0,0.0
2024-03-04 00:00:00+02:00,15.680000305175781,15.680000305175781,14.899999618530273,14.90999984741211,35301,0.0,0.0,0.0
2024-03-05 00:00:00+02:00,14.90999984741211,15.180000305175781,14.170000076293945,14.1899995803833,30898,0.0,0.0,0.0
2024-03-06 00:00:00+02:00,14.1899995803833,14.800000190734863,13.550000190734863,14.1899995803833,8707,0.0,0.0,0.0
2024-03-07 00:00:00+02:00,14.1899995803833,14.5600004196167,13.75,14.1899995803833,6513,0.0,0.0,0.0
2024-03-10 00:00:00+02:00,14.1899995803833,14.199999809265137,13.600000381469727,14.1899995803833,13021,0.0,0.0,0.0
2024-03-11 00:00:00+02:00,14.1899995803833,14.0,13.489999771118164,14.1899995803833,10872,0.0,0.0,0.0
2024-03-12 00:00:00+02:00,14.1899995803833,14.779999732971191,13.489999771118164,14.1899995803833,19472,0.0,0.0,0.0
2024-03-13 00:00:00+02:00,14.1899995803833,14.699999809265137,13.600000381469727,14.1899995803833,20927,0.0,0.0,0.0
2024-03-14 00:00:00+02:00,14.1899995803833,14.34000015258789,13.550000190734863,14.0,29067,0.0,0.0,0.0
2024-03-17 00:00:00+02:00,14.0,14.1899995803833,13.510000228881836,14.0,13338,0.0,0.0,0.0
2024-03-18 00:00:00+02:00,14.0,13.600000381469727,13.300000190734863,14.0,5491,0.0,0.0,0.0
2024-03-19 00:00:00+02:00,14.0,13.789999961853027,13.300000190734863,14.0,5676,0.0,0.0,0.0
2024-03-20 00:00:00+02:00,14.0,14.0,13.300000190734863,14.0,14816,0.0,0.0,0.0
2024-03-21 00:00:00+02:00,14.0,13.619999885559082,13.300000190734863,14.0,3324,0.0,0.0,0.0
2024-03-24 00:00:00+02:00,14.0,13.699999809265137,13.300000190734863,14.0,2471,0.0,0.0,0.0
2024-03-25 00:00:00+02:00,14.0,14.199999809265137,13.3100004196167,14.0,20897,0.0,0.0,0.0
2024-03-26 00:00:00+02:00,14.0,14.199999809265137,13.430000305175781,14.0,13120,0.0,0.0,0.0
2024-03-27 00:00:00+02:00,14.0,14.170000076293945,13.65999984741211,14.0,2018,0.0,0.0,0.0
2024-03-28 00:00:00+02:00,14.0,14.199999809265137,13.550000190734863,14.0,28237,0.0,0.0,0.0
2024-03-31 00:00:00+02:00,14.0,14.0,13.4399995803833,13.539999961853027,23306,0.0,0.0,0.0
2024-04-01 00:00:00+02:00,13.539999961853027,14.140000343322754,13.0,13.630000114440918,38121,0.0,0.0,0.0
2024-04-02 00:00:00+02:00,13.630000114440918,13.829999923706055,13.420000076293945,13.630000114440918,5404,0.0,0.0,0.0
2024-04-03 00:00:00+02:00,13.630000114440918,13.770000457763672,13.199999809265137,13.630000114440918,6340,0.0,0.0,0.0
2024-04-04 00:00:00+02:00,13.630000114440918,13.819999694824219,13.199999809265137,13.630000114440918,12393,0.0,0.0,0.0
2024-04-07 00:00:00+02:00,13.630000114440918,13.850000381469727,13.4399995803833,13.630000114440918,15405,0.0,0.0,0.0
2024-04-08 00:00:00+02:00,13.630000114440918,13.84000015258789,13.520000457763672,13.630000114440918,3654,0.0,0.0,0.0
2024-04-15 00:00:00+02:00,13.630000114440918,13.979999542236328,13.550000190734863,13.630000114440918,9412,0.0,0.0,0.0
2024-04-16 00:00:00+02:00,13.630000114440918,14.079999923706055,13.619999885559082,13.630000114440918,19594,0.0,0.0,0.0
2024-04-17 00:00:00+02:00,13.630000114440918,13.989999771118164,13.630000114440918,13.630000114440918,5921,0.0,0.0,0.0
2024-04-18 00:00:00+02:00,13.630000114440918,13.75,13.100000381469727,13.630000114440918,14448,0.0,0.0,0.0
2024-04-21 00:00:00+02:00,13.630000114440918,13.300000190734863,13.300000190734863,13.630000114440918,400,0.0,0.0,0.0
2024-04-22 00:00:00+02:00,13.630000114440918,13.800000190734863,13.350000381469727,13.630000114440918,9563,0.0,0.0,0.0
2024-04-23 00:00:00+02:00,13.630000114440918,13.779999732971191,13.25,13.630000114440918,6459,0.0,0.0,0.0
2024-04-24 00:00:00+02:00,13.630000114440918,13.699999809265137,13.220000267028809,13.630000114440918,15455,0.0,0.0,0.0
2024-04-28 00:00:00+03:00,13.630000114440918,13.630000114440918,13.630000114440918,13.630000114440918,0,0.0,0.0,0.0
2024-04-29 00:00:00+03:00,14.130000114440918,14.829999923706055,14.399999618530273,14.819999694824219,22300,0.0,0.0,0.0
2024-04-30 00:00:00+03:00,14.819999694824219,15.5600004196167,14.84000015258789,15.170000076293945,82385,0.0,0.0,0.0
2024-05-02 00:00:00+03:00,15.170000076293945,15.920000076293945,14.899999618530273,15.899999618530273,54757,0.0,0.0,0.0
2024-05-07 00:00:00+03:00,15.899999618530273,15.920000076293945,15.40999984741211,15.899999618530273,18158,0.0,0.0,0.0
2024-05-08 00:00:00+03:00,15.899999618530273,15.75,15.109999656677246,15.229999542236328,22175,0.0,0.0,0.0
2024-05-09 00:00:00+03:00,15.229999542236328,15.920000076293945,14.470000267028809,14.470000267028809,48016,0.0,0.0,0.0
2024-05-12 00:00:00+03:00,14.470000267028809,14.600000381469727,13.899999618530273,14.470000267028809,15433,0.0,0.0,0.0
2024-05-13 00:00:00+03:00,14.470000267028809,14.0,13.75,14.470000267028809,12506,0.0,0.0,0.0
2024-05-14 00:00:00+03:00,14.470000267028809,14.470000267028809,13.75,14.470000267028809,8204,0.0,0.0,0.0
2024-05-15 00:00:00+03:00,14.470000267028809,14.5,13.770000457763672,14.470000267028809,701,0.0,0.0,0.0
2024-05-16 00:00:00+03:00,14.470000267028809,14.5,13.75,14.470000267028809,7106,0.0,0.0,0.0
2024-05-19 00:00:00+03:00,14.470000267028809,14.890000343322754,14.010000228881836,14.59000015258789,15692,0.0,0.0,0.0
2024-05-20 00:00:00+03:00,14.470000267028809,14.890000343322754,14.0,14.470000267028809,15639,0.0,0.0,0.0
2024-05-21 00:00:00+03:00,14.470000267028809,14.670000076293945,14.100000381469727,14.470000267028809,9424,0.0,0.0,0.0
2024-05-22 00:00:00+03:00,14.470000267028809,14.5,13.75,14.470000267028809,12646,0.0,0.0,0.0
2024-05-23 00:00:00+03:00,14.470000267028809,14.0,13.75,13.75,42381,0.0,0.0,0.0
2024-05-26 00:00:00+03:00,13.75,13.75,13.75,13.75,0,0.0,0.0,0.0
2024-05-27 00:00:00+03:00,13.75,14.199999809265137,13.5,13.75,15240,0.0,0.0,0.0
2024-05-28 00:00:00+03:00,13.75,13.960000038146973,13.420000076293945,13.75,1581,0.0,0.0,0.0
2024-05-29 00:00:00+03:00,13.75,14.25,13.300000190734863,13.75,2468,0.0,0.0,0.0
2024-05-30 00:00:00+03:00,13.75,13.75,13.75,13.75,0,0.0,0.0,0.0
2024-06-02 00:00:00+03:00,13.75,14.0,13.40999984741211,13.75,1006,0.0,0.0,0.0
2024-06-03 00:00:00+03:00,13.75,14.0,13.350000381469727,13.75,872,0.0,0.0,0.0
2024-06-04 00:00:00+03:00,13.75,13.899999618530273,13.40999984741211,13.75,2427,0.0,0.0,0.0
2024-06-05 00:00:00+03:00,13.75,13.470000267028809,13.350000381469727,13.75,2000,0.0,0.0,0.0
2024-06-06 00:00:00+03:00,13.75,13.600000381469727,13.100000381469727,13.75,15890,0.0,0.0,0.0
2024-06-09 00:00:00+03:00,13.75,13.680000305175781,13.069999694824219,13.75,3106,0.0,0.0,0.0
2024-06-10 00:00:00+03:00,13.75,13.75,13.75,13.75,0,0.0,0.0,0.0
2024-06-11 00:00:00+03:00,13.75,13.600000381469727,13.109999656677246,13.75,104,0.0,0.0,0.0
2024-06-12 00:00:00+03:00,13.75,13.600000381469727,13.069999694824219,13.75,6551,0.0,0.0,0.0
2024-06-13 00:00:00+03:00,13.75,13.5,13.170000076293945,13.75,1447,0.0,0.0,0.0
2024-06-23 00:00:00+03:00,13.75,13.899999618530273,13.25,13.75,9371,0.0,0.0,0.0
2024-06-24 00:00:00+03:00,13.75,13.6899995803833,13.25,13.75,6199,0.0,0.0,0.0
2024-06-25 00:00:00+03:00,13.75,13.680000305175781,13.5,13.75,13417,0.0,0.0,0.0
2024-06-26 00:00:00+03:00,13.75,13.789999961853027,13.5,13.75,7388,0.0,0.0,0.0
2024-06-27 00:00:00+03:00,13.75,14.430000305175781,13.399999618530273,14.40999984741211,44323,0.0,0.0,0.0
2024-07-02 00:00:00+03:00,14.40999984741211,14.789999961853027,14.0,14.40999984741211,9454,0.0,0.0,0.0
2024-07-03 00:00:00+03:00,14.40999984741211,14.220000267028809,13.6899995803833,14.40999984741211,18757,0.0,0.0,0.0
2024-07-04 00:00:00+03:00,14.40999984741211,14.850000381469727,13.6899995803833,13.890000343322754,26236,0.0,0.0,0.0
2024-07-07 00:00:00+03:00,13.890000343322754,14.0,13.350000381469727,13.890000343322754,1874,0.0,0.0,0.0
2024-07-08 00:00:00+03:00,13.890000343322754,14.170000076293945,13.5,13.890000343322754,5336,0.0,0.0,0.0
2024-07-09 00:00:00+03:00,13.890000343322754,13.90999984741211,13.600000381469727,13.890000343322754,2582,0.0,0.0,0.0
2024-07-10 00:00:00+03:00,13.890000343322754,13.949999809265137,13.510000228881836,13.890000343322754,7651,0.0,0.0,0.0
2024-07-14 00:00:00+03:00,13.890000343322754,14.0,13.600000381469727,13.890000343322754,2353,0.0,0.0,0.0
2024-07-15 00:00:00+03:00,13.890000343322754,13.949999809265137,13.520000457763672,13.890000343322754,11472,0.0,0.0,0.0
2024-07-16 00:00:00+03:00,13.890000343322754,13.899999618530273,13.600000381469727,13.890000343322754,1530,0.0,0.0,0.0
2024-07-17 00:00:00+03:00,13.890000343322754,14.0,13.630000114440918,13.890000343322754,13033,0.0,0.0,0.0
2024-07-18 00:00:00+03:00,13.890000343322754,14.300000190734863,13.699999809265137,13.890000343322754,4230,0.0,0.0,0.0
2024-07-21 00:00:00+03:00,13.890000343322754,14.100000381469727,13.550000190734863,13.890000343322754,7278,0.0,0.0,0.0
2024-07-22 00:00:00+03:00,13.890000343322754,14.579999923706055,13.649999618530273,14.579999923706055,71956,0.0,0.0,0.0
2024-07-23 00:00:00+03:00,14.579999923706055,15.300000190734863,15.300000190734863,15.300000190734863,20087,0.0,0.0,0.0
2024-07-24 00:00:00+03:00,15.300000190734863,16.059999465942383,16.0,16.059999465942383,79202,0.0,0.0,0.0
2024-07-28 00:00:00+03:00,16.059999465942383,16.860000610351562,16.860000610351562,16.860000610351562,88956,0.0,0.0,0.0
2024-07-29 00:00:00+03:00,16.860000610351562,17.700000762939453,16.020000457763672,16.020000457763672,81877,0.0,0.0,0.0
2024-07-30 00:00:00+03:00,16.020000457763672,16.059999465942383,15.399999618530273,15.739999771118164,32154,0.0,0.0,0.0
2024-07-31 00:00:00+03:00,15.739999771118164,16.190000534057617,15.149999618530273,15.739999771118164,16818,0.0,0.0,0.0
2024-08-01 00:00:00+03:00,15.739999771118164,15.9399995803833,15.350000381469727,15.739999771118164,14531,0.0,0.0,0.0
2024-08-04 00:00:00+03:00,15.739999771118164,15.510000228881836,14.960000038146973,15.739999771118164,18972,0.0,0.0,0.0
2024-08-05 00:00:00+03:00,15.739999771118164,14.960000038146973,14.960000038146973,15.739999771118164,2583,0.0,0.0,0.0
2024-08-06 00:00:00+03:00,15.739999771118164,14.960000038146973,14.960000038146973,15.739999771118164,11940,0.0,0.0,0.0
2024-08-07 00:00:00+03:00,15.739999771118164,14.960000038146973,14.960000038146973,15.739999771118164,9446,0.0,0.0,0.0
2024-08-08 00:00:00+03:00,15.739999771118164,14.960000038146973,14.960000038146973,15.739999771118164,3598,0.0,0.0,0.0
2024-08-11 00:00:00+03:00,15.739999771118164,14.960000038146973,14.960000038146973,15.739999771118164,3154,0.0,0.0,0.0
2024-08-12 00:00:00+03:00,15.739999771118164,15.729999542236328,14.960000038146973,15.069999694824219,26328,0.0,0.0,0.0
2024-08-13 00:00:00+03:00,15.069999694824219,15.130000114440918,14.399999618530273,15.069999694824219,3268,0.0,0.0,0.0
2024-08-14 00:00:00+03:00,15.069999694824219,14.989999771118164,14.319999694824219,15.069999694824219,9962,0.0,0.0,0.0
2024-08-15 00:00:00+03:00,15.069999694824219,14.850000381469727,14.359999656677246,15.069999694824219,3115,0.0,0.0,0.0
2024-08-18 00:00:00+03:00,15.069999694824219,14.890000343322754,14.420000076293945,15.069999694824219,3554,0.0,0.0,0.0
2024-08-19 00:00:00+03:00,15.069999694824219,15.5,14.529999732971191,15.069999694824219,16434,0.0,0.0,0.0
2024-08-20 00:00:00+03:00,15.069999694824219,15.5,14.75,15.069999694824219,15445,0.0,0.0,0.0
2024-08-21 00:00:00+03:00,15.069999694824219,15.300000190734863,14.699999809265137,15.069999694824219,9187,0.0,0.0,0.0
2024-08-22 00:00:00+03:00,15.069999694824219,15.100000381469727,15.0,15.069999694824219,1859,0.0,0.0,0.0
2024-08-25 00:00:00+03:00,15.069999694824219,15.300000190734863,14.770000457763672,15.069999694824219,8475,0.0,0.0,0.0
2024-08-26 00:00:00+03:00,15.069999694824219,15.300000190734863,14.899999618530273,15.069999694824219,10459,0.0,0.0,0.0
2024-08-27 00:00:00+03:00,15.069999694824219,15.319999694824219,14.720000267028809,15.069999694824219,10029,0.0,0.0,0.0
2024-08-28 00:00:00+03:00,15.069999694824219,15.149999618530273,15.050000190734863,15.069999694824219,3187,0.0,0.0,0.0
2024-08-29 00:00:00+03:00,15.069999694824219,15.75,14.779999732971191,15.300000190734863,20051,0.0,0.0,0.0
2024-09-01 00:00:00+03:00,15.300000190734863,15.979999542236328,15.050000190734863,15.739999771118164,20940,0.0,0.0,0.0
2024-09-02 00:00:00+03:00,15.739999771118164,16.520000457763672,16.110000610351562,16.520000457763672,55831,0.0,0.0,0.0
2024-09-03 00:00:00+03:00,16.520000457763672,17.34000015258789,16.239999771118164,17.34000015258789,57633,0.0,0.0,0.0
2024-09-04 00:00:00+03:00,17.34000015258789,17.65999984741211,16.479999542236328,16.709999084472656,22014,0.0,0.0,0.0
2024-09-05 00:00:00+03:00,16.709999084472656,16.989999771118164,16.200000762939453,16.489999771118164,33998,0.0,0.0,0.0
2024-09-08 00:00:00+03:00,16.489999771118164,16.700000762939453,15.670000076293945,15.880000114440918,32404,0.0,0.0,0.0
2024-09-09 00:00:00+03:00,15.880000114440918,16.31999969482422,15.199999809265137,15.880000114440918,17355,0.0,0.0,0.0
2024-09-10 00:00:00+03:00,15.880000114440918,16.0,15.119999885559082,15.880000114440918,16034,0.0,0.0,0.0
2024-09-11 00:00:00+03:00,15.880000114440918,15.819999694824219,15.119999885559082,15.350000381469727,29641,0.0,0.0,0.0
2024-09-12 00:00:00+03:00,15.350000381469727,16.110000610351562,15.300000190734863,15.989999771118164,30687,0.0,0.0,0.0
2024-09-16 00:00:00+03:00,15.989999771118164,16.780000686645508,16.0,16.3700008392334,42222,0.0,0.0,0.0
2024-09-17 00:00:00+03:00,16.3700008392334,16.559999465942383,15.770000457763672,16.3700008392334,6889,0.0,0.0,0.0
2024-09-18 00:00:00+03:00,16.3700008392334,16.290000915527344,15.670000076293945,16.3700008392334,12530,0.0,0.0,0.0
2024-09-19 00:00:00+03:00,16.3700008392334,16.639999389648438,16.0,16.3700008392334,10835,0.0,0.0,0.0
2024-09-22 00:00:00+03:00,16.3700008392334,16.399999618530273,15.90999984741211,16.3700008392334,10175,0.0,0.0,0.0
2024-09-23 00:00:00+03:00,16.3700008392334,16.920000076293945,15.75,16.3700008392334,6796,0.0,0.0,0.0
2024-09-24 00:00:00+03:00,17.690000534057617,17.690000534057617,16.829999923706055,17.040000915527344,19716,0.0,0.0,0.0
2024-09-25 00:00:00+03:00,16.850000381469727,17.690000534057617,16.260000228881836,17.690000534057617,121460,0.0,0.0,0.0
2024-09-26 00:00:00+03:00,17.690000534057617,17.690000534057617,16.829999923706055,17.329999923706055,19716,0.0,0.0,0.0
2024-09-29 00:00:00+03:00,17.329999923706055,17.5,16.649999618530273,16.93000030517578,27170,0.0,0.0,0.0
2024-09-30 00:00:00+03:00,16.93000030517578,17.290000915527344,16.559999465942383,16.93000030517578,12618,0.0,0.0,0.0
2024-10-01 00:00:00+03:00,16.93000030517578,17.770000457763672,17.3799991607666,17.770000457763672,40474,0.0,0.0,0.0
2024-10-02 00:00:00+03:00,17.770000457763672,18.649999618530273,18.030000686645508,18.649999618530273,54640,0.0,0.0,0.0
2024-10-03 00:00:00+03:00,18.649999618530273,19.579999923706055,18.709999084472656,19.579999923706055,27300,0.0,0.0,0.0
2024-10-07 00:00:00+03:00,19.579999923706055,20.549999237060547,18.700000762939453,19.110000610351562,39704,0.0,0.0,0.0
2024-10-08 00:00:00+03:00,19.110000610351562,20.059999465942383,19.850000381469727,20.059999465942383,64138,0.0,0.0,0.0
2024-10-09 00:00:00+03:00,20.059999465942383,21.059999465942383,19.299999237060547,19.8799991607666,43454,0.0,0.0,0.0
2024-10-10 00:00:00+03:00,19.8799991607666,19.969999313354492,19.059999465942383,19.389999389648438,24278,0.0,0.0,0.0
2024-10-13 00:00:00+03:00,19.389999389648438,19.5,18.610000610351562,19.389999389648438,8066,0.0,0.0,0.0
2024-10-14 00:00:00+03:00,19.389999389648438,19.889999389648438,18.450000762939453,19.389999389648438,3135,0.0,0.0,0.0
2024-10-15 00:00:00+03:00,19.389999389648438,20.31999969482422,18.43000030517578,19.68000030517578,35007,0.0,0.0,0.0
2024-10-16 00:00:00+03:00,19.68000030517578,20.0,18.75,19.68000030517578,4087,0.0,0.0,0.0
2024-10-17 00:00:00+03:00,19.68000030517578,19.84000015258789,19.0,19.68000030517578,8407,0.0,0.0,0.0
2024-10-20 00:00:00+03:00,19.68000030517578,19.600000381469727,18.700000762939453,19.68000030517578,7566,0.0,0.0,0.0
2024-10-21 00:00:00+03:00,19.68000030517578,19.850000381469727,18.700000762939453,19.68000030517578,14148,0.0,0.0,0.0
2024-10-22 00:00:00+03:00,19.68000030517578,19.600000381469727,18.719999313354492,19.68000030517578,9317,0.0,0.0,0.0
2024-10-23 00:00:00+03:00,19.68000030517578,19.65999984741211,18.75,19.68000030517578,3034,0.0,0.0,0.0
2024-10-24 00:00:00+03:00,19.68000030517578,19.469999313354492,18.75,19.68000030517578,15293,0.0,0.0,0.0
2024-10-27 00:00:00+03:00,19.68000030517578,19.5,18.700000762939453,19.68000030517578,14598,0.0,0.0,0.0
2024-10-28 00:00:00+03:00,19.68000030517578,19.200000762939453,18.700000762939453,19.68000030517578,9097,0.0,0.0,0.0
2024-10-29 00:00:00+03:00,19.68000030517578,19.0,18.700000762939453,19.68000030517578,12515,0.0,0.0,0.0
2024-10-30 00:00:00+03:00,19.68000030517578,19.200000762939453,18.700000762939453,19.68000030517578,6353,0.0,0.0,0.0
2024-10-31 00:00:00+03:00,19.68000030517578,19.68000030517578,18.700000762939453,19.68000030517578,3858,0.0,0.0,0.0
2024-11-03 00:00:00+02:00,19.68000030517578,19.149999618530273,18.700000762939453,18.729999542236328,29533,0.0,0.0,0.0
2024-11-04 00:00:00+02:00,18.729999542236328,18.790000915527344,18.0,18.729999542236328,11487,0.0,0.0,0.0
2024-11-05 00:00:00+02:00,18.729999542236328,18.989999771118164,18.030000686645508,18.719999313354492,27259,0.0,0.0,0.0
2024-11-06 00:00:00+02:00,18.719999313354492,18.950000762939453,18.299999237060547,18.719999313354492,11956,0.0,0.0,0.0
2024-11-07 00:00:00+02:00,18.719999313354492,18.93000030517578,18.0,18.049999237060547,32404,0.0,0.0,0.0
2024-11-10 00:00:00+02:00,18.049999237060547,18.899999618530273,17.600000381469727,18.049999237060547,11658,0.0,0.0,0.0
2024-11-11 00:00:00+02:00,18.049999237060547,18.950000762939453,18.06999969482422,18.93000030517578,19455,0.0,0.0,0.0
2024-11-12 00:00:00+02:00,18.93000030517578,19.5,18.399999618530273,18.93000030517578,11197,0.0,0.0,0.0
2024-11-13 00:00:00+02:00,18.93000030517578,19.770000457763672,18.530000686645508,19.510000228881836,40534,0.0,0.0,0.0
2024-11-14 00:00:00+02:00,19.510000228881836,20.479999542236328,19.020000457763672,19.84000015258789,54589,0.0,0.0,0.0
2024-11-17 00:00:00+02:00,19.84000015258789,20.34000015258789,19.209999084472656,19.84000015258789,12307,0.0,0.0,0.0
2024-11-18 00:00:00+02:00,19.84000015258789,20.770000457763672,19.520000457763672,19.84000015258789,14023,0.0,0.0,0.0
2024-11-19 00:00:00+02:00,19.84000015258789,19.84000015258789,19.100000381469727,19.84000015258789,1841,0.0,0.0,0.0
2024-11-20 00:00:00+02:00,19.84000015258789,19.600000381469727,19.0,19.84000015258789,7162,0.0,0.0,0.0
2024-11-21 00:00:00+02:00,19.84000015258789,19.43000030517578,18.850000381469727,18.93000030517578,20118,0.0,0.0,0.0
2024-11-24 00:00:00+02:00,18.93000030517578,19.639999389648438,18.010000228881836,18.93000030517578,10170,0.0,0.0,0.0
2024-11-25 00:00:00+02:00,18.93000030517578,18.600000381469727,17.989999771118164,18.010000228881836,36033,0.0,0.0,0.0
2024-11-26 00:00:00+02:00,18.010000228881836,18.600000381469727,17.329999923706055,18.010000228881836,9790,0.0,0.0,0.0
2024-11-27 00:00:00+02:00,18.010000228881836,18.299999237060547,17.520000457763672,18.010000228881836,5036,0.0,0.0,0.0
2024-11-28 00:00:00+02:00,18.010000228881836,18.5,17.290000915527344,18.010000228881836,1782,0.0,0.0,0.0
2024-12-01 00:00:00+02:00,18.010000228881836,18.389999389648438,18.0,18.030000686645508,18768,0.0,0.0,0.0
2024-12-02 00:00:00+02:00,18.030000686645508,18.899999618530273,17.950000762939453,18.299999237060547,18895,0.0,0.0,0.0
2024-12-03 00:00:00+02:00,18.299999237060547,18.75,17.950000762939453,18.299999237060547,8939,0.0,0.0,0.0
2024-12-04 00:00:00+02:00,18.299999237060547,18.489999771118164,17.959999084472656,18.299999237060547,6917,0.0,0.0,0.0
2024-12-05 00:00:00+02:00,18.299999237060547,19.209999084472656,18.489999771118164,19.170000076293945,45066,0.0,0.0,0.0
2024-12-08 00:00:00+02:00,19.170000076293945,20.1200008392334,20.1200008392334,20.1200008392334,20084,0.0,0.0,0.0
2024-12-09 00:00:00+02:00,20.1200008392334,21.1200008392334,21.049999237060547,21.1200008392334,14309,0.0,0.0,0.0
2024-12-10 00:00:00+02:00,21.1200008392334,22.170000076293945,22.170000076293945,22.170000076293945,14393,0.0,0.0,0.0
2024-12-11 00:00:00+02:00,22.170000076293945,23.270000457763672,23.110000610351562,23.270000457763672,146531,0.0,0.0,0.0
2024-12-12 00:00:00+02:00,23.270000457763672,24.0,22.5,23.389999389648438,61951,0.0,0.0,0.0
2024-12-15 00:00:00+02:00,23.389999389648438,24.25,23.149999618530273,23.34000015258789,37310,0.0,0.0,0.0
2024-12-16 00:00:00+02:00,23.34000015258789,23.700000762939453,22.5,23.0,49881,0.0,0.0,0.0
2024-12-17 00:00:00+02:00,23.0,23.200000762939453,22.100000381469727,22.459999084472656,23699,0.0,0.0,0.0
2024-12-18 00:00:00+02:00,22.459999084472656,23.579999923706055,22.030000686645508,23.5,81391,0.0,0.0,0.0
2024-12-19 00:00:00+02:00,23.5,23.969999313354492,23.0,23.549999237060547,16288,0.0,0.0,0.0
2024-12-22 00:00:00+02:00,23.549999237060547,24.719999313354492,23.450000762939453,24.719999313354492,66109,0.0,0.0,0.0
2024-12-23 00:00:00+02:00,24.719999313354492,25.950000762939453,25.200000762939453,25.940000534057617,51149,0.0,0.0,0.0
2024-12-24 00:00:00+02:00,25.940000534057617,27.229999542236328,24.81999969482422,26.969999313354492,93339,0.0,0.0,0.0
2024-12-25 00:00:00+02:00,26.969999313354492,28.0,25.6299991607666,25.700000762939453,34749,0.0,0.0,0.0
2024-12-26 00:00:00+02:00,25.700000762939453,25.860000610351562,24.600000381469727,25.700000762939453,10237,0.0,0.0,0.0
2024-12-29 00:00:00+02:00,25.700000762939453,26.979999542236328,25.010000228881836,26.979999542236328,111572,0.0,0.0,0.0
2024-12-30 00:00:00+02:00,26.979999542236328,28.31999969482422,26.559999465942383,28.31999969482422,213931,0.0,0.0,0.0
2024-12-31 00:00:00+02:00,28.31999969482422,28.200000762939453,26.90999984741211,26.920000076293945,30609,0.0,0.0,0.0
2025-01-02 00:00:00+02:00,26.920000076293945,27.950000762939453,26.0,26.979999542236328,47309,0.0,0.0,0.0
2025-01-05 00:00:00+02:00,26.979999542236328,28.219999313354492,27.0,27.65999984741211,27568,0.0,0.0,0.0
2025-01-06 00:00:00+02:00,27.65999984741211,27.989999771118164,26.68000030517578,26.989999771118164,17615,0.0,0.0,0.0
2025-01-08 00:00:00+02:00,26.989999771118164,27.5,25.700000762939453,26.969999313354492,31742,0.0,0.0,0.0
2025-01-09 00:00:00+02:00,26.969999313354492,27.389999389648438,26.610000610351562,27.020000457763672,16069,0.0,0.0,0.0
2025-01-12 00:00:00+02:00,27.020000457763672,27.200000762939453,25.809999465942383,26.299999237060547,19241,0.0,0.0,0.0
2025-01-13 00:00:00+02:00,26.299999237060547,27.100000381469727,25.0,25.030000686645508,36989,0.0,0.0,0.0
2025-01-14 00:00:00+02:00,25.030000686645508,25.020000457763672,23.780000686645508,23.889999389648438,25901,0.0,0.0,0.0
2025-01-15 00:00:00+02:00,23.889999389648438,25.079999923706055,22.809999465942383,24.950000762939453,16681,0.0,0.0,0.0
2025-01-16 00:00:00+02:00,24.950000762939453,26.190000534057617,26.190000534057617,26.190000534057617,11460,0.0,0.0,0.0
2025-01-19 00:00:00+02:00,24.950000762939453,27.489999771118164,26.190000534057617,27.489999771118164,123329,0.0,0.0,0.0
2025-01-20 00:00:00+02:00,27.489999771118164,28.860000610351562,28.860000610351562,28.860000610351562,83274,0.0,0.0,0.0
2025-01-21 00:00:00+02:00,28.860000610351562,30.299999237060547,28.8700008392334,29.1200008392334,243479,0.0,0.0,0.0
2025-01-22 00:00:00+02:00,29.1200008392334,30.56999969482422,28.829999923706055,30.489999771118164,54697,0.0,0.0,0.0
2025-01-23 00:00:00+02:00,30.489999771118164,30.540000915527344,28.969999313354492,29.170000076293945,27872,0.0,0.0,0.0
2025-01-26 00:00:00+02:00,29.170000076293945,29.75,28.0,28.09000015258789,33210,0.0,0.0,0.0
2025-01-27 00:00:00+02:00,28.09000015258789,29.450000762939453,28.010000228881836,28.93000030517578,40411,0.0,0.0,0.0
2025-01-28 00:00:00+02:00,28.93000030517578,29.3700008392334,28.0,28.030000686645508,15649,0.0,0.0,0.0
2025-01-29 00:00:00+02:00,28.030000686645508,28.889999389648438,26.6299991607666,27.299999237060547,17104,0.0,0.0,0.0
2025-01-30 00:00:00+02:00,27.299999237060547,27.950000762939453,26.649999618530273,27.299999237060547,5703,0.0,0.0,0.0
2025-02-02 00:00:00+02:00,27.299999237060547,28.65999984741211,26.90999984741211,27.299999237060547,9647,0.0,0.0,0.0
2025-02-03 00:00:00+02:00,27.299999237060547,27.899999618530273,26.299999237060547,27.299999237060547,5541,0.0,0.0,0.0
2025-02-04 00:00:00+02:00,27.299999237060547,27.5,26.5,27.299999237060547,7629,0.0,0.0,0.0
2025-02-05 00:00:00+02:00,27.299999237060547,27.0,25.940000534057617,26.149999618530273,13729,0.0,0.0,0.0
2025-02-06 00:00:00+02:00,26.149999618530273,27.450000762939453,25.950000762939453,26.149999618530273,7651,0.0,0.0,0.0
2025-02-09 00:00:00+02:00,26.149999618530273,27.0,26.149999618530273,26.149999618530273,6200,0.0,0.0,0.0
2025-02-10 00:00:00+02:00,26.149999618530273,27.450000762939453,26.059999465942383,27.270000457763672,18333,0.0,0.0,0.0
2025-02-11 00:00:00+02:00,27.270000457763672,28.59000015258789,27.049999237060547,28.399999618530273,12297,0.0,0.0,0.0
2025-02-12 00:00:00+02:00,28.399999618530273,27.8799991607666,26.979999542236328,27.0,14758,0.0,0.0,0.0
2025-02-13 00:00:00+02:00,27.0,27.200000762939453,26.0,27.0,2612,0.0,0.0,0.0
2025-02-16 00:00:00+02:00,27.0,27.190000534057617,25.649999618530273,25.739999771118164,26145,0.0,0.0,0.0
2025-02-17 00:00:00+02:00,25.739999771118164,27.0,24.510000228881836,25.889999389648438,18603,0.0,0.0,0.0
2025-02-18 00:00:00+02:00,25.889999389648438,26.200000762939453,24.940000534057617,25.889999389648438,4091,0.0,0.0,0.0
2025-02-19 00:00:00+02:00,25.889999389648438,26.040000915527344,25.0,25.889999389648438,3700,0.0,0.0,0.0
2025-02-20 00:00:00+02:00,25.889999389648438,26.459999084472656,25.280000686645508,25.889999389648438,9331,0.0,0.0,0.0
2025-02-23 00:00:00+02:00,25.889999389648438,26.700000762939453,25.020000457763672,25.889999389648438,11605,0.0,0.0,0.0
2025-02-24 00:00:00+02:00,25.889999389648438,27.18000030517578,25.25,27.149999618530273,33208,0.0,0.0,0.0
2025-02-25 00:00:00+02:00,27.149999618530273,27.0,25.850000381469727,26.09000015258789,19898,0.0,0.0,0.0
2025-02-26 00:00:00+02:00,26.09000015258789,26.899999618530273,25.420000076293945,26.09000015258789,4439,0.0,0.0,0.0
2025-02-27 00:00:00+02:00,26.09000015258789,26.5,25.540000915527344,26.09000015258789,3486,0.0,0.0,0.0
2025-03-02 00:00:00+02:00,26.09000015258789,26.420000076293945,25.209999084472656,26.09000015258789,3507,0.0,0.0,0.0
2025-03-03 00:00:00+02:00,26.09000015258789,26.09000015258789,25.34000015258789,26.09000015258789,2118,0.0,0.0,0.0
2025-03-04 00:00:00+02:00,26.09000015258789,26.299999237060547,25.100000381469727,26.09000015258789,8463,0.0,0.0,0.0
2025-03-05 00:00:00+02:00,26.09000015258789,26.229999542236328,26.0,26.09000015258789,6702,0.0,0.0,0.0
2025-03-06 00:00:00+02:00,26.09000015258789,27.389999389648438,26.479999542236328,27.139999389648438,23123,0.0,0.0,0.0
2025-03-09 00:00:00+02:00,27.139999389648438,28.489999771118164,28.489999771118164,28.489999771118164,10531,0.0,0.0,0.0
2025-03-10 00:00:00+02:00,28.489999771118164,29.90999984741211,29.90999984741211,29.90999984741211,10172,0.0,0.0,0.0
2025-03-11 00:00:00+02:00,29.90999984741211,31.399999618530273,31.399999618530273,31.399999618530273,35440,0.0,0.0,0.0
2025-03-12 00:00:00+02:00,31.399999618530273,32.970001220703125,32.939998626708984,32.970001220703125,80113,0.0,0.0,0.0
2025-03-13 00:00:00+02:00,32.970001220703125,34.61000061035156,33.099998474121094,34.61000061035156,271077,0.0,0.0,0.0
2025-03-16 00:00:00+02:00,34.61000061035156,36.150001525878906,33.029998779296875,34.099998474121094,61058,0.0,0.0,0.0
2025-03-17 00:00:00+02:00,34.099998474121094,34.099998474121094,32.400001525878906,32.97999954223633,46108,0.0,0.0,0.0
2025-03-18 00:00:00+02:00,32.97999954223633,33.75,31.700000762939453,32.38999938964844,41113,0.0,0.0,0.0
2025-03-19 00:00:00+02:00,32.38999938964844,33.77000045776367,32.5,33.2599983215332,9816,0.0,0.0,0.0
2025-03-20 00:00:00+02:00,33.2599983215332,34.91999816894531,33.88999938964844,34.90999984741211,68530,0.0,0.0,0.0
2025-03-23 00:00:00+02:00,34.90999984741211,36.650001525878906,36.0099983215332,36.650001525878906,58802,0.0,0.0,0.0
2025-03-24 00:00:00+02:00,36.650001525878906,36.29999923706055,34.81999969482422,34.81999969482422,71518,0.0,0.0,0.0
2025-03-25 00:00:00+02:00,34.81999969482422,35.97999954223633,33.08000183105469,33.970001220703125,58862,0.0,0.0,0.0
2025-03-26 00:00:00+02:00,33.970001220703125,35.65999984741211,33.18000030517578,35.43000030517578,19249,0.0,0.0,0.0
2025-03-27 00:00:00+02:00,35.43000030517578,36.900001525878906,34.02000045776367,35.470001220703125,31683,0.0,0.0,0.0
2025-04-03 00:00:00+02:00,35.470001220703125,37.2400016784668,33.70000076293945,37.2400016784668,254832,0.0,0.0,0.0
2025-04-06 00:00:00+02:00,37.2400016784668,37.900001525878906,35.380001068115234,35.56999969482422,127268,0.0,0.0,0.0
2025-04-07 00:00:00+02:00,35.56999969482422,35.400001525878906,33.79999923706055,34.45000076293945,160353,0.0,0.0,0.0
2025-04-08 00:00:00+02:00,34.45000076293945,36.16999816894531,34.0,35.20000076293945,44608,0.0,0.0,0.0
2025-04-09 00:00:00+02:00,35.20000076293945,35.7400016784668,33.439998626708984,33.630001068115234,27928,0.0,0.0,0.0
2025-04-10 00:00:00+02:00,33.630001068115234,35.0,32.119998931884766,33.880001068115234,27272,0.0,0.0,0.0
2025-04-13 00:00:00+02:00,33.880001068115234,34.599998474121094,32.70000076293945,33.880001068115234,6032,0.0,0.0,0.0
2025-04-14 00:00:00+02:00,33.880001068115234,34.13999938964844,33.0,33.209999084472656,15473,0.0,0.0,0.0
2025-04-15 00:00:00+02:00,33.209999084472656,33.959999084472656,32.0,32.349998474121094,25672,0.0,0.0,0.0
2025-04-16 00:00:00+02:00,32.349998474121094,33.47999954223633,31.600000381469727,32.25,12782,0.0,0.0,0.0
2025-04-17 00:00:00+02:00,32.25,32.9900016784668,31.149999618530273,31.790000915527344,22458,0.0,0.0,0.0
2025-04-22 00:00:00+02:00,31.790000915527344,33.369998931884766,32.0,33.369998931884766,35166,0.0,0.0,0.0
2025-04-23 00:00:00+02:00,33.369998931884766,34.849998474121094,33.400001525878906,34.400001525878906,17154,0.0,0.0,0.0
2025-04-27 00:00:00+03:00,34.400001525878906,36.119998931884766,34.70000076293945,35.90999984741211,34225,0.0,0.0,0.0
2025-04-28 00:00:00+03:00,35.90999984741211,36.04999923706055,34.540000915527344,35.90999984741211,6207,0.0,0.0,0.0
2025-04-29 00:00:00+03:00,35.90999984741211,35.790000915527344,34.54999923706055,34.97999954223633,9211,0.0,0.0,0.0
2025-04-30 00:00:00+03:00,34.97999954223633,35.869998931884766,34.650001525878906,34.77000045776367,12844,0.0,0.0,0.0
2025-05-04 00:00:00+03:00,34.77000045776367,34.939998626708984,33.400001525878906,34.77000045776367,2251,0.0,0.0,0.0
2025-05-05 00:00:00+03:00,34.77000045776367,34.689998626708984,33.810001373291016,34.099998474121094,27858,0.0,0.0,0.0
2025-05-06 00:00:00+03:00,34.099998474121094,34.099998474121094,33.5,34.099998474121094,3190,0.0,0.0,0.0
2025-05-07 00:00:00+03:00,34.099998474121094,33.95000076293945,33.0,34.099998474121094,6641,0.0,0.0,0.0
2025-05-08 00:00:00+03:00,34.099998474121094,35.68000030517578,33.20000076293945,35.560001373291016,49191,0.0,0.0,0.0
2025-05-11 00:00:00+03:00,35.560001373291016,37.33000183105469,36.0,37.33000183105469,60402,0.0,0.0,0.0
2025-05-12 00:00:00+03:00,37.33000183105469,39.189998626708984,37.849998474121094,37.959999084472656,60178,0.0,0.0,0.0
2025-05-13 00:00:00+03:00,37.959999084472656,38.849998474121094,36.5099983215332,37.45000076293945,36052,0.0,0.0,0.0
2025-05-14 00:00:00+03:00,37.45000076293945,39.2400016784668,37.099998474121094,39.119998931884766,46060,0.0,0.0,0.0
2025-05-15 00:00:00+03:00,39.119998931884766,40.959999084472656,38.15999984741211,40.52000045776367,49681,0.0,0.0,0.0
2025-05-18 00:00:00+03:00,40.52000045776367,41.5,40.029998779296875,40.439998626708984,21973,0.0,0.0,0.0
2025-05-19 00:00:00+03:00,40.439998626708984,41.0,39.060001373291016,40.369998931884766,13693,0.0,0.0,0.0
2025-05-20 00:00:00+03:00,40.369998931884766,41.4900016784668,39.0,41.13999938964844,44753,0.0,0.0,0.0
2025-05-21 00:00:00+03:00,41.13999938964844,41.650001525878906,40.0,40.0,28038,0.0,0.0,0.0
2025-05-22 00:00:00+03:00,40.0,41.0,39.20000076293945,40.130001068115234,9021,0.0,0.0,0.0
2025-05-25 00:00:00+03:00,40.130001068115234,40.970001220703125,40.0,40.0,15704,0.0,0.0,0.0
2025-05-26 00:00:00+03:00,40.0,40.779998779296875,39.9900016784668,40.060001373291016,19056,0.0,0.0,0.0
2025-05-27 00:00:00+03:00,40.060001373291016,40.79999923706055,39.66999816894531,40.119998931884766,18444,0.0,0.0,0.0
2025-05-28 00:00:00+03:00,40.119998931884766,41.0,39.70000076293945,40.77000045776367,18277,0.0,0.0,0.0
2025-05-29 00:00:00+03:00,40.77000045776367,40.97999954223633,39.529998779296875,40.77000045776367,4639,0.0,0.0,0.0
2025-06-01 00:00:00+03:00,40.77000045776367,40.599998474121094,39.54999923706055,40.77000045776367,101,0.0,0.0,0.0
2025-06-02 00:00:00+03:00,40.77000045776367,40.599998474121094,39.349998474121094,40.77000045776367,6411,0.0,0.0,0.0
2025-06-03 00:00:00+03:00,40.77000045776367,40.25,38.7400016784668,38.7400016784668,20430,0.0,0.0,0.0
2025-06-04 00:00:00+03:00,38.7400016784668,39.88999938964844,36.849998474121094,37.400001525878906,35824,0.0,0.0,0.0
2025-06-10 00:00:00+03:00,37.400001525878906,39.16999816894531,37.40999984741211,37.400001525878906,897,0.0,0.0,0.0
2025-06-11 00:00:00+03:00,37.400001525878906,38.77000045776367,37.650001525878906,37.939998626708984,13209,0.0,0.0,0.0
2025-06-12 00:00:00+03:00,37.939998626708984,37.88999938964844,36.29999923706055,36.880001068115234,14981,0.0,0.0,0.0
2025-06-15 00:00:00+03:00,36.880001068115234,36.86000061035156,35.040000915527344,36.880001068115234,4184,0.0,0.0,0.0
2025-06-16 00:00:00+03:00,36.880001068115234,37.95000076293945,35.40999984741211,36.880001068115234,979,0.0,0.0,0.0
2025-06-17 00:00:00+03:00,36.880001068115234,37.56999969482422,35.040000915527344,35.380001068115234,13293,0.0,0.0,0.0
2025-06-18 00:00:00+03:00,35.380001068115234,35.33000183105469,33.619998931884766,33.619998931884766,30723,0.0,0.0,0.0
2025-06-19 00:00:00+03:00,33.619998931884766,34.18000030517578,33.45000076293945,33.619998931884766,4557,0.0,0.0,0.0
2025-06-22 00:00:00+03:00,33.619998931884766,34.470001220703125,32.459999084472656,33.619998931884766,2995,0.0,0.0,0.0
2025-06-23 00:00:00+03:00,33.619998931884766,35.29999923706055,33.0,33.02000045776367,50653,0.0,0.0,0.0
2025-06-24 00:00:00+03:00,33.02000045776367,34.63999938964844,33.650001525878906,33.02000045776367,7115,0.0,0.0,0.0
2025-06-25 00:00:00+03:00,33.02000045776367,34.650001525878906,33.720001220703125,34.040000915527344,12952,0.0,0.0,0.0
2025-06-29 00:00:00+03:00,34.040000915527344,35.7400016784668,34.2599983215332,34.93000030517578,9812,0.0,0.0,0.0
2025-06-30 00:00:00+03:00,34.93000030517578,35.5,34.4900016784668,34.93000030517578,3236,0.0,0.0,0.0
2025-07-01 00:00:00+03:00,34.93000030517578,35.0,34.0,34.93000030517578,6468,0.0,0.0,0.0
2025-07-02 00:00:00+03:00,34.93000030517578,35.29999923706055,33.81999969482422,34.779998779296875,9641,0.0,0.0,0.0
2025-07-06 00:00:00+03:00,34.779998779296875,35.279998779296875,34.0,34.099998474121094,23041,0.0,0.0,0.0
2025-07-07 00:00:00+03:00,34.099998474121094,35.400001525878906,33.20000076293945,34.709999084472656,9273,0.0,0.0,0.0
2025-07-09 00:00:00+03:00,34.709999084472656,35.650001525878906,33.40999984741211,34.709999084472656,2857,0.0,0.0,0.0
2025-07-10 00:00:00+03:00,34.709999084472656,35.45000076293945,34.06999969482422,34.709999084472656,2041,0.0,0.0,0.0
2025-07-13 00:00:00+03:00,34.709999084472656,34.900001525878906,34.0,34.709999084472656,2012,0.0,0.0,0.0
2025-07-14 00:00:00+03:00,34.709999084472656,34.4900016784668,33.31999969482422,34.709999084472656,2147,0.0,0.0,0.0
2025-07-15 00:00:00+03:00,34.709999084472656,34.4900016784668,33.380001068115234,34.709999084472656,6512,0.0,0.0,0.0
2025-07-16 00:00:00+03:00,34.709999084472656,34.33000183105469,33.0099983215332,33.790000915527344,9474,0.0,0.0,0.0
2025-07-17 00:00:00+03:00,33.790000915527344,34.0,33.25,33.790000915527344,3787,0.0,0.0,0.0
2025-07-20 00:00:00+03:00,33.790000915527344,33.9900016784668,32.11000061035156,32.13999938964844,22738,0.0,0.0,0.0
2025-07-21 00:00:00+03:00,32.13999938964844,33.7400016784668,32.119998931884766,33.7400016784668,20162,0.0,0.0,0.0
2025-07-22 00:00:00+03:00,33.7400016784668,34.29999923706055,33.0,33.04999923706055,16335,0.0,0.0,0.0
2025-07-23 00:00:00+03:00,33.04999923706055,33.04999923706055,33.04999923706055,33.04999923706055,0,0.0,0.0,0.0
2025-07-27 00:00:00+03:00,32.25,32.95000076293945,31.979999542236328,32.25,6755,0.0,0.0,0.0
2025-07-28 00:00:00+03:00,32.25,33.79999923706055,31.030000686645508,31.940000534057617,23398,0.0,0.0,0.0
2025-07-29 00:00:00+03:00,31.940000534057617,33.529998779296875,32.0,32.5,18302,0.0,0.0,0.0
2025-07-30 00:00:00+03:00,32.5,34.119998931884766,32.54999923706055,33.189998626708984,27356,0.0,0.0,0.0
2025-07-31 00:00:00+03:00,33.189998626708984,33.7400016784668,31.799999237060547,33.189998626708984,5578,0.0,0.0,0.0
2025-08-03 00:00:00+03:00,33.189998626708984,33.189998626708984,33.189998626708984,33.189998626708984,0,0.0,0.0,0.0
2025-08-04 00:00:00+03:00,33.189998626708984,33.189998626708984,33.189998626708984,33.189998626708984,0,0.0,0.0,0.0
2025-08-05 00:00:00+03:00,33.189998626708984,33.189998626708984,33.189998626708984,33.189998626708984,0,0.0,0.0,0.0
2025-08-06 00:00:00+03:00,33.189998626708984,33.189998626708984,33.189998626708984,33.189998626708984,0,0.0,0.0,0.0
2025-08-07 00:00:00+03:00,33.189998626708984,33.189998626708984,33.189998626708984,33.189998626708984,0,0.0,0.0,0.0
2025-08-10 00:00:00+03:00,32.689998626708984,33.13999938964844,32.029998779296875,32.310001373291016,12486,0.0,0.0,0.0
2025-08-11 00:00:00+03:00,32.310001373291016,32.970001220703125,32.5,32.52000045776367,11114,0.0,0.0,0.0
2025-08-12 00:00:00+03:00,32.52000045776367,33.91999816894531,32.0,33.4900016784668,15069,0.0,0.0,0.0
2025-08-13 00:00:00+03:00,33.4900016784668,33.91999816894531,33.0,33.5099983215332,15590,0.0,0.0,0.0
2025-08-14 00:00:00+03:00,33.5099983215332,35.16999816894531,33.5,33.83000183105469,19127,0.0,0.0,0.0
2025-08-17 00:00:00+03:00,33.83000183105469,34.25,33.25,33.83000183105469,7218,0.0,0.0,0.0
2025-08-18 00:00:00+03:00,33.83000183105469,34.22999954223633,33.06999969482422,33.83000183105469,1537,0.0,0.0,0.0
2025-08-19 00:00:00+03:00,33.83000183105469,33.9900016784668,33.40999984741211,33.83000183105469,5748,0.0,0.0,0.0
2025-08-20 00:00:00+03:00,33.83000183105469,33.90999984741211,33.0,33.83000183105469,8602,0.0,0.0,0.0
2025-08-21 00:00:00+03:00,33.83000183105469,34.0,33.0,33.77000045776367,26544,0.0,0.0,0.0
2025-08-24 00:00:00+03:00,33.77000045776367,35.45000076293945,33.099998474121094,35.45000076293945,67449,0.0,0.0,0.0
2025-08-25 00:00:00+03:00,35.45000076293945,37.220001220703125,37.220001220703125,37.220001220703125,10802,0.0,0.0,0.0
2025-08-26 00:00:00+03:00,37.220001220703125,39.08000183105469,39.0,39.08000183105469,138855,0.0,0.0,0.0
2025-08-27 00:00:00+03:00,39.08000183105469,41.029998779296875,39.54999923706055,40.93000030517578,154938,0.0,0.0,0.0
2025-08-28 00:00:00+03:00,40.93000030517578,42.400001525878906,39.06999969482422,40.02000045776367,46891,0.0,0.0,0.0
2025-08-31 00:00:00+03:00,40.02000045776367,40.0,38.02000045776367,38.02000045776367,52201,0.0,0.0,0.0
2025-09-01 00:00:00+03:00,38.02000045776367,38.599998474121094,36.5099983215332,37.970001220703125,17441,0.0,0.0,0.0
2025-09-02 00:00:00+03:00,37.970001220703125,39.70000076293945,36.70000076293945,38.08000183105469,56757,0.0,0.0,0.0
2025-09-03 00:00:00+03:00,38.08000183105469,39.70000076293945,37.0,37.189998626708984,45932,0.0,0.0,0.0
2025-09-07 00:00:00+03:00,37.189998626708984,38.63999938964844,36.20000076293945,36.63999938964844,15435,0.0,0.0,0.0
2025-09-08 00:00:00+03:00,36.63999938964844,38.470001220703125,35.25,38.470001220703125,43439,0.0,0.0,0.0
2025-09-09 00:00:00+03:00,38.470001220703125,39.790000915527344,37.2400016784668,38.470001220703125,5381,0.0,0.0,0.0
2025-09-10 00:00:00+03:00,38.470001220703125,38.4900016784668,36.54999923706055,37.630001068115234,37233,0.0,0.0,0.0
2025-09-11 00:00:00+03:00,37.630001068115234,38.5,37.13999938964844,38.209999084472656,8719,0.0,0.0,0.0
2025-09-14 00:00:00+03:00,38.209999084472656,39.70000076293945,37.02000045776367,39.310001373291016,33080,0.0,0.0,0.0
2025-09-15 00:00:00+03:00,39.310001373291016,39.66999816894531,38.11000061035156,38.599998474121094,24469,0.0,0.0,0.0
2025-09-16 00:00:00+03:00,38.599998474121094,39.400001525878906,37.54999923706055,38.209999084472656,28867,0.0,0.0,0.0
2025-09-17 00:00:00+03:00,38.209999084472656,40.119998931884766,38.0,40.119998931884766,76604,0.0,0.0,0.0
2025-09-18 00:00:00+03:00,40.119998931884766,41.79999923706055,39.79999923706055,39.90999984741211,38717,0.0,0.0,0.0
2025-09-21 00:00:00+03:00,39.90999984741211,41.900001525878906,40.95000076293945,41.900001525878906,84826,0.0,0.0,0.0
2025-09-22 00:00:00+03:00,41.900001525878906,43.83000183105469,40.599998474121094,41.7400016784668,18746,0.0,0.0,0.0
2025-09-23 00:00:00+03:00,41.7400016784668,42.54999923706055,40.65999984741211,40.880001068115234,21408,0.0,0.0,0.0
2025-09-24 00:00:00+03:00,40.880001068115234,41.470001220703125,39.810001373291016,40.5,7911,0.0,0.0,0.0
2025-09-25 00:00:00+03:00,40.5,40.5,39.22999954223633,39.810001373291016,25976,0.0,0.0,0.0
2025-09-28 00:00:00+03:00,39.810001373291016,40.45000076293945,38.52000045776367,39.11000061035156,11456,0.0,0.0,0.0
2025-09-29 00:00:00+03:00,39.11000061035156,40.0,38.529998779296875,39.45000076293945,16830,0.0,0.0,0.0
2025-09-30 00:00:00+03:00,39.45000076293945,40.0,37.75,38.279998779296875,58702,0.0,0.0,0.0
2025-10-01 00:00:00+03:00,38.279998779296875,39.400001525878906,37.7599983215332,38.040000915527344,30371,0.0,0.0,0.0
2025-10-02 00:00:00+03:00,38.040000915527344,39.0,36.630001068115234,37.380001068115234,31032,0.0,0.0,0.0
2025-10-05 00:00:00+03:00,37.380001068115234,38.869998931884766,36.0,38.11000061035156,20015,0.0,0.0,0.0
2025-10-06 00:00:00+03:00,38.11000061035156,38.45000076293945,36.75,38.11000061035156,7910,0.0,0.0,0.0
2025-10-07 00:00:00+03:00,38.11000061035156,38.70000076293945,36.529998779296875,37.72999954223633,9699,0.0,0.0,0.0
2025-10-08 00:00:00+03:00,37.72999954223633,38.04999923706055,36.599998474121094,37.540000915527344,30749,0.0,0.0,0.0
2025-10-12 00:00:00+03:00,37.540000915527344,37.790000915527344,36.650001525878906,37.189998626708984,27496,0.0,0.0,0.0
2025-10-13 00:00:00+03:00,37.189998626708984,38.4900016784668,36.79999923706055,38.189998626708984,26407,0.0,0.0,0.0
2025-10-14 00:00:00+03:00,38.189998626708984,38.66999816894531,37.099998474121094,37.189998626708984,13577,0.0,0.0,0.0
2025-10-15 00:00:00+03:00,37.189998626708984,38.400001525878906,37.599998474121094,38.08000183105469,23584,0.0,0.0,0.0
2025-10-16 00:00:00+03:00,38.08000183105469,38.400001525878906,37.5,38.02000045776367,14747,0.0,0.0,0.0
2025-10-19 00:00:00+03:00,38.02000045776367,39.0,37.119998931884766,37.5099983215332,62695,0.0,0.0,0.0
2025-10-20 00:00:00+03:00,37.5099983215332,38.869998931884766,37.54999923706055,37.93000030517578,19715,0.0,0.0,0.0
2025-10-21 00:00:00+03:00,37.93000030517578,39.81999969482422,38.459999084472656,39.81999969482422,84752,0.0,0.0,0.0
2025-10-22 00:00:00+03:00,39.81999969482422,41.77000045776367,39.099998474121094,40.70000076293945,43017,0.0,0.0,0.0
2025-10-23 00:00:00+03:00,40.70000076293945,41.040000915527344,39.5,39.90999984741211,19649,0.0,0.0,0.0
2025-10-26 00:00:00+03:00,39.90999984741211,41.400001525878906,39.61000061035156,41.06999969482422,12650,0.0,0.0,0.0
2025-10-27 00:00:00+03:00,41.06999969482422,41.400001525878906,39.79999923706055,40.08000183105469,31018,0.0,0.0,0.0
2025-10-28 00:00:00+03:00,40.08000183105469,40.70000076293945,39.20000076293945,40.04999923706055,10652,0.0,0.0,0.0
2025-10-29 00:00:00+03:00,40.04999923706055,40.4900016784668,39.75,40.04999923706055,5829,0.0,0.0,0.0
2025-10-30 00:00:00+03:00,40.04999923706055,41.369998931884766,39.2599983215332,41.02000045776367,19839,0.0,0.0,0.0
2025-11-02 00:00:00+02:00,41.02000045776367,41.290000915527344,39.79999923706055,41.099998474121094,15553,0.0,0.0,0.0
2025-11-03 00:00:00+02:00,41.099998474121094,40.939998626708984,39.79999923706055,39.88999938964844,19346,0.0,0.0,0.0
2025-11-04 00:00:00+02:00,39.88999938964844,40.88999938964844,39.29999923706055,39.88999938964844,4799,0.0,0.0,0.0
2025-11-05 00:00:00+02:00,39.88999938964844,40.75,39.099998474121094,39.34000015258789,13159,0.0,0.0,0.0
2025-11-06 00:00:00+02:00,39.34000015258789,40.790000915527344,39.119998931884766,39.34000015258789,4635,0.0,0.0,0.0
2025-11-09 00:00:00+02:00,39.34000015258789,40.0,39.0,39.34000015258789,7299,0.0,0.0,0.0
2025-11-10 00:00:00+02:00,39.34000015258789,40.20000076293945,39.369998931884766,39.900001525878906,9224,0.0,0.0,0.0
2025-11-11 00:00:00+02:00,39.900001525878906,39.97999954223633,38.709999084472656,39.0,7819,0.0,0.0,0.0
2025-11-12 00:00:00+02:00,39.0,39.599998474121094,38.5,39.0,5204,0.0,0.0,0.0
2025-11-13 00:00:00+02:00,39.0,40.0,37.5,39.849998474121094,31698,0.0,0.0,0.0
2025-11-16 00:00:00+02:00,39.849998474121094,37.86000061035156,37.86000061035156,39.849998474121094,1237,0.0,0.0,0.0
2025-11-17 00:00:00+02:00,39.849998474121094,37.86000061035156,37.86000061035156,37.86000061035156,12575,0.0,0.0,0.0
2025-11-18 00:00:00+02:00,37.86000061035156,37.86000061035156,35.970001220703125,37.86000061035156,6067,0.0,0.0,0.0
2025-11-19 00:00:00+02:00,37.86000061035156,37.630001068115234,35.970001220703125,35.970001220703125,263439,0.0,0.0,0.0
2025-11-20 00:00:00+02:00,35.970001220703125,37.7599983215332,35.0099983215332,37.16999816894531,16353,0.0,0.0,0.0
2025-11-23 00:00:00+02:00,37.16999816894531,38.869998931884766,36.099998474121094,38.119998931884766,117282,0.0,0.0,0.0
2025-11-24 00:00:00+02:00,38.119998931884766,38.959999084472656,36.529998779296875,38.119998931884766,2661,0.0,0.0,0.0
2025-11-25 00:00:00+02:00,38.119998931884766,37.95000076293945,36.599998474121094,36.959999084472656,14324,0.0,0.0,0.0
2025-11-26 00:00:00+02:00,36.959999084472656,37.2400016784668,35.15999984741211,35.220001220703125,33166,0.0,0.0,0.0
2025-11-27 00:00:00+02:00,35.220001220703125,36.79999923706055,35.15999984741211,36.0,9243,0.0,0.0,0.0
2025-11-30 00:00:00+02:00,36.0,37.4900016784668,35.529998779296875,36.0,5741,0.0,0.0,0.0
2025-12-01 00:00:00+02:00,36.0,37.45000076293945,35.2599983215332,36.0,4866,0.0,0.0,0.0
2025-12-02 00:00:00+02:00,36.0,37.0,35.709999084472656,36.0,3431,0.0,0.0,0.0
2025-12-03 00:00:00+02:00,36.0,36.900001525878906,35.709999084472656,36.27000045776367,11019,0.0,0.0,0.0
2025-12-04 00:00:00+02:00,36.27000045776367,36.9900016784668,35.810001373291016,35.810001373291016,101913,0.0,0.0,0.0
2025-12-07 00:00:00+02:00,35.810001373291016,36.9900016784668,35.81999969482422,35.810001373291016,1572,0.0,0.0,0.0
2025-12-08 00:00:00+02:00,35.810001373291016,37.599998474121094,35.86000061035156,37.599998474121094,98596,0.0,0.0,0.0
2025-12-09 00:00:00+02:00,37.599998474121094,39.47999954223633,37.599998474121094,39.470001220703125,53765,0.0,0.0,0.0
2025-12-10 00:00:00+02:00,39.470001220703125,41.439998626708984,38.0099983215332,41.36000061035156,70286,0.0,0.0,0.0
2025-12-11 00:00:00+02:00,41.36000061035156,43.31999969482422,40.599998474121094,42.70000076293945,17966,0.0,0.0,0.0
2025-12-14 00:00:00+02:00,42.70000076293945,44.83000183105469,44.83000183105469,44.83000183105469,67155,0.0,0.0,0.0
2025-12-15 00:00:00+02:00,44.83000183105469,47.06999969482422,44.5,47.06999969482422,91781,0.0,0.0,0.0
2025-12-16 00:00:00+02:00,47.06999969482422,49.41999816894531,48.0099983215332,49.41999816894531,119900,0.0,0.0,0.0
2025-12-17 00:00:00+02:00,49.41999816894531,51.70000076293945,47.06999969482422,48.849998474121094,37654,0.0,0.0,0.0
2025-12-18 00:00:00+02:00,48.849998474121094,50.9900016784668,46.70000076293945,47.0,136632,0.0,0.0,0.0
2025-12-21 00:00:00+02:00,47.0,47.0,44.650001525878906,44.75,70080,0.0,0.0,0.0
2025-12-22 00:00:00+02:00,44.75,45.5,42.650001525878906,44.869998931884766,114040,0.0,0.0,0.0
2025-12-23 00:00:00+02:00,44.869998931884766,44.869998931884766,42.630001068115234,42.630001068115234,21959,0.0,0.0,0.0
2025-12-24 00:00:00+02:00,42.630001068115234,44.720001220703125,41.20000076293945,41.88999938964844,46305,0.0,0.0,0.0
2025-12-25 00:00:00+02:00,41.88999938964844,43.88999938964844,42.41999816894531,42.5,39798,0.0,0.0,0.0
2025-12-28 00:00:00+02:00,42.5,43.0,40.380001068115234,40.790000915527344,306011,0.0,0.0,0.0
2025-12-29 00:00:00+02:00,40.790000915527344,42.27000045776367,39.310001373291016,40.099998474121094,28258,0.0,0.0,0.0
2025-12-30 00:00:00+02:00,40.099998474121094,41.470001220703125,39.0,39.83000183105469,24202,0.0,0.0,0.0
2025-12-31 00:00:00+02:00,39.83000183105469,40.38999938964844,39.0,40.119998931884766,20550,0.0,0.0,0.0
2026-01-04 00:00:00+02:00,40.119998931884766,40.119998931884766,40.119998931884766,40.119998931884766,0,0.0,0.0,0.0
2026-01-05 00:00:00+02:00,40.119998931884766,42.119998931884766,38.27000045776367,42.119998931884766,64893,0.0,0.0,0.0
2026-01-06 00:00:00+02:00,42.119998931884766,44.220001220703125,42.0,44.209999084472656,104647,0.0,0.0,0.0
2026-01-08 00:00:00+02:00,44.209999084472656,45.86000061035156,42.529998779296875,43.369998931884766,8821,0.0,0.0,0.0
2026-01-11 00:00:00+02:00,43.369998931884766,44.0,41.81999969482422,42.41999816894531,16163,0.0,0.0,0.0
2026-01-12 00:00:00+02:00,42.41999816894531,43.130001068115234,40.29999923706055,41.45000076293945,32907,0.0,0.0,0.0
2026-01-13 00:00:00+02:00,41.45000076293945,42.95000076293945,40.40999984741211,41.36000061035156,12566,0.0,0.0,0.0
2026-01-14 00:00:00+02:00,41.36000061035156,41.400001525878906,39.29999923706055,39.599998474121094,16415,0.0,0.0,0.0
2026-01-15 00:00:00+02:00,39.599998474121094,40.77000045776367,37.650001525878906,37.849998474121094,13856,0.0,0.0,0.0
2026-01-18 00:00:00+02:00,37.849998474121094,39.0,38.0,37.849998474121094,4844,0.0,0.0,0.0
2026-01-19 00:00:00+02:00,37.849998474121094,39.5,38.380001068115234,37.849998474121094,5678,0.0,0.0,0.0
2026-01-20 00:00:00+02:00,37.849998474121094,39.7400016784668,39.0,39.630001068115234,18493,0.0,0.0,0.0
2026-01-21 00:00:00+02:00,39.630001068115234,41.38999938964844,38.0099983215332,39.630001068115234,4745,0.0,0.0,0.0
2026-01-22 00:00:00+02:00,39.630001068115234,40.38999938964844,38.029998779296875,39.630001068115234,6658,0.0,0.0,0.0
2026-01-25 00:00:00+02:00,39.630001068115234,40.20000076293945,37.650001525878906,37.66999816894531,47395,0.0,0.0,0.0
2026-01-26 00:00:00+02:00,37.66999816894531,38.880001068115234,36.0,37.66999816894531,6869,0.0,0.0,0.0
2026-01-27 00:00:00+02:00,37.66999816894531,37.9900016784668,36.77000045776367,37.66999816894531,4163,0.0,0.0,0.0
2026-01-28 00:00:00+02:00,37.66999816894531,37.66999816894531,35.849998474121094,37.66999816894531,7876,0.0,0.0,0.0
2026-02-01 00:00:00+02:00,37.66999816894531,37.66999816894531,35.86000061035156,37.66999816894531,1150,0.0,0.0,0.0
2026-02-02 00:00:00+02:00,37.66999816894531,37.66999816894531,36.119998931884766,37.66999816894531,738,0.0,0.0,0.0
2026-02-03 00:00:00+02:00,37.66999816894531,39.349998474121094,37.0099983215332,38.93000030517578,8872,0.0,0.0,0.0
2026-02-04 00:00:00+02:00,38.93000030517578,39.33000183105469,37.65999984741211,38.93000030517578,4228,0.0,0.0,0.0
