Date,Open,High,Low,Close,Volume,Dividends,Stock Splits,Capital Gains
2021-01-03 00:00:00+02:00,9.170000076293945,9.199999809265137,8.739999771118164,8.989999771118164,1952832,0.0,0.0,0.0
2021-01-04 00:00:00+02:00,8.989999771118164,9.109999656677246,8.220000267028809,8.649999618530273,1725731,0.0,0.0,0.0
2021-01-05 00:00:00+02:00,8.649999618530273,9.09000015258789,8.399999618530273,8.789999961853027,2767079,0.0,0.0,0.0
2021-01-06 00:00:00+02:00,8.789999961853027,8.890000343322754,8.569999694824219,8.699999809265137,991001,0.0,0.0,0.0
2021-01-10 00:00:00+02:00,8.699999809265137,8.760000228881836,7.829999923706055,8.069999694824219,2544900,0.0,0.0,0.0
2021-01-11 00:00:00+02:00,8.069999694824219,7.800000190734863,7.269999980926514,7.5,2396587,0.0,0.0,0.0
2021-01-12 00:00:00+02:00,7.5,7.699999809265137,6.900000095367432,7.320000171661377,3201214,0.0,0.0,0.0
2021-01-13 00:00:00+02:00,7.320000171661377,7.809999942779541,7.389999866485596,7.550000190734863,3438282,0.0,0.0,0.0
2021-01-14 00:00:00+02:00,7.550000190734863,7.550000190734863,7.239999771118164,7.380000114440918,1638167,0.0,0.0,0.0
2021-01-17 00:00:00+02:00,7.380000114440918,7.389999866485596,7.050000190734863,7.170000076293945,1504137,0.0,0.0,0.0
2021-01-18 00:00:00+02:00,7.170000076293945,7.269999980926514,6.71999979019165,6.96999979019165,2233344,0.0,0.0,0.0
2021-01-19 00:00:00+02:00,6.96999979019165,7.269999980926514,6.78000020980835,7.110000133514404,2637190,0.0,0.0,0.0
2021-01-20 00:00:00+02:00,7.110000133514404,7.300000190734863,6.960000038146973,7.110000133514404,1286794,0.0,0.0,0.0
2021-01-21 00:00:00+02:00,7.110000133514404,7.179999828338623,7.0,7.059999942779541,942693,0.0,0.0,0.0
2021-01-24 00:00:00+02:00,7.059999942779541,7.199999809265137,6.929999828338623,7.119999885559082,1256436,0.0,0.0,0.0
2021-01-25 00:00:00+02:00,7.119999885559082,7.119999885559082,7.119999885559082,7.119999885559082,0,0.0,0.0,0.0
2021-01-26 00:00:00+02:00,7.170000076293945,7.260000228881836,7.019999980926514,7.079999923706055,806655,0.0,0.0,0.0
2021-01-27 00:00:00+02:00,7.079999923706055,7.099999904632568,6.849999904632568,6.949999809265137,910359,0.0,0.0,0.0
2021-01-31 00:00:00+02:00,6.949999809265137,6.940000057220459,6.639999866485596,6.739999771118164,982855,0.0,0.0,0.0
2021-02-01 00:00:00+02:00,6.739999771118164,6.860000133514404,6.710000038146973,6.78000020980835,737508,0.0,0.0,0.0
2021-02-02 00:00:00+02:00,6.78000020980835,7.159999847412109,6.75,7.0,1581822,0.0,0.0,0.0
2021-02-03 00:00:00+02:00,7.0,7.150000095367432,6.860000133514404,6.989999771118164,680281,0.0,0.0,0.0
2021-02-04 00:00:00+02:00,6.989999771118164,6.980000019073486,6.710000038146973,6.800000190734863,520820,0.0,0.0,0.0
2021-02-07 00:00:00+02:00,6.800000190734863,7.139999866485596,6.800000190734863,7.019999980926514,1622885,0.0,0.0,0.0
2021-02-08 00:00:00+02:00,7.019999980926514,7.119999885559082,6.769999980926514,6.96999979019165,1284361,0.0,0.0,0.0
2021-02-09 00:00:00+02:00,6.96999979019165,6.940000057220459,6.800000190734863,6.880000114440918,385330,0.0,0.0,0.0
2021-02-10 00:00:00+02:00,6.880000114440918,7.099999904632568,6.900000095367432,7.0,996887,0.0,0.0,0.0
2021-02-11 00:00:00+02:00,7.0,7.099999904632568,6.900000095367432,6.980000019073486,746544,0.0,0.0,0.0
2021-02-14 00:00:00+02:00,6.980000019073486,7.059999942779541,6.650000095367432,6.829999923706055,516845,0.0,0.0,0.0
2021-02-15 00:00:00+02:00,6.829999923706055,6.869999885559082,6.610000133514404,6.71999979019165,304547,0.0,0.0,0.0
2021-02-16 00:00:00+02:00,6.71999979019165,6.820000171661377,6.590000152587891,6.690000057220459,473545,0.0,0.0,0.0
2021-02-17 00:00:00+02:00,6.690000057220459,6.730000019073486,6.360000133514404,6.460000038146973,409872,0.0,0.0,0.0
2021-02-18 00:00:00+02:00,6.460000038146973,6.5,6.150000095367432,6.320000171661377,363792,0.0,0.0,0.0
2021-02-21 00:00:00+02:00,6.320000171661377,6.389999866485596,6.230000019073486,6.289999961853027,321105,0.0,0.0,0.0
2021-02-22 00:00:00+02:00,6.289999961853027,6.480000019073486,6.289999961853027,6.400000095367432,374727,0.0,0.0,0.0
2021-02-23 00:00:00+02:00,6.400000095367432,6.75,6.360000133514404,6.559999942779541,1204564,0.0,0.0,0.0
2021-02-24 00:00:00+02:00,6.559999942779541,6.510000228881836,6.369999885559082,6.440000057220459,568290,0.0,0.0,0.0
2021-02-25 00:00:00+02:00,6.440000057220459,6.619999885559082,6.400000095367432,6.489999771118164,343819,0.0,0.0,0.0
2021-02-28 00:00:00+02:00,6.489999771118164,6.489999771118164,6.03000020980835,6.300000190734863,211377,0.0,0.0,0.0
2021-03-01 00:00:00+02:00,6.300000190734863,6.21999979019165,5.880000114440918,5.980000019073486,311779,0.0,0.0,0.0
2021-03-02 00:00:00+02:00,5.980000019073486,5.949999809265137,5.409999847412109,5.690000057220459,516435,0.0,0.0,0.0
2021-03-03 00:00:00+02:00,5.690000057220459,5.599999904632568,5.130000114440918,5.21999979019165,332314,0.0,0.0,0.0
2021-03-04 00:00:00+02:00,5.21999979019165,5.21999979019165,5.21999979019165,5.21999979019165,0,0.0,0.0,0.0
2021-03-07 00:00:00+02:00,5.170000076293945,5.679999828338623,5.300000190734863,5.559999942779541,811625,0.0,0.0,0.0
2021-03-08 00:00:00+02:00,5.559999942779541,5.789999961853027,5.420000076293945,5.659999847412109,671041,0.0,0.0,0.0
2021-03-09 00:00:00+02:00,5.659999847412109,5.699999809265137,5.340000152587891,5.46999979019165,192340,0.0,0.0,0.0
2021-03-10 00:00:00+02:00,5.46999979019165,5.670000076293945,5.239999771118164,5.489999771118164,411451,0.0,0.0,0.0
2021-03-11 00:00:00+02:00,5.489999771118164,5.599999904632568,5.369999885559082,5.489999771118164,426236,0.0,0.0,0.0
2021-03-14 00:00:00+02:00,5.489999771118164,5.539999961853027,5.039999961853027,5.28000020980835,290346,0.0,0.0,0.0
2021-03-15 00:00:00+02:00,5.28000020980835,5.199999809265137,4.809999942779541,4.980000019073486,328779,0.0,0.0,0.0
2021-03-16 00:00:00+02:00,4.980000019073486,4.949999809265137,4.599999904632568,4.739999771118164,308815,0.0,0.0,0.0
2021-03-17 00:00:00+02:00,4.739999771118164,4.900000095367432,4.579999923706055,4.710000038146973,339765,0.0,0.0,0.0
2021-03-18 00:00:00+02:00,4.710000038146973,4.730000019073486,4.550000190734863,4.639999866485596,237007,0.0,0.0,0.0
2021-03-21 00:00:00+02:00,4.639999866485596,4.710000038146973,4.179999828338623,4.360000133514404,173210,0.0,0.0,0.0
2021-03-22 00:00:00+02:00,4.360000133514404,4.139999866485596,3.930000066757202,4.0,375463,0.0,0.0,0.0
2021-03-23 00:00:00+02:00,4.0,3.7699999809265137,3.5999999046325684,3.6500000953674316,543615,0.0,0.0,0.0
2021-03-24 00:00:00+02:00,3.6500000953674316,3.9200000762939453,3.6500000953674316,3.7799999713897705,379083,0.0,0.0,0.0
2021-03-25 00:00:00+02:00,3.7799999713897705,3.869999885559082,3.430000066757202,3.700000047683716,238352,0.0,0.0,0.0
2021-03-28 00:00:00+02:00,3.700000047683716,4.070000171661377,3.7200000286102295,4.0,569081,0.0,0.0,0.0
2021-03-29 00:00:00+02:00,4.0,4.400000095367432,4.199999809265137,4.340000152587891,656443,0.0,0.0,0.0
2021-03-30 00:00:00+02:00,4.340000152587891,4.769999980926514,4.46999979019165,4.71999979019165,682448,0.0,0.0,0.0
2021-03-31 00:00:00+02:00,4.71999979019165,5.059999942779541,4.650000095367432,4.920000076293945,1078129,0.0,0.0,0.0
2021-04-01 00:00:00+02:00,4.920000076293945,5.369999885559082,4.820000171661377,5.139999866485596,1109900,0.0,0.0,0.0
2021-04-04 00:00:00+02:00,5.139999866485596,5.590000152587891,5.199999809265137,5.380000114440918,1062829,0.0,0.0,0.0
2021-04-05 00:00:00+02:00,5.380000114440918,5.170000076293945,4.849999904632568,4.900000095367432,802429,0.0,0.0,0.0
2021-04-06 00:00:00+02:00,4.900000095367432,5.090000152587891,4.409999847412109,4.789999961853027,1139549,0.0,0.0,0.0
2021-04-07 00:00:00+02:00,4.789999961853027,4.920000076293945,4.619999885559082,4.769999980926514,390390,0.0,0.0,0.0
2021-04-08 00:00:00+02:00,4.769999980926514,4.940000057220459,4.739999771118164,4.860000133514404,291373,0.0,0.0,0.0
2021-04-11 00:00:00+02:00,4.860000133514404,5.340000152587891,4.929999828338623,5.21999979019165,970445,0.0,0.0,0.0
2021-04-12 00:00:00+02:00,5.21999979019165,5.739999771118164,5.389999866485596,5.570000171661377,1506043,0.0,0.0,0.0
2021-04-13 00:00:00+02:00,5.570000171661377,5.659999847412109,5.25,5.46999979019165,1212959,0.0,0.0,0.0
2021-04-14 00:00:00+02:00,5.46999979019165,5.360000133514404,4.929999828338623,5.070000171661377,649218,0.0,0.0,0.0
2021-04-15 00:00:00+02:00,5.070000171661377,5.0,4.570000171661377,4.809999942779541,834459,0.0,0.0,0.0
2021-04-18 00:00:00+02:00,4.809999942779541,5.059999942779541,4.849999904632568,4.980000019073486,401156,0.0,0.0,0.0
2021-04-19 00:00:00+02:00,4.980000019073486,5.179999828338623,4.820000171661377,5.039999961853027,691824,0.0,0.0,0.0
2021-04-20 00:00:00+02:00,5.039999961853027,5.239999771118164,5.099999904632568,5.159999847412109,776936,0.0,0.0,0.0
2021-04-21 00:00:00+02:00,5.159999847412109,5.670000076293945,5.099999904632568,5.46999979019165,2217697,0.0,0.0,0.0
2021-04-22 00:00:00+02:00,5.46999979019165,5.900000095367432,5.679999828338623,5.800000190734863,1415172,0.0,0.0,0.0
2021-04-25 00:00:00+02:00,5.800000190734863,6.010000228881836,5.739999771118164,5.889999866485596,808590,0.0,0.0,0.0
2021-04-26 00:00:00+02:00,5.889999866485596,5.900000095367432,5.409999847412109,5.659999847412109,814285,0.0,0.0,0.0
2021-04-27 00:00:00+02:00,5.659999847412109,5.880000114440918,5.550000190734863,5.699999809265137,1079265,0.0,0.0,0.0
2021-04-28 00:00:00+02:00,5.699999809265137,5.590000152587891,5.429999828338623,5.5,706702,0.0,0.0,0.0
2021-05-04 00:00:00+02:00,5.5,5.800000190734863,5.5,5.639999866485596,1263406,0.0,0.0,0.0
2021-05-05 00:00:00+02:00,5.639999866485596,5.769999980926514,5.550000190734863,5.630000114440918,480556,0.0,0.0,0.0
2021-05-06 00:00:00+02:00,5.630000114440918,5.760000228881836,5.5,5.630000114440918,1004066,0.0,0.0,0.0
2021-05-09 00:00:00+02:00,5.630000114440918,5.690000057220459,5.420000076293945,5.550000190734863,626939,0.0,0.0,0.0
2021-05-10 00:00:00+02:00,5.550000190734863,5.699999809265137,5.5,5.559999942779541,301190,0.0,0.0,0.0
2021-05-11 00:00:00+02:00,5.559999942779541,5.619999885559082,5.480000019073486,5.539999961853027,195676,0.0,0.0,0.0
2021-05-17 00:00:00+02:00,5.539999961853027,5.550000190734863,5.25,5.380000114440918,731864,0.0,0.0,0.0
2021-05-18 00:00:00+02:00,5.380000114440918,5.46999979019165,5.28000020980835,5.349999904632568,710334,0.0,0.0,0.0
2021-05-19 00:00:00+02:00,5.349999904632568,5.670000076293945,5.349999904632568,5.550000190734863,1619571,0.0,0.0,0.0
2021-05-20 00:00:00+02:00,5.550000190734863,5.690000057220459,5.420000076293945,5.570000171661377,1407952,0.0,0.0,0.0
2021-05-23 00:00:00+02:00,5.570000171661377,5.699999809265137,5.46999979019165,5.559999942779541,1246805,0.0,0.0,0.0
2021-05-24 00:00:00+02:00,5.559999942779541,5.940000057220459,5.559999942779541,5.71999979019165,4052396,0.0,0.0,0.0
2021-05-25 00:00:00+02:00,5.71999979019165,5.710000038146973,5.440000057220459,5.599999904632568,1365892,0.0,0.0,0.0
2021-05-26 00:00:00+02:00,5.599999904632568,5.789999961853027,5.539999961853027,5.630000114440918,979871,0.0,0.0,0.0
2021-05-27 00:00:00+02:00,5.630000114440918,5.610000133514404,5.420000076293945,5.489999771118164,610156,0.0,0.0,0.0
2021-05-30 00:00:00+02:00,5.489999771118164,5.630000114440918,5.420000076293945,5.510000228881836,902658,0.0,0.0,0.0
2021-05-31 00:00:00+02:00,5.510000228881836,5.590000152587891,5.28000020980835,5.440000057220459,585649,0.0,0.0,0.0
2021-06-01 00:00:00+02:00,5.440000057220459,5.610000133514404,5.21999979019165,5.460000038146973,886415,0.0,0.0,0.0
2021-06-02 00:00:00+02:00,5.460000038146973,5.679999828338623,5.340000152587891,5.53000020980835,832489,0.0,0.0,0.0
2021-06-03 00:00:00+02:00,5.53000020980835,5.599999904632568,5.309999942779541,5.440000057220459,628770,0.0,0.0,0.0
2021-06-06 00:00:00+02:00,5.440000057220459,5.880000114440918,5.349999904632568,5.75,2659227,0.0,0.0,0.0
2021-06-07 00:00:00+02:00,5.75,6.03000020980835,5.699999809265137,5.900000095367432,2466753,0.0,0.0,0.0
2021-06-08 00:00:00+02:00,5.900000095367432,5.849999904632568,5.400000095367432,5.599999904632568,1570013,0.0,0.0,0.0
2021-06-09 00:00:00+02:00,5.599999904632568,5.510000228881836,5.369999885559082,5.449999809265137,895172,0.0,0.0,0.0
2021-06-10 00:00:00+02:00,5.449999809265137,5.619999885559082,5.409999847412109,5.519999980926514,754197,0.0,0.0,0.0
2021-06-13 00:00:00+02:00,5.519999980926514,5.550000190734863,5.110000133514404,5.360000133514404,868677,0.0,0.0,0.0
2021-06-14 00:00:00+02:00,5.360000133514404,5.28000020980835,5.039999961853027,5.139999866485596,472458,0.0,0.0,0.0
2021-06-15 00:00:00+02:00,5.139999866485596,5.21999979019165,4.75,5.019999980926514,379656,0.0,0.0,0.0
2021-06-16 00:00:00+02:00,5.019999980926514,5.0,4.75,4.849999904632568,270457,0.0,0.0,0.0
2021-06-17 00:00:00+02:00,4.849999904632568,5.090000152587891,4.900000095367432,5.0,216325,0.0,0.0,0.0
2021-06-20 00:00:00+02:00,5.0,5.210000038146973,4.829999923706055,5.090000152587891,454001,0.0,0.0,0.0
2021-06-21 00:00:00+02:00,5.090000152587891,5.230000019073486,5.0,5.130000114440918,511282,0.0,0.0,0.0
2021-06-22 00:00:00+02:00,5.130000114440918,5.130000114440918,4.860000133514404,4.960000038146973,258713,0.0,0.0,0.0
2021-06-23 00:00:00+02:00,4.960000038146973,5.019999980926514,4.860000133514404,4.920000076293945,181920,0.0,0.0,0.0
2021-06-24 00:00:00+02:00,4.920000076293945,5.050000190734863,4.809999942779541,4.980000019073486,443773,0.0,0.0,0.0
2021-06-27 00:00:00+02:00,4.980000019073486,5.130000114440918,4.949999809265137,5.050000190734863,369693,0.0,0.0,0.0
2021-06-28 00:00:00+02:00,5.050000190734863,5.150000095367432,4.769999980926514,4.929999828338623,378746,0.0,0.0,0.0
2021-06-29 00:00:00+02:00,4.929999828338623,4.869999885559082,4.690000057220459,4.769999980926514,305527,0.0,0.0,0.0
2021-06-30 00:00:00+02:00,4.769999980926514,4.949999809265137,4.739999771118164,4.860000133514404,285261,0.0,0.0,0.0
2021-07-04 00:00:00+02:00,4.860000133514404,4.960000038146973,4.869999885559082,4.909999847412109,343693,0.0,0.0,0.0
2021-07-05 00:00:00+02:00,4.909999847412109,5.090000152587891,4.769999980926514,4.980000019073486,978474,0.0,0.0,0.0
2021-07-06 00:00:00+02:00,4.980000019073486,4.900000095367432,4.710000038146973,4.820000171661377,359969,0.0,0.0,0.0
2021-07-07 00:00:00+02:00,4.820000171661377,4.989999771118164,4.800000190734863,4.889999866485596,466983,0.0,0.0,0.0
2021-07-08 00:00:00+02:00,4.889999866485596,4.960000038146973,4.690000057220459,4.820000171661377,433647,0.0,0.0,0.0
2021-07-11 00:00:00+02:00,4.820000171661377,4.849999904632568,4.619999885559082,4.699999809265137,147863,0.0,0.0,0.0
2021-07-12 00:00:00+02:00,4.699999809265137,4.760000228881836,4.539999961853027,4.690000057220459,114642,0.0,0.0,0.0
2021-07-13 00:00:00+02:00,4.690000057220459,4.869999885559082,4.659999847412109,4.769999980926514,651928,0.0,0.0,0.0
2021-07-14 00:00:00+02:00,4.769999980926514,4.860000133514404,4.699999809265137,4.760000228881836,312090,0.0,0.0,0.0
2021-07-15 00:00:00+02:00,4.760000228881836,4.800000190734863,4.710000038146973,4.75,143618,0.0,0.0,0.0
2021-07-18 00:00:00+02:00,4.75,4.769999980926514,4.699999809265137,4.71999979019165,220509,0.0,0.0,0.0
2021-07-25 00:00:00+02:00,4.71999979019165,5.190000057220459,4.769999980926514,5.059999942779541,916415,0.0,0.0,0.0
2021-07-26 00:00:00+02:00,5.059999942779541,5.5,5.190000057220459,5.349999904632568,1550377,0.0,0.0,0.0
2021-07-27 00:00:00+02:00,5.349999904632568,5.619999885559082,5.349999904632568,5.480000019073486,974625,0.0,0.0,0.0
2021-07-28 00:00:00+02:00,5.480000019073486,5.849999904632568,5.409999847412109,5.710000038146973,1996918,0.0,0.0,0.0
2021-07-29 00:00:00+02:00,5.710000038146973,5.840000152587891,5.559999942779541,5.71999979019165,1332390,0.0,0.0,0.0
2021-08-01 00:00:00+02:00,5.71999979019165,6.289999961853027,5.849999904632568,6.150000095367432,2323431,0.0,0.0,0.0
2021-08-02 00:00:00+02:00,6.150000095367432,6.989999771118164,5.920000076293945,6.550000190734863,3846824,0.0,0.0,0.0
2021-08-03 00:00:00+02:00,6.550000190734863,6.449999809265137,5.900000095367432,6.079999923706055,2090474,0.0,0.0,0.0
2021-08-04 00:00:00+02:00,6.079999923706055,6.199999809265137,5.809999942779541,6.050000190734863,1283117,0.0,0.0,0.0
2021-08-05 00:00:00+02:00,6.050000190734863,6.210000038146973,6.039999961853027,6.110000133514404,1293952,0.0,0.0,0.0
2021-08-08 00:00:00+02:00,6.110000133514404,6.110000133514404,6.110000133514404,6.110000133514404,0,0.0,0.0,0.0
2021-08-09 00:00:00+02:00,6.110000133514404,6.110000133514404,6.110000133514404,6.110000133514404,0,0.0,0.0,0.0
2021-08-10 00:00:00+02:00,6.460000038146973,6.880000114440918,6.400000095367432,6.630000114440918,2460817,0.0,0.0,0.0
2021-08-11 00:00:00+02:00,6.630000114440918,6.739999771118164,6.25,6.460000038146973,1546707,0.0,0.0,0.0
2021-08-15 00:00:00+02:00,6.460000038146973,6.539999961853027,6.25,6.380000114440918,907226,0.0,0.0,0.0
2021-08-16 00:00:00+02:00,6.380000114440918,6.400000095367432,6.139999866485596,6.269999980926514,1079550,0.0,0.0,0.0
2021-08-17 00:00:00+02:00,6.269999980926514,6.659999847412109,6.150000095367432,6.510000228881836,3158855,0.0,0.0,0.0
2021-08-18 00:00:00+02:00,6.510000228881836,6.679999828338623,6.400000095367432,6.570000171661377,2428035,0.0,0.0,0.0
2021-08-19 00:00:00+02:00,6.570000171661377,7.050000190734863,6.400000095367432,6.730000019073486,5442436,0.0,0.0,0.0
2021-08-22 00:00:00+02:00,6.730000019073486,7.809999942779541,6.900000095367432,7.489999771118164,7564696,0.0,0.0,0.0
2021-08-23 00:00:00+02:00,7.489999771118164,8.229999542236328,7.900000095367432,8.170000076293945,2009100,0.0,0.0,0.0
2021-08-24 00:00:00+02:00,8.170000076293945,8.869999885559082,7.559999942779541,8.119999885559082,6329863,0.0,0.0,0.0
2021-08-25 00:00:00+02:00,8.119999885559082,8.079999923706055,7.309999942779541,7.639999866485596,3576285,0.0,0.0,0.0
2021-08-26 00:00:00+02:00,7.639999866485596,8.109999656677246,7.300000190734863,7.789999961853027,4652579,0.0,0.0,0.0
2021-08-29 00:00:00+02:00,7.789999961853027,7.699999809265137,7.260000228881836,7.420000076293945,1102430,0.0,0.0,0.0
2021-08-30 00:00:00+02:00,7.420000076293945,8.239999771118164,7.539999961853027,8.010000228881836,5518303,0.0,0.0,0.0
2021-08-31 00:00:00+02:00,8.010000228881836,8.8100004196167,8.0,8.529999732971191,2747824,0.0,0.0,0.0
2021-09-01 00:00:00+02:00,8.529999732971191,9.380000114440918,9.380000114440918,9.380000114440918,261626,0.0,0.0,0.0
2021-09-02 00:00:00+02:00,9.380000114440918,10.3100004196167,9.640000343322754,10.010000228881836,5810159,0.0,0.0,0.0
2021-09-05 00:00:00+02:00,10.010000228881836,12.010000228881836,10.760000228881836,11.029999732971191,4924906,0.0,0.0,0.0
2021-09-06 00:00:00+02:00,11.029999732971191,11.770000457763672,10.029999732971191,10.979999542236328,6603987,0.0,0.0,0.0
2021-09-07 00:00:00+02:00,10.979999542236328,13.170000076293945,11.119999885559082,13.170000076293945,7242211,0.0,0.0,0.0
2021-09-08 00:00:00+02:00,13.170000076293945,13.170000076293945,13.170000076293945,13.170000076293945,0,0.0,0.0,0.0
2021-09-09 00:00:00+02:00,13.170000076293945,13.170000076293945,13.170000076293945,13.170000076293945,0,0.0,0.0,0.0
2021-09-12 00:00:00+02:00,13.170000076293945,13.170000076293945,13.170000076293945,13.170000076293945,0,0.0,0.0,0.0
2021-09-13 00:00:00+02:00,13.170000076293945,15.0,10.539999961853027,14.270000457763672,9251850,0.0,0.0,0.0
2021-09-14 00:00:00+02:00,14.270000457763672,15.369999885559082,11.850000381469727,12.420000076293945,6442708,0.0,0.0,0.0
2021-09-15 00:00:00+02:00,12.420000076293945,13.289999961853027,11.710000038146973,12.0,5654184,0.0,0.0,0.0
2021-09-16 00:00:00+02:00,12.0,13.670000076293945,12.029999732971191,13.170000076293945,5577103,0.0,0.0,0.0
2021-09-19 00:00:00+02:00,13.170000076293945,14.989999771118164,12.010000228881836,13.020000457763672,6995179,0.0,0.0,0.0
2021-09-20 00:00:00+02:00,13.170000076293945,13.479999542236328,11.8100004196167,11.989999771118164,3076936,0.0,0.0,0.0
2021-09-21 00:00:00+02:00,11.989999771118164,11.989999771118164,11.989999771118164,11.989999771118164,0,0.0,0.0,0.0
2021-09-22 00:00:00+02:00,12.359999656677246,13.399999618530273,12.630000114440918,13.010000228881836,3176042,0.0,0.0,0.0
2021-09-23 00:00:00+02:00,13.010000228881836,13.489999771118164,12.5600004196167,13.180000305175781,3755594,0.0,0.0,0.0
2021-09-26 00:00:00+02:00,13.180000305175781,13.779999732971191,13.199999809265137,13.34000015258789,3067500,0.0,0.0,0.0
2021-09-27 00:00:00+02:00,13.34000015258789,13.449999809265137,12.15999984741211,12.34000015258789,2273775,0.0,0.0,0.0
2021-09-28 00:00:00+02:00,12.34000015258789,12.449999809265137,11.550000190734863,11.789999961853027,1692956,0.0,0.0,0.0
2021-09-29 00:00:00+02:00,11.789999961853027,12.399999618530273,11.600000381469727,11.720000267028809,1632163,0.0,0.0,0.0
2021-09-30 00:00:00+02:00,11.720000267028809,12.149999618530273,11.699999809265137,11.90999984741211,992809,0.0,0.0,0.0
2021-10-03 00:00:00+02:00,11.90999984741211,12.050000190734863,10.609999656677246,10.869999885559082,1333806,0.0,0.0,0.0
2021-10-04 00:00:00+02:00,10.869999885559082,10.869999885559082,10.869999885559082,10.869999885559082,0,0.0,0.0,0.0
2021-10-05 00:00:00+02:00,10.920000076293945,11.239999771118164,10.640000343322754,10.75,1329544,0.0,0.0,0.0
2021-10-06 00:00:00+02:00,10.75,11.59000015258789,10.890000343322754,11.140000343322754,2267771,0.0,0.0,0.0
2021-10-10 00:00:00+02:00,11.140000343322754,12.0,11.4399995803833,11.479999542236328,1869180,0.0,0.0,0.0
2021-10-11 00:00:00+02:00,11.479999542236328,11.600000381469727,11.079999923706055,11.479999542236328,1110263,0.0,0.0,0.0
2021-10-12 00:00:00+02:00,11.479999542236328,11.960000038146973,11.390000343322754,11.449999809265137,1497476,0.0,0.0,0.0
2021-10-13 00:00:00+02:00,11.449999809265137,11.699999809265137,10.84000015258789,10.979999542236328,653698,0.0,0.0,0.0
2021-10-14 00:00:00+02:00,10.979999542236328,11.149999618530273,10.420000076293945,10.609999656677246,1164072,0.0,0.0,0.0
2021-10-17 00:00:00+02:00,10.609999656677246,10.649999618530273,9.699999809265137,9.800000190734863,1310781,0.0,0.0,0.0
2021-10-18 00:00:00+02:00,9.800000190734863,9.800000190734863,9.800000190734863,9.800000190734863,0,0.0,0.0,0.0
2021-10-19 00:00:00+02:00,9.479999542236328,9.600000381469727,7.590000152587891,7.590000152587891,1950604,0.0,0.0,0.0
2021-10-20 00:00:00+02:00,7.590000152587891,7.650000095367432,6.210000038146973,7.25,2683385,0.0,0.0,0.0
2021-10-24 00:00:00+02:00,7.25,7.630000114440918,7.099999904632568,7.170000076293945,1180887,0.0,0.0,0.0
2021-10-25 00:00:00+02:00,7.170000076293945,7.159999847412109,6.300000190734863,6.550000190734863,902427,0.0,0.0,0.0
2021-10-26 00:00:00+02:00,6.550000190734863,6.880000114440918,5.559999942779541,5.849999904632568,1581081,0.0,0.0,0.0
2021-10-27 00:00:00+02:00,5.849999904632568,5.900000095367432,5.199999809265137,5.789999961853027,893760,0.0,0.0,0.0
2021-10-28 00:00:00+02:00,5.789999961853027,6.300000190734863,5.75,6.210000038146973,1170173,0.0,0.0,0.0
2021-10-31 00:00:00+02:00,6.210000038146973,6.380000114440918,5.800000190734863,6.199999809265137,1142017,0.0,0.0,0.0
2021-11-01 00:00:00+02:00,6.199999809265137,6.550000190734863,6.099999904632568,6.21999979019165,855527,0.0,0.0,0.0
2021-11-02 00:00:00+02:00,6.21999979019165,6.300000190734863,5.949999809265137,5.989999771118164,1645620,0.0,0.0,0.0
2021-11-03 00:00:00+02:00,5.989999771118164,6.090000152587891,5.199999809265137,5.349999904632568,779655,0.0,0.0,0.0
2021-11-04 00:00:00+02:00,5.349999904632568,5.400000095367432,4.840000152587891,5.010000228881836,1203913,0.0,0.0,0.0
2021-11-07 00:00:00+02:00,5.010000228881836,5.010000228881836,5.010000228881836,5.010000228881836,0,0.0,0.0,0.0
2021-11-08 00:00:00+02:00,5.010000228881836,5.010000228881836,5.010000228881836,5.010000228881836,0,0.0,0.0,0.0
2021-11-09 00:00:00+02:00,5.010000228881836,5.010000228881836,5.010000228881836,5.010000228881836,0,0.0,0.0,0.0
2021-11-10 00:00:00+02:00,5.550000190734863,5.739999771118164,5.070000171661377,5.289999961853027,622715,0.0,0.0,0.0
2021-11-11 00:00:00+02:00,5.289999961853027,5.849999904632568,5.289999961853027,5.71999979019165,596925,0.0,0.0,0.0
2021-11-14 00:00:00+02:00,5.71999979019165,6.170000076293945,5.579999923706055,6.099999904632568,1149811,0.0,0.0,0.0
2021-11-15 00:00:00+02:00,6.099999904632568,6.199999809265137,5.639999866485596,5.710000038146973,960218,0.0,0.0,0.0
2021-11-16 00:00:00+02:00,5.710000038146973,5.78000020980835,5.21999979019165,5.269999980926514,775744,0.0,0.0,0.0
2021-11-17 00:00:00+02:00,5.269999980926514,5.75,5.210000038146973,5.5,647795,0.0,0.0,0.0
2021-11-18 00:00:00+02:00,5.5,5.730000019073486,5.400000095367432,5.449999809265137,678227,0.0,0.0,0.0
2021-11-21 00:00:00+02:00,5.449999809265137,5.489999771118164,4.920000076293945,5.019999980926514,480327,0.0,0.0,0.0
2021-11-22 00:00:00+02:00,5.019999980926514,5.400000095367432,4.900000095367432,5.320000171661377,1048935,0.0,0.0,0.0
2021-11-23 00:00:00+02:00,5.320000171661377,5.320000171661377,5.320000171661377,5.320000171661377,0,0.0,0.0,0.0
2021-11-24 00:00:00+02:00,5.690000057220459,6.090000152587891,5.659999847412109,5.940000057220459,2472126,0.0,0.0,0.0
2021-11-25 00:00:00+02:00,5.940000057220459,6.980000019073486,6.070000171661377,6.869999885559082,4120831,0.0,0.0,0.0
2021-11-28 00:00:00+02:00,6.869999885559082,6.869999885559082,6.869999885559082,6.869999885559082,0,0.0,0.0,0.0
2021-11-29 00:00:00+02:00,7.150000095367432,7.329999923706055,6.900000095367432,6.989999771118164,2557882,0.0,0.0,0.0
2021-11-30 00:00:00+02:00,6.989999771118164,7.119999885559082,6.760000228881836,6.849999904632568,1686746,0.0,0.0,0.0
2021-12-01 00:00:00+02:00,6.849999904632568,6.849999904632568,6.849999904632568,6.849999904632568,0,0.0,0.0,0.0
2021-12-02 00:00:00+02:00,7.309999942779541,7.75,7.349999904632568,7.480000019073486,2599672,0.0,0.0,0.0
2021-12-05 00:00:00+02:00,7.480000019073486,8.100000381469727,7.539999961853027,7.949999809265137,2808856,0.0,0.0,0.0
2021-12-06 00:00:00+02:00,7.949999809265137,8.470000267028809,6.5,7.21999979019165,3599503,0.0,0.0,0.0
2021-12-07 00:00:00+02:00,7.21999979019165,7.28000020980835,6.599999904632568,6.789999961853027,1121703,0.0,0.0,0.0
2021-12-08 00:00:00+02:00,6.789999961853027,7.239999771118164,6.800000190734863,7.050000190734863,1388944,0.0,0.0,0.0
2021-12-09 00:00:00+02:00,7.050000190734863,7.300000190734863,6.949999809265137,7.079999923706055,897562,0.0,0.0,0.0
2021-12-12 00:00:00+02:00,7.079999923706055,7.760000228881836,7.110000133514404,7.650000095367432,2029350,0.0,0.0,0.0
2021-12-13 00:00:00+02:00,7.650000095367432,7.900000095367432,7.420000076293945,7.5,1550946,0.0,0.0,0.0
2021-12-14 00:00:00+02:00,7.5,7.53000020980835,7.050000190734863,7.179999828338623,1307244,0.0,0.0,0.0
2021-12-15 00:00:00+02:00,7.179999828338623,7.380000114440918,6.880000114440918,6.940000057220459,1274116,0.0,0.0,0.0
2021-12-16 00:00:00+02:00,6.940000057220459,7.300000190734863,6.889999866485596,7.019999980926514,1490239,0.0,0.0,0.0
2021-12-19 00:00:00+02:00,7.019999980926514,7.190000057220459,6.809999942779541,6.909999847412109,737604,0.0,0.0,0.0
2021-12-20 00:00:00+02:00,6.909999847412109,6.909999847412109,6.909999847412109,6.909999847412109,0,0.0,0.0,0.0
2021-12-21 00:00:00+02:00,6.760000228881836,7.150000095367432,6.869999885559082,7.079999923706055,1731158,0.0,0.0,0.0
2021-12-22 00:00:00+02:00,7.079999923706055,7.389999866485596,7.099999904632568,7.260000228881836,2185620,0.0,0.0,0.0
2021-12-23 00:00:00+02:00,7.260000228881836,7.429999828338623,7.210000038146973,7.260000228881836,1164651,0.0,0.0,0.0
2021-12-26 00:00:00+02:00,7.260000228881836,7.489999771118164,7.139999866485596,7.210000038146973,1401124,0.0,0.0,0.0
2021-12-27 00:00:00+02:00,7.210000038146973,7.28000020980835,6.920000076293945,6.96999979019165,761104,0.0,0.0,0.0
2021-12-28 00:00:00+02:00,6.96999979019165,7.050000190734863,6.840000152587891,6.880000114440918,657727,0.0,0.0,0.0
2021-12-29 00:00:00+02:00,6.880000114440918,6.989999771118164,6.829999923706055,6.860000133514404,426167,0.0,0.0,0.0
2021-12-30 00:00:00+02:00,6.860000133514404,6.980000019073486,6.829999923706055,6.869999885559082,424887,0.0,0.0,0.0
2022-01-02 00:00:00+02:00,6.869999885559082,7.349999904632568,6.960000038146973,7.25,1158066,0.0,0.0,0.0
2022-01-03 00:00:00+02:00,7.25,7.53000020980835,7.300000190734863,7.369999885559082,1591947,0.0,0.0,0.0
2022-01-04 00:00:00+02:00,7.369999885559082,7.5,7.230000019073486,7.309999942779541,713514,0.0,0.0,0.0
2022-01-05 00:00:00+02:00,7.309999942779541,7.420000076293945,7.230000019073486,7.25,388838,0.0,0.0,0.0
2022-01-09 00:00:00+02:00,7.25,7.25,7.25,7.25,0,0.0,0.0,0.0
2022-01-10 00:00:00+02:00,7.260000228881836,7.389999866485596,7.21999979019165,7.25,573603,0.0,0.0,0.0
2022-01-11 00:00:00+02:00,7.25,7.329999923706055,7.010000228881836,7.050000190734863,687404,0.0,0.0,0.0
2022-01-12 00:00:00+02:00,7.050000190734863,7.150000095367432,6.829999923706055,6.880000114440918,504286,0.0,0.0,0.0
2022-01-13 00:00:00+02:00,6.880000114440918,7.039999961853027,6.800000190734863,6.849999904632568,624651,0.0,0.0,0.0
2022-01-16 00:00:00+02:00,6.849999904632568,6.880000114440918,6.599999904632568,6.670000076293945,376404,0.0,0.0,0.0
2022-01-17 00:00:00+02:00,6.670000076293945,6.800000190734863,6.619999885559082,6.650000095367432,247342,0.0,0.0,0.0
2022-01-18 00:00:00+02:00,6.650000095367432,6.869999885559082,6.639999866485596,6.849999904632568,519339,0.0,0.0,0.0
2022-01-19 00:00:00+02:00,6.849999904632568,7.099999904632568,6.880000114440918,6.920000076293945,1106656,0.0,0.0,0.0
2022-01-20 00:00:00+02:00,6.920000076293945,7.119999885559082,6.800000190734863,6.880000114440918,975016,0.0,0.0,0.0
2022-01-23 00:00:00+02:00,6.880000114440918,6.960000038146973,6.670000076293945,6.710000038146973,519381,0.0,0.0,0.0
2022-01-24 00:00:00+02:00,6.710000038146973,6.800000190734863,6.5,6.519999980926514,462745,0.0,0.0,0.0
2022-01-25 00:00:00+02:00,6.519999980926514,6.699999809265137,6.449999809265137,6.570000171661377,311922,0.0,0.0,0.0
2022-01-26 00:00:00+02:00,6.570000171661377,6.679999828338623,6.329999923706055,6.360000133514404,398090,0.0,0.0,0.0
2022-01-30 00:00:00+02:00,6.360000133514404,6.5,6.159999847412109,6.199999809265137,275202,0.0,0.0,0.0
2022-01-31 00:00:00+02:00,6.199999809265137,6.190000057220459,5.96999979019165,6.130000114440918,457582,0.0,0.0,0.0
2022-02-01 00:00:00+02:00,6.130000114440918,6.360000133514404,6.130000114440918,6.289999961853027,358146,0.0,0.0,0.0
2022-02-02 00:00:00+02:00,6.289999961853027,6.440000057220459,6.289999961853027,6.309999942779541,508717,0.0,0.0,0.0
2022-02-03 00:00:00+02:00,6.309999942779541,6.400000095367432,6.230000019073486,6.269999980926514,385548,0.0,0.0,0.0
2022-02-06 00:00:00+02:00,6.269999980926514,6.349999904632568,6.199999809265137,6.269999980926514,275216,0.0,0.0,0.0
2022-02-07 00:00:00+02:00,6.269999980926514,6.369999885559082,6.119999885559082,6.150000095367432,201562,0.0,0.0,0.0
2022-02-08 00:00:00+02:00,6.150000095367432,6.21999979019165,6.03000020980835,6.070000171661377,199419,0.0,0.0,0.0
2022-02-09 00:00:00+02:00,6.070000171661377,6.210000038146973,5.900000095367432,5.920000076293945,379975,0.0,0.0,0.0
2022-02-10 00:00:00+02:00,5.920000076293945,5.960000038146973,5.599999904632568,5.650000095367432,643822,0.0,0.0,0.0
2022-02-13 00:00:00+02:00,5.650000095367432,5.699999809265137,4.760000228881836,5.019999980926514,652428,0.0,0.0,0.0
2022-02-14 00:00:00+02:00,5.019999980926514,5.099999904632568,4.610000133514404,4.980000019073486,529325,0.0,0.0,0.0
2022-02-15 00:00:00+02:00,4.980000019073486,5.320000171661377,4.980000019073486,5.170000076293945,740832,0.0,0.0,0.0
2022-02-16 00:00:00+02:00,5.170000076293945,5.349999904632568,5.130000114440918,5.199999809265137,388510,0.0,0.0,0.0
2022-02-17 00:00:00+02:00,5.199999809265137,5.300000190734863,5.099999904632568,5.179999828338623,337385,0.0,0.0,0.0
2022-02-20 00:00:00+02:00,5.179999828338623,5.269999980926514,5.059999942779541,5.170000076293945,733040,0.0,0.0,0.0
2022-02-21 00:00:00+02:00,5.170000076293945,5.239999771118164,4.980000019073486,5.090000152587891,980520,0.0,0.0,0.0
2022-02-22 00:00:00+02:00,5.090000152587891,5.099999904632568,4.909999847412109,5.090000152587891,656309,0.0,0.0,0.0
2022-02-23 00:00:00+02:00,5.090000152587891,5.190000057220459,5.099999904632568,5.119999885559082,511556,0.0,0.0,0.0
2022-02-24 00:00:00+02:00,5.119999885559082,4.929999828338623,4.150000095367432,4.320000171661377,1281212,0.0,0.0,0.0
2022-02-27 00:00:00+02:00,4.320000171661377,4.699999809265137,4.5,4.570000171661377,389085,0.0,0.0,0.0
2022-02-28 00:00:00+02:00,4.570000171661377,4.550000190734863,4.369999885559082,4.409999847412109,278911,0.0,0.0,0.0
2022-03-01 00:00:00+02:00,4.409999847412109,4.619999885559082,4.510000228881836,4.579999923706055,399063,0.0,0.0,0.0
2022-03-02 00:00:00+02:00,4.579999923706055,4.630000114440918,4.489999771118164,4.510000228881836,279605,0.0,0.0,0.0
2022-03-03 00:00:00+02:00,4.510000228881836,4.670000076293945,4.579999923706055,4.650000095367432,409040,0.0,0.0,0.0
2022-03-06 00:00:00+02:00,4.650000095367432,4.760000228881836,4.590000152587891,4.739999771118164,319967,0.0,0.0,0.0
2022-03-07 00:00:00+02:00,4.739999771118164,5.440000057220459,4.75,5.329999923706055,2966071,0.0,0.0,0.0
2022-03-08 00:00:00+02:00,5.329999923706055,5.329999923706055,5.329999923706055,5.329999923706055,0,0.0,0.0,0.0
2022-03-09 00:00:00+02:00,5.570000171661377,5.829999923706055,5.519999980926514,5.559999942779541,994937,0.0,0.0,0.0
2022-03-10 00:00:00+02:00,5.559999942779541,5.699999809265137,5.320000171661377,5.429999828338623,762607,0.0,0.0,0.0
2022-03-13 00:00:00+02:00,5.429999828338623,5.5,5.25,5.289999961853027,385275,0.0,0.0,0.0
2022-03-14 00:00:00+02:00,5.289999961853027,5.289999961853027,5.150000095367432,5.150000095367432,396699,0.0,0.0,0.0
2022-03-15 00:00:00+02:00,5.150000095367432,5.289999961853027,5.03000020980835,5.119999885559082,394149,0.0,0.0,0.0
2022-03-16 00:00:00+02:00,5.119999885559082,5.590000152587891,5.179999828338623,5.449999809265137,1308373,0.0,0.0,0.0
2022-03-17 00:00:00+02:00,5.449999809265137,5.96999979019165,5.610000133514404,5.900000095367432,2581500,0.0,0.0,0.0
2022-03-20 00:00:00+02:00,5.900000095367432,5.96999979019165,5.679999828338623,5.739999771118164,1792925,0.0,0.0,0.0
2022-03-21 00:00:00+02:00,5.739999771118164,5.920000076293945,5.679999828338623,5.800000190734863,1570230,0.0,0.0,0.0
2022-03-22 00:00:00+02:00,5.800000190734863,6.059999942779541,5.760000228881836,5.809999942779541,1601016,0.0,0.0,0.0
2022-03-23 00:00:00+02:00,5.809999942779541,5.860000133514404,5.71999979019165,5.75,392984,0.0,0.0,0.0
2022-03-24 00:00:00+02:00,5.75,5.849999904632568,5.579999923706055,5.619999885559082,971565,0.0,0.0,0.0
2022-03-27 00:00:00+02:00,5.619999885559082,5.619999885559082,5.420000076293945,5.460000038146973,451470,0.0,0.0,0.0
2022-03-28 00:00:00+02:00,5.460000038146973,5.550000190734863,5.150000095367432,5.230000019073486,334817,0.0,0.0,0.0
2022-03-29 00:00:00+02:00,5.230000019073486,5.369999885559082,5.070000171661377,5.25,290943,0.0,0.0,0.0
2022-03-30 00:00:00+02:00,5.25,5.369999885559082,5.150000095367432,5.179999828338623,322570,0.0,0.0,0.0
2022-03-31 00:00:00+02:00,5.179999828338623,5.269999980926514,5.070000171661377,5.230000019073486,165868,0.0,0.0,0.0
2022-04-03 00:00:00+02:00,5.230000019073486,5.320000171661377,5.210000038146973,5.289999961853027,128059,0.0,0.0,0.0
2022-04-04 00:00:00+02:00,5.289999961853027,5.699999809265137,5.340000152587891,5.559999942779541,707032,0.0,0.0,0.0
2022-04-05 00:00:00+02:00,5.559999942779541,5.650000095367432,5.400000095367432,5.429999828338623,271380,0.0,0.0,0.0
2022-04-06 00:00:00+02:00,5.429999828338623,5.5,5.309999942779541,5.340000152587891,142563,0.0,0.0,0.0
2022-04-07 00:00:00+02:00,5.340000152587891,5.329999923706055,5.199999809265137,5.230000019073486,199996,0.0,0.0,0.0
2022-04-10 00:00:00+02:00,5.230000019073486,5.179999828338623,4.860000133514404,4.900000095367432,281949,0.0,0.0,0.0
2022-04-11 00:00:00+02:00,4.900000095367432,4.980000019073486,4.599999904632568,4.679999828338623,259520,0.0,0.0,0.0
2022-04-12 00:00:00+02:00,4.679999828338623,4.900000095367432,4.679999828338623,4.71999979019165,225646,0.0,0.0,0.0
2022-04-13 00:00:00+02:00,4.71999979019165,5.039999961853027,4.650000095367432,4.909999847412109,449131,0.0,0.0,0.0
2022-04-14 00:00:00+02:00,4.909999847412109,4.940000057220459,4.71999979019165,4.78000020980835,219725,0.0,0.0,0.0
2022-04-17 00:00:00+02:00,4.78000020980835,4.949999809265137,4.239999771118164,4.289999961853027,442926,0.0,0.0,0.0
2022-04-18 00:00:00+02:00,4.289999961853027,4.5,4.199999809265137,4.440000057220459,459569,0.0,0.0,0.0
2022-04-19 00:00:00+02:00,4.440000057220459,4.650000095367432,4.46999979019165,4.570000171661377,415147,0.0,0.0,0.0
2022-04-20 00:00:00+02:00,4.570000171661377,5.170000076293945,4.400000095367432,5.03000020980835,1183640,0.0,0.0,0.0
2022-04-21 00:00:00+02:00,5.03000020980835,5.909999847412109,5.21999979019165,5.739999771118164,3193125,0.0,0.0,0.0
2022-04-26 00:00:00+02:00,5.739999771118164,5.900000095367432,5.409999847412109,5.480000019073486,1700519,0.0,0.0,0.0
2022-04-27 00:00:00+02:00,5.480000019073486,5.599999904632568,5.349999904632568,5.409999847412109,886521,0.0,0.0,0.0
2022-04-28 00:00:00+02:00,5.409999847412109,5.699999809265137,5.420000076293945,5.590000152587891,1029262,0.0,0.0,0.0
2022-05-08 00:00:00+02:00,5.590000152587891,5.75,5.5,5.539999961853027,1165672,0.0,0.0,0.0
2022-05-09 00:00:00+02:00,5.539999961853027,5.650000095367432,5.409999847412109,5.440000057220459,1050742,0.0,0.0,0.0
2022-05-10 00:00:00+02:00,5.440000057220459,5.519999980926514,5.28000020980835,5.340000152587891,495059,0.0,0.0,0.0
2022-05-11 00:00:00+02:00,5.340000152587891,5.489999771118164,5.340000152587891,5.369999885559082,469960,0.0,0.0,0.0
2022-05-12 00:00:00+02:00,5.369999885559082,5.400000095367432,5.050000190734863,5.139999866485596,779627,0.0,0.0,0.0
2022-05-15 00:00:00+02:00,5.139999866485596,5.25,5.070000171661377,5.099999904632568,444831,0.0,0.0,0.0
2022-05-16 00:00:00+02:00,5.099999904632568,5.150000095367432,4.949999809265137,5.010000228881836,294615,0.0,0.0,0.0
2022-05-17 00:00:00+02:00,5.010000228881836,5.159999847412109,5.010000228881836,5.050000190734863,270437,0.0,0.0,0.0
2022-05-18 00:00:00+02:00,5.050000190734863,5.190000057220459,5.070000171661377,5.099999904632568,503265,0.0,0.0,0.0
2022-05-19 00:00:00+02:00,5.099999904632568,5.090000152587891,4.960000038146973,5.03000020980835,295297,0.0,0.0,0.0
2022-05-22 00:00:00+02:00,5.03000020980835,5.159999847412109,5.0,5.03000020980835,336288,0.0,0.0,0.0
2022-05-23 00:00:00+02:00,5.03000020980835,5.079999923706055,4.920000076293945,4.940000057220459,257676,0.0,0.0,0.0
2022-05-24 00:00:00+02:00,4.940000057220459,5.039999961853027,4.800000190734863,4.809999942779541,280838,0.0,0.0,0.0
2022-05-25 00:00:00+02:00,4.809999942779541,4.809999942779541,4.550000190734863,4.559999942779541,251186,0.0,0.0,0.0
2022-05-26 00:00:00+02:00,4.559999942779541,4.690000057220459,4.449999809265137,4.519999980926514,304825,0.0,0.0,0.0
2022-05-29 00:00:00+02:00,4.519999980926514,4.519999980926514,4.400000095367432,4.420000076293945,172408,0.0,0.0,0.0
2022-05-30 00:00:00+02:00,4.420000076293945,4.630000114440918,4.400000095367432,4.519999980926514,180099,0.0,0.0,0.0
2022-05-31 00:00:00+02:00,4.519999980926514,4.670000076293945,4.5,4.550000190734863,207319,0.0,0.0,0.0
2022-06-01 00:00:00+02:00,4.550000190734863,4.670000076293945,4.489999771118164,4.489999771118164,158086,0.0,0.0,0.0
2022-06-02 00:00:00+02:00,4.489999771118164,4.690000057220459,4.53000020980835,4.659999847412109,825944,0.0,0.0,0.0
2022-06-05 00:00:00+02:00,4.659999847412109,4.659999847412109,4.659999847412109,4.659999847412109,0,0.0,0.0,0.0
2022-06-06 00:00:00+02:00,4.789999961853027,4.909999847412109,4.789999961853027,4.820000171661377,403166,0.0,0.0,0.0
2022-06-07 00:00:00+02:00,4.820000171661377,4.949999809265137,4.789999961853027,4.920000076293945,680484,0.0,0.0,0.0
2022-06-08 00:00:00+02:00,4.920000076293945,5.25,5.0,5.210000038146973,1193067,0.0,0.0,0.0
2022-06-09 00:00:00+02:00,5.210000038146973,5.300000190734863,5.070000171661377,5.119999885559082,588892,0.0,0.0,0.0
2022-06-12 00:00:00+02:00,5.119999885559082,5.099999904632568,4.920000076293945,5.010000228881836,772602,0.0,0.0,0.0
2022-06-13 00:00:00+02:00,5.010000228881836,5.099999904632568,4.920000076293945,4.96999979019165,433792,0.0,0.0,0.0
2022-06-14 00:00:00+02:00,4.96999979019165,5.199999809265137,4.869999885559082,5.159999847412109,930982,0.0,0.0,0.0
2022-06-15 00:00:00+02:00,5.159999847412109,5.329999923706055,5.099999904632568,5.119999885559082,937397,0.0,0.0,0.0
2022-06-16 00:00:00+02:00,5.119999885559082,5.179999828338623,5.0,5.079999923706055,552333,0.0,0.0,0.0
2022-06-19 00:00:00+02:00,5.079999923706055,5.070000171661377,4.860000133514404,4.900000095367432,375149,0.0,0.0,0.0
2022-06-20 00:00:00+02:00,4.900000095367432,4.949999809265137,4.78000020980835,4.860000133514404,432857,0.0,0.0,0.0
2022-06-21 00:00:00+02:00,4.860000133514404,5.0,4.809999942779541,4.849999904632568,348671,0.0,0.0,0.0
2022-06-22 00:00:00+02:00,4.849999904632568,4.929999828338623,4.730000019073486,4.789999961853027,288782,0.0,0.0,0.0
2022-06-23 00:00:00+02:00,4.789999961853027,4.800000190734863,4.679999828338623,4.699999809265137,252188,0.0,0.0,0.0
2022-06-26 00:00:00+02:00,4.699999809265137,4.840000152587891,4.639999866485596,4.699999809265137,159870,0.0,0.0,0.0
2022-06-27 00:00:00+02:00,4.699999809265137,4.699999809265137,4.449999809265137,4.5,364061,0.0,0.0,0.0
2022-06-28 00:00:00+02:00,4.5,4.53000020980835,4.21999979019165,4.380000114440918,549975,0.0,0.0,0.0
2022-06-29 00:00:00+02:00,4.380000114440918,4.619999885559082,4.400000095367432,4.5,312633,0.0,0.0,0.0
2022-07-03 00:00:00+02:00,4.5,4.670000076293945,4.409999847412109,4.440000057220459,306559,0.0,0.0,0.0
2022-07-04 00:00:00+02:00,4.440000057220459,4.449999809265137,4.119999885559082,4.170000076293945,448425,0.0,0.0,0.0
2022-07-05 00:00:00+02:00,4.170000076293945,4.329999923706055,4.190000057220459,4.230000019073486,403116,0.0,0.0,0.0
2022-07-06 00:00:00+02:00,4.230000019073486,4.480000019073486,4.269999980926514,4.429999828338623,557730,0.0,0.0,0.0
2022-07-07 00:00:00+02:00,4.429999828338623,4.570000171661377,4.46999979019165,4.510000228881836,380706,0.0,0.0,0.0
2022-07-17 00:00:00+02:00,4.510000228881836,4.559999942779541,4.25,4.440000057220459,212094,0.0,0.0,0.0
2022-07-18 00:00:00+02:00,4.440000057220459,4.699999809265137,4.420000076293945,4.670000076293945,630989,0.0,0.0,0.0
2022-07-19 00:00:00+02:00,4.670000076293945,4.820000171661377,4.639999866485596,4.789999961853027,635761,0.0,0.0,0.0
2022-07-20 00:00:00+02:00,4.789999961853027,4.900000095367432,4.730000019073486,4.75,804711,0.0,0.0,0.0
2022-07-21 00:00:00+02:00,4.75,4.900000095367432,4.75,4.809999942779541,831485,0.0,0.0,0.0
2022-07-24 00:00:00+02:00,4.809999942779541,5.300000190734863,4.800000190734863,5.300000190734863,2610101,0.0,0.0,0.0
2022-07-25 00:00:00+02:00,5.300000190734863,5.440000057220459,5.230000019073486,5.25,2003973,0.0,0.0,0.0
2022-07-26 00:00:00+02:00,5.25,5.420000076293945,5.170000076293945,5.269999980926514,1626420,0.0,0.0,0.0
2022-07-27 00:00:00+02:00,5.269999980926514,5.639999866485596,5.320000171661377,5.389999866485596,2643837,0.0,0.0,0.0
2022-07-28 00:00:00+02:00,5.389999866485596,5.5,5.320000171661377,5.380000114440918,1076139,0.0,0.0,0.0
2022-07-31 00:00:00+02:00,5.380000114440918,5.599999904632568,5.400000095367432,5.449999809265137,1023969,0.0,0.0,0.0
2022-08-01 00:00:00+02:00,5.449999809265137,5.519999980926514,5.179999828338623,5.199999809265137,916770,0.0,0.0,0.0
2022-08-02 00:00:00+02:00,5.199999809265137,5.360000133514404,5.090000152587891,5.309999942779541,1140616,0.0,0.0,0.0
2022-08-03 00:00:00+02:00,5.309999942779541,5.440000057220459,5.269999980926514,5.28000020980835,871174,0.0,0.0,0.0
2022-08-04 00:00:00+02:00,5.28000020980835,5.539999961853027,5.289999961853027,5.510000228881836,1266420,0.0,0.0,0.0
2022-08-07 00:00:00+02:00,5.510000228881836,6.320000171661377,5.550000190734863,6.139999866485596,3322191,0.0,0.0,0.0
2022-08-08 00:00:00+02:00,6.139999866485596,6.900000095367432,6.25,6.409999847412109,3505660,0.0,0.0,0.0
2022-08-09 00:00:00+02:00,6.409999847412109,6.789999961853027,6.349999904632568,6.46999979019165,2486899,0.0,0.0,0.0
2022-08-10 00:00:00+02:00,6.46999979019165,6.71999979019165,6.420000076293945,6.519999980926514,1675258,0.0,0.0,0.0
2022-08-11 00:00:00+02:00,6.519999980926514,6.989999771118164,6.599999904632568,6.929999828338623,3462688,0.0,0.0,0.0
2022-08-14 00:00:00+02:00,6.929999828338623,7.599999904632568,7.110000133514404,7.159999847412109,2711099,0.0,0.0,0.0
2022-08-15 00:00:00+02:00,7.159999847412109,7.289999961853027,6.699999809265137,6.880000114440918,2274594,0.0,0.0,0.0
2022-08-16 00:00:00+02:00,6.880000114440918,7.400000095367432,6.909999847412109,7.099999904632568,2137289,0.0,0.0,0.0
2022-08-17 00:00:00+02:00,7.099999904632568,7.329999923706055,6.880000114440918,6.980000019073486,1457423,0.0,0.0,0.0
2022-08-18 00:00:00+02:00,6.980000019073486,6.980000019073486,6.980000019073486,6.980000019073486,0,0.0,0.0,0.0
2022-08-21 00:00:00+02:00,6.889999866485596,7.0,6.75,6.78000020980835,910745,0.0,0.0,0.0
2022-08-22 00:00:00+02:00,6.78000020980835,7.150000095367432,6.739999771118164,6.920000076293945,2512613,0.0,0.0,0.0
2022-08-23 00:00:00+02:00,6.920000076293945,6.920000076293945,6.920000076293945,6.920000076293945,0,0.0,0.0,0.0
2022-08-24 00:00:00+02:00,6.880000114440918,6.940000057220459,6.599999904632568,6.639999866485596,944103,0.0,0.0,0.0
2022-08-25 00:00:00+02:00,6.639999866485596,6.889999866485596,6.690000057220459,6.849999904632568,1278316,0.0,0.0,0.0
2022-08-28 00:00:00+02:00,6.849999904632568,7.059999942779541,6.75,6.809999942779541,1212361,0.0,0.0,0.0
2022-08-29 00:00:00+02:00,6.809999942779541,7.119999885559082,6.78000020980835,6.820000171661377,3066492,0.0,0.0,0.0
2022-08-30 00:00:00+02:00,6.820000171661377,7.0,6.800000190734863,6.840000152587891,816985,0.0,0.0,0.0
2022-08-31 00:00:00+02:00,6.840000152587891,6.989999771118164,6.659999847412109,6.71999979019165,1480050,0.0,0.0,0.0
2022-09-01 00:00:00+02:00,6.71999979019165,6.739999771118164,6.239999771118164,6.300000190734863,1267752,0.0,0.0,0.0
2022-09-04 00:00:00+02:00,6.300000190734863,6.539999961853027,6.119999885559082,6.480000019073486,1202353,0.0,0.0,0.0
2022-09-05 00:00:00+02:00,6.480000019073486,6.650000095367432,6.309999942779541,6.420000076293945,789256,0.0,0.0,0.0
2022-09-06 00:00:00+02:00,6.420000076293945,6.579999923706055,6.420000076293945,6.440000057220459,578003,0.0,0.0,0.0
2022-09-07 00:00:00+02:00,6.440000057220459,6.53000020980835,6.340000152587891,6.360000133514404,625654,0.0,0.0,0.0
2022-09-08 00:00:00+02:00,6.360000133514404,6.5,6.300000190734863,6.389999866485596,557209,0.0,0.0,0.0
2022-09-11 00:00:00+02:00,6.389999866485596,6.619999885559082,6.429999828338623,6.460000038146973,705143,0.0,0.0,0.0
2022-09-12 00:00:00+02:00,6.460000038146973,6.53000020980835,6.369999885559082,6.389999866485596,431736,0.0,0.0,0.0
2022-09-13 00:00:00+02:00,6.389999866485596,6.639999866485596,6.400000095367432,6.489999771118164,1396776,0.0,0.0,0.0
2022-09-14 00:00:00+02:00,6.489999771118164,6.769999980926514,6.369999885559082,6.699999809265137,2827735,0.0,0.0,0.0
2022-09-15 00:00:00+02:00,6.699999809265137,6.949999809265137,6.71999979019165,6.760000228881836,1992893,0.0,0.0,0.0
2022-09-18 00:00:00+02:00,6.760000228881836,6.889999866485596,5.800000190734863,5.949999809265137,1043751,0.0,0.0,0.0
2022-09-19 00:00:00+02:00,5.949999809265137,6.230000019073486,5.639999866485596,6.210000038146973,789299,0.0,0.0,0.0
2022-09-20 00:00:00+02:00,6.210000038146973,6.349999904632568,6.0,6.210000038146973,776365,0.0,0.0,0.0
2022-09-21 00:00:00+02:00,6.210000038146973,6.25,5.909999847412109,5.980000019073486,608433,0.0,0.0,0.0
2022-09-22 00:00:00+02:00,5.980000019073486,6.159999847412109,5.900000095367432,6.019999980926514,476645,0.0,0.0,0.0
2022-09-25 00:00:00+02:00,6.019999980926514,6.21999979019165,5.96999979019165,6.150000095367432,570546,0.0,0.0,0.0
2022-09-26 00:00:00+02:00,6.150000095367432,6.309999942779541,6.110000133514404,6.170000076293945,788264,0.0,0.0,0.0
2022-09-27 00:00:00+02:00,6.170000076293945,6.449999809265137,6.21999979019165,6.329999923706055,1301191,0.0,0.0,0.0
2022-09-28 00:00:00+02:00,6.329999923706055,6.409999847412109,6.119999885559082,6.150000095367432,1058155,0.0,0.0,0.0
2022-09-29 00:00:00+02:00,6.150000095367432,6.260000228881836,6.110000133514404,6.150000095367432,594621,0.0,0.0,0.0
2022-10-02 00:00:00+02:00,6.150000095367432,6.25,6.0,6.039999961853027,370914,0.0,0.0,0.0
2022-10-03 00:00:00+02:00,6.039999961853027,6.190000057220459,5.880000114440918,5.920000076293945,515096,0.0,0.0,0.0
2022-10-04 00:00:00+02:00,5.920000076293945,6.139999866485596,6.010000228881836,6.03000020980835,479943,0.0,0.0,0.0
2022-10-05 00:00:00+02:00,6.03000020980835,6.119999885559082,5.949999809265137,5.96999979019165,289717,0.0,0.0,0.0
2022-10-09 00:00:00+02:00,5.96999979019165,5.96999979019165,5.760000228881836,5.800000190734863,206867,0.0,0.0,0.0
2022-10-10 00:00:00+02:00,5.800000190734863,5.920000076293945,5.71999979019165,5.739999771118164,247305,0.0,0.0,0.0
2022-10-11 00:00:00+02:00,5.739999771118164,5.789999961853027,5.5,5.550000190734863,273602,0.0,0.0,0.0
2022-10-12 00:00:00+02:00,5.550000190734863,5.650000095367432,5.300000190734863,5.360000133514404,517601,0.0,0.0,0.0
2022-10-13 00:00:00+02:00,5.360000133514404,5.570000171661377,5.289999961853027,5.53000020980835,427030,0.0,0.0,0.0
2022-10-16 00:00:00+02:00,5.53000020980835,5.699999809265137,5.550000190734863,5.579999923706055,511665,0.0,0.0,0.0
2022-10-17 00:00:00+02:00,5.579999923706055,5.639999866485596,5.5,5.519999980926514,335215,0.0,0.0,0.0
2022-10-18 00:00:00+02:00,5.519999980926514,5.590000152587891,5.429999828338623,5.489999771118164,291452,0.0,0.0,0.0
2022-10-19 00:00:00+02:00,5.489999771118164,5.599999904632568,5.300000190734863,5.340000152587891,496719,0.0,0.0,0.0
2022-10-20 00:00:00+02:00,5.340000152587891,5.429999828338623,5.309999942779541,5.360000133514404,277911,0.0,0.0,0.0
2022-10-23 00:00:00+02:00,5.360000133514404,5.539999961853027,5.400000095367432,5.46999979019165,422861,0.0,0.0,0.0
2022-10-24 00:00:00+02:00,5.46999979019165,5.650000095367432,5.440000057220459,5.460000038146973,657957,0.0,0.0,0.0
2022-10-25 00:00:00+02:00,5.460000038146973,5.539999961853027,5.340000152587891,5.369999885559082,243425,0.0,0.0,0.0
2022-10-26 00:00:00+02:00,5.369999885559082,5.369999885559082,5.369999885559082,5.369999885559082,0,0.0,0.0,0.0
2022-10-27 00:00:00+02:00,5.369999885559082,5.559999942779541,5.349999904632568,5.389999866485596,382697,0.0,0.0,0.0
2022-10-30 00:00:00+02:00,5.389999866485596,5.480000019073486,5.21999979019165,5.260000228881836,360131,0.0,0.0,0.0
2022-10-31 00:00:00+02:00,5.260000228881836,5.369999885559082,5.099999904632568,5.28000020980835,240991,0.0,0.0,0.0
2022-11-01 00:00:00+02:00,5.28000020980835,5.559999942779541,5.28000020980835,5.440000057220459,644707,0.0,0.0,0.0
2022-11-02 00:00:00+02:00,5.440000057220459,5.559999942779541,5.25,5.300000190734863,512200,0.0,0.0,0.0
2022-11-03 00:00:00+02:00,5.300000190734863,5.340000152587891,5.150000095367432,5.210000038146973,238898,0.0,0.0,0.0
2022-11-06 00:00:00+02:00,5.210000038146973,5.300000190734863,5.159999847412109,5.210000038146973,208659,0.0,0.0,0.0
2022-11-07 00:00:00+02:00,5.210000038146973,5.389999866485596,5.190000057220459,5.239999771118164,303894,0.0,0.0,0.0
2022-11-08 00:00:00+02:00,5.239999771118164,5.590000152587891,5.25,5.449999809265137,1892690,0.0,0.0,0.0
2022-11-09 00:00:00+02:00,5.449999809265137,5.630000114440918,5.380000114440918,5.409999847412109,1349365,0.0,0.0,0.0
2022-11-10 00:00:00+02:00,5.409999847412109,5.519999980926514,5.400000095367432,5.460000038146973,435907,0.0,0.0,0.0
2022-11-13 00:00:00+02:00,5.460000038146973,5.690000057220459,5.519999980926514,5.599999904632568,734445,0.0,0.0,0.0
2022-11-14 00:00:00+02:00,5.599999904632568,5.650000095367432,5.449999809265137,5.489999771118164,555684,0.0,0.0,0.0
2022-11-15 00:00:00+02:00,5.489999771118164,5.579999923706055,5.480000019073486,5.519999980926514,325091,0.0,0.0,0.0
2022-11-16 00:00:00+02:00,5.519999980926514,5.900000095367432,5.510000228881836,5.860000133514404,2060085,0.0,0.0,0.0
2022-11-17 00:00:00+02:00,5.860000133514404,6.289999961853027,5.869999885559082,6.059999942779541,3189225,0.0,0.0,0.0
2022-11-20 00:00:00+02:00,6.059999942779541,6.190000057220459,6.0,6.039999961853027,1162109,0.0,0.0,0.0
2022-11-21 00:00:00+02:00,6.039999961853027,6.239999771118164,6.039999961853027,6.190000057220459,828805,0.0,0.0,0.0
2022-11-22 00:00:00+02:00,6.190000057220459,6.289999961853027,6.090000152587891,6.119999885559082,593495,0.0,0.0,0.0
2022-11-23 00:00:00+02:00,6.119999885559082,6.199999809265137,5.960000038146973,6.010000228881836,540960,0.0,0.0,0.0
2022-11-24 00:00:00+02:00,6.010000228881836,6.110000133514404,5.909999847412109,5.96999979019165,333316,0.0,0.0,0.0
2022-11-27 00:00:00+02:00,5.96999979019165,6.139999866485596,5.980000019073486,6.019999980926514,717051,0.0,0.0,0.0
2022-11-28 00:00:00+02:00,6.019999980926514,6.199999809265137,5.989999771118164,6.010000228881836,1175528,0.0,0.0,0.0
2022-11-29 00:00:00+02:00,6.010000228881836,6.099999904632568,6.0,6.059999942779541,528017,0.0,0.0,0.0
2022-11-30 00:00:00+02:00,6.059999942779541,6.179999828338623,6.03000020980835,6.110000133514404,1193679,0.0,0.0,0.0
2022-12-01 00:00:00+02:00,6.110000133514404,6.199999809265137,6.099999904632568,6.139999866485596,528597,0.0,0.0,0.0
2022-12-04 00:00:00+02:00,6.139999866485596,6.289999961853027,6.099999904632568,6.119999885559082,906309,0.0,0.0,0.0
2022-12-05 00:00:00+02:00,6.119999885559082,6.179999828338623,5.909999847412109,5.940000057220459,646910,0.0,0.0,0.0
2022-12-06 00:00:00+02:00,5.940000057220459,6.010000228881836,5.849999904632568,5.889999866485596,550993,0.0,0.0,0.0
2022-12-07 00:00:00+02:00,5.889999866485596,6.179999828338623,5.900000095367432,6.039999961853027,737430,0.0,0.0,0.0
2022-12-08 00:00:00+02:00,6.039999961853027,6.170000076293945,6.03000020980835,6.059999942779541,779184,0.0,0.0,0.0
2022-12-11 00:00:00+02:00,6.059999942779541,6.460000038146973,6.03000020980835,6.340000152587891,2443878,0.0,0.0,0.0
2022-12-12 00:00:00+02:00,6.340000152587891,6.599999904632568,6.320000171661377,6.420000076293945,2043990,0.0,0.0,0.0
2022-12-13 00:00:00+02:00,6.420000076293945,6.630000114440918,6.400000095367432,6.460000038146973,1661438,0.0,0.0,0.0
2022-12-14 00:00:00+02:00,6.460000038146973,6.590000152587891,6.380000114440918,6.400000095367432,929446,0.0,0.0,0.0
2022-12-15 00:00:00+02:00,6.400000095367432,6.5,6.269999980926514,6.309999942779541,811719,0.0,0.0,0.0
2022-12-18 00:00:00+02:00,6.309999942779541,6.360000133514404,6.110000133514404,6.139999866485596,340132,0.0,0.0,0.0
2022-12-19 00:00:00+02:00,6.139999866485596,6.199999809265137,6.019999980926514,6.079999923706055,337932,0.0,0.0,0.0
2022-12-20 00:00:00+02:00,6.079999923706055,6.170000076293945,6.039999961853027,6.059999942779541,330680,0.0,0.0,0.0
2022-12-21 00:00:00+02:00,6.059999942779541,6.099999904632568,5.929999828338623,5.960000038146973,321879,0.0,0.0,0.0
2022-12-22 00:00:00+02:00,5.960000038146973,6.099999904632568,5.75,5.800000190734863,566565,0.0,0.0,0.0
2022-12-25 00:00:00+02:00,5.800000190734863,5.989999771118164,5.5,5.610000133514404,169437,0.0,0.0,0.0
2022-12-26 00:00:00+02:00,5.610000133514404,5.800000190734863,5.519999980926514,5.739999771118164,138190,0.0,0.0,0.0
2022-12-27 00:00:00+02:00,5.739999771118164,5.980000019073486,5.760000228881836,5.889999866485596,517758,0.0,0.0,0.0
2022-12-28 00:00:00+02:00,5.889999866485596,6.099999904632568,5.929999828338623,5.960000038146973,476270,0.0,0.0,0.0
2022-12-29 00:00:00+02:00,5.960000038146973,6.099999904632568,5.900000095367432,5.909999847412109,314292,0.0,0.0,0.0
2023-01-02 00:00:00+02:00,5.909999847412109,6.110000133514404,5.909999847412109,6.070000171661377,368977,0.0,0.0,0.0
2023-01-03 00:00:00+02:00,6.070000171661377,6.420000076293945,6.130000114440918,6.329999923706055,1112986,0.0,0.0,0.0
2023-01-04 00:00:00+02:00,6.329999923706055,6.400000095367432,5.920000076293945,6.159999847412109,864215,0.0,0.0,0.0
2023-01-05 00:00:00+02:00,6.159999847412109,6.340000152587891,5.989999771118164,6.019999980926514,1042385,0.0,0.0,0.0
2023-01-09 00:00:00+02:00,6.019999980926514,6.440000057220459,6.050000190734863,6.21999979019165,1999014,0.0,0.0,0.0
2023-01-10 00:00:00+02:00,6.21999979019165,6.380000114440918,6.199999809265137,6.210000038146973,1236437,0.0,0.0,0.0
2023-01-11 00:00:00+02:00,6.210000038146973,6.349999904632568,5.909999847412109,5.940000057220459,1118547,0.0,0.0,0.0
2023-01-12 00:00:00+02:00,5.940000057220459,6.179999828338623,5.889999866485596,5.989999771118164,528946,0.0,0.0,0.0
2023-01-15 00:00:00+02:00,5.989999771118164,6.139999866485596,5.5,5.909999847412109,341365,0.0,0.0,0.0
2023-01-16 00:00:00+02:00,5.909999847412109,6.059999942779541,5.900000095367432,5.929999828338623,955285,0.0,0.0,0.0
2023-01-17 00:00:00+02:00,5.929999828338623,6.119999885559082,5.929999828338623,6.03000020980835,974308,0.0,0.0,0.0
2023-01-18 00:00:00+02:00,6.03000020980835,7.119999885559082,6.199999809265137,7.050000190734863,6317522,0.0,0.0,0.0
2023-01-19 00:00:00+02:00,7.050000190734863,7.349999904632568,6.849999904632568,7.039999961853027,4641902,0.0,0.0,0.0
2023-01-22 00:00:00+02:00,7.039999961853027,7.429999828338623,7.119999885559082,7.150000095367432,3164581,0.0,0.0,0.0
2023-01-23 00:00:00+02:00,7.150000095367432,7.230000019073486,6.760000228881836,6.809999942779541,1619752,0.0,0.0,0.0
2023-01-24 00:00:00+02:00,6.809999942779541,7.03000020980835,6.659999847412109,6.71999979019165,1091248,0.0,0.0,0.0
2023-01-25 00:00:00+02:00,6.71999979019165,7.0,6.789999961853027,6.860000133514404,773654,0.0,0.0,0.0
2023-01-29 00:00:00+02:00,6.860000133514404,7.199999809265137,6.900000095367432,6.949999809265137,2189231,0.0,0.0,0.0
2023-01-30 00:00:00+02:00,6.949999809265137,7.099999904632568,6.599999904632568,6.630000114440918,1394937,0.0,0.0,0.0
2023-01-31 00:00:00+02:00,6.630000114440918,6.739999771118164,6.329999923706055,6.389999866485596,698022,0.0,0.0,0.0
2023-02-01 00:00:00+02:00,6.389999866485596,6.559999942779541,6.159999847412109,6.420000076293945,598697,0.0,0.0,0.0
2023-02-02 00:00:00+02:00,6.420000076293945,6.690000057220459,6.099999904632568,6.199999809265137,657095,0.0,0.0,0.0
2023-02-05 00:00:00+02:00,6.199999809265137,6.170000076293945,5.949999809265137,5.980000019073486,515992,0.0,0.0,0.0
2023-02-06 00:00:00+02:00,5.980000019073486,6.139999866485596,5.960000038146973,6.010000228881836,327566,0.0,0.0,0.0
2023-02-07 00:00:00+02:00,6.010000228881836,6.400000095367432,6.050000190734863,6.329999923706055,504309,0.0,0.0,0.0
2023-02-08 00:00:00+02:00,6.329999923706055,6.440000057220459,6.059999942779541,6.190000057220459,496715,0.0,0.0,0.0
2023-02-09 00:00:00+02:00,6.190000057220459,6.289999961853027,6.099999904632568,6.139999866485596,392920,0.0,0.0,0.0
2023-02-12 00:00:00+02:00,6.139999866485596,6.539999961853027,6.070000171661377,6.360000133514404,902391,0.0,0.0,0.0
2023-02-13 00:00:00+02:00,6.360000133514404,6.679999828338623,6.400000095367432,6.510000228881836,1394670,0.0,0.0,0.0
2023-02-14 00:00:00+02:00,6.510000228881836,6.730000019073486,6.539999961853027,6.579999923706055,943910,0.0,0.0,0.0
2023-02-15 00:00:00+02:00,6.579999923706055,6.699999809265137,6.400000095367432,6.440000057220459,647111,0.0,0.0,0.0
2023-02-16 00:00:00+02:00,6.440000057220459,6.570000171661377,6.349999904632568,6.380000114440918,585449,0.0,0.0,0.0
2023-02-19 00:00:00+02:00,6.380000114440918,6.659999847412109,6.320000171661377,6.420000076293945,945591,0.0,0.0,0.0
2023-02-20 00:00:00+02:00,6.420000076293945,6.670000076293945,6.309999942779541,6.340000152587891,1335531,0.0,0.0,0.0
2023-02-21 00:00:00+02:00,6.340000152587891,6.340000152587891,6.340000152587891,6.340000152587891,0,0.0,0.0,0.0
2023-02-22 00:00:00+02:00,6.340000152587891,6.75,6.369999885559082,6.409999847412109,1259589,0.0,0.0,0.0
2023-02-23 00:00:00+02:00,6.409999847412109,6.53000020980835,6.309999942779541,6.380000114440918,370194,0.0,0.0,0.0
2023-02-26 00:00:00+02:00,6.380000114440918,6.579999923706055,6.400000095367432,6.489999771118164,819346,0.0,0.0,0.0
2023-02-27 00:00:00+02:00,6.489999771118164,6.559999942779541,6.349999904632568,6.380000114440918,485433,0.0,0.0,0.0
2023-02-28 00:00:00+02:00,6.380000114440918,6.519999980926514,6.360000133514404,6.400000095367432,438421,0.0,0.0,0.0
2023-03-01 00:00:00+02:00,6.400000095367432,6.650000095367432,6.400000095367432,6.489999771118164,1076342,0.0,0.0,0.0
2023-03-02 00:00:00+02:00,6.489999771118164,6.619999885559082,6.380000114440918,6.409999847412109,582386,0.0,0.0,0.0
2023-03-05 00:00:00+02:00,6.409999847412109,6.5,6.349999904632568,6.369999885559082,289527,0.0,0.0,0.0
2023-03-06 00:00:00+02:00,6.369999885559082,6.550000190734863,6.309999942779541,6.340000152587891,600263,0.0,0.0,0.0
2023-03-07 00:00:00+02:00,6.340000152587891,6.389999866485596,6.070000171661377,6.099999904632568,264852,0.0,0.0,0.0
2023-03-08 00:00:00+02:00,6.099999904632568,6.400000095367432,6.059999942779541,6.269999980926514,549335,0.0,0.0,0.0
2023-03-09 00:00:00+02:00,6.269999980926514,6.46999979019165,6.199999809265137,6.320000171661377,711808,0.0,0.0,0.0
2023-03-12 00:00:00+02:00,6.320000171661377,6.320000171661377,6.320000171661377,6.320000171661377,0,0.0,0.0,0.0
2023-03-13 00:00:00+02:00,6.320000171661377,6.320000171661377,6.320000171661377,6.320000171661377,0,0.0,0.0,0.0
2023-03-14 00:00:00+02:00,6.320000171661377,6.320000171661377,6.320000171661377,6.320000171661377,0,0.0,0.0,0.0
2023-03-15 00:00:00+02:00,6.320000171661377,6.320000171661377,6.320000171661377,6.320000171661377,0,0.0,0.0,0.0
2023-03-16 00:00:00+02:00,6.320000171661377,6.320000171661377,6.320000171661377,6.320000171661377,0,0.0,0.0,0.0
2023-03-19 00:00:00+02:00,6.320000171661377,5.599999904632568,5.190000057220459,5.389999866485596,1220455,0.0,0.0,0.0
2023-03-20 00:00:00+02:00,5.389999866485596,5.670000076293945,5.309999942779541,5.519999980926514,1377118,0.0,0.0,0.0
2023-03-21 00:00:00+02:00,5.519999980926514,5.690000057220459,5.46999979019165,5.610000133514404,583973,0.0,0.0,0.0
2023-03-22 00:00:00+02:00,5.610000133514404,5.75,5.449999809265137,5.489999771118164,623820,0.0,0.0,0.0
2023-03-23 00:00:00+02:00,5.489999771118164,5.599999904632568,5.360000133514404,5.550000190734863,244892,0.0,0.0,0.0
2023-03-26 00:00:00+02:00,5.550000190734863,5.699999809265137,5.5,5.599999904632568,742717,0.0,0.0,0.0
2023-03-27 00:00:00+02:00,5.599999904632568,5.679999828338623,5.46999979019165,5.489999771118164,371964,0.0,0.0,0.0
2023-03-28 00:00:00+02:00,5.489999771118164,5.579999923706055,5.309999942779541,5.510000228881836,515178,0.0,0.0,0.0
2023-03-29 00:00:00+02:00,5.510000228881836,5.650000095367432,5.5,5.53000020980835,628338,0.0,0.0,0.0
2023-03-30 00:00:00+02:00,5.53000020980835,5.570000171661377,5.349999904632568,5.369999885559082,345564,0.0,0.0,0.0
2023-04-02 00:00:00+02:00,5.369999885559082,5.449999809265137,5.349999904632568,5.400000095367432,194648,0.0,0.0,0.0
2023-04-03 00:00:00+02:00,5.400000095367432,5.699999809265137,5.400000095367432,5.570000171661377,513900,0.0,0.0,0.0
2023-04-04 00:00:00+02:00,5.570000171661377,5.880000114440918,5.559999942779541,5.769999980926514,1204444,0.0,0.0,0.0
2023-04-05 00:00:00+02:00,5.769999980926514,5.940000057220459,5.769999980926514,5.800000190734863,640833,0.0,0.0,0.0
2023-04-06 00:00:00+02:00,5.800000190734863,5.949999809265137,5.71999979019165,5.75,384196,0.0,0.0,0.0
2023-04-09 00:00:00+02:00,5.75,5.840000152587891,5.599999904632568,5.650000095367432,194757,0.0,0.0,0.0
2023-04-10 00:00:00+02:00,5.650000095367432,5.829999923706055,5.599999904632568,5.769999980926514,232892,0.0,0.0,0.0
2023-04-11 00:00:00+02:00,5.769999980926514,6.400000095367432,5.949999809265137,6.340000152587891,2445081,0.0,0.0,0.0
2023-04-12 00:00:00+02:00,6.340000152587891,6.519999980926514,6.210000038146973,6.25,1349063,0.0,0.0,0.0
2023-04-13 00:00:00+02:00,6.25,6.360000133514404,6.150000095367432,6.210000038146973,563702,0.0,0.0,0.0
2023-04-18 00:00:00+02:00,6.210000038146973,6.239999771118164,6.050000190734863,6.119999885559082,858913,0.0,0.0,0.0
2023-04-19 00:00:00+02:00,6.119999885559082,6.300000190734863,6.130000114440918,6.150000095367432,697682,0.0,0.0,0.0
2023-04-26 00:00:00+02:00,6.150000095367432,6.289999961853027,6.150000095367432,6.170000076293945,747737,0.0,0.0,0.0
2023-04-27 00:00:00+02:00,6.170000076293945,6.409999847412109,6.159999847412109,6.329999923706055,1062008,0.0,0.0,0.0
2023-04-30 00:00:00+03:00,6.329999923706055,6.46999979019165,6.170000076293945,6.210000038146973,968264,0.0,0.0,0.0
2023-05-01 00:00:00+03:00,6.210000038146973,6.210000038146973,6.210000038146973,6.210000038146973,0,0.0,0.0,0.0
2023-05-02 00:00:00+03:00,6.019999980926514,6.099999904632568,5.900000095367432,5.949999809265137,218976,0.0,0.0,0.0
2023-05-03 00:00:00+03:00,5.949999809265137,6.059999942779541,5.829999923706055,5.889999866485596,204896,0.0,0.0,0.0
2023-05-07 00:00:00+03:00,5.889999866485596,5.949999809265137,5.800000190734863,5.900000095367432,235256,0.0,0.0,0.0
2023-05-08 00:00:00+03:00,5.900000095367432,6.190000057220459,5.980000019073486,6.070000171661377,334622,0.0,0.0,0.0
2023-05-09 00:00:00+03:00,6.070000171661377,6.179999828338623,5.849999904632568,5.900000095367432,535010,0.0,0.0,0.0
2023-05-10 00:00:00+03:00,5.900000095367432,6.019999980926514,5.849999904632568,5.929999828338623,202862,0.0,0.0,0.0
2023-05-11 00:00:00+03:00,5.929999828338623,6.130000114440918,5.929999828338623,5.940000057220459,443309,0.0,0.0,0.0
2023-05-14 00:00:00+03:00,5.940000057220459,6.050000190734863,5.909999847412109,5.949999809265137,246677,0.0,0.0,0.0
2023-05-15 00:00:00+03:00,5.949999809265137,6.019999980926514,5.800000190734863,5.829999923706055,194187,0.0,0.0,0.0
2023-05-16 00:00:00+03:00,5.829999923706055,5.889999866485596,5.699999809265137,5.730000019073486,168583,0.0,0.0,0.0
2023-05-17 00:00:00+03:00,5.730000019073486,5.920000076293945,5.659999847412109,5.699999809265137,270246,0.0,0.0,0.0
2023-05-18 00:00:00+03:00,5.699999809265137,5.769999980926514,5.5,5.53000020980835,159264,0.0,0.0,0.0
2023-05-21 00:00:00+03:00,5.53000020980835,5.730000019073486,5.599999904632568,5.639999866485596,159633,0.0,0.0,0.0
2023-05-22 00:00:00+03:00,5.639999866485596,5.739999771118164,5.619999885559082,5.639999866485596,121762,0.0,0.0,0.0
2023-05-23 00:00:00+03:00,5.639999866485596,5.769999980926514,5.639999866485596,5.75,186259,0.0,0.0,0.0
2023-05-24 00:00:00+03:00,5.75,5.860000133514404,5.699999809265137,5.789999961853027,283057,0.0,0.0,0.0
2023-05-25 00:00:00+03:00,5.789999961853027,6.050000190734863,5.769999980926514,5.909999847412109,930044,0.0,0.0,0.0
2023-05-28 00:00:00+03:00,5.909999847412109,6.090000152587891,5.900000095367432,6.03000020980835,559452,0.0,0.0,0.0
2023-05-29 00:00:00+03:00,6.03000020980835,6.150000095367432,5.949999809265137,6.050000190734863,489775,0.0,0.0,0.0
2023-05-30 00:00:00+03:00,6.050000190734863,6.199999809265137,6.0,6.139999866485596,611482,0.0,0.0,0.0
2023-05-31 00:00:00+03:00,6.139999866485596,6.360000133514404,6.110000133514404,6.199999809265137,1342446,0.0,0.0,0.0
2023-06-01 00:00:00+03:00,6.199999809265137,6.320000171661377,6.179999828338623,6.199999809265137,930891,0.0,0.0,0.0
2023-06-04 00:00:00+03:00,6.199999809265137,6.329999923706055,6.199999809265137,6.210000038146973,613413,0.0,0.0,0.0
2023-06-05 00:00:00+03:00,6.210000038146973,6.46999979019165,6.159999847412109,6.260000228881836,1857144,0.0,0.0,0.0
2023-06-06 00:00:00+03:00,6.260000228881836,6.369999885559082,6.199999809265137,6.210000038146973,730941,0.0,0.0,0.0
2023-06-07 00:00:00+03:00,6.210000038146973,6.269999980926514,5.96999979019165,6.0,647756,0.0,0.0,0.0
2023-06-08 00:00:00+03:00,6.0,6.099999904632568,5.900000095367432,5.909999847412109,333669,0.0,0.0,0.0
2023-06-11 00:00:00+03:00,5.909999847412109,6.03000020980835,5.849999904632568,5.880000114440918,441645,0.0,0.0,0.0
2023-06-12 00:00:00+03:00,5.880000114440918,5.949999809265137,5.849999904632568,5.909999847412109,124998,0.0,0.0,0.0
2023-06-13 00:00:00+03:00,5.909999847412109,6.099999904632568,5.900000095367432,5.96999979019165,711377,0.0,0.0,0.0
2023-06-14 00:00:00+03:00,5.96999979019165,6.110000133514404,5.960000038146973,5.980000019073486,351277,0.0,0.0,0.0
2023-06-15 00:00:00+03:00,5.980000019073486,6.239999771118164,6.0,6.039999961853027,634727,0.0,0.0,0.0
2023-06-18 00:00:00+03:00,6.039999961853027,6.159999847412109,6.039999961853027,6.139999866485596,378133,0.0,0.0,0.0
2023-06-19 00:00:00+03:00,6.139999866485596,6.190000057220459,5.949999809265137,5.989999771118164,377410,0.0,0.0,0.0
2023-06-20 00:00:00+03:00,5.989999771118164,6.199999809265137,5.989999771118164,6.039999961853027,946808,0.0,0.0,0.0
2023-06-21 00:00:00+03:00,6.039999961853027,6.130000114440918,5.900000095367432,5.929999828338623,283409,0.0,0.0,0.0
2023-06-22 00:00:00+03:00,5.929999828338623,5.96999979019165,5.820000171661377,5.860000133514404,256759,0.0,0.0,0.0
2023-06-25 00:00:00+03:00,5.860000133514404,5.920000076293945,5.75,5.769999980926514,239069,0.0,0.0,0.0
2023-06-26 00:00:00+03:00,5.769999980926514,5.860000133514404,5.71999979019165,5.800000190734863,127437,0.0,0.0,0.0
2023-07-04 00:00:00+03:00,5.800000190734863,5.929999828338623,5.809999942779541,5.840000152587891,248439,0.0,0.0,0.0
2023-07-05 00:00:00+03:00,5.840000152587891,5.900000095367432,5.800000190734863,5.809999942779541,114242,0.0,0.0,0.0
2023-07-06 00:00:00+03:00,5.809999942779541,5.880000114440918,5.650000095367432,5.699999809265137,190436,0.0,0.0,0.0
2023-07-09 00:00:00+03:00,5.699999809265137,5.71999979019165,5.380000114440918,5.460000038146973,116701,0.0,0.0,0.0
2023-07-10 00:00:00+03:00,5.460000038146973,5.550000190734863,5.349999904632568,5.489999771118164,128413,0.0,0.0,0.0
2023-07-11 00:00:00+03:00,5.489999771118164,5.590000152587891,5.489999771118164,5.510000228881836,88985,0.0,0.0,0.0
2023-07-12 00:00:00+03:00,5.510000228881836,5.53000020980835,5.340000152587891,5.369999885559082,228637,0.0,0.0,0.0
2023-07-13 00:00:00+03:00,5.369999885559082,5.579999923706055,5.380000114440918,5.519999980926514,140515,0.0,0.0,0.0
2023-07-16 00:00:00+03:00,5.519999980926514,5.679999828338623,5.519999980926514,5.579999923706055,254183,0.0,0.0,0.0
2023-07-17 00:00:00+03:00,5.579999923706055,5.639999866485596,5.519999980926514,5.550000190734863,104219,0.0,0.0,0.0
2023-07-18 00:00:00+03:00,5.550000190734863,5.670000076293945,5.539999961853027,5.579999923706055,91870,0.0,0.0,0.0
2023-07-19 00:00:00+03:00,5.579999923706055,5.579999923706055,5.579999923706055,5.579999923706055,0,0.0,0.0,0.0
2023-07-24 00:00:00+03:00,5.610000133514404,6.039999961853027,5.659999847412109,5.789999961853027,713515,0.0,0.0,0.0
2023-07-25 00:00:00+03:00,5.789999961853027,6.170000076293945,5.75,6.019999980926514,1988670,0.0,0.0,0.0
2023-07-26 00:00:00+03:00,6.019999980926514,6.179999828338623,5.900000095367432,5.909999847412109,855739,0.0,0.0,0.0
2023-07-27 00:00:00+03:00,5.909999847412109,6.039999961853027,5.849999904632568,5.869999885559082,422261,0.0,0.0,0.0
2023-07-30 00:00:00+03:00,5.869999885559082,6.349999904632568,5.849999904632568,6.349999904632568,2477722,0.0,0.0,0.0
2023-07-31 00:00:00+03:00,6.349999904632568,6.449999809265137,6.150000095367432,6.190000057220459,1673892,0.0,0.0,0.0
2023-08-01 00:00:00+03:00,6.190000057220459,6.329999923706055,6.130000114440918,6.139999866485596,933857,0.0,0.0,0.0
2023-08-02 00:00:00+03:00,6.139999866485596,6.199999809265137,5.96999979019165,5.989999771118164,713873,0.0,0.0,0.0
2023-08-03 00:00:00+03:00,5.989999771118164,6.099999904632568,5.929999828338623,6.059999942779541,493339,0.0,0.0,0.0
2023-08-06 00:00:00+03:00,6.059999942779541,6.170000076293945,6.0,6.139999866485596,398119,0.0,0.0,0.0
2023-08-07 00:00:00+03:00,6.139999866485596,6.179999828338623,5.960000038146973,6.119999885559082,811388,0.0,0.0,0.0
2023-08-08 00:00:00+03:00,6.119999885559082,6.239999771118164,6.039999961853027,6.090000152587891,506000,0.0,0.0,0.0
2023-08-09 00:00:00+03:00,6.090000152587891,6.139999866485596,6.010000228881836,6.059999942779541,333536,0.0,0.0,0.0
2023-08-10 00:00:00+03:00,6.059999942779541,6.139999866485596,6.0,6.019999980926514,293525,0.0,0.0,0.0
2023-08-13 00:00:00+03:00,6.019999980926514,6.159999847412109,6.019999980926514,6.130000114440918,381366,0.0,0.0,0.0
2023-08-14 00:00:00+03:00,6.130000114440918,6.449999809265137,6.210000038146973,6.309999942779541,2328064,0.0,0.0,0.0
2023-08-15 00:00:00+03:00,6.309999942779541,7.570000171661377,6.329999923706055,7.570000171661377,5638103,0.0,0.0,0.0
2023-08-16 00:00:00+03:00,7.570000171661377,9.079999923706055,8.050000190734863,9.0,8192628,0.0,0.0,0.0
2023-08-17 00:00:00+03:00,9.0,9.350000381469727,8.720000267028809,8.720000267028809,5834512,0.0,0.0,0.0
2023-08-20 00:00:00+03:00,8.720000267028809,8.720000267028809,8.720000267028809,8.720000267028809,0,0.0,0.0,0.0
2023-08-21 00:00:00+03:00,8.720000267028809,10.100000381469727,9.109999656677246,10.029999732971191,6348947,0.0,0.0,0.0
2023-08-22 00:00:00+03:00,10.029999732971191,10.300000190734863,9.699999809265137,9.800000190734863,3528563,0.0,0.0,0.0
2023-08-23 00:00:00+03:00,9.800000190734863,10.199999809265137,9.350000381469727,9.420000076293945,3244064,0.0,0.0,0.0
2023-08-24 00:00:00+03:00,9.420000076293945,10.979999542236328,8.850000381469727,10.710000038146973,6322387,0.0,0.0,0.0
2023-08-27 00:00:00+03:00,10.710000038146973,11.550000190734863,10.699999809265137,10.90999984741211,7129039,0.0,0.0,0.0
2023-08-28 00:00:00+03:00,10.90999984741211,11.170000076293945,10.520000457763672,10.779999732971191,4119720,0.0,0.0,0.0
2023-08-29 00:00:00+03:00,10.779999732971191,11.460000038146973,10.850000381469727,11.289999961853027,5459740,0.0,0.0,0.0
2023-08-30 00:00:00+03:00,11.289999961853027,11.649999618530273,11.109999656677246,11.199999809265137,3559641,0.0,0.0,0.0
2023-08-31 00:00:00+03:00,11.199999809265137,11.199999809265137,11.199999809265137,11.199999809265137,0,0.0,0.0,0.0
2023-09-03 00:00:00+03:00,10.859999656677246,11.0,10.050000190734863,10.100000381469727,2992496,0.0,0.0,0.0
2023-09-04 00:00:00+03:00,10.100000381469727,10.75,9.739999771118164,10.380000114440918,3238443,0.0,0.0,0.0
2023-09-05 00:00:00+03:00,10.380000114440918,10.680000305175781,9.930000305175781,10.020000457763672,2347469,0.0,0.0,0.0
2023-09-06 00:00:00+03:00,10.020000457763672,10.15999984741211,9.390000343322754,9.75,1582120,0.0,0.0,0.0
2023-09-07 00:00:00+03:00,9.75,10.300000190734863,9.430000305175781,10.170000076293945,3414168,0.0,0.0,0.0
2023-09-10 00:00:00+03:00,10.170000076293945,10.170000076293945,10.170000076293945,10.170000076293945,0,0.0,0.0,0.0
2023-09-11 00:00:00+03:00,10.069999694824219,10.319999694824219,9.050000190734863,9.890000343322754,2379504,0.0,0.0,0.0
2023-09-12 00:00:00+03:00,9.890000343322754,10.119999885559082,9.729999542236328,9.789999961853027,1466921,0.0,0.0,0.0
2023-09-13 00:00:00+03:00,9.789999961853027,9.970000267028809,9.630000114440918,9.9399995803833,1138005,0.0,0.0,0.0
2023-09-14 00:00:00+03:00,9.9399995803833,10.069999694824219,9.710000038146973,9.760000228881836,1075003,0.0,0.0,0.0
2023-09-17 00:00:00+03:00,9.760000228881836,9.859999656677246,9.5,9.520000457763672,1319670,0.0,0.0,0.0
2023-09-18 00:00:00+03:00,9.520000457763672,11.100000381469727,9.579999923706055,11.100000381469727,7383063,0.0,0.0,0.0
2023-09-19 00:00:00+03:00,11.100000381469727,11.15999984741211,10.329999923706055,10.350000381469727,4242930,0.0,0.0,0.0
2023-09-20 00:00:00+03:00,10.350000381469727,10.350000381469727,10.350000381469727,10.350000381469727,0,0.0,0.0,0.0
2023-09-21 00:00:00+03:00,10.350000381469727,10.350000381469727,10.350000381469727,10.350000381469727,0,0.0,0.0,0.0
2023-09-24 00:00:00+03:00,10.350000381469727,10.350000381469727,10.350000381469727,10.350000381469727,0,0.0,0.0,0.0
2023-09-25 00:00:00+03:00,9.680000305175781,10.0,9.600000381469727,9.630000114440918,1302554,0.0,0.0,0.0
2023-09-26 00:00:00+03:00,9.630000114440918,9.84000015258789,9.149999618530273,9.399999618530273,1802463,0.0,0.0,0.0
2023-09-27 00:00:00+03:00,9.399999618530273,9.399999618530273,9.399999618530273,9.399999618530273,0,0.0,0.0,0.0
2023-10-01 00:00:00+03:00,9.399999618530273,9.399999618530273,9.399999618530273,9.399999618530273,0,0.0,0.0,0.0
2023-10-02 00:00:00+03:00,8.760000228881836,8.9399995803833,8.109999656677246,8.25,1231228,0.0,0.0,0.0
2023-10-03 00:00:00+03:00,8.25,9.09000015258789,8.239999771118164,8.579999923706055,3799725,0.0,0.0,0.0
2023-10-04 00:00:00+03:00,8.579999923706055,9.050000190734863,8.510000228881836,8.869999885559082,2602116,0.0,0.0,0.0
2023-10-08 00:00:00+03:00,8.869999885559082,8.930000305175781,7.920000076293945,8.350000381469727,1446672,0.0,0.0,0.0
2023-10-09 00:00:00+03:00,8.350000381469727,8.899999618530273,8.3100004196167,8.899999618530273,1575691,0.0,0.0,0.0
2023-10-10 00:00:00+03:00,8.899999618530273,9.579999923706055,9.119999885559082,9.350000381469727,4099406,0.0,0.0,0.0
2023-10-11 00:00:00+03:00,9.350000381469727,10.1899995803833,9.550000190734863,10.1899995803833,4632355,0.0,0.0,0.0
2023-10-12 00:00:00+03:00,10.1899995803833,10.390000343322754,9.819999694824219,9.960000038146973,2292453,0.0,0.0,0.0
2023-10-15 00:00:00+03:00,9.960000038146973,10.239999771118164,9.970000267028809,10.0600004196167,2020750,0.0,0.0,0.0
2023-10-16 00:00:00+03:00,10.0600004196167,10.09000015258789,9.75,9.75,2362332,0.0,0.0,0.0
2023-10-17 00:00:00+03:00,9.75,9.899999618530273,9.300000190734863,9.430000305175781,2171304,0.0,0.0,0.0
2023-10-18 00:00:00+03:00,9.430000305175781,10.329999923706055,9.5,9.829999923706055,3951705,0.0,0.0,0.0
2023-10-19 00:00:00+03:00,9.829999923706055,9.829999923706055,9.829999923706055,9.829999923706055,0,0.0,0.0,0.0
2023-10-22 00:00:00+03:00,10.329999923706055,12.390000343322754,10.600000381469727,12.390000343322754,6865707,0.0,0.0,0.0
2023-10-23 00:00:00+03:00,12.390000343322754,12.970000267028809,11.699999809265137,11.880000114440918,5697894,0.0,0.0,0.0
2023-10-24 00:00:00+03:00,11.880000114440918,13.489999771118164,12.010000228881836,13.489999771118164,6980563,0.0,0.0,0.0
2023-10-25 00:00:00+03:00,13.489999771118164,14.260000228881836,13.350000381469727,13.350000381469727,4902189,0.0,0.0,0.0
2023-10-26 00:00:00+03:00,13.350000381469727,13.600000381469727,12.619999885559082,12.630000114440918,2961891,0.0,0.0,0.0
2023-10-29 00:00:00+02:00,12.630000114440918,13.25,12.319999694824219,12.369999885559082,2809575,0.0,0.0,0.0
2023-10-30 00:00:00+02:00,12.369999885559082,13.069999694824219,12.460000038146973,12.600000381469727,1948655,0.0,0.0,0.0
2023-10-31 00:00:00+02:00,12.600000381469727,13.050000190734863,11.75,11.930000305175781,1738384,0.0,0.0,0.0
2023-11-01 00:00:00+02:00,11.930000305175781,12.449999809265137,11.130000114440918,11.529999732971191,1721005,0.0,0.0,0.0
2023-11-02 00:00:00+02:00,11.529999732971191,12.699999809265137,11.800000190734863,12.699999809265137,3248306,0.0,0.0,0.0
2023-11-05 00:00:00+02:00,12.699999809265137,13.5,12.729999542236328,12.8100004196167,3648310,0.0,0.0,0.0
2023-11-06 00:00:00+02:00,12.8100004196167,13.25,12.609999656677246,12.640000343322754,2680953,0.0,0.0,0.0
2023-11-07 00:00:00+02:00,12.640000343322754,13.239999771118164,12.720000267028809,12.760000228881836,2788533,0.0,0.0,0.0
2023-11-08 00:00:00+02:00,12.760000228881836,13.149999618530273,12.699999809265137,12.729999542236328,1949091,0.0,0.0,0.0
2023-11-09 00:00:00+02:00,12.729999542236328,12.920000076293945,12.100000381469727,12.25,1363959,0.0,0.0,0.0
2023-11-12 00:00:00+02:00,12.25,12.59000015258789,11.880000114440918,11.899999618530273,1168048,0.0,0.0,0.0
2023-11-13 00:00:00+02:00,11.899999618530273,12.350000381469727,11.699999809265137,11.899999618530273,2124536,0.0,0.0,0.0
2023-11-14 00:00:00+02:00,11.899999618530273,12.199999809265137,11.789999961853027,11.800000190734863,1315210,0.0,0.0,0.0
2023-11-15 00:00:00+02:00,11.800000190734863,12.220000267028809,11.8100004196167,12.029999732971191,2158807,0.0,0.0,0.0
2023-11-16 00:00:00+02:00,12.029999732971191,12.630000114440918,12.140000343322754,12.199999809265137,2848045,0.0,0.0,0.0
2023-11-19 00:00:00+02:00,12.199999809265137,12.399999618530273,11.829999923706055,11.869999885559082,1339636,0.0,0.0,0.0
2023-11-20 00:00:00+02:00,11.869999885559082,12.0,11.449999809265137,11.460000038146973,950260,0.0,0.0,0.0
2023-11-21 00:00:00+02:00,11.460000038146973,12.789999961853027,11.390000343322754,12.789999961853027,2815503,0.0,0.0,0.0
2023-11-22 00:00:00+02:00,12.789999961853027,12.800000190734863,12.210000038146973,12.270000457763672,1627556,0.0,0.0,0.0
2023-11-23 00:00:00+02:00,12.270000457763672,12.449999809265137,12.0,12.029999732971191,1576429,0.0,0.0,0.0
2023-11-26 00:00:00+02:00,12.029999732971191,12.359999656677246,11.930000305175781,12.020000457763672,1001122,0.0,0.0,0.0
2023-11-27 00:00:00+02:00,12.020000457763672,12.1899995803833,11.899999618530273,11.930000305175781,728260,0.0,0.0,0.0
2023-11-28 00:00:00+02:00,11.930000305175781,12.149999618530273,11.760000228881836,11.850000381469727,926638,0.0,0.0,0.0
2023-11-29 00:00:00+02:00,11.850000381469727,12.0,11.579999923706055,11.579999923706055,909089,0.0,0.0,0.0
2023-11-30 00:00:00+02:00,11.579999923706055,11.850000381469727,11.460000038146973,11.520000457763672,656370,0.0,0.0,0.0
2023-12-03 00:00:00+02:00,11.520000457763672,12.600000381469727,11.569999694824219,12.4399995803833,2890884,0.0,0.0,0.0
2023-12-04 00:00:00+02:00,12.4399995803833,12.59000015258789,12.109999656677246,12.15999984741211,1497829,0.0,0.0,0.0
2023-12-05 00:00:00+02:00,12.15999984741211,12.739999771118164,12.15999984741211,12.460000038146973,3163893,0.0,0.0,0.0
2023-12-06 00:00:00+02:00,12.460000038146973,13.350000381469727,12.449999809265137,12.680000305175781,5479193,0.0,0.0,0.0
2023-12-07 00:00:00+02:00,12.680000305175781,12.84000015258789,12.119999885559082,12.359999656677246,2271796,0.0,0.0,0.0
2023-12-10 00:00:00+02:00,12.359999656677246,12.949999809265137,12.010000228881836,12.0600004196167,2138799,0.0,0.0,0.0
2023-12-11 00:00:00+02:00,12.0600004196167,12.329999923706055,11.729999542236328,11.770000457763672,1044105,0.0,0.0,0.0
2023-12-12 00:00:00+02:00,11.770000457763672,12.0,10.600000381469727,11.109999656677246,1232585,0.0,0.0,0.0
2023-12-13 00:00:00+02:00,11.109999656677246,11.84000015258789,11.260000228881836,11.779999732971191,1169520,0.0,0.0,0.0
2023-12-14 00:00:00+02:00,11.779999732971191,12.199999809265137,11.699999809265137,11.899999618530273,1252526,0.0,0.0,0.0
2023-12-17 00:00:00+02:00,11.899999618530273,12.220000267028809,11.850000381469727,11.930000305175781,1458543,0.0,0.0,0.0
2023-12-18 00:00:00+02:00,11.930000305175781,12.069999694824219,11.710000038146973,11.850000381469727,710177,0.0,0.0,0.0
2023-12-19 00:00:00+02:00,11.850000381469727,11.989999771118164,11.390000343322754,11.470000267028809,847099,0.0,0.0,0.0
2023-12-20 00:00:00+02:00,11.470000267028809,11.6899995803833,11.300000190734863,11.319999694824219,474759,0.0,0.0,0.0
2023-12-21 00:00:00+02:00,11.319999694824219,11.59000015258789,11.079999923706055,11.199999809265137,420311,0.0,0.0,0.0
2023-12-24 00:00:00+02:00,11.199999809265137,11.199999809265137,11.199999809265137,11.199999809265137,0,0.0,0.0,0.0
2023-12-25 00:00:00+02:00,10.779999732971191,10.960000038146973,10.479999542236328,10.760000228881836,620522,0.0,0.0,0.0
2023-12-26 00:00:00+02:00,10.760000228881836,11.369999885559082,10.760000228881836,10.979999542236328,877260,0.0,0.0,0.0
2023-12-27 00:00:00+02:00,10.979999542236328,11.239999771118164,10.90999984741211,11.020000457763672,434780,0.0,0.0,0.0
2023-12-28 00:00:00+02:00,11.020000457763672,11.020000457763672,11.020000457763672,11.020000457763672,0,0.0,0.0,0.0
2023-12-31 00:00:00+02:00,11.40999984741211,13.0,11.600000381469727,12.789999961853027,3386110,0.0,0.0,0.0
2024-01-02 00:00:00+02:00,12.789999961853027,13.0,12.5,12.609999656677246,3089395,0.0,0.0,0.0
2024-01-03 00:00:00+02:00,12.609999656677246,12.739999771118164,12.210000038146973,12.359999656677246,1440604,0.0,0.0,0.0
2024-01-04 00:00:00+02:00,12.359999656677246,13.470000267028809,12.359999656677246,13.079999923706055,4571362,0.0,0.0,0.0
2024-01-08 00:00:00+02:00,13.079999923706055,13.699999809265137,13.020000457763672,13.100000381469727,3392656,0.0,0.0,0.0
2024-01-09 00:00:00+02:00,13.100000381469727,13.579999923706055,12.899999618530273,12.899999618530273,1914920,0.0,0.0,0.0
2024-01-10 00:00:00+02:00,12.899999618530273,13.289999961853027,12.890000343322754,12.899999618530273,1725898,0.0,0.0,0.0
2024-01-11 00:00:00+02:00,12.899999618530273,13.25,12.920000076293945,12.949999809265137,1541200,0.0,0.0,0.0
2024-01-14 00:00:00+02:00,12.949999809265137,13.380000114440918,12.960000038146973,13.380000114440918,2132368,0.0,0.0,0.0
2024-01-15 00:00:00+02:00,13.380000114440918,14.600000381469727,13.699999809265137,13.850000381469727,6038814,0.0,0.0,0.0
2024-01-16 00:00:00+02:00,13.850000381469727,14.130000114440918,13.5600004196167,13.670000076293945,2185430,0.0,0.0,0.0
2024-01-17 00:00:00+02:00,13.670000076293945,13.970000267028809,13.399999618530273,13.40999984741211,1688444,0.0,0.0,0.0
2024-01-18 00:00:00+02:00,13.40999984741211,13.649999618530273,13.100000381469727,13.369999885559082,800663,0.0,0.0,0.0
2024-01-21 00:00:00+02:00,13.369999885559082,13.600000381469727,13.25,13.260000228881836,953108,0.0,0.0,0.0
2024-01-22 00:00:00+02:00,13.260000228881836,13.600000381469727,13.300000190734863,13.3100004196167,1004498,0.0,0.0,0.0
2024-01-23 00:00:00+02:00,13.3100004196167,13.550000190734863,13.100000381469727,13.109999656677246,877336,0.0,0.0,0.0
2024-01-24 00:00:00+02:00,13.109999656677246,13.84000015258789,13.119999885559082,13.34000015258789,1853381,0.0,0.0,0.0
2024-01-28 00:00:00+02:00,13.34000015258789,13.649999618530273,13.220000267028809,13.270000457763672,1056268,0.0,0.0,0.0
2024-01-29 00:00:00+02:00,13.270000457763672,13.470000267028809,12.899999618530273,13.0,736432,0.0,0.0,0.0
2024-01-30 00:00:00+02:00,13.0,13.739999771118164,12.829999923706055,13.380000114440918,2398100,0.0,0.0,0.0
2024-01-31 00:00:00+02:00,13.380000114440918,13.569999694824219,11.300000190734863,11.649999618530273,1056408,0.0,0.0,0.0
2024-02-01 00:00:00+02:00,11.649999618530273,12.5,11.0,12.420000076293945,1128245,0.0,0.0,0.0
2024-02-04 00:00:00+02:00,12.420000076293945,12.59000015258789,11.850000381469727,12.079999923706055,894901,0.0,0.0,0.0
2024-02-05 00:00:00+02:00,12.079999923706055,12.479999542236328,12.119999885559082,12.319999694824219,972616,0.0,0.0,0.0
2024-02-06 00:00:00+02:00,12.319999694824219,12.5,11.850000381469727,11.890000343322754,558634,0.0,0.0,0.0
2024-02-07 00:00:00+02:00,11.890000343322754,12.350000381469727,11.960000038146973,12.279999732971191,642087,0.0,0.0,0.0
2024-02-08 00:00:00+02:00,12.279999732971191,13.399999618530273,12.300000190734863,12.869999885559082,3548527,0.0,0.0,0.0
2024-02-11 00:00:00+02:00,12.869999885559082,13.199999809265137,12.5,12.569999694824219,1055208,0.0,0.0,0.0
2024-02-12 00:00:00+02:00,12.569999694824219,12.609999656677246,12.199999809265137,12.319999694824219,708067,0.0,0.0,0.0
2024-02-13 00:00:00+02:00,12.319999694824219,12.609999656677246,12.199999809265137,12.5,1065827,0.0,0.0,0.0
2024-02-14 00:00:00+02:00,12.5,12.869999885559082,12.550000190734863,12.800000190734863,798361,0.0,0.0,0.0
2024-02-15 00:00:00+02:00,12.800000190734863,12.890000343322754,12.5,12.5600004196167,730178,0.0,0.0,0.0
2024-02-18 00:00:00+02:00,12.5600004196167,12.5600004196167,12.5600004196167,12.5600004196167,0,0.0,0.0,0.0
2024-02-19 00:00:00+02:00,12.699999809265137,13.1899995803833,12.65999984741211,12.729999542236328,1523022,0.0,0.0,0.0
2024-02-20 00:00:00+02:00,12.729999542236328,13.140000343322754,12.739999771118164,12.920000076293945,1198561,0.0,0.0,0.0
2024-02-21 00:00:00+02:00,12.920000076293945,13.180000305175781,12.850000381469727,12.960000038146973,1711215,0.0,0.0,0.0
2024-02-22 00:00:00+02:00,12.960000038146973,13.899999618530273,13.109999656677246,13.229999542236328,2949698,0.0,0.0,0.0
2024-02-25 00:00:00+02:00,13.229999542236328,12.899999618530273,11.600000381469727,11.819999694824219,1154628,0.0,0.0,0.0
2024-02-26 00:00:00+02:00,11.819999694824219,12.100000381469727,11.399999618530273,11.720000267028809,763107,0.0,0.0,0.0
2024-02-27 00:00:00+02:00,11.720000267028809,12.050000190734863,11.430000305175781,11.520000457763672,962216,0.0,0.0,0.0
2024-02-28 00:00:00+02:00,11.520000457763672,12.0,11.350000381469727,11.399999618530273,746955,0.0,0.0,0.0
2024-02-29 00:00:00+02:00,11.399999618530273,11.40999984741211,10.90999984741211,11.15999984741211,513850,0.0,0.0,0.0
2024-03-03 00:00:00+02:00,11.15999984741211,11.350000381469727,10.899999618530273,10.949999809265137,561737,0.0,0.0,0.0
2024-03-04 00:00:00+02:00,10.949999809265137,11.239999771118164,10.9399995803833,11.1899995803833,331193,0.0,0.0,0.0
2024-03-05 00:00:00+02:00,11.1899995803833,11.579999923706055,11.130000114440918,11.199999809265137,1115498,0.0,0.0,0.0
2024-03-06 00:00:00+02:00,11.199999809265137,11.199999809265137,10.609999656677246,10.65999984741211,410267,0.0,0.0,0.0
2024-03-07 00:00:00+02:00,10.65999984741211,10.9399995803833,10.0,10.239999771118164,332039,0.0,0.0,0.0
2024-03-10 00:00:00+02:00,10.239999771118164,10.579999923706055,10.220000267028809,10.319999694824219,480094,0.0,0.0,0.0
2024-03-11 00:00:00+02:00,10.319999694824219,10.619999885559082,10.260000228881836,10.279999732971191,295212,0.0,0.0,0.0
2024-03-12 00:00:00+02:00,10.279999732971191,10.800000190734863,10.210000038146973,10.430000305175781,1021784,0.0,0.0,0.0
2024-03-13 00:00:00+02:00,10.430000305175781,10.880000114440918,9.899999618530273,10.0,646479,0.0,0.0,0.0
2024-03-14 00:00:00+02:00,10.0,10.479999542236328,9.930000305175781,10.0600004196167,333044,0.0,0.0,0.0
2024-03-17 00:00:00+02:00,10.0600004196167,10.300000190734863,10.0,10.0,240451,0.0,0.0,0.0
2024-03-18 00:00:00+02:00,10.0,10.0,8.199999809265137,8.729999542236328,334787,0.0,0.0,0.0
2024-03-19 00:00:00+02:00,8.729999542236328,8.5,8.0,8.100000381469727,305458,0.0,0.0,0.0
2024-03-20 00:00:00+02:00,8.100000381469727,8.890000343322754,8.100000381469727,8.449999809265137,551395,0.0,0.0,0.0
2024-03-21 00:00:00+02:00,8.449999809265137,8.649999618530273,6.769999980926514,8.399999618530273,315566,0.0,0.0,0.0
2024-03-24 00:00:00+02:00,8.399999618530273,9.5,8.770000457763672,9.050000190734863,692129,0.0,0.0,0.0
2024-03-25 00:00:00+02:00,9.050000190734863,9.25,8.899999618530273,9.020000457763672,293047,0.0,0.0,0.0
2024-03-26 00:00:00+02:00,9.020000457763672,9.329999923706055,9.0,9.1899995803833,472320,0.0,0.0,0.0
2024-03-27 00:00:00+02:00,9.1899995803833,9.270000457763672,8.8100004196167,8.850000381469727,231623,0.0,0.0,0.0
2024-03-28 00:00:00+02:00,8.850000381469727,8.850000381469727,8.600000381469727,8.739999771118164,106399,0.0,0.0,0.0
2024-03-31 00:00:00+02:00,8.739999771118164,8.789999961853027,8.020000457763672,8.229999542236328,102456,0.0,0.0,0.0
2024-04-01 00:00:00+02:00,8.229999542236328,8.579999923706055,8.239999771118164,8.5,173157,0.0,0.0,0.0
2024-04-02 00:00:00+02:00,8.5,8.84000015258789,8.569999694824219,8.680000305175781,160129,0.0,0.0,0.0
2024-04-03 00:00:00+02:00,8.680000305175781,8.699999809265137,8.350000381469727,8.5,151094,0.0,0.0,0.0
2024-04-04 00:00:00+02:00,8.5,8.699999809265137,8.5,8.59000015258789,140694,0.0,0.0,0.0
2024-04-07 00:00:00+02:00,8.59000015258789,8.890000343322754,8.600000381469727,8.649999618530273,248612,0.0,0.0,0.0
2024-04-08 00:00:00+02:00,8.649999618530273,8.819999694824219,8.600000381469727,8.699999809265137,153580,0.0,0.0,0.0
2024-04-15 00:00:00+02:00,8.699999809265137,8.829999923706055,8.510000228881836,8.8100004196167,468324,0.0,0.0,0.0
2024-04-16 00:00:00+02:00,8.8100004196167,9.149999618530273,8.949999809265137,9.079999923706055,707573,0.0,0.0,0.0
2024-04-17 00:00:00+02:00,9.079999923706055,9.34000015258789,9.079999923706055,9.239999771118164,476211,0.0,0.0,0.0
2024-04-18 00:00:00+02:00,9.239999771118164,9.390000343322754,8.510000228881836,8.640000343322754,723431,0.0,0.0,0.0
2024-04-21 00:00:00+02:00,8.640000343322754,8.949999809265137,8.609999656677246,8.680000305175781,280195,0.0,0.0,0.0
2024-04-22 00:00:00+02:00,8.680000305175781,8.850000381469727,8.529999732971191,8.59000015258789,169347,0.0,0.0,0.0
2024-04-23 00:00:00+02:00,8.59000015258789,8.550000190734863,7.769999980926514,7.940000057220459,338363,0.0,0.0,0.0
2024-04-24 00:00:00+02:00,7.940000057220459,8.0,7.409999847412109,7.599999904632568,222936,0.0,0.0,0.0
2024-04-28 00:00:00+03:00,7.599999904632568,7.599999904632568,7.599999904632568,7.599999904632568,0,0.0,0.0,0.0
2024-04-29 00:00:00+03:00,7.269999980926514,7.690000057220459,7.210000038146973,7.639999866485596,262930,0.0,0.0,0.0
2024-04-30 00:00:00+03:00,7.639999866485596,7.75,7.070000171661377,7.260000228881836,124473,0.0,0.0,0.0
2024-05-02 00:00:00+03:00,7.25,7.53000020980835,7.230000019073486,7.349999904632568,154124,0.0,0.0,0.0
2024-05-07 00:00:00+03:00,7.349999904632568,7.440000057220459,7.239999771118164,7.420000076293945,298541,0.0,0.0,0.0
2024-05-08 00:00:00+03:00,7.420000076293945,7.5,7.150000095367432,7.239999771118164,118276,0.0,0.0,0.0
2024-05-09 00:00:00+03:00,7.239999771118164,7.380000114440918,7.03000020980835,7.190000057220459,77389,0.0,0.0,0.0
2024-05-12 00:00:00+03:00,7.190000057220459,7.320000171661377,6.449999809265137,6.690000057220459,167884,0.0,0.0,0.0
2024-05-13 00:00:00+03:00,6.690000057220459,6.800000190734863,6.199999809265137,6.46999979019165,136104,0.0,0.0,0.0
2024-05-14 00:00:00+03:00,6.46999979019165,6.599999904632568,6.25,6.340000152587891,100041,0.0,0.0,0.0
2024-05-15 00:00:00+03:00,6.340000152587891,6.480000019073486,6.300000190734863,6.400000095367432,156947,0.0,0.0,0.0
2024-05-16 00:00:00+03:00,6.400000095367432,6.739999771118164,6.199999809265137,6.659999847412109,558121,0.0,0.0,0.0
2024-05-19 00:00:00+03:00,6.659999847412109,6.900000095367432,6.659999847412109,6.880000114440918,362406,0.0,0.0,0.0
2024-05-20 00:00:00+03:00,6.880000114440918,7.25,6.840000152587891,6.940000057220459,908702,0.0,0.0,0.0
2024-05-21 00:00:00+03:00,6.940000057220459,7.380000114440918,6.849999904632568,7.170000076293945,946972,0.0,0.0,0.0
2024-05-22 00:00:00+03:00,7.170000076293945,7.329999923706055,7.050000190734863,7.070000171661377,452442,0.0,0.0,0.0
2024-05-23 00:00:00+03:00,7.070000171661377,7.239999771118164,7.099999904632568,7.119999885559082,152472,0.0,0.0,0.0
2024-05-26 00:00:00+03:00,7.119999885559082,7.119999885559082,7.119999885559082,7.119999885559082,0,0.0,0.0,0.0
2024-05-27 00:00:00+03:00,7.570000171661377,7.690000057220459,7.349999904632568,7.420000076293945,472515,0.0,0.0,0.0
2024-05-28 00:00:00+03:00,7.420000076293945,7.420000076293945,7.21999979019165,7.300000190734863,384706,0.0,0.0,0.0
2024-05-29 00:00:00+03:00,7.300000190734863,7.380000114440918,7.239999771118164,7.28000020980835,214322,0.0,0.0,0.0
2024-05-30 00:00:00+03:00,7.28000020980835,7.380000114440918,7.070000171661377,7.119999885559082,198912,0.0,0.0,0.0
2024-06-02 00:00:00+03:00,7.119999885559082,7.269999980926514,7.03000020980835,7.079999923706055,243492,0.0,0.0,0.0
2024-06-03 00:00:00+03:00,7.079999923706055,7.300000190734863,6.989999771118164,7.0,390593,0.0,0.0,0.0
2024-06-04 00:00:00+03:00,7.0,7.179999828338623,7.010000228881836,7.090000152587891,188450,0.0,0.0,0.0
2024-06-05 00:00:00+03:00,7.090000152587891,7.150000095367432,6.659999847412109,6.929999828338623,200892,0.0,0.0,0.0
2024-06-06 00:00:00+03:00,6.929999828338623,7.050000190734863,6.820000171661377,6.860000133514404,87261,0.0,0.0,0.0
2024-06-09 00:00:00+03:00,6.860000133514404,6.860000133514404,6.300000190734863,6.53000020980835,118968,0.0,0.0,0.0
2024-06-10 00:00:00+03:00,6.53000020980835,6.539999961853027,6.300000190734863,6.480000019073486,97299,0.0,0.0,0.0
2024-06-11 00:00:00+03:00,6.480000019073486,6.75,6.5,6.53000020980835,511730,0.0,0.0,0.0
2024-06-12 00:00:00+03:00,6.53000020980835,6.889999866485596,6.539999961853027,6.769999980926514,350483,0.0,0.0,0.0
2024-06-13 00:00:00+03:00,6.769999980926514,6.840000152587891,6.710000038146973,6.800000190734863,158869,0.0,0.0,0.0
2024-06-23 00:00:00+03:00,6.800000190734863,7.190000057220459,6.809999942779541,7.190000057220459,595545,0.0,0.0,0.0
2024-06-24 00:00:00+03:00,7.190000057220459,7.349999904632568,7.059999942779541,7.079999923706055,579658,0.0,0.0,0.0
2024-06-25 00:00:00+03:00,7.079999923706055,7.599999904632568,7.090000152587891,7.329999923706055,1769735,0.0,0.0,0.0
2024-06-26 00:00:00+03:00,7.329999923706055,7.449999809265137,7.260000228881836,7.289999961853027,466308,0.0,0.0,0.0
2024-06-27 00:00:00+03:00,7.289999961853027,7.690000057220459,7.260000228881836,7.420000076293945,1445268,0.0,0.0,0.0
2024-07-02 00:00:00+03:00,7.639999866485596,8.050000190734863,7.699999809265137,7.800000190734863,1843695,0.0,0.0,0.0
2024-07-03 00:00:00+03:00,7.800000190734863,7.929999828338623,7.75,7.789999961853027,653907,0.0,0.0,0.0
2024-07-04 00:00:00+03:00,7.789999961853027,8.010000228881836,7.699999809265137,7.739999771118164,674320,0.0,0.0,0.0
2024-07-07 00:00:00+03:00,7.739999771118164,7.980000019073486,7.75,7.809999942779541,586083,0.0,0.0,0.0
2024-07-08 00:00:00+03:00,7.809999942779541,7.940000057220459,7.559999942779541,7.610000133514404,593683,0.0,0.0,0.0
2024-07-09 00:00:00+03:00,7.610000133514404,8.149999618530273,7.610000133514404,7.920000076293945,1791295,0.0,0.0,0.0
2024-07-10 00:00:00+03:00,7.920000076293945,8.300000190734863,7.829999923706055,7.989999771118164,1500705,0.0,0.0,0.0
2024-07-14 00:00:00+03:00,7.989999771118164,8.300000190734863,7.929999828338623,8.0,1166738,0.0,0.0,0.0
2024-07-15 00:00:00+03:00,8.0,8.199999809265137,7.989999771118164,8.010000228881836,794217,0.0,0.0,0.0
2024-07-16 00:00:00+03:00,8.010000228881836,8.260000228881836,8.010000228881836,8.0600004196167,961343,0.0,0.0,0.0
2024-07-17 00:00:00+03:00,8.0600004196167,8.800000190734863,8.0600004196167,8.609999656677246,1862021,0.0,0.0,0.0
2024-07-18 00:00:00+03:00,8.609999656677246,8.800000190734863,8.489999771118164,8.5600004196167,763085,0.0,0.0,0.0
2024-07-21 00:00:00+03:00,8.5600004196167,8.979999542236328,8.40999984741211,8.699999809265137,1073358,0.0,0.0,0.0
2024-07-22 00:00:00+03:00,8.699999809265137,8.850000381469727,8.399999618530273,8.460000038146973,1070144,0.0,0.0,0.0
2024-07-23 00:00:00+03:00,8.460000038146973,8.800000190734863,8.430000305175781,8.520000457763672,1646749,0.0,0.0,0.0
2024-07-24 00:00:00+03:00,8.520000457763672,8.699999809265137,8.539999961853027,8.579999923706055,696468,0.0,0.0,0.0
2024-07-28 00:00:00+03:00,8.579999923706055,8.670000076293945,8.420000076293945,8.4399995803833,363662,0.0,0.0,0.0
2024-07-29 00:00:00+03:00,8.4399995803833,8.609999656677246,8.399999618530273,8.449999809265137,570579,0.0,0.0,0.0
2024-07-30 00:00:00+03:00,8.449999809265137,8.550000190734863,8.40999984741211,8.489999771118164,215177,0.0,0.0,0.0
2024-07-31 00:00:00+03:00,8.489999771118164,8.600000381469727,8.420000076293945,8.449999809265137,273690,0.0,0.0,0.0
2024-08-01 00:00:00+03:00,8.449999809265137,8.649999618530273,8.210000038146973,8.3100004196167,476278,0.0,0.0,0.0
2024-08-04 00:00:00+03:00,8.3100004196167,8.260000228881836,7.670000076293945,7.800000190734863,478390,0.0,0.0,0.0
2024-08-05 00:00:00+03:00,7.800000190734863,7.800000190734863,7.0,7.309999942779541,339363,0.0,0.0,0.0
2024-08-06 00:00:00+03:00,7.309999942779541,7.699999809265137,7.400000095367432,7.639999866485596,260988,0.0,0.0,0.0
2024-08-07 00:00:00+03:00,7.639999866485596,7.860000133514404,7.559999942779541,7.639999866485596,489119,0.0,0.0,0.0
2024-08-08 00:00:00+03:00,7.639999866485596,8.420000076293945,7.599999904632568,8.210000038146973,1184280,0.0,0.0,0.0
2024-08-11 00:00:00+03:00,8.210000038146973,8.800000190734863,8.229999542236328,8.399999618530273,1875484,0.0,0.0,0.0
2024-08-12 00:00:00+03:00,8.399999618530273,8.720000267028809,8.260000228881836,8.390000343322754,1243560,0.0,0.0,0.0
2024-08-13 00:00:00+03:00,8.390000343322754,9.25,8.420000076293945,9.25,4612721,0.0,0.0,0.0
2024-08-14 00:00:00+03:00,9.25,9.470000267028809,8.649999618530273,8.819999694824219,3230559,0.0,0.0,0.0
2024-08-15 00:00:00+03:00,8.819999694824219,9.100000381469727,8.699999809265137,9.0,1433622,0.0,0.0,0.0
2024-08-18 00:00:00+03:00,9.0,9.25,8.90999984741211,8.90999984741211,2286555,0.0,0.0,0.0
2024-08-19 00:00:00+03:00,8.90999984741211,9.1899995803833,8.9399995803833,9.100000381469727,1707290,0.0,0.0,0.0
2024-08-20 00:00:00+03:00,9.100000381469727,9.300000190734863,9.050000190734863,9.149999618530273,1059944,0.0,0.0,0.0
2024-08-21 00:00:00+03:00,9.149999618530273,9.260000228881836,8.90999984741211,8.930000305175781,762144,0.0,0.0,0.0
2024-08-22 00:00:00+03:00,8.930000305175781,9.140000343322754,8.829999923706055,8.920000076293945,831647,0.0,0.0,0.0
2024-08-25 00:00:00+03:00,8.920000076293945,9.0600004196167,8.800000190734863,8.899999618530273,621408,0.0,0.0,0.0
2024-08-26 00:00:00+03:00,8.899999618530273,9.25,8.859999656677246,8.899999618530273,517889,0.0,0.0,0.0
2024-08-27 00:00:00+03:00,8.899999618530273,9.130000114440918,8.899999618530273,8.989999771118164,891366,0.0,0.0,0.0
2024-08-28 00:00:00+03:00,8.989999771118164,9.399999618530273,9.0,9.100000381469727,3553116,0.0,0.0,0.0
2024-08-29 00:00:00+03:00,9.100000381469727,9.329999923706055,9.010000228881836,9.079999923706055,1490707,0.0,0.0,0.0
2024-09-01 00:00:00+03:00,9.079999923706055,9.170000076293945,8.90999984741211,8.930000305175781,652350,0.0,0.0,0.0
2024-09-02 00:00:00+03:00,8.930000305175781,9.100000381469727,8.899999618530273,8.899999618530273,668188,0.0,0.0,0.0
2024-09-03 00:00:00+03:00,8.899999618530273,9.170000076293945,8.899999618530273,9.010000228881836,1239340,0.0,0.0,0.0
2024-09-04 00:00:00+03:00,9.010000228881836,9.25,9.0,9.09000015258789,1319620,0.0,0.0,0.0
2024-09-05 00:00:00+03:00,9.09000015258789,9.229999542236328,9.020000457763672,9.050000190734863,823676,0.0,0.0,0.0
2024-09-08 00:00:00+03:00,9.050000190734863,9.149999618530273,8.899999618530273,8.90999984741211,520680,0.0,0.0,0.0
2024-09-09 00:00:00+03:00,8.90999984741211,9.050000190734863,8.90999984741211,8.920000076293945,501869,0.0,0.0,0.0
2024-09-10 00:00:00+03:00,8.920000076293945,9.100000381469727,8.600000381469727,8.899999618530273,456721,0.0,0.0,0.0
2024-09-11 00:00:00+03:00,8.899999618530273,8.989999771118164,8.710000038146973,8.829999923706055,368026,0.0,0.0,0.0
2024-09-12 00:00:00+03:00,8.829999923706055,8.949999809265137,8.800000190734863,8.899999618530273,359749,0.0,0.0,0.0
2024-09-16 00:00:00+03:00,8.899999618530273,9.0,8.819999694824219,8.869999885559082,195978,0.0,0.0,0.0
2024-09-17 00:00:00+03:00,8.869999885559082,8.960000038146973,8.720000267028809,8.75,284411,0.0,0.0,0.0
2024-09-18 00:00:00+03:00,8.75,8.800000190734863,8.619999885559082,8.75,158027,0.0,0.0,0.0
2024-09-19 00:00:00+03:00,8.75,8.920000076293945,8.75,8.800000190734863,465194,0.0,0.0,0.0
2024-09-22 00:00:00+03:00,8.800000190734863,9.100000381469727,8.819999694824219,9.010000228881836,879066,0.0,0.0,0.0
2024-09-23 00:00:00+03:00,9.010000228881836,9.199999809265137,9.020000457763672,9.029999732971191,783754,0.0,0.0,0.0
2024-09-24 00:00:00+03:00,9.119999885559082,9.289999961853027,9.130000114440918,9.130000114440918,547093,0.0,0.0,0.0
2024-09-25 00:00:00+03:00,8.960000038146973,9.350000381469727,8.970000267028809,9.119999885559082,1427366,0.0,0.0,0.0
2024-09-26 00:00:00+03:00,9.119999885559082,9.289999961853027,9.130000114440918,9.130000114440918,547093,0.0,0.0,0.0
2024-09-29 00:00:00+03:00,9.130000114440918,9.239999771118164,9.079999923706055,9.100000381469727,447674,0.0,0.0,0.0
2024-09-30 00:00:00+03:00,9.100000381469727,9.1899995803833,9.050000190734863,9.069999694824219,413635,0.0,0.0,0.0
2024-10-01 00:00:00+03:00,9.069999694824219,9.199999809265137,9.0,9.170000076293945,628099,0.0,0.0,0.0
2024-10-02 00:00:00+03:00,9.170000076293945,9.149999618530273,8.880000114440918,8.899999618530273,608014,0.0,0.0,0.0
2024-10-03 00:00:00+03:00,8.899999618530273,9.069999694824219,8.899999618530273,8.989999771118164,241756,0.0,0.0,0.0
2024-10-07 00:00:00+03:00,8.989999771118164,9.180000305175781,8.989999771118164,9.010000228881836,428294,0.0,0.0,0.0
2024-10-08 00:00:00+03:00,9.010000228881836,9.050000190734863,8.600000381469727,8.619999885559082,399230,0.0,0.0,0.0
2024-10-09 00:00:00+03:00,8.619999885559082,8.899999618530273,8.569999694824219,8.65999984741211,253208,0.0,0.0,0.0
2024-10-10 00:00:00+03:00,8.65999984741211,8.800000190734863,8.600000381469727,8.609999656677246,181427,0.0,0.0,0.0
2024-10-13 00:00:00+03:00,8.609999656677246,8.75,8.25,8.289999961853027,310701,0.0,0.0,0.0
2024-10-14 00:00:00+03:00,8.289999961853027,8.34000015258789,7.900000095367432,8.109999656677246,185460,0.0,0.0,0.0
2024-10-15 00:00:00+03:00,8.109999656677246,8.600000381469727,8.210000038146973,8.260000228881836,325176,0.0,0.0,0.0
2024-10-16 00:00:00+03:00,8.260000228881836,9.600000381469727,8.300000190734863,9.399999618530273,5425045,0.0,0.0,0.0
2024-10-17 00:00:00+03:00,9.399999618530273,10.300000190734863,9.5,9.869999885559082,7636273,0.0,0.0,0.0
2024-10-20 00:00:00+03:00,9.869999885559082,9.979999542236328,9.149999618530273,9.199999809265137,1960930,0.0,0.0,0.0
2024-10-21 00:00:00+03:00,9.199999809265137,9.40999984741211,8.770000457763672,9.210000038146973,1340364,0.0,0.0,0.0
2024-10-22 00:00:00+03:00,9.210000038146973,9.619999885559082,9.180000305175781,9.3100004196167,1619820,0.0,0.0,0.0
2024-10-23 00:00:00+03:00,9.3100004196167,9.869999885559082,9.270000457763672,9.850000381469727,1742095,0.0,0.0,0.0
2024-10-24 00:00:00+03:00,9.850000381469727,10.479999542236328,9.949999809265137,10.029999732971191,6615249,0.0,0.0,0.0
2024-10-27 00:00:00+03:00,10.029999732971191,10.399999618530273,9.869999885559082,9.899999618530273,2530029,0.0,0.0,0.0
2024-10-28 00:00:00+03:00,9.899999618530273,10.069999694824219,9.649999618530273,9.670000076293945,1571882,0.0,0.0,0.0
2024-10-29 00:00:00+03:00,9.670000076293945,10.300000190734863,9.720000267028809,9.869999885559082,3509340,0.0,0.0,0.0
2024-10-30 00:00:00+03:00,9.869999885559082,9.979999542236328,9.710000038146973,9.779999732971191,590076,0.0,0.0,0.0
2024-10-31 00:00:00+03:00,9.779999732971191,10.119999885559082,9.670000076293945,9.869999885559082,1627437,0.0,0.0,0.0
2024-11-03 00:00:00+02:00,9.869999885559082,10.0,9.859999656677246,9.890000343322754,535625,0.0,0.0,0.0
2024-11-04 00:00:00+02:00,9.890000343322754,9.970000267028809,9.699999809265137,9.710000038146973,1072466,0.0,0.0,0.0
2024-11-05 00:00:00+02:00,9.710000038146973,9.850000381469727,9.59000015258789,9.609999656677246,642280,0.0,0.0,0.0
2024-11-06 00:00:00+02:00,9.609999656677246,10.140000343322754,9.619999885559082,9.890000343322754,2710184,0.0,0.0,0.0
2024-11-07 00:00:00+02:00,9.890000343322754,10.09000015258789,9.829999923706055,9.84000015258789,1063549,0.0,0.0,0.0
2024-11-10 00:00:00+02:00,9.84000015258789,9.970000267028809,9.729999542236328,9.739999771118164,1272938,0.0,0.0,0.0
2024-11-11 00:00:00+02:00,9.739999771118164,9.880000114440918,9.710000038146973,9.729999542236328,796976,0.0,0.0,0.0
2024-11-12 00:00:00+02:00,9.729999542236328,9.819999694824219,9.65999984741211,9.65999984741211,587642,0.0,0.0,0.0
2024-11-13 00:00:00+02:00,9.65999984741211,9.880000114440918,9.670000076293945,9.670000076293945,600226,0.0,0.0,0.0
2024-11-14 00:00:00+02:00,9.670000076293945,9.880000114440918,9.710000038146973,9.760000228881836,1076256,0.0,0.0,0.0
2024-11-17 00:00:00+02:00,9.760000228881836,9.850000381469727,9.75,9.800000190734863,457660,0.0,0.0,0.0
2024-11-18 00:00:00+02:00,9.800000190734863,9.850000381469727,9.600000381469727,9.699999809265137,288716,0.0,0.0,0.0
2024-11-19 00:00:00+02:00,9.699999809265137,9.65999984741211,9.449999809265137,9.449999809265137,429322,0.0,0.0,0.0
2024-11-20 00:00:00+02:00,9.449999809265137,9.670000076293945,9.420000076293945,9.489999771118164,402928,0.0,0.0,0.0
2024-11-21 00:00:00+02:00,9.489999771118164,9.59000015258789,9.40999984741211,9.510000228881836,508128,0.0,0.0,0.0
2024-11-24 00:00:00+02:00,9.510000228881836,9.789999961853027,9.510000228881836,9.529999732971191,813649,0.0,0.0,0.0
2024-11-25 00:00:00+02:00,9.529999732971191,10.0,9.579999923706055,9.6899995803833,3341158,0.0,0.0,0.0
2024-11-26 00:00:00+02:00,9.6899995803833,9.9399995803833,9.770000457763672,9.800000190734863,1082590,0.0,0.0,0.0
2024-11-27 00:00:00+02:00,9.800000190734863,10.149999618530273,9.720000267028809,9.75,1210204,0.0,0.0,0.0
2024-11-28 00:00:00+02:00,9.75,9.800000190734863,9.510000228881836,9.640000343322754,412210,0.0,0.0,0.0
2024-12-01 00:00:00+02:00,9.640000343322754,9.789999961853027,9.600000381469727,9.640000343322754,196790,0.0,0.0,0.0
2024-12-02 00:00:00+02:00,9.640000343322754,9.829999923706055,9.640000343322754,9.680000305175781,256584,0.0,0.0,0.0
2024-12-03 00:00:00+02:00,9.680000305175781,9.850000381469727,9.65999984741211,9.680000305175781,330485,0.0,0.0,0.0
2024-12-04 00:00:00+02:00,9.680000305175781,9.779999732971191,9.640000343322754,9.649999618530273,229030,0.0,0.0,0.0
2024-12-05 00:00:00+02:00,9.649999618530273,9.720000267028809,9.550000190734863,9.619999885559082,395054,0.0,0.0,0.0
2024-12-08 00:00:00+02:00,9.619999885559082,9.649999618530273,9.489999771118164,9.520000457763672,584398,0.0,0.0,0.0
2024-12-09 00:00:00+02:00,9.520000457763672,9.949999809265137,9.539999961853027,9.739999771118164,1167570,0.0,0.0,0.0
2024-12-10 00:00:00+02:00,9.739999771118164,9.899999618530273,9.569999694824219,9.600000381469727,621919,0.0,0.0,0.0
2024-12-11 00:00:00+02:00,9.600000381469727,9.75,9.539999961853027,9.569999694824219,612759,0.0,0.0,0.0
2024-12-12 00:00:00+02:00,9.569999694824219,9.680000305175781,9.319999694824219,9.4399995803833,537074,0.0,0.0,0.0
2024-12-15 00:00:00+02:00,9.4399995803833,9.5600004196167,9.350000381469727,9.390000343322754,280422,0.0,0.0,0.0
2024-12-16 00:00:00+02:00,9.390000343322754,9.489999771118164,7.800000190734863,9.270000457763672,617234,0.0,0.0,0.0
2024-12-17 00:00:00+02:00,9.270000457763672,9.350000381469727,9.010000228881836,9.029999732971191,458867,0.0,0.0,0.0
2024-12-18 00:00:00+02:00,9.029999732971191,9.180000305175781,8.8100004196167,8.850000381469727,315496,0.0,0.0,0.0
2024-12-19 00:00:00+02:00,8.850000381469727,8.84000015258789,8.5600004196167,8.770000457763672,240972,0.0,0.0,0.0
2024-12-22 00:00:00+02:00,8.770000457763672,9.289999961853027,8.770000457763672,9.100000381469727,674874,0.0,0.0,0.0
2024-12-23 00:00:00+02:00,9.100000381469727,9.260000228881836,8.779999732971191,8.819999694824219,362687,0.0,0.0,0.0
2024-12-24 00:00:00+02:00,8.819999694824219,8.880000114440918,8.569999694824219,8.699999809265137,373590,0.0,0.0,0.0
2024-12-25 00:00:00+02:00,8.699999809265137,8.819999694824219,8.649999618530273,8.6899995803833,185167,0.0,0.0,0.0
2024-12-26 00:00:00+02:00,8.6899995803833,8.800000190734863,8.609999656677246,8.649999618530273,183598,0.0,0.0,0.0
2024-12-29 00:00:00+02:00,8.649999618530273,8.699999809265137,8.229999542236328,8.289999961853027,410596,0.0,0.0,0.0
2024-12-30 00:00:00+02:00,8.289999961853027,8.359999656677246,8.0,8.079999923706055,420900,0.0,0.0,0.0
2024-12-31 00:00:00+02:00,8.079999923706055,8.300000190734863,8.029999732971191,8.180000305175781,151891,0.0,0.0,0.0
2025-01-02 00:00:00+02:00,8.180000305175781,8.550000190734863,8.149999618530273,8.510000228881836,256228,0.0,0.0,0.0
2025-01-05 00:00:00+02:00,8.510000228881836,9.149999618530273,8.460000038146973,9.100000381469727,755257,0.0,0.0,0.0
2025-01-06 00:00:00+02:00,9.100000381469727,9.149999618530273,8.869999885559082,8.899999618530273,394773,0.0,0.0,0.0
2025-01-08 00:00:00+02:00,8.899999618530273,9.09000015258789,8.800000190734863,9.050000190734863,436813,0.0,0.0,0.0
2025-01-09 00:00:00+02:00,9.050000190734863,10.279999732971191,9.109999656677246,10.130000114440918,5972521,0.0,0.0,0.0
2025-01-12 00:00:00+02:00,10.130000114440918,11.020000457763672,9.920000076293945,10.569999694824219,6737045,0.0,0.0,0.0
2025-01-13 00:00:00+02:00,10.569999694824219,10.699999809265137,9.899999618530273,9.9399995803833,3605538,0.0,0.0,0.0
2025-01-14 00:00:00+02:00,9.9399995803833,10.0,9.40999984741211,9.600000381469727,1515985,0.0,0.0,0.0
2025-01-15 00:00:00+02:00,9.600000381469727,10.050000190734863,9.600000381469727,9.75,1577379,0.0,0.0,0.0
2025-01-16 00:00:00+02:00,9.75,10.229999542236328,9.819999694824219,9.869999885559082,1450263,0.0,0.0,0.0
2025-01-19 00:00:00+02:00,9.75,10.229999542236328,9.75,9.819999694824219,2133507,0.0,0.0,0.0
2025-01-20 00:00:00+02:00,9.75,10.180000305175781,9.710000038146973,9.829999923706055,1733016,0.0,0.0,0.0
2025-01-21 00:00:00+02:00,9.829999923706055,10.0,9.75,9.789999961853027,736069,0.0,0.0,0.0
2025-01-22 00:00:00+02:00,9.789999961853027,10.050000190734863,9.760000228881836,9.770000457763672,686256,0.0,0.0,0.0
2025-01-23 00:00:00+02:00,9.770000457763672,9.930000305175781,9.75,9.770000457763672,428571,0.0,0.0,0.0
2025-01-26 00:00:00+02:00,9.770000457763672,9.9399995803833,9.710000038146973,9.739999771118164,476489,0.0,0.0,0.0
2025-01-27 00:00:00+02:00,9.739999771118164,9.800000190734863,9.399999618530273,9.430000305175781,712229,0.0,0.0,0.0
2025-01-28 00:00:00+02:00,9.430000305175781,10.390000343322754,9.479999542236328,10.390000343322754,1825183,0.0,0.0,0.0
2025-01-29 00:00:00+02:00,10.390000343322754,10.739999771118164,9.899999618530273,10.050000190734863,3344360,0.0,0.0,0.0
2025-01-30 00:00:00+02:00,10.050000190734863,10.359999656677246,10.010000228881836,10.130000114440918,1063810,0.0,0.0,0.0
2025-02-02 00:00:00+02:00,10.130000114440918,10.300000190734863,9.930000305175781,9.979999542236328,282147,0.0,0.0,0.0
2025-02-03 00:00:00+02:00,9.979999542236328,10.0,9.75,9.800000190734863,325063,0.0,0.0,0.0
2025-02-04 00:00:00+02:00,9.800000190734863,10.09000015258789,9.670000076293945,9.699999809265137,650460,0.0,0.0,0.0
2025-02-05 00:00:00+02:00,9.699999809265137,9.890000343322754,9.630000114440918,9.6899995803833,498755,0.0,0.0,0.0
2025-02-06 00:00:00+02:00,9.6899995803833,9.84000015258789,9.609999656677246,9.640000343322754,267298,0.0,0.0,0.0
2025-02-09 00:00:00+02:00,9.640000343322754,9.789999961853027,9.550000190734863,9.59000015258789,395590,0.0,0.0,0.0
2025-02-10 00:00:00+02:00,9.59000015258789,9.710000038146973,9.399999618530273,9.5,244827,0.0,0.0,0.0
2025-02-11 00:00:00+02:00,9.5,10.359999656677246,9.399999618530273,9.489999771118164,782755,0.0,0.0,0.0
2025-02-12 00:00:00+02:00,9.489999771118164,9.699999809265137,9.1899995803833,9.539999961853027,393583,0.0,0.0,0.0
2025-02-13 00:00:00+02:00,9.539999961853027,9.880000114440918,9.5,9.550000190734863,1096217,0.0,0.0,0.0
2025-02-16 00:00:00+02:00,9.550000190734863,9.960000038146973,9.600000381469727,9.890000343322754,1114463,0.0,0.0,0.0
2025-02-17 00:00:00+02:00,9.890000343322754,9.9399995803833,9.699999809265137,9.699999809265137,780390,0.0,0.0,0.0
2025-02-18 00:00:00+02:00,9.699999809265137,9.899999618530273,9.630000114440918,9.699999809265137,675669,0.0,0.0,0.0
2025-02-19 00:00:00+02:00,9.699999809265137,9.829999923706055,9.619999885559082,9.649999618530273,387343,0.0,0.0,0.0
2025-02-20 00:00:00+02:00,9.649999618530273,9.850000381469727,9.649999618530273,9.699999809265137,623677,0.0,0.0,0.0
2025-02-23 00:00:00+02:00,9.699999809265137,9.869999885559082,9.630000114440918,9.779999732971191,1029993,0.0,0.0,0.0
2025-02-24 00:00:00+02:00,9.779999732971191,9.890000343322754,9.699999809265137,9.729999542236328,370045,0.0,0.0,0.0
2025-02-25 00:00:00+02:00,9.729999542236328,9.789999961853027,9.550000190734863,9.59000015258789,424459,0.0,0.0,0.0
2025-02-26 00:00:00+02:00,9.59000015258789,9.739999771118164,9.470000267028809,9.5,524119,0.0,0.0,0.0
2025-02-27 00:00:00+02:00,9.5,9.699999809265137,9.510000228881836,9.600000381469727,831605,0.0,0.0,0.0
2025-03-02 00:00:00+02:00,9.600000381469727,9.649999618530273,9.550000190734863,9.600000381469727,298062,0.0,0.0,0.0
2025-03-03 00:00:00+02:00,9.600000381469727,9.800000190734863,9.550000190734863,9.600000381469727,603846,0.0,0.0,0.0
2025-03-04 00:00:00+02:00,9.600000381469727,9.600000381469727,9.40999984741211,9.5,230106,0.0,0.0,0.0
2025-03-05 00:00:00+02:00,9.5,9.699999809265137,9.399999618530273,9.430000305175781,596874,0.0,0.0,0.0
2025-03-06 00:00:00+02:00,9.430000305175781,9.59000015258789,9.380000114440918,9.399999618530273,340672,0.0,0.0,0.0
2025-03-09 00:00:00+02:00,9.399999618530273,9.489999771118164,9.3100004196167,9.390000343322754,180481,0.0,0.0,0.0
2025-03-10 00:00:00+02:00,9.390000343322754,9.470000267028809,9.260000228881836,9.279999732971191,343654,0.0,0.0,0.0
2025-03-11 00:00:00+02:00,9.279999732971191,9.34000015258789,9.050000190734863,9.199999809265137,305117,0.0,0.0,0.0
2025-03-12 00:00:00+02:00,9.199999809265137,9.449999809265137,9.119999885559082,9.199999809265137,147841,0.0,0.0,0.0
2025-03-13 00:00:00+02:00,9.199999809265137,9.369999885559082,9.1899995803833,9.220000267028809,406924,0.0,0.0,0.0
2025-03-16 00:00:00+02:00,9.220000267028809,9.350000381469727,9.199999809265137,9.220000267028809,168732,0.0,0.0,0.0
2025-03-17 00:00:00+02:00,9.220000267028809,9.300000190734863,9.0,9.050000190734863,560256,0.0,0.0,0.0
2025-03-18 00:00:00+02:00,9.050000190734863,9.329999923706055,9.0600004196167,9.199999809265137,617591,0.0,0.0,0.0
2025-03-19 00:00:00+02:00,9.199999809265137,9.380000114440918,9.180000305175781,9.199999809265137,388639,0.0,0.0,0.0
2025-03-20 00:00:00+02:00,9.199999809265137,9.25,9.100000381469727,9.149999618530273,141680,0.0,0.0,0.0
2025-03-23 00:00:00+02:00,9.149999618530273,9.199999809265137,9.119999885559082,9.140000343322754,166848,0.0,0.0,0.0
2025-03-24 00:00:00+02:00,9.140000343322754,9.670000076293945,9.149999618530273,9.210000038146973,1489913,0.0,0.0,0.0
2025-03-25 00:00:00+02:00,9.210000038146973,9.600000381469727,9.199999809265137,9.220000267028809,773351,0.0,0.0,0.0
2025-03-26 00:00:00+02:00,9.220000267028809,9.489999771118164,9.239999771118164,9.279999732971191,137754,0.0,0.0,0.0
2025-03-27 00:00:00+02:00,9.279999732971191,9.369999885559082,9.260000228881836,9.279999732971191,88973,0.0,0.0,0.0
2025-04-03 00:00:00+02:00,9.279999732971191,9.34000015258789,9.199999809265137,9.229999542236328,102344,0.0,0.0,0.0
2025-04-06 00:00:00+02:00,9.229999542236328,8.960000038146973,8.0,8.770000457763672,332761,0.0,0.0,0.0
2025-04-07 00:00:00+02:00,8.770000457763672,8.850000381469727,8.5,8.800000190734863,183148,0.0,0.0,0.0
2025-04-08 00:00:00+02:00,8.800000190734863,9.1899995803833,8.8100004196167,9.020000457763672,458853,0.0,0.0,0.0
2025-04-09 00:00:00+02:00,9.020000457763672,9.550000190734863,8.710000038146973,8.789999961853027,1151579,0.0,0.0,0.0
2025-04-10 00:00:00+02:00,8.789999961853027,9.260000228881836,9.020000457763672,9.0600004196167,261075,0.0,0.0,0.0
2025-04-13 00:00:00+02:00,9.0600004196167,9.270000457763672,9.0600004196167,9.25,501125,0.0,0.0,0.0
2025-04-14 00:00:00+02:00,9.25,9.3100004196167,9.140000343322754,9.180000305175781,553713,0.0,0.0,0.0
2025-04-15 00:00:00+02:00,9.180000305175781,9.350000381469727,9.149999618530273,9.199999809265137,424782,0.0,0.0,0.0
2025-04-16 00:00:00+02:00,9.199999809265137,9.350000381469727,9.149999618530273,9.289999961853027,400061,0.0,0.0,0.0
2025-04-17 00:00:00+02:00,9.289999961853027,9.390000343322754,9.180000305175781,9.199999809265137,291802,0.0,0.0,0.0
2025-04-22 00:00:00+02:00,9.199999809265137,9.479999542236328,9.199999809265137,9.40999984741211,990368,0.0,0.0,0.0
2025-04-23 00:00:00+02:00,9.40999984741211,9.6899995803833,9.479999542236328,9.5,2421168,0.0,0.0,0.0
2025-04-27 00:00:00+03:00,9.5,9.65999984741211,9.5,9.539999961853027,1058495,0.0,0.0,0.0
2025-04-28 00:00:00+03:00,9.539999961853027,9.720000267028809,9.510000228881836,9.600000381469727,1035506,0.0,0.0,0.0
2025-04-29 00:00:00+03:00,9.600000381469727,9.65999984741211,9.420000076293945,9.460000038146973,502445,0.0,0.0,0.0
2025-04-30 00:00:00+03:00,9.460000038146973,9.5,9.369999885559082,9.420000076293945,452267,0.0,0.0,0.0
2025-05-04 00:00:00+03:00,9.420000076293945,9.729999542236328,9.489999771118164,9.729999542236328,1434124,0.0,0.0,0.0
2025-05-05 00:00:00+03:00,9.729999542236328,10.470000267028809,9.899999618530273,10.039999961853027,6063071,0.0,0.0,0.0
2025-05-06 00:00:00+03:00,10.039999961853027,11.979999542236328,9.920000076293945,11.979999542236328,4978037,0.0,0.0,0.0
2025-05-07 00:00:00+03:00,11.979999542236328,11.6899995803833,11.0,11.0,6276625,0.0,0.0,0.0
2025-05-08 00:00:00+03:00,11.0,11.75,10.800000190734863,11.319999694824219,4179892,0.0,0.0,0.0
2025-05-11 00:00:00+03:00,11.319999694824219,11.5,10.819999694824219,10.850000381469727,3120011,0.0,0.0,0.0
2025-05-12 00:00:00+03:00,10.850000381469727,11.069999694824219,10.649999618530273,10.720000267028809,1361749,0.0,0.0,0.0
2025-05-13 00:00:00+03:00,10.720000267028809,11.050000190734863,10.300000190734863,10.5,1098508,0.0,0.0,0.0
2025-05-14 00:00:00+03:00,10.5,10.600000381469727,10.229999542236328,10.350000381469727,963563,0.0,0.0,0.0
2025-05-15 00:00:00+03:00,10.350000381469727,10.890000343322754,10.100000381469727,10.890000343322754,1434413,0.0,0.0,0.0
2025-05-18 00:00:00+03:00,10.890000343322754,11.4399995803833,10.75,10.869999885559082,2153353,0.0,0.0,0.0
2025-05-19 00:00:00+03:00,10.869999885559082,11.109999656677246,10.65999984741211,10.710000038146973,1159298,0.0,0.0,0.0
2025-05-20 00:00:00+03:00,10.710000038146973,10.880000114440918,10.569999694824219,10.600000381469727,658588,0.0,0.0,0.0
2025-05-21 00:00:00+03:00,10.600000381469727,10.619999885559082,10.380000114440918,10.4399995803833,590828,0.0,0.0,0.0
2025-05-22 00:00:00+03:00,10.4399995803833,10.720000267028809,10.260000228881836,10.600000381469727,785873,0.0,0.0,0.0
2025-05-25 00:00:00+03:00,10.600000381469727,10.789999961853027,10.449999809265137,10.520000457763672,341869,0.0,0.0,0.0
2025-05-26 00:00:00+03:00,10.520000457763672,10.720000267028809,10.4399995803833,10.539999961853027,488934,0.0,0.0,0.0
2025-05-27 00:00:00+03:00,10.539999961853027,10.6899995803833,10.449999809265137,10.460000038146973,672029,0.0,0.0,0.0
2025-05-28 00:00:00+03:00,10.460000038146973,10.510000228881836,10.170000076293945,10.1899995803833,907772,0.0,0.0,0.0
2025-05-29 00:00:00+03:00,10.1899995803833,10.210000038146973,9.899999618530273,9.989999771118164,834274,0.0,0.0,0.0
2025-06-01 00:00:00+03:00,9.989999771118164,10.199999809265137,9.960000038146973,9.989999771118164,329362,0.0,0.0,0.0
2025-06-02 00:00:00+03:00,9.989999771118164,10.399999618530273,9.949999809265137,10.210000038146973,581048,0.0,0.0,0.0
2025-06-03 00:00:00+03:00,10.210000038146973,10.25,10.020000457763672,10.079999923706055,397492,0.0,0.0,0.0
2025-06-04 00:00:00+03:00,10.079999923706055,10.25,10.050000190734863,10.079999923706055,286243,0.0,0.0,0.0
2025-06-10 00:00:00+03:00,10.079999923706055,10.180000305175781,10.050000190734863,10.100000381469727,324662,0.0,0.0,0.0
2025-06-11 00:00:00+03:00,10.100000381469727,10.229999542236328,10.050000190734863,10.100000381469727,359270,0.0,0.0,0.0
2025-06-12 00:00:00+03:00,10.100000381469727,10.140000343322754,9.739999771118164,9.760000228881836,539724,0.0,0.0,0.0
2025-06-15 00:00:00+03:00,9.760000228881836,9.210000038146973,8.430000305175781,8.979999542236328,491722,0.0,0.0,0.0
2025-06-16 00:00:00+03:00,8.979999542236328,9.1899995803833,9.050000190734863,9.100000381469727,217467,0.0,0.0,0.0
2025-06-17 00:00:00+03:00,9.100000381469727,9.180000305175781,8.8100004196167,8.850000381469727,252153,0.0,0.0,0.0
2025-06-18 00:00:00+03:00,8.850000381469727,8.970000267028809,8.5,8.899999618530273,133633,0.0,0.0,0.0
2025-06-19 00:00:00+03:00,8.899999618530273,9.079999923706055,8.449999809265137,8.619999885559082,216359,0.0,0.0,0.0
2025-06-22 00:00:00+03:00,8.619999885559082,9.449999809265137,8.119999885559082,9.199999809265137,1074324,0.0,0.0,0.0
2025-06-23 00:00:00+03:00,9.199999809265137,9.649999618530273,9.199999809265137,9.470000267028809,638831,0.0,0.0,0.0
2025-06-24 00:00:00+03:00,9.470000267028809,9.739999771118164,9.449999809265137,9.59000015258789,798192,0.0,0.0,0.0
2025-06-25 00:00:00+03:00,9.59000015258789,10.15999984741211,9.470000267028809,10.100000381469727,1439664,0.0,0.0,0.0
2025-06-29 00:00:00+03:00,10.100000381469727,10.359999656677246,10.119999885559082,10.180000305175781,522575,0.0,0.0,0.0
2025-06-30 00:00:00+03:00,10.180000305175781,10.329999923706055,10.0,10.0600004196167,664829,0.0,0.0,0.0
2025-07-01 00:00:00+03:00,10.0600004196167,10.569999694824219,10.0600004196167,10.119999885559082,1303733,0.0,0.0,0.0
2025-07-02 00:00:00+03:00,10.119999885559082,10.420000076293945,10.15999984741211,10.289999961853027,358168,0.0,0.0,0.0
2025-07-06 00:00:00+03:00,10.289999961853027,10.550000190734863,10.109999656677246,10.520000457763672,1122381,0.0,0.0,0.0
2025-07-07 00:00:00+03:00,10.520000457763672,10.649999618530273,10.220000267028809,10.260000228881836,898216,0.0,0.0,0.0
2025-07-09 00:00:00+03:00,10.260000228881836,10.369999885559082,10.149999618530273,10.15999984741211,553996,0.0,0.0,0.0
2025-07-10 00:00:00+03:00,10.15999984741211,10.529999732971191,10.1899995803833,10.34000015258789,1283608,0.0,0.0,0.0
2025-07-13 00:00:00+03:00,10.34000015258789,10.5,10.25,10.270000457763672,312966,0.0,0.0,0.0
2025-07-14 00:00:00+03:00,10.270000457763672,10.420000076293945,10.199999809265137,10.220000267028809,400852,0.0,0.0,0.0
2025-07-15 00:00:00+03:00,10.220000267028809,10.479999542236328,10.199999809265137,10.40999984741211,923459,0.0,0.0,0.0
2025-07-16 00:00:00+03:00,10.40999984741211,10.649999618530273,10.270000457763672,10.279999732971191,1596066,0.0,0.0,0.0
2025-07-17 00:00:00+03:00,10.279999732971191,10.40999984741211,10.210000038146973,10.289999961853027,446315,0.0,0.0,0.0
2025-07-20 00:00:00+03:00,10.289999961853027,10.59000015258789,10.25,10.479999542236328,766431,0.0,0.0,0.0
2025-07-21 00:00:00+03:00,10.479999542236328,10.59000015258789,10.279999732971191,10.3100004196167,366757,0.0,0.0,0.0
2025-07-22 00:00:00+03:00,10.3100004196167,10.399999618530273,10.25,10.350000381469727,304979,0.0,0.0,0.0
2025-07-23 00:00:00+03:00,10.350000381469727,10.350000381469727,10.350000381469727,10.350000381469727,0,0.0,0.0,0.0
2025-07-27 00:00:00+03:00,10.25,10.390000343322754,10.100000381469727,10.270000457763672,164393,0.0,0.0,0.0
2025-07-28 00:00:00+03:00,10.270000457763672,10.359999656677246,10.069999694824219,10.100000381469727,130736,0.0,0.0,0.0
2025-07-29 00:00:00+03:00,10.100000381469727,10.279999732971191,10.050000190734863,10.140000343322754,129252,0.0,0.0,0.0
2025-07-30 00:00:00+03:00,10.140000343322754,10.270000457763672,9.989999771118164,10.0,205390,0.0,0.0,0.0
2025-07-31 00:00:00+03:00,10.0,10.210000038146973,9.899999618530273,10.199999809265137,291467,0.0,0.0,0.0
2025-08-03 00:00:00+03:00,10.199999809265137,10.199999809265137,10.199999809265137,10.199999809265137,0,0.0,0.0,0.0
2025-08-04 00:00:00+03:00,10.199999809265137,10.199999809265137,10.199999809265137,10.199999809265137,0,0.0,0.0,0.0
2025-08-05 00:00:00+03:00,10.199999809265137,10.199999809265137,10.199999809265137,10.199999809265137,0,0.0,0.0,0.0
2025-08-06 00:00:00+03:00,10.199999809265137,10.199999809265137,10.199999809265137,10.199999809265137,0,0.0,0.0,0.0
2025-08-07 00:00:00+03:00,10.199999809265137,10.199999809265137,10.199999809265137,10.199999809265137,0,0.0,0.0,0.0
2025-08-10 00:00:00+03:00,12.670000076293945,13.550000190734863,12.649999618530273,12.699999809265137,3587989,0.0,0.0,0.0
2025-08-11 00:00:00+03:00,12.699999809265137,12.800000190734863,12.100000381469727,12.149999618530273,2171416,0.0,0.0,0.0
2025-08-12 00:00:00+03:00,12.149999618530273,12.6899995803833,12.130000114440918,12.399999618530273,3489344,0.0,0.0,0.0
2025-08-13 00:00:00+03:00,12.399999618530273,12.550000190734863,11.850000381469727,11.989999771118164,1939221,0.0,0.0,0.0
2025-08-14 00:00:00+03:00,11.989999771118164,12.130000114440918,11.579999923706055,11.739999771118164,1087011,0.0,0.0,0.0
2025-08-17 00:00:00+03:00,11.739999771118164,11.899999618530273,11.630000114440918,11.670000076293945,598385,0.0,0.0,0.0
2025-08-18 00:00:00+03:00,11.670000076293945,12.300000190734863,11.710000038146973,11.920000076293945,1807415,0.0,0.0,0.0
2025-08-19 00:00:00+03:00,11.920000076293945,12.649999618530273,12.010000228881836,12.5,2965046,0.0,0.0,0.0
2025-08-20 00:00:00+03:00,12.5,12.970000267028809,12.34000015258789,12.350000381469727,3304918,0.0,0.0,0.0
2025-08-21 00:00:00+03:00,12.350000381469727,12.470000267028809,12.149999618530273,12.25,920262,0.0,0.0,0.0
2025-08-24 00:00:00+03:00,12.25,12.449999809265137,12.109999656677246,12.3100004196167,1154312,0.0,0.0,0.0
2025-08-25 00:00:00+03:00,12.3100004196167,12.600000381469727,11.5,11.859999656677246,2345479,0.0,0.0,0.0
2025-08-26 00:00:00+03:00,11.859999656677246,12.0,11.350000381469727,11.350000381469727,3949857,0.0,0.0,0.0
2025-08-27 00:00:00+03:00,11.350000381469727,11.470000267028809,11.100000381469727,11.109999656677246,1075395,0.0,0.0,0.0
2025-08-28 00:00:00+03:00,11.109999656677246,12.25,11.039999961853027,12.239999771118164,4369484,0.0,0.0,0.0
2025-08-31 00:00:00+03:00,12.239999771118164,12.489999771118164,11.109999656677246,11.359999656677246,3249561,0.0,0.0,0.0
2025-09-01 00:00:00+03:00,11.359999656677246,12.800000190734863,11.479999542236328,12.520000457763672,5484526,0.0,0.0,0.0
2025-09-02 00:00:00+03:00,12.520000457763672,13.199999809265137,12.25,12.380000114440918,4701756,0.0,0.0,0.0
2025-09-03 00:00:00+03:00,12.380000114440918,12.40999984741211,11.949999809265137,12.039999961853027,2121443,0.0,0.0,0.0
2025-09-07 00:00:00+03:00,12.039999961853027,12.239999771118164,11.609999656677246,11.75,936587,0.0,0.0,0.0
2025-09-08 00:00:00+03:00,11.75,12.390000343322754,11.770000457763672,12.039999961853027,1594786,0.0,0.0,0.0
2025-09-09 00:00:00+03:00,12.039999961853027,12.369999885559082,11.930000305175781,11.970000267028809,1797226,0.0,0.0,0.0
2025-09-10 00:00:00+03:00,11.970000267028809,12.350000381469727,11.819999694824219,12.25,1589612,0.0,0.0,0.0
2025-09-11 00:00:00+03:00,12.25,12.6899995803833,12.149999618530273,12.220000267028809,2631512,0.0,0.0,0.0
2025-09-14 00:00:00+03:00,12.220000267028809,12.329999923706055,12.0,12.050000190734863,921375,0.0,0.0,0.0
2025-09-15 00:00:00+03:00,12.050000190734863,12.279999732971191,11.829999923706055,11.850000381469727,724171,0.0,0.0,0.0
2025-09-16 00:00:00+03:00,11.850000381469727,11.9399995803833,11.3100004196167,11.390000343322754,853279,0.0,0.0,0.0
2025-09-17 00:00:00+03:00,11.390000343322754,11.579999923706055,11.199999809265137,11.399999618530273,562210,0.0,0.0,0.0
2025-09-18 00:00:00+03:00,11.399999618530273,11.739999771118164,11.4399995803833,11.4399995803833,653949,0.0,0.0,0.0
2025-09-21 00:00:00+03:00,11.4399995803833,11.699999809265137,11.319999694824219,11.350000381469727,595018,0.0,0.0,0.0
2025-09-22 00:00:00+03:00,11.350000381469727,11.899999618530273,11.260000228881836,11.449999809265137,1618813,0.0,0.0,0.0
2025-09-23 00:00:00+03:00,11.449999809265137,11.6899995803833,11.300000190734863,11.3100004196167,748508,0.0,0.0,0.0
2025-09-24 00:00:00+03:00,11.3100004196167,11.600000381469727,11.300000190734863,11.510000228881836,445565,0.0,0.0,0.0
2025-09-25 00:00:00+03:00,11.510000228881836,12.109999656677246,11.520000457763672,11.979999542236328,2576525,0.0,0.0,0.0
2025-09-28 00:00:00+03:00,11.979999542236328,12.739999771118164,12.260000228881836,12.40999984741211,6097300,0.0,0.0,0.0
2025-09-29 00:00:00+03:00,12.40999984741211,12.90999984741211,12.359999656677246,12.65999984741211,5635776,0.0,0.0,0.0
2025-09-30 00:00:00+03:00,12.65999984741211,12.829999923706055,12.149999618530273,12.300000190734863,2746796,0.0,0.0,0.0
2025-10-01 00:00:00+03:00,12.300000190734863,12.399999618530273,11.90999984741211,12.0,1509056,0.0,0.0,0.0
2025-10-02 00:00:00+03:00,12.0,12.1899995803833,11.699999809265137,11.710000038146973,1248473,0.0,0.0,0.0
2025-10-05 00:00:00+03:00,11.710000038146973,12.3100004196167,11.739999771118164,12.149999618530273,1956705,0.0,0.0,0.0
2025-10-06 00:00:00+03:00,12.149999618530273,12.699999809265137,12.069999694824219,12.649999618530273,3151561,0.0,0.0,0.0
2025-10-07 00:00:00+03:00,12.649999618530273,13.65999984741211,12.90999984741211,13.0600004196167,8980529,0.0,0.0,0.0
2025-10-08 00:00:00+03:00,13.0600004196167,13.420000076293945,12.779999732971191,12.84000015258789,3751604,0.0,0.0,0.0
2025-10-12 00:00:00+03:00,12.84000015258789,13.100000381469727,12.539999961853027,12.710000038146973,1846530,0.0,0.0,0.0
2025-10-13 00:00:00+03:00,12.710000038146973,13.199999809265137,12.699999809265137,13.0,2015170,0.0,0.0,0.0
2025-10-14 00:00:00+03:00,13.0,13.149999618530273,12.75,12.760000228881836,1337071,0.0,0.0,0.0
2025-10-15 00:00:00+03:00,12.760000228881836,12.9399995803833,12.670000076293945,12.680000305175781,733373,0.0,0.0,0.0
2025-10-16 00:00:00+03:00,12.680000305175781,12.920000076293945,12.619999885559082,12.75,930471,0.0,0.0,0.0
2025-10-19 00:00:00+03:00,12.75,12.989999771118164,12.729999542236328,12.779999732971191,981261,0.0,0.0,0.0
2025-10-20 00:00:00+03:00,12.779999732971191,13.050000190734863,12.720000267028809,12.729999542236328,1244251,0.0,0.0,0.0
2025-10-21 00:00:00+03:00,12.729999542236328,13.989999771118164,12.699999809265137,13.979999542236328,5740926,0.0,0.0,0.0
2025-10-22 00:00:00+03:00,13.979999542236328,14.369999885559082,13.510000228881836,13.609999656677246,4165770,0.0,0.0,0.0
2025-10-23 00:00:00+03:00,13.609999656677246,13.819999694824219,13.300000190734863,13.75,2211596,0.0,0.0,0.0
2025-10-26 00:00:00+03:00,13.75,14.420000076293945,13.649999618530273,13.819999694824219,4386103,0.0,0.0,0.0
2025-10-27 00:00:00+03:00,13.819999694824219,14.100000381469727,13.550000190734863,13.600000381469727,2071605,0.0,0.0,0.0
2025-10-28 00:00:00+03:00,13.600000381469727,13.699999809265137,13.329999923706055,13.449999809265137,1055118,0.0,0.0,0.0
2025-10-29 00:00:00+03:00,13.449999809265137,13.520000457763672,13.25,13.270000457763672,643177,0.0,0.0,0.0
2025-10-30 00:00:00+03:00,13.270000457763672,13.5,13.25,13.329999923706055,749455,0.0,0.0,0.0
2025-11-02 00:00:00+02:00,13.329999923706055,13.75,13.359999656677246,13.460000038146973,975864,0.0,0.0,0.0
2025-11-03 00:00:00+02:00,13.460000038146973,13.630000114440918,13.350000381469727,13.5,794751,0.0,0.0,0.0
2025-11-04 00:00:00+02:00,13.5,13.630000114440918,13.319999694824219,13.329999923706055,833196,0.0,0.0,0.0
2025-11-05 00:00:00+02:00,13.329999923706055,13.529999732971191,13.0,13.010000228881836,958102,0.0,0.0,0.0
2025-11-06 00:00:00+02:00,13.010000228881836,13.239999771118164,12.899999618530273,13.029999732971191,803192,0.0,0.0,0.0
2025-11-09 00:00:00+02:00,13.029999732971191,13.300000190734863,12.899999618530273,12.949999809265137,576969,0.0,0.0,0.0
2025-11-10 00:00:00+02:00,12.949999809265137,13.15999984741211,12.65999984741211,12.84000015258789,675264,0.0,0.0,0.0
2025-11-11 00:00:00+02:00,12.84000015258789,12.9399995803833,12.6899995803833,12.699999809265137,382361,0.0,0.0,0.0
2025-11-12 00:00:00+02:00,12.699999809265137,13.100000381469727,12.720000267028809,12.949999809265137,563993,0.0,0.0,0.0
2025-11-13 00:00:00+02:00,12.949999809265137,13.0,12.569999694824219,12.8100004196167,634395,0.0,0.0,0.0
2025-11-16 00:00:00+02:00,12.8100004196167,12.899999618530273,12.670000076293945,12.699999809265137,332434,0.0,0.0,0.0
2025-11-17 00:00:00+02:00,12.699999809265137,12.789999961853027,12.600000381469727,12.760000228881836,341338,0.0,0.0,0.0
2025-11-18 00:00:00+02:00,12.760000228881836,12.899999618530273,12.65999984741211,12.6899995803833,369146,0.0,0.0,0.0
2025-11-19 00:00:00+02:00,12.6899995803833,12.779999732971191,12.609999656677246,12.720000267028809,202680,0.0,0.0,0.0
2025-11-20 00:00:00+02:00,12.720000267028809,13.119999885559082,12.720000267028809,12.729999542236328,692956,0.0,0.0,0.0
2025-11-23 00:00:00+02:00,12.729999542236328,13.6899995803833,12.760000228881836,13.600000381469727,4970425,0.0,0.0,0.0
2025-11-24 00:00:00+02:00,13.600000381469727,13.800000190734863,13.149999618530273,13.15999984741211,3577345,0.0,0.0,0.0
2025-11-25 00:00:00+02:00,13.15999984741211,13.260000228881836,12.710000038146973,12.720000267028809,1352029,0.0,0.0,0.0
2025-11-26 00:00:00+02:00,12.720000267028809,12.960000038146973,12.65999984741211,12.670000076293945,841244,0.0,0.0,0.0
2025-11-27 00:00:00+02:00,12.670000076293945,12.770000457763672,12.449999809265137,12.550000190734863,535737,0.0,0.0,0.0
2025-11-30 00:00:00+02:00,12.550000190734863,12.989999771118164,12.569999694824219,12.710000038146973,375635,0.0,0.0,0.0
2025-12-01 00:00:00+02:00,12.710000038146973,13.100000381469727,12.699999809265137,12.729999542236328,700112,0.0,0.0,0.0
2025-12-02 00:00:00+02:00,12.729999542236328,12.850000381469727,12.609999656677246,12.770000457763672,557483,0.0,0.0,0.0
2025-12-03 00:00:00+02:00,12.770000457763672,13.180000305175781,12.75,13.0,792587,0.0,0.0,0.0
2025-12-04 00:00:00+02:00,13.0,13.119999885559082,12.899999618530273,13.079999923706055,546918,0.0,0.0,0.0
2025-12-07 00:00:00+02:00,13.079999923706055,13.229999542236328,13.0,13.210000038146973,656696,0.0,0.0,0.0
2025-12-08 00:00:00+02:00,13.210000038146973,13.550000190734863,13.15999984741211,13.359999656677246,1547141,0.0,0.0,0.0
2025-12-09 00:00:00+02:00,13.359999656677246,13.539999961853027,13.100000381469727,13.15999984741211,1055868,0.0,0.0,0.0
2025-12-10 00:00:00+02:00,13.15999984741211,13.399999618530273,13.109999656677246,13.399999618530273,533601,0.0,0.0,0.0
2025-12-11 00:00:00+02:00,13.399999618530273,13.770000457763672,13.279999732971191,13.34000015258789,2424268,0.0,0.0,0.0
2025-12-14 00:00:00+02:00,13.34000015258789,13.65999984741211,13.270000457763672,13.380000114440918,859069,0.0,0.0,0.0
2025-12-15 00:00:00+02:00,13.380000114440918,13.59000015258789,13.270000457763672,13.350000381469727,603280,0.0,0.0,0.0
2025-12-16 00:00:00+02:00,13.350000381469727,14.640000343322754,13.300000190734863,14.5600004196167,7332648,0.0,0.0,0.0
2025-12-17 00:00:00+02:00,14.5600004196167,14.770000457763672,13.800000190734863,13.8100004196167,4851237,0.0,0.0,0.0
2025-12-18 00:00:00+02:00,13.8100004196167,14.039999961853027,13.65999984741211,13.6899995803833,1457684,0.0,0.0,0.0
2025-12-21 00:00:00+02:00,13.6899995803833,14.1899995803833,13.630000114440918,13.899999618530273,1808714,0.0,0.0,0.0
2025-12-22 00:00:00+02:00,13.899999618530273,14.25,13.739999771118164,13.869999885559082,2195339,0.0,0.0,0.0
2025-12-23 00:00:00+02:00,13.869999885559082,14.680000305175781,13.979999542236328,14.039999961853027,5746683,0.0,0.0,0.0
2025-12-24 00:00:00+02:00,14.039999961853027,14.180000305175781,13.90999984741211,13.920000076293945,1001280,0.0,0.0,0.0
2025-12-25 00:00:00+02:00,13.920000076293945,14.050000190734863,13.829999923706055,13.859999656677246,711077,0.0,0.0,0.0
2025-12-28 00:00:00+02:00,13.859999656677246,13.949999809265137,13.800000190734863,13.8100004196167,418911,0.0,0.0,0.0
2025-12-29 00:00:00+02:00,13.8100004196167,14.270000457763672,13.8100004196167,13.90999984741211,1041749,0.0,0.0,0.0
2025-12-30 00:00:00+02:00,13.90999984741211,14.229999542236328,13.899999618530273,13.90999984741211,464626,0.0,0.0,0.0
2025-12-31 00:00:00+02:00,13.90999984741211,14.0,13.699999809265137,13.800000190734863,497637,0.0,0.0,0.0
2026-01-04 00:00:00+02:00,13.800000190734863,14.100000381469727,13.75,13.789999961853027,648265,0.0,0.0,0.0
2026-01-05 00:00:00+02:00,13.789999961853027,13.899999618530273,13.029999732971191,13.399999618530273,475101,0.0,0.0,0.0
2026-01-06 00:00:00+02:00,13.399999618530273,13.789999961853027,13.449999809265137,13.630000114440918,339613,0.0,0.0,0.0
2026-01-08 00:00:00+02:00,13.630000114440918,13.949999809265137,13.350000381469727,13.399999618530273,659046,0.0,0.0,0.0
2026-01-11 00:00:00+02:00,13.399999618530273,13.600000381469727,13.0600004196167,13.270000457763672,294968,0.0,0.0,0.0
2026-01-12 00:00:00+02:00,13.270000457763672,13.4399995803833,13.029999732971191,13.119999885559082,454875,0.0,0.0,0.0
2026-01-13 00:00:00+02:00,13.119999885559082,13.229999542236328,12.760000228881836,12.800000190734863,430867,0.0,0.0,0.0
2026-01-14 00:00:00+02:00,12.800000190734863,12.970000267028809,12.25,12.529999732971191,296343,0.0,0.0,0.0
2026-01-15 00:00:00+02:00,12.529999732971191,12.670000076293945,12.0600004196167,12.220000267028809,266978,0.0,0.0,0.0
2026-01-18 00:00:00+02:00,12.220000267028809,12.449999809265137,12.260000228881836,12.399999618530273,205636,0.0,0.0,0.0
2026-01-19 00:00:00+02:00,12.399999618530273,12.84000015258789,12.449999809265137,12.760000228881836,355757,0.0,0.0,0.0
2026-01-20 00:00:00+02:00,12.760000228881836,12.880000114440918,12.640000343322754,12.649999618530273,197391,0.0,0.0,0.0
2026-01-21 00:00:00+02:00,12.649999618530273,12.699999809265137,12.5600004196167,12.600000381469727,133093,0.0,0.0,0.0
2026-01-22 00:00:00+02:00,12.600000381469727,12.770000457763672,12.579999923706055,12.600000381469727,327606,0.0,0.0,0.0
2026-01-25 00:00:00+02:00,12.600000381469727,12.9399995803833,12.489999771118164,12.65999984741211,649332,0.0,0.0,0.0
2026-01-26 00:00:00+02:00,12.65999984741211,12.8100004196167,12.449999809265137,12.449999809265137,560542,0.0,0.0,0.0
2026-01-27 00:00:00+02:00,12.449999809265137,12.699999809265137,12.420000076293945,12.449999809265137,353996,0.0,0.0,0.0
2026-01-28 00:00:00+02:00,12.449999809265137,12.489999771118164,12.050000190734863,12.050000190734863,305080,0.0,0.0,0.0
2026-02-01 00:00:00+02:00,12.050000190734863,12.5,12.100000381469727,12.5,282380,0.0,0.0,0.0
2026-02-02 00:00:00+02:00,12.5,12.649999618530273,12.289999961853027,12.600000381469727,197624,0.0,0.0,0.0
2026-02-03 00:00:00+02:00,12.600000381469727,13.329999923706055,12.630000114440918,13.329999923706055,1914501,0.0,0.0,0.0
2026-02-04 00:00:00+02:00,13.329999923706055,13.739999771118164,13.119999885559082,13.430000305175781,2490951,0.0,0.0,0.0
