Date,Open,High,Low,Close,Volume,Dividends,Stock Splits,Capital Gains
2021-01-03 00:00:00+02:00,6.003737755198335,6.160356849457676,5.873221635865899,5.958056926727295,164383,0.0,0.0,0.0
2021-01-04 00:00:00+02:00,5.958057962464272,6.134254940897483,5.905851588635707,5.971109867095947,235499,0.0,0.0,0.0
2021-01-05 00:00:00+02:00,5.971108977494573,6.068995758252276,5.912376660100361,5.990686416625977,49414,0.0,0.0,0.0
2021-01-06 00:00:00+02:00,5.990687309144081,6.082048152169539,5.892800098903409,5.971109867095947,230406,0.0,0.0,0.0
2021-01-10 00:00:00+02:00,5.9711093136148214,6.199512229805827,6.016789730893287,6.12120246887207,318850,0.0,0.0,0.0
2021-01-11 00:00:00+02:00,6.121202279745203,6.50622470590768,6.127728231254498,6.37570858001709,1129843,0.0,0.0,0.0
2021-01-12 00:00:00+02:00,6.375708355458958,6.721575890182562,6.493172989093078,6.604111671447754,1320495,0.0,0.0,0.0
2021-01-13 00:00:00+02:00,6.604112228338262,6.656318598278171,6.3626574043292585,6.473596096038818,471442,0.0,0.0,0.0
2021-01-14 00:00:00+02:00,6.473595641215671,6.591059861602804,6.4083373722012045,6.486647129058838,305297,0.0,0.0,0.0
2021-01-17 00:00:00+02:00,6.486647649382266,6.819463727824578,6.460544671602095,6.656318664550781,955590,0.0,0.0,0.0
2021-01-18 00:00:00+02:00,6.6563186230576505,6.812937733460421,6.46054463132935,6.649792671203613,687305,0.0,0.0,0.0
2021-01-19 00:00:00+02:00,6.6497927559660255,7.308898550349323,6.4801221545918,6.989134788513184,2055338,0.0,0.0,0.0
2021-01-20 00:00:00+02:00,6.989134395366041,7.556879320088029,7.165330523866892,7.3350019454956055,1231839,0.0,0.0,0.0
2021-01-21 00:00:00+02:00,7.335002486160087,7.374157368668315,7.080495749856606,7.191434860229492,468469,0.0,0.0,0.0
2021-01-24 00:00:00+02:00,7.191435070725083,7.282795912719294,7.047867440592218,7.119650840759277,377866,0.0,0.0,0.0
2021-01-25 00:00:00+02:00,7.119650840759277,7.119650840759277,7.119650840759277,7.119650840759277,0,0.0,0.0,0.0
2021-01-26 00:00:00+02:00,7.073969928790035,7.374157072705488,7.047866951431771,7.250166893005371,602634,0.0,0.0,0.0
2021-01-27 00:00:00+02:00,7.250167183991834,7.348053560463681,7.113125095213037,7.191434860229492,349889,0.0,0.0,0.0
2021-01-31 00:00:00+02:00,7.191434798110151,7.335002422800614,6.93040252690966,7.1718573570251465,193090,0.0,0.0,0.0
2021-02-01 00:00:00+02:00,7.17185729473577,7.224063250643218,7.087021994037138,7.152279853820801,154758,0.0,0.0,0.0
2021-02-02 00:00:00+02:00,7.152279895429578,7.25016710057389,7.0543926902852645,7.178382873535156,693823,0.0,0.0,0.0
2021-02-03 00:00:00+02:00,7.178382607650489,7.374157010687703,7.119650286739325,7.2697434425354,631997,0.0,0.0,0.0
2021-02-04 00:00:00+02:00,7.269743988015118,7.211012492495763,7.021763612093417,7.087022304534912,386029,0.0,0.0,0.0
2021-02-07 00:00:00+02:00,7.087022139434216,7.158805537729339,7.0152379113403684,7.06091833114624,155963,0.0,0.0,0.0
2021-02-08 00:00:00+02:00,7.060918016523674,7.073969920086091,6.7868346801024115,6.943453788757324,271462,0.0,0.0,0.0
2021-02-09 00:00:00+02:00,6.943454459083258,6.9826089288524775,6.695474076047943,6.839041709899902,224969,0.0,0.0,0.0
2021-02-10 00:00:00+02:00,6.839040862623105,7.1653305596727845,6.786834494499184,6.884721279144287,595706,0.0,0.0,0.0
2021-02-11 00:00:00+02:00,6.884721099447669,7.106598054458342,6.871669611482176,6.96955680847168,125223,0.0,0.0,0.0
2021-02-14 00:00:00+02:00,6.969557111262248,6.969557111262248,6.688947410967537,6.760731220245361,205617,0.0,0.0,0.0
2021-02-15 00:00:00+02:00,6.760731341884479,6.76725729371782,6.525802469575726,6.6367411613464355,163427,0.0,0.0,0.0
2021-02-16 00:00:00+02:00,6.636741119791747,6.76725725134593,6.564957309671849,6.630215167999268,205617,0.0,0.0,0.0
2021-02-17 00:00:00+02:00,6.630215589126315,6.591060705683151,6.382235213852104,6.447493076324463,233439,0.0,0.0,0.0
2021-02-18 00:00:00+02:00,6.447492952687719,6.5714831379471965,6.28434788473591,6.388761043548584,242594,0.0,0.0,0.0
2021-02-21 00:00:00+02:00,6.388760800270349,6.852092593054513,6.525802469575726,6.6367411613464355,185133,0.0,0.0,0.0
2021-02-22 00:00:00+02:00,6.636740929744279,6.734627714432355,6.51927629023939,6.5714826583862305,300190,0.0,0.0,0.0
2021-02-23 00:00:00+02:00,6.571483114584133,6.688947762243518,6.473596323100674,6.558431625366211,235419,0.0,0.0,0.0
2021-02-24 00:00:00+02:00,6.558430626437584,6.597585503026949,6.46054384986347,6.532327651977539,182426,0.0,0.0,0.0
2021-02-25 00:00:00+02:00,6.532328585064386,6.636741327617622,6.486647750885248,6.538854122161865,177007,0.0,0.0,0.0
2021-02-28 00:00:00+02:00,6.538853869755159,6.525802381164645,6.29739946378362,6.440967082977295,93809,0.0,0.0,0.0
2021-03-01 00:00:00+02:00,6.440967394685108,6.493173766473009,6.29739976854354,6.395286560058594,85614,0.0,0.0,0.0
2021-03-02 00:00:00+02:00,6.395286329971955,6.434441211129025,6.206038290911913,6.310451030731201,199109,0.0,0.0,0.0
2021-03-03 00:00:00+02:00,6.310450381633899,6.219089139964666,5.873221611852517,6.095098972320557,116450,0.0,0.0,0.0
2021-03-04 00:00:00+02:00,6.095098972320557,6.095098972320557,6.095098972320557,6.095098972320557,0,0.0,0.0,0.0
2021-03-07 00:00:00+02:00,5.997212595896598,6.251718916985434,6.0037385479396725,6.055944919586182,71671,0.0,0.0,0.0
2021-03-08 00:00:00+02:00,6.055944119951449,6.199511726747337,5.873221635865899,5.958056926727295,168906,0.0,0.0,0.0
2021-03-09 00:00:00+02:00,5.958056926727295,6.062470071132828,5.892799074510729,5.958056926727295,199858,0.0,0.0,0.0
2021-03-10 00:00:00+02:00,5.958057756843842,6.003738591679443,5.873222454162623,5.899325847625732,4746746,0.0,0.0,0.0
2021-03-11 00:00:00+02:00,5.899325900357921,6.388761109246378,6.055945017838455,6.2647705078125,323231,0.0,0.0,0.0
2021-03-14 00:00:00+02:00,6.264770341852758,6.852092742919922,6.330028616915419,6.5258026123046875,314329,0.0,0.0,0.0
2021-03-15 00:00:00+02:00,6.525803018343122,6.57148344031982,6.068996724079227,6.330029010772705,262181,0.0,0.0,0.0
2021-03-16 00:00:00+02:00,6.330028107725231,6.395285962639166,6.068995858270847,6.186460494995117,87587,0.0,0.0,0.0
2021-03-17 00:00:00+02:00,6.186461202625593,6.382235204660079,5.94500636500675,6.108151435852051,89087,0.0,0.0,0.0
2021-03-18 00:00:00+02:00,6.108151063267687,6.258244635461795,6.016789812571188,6.134254455566406,29398,0.0,0.0,0.0
2021-03-21 00:00:00+02:00,6.134254729086469,6.134254729086469,5.8144901299410785,5.91890287399292,80521,0.0,0.0,0.0
2021-03-22 00:00:00+02:00,5.918902341850888,6.003738051802753,5.422941644744566,5.729654312133789,180537,0.0,0.0,0.0
2021-03-23 00:00:00+02:00,5.729654616059898,5.605664435206333,5.194538596445299,5.3576836585998535,300285,0.0,0.0,0.0
2021-03-24 00:00:00+02:00,5.357683424072658,5.742705853479281,5.435993183246705,5.586086750030518,57642,0.0,0.0,0.0
2021-03-25 00:00:00+02:00,5.586086902882065,5.971109342824019,5.4490448205776145,5.801438331604004,254235,0.0,0.0,0.0
2021-03-28 00:00:00+02:00,5.801438120868619,6.160357155700898,5.807964072374416,6.042892932891846,58966,0.0,0.0,0.0
2021-03-29 00:00:00+02:00,6.042893122837652,6.232141158561779,5.9319544331479435,6.12120246887207,265771,0.0,0.0,0.0
2021-03-30 00:00:00+02:00,6.121203282206658,6.166884120454153,5.971110107006277,6.068996906280518,55895,0.0,0.0,0.0
2021-03-31 00:00:00+02:00,6.068996367913688,6.068996367913688,5.873222371832478,5.8862738609313965,176727,0.0,0.0,0.0
2021-04-01 00:00:00+02:00,5.886273738716569,6.075522193768694,5.925428620099723,6.010263919830322,107065,0.0,0.0,0.0
2021-04-04 00:00:00+02:00,6.010264002617593,6.199512460276486,5.87322233078825,6.023315906524658,38383,0.0,0.0,0.0
2021-04-05 00:00:00+02:00,6.023315861517152,5.879748238807045,5.442519418771953,5.690499782562256,133978,0.0,0.0,0.0
2021-04-06 00:00:00+02:00,5.690499196739036,5.7818604395036255,5.481673736076724,5.6448187828063965,148763,0.0,0.0,0.0
2021-04-07 00:00:00+02:00,5.64481889300783,6.206037848118375,5.553457648459634,6.153831481933594,1402150,0.0,0.0,0.0
2021-04-08 00:00:00+02:00,6.1538318048019995,6.525802338971704,6.101625020978807,6.434441089630127,334885,0.0,0.0,0.0
2021-04-11 00:00:00+02:00,6.4344407627868545,6.591059861602804,6.395285884358038,6.486647129058838,92890,0.0,0.0,0.0
2021-04-12 00:00:00+02:00,6.486647814412261,6.519276744917279,6.16035767956336,6.395286560058594,90569,0.0,0.0,0.0
2021-04-13 00:00:00+02:00,6.395286369810596,6.421389762377699,6.068996244668225,6.1734089851379395,14266,0.0,0.0,0.0
2021-04-14 00:00:00+02:00,6.173409023112605,6.2582447383030315,5.625241924824972,5.853644847869873,29795,0.0,0.0,0.0
2021-04-15 00:00:00+02:00,5.853644585792974,5.873222025737379,5.298951560433066,5.612189769744873,73979,0.0,0.0,0.0
2021-04-18 00:00:00+02:00,5.612189357605354,5.873221594428568,5.566508944355909,5.6317667961120605,29733,0.0,0.0,0.0
2021-04-19 00:00:00+02:00,5.631767064417309,5.925428241109026,5.697025334181759,5.8732218742370605,47871,0.0,0.0,0.0
2021-04-20 00:00:00+02:00,5.8732224130431385,5.971109619220268,5.775335206866008,5.8927998542785645,44539,0.0,0.0,0.0
2021-04-21 00:00:00+02:00,5.8927998542785645,5.997212597601262,5.8732224130431385,5.8927998542785645,41101,0.0,0.0,0.0
2021-04-22 00:00:00+02:00,5.8927996932631626,6.2582446998065135,5.873222252562672,6.1734089851379395,123687,0.0,0.0,0.0
2021-04-25 00:00:00+02:00,6.173408823384858,6.408337690735883,5.951531859425079,6.27129602432251,53034,0.0,0.0,0.0
2021-04-26 00:00:00+02:00,6.271296632200603,6.330028958456131,6.003738810235705,6.147306442260742,275879,0.0,0.0,0.0
2021-04-27 00:00:00+02:00,6.147305336860218,6.2582440170942375,6.068995582601074,6.095098972320557,84559,0.0,0.0,0.0
2021-04-28 00:00:00+02:00,6.095099739468424,6.068996346463488,5.945006163213597,6.036367416381836,103165,0.0,0.0,0.0
2021-05-04 00:00:00+02:00,6.036367621276093,6.225616086012364,6.010264227385123,6.108151435852051,124958,0.0,0.0,0.0
2021-05-05 00:00:00+02:00,6.108150459730646,6.192985750245183,6.068995582601074,6.095098972320557,38319,0.0,0.0,0.0
2021-05-06 00:00:00+02:00,6.095100097707936,6.13425498206699,5.89932609081205,5.997212886810303,370677,0.0,0.0,0.0
2021-05-09 00:00:00+02:00,5.997212534324111,6.114677180497287,6.010264023376901,6.036367416381836,135162,0.0,0.0,0.0
2021-05-10 00:00:00+02:00,6.036367436596184,6.34960607920759,6.1342546420682975,6.212563991546631,253419,0.0,0.0,0.0
2021-05-11 00:00:00+02:00,6.212564269686977,6.68242204719023,6.147306406383505,6.460545063018799,591398,0.0,0.0,0.0
2021-05-17 00:00:00+02:00,6.460544062494482,6.754204816781158,6.408337282057554,6.604111671447754,378922,0.0,0.0,0.0
2021-05-18 00:00:00+02:00,6.604112563501176,6.695473819257494,6.493173866161406,6.584535121917725,150285,0.0,0.0,0.0
2021-05-19 00:00:00+02:00,6.584534853306285,6.786834798149688,6.532328482846592,6.656318664550781,431257,0.0,0.0,0.0
2021-05-20 00:00:00+02:00,6.656318368291225,6.617163488464323,6.525802240501331,6.551905632019043,131157,0.0,0.0,0.0
2021-05-23 00:00:00+02:00,6.551906442195984,7.034815718343539,6.578009422042131,6.839041709899902,493021,0.0,0.0,0.0
2021-05-24 00:00:00+02:00,6.839040865625368,6.884721282166603,6.20603808135835,6.5714826583862305,392262,0.0,0.0,0.0
2021-05-25 00:00:00+02:00,6.571483263961569,6.584535168375537,6.290873957451177,6.447493076324463,210446,0.0,0.0,0.0
2021-05-26 00:00:00+02:00,6.447493299652523,6.617164328816837,6.414864367286143,6.512751579284668,188381,0.0,0.0,0.0
2021-05-27 00:00:00+02:00,6.512750960071777,6.780308760896634,6.512750960071777,6.623689651489258,284914,0.0,0.0,0.0
2021-05-30 00:00:00+02:00,6.623689546876376,6.721576333122733,6.52580234573068,6.597586154937744,218033,0.0,0.0,0.0
2021-05-31 00:00:00+02:00,6.597586161441275,6.8912473502684986,6.545379792411889,6.760731220245361,503981,0.0,0.0,0.0
2021-06-01 00:00:00+02:00,6.760731320358294,6.845566619424871,6.525802448797556,6.623689651489258,296707,0.0,0.0,0.0
2021-06-02 00:00:00+02:00,6.623689732801191,6.773782892238539,6.212563891348439,6.493173599243164,202037,0.0,0.0,0.0
2021-06-03 00:00:00+02:00,6.4931736185763205,6.486647666664216,6.2451928396079115,6.343080043792725,301877,0.0,0.0,0.0
2021-06-06 00:00:00+02:00,6.343080226116455,6.74768012851092,6.34960617821614,6.564957618713379,365233,0.0,0.0,0.0
2021-06-07 00:00:00+02:00,6.564957720921192,6.773783212569885,6.46707051239876,6.61063814163208,328689,0.0,0.0,0.0
2021-06-08 00:00:00+02:00,6.610637765268659,6.53232841780847,6.401812285509026,6.473596096038818,161419,0.0,0.0,0.0
2021-06-09 00:00:00+02:00,6.473596241194173,6.617163865472928,6.323502664939346,6.5258026123046875,157889,0.0,0.0,0.0
2021-06-10 00:00:00+02:00,6.525802240501331,6.649792416686964,6.493173312278691,6.551905632019043,146981,0.0,0.0,0.0
2021-06-13 00:00:00+02:00,6.551905773245014,6.617163631096925,6.212563750696927,6.440967082977295,195093,0.0,0.0,0.0
2021-06-14 00:00:00+02:00,6.440967621047882,6.558431857974007,6.284348085280547,6.460545063018799,63073,0.0,0.0,0.0
2021-06-15 00:00:00+02:00,6.460544603533521,6.571482880279423,6.199512339085953,6.310451030731201,106371,0.0,0.0,0.0
2021-06-16 00:00:00+02:00,6.310451030731201,6.4083378187245295,6.206038290911913,6.310451030731201,115897,0.0,0.0,0.0
2021-06-17 00:00:00+02:00,6.310451295416758,6.688947804311846,6.264770460517691,6.564957618713379,272098,0.0,0.0,0.0
2021-06-20 00:00:00+02:00,6.564957329874236,6.688947510017495,6.525802448797556,6.623689651489258,307062,0.0,0.0,0.0
2021-06-21 00:00:00+02:00,6.623689942912452,6.682421852212161,6.525802735913996,6.564957618713379,170971,0.0,0.0,0.0
2021-06-22 00:00:00+02:00,6.5649567935697135,6.71505035380243,6.532327866971118,6.604111671447754,124406,0.0,0.0,0.0
2021-06-23 00:00:00+02:00,6.604111814901621,6.936927454295725,6.682421157459417,6.82598876953125,652778,0.0,0.0,0.0
2021-06-24 00:00:00+02:00,6.825989496897075,6.799886518229428,6.662844428076502,6.741154193878174,149877,0.0,0.0,0.0
2021-06-27 00:00:00+02:00,6.741153461517715,6.812937267404184,6.558430971097737,6.662843704223633,253799,0.0,0.0,0.0
2021-06-28 00:00:00+02:00,6.662843354076358,6.675895256205679,6.427914509439467,6.532327651977539,248847,0.0,0.0,0.0
2021-06-29 00:00:00+02:00,6.532328708428095,6.695473777335796,6.362657687400316,6.578009128570557,200718,0.0,0.0,0.0
2021-06-30 00:00:00+02:00,6.578008411060048,7.230589030408571,6.656318168361735,7.145752906799316,1993489,0.0,0.0,0.0
2021-07-04 00:00:00+02:00,7.145753132727677,7.857065677642822,7.8309627009831715,7.857065677642822,544935,0.0,0.0,0.0
2021-07-05 00:00:00+02:00,7.857065994889676,8.640162794486502,7.870117898645835,8.281243324279785,1862819,0.0,0.0,0.0
2021-07-06 00:00:00+02:00,8.28124409009973,8.32039897519041,7.5503540081387275,8.026738166809082,1302983,0.0,0.0,0.0
2021-07-07 00:00:00+02:00,8.026737954062979,8.300821312634474,7.987583070010086,8.137676239013672,664633,0.0,0.0,0.0
2021-07-08 00:00:00+02:00,8.137674786627938,8.059365032498622,7.569929898989006,7.804859161376953,535801,0.0,0.0,0.0
2021-07-11 00:00:00+02:00,7.804859681725793,7.765704802050685,7.1849079734023595,7.498147010803223,334650,0.0,0.0,0.0
2021-07-12 00:00:00+02:00,7.498147821100468,7.6678184314958395,7.315425306136703,7.465518474578857,310233,0.0,0.0,0.0
2021-07-13 00:00:00+02:00,7.465517428040698,7.693920332277528,7.439414452361852,7.582982063293457,294894,0.0,0.0,0.0
2021-07-14 00:00:00+02:00,7.582982806821981,8.339975814122457,7.511198579418257,8.183356285095215,2305882,0.0,0.0,0.0
2021-07-15 00:00:00+02:00,8.18335563451283,8.999080900347803,8.516172107236581,8.91424560546875,2392471,0.0,0.0,0.0
2021-07-18 00:00:00+02:00,8.914246344082576,9.801755905151367,9.801755905151367,9.801755905151367,787015,0.0,0.0,0.0
2021-07-25 00:00:00+02:00,9.801755406812925,10.780625757154343,9.984477905401937,10.761048316955566,2328922,0.0,0.0,0.0
2021-07-26 00:00:00+02:00,10.761048982348253,11.2831127035988,10.323819734139771,10.656636238098145,2597453,0.0,0.0,0.0
2021-07-27 00:00:00+02:00,10.656635006912285,11.720340597729038,10.356447883250333,11.217853546142578,2124926,0.0,0.0,0.0
2021-07-28 00:00:00+02:00,11.217853945207617,12.333766356714797,11.844331190414993,12.327239990234375,2113995,0.0,0.0,0.0
2021-07-29 00:00:00+02:00,12.32723957929041,13.34526475764075,12.36639445767301,12.810149192810059,2160577,0.0,0.0,0.0
2021-08-01 00:00:00+02:00,12.810150152661771,14.023949813873907,12.275034547735402,13.13644027709961,3221523,0.0,0.0,0.0
2021-08-02 00:00:00+02:00,13.13643891598483,13.57366810211588,11.896536405632164,12.855829238891602,1753158,0.0,0.0,0.0
2021-08-03 00:00:00+02:00,12.855830022735818,12.953717221852823,11.570247020462235,12.124940872192383,1666941,0.0,0.0,0.0
2021-08-04 00:00:00+02:00,12.124942139729793,12.040106005093872,11.270061894403481,11.576774597167969,1179686,0.0,0.0,0.0
2021-08-05 00:00:00+02:00,11.576774300191412,12.464283039334852,11.38752542370306,11.961796760559082,1595342,0.0,0.0,0.0
2021-08-08 00:00:00+02:00,11.961796760559082,11.961796760559082,11.961796760559082,11.961796760559082,0,0.0,0.0,0.0
2021-08-09 00:00:00+02:00,11.961796760559082,11.961796760559082,11.961796760559082,11.961796760559082,0,0.0,0.0,0.0
2021-08-10 00:00:00+02:00,11.818229363856206,12.855831287152304,11.615929409050365,12.405550956726074,2732345,0.0,0.0,0.0
2021-08-11 00:00:00+02:00,12.405548980206474,13.22780057285643,12.52953914826188,12.855829238891602,1898813,0.0,0.0,0.0
2021-08-15 00:00:00+02:00,12.85583081432075,12.986347364446072,11.97484762761936,12.399024963378906,889929,0.0,0.0,0.0
2021-08-16 00:00:00+02:00,12.39902401590785,12.268508305554596,11.68771148594572,11.935691833496094,661494,0.0,0.0,0.0
2021-08-17 00:00:00+02:00,11.935692095351545,12.523014464423671,11.766021502210204,12.177146911621094,849977,0.0,0.0,0.0
2021-08-18 00:00:00+02:00,12.177147897568958,12.85583115488397,12.196725339116444,12.529541015625,1735031,0.0,0.0,0.0
2021-08-19 00:00:00+02:00,12.529541784082165,12.764471097060612,11.87696146554041,12.275035858154297,856498,0.0,0.0,0.0
2021-08-22 00:00:00+02:00,12.27503486304753,12.529540768343232,11.890012406744862,12.248931884765625,1053790,0.0,0.0,0.0
2021-08-23 00:00:00+02:00,12.2489315273696,13.469255891476719,12.30113748241016,12.947192192077637,3881850,0.0,0.0,0.0
2021-08-24 00:00:00+02:00,12.947191632440916,15.335635132173858,13.266956204987771,13.8934326171875,3581059,0.0,0.0,0.0
2021-08-25 00:00:00+02:00,13.893432801374201,14.004371074859877,12.986346684089598,13.456204414367676,2369079,0.0,0.0,0.0
2021-08-26 00:00:00+02:00,13.45620511934006,13.280008150080297,12.183673112061419,12.72531509399414,1468475,0.0,0.0,0.0
2021-08-29 00:00:00+02:00,12.725314717465587,12.875407874379961,12.17062167779221,12.607850074768066,679278,0.0,0.0,0.0
2021-08-30 00:00:00+02:00,12.60785095386848,12.810150909353636,11.746445173621286,12.392499923706055,1084266,0.0,0.0,0.0
2021-08-31 00:00:00+02:00,12.392499077097149,12.072734492569195,11.420154249727617,11.779073715209961,757207,0.0,0.0,0.0
2021-09-01 00:00:00+02:00,11.779073099615733,12.9080365620026,11.746443757259444,12.372920989990234,1226411,0.0,0.0,0.0
2021-09-02 00:00:00+02:00,12.372921337289075,13.018975197809525,12.451231097303353,12.666582107543945,1174722,0.0,0.0,0.0
2021-09-05 00:00:00+02:00,12.666582031339049,12.647004591453262,11.093863793176359,11.361421585083008,641423,0.0,0.0,0.0
2021-09-06 00:00:00+02:00,11.361421520908445,11.485411696218522,10.70231576480765,11.009028434753418,1300826,0.0,0.0,0.0
2021-09-07 00:00:00+02:00,11.009029301094156,11.420154738927758,10.767574468131887,11.322267532348633,604479,0.0,0.0,0.0
2021-09-08 00:00:00+02:00,11.322267659913994,11.746445006670163,11.09386472852182,11.198277473449707,481474,0.0,0.0,0.0
2021-09-09 00:00:00+02:00,11.19827733833623,12.359870252616961,10.976399946867021,11.974847793579102,1855006,0.0,0.0,0.0
2021-09-12 00:00:00+02:00,11.974847466489138,12.464282655826285,12.020527885008917,12.33376693725586,663891,0.0,0.0,0.0
2021-09-13 00:00:00+02:00,12.33376760486624,12.562170539626983,12.07273532379736,12.229354858398438,470913,0.0,0.0,0.0
2021-09-14 00:00:00+02:00,12.22935464869541,12.620902648685284,12.17062232422712,12.340292930603027,874110,0.0,0.0,0.0
2021-09-15 00:00:00+02:00,12.340292344984334,12.888459850875913,12.07273454385845,12.13146686553955,930342,0.0,0.0,0.0
2021-09-16 00:00:00+02:00,12.131466210313956,12.54259161007791,11.942218181650905,12.235878944396973,358230,0.0,0.0,0.0
2021-09-19 00:00:00+02:00,12.235879137090745,12.379446752440664,11.191750950018735,11.335318565368652,314974,0.0,0.0,0.0
2021-09-20 00:00:00+02:00,11.335319568549027,11.394051893180736,10.44128445437534,11.03513240814209,335833,0.0,0.0,0.0
2021-09-21 00:00:00+02:00,11.03513240814209,11.03513240814209,11.03513240814209,11.03513240814209,0,0.0,0.0,0.0
2021-09-22 00:00:00+02:00,10.2846646514566,10.702316450139431,10.4412841796875,10.604429244995117,372253,0.0,0.0,0.0
2021-09-23 00:00:00+02:00,10.604429123922426,11.00902901403372,10.630532101729983,10.89156436920166,272058,0.0,0.0,0.0
2021-09-26 00:00:00+02:00,10.891564743302034,11.204802977147844,10.832832418868684,10.845884323120117,255121,0.0,0.0,0.0
2021-09-27 00:00:00+02:00,10.845882967760955,11.322266211124004,10.441283114313526,10.56527328491211,614431,0.0,0.0,0.0
2021-09-28 00:00:00+02:00,10.56527328491211,10.56527328491211,10.56527328491211,10.56527328491211,0,0.0,0.0,0.0
2021-09-29 00:00:00+02:00,10.56527328491211,10.56527328491211,10.56527328491211,10.56527328491211,0,0.0,0.0,0.0
2021-09-30 00:00:00+02:00,10.362974415572051,10.845884074418185,10.349923341418616,10.604429244995117,580885,0.0,0.0,0.0
2021-10-03 00:00:00+02:00,10.604429244995117,11.224380161244579,10.57179990001411,10.604429244995117,611747,0.0,0.0,0.0
2021-10-04 00:00:00+02:00,10.604429244995117,10.604429244995117,10.604429244995117,10.604429244995117,0,0.0,0.0,0.0
2021-10-05 00:00:00+02:00,10.486964598821942,10.591377341042971,9.958374520841366,10.114994049072266,215318,0.0,0.0,0.0
2021-10-06 00:00:00+02:00,10.114993067093424,10.506541019859895,9.951848017624176,10.252035140991211,382323,0.0,0.0,0.0
2021-10-10 00:00:00+02:00,10.252036136274304,10.4412841796875,10.075839167014541,10.114994049072266,318181,0.0,0.0,0.0
2021-10-11 00:00:00+02:00,10.114993635211613,10.33687101452758,9.971426016807008,10.134571075439453,173054,0.0,0.0,0.0
2021-10-12 00:00:00+02:00,10.134572310967398,10.500017353240176,10.1802527338018,10.238985061645508,188826,0.0,0.0,0.0
2021-10-13 00:00:00+02:00,10.238985765061566,10.245511303115132,9.919221123655428,9.971427917480469,196218,0.0,0.0,0.0
2021-10-14 00:00:00+02:00,9.971426216198681,10.114993837474108,9.756074369386194,9.899641990661621,265111,0.0,0.0,0.0
2021-10-17 00:00:00+02:00,9.899642197754778,10.310768459360892,9.834384337591473,9.951848983764648,219854,0.0,0.0,0.0
2021-10-18 00:00:00+02:00,9.951848983764648,9.951848983764648,9.951848983764648,9.951848983764648,0,0.0,0.0,0.0
2021-10-19 00:00:00+02:00,9.912694966187965,10.030159622605172,8.287769708479612,8.555328369140625,320307,0.0,0.0,0.0
2021-10-20 00:00:00+02:00,8.555327369891772,8.633636301891432,7.184908198018067,8.405233383178711,1000781,0.0,0.0,0.0
2021-10-24 00:00:00+02:00,8.405234083591905,8.875091863736833,8.424811525672892,8.490069389343262,386286,0.0,0.0,0.0
2021-10-25 00:00:00+02:00,8.490069988967708,8.490069988967708,7.896221976968007,8.333451271057129,446546,0.0,0.0,0.0
2021-10-26 00:00:00+02:00,8.333451313290889,8.74457679831281,7.6351897127469375,8.007161140441895,392446,0.0,0.0,0.0
2021-10-27 00:00:00+02:00,8.173697755048593,8.659989148443625,7.321021866550311,8.520096778869629,771419,0.1875,0.0,0.0
2021-10-28 00:00:00+02:00,8.5200975804513,8.693297955714089,8.00049814877781,8.613359451293945,348963,0.0,0.0,0.0
2021-10-31 00:00:00+02:00,8.613359606591409,8.659990119324753,8.000498293025483,8.620020866394043,241219,0.0,0.0,0.0
2021-11-01 00:00:00+02:00,8.620020165527981,8.986404671917464,8.426836023441695,8.526759147644043,338282,0.0,0.0,0.0
2021-11-02 00:00:00+02:00,8.526758717616616,8.959757488893858,8.426835598453659,8.679973602294922,843001,0.0,0.0,0.0
2021-11-03 00:00:00+02:00,8.679974490835757,9.086327420952358,8.659989864957405,8.813204765319824,819079,0.0,0.0,0.0
2021-11-04 00:00:00+02:00,8.813205608173414,8.926452114666919,8.406852639195124,8.640006065368652,646657,0.0,0.0,0.0
2021-11-07 00:00:00+02:00,8.640006065368652,8.640006065368652,8.640006065368652,8.640006065368652,0,0.0,0.0,0.0
2021-11-08 00:00:00+02:00,8.640006065368652,8.640006065368652,8.640006065368652,8.640006065368652,0,0.0,0.0,0.0
2021-11-09 00:00:00+02:00,8.640006065368652,8.640006065368652,8.640006065368652,8.640006065368652,0,0.0,0.0,0.0
2021-11-10 00:00:00+02:00,9.119634878178214,9.119634878178214,8.326912843264067,8.659989356994629,334066,0.0,0.0,0.0
2021-11-11 00:00:00+02:00,8.659989537451438,9.05301993349035,8.659989537451438,8.96642017364502,209335,0.0,0.0,0.0
2021-11-14 00:00:00+02:00,8.966420746220885,9.15960490337043,8.826528361429688,8.986405372619629,287422,0.0,0.0,0.0
2021-11-15 00:00:00+02:00,8.986404739420532,9.35945050787325,8.933112123759836,9.099650382995605,590194,0.0,0.0,0.0
2021-11-16 00:00:00+02:00,9.099649855721998,9.099649855721998,8.513435352709108,8.679973602294922,712022,0.0,0.0,0.0
2021-11-17 00:00:00+02:00,8.679974400406717,8.893143176183376,8.326913244939007,8.67331314086914,628310,0.0,0.0,0.0
2021-11-18 00:00:00+02:00,8.673313329609051,8.993066500232185,8.546744313296305,8.613359451293945,284182,0.0,0.0,0.0
2021-11-21 00:00:00+02:00,8.613358273329371,8.626680790872447,8.080435548115995,8.20700454711914,349217,0.0,0.0,0.0
2021-11-22 00:00:00+02:00,8.20700454711914,8.20700454711914,8.20700454711914,8.20700454711914,0,0.0,0.0,0.0
2021-11-23 00:00:00+02:00,8.20700454711914,8.20700454711914,8.20700454711914,8.20700454711914,0,0.0,0.0,0.0
2021-11-24 00:00:00+02:00,8.426835805941552,8.606696577806117,8.260297552255187,8.286943435668945,166125,0.0,0.0,0.0
2021-11-25 00:00:00+02:00,8.286943921631414,8.826527962982082,8.30692854712801,8.606697082519531,906715,0.0,0.0,0.0
2021-11-28 00:00:00+02:00,8.606697082519531,8.606697082519531,8.606697082519531,8.606697082519531,0,0.0,0.0,0.0
2021-11-29 00:00:00+02:00,8.433497191613478,9.172927455666972,8.493451065487331,8.99306583404541,1848137,0.0,0.0,0.0
2021-11-30 00:00:00+02:00,8.993065440495855,9.099649818143739,8.859835180200331,8.913126945495605,765138,0.0,0.0,0.0
2021-12-01 00:00:00+02:00,8.913126945495605,8.913126945495605,8.913126945495605,8.913126945495605,0,0.0,0.0,0.0
2021-12-02 00:00:00+02:00,8.986404006797352,9.026373253520006,8.666650033016122,8.80654239654541,498711,0.0,0.0,0.0
2021-12-05 00:00:00+02:00,8.806543356372545,9.039696756294587,8.673313084147782,8.906466484069824,1370906,0.0,0.0,0.0
2021-12-06 00:00:00+02:00,8.906467212955087,9.25286628791096,8.746590195555466,8.833189964294434,1340667,0.0,0.0,0.0
2021-12-07 00:00:00+02:00,8.83318952583105,8.99306653529467,8.466805841886842,8.546744346618652,589454,0.0,0.0,0.0
2021-12-08 00:00:00+02:00,8.546743576515865,8.69995846540814,8.340236073585158,8.48678970336914,369633,0.0,0.0,0.0
2021-12-09 00:00:00+02:00,8.48679004507823,8.6133590555761,8.366882293956857,8.433497428894043,181171,0.0,0.0,0.0
2021-12-12 00:00:00+02:00,8.433496516998758,8.626680641545242,8.433496516998758,8.466804504394531,212687,0.0,0.0,0.0
2021-12-13 00:00:00+02:00,8.46680562463006,8.826528039635347,8.473466884167637,8.67331314086914,424059,0.0,0.0,0.0
2021-12-14 00:00:00+02:00,8.673312128776603,8.779896504227555,8.526758506649378,8.540081024169922,180446,0.0,0.0,0.0
2021-12-15 00:00:00+02:00,8.540081637239465,8.72660451943294,8.500112387693909,8.593374252319336,126278,0.0,0.0,0.0
2021-12-16 00:00:00+02:00,8.593374408060242,8.69329753373508,8.560066417149498,8.600035667419434,84991,0.0,0.0,0.0
2021-12-19 00:00:00+02:00,8.600035275769056,8.653327889387791,8.486789636533107,8.520096778869629,116539,0.0,0.0,0.0
2021-12-20 00:00:00+02:00,8.520096778869629,8.520096778869629,8.520096778869629,8.520096778869629,0,0.0,0.0,0.0
2021-12-21 00:00:00+02:00,8.413513458954213,8.97974342060455,8.420174718849493,8.793220520019531,821961,0.0,0.0,0.0
2021-12-22 00:00:00+02:00,8.793219370331055,8.886481231958573,8.726604238915602,8.753250122070312,178302,0.0,0.0,0.0
2021-12-23 00:00:00+02:00,8.753251266532923,8.859836507202187,8.726605379894337,8.793220520019531,193614,0.0,0.0,0.0
2021-12-26 00:00:00+02:00,8.793220709944528,8.986405721654899,8.806544077080325,8.833189964294434,289817,0.0,0.0,0.0
2021-12-27 00:00:00+02:00,8.833189650652864,8.89314353004893,8.560066986997978,8.620020866394043,203995,0.0,0.0,0.0
2021-12-28 00:00:00+02:00,8.620020330759411,8.786558591936458,8.560066455088785,8.633343696594238,156919,0.0,0.0,0.0
2021-12-29 00:00:00+02:00,8.633344233056764,8.773235771256799,8.606697499731322,8.620020866394043,116033,0.0,0.0,0.0
2021-12-30 00:00:00+02:00,8.620019690487046,8.726604068076663,8.620019690487046,8.646665573120117,272347,0.0,0.0,0.0
2022-01-02 00:00:00+02:00,8.646666315426495,8.926451071793606,8.600035805051112,8.87315845489502,276998,0.0,0.0,0.0
2022-01-03 00:00:00+02:00,8.873158754706811,9.825757855143303,8.859836235325073,9.652558326721191,1622353,0.0,0.0,0.0
2022-01-04 00:00:00+02:00,9.652558485140906,10.058911427044416,9.659219744941103,9.859066009521484,911725,0.0,0.0,0.0
2022-01-05 00:00:00+02:00,9.859065656048523,9.892372800912806,9.699188650116222,9.712512016296387,171237,0.0,0.0,0.0
2022-01-09 00:00:00+02:00,9.712512016296387,9.712512016296387,9.712512016296387,9.712512016296387,0,0.0,0.0,0.0
2022-01-10 00:00:00+02:00,9.725834303307458,9.992295691149595,9.545973522983504,9.63923454284668,665406,0.0,0.0,0.0
2022-01-11 00:00:00+02:00,9.63923557500137,9.74581997213964,9.379436265800118,9.406082153320312,360829,0.0,0.0,0.0
2022-01-12 00:00:00+02:00,9.406081224018793,9.57261948691698,9.15960445940029,9.239542961120605,296310,0.0,0.0,0.0
2022-01-13 00:00:00+02:00,9.239543531848366,9.192913018650279,8.926451612142342,8.959758758544922,311965,0.0,0.0,0.0
2022-01-16 00:00:00+02:00,8.959758209464049,9.059681336663116,8.693297666343074,8.773235321044922,232150,0.0,0.0,0.0
2022-01-17 00:00:00+02:00,8.773234408590758,8.939772654249376,8.65998877424812,8.80654239654541,130377,0.0,0.0,0.0
2022-01-18 00:00:00+02:00,8.806543325518922,9.02637420568276,8.69329767923037,8.973081588745117,218929,0.0,0.0,0.0
2022-01-19 00:00:00+02:00,8.973081753586653,9.259527774891692,9.006389745666747,9.17958927154541,448229,0.0,0.0,0.0
2022-01-20 00:00:00+02:00,9.179589054180472,9.525988944792767,9.073004667928398,9.306158065795898,426893,0.0,0.0,0.0
2022-01-23 00:00:00+02:00,9.306157732771327,9.46603472995688,9.05968097779606,9.092988967895508,224641,0.0,0.0,0.0
2022-01-24 00:00:00+02:00,9.092988559246164,9.246203443291748,8.859835180200331,8.913126945495605,153795,0.0,0.0,0.0
2022-01-25 00:00:00+02:00,8.913127335546937,9.099650216357581,8.873158086297702,8.99306583404541,137646,0.0,0.0,0.0
2022-01-26 00:00:00+02:00,8.993065891674457,9.09298901543787,8.819866375189457,8.859835624694824,93899,0.0,0.0,0.0
2022-01-30 00:00:00+02:00,8.859835810635927,8.866497070007496,8.713282175059662,8.799881935119629,94930,0.0,0.0,0.0
2022-01-31 00:00:00+02:00,8.799882028931684,8.95975818495546,8.713282267948513,8.939773559570312,95637,0.0,0.0,0.0
2022-02-01 00:00:00+02:00,8.939773219360637,9.159604090231436,8.99306583404541,8.99306583404541,258490,0.0,0.0,0.0
2022-02-02 00:00:00+02:00,8.993066214214556,9.139619851971313,8.939773597276913,8.973081588745117,92486,0.0,0.0,0.0
2022-02-03 00:00:00+02:00,8.973081813953607,9.086327463084425,8.879820790793808,8.946435928344727,142678,0.0,0.0,0.0
2022-02-06 00:00:00+02:00,8.946435710217182,9.186250368964934,8.93311234420887,9.073004722595215,149457,0.0,0.0,0.0
2022-02-07 00:00:00+02:00,9.073003899938131,9.299496019198743,9.09298852360987,9.146280288696289,348239,0.0,0.0,0.0
2022-02-08 00:00:00+02:00,9.14628143722665,9.459373349361734,9.192912796354594,9.286173820495605,248047,0.0,0.0,0.0
2022-02-09 00:00:00+02:00,9.286173433338137,9.366111934730473,9.139619796471322,9.2062349319458,100171,0.0,0.0,0.0
2022-02-10 00:00:00+02:00,9.206234767259613,9.226219392250199,9.079665758005017,9.099650382995605,89579,0.0,0.0,0.0
2022-02-13 00:00:00+02:00,9.099649892632108,8.99306551411174,7.993836012543768,8.18035888671875,379397,0.0,0.0,0.0
2022-02-14 00:00:00+02:00,8.180359498096363,8.320251875947108,7.8672675980877305,8.233652114868164,208579,0.0,0.0,0.0
2022-02-15 00:00:00+02:00,8.23365273406364,8.526760030707575,8.260298620924686,8.46014404296875,224565,0.0,0.0,0.0
2022-02-16 00:00:00+02:00,8.460142700573956,8.713281550288796,8.333573699245203,8.646665573120117,315878,0.0,0.0,0.0
2022-02-17 00:00:00+02:00,8.646666718297476,8.859836348766546,8.659990084907244,8.686635971069336,337421,0.0,0.0,0.0
2022-02-20 00:00:00+02:00,8.686634656377448,8.873157525397394,8.593373645396136,8.80654239654541,560529,0.0,0.0,0.0
2022-02-21 00:00:00+02:00,8.806543735030946,8.99306663240006,8.793220368412635,8.986405372619629,251867,0.0,0.0,0.0
2022-02-22 00:00:00+02:00,8.98640479876759,8.993066058122647,8.726604672174199,8.96642017364502,404725,0.0,0.0,0.0
2022-02-23 00:00:00+02:00,8.96642018179149,9.186250211282074,8.92645093151004,9.066343307495117,112167,0.0,0.0,0.0
2022-02-24 00:00:00+02:00,9.066342878294186,8.659989135355366,8.020482008183832,8.420173645019531,319649,0.0,0.0,0.0
2022-02-27 00:00:00+02:00,8.420173708837352,8.726604333125394,8.506774312375443,8.653327941894531,147810,0.0,0.0,0.0
2022-02-28 00:00:00+02:00,8.653327757245115,8.69329700508447,8.32691251557618,8.446820259094238,236369,0.0,0.0,0.0
2022-03-01 00:00:00+02:00,8.446820236416215,8.793219254017473,8.53341999081653,8.77989673614502,275803,0.0,0.0,0.0
2022-03-02 00:00:00+02:00,8.77989713451281,8.906466142387947,8.573389627546558,8.593374252319336,268418,0.0,0.0,0.0
2022-03-03 00:00:00+02:00,8.59337482518891,8.79322023918183,8.59337482518891,8.613359451293945,126718,0.0,0.0,0.0
2022-03-06 00:00:00+02:00,8.61335902491103,8.659989534495308,8.473466649100805,8.500112533569336,88515,0.0,0.0,0.0
2022-03-07 00:00:00+02:00,8.50011301046188,8.586712775136265,7.993836941868583,8.080436706542969,518951,0.0,0.0,0.0
2022-03-08 00:00:00+02:00,8.080436706542969,8.080436706542969,8.080436706542969,8.080436706542969,0,0.0,0.0,0.0
2022-03-09 00:00:00+02:00,8.220329250327067,8.420174669532143,8.160375370448307,8.38686752319336,152535,0.0,0.0,0.0
2022-03-10 00:00:00+02:00,8.386866919143753,8.520097189018124,8.300267159019672,8.433497428894043,227575,0.0,0.0,0.0
2022-03-13 00:00:00+02:00,8.433497244221392,8.560066251947717,8.32691286124435,8.493451118469238,245773,0.0,0.0,0.0
2022-03-14 00:00:00+02:00,8.49345129638725,8.49345129638725,8.333574295043945,8.333574295043945,42631,0.0,0.0,0.0
2022-03-15 00:00:00+02:00,8.333574118928787,8.446820608172832,7.993836345311413,8.127066612243652,334193,0.0,0.0,0.0
2022-03-16 00:00:00+02:00,8.127067850140884,8.69329868849339,8.253636877122442,8.640006065368652,229177,0.0,0.0,0.0
2022-03-17 00:00:00+02:00,8.640006357673277,8.993067562528937,8.606698361211265,8.853175163269043,398351,0.0,0.0,0.0
2022-03-20 00:00:00+02:00,8.853174243867944,8.986405368822414,8.706620599358242,8.786559104919434,209149,0.0,0.0,0.0
2022-03-21 00:00:00+02:00,8.786558547541905,9.25286533765864,8.759912663064279,8.96642017364502,559434,0.0,0.0,0.0
2022-03-22 00:00:00+02:00,8.966420678770717,9.326143104184611,9.013051190997855,9.119635581970215,2128295,0.0,0.0,0.0
2022-03-23 00:00:00+02:00,9.119635016806042,9.259527391875451,8.993066007429038,9.199573516845703,449146,0.0,0.0,0.0
2022-03-24 00:00:00+02:00,9.199573507948546,9.545973392099608,9.05968113301443,9.099650382995605,3491190,0.0,0.0,0.0
2022-03-27 00:00:00+02:00,9.099650632912955,9.126296517946425,8.793219990327104,8.906466484069824,920615,0.0,0.0,0.0
2022-03-28 00:00:00+02:00,8.906466635104612,8.979743031953621,8.626681872807675,8.813204765319824,625837,0.0,0.0,0.0
2022-03-29 00:00:00+02:00,8.813204806185459,9.059681577475544,8.573390141590666,8.946435928344727,527269,0.0,0.0,0.0
2022-03-30 00:00:00+02:00,8.946435381414702,9.092989013890307,8.333574120474985,8.493451118469238,964961,0.0,0.0,0.0
2022-03-31 00:00:00+02:00,8.493450920379487,8.826527427061038,8.220328286547502,8.719943046569824,517546,0.0,0.0,0.0
2022-04-03 00:00:00+02:00,8.719942614129682,9.192911467338028,8.679973367545465,9.039695739746094,649611,0.0,0.0,0.0
2022-04-04 00:00:00+02:00,9.03969695549659,9.059681581476433,8.866497428376228,9.046359062194824,469222,0.0,0.0,0.0
2022-04-05 00:00:00+02:00,9.046358824522368,9.186250355648514,8.773235327621052,8.87315845489502,603625,0.0,0.0,0.0
2022-04-06 00:00:00+02:00,8.873158716949476,9.059681611017066,8.746589701016907,8.879820823669434,296349,0.0,0.0,0.0
2022-04-07 00:00:00+02:00,8.879820853730411,8.93977388501096,8.666651226176208,8.713282585144043,146694,0.0,0.0,0.0
2022-04-10 00:00:00+02:00,8.71328208730678,9.326142507983288,8.593374337481793,8.999727249145508,1213262,0.0,0.0,0.0
2022-04-11 00:00:00+02:00,8.99972672530706,9.086326479454238,8.759912086673136,8.846511840820312,245910,0.0,0.0,0.0
2022-04-12 00:00:00+02:00,8.846511264351042,8.993064880371094,8.73326563485898,8.826526641845703,288145,0.0,0.0,0.0
2022-04-13 00:00:00+02:00,8.826527624257837,8.959757891084061,8.726604500609481,8.759912490844727,123031,0.0,0.0,0.0
2022-04-14 00:00:00+02:00,8.759913086788103,8.659989956341901,8.03380613495562,8.41351318359375,245197,0.0,0.0,0.0
2022-04-17 00:00:00+02:00,8.413512719050344,8.659989478189535,7.980513075729388,8.027144432067871,288242,0.0,0.0,0.0
2022-04-18 00:00:00+02:00,8.027144001418971,8.306927889152771,7.793989773407236,8.18035888671875,325710,0.0,0.0,0.0
2022-04-19 00:00:00+02:00,8.180359256729467,8.560066281206288,8.14705126634769,8.426836013793945,279687,0.0,0.0,0.0
2022-04-20 00:00:00+02:00,8.426836516945103,8.620020670344891,8.380206005272298,8.480128288269043,87946,0.0,0.0,0.0
2022-04-21 00:00:00+02:00,8.480128328241229,8.746589727289225,8.42683655666609,8.613359451293945,258499,0.0,0.0,0.0
2022-04-26 00:00:00+02:00,8.613359447930002,8.679974585901624,8.426836553374994,8.513436317443848,205785,0.0,0.0,0.0
2022-04-27 00:00:00+02:00,8.513435479563208,8.826527359567459,8.433496983041723,8.753250122070312,120438,0.0,0.0,0.0
2022-04-28 00:00:00+02:00,8.753250860285327,9.06634361375195,8.726604974883406,8.979743003845215,178043,0.0,0.0,0.0
2022-05-08 00:00:00+02:00,8.979744194532625,9.112975333323131,8.693298982600986,8.853175163269043,67509,0.0,0.0,0.0
2022-05-09 00:00:00+02:00,8.85317369607666,8.826527811557462,8.659989550962038,8.699958801269531,219151,0.0,0.0,0.0
2022-05-10 00:00:00+02:00,8.699959948737417,8.819867715474949,8.606698070033502,8.640006065368652,92514,0.0,0.0,0.0
2022-05-11 00:00:00+02:00,8.640005948458558,8.793220861400544,8.526760290554918,8.566729545593262,82274,0.0,0.0,0.0
2022-05-12 00:00:00+02:00,8.566728106440387,8.793219384198654,8.460142879538745,8.586711883544922,141671,0.0,0.0,0.0
2022-05-15 00:00:00+02:00,8.586711529606466,8.859834997580098,8.506773883311242,8.540081024169922,91617,0.0,0.0,0.0
2022-05-16 00:00:00+02:00,8.5400816661661,8.65998941520892,8.233651881355408,8.526759147644043,138522,0.0,0.0,0.0
2022-05-17 00:00:00+02:00,8.526759090325355,8.726604490329265,8.526759090325355,8.659989356994629,98266,0.0,0.0,0.0
2022-05-18 00:00:00+02:00,8.659989356994629,8.886481487978296,8.526759090325355,8.659989356994629,206789,0.0,0.0,0.0
2022-05-19 00:00:00+02:00,8.659989581206494,8.793219851325173,8.540081829865244,8.633343696594238,180387,0.0,0.0,0.0
2022-05-22 00:00:00+02:00,8.633343317548412,8.826527454855992,8.593374068856173,8.653327941894531,200947,0.0,0.0,0.0
2022-05-23 00:00:00+02:00,8.65332851519899,8.759912903087319,8.59337463818854,8.67331314086914,145801,0.0,0.0,0.0
2022-05-24 00:00:00+02:00,8.673313292563444,8.759913056296233,8.540082170079787,8.58005142211914,110253,0.0,0.0,0.0
2022-05-25 00:00:00+02:00,8.580050906023878,8.533420397135297,8.340236255270185,8.426836013793945,85062,0.0,0.0,0.0
2022-05-26 00:00:00+02:00,8.426835579890332,8.659988959385394,8.260297330671381,8.313589096069336,290489,0.0,0.0,0.0
2022-05-29 00:00:00+02:00,8.313590693598632,8.486791082067302,8.226990922893046,8.300268173217773,64707,0.0,0.0,0.0
2022-05-30 00:00:00+02:00,8.300267563851808,8.433497840224268,8.180359806882128,8.24697494506836,57995,0.0,0.0,0.0
2022-05-31 00:00:00+02:00,8.246974057874832,8.39352768494156,8.160374302843222,8.213666915893555,101241,0.0,0.0,0.0
2022-06-01 00:00:00+02:00,8.21366798828056,8.333574900948648,8.040467608546729,8.087098121643066,165141,0.0,0.0,0.0
2022-06-02 00:00:00+02:00,8.087097263233828,8.160374502084986,7.893913124442165,7.987174987792969,153767,0.0,0.0,0.0
2022-06-05 00:00:00+02:00,7.987174987792969,7.987174987792969,7.987174987792969,7.987174987792969,0,0.0,0.0,0.0
2022-06-06 00:00:00+02:00,8.007159143676104,8.26029714115188,7.9938357791036285,8.107081413269043,138354,0.0,0.0,0.0
2022-06-07 00:00:00+02:00,8.107081430259468,8.233651276319934,8.127066053631403,8.20700454711914,91487,0.0,0.0,0.0
2022-06-08 00:00:00+02:00,8.207006000145121,8.560067177519516,8.193683480243333,8.46014404296875,282509,0.0,0.0,0.0
2022-06-09 00:00:00+02:00,8.460143698832088,8.613359447930002,8.373543934763234,8.513436317443848,135159,0.0,0.0,0.0
2022-06-12 00:00:00+02:00,8.513436542807144,8.460143922784649,8.300267756832081,8.38686752319336,147729,0.0,0.0,0.0
2022-06-13 00:00:00+02:00,8.386866715057584,8.500112356989337,8.260297707639646,8.293604850769043,168229,0.0,0.0,0.0
2022-06-14 00:00:00+02:00,8.293604908819436,8.5400816661661,8.19368263167447,8.526759147644043,144435,0.0,0.0,0.0
2022-06-15 00:00:00+02:00,8.52675891227245,8.626681186659173,8.453481674194336,8.453481674194336,35159,0.0,0.0,0.0
2022-06-16 00:00:00+02:00,8.45348154431387,8.526758781266144,8.326912541448442,8.380205154418945,51999,0.0,0.0,0.0
2022-06-19 00:00:00+02:00,8.38020606849826,8.460143726087272,8.160375180720516,8.24697494506836,81514,0.0,0.0,0.0
2022-06-20 00:00:00+02:00,8.24697379386301,8.39352741623809,8.140389418231798,8.20700454711914,88554,0.0,0.0,0.0
2022-06-21 00:00:00+02:00,8.207005092752283,8.433497223673166,8.100420710034934,8.293604850769043,137471,0.0,0.0,0.0
2022-06-22 00:00:00+02:00,8.293603982048534,8.420172976208896,8.233650961283974,8.360219955444336,41110,0.0,0.0,0.0
2022-06-23 00:00:00+02:00,8.360221252215064,8.360221252215064,8.160374995143679,8.306928634643555,226286,0.0,0.0,0.0
2022-06-26 00:00:00+02:00,8.306928005954736,8.520096765992795,8.29360464080585,8.420173645019531,378946,0.0,0.0,0.0
2022-06-27 00:00:00+02:00,8.420175091933006,8.460144347190582,8.246975550521835,8.300268173217773,295425,0.0,0.0,0.0
2022-06-28 00:00:00+02:00,8.300268256658462,8.386868028234614,7.867268551720192,8.06711483001709,575814,0.0,0.0,0.0
2022-06-29 00:00:00+02:00,8.0671138313754,8.253635871952612,7.893913462606354,7.933882713317871,343619,0.0,0.0,0.0
2022-07-03 00:00:00+02:00,7.93388257846003,7.960528462795654,7.560836809531721,7.760683059692383,365521,0.0,0.0,0.0
2022-07-04 00:00:00+02:00,7.760683531130054,7.840622036050338,7.38763773954036,7.560837268829346,128898,0.0,0.0,0.0
2022-07-05 00:00:00+02:00,7.560836838710028,7.760683089641923,7.467575819646739,7.69406795501709,78350,0.0,0.0,0.0
2022-07-06 00:00:00+02:00,7.694067983580281,7.813974887527163,7.567498973206008,7.747359752655029,188649,0.0,0.0,0.0
2022-07-07 00:00:00+02:00,7.74736069797094,8.040468004818555,7.6940689223936465,7.947206974029541,220281,0.0,0.0,0.0
2022-07-17 00:00:00+02:00,7.947205715623823,7.9272210911824414,7.7273748467686305,7.787328720092773,72097,0.0,0.0,0.0
2022-07-18 00:00:00+02:00,7.7873295198600925,8.027145037785983,7.774006153178392,7.88059139251709,191337,0.0,0.0,0.0
2022-07-19 00:00:00+02:00,7.880590817732055,8.060451596000552,7.7939902112035515,7.980513095855713,126597,0.0,0.0,0.0
2022-07-20 00:00:00+02:00,7.980513046551819,8.226989804789866,7.920559171813586,8.093759536743164,273534,0.0,0.0,0.0
2022-07-21 00:00:00+02:00,8.093759858472357,8.460143533693335,8.027144721801037,8.306928634643555,527929,0.0,0.0,0.0
2022-07-24 00:00:00+02:00,8.306928059993604,8.35355856773202,8.213667044516772,8.286943435668945,298826,0.0,0.0,0.0
2022-07-25 00:00:00+02:00,8.286943305898244,8.326912553921655,8.173697667870142,8.213666915893555,110415,0.0,0.0,0.0
2022-07-26 00:00:00+02:00,8.213666652948,8.306927663978813,8.133728159460262,8.20700454711914,203698,0.0,0.0,0.0
2022-07-27 00:00:00+02:00,8.207005692745133,8.493451718709109,8.12706718809868,8.24697494506836,326082,0.0,0.0,0.0
2022-07-28 00:00:00+02:00,8.246973478317303,8.41351171769223,8.21366633867669,8.360219955444336,160226,0.0,0.0,0.0
2022-07-31 00:00:00+02:00,8.360221225890033,8.593374627034205,8.306928608486334,8.473466873168945,303634,0.0,0.0,0.0
2022-08-01 00:00:00+02:00,8.473466899850568,8.593374654093399,8.260298123679371,8.306928634643555,180251,0.0,0.0,0.0
2022-08-02 00:00:00+02:00,8.306928083928968,8.526758952133623,8.266958835164484,8.48678970336914,118726,0.0,0.0,0.0
2022-08-03 00:00:00+02:00,8.486789897963103,8.633343531107421,8.426836023441695,8.526759147644043,142193,0.0,0.0,0.0
2022-08-04 00:00:00+02:00,8.52675925198207,8.859835772027347,8.426836126557006,8.766573905944824,292393,0.0,0.0,0.0
2022-08-07 00:00:00+02:00,8.766573901484076,9.259527421958621,8.546743872718192,9.13295841217041,461323,0.0,0.0,0.0
2022-08-08 00:00:00+02:00,9.132958537041096,9.592604072989623,9.126296430553465,9.2062349319458,562315,0.0,0.0,0.0
2022-08-09 00:00:00+02:00,9.206235222976145,9.259527841274874,8.879820794715267,9.046359062194824,229086,0.0,0.0,0.0
2022-08-10 00:00:00+02:00,9.046358992689767,9.565958417116091,9.026374366863468,9.079666137695312,199329,0.0,0.0,0.0
2022-08-11 00:00:00+02:00,9.07966576678621,9.259527391875451,9.03303525744887,9.199573516845703,180957,0.0,0.0,0.0
2022-08-14 00:00:00+02:00,9.199573665333084,9.439388322265453,9.059681288005715,9.106311798095703,259301,0.0,0.0,0.0
2022-08-15 00:00:00+02:00,9.106312633564952,9.326143532390887,8.993066977662641,9.033036231994629,460599,0.0,0.0,0.0
2022-08-16 00:00:00+02:00,9.033035763747185,9.825757855143303,9.132958894397417,9.652558326721191,688510,0.0,0.0,0.0
2022-08-17 00:00:00+02:00,9.652557497239387,10.391986906394191,9.792449021070853,9.992295265197754,577793,0.0,0.0,0.0
2022-08-18 00:00:00+02:00,9.992295265197754,9.992295265197754,9.992295265197754,9.992295265197754,0,0.0,0.0,0.0
2022-08-21 00:00:00+02:00,9.939002923443706,10.19214178862718,9.659219021056293,9.73249626159668,479989,0.0,0.0,0.0
2022-08-22 00:00:00+02:00,9.73249634897513,9.839080734034747,9.685864992277414,9.772464752197266,212387,0.0,0.0,0.0
2022-08-23 00:00:00+02:00,9.772464752197266,9.772464752197266,9.772464752197266,9.772464752197266,0,0.0,0.0,0.0
2022-08-24 00:00:00+02:00,9.81243410236653,10.072234231828219,9.645895840192273,9.672542572021484,524382,0.0,0.0,0.0
2022-08-25 00:00:00+02:00,9.67254215348507,9.972310673604614,9.592603655571226,9.659218788146973,924378,0.0,0.0,0.0
2022-08-28 00:00:00+02:00,9.659219160489538,9.785788171379636,9.46603501445582,9.539311408996582,324301,0.0,0.0,0.0
2022-08-29 00:00:00+02:00,9.539311282792514,9.659219032699104,9.17292762082112,9.466034889221191,593587,0.0,0.0,0.0
2022-08-30 00:00:00+02:00,9.466035686644844,9.525989566648684,9.219558906759321,9.259528160095215,381247,0.0,0.0,0.0
2022-08-31 00:00:00+02:00,9.259526943698926,9.326142074821899,9.05968070327266,9.252864837646484,493733,0.0,0.0,0.0
2022-09-01 00:00:00+02:00,9.252865017022074,9.552634383472789,9.132958117499156,9.459372520446777,440947,0.0,0.0,0.0
2022-09-04 00:00:00+02:00,9.45937215164237,9.552634011032263,9.259526762190882,9.31281852722168,328850,0.0,0.0,0.0
2022-09-05 00:00:00+02:00,9.312818890312217,9.492680510182646,9.259527123203668,9.459372520446777,187883,0.0,0.0,0.0
2022-09-06 00:00:00+02:00,9.459372782854787,9.605926417054823,9.366111764299033,9.466034889221191,177338,0.0,0.0,0.0
2022-09-07 00:00:00+02:00,9.466034626628371,9.619249515887159,9.406080753338228,9.459372520446777,451631,0.0,0.0,0.0
2022-09-08 00:00:00+02:00,9.459373699838652,9.765804363619276,9.426066553007425,9.5326509475708,396846,0.0,0.0,0.0
2022-09-11 00:00:00+02:00,9.532651065762986,9.845742993380284,9.559296952969834,9.605927467346191,405969,0.0,0.0,0.0
2022-09-12 00:00:00+02:00,9.60592719091277,9.725834950479184,9.399420512180555,9.426066398620605,514091,0.0,0.0,0.0
2022-09-13 00:00:00+02:00,9.426065856210698,9.472696366561863,9.299496844081874,9.339466094970703,220691,0.0,0.0,0.0
2022-09-14 00:00:00+02:00,9.33946531249202,9.525988185326836,9.166264957465687,9.446049690246582,366289,0.0,0.0,0.0
2022-09-15 00:00:00+02:00,9.446050041443526,9.592603672186968,9.31948103521316,9.492680549621582,455911,0.0,0.0,0.0
2022-09-18 00:00:00+02:00,9.492680140079617,9.659218388151189,9.19291163237372,9.31281852722168,680157,0.0,0.0,0.0
2022-09-19 00:00:00+02:00,9.312819110629395,9.625911002735506,8.86649695054266,9.432726860046387,306494,0.0,0.0,0.0
2022-09-20 00:00:00+02:00,9.432727208610785,9.559296221986655,9.206235067028329,9.479357719421387,192162,0.0,0.0,0.0
2022-09-21 00:00:00+02:00,9.479357167840826,9.792449053298467,9.499341792319287,9.659218788146973,759013,0.0,0.0,0.0
2022-09-22 00:00:00+02:00,9.659218943999226,9.7924492113004,9.592603810348638,9.66588020324707,249085,0.0,0.0,0.0
2022-09-25 00:00:00+02:00,9.665881564904137,10.105542525403017,9.792450590787563,9.879051208496094,1128401,0.0,0.0,0.0
2022-09-26 00:00:00+02:00,9.879049984314278,9.985634369373892,9.692527098695601,9.772464752197266,486449,0.0,0.0,0.0
2022-09-27 00:00:00+02:00,9.772464976910138,9.919018615619212,9.659219329885707,9.745819091796875,309183,0.0,0.0,0.0
2022-09-28 00:00:00+02:00,9.74581854520118,9.825757043115024,9.559295665754668,9.659218788146973,281639,0.0,0.0,0.0
2022-09-29 00:00:00+02:00,9.659218943999226,9.785787952052557,9.625910953645242,9.66588020324707,164987,0.0,0.0,0.0
2022-10-02 00:00:00+02:00,9.665881229010653,9.659219969055902,9.492681693727352,9.5326509475708,229211,0.0,0.0,0.0
2022-10-03 00:00:00+02:00,9.5326500234835,9.592603898436796,9.41274227357691,9.466034889221191,130477,0.0,0.0,0.0
2022-10-04 00:00:00+02:00,9.466035059160813,9.712511822707897,9.466035059160813,9.672542572021484,122158,0.0,0.0,0.0
2022-10-05 00:00:00+02:00,9.672542309552297,9.759142068003797,9.585941704043412,9.66588020324707,194770,0.0,0.0,0.0
2022-10-09 00:00:00+02:00,9.665879653119902,9.779126136232195,9.332803156766412,9.579279899597168,154558,0.0,0.0,0.0
2022-10-10 00:00:00+02:00,9.579280149344406,9.792448909274531,9.326142141045212,9.486019134521484,542922,0.0,0.0,0.0
2022-10-11 00:00:00+02:00,9.48601986332209,9.592604251475915,9.326142857562642,9.512665748596191,560769,0.0,0.0,0.0
2022-10-12 00:00:00+02:00,9.512665516685603,9.55263476715105,9.379435246505714,9.439388275146484,117402,0.0,0.0,0.0
2022-10-13 00:00:00+02:00,9.439387700187321,9.446049806230702,9.392757193170395,9.419403076171875,77881,0.0,0.0,0.0
2022-10-16 00:00:00+02:00,9.419404033463888,9.585942301498743,9.459373285556849,9.519327163696289,43110,0.0,0.0,0.0
2022-10-17 00:00:00+02:00,9.519326950690596,9.79244960250944,9.525989057261974,9.745819091796875,319657,0.0,0.0,0.0
2022-10-18 00:00:00+02:00,9.74581852889229,9.859065016433181,9.772464412466526,9.825757026672363,295871,0.0,0.0,0.0
2022-10-19 00:00:00+02:00,9.825757755197191,10.052249900014731,9.799111869647314,9.85240364074707,441461,0.0,0.0,0.0
2022-10-20 00:00:00+02:00,9.852403902663838,9.992296287870106,9.772465396831684,9.859066009521484,285489,0.0,0.0,0.0
2022-10-23 00:00:00+02:00,10.203788585005805,10.059004857833434,9.824593401303115,9.859066009521484,242117,0.375,0.0,0.0
2022-10-24 00:00:00+02:00,9.859065556201223,9.879748944846252,9.693598447040984,9.755648612976074,136673,0.0,0.0,0.0
2022-10-25 00:00:00+02:00,9.755648553994314,9.852170449304356,9.652231611394415,9.762542724609375,248857,0.0,0.0,0.0
2022-10-26 00:00:00+02:00,9.762542724609375,9.762542724609375,9.762542724609375,9.762542724609375,0,0.0,0.0,0.0
2022-10-27 00:00:00+02:00,10.100371869834385,11.644728447461942,10.141738649979976,10.569194793701172,1069731,0.0,0.0,0.0
2022-10-30 00:00:00+02:00,10.569193580219512,10.686398859392076,10.362359703238791,10.424409866333008,369006,0.0,0.0,0.0
2022-10-31 00:00:00+02:00,10.424411282917598,10.858761606926684,10.307205111142995,10.707083702087402,400938,0.0,0.0,0.0
2022-11-01 00:00:00+02:00,10.707083744431818,10.893234259746851,10.603666791479023,10.693294525146484,229561,0.0,0.0,0.0
2022-11-02 00:00:00+02:00,10.693293873741268,11.031122273915889,10.589877803763173,10.631243705749512,295562,0.0,0.0,0.0
2022-11-03 00:00:00+02:00,10.631243329193541,10.686399324346436,10.314099206257504,10.527827262878418,79003,0.0,0.0,0.0
2022-11-06 00:00:00+02:00,10.527827666142558,10.576088615828207,10.341677161630273,10.445094108581543,63527,0.0,0.0,0.0
2022-11-07 00:00:00+02:00,10.445093492866677,10.755343438757112,10.47956522203518,10.562298774719238,100881,0.0,0.0,0.0
2022-11-08 00:00:00+02:00,10.562299439408994,10.85876106295839,10.341677202817515,10.431304931640625,209118,0.0,0.0,0.0
2022-11-09 00:00:00+02:00,10.431304021495038,10.6726096265049,10.38993724615909,10.610559463500977,103614,0.0,0.0,0.0
2022-11-10 00:00:00+02:00,10.610559737898255,10.824287790436244,10.410620903053768,10.762238502502441,302706,0.0,0.0,0.0
2022-11-13 00:00:00+02:00,10.762239163659835,11.086278347628221,10.755344116052107,10.996649742126465,219190,0.0,0.0,0.0
2022-11-14 00:00:00+02:00,10.99664924731596,11.196588962121558,10.824287968350664,10.907021522521973,272477,0.0,0.0,0.0
2022-11-15 00:00:00+02:00,10.907022044998826,10.872550313559355,10.755344147310563,10.810500144958496,132950,0.0,0.0,0.0
2022-11-16 00:00:00+02:00,10.810500394282672,11.306900877863262,10.755344395362668,11.127644538879395,206295,0.0,0.0,0.0
2022-11-17 00:00:00+02:00,11.127643677464107,11.651622558279776,11.17590550153613,11.493049621582031,364661,0.0,0.0,0.0
2022-11-20 00:00:00+02:00,11.49305025784027,12.051500899137876,11.486156086880372,11.74814510345459,306757,0.0,0.0,0.0
2022-11-21 00:00:00+02:00,11.74814414856472,11.920505421951363,11.534416099431299,11.555099487304688,283149,0.0,0.0,0.0
2022-11-22 00:00:00+02:00,11.555100353383112,11.582678790397871,11.375844896161366,11.382739067077637,82633,0.0,0.0,0.0
2022-11-23 00:00:00+02:00,11.382739126396535,11.486156074053724,11.375844955444336,11.375844955444336,72747,0.0,0.0,0.0
2022-11-24 00:00:00+02:00,11.375843906265104,11.672305503315167,11.34137130133379,11.589571952819824,199987,0.0,0.0,0.0
2022-11-27 00:00:00+02:00,11.589573412031186,12.223862584565833,11.51373402230347,12.058396339416504,335074,0.0,0.0,0.0
2022-11-28 00:00:00+02:00,12.058395227081208,12.23765067473863,12.058395227081208,12.085972785949707,114527,0.0,0.0,0.0
2022-11-29 00:00:00+02:00,12.085972837345345,12.609950841448974,12.065289448937317,12.465167999267578,196517,0.0,0.0,0.0
2022-11-30 00:00:00+02:00,12.465168140381003,12.60305681354564,12.07218375617966,12.430695533752441,195182,0.0,0.0,0.0
2022-12-01 00:00:00+02:00,12.430695776008735,12.747840782477862,12.210073543975785,12.375539779663086,135926,0.0,0.0,0.0
2022-12-04 00:00:00+02:00,12.375540292578528,12.892624163466348,12.423802120134283,12.84436321258545,200459,0.0,0.0,0.0
2022-12-05 00:00:00+02:00,12.844361412991386,13.375234428326426,12.892622357110552,13.016722679138184,405971,0.0,0.0,0.0
2022-12-06 00:00:00+02:00,13.01672348697603,13.609646700122612,12.768523704191844,13.437285423278809,339431,0.0,0.0,0.0
2022-12-07 00:00:00+02:00,13.437285906373443,13.892319588399388,13.375235739277883,13.719958305358887,313546,0.0,0.0,0.0
2022-12-08 00:00:00+02:00,13.71995794217206,14.133624835183948,13.451073891875716,13.98194694519043,181130,0.0,0.0,0.0
2022-12-11 00:00:00+02:00,13.98194739132656,15.34015427400273,14.06468094790376,15.236738204956055,622411,0.0,0.0,0.0
2022-12-12 00:00:00+02:00,15.23673802059824,15.99512660891354,14.823070242717437,15.843449592590332,358817,0.0,0.0,0.0
2022-12-13 00:00:00+02:00,15.843449615941136,16.133015307534844,15.71934928239399,15.822765350341797,206835,0.0,0.0,0.0
2022-12-14 00:00:00+02:00,15.822764831574109,16.201959990533094,15.691770331571867,15.75382137298584,209545,0.0,0.0,0.0
2022-12-15 00:00:00+02:00,15.75382194837781,16.13301536783687,15.6641942215948,15.815871238708496,277450,0.0,0.0,0.0
2022-12-18 00:00:00+02:00,15.815872028830228,15.926184026800804,14.133625894889557,15.271209716796875,247275,0.0,0.0,0.0
2022-12-19 00:00:00+02:00,15.271209316907322,15.8503442227257,14.61623677740413,15.553882598876953,119699,0.0,0.0,0.0
2022-12-20 00:00:00+02:00,15.553881427635531,15.988231697616946,15.167792103946546,15.395308494567871,132661,0.0,0.0,0.0
2022-12-21 00:00:00+02:00,15.395309454617497,15.995126865491523,15.098847834605648,15.59524917602539,152083,0.0,0.0,0.0
2022-12-22 00:00:00+02:00,15.595248425908336,16.20195997845043,15.167792320251465,15.167792320251465,82635,0.0,0.0,0.0
2022-12-25 00:00:00+02:00,15.167792320251465,15.512514872984452,14.485241385304217,15.167792320251465,188526,0.0,0.0,0.0
2022-12-26 00:00:00+02:00,15.167791986432443,15.836554565623832,14.685180773897681,15.629720687866211,280902,0.0,0.0,0.0
2022-12-27 00:00:00+02:00,15.62972039604269,15.774503231095007,15.064375642960467,15.091952323913574,485287,0.0,0.0,0.0
2022-12-28 00:00:00+02:00,15.091953804042358,15.436676376560545,14.8920158341256,15.195371627807617,408753,0.0,0.0,0.0
2022-12-29 00:00:00+02:00,15.19536990761689,15.54698661124475,15.167791473731565,15.340152740478516,52995,0.0,0.0,0.0
2023-01-02 00:00:00+02:00,15.34015363016426,15.98823196058553,15.174686523954644,15.733137130737305,227606,0.0,0.0,0.0
2023-01-03 00:00:00+02:00,15.733136750070255,15.85034290635783,15.540092966396163,15.629720687866211,37190,0.0,0.0,0.0
2023-01-04 00:00:00+02:00,15.629720868668109,15.7745037080985,14.99543088732389,15.38841438293457,127054,0.0,0.0,0.0
2023-01-05 00:00:00+02:00,15.388415187108054,15.581460736453042,15.029904278345478,15.22294807434082,240793,0.0,0.0,0.0
2023-01-09 00:00:00+02:00,15.222948681729843,15.85723872152892,15.37462745893494,15.498727798461914,149765,0.0,0.0,0.0
2023-01-10 00:00:00+02:00,15.498727147973732,15.505621318766481,14.960959032593864,15.043692588806152,47453,0.0,0.0,0.0
2023-01-11 00:00:00+02:00,15.043692307070158,15.167792639064455,13.237345952513603,14.52660846710205,57630,0.0,0.0,0.0
2023-01-12 00:00:00+02:00,14.52660897114791,14.602448357778623,13.313185798455203,14.423192024230957,87798,0.0,0.0,0.0
2023-01-15 00:00:00+02:00,14.423192591174917,15.340155054315911,14.237042956082101,15.257421493530273,277391,0.0,0.0,0.0
2023-01-16 00:00:00+02:00,15.257420516557682,15.560776302230442,15.167792790337295,15.278104782104492,55126,0.0,0.0,0.0
2023-01-17 00:00:00+02:00,15.278105124790292,15.78829305727685,15.18158147232287,15.567670822143555,82231,0.0,0.0,0.0
2023-01-18 00:00:00+02:00,15.567671509776096,17.201656709463574,15.519410558085506,16.56047248840332,1464327,0.0,0.0,0.0
2023-01-19 00:00:00+02:00,16.560469973134257,17.029292829800145,16.036492001963403,16.298480987548828,1000074,0.0,0.0,0.0
2023-01-22 00:00:00+02:00,16.29848403855758,16.546684730316276,15.995128221969106,16.077861785888672,407955,0.0,0.0,0.0
2023-01-23 00:00:00+02:00,16.077859663375456,16.408793875365554,15.857237439831918,15.919286727905273,596567,0.0,0.0,0.0
2023-01-24 00:00:00+02:00,15.919285811240949,16.133013851952736,15.664192749761856,15.933075904846191,252831,0.0,0.0,0.0
2023-01-25 00:00:00+02:00,15.933078158363378,16.133016133748427,15.719350087422663,15.85723876953125,206503,0.0,0.0,0.0
2023-01-29 00:00:00+02:00,15.857237638724246,16.029598917406034,15.512515081360677,15.712454795837402,81410,0.0,0.0,0.0
2023-01-30 00:00:00+02:00,15.712454098709031,15.926182144925768,15.38841406755644,15.44356918334961,229559,0.0,0.0,0.0
2023-01-31 00:00:00+02:00,15.443569500077132,15.705558497154634,14.499030451843712,15.002325057983398,146186,0.0,0.0,0.0
2023-02-01 00:00:00+02:00,15.002325590731132,15.064376633655355,13.444179893828487,14.51971435546875,73898,0.0,0.0,0.0
2023-02-02 00:00:00+02:00,14.519714002093734,14.802387267019753,14.133624672610393,14.202569007873535,113039,0.0,0.0,0.0
2023-02-05 00:00:00+02:00,14.202568649097492,14.409402526336804,13.788901771293636,14.078468322753906,170835,0.0,0.0,0.0
2023-02-06 00:00:00+02:00,14.078469449338462,14.450770458161418,13.788902874706551,13.857847213745117,93411,0.0,0.0,0.0
2023-02-07 00:00:00+02:00,13.85784764432272,15.091954244484965,13.795797474257597,14.72654914855957,75909,0.0,0.0,0.0
2023-02-08 00:00:00+02:00,14.726547738546587,15.091952799485787,14.581764022257145,14.623130798339844,48130,0.0,0.0,0.0
2023-02-09 00:00:00+02:00,14.623130337540982,15.167791703233622,14.478346625813913,15.091952323913574,55885,0.0,0.0,0.0
2023-02-12 00:00:00+02:00,15.091953537705045,15.546988096872626,14.829964527482684,15.043692588806152,45367,0.0,0.0,0.0
2023-02-13 00:00:00+02:00,15.043691437340403,15.443569092859486,14.98164215160535,15.085058212280273,68865,0.0,0.0,0.0
2023-02-14 00:00:00+02:00,15.085059281902796,16.201960531124907,14.843752785418529,16.022705078125,145885,0.0,0.0,0.0
2023-02-15 00:00:00+02:00,16.02270597430414,16.339850120169384,15.65040495262342,15.829660415649414,87559,0.0,0.0,0.0
2023-02-16 00:00:00+02:00,15.829659084197555,15.988232020467278,15.512514965007691,15.726243019104004,134858,0.0,0.0,0.0
2023-02-19 00:00:00+02:00,15.726242937540787,15.91928672560743,15.167792331562898,15.75382137298584,204097,0.0,0.0,0.0
2023-02-20 00:00:00+02:00,15.75382137991237,16.20195999765666,15.374626220786661,15.533197402954102,137903,0.0,0.0,0.0
2023-02-21 00:00:00+02:00,15.533197384540637,15.788292213831014,15.036797820346912,15.167792320251465,111105,0.0,0.0,0.0
2023-02-22 00:00:00+02:00,15.167792203867668,15.436675372132338,14.623130820197723,14.795491218566895,30147,0.0,0.0,0.0
2023-02-23 00:00:00+02:00,14.795492036642841,15.319471814562098,14.478347904232201,15.02990436553955,26378,0.0,0.0,0.0
2023-02-26 00:00:00+02:00,15.02990428578222,15.71245524960996,14.761021104077244,15.422887802124023,63682,0.0,0.0,0.0
2023-02-27 00:00:00+02:00,15.422888893508196,16.201961810511627,15.574565922120042,15.588356018066406,87709,0.0,0.0,0.0
2023-02-28 00:00:00+02:00,15.588355116934764,15.85723830212337,15.305681836596971,15.746926307678223,150329,0.0,0.0,0.0
2023-03-01 00:00:00+02:00,15.746925059040564,16.201959589189467,15.588353880870859,16.00201988220215,142867,0.0,0.0,0.0
2023-03-02 00:00:00+02:00,16.00201994094725,16.374320921526742,15.864131273330615,15.995125770568848,50635,0.0,0.0,0.0
2023-03-05 00:00:00+02:00,15.995127249178191,16.33295565574542,15.857238568814957,16.09854507446289,76954,0.0,0.0,0.0
2023-03-06 00:00:00+02:00,16.098543260213457,16.32605964483998,15.857236781759921,15.884815216064453,77443,0.0,0.0,0.0
2023-03-07 00:00:00+02:00,15.884815970141412,16.133014877266596,15.23673763669035,15.926182746887207,77527,0.0,0.0,0.0
2023-03-08 00:00:00+02:00,15.926183078267126,16.06407175250566,15.415993405569878,15.65040397644043,29894,0.0,0.0,0.0
2023-03-09 00:00:00+02:00,15.650404045129415,15.988232438173798,15.305681481345287,15.843449592590332,98203,0.0,0.0,0.0
2023-03-12 00:00:00+02:00,15.843449755057227,16.029599380337647,15.422887802124023,15.422887802124023,36877,0.0,0.0,0.0
2023-03-13 00:00:00+02:00,15.42288626112716,15.850342342160998,14.478346380779762,15.140213012695312,77806,0.0,0.0,0.0
2023-03-14 00:00:00+02:00,15.140213012695312,15.229840730975038,14.547290712019956,15.140213012695312,12077,0.0,0.0,0.0
2023-03-15 00:00:00+02:00,15.140214034726647,15.546987632854702,12.237650743183146,13.609646797180176,67249,0.0,0.0,0.0
2023-03-16 00:00:00+02:00,13.609647428065951,13.788902885035466,12.079079242894009,13.099457740783691,55521,0.0,0.0,0.0
2023-03-19 00:00:00+02:00,13.099457480827494,14.174991954650475,12.968462976153205,13.14771842956543,32805,0.0,0.0,0.0
2023-03-20 00:00:00+02:00,13.147718200526105,14.767914930480575,13.120140641252673,14.154308319091797,63958,0.0,0.0,0.0
2023-03-21 00:00:00+02:00,14.154307668875672,14.823069368089948,13.802690955098765,14.478346824645996,45213,0.0,0.0,0.0
2023-03-22 00:00:00+02:00,14.478346918389104,14.767914347694756,13.540701173346681,13.87852954864502,110783,0.0,0.0,0.0
2023-03-23 00:00:00+02:00,13.878530689646436,15.698665459650961,13.79579713161444,14.595553398132324,36391,0.0,0.0,0.0
2023-03-26 00:00:00+02:00,14.595551882169012,15.684875488656555,14.616235269528737,15.11263656616211,66911,0.0,0.0,0.0
2023-03-27 00:00:00+02:00,15.11263690440651,15.44356935621938,14.788596869626732,15.036797523498535,26187,0.0,0.0,0.0
2023-03-28 00:00:00+02:00,15.036797243488511,15.23673694760918,13.795795750588525,14.88511848449707,34241,0.0,0.0,0.0
2023-03-29 00:00:00+02:00,14.885120077651786,15.47804332987063,14.478348208968905,14.574870109558105,82479,0.0,0.0,0.0
2023-03-30 00:00:00+02:00,14.574869523313348,15.160898580968222,14.085364115714896,14.312880516052246,53991,0.0,0.0,0.0
2023-04-02 00:00:00+02:00,14.312880380757534,14.636919551413467,13.788902371188316,14.154308319091797,73819,0.0,0.0,0.0
2023-04-03 00:00:00+02:00,14.154308378136912,14.478347550144585,14.133624989426856,14.147414207458496,82686,0.0,0.0,0.0
2023-04-04 00:00:00+02:00,14.147413853252235,14.443874581774194,13.788902083478863,13.830268859863281,257526,0.0,0.0,0.0
2023-04-05 00:00:00+02:00,13.830269148435864,14.443874883149839,13.554490925677138,14.154308319091797,269350,0.0,0.0,0.0
2023-04-06 00:00:00+02:00,14.1543086727806,14.271513960127521,13.685485770043266,13.885424613952637,161942,0.0,0.0,0.0
2023-04-09 00:00:00+02:00,13.88542381799847,14.264618971614821,13.582068045775301,13.664801597595215,101101,0.0,0.0,0.0
2023-04-10 00:00:00+02:00,13.664801919333431,13.899213362784156,13.25802919775789,13.41660213470459,141801,0.0,0.0,0.0
2023-04-11 00:00:00+02:00,13.416602275846985,13.651013721763713,13.306291161887607,13.382129669189453,133842,0.0,0.0,0.0
2023-04-12 00:00:00+02:00,13.382129981521278,13.719958378620534,12.961568904527653,13.127035140991211,283311,0.0,0.0,0.0
2023-04-13 00:00:00+02:00,13.127035031576977,13.651013926589535,13.099457471842047,13.340763092041016,156150,0.0,0.0,0.0
2023-04-18 00:00:00+02:00,13.340762787655708,13.913002618316765,13.223557503950323,13.595857620239258,80085,0.0,0.0,0.0
2023-04-19 00:00:00+02:00,13.595857846305487,14.030208135310573,13.568280286741224,13.926791191101074,81961,0.0,0.0,0.0
2023-04-26 00:00:00+02:00,13.926790690810256,14.740336120466985,13.623434916476354,14.609341621398926,246301,0.0,0.0,0.0
2023-04-27 00:00:00+02:00,14.609341540543529,15.133319533915808,14.47834704220046,15.023009300231934,381347,0.0,0.0,0.0
2023-04-30 00:00:00+03:00,15.023009588643482,15.271208495871893,14.547291655868989,14.567975044250488,221382,0.0,0.0,0.0
2023-05-01 00:00:00+03:00,14.567975044250488,14.567975044250488,14.567975044250488,14.567975044250488,0,0.0,0.0,0.0
2023-05-02 00:00:00+03:00,14.209464456291771,14.409403297202807,13.871636064286202,14.11983585357666,100549,0.0,0.0,0.0
2023-05-03 00:00:00+03:00,14.119835753467084,14.305986251621231,13.995736298039127,14.140519142150879,73918,0.0,0.0,0.0
2023-05-07 00:00:00+03:00,14.140518764453622,14.457663756909163,13.71995770801619,13.8440580368042,113491,0.0,0.0,0.0
2023-05-08 00:00:00+03:00,13.844058522293023,14.230146986492805,13.754429919464254,14.126730918884277,177107,0.0,0.0,0.0
2023-05-09 00:00:00+03:00,14.126730504371558,14.264619174920146,13.857846457124587,14.00952434539795,106323,0.0,0.0,0.0
2023-05-10 00:00:00+03:00,14.009524829414982,14.305986445679206,13.83716354693692,14.292197227478027,140118,0.0,0.0,0.0
2023-05-11 00:00:00+03:00,14.292196388894544,14.443874273508664,14.00952400741708,14.085363388061523,133199,0.0,0.0,0.0
2023-05-14 00:00:00+03:00,14.085363329364883,14.292196329335987,13.857846065054432,14.092257499694824,55709,0.0,0.0,0.0
2023-05-15 00:00:00+03:00,14.092258020996884,14.202569133730396,13.706168688092191,13.802691459655762,152211,0.0,0.0,0.0
2023-05-16 00:00:00+03:00,13.802692016326386,13.961264082899591,13.375235889322722,13.492441177368164,63091,0.0,0.0,0.0
2023-05-17 00:00:00+03:00,13.492440729053977,13.719958003396943,12.99604027988958,13.195979118347168,99991,0.0,0.0,0.0
2023-05-18 00:00:00+03:00,13.195979964253212,13.575175153574223,12.754735481899537,12.84436321258545,75759,0.0,0.0,0.0
2023-05-21 00:00:00+03:00,12.84436272023123,13.402813349517354,12.50653432366498,12.754734992980957,75887,0.0,0.0,0.0
2023-05-22 00:00:00+03:00,12.754734951668487,13.423496695148437,12.747840780879203,12.768524169921875,97721,0.0,0.0,0.0
2023-05-23 00:00:00+03:00,12.76852361323303,12.996040006108217,12.534112173194355,12.87883472442627,66330,0.0,0.0,0.0
2023-05-24 00:00:00+03:00,12.87883401689064,13.306290097202654,12.837467242881429,13.016722679138184,69850,0.0,0.0,0.0
2023-05-25 00:00:00+03:00,13.016723529739846,13.50622980305336,12.920201635194111,13.230451583862305,129638,0.0,0.0,0.0
2023-05-28 00:00:00+03:00,13.230451247212649,13.568279622876238,13.064984144573378,13.499335289001465,164885,0.0,0.0,0.0
2023-05-29 00:00:00+03:00,13.49933600679697,13.954369686575545,13.4441800107595,13.919897079467773,167046,0.0,0.0,0.0
2023-05-30 00:00:00+03:00,13.919897190166273,13.99573657573656,13.375235779585832,13.706169128417969,49659,0.0,0.0,0.0
2023-05-31 00:00:00+03:00,13.706168233466647,13.97505227413413,13.582067907004733,13.699274063110352,116330,0.0,0.0,0.0
2023-06-01 00:00:00+03:00,13.699274604031892,13.961263608013057,13.575174272669825,13.58206844329834,89381,0.0,0.0,0.0
2023-06-04 00:00:00+03:00,13.582068005474378,13.788901884410445,13.51312367138728,13.678590774536133,82366,0.0,0.0,0.0
2023-06-05 00:00:00+03:00,13.67859182912448,13.788902947503527,13.602752442109287,13.65790843963623,88575,0.0,0.0,0.0
2023-06-06 00:00:00+03:00,13.657908495955102,13.706169446068408,13.423497039679956,13.451074600219727,78743,0.0,0.0,0.0
2023-06-07 00:00:00+03:00,13.451074441198742,13.671697552933178,13.03051336040855,13.11324691772461,143149,0.0,0.0,0.0
2023-06-08 00:00:00+03:00,13.113246104570356,13.278712332267059,12.823678671920266,12.88572883605957,92653,0.0,0.0,0.0
2023-06-11 00:00:00+03:00,12.885729529368882,13.07188003180252,12.685790685278935,12.933990478515625,96179,0.0,0.0,0.0
2023-06-12 00:00:00+03:00,12.93399072714732,12.906413166629745,12.513429641723633,12.513429641723633,169166,0.0,0.0,0.0
2023-06-13 00:00:00+03:00,12.51342829920862,13.051195493318113,12.547900026988547,12.789206504821777,119561,0.0,0.0,0.0
2023-06-14 00:00:00+03:00,12.789207092480092,13.444179593816628,12.844362210132228,13.437285423278809,412039,0.0,0.0,0.0
2023-06-15 00:00:00+03:00,13.437284758788287,13.616540197305504,13.099456392344536,13.18218994140625,187098,0.0,0.0,0.0
2023-06-18 00:00:00+03:00,13.182191137595614,13.506230316375063,13.106351751848914,13.127035140991211,179439,0.0,0.0,0.0
2023-06-19 00:00:00+03:00,13.127034202445614,13.299395474083147,12.871939380154103,12.940884590148926,90459,0.0,0.0,0.0
2023-06-20 00:00:00+03:00,12.94088617517096,13.120141639093589,12.89262434692844,12.996041297912598,51031,0.0,0.0,0.0
2023-06-21 00:00:00+03:00,12.996039501525583,13.195978328008355,12.768523117483921,12.789206504821777,182313,0.0,0.0,0.0
2023-06-22 00:00:00+03:00,12.789207600388673,12.961568884077604,12.713368214761626,12.754734992980957,102258,0.0,0.0,0.0
2023-06-25 00:00:00+03:00,12.754734278645627,13.06498422124007,12.637528998038217,12.699578285217285,76449,0.0,0.0,0.0
2023-06-26 00:00:00+03:00,12.69957922509322,12.927096509395511,12.720262614575248,12.892623901367188,85962,0.0,0.0,0.0
2023-07-04 00:00:00+03:00,12.89262271334456,13.34076219304365,12.927095318196319,13.140823364257812,163958,0.0,0.0,0.0
2023-07-05 00:00:00+03:00,13.140823206918974,13.29250108843607,13.09945643226206,13.168400764465332,83341,0.0,0.0,0.0
2023-07-06 00:00:00+03:00,13.168402038152093,13.292502374126183,12.961569021536777,13.11324691772461,54305,0.0,0.0,0.0
2023-07-09 00:00:00+03:00,13.11324665046846,13.099457432305204,12.341067966822498,12.403118133544922,93487,0.0,0.0,0.0
2023-07-10 00:00:00+03:00,12.403117231303407,12.885728435138077,12.341067069094706,12.77541732788086,88551,0.0,0.0,0.0
2023-07-11 00:00:00+03:00,12.775417765713668,12.927095652974916,12.58926727270791,12.871939659118652,68849,0.0,0.0,0.0
2023-07-12 00:00:00+03:00,12.871939258544813,13.030512188025053,12.720261376003771,12.761628150939941,64115,0.0,0.0,0.0
2023-07-13 00:00:00+03:00,12.761628150939941,12.823678313344198,12.65131704333507,12.761628150939941,33403,0.0,0.0,0.0
2023-07-16 00:00:00+03:00,12.761628929024068,12.94088525690176,12.616846084594727,12.616846084594727,132334,0.0,0.0,0.0
2023-07-17 00:00:00+03:00,12.61684626765684,12.76852416164652,12.520323493295324,12.568584442138672,130797,0.0,0.0,0.0
2023-07-18 00:00:00+03:00,12.568583251475834,12.754733735104589,12.547899864405972,12.623739242553711,94505,0.0,0.0,0.0
2023-07-19 00:00:00+03:00,12.623739242553711,12.623739242553711,12.623739242553711,12.623739242553711,0,0.0,0.0,0.0
2023-07-24 00:00:00+03:00,12.920201400981748,13.168401180082075,12.865045407473465,12.899518013000488,146163,0.0,0.0,0.0
2023-07-25 00:00:00+03:00,12.899518454537366,13.064984687376393,12.782312293073467,12.802995681762695,54958,0.0,0.0,0.0
2023-07-26 00:00:00+03:00,12.802995890964015,13.09945750812889,12.685790604259783,12.961568832397461,209550,0.0,0.0,0.0
2023-07-27 00:00:00+03:00,12.961568278299026,13.092562777646402,12.651317456154098,12.685790061950684,321682,0.0,0.0,0.0
2023-07-30 00:00:00+03:00,12.685789444001086,12.851255664410083,12.561689121188284,12.609950065612793,245829,0.0,0.0,0.0
2023-07-31 00:00:00+03:00,12.609950025615557,12.747839564972882,12.609950025615557,12.623739242553711,63226,0.0,0.0,0.0
2023-08-01 00:00:00+03:00,12.623739242553711,12.699577744026712,12.547899864405972,12.623739242553711,61254,0.0,0.0,0.0
2023-08-02 00:00:00+03:00,12.623739839817446,12.754734338566035,12.210072955523234,12.306594848632812,406786,0.0,0.0,0.0
2023-08-03 00:00:00+03:00,12.306595469566783,12.403118244221234,12.134234186024742,12.189390182495117,180457,0.0,0.0,0.0
2023-08-06 00:00:00+03:00,12.189389923313211,12.375539544508646,12.134233928015613,12.237650871276855,190022,0.0,0.0,0.0
2023-08-07 00:00:00+03:00,12.237651521420572,12.43069620020575,12.203178912943814,12.299701690673828,217809,0.0,0.0,0.0
2023-08-08 00:00:00+03:00,12.299701589666817,12.465168706316657,12.285912371054383,12.320384979248047,74145,0.0,0.0,0.0
2023-08-09 00:00:00+03:00,12.320384181900614,12.637529176062953,12.28591157593794,12.485851287841797,288703,0.0,0.0,0.0
2023-08-10 00:00:00+03:00,12.485851028843182,12.547900315609228,12.327278096713956,12.34106731414795,131725,0.0,0.0,0.0
2023-08-13 00:00:00+03:00,12.341067613370582,12.520323060984888,12.258334060110197,12.279017448425293,121613,0.0,0.0,0.0
2023-08-14 00:00:00+03:00,12.279017152444572,12.713367419916962,12.299700540261103,12.534111976623535,245155,0.0,0.0,0.0
2023-08-15 00:00:00+03:00,12.534112619646423,12.616846175156931,12.341067949013508,12.396223068237305,313210,0.0,0.0,0.0
2023-08-16 00:00:00+03:00,12.39622327592853,12.589267949795792,12.306595548182093,12.55479621887207,335283,0.0,0.0,0.0
2023-08-17 00:00:00+03:00,12.554796026641462,12.658212971178836,12.361751355729972,12.403118133544922,189473,0.0,0.0,0.0
2023-08-20 00:00:00+03:00,12.403117933545447,12.609950942610208,12.375539497663638,12.44448471069336,72387,0.0,0.0,0.0
2023-08-21 00:00:00+03:00,12.444484336051184,12.878834606353314,12.410011730574123,12.699578285217285,423163,0.0,0.0,0.0
2023-08-22 00:00:00+03:00,12.6995781898713,13.264923830736889,12.75473418288554,13.106350898742676,740997,0.0,0.0,0.0
2023-08-23 00:00:00+03:00,13.106351416926834,13.264924355190525,12.933990137370513,13.0098295211792,254361,0.0,0.0,0.0
2023-08-24 00:00:00+03:00,13.00982962137803,13.202874291034892,12.871940070666096,12.98914623260498,151641,0.0,0.0,0.0
2023-08-27 00:00:00+03:00,12.989145815332774,13.582068146654741,12.913306433376306,13.258028984069824,285433,0.0,0.0,0.0
2023-08-28 00:00:00+03:00,13.258028276408753,13.506228920464013,12.982250951913665,13.016722679138184,144190,0.0,0.0,0.0
2023-08-29 00:00:00+03:00,13.016723884071757,13.354552277527532,13.058090661910212,13.161507606506348,184758,0.0,0.0,0.0
2023-08-30 00:00:00+03:00,13.161506992023694,13.513123710559512,13.161506992023694,13.278712272644043,199765,0.0,0.0,0.0
2023-08-31 00:00:00+03:00,13.278712272644043,13.278712272644043,13.278712272644043,13.278712272644043,0,0.0,0.0,0.0
2023-09-03 00:00:00+03:00,13.161507766301014,13.361446610497804,13.064984991281126,13.133930206298828,465774,0.0,0.0,0.0
2023-09-04 00:00:00+03:00,13.133929355122921,13.568279622876238,13.133929355122921,13.499335289001465,361751,0.0,0.0,0.0
2023-09-05 00:00:00+03:00,13.499336152828183,13.575174661940933,13.285608090467523,13.326974868774414,152105,0.0,0.0,0.0
2023-09-06 00:00:00+03:00,13.326974799883422,13.713063267627223,13.299396363371505,13.5269136428833,290102,0.0,0.0,0.0
2023-09-07 00:00:00+03:00,13.52691288784461,13.70616833179237,13.430390118790205,13.485546112060547,129741,0.0,0.0,0.0
2023-09-10 00:00:00+03:00,13.485546112060547,13.485546112060547,13.485546112060547,13.485546112060547,0,0.0,0.0,0.0
2023-09-11 00:00:00+03:00,13.464863026340963,13.575174138682426,13.168401418793707,13.230451583862305,216462,0.0,0.0,0.0
2023-09-12 00:00:00+03:00,13.23045124560053,13.34076235512168,13.161506911734158,13.306290626525879,69170,0.0,0.0,0.0
2023-09-13 00:00:00+03:00,13.306292169370105,13.547597804218812,13.223558608467721,13.375236511230469,118835,0.0,0.0,0.0
2023-09-14 00:00:00+03:00,13.375234388600521,13.513123050438521,13.306290057681522,13.409706115722656,184498,0.0,0.0,0.0
2023-09-17 00:00:00+03:00,13.409708124538678,13.513125074746725,13.320080393249993,13.38902473449707,353277,0.0,0.0,0.0
2023-09-18 00:00:00+03:00,13.926879823929443,13.783451968035788,13.31013894931624,13.561138153076172,220301,0.5625,0.0,0.0
2023-09-19 00:00:00+03:00,13.56113793463642,13.69022354999667,13.317309854031077,13.389023780822754,138382,0.0,0.0,0.0
2023-09-20 00:00:00+03:00,13.389023780822754,13.389023780822754,13.389023780822754,13.389023780822754,0,0.0,0.0,0.0
2023-09-21 00:00:00+03:00,13.389023780822754,13.389023780822754,13.389023780822754,13.389023780822754,0,0.0,0.0,0.0
2023-09-24 00:00:00+03:00,13.389023780822754,13.389023780822754,13.389023780822754,13.389023780822754,0,0.0,0.0,0.0
2023-09-25 00:00:00+03:00,12.922883434248266,13.05196814404457,12.836826353122664,12.915711402893066,107535,0.0,0.0,0.0
2023-09-26 00:00:00+03:00,12.915711105299492,13.274281660466205,13.008939303740105,13.08065414428711,245697,0.0,0.0,0.0
2023-09-27 00:00:00+03:00,13.08065414428711,13.08065414428711,13.08065414428711,13.08065414428711,0,0.0,0.0,0.0
2023-10-01 00:00:00+03:00,13.08065414428711,13.08065414428711,13.08065414428711,13.08065414428711,0,0.0,0.0,0.0
2023-10-02 00:00:00+03:00,12.915711414824248,13.066311306933171,10.93640219467536,12.772283554077148,147817,0.0,0.0,0.0
2023-10-03 00:00:00+03:00,12.772283817173642,13.03762618572446,12.621683921962509,12.671883583068848,55585,0.0,0.0,0.0
2023-10-04 00:00:00+03:00,12.671883056299746,13.05196788239015,12.514112048029697,13.016111373901367,95949,0.0,0.0,0.0
2023-10-08 00:00:00+03:00,13.016111323823068,13.016111323823068,12.191398865264963,12.442398071289062,83561,0.0,0.0,0.0
2023-10-09 00:00:00+03:00,12.442398555038686,12.829654514014672,12.442398555038686,12.800969123840332,58982,0.0,0.0,0.0
2023-10-10 00:00:00+03:00,12.800968736415305,13.267110644127946,12.800968736415305,13.238425254821777,184830,0.0,0.0,0.0
2023-10-11 00:00:00+03:00,13.238425504894204,13.553967528898868,13.202568083665087,13.345996856689453,96983,0.0,0.0,0.0
2023-10-12 00:00:00+03:00,13.345996196849555,13.410538092843584,13.008939007258197,13.181053161621094,118010,0.0,0.0,0.0
2023-10-15 00:00:00+03:00,13.181053014501286,13.840823324267017,12.908539547729719,13.439224243164062,141550,0.0,0.0,0.0
2023-10-16 00:00:00+03:00,13.439224768769723,14.113337343008665,13.410538467646132,13.876680374145508,373663,0.0,0.0,0.0
2023-10-17 00:00:00+03:00,13.876680182090855,14.328478931775495,13.783451984459683,14.199394226074219,265859,0.0,0.0,0.0
2023-10-18 00:00:00+03:00,14.199393525194711,14.701391908534191,13.984250839825206,14.098993301391602,269266,0.0,0.0,0.0
2023-10-19 00:00:00+03:00,14.098993301391602,14.098993301391602,14.098993301391602,14.098993301391602,0,0.0,0.0,0.0
2023-10-22 00:00:00+03:00,13.998595196939636,14.335651491830218,13.776281373512647,14.063138008117676,133662,0.0,0.0,0.0
2023-10-23 00:00:00+03:00,14.063137885872946,14.342822486654503,13.96990877372033,14.192222595214844,262682,0.0,0.0,0.0
2023-10-24 00:00:00+03:00,14.192221753155268,14.651192519680231,14.02727963262632,14.557964324951172,255838,0.0,0.0,0.0
2023-10-25 00:00:00+03:00,14.557965378516485,15.41853437417893,14.629679309506338,15.146020889282227,600333,0.0,0.0,0.0
2023-10-26 00:00:00+03:00,15.146019759434822,16.15001654218184,15.442437561918899,15.595427513122559,510413,0.0,1.333333,0.0
2023-10-29 00:00:00+02:00,15.595428693940406,16.255199048326165,15.68148577598134,15.86316204071045,410502,0.0,0.0,0.0
2023-10-30 00:00:00+02:00,15.863162073104295,16.159579898637148,15.777104990887624,15.815353393554688,196269,0.0,0.0,0.0
2023-10-31 00:00:00+02:00,15.815352567737103,15.872723344957793,15.299010101398522,15.461562156677246,155374,0.0,0.0,0.0
2023-11-01 00:00:00+02:00,15.461562548637977,15.872723747341727,15.155582630658675,15.471124649047852,120009,0.0,0.0,0.0
2023-11-02 00:00:00+02:00,15.471124434213834,15.681485168957465,15.136458219652127,15.299010276794434,191834,0.0,0.0,0.0
2023-11-05 00:00:00+02:00,15.299010305693656,15.844037256028528,15.203391126526242,15.777104377746582,318451,0.0,0.0,0.0
2023-11-06 00:00:00+02:00,15.777104746802014,16.197828050709642,15.652801087625589,16.073522567749023,289210,0.0,0.0,0.0
2023-11-07 00:00:00+02:00,16.073521904270937,16.63767304510579,15.834474872520037,16.532493591308594,400155,0.0,0.0,0.0
2023-11-08 00:00:00+02:00,16.532493930455953,16.89584462370608,16.255198492520098,16.494245529174805,571224,0.0,0.0,0.0
2023-11-09 00:00:00+02:00,16.49424568912301,16.924531088787713,16.350817830496165,16.618549346923828,347133,0.0,0.0,0.0
2023-11-12 00:00:00+02:00,16.618550298414842,17.21138779147518,16.69504528231447,16.85759735107422,255143,0.0,0.0,0.0
2023-11-13 00:00:00+02:00,16.85759451587295,17.182698598714687,16.65679590082692,16.809785842895508,168552,0.0,0.0,0.0
2023-11-14 00:00:00+02:00,16.809787164432407,17.115767072624834,16.36994150235182,16.723730087280273,403155,0.0,0.0,0.0
2023-11-15 00:00:00+02:00,16.723730535786494,17.20182461110498,16.542054276505905,17.163578033447266,539601,0.0,0.0,0.0
2023-11-16 00:00:00+02:00,17.163577222163706,17.641671274883763,17.020147547320427,17.0488338470459,463703,0.0,0.0,0.0
2023-11-19 00:00:00+02:00,17.048835219999532,17.335690945218612,16.733293192744853,16.771541595458984,259210,0.0,0.0,0.0
2023-11-20 00:00:00+02:00,16.77154154973406,17.19226303573712,16.69504474451436,16.962778091430664,518018,0.0,0.0,0.0
2023-11-21 00:00:00+02:00,16.962778276848116,17.058397460633724,16.666360448518542,16.80022621154785,330854,0.0,0.0,0.0
2023-11-22 00:00:00+02:00,16.80022398454373,17.488680557512293,16.76197741036992,17.41218376159668,318221,0.0,0.0,0.0
2023-11-23 00:00:00+02:00,17.412184237899577,17.679917559575973,17.268756389202384,17.565176010131836,399447,0.0,0.0,0.0
2023-11-26 00:00:00+02:00,17.565175529643913,17.928526191323105,17.316566414270152,17.41218376159668,191388,0.0,0.0,0.0
2023-11-27 00:00:00+02:00,17.412186132679434,18.26319486528574,17.40262585567212,18.043272018432617,270849,0.0,0.0,0.0
2023-11-28 00:00:00+02:00,18.043271992628306,18.913403101789083,17.813785221527578,18.8082218170166,357298,0.0,0.0,0.0
2023-11-29 00:00:00+02:00,18.808220471065283,20.051264302687787,18.693477093726166,18.79865837097168,1965660,0.0,0.0,0.0
2023-11-30 00:00:00+02:00,18.798659092273844,19.17157189131239,18.454430770832612,18.530925750732422,848921,0.0,0.0,0.0
2023-12-03 00:00:00+02:00,18.530924766310484,20.357245733993757,18.272755362728525,19.984331130981445,2476530,0.0,0.0,0.0
2023-12-04 00:00:00+02:00,19.984332451676895,21.4090526106451,20.07995163373725,20.280750274658203,2626401,0.0,0.0,0.0
2023-12-05 00:00:00+02:00,20.280749707506732,20.711035102853277,19.840904035627293,19.9078369140625,1441826,0.0,0.0,0.0
2023-12-06 00:00:00+02:00,19.907836161015027,20.749282719244874,19.69747543334961,19.69747543334961,1629335,0.0,0.0,0.0
2023-12-07 00:00:00+02:00,19.69747556348283,19.601856387081707,18.98033447615057,19.05682945251465,707458,0.0,0.0,0.0
2023-12-10 00:00:00+02:00,19.0568290859422,20.500673332851807,19.123761961000252,19.286314010620117,1140571,0.0,0.0,0.0
2023-12-11 00:00:00+02:00,19.28631573384324,19.31500203591011,18.282318870697708,18.588298797607422,619778,0.0,0.0,0.0
2023-12-12 00:00:00+02:00,18.588299189522694,19.018582786892487,18.17713797014977,18.358814239501953,693818,0.0,0.0,0.0
2023-12-13 00:00:00+02:00,18.35881230185027,18.798657953687815,18.177136051672814,18.550048828125,420137,0.0,0.0,0.0
2023-12-14 00:00:00+02:00,18.550049992948964,19.01858197385135,18.607420772055494,18.722164154052734,721822,0.0,0.0,0.0
2023-12-17 00:00:00+02:00,18.722163736195235,21.122196190031865,18.760412137268716,20.739721298217773,2376191,0.0,0.0,0.0
2023-12-18 00:00:00+02:00,20.739721893113916,22.307869906424372,20.84490135151466,21.68634796142578,3550448,0.0,0.0,0.0
2023-12-19 00:00:00+02:00,21.68634753036579,22.13575530423221,20.854463037532703,20.959644317626953,1419891,0.0,0.0,0.0
2023-12-20 00:00:00+02:00,20.959643731646224,21.208252862510385,20.58673094724204,20.873586654663086,814557,0.0,0.0,0.0
2023-12-21 00:00:00+02:00,20.873586516413027,22.451296544347514,20.940519392782353,21.801088333129883,1830058,0.0,0.0,0.0
2023-12-24 00:00:00+02:00,21.801088333129883,21.801088333129883,21.801088333129883,21.801088333129883,0,0.0,0.0,0.0
2023-12-25 00:00:00+02:00,22.279183440573615,22.690344641955804,21.858461962503444,21.94451904296875,1016624,0.0,0.0,0.0
2023-12-26 00:00:00+02:00,21.944517946906185,22.34611702775754,20.940519332885742,20.940519332885742,896294,0.0,0.0,0.0
2023-12-27 00:00:00+02:00,20.940519383421382,21.600289694365994,21.026576459796075,21.131757736206055,565860,0.0,0.0,0.0
2023-12-28 00:00:00+02:00,21.131758637503374,21.79152897658806,20.959644477413093,21.083948135375977,461531,0.0,0.0,0.0
2023-12-31 00:00:00+02:00,21.083947930139196,21.409052046304147,20.711035136096402,20.76840591430664,448582,0.0,0.0,0.0
2024-01-02 00:00:00+02:00,20.7684053679016,21.399489382963246,20.74928299152406,21.160442352294922,317304,0.0,0.0,0.0
2024-01-03 00:00:00+02:00,21.160442229693743,21.877583317543674,21.160442229693743,21.514232635498047,650329,0.0,0.0,0.0
2024-01-04 00:00:00+02:00,21.514232443357226,21.80108814642169,21.275185416208814,21.294309616088867,405109,0.0,0.0,0.0
2024-01-08 00:00:00+02:00,21.294309964466557,21.514232795332884,20.940519556033852,20.969205856323242,724896,0.0,0.0,0.0
2024-01-09 00:00:00+02:00,20.969206007898638,21.21781514085142,20.682348474283522,20.711034774780273,790172,0.0,0.0,0.0
2024-01-10 00:00:00+02:00,20.711035555638322,21.418614580511843,20.749283957742712,21.112634658813477,2028455,0.0,0.0,0.0
2024-01-11 00:00:00+02:00,21.112633528520565,21.85846091556962,21.179566404835718,21.41861343383789,1918998,0.0,0.0,0.0
2024-01-14 00:00:00+02:00,21.41861457769095,21.944519163851925,21.428176678215788,21.49510955810547,826944,0.0,0.0,0.0
2024-01-15 00:00:00+02:00,21.495109377567868,21.887146376872572,21.08394817737411,21.27518653869629,705838,0.0,0.0,0.0
2024-01-16 00:00:00+02:00,21.275185631014637,21.80108836653731,21.32299430741339,21.609851837158203,785303,0.0,0.0,0.0
2024-01-17 00:00:00+02:00,21.609853170241447,21.906270994524355,21.1030727797452,21.141321182250977,628323,0.0,0.0,0.0
2024-01-18 00:00:00+02:00,21.141319861389082,21.418613467094424,21.0361385848539,21.22737693786621,404365,0.0,0.0,0.0
2024-01-21 00:00:00+02:00,21.227377550282483,22.279183050842807,21.036139191752888,21.791528701782227,1386838,0.0,0.0,0.0
2024-01-22 00:00:00+02:00,21.79152752447568,22.126191898145706,21.514232101967313,21.619413375854492,740419,0.0,0.0,0.0
2024-01-23 00:00:00+02:00,21.619414288981773,21.9445184003788,21.265623877008252,21.284748077392578,514711,0.0,0.0,0.0
2024-01-24 00:00:00+02:00,21.284748639140815,21.60985275911801,21.27518653869629,21.27518653869629,350740,0.0,0.0,0.0
2024-01-28 00:00:00+02:00,21.275186161553705,21.82977521101587,21.332556939419682,21.504671096801758,370544,0.0,0.0,0.0
2024-01-29 00:00:00+02:00,21.50467108945927,21.80108890274711,21.0935098966945,21.122196197509766,364439,0.0,0.0,0.0
2024-01-30 00:00:00+02:00,21.12219622013409,21.514233212775263,21.12219622013409,21.217815399169922,443694,0.0,0.0,0.0
2024-01-31 00:00:00+02:00,21.21781606573444,21.51423388865184,17.25919579004924,19.03770637512207,533083,0.0,0.0,0.0
2024-02-01 00:00:00+02:00,19.037705841443945,19.76440905127662,17.928527737958323,19.525362014770508,272593,0.0,0.0,0.0
2024-02-04 00:00:00+02:00,19.525360979714677,20.06082580244336,18.741287033344516,19.095075607299805,249016,0.0,0.0,0.0
2024-02-05 00:00:00+02:00,19.09507607834198,20.55804455685736,19.15244867860195,20.204254150390625,440822,0.0,0.0,0.0
2024-02-06 00:00:00+02:00,20.204255712210124,20.558046146025394,19.506238769146314,19.7644100189209,271111,0.0,0.0,0.0
2024-02-07 00:00:00+02:00,19.764409095986533,20.175570291512614,19.601857037843295,19.71660041809082,246100,0.0,0.0,0.0
2024-02-08 00:00:00+02:00,19.716599489108827,20.27118851597577,19.74528396498107,19.955646514892578,217154,0.0,0.0,0.0
2024-02-11 00:00:00+02:00,19.955647432676425,20.35724652741451,19.506237836312287,19.620981216430664,219361,0.0,0.0,0.0
2024-02-12 00:00:00+02:00,19.620980755980597,19.754846509823782,18.980334639498896,19.181133270263672,256041,0.0,0.0,0.0
2024-02-13 00:00:00+02:00,19.181133284166407,20.02257985580689,19.286314561567494,19.563608169555664,324739,0.0,0.0,0.0
2024-02-14 00:00:00+02:00,19.56360776200757,20.433740615844727,19.659226937308983,20.433740615844727,649701,0.0,0.0,0.0
2024-02-15 00:00:00+02:00,20.43374269369481,21.13175964394156,20.567608458458775,20.65366554260254,460917,0.0,0.0,0.0
2024-02-18 00:00:00+02:00,20.65366554260254,20.65366554260254,20.65366554260254,20.65366554260254,0,0.0,0.0,0.0
2024-02-19 00:00:00+02:00,21.39948985589111,21.75328027156399,21.03613916371023,21.313434600830078,633931,0.0,0.0,0.0
2024-02-20 00:00:00+02:00,21.313432999938378,21.60985079159388,21.03613758364671,21.1795654296875,478972,0.0,0.0,0.0
2024-02-21 00:00:00+02:00,21.179566097624416,21.590727273349682,21.08394692265369,21.552480697631836,545773,0.0,0.0,0.0
2024-02-22 00:00:00+02:00,21.55248214701741,25.721461312530955,21.848899967954832,24.81308364868164,5295603,0.0,0.0,0.0
2024-02-25 00:00:00+02:00,24.813082034064102,26.773266918204747,22.948514501318357,24.009883880615234,2931053,0.0,0.0,0.0
2024-02-26 00:00:00+02:00,24.009884570072987,24.746148045389955,22.94851516029827,23.64653205871582,1367126,0.0,0.0,0.0
2024-02-27 00:00:00+02:00,23.646532059725462,27.06012339816012,23.92382749334062,25.530223846435547,2989243,0.0,0.0,0.0
2024-02-28 00:00:00+02:00,25.530223103670902,26.58202855893477,24.392358749369148,24.583595275878906,1721770,0.0,0.0,0.0
2024-02-29 00:00:00+02:00,24.583595486666646,24.746147538674954,23.149313318517112,23.942951202392578,788862,0.0,0.0,0.0
2024-03-03 00:00:00+02:00,23.94295170532773,24.095941660574592,23.149313804781453,23.359676361083984,514834,0.0,0.0,0.0
2024-03-04 00:00:00+02:00,23.359676122805467,23.522228176570174,22.374801700138807,22.948514938354492,1471195,0.0,0.0,0.0
2024-03-05 00:00:00+02:00,22.94851432277867,23.895140319739202,22.680780999117324,22.76683807373047,908285,0.0,0.0,0.0
2024-03-06 00:00:00+02:00,22.76683920018673,22.76683920018673,21.609852421251,21.69590950012207,481845,0.0,0.0,0.0
2024-03-07 00:00:00+02:00,21.695909653303772,21.70547175366631,20.55804524314017,21.05526351928711,310725,0.0,0.0,0.0
2024-03-10 00:00:00+02:00,21.055264793457162,22.212251650577322,21.141321878143618,21.638538360595703,642916,0.0,0.0,0.0
2024-03-11 00:00:00+02:00,21.638535639317173,22.164440182238955,21.16044159508867,21.236936569213867,292449,0.0,0.0,0.0
2024-03-12 00:00:00+02:00,21.236937349080414,21.609851957446033,20.433741003162726,20.58673095703125,272686,0.0,0.0,0.0
2024-03-13 00:00:00+02:00,20.586731609388323,21.036139385145027,19.36281011587213,19.64966583251953,270753,0.0,0.0,0.0
2024-03-14 00:00:00+02:00,19.649665502645842,20.261627151022562,19.152449057056437,20.070388793945312,279242,0.0,0.0,0.0
2024-03-17 00:00:00+02:00,20.070387984551434,20.5389199343333,19.515798959933704,19.66878890991211,177221,0.0,0.0,0.0
2024-03-18 00:00:00+02:00,19.668789975121616,19.668789975121616,17.785099974131832,17.92852783203125,333256,0.0,0.0,0.0
2024-03-19 00:00:00+02:00,17.928527828319915,17.78509997045019,16.93409127602604,17.546052932739258,216471,0.0,0.0,0.0
2024-03-20 00:00:00+02:00,17.546052510778214,18.167574429122965,17.30700547881607,17.584299087524414,153854,0.0,0.0,0.0
2024-03-21 00:00:00+02:00,17.584299556355237,18.301440671362013,17.49824247665169,18.119766235351562,288019,0.0,0.0,0.0
2024-03-24 00:00:00+02:00,18.11976525327076,18.72216295476181,18.04327027810072,18.167573928833008,135556,0.0,0.0,0.0
2024-03-25 00:00:00+02:00,18.167573928833008,18.45442962977464,18.005021878623666,18.167573928833008,173944,0.0,0.0,0.0
2024-03-26 00:00:00+02:00,18.167575113968528,19.104639076875543,18.311002973795652,18.4353084564209,202780,0.0,0.0,0.0
2024-03-27 00:00:00+02:00,18.435306936436486,18.416182737027203,17.230509730412198,17.278318405151367,165908,0.0,0.0,0.0
2024-03-28 00:00:00+02:00,17.278319201189348,17.660794088076017,16.637673081735134,17.010587692260742,150074,0.0,0.0,0.0
2024-03-31 00:00:00+02:00,17.01058861125518,17.33569091483436,15.452000855286371,16.19782829284668,329881,0.0,0.0,0.0
2024-04-01 00:00:00+02:00,16.197825857074243,16.91496688480807,16.2073879562981,16.781099319458008,128901,0.0,0.0,0.0
2024-04-02 00:00:00+02:00,16.78110165044563,17.020148692895194,16.5898651107565,16.742855072021484,112985,0.0,0.0,0.0
2024-04-03 00:00:00+02:00,16.74285274634652,17.020146328702616,16.408186568647277,16.781099319458008,100111,0.0,0.0,0.0
2024-04-04 00:00:00+02:00,16.78110070838014,17.565176495576612,16.790662808395425,17.268756866455078,156500,0.0,0.0,0.0
2024-04-07 00:00:00+02:00,17.268757629947313,18.07195582890153,17.50780466954597,17.574737548828125,171770,0.0,0.0,0.0
2024-04-08 00:00:00+02:00,17.574737770589515,18.071956056936916,17.42174780921865,17.603424072265625,215837,0.0,0.0,0.0
2024-04-15 00:00:00+02:00,17.603423718266153,18.330126932056068,17.62254791899898,18.311002731323242,234579,0.0,0.0,0.0
2024-04-16 00:00:00+02:00,18.31100295331373,18.636107074576465,18.167575093647038,18.339689254760742,185329,0.0,0.0,0.0
2024-04-17 00:00:00+02:00,18.33968907560016,18.83690735311927,18.177137016556763,18.502241134643555,218599,0.0,0.0,0.0
2024-04-18 00:00:00+02:00,18.50224026160131,18.82734436434782,16.350817017782184,17.24007225036621,302709,0.0,0.0,0.0
2024-04-21 00:00:00+02:00,17.24007219318573,17.689479946064008,17.211385893467682,17.335689544677734,171169,0.0,0.0,0.0
2024-04-22 00:00:00+02:00,17.335691504441666,17.670357743849234,16.88628370075877,17.144454956054688,84956,0.0,0.0,0.0
2024-04-23 00:00:00+02:00,17.144453358194806,17.201824134985525,16.274322311101756,16.34125518798828,164585,0.0,0.0,0.0
2024-04-24 00:00:00+02:00,16.34125529774193,16.389063974757946,15.404191367468705,15.748417854309082,168692,0.0,0.0,0.0
2024-04-28 00:00:00+03:00,15.748417854309082,15.748417854309082,15.748417854309082,15.748417854309082,0,0.0,0.0,0.0
2024-04-29 00:00:00+03:00,15.050401359521446,15.719733798365667,15.059963459937412,15.327696800231934,178895,0.0,0.0,0.0
2024-04-30 00:00:00+03:00,15.32769615808868,15.585865563367236,14.543621282777405,14.71573543548584,173266,0.0,0.0,0.0
2024-05-02 00:00:00+03:00,14.505374911485402,15.002592295972411,14.505374911485402,14.74442195892334,131894,0.0,0.0,0.0
2024-05-07 00:00:00+03:00,14.744421029206473,14.993030161719862,14.514936096990448,14.84004020690918,86899,0.0,0.0,0.0
2024-05-08 00:00:00+03:00,14.840040717934434,14.983468577535454,13.874290455070764,14.208955764770508,74687,0.0,0.0,0.0
2024-05-09 00:00:00+03:00,14.208955986326831,14.581869703753153,14.151585206348694,14.237642288208008,139313,0.0,0.0,0.0
2024-05-12 00:00:00+03:00,14.237641663311688,14.333259929709225,13.444005583941001,13.81691837310791,125428,0.0,0.0,0.0
2024-05-13 00:00:00+03:00,13.816918950778337,13.816918950778337,13.118902020513922,13.472691535949707,102194,0.0,0.0,0.0
2024-05-14 00:00:00+03:00,13.472691516438413,13.864728521842961,13.300577353327304,13.37707233428955,92320,0.0,0.0,0.0
2024-05-15 00:00:00+03:00,13.377071591455243,13.740423186794908,13.291014514678473,13.357948303222656,92464,0.0,0.0,0.0
2024-05-16 00:00:00+03:00,13.357949049093552,13.950785607678922,13.568309790858226,13.807356834411621,212813,0.0,0.0,0.0
2024-05-19 00:00:00+03:00,13.8073563382574,14.476688765668765,13.864728027881142,14.438441276550293,294707,0.0,0.0,0.0
2024-05-20 00:00:00+03:00,14.438441276550293,14.868725757106121,14.38106958692655,14.438441276550293,218303,0.0,0.0,0.0
2024-05-21 00:00:00+03:00,14.43844145540763,14.600993514147781,14.256765195925308,14.27588939666748,302150,0.0,0.0,0.0
2024-05-22 00:00:00+03:00,14.275889204227592,14.58186911684109,14.017717969040902,14.199394226074219,253810,0.0,0.0,0.0
2024-05-23 00:00:00+03:00,14.199394604380558,15.174706057766784,14.247203283081104,14.92609691619873,450427,0.0,0.0,0.0
2024-05-26 00:00:00+03:00,14.92609691619873,14.92609691619873,14.92609691619873,14.92609691619873,0,0.0,0.0,0.0
2024-05-27 00:00:00+03:00,15.45200001420846,15.624114169183475,15.0504009271948,15.126895904541016,312264,0.0,0.0,0.0
2024-05-28 00:00:00+03:00,15.126895934401968,15.107772645973695,14.448002325195105,15.079087257385254,285518,0.0,0.0,0.0
2024-05-29 00:00:00+03:00,15.079087221277907,15.19382968724898,14.76354429999238,14.93565845489502,109533,0.0,0.0,0.0
2024-05-30 00:00:00+03:00,14.935658423866645,15.050400889599345,14.543621437973574,14.648801803588867,117565,0.0,0.0,0.0
2024-06-02 00:00:00+03:00,14.648801851503766,15.155582216679228,14.725296828909107,14.84004020690918,228752,0.0,0.0,0.0
2024-06-03 00:00:00+03:00,14.840039961376638,15.289447718224428,14.572306632995605,14.572306632995605,198031,0.0,0.0,0.0
2024-06-04 00:00:00+03:00,14.572306862297793,14.887848871812317,14.63924065139231,14.792230606079102,58642,0.0,0.0,0.0
2024-06-05 00:00:00+03:00,14.792230747905409,14.8209161367112,14.20895540020456,14.486249923706055,295983,0.0,0.0,0.0
2024-06-06 00:00:00+03:00,14.486249930882211,14.629678698766353,14.247202896300708,14.342822074890137,117540,0.0,0.0,0.0
2024-06-09 00:00:00+03:00,14.342822630161342,14.438441812452592,13.902976033027375,14.094213485717773,67096,0.0,0.0,0.0
2024-06-10 00:00:00+03:00,14.094213485717773,14.19939476861657,13.874290643096842,14.094213485717773,41228,0.0,0.0,0.0
2024-06-11 00:00:00+03:00,14.094212730703882,14.285450173149867,13.969908165140977,14.0272798538208,72925,0.0,0.0,0.0
2024-06-12 00:00:00+03:00,14.02727987814612,14.247202709367366,13.931660700811282,14.122899055480957,32315,0.0,0.0,0.0
2024-06-13 00:00:00+03:00,14.122899038141412,14.6105542886526,14.055965249332383,14.218517303466797,114887,0.0,0.0,0.0
2024-06-23 00:00:00+03:00,14.218517545227547,14.725297004555932,14.208955444964804,14.677488327026367,59124,0.0,0.0,0.0
2024-06-24 00:00:00+03:00,14.677488485800573,14.87828803402995,14.524497615617936,14.610554695129395,171000,0.0,0.0,0.0
2024-06-25 00:00:00+03:00,14.610554913800849,15.6814855497551,14.486250342856325,15.212953567504883,849002,0.0,0.0,0.0
2024-06-26 00:00:00+03:00,15.21295337624004,15.624114574049367,15.107773007636483,15.136458396911621,413970,0.0,0.0,0.0
2024-06-27 00:00:00+03:00,15.136458597307552,15.490249021250536,15.165143986962462,15.260763168334961,206619,0.0,0.0,0.0
2024-07-02 00:00:00+03:00,15.432876040121398,16.05439979192604,15.365943161935459,15.681485176086426,441423,0.0,0.0,0.0
2024-07-03 00:00:00+03:00,15.681485367279658,15.920532405877774,15.643238789471726,15.757980346679688,176614,0.0,0.0,0.0
2024-07-04 00:00:00+03:00,15.757980376245357,15.777104577077289,15.308572599400003,15.327696800231934,199684,0.0,0.0,0.0
2024-07-07 00:00:00+03:00,15.327697362302255,15.538058107814962,15.299011060002425,15.318135261535645,280085,0.0,0.0,0.0
2024-07-08 00:00:00+03:00,15.31813456245802,16.781101261083055,15.394629541315641,16.20738983154297,1560773,0.0,0.0,0.0
2024-07-09 00:00:00+03:00,16.207389409786664,16.637672970744685,16.19782730970527,16.245635986328125,557824,0.0,0.0,0.0
2024-07-10 00:00:00+03:00,16.245635595192226,16.39862554524285,16.01615067011629,16.0926456451416,249239,0.0,0.0,0.0
2024-07-14 00:00:00+03:00,16.09264758332269,16.704607457228974,16.121333886331154,16.283885955810547,426052,0.0,0.0,0.0
2024-07-15 00:00:00+03:00,16.28388534826386,16.81935021795383,16.25519904632567,16.484683990478516,395116,0.0,0.0,0.0
2024-07-16 00:00:00+03:00,16.484682109730525,18.02414548620807,16.542052883277215,17.794660568237305,1445740,0.0,0.0,0.0
2024-07-17 00:00:00+03:00,17.794662232546898,17.928527991270784,17.307006052330234,17.67035675048828,662911,0.0,0.0,0.0
2024-07-18 00:00:00+03:00,17.670357567423174,17.928528820141434,17.268758448900634,17.402626037597656,297769,0.0,0.0,0.0
2024-07-21 00:00:00+03:00,17.40262548468239,18.98033560597106,17.53649124534197,18.272756576538086,1652658,0.0,0.0,0.0
2024-07-22 00:00:00+03:00,18.27275575638346,18.492678588677244,17.699042513360624,17.775537490844727,610271,0.0,0.0,0.0
2024-07-23 00:00:00+03:00,17.7755386676217,18.358814049417088,17.804224969996376,18.043272018432617,356951,0.0,0.0,0.0
2024-07-24 00:00:00+03:00,18.04327098849571,18.64566871370421,17.689480574539893,17.89984130859375,586221,0.0,0.0,0.0
2024-07-28 00:00:00+03:00,17.899842483086104,18.980336172557145,18.07195665123436,18.64566993713379,741620,0.0,0.0,0.0
2024-07-29 00:00:00+03:00,18.645669738825333,19.793096298420586,18.741288922755643,19.190696716308594,1605630,0.0,0.0,0.0
2024-07-30 00:00:00+03:00,19.19069411523925,19.582731074811782,19.142885441646108,19.45842742919922,728589,0.0,0.0,0.0
2024-07-31 00:00:00+03:00,19.458429119989958,20.318998085931398,19.32456153948589,19.812217712402344,1023719,0.0,0.0,0.0
2024-08-01 00:00:00+03:00,19.812217751582416,20.079951089335857,19.391496279978067,19.620981216430664,380737,0.0,0.0,0.0
2024-08-04 00:00:00+03:00,19.620981494258782,19.315001574656055,18.07195587153975,18.14845085144043,677457,0.0,0.0,0.0
2024-08-05 00:00:00+03:00,18.148451203424802,17.99546124065624,15.633677094605357,16.484683990478516,1308641,0.0,0.0,0.0
2024-08-06 00:00:00+03:00,16.48468367137745,17.154016113371522,16.637673631184523,17.001026153564453,522887,0.0,0.0,0.0
2024-08-07 00:00:00+03:00,17.001025039891488,20.395492058455407,16.857595366156733,19.286314010620117,1551123,0.0,0.0,0.0
2024-08-08 00:00:00+03:00,19.286314104932096,19.60185610588027,18.435307277116976,18.550048828125,1015466,0.0,0.0,0.0
2024-08-11 00:00:00+03:00,18.55005076831734,19.582733954320616,18.56917497008028,19.219383239746094,802891,0.0,0.0,0.0
2024-08-12 00:00:00+03:00,19.219382852804763,19.544486981092394,18.56917459622951,18.588298797607422,587976,0.0,0.0,0.0
2024-08-13 00:00:00+03:00,18.588298551751475,19.49667621977711,18.588298551751475,18.846467971801758,820075,0.0,0.0,0.0
2024-08-14 00:00:00+03:00,18.846467294319325,19.28631478546122,18.7986586170097,18.922964096069336,293759,0.0,0.0,0.0
2024-08-15 00:00:00+03:00,18.922963675355607,21.4951083921369,19.114200204126476,21.0361385345459,4434410,0.0,0.0,0.0
2024-08-18 00:00:00+03:00,21.0361380891799,21.0361380891799,20.32855911776157,20.405054092407227,1257975,0.0,0.0,0.0
2024-08-19 00:00:00+03:00,20.405056341051914,21.51423450753779,20.36680793762207,20.36680793762207,1746346,0.0,0.0,0.0
2024-08-20 00:00:00+03:00,20.366806705136675,21.42817612689135,20.529358762308256,20.83534049987793,1109438,0.0,0.0,0.0
2024-08-21 00:00:00+03:00,20.83534086136855,21.89670847775368,20.749283781150275,21.65766143798828,2026101,0.0,0.0,0.0
2024-08-22 00:00:00+03:00,21.65765932868753,22.65209579267701,21.246498168529723,21.43773651123047,2571184,0.0,0.0,0.0
2024-08-25 00:00:00+03:00,21.43773678577883,22.279181492113512,20.87358567374907,20.92139434814453,1107002,0.0,0.0,0.0
2024-08-26 00:00:00+03:00,20.92139513289661,21.59072754224357,20.653663628185097,20.940519332885742,795993,0.0,0.0,0.0
2024-08-27 00:00:00+03:00,20.94051994706457,21.504671096801758,20.749283412916597,21.504671096801758,846480,0.0,0.0,0.0
2024-08-28 00:00:00+03:00,21.50467068499237,21.944518170299606,21.036138723193513,21.256061553955078,830283,0.0,0.0,0.0
2024-08-29 00:00:00+03:00,21.256061930771267,21.322994808817068,20.797092060927948,21.02657699584961,506632,0.0,0.0,0.0
2024-09-01 00:00:00+03:00,21.02657796366274,21.37080629378147,20.567608072693915,20.883150100708008,453059,0.0,0.0,0.0
2024-09-02 00:00:00+03:00,20.88314990469097,21.083948546185976,20.395493716194835,20.567607879638672,383144,0.0,0.0,0.0
2024-09-03 00:00:00+03:00,20.56760672272874,20.95964370683943,20.55804462265481,20.77796745300293,221199,0.0,0.0,0.0
2024-09-04 00:00:00+03:00,20.777968596254226,20.959644860086968,20.56760785440551,20.854463577270508,183521,0.0,0.0,0.0
2024-09-05 00:00:00+03:00,20.85446432126067,22.087947985910372,20.95964560782951,21.638538360595703,1117026,0.0,0.0,0.0
2024-09-08 00:00:00+03:00,21.638537462260384,22.174004150031326,21.246500458868493,21.30387306213379,555419,0.0,0.0,0.0
2024-09-09 00:00:00+03:00,21.303871267384455,21.76284111213565,21.064824245270202,21.236936569213867,249611,0.0,0.0,0.0
2024-09-10 00:00:00+03:00,21.236937529066566,21.657660817662748,20.854462641153727,21.093509674072266,187980,0.0,0.0,0.0
2024-09-11 00:00:00+03:00,21.093509310798748,21.409051315865575,17.21138607371937,21.0361385345459,251435,0.0,0.0,0.0
2024-09-12 00:00:00+03:00,21.036138909324418,21.514232975445427,20.749283199165465,20.80665397644043,375583,0.0,0.0,0.0
2024-09-16 00:00:00+03:00,20.806652435591825,21.275184366838918,20.577167519702474,20.864023208618164,146914,0.0,0.0,0.0
2024-09-17 00:00:00+03:00,20.864024865928286,21.017014822007102,19.219381926188923,19.68791389465332,278891,0.0,0.0,0.0
2024-09-18 00:00:00+03:00,19.687913189452512,20.414616366689206,19.601856114267633,19.955646514892578,177660,0.0,0.0,0.0
2024-09-19 00:00:00+03:00,19.955647617018172,20.38593119292251,19.79309555755631,19.840904235839844,114013,0.0,0.0,0.0
2024-09-22 00:00:00+03:00,19.84090325340503,20.34768360752415,19.219381347573254,19.88871192932129,134208,0.0,0.0,0.0
2024-09-23 00:00:00+03:00,19.888712192876227,20.835340037862295,19.888712192876227,20.395492553710938,411842,0.0,0.0,0.0
2024-09-24 00:00:00+03:00,19.993893555483652,20.127759309423862,19.506237392693304,19.563608169555664,201534,0.0,0.0,0.0
2024-09-25 00:00:00+03:00,20.051265356819957,20.414617884342512,19.946085897829075,19.993894577026367,260185,0.0,0.0,0.0
2024-09-26 00:00:00+03:00,20.483699810586113,20.62084497998595,19.98409714832026,20.04287338256836,201534,0.5,0.0,0.0
2024-09-29 00:00:00+03:00,20.0428744706685,20.405331983211845,19.866545758351553,19.905729293823242,236866,0.0,0.0,0.0
2024-09-30 00:00:00+03:00,19.90572875690666,22.276391445581346,19.964504992760276,21.424129486083984,3414435,0.0,0.0,0.0
2024-10-01 00:00:00+03:00,21.424130295708416,22.286188638502637,21.37514854026033,21.64944076538086,1497411,0.0,0.0,0.0
2024-10-02 00:00:00+03:00,21.64944063294093,21.551478991106954,20.73840054027189,20.777584075927734,425977,0.0,0.0,0.0
2024-10-03 00:00:00+03:00,20.777583023607235,21.845360941745817,20.875544660479758,21.17922592163086,346851,0.0,0.0,0.0
2024-10-07 00:00:00+03:00,21.179226841087853,23.069877733031422,21.3947409567933,22.1882266998291,1612149,0.0,0.0,0.0
2024-10-08 00:00:00+03:00,22.188225200867517,24.333577335881973,22.452721053498635,22.785789489746094,3207038,0.0,0.0,0.0
2024-10-09 00:00:00+03:00,22.785790313648185,24.0396951700641,22.619256089502812,22.922935485839844,1908326,0.0,0.0,0.0
2024-10-10 00:00:00+03:00,22.922935085978896,23.55968291949943,22.266594551497654,22.413536071777344,1042884,0.0,0.0,0.0
2024-10-13 00:00:00+03:00,22.41353646275249,23.902548129409606,22.237207756418712,22.922935485839844,1880512,0.0,0.0,0.0
2024-10-14 00:00:00+03:00,22.9229351295286,25.166248945295724,23.510703080226833,25.136859893798828,3388426,0.0,0.0,0.0
2024-10-15 00:00:00+03:00,25.13686087759317,28.7908156758874,25.861774026722593,27.723037719726562,5982473,0.0,0.0,0.0
2024-10-16 00:00:00+03:00,27.723037714360853,28.24223310024867,25.969532012939453,25.969532012939453,2324514,0.0,0.0,0.0
2024-10-17 00:00:00+03:00,25.969531125947807,27.282212203690438,26.008714659668502,26.449541091918945,1304612,0.0,0.0,0.0
2024-10-20 00:00:00+03:00,26.44954070659716,29.192455291748047,26.645463977734845,29.192455291748047,3655575,0.0,0.0,0.0
2024-10-21 00:00:00+03:00,29.19245534768585,30.39738029110473,27.4487460787629,28.48713493347168,3470805,0.0,0.0,0.0
2024-10-22 00:00:00+03:00,28.487134860295455,30.838204770099512,28.68305813130529,30.074108123779297,2257426,0.0,0.0,0.0
2024-10-23 00:00:00+03:00,30.07411000241951,30.91657563607742,28.212844416946734,28.408767700195312,1194740,0.0,0.0,0.0
2024-10-24 00:00:00+03:00,28.40876732100959,29.3883799872513,27.527116295084628,27.899368286132812,785858,0.0,0.0,0.0
2024-10-27 00:00:00+03:00,27.899368176573773,29.56471045003014,27.791612054265094,28.95734977722168,1128855,0.0,0.0,0.0
2024-10-28 00:00:00+03:00,28.95734959030491,29.672468249268906,28.04630952120433,28.614484786987305,1013966,0.0,0.0,0.0
2024-10-29 00:00:00+03:00,28.614485283714398,29.19245691030681,27.91896118269198,28.065902709960938,385229,0.0,0.0,0.0
2024-10-30 00:00:00+03:00,28.065901691811586,28.69285505039153,27.53691183914097,27.585891723632812,228279,0.0,0.0,0.0
2024-10-31 00:00:00+03:00,27.58589194037614,31.59250780886948,27.869980504356818,30.034923553466797,4351580,0.0,0.0,0.0
2024-11-03 00:00:00+02:00,30.034922869932156,32.26843845442428,30.857797622680664,30.857797622680664,1632272,0.0,0.0,0.0
2024-11-04 00:00:00+02:00,30.85779810739675,31.4651568968222,29.878185469066693,30.132884979248047,823760,0.0,0.0,0.0
2024-11-05 00:00:00+02:00,30.132884357697133,31.053720741902886,29.545116413130422,30.074108123779297,428301,0.0,0.0,0.0
2024-11-06 00:00:00+02:00,30.07410893048522,30.857798298620608,30.083903412681927,30.563915252685547,534523,0.0,0.0,0.0
2024-11-07 00:00:00+02:00,30.56391443478283,30.867593823250857,29.88798120506503,29.985942840576172,388109,0.0,0.0,0.0
2024-11-10 00:00:00+02:00,29.98594355163208,30.358195533246267,28.790814933289134,28.89857292175293,462907,0.0,0.0,0.0
2024-11-11 00:00:00+02:00,28.898573332879234,29.966351276689764,28.506728644431067,28.967145919799805,548517,0.0,0.0,0.0
2024-11-12 00:00:00+02:00,28.967146409122826,29.388380156993797,28.506729125976562,28.506729125976562,376923,0.0,0.0,0.0
2024-11-13 00:00:00+02:00,28.506727842373856,28.957348754294987,28.457746089906685,28.477338790893555,228923,0.0,0.0,0.0
2024-11-14 00:00:00+02:00,28.477338576716264,29.554912832873125,28.212842720771228,28.751630783081055,1564746,0.0,0.0,0.0
2024-11-17 00:00:00+02:00,28.75163251164887,29.212049798281253,28.330398760588462,28.408767700195312,619034,0.0,0.0,0.0
2024-11-18 00:00:00+02:00,28.408765855351326,28.800610527939476,27.037308567061405,27.174453735351562,656326,0.0,0.0,0.0
2024-11-19 00:00:00+02:00,27.174454429895366,27.419357590080217,26.185045438533034,26.43974494934082,342387,0.0,0.0,0.0
2024-11-20 00:00:00+02:00,26.43974532926074,27.33119269566602,26.224231217847912,27.037309646606445,287788,0.0,0.0,0.0
2024-11-21 00:00:00+02:00,27.037310293820084,27.57609651948094,26.54750395468734,26.743425369262695,306436,0.0,0.0,0.0
2024-11-24 00:00:00+02:00,26.743425060845684,27.066697166206662,25.185840770889275,25.793201446533203,446902,0.0,0.0,0.0
2024-11-25 00:00:00+02:00,25.793201478586216,26.3417840496005,24.882161398219623,25.352375030517578,499461,0.0,0.0,0.0
2024-11-26 00:00:00+02:00,25.352374120797187,26.449541091918945,24.78419886837596,26.449541091918945,864029,0.0,0.0,0.0
2024-11-27 00:00:00+02:00,26.449540691579976,27.595687529620285,25.763811111450195,25.763811111450195,1139672,0.0,0.0,0.0
2024-11-28 00:00:00+02:00,25.763811982939373,26.25361830861094,25.479725285650545,25.724628448486328,591697,0.0,0.0,0.0
2024-12-01 00:00:00+02:00,25.72462864557173,26.44954178890392,25.675646891551594,25.891162872314453,577128,0.0,0.0,0.0
2024-12-02 00:00:00+02:00,25.891161996673283,26.93934720723719,25.861772945255144,26.10667610168457,2975913,0.0,0.0,0.0
2024-12-03 00:00:00+02:00,26.10667721385199,26.43974567026205,25.479725704592063,25.616870880126953,1016787,0.0,0.0,0.0
2024-12-04 00:00:00+02:00,25.616870268612058,25.95973506772744,25.127063946579465,25.381763458251953,480650,0.0,0.0,0.0
2024-12-05 00:00:00+02:00,25.381762834739707,26.243822986679437,25.381762834739707,25.411151885986328,1827156,0.0,0.0,0.0
2024-12-08 00:00:00+02:00,25.41115278354629,25.793201120932967,24.862568351675893,24.931142807006836,1963288,0.0,0.0,0.0
2024-12-09 00:00:00+02:00,24.93114283881016,25.225025888180518,24.098471707643668,24.402151107788086,892034,0.0,0.0,0.0
2024-12-10 00:00:00+02:00,24.40215113477844,24.735219587613432,23.80458681613986,23.96132469177246,326789,0.0,0.0,0.0
2024-12-11 00:00:00+02:00,23.96132488782053,24.705830737398255,23.86336511609581,24.127859115600586,466000,0.0,0.0,0.0
2024-12-12 00:00:00+02:00,24.12785869936474,24.61766502339008,24.0201025786339,24.147451400756836,518393,0.0,0.0,0.0
2024-12-15 00:00:00+02:00,24.14745161433969,24.490316417882617,23.70662703989552,24.049489974975586,287026,0.0,0.0,0.0
2024-12-16 00:00:00+02:00,24.049489207956835,24.176839895607387,23.089469283425174,23.20702362060547,460627,0.0,0.0,0.0
2024-12-17 00:00:00+02:00,23.20702445358049,23.78499607283137,23.128655515468314,23.16783905029297,402296,0.0,0.0,0.0
2024-12-18 00:00:00+02:00,23.167838571862674,24.431539774846026,23.216820324960572,23.716421127319336,798516,0.0,0.0,0.0
2024-12-19 00:00:00+02:00,23.716420508794165,23.70662602689286,22.932731164294726,23.481313705444336,286206,0.0,0.0,0.0
2024-12-22 00:00:00+02:00,23.481314163615583,23.88295519406628,23.3245762916574,23.373558044433594,213237,0.0,0.0,0.0
2024-12-23 00:00:00+02:00,23.373558978483775,23.412742513807757,22.5408878326416,22.5408878326416,292801,0.0,0.0,0.0
2024-12-24 00:00:00+02:00,22.54088680150324,22.775993608080796,22.1392457733754,22.32537269592285,486332,0.0,0.0,0.0
2024-12-25 00:00:00+02:00,22.32537375182413,22.815180089142295,22.090265065664063,22.100061416625977,212724,0.0,0.0,0.0
2024-12-26 00:00:00+02:00,22.100061586736125,22.638849683011042,21.845362065154642,22.531091690063477,356715,0.0,0.0,0.0
2024-12-29 00:00:00+02:00,22.531090884738497,22.962120972659612,22.041284561157227,22.041284561157227,316018,0.0,0.0,0.0
2024-12-30 00:00:00+02:00,22.041283941737714,22.276390746234046,21.766991735593926,21.89434242248535,346299,0.0,0.0,0.0
2024-12-31 00:00:00+02:00,21.894343644915956,22.531091509536363,21.825771056667083,22.1882266998291,710119,0.0,0.0,0.0
2025-01-02 00:00:00+02:00,22.18822683333009,23.187432215587375,22.374353765741837,23.060083389282227,586413,0.0,0.0,0.0
2025-01-05 00:00:00+02:00,23.0600835268158,23.559684352461222,22.932732831288206,23.40294647216797,521705,0.0,0.0,0.0
2025-01-06 00:00:00+02:00,23.402945029837976,23.755606172994653,23.03069305419922,23.03069305419922,493483,0.0,0.0,0.0
2025-01-08 00:00:00+02:00,23.03069346204016,23.36376191015012,22.942528174689706,23.18743133544922,334867,0.0,0.0,0.0
2025-01-09 00:00:00+02:00,23.187431563673844,23.491110962835045,22.580070896888596,22.824974060058594,191401,0.0,0.0,0.0
2025-01-12 00:00:00+02:00,22.82497324178726,22.580070087396997,22.041283895123538,22.24700164794922,271277,0.0,0.0,0.0
2025-01-13 00:00:00+02:00,22.247003242543578,22.531091818860983,21.55147913108442,21.561275482177734,290171,0.0,0.0,0.0
2025-01-14 00:00:00+02:00,21.56127466408953,21.933526649196775,20.199613677653034,21.33596420288086,413149,0.0,0.0,0.0
2025-01-15 00:00:00+02:00,21.335964525135992,22.52129495341211,21.159633946409294,22.1098575592041,692358,0.0,0.0,0.0
2025-01-16 00:00:00+02:00,22.109856856100183,23.363761700588597,22.511497886666234,23.197227478027344,787786,0.0,0.0,0.0
2025-01-19 00:00:00+02:00,22.109856980596966,24.245412834244025,22.511498013424585,24.069082260131836,2011900,0.0,0.0,0.0
2025-01-20 00:00:00+02:00,24.304189129274647,24.490316054458123,23.608665050190197,23.628257751464844,669878,0.0,0.0,0.0
2025-01-21 00:00:00+02:00,23.628258351157882,24.588278316427186,23.51070400898927,23.95153045654297,690399,0.0,0.0,0.0
2025-01-22 00:00:00+02:00,23.951530488672386,24.34337518232193,23.510704040527344,23.510704040527344,264791,0.0,0.0,0.0
2025-01-23 00:00:00+02:00,23.510704040527344,24.088675664334005,23.020897706349693,23.510704040527344,335012,0.0,0.0,0.0
2025-01-26 00:00:00+02:00,23.51070444164342,24.088676075310854,23.31478115724456,23.667442321777344,841821,0.0,0.0,0.0
2025-01-27 00:00:00+02:00,23.667441968712147,26.20463893466724,23.814383495587798,25.087881088256836,3974530,0.0,0.0,0.0
2025-01-28 00:00:00+02:00,25.087880511658156,26.69444465637207,25.146656747364975,26.69444465637207,4220445,0.0,0.0,0.0
2025-01-29 00:00:00+02:00,26.694445468447242,26.84138699641584,25.322988093302165,25.342580795288086,1453919,0.0,0.0,0.0
2025-01-30 00:00:00+02:00,25.342580817329974,25.665852926527215,24.89195801357639,25.07808494567871,1457925,0.0,0.0,0.0
2025-02-02 00:00:00+02:00,25.078083722276173,28.898572608719395,26.116472587758874,27.066696166992188,6153791,0.0,0.0,0.0
2025-02-03 00:00:00+02:00,27.0666963041451,27.086289005291537,25.567890167236328,25.567890167236328,1835305,0.0,0.0,0.0
2025-02-04 00:00:00+02:00,25.567890167236328,25.86177321058159,25.274005255428246,25.567890167236328,739284,0.0,0.0,0.0
2025-02-05 00:00:00+02:00,25.567890809078182,25.910755613896615,25.274005889892578,25.274005889892578,638119,0.0,0.0,0.0
2025-02-06 00:00:00+02:00,25.27400567677135,26.253618328870438,25.283802027507882,25.371967315673828,1731990,0.0,0.0,0.0
2025-02-09 00:00:00+02:00,25.371966283759,25.80299635632158,24.980121612548828,24.980121612548828,834742,0.0,0.0,0.0
2025-02-10 00:00:00+02:00,24.98012330412681,25.567891284975314,24.98991965512829,25.07808494567871,585703,0.0,0.0,0.0
2025-02-11 00:00:00+02:00,25.078084676759744,25.371967729801156,23.579276621937606,23.59886932373047,551664,0.0,0.0,0.0
2025-02-12 00:00:00+02:00,23.598869561305218,23.73601473831016,22.56048064584727,23.236412048339844,442356,0.0,0.0,0.0
2025-02-13 00:00:00+02:00,23.23641080355344,23.882954986888052,23.138451035776463,23.20702362060547,485129,0.0,0.0,0.0
2025-02-16 00:00:00+02:00,23.207024611510224,24.17684092792183,23.412742374781075,23.863365173339844,739082,0.0,0.0,0.0
2025-02-17 00:00:00+02:00,23.863365566928636,24.63725861525921,24.00051074470453,24.10826873779297,824764,0.0,0.0,0.0
2025-02-18 00:00:00+02:00,24.10826703822572,24.294392089668005,23.951529169399173,24.09847068786621,245631,0.0,0.0,0.0
2025-02-19 00:00:00+02:00,24.09847068944163,24.294392091256228,23.961323652862347,24.010305404663086,298895,0.0,0.0,0.0
2025-02-20 00:00:00+02:00,24.01030711927298,24.21602488613832,23.755607597109044,23.843772888183594,372644,0.0,0.0,0.0
2025-02-23 00:00:00+02:00,23.84377198512962,25.371967191771777,24.13765503193905,24.500112533569336,623043,0.0,0.0,0.0
2025-02-24 00:00:00+02:00,24.500113429600543,24.74501660038608,24.14745226576124,24.196434020996094,445085,0.0,0.0,0.0
2025-02-25 00:00:00+02:00,24.196433616954533,24.470723967837863,23.961324932678995,24.039695739746094,302256,0.0,0.0,0.0
2025-02-26 00:00:00+02:00,24.039695688666043,24.470723915841955,24.000510285215757,24.21602439880371,252254,0.0,0.0,0.0
2025-02-27 00:00:00+02:00,24.216023364134582,24.441335687421148,24.000509259754818,24.088674545288086,271200,0.0,0.0,0.0
2025-03-02 00:00:00+02:00,24.088674339081482,24.274801258998714,23.912343769524394,24.010305404663086,116876,0.0,0.0,0.0
2025-03-03 00:00:00+02:00,24.01030600604322,24.686239250121055,23.863364483886166,24.50990867614746,506000,0.0,0.0,0.0
2025-03-04 00:00:00+02:00,24.50990801397343,25.009510670580113,24.343373795104537,24.539295196533203,448839,0.0,0.0,0.0
2025-03-05 00:00:00+02:00,24.53929566052125,24.676442699423543,24.127858280739996,24.25520896911621,139930,0.0,0.0,0.0
2025-03-06 00:00:00+02:00,24.255209604486488,24.686239696610823,24.039695492655753,24.049489974975586,96808,0.0,0.0,0.0
2025-03-09 00:00:00+02:00,24.049489357344733,24.441335904737873,23.90254783630371,23.90254783630371,242848,0.0,0.0,0.0
2025-03-10 00:00:00+02:00,23.9025474239217,24.17683962867207,23.69682967170601,23.74580955505371,150947,0.0,0.0,0.0
2025-03-11 00:00:00+02:00,23.745809970964824,24.196432753200096,23.51070316354491,23.72621726989746,371756,0.0,0.0,0.0
2025-03-12 00:00:00+02:00,23.72621813568094,24.06908294301987,23.70662730236151,23.77519989013672,129915,0.0,0.0,0.0
2025-03-13 00:00:00+02:00,23.77519901943384,23.990713125757996,23.549888562577287,23.814382553100586,191970,0.0,0.0,0.0
2025-03-16 00:00:00+02:00,23.81438264588718,26.06749282861977,24.02989862151385,25.744220733642578,1678721,0.0,0.0,0.0
2025-03-17 00:00:00+02:00,25.74422052849474,26.831589274682475,25.6168698405551,25.665851593017578,921862,0.0,0.0,0.0
2025-03-18 00:00:00+02:00,25.66585270655869,25.959735760232775,24.69603451881586,25.17604637145996,351077,0.0,0.0,0.0
2025-03-19 00:00:00+02:00,25.176046609594472,25.44054061301778,24.656851216832226,24.813589096069336,156044,0.0,0.0,0.0
2025-03-20 00:00:00+02:00,24.81358739372666,24.980121612548828,24.010305350630112,24.980121612548828,252569,0.0,0.0,0.0
2025-03-23 00:00:00+02:00,24.980122590494624,26.64546484391274,25.518908800943684,26.077289581298828,734928,0.0,0.0,0.0
2025-03-24 00:00:00+02:00,26.07728940279804,26.25361810919164,25.293598166598645,25.469928741455078,196975,0.0,0.0,0.0
2025-03-25 00:00:00+02:00,25.469927914509334,25.754016468879456,25.078083243363285,25.244617462158203,124429,0.0,0.0,0.0
2025-03-26 00:00:00+02:00,25.244618298774732,25.244618298774732,24.480519763370328,25.117267608642578,261151,0.0,0.0,0.0
2025-03-27 00:00:00+02:00,25.11726758758999,25.95973505911465,25.18584017369775,25.558094024658203,373686,0.0,0.0,0.0
2025-04-03 00:00:00+02:00,25.558094227899304,25.86177362670406,25.20543307544033,25.636463165283203,154653,0.0,0.0,0.0
2025-04-06 00:00:00+02:00,25.63646262298529,25.30339417903353,23.70662641294004,24.43153953552246,329269,0.0,0.0,0.0
2025-04-07 00:00:00+02:00,24.431540756324093,24.784200050482053,23.76540383513486,24.72542381286621,140333,0.0,0.0,0.0
2025-04-08 00:00:00+02:00,24.7254221160838,24.960528918875866,24.000509007025894,24.539295196533203,706121,0.0,0.0,0.0
2025-04-09 00:00:00+02:00,24.539296555558693,24.921346766159285,23.85356880988749,24.039695739746094,457792,0.0,0.0,0.0
2025-04-10 00:00:00+02:00,24.03969548198183,25.166249663011655,24.118064419745743,24.225820541381836,318204,0.0,0.0,0.0
2025-04-13 00:00:00+02:00,24.22582052553742,24.76460860721694,24.245413227081297,24.49031639099121,122925,0.0,0.0,0.0
2025-04-14 00:00:00+02:00,24.490316481817338,26.302600275164394,24.353171307427278,25.714832305908203,1348850,0.0,0.0,0.0
2025-04-15 00:00:00+02:00,25.714831432817256,26.35157926603255,25.714831432817256,25.842180252075195,591620,0.0,0.0,0.0
2025-04-16 00:00:00+02:00,25.8421800893042,26.253617464376287,25.37196648021119,25.587482452392578,160195,0.0,0.0,0.0
2025-04-17 00:00:00+02:00,25.587483652603325,26.44954197637637,25.28380238091462,26.234027862548828,534515,0.0,0.0,0.0
2025-04-22 00:00:00+02:00,26.234028287078445,26.694445574804575,26.057697705428424,26.126270294189453,130367,0.0,0.0,0.0
2025-04-23 00:00:00+02:00,26.126268594657425,26.420151632648228,26.038103309567628,26.116472244262695,120200,0.0,0.0,0.0
2025-04-27 00:00:00+03:00,26.11647291566026,26.24382360560289,25.78340446752807,25.910755157470703,62692,0.0,0.0,0.0
2025-04-28 00:00:00+03:00,25.91075489113535,26.508317326731397,25.665851732876845,26.449541091918945,317922,0.0,0.0,0.0
2025-04-29 00:00:00+03:00,26.449541907104905,26.900162835326736,26.302600381313564,26.67485237121582,582788,0.0,0.0,0.0
2025-04-30 00:00:00+03:00,26.67485207433916,28.065902115377114,26.64546489058568,27.566299438476562,1272913,0.0,0.0,0.0
2025-05-04 00:00:00+03:00,27.5662992872529,28.06590196141272,27.184250952850675,27.22343635559082,518520,0.0,0.0,0.0
2025-05-05 00:00:00+03:00,27.223436364648215,27.752426222576304,27.037309438496273,27.04710578918457,598800,0.0,0.0,0.0
2025-05-06 00:00:00+03:00,27.047106608413873,27.331193313127788,27.047106608413873,27.18425178527832,159714,0.0,0.0,0.0
2025-05-07 00:00:00+03:00,27.18425095735816,27.8699805577217,27.04710578467059,27.135271072387695,567951,0.0,0.0,0.0
2025-05-08 00:00:00+03:00,27.135270933667115,28.457746505737305,27.047105646400723,28.457746505737305,1232244,0.0,0.0,0.0
2025-05-11 00:00:00+03:00,28.457745934804095,28.849592478554563,27.918959739841398,27.958145141601562,509430,0.0,0.0,0.0
2025-05-12 00:00:00+03:00,27.958145757362118,28.31080503865672,27.7426297798602,28.105087280273438,611725,0.0,0.0,0.0
2025-05-13 00:00:00+03:00,28.105087186211342,29.339399337768555,28.016921899067054,29.339399337768555,1386508,0.0,0.0,0.0
2025-05-14 00:00:00+03:00,29.339399559711868,30.36799209289244,29.025921942792575,29.065107345581055,884781,0.0,0.0,0.0
2025-05-15 00:00:00+03:00,29.065107957627564,29.623486879881685,28.967146317056358,29.21204948425293,417221,0.0,0.0,0.0
2025-05-18 00:00:00+03:00,29.21204866805179,29.21204866805179,28.506728238879354,28.89857292175293,1004590,0.0,0.0,0.0
2025-05-19 00:00:00+03:00,28.898572531202525,29.09449580422292,27.97773613754716,28.124677658081055,584082,0.0,0.0,0.0
2025-05-20 00:00:00+03:00,28.124678227303345,29.192456163103618,27.918960468084887,29.15327262878418,718096,0.0,0.0,0.0
2025-05-21 00:00:00+03:00,29.153274188815118,33.28723911195509,29.09449794995934,32.93457794189453,12980656,0.0,0.0,0.0
2025-05-22 00:00:00+03:00,32.93457446454991,36.18688798761109,32.425175465682734,35.38360595703125,3156248,0.0,0.0,0.0
2025-05-25 00:00:00+03:00,35.383606875415545,36.24566702948295,33.84561535717261,34.991764068603516,931746,0.0,0.0,0.0
2025-05-26 00:00:00+03:00,34.99176592151211,37.02935834083723,34.30603630212284,36.83343505859375,1371942,0.0,0.0,0.0
2025-05-27 00:00:00+03:00,36.833433386237836,38.008969289399815,36.45138505851846,37.176300048828125,396018,0.0,0.0,0.0
2025-05-28 00:00:00+03:00,37.17630087652268,37.95999025043688,36.72567995363773,37.22528076171875,359833,0.0,0.0,0.0
2025-05-29 00:00:00+03:00,37.22527981743934,39.06695260211499,36.73547350405199,38.41061019897461,1096665,0.0,0.0,0.0
2025-06-01 00:00:00+03:00,38.41061234137888,42.11355081823317,38.69470091585112,41.55516815185547,1010351,0.0,0.0,0.0
2025-06-02 00:00:00+03:00,41.5551671220887,43.83766640694564,41.780481321725176,43.53398513793945,625330,0.0,0.0,0.0
2025-06-03 00:00:00+03:00,43.533983765311085,46.91364807326292,43.543781984251936,45.17973327636719,843339,0.0,0.0,0.0
2025-06-04 00:00:00+03:00,45.17973384511287,45.05238689268354,43.11275057979445,43.3968391418457,227798,0.0,0.0,0.0
2025-06-10 00:00:00+03:00,43.39684015719195,43.98460999624912,41.467005755140804,41.77068328857422,209023,0.0,0.0,0.0
2025-06-11 00:00:00+03:00,41.77068164434916,42.54457651333567,40.16411754063198,41.14373016357422,476547,0.0,0.0,0.0
2025-06-12 00:00:00+03:00,41.14372974803843,42.78947923691401,40.40902028825203,41.16332244873047,617399,0.0,0.0,0.0
2025-06-15 00:00:00+03:00,41.163323869453905,40.653924844656046,38.27346581383418,39.25307846069336,216394,0.0,0.0,0.0
2025-06-16 00:00:00+03:00,39.25307748912419,43.083362694061584,40.164117527107756,41.67272186279297,484161,0.0,0.0,0.0
2025-06-17 00:00:00+03:00,41.67272287352276,45.51280265357627,41.888235114615114,44.78789138793945,863509,0.0,0.0,0.0
2025-06-18 00:00:00+03:00,44.78789201254971,47.95204045602696,44.62135591714262,46.77650451660156,916041,0.0,0.0,0.0
2025-06-19 00:00:00+03:00,46.77650233292598,50.45004963655891,46.77650233292598,48.4614372253418,1021924,0.0,0.0,0.0
2025-06-22 00:00:00+03:00,48.461438078952085,49.07859134624669,46.09077356738228,47.80509567260742,486439,0.0,0.0,0.0
2025-06-23 00:00:00+03:00,47.80509607709905,49.65656336849986,47.148757402126556,48.04999923706055,325002,0.0,0.0,0.0
2025-06-24 00:00:00+03:00,49.04999923706055,51.5,47.5,51.38999938964844,788769,1.0,0.0,0.0
2025-06-25 00:00:00+03:00,51.38999938964844,59.4900016784668,51.0,57.68000030517578,905559,0.0,0.0,0.0
2025-06-29 00:00:00+03:00,57.68000030517578,59.0,55.0099983215332,55.130001068115234,733064,0.0,0.0,0.0
2025-06-30 00:00:00+03:00,55.130001068115234,56.0,52.65999984741211,52.72999954223633,341347,0.0,0.0,0.0
2025-07-01 00:00:00+03:00,52.72999954223633,56.47999954223633,52.7400016784668,53.70000076293945,301590,0.0,0.0,0.0
2025-07-02 00:00:00+03:00,53.70000076293945,57.0,53.5,54.400001525878906,355100,0.0,0.0,0.0
2025-07-06 00:00:00+03:00,54.400001525878906,57.4900016784668,54.900001525878906,55.0,444373,0.0,0.0,0.0
2025-07-07 00:00:00+03:00,55.0,55.400001525878906,53.209999084472656,53.310001373291016,242818,0.0,0.0,0.0
2025-07-09 00:00:00+03:00,53.310001373291016,54.400001525878906,52.70000076293945,52.7599983215332,69334,0.0,0.0,0.0
2025-07-10 00:00:00+03:00,52.7599983215332,53.95000076293945,51.04999923706055,51.099998474121094,133730,0.0,0.0,0.0
2025-07-13 00:00:00+03:00,51.099998474121094,53.599998474121094,51.2599983215332,52.2599983215332,160777,0.0,0.0,0.0
2025-07-14 00:00:00+03:00,52.2599983215332,54.38999938964844,52.75,53.060001373291016,209682,0.0,0.0,0.0
2025-07-15 00:00:00+03:00,53.060001373291016,54.0,52.560001373291016,53.0,84723,0.0,0.0,0.0
2025-07-16 00:00:00+03:00,53.0,53.5,52.099998474121094,52.29999923706055,140185,0.0,0.0,0.0
2025-07-17 00:00:00+03:00,52.29999923706055,54.27000045776367,52.0,53.79999923706055,216514,0.0,0.0,0.0
2025-07-20 00:00:00+03:00,53.79999923706055,64.0,56.0,61.0,913918,0.0,0.0,0.0
2025-07-21 00:00:00+03:00,61.0,63.849998474121094,58.29999923706055,58.29999923706055,423752,0.0,0.0,0.0
2025-07-22 00:00:00+03:00,58.29999923706055,62.0,58.29999923706055,60.0,635860,0.0,0.0,0.0
2025-07-23 00:00:00+03:00,60.0,60.0,60.0,60.0,0,0.0,0.0,0.0
2025-07-27 00:00:00+03:00,59.0,60.79999923706055,59.130001068115234,60.09000015258789,502995,0.0,0.0,0.0
2025-07-28 00:00:00+03:00,60.09000015258789,61.0,59.689998626708984,61.0,304781,0.0,0.0,0.0
2025-07-29 00:00:00+03:00,61.0,65.0,61.0,63.130001068115234,488848,0.0,0.0,0.0
2025-07-30 00:00:00+03:00,63.130001068115234,75.75,63.2599983215332,75.69999694824219,1154159,0.0,0.0,0.0
2025-07-31 00:00:00+03:00,75.69999694824219,88.98999786376953,75.0,79.0,1050894,0.0,0.0,0.0
2025-08-03 00:00:00+03:00,79.0,79.0,79.0,79.0,0,0.0,0.0,0.0
2025-08-04 00:00:00+03:00,79.0,79.0,79.0,79.0,0,0.0,0.0,0.0
2025-08-05 00:00:00+03:00,79.0,79.0,79.0,79.0,0,0.0,0.0,0.0
2025-08-06 00:00:00+03:00,79.0,79.0,79.0,79.0,0,0.0,0.0,0.0
2025-08-07 00:00:00+03:00,79.0,79.0,79.0,79.0,0,0.0,0.0,0.0
2025-08-10 00:00:00+03:00,74.79000091552734,79.6500015258789,75.3499984741211,78.0,644951,0.0,0.0,0.0
2025-08-11 00:00:00+03:00,78.0,79.69000244140625,76.0999984741211,76.0999984741211,373695,0.0,0.0,0.0
2025-08-12 00:00:00+03:00,76.0999984741211,78.4000015258789,75.5999984741211,76.05000305175781,407504,0.0,0.0,0.0
2025-08-13 00:00:00+03:00,76.05000305175781,81.4000015258789,76.25,79.0999984741211,633259,0.0,0.0,0.0
2025-08-14 00:00:00+03:00,79.0999984741211,81.98999786376953,77.5,79.01000213623047,456925,0.0,0.0,0.0
2025-08-17 00:00:00+03:00,79.01000213623047,81.47000122070312,77.55000305175781,77.55000305175781,242450,0.0,0.0,0.0
2025-08-18 00:00:00+03:00,77.55000305175781,87.9000015258789,77.6500015258789,86.5199966430664,1130791,0.0,0.0,0.0
2025-08-19 00:00:00+03:00,86.5199966430664,88.9000015258789,83.69999694824219,84.5,750751,0.0,0.0,0.0
2025-08-20 00:00:00+03:00,84.5,88.9000015258789,83.2699966430664,86.5,662798,0.0,0.0,0.0
2025-08-21 00:00:00+03:00,86.5,87.30000305175781,83.01000213623047,83.5,387067,0.0,0.0,0.0
2025-08-24 00:00:00+03:00,83.5,92.9800033569336,83.80999755859375,91.0,531970,0.0,0.0,0.0
2025-08-25 00:00:00+03:00,91.0,93.44999694824219,88.05000305175781,89.75,231593,0.0,0.0,0.0
2025-08-26 00:00:00+03:00,89.75,89.72000122070312,82.16999816894531,84.19999694824219,264673,0.0,0.0,0.0
2025-08-27 00:00:00+03:00,84.19999694824219,86.80000305175781,82.25,83.7300033569336,275646,0.0,0.0,0.0
2025-08-28 00:00:00+03:00,83.7300033569336,84.98999786376953,80.5,81.4000015258789,154497,0.0,0.0,0.0
2025-08-31 00:00:00+03:00,81.4000015258789,82.69999694824219,76.31999969482422,77.0,317666,0.0,0.0,0.0
2025-09-01 00:00:00+03:00,77.0,79.94999694824219,77.01000213623047,77.16000366210938,202258,0.0,0.0,0.0
2025-09-02 00:00:00+03:00,77.16000366210938,80.01000213623047,77.51000213623047,77.61000061035156,171228,0.0,0.0,0.0
2025-09-03 00:00:00+03:00,77.61000061035156,79.36000061035156,74.19999694824219,75.0,168735,0.0,0.0,0.0
2025-09-07 00:00:00+03:00,75.0,76.69999694824219,73.48999786376953,73.48999786376953,102831,0.0,0.0,0.0
2025-09-08 00:00:00+03:00,73.48999786376953,74.44999694824219,70.69999694824219,70.72000122070312,198587,0.0,0.0,0.0
2025-09-09 00:00:00+03:00,70.72000122070312,76.9800033569336,70.7300033569336,74.94000244140625,533138,0.0,0.0,0.0
2025-09-10 00:00:00+03:00,74.94000244140625,76.76000213623047,74.94000244140625,74.94999694824219,59083,0.0,0.0,0.0
2025-09-11 00:00:00+03:00,74.94999694824219,77.9000015258789,75.0,75.06999969482422,141806,0.0,0.0,0.0
2025-09-14 00:00:00+03:00,75.06999969482422,76.9000015258789,75.0,75.08000183105469,89924,0.0,0.0,0.0
2025-09-15 00:00:00+03:00,75.08000183105469,77.87999725341797,75.08000183105469,75.41000366210938,176277,0.0,0.0,0.0
2025-09-16 00:00:00+03:00,75.41000366210938,76.69000244140625,72.0,72.51000213623047,131578,0.0,0.0,0.0
2025-09-17 00:00:00+03:00,72.51000213623047,73.9000015258789,72.0,72.66000366210938,48311,0.0,0.0,0.0
2025-09-18 00:00:00+03:00,72.66000366210938,73.62999725341797,71.9000015258789,71.95999908447266,71550,0.0,0.0,0.0
2025-09-21 00:00:00+03:00,71.95999908447266,72.88999938964844,69.0,72.16999816894531,94845,0.0,0.0,0.0
2025-09-22 00:00:00+03:00,72.16999816894531,73.48999786376953,70.01000213623047,71.76000213623047,53696,0.0,0.0,0.0
2025-09-23 00:00:00+03:00,71.76000213623047,73.0,70.0,70.0,50630,0.0,0.0,0.0
2025-09-24 00:00:00+03:00,70.0,71.4000015258789,70.0,70.31999969482422,37290,0.0,0.0,0.0
2025-09-25 00:00:00+03:00,70.31999969482422,71.98999786376953,70.52999877929688,70.7300033569336,43062,0.0,0.0,0.0
2025-09-28 00:00:00+03:00,70.7300033569336,72.0,70.75,71.0,23077,0.0,0.0,0.0
2025-09-29 00:00:00+03:00,71.0,74.0,70.6500015258789,72.69999694824219,98085,0.0,0.0,0.0
2025-09-30 00:00:00+03:00,72.69999694824219,74.4000015258789,72.69999694824219,72.69999694824219,81601,0.0,0.0,0.0
2025-10-01 00:00:00+03:00,72.69999694824219,73.91999816894531,71.5199966430664,71.58999633789062,70082,0.0,0.0,0.0
2025-10-02 00:00:00+03:00,71.58999633789062,73.0999984741211,71.61000061035156,71.81999969482422,24069,0.0,0.0,0.0
2025-10-05 00:00:00+03:00,71.81999969482422,78.5,72.01000213623047,74.5,291695,0.0,0.0,0.0
2025-10-06 00:00:00+03:00,74.5,76.0,73.80999755859375,73.80999755859375,104383,0.0,0.0,0.0
2025-10-07 00:00:00+03:00,73.80999755859375,74.29000091552734,73.01000213623047,73.5199966430664,56878,0.0,0.0,0.0
2025-10-08 00:00:00+03:00,73.5199966430664,76.0,73.05999755859375,74.72000122070312,139767,0.0,0.0,0.0
2025-10-12 00:00:00+03:00,74.72000122070312,88.5,75.55999755859375,87.9800033569336,1155705,0.0,0.0,0.0
2025-10-13 00:00:00+03:00,87.9800033569336,88.0,81.83000183105469,82.05000305175781,496790,0.0,0.0,0.0
2025-10-14 00:00:00+03:00,82.05000305175781,86.66000366210938,81.51000213623047,81.81999969482422,305273,0.0,0.0,0.0
2025-10-15 00:00:00+03:00,81.81999969482422,84.5,81.5999984741211,84.0,379846,0.0,0.0,0.0
2025-10-16 00:00:00+03:00,84.0,85.4000015258789,82.0,82.5,218764,0.0,0.0,0.0
2025-10-19 00:00:00+03:00,82.5,84.30000305175781,81.80000305175781,81.80999755859375,194797,0.0,0.0,0.0
2025-10-20 00:00:00+03:00,81.80999755859375,85.0,81.80999755859375,84.0999984741211,360231,0.0,0.0,0.0
2025-10-21 00:00:00+03:00,84.0999984741211,85.0,83.80000305175781,84.08000183105469,287266,0.0,0.0,0.0
2025-10-22 00:00:00+03:00,84.08000183105469,87.75,84.0,86.0,496177,0.0,0.0,0.0
2025-10-23 00:00:00+03:00,86.0,94.3499984741211,86.3499984741211,92.58000183105469,998918,0.0,0.0,0.0
2025-10-26 00:00:00+03:00,92.58000183105469,97.0,91.0,94.5,637769,0.0,0.0,0.0
2025-10-27 00:00:00+03:00,94.5,96.87000274658203,92.01000213623047,92.5199966430664,242387,0.0,0.0,0.0
2025-10-28 00:00:00+03:00,92.5199966430664,93.55000305175781,91.51000213623047,93.16000366210938,170156,0.0,0.0,0.0
2025-10-29 00:00:00+03:00,93.16000366210938,96.0,93.05000305175781,93.56999969482422,195033,0.0,0.0,0.0
2025-10-30 00:00:00+03:00,93.56999969482422,94.0,92.01000213623047,93.51000213623047,82303,0.0,0.0,0.0
2025-11-02 00:00:00+02:00,93.51000213623047,94.44999694824219,91.0,91.04000091552734,141220,0.0,0.0,0.0
2025-11-03 00:00:00+02:00,91.04000091552734,93.5,91.0,93.5,137699,0.0,0.0,0.0
2025-11-04 00:00:00+02:00,93.5,96.79000091552734,93.62000274658203,95.5999984741211,180298,0.0,0.0,0.0
2025-11-05 00:00:00+02:00,95.5999984741211,99.25,95.01000213623047,96.55000305175781,294662,0.0,0.0,0.0
2025-11-06 00:00:00+02:00,96.55000305175781,98.9000015258789,92.9000015258789,94.12999725341797,146659,0.0,0.0,0.0
2025-11-09 00:00:00+02:00,94.12999725341797,98.4000015258789,93.11000061035156,96.0999984741211,259303,0.0,0.0,0.0
2025-11-10 00:00:00+02:00,96.0999984741211,97.68000030517578,95.5999984741211,96.0,191720,0.0,0.0,0.0
2025-11-11 00:00:00+02:00,96.0,101.79000091552734,95.5,101.58999633789062,381751,0.0,0.0,0.0
2025-11-12 00:00:00+02:00,101.58999633789062,121.75,101.0,119.30000305175781,2239514,0.0,0.0,0.0
2025-11-13 00:00:00+02:00,119.30000305175781,139.8000030517578,122.11000061035156,132.5,1778844,0.0,0.0,0.0
2025-11-16 00:00:00+02:00,132.5,137.8000030517578,125.0999984741211,129.36000061035156,302378,0.0,0.0,0.0
2025-11-17 00:00:00+02:00,129.36000061035156,138.0,130.02000427246094,133.00999450683594,492821,0.0,0.0,0.0
2025-11-18 00:00:00+02:00,133.00999450683594,134.8800048828125,126.5999984741211,128.0,274295,0.0,0.0,0.0
2025-11-19 00:00:00+02:00,128.0,136.99000549316406,126.80000305175781,135.75999450683594,334975,0.0,0.0,0.0
2025-11-20 00:00:00+02:00,135.75999450683594,149.0,136.30999755859375,145.00999450683594,508594,0.0,0.0,0.0
2025-11-23 00:00:00+02:00,145.00999450683594,154.99000549316406,144.22000122070312,148.27000427246094,314002,0.0,0.0,0.0
2025-11-24 00:00:00+02:00,148.27000427246094,150.0,145.1199951171875,148.0,118490,0.0,0.0,0.0
2025-11-25 00:00:00+02:00,148.0,154.0,146.3000030517578,146.36000061035156,105375,0.0,0.0,0.0
2025-11-26 00:00:00+02:00,146.36000061035156,147.8800048828125,133.35000610351562,135.25999450683594,139418,0.0,0.0,0.0
2025-11-27 00:00:00+02:00,135.25999450683594,146.0,135.3000030517578,140.58999633789062,235634,0.0,0.0,0.0
2025-11-30 00:00:00+02:00,140.58999633789062,142.97999572753906,136.0,137.8000030517578,106362,0.0,0.0,0.0
2025-12-01 00:00:00+02:00,137.8000030517578,139.4499969482422,136.1300048828125,136.2100067138672,76306,0.0,0.0,0.0
2025-12-02 00:00:00+02:00,136.2100067138672,138.5,129.0,131.00999450683594,166033,0.0,0.0,0.0
2025-12-03 00:00:00+02:00,131.00999450683594,142.49000549316406,131.1999969482422,137.14999389648438,303940,0.0,0.0,0.0
2025-12-04 00:00:00+02:00,137.14999389648438,140.0,136.25,136.9499969482422,54527,0.0,0.0,0.0
2025-12-07 00:00:00+02:00,136.9499969482422,137.47999572753906,132.0399932861328,132.24000549316406,66637,0.0,0.0,0.0
2025-12-08 00:00:00+02:00,132.24000549316406,136.89999389648438,132.52000427246094,132.5399932861328,67843,0.0,0.0,0.0
2025-12-09 00:00:00+02:00,132.5399932861328,135.89999389648438,132.5500030517578,134.5,78818,0.0,0.0,0.0
2025-12-10 00:00:00+02:00,134.5,136.89999389648438,131.00999450683594,132.32000732421875,134066,0.0,0.0,0.0
2025-12-11 00:00:00+02:00,132.32000732421875,135.97999572753906,131.50999450683594,131.67999267578125,79195,0.0,0.0,0.0
2025-12-14 00:00:00+02:00,131.67999267578125,134.0,130.02000427246094,130.7899932861328,47266,0.0,0.0,0.0
2025-12-15 00:00:00+02:00,130.7899932861328,132.0,126.75,126.9000015258789,118689,0.0,0.0,0.0
2025-12-16 00:00:00+02:00,126.9000015258789,131.0,125.0999984741211,125.26000213623047,136283,0.0,0.0,0.0
2025-12-17 00:00:00+02:00,125.26000213623047,136.89999389648438,125.5,133.0,275276,0.0,0.0,0.0
2025-12-18 00:00:00+02:00,133.0,135.63999938964844,129.52000427246094,129.80999755859375,123193,0.0,0.0,0.0
2025-12-21 00:00:00+02:00,129.80999755859375,134.0,129.3000030517578,129.30999755859375,75981,0.0,0.0,0.0
2025-12-22 00:00:00+02:00,129.30999755859375,138.0,129.3000030517578,135.25999450683594,217789,0.0,0.0,0.0
2025-12-23 00:00:00+02:00,135.25999450683594,143.35000610351562,135.22000122070312,141.77000427246094,262856,0.0,0.0,0.0
2025-12-24 00:00:00+02:00,141.77000427246094,146.8000030517578,141.8300018310547,143.85000610351562,154925,0.0,0.0,0.0
2025-12-25 00:00:00+02:00,143.85000610351562,145.0,141.02000427246094,143.0,117803,0.0,0.0,0.0
2025-12-28 00:00:00+02:00,143.0,156.05999755859375,143.5,156.05999755859375,538048,0.0,0.0,0.0
2025-12-29 00:00:00+02:00,156.05999755859375,167.0,157.00999450683594,161.32000732421875,326661,0.0,0.0,0.0
2025-12-30 00:00:00+02:00,161.32000732421875,163.60000610351562,158.10000610351562,158.3000030517578,136602,0.0,0.0,0.0
2025-12-31 00:00:00+02:00,158.3000030517578,170.97999572753906,159.00999450683594,170.97999572753906,297464,0.0,0.0,0.0
2026-01-04 00:00:00+02:00,170.97999572753906,182.8000030517578,171.5,181.97999572753906,293268,0.0,0.0,0.0
2026-01-05 00:00:00+02:00,181.97999572753906,185.6999969482422,170.0,179.11000061035156,282658,0.0,0.0,0.0
2026-01-06 00:00:00+02:00,179.11000061035156,184.89999389648438,175.77000427246094,177.0,178818,0.0,0.0,0.0
2026-01-08 00:00:00+02:00,177.0,180.0,173.02000427246094,173.02000427246094,104626,0.0,0.0,0.0
2026-01-11 00:00:00+02:00,173.02000427246094,179.8000030517578,174.0,175.24000549316406,89778,0.0,0.0,0.0
2026-01-12 00:00:00+02:00,175.24000549316406,179.39999389648438,171.61000061035156,175.0,69252,0.0,0.0,0.0
2026-01-13 00:00:00+02:00,175.0,177.60000610351562,170.0,171.89999389648438,64044,0.0,0.0,0.0
2026-01-14 00:00:00+02:00,171.89999389648438,174.0,162.02999877929688,165.0,85934,0.0,0.0,0.0
2026-01-15 00:00:00+02:00,165.0,168.49000549316406,163.02000427246094,164.61000061035156,77861,0.0,0.0,0.0
2026-01-18 00:00:00+02:00,164.61000061035156,174.0,166.00999450683594,174.0,100787,0.0,0.0,0.0
2026-01-19 00:00:00+02:00,174.0,181.83999633789062,173.2100067138672,174.0,209586,0.0,0.0,0.0
2026-01-20 00:00:00+02:00,174.0,176.88999938964844,171.1999969482422,172.9600067138672,110807,0.0,0.0,0.0
2026-01-21 00:00:00+02:00,172.9600067138672,177.5,171.10000610351562,173.52999877929688,192593,0.0,0.0,0.0
2026-01-22 00:00:00+02:00,173.52999877929688,176.0,171.50999450683594,172.0,90251,0.0,0.0,0.0
2026-01-25 00:00:00+02:00,172.0,175.0,168.22000122070312,168.22000122070312,95654,0.0,0.0,0.0
2026-01-26 00:00:00+02:00,168.22000122070312,172.60000610351562,167.0,169.0,50423,0.0,0.0,0.0
2026-01-27 00:00:00+02:00,169.0,174.5,167.00999450683594,171.0,103815,0.0,0.0,0.0
2026-01-28 00:00:00+02:00,171.0,173.1999969482422,167.35000610351562,167.35000610351562,68539,0.0,0.0,0.0
2026-02-01 00:00:00+02:00,167.35000610351562,170.97999572753906,165.8000030517578,166.0,127297,0.0,0.0,0.0
2026-02-02 00:00:00+02:00,166.0,167.94000244140625,166.0,166.1999969482422,47246,0.0,0.0,0.0
2026-02-03 00:00:00+02:00,166.1999969482422,169.0,166.50999450683594,168.92999267578125,43547,0.0,0.0,0.0
2026-02-04 00:00:00+02:00,168.92999267578125,171.99000549316406,168.0399932861328,168.0399932861328,81008,0.0,0.0,0.0
